minute_start,active_power_w,active_power_kw,phase_a_power_w,phase_b_power_w,phase_c_power_w,sample_count,expected_samples,coverage_ratio,is_complete,first_sample_time,last_sample_time,source_archive_count,source_archives
2025-11-26 19:46:00,3434.770697,3.434770697,1434.753830,931.146825,1068.870042,729703,768000,0.950134115,0,2025-11-26 19:46:00.000000,2025-11-26 19:46:59.999922,2,BAYxx_xxxx_20251126_193617_000.7z;BAYxx_xxxx_20251126_194620_000.7z
2025-11-26 19:47:00,3295.844286,3.295844286,1378.107411,891.909200,1025.827675,768000,768000,1.000000000,1,2025-11-26 19:47:00.000000,2025-11-26 19:47:59.999922,1,BAYxx_xxxx_20251126_194620_000.7z
2025-11-26 19:48:00,3297.198934,3.297198934,1382.445693,888.086110,1026.667132,768000,768000,1.000000000,1,2025-11-26 19:48:00.000000,2025-11-26 19:48:59.999922,1,BAYxx_xxxx_20251126_194620_000.7z
2025-11-26 19:49:00,3304.474397,3.304474397,1375.494467,903.494619,1025.485311,768000,768000,1.000000000,1,2025-11-26 19:49:00.000000,2025-11-26 19:49:59.999922,1,BAYxx_xxxx_20251126_194620_000.7z
2025-11-26 19:50:00,3299.797506,3.299797506,1380.331632,895.363352,1024.102522,768000,768000,1.000000000,1,2025-11-26 19:50:00.000000,2025-11-26 19:50:59.999922,1,BAYxx_xxxx_20251126_194620_000.7z
2025-11-26 19:51:00,3308.029012,3.308029012,1383.412405,896.887329,1027.729278,768000,768000,1.000000000,1,2025-11-26 19:51:00.000000,2025-11-26 19:51:59.999922,1,BAYxx_xxxx_20251126_194620_000.7z
2025-11-26 19:52:00,3314.562288,3.314562288,1394.285747,891.131670,1029.144871,768000,768000,1.000000000,1,2025-11-26 19:52:00.000000,2025-11-26 19:52:59.999922,1,BAYxx_xxxx_20251126_194620_000.7z
2025-11-26 19:53:00,3405.353914,3.405353914,1396.478177,897.354833,1111.520903,768000,768000,1.000000000,1,2025-11-26 19:53:00.000000,2025-11-26 19:53:59.999922,1,BAYxx_xxxx_20251126_194620_000.7z
2025-11-26 19:54:00,3414.159942,3.414159942,1384.303260,898.390169,1131.466513,768000,768000,1.000000000,1,2025-11-26 19:54:00.000000,2025-11-26 19:54:59.999922,1,BAYxx_xxxx_20251126_194620_000.7z
2025-11-26 19:55:00,3428.086058,3.428086058,1395.736125,897.127996,1135.221937,768000,768000,1.000000000,1,2025-11-26 19:55:00.000000,2025-11-26 19:55:59.999922,1,BAYxx_xxxx_20251126_194620_000.7z
2025-11-26 19:56:00,3431.298912,3.431298912,1396.520050,904.039195,1130.739666,716917,768000,0.933485677,0,2025-11-26 19:56:00.000000,2025-11-26 19:56:59.999922,2,BAYxx_xxxx_20251126_194620_000.7z;BAYxx_xxxx_20251126_195624_000.7z
2025-11-26 19:57:00,3435.612234,3.435612234,1401.714921,904.989740,1128.907573,768000,768000,1.000000000,1,2025-11-26 19:57:00.000000,2025-11-26 19:57:59.999922,1,BAYxx_xxxx_20251126_195624_000.7z
2025-11-26 19:58:00,3436.652314,3.436652314,1411.111953,889.007489,1136.532872,768000,768000,1.000000000,1,2025-11-26 19:58:00.000000,2025-11-26 19:58:59.999922,1,BAYxx_xxxx_20251126_195624_000.7z
2025-11-26 19:59:00,3441.133153,3.441133153,1413.530511,891.765149,1135.837493,768000,768000,1.000000000,1,2025-11-26 19:59:00.000000,2025-11-26 19:59:59.999922,1,BAYxx_xxxx_20251126_195624_000.7z
2025-11-26 20:00:00,4434.024042,4.434024042,1743.514362,1227.811810,1462.697871,768000,768000,1.000000000,1,2025-11-26 20:00:00.000000,2025-11-26 20:00:59.999922,1,BAYxx_xxxx_20251126_195624_000.7z
2025-11-26 20:01:00,12541.422289,12.541422289,4295.314736,3968.919773,4277.187779,768000,768000,1.000000000,1,2025-11-26 20:01:00.000000,2025-11-26 20:01:59.999922,1,BAYxx_xxxx_20251126_195624_000.7z
2025-11-26 20:02:00,25585.997129,25.585997129,8431.129193,8363.406261,8791.461675,768000,768000,1.000000000,1,2025-11-26 20:02:00.000000,2025-11-26 20:02:59.999922,1,BAYxx_xxxx_20251126_195624_000.7z
2025-11-26 20:03:00,26445.770856,26.445770856,8625.023517,8686.374986,9134.372352,768000,768000,1.000000000,1,2025-11-26 20:03:00.000000,2025-11-26 20:03:59.999922,1,BAYxx_xxxx_20251126_195624_000.7z
2025-11-26 20:04:00,27394.665260,27.394665260,8962.359242,9011.527514,9420.778504,768000,768000,1.000000000,1,2025-11-26 20:04:00.000000,2025-11-26 20:04:59.999922,1,BAYxx_xxxx_20251126_195624_000.7z
2025-11-26 20:05:00,28389.817825,28.389817825,9237.802063,9347.507801,9804.507961,768000,768000,1.000000000,1,2025-11-26 20:05:00.000000,2025-11-26 20:05:59.999922,1,BAYxx_xxxx_20251126_195624_000.7z
2025-11-26 20:06:00,29177.945141,29.177945141,9535.865161,9548.653025,10093.426955,729727,768000,0.950165365,0,2025-11-26 20:06:00.000000,2025-11-26 20:06:59.999922,2,BAYxx_xxxx_20251126_195624_000.7z;BAYxx_xxxx_20251126_200627_000.7z
2025-11-26 20:07:00,30291.478924,30.291478924,9937.810428,9892.330131,10461.338365,768000,768000,1.000000000,1,2025-11-26 20:07:00.000000,2025-11-26 20:07:59.999922,1,BAYxx_xxxx_20251126_200627_000.7z
2025-11-26 20:08:00,4678.349035,4.678349035,1806.779268,1315.471075,1556.098693,768000,768000,1.000000000,1,2025-11-26 20:08:00.000000,2025-11-26 20:08:59.999922,1,BAYxx_xxxx_20251126_200627_000.7z
2025-11-26 20:09:00,3392.021799,3.392021799,1383.524582,883.476752,1125.020465,768000,768000,1.000000000,1,2025-11-26 20:09:00.000000,2025-11-26 20:09:59.999922,1,BAYxx_xxxx_20251126_200627_000.7z
2025-11-26 20:10:00,3398.756220,3.398756220,1397.482127,880.590812,1120.683281,768000,768000,1.000000000,1,2025-11-26 20:10:00.000000,2025-11-26 20:10:59.999922,1,BAYxx_xxxx_20251126_200627_000.7z
2025-11-26 20:11:00,3406.085258,3.406085258,1401.348890,879.396293,1125.340075,768000,768000,1.000000000,1,2025-11-26 20:11:00.000000,2025-11-26 20:11:59.999922,1,BAYxx_xxxx_20251126_200627_000.7z
2025-11-26 20:12:00,3414.902624,3.414902624,1404.725223,889.324878,1120.852523,768000,768000,1.000000000,1,2025-11-26 20:12:00.000000,2025-11-26 20:12:59.999922,1,BAYxx_xxxx_20251126_200627_000.7z
2025-11-26 20:13:00,3407.319429,3.407319429,1396.646684,887.746776,1122.925969,768000,768000,1.000000000,1,2025-11-26 20:13:00.000000,2025-11-26 20:13:59.999922,1,BAYxx_xxxx_20251126_200627_000.7z
2025-11-26 20:14:00,3422.538528,3.422538528,1403.421376,888.049283,1131.067869,768000,768000,1.000000000,1,2025-11-26 20:14:00.000000,2025-11-26 20:14:59.999922,1,BAYxx_xxxx_20251126_200627_000.7z
2025-11-26 20:15:00,3419.293905,3.419293905,1398.950447,888.972995,1131.370463,768000,768000,1.000000000,1,2025-11-26 20:15:00.000000,2025-11-26 20:15:59.999922,1,BAYxx_xxxx_20251126_200627_000.7z
2025-11-26 20:16:00,3425.361619,3.425361619,1392.264635,901.798435,1131.298549,716913,768000,0.933480469,0,2025-11-26 20:16:00.000000,2025-11-26 20:16:59.999922,2,BAYxx_xxxx_20251126_200627_000.7z;BAYxx_xxxx_20251126_201631_000.7z
2025-11-26 20:17:00,3429.750406,3.429750406,1394.876245,894.208609,1140.665552,768000,768000,1.000000000,1,2025-11-26 20:17:00.000000,2025-11-26 20:17:59.999922,1,BAYxx_xxxx_20251126_201631_000.7z
2025-11-26 20:18:00,3430.624766,3.430624766,1400.110771,890.372273,1140.141722,768000,768000,1.000000000,1,2025-11-26 20:18:00.000000,2025-11-26 20:18:59.999922,1,BAYxx_xxxx_20251126_201631_000.7z
2025-11-26 20:19:00,3435.881424,3.435881424,1400.060959,894.407292,1141.413173,768000,768000,1.000000000,1,2025-11-26 20:19:00.000000,2025-11-26 20:19:59.999922,1,BAYxx_xxxx_20251126_201631_000.7z
2025-11-26 20:20:00,3436.089980,3.436089980,1399.557739,889.288605,1147.243636,768000,768000,1.000000000,1,2025-11-26 20:20:00.000000,2025-11-26 20:20:59.999922,1,BAYxx_xxxx_20251126_201631_000.7z
2025-11-26 20:21:00,3437.785483,3.437785483,1393.614851,899.617134,1144.553498,768000,768000,1.000000000,1,2025-11-26 20:21:00.000000,2025-11-26 20:21:59.999922,1,BAYxx_xxxx_20251126_201631_000.7z
2025-11-26 20:22:00,3446.075366,3.446075366,1385.668059,910.628108,1149.779200,768000,768000,1.000000000,1,2025-11-26 20:22:00.000000,2025-11-26 20:22:59.999922,1,BAYxx_xxxx_20251126_201631_000.7z
2025-11-26 20:23:00,3377.354487,3.377354487,1392.827666,912.762588,1071.764233,768000,768000,1.000000000,1,2025-11-26 20:23:00.000000,2025-11-26 20:23:59.999922,1,BAYxx_xxxx_20251126_201631_000.7z
2025-11-26 20:24:00,3342.551919,3.342551919,1395.822434,909.120165,1037.609320,768000,768000,1.000000000,1,2025-11-26 20:24:00.000000,2025-11-26 20:24:59.999922,1,BAYxx_xxxx_20251126_201631_000.7z
2025-11-26 20:25:00,3329.602410,3.329602410,1390.230897,899.144288,1040.227225,768000,768000,1.000000000,1,2025-11-26 20:25:00.000000,2025-11-26 20:25:59.999922,1,BAYxx_xxxx_20251126_201631_000.7z
2025-11-26 20:26:00,3335.339681,3.335339681,1391.002740,897.754159,1046.582782,716886,768000,0.933445312,0,2025-11-26 20:26:00.000000,2025-11-26 20:26:59.999922,2,BAYxx_xxxx_20251126_201631_000.7z;BAYxx_xxxx_20251126_202635_000.7z
2025-11-26 20:27:00,3983.555956,3.983555956,1598.490699,1120.467481,1264.597776,768000,768000,1.000000000,1,2025-11-26 20:27:00.000000,2025-11-26 20:27:59.999922,1,BAYxx_xxxx_20251126_202635_000.7z
2025-11-26 20:28:00,8212.523763,8.212523763,2949.135263,2552.908438,2710.480063,768000,768000,1.000000000,1,2025-11-26 20:28:00.000000,2025-11-26 20:28:59.999922,1,BAYxx_xxxx_20251126_202635_000.7z
2025-11-26 20:29:00,25916.062623,25.916062623,8526.888512,8525.180470,8863.993641,768000,768000,1.000000000,1,2025-11-26 20:29:00.000000,2025-11-26 20:29:59.999922,1,BAYxx_xxxx_20251126_202635_000.7z
2025-11-26 20:30:00,26708.421744,26.708421744,8634.099521,8877.567455,9196.754769,768000,768000,1.000000000,1,2025-11-26 20:30:00.000000,2025-11-26 20:30:59.999922,1,BAYxx_xxxx_20251126_202635_000.7z
2025-11-26 20:31:00,27798.417332,27.798417332,9108.320352,9173.493486,9516.603494,768000,768000,1.000000000,1,2025-11-26 20:31:00.000000,2025-11-26 20:31:59.999922,1,BAYxx_xxxx_20251126_202635_000.7z
2025-11-26 20:32:00,28745.173575,28.745173575,9461.934815,9449.844731,9833.394029,768000,768000,1.000000000,1,2025-11-26 20:32:00.000000,2025-11-26 20:32:59.999922,1,BAYxx_xxxx_20251126_202635_000.7z
2025-11-26 20:33:00,16899.992533,16.899992533,5693.250236,5486.728512,5720.013785,768000,768000,1.000000000,1,2025-11-26 20:33:00.000000,2025-11-26 20:33:59.999922,1,BAYxx_xxxx_20251126_202635_000.7z
2025-11-26 20:34:00,3314.461598,3.314461598,1390.763686,890.525022,1033.172890,768000,768000,1.000000000,1,2025-11-26 20:34:00.000000,2025-11-26 20:34:59.999922,1,BAYxx_xxxx_20251126_202635_000.7z
2025-11-26 20:35:00,3311.448345,3.311448345,1387.500542,891.655856,1032.291947,768000,768000,1.000000000,1,2025-11-26 20:35:00.000000,2025-11-26 20:35:59.999922,1,BAYxx_xxxx_20251126_202635_000.7z
2025-11-26 20:36:00,3308.848146,3.308848146,1372.738793,904.254326,1031.855027,729614,768000,0.950018229,0,2025-11-26 20:36:00.000000,2025-11-26 20:36:59.999922,2,BAYxx_xxxx_20251126_202635_000.7z;BAYxx_xxxx_20251126_203638_000.7z
2025-11-26 20:37:00,3321.496706,3.321496706,1386.402731,903.482240,1031.611735,768000,768000,1.000000000,1,2025-11-26 20:37:00.000000,2025-11-26 20:37:59.999922,1,BAYxx_xxxx_20251126_203638_000.7z
2025-11-26 20:38:00,3365.783630,3.365783630,1375.654544,906.225952,1083.903134,768000,768000,1.000000000,1,2025-11-26 20:38:00.000000,2025-11-26 20:38:59.999922,1,BAYxx_xxxx_20251126_203638_000.7z
2025-11-26 20:39:00,3427.619394,3.427619394,1382.023169,906.923954,1138.672272,768000,768000,1.000000000,1,2025-11-26 20:39:00.000000,2025-11-26 20:39:59.999922,1,BAYxx_xxxx_20251126_203638_000.7z
2025-11-26 20:40:00,3432.164884,3.432164884,1387.719707,901.099406,1143.345771,768000,768000,1.000000000,1,2025-11-26 20:40:00.000000,2025-11-26 20:40:59.999922,1,BAYxx_xxxx_20251126_203638_000.7z
2025-11-26 20:41:00,3425.534256,3.425534256,1380.981620,901.251691,1143.300946,768000,768000,1.000000000,1,2025-11-26 20:41:00.000000,2025-11-26 20:41:59.999922,1,BAYxx_xxxx_20251126_203638_000.7z
2025-11-26 20:42:00,3426.759095,3.426759095,1392.103568,896.879177,1137.776350,768000,768000,1.000000000,1,2025-11-26 20:42:00.000000,2025-11-26 20:42:59.999922,1,BAYxx_xxxx_20251126_203638_000.7z
2025-11-26 20:43:00,3431.381036,3.431381036,1390.052351,898.763659,1142.565026,768000,768000,1.000000000,1,2025-11-26 20:43:00.000000,2025-11-26 20:43:59.999922,1,BAYxx_xxxx_20251126_203638_000.7z
2025-11-26 20:44:00,3433.536953,3.433536953,1391.902856,901.293502,1140.340596,768000,768000,1.000000000,1,2025-11-26 20:44:00.000000,2025-11-26 20:44:59.999922,1,BAYxx_xxxx_20251126_203638_000.7z
2025-11-26 20:45:00,3445.865626,3.445865626,1411.080652,898.982731,1135.802243,768000,768000,1.000000000,1,2025-11-26 20:45:00.000000,2025-11-26 20:45:59.999922,1,BAYxx_xxxx_20251126_203638_000.7z
2025-11-26 20:46:00,3438.510148,3.438510148,1391.350850,909.415108,1137.744191,716907,768000,0.933472656,0,2025-11-26 20:46:00.000000,2025-11-26 20:46:59.999922,2,BAYxx_xxxx_20251126_203638_000.7z;BAYxx_xxxx_20251126_204642_000.7z
2025-11-26 20:47:00,3440.659993,3.440659993,1390.220879,908.363427,1142.075687,768000,768000,1.000000000,1,2025-11-26 20:47:00.000000,2025-11-26 20:47:59.999922,1,BAYxx_xxxx_20251126_204642_000.7z
2025-11-26 20:48:00,5083.188169,5.083188169,1927.792466,1456.910527,1698.485177,768000,768000,1.000000000,1,2025-11-26 20:48:00.000000,2025-11-26 20:48:59.999922,1,BAYxx_xxxx_20251126_204642_000.7z
2025-11-26 20:49:00,20495.949263,20.495949263,6714.652891,6707.537921,7073.758451,768000,768000,1.000000000,1,2025-11-26 20:49:00.000000,2025-11-26 20:49:59.999922,1,BAYxx_xxxx_20251126_204642_000.7z
2025-11-26 20:50:00,25637.748456,25.637748456,8341.047264,8445.939293,8850.761899,768000,768000,1.000000000,1,2025-11-26 20:50:00.000000,2025-11-26 20:50:59.999922,1,BAYxx_xxxx_20251126_204642_000.7z
2025-11-26 20:51:00,26922.759534,26.922759534,8736.407980,8900.874568,9285.476986,768000,768000,1.000000000,1,2025-11-26 20:51:00.000000,2025-11-26 20:51:59.999922,1,BAYxx_xxxx_20251126_204642_000.7z
2025-11-26 20:52:00,27719.003036,27.719003036,9047.995590,9099.102941,9571.904505,768000,768000,1.000000000,1,2025-11-26 20:52:00.000000,2025-11-26 20:52:59.999922,1,BAYxx_xxxx_20251126_204642_000.7z
2025-11-26 20:53:00,28590.300753,28.590300753,9454.827461,9339.771460,9795.701831,768000,768000,1.000000000,1,2025-11-26 20:53:00.000000,2025-11-26 20:53:59.999922,1,BAYxx_xxxx_20251126_204642_000.7z
2025-11-26 20:54:00,29566.137451,29.566137451,9698.488296,9674.940270,10192.708885,768000,768000,1.000000000,1,2025-11-26 20:54:00.000000,2025-11-26 20:54:59.999922,1,BAYxx_xxxx_20251126_204642_000.7z
2025-11-26 20:55:00,19944.924386,19.944924386,6636.918654,6459.609206,6848.396525,768000,768000,1.000000000,1,2025-11-26 20:55:00.000000,2025-11-26 20:55:59.999922,1,BAYxx_xxxx_20251126_204642_000.7z
2025-11-26 20:56:00,3415.059523,3.415059523,1402.999084,892.592004,1119.468434,729627,768000,0.950035156,0,2025-11-26 20:56:00.000000,2025-11-26 20:56:59.999922,2,BAYxx_xxxx_20251126_204642_000.7z;BAYxx_xxxx_20251126_205645_000.7z
2025-11-26 20:57:00,3400.778932,3.400778932,1395.364993,890.091105,1115.322834,768000,768000,1.000000000,1,2025-11-26 20:57:00.000000,2025-11-26 20:57:59.999922,1,BAYxx_xxxx_20251126_205645_000.7z
2025-11-26 20:58:00,3404.675316,3.404675316,1394.596975,891.001105,1119.077237,768000,768000,1.000000000,1,2025-11-26 20:58:00.000000,2025-11-26 20:58:59.999922,1,BAYxx_xxxx_20251126_205645_000.7z
2025-11-26 20:59:00,3412.921185,3.412921185,1397.212744,895.169703,1120.538738,768000,768000,1.000000000,1,2025-11-26 20:59:00.000000,2025-11-26 20:59:59.999922,1,BAYxx_xxxx_20251126_205645_000.7z
2025-11-26 21:00:00,3415.562501,3.415562501,1382.880048,895.900143,1136.782309,768000,768000,1.000000000,1,2025-11-26 21:00:00.000000,2025-11-26 21:00:59.999922,1,BAYxx_xxxx_20251126_205645_000.7z
2025-11-26 21:01:00,3414.123644,3.414123644,1384.729841,902.745243,1126.648559,768000,768000,1.000000000,1,2025-11-26 21:01:00.000000,2025-11-26 21:01:59.999922,1,BAYxx_xxxx_20251126_205645_000.7z
2025-11-26 21:02:00,3419.950867,3.419950867,1390.800779,899.921753,1129.228335,768000,768000,1.000000000,1,2025-11-26 21:02:00.000000,2025-11-26 21:02:59.999922,1,BAYxx_xxxx_20251126_205645_000.7z
2025-11-26 21:03:00,3420.258197,3.420258197,1393.445521,898.469607,1128.343069,768000,768000,1.000000000,1,2025-11-26 21:03:00.000000,2025-11-26 21:03:59.999922,1,BAYxx_xxxx_20251126_205645_000.7z
2025-11-26 21:04:00,3426.319577,3.426319577,1397.484531,901.691987,1127.143059,768000,768000,1.000000000,1,2025-11-26 21:04:00.000000,2025-11-26 21:04:59.999922,1,BAYxx_xxxx_20251126_205645_000.7z
2025-11-26 21:05:00,3434.296534,3.434296534,1403.522097,904.089307,1126.685129,768000,768000,1.000000000,1,2025-11-26 21:05:00.000000,2025-11-26 21:05:59.999922,1,BAYxx_xxxx_20251126_205645_000.7z
2025-11-26 21:06:00,3433.130541,3.433130541,1403.311259,897.654055,1132.165227,729606,768000,0.950007812,0,2025-11-26 21:06:00.000000,2025-11-26 21:06:59.999922,2,BAYxx_xxxx_20251126_205645_000.7z;BAYxx_xxxx_20251126_210648_000.7z
2025-11-26 21:07:00,3440.293173,3.440293173,1399.390986,897.202072,1143.700114,768000,768000,1.000000000,1,2025-11-26 21:07:00.000000,2025-11-26 21:07:59.999922,1,BAYxx_xxxx_20251126_210648_000.7z
2025-11-26 21:08:00,3422.255291,3.422255291,1399.738264,907.799635,1114.717393,768000,768000,1.000000000,1,2025-11-26 21:08:00.000000,2025-11-26 21:08:59.999922,1,BAYxx_xxxx_20251126_210648_000.7z
2025-11-26 21:09:00,3338.130630,3.338130630,1409.720483,897.527617,1030.882531,768000,768000,1.000000000,1,2025-11-26 21:09:00.000000,2025-11-26 21:09:59.999922,1,BAYxx_xxxx_20251126_210648_000.7z
2025-11-26 21:10:00,3354.384917,3.354384917,1411.898510,902.541579,1039.944828,768000,768000,1.000000000,1,2025-11-26 21:10:00.000000,2025-11-26 21:10:59.999922,1,BAYxx_xxxx_20251126_210648_000.7z
2025-11-26 21:11:00,3349.659543,3.349659543,1423.822647,890.298491,1035.538406,768000,768000,1.000000000,1,2025-11-26 21:11:00.000000,2025-11-26 21:11:59.999922,1,BAYxx_xxxx_20251126_210648_000.7z
2025-11-26 21:12:00,3346.686204,3.346686204,1406.353230,898.656097,1041.676877,768000,768000,1.000000000,1,2025-11-26 21:12:00.000000,2025-11-26 21:12:59.999922,1,BAYxx_xxxx_20251126_210648_000.7z
2025-11-26 21:13:00,3331.024346,3.331024346,1391.421633,902.040236,1037.562477,768000,768000,1.000000000,1,2025-11-26 21:13:00.000000,2025-11-26 21:13:59.999922,1,BAYxx_xxxx_20251126_210648_000.7z
2025-11-26 21:14:00,4473.780447,4.473780447,1769.143378,1276.584346,1428.052724,768000,768000,1.000000000,1,2025-11-26 21:14:00.000000,2025-11-26 21:14:59.999922,1,BAYxx_xxxx_20251126_210648_000.7z
2025-11-26 21:15:00,14405.948608,14.405948608,4867.336940,4653.059570,4885.552099,768000,768000,1.000000000,1,2025-11-26 21:15:00.000000,2025-11-26 21:15:59.999922,1,BAYxx_xxxx_20251126_210648_000.7z
2025-11-26 21:16:00,25846.154005,25.846154005,8465.171702,8533.518244,8847.464060,729676,768000,0.950098958,0,2025-11-26 21:16:00.000000,2025-11-26 21:16:59.999922,2,BAYxx_xxxx_20251126_210648_000.7z;BAYxx_xxxx_20251126_211651_000.7z
2025-11-26 21:17:00,26845.554439,26.845554439,8776.280559,8890.119903,9179.153977,768000,768000,1.000000000,1,2025-11-26 21:17:00.000000,2025-11-26 21:17:59.999922,1,BAYxx_xxxx_20251126_211651_000.7z
2025-11-26 21:18:00,27799.882519,27.799882519,9100.716473,9153.375823,9545.790223,768000,768000,1.000000000,1,2025-11-26 21:18:00.000000,2025-11-26 21:18:59.999922,1,BAYxx_xxxx_20251126_211651_000.7z
2025-11-26 21:19:00,29033.545378,29.033545378,9542.285652,9517.907093,9973.352634,768000,768000,1.000000000,1,2025-11-26 21:19:00.000000,2025-11-26 21:19:59.999922,1,BAYxx_xxxx_20251126_211651_000.7z
2025-11-26 21:20:00,29920.750048,29.920750048,9868.796271,9814.187993,10237.765784,768000,768000,1.000000000,1,2025-11-26 21:20:00.000000,2025-11-26 21:20:59.999922,1,BAYxx_xxxx_20251126_211651_000.7z
2025-11-26 21:21:00,6847.107778,6.847107778,2540.210174,2066.024021,2240.873583,768000,768000,1.000000000,1,2025-11-26 21:21:00.000000,2025-11-26 21:21:59.999922,1,BAYxx_xxxx_20251126_211651_000.7z
2025-11-26 21:22:00,3310.963475,3.310963475,1402.369813,885.989938,1022.603725,768000,768000,1.000000000,1,2025-11-26 21:22:00.000000,2025-11-26 21:22:59.999922,1,BAYxx_xxxx_20251126_211651_000.7z
2025-11-26 21:23:00,3308.836709,3.308836709,1389.721841,895.415152,1023.699716,768000,768000,1.000000000,1,2025-11-26 21:23:00.000000,2025-11-26 21:23:59.999922,1,BAYxx_xxxx_20251126_211651_000.7z
2025-11-26 21:24:00,3412.361811,3.412361811,1397.403369,891.266916,1123.691526,768000,768000,1.000000000,1,2025-11-26 21:24:00.000000,2025-11-26 21:24:59.999922,1,BAYxx_xxxx_20251126_211651_000.7z
2025-11-26 21:25:00,3425.260578,3.425260578,1400.065377,898.824831,1126.370369,768000,768000,1.000000000,1,2025-11-26 21:25:00.000000,2025-11-26 21:25:59.999922,1,BAYxx_xxxx_20251126_211651_000.7z
2025-11-26 21:26:00,3415.495209,3.415495209,1384.727259,896.086101,1134.681849,729693,768000,0.950121094,0,2025-11-26 21:26:00.000000,2025-11-26 21:26:59.999922,2,BAYxx_xxxx_20251126_211651_000.7z;BAYxx_xxxx_20251126_212654_000.7z
2025-11-26 21:27:00,3431.422552,3.431422552,1390.262324,903.471871,1137.688357,768000,768000,1.000000000,1,2025-11-26 21:27:00.000000,2025-11-26 21:27:59.999922,1,BAYxx_xxxx_20251126_212654_000.7z
2025-11-26 21:28:00,3427.677715,3.427677715,1393.304316,907.291130,1127.082269,768000,768000,1.000000000,1,2025-11-26 21:28:00.000000,2025-11-26 21:28:59.999922,1,BAYxx_xxxx_20251126_212654_000.7z
2025-11-26 21:29:00,3424.060688,3.424060688,1384.609787,906.151765,1133.299136,768000,768000,1.000000000,1,2025-11-26 21:29:00.000000,2025-11-26 21:29:59.999922,1,BAYxx_xxxx_20251126_212654_000.7z
2025-11-26 21:30:00,3433.957980,3.433957980,1398.622862,903.569440,1131.765679,768000,768000,1.000000000,1,2025-11-26 21:30:00.000000,2025-11-26 21:30:59.999922,1,BAYxx_xxxx_20251126_212654_000.7z
2025-11-26 21:31:00,3413.495967,3.413495967,1386.370037,899.913212,1127.212718,768000,768000,1.000000000,1,2025-11-26 21:31:00.000000,2025-11-26 21:31:59.999922,1,BAYxx_xxxx_20251126_212654_000.7z
2025-11-26 21:32:00,3432.192999,3.432192999,1399.053537,899.584385,1133.555077,768000,768000,1.000000000,1,2025-11-26 21:32:00.000000,2025-11-26 21:32:59.999922,1,BAYxx_xxxx_20251126_212654_000.7z
2025-11-26 21:33:00,3446.901170,3.446901170,1404.831461,906.236992,1135.832717,768000,768000,1.000000000,1,2025-11-26 21:33:00.000000,2025-11-26 21:33:59.999922,1,BAYxx_xxxx_20251126_212654_000.7z
2025-11-26 21:34:00,3447.025579,3.447025579,1405.090460,903.421601,1138.513518,768000,768000,1.000000000,1,2025-11-26 21:34:00.000000,2025-11-26 21:34:59.999922,1,BAYxx_xxxx_20251126_212654_000.7z
2025-11-26 21:35:00,4175.308406,4.175308406,1639.596235,1152.601517,1383.110653,768000,768000,1.000000000,1,2025-11-26 21:35:00.000000,2025-11-26 21:35:59.999922,1,BAYxx_xxxx_20251126_212654_000.7z
2025-11-26 21:36:00,8244.306221,8.244306221,2916.360417,2551.989610,2775.956194,729704,768000,0.950135417,0,2025-11-26 21:36:00.000000,2025-11-26 21:36:59.999922,2,BAYxx_xxxx_20251126_212654_000.7z;BAYxx_xxxx_20251126_213657_000.7z
2025-11-26 21:37:00,25636.727316,25.636727316,8361.951674,8477.635624,8797.140018,768000,768000,1.000000000,1,2025-11-26 21:37:00.000000,2025-11-26 21:37:59.999922,1,BAYxx_xxxx_20251126_213657_000.7z
2025-11-26 21:38:00,26227.579171,26.227579171,8593.294500,8678.894191,8955.390480,768000,768000,1.000000000,1,2025-11-26 21:38:00.000000,2025-11-26 21:38:59.999922,1,BAYxx_xxxx_20251126_213657_000.7z
2025-11-26 21:39:00,27358.047490,27.358047490,8863.803918,9064.987625,9429.255946,768000,768000,1.000000000,1,2025-11-26 21:39:00.000000,2025-11-26 21:39:59.999922,1,BAYxx_xxxx_20251126_213657_000.7z
2025-11-26 21:40:00,28257.111965,28.257111965,9122.485054,9420.549125,9714.077787,768000,768000,1.000000000,1,2025-11-26 21:40:00.000000,2025-11-26 21:40:59.999922,1,BAYxx_xxxx_20251126_213657_000.7z
2025-11-26 21:41:00,29212.421817,29.212421817,9481.118853,9687.674655,10043.628310,768000,768000,1.000000000,1,2025-11-26 21:41:00.000000,2025-11-26 21:41:59.999922,1,BAYxx_xxxx_20251126_213657_000.7z
2025-11-26 21:42:00,13351.142919,13.351142919,4513.893562,4279.655357,4557.594000,768000,768000,1.000000000,1,2025-11-26 21:42:00.000000,2025-11-26 21:42:59.999922,1,BAYxx_xxxx_20251126_213657_000.7z
2025-11-26 21:43:00,3416.013216,3.416013216,1384.464979,904.926835,1126.621402,768000,768000,1.000000000,1,2025-11-26 21:43:00.000000,2025-11-26 21:43:59.999922,1,BAYxx_xxxx_20251126_213657_000.7z
2025-11-26 21:44:00,3422.136109,3.422136109,1384.335141,910.272338,1127.528630,768000,768000,1.000000000,1,2025-11-26 21:44:00.000000,2025-11-26 21:44:59.999922,1,BAYxx_xxxx_20251126_213657_000.7z
2025-11-26 21:45:00,3410.110223,3.410110223,1385.540881,899.344579,1125.224763,768000,768000,1.000000000,1,2025-11-26 21:45:00.000000,2025-11-26 21:45:59.999922,1,BAYxx_xxxx_20251126_213657_000.7z
2025-11-26 21:46:00,3434.899417,3.434899417,1408.319238,894.413081,1132.167098,729715,768000,0.950149740,0,2025-11-26 21:46:00.000000,2025-11-26 21:46:57.008906,1,BAYxx_xxxx_20251126_213657_000.7z
2025-11-26 21:47:00,3424.023458,3.424023458,1414.515062,882.331653,1127.176743,768000,768000,1.000000000,1,2025-11-26 21:47:00.000000,2025-11-26 21:47:59.999922,1,BAYxx_xxxx_20251126_214700_000.7z
2025-11-26 21:48:00,3422.953889,3.422953889,1410.571042,888.531512,1123.851334,768000,768000,1.000000000,1,2025-11-26 21:48:00.000000,2025-11-26 21:48:59.999922,1,BAYxx_xxxx_20251126_214700_000.7z
2025-11-26 21:49:00,3426.833492,3.426833492,1406.644921,893.188378,1127.000193,768000,768000,1.000000000,1,2025-11-26 21:49:00.000000,2025-11-26 21:49:59.999922,1,BAYxx_xxxx_20251126_214700_000.7z
2025-11-26 21:50:00,3425.918341,3.425918341,1403.217356,892.854577,1129.846408,768000,768000,1.000000000,1,2025-11-26 21:50:00.000000,2025-11-26 21:50:59.999922,1,BAYxx_xxxx_20251126_214700_000.7z
2025-11-26 21:51:00,3428.051641,3.428051641,1406.613293,894.450883,1126.987465,768000,768000,1.000000000,1,2025-11-26 21:51:00.000000,2025-11-26 21:51:59.999922,1,BAYxx_xxxx_20251126_214700_000.7z
2025-11-26 21:52:00,3421.564601,3.421564601,1384.951021,908.704707,1127.908873,768000,768000,1.000000000,1,2025-11-26 21:52:00.000000,2025-11-26 21:52:59.999922,1,BAYxx_xxxx_20251126_214700_000.7z
2025-11-26 21:53:00,3441.858288,3.441858288,1397.979324,899.676815,1144.202150,768000,768000,1.000000000,1,2025-11-26 21:53:00.000000,2025-11-26 21:53:59.999922,1,BAYxx_xxxx_20251126_214700_000.7z
2025-11-26 21:54:00,3376.325635,3.376325635,1394.030374,913.427923,1068.867338,768000,768000,1.000000000,1,2025-11-26 21:54:00.000000,2025-11-26 21:54:59.999922,1,BAYxx_xxxx_20251126_214700_000.7z
2025-11-26 21:55:00,3353.405095,3.353405095,1395.577390,914.019430,1043.808275,768000,768000,1.000000000,1,2025-11-26 21:55:00.000000,2025-11-26 21:55:59.999922,1,BAYxx_xxxx_20251126_214700_000.7z
2025-11-26 21:56:00,3353.950190,3.353950190,1386.247317,915.272018,1052.430854,768000,768000,1.000000000,1,2025-11-26 21:56:00.000000,2025-11-26 21:56:59.999922,1,BAYxx_xxxx_20251126_214700_000.7z
2025-11-26 21:57:00,3342.120367,3.342120367,1376.441516,915.516791,1050.162060,716827,768000,0.933368490,0,2025-11-26 21:57:00.000000,2025-11-26 21:57:59.999922,2,BAYxx_xxxx_20251126_214700_000.7z;BAYxx_xxxx_20251126_215704_000.7z
2025-11-26 21:58:00,3360.722828,3.360722828,1396.290758,912.696849,1051.735221,768000,768000,1.000000000,1,2025-11-26 21:58:00.000000,2025-11-26 21:58:59.999922,1,BAYxx_xxxx_20251126_215704_000.7z
2025-11-26 21:59:00,3358.663467,3.358663467,1392.885682,915.496397,1050.281387,768000,768000,1.000000000,1,2025-11-26 21:59:00.000000,2025-11-26 21:59:59.999922,1,BAYxx_xxxx_20251126_215704_000.7z
2025-11-26 22:00:00,3339.643882,3.339643882,1381.739740,910.774992,1047.129149,768000,768000,1.000000000,1,2025-11-26 22:00:00.000000,2025-11-26 22:00:59.999922,1,BAYxx_xxxx_20251126_215704_000.7z
2025-11-26 22:01:00,4844.337856,4.844337856,1879.219061,1415.916750,1549.202045,768000,768000,1.000000000,1,2025-11-26 22:01:00.000000,2025-11-26 22:01:59.999922,1,BAYxx_xxxx_20251126_215704_000.7z
2025-11-26 22:02:00,19100.918688,19.100918688,6310.873097,6275.806534,6514.239058,768000,768000,1.000000000,1,2025-11-26 22:02:00.000000,2025-11-26 22:02:59.999922,1,BAYxx_xxxx_20251126_215704_000.7z
2025-11-26 22:03:00,25954.051261,25.954051261,8481.932247,8609.683531,8862.435483,768000,768000,1.000000000,1,2025-11-26 22:03:00.000000,2025-11-26 22:03:59.999922,1,BAYxx_xxxx_20251126_215704_000.7z
2025-11-26 22:04:00,27335.471255,27.335471255,8903.232394,9079.165877,9353.072985,768000,768000,1.000000000,1,2025-11-26 22:04:00.000000,2025-11-26 22:04:59.999922,1,BAYxx_xxxx_20251126_215704_000.7z
2025-11-26 22:05:00,28157.058812,28.157058812,9108.956438,9371.836723,9676.265651,768000,768000,1.000000000,1,2025-11-26 22:05:00.000000,2025-11-26 22:05:59.999922,1,BAYxx_xxxx_20251126_215704_000.7z
2025-11-26 22:06:00,29060.131735,29.060131735,9451.203289,9679.597718,9929.330728,768000,768000,1.000000000,1,2025-11-26 22:06:00.000000,2025-11-26 22:06:59.999922,1,BAYxx_xxxx_20251126_215704_000.7z
2025-11-26 22:07:00,26914.912259,26.914912259,8782.015373,8949.214757,9183.682130,729617,768000,0.950022135,0,2025-11-26 22:07:00.000000,2025-11-26 22:07:59.999922,2,BAYxx_xxxx_20251126_215704_000.7z;BAYxx_xxxx_20251126_220707_000.7z
2025-11-26 22:08:00,3422.123251,3.422123251,1398.544441,952.925179,1070.653631,768000,768000,1.000000000,1,2025-11-26 22:08:00.000000,2025-11-26 22:08:59.999922,1,BAYxx_xxxx_20251126_220707_000.7z
2025-11-26 22:09:00,3377.735718,3.377735718,1356.841802,912.123344,1108.770573,768000,768000,1.000000000,1,2025-11-26 22:09:00.000000,2025-11-26 22:09:59.999922,1,BAYxx_xxxx_20251126_220707_000.7z
2025-11-26 22:10:00,3400.704142,3.400704142,1352.887414,898.362981,1149.453747,768000,768000,1.000000000,1,2025-11-26 22:10:00.000000,2025-11-26 22:10:59.999922,1,BAYxx_xxxx_20251126_220707_000.7z
2025-11-26 22:11:00,3429.955539,3.429955539,1394.580222,900.484058,1134.891258,768000,768000,1.000000000,1,2025-11-26 22:11:00.000000,2025-11-26 22:11:59.999922,1,BAYxx_xxxx_20251126_220707_000.7z
2025-11-26 22:12:00,3415.186813,3.415186813,1372.921827,905.078436,1137.186550,768000,768000,1.000000000,1,2025-11-26 22:12:00.000000,2025-11-26 22:12:59.999922,1,BAYxx_xxxx_20251126_220707_000.7z
2025-11-26 22:13:00,3438.200030,3.438200030,1391.689646,912.315034,1134.195351,768000,768000,1.000000000,1,2025-11-26 22:13:00.000000,2025-11-26 22:13:59.999922,1,BAYxx_xxxx_20251126_220707_000.7z
2025-11-26 22:14:00,3434.545837,3.434545837,1389.937586,910.384907,1134.223343,768000,768000,1.000000000,1,2025-11-26 22:14:00.000000,2025-11-26 22:14:59.999922,1,BAYxx_xxxx_20251126_220707_000.7z
2025-11-26 22:15:00,3431.308835,3.431308835,1392.554587,904.872089,1133.882159,768000,768000,1.000000000,1,2025-11-26 22:15:00.000000,2025-11-26 22:15:59.999922,1,BAYxx_xxxx_20251126_220707_000.7z
2025-11-26 22:16:00,3433.465487,3.433465487,1394.669395,903.949047,1134.847044,768000,768000,1.000000000,1,2025-11-26 22:16:00.000000,2025-11-26 22:16:59.999922,1,BAYxx_xxxx_20251126_220707_000.7z
2025-11-26 22:17:00,3431.049086,3.431049086,1398.313562,898.249243,1134.486281,716940,768000,0.933515625,0,2025-11-26 22:17:00.000000,2025-11-26 22:17:59.999922,2,BAYxx_xxxx_20251126_220707_000.7z;BAYxx_xxxx_20251126_221711_000.7z
2025-11-26 22:18:00,3437.484236,3.437484236,1394.758154,902.227286,1140.498796,768000,768000,1.000000000,1,2025-11-26 22:18:00.000000,2025-11-26 22:18:59.999922,1,BAYxx_xxxx_20251126_221711_000.7z
2025-11-26 22:19:00,3460.517584,3.460517584,1412.309151,905.382759,1142.825674,768000,768000,1.000000000,1,2025-11-26 22:19:00.000000,2025-11-26 22:19:59.999922,1,BAYxx_xxxx_20251126_221711_000.7z
2025-11-26 22:20:00,3444.756365,3.444756365,1387.809854,911.945217,1145.001294,768000,768000,1.000000000,1,2025-11-26 22:20:00.000000,2025-11-26 22:20:59.999922,1,BAYxx_xxxx_20251126_221711_000.7z
2025-11-26 22:21:00,3454.042563,3.454042563,1384.194524,916.444726,1153.403314,768000,768000,1.000000000,1,2025-11-26 22:21:00.000000,2025-11-26 22:21:59.999922,1,BAYxx_xxxx_20251126_221711_000.7z
2025-11-26 22:22:00,3458.362809,3.458362809,1382.985158,916.284879,1159.092771,768000,768000,1.000000000,1,2025-11-26 22:22:00.000000,2025-11-26 22:22:59.999922,1,BAYxx_xxxx_20251126_221711_000.7z
2025-11-26 22:23:00,4831.360782,4.831360782,1835.640995,1381.364941,1614.354846,768000,768000,1.000000000,1,2025-11-26 22:23:00.000000,2025-11-26 22:23:59.999922,1,BAYxx_xxxx_20251126_221711_000.7z
2025-11-26 22:24:00,17421.972216,17.421972216,5760.260251,5671.900530,5989.811436,768000,768000,1.000000000,1,2025-11-26 22:24:00.000000,2025-11-26 22:24:59.999922,1,BAYxx_xxxx_20251126_221711_000.7z
2025-11-26 22:25:00,25761.288523,25.761288523,8385.214251,8515.779884,8860.294388,768000,768000,1.000000000,1,2025-11-26 22:25:00.000000,2025-11-26 22:25:59.999922,1,BAYxx_xxxx_20251126_221711_000.7z
2025-11-26 22:26:00,27058.508463,27.058508463,8797.163543,8954.219638,9307.125281,768000,768000,1.000000000,1,2025-11-26 22:26:00.000000,2025-11-26 22:26:59.999922,1,BAYxx_xxxx_20251126_221711_000.7z
2025-11-26 22:27:00,27912.568440,27.912568440,9030.835891,9254.826458,9626.906092,716930,768000,0.933502604,0,2025-11-26 22:27:00.000000,2025-11-26 22:27:59.999922,2,BAYxx_xxxx_20251126_221711_000.7z;BAYxx_xxxx_20251126_222715_000.7z
2025-11-26 22:28:00,28936.112661,28.936112661,9434.615393,9543.724687,9957.772581,768000,768000,1.000000000,1,2025-11-26 22:28:00.000000,2025-11-26 22:28:59.999922,1,BAYxx_xxxx_20251126_222715_000.7z
2025-11-26 22:29:00,29885.347838,29.885347838,9774.421353,9858.885089,10252.041395,768000,768000,1.000000000,1,2025-11-26 22:29:00.000000,2025-11-26 22:29:59.999922,1,BAYxx_xxxx_20251126_222715_000.7z
2025-11-26 22:30:00,25542.601316,25.542601316,8364.217809,8395.690326,8782.693181,768000,768000,1.000000000,1,2025-11-26 22:30:00.000000,2025-11-26 22:30:59.999922,1,BAYxx_xxxx_20251126_222715_000.7z
2025-11-26 22:31:00,3413.145874,3.413145874,1384.582278,905.773562,1122.790034,768000,768000,1.000000000,1,2025-11-26 22:31:00.000000,2025-11-26 22:31:59.999922,1,BAYxx_xxxx_20251126_222715_000.7z
2025-11-26 22:32:00,3414.356507,3.414356507,1385.023858,907.644109,1121.688540,768000,768000,1.000000000,1,2025-11-26 22:32:00.000000,2025-11-26 22:32:59.999922,1,BAYxx_xxxx_20251126_222715_000.7z
2025-11-26 22:33:00,3422.582094,3.422582094,1384.029792,912.796444,1125.755857,768000,768000,1.000000000,1,2025-11-26 22:33:00.000000,2025-11-26 22:33:59.999922,1,BAYxx_xxxx_20251126_222715_000.7z
2025-11-26 22:34:00,3418.119680,3.418119680,1380.976473,912.468833,1124.674374,768000,768000,1.000000000,1,2025-11-26 22:34:00.000000,2025-11-26 22:34:59.999922,1,BAYxx_xxxx_20251126_222715_000.7z
2025-11-26 22:35:00,3438.749566,3.438749566,1383.570574,923.601969,1131.577022,768000,768000,1.000000000,1,2025-11-26 22:35:00.000000,2025-11-26 22:35:59.999922,1,BAYxx_xxxx_20251126_222715_000.7z
2025-11-26 22:36:00,3431.835102,3.431835102,1383.411717,916.109613,1132.313773,768000,768000,1.000000000,1,2025-11-26 22:36:00.000000,2025-11-26 22:36:59.999922,1,BAYxx_xxxx_20251126_222715_000.7z
2025-11-26 22:37:00,3432.097225,3.432097225,1384.836201,912.805593,1134.455430,716937,768000,0.933511719,0,2025-11-26 22:37:00.000000,2025-11-26 22:37:59.999922,2,BAYxx_xxxx_20251126_222715_000.7z;BAYxx_xxxx_20251126_223719_000.7z
2025-11-26 22:38:00,3441.239221,3.441239221,1395.382062,915.258662,1130.598497,768000,768000,1.000000000,1,2025-11-26 22:38:00.000000,2025-11-26 22:38:59.999922,1,BAYxx_xxxx_20251126_223719_000.7z
2025-11-26 22:39:00,3410.337972,3.410337972,1402.009843,916.531035,1091.797095,768000,768000,1.000000000,1,2025-11-26 22:39:00.000000,2025-11-26 22:39:59.999922,1,BAYxx_xxxx_20251126_223719_000.7z
2025-11-26 22:40:00,3355.046887,3.355046887,1398.199408,916.902147,1039.945332,768000,768000,1.000000000,1,2025-11-26 22:40:00.000000,2025-11-26 22:40:59.999922,1,BAYxx_xxxx_20251126_223719_000.7z
2025-11-26 22:41:00,3357.198532,3.357198532,1401.133507,917.504616,1038.560409,768000,768000,1.000000000,1,2025-11-26 22:41:00.000000,2025-11-26 22:41:59.999922,1,BAYxx_xxxx_20251126_223719_000.7z
2025-11-26 22:42:00,3359.401311,3.359401311,1405.046667,913.747222,1040.607422,768000,768000,1.000000000,1,2025-11-26 22:42:00.000000,2025-11-26 22:42:59.999922,1,BAYxx_xxxx_20251126_223719_000.7z
2025-11-26 22:43:00,3359.613049,3.359613049,1408.135816,917.452905,1034.024329,768000,768000,1.000000000,1,2025-11-26 22:43:00.000000,2025-11-26 22:43:59.999922,1,BAYxx_xxxx_20251126_223719_000.7z
2025-11-26 22:44:00,3366.255668,3.366255668,1416.446101,916.156359,1033.653208,768000,768000,1.000000000,1,2025-11-26 22:44:00.000000,2025-11-26 22:44:59.999922,1,BAYxx_xxxx_20251126_223719_000.7z
2025-11-26 22:45:00,3369.137190,3.369137190,1427.895522,913.409432,1027.832235,768000,768000,1.000000000,1,2025-11-26 22:45:00.000000,2025-11-26 22:45:59.999922,1,BAYxx_xxxx_20251126_223719_000.7z
2025-11-26 22:46:00,3366.590301,3.366590301,1411.082181,917.369822,1038.138297,768000,768000,1.000000000,1,2025-11-26 22:46:00.000000,2025-11-26 22:46:59.999922,1,BAYxx_xxxx_20251126_223719_000.7z
2025-11-26 22:47:00,3367.728122,3.367728122,1407.144138,922.221453,1038.362531,729660,768000,0.950078125,0,2025-11-26 22:47:00.000000,2025-11-26 22:47:59.999922,2,BAYxx_xxxx_20251126_223719_000.7z;BAYxx_xxxx_20251126_224722_000.7z
2025-11-26 22:48:00,3371.235044,3.371235044,1408.451389,921.327408,1041.456247,768000,768000,1.000000000,1,2025-11-26 22:48:00.000000,2025-11-26 22:48:59.999922,1,BAYxx_xxxx_20251126_224722_000.7z
2025-11-26 22:49:00,3375.740123,3.375740123,1415.421797,919.472887,1040.845439,768000,768000,1.000000000,1,2025-11-26 22:49:00.000000,2025-11-26 22:49:59.999922,1,BAYxx_xxxx_20251126_224722_000.7z
2025-11-26 22:50:00,3372.917889,3.372917889,1406.159739,923.296370,1043.461780,768000,768000,1.000000000,1,2025-11-26 22:50:00.000000,2025-11-26 22:50:59.999922,1,BAYxx_xxxx_20251126_224722_000.7z
2025-11-26 22:51:00,4654.467967,4.654467967,1827.332419,1357.561130,1469.574418,768000,768000,1.000000000,1,2025-11-26 22:51:00.000000,2025-11-26 22:51:59.999922,1,BAYxx_xxxx_20251126_224722_000.7z
2025-11-26 22:52:00,16704.207623,16.704207623,5604.921901,5480.196170,5619.089551,768000,768000,1.000000000,1,2025-11-26 22:52:00.000000,2025-11-26 22:52:59.999922,1,BAYxx_xxxx_20251126_224722_000.7z
2025-11-26 22:53:00,26322.465394,26.322465394,8640.819165,8761.623488,8920.022741,768000,768000,1.000000000,1,2025-11-26 22:53:00.000000,2025-11-26 22:53:59.999922,1,BAYxx_xxxx_20251126_224722_000.7z
2025-11-26 22:54:00,27538.927983,27.538927983,9018.713510,9144.173956,9376.040517,768000,768000,1.000000000,1,2025-11-26 22:54:00.000000,2025-11-26 22:54:59.999922,1,BAYxx_xxxx_20251126_224722_000.7z
2025-11-26 22:55:00,28588.007290,28.588007290,9331.933329,9462.549204,9793.524757,768000,768000,1.000000000,1,2025-11-26 22:55:00.000000,2025-11-26 22:55:59.999922,1,BAYxx_xxxx_20251126_224722_000.7z
2025-11-26 22:56:00,29676.070164,29.676070164,9725.318754,9817.770591,10132.980819,768000,768000,1.000000000,1,2025-11-26 22:56:00.000000,2025-11-26 22:56:59.999922,1,BAYxx_xxxx_20251126_224722_000.7z
2025-11-26 22:57:00,7285.166826,7.285166826,2637.903676,2204.350007,2442.913143,729618,768000,0.950023437,0,2025-11-26 22:57:00.000000,2025-11-26 22:57:59.999922,2,BAYxx_xxxx_20251126_224722_000.7z;BAYxx_xxxx_20251126_225725_000.7z
2025-11-26 22:58:00,3445.199625,3.445199625,1412.012968,905.608196,1127.578461,768000,768000,1.000000000,1,2025-11-26 22:58:00.000000,2025-11-26 22:58:59.999922,1,BAYxx_xxxx_20251126_225725_000.7z
2025-11-26 22:59:00,3432.352639,3.432352639,1380.669468,909.449724,1142.233447,768000,768000,1.000000000,1,2025-11-26 22:59:00.000000,2025-11-26 22:59:59.999922,1,BAYxx_xxxx_20251126_225725_000.7z
2025-11-26 23:00:00,3439.833287,3.439833287,1390.675757,912.153536,1137.003995,768000,768000,1.000000000,1,2025-11-26 23:00:00.000000,2025-11-26 23:00:59.999922,1,BAYxx_xxxx_20251126_225725_000.7z
2025-11-26 23:01:00,3424.698688,3.424698688,1381.792425,909.136551,1133.769712,768000,768000,1.000000000,1,2025-11-26 23:01:00.000000,2025-11-26 23:01:59.999922,1,BAYxx_xxxx_20251126_225725_000.7z
2025-11-26 23:02:00,3433.946728,3.433946728,1376.096604,918.082583,1139.767542,768000,768000,1.000000000,1,2025-11-26 23:02:00.000000,2025-11-26 23:02:59.999922,1,BAYxx_xxxx_20251126_225725_000.7z
2025-11-26 23:03:00,3432.687618,3.432687618,1387.109561,904.427033,1141.151023,768000,768000,1.000000000,1,2025-11-26 23:03:00.000000,2025-11-26 23:03:59.999922,1,BAYxx_xxxx_20251126_225725_000.7z
2025-11-26 23:04:00,3451.033744,3.451033744,1390.463041,923.862830,1136.707873,768000,768000,1.000000000,1,2025-11-26 23:04:00.000000,2025-11-26 23:04:59.999922,1,BAYxx_xxxx_20251126_225725_000.7z
2025-11-26 23:05:00,3437.130483,3.437130483,1379.657833,920.834607,1136.638043,768000,768000,1.000000000,1,2025-11-26 23:05:00.000000,2025-11-26 23:05:59.999922,1,BAYxx_xxxx_20251126_225725_000.7z
2025-11-26 23:06:00,3441.208658,3.441208658,1381.454754,916.970630,1142.783274,768000,768000,1.000000000,1,2025-11-26 23:06:00.000000,2025-11-26 23:06:59.999922,1,BAYxx_xxxx_20251126_225725_000.7z
2025-11-26 23:07:00,3442.217430,3.442217430,1378.712467,924.554731,1138.950232,729642,768000,0.950054687,0,2025-11-26 23:07:00.000000,2025-11-26 23:07:59.999922,2,BAYxx_xxxx_20251126_225725_000.7z;BAYxx_xxxx_20251126_230728_000.7z
2025-11-26 23:08:00,3453.011199,3.453011199,1382.754591,927.146561,1143.110048,768000,768000,1.000000000,1,2025-11-26 23:08:00.000000,2025-11-26 23:08:59.999922,1,BAYxx_xxxx_20251126_230728_000.7z
2025-11-26 23:09:00,3454.137925,3.454137925,1380.234542,931.627081,1142.276302,768000,768000,1.000000000,1,2025-11-26 23:09:00.000000,2025-11-26 23:09:59.999922,1,BAYxx_xxxx_20251126_230728_000.7z
2025-11-26 23:10:00,3464.473628,3.464473628,1389.829611,926.270110,1148.373907,768000,768000,1.000000000,1,2025-11-26 23:10:00.000000,2025-11-26 23:10:59.999922,1,BAYxx_xxxx_20251126_230728_000.7z
2025-11-26 23:11:00,4126.119054,4.126119054,1608.648882,1150.410513,1367.059658,768000,768000,1.000000000,1,2025-11-26 23:11:00.000000,2025-11-26 23:11:59.999922,1,BAYxx_xxxx_20251126_230728_000.7z
2025-11-26 23:12:00,8254.495044,8.254495044,2890.074083,2583.755564,2780.665396,768000,768000,1.000000000,1,2025-11-26 23:12:00.000000,2025-11-26 23:12:59.999922,1,BAYxx_xxxx_20251126_230728_000.7z
2025-11-26 23:13:00,25727.716128,25.727716128,8346.737667,8564.040425,8816.938035,768000,768000,1.000000000,1,2025-11-26 23:13:00.000000,2025-11-26 23:13:59.999922,1,BAYxx_xxxx_20251126_230728_000.7z
2025-11-26 23:14:00,26269.898777,26.269898777,8504.576789,8771.570047,8993.751941,768000,768000,1.000000000,1,2025-11-26 23:14:00.000000,2025-11-26 23:14:59.999922,1,BAYxx_xxxx_20251126_230728_000.7z
2025-11-26 23:15:00,27411.884854,27.411884854,8907.583432,9136.083311,9368.218111,768000,768000,1.000000000,1,2025-11-26 23:15:00.000000,2025-11-26 23:15:59.999922,1,BAYxx_xxxx_20251126_230728_000.7z
2025-11-26 23:16:00,28335.831748,28.335831748,9217.397972,9437.778460,9680.655316,768000,768000,1.000000000,1,2025-11-26 23:16:00.000000,2025-11-26 23:16:59.999922,1,BAYxx_xxxx_20251126_230728_000.7z
2025-11-26 23:17:00,29143.824836,29.143824836,9496.450931,9694.989184,9952.384721,729627,768000,0.950035156,0,2025-11-26 23:17:00.000000,2025-11-26 23:17:59.999922,2,BAYxx_xxxx_20251126_230728_000.7z;BAYxx_xxxx_20251126_231731_000.7z
2025-11-26 23:18:00,30292.376300,30.292376300,9873.380786,10060.691316,10358.304197,768000,768000,1.000000000,1,2025-11-26 23:18:00.000000,2025-11-26 23:18:59.999922,1,BAYxx_xxxx_20251126_231731_000.7z
2025-11-26 23:19:00,11035.463353,11.035463353,3794.941889,3506.949123,3733.572341,768000,768000,1.000000000,1,2025-11-26 23:19:00.000000,2025-11-26 23:19:59.999922,1,BAYxx_xxxx_20251126_231731_000.7z
2025-11-26 23:20:00,3425.598417,3.425598417,1386.236875,910.763581,1128.597961,768000,768000,1.000000000,1,2025-11-26 23:20:00.000000,2025-11-26 23:20:59.999922,1,BAYxx_xxxx_20251126_231731_000.7z
2025-11-26 23:21:00,3433.442654,3.433442654,1388.435890,917.960942,1127.045823,768000,768000,1.000000000,1,2025-11-26 23:21:00.000000,2025-11-26 23:21:59.999922,1,BAYxx_xxxx_20251126_231731_000.7z
2025-11-26 23:22:00,3421.038633,3.421038633,1376.706828,916.497312,1127.834493,768000,768000,1.000000000,1,2025-11-26 23:22:00.000000,2025-11-26 23:22:59.999922,1,BAYxx_xxxx_20251126_231731_000.7z
2025-11-26 23:23:00,3420.988455,3.420988455,1381.921454,916.247607,1122.819393,768000,768000,1.000000000,1,2025-11-26 23:23:00.000000,2025-11-26 23:23:59.999922,1,BAYxx_xxxx_20251126_231731_000.7z
2025-11-26 23:24:00,3433.296232,3.433296232,1383.453165,919.676726,1130.166342,768000,768000,1.000000000,1,2025-11-26 23:24:00.000000,2025-11-26 23:24:59.999922,1,BAYxx_xxxx_20251126_231731_000.7z
2025-11-26 23:25:00,3339.905731,3.339905731,1384.350954,922.362175,1033.192602,768000,768000,1.000000000,1,2025-11-26 23:25:00.000000,2025-11-26 23:25:59.999922,1,BAYxx_xxxx_20251126_231731_000.7z
2025-11-26 23:26:00,3337.363016,3.337363016,1377.365278,930.650672,1029.347066,768000,768000,1.000000000,1,2025-11-26 23:26:00.000000,2025-11-26 23:26:59.999922,1,BAYxx_xxxx_20251126_231731_000.7z
2025-11-26 23:27:00,3336.326772,3.336326772,1381.105974,923.932585,1031.288213,729683,768000,0.950108073,0,2025-11-26 23:27:00.000000,2025-11-26 23:27:59.999922,2,BAYxx_xxxx_20251126_231731_000.7z;BAYxx_xxxx_20251126_232734_000.7z
2025-11-26 23:28:00,3353.032399,3.353032399,1385.071355,930.806617,1037.154427,768000,768000,1.000000000,1,2025-11-26 23:28:00.000000,2025-11-26 23:28:59.999922,1,BAYxx_xxxx_20251126_232734_000.7z
2025-11-26 23:29:00,3355.730909,3.355730909,1384.335054,932.327807,1039.068048,768000,768000,1.000000000,1,2025-11-26 23:29:00.000000,2025-11-26 23:29:59.999922,1,BAYxx_xxxx_20251126_232734_000.7z
2025-11-26 23:30:00,3357.796893,3.357796893,1386.124209,926.584273,1045.088412,768000,768000,1.000000000,1,2025-11-26 23:30:00.000000,2025-11-26 23:30:59.999922,1,BAYxx_xxxx_20251126_232734_000.7z
2025-11-26 23:31:00,3364.132998,3.364132998,1393.406991,932.884410,1037.841597,768000,768000,1.000000000,1,2025-11-26 23:31:00.000000,2025-11-26 23:31:59.999922,1,BAYxx_xxxx_20251126_232734_000.7z
2025-11-26 23:32:00,3350.837429,3.350837429,1398.458445,911.004613,1041.374371,768000,768000,1.000000000,1,2025-11-26 23:32:00.000000,2025-11-26 23:32:59.999922,1,BAYxx_xxxx_20251126_232734_000.7z
2025-11-26 23:33:00,3359.877889,3.359877889,1404.278020,920.616310,1034.983559,768000,768000,1.000000000,1,2025-11-26 23:33:00.000000,2025-11-26 23:33:59.999922,1,BAYxx_xxxx_20251126_232734_000.7z
2025-11-26 23:34:00,3365.292402,3.365292402,1397.134015,930.768590,1037.389798,768000,768000,1.000000000,1,2025-11-26 23:34:00.000000,2025-11-26 23:34:59.999922,1,BAYxx_xxxx_20251126_232734_000.7z
2025-11-26 23:35:00,3371.341295,3.371341295,1405.162112,933.204732,1032.974450,768000,768000,1.000000000,1,2025-11-26 23:35:00.000000,2025-11-26 23:35:59.999922,1,BAYxx_xxxx_20251126_232734_000.7z
2025-11-26 23:36:00,3359.378225,3.359378225,1401.764362,927.775181,1029.838683,768000,768000,1.000000000,1,2025-11-26 23:36:00.000000,2025-11-26 23:36:59.999922,1,BAYxx_xxxx_20251126_232734_000.7z
2025-11-26 23:37:00,3351.318682,3.351318682,1396.748215,921.511727,1033.058740,716928,768000,0.933500000,0,2025-11-26 23:37:00.000000,2025-11-26 23:37:59.999922,2,BAYxx_xxxx_20251126_232734_000.7z;BAYxx_xxxx_20251126_233738_000.7z
2025-11-26 23:38:00,3354.898153,3.354898153,1406.023543,913.764515,1035.110095,768000,768000,1.000000000,1,2025-11-26 23:38:00.000000,2025-11-26 23:38:59.999922,1,BAYxx_xxxx_20251126_233738_000.7z
2025-11-26 23:39:00,3346.625198,3.346625198,1400.828152,914.624589,1031.172458,768000,768000,1.000000000,1,2025-11-26 23:39:00.000000,2025-11-26 23:39:59.999922,1,BAYxx_xxxx_20251126_233738_000.7z
2025-11-26 23:40:00,3441.027509,3.441027509,1402.239861,918.393583,1120.394066,768000,768000,1.000000000,1,2025-11-26 23:40:00.000000,2025-11-26 23:40:59.999922,1,BAYxx_xxxx_20251126_233738_000.7z
2025-11-26 23:41:00,3445.459917,3.445459917,1384.994116,925.340615,1135.125186,768000,768000,1.000000000,1,2025-11-26 23:41:00.000000,2025-11-26 23:41:59.999922,1,BAYxx_xxxx_20251126_233738_000.7z
2025-11-26 23:42:00,3446.060433,3.446060433,1385.772921,925.886593,1134.400919,768000,768000,1.000000000,1,2025-11-26 23:42:00.000000,2025-11-26 23:42:59.999922,1,BAYxx_xxxx_20251126_233738_000.7z
2025-11-26 23:43:00,3446.288970,3.446288970,1389.653814,922.966296,1133.668860,768000,768000,1.000000000,1,2025-11-26 23:43:00.000000,2025-11-26 23:43:59.999922,1,BAYxx_xxxx_20251126_233738_000.7z
2025-11-26 23:44:00,3444.860260,3.444860260,1386.650502,924.471576,1133.738182,768000,768000,1.000000000,1,2025-11-26 23:44:00.000000,2025-11-26 23:44:59.999922,1,BAYxx_xxxx_20251126_233738_000.7z
2025-11-26 23:45:00,3404.928239,3.404928239,1368.065637,916.891682,1119.970920,768000,768000,1.000000000,1,2025-11-26 23:45:00.000000,2025-11-26 23:45:59.999922,1,BAYxx_xxxx_20251126_233738_000.7z
2025-11-26 23:46:00,3405.929823,3.405929823,1363.007344,922.220384,1120.702096,768000,768000,1.000000000,1,2025-11-26 23:46:00.000000,2025-11-26 23:46:59.999922,1,BAYxx_xxxx_20251126_233738_000.7z
2025-11-26 23:47:00,3395.586181,3.395586181,1365.204175,911.279429,1119.102577,729718,768000,0.950153646,0,2025-11-26 23:47:00.000000,2025-11-26 23:47:59.999922,2,BAYxx_xxxx_20251126_233738_000.7z;BAYxx_xxxx_20251126_234741_000.7z
2025-11-26 23:48:00,3399.783963,3.399783963,1376.545348,908.878928,1114.359687,768000,768000,1.000000000,1,2025-11-26 23:48:00.000000,2025-11-26 23:48:59.999922,1,BAYxx_xxxx_20251126_234741_000.7z
2025-11-26 23:49:00,5022.746569,5.022746569,1913.431470,1458.426312,1650.888788,768000,768000,1.000000000,1,2025-11-26 23:49:00.000000,2025-11-26 23:49:59.999922,1,BAYxx_xxxx_20251126_234741_000.7z
2025-11-26 23:50:00,20916.771341,20.916771341,6921.772243,6890.291316,7104.707782,768000,768000,1.000000000,1,2025-11-26 23:50:00.000000,2025-11-26 23:50:59.999922,1,BAYxx_xxxx_20251126_234741_000.7z
2025-11-26 23:51:00,25876.468718,25.876468718,8477.445521,8586.412032,8812.611165,768000,768000,1.000000000,1,2025-11-26 23:51:00.000000,2025-11-26 23:51:59.999922,1,BAYxx_xxxx_20251126_234741_000.7z
2025-11-26 23:52:00,27100.495215,27.100495215,8911.912248,8972.264678,9216.318290,768000,768000,1.000000000,1,2025-11-26 23:52:00.000000,2025-11-26 23:52:59.999922,1,BAYxx_xxxx_20251126_234741_000.7z
2025-11-26 23:53:00,27763.012680,27.763012680,9095.754722,9208.884258,9458.373700,768000,768000,1.000000000,1,2025-11-26 23:53:00.000000,2025-11-26 23:53:59.999922,1,BAYxx_xxxx_20251126_234741_000.7z
2025-11-26 23:54:00,28484.389333,28.484389333,9283.706935,9482.200065,9718.482334,768000,768000,1.000000000,1,2025-11-26 23:54:00.000000,2025-11-26 23:54:59.999922,1,BAYxx_xxxx_20251126_234741_000.7z
2025-11-26 23:55:00,29061.732492,29.061732492,9460.852217,9687.921434,9912.958841,768000,768000,1.000000000,1,2025-11-26 23:55:00.000000,2025-11-26 23:55:59.999922,1,BAYxx_xxxx_20251126_234741_000.7z
2025-11-26 23:56:00,19683.627324,19.683627324,6520.302486,6471.369626,6691.955212,768000,768000,1.000000000,1,2025-11-26 23:56:00.000000,2025-11-26 23:56:59.999922,1,BAYxx_xxxx_20251126_234741_000.7z
2025-11-26 23:57:00,3388.697853,3.388697853,1370.540390,901.399685,1116.757779,704021,768000,0.916694010,0,2025-11-26 23:57:00.000000,2025-11-26 23:57:59.999922,2,BAYxx_xxxx_20251126_234741_000.7z;BAYxx_xxxx_20251126_235746_000.7z
2025-11-26 23:58:00,3382.580323,3.382580323,1369.211803,898.333162,1115.035358,768000,768000,1.000000000,1,2025-11-26 23:58:00.000000,2025-11-26 23:58:59.999922,1,BAYxx_xxxx_20251126_235746_000.7z
2025-11-26 23:59:00,3403.541996,3.403541996,1378.220194,910.065928,1115.255874,768000,768000,1.000000000,1,2025-11-26 23:59:00.000000,2025-11-26 23:59:59.999922,1,BAYxx_xxxx_20251126_235746_000.7z
2025-11-27 00:00:00,3394.438381,3.394438381,1376.299680,906.231323,1111.907378,768000,768000,1.000000000,1,2025-11-27 00:00:00.000000,2025-11-27 00:00:59.999922,1,BAYxx_xxxx_20251126_235746_000.7z
2025-11-27 00:01:00,3390.446618,3.390446618,1371.132555,907.261237,1112.052826,768000,768000,1.000000000,1,2025-11-27 00:01:00.000000,2025-11-27 00:01:59.999922,1,BAYxx_xxxx_20251126_235746_000.7z
2025-11-27 00:02:00,3400.235740,3.400235740,1380.822617,908.081981,1111.331143,768000,768000,1.000000000,1,2025-11-27 00:02:00.000000,2025-11-27 00:02:59.999922,1,BAYxx_xxxx_20251126_235746_000.7z
2025-11-27 00:03:00,3399.677828,3.399677828,1379.503698,906.307679,1113.866451,768000,768000,1.000000000,1,2025-11-27 00:03:00.000000,2025-11-27 00:03:59.999922,1,BAYxx_xxxx_20251126_235746_000.7z
2025-11-27 00:04:00,3397.153606,3.397153606,1383.962707,903.597194,1109.593706,768000,768000,1.000000000,1,2025-11-27 00:04:00.000000,2025-11-27 00:04:59.999922,1,BAYxx_xxxx_20251126_235746_000.7z
2025-11-27 00:05:00,3393.560228,3.393560228,1367.234569,915.820764,1110.504895,768000,768000,1.000000000,1,2025-11-27 00:05:00.000000,2025-11-27 00:05:59.999922,1,BAYxx_xxxx_20251126_235746_000.7z
2025-11-27 00:06:00,3406.912067,3.406912067,1378.185068,915.744312,1112.982688,768000,768000,1.000000000,1,2025-11-27 00:06:00.000000,2025-11-27 00:06:59.999922,1,BAYxx_xxxx_20251126_235746_000.7z
2025-11-27 00:07:00,3402.582182,3.402582182,1379.522914,908.638045,1114.421223,729674,768000,0.950096354,0,2025-11-27 00:07:00.000000,2025-11-27 00:07:59.999922,2,BAYxx_xxxx_20251126_235746_000.7z;BAYxx_xxxx_20251127_000749_000.7z
2025-11-27 00:08:00,4104.219824,4.104219824,1612.541629,1142.415388,1349.262807,768000,768000,1.000000000,1,2025-11-27 00:08:00.000000,2025-11-27 00:08:59.999922,1,BAYxx_xxxx_20251127_000749_000.7z
2025-11-27 00:09:00,8653.420757,8.653420757,3031.266750,2721.764275,2900.389732,768000,768000,1.000000000,1,2025-11-27 00:09:00.000000,2025-11-27 00:09:59.999922,1,BAYxx_xxxx_20251127_000749_000.7z
2025-11-27 00:10:00,25604.818062,25.604818062,8349.173647,8547.578078,8708.066338,768000,768000,1.000000000,1,2025-11-27 00:10:00.000000,2025-11-27 00:10:59.999922,1,BAYxx_xxxx_20251127_000749_000.7z
2025-11-27 00:11:00,26119.220276,26.119220276,8551.045946,8710.191036,8857.983294,768000,768000,1.000000000,1,2025-11-27 00:11:00.000000,2025-11-27 00:11:59.999922,1,BAYxx_xxxx_20251127_000749_000.7z
2025-11-27 00:12:00,27176.600933,27.176600933,8881.081061,9084.893014,9210.626858,768000,768000,1.000000000,1,2025-11-27 00:12:00.000000,2025-11-27 00:12:59.999922,1,BAYxx_xxxx_20251127_000749_000.7z
2025-11-27 00:13:00,28121.152019,28.121152019,9181.865913,9388.475808,9550.810297,768000,768000,1.000000000,1,2025-11-27 00:13:00.000000,2025-11-27 00:13:59.999922,1,BAYxx_xxxx_20251127_000749_000.7z
2025-11-27 00:14:00,28973.038076,28.973038076,9445.072997,9678.084349,9849.880730,768000,768000,1.000000000,1,2025-11-27 00:14:00.000000,2025-11-27 00:14:59.999922,1,BAYxx_xxxx_20251127_000749_000.7z
2025-11-27 00:15:00,29661.247749,29.661247749,9675.743578,9902.013808,10083.490363,768000,768000,1.000000000,1,2025-11-27 00:15:00.000000,2025-11-27 00:15:59.999922,1,BAYxx_xxxx_20251127_000749_000.7z
2025-11-27 00:16:00,8759.429946,8.759429946,3098.042689,2764.870082,2896.517174,768000,768000,1.000000000,1,2025-11-27 00:16:00.000000,2025-11-27 00:16:59.999922,1,BAYxx_xxxx_20251127_000749_000.7z
2025-11-27 00:17:00,3275.391519,3.275391519,1366.154414,895.969032,1013.268073,742433,768000,0.966709635,0,2025-11-27 00:17:00.000000,2025-11-27 00:17:59.999922,2,BAYxx_xxxx_20251127_000749_000.7z;BAYxx_xxxx_20251127_001751_000.7z
2025-11-27 00:18:00,3285.587439,3.285587439,1372.840505,895.529987,1017.216947,768000,768000,1.000000000,1,2025-11-27 00:18:00.000000,2025-11-27 00:18:59.999922,1,BAYxx_xxxx_20251127_001751_000.7z
2025-11-27 00:19:00,3295.664836,3.295664836,1370.687972,901.955277,1023.021586,768000,768000,1.000000000,1,2025-11-27 00:19:00.000000,2025-11-27 00:19:59.999922,1,BAYxx_xxxx_20251127_001751_000.7z
2025-11-27 00:20:00,3285.750119,3.285750119,1376.589845,892.548628,1016.611646,768000,768000,1.000000000,1,2025-11-27 00:20:00.000000,2025-11-27 00:20:59.999922,1,BAYxx_xxxx_20251127_001751_000.7z
2025-11-27 00:21:00,3290.110546,3.290110546,1378.978871,887.862230,1023.269445,768000,768000,1.000000000,1,2025-11-27 00:21:00.000000,2025-11-27 00:21:59.999922,1,BAYxx_xxxx_20251127_001751_000.7z
2025-11-27 00:22:00,3301.626464,3.301626464,1392.945748,885.664409,1023.016307,768000,768000,1.000000000,1,2025-11-27 00:22:00.000000,2025-11-27 00:22:59.999922,1,BAYxx_xxxx_20251127_001751_000.7z
2025-11-27 00:23:00,3297.659515,3.297659515,1386.937261,888.119001,1022.603253,768000,768000,1.000000000,1,2025-11-27 00:23:00.000000,2025-11-27 00:23:59.999922,1,BAYxx_xxxx_20251127_001751_000.7z
2025-11-27 00:24:00,3312.387329,3.312387329,1382.123114,902.326940,1027.937276,768000,768000,1.000000000,1,2025-11-27 00:24:00.000000,2025-11-27 00:24:59.999922,1,BAYxx_xxxx_20251127_001751_000.7z
2025-11-27 00:25:00,3347.728350,3.347728350,1378.115326,894.561276,1075.051747,768000,768000,1.000000000,1,2025-11-27 00:25:00.000000,2025-11-27 00:25:59.999922,1,BAYxx_xxxx_20251127_001751_000.7z
2025-11-27 00:26:00,3396.907361,3.396907361,1373.021547,902.386605,1121.499209,768000,768000,1.000000000,1,2025-11-27 00:26:00.000000,2025-11-27 00:26:59.999922,1,BAYxx_xxxx_20251127_001751_000.7z
2025-11-27 00:27:00,3403.414479,3.403414479,1373.444053,907.006984,1122.963441,716850,768000,0.933398437,0,2025-11-27 00:27:00.000000,2025-11-27 00:27:59.999922,2,BAYxx_xxxx_20251127_001751_000.7z;BAYxx_xxxx_20251127_002755_000.7z
2025-11-27 00:28:00,3422.422549,3.422422549,1383.709040,911.012211,1127.701298,768000,768000,1.000000000,1,2025-11-27 00:28:00.000000,2025-11-27 00:28:59.999922,1,BAYxx_xxxx_20251127_002755_000.7z
2025-11-27 00:29:00,3416.486324,3.416486324,1377.260523,912.362249,1126.863553,768000,768000,1.000000000,1,2025-11-27 00:29:00.000000,2025-11-27 00:29:59.999922,1,BAYxx_xxxx_20251127_002755_000.7z
2025-11-27 00:30:00,3416.635993,3.416635993,1372.471455,915.383064,1128.781474,768000,768000,1.000000000,1,2025-11-27 00:30:00.000000,2025-11-27 00:30:59.999922,1,BAYxx_xxxx_20251127_002755_000.7z
2025-11-27 00:31:00,3422.592933,3.422592933,1379.219040,919.978456,1123.395436,768000,768000,1.000000000,1,2025-11-27 00:31:00.000000,2025-11-27 00:31:59.999922,1,BAYxx_xxxx_20251127_002755_000.7z
2025-11-27 00:32:00,3415.137119,3.415137119,1375.277221,915.064194,1124.795704,768000,768000,1.000000000,1,2025-11-27 00:32:00.000000,2025-11-27 00:32:59.999922,1,BAYxx_xxxx_20251127_002755_000.7z
2025-11-27 00:33:00,3431.264042,3.431264042,1384.288261,914.385147,1132.590633,768000,768000,1.000000000,1,2025-11-27 00:33:00.000000,2025-11-27 00:33:59.999922,1,BAYxx_xxxx_20251127_002755_000.7z
2025-11-27 00:34:00,3401.023799,3.401023799,1374.225607,906.278267,1120.519924,768000,768000,1.000000000,1,2025-11-27 00:34:00.000000,2025-11-27 00:34:59.999922,1,BAYxx_xxxx_20251127_002755_000.7z
2025-11-27 00:35:00,3834.523095,3.834523095,1515.117636,1049.888486,1269.516973,768000,768000,1.000000000,1,2025-11-27 00:35:00.000000,2025-11-27 00:35:59.999922,1,BAYxx_xxxx_20251127_002755_000.7z
2025-11-27 00:36:00,5550.619109,5.550619109,2056.248246,1649.820119,1844.550743,768000,768000,1.000000000,1,2025-11-27 00:36:00.000000,2025-11-27 00:36:59.999922,1,BAYxx_xxxx_20251127_002755_000.7z
2025-11-27 00:37:00,26026.877160,26.026877160,8472.545110,8650.587413,8903.744637,729730,768000,0.950169271,0,2025-11-27 00:37:00.000000,2025-11-27 00:37:59.999922,2,BAYxx_xxxx_20251127_002755_000.7z;BAYxx_xxxx_20251127_003758_000.7z
2025-11-27 00:38:00,26857.778889,26.857778889,8746.729966,8932.321369,9178.727555,768000,768000,1.000000000,1,2025-11-27 00:38:00.000000,2025-11-27 00:38:59.999922,1,BAYxx_xxxx_20251127_003758_000.7z
2025-11-27 00:39:00,28193.003832,28.193003832,9167.759222,9370.215202,9655.029409,768000,768000,1.000000000,1,2025-11-27 00:39:00.000000,2025-11-27 00:39:59.999922,1,BAYxx_xxxx_20251127_003758_000.7z
2025-11-27 00:40:00,29068.874470,29.068874470,9443.628478,9678.090671,9947.155321,768000,768000,1.000000000,1,2025-11-27 00:40:00.000000,2025-11-27 00:40:59.999922,1,BAYxx_xxxx_20251127_003758_000.7z
2025-11-27 00:41:00,29890.476903,29.890476903,9715.410117,9946.073628,10228.993158,768000,768000,1.000000000,1,2025-11-27 00:41:00.000000,2025-11-27 00:41:59.999922,1,BAYxx_xxxx_20251127_003758_000.7z
2025-11-27 00:42:00,18156.512318,18.156512318,6042.831940,5925.301906,6188.378472,768000,768000,1.000000000,1,2025-11-27 00:42:00.000000,2025-11-27 00:42:59.999922,1,BAYxx_xxxx_20251127_003758_000.7z
2025-11-27 00:43:00,3405.858871,3.405858871,1382.181197,905.949550,1117.728124,768000,768000,1.000000000,1,2025-11-27 00:43:00.000000,2025-11-27 00:43:59.999922,1,BAYxx_xxxx_20251127_003758_000.7z
2025-11-27 00:44:00,3388.955730,3.388955730,1380.030281,901.974194,1106.951256,768000,768000,1.000000000,1,2025-11-27 00:44:00.000000,2025-11-27 00:44:59.999922,1,BAYxx_xxxx_20251127_003758_000.7z
2025-11-27 00:45:00,3387.427301,3.387427301,1378.705082,902.079572,1106.642648,768000,768000,1.000000000,1,2025-11-27 00:45:00.000000,2025-11-27 00:45:59.999922,1,BAYxx_xxxx_20251127_003758_000.7z
2025-11-27 00:46:00,3388.887044,3.388887044,1377.972884,901.672321,1109.241839,768000,768000,1.000000000,1,2025-11-27 00:46:00.000000,2025-11-27 00:46:59.999922,1,BAYxx_xxxx_20251127_003758_000.7z
2025-11-27 00:47:00,3392.404970,3.392404970,1380.905913,899.278084,1112.220973,742427,768000,0.966701823,0,2025-11-27 00:47:00.000000,2025-11-27 00:47:58.002031,1,BAYxx_xxxx_20251127_003758_000.7z
2025-11-27 00:48:00,3401.445855,3.401445855,1378.653263,907.869893,1114.922699,755200,768000,0.983333333,0,2025-11-27 00:48:01.000000,2025-11-27 00:48:59.999922,1,BAYxx_xxxx_20251127_004801_000.7z
2025-11-27 00:49:00,3398.796442,3.398796442,1378.086971,902.331074,1118.378398,768000,768000,1.000000000,1,2025-11-27 00:49:00.000000,2025-11-27 00:49:59.999922,1,BAYxx_xxxx_20251127_004801_000.7z
2025-11-27 00:50:00,3406.338238,3.406338238,1376.481759,912.225005,1117.631474,768000,768000,1.000000000,1,2025-11-27 00:50:00.000000,2025-11-27 00:50:59.999922,1,BAYxx_xxxx_20251127_004801_000.7z
2025-11-27 00:51:00,3406.128246,3.406128246,1380.376635,905.129302,1120.622309,768000,768000,1.000000000,1,2025-11-27 00:51:00.000000,2025-11-27 00:51:59.999922,1,BAYxx_xxxx_20251127_004801_000.7z
2025-11-27 00:52:00,3409.403178,3.409403178,1379.877441,910.689322,1118.836415,768000,768000,1.000000000,1,2025-11-27 00:52:00.000000,2025-11-27 00:52:59.999922,1,BAYxx_xxxx_20251127_004801_000.7z
2025-11-27 00:53:00,3408.161150,3.408161150,1377.152693,909.506282,1121.502175,768000,768000,1.000000000,1,2025-11-27 00:53:00.000000,2025-11-27 00:53:59.999922,1,BAYxx_xxxx_20251127_004801_000.7z
2025-11-27 00:54:00,3420.099024,3.420099024,1384.766688,911.159309,1124.173027,768000,768000,1.000000000,1,2025-11-27 00:54:00.000000,2025-11-27 00:54:59.999922,1,BAYxx_xxxx_20251127_004801_000.7z
2025-11-27 00:55:00,3397.940655,3.397940655,1383.567773,914.316965,1100.055917,768000,768000,1.000000000,1,2025-11-27 00:55:00.000000,2025-11-27 00:55:59.999922,1,BAYxx_xxxx_20251127_004801_000.7z
2025-11-27 00:56:00,3317.144913,3.317144913,1381.429937,908.951994,1026.762983,768000,768000,1.000000000,1,2025-11-27 00:56:00.000000,2025-11-27 00:56:59.999922,1,BAYxx_xxxx_20251127_004801_000.7z
2025-11-27 00:57:00,3336.783999,3.336783999,1390.361700,911.633352,1034.788947,768000,768000,1.000000000,1,2025-11-27 00:57:00.000000,2025-11-27 00:57:59.999922,1,BAYxx_xxxx_20251127_004801_000.7z
2025-11-27 00:58:00,3833.629878,3.833629878,1551.597781,1081.563608,1200.468489,716871,768000,0.933425781,0,2025-11-27 00:58:00.000000,2025-11-27 00:58:59.999922,2,BAYxx_xxxx_20251127_004801_000.7z;BAYxx_xxxx_20251127_005805_000.7z
2025-11-27 00:59:00,6059.056435,6.059056435,2250.291792,1856.532172,1952.232471,768000,768000,1.000000000,1,2025-11-27 00:59:00.000000,2025-11-27 00:59:59.999922,1,BAYxx_xxxx_20251127_005805_000.7z
2025-11-27 01:00:00,25910.538237,25.910538237,8448.537937,8655.071576,8806.928724,768000,768000,1.000000000,1,2025-11-27 01:00:00.000000,2025-11-27 01:00:59.999922,1,BAYxx_xxxx_20251127_005805_000.7z
2025-11-27 01:01:00,26602.117409,26.602117409,8683.080520,8891.226350,9027.810539,768000,768000,1.000000000,1,2025-11-27 01:01:00.000000,2025-11-27 01:01:59.999922,1,BAYxx_xxxx_20251127_005805_000.7z
2025-11-27 01:02:00,27856.056935,27.856056935,9105.627194,9289.357860,9461.071880,768000,768000,1.000000000,1,2025-11-27 01:02:00.000000,2025-11-27 01:02:59.999922,1,BAYxx_xxxx_20251127_005805_000.7z
2025-11-27 01:03:00,28881.253727,28.881253727,9423.657427,9652.424713,9805.171586,768000,768000,1.000000000,1,2025-11-27 01:03:00.000000,2025-11-27 01:03:59.999922,1,BAYxx_xxxx_20251127_005805_000.7z
2025-11-27 01:04:00,29688.678065,29.688678065,9662.317544,9927.540832,10098.819688,768000,768000,1.000000000,1,2025-11-27 01:04:00.000000,2025-11-27 01:04:59.999922,1,BAYxx_xxxx_20251127_005805_000.7z
2025-11-27 01:05:00,16626.386576,16.626386576,5566.280604,5457.964008,5602.141964,768000,768000,1.000000000,1,2025-11-27 01:05:00.000000,2025-11-27 01:05:59.999922,1,BAYxx_xxxx_20251127_005805_000.7z
2025-11-27 01:06:00,3288.500272,3.288500272,1370.119749,902.942322,1015.438201,768000,768000,1.000000000,1,2025-11-27 01:06:00.000000,2025-11-27 01:06:59.999922,1,BAYxx_xxxx_20251127_005805_000.7z
2025-11-27 01:07:00,3289.137218,3.289137218,1372.030613,901.902688,1015.203916,768000,768000,1.000000000,1,2025-11-27 01:07:00.000000,2025-11-27 01:07:59.999922,1,BAYxx_xxxx_20251127_005805_000.7z
2025-11-27 01:08:00,3291.696063,3.291696063,1378.098563,899.183493,1014.414007,729673,768000,0.950095052,0,2025-11-27 01:08:00.000000,2025-11-27 01:08:59.999922,2,BAYxx_xxxx_20251127_005805_000.7z;BAYxx_xxxx_20251127_010808_000.7z
2025-11-27 01:09:00,3298.768502,3.298768502,1377.702386,905.254298,1015.811818,768000,768000,1.000000000,1,2025-11-27 01:09:00.000000,2025-11-27 01:09:59.999922,1,BAYxx_xxxx_20251127_010808_000.7z
2025-11-27 01:10:00,3316.148002,3.316148002,1377.462350,907.250313,1031.435338,768000,768000,1.000000000,1,2025-11-27 01:10:00.000000,2025-11-27 01:10:59.999922,1,BAYxx_xxxx_20251127_010808_000.7z
2025-11-27 01:11:00,3397.675593,3.397675593,1373.691109,906.617231,1117.367252,768000,768000,1.000000000,1,2025-11-27 01:11:00.000000,2025-11-27 01:11:59.999922,1,BAYxx_xxxx_20251127_010808_000.7z
2025-11-27 01:12:00,3402.976752,3.402976752,1368.080232,913.392565,1121.503955,768000,768000,1.000000000,1,2025-11-27 01:12:00.000000,2025-11-27 01:12:59.999922,1,BAYxx_xxxx_20251127_010808_000.7z
2025-11-27 01:13:00,3413.662445,3.413662445,1384.545837,905.119177,1123.997430,768000,768000,1.000000000,1,2025-11-27 01:13:00.000000,2025-11-27 01:13:59.999922,1,BAYxx_xxxx_20251127_010808_000.7z
2025-11-27 01:14:00,3405.466556,3.405466556,1382.445011,905.234793,1117.786752,768000,768000,1.000000000,1,2025-11-27 01:14:00.000000,2025-11-27 01:14:59.999922,1,BAYxx_xxxx_20251127_010808_000.7z
2025-11-27 01:15:00,3408.080677,3.408080677,1371.509611,909.146883,1127.424183,768000,768000,1.000000000,1,2025-11-27 01:15:00.000000,2025-11-27 01:15:59.999922,1,BAYxx_xxxx_20251127_010808_000.7z
2025-11-27 01:16:00,3420.953924,3.420953924,1383.677684,908.328301,1128.947938,768000,768000,1.000000000,1,2025-11-27 01:16:00.000000,2025-11-27 01:16:59.999922,1,BAYxx_xxxx_20251127_010808_000.7z
2025-11-27 01:17:00,3433.211638,3.433211638,1379.751476,921.615624,1131.844538,768000,768000,1.000000000,1,2025-11-27 01:17:00.000000,2025-11-27 01:17:59.999922,1,BAYxx_xxxx_20251127_010808_000.7z
2025-11-27 01:18:00,3427.610012,3.427610012,1374.060540,922.112241,1131.437231,716867,768000,0.933420573,0,2025-11-27 01:18:00.000000,2025-11-27 01:18:59.999922,2,BAYxx_xxxx_20251127_010808_000.7z;BAYxx_xxxx_20251127_011812_000.7z
2025-11-27 01:19:00,3425.048264,3.425048264,1370.606991,921.216957,1133.224315,768000,768000,1.000000000,1,2025-11-27 01:19:00.000000,2025-11-27 01:19:59.999922,1,BAYxx_xxxx_20251127_011812_000.7z
2025-11-27 01:20:00,3417.930190,3.417930190,1370.483360,918.721899,1128.724932,768000,768000,1.000000000,1,2025-11-27 01:20:00.000000,2025-11-27 01:20:59.999922,1,BAYxx_xxxx_20251127_011812_000.7z
2025-11-27 01:21:00,3434.810794,3.434810794,1391.358619,916.577593,1126.874581,768000,768000,1.000000000,1,2025-11-27 01:21:00.000000,2025-11-27 01:21:59.999922,1,BAYxx_xxxx_20251127_011812_000.7z
2025-11-27 01:22:00,3430.851606,3.430851606,1382.920933,921.531802,1126.398871,768000,768000,1.000000000,1,2025-11-27 01:22:00.000000,2025-11-27 01:22:59.999922,1,BAYxx_xxxx_20251127_011812_000.7z
2025-11-27 01:23:00,3422.092677,3.422092677,1376.156953,913.232435,1132.703289,768000,768000,1.000000000,1,2025-11-27 01:23:00.000000,2025-11-27 01:23:59.999922,1,BAYxx_xxxx_20251127_011812_000.7z
2025-11-27 01:24:00,3430.464949,3.430464949,1375.140875,922.776838,1132.547236,768000,768000,1.000000000,1,2025-11-27 01:24:00.000000,2025-11-27 01:24:59.999922,1,BAYxx_xxxx_20251127_011812_000.7z
2025-11-27 01:25:00,3668.676014,3.668676014,1454.505968,1000.910804,1213.259242,768000,768000,1.000000000,1,2025-11-27 01:25:00.000000,2025-11-27 01:25:59.999922,1,BAYxx_xxxx_20251127_011812_000.7z
2025-11-27 01:26:00,5007.633307,5.007633307,1888.639745,1456.718062,1662.275500,768000,768000,1.000000000,1,2025-11-27 01:26:00.000000,2025-11-27 01:26:59.999922,1,BAYxx_xxxx_20251127_011812_000.7z
2025-11-27 01:27:00,24504.956284,24.504956284,8023.177045,8143.753210,8338.026029,768000,768000,1.000000000,1,2025-11-27 01:27:00.000000,2025-11-27 01:27:59.999922,1,BAYxx_xxxx_20251127_011812_000.7z
2025-11-27 01:28:00,26889.416157,26.889416157,8788.986891,8936.588851,9163.840416,716848,768000,0.933395833,0,2025-11-27 01:28:00.000000,2025-11-27 01:28:59.999922,2,BAYxx_xxxx_20251127_011812_000.7z;BAYxx_xxxx_20251127_012816_000.7z
2025-11-27 01:29:00,28257.586896,28.257586896,9227.528252,9395.946577,9634.112068,768000,768000,1.000000000,1,2025-11-27 01:29:00.000000,2025-11-27 01:29:59.999922,1,BAYxx_xxxx_20251127_012816_000.7z
2025-11-27 01:30:00,29155.411849,29.155411849,9497.030137,9697.019812,9961.361900,768000,768000,1.000000000,1,2025-11-27 01:30:00.000000,2025-11-27 01:30:59.999922,1,BAYxx_xxxx_20251127_012816_000.7z
2025-11-27 01:31:00,25637.238304,25.637238304,8397.250097,8489.675604,8750.312604,768000,768000,1.000000000,1,2025-11-27 01:31:00.000000,2025-11-27 01:31:59.999922,1,BAYxx_xxxx_20251127_012816_000.7z
2025-11-27 01:32:00,3409.993778,3.409993778,1382.361598,907.669377,1119.962802,768000,768000,1.000000000,1,2025-11-27 01:32:00.000000,2025-11-27 01:32:59.999922,1,BAYxx_xxxx_20251127_012816_000.7z
2025-11-27 01:33:00,3386.939710,3.386939710,1367.813121,905.550989,1113.575601,768000,768000,1.000000000,1,2025-11-27 01:33:00.000000,2025-11-27 01:33:59.999922,1,BAYxx_xxxx_20251127_012816_000.7z
2025-11-27 01:34:00,3390.614613,3.390614613,1367.567733,906.787177,1116.259703,768000,768000,1.000000000,1,2025-11-27 01:34:00.000000,2025-11-27 01:34:59.999922,1,BAYxx_xxxx_20251127_012816_000.7z
2025-11-27 01:35:00,3392.401667,3.392401667,1371.178231,904.189700,1117.033736,768000,768000,1.000000000,1,2025-11-27 01:35:00.000000,2025-11-27 01:35:59.999922,1,BAYxx_xxxx_20251127_012816_000.7z
2025-11-27 01:36:00,3403.059215,3.403059215,1382.380693,905.962625,1114.715897,768000,768000,1.000000000,1,2025-11-27 01:36:00.000000,2025-11-27 01:36:59.999922,1,BAYxx_xxxx_20251127_012816_000.7z
2025-11-27 01:37:00,3406.367201,3.406367201,1376.827959,908.921373,1120.617870,768000,768000,1.000000000,1,2025-11-27 01:37:00.000000,2025-11-27 01:37:59.999922,1,BAYxx_xxxx_20251127_012816_000.7z
2025-11-27 01:38:00,3413.878352,3.413878352,1379.846854,913.529967,1120.501531,716805,768000,0.933339844,0,2025-11-27 01:38:00.000000,2025-11-27 01:38:59.999922,2,BAYxx_xxxx_20251127_012816_000.7z;BAYxx_xxxx_20251127_013820_000.7z
2025-11-27 01:39:00,3413.809849,3.413809849,1380.041804,914.671049,1119.096996,768000,768000,1.000000000,1,2025-11-27 01:39:00.000000,2025-11-27 01:39:59.999922,1,BAYxx_xxxx_20251127_013820_000.7z
2025-11-27 01:40:00,3426.883665,3.426883665,1383.553922,920.591393,1122.738351,768000,768000,1.000000000,1,2025-11-27 01:40:00.000000,2025-11-27 01:40:59.999922,1,BAYxx_xxxx_20251127_013820_000.7z
2025-11-27 01:41:00,3343.864523,3.343864523,1383.044868,910.376357,1050.443297,768000,768000,1.000000000,1,2025-11-27 01:41:00.000000,2025-11-27 01:41:59.999922,1,BAYxx_xxxx_20251127_013820_000.7z
2025-11-27 01:42:00,3330.031937,3.330031937,1386.641755,915.397006,1027.993176,768000,768000,1.000000000,1,2025-11-27 01:42:00.000000,2025-11-27 01:42:59.999922,1,BAYxx_xxxx_20251127_013820_000.7z
2025-11-27 01:43:00,3334.216822,3.334216822,1388.813461,913.488502,1031.914858,768000,768000,1.000000000,1,2025-11-27 01:43:00.000000,2025-11-27 01:43:59.999922,1,BAYxx_xxxx_20251127_013820_000.7z
2025-11-27 01:44:00,3336.547513,3.336547513,1391.168845,909.652701,1035.725968,768000,768000,1.000000000,1,2025-11-27 01:44:00.000000,2025-11-27 01:44:59.999922,1,BAYxx_xxxx_20251127_013820_000.7z
2025-11-27 01:45:00,3337.932789,3.337932789,1389.367599,912.500994,1036.064197,768000,768000,1.000000000,1,2025-11-27 01:45:00.000000,2025-11-27 01:45:59.999922,1,BAYxx_xxxx_20251127_013820_000.7z
2025-11-27 01:46:00,3338.207402,3.338207402,1390.168571,911.918142,1036.120688,768000,768000,1.000000000,1,2025-11-27 01:46:00.000000,2025-11-27 01:46:59.999922,1,BAYxx_xxxx_20251127_013820_000.7z
2025-11-27 01:47:00,4718.486148,4.718486148,1835.734218,1388.759180,1493.992749,768000,768000,1.000000000,1,2025-11-27 01:47:00.000000,2025-11-27 01:47:59.999922,1,BAYxx_xxxx_20251127_013820_000.7z
2025-11-27 01:48:00,17873.276661,17.873276661,5944.855197,5939.415259,5989.006206,729658,768000,0.950075521,0,2025-11-27 01:48:00.000000,2025-11-27 01:48:59.999922,2,BAYxx_xxxx_20251127_013820_000.7z;BAYxx_xxxx_20251127_014823_000.7z
2025-11-27 01:49:00,26066.222631,26.066222631,8514.145286,8755.767653,8796.309692,768000,768000,1.000000000,1,2025-11-27 01:49:00.000000,2025-11-27 01:49:59.999922,1,BAYxx_xxxx_20251127_014823_000.7z
2025-11-27 01:50:00,27380.149924,27.380149924,8910.550601,9205.948904,9263.650419,768000,768000,1.000000000,1,2025-11-27 01:50:00.000000,2025-11-27 01:50:59.999922,1,BAYxx_xxxx_20251127_014823_000.7z
2025-11-27 01:51:00,28262.748126,28.262748126,9217.789450,9491.526070,9553.432605,768000,768000,1.000000000,1,2025-11-27 01:51:00.000000,2025-11-27 01:51:59.999922,1,BAYxx_xxxx_20251127_014823_000.7z
2025-11-27 01:52:00,29265.376125,29.265376125,9546.295669,9813.183766,9905.896689,768000,768000,1.000000000,1,2025-11-27 01:52:00.000000,2025-11-27 01:52:59.999922,1,BAYxx_xxxx_20251127_014823_000.7z
2025-11-27 01:53:00,30097.566348,30.097566348,9801.228905,10095.667342,10200.670101,768000,768000,1.000000000,1,2025-11-27 01:53:00.000000,2025-11-27 01:53:59.999922,1,BAYxx_xxxx_20251127_014823_000.7z
2025-11-27 01:54:00,5193.339039,5.193339039,1977.016838,1548.665949,1667.656252,768000,768000,1.000000000,1,2025-11-27 01:54:00.000000,2025-11-27 01:54:59.999922,1,BAYxx_xxxx_20251127_014823_000.7z
2025-11-27 01:55:00,3298.940351,3.298940351,1377.498377,900.699354,1020.742621,768000,768000,1.000000000,1,2025-11-27 01:55:00.000000,2025-11-27 01:55:59.999922,1,BAYxx_xxxx_20251127_014823_000.7z
2025-11-27 01:56:00,3360.260665,3.360260665,1368.741449,903.110710,1088.408506,768000,768000,1.000000000,1,2025-11-27 01:56:00.000000,2025-11-27 01:56:59.999922,1,BAYxx_xxxx_20251127_014823_000.7z
2025-11-27 01:57:00,3400.871029,3.400871029,1373.790447,906.251524,1120.829059,768000,768000,1.000000000,1,2025-11-27 01:57:00.000000,2025-11-27 01:57:59.999922,1,BAYxx_xxxx_20251127_014823_000.7z
2025-11-27 01:58:00,3402.677041,3.402677041,1378.636051,906.840695,1117.200295,729662,768000,0.950080729,0,2025-11-27 01:58:00.000000,2025-11-27 01:58:59.999922,2,BAYxx_xxxx_20251127_014823_000.7z;BAYxx_xxxx_20251127_015826_000.7z
2025-11-27 01:59:00,3408.269389,3.408269389,1377.808943,910.802561,1119.657885,768000,768000,1.000000000,1,2025-11-27 01:59:00.000000,2025-11-27 01:59:59.999922,1,BAYxx_xxxx_20251127_015826_000.7z
2025-11-27 02:00:00,3403.690199,3.403690199,1373.365952,896.929274,1133.394973,768000,768000,1.000000000,1,2025-11-27 02:00:00.000000,2025-11-27 02:00:59.999922,1,BAYxx_xxxx_20251127_015826_000.7z
2025-11-27 02:01:00,3403.984134,3.403984134,1378.480026,897.511106,1127.993002,768000,768000,1.000000000,1,2025-11-27 02:01:00.000000,2025-11-27 02:01:59.999922,1,BAYxx_xxxx_20251127_015826_000.7z
2025-11-27 02:02:00,3416.937505,3.416937505,1379.680058,901.152243,1136.105204,768000,768000,1.000000000,1,2025-11-27 02:02:00.000000,2025-11-27 02:02:59.999922,1,BAYxx_xxxx_20251127_015826_000.7z
2025-11-27 02:03:00,3413.148981,3.413148981,1387.669098,894.695939,1130.783944,768000,768000,1.000000000,1,2025-11-27 02:03:00.000000,2025-11-27 02:03:59.999922,1,BAYxx_xxxx_20251127_015826_000.7z
2025-11-27 02:04:00,3422.410388,3.422410388,1399.240212,891.097658,1132.072518,768000,768000,1.000000000,1,2025-11-27 02:04:00.000000,2025-11-27 02:04:59.999922,1,BAYxx_xxxx_20251127_015826_000.7z
2025-11-27 02:05:00,3435.030036,3.435030036,1397.108882,894.589106,1143.332048,768000,768000,1.000000000,1,2025-11-27 02:05:00.000000,2025-11-27 02:05:59.999922,1,BAYxx_xxxx_20251127_015826_000.7z
2025-11-27 02:06:00,3419.352404,3.419352404,1386.466924,898.764701,1134.120780,768000,768000,1.000000000,1,2025-11-27 02:06:00.000000,2025-11-27 02:06:59.999922,1,BAYxx_xxxx_20251127_015826_000.7z
2025-11-27 02:07:00,3419.433245,3.419433245,1389.103918,896.448461,1133.880866,768000,768000,1.000000000,1,2025-11-27 02:07:00.000000,2025-11-27 02:07:59.999922,1,BAYxx_xxxx_20251127_015826_000.7z
2025-11-27 02:08:00,3416.754031,3.416754031,1385.884458,898.537651,1132.331922,704034,768000,0.916710937,0,2025-11-27 02:08:00.000000,2025-11-27 02:08:59.999922,2,BAYxx_xxxx_20251127_015826_000.7z;BAYxx_xxxx_20251127_020831_000.7z
2025-11-27 02:09:00,3435.310578,3.435310578,1388.642660,911.682400,1134.985517,768000,768000,1.000000000,1,2025-11-27 02:09:00.000000,2025-11-27 02:09:59.999922,1,BAYxx_xxxx_20251127_020831_000.7z
2025-11-27 02:10:00,3412.486215,3.412486215,1384.841518,900.561259,1127.083438,768000,768000,1.000000000,1,2025-11-27 02:10:00.000000,2025-11-27 02:10:59.999922,1,BAYxx_xxxx_20251127_020831_000.7z
2025-11-27 02:11:00,3423.762629,3.423762629,1393.029181,900.320772,1130.412675,768000,768000,1.000000000,1,2025-11-27 02:11:00.000000,2025-11-27 02:11:59.999922,1,BAYxx_xxxx_20251127_020831_000.7z
2025-11-27 02:12:00,3414.384231,3.414384231,1387.142908,897.538717,1129.702606,768000,768000,1.000000000,1,2025-11-27 02:12:00.000000,2025-11-27 02:12:59.999922,1,BAYxx_xxxx_20251127_020831_000.7z
2025-11-27 02:13:00,4247.336033,4.247336033,1658.100026,1182.467283,1406.768723,768000,768000,1.000000000,1,2025-11-27 02:13:00.000000,2025-11-27 02:13:59.999922,1,BAYxx_xxxx_20251127_020831_000.7z
2025-11-27 02:14:00,11025.802817,11.025802817,3780.063630,3513.708554,3732.030633,768000,768000,1.000000000,1,2025-11-27 02:14:00.000000,2025-11-27 02:14:59.999922,1,BAYxx_xxxx_20251127_020831_000.7z
2025-11-27 02:15:00,26608.503540,26.608503540,8648.916003,8859.220269,9100.367268,768000,768000,1.000000000,1,2025-11-27 02:15:00.000000,2025-11-27 02:15:59.999922,1,BAYxx_xxxx_20251127_020831_000.7z
2025-11-27 02:16:00,27470.230061,27.470230061,8890.371145,9180.346138,9399.512778,768000,768000,1.000000000,1,2025-11-27 02:16:00.000000,2025-11-27 02:16:59.999922,1,BAYxx_xxxx_20251127_020831_000.7z
2025-11-27 02:17:00,28544.415243,28.544415243,9261.435230,9529.530299,9753.449714,768000,768000,1.000000000,1,2025-11-27 02:17:00.000000,2025-11-27 02:17:59.999922,1,BAYxx_xxxx_20251127_020831_000.7z
2025-11-27 02:18:00,29507.645523,29.507645523,9598.861051,9835.764651,10073.019821,729737,768000,0.950178385,0,2025-11-27 02:18:00.000000,2025-11-27 02:18:59.999922,2,BAYxx_xxxx_20251127_020831_000.7z;BAYxx_xxxx_20251127_021834_000.7z
2025-11-27 02:19:00,16018.011090,16.018011090,5369.171907,5197.499731,5451.339452,768000,768000,1.000000000,1,2025-11-27 02:19:00.000000,2025-11-27 02:19:59.999922,1,BAYxx_xxxx_20251127_021834_000.7z
2025-11-27 02:20:00,3399.739478,3.399739478,1386.534209,889.171324,1124.033945,768000,768000,1.000000000,1,2025-11-27 02:20:00.000000,2025-11-27 02:20:59.999922,1,BAYxx_xxxx_20251127_021834_000.7z
2025-11-27 02:21:00,3387.447378,3.387447378,1376.798640,892.562393,1118.086346,768000,768000,1.000000000,1,2025-11-27 02:21:00.000000,2025-11-27 02:21:59.999922,1,BAYxx_xxxx_20251127_021834_000.7z
2025-11-27 02:22:00,3393.650712,3.393650712,1372.849363,897.939086,1122.862264,768000,768000,1.000000000,1,2025-11-27 02:22:00.000000,2025-11-27 02:22:59.999922,1,BAYxx_xxxx_20251127_021834_000.7z
2025-11-27 02:23:00,3381.352516,3.381352516,1371.648702,889.058583,1120.645231,768000,768000,1.000000000,1,2025-11-27 02:23:00.000000,2025-11-27 02:23:59.999922,1,BAYxx_xxxx_20251127_021834_000.7z
2025-11-27 02:24:00,3389.211893,3.389211893,1373.692742,890.670543,1124.848608,768000,768000,1.000000000,1,2025-11-27 02:24:00.000000,2025-11-27 02:24:59.999922,1,BAYxx_xxxx_20251127_021834_000.7z
2025-11-27 02:25:00,3401.811077,3.401811077,1381.382016,897.975707,1122.453354,768000,768000,1.000000000,1,2025-11-27 02:25:00.000000,2025-11-27 02:25:59.999922,1,BAYxx_xxxx_20251127_021834_000.7z
2025-11-27 02:26:00,3367.314769,3.367314769,1382.737089,898.568744,1086.008937,768000,768000,1.000000000,1,2025-11-27 02:26:00.000000,2025-11-27 02:26:59.999922,1,BAYxx_xxxx_20251127_021834_000.7z
2025-11-27 02:27:00,3305.092523,3.305092523,1381.246207,894.194825,1029.651490,768000,768000,1.000000000,1,2025-11-27 02:27:00.000000,2025-11-27 02:27:59.999922,1,BAYxx_xxxx_20251127_021834_000.7z
2025-11-27 02:28:00,3307.915788,3.307915788,1385.578599,893.590158,1028.747031,716877,768000,0.933433594,0,2025-11-27 02:28:00.000000,2025-11-27 02:28:59.999922,2,BAYxx_xxxx_20251127_021834_000.7z;BAYxx_xxxx_20251127_022838_000.7z
2025-11-27 02:29:00,3313.082687,3.313082687,1392.275308,893.819674,1026.987706,768000,768000,1.000000000,1,2025-11-27 02:29:00.000000,2025-11-27 02:29:59.999922,1,BAYxx_xxxx_20251127_022838_000.7z
2025-11-27 02:30:00,3319.149968,3.319149968,1394.760979,896.092401,1028.296588,768000,768000,1.000000000,1,2025-11-27 02:30:00.000000,2025-11-27 02:30:59.999922,1,BAYxx_xxxx_20251127_022838_000.7z
2025-11-27 02:31:00,3326.904548,3.326904548,1398.851198,899.861054,1028.192297,768000,768000,1.000000000,1,2025-11-27 02:31:00.000000,2025-11-27 02:31:59.999922,1,BAYxx_xxxx_20251127_022838_000.7z
2025-11-27 02:32:00,3323.827593,3.323827593,1390.155800,902.469090,1031.202703,768000,768000,1.000000000,1,2025-11-27 02:32:00.000000,2025-11-27 02:32:59.999922,1,BAYxx_xxxx_20251127_022838_000.7z
2025-11-27 02:33:00,3325.119848,3.325119848,1390.474532,904.305038,1030.340278,768000,768000,1.000000000,1,2025-11-27 02:33:00.000000,2025-11-27 02:33:59.999922,1,BAYxx_xxxx_20251127_022838_000.7z
2025-11-27 02:34:00,3753.902870,3.753902870,1529.954973,1041.700781,1182.247115,768000,768000,1.000000000,1,2025-11-27 02:34:00.000000,2025-11-27 02:34:59.999922,1,BAYxx_xxxx_20251127_022838_000.7z
2025-11-27 02:35:00,5645.118867,5.645118867,2130.411759,1700.447399,1814.259709,768000,768000,1.000000000,1,2025-11-27 02:35:00.000000,2025-11-27 02:35:59.999922,1,BAYxx_xxxx_20251127_022838_000.7z
2025-11-27 02:36:00,25911.391449,25.911391449,8487.412500,8629.405773,8794.573176,768000,768000,1.000000000,1,2025-11-27 02:36:00.000000,2025-11-27 02:36:59.999922,1,BAYxx_xxxx_20251127_022838_000.7z
2025-11-27 02:37:00,26509.050241,26.509050241,8678.882305,8826.351272,9003.816665,768000,768000,1.000000000,1,2025-11-27 02:37:00.000000,2025-11-27 02:37:59.999922,1,BAYxx_xxxx_20251127_022838_000.7z
2025-11-27 02:38:00,27694.257266,27.694257266,9033.164821,9242.475473,9418.616973,729704,768000,0.950135417,0,2025-11-27 02:38:00.000000,2025-11-27 02:38:59.999922,2,BAYxx_xxxx_20251127_022838_000.7z;BAYxx_xxxx_20251127_023841_000.7z
2025-11-27 02:39:00,28712.519731,28.712519731,9381.459721,9575.236199,9755.823811,768000,768000,1.000000000,1,2025-11-27 02:39:00.000000,2025-11-27 02:39:59.999922,1,BAYxx_xxxx_20251127_023841_000.7z
2025-11-27 02:40:00,29559.730906,29.559730906,9686.875074,9827.715077,10045.140756,768000,768000,1.000000000,1,2025-11-27 02:40:00.000000,2025-11-27 02:40:59.999922,1,BAYxx_xxxx_20251127_023841_000.7z
2025-11-27 02:41:00,20834.840612,20.834840612,6934.203097,6847.835094,7052.802421,768000,768000,1.000000000,1,2025-11-27 02:41:00.000000,2025-11-27 02:41:59.999922,1,BAYxx_xxxx_20251127_023841_000.7z
2025-11-27 02:42:00,3401.361005,3.401361005,1387.107504,887.857209,1126.396292,768000,768000,1.000000000,1,2025-11-27 02:42:00.000000,2025-11-27 02:42:59.999922,1,BAYxx_xxxx_20251127_023841_000.7z
2025-11-27 02:43:00,3384.131613,3.384131613,1381.140618,882.383634,1120.607361,768000,768000,1.000000000,1,2025-11-27 02:43:00.000000,2025-11-27 02:43:59.999922,1,BAYxx_xxxx_20251127_023841_000.7z
2025-11-27 02:44:00,3396.856504,3.396856504,1386.487784,890.416324,1119.952396,768000,768000,1.000000000,1,2025-11-27 02:44:00.000000,2025-11-27 02:44:59.999922,1,BAYxx_xxxx_20251127_023841_000.7z
2025-11-27 02:45:00,3385.013182,3.385013182,1380.386746,886.411098,1118.215338,768000,768000,1.000000000,1,2025-11-27 02:45:00.000000,2025-11-27 02:45:59.999922,1,BAYxx_xxxx_20251127_023841_000.7z
2025-11-27 02:46:00,3387.574509,3.387574509,1379.399234,884.253190,1123.922086,768000,768000,1.000000000,1,2025-11-27 02:46:00.000000,2025-11-27 02:46:59.999922,1,BAYxx_xxxx_20251127_023841_000.7z
2025-11-27 02:47:00,3392.238452,3.392238452,1382.472211,884.162447,1125.603794,768000,768000,1.000000000,1,2025-11-27 02:47:00.000000,2025-11-27 02:47:59.999922,1,BAYxx_xxxx_20251127_023841_000.7z
2025-11-27 02:48:00,3402.711527,3.402711527,1386.780437,891.475989,1124.455101,729626,768000,0.950033854,0,2025-11-27 02:48:00.000000,2025-11-27 02:48:59.999922,2,BAYxx_xxxx_20251127_023841_000.7z;BAYxx_xxxx_20251127_024844_000.7z
2025-11-27 02:49:00,3404.839531,3.404839531,1386.246918,890.577254,1128.015359,768000,768000,1.000000000,1,2025-11-27 02:49:00.000000,2025-11-27 02:49:59.999922,1,BAYxx_xxxx_20251127_024844_000.7z
2025-11-27 02:50:00,3399.803038,3.399803038,1384.279641,886.964559,1128.558838,768000,768000,1.000000000,1,2025-11-27 02:50:00.000000,2025-11-27 02:50:59.999922,1,BAYxx_xxxx_20251127_024844_000.7z
2025-11-27 02:51:00,3400.200423,3.400200423,1376.072440,896.622911,1127.505072,768000,768000,1.000000000,1,2025-11-27 02:51:00.000000,2025-11-27 02:51:59.999922,1,BAYxx_xxxx_20251127_024844_000.7z
2025-11-27 02:52:00,3419.926754,3.419926754,1390.999429,900.487450,1128.439875,768000,768000,1.000000000,1,2025-11-27 02:52:00.000000,2025-11-27 02:52:59.999922,1,BAYxx_xxxx_20251127_024844_000.7z
2025-11-27 02:53:00,3416.961605,3.416961605,1393.200543,896.542136,1127.218926,768000,768000,1.000000000,1,2025-11-27 02:53:00.000000,2025-11-27 02:53:59.999922,1,BAYxx_xxxx_20251127_024844_000.7z
2025-11-27 02:54:00,3435.309103,3.435309103,1397.886233,902.299005,1135.123864,768000,768000,1.000000000,1,2025-11-27 02:54:00.000000,2025-11-27 02:54:59.999922,1,BAYxx_xxxx_20251127_024844_000.7z
2025-11-27 02:55:00,3418.749810,3.418749810,1384.600295,900.299806,1133.849709,768000,768000,1.000000000,1,2025-11-27 02:55:00.000000,2025-11-27 02:55:59.999922,1,BAYxx_xxxx_20251127_024844_000.7z
2025-11-27 02:56:00,3418.238175,3.418238175,1387.764021,899.390127,1131.084027,768000,768000,1.000000000,1,2025-11-27 02:56:00.000000,2025-11-27 02:56:59.999922,1,BAYxx_xxxx_20251127_024844_000.7z
2025-11-27 02:57:00,3420.626369,3.420626369,1397.002542,894.394983,1129.228843,768000,768000,1.000000000,1,2025-11-27 02:57:00.000000,2025-11-27 02:57:59.999922,1,BAYxx_xxxx_20251127_024844_000.7z
2025-11-27 02:58:00,3425.550552,3.425550552,1399.107991,895.983569,1130.458992,716934,768000,0.933507813,0,2025-11-27 02:58:00.000000,2025-11-27 02:58:59.999922,2,BAYxx_xxxx_20251127_024844_000.7z;BAYxx_xxxx_20251127_025848_000.7z
2025-11-27 02:59:00,3424.679556,3.424679556,1401.048990,896.923802,1126.706764,768000,768000,1.000000000,1,2025-11-27 02:59:00.000000,2025-11-27 02:59:59.999922,1,BAYxx_xxxx_20251127_025848_000.7z
2025-11-27 03:00:00,3416.934458,3.416934458,1393.818966,897.987890,1125.127602,768000,768000,1.000000000,1,2025-11-27 03:00:00.000000,2025-11-27 03:00:59.999922,1,BAYxx_xxxx_20251127_025848_000.7z
2025-11-27 03:01:00,3409.514029,3.409514029,1388.025608,896.111879,1125.376543,768000,768000,1.000000000,1,2025-11-27 03:01:00.000000,2025-11-27 03:01:59.999922,1,BAYxx_xxxx_20251127_025848_000.7z
2025-11-27 03:02:00,3418.497942,3.418497942,1391.790197,898.516160,1128.191586,768000,768000,1.000000000,1,2025-11-27 03:02:00.000000,2025-11-27 03:02:59.999922,1,BAYxx_xxxx_20251127_025848_000.7z
2025-11-27 03:03:00,3420.591088,3.420591088,1400.330003,893.973891,1126.287194,768000,768000,1.000000000,1,2025-11-27 03:03:00.000000,2025-11-27 03:03:59.999922,1,BAYxx_xxxx_20251127_025848_000.7z
2025-11-27 03:04:00,3405.987135,3.405987135,1395.609164,887.132330,1123.245641,768000,768000,1.000000000,1,2025-11-27 03:04:00.000000,2025-11-27 03:04:59.999922,1,BAYxx_xxxx_20251127_025848_000.7z
2025-11-27 03:05:00,3410.812346,3.410812346,1395.078342,890.492614,1125.241391,768000,768000,1.000000000,1,2025-11-27 03:05:00.000000,2025-11-27 03:05:59.999922,1,BAYxx_xxxx_20251127_025848_000.7z
2025-11-27 03:06:00,3408.066005,3.408066005,1391.436917,891.048665,1125.580422,768000,768000,1.000000000,1,2025-11-27 03:06:00.000000,2025-11-27 03:06:59.999922,1,BAYxx_xxxx_20251127_025848_000.7z
2025-11-27 03:07:00,3419.150809,3.419150809,1398.983157,895.046050,1125.121602,768000,768000,1.000000000,1,2025-11-27 03:07:00.000000,2025-11-27 03:07:59.999922,1,BAYxx_xxxx_20251127_025848_000.7z
2025-11-27 03:08:00,3417.052612,3.417052612,1393.209223,894.234225,1129.609164,716881,768000,0.933438802,0,2025-11-27 03:08:00.000000,2025-11-27 03:08:59.999922,2,BAYxx_xxxx_20251127_025848_000.7z;BAYxx_xxxx_20251127_030852_000.7z
2025-11-27 03:09:00,3400.345977,3.400345977,1385.452257,889.187968,1125.705752,768000,768000,1.000000000,1,2025-11-27 03:09:00.000000,2025-11-27 03:09:59.999922,1,BAYxx_xxxx_20251127_030852_000.7z
2025-11-27 03:10:00,3415.739327,3.415739327,1392.185030,896.642104,1126.912192,768000,768000,1.000000000,1,2025-11-27 03:10:00.000000,2025-11-27 03:10:59.999922,1,BAYxx_xxxx_20251127_030852_000.7z
2025-11-27 03:11:00,4563.748945,4.563748945,1770.819315,1284.201428,1508.728202,768000,768000,1.000000000,1,2025-11-27 03:11:00.000000,2025-11-27 03:11:59.999922,1,BAYxx_xxxx_20251127_030852_000.7z
2025-11-27 03:12:00,15332.248413,15.332248413,5216.365558,4988.585588,5127.297267,768000,768000,1.000000000,1,2025-11-27 03:12:00.000000,2025-11-27 03:12:59.999922,1,BAYxx_xxxx_20251127_030852_000.7z
2025-11-27 03:13:00,26246.190929,26.246190929,8681.288319,8696.668330,8868.234281,768000,768000,1.000000000,1,2025-11-27 03:13:00.000000,2025-11-27 03:13:59.999922,1,BAYxx_xxxx_20251127_030852_000.7z
2025-11-27 03:14:00,27229.111436,27.229111436,8960.729200,9051.723038,9216.659198,768000,768000,1.000000000,1,2025-11-27 03:14:00.000000,2025-11-27 03:14:59.999922,1,BAYxx_xxxx_20251127_030852_000.7z
2025-11-27 03:15:00,28021.642587,28.021642587,9195.905381,9328.281501,9497.455706,768000,768000,1.000000000,1,2025-11-27 03:15:00.000000,2025-11-27 03:15:59.999922,1,BAYxx_xxxx_20251127_030852_000.7z
2025-11-27 03:16:00,28812.158740,28.812158740,9444.324056,9601.312640,9766.522044,768000,768000,1.000000000,1,2025-11-27 03:16:00.000000,2025-11-27 03:16:59.999922,1,BAYxx_xxxx_20251127_030852_000.7z
2025-11-27 03:17:00,29430.512362,29.430512362,9651.156375,9796.033905,9983.322082,768000,768000,1.000000000,1,2025-11-27 03:17:00.000000,2025-11-27 03:17:59.999922,1,BAYxx_xxxx_20251127_030852_000.7z
2025-11-27 03:18:00,28656.663972,28.656663972,9422.986345,9518.237275,9715.440352,729678,768000,0.950101562,0,2025-11-27 03:18:00.000000,2025-11-27 03:18:59.999922,2,BAYxx_xxxx_20251127_030852_000.7z;BAYxx_xxxx_20251127_031855_000.7z
2025-11-27 03:19:00,3499.417500,3.499417500,1458.053951,950.084029,1091.279520,768000,768000,1.000000000,1,2025-11-27 03:19:00.000000,2025-11-27 03:19:59.999922,1,BAYxx_xxxx_20251127_031855_000.7z
2025-11-27 03:20:00,3291.436480,3.291436480,1381.408828,884.823811,1025.203840,768000,768000,1.000000000,1,2025-11-27 03:20:00.000000,2025-11-27 03:20:59.999922,1,BAYxx_xxxx_20251127_031855_000.7z
2025-11-27 03:21:00,3299.583706,3.299583706,1387.909501,884.088778,1027.585427,768000,768000,1.000000000,1,2025-11-27 03:21:00.000000,2025-11-27 03:21:59.999922,1,BAYxx_xxxx_20251127_031855_000.7z
2025-11-27 03:22:00,3302.337299,3.302337299,1389.435353,886.145234,1026.756712,768000,768000,1.000000000,1,2025-11-27 03:22:00.000000,2025-11-27 03:22:59.999922,1,BAYxx_xxxx_20251127_031855_000.7z
2025-11-27 03:23:00,3291.077258,3.291077258,1386.525109,878.711238,1025.840911,768000,768000,1.000000000,1,2025-11-27 03:23:00.000000,2025-11-27 03:23:59.999922,1,BAYxx_xxxx_20251127_031855_000.7z
2025-11-27 03:24:00,3306.237279,3.306237279,1388.815120,890.544472,1026.877686,768000,768000,1.000000000,1,2025-11-27 03:24:00.000000,2025-11-27 03:24:59.999922,1,BAYxx_xxxx_20251127_031855_000.7z
2025-11-27 03:25:00,3310.417080,3.310417080,1391.138004,890.953763,1028.325313,768000,768000,1.000000000,1,2025-11-27 03:25:00.000000,2025-11-27 03:25:59.999922,1,BAYxx_xxxx_20251127_031855_000.7z
2025-11-27 03:26:00,3314.528289,3.314528289,1394.658105,887.796369,1032.073815,768000,768000,1.000000000,1,2025-11-27 03:26:00.000000,2025-11-27 03:26:59.999922,1,BAYxx_xxxx_20251127_031855_000.7z
2025-11-27 03:27:00,3399.720235,3.399720235,1393.180128,897.910013,1108.630093,768000,768000,1.000000000,1,2025-11-27 03:27:00.000000,2025-11-27 03:27:59.999922,1,BAYxx_xxxx_20251127_031855_000.7z
2025-11-27 03:28:00,3418.564371,3.418564371,1398.561517,892.982530,1127.020323,704107,768000,0.916805990,0,2025-11-27 03:28:00.000000,2025-11-27 03:28:55.008281,1,BAYxx_xxxx_20251127_031855_000.7z
2025-11-27 03:29:00,3408.305056,3.408305056,1393.029541,890.186095,1125.089420,768000,768000,1.000000000,1,2025-11-27 03:29:00.000000,2025-11-27 03:29:59.999922,1,BAYxx_xxxx_20251127_032900_000.7z
2025-11-27 03:30:00,3657.470560,3.657470560,1475.311839,973.196734,1208.961988,768000,768000,1.000000000,1,2025-11-27 03:30:00.000000,2025-11-27 03:30:59.999922,1,BAYxx_xxxx_20251127_032900_000.7z
2025-11-27 03:31:00,5011.047436,5.011047436,1922.332817,1432.675759,1656.038860,768000,768000,1.000000000,1,2025-11-27 03:31:00.000000,2025-11-27 03:31:59.999922,1,BAYxx_xxxx_20251127_032900_000.7z
2025-11-27 03:32:00,24227.708721,24.227708721,7959.413597,8022.200721,8246.094403,768000,768000,1.000000000,1,2025-11-27 03:32:00.000000,2025-11-27 03:32:59.999922,1,BAYxx_xxxx_20251127_032900_000.7z
2025-11-27 03:33:00,26427.171217,26.427171217,8638.416890,8788.569376,9000.184951,768000,768000,1.000000000,1,2025-11-27 03:33:00.000000,2025-11-27 03:33:59.999922,1,BAYxx_xxxx_20251127_032900_000.7z
2025-11-27 03:34:00,27774.039302,27.774039302,9069.308531,9238.491367,9466.239404,768000,768000,1.000000000,1,2025-11-27 03:34:00.000000,2025-11-27 03:34:59.999922,1,BAYxx_xxxx_20251127_032900_000.7z
2025-11-27 03:35:00,28674.495476,28.674495476,9371.827900,9529.575884,9773.091691,768000,768000,1.000000000,1,2025-11-27 03:35:00.000000,2025-11-27 03:35:59.999922,1,BAYxx_xxxx_20251127_032900_000.7z
2025-11-27 03:36:00,29638.737188,29.638737188,9690.128120,9849.407476,10099.201591,768000,768000,1.000000000,1,2025-11-27 03:36:00.000000,2025-11-27 03:36:59.999922,1,BAYxx_xxxx_20251127_032900_000.7z
2025-11-27 03:37:00,22862.424292,22.862424292,7573.975063,7518.666238,7769.782990,768000,768000,1.000000000,1,2025-11-27 03:37:00.000000,2025-11-27 03:37:59.999922,1,BAYxx_xxxx_20251127_032900_000.7z
2025-11-27 03:38:00,3396.157443,3.396157443,1395.056355,885.190293,1115.910795,768000,768000,1.000000000,1,2025-11-27 03:38:00.000000,2025-11-27 03:38:59.999922,1,BAYxx_xxxx_20251127_032900_000.7z
2025-11-27 03:39:00,3389.176341,3.389176341,1389.907177,881.343243,1117.925922,729633,768000,0.950042969,0,2025-11-27 03:39:00.000000,2025-11-27 03:39:59.999922,2,BAYxx_xxxx_20251127_032900_000.7z;BAYxx_xxxx_20251127_033903_000.7z
2025-11-27 03:40:00,3392.800222,3.392800222,1385.477776,893.097840,1114.224606,768000,768000,1.000000000,1,2025-11-27 03:40:00.000000,2025-11-27 03:40:59.999922,1,BAYxx_xxxx_20251127_033903_000.7z
2025-11-27 03:41:00,3402.227009,3.402227009,1395.055554,887.912549,1119.258906,768000,768000,1.000000000,1,2025-11-27 03:41:00.000000,2025-11-27 03:41:59.999922,1,BAYxx_xxxx_20251127_033903_000.7z
2025-11-27 03:42:00,3395.704248,3.395704248,1388.000830,883.907690,1123.795728,768000,768000,1.000000000,1,2025-11-27 03:42:00.000000,2025-11-27 03:42:59.999922,1,BAYxx_xxxx_20251127_033903_000.7z
2025-11-27 03:43:00,3402.291062,3.402291062,1389.872292,889.350357,1123.068413,768000,768000,1.000000000,1,2025-11-27 03:43:00.000000,2025-11-27 03:43:59.999922,1,BAYxx_xxxx_20251127_033903_000.7z
2025-11-27 03:44:00,3399.151071,3.399151071,1393.277853,887.204573,1118.668645,768000,768000,1.000000000,1,2025-11-27 03:44:00.000000,2025-11-27 03:44:59.999922,1,BAYxx_xxxx_20251127_033903_000.7z
2025-11-27 03:45:00,3396.912922,3.396912922,1389.451575,883.722356,1123.738991,768000,768000,1.000000000,1,2025-11-27 03:45:00.000000,2025-11-27 03:45:59.999922,1,BAYxx_xxxx_20251127_033903_000.7z
2025-11-27 03:46:00,3415.265668,3.415265668,1397.801245,892.243877,1125.220547,768000,768000,1.000000000,1,2025-11-27 03:46:00.000000,2025-11-27 03:46:59.999922,1,BAYxx_xxxx_20251127_033903_000.7z
2025-11-27 03:47:00,3407.856203,3.407856203,1388.305454,891.800241,1127.750507,768000,768000,1.000000000,1,2025-11-27 03:47:00.000000,2025-11-27 03:47:59.999922,1,BAYxx_xxxx_20251127_033903_000.7z
2025-11-27 03:48:00,3414.517966,3.414517966,1390.896779,895.383759,1128.237428,768000,768000,1.000000000,1,2025-11-27 03:48:00.000000,2025-11-27 03:48:59.999922,1,BAYxx_xxxx_20251127_033903_000.7z
2025-11-27 03:49:00,3430.832628,3.430832628,1404.136607,895.141340,1131.554681,729701,768000,0.950131510,0,2025-11-27 03:49:00.000000,2025-11-27 03:49:59.999922,2,BAYxx_xxxx_20251127_033903_000.7z;BAYxx_xxxx_20251127_034906_000.7z
2025-11-27 03:50:00,3431.856781,3.431856781,1400.661712,898.638422,1132.556647,768000,768000,1.000000000,1,2025-11-27 03:50:00.000000,2025-11-27 03:50:59.999922,1,BAYxx_xxxx_20251127_034906_000.7z
2025-11-27 03:51:00,3428.231186,3.428231186,1397.172791,894.150371,1136.908023,768000,768000,1.000000000,1,2025-11-27 03:51:00.000000,2025-11-27 03:51:59.999922,1,BAYxx_xxxx_20251127_034906_000.7z
2025-11-27 03:52:00,3430.427342,3.430427342,1392.990636,899.476001,1137.960705,768000,768000,1.000000000,1,2025-11-27 03:52:00.000000,2025-11-27 03:52:59.999922,1,BAYxx_xxxx_20251127_034906_000.7z
2025-11-27 03:53:00,3427.796691,3.427796691,1395.078077,899.952807,1132.765807,768000,768000,1.000000000,1,2025-11-27 03:53:00.000000,2025-11-27 03:53:59.999922,1,BAYxx_xxxx_20251127_034906_000.7z
2025-11-27 03:54:00,3432.603962,3.432603962,1398.448719,904.771404,1129.383838,768000,768000,1.000000000,1,2025-11-27 03:54:00.000000,2025-11-27 03:54:59.999922,1,BAYxx_xxxx_20251127_034906_000.7z
2025-11-27 03:55:00,3419.544588,3.419544588,1393.131817,898.790339,1127.622432,768000,768000,1.000000000,1,2025-11-27 03:55:00.000000,2025-11-27 03:55:59.999922,1,BAYxx_xxxx_20251127_034906_000.7z
2025-11-27 03:56:00,3417.995189,3.417995189,1394.608445,895.882210,1127.504534,768000,768000,1.000000000,1,2025-11-27 03:56:00.000000,2025-11-27 03:56:59.999922,1,BAYxx_xxxx_20251127_034906_000.7z
2025-11-27 03:57:00,3360.865302,3.360865302,1397.232693,892.428258,1071.204351,768000,768000,1.000000000,1,2025-11-27 03:57:00.000000,2025-11-27 03:57:59.999922,1,BAYxx_xxxx_20251127_034906_000.7z
2025-11-27 03:58:00,4882.967869,4.882967869,1909.652586,1423.663798,1549.651485,768000,768000,1.000000000,1,2025-11-27 03:58:00.000000,2025-11-27 03:58:59.999922,1,BAYxx_xxxx_20251127_034906_000.7z
2025-11-27 03:59:00,20676.755342,20.676755342,6860.831924,6861.584304,6954.339114,729606,768000,0.950007812,0,2025-11-27 03:59:00.000000,2025-11-27 03:59:59.999922,2,BAYxx_xxxx_20251127_034906_000.7z;BAYxx_xxxx_20251127_035909_000.7z
2025-11-27 04:00:00,26645.896182,26.645896182,8776.553377,8878.230435,8991.112369,768000,768000,1.000000000,1,2025-11-27 04:00:00.000000,2025-11-27 04:00:59.999922,1,BAYxx_xxxx_20251127_035909_000.7z
2025-11-27 04:01:00,28023.015574,28.023015574,9213.649415,9335.816504,9473.549655,768000,768000,1.000000000,1,2025-11-27 04:01:00.000000,2025-11-27 04:01:59.999922,1,BAYxx_xxxx_20251127_035909_000.7z
2025-11-27 04:02:00,28859.441310,28.859441310,9473.052855,9623.500894,9762.887561,768000,768000,1.000000000,1,2025-11-27 04:02:00.000000,2025-11-27 04:02:59.999922,1,BAYxx_xxxx_20251127_035909_000.7z
2025-11-27 04:03:00,29745.040945,29.745040945,9762.241050,9914.596455,10068.203440,768000,768000,1.000000000,1,2025-11-27 04:03:00.000000,2025-11-27 04:03:59.999922,1,BAYxx_xxxx_20251127_035909_000.7z
2025-11-27 04:04:00,17751.684178,17.751684178,5969.657259,5819.423043,5962.603877,768000,768000,1.000000000,1,2025-11-27 04:04:00.000000,2025-11-27 04:04:59.999922,1,BAYxx_xxxx_20251127_035909_000.7z
2025-11-27 04:05:00,3313.349764,3.313349764,1400.010893,889.169970,1024.168902,768000,768000,1.000000000,1,2025-11-27 04:05:00.000000,2025-11-27 04:05:59.999922,1,BAYxx_xxxx_20251127_035909_000.7z
2025-11-27 04:06:00,3291.623214,3.291623214,1391.042222,882.852270,1017.728722,768000,768000,1.000000000,1,2025-11-27 04:06:00.000000,2025-11-27 04:06:59.999922,1,BAYxx_xxxx_20251127_035909_000.7z
2025-11-27 04:07:00,3306.305516,3.306305516,1401.584102,879.281726,1025.439688,768000,768000,1.000000000,1,2025-11-27 04:07:00.000000,2025-11-27 04:07:59.999922,1,BAYxx_xxxx_20251127_035909_000.7z
2025-11-27 04:08:00,3307.851016,3.307851016,1395.359532,886.241404,1026.250081,768000,768000,1.000000000,1,2025-11-27 04:08:00.000000,2025-11-27 04:08:59.999922,1,BAYxx_xxxx_20251127_035909_000.7z
2025-11-27 04:09:00,3300.936830,3.300936830,1395.421356,883.425810,1022.089663,729682,768000,0.950106771,0,2025-11-27 04:09:00.000000,2025-11-27 04:09:59.999922,2,BAYxx_xxxx_20251127_035909_000.7z;BAYxx_xxxx_20251127_040912_000.7z
2025-11-27 04:10:00,3314.037417,3.314037417,1400.157700,887.303030,1026.576688,768000,768000,1.000000000,1,2025-11-27 04:10:00.000000,2025-11-27 04:10:59.999922,1,BAYxx_xxxx_20251127_040912_000.7z
2025-11-27 04:11:00,3306.228593,3.306228593,1396.333727,887.282320,1022.612546,768000,768000,1.000000000,1,2025-11-27 04:11:00.000000,2025-11-27 04:11:59.999922,1,BAYxx_xxxx_20251127_040912_000.7z
2025-11-27 04:12:00,3362.163574,3.362163574,1401.193806,894.036338,1066.933430,768000,768000,1.000000000,1,2025-11-27 04:12:00.000000,2025-11-27 04:12:59.999922,1,BAYxx_xxxx_20251127_040912_000.7z
2025-11-27 04:13:00,3411.684644,3.411684644,1400.632930,888.768494,1122.283220,768000,768000,1.000000000,1,2025-11-27 04:13:00.000000,2025-11-27 04:13:59.999922,1,BAYxx_xxxx_20251127_040912_000.7z
2025-11-27 04:14:00,3420.920689,3.420920689,1404.219622,892.346882,1124.354184,768000,768000,1.000000000,1,2025-11-27 04:14:00.000000,2025-11-27 04:14:59.999922,1,BAYxx_xxxx_20251127_040912_000.7z
2025-11-27 04:15:00,3425.294122,3.425294122,1400.158213,898.340976,1126.794932,768000,768000,1.000000000,1,2025-11-27 04:15:00.000000,2025-11-27 04:15:59.999922,1,BAYxx_xxxx_20251127_040912_000.7z
2025-11-27 04:16:00,3419.136813,3.419136813,1396.290910,894.983651,1127.862253,768000,768000,1.000000000,1,2025-11-27 04:16:00.000000,2025-11-27 04:16:59.999922,1,BAYxx_xxxx_20251127_040912_000.7z
2025-11-27 04:17:00,3432.129044,3.432129044,1405.444989,899.267917,1127.416137,768000,768000,1.000000000,1,2025-11-27 04:17:00.000000,2025-11-27 04:17:59.999922,1,BAYxx_xxxx_20251127_040912_000.7z
2025-11-27 04:18:00,3439.286405,3.439286405,1408.441538,907.446134,1123.398733,768000,768000,1.000000000,1,2025-11-27 04:18:00.000000,2025-11-27 04:18:59.999922,1,BAYxx_xxxx_20251127_040912_000.7z
2025-11-27 04:19:00,4661.657271,4.661657271,1815.617322,1313.004344,1533.035606,716811,768000,0.933347656,0,2025-11-27 04:19:00.000000,2025-11-27 04:19:59.999922,2,BAYxx_xxxx_20251127_040912_000.7z;BAYxx_xxxx_20251127_041916_000.7z
2025-11-27 04:20:00,14855.774080,14.855774080,5009.178399,4814.109954,5032.485726,768000,768000,1.000000000,1,2025-11-27 04:20:00.000000,2025-11-27 04:20:59.999922,1,BAYxx_xxxx_20251127_041916_000.7z
2025-11-27 04:21:00,26074.089315,26.074089315,8533.487195,8654.261988,8886.340132,768000,768000,1.000000000,1,2025-11-27 04:21:00.000000,2025-11-27 04:21:59.999922,1,BAYxx_xxxx_20251127_041916_000.7z
2025-11-27 04:22:00,27254.887766,27.254887766,8913.110219,9058.905927,9282.871620,768000,768000,1.000000000,1,2025-11-27 04:22:00.000000,2025-11-27 04:22:59.999922,1,BAYxx_xxxx_20251127_041916_000.7z
2025-11-27 04:23:00,28162.452468,28.162452468,9189.429104,9389.060691,9583.962673,768000,768000,1.000000000,1,2025-11-27 04:23:00.000000,2025-11-27 04:23:59.999922,1,BAYxx_xxxx_20251127_041916_000.7z
2025-11-27 04:24:00,29188.615474,29.188615474,9514.961616,9723.792814,9949.861044,768000,768000,1.000000000,1,2025-11-27 04:24:00.000000,2025-11-27 04:24:59.999922,1,BAYxx_xxxx_20251127_041916_000.7z
2025-11-27 04:25:00,30020.586945,30.020586945,9785.188994,9984.204840,10251.193111,768000,768000,1.000000000,1,2025-11-27 04:25:00.000000,2025-11-27 04:25:59.999922,1,BAYxx_xxxx_20251127_041916_000.7z
2025-11-27 04:26:00,8169.112589,8.169112589,2901.289074,2516.254709,2751.568806,768000,768000,1.000000000,1,2025-11-27 04:26:00.000000,2025-11-27 04:26:59.999922,1,BAYxx_xxxx_20251127_041916_000.7z
2025-11-27 04:27:00,3397.616192,3.397616192,1389.181030,893.335792,1115.099370,768000,768000,1.000000000,1,2025-11-27 04:27:00.000000,2025-11-27 04:27:59.999922,1,BAYxx_xxxx_20251127_041916_000.7z
2025-11-27 04:28:00,3403.428833,3.403428833,1394.873591,892.896711,1115.658531,768000,768000,1.000000000,1,2025-11-27 04:28:00.000000,2025-11-27 04:28:59.999922,1,BAYxx_xxxx_20251127_041916_000.7z
2025-11-27 04:29:00,3398.494585,3.398494585,1393.552172,887.788520,1117.153894,729690,768000,0.950117187,0,2025-11-27 04:29:00.000000,2025-11-27 04:29:59.999922,2,BAYxx_xxxx_20251127_041916_000.7z;BAYxx_xxxx_20251127_042919_000.7z
2025-11-27 04:30:00,3401.975128,3.401975128,1390.903405,889.845722,1121.226001,768000,768000,1.000000000,1,2025-11-27 04:30:00.000000,2025-11-27 04:30:59.999922,1,BAYxx_xxxx_20251127_042919_000.7z
2025-11-27 04:31:00,3403.236408,3.403236408,1395.997392,885.177899,1122.061118,768000,768000,1.000000000,1,2025-11-27 04:31:00.000000,2025-11-27 04:31:59.999922,1,BAYxx_xxxx_20251127_042919_000.7z
2025-11-27 04:32:00,3401.210764,3.401210764,1396.676038,889.558457,1114.976268,768000,768000,1.000000000,1,2025-11-27 04:32:00.000000,2025-11-27 04:32:59.999922,1,BAYxx_xxxx_20251127_042919_000.7z
2025-11-27 04:33:00,3408.297578,3.408297578,1393.637388,895.554594,1119.105597,768000,768000,1.000000000,1,2025-11-27 04:33:00.000000,2025-11-27 04:33:59.999922,1,BAYxx_xxxx_20251127_042919_000.7z
2025-11-27 04:34:00,3421.904643,3.421904643,1402.639379,891.932461,1127.332803,768000,768000,1.000000000,1,2025-11-27 04:34:00.000000,2025-11-27 04:34:59.999922,1,BAYxx_xxxx_20251127_042919_000.7z
2025-11-27 04:35:00,3422.058749,3.422058749,1403.330146,896.400589,1122.328013,768000,768000,1.000000000,1,2025-11-27 04:35:00.000000,2025-11-27 04:35:59.999922,1,BAYxx_xxxx_20251127_042919_000.7z
2025-11-27 04:36:00,3408.327934,3.408327934,1399.201971,887.350740,1121.775223,768000,768000,1.000000000,1,2025-11-27 04:36:00.000000,2025-11-27 04:36:59.999922,1,BAYxx_xxxx_20251127_042919_000.7z
2025-11-27 04:37:00,3415.717384,3.415717384,1403.799214,888.954315,1122.963854,768000,768000,1.000000000,1,2025-11-27 04:37:00.000000,2025-11-27 04:37:59.999922,1,BAYxx_xxxx_20251127_042919_000.7z
2025-11-27 04:38:00,3427.315877,3.427315877,1405.027266,899.960795,1122.327816,768000,768000,1.000000000,1,2025-11-27 04:38:00.000000,2025-11-27 04:38:59.999922,1,BAYxx_xxxx_20251127_042919_000.7z
2025-11-27 04:39:00,3422.946263,3.422946263,1403.034364,893.188417,1126.723483,729732,768000,0.950171875,0,2025-11-27 04:39:00.000000,2025-11-27 04:39:59.999922,2,BAYxx_xxxx_20251127_042919_000.7z;BAYxx_xxxx_20251127_043922_000.7z
2025-11-27 04:40:00,3427.886100,3.427886100,1402.856186,900.292563,1124.737351,768000,768000,1.000000000,1,2025-11-27 04:40:00.000000,2025-11-27 04:40:59.999922,1,BAYxx_xxxx_20251127_043922_000.7z
2025-11-27 04:41:00,3420.361698,3.420361698,1404.894303,888.533336,1126.934059,768000,768000,1.000000000,1,2025-11-27 04:41:00.000000,2025-11-27 04:41:59.999922,1,BAYxx_xxxx_20251127_043922_000.7z
2025-11-27 04:42:00,3410.582718,3.410582718,1400.807161,895.800828,1113.974730,768000,768000,1.000000000,1,2025-11-27 04:42:00.000000,2025-11-27 04:42:59.999922,1,BAYxx_xxxx_20251127_043922_000.7z
2025-11-27 04:43:00,3335.030763,3.335030763,1407.628737,892.257201,1035.144824,768000,768000,1.000000000,1,2025-11-27 04:43:00.000000,2025-11-27 04:43:59.999922,1,BAYxx_xxxx_20251127_043922_000.7z
2025-11-27 04:44:00,4689.371520,4.689371520,1843.013139,1366.852452,1479.505929,768000,768000,1.000000000,1,2025-11-27 04:44:00.000000,2025-11-27 04:44:59.999922,1,BAYxx_xxxx_20251127_043922_000.7z
2025-11-27 04:45:00,17790.191813,17.790191813,5936.147530,5867.095266,5986.949016,768000,768000,1.000000000,1,2025-11-27 04:45:00.000000,2025-11-27 04:45:59.999922,1,BAYxx_xxxx_20251127_043922_000.7z
2025-11-27 04:46:00,26382.654527,26.382654527,8625.886046,8856.536008,8900.232473,768000,768000,1.000000000,1,2025-11-27 04:46:00.000000,2025-11-27 04:46:59.999922,1,BAYxx_xxxx_20251127_043922_000.7z
2025-11-27 04:47:00,27698.815180,27.698815180,9078.285330,9241.746105,9378.783745,768000,768000,1.000000000,1,2025-11-27 04:47:00.000000,2025-11-27 04:47:59.999922,1,BAYxx_xxxx_20251127_043922_000.7z
2025-11-27 04:48:00,28565.964631,28.565964631,9356.683366,9467.181529,9742.099736,768000,768000,1.000000000,1,2025-11-27 04:48:00.000000,2025-11-27 04:48:59.999922,1,BAYxx_xxxx_20251127_043922_000.7z
2025-11-27 04:49:00,29441.556457,29.441556457,9634.016744,9802.188292,10005.351421,729699,768000,0.950128906,0,2025-11-27 04:49:00.000000,2025-11-27 04:49:59.999922,2,BAYxx_xxxx_20251127_043922_000.7z;BAYxx_xxxx_20251127_044925_000.7z
2025-11-27 04:50:00,6890.749188,6.890749188,2536.424983,2097.752295,2256.571909,768000,768000,1.000000000,1,2025-11-27 04:50:00.000000,2025-11-27 04:50:59.999922,1,BAYxx_xxxx_20251127_044925_000.7z
2025-11-27 04:51:00,3289.745432,3.289745432,1391.052636,873.352361,1025.340435,768000,768000,1.000000000,1,2025-11-27 04:51:00.000000,2025-11-27 04:51:59.999922,1,BAYxx_xxxx_20251127_044925_000.7z
2025-11-27 04:52:00,3297.411966,3.297411966,1384.867427,883.099711,1029.444828,768000,768000,1.000000000,1,2025-11-27 04:52:00.000000,2025-11-27 04:52:59.999922,1,BAYxx_xxxx_20251127_044925_000.7z
2025-11-27 04:53:00,3306.138676,3.306138676,1395.661654,884.733982,1025.743040,768000,768000,1.000000000,1,2025-11-27 04:53:00.000000,2025-11-27 04:53:59.999922,1,BAYxx_xxxx_20251127_044925_000.7z
2025-11-27 04:54:00,3303.201363,3.303201363,1389.936580,885.247794,1028.016989,768000,768000,1.000000000,1,2025-11-27 04:54:00.000000,2025-11-27 04:54:59.999922,1,BAYxx_xxxx_20251127_044925_000.7z
2025-11-27 04:55:00,3315.870905,3.315870905,1400.151880,889.994789,1025.724236,768000,768000,1.000000000,1,2025-11-27 04:55:00.000000,2025-11-27 04:55:59.999922,1,BAYxx_xxxx_20251127_044925_000.7z
2025-11-27 04:56:00,3317.414453,3.317414453,1400.243627,890.308645,1026.862182,768000,768000,1.000000000,1,2025-11-27 04:56:00.000000,2025-11-27 04:56:59.999922,1,BAYxx_xxxx_20251127_044925_000.7z
2025-11-27 04:57:00,3320.810009,3.320810009,1398.342384,890.761024,1031.706600,768000,768000,1.000000000,1,2025-11-27 04:57:00.000000,2025-11-27 04:57:59.999922,1,BAYxx_xxxx_20251127_044925_000.7z
2025-11-27 04:58:00,3411.775439,3.411775439,1403.436459,889.448727,1118.890253,768000,768000,1.000000000,1,2025-11-27 04:58:00.000000,2025-11-27 04:58:59.999922,1,BAYxx_xxxx_20251127_044925_000.7z
2025-11-27 04:59:00,3417.047045,3.417047045,1399.082125,895.465085,1122.499836,716912,768000,0.933479167,0,2025-11-27 04:59:00.000000,2025-11-27 04:59:59.999922,2,BAYxx_xxxx_20251127_044925_000.7z;BAYxx_xxxx_20251127_045929_000.7z
2025-11-27 05:00:00,3422.376414,3.422376414,1398.861594,895.678913,1127.835907,768000,768000,1.000000000,1,2025-11-27 05:00:00.000000,2025-11-27 05:00:59.999922,1,BAYxx_xxxx_20251127_045929_000.7z
2025-11-27 05:01:00,3420.494738,3.420494738,1396.125927,885.647068,1138.721743,768000,768000,1.000000000,1,2025-11-27 05:01:00.000000,2025-11-27 05:01:59.999922,1,BAYxx_xxxx_20251127_045929_000.7z
2025-11-27 05:02:00,3420.282440,3.420282440,1400.212615,887.501879,1132.567946,768000,768000,1.000000000,1,2025-11-27 05:02:00.000000,2025-11-27 05:02:59.999922,1,BAYxx_xxxx_20251127_045929_000.7z
2025-11-27 05:03:00,3420.388573,3.420388573,1406.094198,881.887561,1132.406814,768000,768000,1.000000000,1,2025-11-27 05:03:00.000000,2025-11-27 05:03:59.999922,1,BAYxx_xxxx_20251127_045929_000.7z
2025-11-27 05:04:00,4150.304117,4.150304117,1634.499728,1136.497646,1379.306743,768000,768000,1.000000000,1,2025-11-27 05:04:00.000000,2025-11-27 05:04:59.999922,1,BAYxx_xxxx_20251127_045929_000.7z
2025-11-27 05:05:00,9487.436284,9.487436284,3307.056732,2985.351949,3195.027603,768000,768000,1.000000000,1,2025-11-27 05:05:00.000000,2025-11-27 05:05:59.999922,1,BAYxx_xxxx_20251127_045929_000.7z
2025-11-27 05:06:00,25861.535118,25.861535118,8447.254282,8594.340921,8819.939915,768000,768000,1.000000000,1,2025-11-27 05:06:00.000000,2025-11-27 05:06:59.999922,1,BAYxx_xxxx_20251127_045929_000.7z
2025-11-27 05:07:00,26554.049338,26.554049338,8657.719145,8833.933297,9062.396895,768000,768000,1.000000000,1,2025-11-27 05:07:00.000000,2025-11-27 05:07:59.999922,1,BAYxx_xxxx_20251127_045929_000.7z
2025-11-27 05:08:00,27641.726853,27.641726853,9032.076291,9151.910866,9457.739697,768000,768000,1.000000000,1,2025-11-27 05:08:00.000000,2025-11-27 05:08:59.999922,1,BAYxx_xxxx_20251127_045929_000.7z
2025-11-27 05:09:00,28609.340020,28.609340020,9369.046180,9443.617475,9796.676365,729663,768000,0.950082031,0,2025-11-27 05:09:00.000000,2025-11-27 05:09:59.999922,2,BAYxx_xxxx_20251127_045929_000.7z;BAYxx_xxxx_20251127_050932_000.7z
2025-11-27 05:10:00,29415.576042,29.415576042,9599.608063,9737.067923,10078.900057,768000,768000,1.000000000,1,2025-11-27 05:10:00.000000,2025-11-27 05:10:59.999922,1,BAYxx_xxxx_20251127_050932_000.7z
2025-11-27 05:11:00,30231.191933,30.231191933,9857.598280,10025.532734,10348.060919,768000,768000,1.000000000,1,2025-11-27 05:11:00.000000,2025-11-27 05:11:59.999922,1,BAYxx_xxxx_20251127_050932_000.7z
2025-11-27 05:12:00,6807.962902,6.807962902,2473.565292,2041.495556,2292.902054,768000,768000,1.000000000,1,2025-11-27 05:12:00.000000,2025-11-27 05:12:59.999922,1,BAYxx_xxxx_20251127_050932_000.7z
2025-11-27 05:13:00,3386.275935,3.386275935,1387.301209,879.023911,1119.950815,768000,768000,1.000000000,1,2025-11-27 05:13:00.000000,2025-11-27 05:13:59.999922,1,BAYxx_xxxx_20251127_050932_000.7z
2025-11-27 05:14:00,3393.636963,3.393636963,1390.566444,878.648992,1124.421527,768000,768000,1.000000000,1,2025-11-27 05:14:00.000000,2025-11-27 05:14:59.999922,1,BAYxx_xxxx_20251127_050932_000.7z
2025-11-27 05:15:00,3390.260895,3.390260895,1391.927177,881.569076,1116.764641,768000,768000,1.000000000,1,2025-11-27 05:15:00.000000,2025-11-27 05:15:59.999922,1,BAYxx_xxxx_20251127_050932_000.7z
2025-11-27 05:16:00,3396.669369,3.396669369,1392.919615,884.307266,1119.442488,768000,768000,1.000000000,1,2025-11-27 05:16:00.000000,2025-11-27 05:16:59.999922,1,BAYxx_xxxx_20251127_050932_000.7z
2025-11-27 05:17:00,3401.797971,3.401797971,1394.915681,884.027991,1122.854299,768000,768000,1.000000000,1,2025-11-27 05:17:00.000000,2025-11-27 05:17:59.999922,1,BAYxx_xxxx_20251127_050932_000.7z
2025-11-27 05:18:00,3395.201318,3.395201318,1393.503098,880.906919,1120.791301,768000,768000,1.000000000,1,2025-11-27 05:18:00.000000,2025-11-27 05:18:59.999922,1,BAYxx_xxxx_20251127_050932_000.7z
2025-11-27 05:19:00,3404.942621,3.404942621,1394.727509,879.695751,1130.519361,716838,768000,0.933382812,0,2025-11-27 05:19:00.000000,2025-11-27 05:19:59.999922,2,BAYxx_xxxx_20251127_050932_000.7z;BAYxx_xxxx_20251127_051936_000.7z
2025-11-27 05:20:00,3403.123557,3.403123557,1394.927370,882.449334,1125.746853,768000,768000,1.000000000,1,2025-11-27 05:20:00.000000,2025-11-27 05:20:59.999922,1,BAYxx_xxxx_20251127_051936_000.7z
2025-11-27 05:21:00,3403.876430,3.403876430,1398.543783,879.172998,1126.159649,768000,768000,1.000000000,1,2025-11-27 05:21:00.000000,2025-11-27 05:21:59.999922,1,BAYxx_xxxx_20251127_051936_000.7z
2025-11-27 05:22:00,3415.455095,3.415455095,1393.314478,881.172005,1140.968612,768000,768000,1.000000000,1,2025-11-27 05:22:00.000000,2025-11-27 05:22:59.999922,1,BAYxx_xxxx_20251127_051936_000.7z
2025-11-27 05:23:00,3419.278470,3.419278470,1403.823317,885.434716,1130.020437,768000,768000,1.000000000,1,2025-11-27 05:23:00.000000,2025-11-27 05:23:59.999922,1,BAYxx_xxxx_20251127_051936_000.7z
2025-11-27 05:24:00,3411.132145,3.411132145,1402.867666,882.421280,1125.843199,768000,768000,1.000000000,1,2025-11-27 05:24:00.000000,2025-11-27 05:24:59.999922,1,BAYxx_xxxx_20251127_051936_000.7z
2025-11-27 05:25:00,3410.051894,3.410051894,1400.637747,884.390889,1125.023258,768000,768000,1.000000000,1,2025-11-27 05:25:00.000000,2025-11-27 05:25:59.999922,1,BAYxx_xxxx_20251127_051936_000.7z
2025-11-27 05:26:00,4007.271864,4.007271864,1594.214859,1086.262398,1326.794607,768000,768000,1.000000000,1,2025-11-27 05:26:00.000000,2025-11-27 05:26:59.999922,1,BAYxx_xxxx_20251127_051936_000.7z
2025-11-27 05:27:00,7592.308050,7.592308050,2722.810695,2319.442969,2550.054385,768000,768000,1.000000000,1,2025-11-27 05:27:00.000000,2025-11-27 05:27:59.999922,1,BAYxx_xxxx_20251127_051936_000.7z
2025-11-27 05:28:00,25896.097988,25.896097988,8514.092230,8584.012601,8797.993157,768000,768000,1.000000000,1,2025-11-27 05:28:00.000000,2025-11-27 05:28:59.999922,1,BAYxx_xxxx_20251127_051936_000.7z
2025-11-27 05:29:00,26482.116232,26.482116232,8703.877377,8786.207703,8992.031152,729684,768000,0.950109375,0,2025-11-27 05:29:00.000000,2025-11-27 05:29:59.999922,2,BAYxx_xxxx_20251127_051936_000.7z;BAYxx_xxxx_20251127_052939_000.7z
2025-11-27 05:30:00,27691.891613,27.691891613,9099.327787,9204.962630,9387.601196,768000,768000,1.000000000,1,2025-11-27 05:30:00.000000,2025-11-27 05:30:59.999922,1,BAYxx_xxxx_20251127_052939_000.7z
2025-11-27 05:31:00,28618.955408,28.618955408,9397.051886,9521.128577,9700.774945,768000,768000,1.000000000,1,2025-11-27 05:31:00.000000,2025-11-27 05:31:59.999922,1,BAYxx_xxxx_20251127_052939_000.7z
2025-11-27 05:32:00,29517.850180,29.517850180,9678.560531,9826.534163,10012.755485,768000,768000,1.000000000,1,2025-11-27 05:32:00.000000,2025-11-27 05:32:59.999922,1,BAYxx_xxxx_20251127_052939_000.7z
2025-11-27 05:33:00,15815.457156,15.815457156,5360.712515,5133.960535,5320.784106,768000,768000,1.000000000,1,2025-11-27 05:33:00.000000,2025-11-27 05:33:59.999922,1,BAYxx_xxxx_20251127_052939_000.7z
2025-11-27 05:34:00,3292.721143,3.292721143,1390.203190,877.935524,1024.582429,768000,768000,1.000000000,1,2025-11-27 05:34:00.000000,2025-11-27 05:34:59.999922,1,BAYxx_xxxx_20251127_052939_000.7z
2025-11-27 05:35:00,3295.435714,3.295435714,1387.208242,883.061659,1025.165813,768000,768000,1.000000000,1,2025-11-27 05:35:00.000000,2025-11-27 05:35:59.999922,1,BAYxx_xxxx_20251127_052939_000.7z
2025-11-27 05:36:00,3289.794085,3.289794085,1376.517525,879.304684,1033.971876,768000,768000,1.000000000,1,2025-11-27 05:36:00.000000,2025-11-27 05:36:59.999922,1,BAYxx_xxxx_20251127_052939_000.7z
2025-11-27 05:37:00,3302.692336,3.302692336,1383.576967,885.135244,1033.980125,768000,768000,1.000000000,1,2025-11-27 05:37:00.000000,2025-11-27 05:37:59.999922,1,BAYxx_xxxx_20251127_052939_000.7z
2025-11-27 05:38:00,3296.790365,3.296790365,1388.750530,875.229439,1032.810396,768000,768000,1.000000000,1,2025-11-27 05:38:00.000000,2025-11-27 05:38:59.999922,1,BAYxx_xxxx_20251127_052939_000.7z
2025-11-27 05:39:00,3298.632270,3.298632270,1389.902874,881.222918,1027.506478,729707,768000,0.950139323,0,2025-11-27 05:39:00.000000,2025-11-27 05:39:59.999922,2,BAYxx_xxxx_20251127_052939_000.7z;BAYxx_xxxx_20251127_053942_000.7z
2025-11-27 05:40:00,3305.158911,3.305158911,1395.478416,884.669246,1025.011249,768000,768000,1.000000000,1,2025-11-27 05:40:00.000000,2025-11-27 05:40:59.999922,1,BAYxx_xxxx_20251127_053942_000.7z
2025-11-27 05:41:00,3296.226715,3.296226715,1385.688497,892.587116,1017.951103,768000,768000,1.000000000,1,2025-11-27 05:41:00.000000,2025-11-27 05:41:59.999922,1,BAYxx_xxxx_20251127_053942_000.7z
2025-11-27 05:42:00,3315.610279,3.315610279,1396.744941,891.907282,1026.958056,768000,768000,1.000000000,1,2025-11-27 05:42:00.000000,2025-11-27 05:42:59.999922,1,BAYxx_xxxx_20251127_053942_000.7z
2025-11-27 05:43:00,3359.807684,3.359807684,1390.458189,879.754158,1089.595337,768000,768000,1.000000000,1,2025-11-27 05:43:00.000000,2025-11-27 05:43:59.999922,1,BAYxx_xxxx_20251127_053942_000.7z
2025-11-27 05:44:00,3414.613681,3.414613681,1400.011577,886.053790,1128.548314,768000,768000,1.000000000,1,2025-11-27 05:44:00.000000,2025-11-27 05:44:59.999922,1,BAYxx_xxxx_20251127_053942_000.7z
2025-11-27 05:45:00,3407.891700,3.407891700,1397.926060,876.822847,1133.142794,768000,768000,1.000000000,1,2025-11-27 05:45:00.000000,2025-11-27 05:45:59.999922,1,BAYxx_xxxx_20251127_053942_000.7z
2025-11-27 05:46:00,3401.841401,3.401841401,1391.210804,874.701834,1135.928762,768000,768000,1.000000000,1,2025-11-27 05:46:00.000000,2025-11-27 05:46:59.999922,1,BAYxx_xxxx_20251127_053942_000.7z
2025-11-27 05:47:00,3415.463343,3.415463343,1395.241555,885.327669,1134.894119,768000,768000,1.000000000,1,2025-11-27 05:47:00.000000,2025-11-27 05:47:59.999922,1,BAYxx_xxxx_20251127_053942_000.7z
2025-11-27 05:48:00,3413.664173,3.413664173,1393.622106,884.684044,1135.358023,768000,768000,1.000000000,1,2025-11-27 05:48:00.000000,2025-11-27 05:48:59.999922,1,BAYxx_xxxx_20251127_053942_000.7z
2025-11-27 05:49:00,4032.191102,4.032191102,1602.043273,1093.435014,1336.712815,716925,768000,0.933496094,0,2025-11-27 05:49:00.000000,2025-11-27 05:49:59.999922,2,BAYxx_xxxx_20251127_053942_000.7z;BAYxx_xxxx_20251127_054946_000.7z
2025-11-27 05:50:00,7409.259491,7.409259491,2659.252166,2243.001722,2507.005604,768000,768000,1.000000000,1,2025-11-27 05:50:00.000000,2025-11-27 05:50:59.999922,1,BAYxx_xxxx_20251127_054946_000.7z
2025-11-27 05:51:00,26025.167702,26.025167702,8512.436119,8596.310693,8916.420890,768000,768000,1.000000000,1,2025-11-27 05:51:00.000000,2025-11-27 05:51:59.999922,1,BAYxx_xxxx_20251127_054946_000.7z
2025-11-27 05:52:00,26692.311715,26.692311715,8707.094306,8833.440900,9151.776509,768000,768000,1.000000000,1,2025-11-27 05:52:00.000000,2025-11-27 05:52:59.999922,1,BAYxx_xxxx_20251127_054946_000.7z
2025-11-27 05:53:00,27906.360422,27.906360422,9085.369211,9234.180171,9586.811039,768000,768000,1.000000000,1,2025-11-27 05:53:00.000000,2025-11-27 05:53:59.999922,1,BAYxx_xxxx_20251127_054946_000.7z
2025-11-27 05:54:00,28907.472010,28.907472010,9411.025748,9558.136609,9938.309653,768000,768000,1.000000000,1,2025-11-27 05:54:00.000000,2025-11-27 05:54:59.999922,1,BAYxx_xxxx_20251127_054946_000.7z
2025-11-27 05:55:00,29697.985230,29.697985230,9679.632945,9807.928172,10210.424113,768000,768000,1.000000000,1,2025-11-27 05:55:00.000000,2025-11-27 05:55:59.999922,1,BAYxx_xxxx_20251127_054946_000.7z
2025-11-27 05:56:00,14759.978757,14.759978757,4981.205777,4723.766301,5055.006679,768000,768000,1.000000000,1,2025-11-27 05:56:00.000000,2025-11-27 05:56:59.999922,1,BAYxx_xxxx_20251127_054946_000.7z
2025-11-27 05:57:00,3371.142942,3.371142942,1386.579206,856.509585,1128.054151,768000,768000,1.000000000,1,2025-11-27 05:57:00.000000,2025-11-27 05:57:59.999922,1,BAYxx_xxxx_20251127_054946_000.7z
2025-11-27 05:58:00,3382.885319,3.382885319,1389.480593,864.754472,1128.650254,768000,768000,1.000000000,1,2025-11-27 05:58:00.000000,2025-11-27 05:58:59.999922,1,BAYxx_xxxx_20251127_054946_000.7z
2025-11-27 05:59:00,3378.922920,3.378922920,1382.861364,870.189006,1125.872550,729682,768000,0.950106771,0,2025-11-27 05:59:00.000000,2025-11-27 05:59:59.999922,2,BAYxx_xxxx_20251127_054946_000.7z;BAYxx_xxxx_20251127_055949_000.7z
2025-11-27 06:00:00,3403.898192,3.403898192,1394.036338,878.782541,1131.079313,768000,768000,1.000000000,1,2025-11-27 06:00:00.000000,2025-11-27 06:00:59.999922,1,BAYxx_xxxx_20251127_055949_000.7z
2025-11-27 06:01:00,3395.770766,3.395770766,1386.179606,878.169462,1131.421697,768000,768000,1.000000000,1,2025-11-27 06:01:00.000000,2025-11-27 06:01:59.999922,1,BAYxx_xxxx_20251127_055949_000.7z
2025-11-27 06:02:00,3415.294341,3.415294341,1394.484306,888.628744,1132.181290,768000,768000,1.000000000,1,2025-11-27 06:02:00.000000,2025-11-27 06:02:59.999922,1,BAYxx_xxxx_20251127_055949_000.7z
2025-11-27 06:03:00,3400.944314,3.400944314,1389.348122,882.189087,1129.407104,768000,768000,1.000000000,1,2025-11-27 06:03:00.000000,2025-11-27 06:03:59.999922,1,BAYxx_xxxx_20251127_055949_000.7z
2025-11-27 06:04:00,3412.265981,3.412265981,1393.482336,883.055454,1135.728191,768000,768000,1.000000000,1,2025-11-27 06:04:00.000000,2025-11-27 06:04:59.999922,1,BAYxx_xxxx_20251127_055949_000.7z
2025-11-27 06:05:00,3412.595709,3.412595709,1392.243493,886.588960,1133.763256,768000,768000,1.000000000,1,2025-11-27 06:05:00.000000,2025-11-27 06:05:59.999922,1,BAYxx_xxxx_20251127_055949_000.7z
2025-11-27 06:06:00,3415.452370,3.415452370,1395.339934,884.163285,1135.949152,768000,768000,1.000000000,1,2025-11-27 06:06:00.000000,2025-11-27 06:06:59.999922,1,BAYxx_xxxx_20251127_055949_000.7z
2025-11-27 06:07:00,3405.807470,3.405807470,1390.543179,889.855873,1125.408418,768000,768000,1.000000000,1,2025-11-27 06:07:00.000000,2025-11-27 06:07:59.999922,1,BAYxx_xxxx_20251127_055949_000.7z
2025-11-27 06:08:00,3414.100526,3.414100526,1390.289815,891.773358,1132.037353,768000,768000,1.000000000,1,2025-11-27 06:08:00.000000,2025-11-27 06:08:59.999922,1,BAYxx_xxxx_20251127_055949_000.7z
2025-11-27 06:09:00,3415.234397,3.415234397,1389.220845,897.196876,1128.816676,729715,768000,0.950149740,0,2025-11-27 06:09:00.000000,2025-11-27 06:09:59.999922,2,BAYxx_xxxx_20251127_055949_000.7z;BAYxx_xxxx_20251127_060952_000.7z
2025-11-27 06:10:00,3404.594916,3.404594916,1387.722722,887.877167,1128.995027,768000,768000,1.000000000,1,2025-11-27 06:10:00.000000,2025-11-27 06:10:59.999922,1,BAYxx_xxxx_20251127_060952_000.7z
2025-11-27 06:11:00,3849.780837,3.849780837,1540.472352,1033.317507,1275.990979,768000,768000,1.000000000,1,2025-11-27 06:11:00.000000,2025-11-27 06:11:59.999922,1,BAYxx_xxxx_20251127_060952_000.7z
2025-11-27 06:12:00,5819.842980,5.819842980,2164.053208,1717.565085,1938.224687,768000,768000,1.000000000,1,2025-11-27 06:12:00.000000,2025-11-27 06:12:59.999922,1,BAYxx_xxxx_20251127_060952_000.7z
2025-11-27 06:13:00,25628.847180,25.628847180,8385.812742,8503.904328,8739.130109,768000,768000,1.000000000,1,2025-11-27 06:13:00.000000,2025-11-27 06:13:59.999922,1,BAYxx_xxxx_20251127_060952_000.7z
2025-11-27 06:14:00,26348.738043,26.348738043,8669.505844,8734.331512,8944.900687,768000,768000,1.000000000,1,2025-11-27 06:14:00.000000,2025-11-27 06:14:59.999922,1,BAYxx_xxxx_20251127_060952_000.7z
2025-11-27 06:15:00,27631.575298,27.631575298,9104.227322,9143.546431,9383.801544,768000,768000,1.000000000,1,2025-11-27 06:15:00.000000,2025-11-27 06:15:59.999922,1,BAYxx_xxxx_20251127_060952_000.7z
2025-11-27 06:16:00,28601.632007,28.601632007,9381.807927,9508.070482,9711.753598,768000,768000,1.000000000,1,2025-11-27 06:16:00.000000,2025-11-27 06:16:59.999922,1,BAYxx_xxxx_20251127_060952_000.7z
2025-11-27 06:17:00,29428.517249,29.428517249,9606.979824,9820.752377,10000.785048,768000,768000,1.000000000,1,2025-11-27 06:17:00.000000,2025-11-27 06:17:59.999922,1,BAYxx_xxxx_20251127_060952_000.7z
2025-11-27 06:18:00,30182.600167,30.182600167,9865.922959,10063.900991,10252.776218,768000,768000,1.000000000,1,2025-11-27 06:18:00.000000,2025-11-27 06:18:59.999922,1,BAYxx_xxxx_20251127_060952_000.7z
2025-11-27 06:19:00,4241.286454,4.241286454,1683.724401,1212.735511,1344.826542,729741,768000,0.950183594,0,2025-11-27 06:19:00.000000,2025-11-27 06:19:59.999922,2,BAYxx_xxxx_20251127_060952_000.7z;BAYxx_xxxx_20251127_061955_000.7z
2025-11-27 06:20:00,3277.992435,3.277992435,1371.849964,885.510598,1020.631873,768000,768000,1.000000000,1,2025-11-27 06:20:00.000000,2025-11-27 06:20:59.999922,1,BAYxx_xxxx_20251127_061955_000.7z
2025-11-27 06:21:00,3281.056271,3.281056271,1377.878927,884.805613,1018.371731,768000,768000,1.000000000,1,2025-11-27 06:21:00.000000,2025-11-27 06:21:59.999922,1,BAYxx_xxxx_20251127_061955_000.7z
2025-11-27 06:22:00,3287.121144,3.287121144,1387.796932,878.185384,1021.138827,768000,768000,1.000000000,1,2025-11-27 06:22:00.000000,2025-11-27 06:22:59.999922,1,BAYxx_xxxx_20251127_061955_000.7z
2025-11-27 06:23:00,3288.036546,3.288036546,1388.157752,874.412028,1025.466766,768000,768000,1.000000000,1,2025-11-27 06:23:00.000000,2025-11-27 06:23:59.999922,1,BAYxx_xxxx_20251127_061955_000.7z
2025-11-27 06:24:00,3296.389078,3.296389078,1392.153044,876.120028,1028.116007,768000,768000,1.000000000,1,2025-11-27 06:24:00.000000,2025-11-27 06:24:59.999922,1,BAYxx_xxxx_20251127_061955_000.7z
2025-11-27 06:25:00,3294.216651,3.294216651,1384.812219,882.055881,1027.348551,768000,768000,1.000000000,1,2025-11-27 06:25:00.000000,2025-11-27 06:25:59.999922,1,BAYxx_xxxx_20251127_061955_000.7z
2025-11-27 06:26:00,3300.074974,3.300074974,1387.174138,890.299696,1022.601139,768000,768000,1.000000000,1,2025-11-27 06:26:00.000000,2025-11-27 06:26:59.999922,1,BAYxx_xxxx_20251127_061955_000.7z
2025-11-27 06:27:00,3311.340120,3.311340120,1394.920031,889.672491,1026.747598,768000,768000,1.000000000,1,2025-11-27 06:27:00.000000,2025-11-27 06:27:59.999922,1,BAYxx_xxxx_20251127_061955_000.7z
2025-11-27 06:28:00,3326.190985,3.326190985,1390.524757,883.826493,1051.839735,768000,768000,1.000000000,1,2025-11-27 06:28:00.000000,2025-11-27 06:28:59.999922,1,BAYxx_xxxx_20251127_061955_000.7z
2025-11-27 06:29:00,3404.743574,3.404743574,1393.101554,891.194229,1120.447790,716913,768000,0.933480469,0,2025-11-27 06:29:00.000000,2025-11-27 06:29:59.999922,2,BAYxx_xxxx_20251127_061955_000.7z;BAYxx_xxxx_20251127_062959_000.7z
2025-11-27 06:30:00,3402.791407,3.402791407,1396.636288,887.380579,1118.774540,768000,768000,1.000000000,1,2025-11-27 06:30:00.000000,2025-11-27 06:30:59.999922,1,BAYxx_xxxx_20251127_062959_000.7z
2025-11-27 06:31:00,3413.979806,3.413979806,1402.868790,892.503188,1118.607828,768000,768000,1.000000000,1,2025-11-27 06:31:00.000000,2025-11-27 06:31:59.999922,1,BAYxx_xxxx_20251127_062959_000.7z
2025-11-27 06:32:00,3412.002340,3.412002340,1403.569174,889.481236,1118.951931,768000,768000,1.000000000,1,2025-11-27 06:32:00.000000,2025-11-27 06:32:59.999922,1,BAYxx_xxxx_20251127_062959_000.7z
2025-11-27 06:33:00,3704.857479,3.704857479,1502.411348,979.886613,1222.559518,768000,768000,1.000000000,1,2025-11-27 06:33:00.000000,2025-11-27 06:33:59.999922,1,BAYxx_xxxx_20251127_062959_000.7z
2025-11-27 06:34:00,5004.827054,5.004827054,1918.881817,1430.223691,1655.721546,768000,768000,1.000000000,1,2025-11-27 06:34:00.000000,2025-11-27 06:34:59.999922,1,BAYxx_xxxx_20251127_062959_000.7z
2025-11-27 06:35:00,24489.643414,24.489643414,8028.168364,8086.568425,8374.906625,768000,768000,1.000000000,1,2025-11-27 06:35:00.000000,2025-11-27 06:35:59.999922,1,BAYxx_xxxx_20251127_062959_000.7z
2025-11-27 06:36:00,26268.815743,26.268815743,8622.036678,8665.263819,8981.515246,768000,768000,1.000000000,1,2025-11-27 06:36:00.000000,2025-11-27 06:36:59.999922,1,BAYxx_xxxx_20251127_062959_000.7z
2025-11-27 06:37:00,27659.590619,27.659590619,9050.911188,9126.277535,9482.401895,768000,768000,1.000000000,1,2025-11-27 06:37:00.000000,2025-11-27 06:37:59.999922,1,BAYxx_xxxx_20251127_062959_000.7z
2025-11-27 06:38:00,28554.775042,28.554775042,9345.122760,9430.121203,9779.531080,768000,768000,1.000000000,1,2025-11-27 06:38:00.000000,2025-11-27 06:38:59.999922,1,BAYxx_xxxx_20251127_062959_000.7z
2025-11-27 06:39:00,29503.580781,29.503580781,9645.867738,9750.921386,10106.791656,755258,768000,0.983408854,0,2025-11-27 06:39:00.000000,2025-11-27 06:39:59.004453,1,BAYxx_xxxx_20251127_062959_000.7z
2025-11-27 06:40:00,20069.750382,20.069750382,6672.885845,6540.198769,6856.665768,755200,768000,0.983333333,0,2025-11-27 06:40:01.000000,2025-11-27 06:40:59.999922,1,BAYxx_xxxx_20251127_064001_000.7z
2025-11-27 06:41:00,3392.617178,3.392617178,1396.744570,877.186618,1118.685990,768000,768000,1.000000000,1,2025-11-27 06:41:00.000000,2025-11-27 06:41:59.999922,1,BAYxx_xxxx_20251127_064001_000.7z
2025-11-27 06:42:00,3386.599514,3.386599514,1392.861872,882.341066,1111.396576,768000,768000,1.000000000,1,2025-11-27 06:42:00.000000,2025-11-27 06:42:59.999922,1,BAYxx_xxxx_20251127_064001_000.7z
2025-11-27 06:43:00,3380.239613,3.380239613,1389.930264,876.615382,1113.693967,768000,768000,1.000000000,1,2025-11-27 06:43:00.000000,2025-11-27 06:43:59.999922,1,BAYxx_xxxx_20251127_064001_000.7z
2025-11-27 06:44:00,3385.092800,3.385092800,1395.773201,874.559578,1114.760021,768000,768000,1.000000000,1,2025-11-27 06:44:00.000000,2025-11-27 06:44:59.999922,1,BAYxx_xxxx_20251127_064001_000.7z
2025-11-27 06:45:00,3377.217941,3.377217941,1396.808434,868.778087,1111.631420,768000,768000,1.000000000,1,2025-11-27 06:45:00.000000,2025-11-27 06:45:59.999922,1,BAYxx_xxxx_20251127_064001_000.7z
2025-11-27 06:46:00,3385.373319,3.385373319,1395.385336,872.130585,1117.857397,768000,768000,1.000000000,1,2025-11-27 06:46:00.000000,2025-11-27 06:46:59.999922,1,BAYxx_xxxx_20251127_064001_000.7z
2025-11-27 06:47:00,3327.176231,3.327176231,1371.822806,860.243905,1095.109520,768000,768000,1.000000000,1,2025-11-27 06:47:00.000000,2025-11-27 06:47:59.999922,1,BAYxx_xxxx_20251127_064001_000.7z
2025-11-27 06:48:00,3219.115124,3.219115124,1335.900876,828.094546,1055.119702,768000,768000,1.000000000,1,2025-11-27 06:48:00.000000,2025-11-27 06:48:59.999922,1,BAYxx_xxxx_20251127_064001_000.7z
2025-11-27 06:49:00,3216.407803,3.216407803,1337.013590,830.222451,1049.171762,768000,768000,1.000000000,1,2025-11-27 06:49:00.000000,2025-11-27 06:49:59.999922,1,BAYxx_xxxx_20251127_064001_000.7z
2025-11-27 06:50:00,3208.158806,3.208158806,1336.116289,821.153325,1050.889192,716923,768000,0.933493490,0,2025-11-27 06:50:00.000000,2025-11-27 06:50:59.999922,2,BAYxx_xxxx_20251127_064001_000.7z;BAYxx_xxxx_20251127_065005_000.7z
2025-11-27 06:51:00,3213.437394,3.213437394,1338.412097,821.508205,1053.517092,768000,768000,1.000000000,1,2025-11-27 06:51:00.000000,2025-11-27 06:51:59.999922,1,BAYxx_xxxx_20251127_065005_000.7z
2025-11-27 06:52:00,3216.824017,3.216824017,1349.987291,820.755921,1046.080804,768000,768000,1.000000000,1,2025-11-27 06:52:00.000000,2025-11-27 06:52:59.999922,1,BAYxx_xxxx_20251127_065005_000.7z
2025-11-27 06:53:00,3214.974825,3.214974825,1342.621236,822.913186,1049.440403,768000,768000,1.000000000,1,2025-11-27 06:53:00.000000,2025-11-27 06:53:59.999922,1,BAYxx_xxxx_20251127_065005_000.7z
2025-11-27 06:54:00,3201.377468,3.201377468,1333.972190,820.396784,1047.008493,768000,768000,1.000000000,1,2025-11-27 06:54:00.000000,2025-11-27 06:54:59.999922,1,BAYxx_xxxx_20251127_065005_000.7z
2025-11-27 06:55:00,3184.917396,3.184917396,1319.943610,823.150497,1041.823289,768000,768000,1.000000000,1,2025-11-27 06:55:00.000000,2025-11-27 06:55:59.999922,1,BAYxx_xxxx_20251127_065005_000.7z
2025-11-27 06:56:00,3567.875357,3.567875357,1452.636490,939.600056,1175.638811,768000,768000,1.000000000,1,2025-11-27 06:56:00.000000,2025-11-27 06:56:59.999922,1,BAYxx_xxxx_20251127_065005_000.7z
2025-11-27 06:57:00,5512.905219,5.512905219,2062.638453,1598.294690,1851.972076,768000,768000,1.000000000,1,2025-11-27 06:57:00.000000,2025-11-27 06:57:59.999922,1,BAYxx_xxxx_20251127_065005_000.7z
2025-11-27 06:58:00,25321.989631,25.321989631,8282.004458,8300.164569,8739.820604,768000,768000,1.000000000,1,2025-11-27 06:58:00.000000,2025-11-27 06:58:59.999922,1,BAYxx_xxxx_20251127_065005_000.7z
2025-11-27 06:59:00,26003.980647,26.003980647,8554.725363,8579.914553,8869.340732,768000,768000,1.000000000,1,2025-11-27 06:59:00.000000,2025-11-27 06:59:59.999922,1,BAYxx_xxxx_20251127_065005_000.7z
2025-11-27 07:00:00,27222.815299,27.222815299,8986.102599,8945.711408,9291.001292,716854,768000,0.933403646,0,2025-11-27 07:00:00.000000,2025-11-27 07:00:59.999922,2,BAYxx_xxxx_20251127_065005_000.7z;BAYxx_xxxx_20251127_070009_000.7z
2025-11-27 07:01:00,28061.383450,28.061383450,9257.392591,9212.332267,9591.658591,768000,768000,1.000000000,1,2025-11-27 07:01:00.000000,2025-11-27 07:01:59.999922,1,BAYxx_xxxx_20251127_070009_000.7z
2025-11-27 07:02:00,28926.341218,28.926341218,9521.882119,9498.281704,9906.177394,768000,768000,1.000000000,1,2025-11-27 07:02:00.000000,2025-11-27 07:02:59.999922,1,BAYxx_xxxx_20251127_070009_000.7z
2025-11-27 07:03:00,18099.981796,18.099981796,6096.376619,5869.488244,6134.116934,768000,768000,1.000000000,1,2025-11-27 07:03:00.000000,2025-11-27 07:03:59.999922,1,BAYxx_xxxx_20251127_070009_000.7z
2025-11-27 07:04:00,2702.913792,2.702913792,1203.490983,675.316543,824.106266,768000,768000,1.000000000,1,2025-11-27 07:04:00.000000,2025-11-27 07:04:59.999922,1,BAYxx_xxxx_20251127_070009_000.7z
2025-11-27 07:05:00,2650.912110,2.650912110,1190.250384,653.890818,806.770909,768000,768000,1.000000000,1,2025-11-27 07:05:00.000000,2025-11-27 07:05:59.999922,1,BAYxx_xxxx_20251127_070009_000.7z
2025-11-27 07:06:00,2605.871651,2.605871651,1171.756118,643.381276,790.734257,768000,768000,1.000000000,1,2025-11-27 07:06:00.000000,2025-11-27 07:06:59.999922,1,BAYxx_xxxx_20251127_070009_000.7z
2025-11-27 07:07:00,2558.866230,2.558866230,1156.168623,627.339876,775.357731,768000,768000,1.000000000,1,2025-11-27 07:07:00.000000,2025-11-27 07:07:59.999922,1,BAYxx_xxxx_20251127_070009_000.7z
2025-11-27 07:08:00,2502.071433,2.502071433,1136.385405,609.301039,756.384989,768000,768000,1.000000000,1,2025-11-27 07:08:00.000000,2025-11-27 07:08:59.999922,1,BAYxx_xxxx_20251127_070009_000.7z
2025-11-27 07:09:00,2452.129990,2.452129990,1117.820978,599.219970,735.089042,768000,768000,1.000000000,1,2025-11-27 07:09:00.000000,2025-11-27 07:09:59.999922,1,BAYxx_xxxx_20251127_070009_000.7z
2025-11-27 07:10:00,2386.299354,2.386299354,1092.040117,578.055370,716.203867,742481,768000,0.966772135,0,2025-11-27 07:10:00.000000,2025-11-27 07:10:59.999922,2,BAYxx_xxxx_20251127_070009_000.7z;BAYxx_xxxx_20251127_071011_000.7z
2025-11-27 07:11:00,2347.056019,2.347056019,1081.102116,563.727552,702.226351,768000,768000,1.000000000,1,2025-11-27 07:11:00.000000,2025-11-27 07:11:59.999922,1,BAYxx_xxxx_20251127_071011_000.7z
2025-11-27 07:12:00,2271.552786,2.271552786,1051.801333,537.091680,682.659774,768000,768000,1.000000000,1,2025-11-27 07:12:00.000000,2025-11-27 07:12:59.999922,1,BAYxx_xxxx_20251127_071011_000.7z
2025-11-27 07:13:00,2204.914114,2.204914114,1026.230131,523.487113,655.196871,768000,768000,1.000000000,1,2025-11-27 07:13:00.000000,2025-11-27 07:13:59.999922,1,BAYxx_xxxx_20251127_071011_000.7z
2025-11-27 07:14:00,2235.116438,2.235116438,1013.166326,505.163185,716.786927,768000,768000,1.000000000,1,2025-11-27 07:14:00.000000,2025-11-27 07:14:59.999922,1,BAYxx_xxxx_20251127_071011_000.7z
2025-11-27 07:15:00,2162.583636,2.162583636,972.630569,480.379997,709.573070,768000,768000,1.000000000,1,2025-11-27 07:15:00.000000,2025-11-27 07:15:59.999922,1,BAYxx_xxxx_20251127_071011_000.7z
2025-11-27 07:16:00,2079.165606,2.079165606,961.638278,442.793503,674.733825,768000,768000,1.000000000,1,2025-11-27 07:16:00.000000,2025-11-27 07:16:59.999922,1,BAYxx_xxxx_20251127_071011_000.7z
2025-11-27 07:17:00,2016.497543,2.016497543,937.274709,427.214012,652.008822,768000,768000,1.000000000,1,2025-11-27 07:17:00.000000,2025-11-27 07:17:59.999922,1,BAYxx_xxxx_20251127_071011_000.7z
2025-11-27 07:18:00,3584.671172,3.584671172,1458.626174,953.051419,1172.993579,768000,768000,1.000000000,1,2025-11-27 07:18:00.000000,2025-11-27 07:18:59.999922,1,BAYxx_xxxx_20251127_071011_000.7z
2025-11-27 07:19:00,19611.134399,19.611134399,6472.909045,6462.159708,6676.065646,768000,768000,1.000000000,1,2025-11-27 07:19:00.000000,2025-11-27 07:19:59.999922,1,BAYxx_xxxx_20251127_071011_000.7z
2025-11-27 07:20:00,24261.007074,24.261007074,7916.466768,8090.110083,8254.430223,716833,768000,0.933376302,0,2025-11-27 07:20:00.000000,2025-11-27 07:20:59.999922,2,BAYxx_xxxx_20251127_071011_000.7z;BAYxx_xxxx_20251127_072015_000.7z
2025-11-27 07:21:00,25542.934854,25.542934854,8397.432853,8440.191819,8705.310181,768000,768000,1.000000000,1,2025-11-27 07:21:00.000000,2025-11-27 07:21:59.999922,1,BAYxx_xxxx_20251127_072015_000.7z
2025-11-27 07:22:00,26345.587684,26.345587684,8669.861566,8691.893857,8983.832260,768000,768000,1.000000000,1,2025-11-27 07:22:00.000000,2025-11-27 07:22:59.999922,1,BAYxx_xxxx_20251127_072015_000.7z
2025-11-27 07:23:00,27260.810323,27.260810323,8955.022948,8984.294860,9321.492515,768000,768000,1.000000000,1,2025-11-27 07:23:00.000000,2025-11-27 07:23:59.999922,1,BAYxx_xxxx_20251127_072015_000.7z
2025-11-27 07:24:00,27919.269297,27.919269297,9171.593607,9154.942717,9592.732973,768000,768000,1.000000000,1,2025-11-27 07:24:00.000000,2025-11-27 07:24:59.999922,1,BAYxx_xxxx_20251127_072015_000.7z
2025-11-27 07:25:00,13049.115469,13.049115469,4439.824274,4140.334132,4468.957063,768000,768000,1.000000000,1,2025-11-27 07:25:00.000000,2025-11-27 07:25:59.999922,1,BAYxx_xxxx_20251127_072015_000.7z
2025-11-27 07:26:00,1204.543806,1.204543806,656.903286,158.764935,388.875586,768000,768000,1.000000000,1,2025-11-27 07:26:00.000000,2025-11-27 07:26:59.999922,1,BAYxx_xxxx_20251127_072015_000.7z
2025-11-27 07:27:00,1122.560570,1.122560570,611.384615,144.452177,366.723778,768000,768000,1.000000000,1,2025-11-27 07:27:00.000000,2025-11-27 07:27:59.999922,1,BAYxx_xxxx_20251127_072015_000.7z
2025-11-27 07:28:00,1058.823455,1.058823455,596.140593,105.795028,356.887834,768000,768000,1.000000000,1,2025-11-27 07:28:00.000000,2025-11-27 07:28:59.999922,1,BAYxx_xxxx_20251127_072015_000.7z
2025-11-27 07:29:00,992.758572,0.992758572,574.391627,80.797512,337.569432,768000,768000,1.000000000,1,2025-11-27 07:29:00.000000,2025-11-27 07:29:59.999922,1,BAYxx_xxxx_20251127_072015_000.7z
2025-11-27 07:30:00,911.831292,0.911831292,546.083077,53.994446,311.753769,716890,768000,0.933450521,0,2025-11-27 07:30:00.000000,2025-11-27 07:30:59.999922,2,BAYxx_xxxx_20251127_072015_000.7z;BAYxx_xxxx_20251127_073019_000.7z
2025-11-27 07:31:00,813.302575,0.813302575,522.227972,17.676913,273.397690,768000,768000,1.000000000,1,2025-11-27 07:31:00.000000,2025-11-27 07:31:59.999922,1,BAYxx_xxxx_20251127_073019_000.7z
2025-11-27 07:32:00,710.205237,0.710205237,490.782098,-18.431739,237.854878,768000,768000,1.000000000,1,2025-11-27 07:32:00.000000,2025-11-27 07:32:59.999922,1,BAYxx_xxxx_20251127_073019_000.7z
2025-11-27 07:33:00,587.527106,0.587527106,436.681678,-57.430669,208.276098,768000,768000,1.000000000,1,2025-11-27 07:33:00.000000,2025-11-27 07:33:59.999922,1,BAYxx_xxxx_20251127_073019_000.7z
2025-11-27 07:34:00,493.976686,0.493976686,418.328155,-91.426640,167.075170,768000,768000,1.000000000,1,2025-11-27 07:34:00.000000,2025-11-27 07:34:59.999922,1,BAYxx_xxxx_20251127_073019_000.7z
2025-11-27 07:35:00,423.173645,0.423173645,399.241109,-115.893220,139.825756,768000,768000,1.000000000,1,2025-11-27 07:35:00.000000,2025-11-27 07:35:59.999922,1,BAYxx_xxxx_20251127_073019_000.7z
2025-11-27 07:36:00,372.460491,0.372460491,378.621305,-135.333043,129.172229,768000,768000,1.000000000,1,2025-11-27 07:36:00.000000,2025-11-27 07:36:59.999922,1,BAYxx_xxxx_20251127_073019_000.7z
2025-11-27 07:37:00,294.828329,0.294828329,350.162978,-149.776700,94.442051,768000,768000,1.000000000,1,2025-11-27 07:37:00.000000,2025-11-27 07:37:59.999922,1,BAYxx_xxxx_20251127_073019_000.7z
2025-11-27 07:38:00,212.100740,0.212100740,326.367613,-182.420892,68.154019,768000,768000,1.000000000,1,2025-11-27 07:38:00.000000,2025-11-27 07:38:59.999922,1,BAYxx_xxxx_20251127_073019_000.7z
2025-11-27 07:39:00,117.733339,0.117733339,285.336001,-203.525440,35.922778,768000,768000,1.000000000,1,2025-11-27 07:39:00.000000,2025-11-27 07:39:59.999922,1,BAYxx_xxxx_20251127_073019_000.7z
2025-11-27 07:40:00,20.173098,0.020173098,245.917386,-229.137103,3.392815,716935,768000,0.933509115,0,2025-11-27 07:40:00.000000,2025-11-27 07:40:59.999922,2,BAYxx_xxxx_20251127_073019_000.7z;BAYxx_xxxx_20251127_074023_000.7z
2025-11-27 07:41:00,-50.996638,-0.050996638,210.996158,-241.349670,-20.643126,768000,768000,1.000000000,1,2025-11-27 07:41:00.000000,2025-11-27 07:41:59.999922,1,BAYxx_xxxx_20251127_074023_000.7z
2025-11-27 07:42:00,443.968192,0.443968192,386.606567,-86.173439,143.535063,768000,768000,1.000000000,1,2025-11-27 07:42:00.000000,2025-11-27 07:42:59.999922,1,BAYxx_xxxx_20251127_074023_000.7z
2025-11-27 07:43:00,3452.061060,3.452061060,1362.256568,934.663440,1155.141052,768000,768000,1.000000000,1,2025-11-27 07:43:00.000000,2025-11-27 07:43:59.999922,1,BAYxx_xxxx_20251127_074023_000.7z
2025-11-27 07:44:00,22296.861739,22.296861739,7354.908181,7336.354428,7605.599130,768000,768000,1.000000000,1,2025-11-27 07:44:00.000000,2025-11-27 07:44:59.999922,1,BAYxx_xxxx_20251127_074023_000.7z
2025-11-27 07:45:00,22965.155796,22.965155796,7565.558724,7597.658198,7801.938873,768000,768000,1.000000000,1,2025-11-27 07:45:00.000000,2025-11-27 07:45:59.999922,1,BAYxx_xxxx_20251127_074023_000.7z
2025-11-27 07:46:00,24115.405149,24.115405149,7975.659485,7956.636202,8183.109461,768000,768000,1.000000000,1,2025-11-27 07:46:00.000000,2025-11-27 07:46:59.999922,1,BAYxx_xxxx_20251127_074023_000.7z
2025-11-27 07:47:00,24999.509056,24.999509056,8323.075840,8225.569213,8450.864002,768000,768000,1.000000000,1,2025-11-27 07:47:00.000000,2025-11-27 07:47:59.999922,1,BAYxx_xxxx_20251127_074023_000.7z
2025-11-27 07:48:00,25707.393072,25.707393072,8516.469505,8472.912709,8718.010859,768000,768000,1.000000000,1,2025-11-27 07:48:00.000000,2025-11-27 07:48:59.999922,1,BAYxx_xxxx_20251127_074023_000.7z
2025-11-27 07:49:00,9224.772386,9.224772386,3214.014059,2910.043059,3100.715267,768000,768000,1.000000000,1,2025-11-27 07:49:00.000000,2025-11-27 07:49:59.999922,1,BAYxx_xxxx_20251127_074023_000.7z
2025-11-27 07:50:00,-955.293796,-0.955293796,-36.360705,-526.690343,-392.242748,729625,768000,0.950032552,0,2025-11-27 07:50:00.000000,2025-11-27 07:50:59.999922,2,BAYxx_xxxx_20251127_074023_000.7z;BAYxx_xxxx_20251127_075026_000.7z
2025-11-27 07:51:00,-1044.330752,-1.044330752,-68.504420,-549.952359,-425.873973,768000,768000,1.000000000,1,2025-11-27 07:51:00.000000,2025-11-27 07:51:59.999922,1,BAYxx_xxxx_20251127_075026_000.7z
2025-11-27 07:52:00,-1128.807069,-1.128807069,-87.378853,-581.639099,-459.789117,768000,768000,1.000000000,1,2025-11-27 07:52:00.000000,2025-11-27 07:52:59.999922,1,BAYxx_xxxx_20251127_075026_000.7z
2025-11-27 07:53:00,-1242.419119,-1.242419119,-125.179982,-617.682712,-499.556425,768000,768000,1.000000000,1,2025-11-27 07:53:00.000000,2025-11-27 07:53:59.999922,1,BAYxx_xxxx_20251127_075026_000.7z
2025-11-27 07:54:00,-1342.784760,-1.342784760,-159.371959,-659.226391,-524.186409,768000,768000,1.000000000,1,2025-11-27 07:54:00.000000,2025-11-27 07:54:59.999922,1,BAYxx_xxxx_20251127_075026_000.7z
2025-11-27 07:55:00,-1470.658025,-1.470658025,-204.649943,-699.815119,-566.192962,768000,768000,1.000000000,1,2025-11-27 07:55:00.000000,2025-11-27 07:55:59.999922,1,BAYxx_xxxx_20251127_075026_000.7z
2025-11-27 07:56:00,-1602.047638,-1.602047638,-251.814806,-742.222028,-608.010804,768000,768000,1.000000000,1,2025-11-27 07:56:00.000000,2025-11-27 07:56:59.999922,1,BAYxx_xxxx_20251127_075026_000.7z
2025-11-27 07:57:00,-1742.765939,-1.742765939,-302.312089,-790.765829,-649.688021,768000,768000,1.000000000,1,2025-11-27 07:57:00.000000,2025-11-27 07:57:59.999922,1,BAYxx_xxxx_20251127_075026_000.7z
2025-11-27 07:58:00,-1869.381804,-1.869381804,-351.639139,-827.250866,-690.491800,768000,768000,1.000000000,1,2025-11-27 07:58:00.000000,2025-11-27 07:58:59.999922,1,BAYxx_xxxx_20251127_075026_000.7z
2025-11-27 07:59:00,-1920.791645,-1.920791645,-376.504639,-870.904015,-673.382992,768000,768000,1.000000000,1,2025-11-27 07:59:00.000000,2025-11-27 07:59:59.999922,1,BAYxx_xxxx_20251127_075026_000.7z
2025-11-27 08:00:00,-2020.350852,-2.020350852,-424.977295,-917.727006,-677.646552,716937,768000,0.933511719,0,2025-11-27 08:00:00.000000,2025-11-27 08:00:59.999922,2,BAYxx_xxxx_20251127_075026_000.7z;BAYxx_xxxx_20251127_080030_000.7z
2025-11-27 08:01:00,-2133.921637,-2.133921637,-458.654010,-956.075644,-719.191983,768000,768000,1.000000000,1,2025-11-27 08:01:00.000000,2025-11-27 08:01:59.999922,1,BAYxx_xxxx_20251127_080030_000.7z
2025-11-27 08:02:00,-2289.715636,-2.289715636,-517.773786,-1008.256831,-763.685019,768000,768000,1.000000000,1,2025-11-27 08:02:00.000000,2025-11-27 08:02:59.999922,1,BAYxx_xxxx_20251127_080030_000.7z
2025-11-27 08:03:00,-2232.526976,-2.232526976,-481.879032,-993.568212,-757.079731,768000,768000,1.000000000,1,2025-11-27 08:03:00.000000,2025-11-27 08:03:59.999922,1,BAYxx_xxxx_20251127_080030_000.7z
2025-11-27 08:04:00,-922.730005,-0.922730005,-65.263332,-541.366844,-316.099829,768000,768000,1.000000000,1,2025-11-27 08:04:00.000000,2025-11-27 08:04:59.999922,1,BAYxx_xxxx_20251127_080030_000.7z
2025-11-27 08:05:00,16851.799458,16.851799458,5543.679878,5539.823995,5768.295586,768000,768000,1.000000000,1,2025-11-27 08:05:00.000000,2025-11-27 08:05:59.999922,1,BAYxx_xxxx_20251127_080030_000.7z
2025-11-27 08:06:00,20136.452958,20.136452958,6536.758739,6621.938107,6977.756112,768000,768000,1.000000000,1,2025-11-27 08:06:00.000000,2025-11-27 08:06:59.999922,1,BAYxx_xxxx_20251127_080030_000.7z
2025-11-27 08:07:00,21362.082667,21.362082667,6994.652673,7035.741500,7331.688493,768000,768000,1.000000000,1,2025-11-27 08:07:00.000000,2025-11-27 08:07:59.999922,1,BAYxx_xxxx_20251127_080030_000.7z
2025-11-27 08:08:00,22153.658286,22.153658286,7303.909031,7272.485558,7577.263697,768000,768000,1.000000000,1,2025-11-27 08:08:00.000000,2025-11-27 08:08:59.999922,1,BAYxx_xxxx_20251127_080030_000.7z
2025-11-27 08:09:00,22915.007302,22.915007302,7517.547090,7560.737370,7836.722842,768000,768000,1.000000000,1,2025-11-27 08:09:00.000000,2025-11-27 08:09:59.999922,1,BAYxx_xxxx_20251127_080030_000.7z
2025-11-27 08:10:00,15685.060240,15.685060240,5210.500959,5071.883221,5402.676060,729711,768000,0.950144531,0,2025-11-27 08:10:00.000000,2025-11-27 08:10:59.999922,2,BAYxx_xxxx_20251127_080030_000.7z;BAYxx_xxxx_20251127_081033_000.7z
2025-11-27 08:11:00,-3321.197843,-3.321197843,-831.988550,-1369.497806,-1119.711488,768000,768000,1.000000000,1,2025-11-27 08:11:00.000000,2025-11-27 08:11:59.999922,1,BAYxx_xxxx_20251127_081033_000.7z
2025-11-27 08:12:00,-3391.054739,-3.391054739,-859.228233,-1397.507849,-1134.318657,768000,768000,1.000000000,1,2025-11-27 08:12:00.000000,2025-11-27 08:12:59.999922,1,BAYxx_xxxx_20251127_081033_000.7z
2025-11-27 08:13:00,-3436.428473,-3.436428473,-879.690943,-1408.771924,-1147.965606,768000,768000,1.000000000,1,2025-11-27 08:13:00.000000,2025-11-27 08:13:59.999922,1,BAYxx_xxxx_20251127_081033_000.7z
2025-11-27 08:14:00,-3525.492572,-3.525492572,-907.961267,-1432.945034,-1184.586271,768000,768000,1.000000000,1,2025-11-27 08:14:00.000000,2025-11-27 08:14:59.999922,1,BAYxx_xxxx_20251127_081033_000.7z
2025-11-27 08:15:00,-3663.798957,-3.663798957,-954.466170,-1494.514894,-1214.817893,768000,768000,1.000000000,1,2025-11-27 08:15:00.000000,2025-11-27 08:15:59.999922,1,BAYxx_xxxx_20251127_081033_000.7z
2025-11-27 08:16:00,-3842.339826,-3.842339826,-1014.917364,-1550.839169,-1276.583293,768000,768000,1.000000000,1,2025-11-27 08:16:00.000000,2025-11-27 08:16:59.999922,1,BAYxx_xxxx_20251127_081033_000.7z
2025-11-27 08:17:00,-3947.532292,-3.947532292,-1046.787410,-1580.418056,-1320.326825,768000,768000,1.000000000,1,2025-11-27 08:17:00.000000,2025-11-27 08:17:59.999922,1,BAYxx_xxxx_20251127_081033_000.7z
2025-11-27 08:18:00,-4039.537178,-4.039537178,-1076.959975,-1613.396667,-1349.180537,768000,768000,1.000000000,1,2025-11-27 08:18:00.000000,2025-11-27 08:18:59.999922,1,BAYxx_xxxx_20251127_081033_000.7z
2025-11-27 08:19:00,-4085.854013,-4.085854013,-1093.113380,-1634.730106,-1358.010527,768000,768000,1.000000000,1,2025-11-27 08:19:00.000000,2025-11-27 08:19:59.999922,1,BAYxx_xxxx_20251127_081033_000.7z
2025-11-27 08:20:00,-4124.053425,-4.124053425,-1100.482582,-1647.348247,-1376.222596,704086,768000,0.916778646,0,2025-11-27 08:20:00.000000,2025-11-27 08:20:59.999922,2,BAYxx_xxxx_20251127_081033_000.7z;BAYxx_xxxx_20251127_082038_000.7z
2025-11-27 08:21:00,-4176.065872,-4.176065872,-1114.086229,-1662.776300,-1399.203343,768000,768000,1.000000000,1,2025-11-27 08:21:00.000000,2025-11-27 08:21:59.999922,1,BAYxx_xxxx_20251127_082038_000.7z
2025-11-27 08:22:00,-4362.383856,-4.362383856,-1181.410328,-1725.517363,-1455.456165,768000,768000,1.000000000,1,2025-11-27 08:22:00.000000,2025-11-27 08:22:59.999922,1,BAYxx_xxxx_20251127_082038_000.7z
2025-11-27 08:23:00,-4463.421589,-4.463421589,-1216.756762,-1758.703530,-1487.961296,768000,768000,1.000000000,1,2025-11-27 08:23:00.000000,2025-11-27 08:23:59.999922,1,BAYxx_xxxx_20251127_082038_000.7z
2025-11-27 08:24:00,-4573.388520,-4.573388520,-1264.133083,-1788.937551,-1520.317886,768000,768000,1.000000000,1,2025-11-27 08:24:00.000000,2025-11-27 08:24:59.999922,1,BAYxx_xxxx_20251127_082038_000.7z
2025-11-27 08:25:00,-4650.217258,-4.650217258,-1283.193996,-1821.209999,-1545.813264,768000,768000,1.000000000,1,2025-11-27 08:25:00.000000,2025-11-27 08:25:59.999922,1,BAYxx_xxxx_20251127_082038_000.7z
2025-11-27 08:26:00,-4773.612661,-4.773612661,-1323.876065,-1857.011349,-1592.725246,768000,768000,1.000000000,1,2025-11-27 08:26:00.000000,2025-11-27 08:26:59.999922,1,BAYxx_xxxx_20251127_082038_000.7z
2025-11-27 08:27:00,-4440.615703,-4.440615703,-1217.288605,-1749.860117,-1473.466981,768000,768000,1.000000000,1,2025-11-27 08:27:00.000000,2025-11-27 08:27:59.999922,1,BAYxx_xxxx_20251127_082038_000.7z
2025-11-27 08:28:00,-2030.675891,-2.030675891,-471.723133,-899.306219,-659.646539,768000,768000,1.000000000,1,2025-11-27 08:28:00.000000,2025-11-27 08:28:59.999922,1,BAYxx_xxxx_20251127_082038_000.7z
2025-11-27 08:29:00,17513.937992,17.513937992,5570.768113,5851.769038,6091.400841,768000,768000,1.000000000,1,2025-11-27 08:29:00.000000,2025-11-27 08:29:59.999922,1,BAYxx_xxxx_20251127_082038_000.7z
2025-11-27 08:30:00,18070.779448,18.070779448,5843.377447,6002.361665,6225.040337,742526,768000,0.966830729,0,2025-11-27 08:30:00.000000,2025-11-27 08:30:59.999922,2,BAYxx_xxxx_20251127_082038_000.7z;BAYxx_xxxx_20251127_083040_000.7z
2025-11-27 08:31:00,19313.776065,19.313776065,6382.669369,6262.118387,6668.988309,768000,768000,1.000000000,1,2025-11-27 08:31:00.000000,2025-11-27 08:31:59.999922,1,BAYxx_xxxx_20251127_083040_000.7z
2025-11-27 08:32:00,20056.553811,20.056553811,6546.595031,6556.609213,6953.349566,768000,768000,1.000000000,1,2025-11-27 08:32:00.000000,2025-11-27 08:32:59.999922,1,BAYxx_xxxx_20251127_083040_000.7z
2025-11-27 08:33:00,20837.747934,20.837747934,6721.083110,6874.893926,7241.770897,768000,768000,1.000000000,1,2025-11-27 08:33:00.000000,2025-11-27 08:33:59.999922,1,BAYxx_xxxx_20251127_083040_000.7z
2025-11-27 08:34:00,7679.363974,7.679363974,2608.300898,2403.483337,2667.579739,768000,768000,1.000000000,1,2025-11-27 08:34:00.000000,2025-11-27 08:34:59.999922,1,BAYxx_xxxx_20251127_083040_000.7z
2025-11-27 08:35:00,-5800.651165,-5.800651165,-1619.872583,-2200.615052,-1980.163530,768000,768000,1.000000000,1,2025-11-27 08:35:00.000000,2025-11-27 08:35:59.999922,1,BAYxx_xxxx_20251127_083040_000.7z
2025-11-27 08:36:00,-5948.441514,-5.948441514,-1667.505216,-2249.310356,-2031.625942,768000,768000,1.000000000,1,2025-11-27 08:36:00.000000,2025-11-27 08:36:59.999922,1,BAYxx_xxxx_20251127_083040_000.7z
2025-11-27 08:37:00,-5997.629520,-5.997629520,-1683.807300,-2266.428637,-2047.393583,768000,768000,1.000000000,1,2025-11-27 08:37:00.000000,2025-11-27 08:37:59.999922,1,BAYxx_xxxx_20251127_083040_000.7z
2025-11-27 08:38:00,-6104.564896,-6.104564896,-1731.061641,-2297.017714,-2076.485540,768000,768000,1.000000000,1,2025-11-27 08:38:00.000000,2025-11-27 08:38:59.999922,1,BAYxx_xxxx_20251127_083040_000.7z
2025-11-27 08:39:00,-6274.868587,-6.274868587,-1788.782490,-2349.505514,-2136.580584,768000,768000,1.000000000,1,2025-11-27 08:39:00.000000,2025-11-27 08:39:59.999922,1,BAYxx_xxxx_20251127_083040_000.7z
2025-11-27 08:40:00,-6401.708677,-6.401708677,-1832.513391,-2394.552318,-2174.642968,716939,768000,0.933514323,0,2025-11-27 08:40:00.000000,2025-11-27 08:40:59.999922,2,BAYxx_xxxx_20251127_083040_000.7z;BAYxx_xxxx_20251127_084044_000.7z
2025-11-27 08:41:00,-6456.482798,-6.456482798,-1845.112194,-2414.191782,-2197.178822,768000,768000,1.000000000,1,2025-11-27 08:41:00.000000,2025-11-27 08:41:59.999922,1,BAYxx_xxxx_20251127_084044_000.7z
2025-11-27 08:42:00,-6584.310740,-6.584310740,-1890.443636,-2459.003871,-2234.863233,768000,768000,1.000000000,1,2025-11-27 08:42:00.000000,2025-11-27 08:42:59.999922,1,BAYxx_xxxx_20251127_084044_000.7z
2025-11-27 08:43:00,-6706.988778,-6.706988778,-1941.497103,-2484.602343,-2280.889332,768000,768000,1.000000000,1,2025-11-27 08:43:00.000000,2025-11-27 08:43:59.999922,1,BAYxx_xxxx_20251127_084044_000.7z
2025-11-27 08:44:00,-6839.954918,-6.839954918,-1979.221276,-2527.386984,-2333.346658,768000,768000,1.000000000,1,2025-11-27 08:44:00.000000,2025-11-27 08:44:59.999922,1,BAYxx_xxxx_20251127_084044_000.7z
2025-11-27 08:45:00,-6851.248773,-6.851248773,-2018.012382,-2569.274018,-2263.962373,768000,768000,1.000000000,1,2025-11-27 08:45:00.000000,2025-11-27 08:45:59.999922,1,BAYxx_xxxx_20251127_084044_000.7z
2025-11-27 08:46:00,-6919.124468,-6.919124468,-2039.202765,-2596.485242,-2283.436460,768000,768000,1.000000000,1,2025-11-27 08:46:00.000000,2025-11-27 08:46:59.999922,1,BAYxx_xxxx_20251127_084044_000.7z
2025-11-27 08:47:00,-6956.028064,-6.956028064,-2050.296205,-2606.137644,-2299.594215,768000,768000,1.000000000,1,2025-11-27 08:47:00.000000,2025-11-27 08:47:59.999922,1,BAYxx_xxxx_20251127_084044_000.7z
2025-11-27 08:48:00,-6981.775888,-6.981775888,-2054.390905,-2613.446863,-2313.938121,768000,768000,1.000000000,1,2025-11-27 08:48:00.000000,2025-11-27 08:48:59.999922,1,BAYxx_xxxx_20251127_084044_000.7z
2025-11-27 08:49:00,-7075.337421,-7.075337421,-2098.769584,-2639.977150,-2336.590687,768000,768000,1.000000000,1,2025-11-27 08:49:00.000000,2025-11-27 08:49:59.999922,1,BAYxx_xxxx_20251127_084044_000.7z
2025-11-27 08:50:00,-6753.573988,-6.753573988,-1986.417292,-2536.352429,-2230.804268,742416,768000,0.966687500,0,2025-11-27 08:50:00.000000,2025-11-27 08:50:59.999922,2,BAYxx_xxxx_20251127_084044_000.7z;BAYxx_xxxx_20251127_085046_000.7z
2025-11-27 08:51:00,-3794.733508,-3.794733508,-1062.680123,-1502.270490,-1229.782895,768000,768000,1.000000000,1,2025-11-27 08:51:00.000000,2025-11-27 08:51:59.999922,1,BAYxx_xxxx_20251127_085046_000.7z
2025-11-27 08:52:00,14841.852803,14.841852803,4804.256203,4924.741855,5112.854745,768000,768000,1.000000000,1,2025-11-27 08:52:00.000000,2025-11-27 08:52:59.999922,1,BAYxx_xxxx_20251127_085046_000.7z
2025-11-27 08:53:00,15560.710628,15.560710628,5040.046076,5110.391988,5410.272564,768000,768000,1.000000000,1,2025-11-27 08:53:00.000000,2025-11-27 08:53:59.999922,1,BAYxx_xxxx_20251127_085046_000.7z
2025-11-27 08:54:00,16670.666358,16.670666358,5335.216794,5457.296243,5878.153321,768000,768000,1.000000000,1,2025-11-27 08:54:00.000000,2025-11-27 08:54:59.999922,1,BAYxx_xxxx_20251127_085046_000.7z
2025-11-27 08:55:00,17524.253321,17.524253321,5634.712866,5731.155362,6158.385093,768000,768000,1.000000000,1,2025-11-27 08:55:00.000000,2025-11-27 08:55:59.999922,1,BAYxx_xxxx_20251127_085046_000.7z
2025-11-27 08:56:00,18291.152656,18.291152656,5852.296200,6018.910541,6419.945915,768000,768000,1.000000000,1,2025-11-27 08:56:00.000000,2025-11-27 08:56:59.999922,1,BAYxx_xxxx_20251127_085046_000.7z
2025-11-27 08:57:00,3035.314542,3.035314542,1054.690125,827.402887,1153.221529,768000,768000,1.000000000,1,2025-11-27 08:57:00.000000,2025-11-27 08:57:59.999922,1,BAYxx_xxxx_20251127_085046_000.7z
2025-11-27 08:58:00,-8477.377002,-8.477377002,-2557.606584,-3110.627484,-2809.142934,768000,768000,1.000000000,1,2025-11-27 08:58:00.000000,2025-11-27 08:58:59.999922,1,BAYxx_xxxx_20251127_085046_000.7z
2025-11-27 08:59:00,-8454.620250,-8.454620250,-2549.647888,-3101.532129,-2803.440234,768000,768000,1.000000000,1,2025-11-27 08:59:00.000000,2025-11-27 08:59:59.999922,1,BAYxx_xxxx_20251127_085046_000.7z
2025-11-27 09:00:00,-8820.802711,-8.820802711,-2671.614782,-3222.530061,-2926.657869,742543,768000,0.966852865,0,2025-11-27 09:00:00.000000,2025-11-27 09:00:59.999922,2,BAYxx_xxxx_20251127_085046_000.7z;BAYxx_xxxx_20251127_090048_000.7z
2025-11-27 09:01:00,-8824.040904,-8.824040904,-2676.034258,-3225.549260,-2922.457386,768000,768000,1.000000000,1,2025-11-27 09:01:00.000000,2025-11-27 09:01:59.999922,1,BAYxx_xxxx_20251127_090048_000.7z
2025-11-27 09:02:00,-8890.733283,-8.890733283,-2686.077779,-3259.495149,-2945.160356,768000,768000,1.000000000,1,2025-11-27 09:02:00.000000,2025-11-27 09:02:59.999922,1,BAYxx_xxxx_20251127_090048_000.7z
2025-11-27 09:03:00,-9012.614558,-9.012614558,-2726.746838,-3293.598823,-2992.268897,768000,768000,1.000000000,1,2025-11-27 09:03:00.000000,2025-11-27 09:03:59.999922,1,BAYxx_xxxx_20251127_090048_000.7z
2025-11-27 09:04:00,-9275.765022,-9.275765022,-2817.581830,-3379.193263,-3078.989929,768000,768000,1.000000000,1,2025-11-27 09:04:00.000000,2025-11-27 09:04:59.999922,1,BAYxx_xxxx_20251127_090048_000.7z
2025-11-27 09:05:00,-9357.274424,-9.357274424,-2847.397318,-3410.139580,-3099.737526,768000,768000,1.000000000,1,2025-11-27 09:05:00.000000,2025-11-27 09:05:59.999922,1,BAYxx_xxxx_20251127_090048_000.7z
2025-11-27 09:06:00,-9209.802802,-9.209802802,-2794.905614,-3351.792612,-3063.104576,768000,768000,1.000000000,1,2025-11-27 09:06:00.000000,2025-11-27 09:06:59.999922,1,BAYxx_xxxx_20251127_090048_000.7z
2025-11-27 09:07:00,-9214.118157,-9.214118157,-2790.532673,-3352.313259,-3071.272225,768000,768000,1.000000000,1,2025-11-27 09:07:00.000000,2025-11-27 09:07:59.999922,1,BAYxx_xxxx_20251127_090048_000.7z
2025-11-27 09:08:00,-9656.595675,-9.656595675,-2946.726102,-3498.295274,-3211.574298,768000,768000,1.000000000,1,2025-11-27 09:08:00.000000,2025-11-27 09:08:59.999922,1,BAYxx_xxxx_20251127_090048_000.7z
2025-11-27 09:09:00,-9392.700429,-9.392700429,-2851.873848,-3415.371858,-3125.454722,768000,768000,1.000000000,1,2025-11-27 09:09:00.000000,2025-11-27 09:09:59.999922,1,BAYxx_xxxx_20251127_090048_000.7z
2025-11-27 09:10:00,-9589.703092,-9.589703092,-2917.417503,-3487.661387,-3184.624203,729614,768000,0.950018229,0,2025-11-27 09:10:00.000000,2025-11-27 09:10:59.999922,2,BAYxx_xxxx_20251127_090048_000.7z;BAYxx_xxxx_20251127_091051_000.7z
2025-11-27 09:11:00,-9923.944872,-9.923944872,-3026.935503,-3591.765238,-3305.244130,768000,768000,1.000000000,1,2025-11-27 09:11:00.000000,2025-11-27 09:11:59.999922,1,BAYxx_xxxx_20251127_091051_000.7z
2025-11-27 09:12:00,-10140.209742,-10.140209742,-3094.483322,-3674.467713,-3371.258706,768000,768000,1.000000000,1,2025-11-27 09:12:00.000000,2025-11-27 09:12:59.999922,1,BAYxx_xxxx_20251127_091051_000.7z
2025-11-27 09:13:00,-10267.959640,-10.267959640,-3147.190158,-3711.849369,-3408.920114,768000,768000,1.000000000,1,2025-11-27 09:13:00.000000,2025-11-27 09:13:59.999922,1,BAYxx_xxxx_20251127_091051_000.7z
2025-11-27 09:14:00,-10066.428699,-10.066428699,-3088.038979,-3643.533285,-3334.856435,768000,768000,1.000000000,1,2025-11-27 09:14:00.000000,2025-11-27 09:14:59.999922,1,BAYxx_xxxx_20251127_091051_000.7z
2025-11-27 09:15:00,-10342.539776,-10.342539776,-3155.456424,-3710.228011,-3476.855341,768000,768000,1.000000000,1,2025-11-27 09:15:00.000000,2025-11-27 09:15:59.999922,1,BAYxx_xxxx_20251127_091051_000.7z
2025-11-27 09:16:00,-10612.082278,-10.612082278,-3232.050129,-3796.897917,-3583.134232,768000,768000,1.000000000,1,2025-11-27 09:16:00.000000,2025-11-27 09:16:59.999922,1,BAYxx_xxxx_20251127_091051_000.7z
2025-11-27 09:17:00,-9087.792423,-9.087792423,-2740.087860,-3269.553908,-3078.150655,768000,768000,1.000000000,1,2025-11-27 09:17:00.000000,2025-11-27 09:17:59.999922,1,BAYxx_xxxx_20251127_091051_000.7z
2025-11-27 09:18:00,6847.615142,6.847615142,2197.597761,2229.460961,2420.556419,768000,768000,1.000000000,1,2025-11-27 09:18:00.000000,2025-11-27 09:18:59.999922,1,BAYxx_xxxx_20251127_091051_000.7z
2025-11-27 09:19:00,11970.206796,11.970206796,3869.226657,3955.657275,4145.322863,768000,768000,1.000000000,1,2025-11-27 09:19:00.000000,2025-11-27 09:19:59.999922,1,BAYxx_xxxx_20251127_091051_000.7z
2025-11-27 09:20:00,12936.259525,12.936259525,4092.878140,4319.101555,4524.279830,729726,768000,0.950164062,0,2025-11-27 09:20:00.000000,2025-11-27 09:20:59.999922,2,BAYxx_xxxx_20251127_091051_000.7z;BAYxx_xxxx_20251127_092054_000.7z
2025-11-27 09:21:00,13713.023050,13.713023050,4309.978182,4621.458884,4781.585984,768000,768000,1.000000000,1,2025-11-27 09:21:00.000000,2025-11-27 09:21:59.999922,1,BAYxx_xxxx_20251127_092054_000.7z
2025-11-27 09:22:00,14831.258102,14.831258102,4704.799059,4957.393191,5169.065851,768000,768000,1.000000000,1,2025-11-27 09:22:00.000000,2025-11-27 09:22:59.999922,1,BAYxx_xxxx_20251127_092054_000.7z
2025-11-27 09:23:00,9539.954319,9.539954319,3152.641679,3073.021736,3314.290904,768000,768000,1.000000000,1,2025-11-27 09:23:00.000000,2025-11-27 09:23:59.999922,1,BAYxx_xxxx_20251127_092054_000.7z
2025-11-27 09:24:00,-11471.148246,-11.471148246,-3519.617712,-4063.987238,-3887.543296,768000,768000,1.000000000,1,2025-11-27 09:24:00.000000,2025-11-27 09:24:59.999922,1,BAYxx_xxxx_20251127_092054_000.7z
2025-11-27 09:25:00,-3669.745436,-3.669745436,-931.217211,-1460.549039,-1277.979186,768000,768000,1.000000000,1,2025-11-27 09:25:00.000000,2025-11-27 09:25:59.999922,1,BAYxx_xxxx_20251127_092054_000.7z
2025-11-27 09:26:00,2464.479923,2.464479923,1103.968041,592.196382,768.315499,768000,768000,1.000000000,1,2025-11-27 09:26:00.000000,2025-11-27 09:26:59.999922,1,BAYxx_xxxx_20251127_092054_000.7z
2025-11-27 09:27:00,-5743.584994,-5.743584994,-1618.442789,-2152.831177,-1972.311028,768000,768000,1.000000000,1,2025-11-27 09:27:00.000000,2025-11-27 09:27:59.999922,1,BAYxx_xxxx_20251127_092054_000.7z
2025-11-27 09:28:00,-11740.867070,-11.740867070,-3608.568215,-4165.335328,-3966.963527,768000,768000,1.000000000,1,2025-11-27 09:28:00.000000,2025-11-27 09:28:59.999922,1,BAYxx_xxxx_20251127_092054_000.7z
2025-11-27 09:29:00,-11901.283085,-11.901283085,-3663.330991,-4216.285297,-4021.666797,768000,768000,1.000000000,1,2025-11-27 09:29:00.000000,2025-11-27 09:29:59.999922,1,BAYxx_xxxx_20251127_092054_000.7z
2025-11-27 09:30:00,-11890.287123,-11.890287123,-3679.522333,-4232.702531,-3978.062258,716847,768000,0.933394531,0,2025-11-27 09:30:00.000000,2025-11-27 09:30:59.999922,2,BAYxx_xxxx_20251127_092054_000.7z;BAYxx_xxxx_20251127_093058_000.7z
2025-11-27 09:31:00,-11999.829501,-11.999829501,-3724.453537,-4290.118156,-3985.257809,768000,768000,1.000000000,1,2025-11-27 09:31:00.000000,2025-11-27 09:31:59.999922,1,BAYxx_xxxx_20251127_093058_000.7z
2025-11-27 09:32:00,-12063.271337,-12.063271337,-3747.004060,-4314.271740,-4001.995537,768000,768000,1.000000000,1,2025-11-27 09:32:00.000000,2025-11-27 09:32:59.999922,1,BAYxx_xxxx_20251127_093058_000.7z
2025-11-27 09:33:00,-12080.368273,-12.080368273,-3758.440724,-4317.310382,-4004.617167,768000,768000,1.000000000,1,2025-11-27 09:33:00.000000,2025-11-27 09:33:59.999922,1,BAYxx_xxxx_20251127_093058_000.7z
2025-11-27 09:34:00,-12178.375363,-12.178375363,-3788.227086,-4345.191311,-4044.956966,768000,768000,1.000000000,1,2025-11-27 09:34:00.000000,2025-11-27 09:34:59.999922,1,BAYxx_xxxx_20251127_093058_000.7z
2025-11-27 09:35:00,-12385.129191,-12.385129191,-3856.207433,-4415.574445,-4113.347313,768000,768000,1.000000000,1,2025-11-27 09:35:00.000000,2025-11-27 09:35:59.999922,1,BAYxx_xxxx_20251127_093058_000.7z
2025-11-27 09:36:00,-7661.641707,-7.661641707,-2291.898413,-2837.696377,-2532.046916,768000,768000,1.000000000,1,2025-11-27 09:36:00.000000,2025-11-27 09:36:59.999922,1,BAYxx_xxxx_20251127_093058_000.7z
2025-11-27 09:37:00,2565.020706,2.565020706,1110.619517,579.655352,874.745836,768000,768000,1.000000000,1,2025-11-27 09:37:00.000000,2025-11-27 09:37:59.999922,1,BAYxx_xxxx_20251127_093058_000.7z
2025-11-27 09:38:00,-2555.869170,-2.555869170,-589.566922,-1127.358488,-838.943760,768000,768000,1.000000000,1,2025-11-27 09:38:00.000000,2025-11-27 09:38:59.999922,1,BAYxx_xxxx_20251127_093058_000.7z
2025-11-27 09:39:00,-12410.624299,-12.410624299,-3857.451368,-4428.822498,-4124.350433,768000,768000,1.000000000,1,2025-11-27 09:39:00.000000,2025-11-27 09:39:59.999922,1,BAYxx_xxxx_20251127_093058_000.7z
2025-11-27 09:40:00,-11104.101391,-11.104101391,-3436.546175,-3984.821704,-3682.733513,742509,768000,0.966808594,0,2025-11-27 09:40:00.000000,2025-11-27 09:40:58.008438,1,BAYxx_xxxx_20251127_093058_000.7z
2025-11-27 09:41:00,5647.705859,5.647705859,1773.531624,1743.428966,2130.745270,755200,768000,0.983333333,0,2025-11-27 09:41:01.000000,2025-11-27 09:41:59.999922,1,BAYxx_xxxx_20251127_094101_000.7z
2025-11-27 09:42:00,13314.554121,13.314554121,4231.751770,4341.833467,4740.968884,768000,768000,1.000000000,1,2025-11-27 09:42:00.000000,2025-11-27 09:42:59.999922,1,BAYxx_xxxx_20251127_094101_000.7z
2025-11-27 09:43:00,26915.154059,26.915154059,8679.738190,8905.340641,9330.075228,768000,768000,1.000000000,1,2025-11-27 09:43:00.000000,2025-11-27 09:43:59.999922,1,BAYxx_xxxx_20251127_094101_000.7z
2025-11-27 09:44:00,23909.602557,23.909602557,7629.570795,7962.544212,8317.487549,768000,768000,1.000000000,1,2025-11-27 09:44:00.000000,2025-11-27 09:44:59.999922,1,BAYxx_xxxx_20251127_094101_000.7z
2025-11-27 09:45:00,12598.496417,12.598496417,3940.170831,4183.234872,4475.090714,768000,768000,1.000000000,1,2025-11-27 09:45:00.000000,2025-11-27 09:45:59.999922,1,BAYxx_xxxx_20251127_094101_000.7z
2025-11-27 09:46:00,527.406018,0.527406018,153.831474,21.701472,351.873072,768000,768000,1.000000000,1,2025-11-27 09:46:00.000000,2025-11-27 09:46:59.999922,1,BAYxx_xxxx_20251127_094101_000.7z
2025-11-27 09:47:00,-10100.534474,-10.100534474,-3094.909478,-3655.484934,-3350.140062,768000,768000,1.000000000,1,2025-11-27 09:47:00.000000,2025-11-27 09:47:59.999922,1,BAYxx_xxxx_20251127_094101_000.7z
2025-11-27 09:48:00,2360.626268,2.360626268,1053.846488,504.203330,802.576450,768000,768000,1.000000000,1,2025-11-27 09:48:00.000000,2025-11-27 09:48:59.999922,1,BAYxx_xxxx_20251127_094101_000.7z
2025-11-27 09:49:00,-1261.354711,-1.261354711,-159.197308,-689.483100,-412.674304,768000,768000,1.000000000,1,2025-11-27 09:49:00.000000,2025-11-27 09:49:59.999922,1,BAYxx_xxxx_20251127_094101_000.7z
2025-11-27 09:50:00,-14262.532400,-14.262532400,-4471.819881,-5044.868578,-4745.843941,768000,768000,1.000000000,1,2025-11-27 09:50:00.000000,2025-11-27 09:50:59.999922,1,BAYxx_xxxx_20251127_094101_000.7z
2025-11-27 09:51:00,-14585.967318,-14.585967318,-4579.352995,-5154.280823,-4852.333500,742521,768000,0.966824219,0,2025-11-27 09:51:00.000000,2025-11-27 09:51:59.999922,2,BAYxx_xxxx_20251127_094101_000.7z;BAYxx_xxxx_20251127_095103_000.7z
2025-11-27 09:52:00,-14481.775519,-14.481775519,-4549.536421,-5110.233912,-4822.005186,768000,768000,1.000000000,1,2025-11-27 09:52:00.000000,2025-11-27 09:52:59.999922,1,BAYxx_xxxx_20251127_095103_000.7z
2025-11-27 09:53:00,1928.176520,1.928176520,905.564523,363.914190,658.697807,768000,768000,1.000000000,1,2025-11-27 09:53:00.000000,2025-11-27 09:53:59.999922,1,BAYxx_xxxx_20251127_095103_000.7z
2025-11-27 09:54:00,2333.974467,2.333974467,1042.703325,494.653115,796.618027,768000,768000,1.000000000,1,2025-11-27 09:54:00.000000,2025-11-27 09:54:59.999922,1,BAYxx_xxxx_20251127_095103_000.7z
2025-11-27 09:55:00,2317.807989,2.317807989,1038.043351,486.028192,793.736447,768000,768000,1.000000000,1,2025-11-27 09:55:00.000000,2025-11-27 09:55:59.999922,1,BAYxx_xxxx_20251127_095103_000.7z
2025-11-27 09:56:00,-447.220505,-0.447220505,117.178745,-433.570405,-130.828846,768000,768000,1.000000000,1,2025-11-27 09:56:00.000000,2025-11-27 09:56:59.999922,1,BAYxx_xxxx_20251127_095103_000.7z
2025-11-27 09:57:00,-14564.609358,-14.564609358,-4566.077345,-5150.241549,-4848.290463,768000,768000,1.000000000,1,2025-11-27 09:57:00.000000,2025-11-27 09:57:59.999922,1,BAYxx_xxxx_20251127_095103_000.7z
2025-11-27 09:58:00,-9534.702305,-9.534702305,-2899.830163,-3470.072864,-3164.799277,768000,768000,1.000000000,1,2025-11-27 09:58:00.000000,2025-11-27 09:58:59.999922,1,BAYxx_xxxx_20251127_095103_000.7z
2025-11-27 09:59:00,2268.820351,2.268820351,1017.406711,476.398517,775.015122,768000,768000,1.000000000,1,2025-11-27 09:59:00.000000,2025-11-27 09:59:59.999922,1,BAYxx_xxxx_20251127_095103_000.7z
2025-11-27 10:00:00,2237.637989,2.237637989,1020.818571,467.915623,748.903795,768000,768000,1.000000000,1,2025-11-27 10:00:00.000000,2025-11-27 10:00:59.999922,1,BAYxx_xxxx_20251127_095103_000.7z
2025-11-27 10:01:00,2161.142538,2.161142538,1010.274675,466.833978,684.033885,729650,768000,0.950065104,0,2025-11-27 10:01:00.000000,2025-11-27 10:01:59.999922,2,BAYxx_xxxx_20251127_095103_000.7z;BAYxx_xxxx_20251127_100106_000.7z
2025-11-27 10:02:00,-5425.695150,-5.425695150,-1504.733134,-2068.059183,-1852.902832,768000,768000,1.000000000,1,2025-11-27 10:02:00.000000,2025-11-27 10:02:59.999922,1,BAYxx_xxxx_20251127_100106_000.7z
2025-11-27 10:03:00,-15301.558503,-15.301558503,-4774.730087,-5380.720124,-5146.108293,768000,768000,1.000000000,1,2025-11-27 10:03:00.000000,2025-11-27 10:03:59.999922,1,BAYxx_xxxx_20251127_100106_000.7z
2025-11-27 10:04:00,-3857.663194,-3.857663194,-986.842428,-1543.294974,-1327.525792,768000,768000,1.000000000,1,2025-11-27 10:04:00.000000,2025-11-27 10:04:59.999922,1,BAYxx_xxxx_20251127_100106_000.7z
2025-11-27 10:05:00,2159.514412,2.159514412,1017.278665,472.460353,669.775395,768000,768000,1.000000000,1,2025-11-27 10:05:00.000000,2025-11-27 10:05:59.999922,1,BAYxx_xxxx_20251127_100106_000.7z
2025-11-27 10:06:00,2142.573817,2.142573817,1006.030017,465.992425,670.551376,768000,768000,1.000000000,1,2025-11-27 10:06:00.000000,2025-11-27 10:06:59.999922,1,BAYxx_xxxx_20251127_100106_000.7z
2025-11-27 10:07:00,2121.932804,2.121932804,996.903494,448.332112,676.697198,768000,768000,1.000000000,1,2025-11-27 10:07:00.000000,2025-11-27 10:07:59.999922,1,BAYxx_xxxx_20251127_100106_000.7z
2025-11-27 10:08:00,-12116.711387,-12.116711387,-3726.042715,-4300.294918,-4090.373754,768000,768000,1.000000000,1,2025-11-27 10:08:00.000000,2025-11-27 10:08:59.999922,1,BAYxx_xxxx_20251127_100106_000.7z
2025-11-27 10:09:00,-11994.991638,-11.994991638,-3690.736590,-4251.822030,-4052.433017,768000,768000,1.000000000,1,2025-11-27 10:09:00.000000,2025-11-27 10:09:59.999922,1,BAYxx_xxxx_20251127_100106_000.7z
2025-11-27 10:10:00,23761.147142,23.761147142,7782.851059,7892.910487,8085.385596,768000,768000,1.000000000,1,2025-11-27 10:10:00.000000,2025-11-27 10:10:59.999922,1,BAYxx_xxxx_20251127_100106_000.7z
2025-11-27 10:11:00,23909.882568,23.909882568,7744.690910,7976.383791,8188.807867,742505,768000,0.966803385,0,2025-11-27 10:11:00.000000,2025-11-27 10:11:59.999922,2,BAYxx_xxxx_20251127_100106_000.7z;BAYxx_xxxx_20251127_101108_000.7z
2025-11-27 10:12:00,8835.413283,8.835413283,2798.303097,2807.219330,3229.890857,768000,768000,1.000000000,1,2025-11-27 10:12:00.000000,2025-11-27 10:12:59.999922,1,BAYxx_xxxx_20251127_101108_000.7z
2025-11-27 10:13:00,8864.509827,8.864509827,2785.081336,2810.094481,3269.334010,768000,768000,1.000000000,1,2025-11-27 10:13:00.000000,2025-11-27 10:13:59.999922,1,BAYxx_xxxx_20251127_101108_000.7z
2025-11-27 10:14:00,10022.514460,10.022514460,3146.590293,3227.321061,3648.603107,768000,768000,1.000000000,1,2025-11-27 10:14:00.000000,2025-11-27 10:14:59.999922,1,BAYxx_xxxx_20251127_101108_000.7z
2025-11-27 10:15:00,3545.829172,3.545829172,1219.289728,965.373454,1361.165990,768000,768000,1.000000000,1,2025-11-27 10:15:00.000000,2025-11-27 10:15:59.999922,1,BAYxx_xxxx_20251127_101108_000.7z
2025-11-27 10:16:00,2130.015081,2.130015081,979.255864,411.263424,739.495793,768000,768000,1.000000000,1,2025-11-27 10:16:00.000000,2025-11-27 10:16:59.999922,1,BAYxx_xxxx_20251127_101108_000.7z
2025-11-27 10:17:00,-3641.804923,-3.641804923,-942.203634,-1506.291966,-1193.309323,768000,768000,1.000000000,1,2025-11-27 10:17:00.000000,2025-11-27 10:17:59.999922,1,BAYxx_xxxx_20251127_101108_000.7z
2025-11-27 10:18:00,-16541.465662,-16.541465662,-5219.135560,-5818.910645,-5503.419457,768000,768000,1.000000000,1,2025-11-27 10:18:00.000000,2025-11-27 10:18:59.999922,1,BAYxx_xxxx_20251127_101108_000.7z
2025-11-27 10:19:00,-16253.199999,-16.253199999,-5121.941701,-5720.681848,-5410.576451,768000,768000,1.000000000,1,2025-11-27 10:19:00.000000,2025-11-27 10:19:59.999922,1,BAYxx_xxxx_20251127_101108_000.7z
2025-11-27 10:20:00,-15784.885266,-15.784885266,-4963.894183,-5563.474841,-5257.516241,768000,768000,1.000000000,1,2025-11-27 10:20:00.000000,2025-11-27 10:20:59.999922,1,BAYxx_xxxx_20251127_101108_000.7z
2025-11-27 10:21:00,2145.270943,2.145270943,985.965456,412.805099,746.500388,729689,768000,0.950115885,0,2025-11-27 10:21:00.000000,2025-11-27 10:21:59.999922,2,BAYxx_xxxx_20251127_101108_000.7z;BAYxx_xxxx_20251127_102111_000.7z
2025-11-27 10:22:00,2094.305182,2.094305182,959.703665,409.344275,725.257242,768000,768000,1.000000000,1,2025-11-27 10:22:00.000000,2025-11-27 10:22:59.999922,1,BAYxx_xxxx_20251127_102111_000.7z
2025-11-27 10:23:00,2135.545905,2.135545905,982.790842,412.604318,740.150745,768000,768000,1.000000000,1,2025-11-27 10:23:00.000000,2025-11-27 10:23:59.999922,1,BAYxx_xxxx_20251127_102111_000.7z
2025-11-27 10:24:00,-11.103210,-0.011103210,271.747100,-299.592270,16.741960,768000,768000,1.000000000,1,2025-11-27 10:24:00.000000,2025-11-27 10:24:59.999922,1,BAYxx_xxxx_20251127_102111_000.7z
2025-11-27 10:25:00,-16575.363656,-16.575363656,-5221.989423,-5831.556684,-5521.817549,768000,768000,1.000000000,1,2025-11-27 10:25:00.000000,2025-11-27 10:25:59.999922,1,BAYxx_xxxx_20251127_102111_000.7z
2025-11-27 10:26:00,-11326.736553,-11.326736553,-3483.130899,-4084.048339,-3759.557315,768000,768000,1.000000000,1,2025-11-27 10:26:00.000000,2025-11-27 10:26:59.999922,1,BAYxx_xxxx_20251127_102111_000.7z
2025-11-27 10:27:00,2195.278354,2.195278354,1003.756791,433.534491,757.987072,768000,768000,1.000000000,1,2025-11-27 10:27:00.000000,2025-11-27 10:27:59.999922,1,BAYxx_xxxx_20251127_102111_000.7z
2025-11-27 10:28:00,-2632.272000,-2.632272000,-611.363446,-1157.037153,-863.871401,768000,768000,1.000000000,1,2025-11-27 10:28:00.000000,2025-11-27 10:28:59.999922,1,BAYxx_xxxx_20251127_102111_000.7z
2025-11-27 10:29:00,-16983.782148,-16.983782148,-5358.852002,-5973.845208,-5651.084938,768000,768000,1.000000000,1,2025-11-27 10:29:00.000000,2025-11-27 10:29:59.999922,1,BAYxx_xxxx_20251127_102111_000.7z
2025-11-27 10:30:00,-17272.245986,-17.272245986,-5461.582231,-6069.214733,-5741.449023,768000,768000,1.000000000,1,2025-11-27 10:30:00.000000,2025-11-27 10:30:59.999922,1,BAYxx_xxxx_20251127_102111_000.7z
2025-11-27 10:31:00,-13667.006083,-13.667006083,-4262.696929,-4869.353359,-4534.955795,729677,768000,0.950100260,0,2025-11-27 10:31:00.000000,2025-11-27 10:31:59.999922,2,BAYxx_xxxx_20251127_102111_000.7z;BAYxx_xxxx_20251127_103114_000.7z
2025-11-27 10:32:00,2641.208360,2.641208360,1129.415105,601.131918,910.661337,768000,768000,1.000000000,1,2025-11-27 10:32:00.000000,2025-11-27 10:32:59.999922,1,BAYxx_xxxx_20251127_103114_000.7z
2025-11-27 10:33:00,6322.824096,6.322824096,2294.563297,1861.202256,2167.058542,768000,768000,1.000000000,1,2025-11-27 10:33:00.000000,2025-11-27 10:33:59.999922,1,BAYxx_xxxx_20251127_103114_000.7z
2025-11-27 10:34:00,24577.599276,24.577599276,8002.265114,8074.312123,8501.022039,768000,768000,1.000000000,1,2025-11-27 10:34:00.000000,2025-11-27 10:34:59.999922,1,BAYxx_xxxx_20251127_103114_000.7z
2025-11-27 10:35:00,18407.300155,18.407300155,5879.739398,6066.619571,6460.941186,768000,768000,1.000000000,1,2025-11-27 10:35:00.000000,2025-11-27 10:35:59.999922,1,BAYxx_xxxx_20251127_103114_000.7z
2025-11-27 10:36:00,7064.448203,7.064448203,2172.169278,2192.435749,2699.843176,768000,768000,1.000000000,1,2025-11-27 10:36:00.000000,2025-11-27 10:36:59.999922,1,BAYxx_xxxx_20251127_103114_000.7z
2025-11-27 10:37:00,21393.801386,21.393801386,6916.063476,6984.891157,7492.846753,768000,768000,1.000000000,1,2025-11-27 10:37:00.000000,2025-11-27 10:37:59.999922,1,BAYxx_xxxx_20251127_103114_000.7z
2025-11-27 10:38:00,28174.766083,28.174766083,9143.785589,9294.304386,9736.676108,768000,768000,1.000000000,1,2025-11-27 10:38:00.000000,2025-11-27 10:38:59.999922,1,BAYxx_xxxx_20251127_103114_000.7z
2025-11-27 10:39:00,17570.148243,17.570148243,5821.100671,5686.447179,6062.600393,768000,768000,1.000000000,1,2025-11-27 10:39:00.000000,2025-11-27 10:39:59.999922,1,BAYxx_xxxx_20251127_103114_000.7z
2025-11-27 10:40:00,2005.887242,2.005887242,931.505815,384.897244,689.484184,768000,768000,1.000000000,1,2025-11-27 10:40:00.000000,2025-11-27 10:40:59.999922,1,BAYxx_xxxx_20251127_103114_000.7z
2025-11-27 10:41:00,-14191.069942,-14.191069942,-4439.334543,-5020.246596,-4731.488803,729693,768000,0.950121094,0,2025-11-27 10:41:00.000000,2025-11-27 10:41:59.999922,2,BAYxx_xxxx_20251127_103114_000.7z;BAYxx_xxxx_20251127_104117_000.7z
2025-11-27 10:42:00,-12543.732753,-12.543732753,-3888.205490,-4485.044187,-4170.483076,768000,768000,1.000000000,1,2025-11-27 10:42:00.000000,2025-11-27 10:42:59.999922,1,BAYxx_xxxx_20251127_104117_000.7z
2025-11-27 10:43:00,1972.290559,1.972290559,925.458293,369.971299,676.860967,768000,768000,1.000000000,1,2025-11-27 10:43:00.000000,2025-11-27 10:43:59.999922,1,BAYxx_xxxx_20251127_104117_000.7z
2025-11-27 10:44:00,-3482.884552,-3.482884552,-892.536786,-1441.924606,-1148.423160,768000,768000,1.000000000,1,2025-11-27 10:44:00.000000,2025-11-27 10:44:59.999922,1,BAYxx_xxxx_20251127_104117_000.7z
2025-11-27 10:45:00,-17781.919599,-17.781919599,-5626.699913,-6229.415140,-5925.804546,768000,768000,1.000000000,1,2025-11-27 10:45:00.000000,2025-11-27 10:45:59.999922,1,BAYxx_xxxx_20251127_104117_000.7z
2025-11-27 10:46:00,-18026.152688,-18.026152688,-5681.454772,-6276.362523,-6068.335393,768000,768000,1.000000000,1,2025-11-27 10:46:00.000000,2025-11-27 10:46:59.999922,1,BAYxx_xxxx_20251127_104117_000.7z
2025-11-27 10:47:00,-18208.153511,-18.208153511,-5738.069412,-6342.847405,-6127.236695,768000,768000,1.000000000,1,2025-11-27 10:47:00.000000,2025-11-27 10:47:59.999922,1,BAYxx_xxxx_20251127_104117_000.7z
2025-11-27 10:48:00,-229.031230,-0.229031230,219.796416,-322.430036,-126.397610,768000,768000,1.000000000,1,2025-11-27 10:48:00.000000,2025-11-27 10:48:59.999922,1,BAYxx_xxxx_20251127_104117_000.7z
2025-11-27 10:49:00,1972.311332,1.972311332,952.177529,410.745421,609.388382,768000,768000,1.000000000,1,2025-11-27 10:49:00.000000,2025-11-27 10:49:59.999922,1,BAYxx_xxxx_20251127_104117_000.7z
2025-11-27 10:50:00,2027.013991,2.027013991,971.684913,425.279349,630.049730,768000,768000,1.000000000,1,2025-11-27 10:50:00.000000,2025-11-27 10:50:59.999922,1,BAYxx_xxxx_20251127_104117_000.7z
2025-11-27 10:51:00,1301.725806,1.301725806,728.902394,183.199863,389.623548,716881,768000,0.933438802,0,2025-11-27 10:51:00.000000,2025-11-27 10:51:59.999922,2,BAYxx_xxxx_20251127_104117_000.7z;BAYxx_xxxx_20251127_105121_000.7z
2025-11-27 10:52:00,-16620.126348,-16.620126348,-5211.118233,-5820.062880,-5588.945235,768000,768000,1.000000000,1,2025-11-27 10:52:00.000000,2025-11-27 10:52:59.999922,1,BAYxx_xxxx_20251127_105121_000.7z
2025-11-27 10:53:00,-10547.023151,-10.547023151,-3192.603383,-3785.900639,-3568.519129,768000,768000,1.000000000,1,2025-11-27 10:53:00.000000,2025-11-27 10:53:59.999922,1,BAYxx_xxxx_20251127_105121_000.7z
2025-11-27 10:54:00,2032.937510,2.032937510,984.630647,420.456747,627.850116,768000,768000,1.000000000,1,2025-11-27 10:54:00.000000,2025-11-27 10:54:59.999922,1,BAYxx_xxxx_20251127_105121_000.7z
2025-11-27 10:55:00,-5435.661009,-5.435661009,-1499.433366,-2070.777287,-1865.450356,768000,768000,1.000000000,1,2025-11-27 10:55:00.000000,2025-11-27 10:55:59.999922,1,BAYxx_xxxx_20251127_105121_000.7z
2025-11-27 10:56:00,-18964.815052,-18.964815052,-5985.368055,-6601.122830,-6378.324167,768000,768000,1.000000000,1,2025-11-27 10:56:00.000000,2025-11-27 10:56:59.999922,1,BAYxx_xxxx_20251127_105121_000.7z
2025-11-27 10:57:00,-19288.067102,-19.288067102,-6083.855080,-6715.104775,-6489.107247,768000,768000,1.000000000,1,2025-11-27 10:57:00.000000,2025-11-27 10:57:59.999922,1,BAYxx_xxxx_20251127_105121_000.7z
2025-11-27 10:58:00,-11497.860254,-11.497860254,-3499.006221,-4112.569325,-3886.284709,768000,768000,1.000000000,1,2025-11-27 10:58:00.000000,2025-11-27 10:58:59.999922,1,BAYxx_xxxx_20251127_105121_000.7z
2025-11-27 10:59:00,3355.696157,3.355696157,1410.663877,874.586002,1070.446277,768000,768000,1.000000000,1,2025-11-27 10:59:00.000000,2025-11-27 10:59:59.999922,1,BAYxx_xxxx_20251127_105121_000.7z
2025-11-27 11:00:00,15420.527602,15.420527602,5161.490282,5000.195879,5258.841441,768000,768000,1.000000000,1,2025-11-27 11:00:00.000000,2025-11-27 11:00:59.999922,1,BAYxx_xxxx_20251127_105121_000.7z
2025-11-27 11:01:00,24968.004282,24.968004282,8065.288952,8226.326817,8676.388514,729722,768000,0.950158854,0,2025-11-27 11:01:00.000000,2025-11-27 11:01:59.999922,2,BAYxx_xxxx_20251127_105121_000.7z;BAYxx_xxxx_20251127_110124_000.7z
2025-11-27 11:02:00,17861.978162,17.861978162,5719.517526,5866.995946,6275.464690,768000,768000,1.000000000,1,2025-11-27 11:02:00.000000,2025-11-27 11:02:59.999922,1,BAYxx_xxxx_20251127_110124_000.7z
2025-11-27 11:03:00,6571.051226,6.571051226,1951.203739,2097.321745,2522.525742,768000,768000,1.000000000,1,2025-11-27 11:03:00.000000,2025-11-27 11:03:59.999922,1,BAYxx_xxxx_20251127_110124_000.7z
2025-11-27 11:04:00,26099.625168,26.099625168,8464.148282,8624.014367,9011.462519,768000,768000,1.000000000,1,2025-11-27 11:04:00.000000,2025-11-27 11:04:59.999922,1,BAYxx_xxxx_20251127_110124_000.7z
2025-11-27 11:05:00,23913.846569,23.913846569,7789.088229,7841.556169,8283.202171,768000,768000,1.000000000,1,2025-11-27 11:05:00.000000,2025-11-27 11:05:59.999922,1,BAYxx_xxxx_20251127_110124_000.7z
2025-11-27 11:06:00,2119.544083,2.119544083,969.167887,428.650189,721.726007,768000,768000,1.000000000,1,2025-11-27 11:06:00.000000,2025-11-27 11:06:59.999922,1,BAYxx_xxxx_20251127_110124_000.7z
2025-11-27 11:07:00,858.247719,0.858247719,545.425138,10.125350,302.697231,768000,768000,1.000000000,1,2025-11-27 11:07:00.000000,2025-11-27 11:07:59.999922,1,BAYxx_xxxx_20251127_110124_000.7z
2025-11-27 11:08:00,-18243.971492,-18.243971492,-5792.822527,-6383.894638,-6067.254328,768000,768000,1.000000000,1,2025-11-27 11:08:00.000000,2025-11-27 11:08:59.999922,1,BAYxx_xxxx_20251127_110124_000.7z
2025-11-27 11:09:00,-9249.389935,-9.249389935,-2800.854407,-3366.957440,-3081.578088,768000,768000,1.000000000,1,2025-11-27 11:09:00.000000,2025-11-27 11:09:59.999922,1,BAYxx_xxxx_20251127_110124_000.7z
2025-11-27 11:10:00,2057.161763,2.057161763,952.033548,418.043675,687.084541,768000,768000,1.000000000,1,2025-11-27 11:10:00.000000,2025-11-27 11:10:59.999922,1,BAYxx_xxxx_20251127_110124_000.7z
2025-11-27 11:11:00,-6464.597161,-6.464597161,-1881.778958,-2431.554010,-2151.264192,742523,768000,0.966826823,0,2025-11-27 11:11:00.000000,2025-11-27 11:11:59.999922,2,BAYxx_xxxx_20251127_110124_000.7z;BAYxx_xxxx_20251127_111126_000.7z
2025-11-27 11:12:00,-18851.825772,-18.851825772,-5967.680562,-6607.401349,-6276.743862,768000,768000,1.000000000,1,2025-11-27 11:12:00.000000,2025-11-27 11:12:59.999922,1,BAYxx_xxxx_20251127_111126_000.7z
2025-11-27 11:13:00,-18945.540179,-18.945540179,-6002.693405,-6635.709266,-6307.137508,768000,768000,1.000000000,1,2025-11-27 11:13:00.000000,2025-11-27 11:13:59.999922,1,BAYxx_xxxx_20251127_111126_000.7z
2025-11-27 11:14:00,-18412.654246,-18.412654246,-5821.982819,-6456.986995,-6133.684431,768000,768000,1.000000000,1,2025-11-27 11:14:00.000000,2025-11-27 11:14:59.999922,1,BAYxx_xxxx_20251127_111126_000.7z
2025-11-27 11:15:00,1996.090249,1.996090249,941.973183,378.593842,675.523224,768000,768000,1.000000000,1,2025-11-27 11:15:00.000000,2025-11-27 11:15:59.999922,1,BAYxx_xxxx_20251127_111126_000.7z
2025-11-27 11:16:00,1028.772824,1.028772824,611.662861,49.244234,367.865729,768000,768000,1.000000000,1,2025-11-27 11:16:00.000000,2025-11-27 11:16:59.999922,1,BAYxx_xxxx_20251127_111126_000.7z
2025-11-27 11:17:00,-17838.831433,-17.838831433,-5641.983693,-6253.990487,-5942.857253,768000,768000,1.000000000,1,2025-11-27 11:17:00.000000,2025-11-27 11:17:59.999922,1,BAYxx_xxxx_20251127_111126_000.7z
2025-11-27 11:18:00,-19168.844710,-19.168844710,-6075.460913,-6706.435144,-6386.948652,768000,768000,1.000000000,1,2025-11-27 11:18:00.000000,2025-11-27 11:18:59.999922,1,BAYxx_xxxx_20251127_111126_000.7z
2025-11-27 11:19:00,-18893.156592,-18.893156592,-5986.512060,-6608.165255,-6298.479278,768000,768000,1.000000000,1,2025-11-27 11:19:00.000000,2025-11-27 11:19:59.999922,1,BAYxx_xxxx_20251127_111126_000.7z
2025-11-27 11:20:00,-7957.161125,-7.957161125,-2363.495316,-2945.301655,-2648.364154,768000,768000,1.000000000,1,2025-11-27 11:20:00.000000,2025-11-27 11:20:59.999922,1,BAYxx_xxxx_20251127_111126_000.7z
2025-11-27 11:21:00,2026.890893,2.026890893,939.603701,395.578440,691.708752,729712,768000,0.950145833,0,2025-11-27 11:21:00.000000,2025-11-27 11:21:59.999922,2,BAYxx_xxxx_20251127_111126_000.7z;BAYxx_xxxx_20251127_112129_000.7z
2025-11-27 11:22:00,-7139.223984,-7.139223984,-2095.618006,-2672.852930,-2370.753048,768000,768000,1.000000000,1,2025-11-27 11:22:00.000000,2025-11-27 11:22:59.999922,1,BAYxx_xxxx_20251127_112129_000.7z
2025-11-27 11:23:00,-19570.387851,-19.570387851,-6217.830311,-6831.042900,-6521.514639,768000,768000,1.000000000,1,2025-11-27 11:23:00.000000,2025-11-27 11:23:59.999922,1,BAYxx_xxxx_20251127_112129_000.7z
2025-11-27 11:24:00,-19512.945895,-19.512945895,-6197.098128,-6808.589927,-6507.257840,768000,768000,1.000000000,1,2025-11-27 11:24:00.000000,2025-11-27 11:24:59.999922,1,BAYxx_xxxx_20251127_112129_000.7z
2025-11-27 11:25:00,-703.291616,-0.703291616,45.016273,-524.287452,-224.020437,768000,768000,1.000000000,1,2025-11-27 11:25:00.000000,2025-11-27 11:25:59.999922,1,BAYxx_xxxx_20251127_112129_000.7z
2025-11-27 11:26:00,7274.767356,7.274767356,2616.541707,2170.322818,2487.902832,768000,768000,1.000000000,1,2025-11-27 11:26:00.000000,2025-11-27 11:26:59.999922,1,BAYxx_xxxx_20251127_112129_000.7z
2025-11-27 11:27:00,24958.310590,24.958310590,8136.190278,8205.409406,8616.710906,768000,768000,1.000000000,1,2025-11-27 11:27:00.000000,2025-11-27 11:27:59.999922,1,BAYxx_xxxx_20251127_112129_000.7z
2025-11-27 11:28:00,25210.208664,25.210208664,8248.829258,8295.252056,8666.127350,768000,768000,1.000000000,1,2025-11-27 11:28:00.000000,2025-11-27 11:28:59.999922,1,BAYxx_xxxx_20251127_112129_000.7z
2025-11-27 11:29:00,8012.370656,8.012370656,2502.199384,2579.600692,2930.570579,768000,768000,1.000000000,1,2025-11-27 11:29:00.000000,2025-11-27 11:29:59.999922,1,BAYxx_xxxx_20251127_112129_000.7z
2025-11-27 11:30:00,7020.285131,7.020285131,2098.215580,2262.419442,2659.650109,768000,768000,1.000000000,1,2025-11-27 11:30:00.000000,2025-11-27 11:30:59.999922,1,BAYxx_xxxx_20251127_112129_000.7z
2025-11-27 11:31:00,14991.295361,14.991295361,4802.418349,4866.301170,5322.575842,729630,768000,0.950039063,0,2025-11-27 11:31:00.000000,2025-11-27 11:31:59.999922,2,BAYxx_xxxx_20251127_112129_000.7z;BAYxx_xxxx_20251127_113132_000.7z
2025-11-27 11:32:00,6466.401487,6.466401487,2370.176029,1923.086347,2173.139111,768000,768000,1.000000000,1,2025-11-27 11:32:00.000000,2025-11-27 11:32:59.999922,1,BAYxx_xxxx_20251127_113132_000.7z
2025-11-27 11:33:00,-4359.119801,-4.359119801,-1155.347856,-1696.507747,-1507.264197,768000,768000,1.000000000,1,2025-11-27 11:33:00.000000,2025-11-27 11:33:59.999922,1,BAYxx_xxxx_20251127_113132_000.7z
2025-11-27 11:34:00,-18826.472756,-18.826472756,-5940.569048,-6544.931028,-6340.972680,768000,768000,1.000000000,1,2025-11-27 11:34:00.000000,2025-11-27 11:34:59.999922,1,BAYxx_xxxx_20251127_113132_000.7z
2025-11-27 11:35:00,-19013.982699,-19.013982699,-6008.483932,-6607.577647,-6397.921120,768000,768000,1.000000000,1,2025-11-27 11:35:00.000000,2025-11-27 11:35:59.999922,1,BAYxx_xxxx_20251127_113132_000.7z
2025-11-27 11:36:00,-4763.165989,-4.763165989,-1274.030855,-1849.719674,-1639.415460,768000,768000,1.000000000,1,2025-11-27 11:36:00.000000,2025-11-27 11:36:59.999922,1,BAYxx_xxxx_20251127_113132_000.7z
2025-11-27 11:37:00,1939.993826,1.939993826,938.205521,399.342370,602.445935,768000,768000,1.000000000,1,2025-11-27 11:37:00.000000,2025-11-27 11:37:59.999922,1,BAYxx_xxxx_20251127_113132_000.7z
2025-11-27 11:38:00,-11331.911116,-11.331911116,-3454.908368,-4033.183751,-3843.818997,768000,768000,1.000000000,1,2025-11-27 11:38:00.000000,2025-11-27 11:38:59.999922,1,BAYxx_xxxx_20251127_113132_000.7z
2025-11-27 11:39:00,-19298.501245,-19.298501245,-6093.497860,-6696.645795,-6508.357590,768000,768000,1.000000000,1,2025-11-27 11:39:00.000000,2025-11-27 11:39:59.999922,1,BAYxx_xxxx_20251127_113132_000.7z
2025-11-27 11:40:00,-19862.844189,-19.862844189,-6289.160566,-6884.423926,-6689.259697,768000,768000,1.000000000,1,2025-11-27 11:40:00.000000,2025-11-27 11:40:59.999922,1,BAYxx_xxxx_20251127_113132_000.7z
2025-11-27 11:41:00,-19788.041264,-19.788041264,-6274.205872,-6849.549449,-6664.285944,729710,768000,0.950143229,0,2025-11-27 11:41:00.000000,2025-11-27 11:41:59.999922,2,BAYxx_xxxx_20251127_113132_000.7z;BAYxx_xxxx_20251127_114135_000.7z
2025-11-27 11:42:00,-1164.901209,-1.164901209,-97.412962,-624.560763,-442.927485,768000,768000,1.000000000,1,2025-11-27 11:42:00.000000,2025-11-27 11:42:59.999922,1,BAYxx_xxxx_20251127_114135_000.7z
2025-11-27 11:43:00,1796.566065,1.796566065,902.869473,351.400180,542.296413,768000,768000,1.000000000,1,2025-11-27 11:43:00.000000,2025-11-27 11:43:59.999922,1,BAYxx_xxxx_20251127_114135_000.7z
2025-11-27 11:44:00,-15478.173481,-15.478173481,-4825.921588,-5426.727203,-5225.524690,768000,768000,1.000000000,1,2025-11-27 11:44:00.000000,2025-11-27 11:44:59.999922,1,BAYxx_xxxx_20251127_114135_000.7z
2025-11-27 11:45:00,-19326.307498,-19.326307498,-6095.795537,-6720.821404,-6509.690557,768000,768000,1.000000000,1,2025-11-27 11:45:00.000000,2025-11-27 11:45:59.999922,1,BAYxx_xxxx_20251127_114135_000.7z
2025-11-27 11:46:00,-15158.694302,-15.158694302,-4733.073278,-5324.810501,-5100.810523,768000,768000,1.000000000,1,2025-11-27 11:46:00.000000,2025-11-27 11:46:59.999922,1,BAYxx_xxxx_20251127_114135_000.7z
2025-11-27 11:47:00,1992.123104,1.992123104,947.495158,391.803539,652.824407,768000,768000,1.000000000,1,2025-11-27 11:47:00.000000,2025-11-27 11:47:59.999922,1,BAYxx_xxxx_20251127_114135_000.7z
2025-11-27 11:48:00,1414.659145,1.414659145,748.469531,201.784824,464.404790,768000,768000,1.000000000,1,2025-11-27 11:48:00.000000,2025-11-27 11:48:59.999922,1,BAYxx_xxxx_20251127_114135_000.7z
2025-11-27 11:49:00,1999.619543,1.999619543,932.128822,391.250762,676.239959,768000,768000,1.000000000,1,2025-11-27 11:49:00.000000,2025-11-27 11:49:59.999922,1,BAYxx_xxxx_20251127_114135_000.7z
2025-11-27 11:50:00,-1521.385166,-1.521385166,-241.891521,-778.205930,-501.287716,768000,768000,1.000000000,1,2025-11-27 11:50:00.000000,2025-11-27 11:50:59.999922,1,BAYxx_xxxx_20251127_114135_000.7z
2025-11-27 11:51:00,-18969.369455,-18.969369455,-6018.801035,-6619.128221,-6331.440198,729725,768000,0.950162760,0,2025-11-27 11:51:00.000000,2025-11-27 11:51:59.999922,2,BAYxx_xxxx_20251127_114135_000.7z;BAYxx_xxxx_20251127_115138_000.7z
2025-11-27 11:52:00,1035.710464,1.035710464,610.464154,70.667420,354.578890,768000,768000,1.000000000,1,2025-11-27 11:52:00.000000,2025-11-27 11:52:59.999922,1,BAYxx_xxxx_20251127_115138_000.7z
2025-11-27 11:53:00,20783.173215,20.783173215,6790.420520,6817.358933,7175.393762,768000,768000,1.000000000,1,2025-11-27 11:53:00.000000,2025-11-27 11:53:59.999922,1,BAYxx_xxxx_20251127_115138_000.7z
2025-11-27 11:54:00,7453.410908,7.453410908,2311.774112,2436.735043,2704.901753,768000,768000,1.000000000,1,2025-11-27 11:54:00.000000,2025-11-27 11:54:59.999922,1,BAYxx_xxxx_20251127_115138_000.7z
2025-11-27 11:55:00,5219.415354,5.219415354,1560.250293,1676.358174,1982.806888,768000,768000,1.000000000,1,2025-11-27 11:55:00.000000,2025-11-27 11:55:59.999922,1,BAYxx_xxxx_20251127_115138_000.7z
2025-11-27 11:56:00,6141.414398,6.141414398,1885.488795,1909.342861,2346.582742,768000,768000,1.000000000,1,2025-11-27 11:56:00.000000,2025-11-27 11:56:59.999922,1,BAYxx_xxxx_20251127_115138_000.7z
2025-11-27 11:57:00,9579.248375,9.579248375,3007.166400,3064.770933,3507.311042,768000,768000,1.000000000,1,2025-11-27 11:57:00.000000,2025-11-27 11:57:59.999922,1,BAYxx_xxxx_20251127_115138_000.7z
2025-11-27 11:58:00,16830.441117,16.830441117,5616.537238,5418.356569,5795.547310,768000,768000,1.000000000,1,2025-11-27 11:58:00.000000,2025-11-27 11:58:59.999922,1,BAYxx_xxxx_20251127_115138_000.7z
2025-11-27 11:59:00,2060.004641,2.060004641,959.840149,417.374894,682.789598,768000,768000,1.000000000,1,2025-11-27 11:59:00.000000,2025-11-27 11:59:59.999922,1,BAYxx_xxxx_20251127_115138_000.7z
2025-11-27 12:00:00,2069.309942,2.069309942,957.275358,419.696049,692.338536,768000,768000,1.000000000,1,2025-11-27 12:00:00.000000,2025-11-27 12:00:59.999922,1,BAYxx_xxxx_20251127_115138_000.7z
2025-11-27 12:01:00,-2780.702162,-2.780702162,-661.104277,-1189.158956,-930.438929,742407,768000,0.966675781,0,2025-11-27 12:01:00.000000,2025-11-27 12:01:59.999922,2,BAYxx_xxxx_20251127_115138_000.7z;BAYxx_xxxx_20251127_120140_000.7z
2025-11-27 12:02:00,-13365.062428,-13.365062428,-4161.398299,-4737.501617,-4466.162512,768000,768000,1.000000000,1,2025-11-27 12:02:00.000000,2025-11-27 12:02:59.999922,1,BAYxx_xxxx_20251127_120140_000.7z
2025-11-27 12:03:00,2088.818024,2.088818024,967.591525,432.751066,688.475433,768000,768000,1.000000000,1,2025-11-27 12:03:00.000000,2025-11-27 12:03:59.999922,1,BAYxx_xxxx_20251127_120140_000.7z
2025-11-27 12:04:00,-1897.856624,-1.897856624,-367.371174,-892.211415,-638.274035,768000,768000,1.000000000,1,2025-11-27 12:04:00.000000,2025-11-27 12:04:59.999922,1,BAYxx_xxxx_20251127_120140_000.7z
2025-11-27 12:05:00,-19058.289322,-19.058289322,-6054.711202,-6641.008790,-6362.569330,768000,768000,1.000000000,1,2025-11-27 12:05:00.000000,2025-11-27 12:05:59.999922,1,BAYxx_xxxx_20251127_120140_000.7z
2025-11-27 12:06:00,-19877.753280,-19.877753280,-6320.244495,-6914.067129,-6643.441656,768000,768000,1.000000000,1,2025-11-27 12:06:00.000000,2025-11-27 12:06:59.999922,1,BAYxx_xxxx_20251127_120140_000.7z
2025-11-27 12:07:00,-18095.617810,-18.095617810,-5723.482294,-6323.178031,-6048.957486,768000,768000,1.000000000,1,2025-11-27 12:07:00.000000,2025-11-27 12:07:59.999922,1,BAYxx_xxxx_20251127_120140_000.7z
2025-11-27 12:08:00,2021.447131,2.021447131,936.479597,407.024989,677.942545,768000,768000,1.000000000,1,2025-11-27 12:08:00.000000,2025-11-27 12:08:59.999922,1,BAYxx_xxxx_20251127_120140_000.7z
2025-11-27 12:09:00,485.486289,0.485486289,419.258060,-96.498229,162.726457,768000,768000,1.000000000,1,2025-11-27 12:09:00.000000,2025-11-27 12:09:59.999922,1,BAYxx_xxxx_20251127_120140_000.7z
2025-11-27 12:10:00,-18576.972113,-18.576972113,-5890.515435,-6489.265880,-6197.190798,768000,768000,1.000000000,1,2025-11-27 12:10:00.000000,2025-11-27 12:10:59.999922,1,BAYxx_xxxx_20251127_120140_000.7z
2025-11-27 12:11:00,-19391.017186,-19.391017186,-6159.764044,-6753.515179,-6477.737963,729682,768000,0.950106771,0,2025-11-27 12:11:00.000000,2025-11-27 12:11:59.999922,2,BAYxx_xxxx_20251127_120140_000.7z;BAYxx_xxxx_20251127_121143_000.7z
2025-11-27 12:12:00,-19455.900493,-19.455900493,-6189.811903,-6768.995340,-6497.093250,768000,768000,1.000000000,1,2025-11-27 12:12:00.000000,2025-11-27 12:12:59.999922,1,BAYxx_xxxx_20251127_121143_000.7z
2025-11-27 12:13:00,-3721.436061,-3.721436061,-972.537648,-1507.095168,-1241.803244,768000,768000,1.000000000,1,2025-11-27 12:13:00.000000,2025-11-27 12:13:59.999922,1,BAYxx_xxxx_20251127_121143_000.7z
2025-11-27 12:14:00,2039.905466,2.039905466,930.216174,421.156893,688.532400,768000,768000,1.000000000,1,2025-11-27 12:14:00.000000,2025-11-27 12:14:59.999922,1,BAYxx_xxxx_20251127_121143_000.7z
2025-11-27 12:15:00,-9781.868844,-9.781868844,-2989.046311,-3523.507043,-3269.315490,768000,768000,1.000000000,1,2025-11-27 12:15:00.000000,2025-11-27 12:15:59.999922,1,BAYxx_xxxx_20251127_121143_000.7z
2025-11-27 12:16:00,2018.076336,2.018076336,938.072423,420.963216,659.040698,768000,768000,1.000000000,1,2025-11-27 12:16:00.000000,2025-11-27 12:16:59.999922,1,BAYxx_xxxx_20251127_121143_000.7z
2025-11-27 12:17:00,-154.573009,-0.154573009,250.658860,-289.208352,-116.023517,768000,768000,1.000000000,1,2025-11-27 12:17:00.000000,2025-11-27 12:17:59.999922,1,BAYxx_xxxx_20251127_121143_000.7z
2025-11-27 12:18:00,-7182.094894,-7.182094894,-2081.470728,-2633.413196,-2467.210969,768000,768000,1.000000000,1,2025-11-27 12:18:00.000000,2025-11-27 12:18:59.999922,1,BAYxx_xxxx_20251127_121143_000.7z
2025-11-27 12:19:00,2135.833359,2.135833359,1015.344702,474.262171,646.226487,768000,768000,1.000000000,1,2025-11-27 12:19:00.000000,2025-11-27 12:19:59.999922,1,BAYxx_xxxx_20251127_121143_000.7z
2025-11-27 12:20:00,-6848.521487,-6.848521487,-1983.760689,-2511.417562,-2353.343236,768000,768000,1.000000000,1,2025-11-27 12:20:00.000000,2025-11-27 12:20:59.999922,1,BAYxx_xxxx_20251127_121143_000.7z
2025-11-27 12:21:00,20937.495793,20.937495793,6871.645286,6924.381769,7141.468737,729695,768000,0.950123698,0,2025-11-27 12:21:00.000000,2025-11-27 12:21:59.999922,2,BAYxx_xxxx_20251127_121143_000.7z;BAYxx_xxxx_20251127_122146_000.7z
2025-11-27 12:22:00,25063.610503,25.063610503,8223.421318,8340.786082,8499.403103,768000,768000,1.000000000,1,2025-11-27 12:22:00.000000,2025-11-27 12:22:59.999922,1,BAYxx_xxxx_20251127_122146_000.7z
2025-11-27 12:23:00,9792.186848,9.792186848,3137.273488,3237.290225,3417.623135,768000,768000,1.000000000,1,2025-11-27 12:23:00.000000,2025-11-27 12:23:59.999922,1,BAYxx_xxxx_20251127_122146_000.7z
2025-11-27 12:24:00,17222.252832,17.222252832,5540.298482,5729.804025,5952.150324,768000,768000,1.000000000,1,2025-11-27 12:24:00.000000,2025-11-27 12:24:59.999922,1,BAYxx_xxxx_20251127_122146_000.7z
2025-11-27 12:25:00,28364.743610,28.364743610,9307.675002,9413.613772,9643.454837,768000,768000,1.000000000,1,2025-11-27 12:25:00.000000,2025-11-27 12:25:59.999922,1,BAYxx_xxxx_20251127_122146_000.7z
2025-11-27 12:26:00,3028.568408,3.028568408,1180.456208,828.963531,1019.148668,768000,768000,1.000000000,1,2025-11-27 12:26:00.000000,2025-11-27 12:26:59.999922,1,BAYxx_xxxx_20251127_122146_000.7z
2025-11-27 12:27:00,-18619.029429,-18.619029429,-5861.011126,-6466.276674,-6291.741629,768000,768000,1.000000000,1,2025-11-27 12:27:00.000000,2025-11-27 12:27:59.999922,1,BAYxx_xxxx_20251127_122146_000.7z
2025-11-27 12:28:00,-18862.813552,-18.862813552,-5951.823392,-6547.705352,-6363.284808,768000,768000,1.000000000,1,2025-11-27 12:28:00.000000,2025-11-27 12:28:59.999922,1,BAYxx_xxxx_20251127_122146_000.7z
2025-11-27 12:29:00,-9963.388333,-9.963388333,-3008.678289,-3568.805207,-3385.904837,768000,768000,1.000000000,1,2025-11-27 12:29:00.000000,2025-11-27 12:29:59.999922,1,BAYxx_xxxx_20251127_122146_000.7z
2025-11-27 12:30:00,1925.851177,1.925851177,930.626320,425.870129,569.354728,768000,768000,1.000000000,1,2025-11-27 12:30:00.000000,2025-11-27 12:30:59.999922,1,BAYxx_xxxx_20251127_122146_000.7z
