minute_start,active_power_w,active_power_kw,phase_a_power_w,phase_b_power_w,phase_c_power_w,sample_count,expected_samples,coverage_ratio,is_complete,first_sample_time,last_sample_time,source_archive_count,source_archives
2025-11-30 07:43:00,-530.649750,-0.530649750,118.286457,-387.713724,-261.222483,665723,768000,0.866826823,0,2025-11-30 07:43:00.000000,2025-11-30 07:43:59.999922,2,BAYxx_xxxx_20251130_073341_000.7z;BAYxx_xxxx_20251130_074349_000.7z
2025-11-30 07:44:00,-568.038416,-0.568038416,108.320245,-408.599843,-267.758817,768000,768000,1.000000000,1,2025-11-30 07:44:00.000000,2025-11-30 07:44:59.999922,1,BAYxx_xxxx_20251130_074349_000.7z
2025-11-30 07:45:00,-672.336407,-0.672336407,76.322156,-437.454056,-311.204507,768000,768000,1.000000000,1,2025-11-30 07:45:00.000000,2025-11-30 07:45:59.999922,1,BAYxx_xxxx_20251130_074349_000.7z
2025-11-30 07:46:00,-742.801264,-0.742801264,49.378243,-466.740683,-325.438824,768000,768000,1.000000000,1,2025-11-30 07:46:00.000000,2025-11-30 07:46:59.999922,1,BAYxx_xxxx_20251130_074349_000.7z
2025-11-30 07:47:00,-829.094460,-0.829094460,25.918573,-488.000399,-367.012634,768000,768000,1.000000000,1,2025-11-30 07:47:00.000000,2025-11-30 07:47:59.999922,1,BAYxx_xxxx_20251130_074349_000.7z
2025-11-30 07:48:00,-928.479036,-0.928479036,-10.614531,-530.192744,-387.671761,768000,768000,1.000000000,1,2025-11-30 07:48:00.000000,2025-11-30 07:48:59.999922,1,BAYxx_xxxx_20251130_074349_000.7z
2025-11-30 07:49:00,-1007.456023,-1.007456023,-29.000373,-560.374895,-418.080754,768000,768000,1.000000000,1,2025-11-30 07:49:00.000000,2025-11-30 07:49:59.999922,1,BAYxx_xxxx_20251130_074349_000.7z
2025-11-30 07:50:00,-1113.141706,-1.113141706,-68.643710,-589.280105,-455.217891,768000,768000,1.000000000,1,2025-11-30 07:50:00.000000,2025-11-30 07:50:59.999922,1,BAYxx_xxxx_20251130_074349_000.7z
2025-11-30 07:51:00,-1178.513866,-1.178513866,-97.036170,-604.978434,-476.499262,768000,768000,1.000000000,1,2025-11-30 07:51:00.000000,2025-11-30 07:51:59.999922,1,BAYxx_xxxx_20251130_074349_000.7z
2025-11-30 07:52:00,-1251.183093,-1.251183093,-125.217539,-651.272971,-474.692582,768000,768000,1.000000000,1,2025-11-30 07:52:00.000000,2025-11-30 07:52:59.999922,1,BAYxx_xxxx_20251130_074349_000.7z
2025-11-30 07:53:00,-1271.867217,-1.271867217,-157.516447,-683.549143,-430.801627,652850,768000,0.850065104,0,2025-11-30 07:53:00.000000,2025-11-30 07:53:59.999922,2,BAYxx_xxxx_20251130_074349_000.7z;BAYxx_xxxx_20251130_075358_000.7z
2025-11-30 07:54:00,-1378.474393,-1.378474393,-194.383997,-709.962937,-474.127459,768000,768000,1.000000000,1,2025-11-30 07:54:00.000000,2025-11-30 07:54:59.999922,1,BAYxx_xxxx_20251130_075358_000.7z
2025-11-30 07:55:00,-1478.025118,-1.478025118,-230.347696,-742.547144,-505.130278,768000,768000,1.000000000,1,2025-11-30 07:55:00.000000,2025-11-30 07:55:59.999922,1,BAYxx_xxxx_20251130_075358_000.7z
2025-11-30 07:56:00,-1584.541991,-1.584541991,-267.624874,-777.960823,-538.956294,768000,768000,1.000000000,1,2025-11-30 07:56:00.000000,2025-11-30 07:56:59.999922,1,BAYxx_xxxx_20251130_075358_000.7z
2025-11-30 07:57:00,-1648.455481,-1.648455481,-296.279971,-793.741631,-558.433878,768000,768000,1.000000000,1,2025-11-30 07:57:00.000000,2025-11-30 07:57:59.999922,1,BAYxx_xxxx_20251130_075358_000.7z
2025-11-30 07:58:00,-1737.817133,-1.737817133,-319.629337,-823.221406,-594.966389,768000,768000,1.000000000,1,2025-11-30 07:58:00.000000,2025-11-30 07:58:59.999922,1,BAYxx_xxxx_20251130_075358_000.7z
2025-11-30 07:59:00,-1865.570658,-1.865570658,-376.068954,-856.647605,-632.854099,768000,768000,1.000000000,1,2025-11-30 07:59:00.000000,2025-11-30 07:59:59.999922,1,BAYxx_xxxx_20251130_075358_000.7z
2025-11-30 08:00:00,-2059.132208,-2.059132208,-437.604607,-926.844908,-694.682693,768000,768000,1.000000000,1,2025-11-30 08:00:00.000000,2025-11-30 08:00:59.999922,1,BAYxx_xxxx_20251130_075358_000.7z
2025-11-30 08:01:00,-2188.666773,-2.188666773,-471.412046,-981.393746,-735.860981,768000,768000,1.000000000,1,2025-11-30 08:01:00.000000,2025-11-30 08:01:59.999922,1,BAYxx_xxxx_20251130_075358_000.7z
2025-11-30 08:02:00,-2295.854718,-2.295854718,-503.915482,-1012.923897,-779.015340,768000,768000,1.000000000,1,2025-11-30 08:02:00.000000,2025-11-30 08:02:59.999922,1,BAYxx_xxxx_20251130_075358_000.7z
2025-11-30 08:03:00,-2357.638998,-2.357638998,-520.316638,-1036.016292,-801.306069,742432,768000,0.966708333,0,2025-11-30 08:03:00.000000,2025-11-30 08:03:58.002422,1,BAYxx_xxxx_20251130_075358_000.7z
2025-11-30 08:04:00,-2449.822770,-2.449822770,-560.737306,-1063.357045,-825.728418,755200,768000,0.983333333,0,2025-11-30 08:04:01.000000,2025-11-30 08:04:59.999922,1,BAYxx_xxxx_20251130_080401_000.7z
2025-11-30 08:05:00,-2576.632184,-2.576632184,-601.641506,-1107.788886,-867.201792,768000,768000,1.000000000,1,2025-11-30 08:05:00.000000,2025-11-30 08:05:59.999922,1,BAYxx_xxxx_20251130_080401_000.7z
2025-11-30 08:06:00,-2657.086814,-2.657086814,-624.443510,-1140.930687,-891.712617,768000,768000,1.000000000,1,2025-11-30 08:06:00.000000,2025-11-30 08:06:59.999922,1,BAYxx_xxxx_20251130_080401_000.7z
2025-11-30 08:07:00,-2752.111525,-2.752111525,-649.124554,-1169.792218,-933.194753,768000,768000,1.000000000,1,2025-11-30 08:07:00.000000,2025-11-30 08:07:59.999922,1,BAYxx_xxxx_20251130_080401_000.7z
2025-11-30 08:08:00,-2859.992038,-2.859992038,-681.028212,-1209.543464,-969.420362,768000,768000,1.000000000,1,2025-11-30 08:08:00.000000,2025-11-30 08:08:59.999922,1,BAYxx_xxxx_20251130_080401_000.7z
2025-11-30 08:09:00,-2927.912005,-2.927912005,-706.666237,-1230.364562,-990.881206,768000,768000,1.000000000,1,2025-11-30 08:09:00.000000,2025-11-30 08:09:59.999922,1,BAYxx_xxxx_20251130_080401_000.7z
2025-11-30 08:10:00,-3039.870547,-3.039870547,-743.507451,-1274.308483,-1022.054613,768000,768000,1.000000000,1,2025-11-30 08:10:00.000000,2025-11-30 08:10:59.999922,1,BAYxx_xxxx_20251130_080401_000.7z
2025-11-30 08:11:00,-3156.414705,-3.156414705,-779.875024,-1308.862596,-1067.677085,768000,768000,1.000000000,1,2025-11-30 08:11:00.000000,2025-11-30 08:11:59.999922,1,BAYxx_xxxx_20251130_080401_000.7z
2025-11-30 08:12:00,-3243.040290,-3.243040290,-808.110088,-1336.983939,-1097.946263,768000,768000,1.000000000,1,2025-11-30 08:12:00.000000,2025-11-30 08:12:59.999922,1,BAYxx_xxxx_20251130_080401_000.7z
2025-11-30 08:13:00,-2660.131460,-2.660131460,-623.306921,-1130.233791,-906.590748,768000,768000,1.000000000,1,2025-11-30 08:13:00.000000,2025-11-30 08:13:59.999922,1,BAYxx_xxxx_20251130_080401_000.7z
2025-11-30 08:14:00,1161.073582,1.161073582,599.697601,184.262466,377.113515,729714,768000,0.950148437,0,2025-11-30 08:14:00.000000,2025-11-30 08:14:59.999922,2,BAYxx_xxxx_20251130_080401_000.7z;BAYxx_xxxx_20251130_081404_000.7z
2025-11-30 08:15:00,2119.058957,2.119058957,891.403885,500.470746,727.184325,768000,768000,1.000000000,1,2025-11-30 08:15:00.000000,2025-11-30 08:15:59.999922,1,BAYxx_xxxx_20251130_081404_000.7z
2025-11-30 08:16:00,-3689.241222,-3.689241222,-962.764034,-1482.703278,-1243.773910,768000,768000,1.000000000,1,2025-11-30 08:16:00.000000,2025-11-30 08:16:59.999922,1,BAYxx_xxxx_20251130_081404_000.7z
2025-11-30 08:17:00,-3896.245665,-3.896245665,-1023.488835,-1553.487500,-1319.269330,768000,768000,1.000000000,1,2025-11-30 08:17:00.000000,2025-11-30 08:17:59.999922,1,BAYxx_xxxx_20251130_081404_000.7z
2025-11-30 08:18:00,-4214.446092,-4.214446092,-1136.554077,-1658.388542,-1419.503473,768000,768000,1.000000000,1,2025-11-30 08:18:00.000000,2025-11-30 08:18:59.999922,1,BAYxx_xxxx_20251130_081404_000.7z
2025-11-30 08:19:00,-4488.901319,-4.488901319,-1227.455753,-1746.488478,-1514.957088,768000,768000,1.000000000,1,2025-11-30 08:19:00.000000,2025-11-30 08:19:59.999922,1,BAYxx_xxxx_20251130_081404_000.7z
2025-11-30 08:20:00,-4672.894229,-4.672894229,-1287.321195,-1811.164984,-1574.408050,768000,768000,1.000000000,1,2025-11-30 08:20:00.000000,2025-11-30 08:20:59.999922,1,BAYxx_xxxx_20251130_081404_000.7z
2025-11-30 08:21:00,-4790.707713,-4.790707713,-1324.028905,-1854.855704,-1611.823104,768000,768000,1.000000000,1,2025-11-30 08:21:00.000000,2025-11-30 08:21:59.999922,1,BAYxx_xxxx_20251130_081404_000.7z
2025-11-30 08:22:00,-4926.789464,-4.926789464,-1370.619155,-1894.413009,-1661.757301,768000,768000,1.000000000,1,2025-11-30 08:22:00.000000,2025-11-30 08:22:59.999922,1,BAYxx_xxxx_20251130_081404_000.7z
2025-11-30 08:23:00,-5139.265639,-5.139265639,-1414.402015,-1930.834425,-1794.029198,768000,768000,1.000000000,1,2025-11-30 08:23:00.000000,2025-11-30 08:23:59.999922,1,BAYxx_xxxx_20251130_081404_000.7z
2025-11-30 08:24:00,-5226.021432,-5.226021432,-1446.344237,-1953.188903,-1826.488291,729639,768000,0.950050781,0,2025-11-30 08:24:00.000000,2025-11-30 08:24:59.999922,2,BAYxx_xxxx_20251130_081404_000.7z;BAYxx_xxxx_20251130_082407_000.7z
2025-11-30 08:25:00,-5330.497096,-5.330497096,-1495.329131,-1981.668038,-1853.499927,768000,768000,1.000000000,1,2025-11-30 08:25:00.000000,2025-11-30 08:25:59.999922,1,BAYxx_xxxx_20251130_082407_000.7z
2025-11-30 08:26:00,-5487.800865,-5.487800865,-1536.115716,-2038.173078,-1913.512071,768000,768000,1.000000000,1,2025-11-30 08:26:00.000000,2025-11-30 08:26:59.999922,1,BAYxx_xxxx_20251130_082407_000.7z
2025-11-30 08:27:00,-5574.540183,-5.574540183,-1561.112287,-2061.683960,-1951.743935,768000,768000,1.000000000,1,2025-11-30 08:27:00.000000,2025-11-30 08:27:59.999922,1,BAYxx_xxxx_20251130_082407_000.7z
2025-11-30 08:28:00,-5688.431033,-5.688431033,-1605.679162,-2103.267470,-1979.484401,768000,768000,1.000000000,1,2025-11-30 08:28:00.000000,2025-11-30 08:28:59.999922,1,BAYxx_xxxx_20251130_082407_000.7z
2025-11-30 08:29:00,-5620.993522,-5.620993522,-1581.577822,-2086.568816,-1952.846884,768000,768000,1.000000000,1,2025-11-30 08:29:00.000000,2025-11-30 08:29:59.999922,1,BAYxx_xxxx_20251130_082407_000.7z
2025-11-30 08:30:00,-5977.816441,-5.977816441,-1704.932230,-2203.222301,-2069.661911,768000,768000,1.000000000,1,2025-11-30 08:30:00.000000,2025-11-30 08:30:59.999922,1,BAYxx_xxxx_20251130_082407_000.7z
2025-11-30 08:31:00,-6107.990565,-6.107990565,-1727.792859,-2251.669439,-2128.528267,768000,768000,1.000000000,1,2025-11-30 08:31:00.000000,2025-11-30 08:31:59.999922,1,BAYxx_xxxx_20251130_082407_000.7z
2025-11-30 08:32:00,-5886.014114,-5.886014114,-1658.005634,-2181.588939,-2046.419540,768000,768000,1.000000000,1,2025-11-30 08:32:00.000000,2025-11-30 08:32:59.999922,1,BAYxx_xxxx_20251130_082407_000.7z
2025-11-30 08:33:00,-6374.587003,-6.374587003,-1819.756893,-2346.931028,-2207.899082,768000,768000,1.000000000,1,2025-11-30 08:33:00.000000,2025-11-30 08:33:59.999922,1,BAYxx_xxxx_20251130_082407_000.7z
2025-11-30 08:34:00,-6477.767153,-6.477767153,-1861.562884,-2377.707908,-2238.496361,729635,768000,0.950045573,0,2025-11-30 08:34:00.000000,2025-11-30 08:34:59.999922,2,BAYxx_xxxx_20251130_082407_000.7z;BAYxx_xxxx_20251130_083410_000.7z
2025-11-30 08:35:00,-6596.188210,-6.596188210,-1907.532667,-2402.281161,-2286.374381,768000,768000,1.000000000,1,2025-11-30 08:35:00.000000,2025-11-30 08:35:59.999922,1,BAYxx_xxxx_20251130_083410_000.7z
2025-11-30 08:36:00,-6770.469513,-6.770469513,-1963.450999,-2459.971173,-2347.047341,768000,768000,1.000000000,1,2025-11-30 08:36:00.000000,2025-11-30 08:36:59.999922,1,BAYxx_xxxx_20251130_083410_000.7z
2025-11-30 08:37:00,-6873.525230,-6.873525230,-1994.406531,-2492.921973,-2386.196726,768000,768000,1.000000000,1,2025-11-30 08:37:00.000000,2025-11-30 08:37:59.999922,1,BAYxx_xxxx_20251130_083410_000.7z
2025-11-30 08:38:00,-6945.552685,-6.945552685,-2045.530123,-2558.937820,-2341.084742,768000,768000,1.000000000,1,2025-11-30 08:38:00.000000,2025-11-30 08:38:59.999922,1,BAYxx_xxxx_20251130_083410_000.7z
2025-11-30 08:39:00,-3662.439822,-3.662439822,-952.524439,-1466.865902,-1243.049482,768000,768000,1.000000000,1,2025-11-30 08:39:00.000000,2025-11-30 08:39:59.999922,1,BAYxx_xxxx_20251130_083410_000.7z
2025-11-30 08:40:00,2365.579740,2.365579740,1048.144249,546.910272,770.525220,768000,768000,1.000000000,1,2025-11-30 08:40:00.000000,2025-11-30 08:40:59.999922,1,BAYxx_xxxx_20251130_083410_000.7z
2025-11-30 08:41:00,2383.306867,2.383306867,1055.931562,556.761543,770.613761,768000,768000,1.000000000,1,2025-11-30 08:41:00.000000,2025-11-30 08:41:59.999922,1,BAYxx_xxxx_20251130_083410_000.7z
2025-11-30 08:42:00,2370.191625,2.370191625,1045.668486,553.028637,771.494502,768000,768000,1.000000000,1,2025-11-30 08:42:00.000000,2025-11-30 08:42:59.999922,1,BAYxx_xxxx_20251130_083410_000.7z
2025-11-30 08:43:00,2382.796476,2.382796476,1056.179042,560.902017,765.715418,768000,768000,1.000000000,1,2025-11-30 08:43:00.000000,2025-11-30 08:43:59.999922,1,BAYxx_xxxx_20251130_083410_000.7z
2025-11-30 08:44:00,2352.654036,2.352654036,1058.046716,535.458318,759.149002,627248,768000,0.816729167,0,2025-11-30 08:44:00.000000,2025-11-30 08:44:59.999922,2,BAYxx_xxxx_20251130_083410_000.7z;BAYxx_xxxx_20251130_084421_000.7z
2025-11-30 08:45:00,2329.166885,2.329166885,1042.720913,532.955379,753.490593,768000,768000,1.000000000,1,2025-11-30 08:45:00.000000,2025-11-30 08:45:59.999922,1,BAYxx_xxxx_20251130_084421_000.7z
2025-11-30 08:46:00,2327.186119,2.327186119,1038.428360,536.595667,752.162092,768000,768000,1.000000000,1,2025-11-30 08:46:00.000000,2025-11-30 08:46:59.999922,1,BAYxx_xxxx_20251130_084421_000.7z
2025-11-30 08:47:00,2317.070260,2.317070260,1036.029533,523.066540,757.974187,768000,768000,1.000000000,1,2025-11-30 08:47:00.000000,2025-11-30 08:47:59.999922,1,BAYxx_xxxx_20251130_084421_000.7z
2025-11-30 08:48:00,2306.447764,2.306447764,1035.644935,527.077365,743.725464,768000,768000,1.000000000,1,2025-11-30 08:48:00.000000,2025-11-30 08:48:59.999922,1,BAYxx_xxxx_20251130_084421_000.7z
2025-11-30 08:49:00,2281.315402,2.281315402,1028.369223,515.595360,737.350819,768000,768000,1.000000000,1,2025-11-30 08:49:00.000000,2025-11-30 08:49:59.999922,1,BAYxx_xxxx_20251130_084421_000.7z
2025-11-30 08:50:00,2302.355507,2.302355507,1019.715397,530.811721,751.828388,768000,768000,1.000000000,1,2025-11-30 08:50:00.000000,2025-11-30 08:50:59.999922,1,BAYxx_xxxx_20251130_084421_000.7z
2025-11-30 08:51:00,2276.369149,2.276369149,1024.404111,519.272803,732.692235,768000,768000,1.000000000,1,2025-11-30 08:51:00.000000,2025-11-30 08:51:59.999922,1,BAYxx_xxxx_20251130_084421_000.7z
2025-11-30 08:52:00,2294.835649,2.294835649,1028.569962,533.806829,732.458858,768000,768000,1.000000000,1,2025-11-30 08:52:00.000000,2025-11-30 08:52:59.999922,1,BAYxx_xxxx_20251130_084421_000.7z
2025-11-30 08:53:00,2299.458124,2.299458124,1047.217925,518.244669,733.995530,768000,768000,1.000000000,1,2025-11-30 08:53:00.000000,2025-11-30 08:53:59.999922,1,BAYxx_xxxx_20251130_084421_000.7z
2025-11-30 08:54:00,2264.740761,2.264740761,1022.104933,512.703214,729.932615,742530,768000,0.966835937,0,2025-11-30 08:54:00.000000,2025-11-30 08:54:59.999922,2,BAYxx_xxxx_20251130_084421_000.7z;BAYxx_xxxx_20251130_085423_000.7z
2025-11-30 08:55:00,2256.481270,2.256481270,1014.837710,506.868218,734.775341,768000,768000,1.000000000,1,2025-11-30 08:55:00.000000,2025-11-30 08:55:59.999922,1,BAYxx_xxxx_20251130_085423_000.7z
2025-11-30 08:56:00,2282.428695,2.282428695,1037.115069,510.275774,735.037852,768000,768000,1.000000000,1,2025-11-30 08:56:00.000000,2025-11-30 08:56:59.999922,1,BAYxx_xxxx_20251130_085423_000.7z
2025-11-30 08:57:00,2249.373690,2.249373690,1017.109840,512.158580,720.105271,768000,768000,1.000000000,1,2025-11-30 08:57:00.000000,2025-11-30 08:57:59.999922,1,BAYxx_xxxx_20251130_085423_000.7z
2025-11-30 08:58:00,2233.867717,2.233867717,997.142350,506.859991,729.865376,768000,768000,1.000000000,1,2025-11-30 08:58:00.000000,2025-11-30 08:58:59.999922,1,BAYxx_xxxx_20251130_085423_000.7z
2025-11-30 08:59:00,2220.146078,2.220146078,993.731016,499.592827,726.822235,768000,768000,1.000000000,1,2025-11-30 08:59:00.000000,2025-11-30 08:59:59.999922,1,BAYxx_xxxx_20251130_085423_000.7z
2025-11-30 09:00:00,2198.098235,2.198098235,982.094398,490.966962,725.036876,768000,768000,1.000000000,1,2025-11-30 09:00:00.000000,2025-11-30 09:00:59.999922,1,BAYxx_xxxx_20251130_085423_000.7z
2025-11-30 09:01:00,3426.120752,3.426120752,1375.932069,918.140831,1132.047852,768000,768000,1.000000000,1,2025-11-30 09:01:00.000000,2025-11-30 09:01:59.999922,1,BAYxx_xxxx_20251130_085423_000.7z
2025-11-30 09:02:00,11064.204352,11.064204352,3822.885419,3489.236115,3752.082818,768000,768000,1.000000000,1,2025-11-30 09:02:00.000000,2025-11-30 09:02:59.999922,1,BAYxx_xxxx_20251130_085423_000.7z
2025-11-30 09:03:00,2193.952835,2.193952835,991.853892,493.376337,708.722607,768000,768000,1.000000000,1,2025-11-30 09:03:00.000000,2025-11-30 09:03:59.999922,1,BAYxx_xxxx_20251130_085423_000.7z
2025-11-30 09:04:00,2195.914355,2.195914355,975.939789,497.414392,722.560174,742521,768000,0.966824219,0,2025-11-30 09:04:00.000000,2025-11-30 09:04:59.999922,2,BAYxx_xxxx_20251130_085423_000.7z;BAYxx_xxxx_20251130_090425_000.7z
2025-11-30 09:05:00,2528.763034,2.528763034,1099.264204,609.628804,819.870026,768000,768000,1.000000000,1,2025-11-30 09:05:00.000000,2025-11-30 09:05:59.999922,1,BAYxx_xxxx_20251130_090425_000.7z
2025-11-30 09:06:00,3952.399254,3.952399254,1589.187207,1087.196481,1276.015566,768000,768000,1.000000000,1,2025-11-30 09:06:00.000000,2025-11-30 09:06:59.999922,1,BAYxx_xxxx_20251130_090425_000.7z
2025-11-30 09:07:00,6494.845759,6.494845759,2394.646164,1937.239690,2162.959904,768000,768000,1.000000000,1,2025-11-30 09:07:00.000000,2025-11-30 09:07:59.999922,1,BAYxx_xxxx_20251130_090425_000.7z
2025-11-30 09:08:00,2096.394042,2.096394042,982.913298,473.702176,639.778567,768000,768000,1.000000000,1,2025-11-30 09:08:00.000000,2025-11-30 09:08:59.999922,1,BAYxx_xxxx_20251130_090425_000.7z
2025-11-30 09:09:00,2028.767874,2.028767874,961.659149,465.134483,601.974242,768000,768000,1.000000000,1,2025-11-30 09:09:00.000000,2025-11-30 09:09:59.999922,1,BAYxx_xxxx_20251130_090425_000.7z
2025-11-30 09:10:00,2060.158328,2.060158328,979.197810,478.657091,602.303428,768000,768000,1.000000000,1,2025-11-30 09:10:00.000000,2025-11-30 09:10:59.999922,1,BAYxx_xxxx_20251130_090425_000.7z
2025-11-30 09:11:00,2032.631635,2.032631635,981.944280,467.597163,583.090192,768000,768000,1.000000000,1,2025-11-30 09:11:00.000000,2025-11-30 09:11:59.999922,1,BAYxx_xxxx_20251130_090425_000.7z
2025-11-30 09:12:00,2033.279251,2.033279251,970.073499,467.727967,595.477785,768000,768000,1.000000000,1,2025-11-30 09:12:00.000000,2025-11-30 09:12:59.999922,1,BAYxx_xxxx_20251130_090425_000.7z
2025-11-30 09:13:00,2042.090924,2.042090924,970.237675,476.730605,595.122644,768000,768000,1.000000000,1,2025-11-30 09:13:00.000000,2025-11-30 09:13:59.999922,1,BAYxx_xxxx_20251130_090425_000.7z
2025-11-30 09:14:00,2041.487809,2.041487809,973.627908,466.785493,601.074407,716806,768000,0.933341146,0,2025-11-30 09:14:00.000000,2025-11-30 09:14:59.999922,2,BAYxx_xxxx_20251130_090425_000.7z;BAYxx_xxxx_20251130_091429_000.7z
2025-11-30 09:15:00,2055.856803,2.055856803,962.762833,487.855668,605.238301,768000,768000,1.000000000,1,2025-11-30 09:15:00.000000,2025-11-30 09:15:59.999922,1,BAYxx_xxxx_20251130_091429_000.7z
2025-11-30 09:16:00,2069.362539,2.069362539,984.514157,479.696856,605.151527,768000,768000,1.000000000,1,2025-11-30 09:16:00.000000,2025-11-30 09:16:59.999922,1,BAYxx_xxxx_20251130_091429_000.7z
2025-11-30 09:17:00,2053.574384,2.053574384,972.609328,477.171386,603.793670,768000,768000,1.000000000,1,2025-11-30 09:17:00.000000,2025-11-30 09:17:59.999922,1,BAYxx_xxxx_20251130_091429_000.7z
2025-11-30 09:18:00,2057.294078,2.057294078,989.512946,473.230899,594.550233,768000,768000,1.000000000,1,2025-11-30 09:18:00.000000,2025-11-30 09:18:59.999922,1,BAYxx_xxxx_20251130_091429_000.7z
2025-11-30 09:19:00,2033.563718,2.033563718,975.565509,474.425115,583.573094,768000,768000,1.000000000,1,2025-11-30 09:19:00.000000,2025-11-30 09:19:59.999922,1,BAYxx_xxxx_20251130_091429_000.7z
2025-11-30 09:20:00,2003.383400,2.003383400,945.583998,471.520547,586.278854,768000,768000,1.000000000,1,2025-11-30 09:20:00.000000,2025-11-30 09:20:59.999922,1,BAYxx_xxxx_20251130_091429_000.7z
2025-11-30 09:21:00,1979.374099,1.979374099,932.687229,463.759268,582.927601,768000,768000,1.000000000,1,2025-11-30 09:21:00.000000,2025-11-30 09:21:59.999922,1,BAYxx_xxxx_20251130_091429_000.7z
2025-11-30 09:22:00,1979.128555,1.979128555,961.209850,452.071874,565.846830,768000,768000,1.000000000,1,2025-11-30 09:22:00.000000,2025-11-30 09:22:59.999922,1,BAYxx_xxxx_20251130_091429_000.7z
2025-11-30 09:23:00,2035.261040,2.035261040,961.615461,451.736872,621.908707,768000,768000,1.000000000,1,2025-11-30 09:23:00.000000,2025-11-30 09:23:59.999922,1,BAYxx_xxxx_20251130_091429_000.7z
2025-11-30 09:24:00,2095.119133,2.095119133,964.438787,463.045684,667.634663,576108,768000,0.750140625,0,2025-11-30 09:24:00.000000,2025-11-30 09:24:59.999922,2,BAYxx_xxxx_20251130_091429_000.7z;BAYxx_xxxx_20251130_092444_000.7z
2025-11-30 09:25:00,2082.896534,2.082896534,951.918973,463.986628,666.990932,768000,768000,1.000000000,1,2025-11-30 09:25:00.000000,2025-11-30 09:25:59.999922,1,BAYxx_xxxx_20251130_092444_000.7z
2025-11-30 09:26:00,2058.294045,2.058294045,950.777050,446.724504,660.792491,768000,768000,1.000000000,1,2025-11-30 09:26:00.000000,2025-11-30 09:26:59.999922,1,BAYxx_xxxx_20251130_092444_000.7z
2025-11-30 09:27:00,2053.206089,2.053206089,965.586553,447.299938,640.319597,768000,768000,1.000000000,1,2025-11-30 09:27:00.000000,2025-11-30 09:27:59.999922,1,BAYxx_xxxx_20251130_092444_000.7z
2025-11-30 09:28:00,2102.385434,2.102385434,968.690915,461.024228,672.670292,768000,768000,1.000000000,1,2025-11-30 09:28:00.000000,2025-11-30 09:28:59.999922,1,BAYxx_xxxx_20251130_092444_000.7z
2025-11-30 09:29:00,2042.444378,2.042444378,949.962058,435.984913,656.497407,768000,768000,1.000000000,1,2025-11-30 09:29:00.000000,2025-11-30 09:29:59.999922,1,BAYxx_xxxx_20251130_092444_000.7z
2025-11-30 09:30:00,2067.646536,2.067646536,961.141589,449.314061,657.190886,768000,768000,1.000000000,1,2025-11-30 09:30:00.000000,2025-11-30 09:30:59.999922,1,BAYxx_xxxx_20251130_092444_000.7z
2025-11-30 09:31:00,1986.569999,1.986569999,934.551730,426.207230,625.811039,768000,768000,1.000000000,1,2025-11-30 09:31:00.000000,2025-11-30 09:31:59.999922,1,BAYxx_xxxx_20251130_092444_000.7z
2025-11-30 09:32:00,1957.687890,1.957687890,927.383601,415.956285,614.348004,768000,768000,1.000000000,1,2025-11-30 09:32:00.000000,2025-11-30 09:32:59.999922,1,BAYxx_xxxx_20251130_092444_000.7z
2025-11-30 09:33:00,1962.300146,1.962300146,915.666529,413.873613,632.760004,768000,768000,1.000000000,1,2025-11-30 09:33:00.000000,2025-11-30 09:33:59.999922,1,BAYxx_xxxx_20251130_092444_000.7z
2025-11-30 09:34:00,1960.467543,1.960467543,904.722989,425.658637,630.085916,729663,768000,0.950082031,0,2025-11-30 09:34:00.000000,2025-11-30 09:34:59.999922,2,BAYxx_xxxx_20251130_092444_000.7z;BAYxx_xxxx_20251130_093447_000.7z
2025-11-30 09:35:00,1964.303669,1.964303669,903.356616,420.972899,639.974154,768000,768000,1.000000000,1,2025-11-30 09:35:00.000000,2025-11-30 09:35:59.999922,1,BAYxx_xxxx_20251130_093447_000.7z
2025-11-30 09:36:00,1985.007669,1.985007669,910.435677,432.791223,641.780768,768000,768000,1.000000000,1,2025-11-30 09:36:00.000000,2025-11-30 09:36:59.999922,1,BAYxx_xxxx_20251130_093447_000.7z
2025-11-30 09:37:00,1989.639052,1.989639052,929.740734,425.053832,634.844486,768000,768000,1.000000000,1,2025-11-30 09:37:00.000000,2025-11-30 09:37:59.999922,1,BAYxx_xxxx_20251130_093447_000.7z
2025-11-30 09:38:00,1785.379725,1.785379725,857.904064,359.423444,568.052218,768000,768000,1.000000000,1,2025-11-30 09:38:00.000000,2025-11-30 09:38:59.999922,1,BAYxx_xxxx_20251130_093447_000.7z
2025-11-30 09:39:00,1729.443097,1.729443097,843.236318,334.291741,551.915037,768000,768000,1.000000000,1,2025-11-30 09:39:00.000000,2025-11-30 09:39:59.999922,1,BAYxx_xxxx_20251130_093447_000.7z
2025-11-30 09:40:00,1798.217978,1.798217978,869.508726,351.126702,577.582550,768000,768000,1.000000000,1,2025-11-30 09:40:00.000000,2025-11-30 09:40:59.999922,1,BAYxx_xxxx_20251130_093447_000.7z
2025-11-30 09:41:00,1869.287613,1.869287613,891.068524,385.851171,592.367917,768000,768000,1.000000000,1,2025-11-30 09:41:00.000000,2025-11-30 09:41:59.999922,1,BAYxx_xxxx_20251130_093447_000.7z
2025-11-30 09:42:00,2020.070619,2.020070619,945.238208,435.260499,639.571912,768000,768000,1.000000000,1,2025-11-30 09:42:00.000000,2025-11-30 09:42:59.999922,1,BAYxx_xxxx_20251130_093447_000.7z
2025-11-30 09:43:00,2022.303230,2.022303230,955.531084,430.690470,636.081676,768000,768000,1.000000000,1,2025-11-30 09:43:00.000000,2025-11-30 09:43:59.999922,1,BAYxx_xxxx_20251130_093447_000.7z
2025-11-30 09:44:00,1957.559613,1.957559613,934.313509,402.348569,620.897534,729611,768000,0.950014323,0,2025-11-30 09:44:00.000000,2025-11-30 09:44:59.999922,2,BAYxx_xxxx_20251130_093447_000.7z;BAYxx_xxxx_20251130_094450_000.7z
2025-11-30 09:45:00,1867.634140,1.867634140,895.802390,377.118228,594.713521,768000,768000,1.000000000,1,2025-11-30 09:45:00.000000,2025-11-30 09:45:59.999922,1,BAYxx_xxxx_20251130_094450_000.7z
2025-11-30 09:46:00,1869.767146,1.869767146,898.127985,379.427948,592.211212,768000,768000,1.000000000,1,2025-11-30 09:46:00.000000,2025-11-30 09:46:59.999922,1,BAYxx_xxxx_20251130_094450_000.7z
2025-11-30 09:47:00,1961.529835,1.961529835,929.458391,409.937726,622.133718,768000,768000,1.000000000,1,2025-11-30 09:47:00.000000,2025-11-30 09:47:59.999922,1,BAYxx_xxxx_20251130_094450_000.7z
2025-11-30 09:48:00,1945.034620,1.945034620,933.385195,401.218290,610.431135,768000,768000,1.000000000,1,2025-11-30 09:48:00.000000,2025-11-30 09:48:59.999922,1,BAYxx_xxxx_20251130_094450_000.7z
2025-11-30 09:49:00,1966.587090,1.966587090,937.654605,406.579955,622.352530,768000,768000,1.000000000,1,2025-11-30 09:49:00.000000,2025-11-30 09:49:59.999922,1,BAYxx_xxxx_20251130_094450_000.7z
2025-11-30 09:50:00,1847.311153,1.847311153,889.739332,375.058588,582.513233,768000,768000,1.000000000,1,2025-11-30 09:50:00.000000,2025-11-30 09:50:59.999922,1,BAYxx_xxxx_20251130_094450_000.7z
2025-11-30 09:51:00,1954.319505,1.954319505,926.539231,414.169833,613.610442,768000,768000,1.000000000,1,2025-11-30 09:51:00.000000,2025-11-30 09:51:59.999922,1,BAYxx_xxxx_20251130_094450_000.7z
2025-11-30 09:52:00,1819.209083,1.819209083,887.981830,355.231996,575.995257,768000,768000,1.000000000,1,2025-11-30 09:52:00.000000,2025-11-30 09:52:59.999922,1,BAYxx_xxxx_20251130_094450_000.7z
2025-11-30 09:53:00,1878.475371,1.878475371,910.653835,389.092844,578.728692,768000,768000,1.000000000,1,2025-11-30 09:53:00.000000,2025-11-30 09:53:59.999922,1,BAYxx_xxxx_20251130_094450_000.7z
2025-11-30 09:54:00,1885.672223,1.885672223,941.871036,411.063630,532.737557,742492,768000,0.966786458,0,2025-11-30 09:54:00.000000,2025-11-30 09:54:59.999922,2,BAYxx_xxxx_20251130_094450_000.7z;BAYxx_xxxx_20251130_095452_000.7z
2025-11-30 09:55:00,1868.222797,1.868222797,928.189708,412.047527,527.985562,768000,768000,1.000000000,1,2025-11-30 09:55:00.000000,2025-11-30 09:55:59.999922,1,BAYxx_xxxx_20251130_095452_000.7z
2025-11-30 09:56:00,1936.693227,1.936693227,946.491714,439.846737,550.354777,768000,768000,1.000000000,1,2025-11-30 09:56:00.000000,2025-11-30 09:56:59.999922,1,BAYxx_xxxx_20251130_095452_000.7z
2025-11-30 09:57:00,1857.867923,1.857867923,925.124625,406.065889,526.677409,768000,768000,1.000000000,1,2025-11-30 09:57:00.000000,2025-11-30 09:57:59.999922,1,BAYxx_xxxx_20251130_095452_000.7z
2025-11-30 09:58:00,1948.213558,1.948213558,951.951655,438.558910,557.702994,768000,768000,1.000000000,1,2025-11-30 09:58:00.000000,2025-11-30 09:58:59.999922,1,BAYxx_xxxx_20251130_095452_000.7z
2025-11-30 09:59:00,1817.552337,1.817552337,905.768970,395.741257,516.042111,768000,768000,1.000000000,1,2025-11-30 09:59:00.000000,2025-11-30 09:59:59.999922,1,BAYxx_xxxx_20251130_095452_000.7z
2025-11-30 10:00:00,2205.102458,2.205102458,1036.810720,523.721331,644.570408,768000,768000,1.000000000,1,2025-11-30 10:00:00.000000,2025-11-30 10:00:59.999922,1,BAYxx_xxxx_20251130_095452_000.7z
2025-11-30 10:01:00,6064.370797,6.064370797,2248.539643,1848.825401,1967.005754,768000,768000,1.000000000,1,2025-11-30 10:01:00.000000,2025-11-30 10:01:59.999922,1,BAYxx_xxxx_20251130_095452_000.7z
2025-11-30 10:02:00,4982.759126,4.982759126,1906.150739,1460.052122,1616.556265,768000,768000,1.000000000,1,2025-11-30 10:02:00.000000,2025-11-30 10:02:59.999922,1,BAYxx_xxxx_20251130_095452_000.7z
2025-11-30 10:03:00,1319.125289,1.319125289,738.900729,223.210587,357.013974,768000,768000,1.000000000,1,2025-11-30 10:03:00.000000,2025-11-30 10:03:59.999922,1,BAYxx_xxxx_20251130_095452_000.7z
2025-11-30 10:04:00,1425.993261,1.425993261,787.072742,252.535001,386.385518,665692,768000,0.866786458,0,2025-11-30 10:04:00.000000,2025-11-30 10:04:52.007109,1,BAYxx_xxxx_20251130_095452_000.7z
2025-11-30 10:05:00,1275.724238,1.275724238,733.084069,207.170263,335.469906,768000,768000,1.000000000,1,2025-11-30 10:05:00.000000,2025-11-30 10:05:59.999922,1,BAYxx_xxxx_20251130_100500_000.7z
2025-11-30 10:06:00,1365.953964,1.365953964,756.583127,234.584553,374.786284,768000,768000,1.000000000,1,2025-11-30 10:06:00.000000,2025-11-30 10:06:59.999922,1,BAYxx_xxxx_20251130_100500_000.7z
2025-11-30 10:07:00,1286.757284,1.286757284,730.702357,209.104696,346.950230,768000,768000,1.000000000,1,2025-11-30 10:07:00.000000,2025-11-30 10:07:59.999922,1,BAYxx_xxxx_20251130_100500_000.7z
2025-11-30 10:08:00,1355.511237,1.355511237,756.578751,234.538275,364.394211,768000,768000,1.000000000,1,2025-11-30 10:08:00.000000,2025-11-30 10:08:59.999922,1,BAYxx_xxxx_20251130_100500_000.7z
2025-11-30 10:09:00,1315.968342,1.315968342,720.185027,195.438892,400.344423,768000,768000,1.000000000,1,2025-11-30 10:09:00.000000,2025-11-30 10:09:59.999922,1,BAYxx_xxxx_20251130_100500_000.7z
2025-11-30 10:10:00,1301.142287,1.301142287,705.733660,186.901304,408.507323,768000,768000,1.000000000,1,2025-11-30 10:10:00.000000,2025-11-30 10:10:59.999922,1,BAYxx_xxxx_20251130_100500_000.7z
2025-11-30 10:11:00,1310.462216,1.310462216,702.665339,192.398250,415.398627,768000,768000,1.000000000,1,2025-11-30 10:11:00.000000,2025-11-30 10:11:59.999922,1,BAYxx_xxxx_20251130_100500_000.7z
2025-11-30 10:12:00,1296.692530,1.296692530,713.902265,190.811692,391.978573,768000,768000,1.000000000,1,2025-11-30 10:12:00.000000,2025-11-30 10:12:59.999922,1,BAYxx_xxxx_20251130_100500_000.7z
2025-11-30 10:13:00,1306.549023,1.306549023,720.175688,190.213918,396.159417,768000,768000,1.000000000,1,2025-11-30 10:13:00.000000,2025-11-30 10:13:59.999922,1,BAYxx_xxxx_20251130_100500_000.7z
2025-11-30 10:14:00,1292.006449,1.292006449,724.191981,171.716541,396.097927,768000,768000,1.000000000,1,2025-11-30 10:14:00.000000,2025-11-30 10:14:59.999922,1,BAYxx_xxxx_20251130_100500_000.7z
2025-11-30 10:15:00,1338.072531,1.338072531,737.508909,188.904598,411.659025,652891,768000,0.850118490,0,2025-11-30 10:15:00.000000,2025-11-30 10:15:59.999922,2,BAYxx_xxxx_20251130_100500_000.7z;BAYxx_xxxx_20251130_101509_000.7z
2025-11-30 10:16:00,1350.743450,1.350743450,733.699948,208.106265,408.937237,768000,768000,1.000000000,1,2025-11-30 10:16:00.000000,2025-11-30 10:16:59.999922,1,BAYxx_xxxx_20251130_101509_000.7z
2025-11-30 10:17:00,1264.548035,1.264548035,704.477144,182.059264,378.011627,768000,768000,1.000000000,1,2025-11-30 10:17:00.000000,2025-11-30 10:17:59.999922,1,BAYxx_xxxx_20251130_101509_000.7z
2025-11-30 10:18:00,1249.837242,1.249837242,699.648319,167.896944,382.291978,768000,768000,1.000000000,1,2025-11-30 10:18:00.000000,2025-11-30 10:18:59.999922,1,BAYxx_xxxx_20251130_101509_000.7z
2025-11-30 10:19:00,1289.389112,1.289389112,718.698186,176.145547,394.545378,768000,768000,1.000000000,1,2025-11-30 10:19:00.000000,2025-11-30 10:19:59.999922,1,BAYxx_xxxx_20251130_101509_000.7z
2025-11-30 10:20:00,1322.822494,1.322822494,724.012930,191.770733,407.038830,768000,768000,1.000000000,1,2025-11-30 10:20:00.000000,2025-11-30 10:20:59.999922,1,BAYxx_xxxx_20251130_101509_000.7z
2025-11-30 10:21:00,1316.687383,1.316687383,711.879919,194.459738,410.347726,768000,768000,1.000000000,1,2025-11-30 10:21:00.000000,2025-11-30 10:21:59.999922,1,BAYxx_xxxx_20251130_101509_000.7z
2025-11-30 10:22:00,1219.058189,1.219058189,668.681273,168.322021,382.054895,768000,768000,1.000000000,1,2025-11-30 10:22:00.000000,2025-11-30 10:22:59.999922,1,BAYxx_xxxx_20251130_101509_000.7z
2025-11-30 10:23:00,-10306.317899,-10.306317899,-3148.566647,-3687.888276,-3469.862976,768000,768000,1.000000000,1,2025-11-30 10:23:00.000000,2025-11-30 10:23:59.999922,1,BAYxx_xxxx_20251130_101509_000.7z
2025-11-30 10:24:00,-17592.753783,-17.592753783,-5566.047677,-6128.590449,-5898.115658,768000,768000,1.000000000,1,2025-11-30 10:24:00.000000,2025-11-30 10:24:59.999922,1,BAYxx_xxxx_20251130_101509_000.7z
2025-11-30 10:25:00,-6901.647428,-6.901647428,-2022.902961,-2551.696697,-2327.047770,640138,768000,0.833513021,0,2025-11-30 10:25:00.000000,2025-11-30 10:25:59.999922,2,BAYxx_xxxx_20251130_101509_000.7z;BAYxx_xxxx_20251130_102519_000.7z
2025-11-30 10:26:00,1370.894253,1.370894253,723.493463,215.809118,431.591672,768000,768000,1.000000000,1,2025-11-30 10:26:00.000000,2025-11-30 10:26:59.999922,1,BAYxx_xxxx_20251130_102519_000.7z
2025-11-30 10:27:00,-6555.344870,-6.555344870,-1921.099254,-2426.850861,-2207.394755,768000,768000,1.000000000,1,2025-11-30 10:27:00.000000,2025-11-30 10:27:59.999922,1,BAYxx_xxxx_20251130_102519_000.7z
2025-11-30 10:28:00,-18251.762790,-18.251762790,-5791.852608,-6348.697125,-6111.213056,768000,768000,1.000000000,1,2025-11-30 10:28:00.000000,2025-11-30 10:28:59.999922,1,BAYxx_xxxx_20251130_102519_000.7z
2025-11-30 10:29:00,-10740.214110,-10.740214110,-3289.829709,-3837.534609,-3612.849792,768000,768000,1.000000000,1,2025-11-30 10:29:00.000000,2025-11-30 10:29:59.999922,1,BAYxx_xxxx_20251130_102519_000.7z
2025-11-30 10:30:00,-11142.560071,-11.142560071,-3427.990200,-3971.791740,-3742.778131,768000,768000,1.000000000,1,2025-11-30 10:30:00.000000,2025-11-30 10:30:59.999922,1,BAYxx_xxxx_20251130_102519_000.7z
2025-11-30 10:31:00,1159.527723,1.159527723,641.401108,149.511695,368.614920,768000,768000,1.000000000,1,2025-11-30 10:31:00.000000,2025-11-30 10:31:59.999922,1,BAYxx_xxxx_20251130_102519_000.7z
2025-11-30 10:32:00,1162.155246,1.162155246,661.780588,145.939076,354.435581,768000,768000,1.000000000,1,2025-11-30 10:32:00.000000,2025-11-30 10:32:59.999922,1,BAYxx_xxxx_20251130_102519_000.7z
2025-11-30 10:33:00,1110.562896,1.110562896,645.935349,131.220153,333.407393,768000,768000,1.000000000,1,2025-11-30 10:33:00.000000,2025-11-30 10:33:59.999922,1,BAYxx_xxxx_20251130_102519_000.7z
2025-11-30 10:34:00,-3737.077113,-3.737077113,-968.837383,-1484.972672,-1283.267058,768000,768000,1.000000000,1,2025-11-30 10:34:00.000000,2025-11-30 10:34:59.999922,1,BAYxx_xxxx_20251130_102519_000.7z
2025-11-30 10:35:00,-11994.665071,-11.994665071,-3708.821343,-4254.239123,-4031.604605,729625,768000,0.950032552,0,2025-11-30 10:35:00.000000,2025-11-30 10:35:59.999922,2,BAYxx_xxxx_20251130_102519_000.7z;BAYxx_xxxx_20251130_103522_000.7z
2025-11-30 10:36:00,1266.257504,1.266257504,710.342723,172.160785,383.753997,768000,768000,1.000000000,1,2025-11-30 10:36:00.000000,2025-11-30 10:36:59.999922,1,BAYxx_xxxx_20251130_103522_000.7z
2025-11-30 10:37:00,1522.519748,1.522519748,793.247671,258.134036,471.138042,768000,768000,1.000000000,1,2025-11-30 10:37:00.000000,2025-11-30 10:37:59.999922,1,BAYxx_xxxx_20251130_103522_000.7z
2025-11-30 10:38:00,1327.821843,1.327821843,733.571391,180.075485,414.174967,768000,768000,1.000000000,1,2025-11-30 10:38:00.000000,2025-11-30 10:38:59.999922,1,BAYxx_xxxx_20251130_103522_000.7z
2025-11-30 10:39:00,-4640.261744,-4.640261744,-1243.940115,-1781.495665,-1614.825963,768000,768000,1.000000000,1,2025-11-30 10:39:00.000000,2025-11-30 10:39:59.999922,1,BAYxx_xxxx_20251130_103522_000.7z
2025-11-30 10:40:00,-9609.172280,-9.609172280,-2872.312236,-3437.946861,-3298.913182,768000,768000,1.000000000,1,2025-11-30 10:40:00.000000,2025-11-30 10:40:59.999922,1,BAYxx_xxxx_20251130_103522_000.7z
2025-11-30 10:41:00,1394.325902,1.394325902,775.599176,247.945772,370.780955,768000,768000,1.000000000,1,2025-11-30 10:41:00.000000,2025-11-30 10:41:59.999922,1,BAYxx_xxxx_20251130_103522_000.7z
2025-11-30 10:42:00,1766.243885,1.766243885,903.862162,371.372071,491.009653,768000,768000,1.000000000,1,2025-11-30 10:42:00.000000,2025-11-30 10:42:59.999922,1,BAYxx_xxxx_20251130_103522_000.7z
2025-11-30 10:43:00,1564.682800,1.564682800,825.694876,306.691933,432.295992,768000,768000,1.000000000,1,2025-11-30 10:43:00.000000,2025-11-30 10:43:59.999922,1,BAYxx_xxxx_20251130_103522_000.7z
2025-11-30 10:44:00,-11218.918908,-11.218918908,-3411.320666,-3973.534120,-3834.064123,768000,768000,1.000000000,1,2025-11-30 10:44:00.000000,2025-11-30 10:44:59.999922,1,BAYxx_xxxx_20251130_103522_000.7z
2025-11-30 10:45:00,-13504.332730,-13.504332730,-4166.623026,-4743.926981,-4593.782723,742437,768000,0.966714844,0,2025-11-30 10:45:00.000000,2025-11-30 10:45:59.999922,2,BAYxx_xxxx_20251130_103522_000.7z;BAYxx_xxxx_20251130_104524_000.7z
2025-11-30 10:46:00,1488.599700,1.488599700,804.431617,277.737094,406.430990,768000,768000,1.000000000,1,2025-11-30 10:46:00.000000,2025-11-30 10:46:59.999922,1,BAYxx_xxxx_20251130_104524_000.7z
2025-11-30 10:47:00,-2533.393681,-2.533393681,-534.007511,-1059.468957,-939.917213,768000,768000,1.000000000,1,2025-11-30 10:47:00.000000,2025-11-30 10:47:59.999922,1,BAYxx_xxxx_20251130_104524_000.7z
2025-11-30 10:48:00,-6050.532162,-6.050532162,-1701.300482,-2237.096305,-2112.135375,768000,768000,1.000000000,1,2025-11-30 10:48:00.000000,2025-11-30 10:48:59.999922,1,BAYxx_xxxx_20251130_104524_000.7z
2025-11-30 10:49:00,1545.337112,1.545337112,807.975277,312.421836,424.939999,768000,768000,1.000000000,1,2025-11-30 10:49:00.000000,2025-11-30 10:49:59.999922,1,BAYxx_xxxx_20251130_104524_000.7z
2025-11-30 10:50:00,-10268.467217,-10.268467217,-3114.934955,-3644.156435,-3509.375827,768000,768000,1.000000000,1,2025-11-30 10:50:00.000000,2025-11-30 10:50:59.999922,1,BAYxx_xxxx_20251130_104524_000.7z
2025-11-30 10:51:00,-15727.301529,-15.727301529,-4906.323396,-5480.206127,-5340.772006,768000,768000,1.000000000,1,2025-11-30 10:51:00.000000,2025-11-30 10:51:59.999922,1,BAYxx_xxxx_20251130_104524_000.7z
2025-11-30 10:52:00,1617.442579,1.617442579,865.276269,318.281106,433.885204,768000,768000,1.000000000,1,2025-11-30 10:52:00.000000,2025-11-30 10:52:59.999922,1,BAYxx_xxxx_20251130_104524_000.7z
2025-11-30 10:53:00,-393.371020,-0.393371020,187.157865,-355.719411,-224.809474,768000,768000,1.000000000,1,2025-11-30 10:53:00.000000,2025-11-30 10:53:59.999922,1,BAYxx_xxxx_20251130_104524_000.7z
2025-11-30 10:54:00,-16492.935592,-16.492935592,-5183.580890,-5758.974706,-5550.379995,768000,768000,1.000000000,1,2025-11-30 10:54:00.000000,2025-11-30 10:54:59.999922,1,BAYxx_xxxx_20251130_104524_000.7z
2025-11-30 10:55:00,-20867.028988,-20.867028988,-6646.791103,-7230.365058,-6989.872827,704014,768000,0.916684896,0,2025-11-30 10:55:00.000000,2025-11-30 10:55:59.999922,2,BAYxx_xxxx_20251130_104524_000.7z;BAYxx_xxxx_20251130_105529_000.7z
2025-11-30 10:56:00,-10867.562496,-10.867562496,-3324.673339,-3887.006443,-3655.882714,768000,768000,1.000000000,1,2025-11-30 10:56:00.000000,2025-11-30 10:56:59.999922,1,BAYxx_xxxx_20251130_105529_000.7z
2025-11-30 10:57:00,2527.791953,2.527791953,1125.999350,582.226760,819.565843,768000,768000,1.000000000,1,2025-11-30 10:57:00.000000,2025-11-30 10:57:59.999922,1,BAYxx_xxxx_20251130_105529_000.7z
2025-11-30 10:58:00,6980.281896,6.980281896,2575.134468,2092.367345,2312.780082,768000,768000,1.000000000,1,2025-11-30 10:58:00.000000,2025-11-30 10:58:59.999922,1,BAYxx_xxxx_20251130_105529_000.7z
2025-11-30 10:59:00,4598.990039,4.598990039,1797.603930,1289.609112,1511.776997,768000,768000,1.000000000,1,2025-11-30 10:59:00.000000,2025-11-30 10:59:59.999922,1,BAYxx_xxxx_20251130_105529_000.7z
2025-11-30 11:00:00,-10403.190699,-10.403190699,-3176.324506,-3719.013276,-3507.852917,768000,768000,1.000000000,1,2025-11-30 11:00:00.000000,2025-11-30 11:00:59.999922,1,BAYxx_xxxx_20251130_105529_000.7z
2025-11-30 11:01:00,-7872.872280,-7.872872280,-2337.979439,-2875.317214,-2659.575627,768000,768000,1.000000000,1,2025-11-30 11:01:00.000000,2025-11-30 11:01:59.999922,1,BAYxx_xxxx_20251130_105529_000.7z
2025-11-30 11:02:00,3196.441316,3.196441316,1326.009864,839.659042,1030.772410,768000,768000,1.000000000,1,2025-11-30 11:02:00.000000,2025-11-30 11:02:59.999922,1,BAYxx_xxxx_20251130_105529_000.7z
2025-11-30 11:03:00,6214.213055,6.214213055,2283.053594,1862.286142,2068.873318,768000,768000,1.000000000,1,2025-11-30 11:03:00.000000,2025-11-30 11:03:59.999922,1,BAYxx_xxxx_20251130_105529_000.7z
2025-11-30 11:04:00,2090.901794,2.090901794,979.318612,448.753383,662.829799,768000,768000,1.000000000,1,2025-11-30 11:04:00.000000,2025-11-30 11:04:59.999922,1,BAYxx_xxxx_20251130_105529_000.7z
2025-11-30 11:05:00,-7678.623541,-7.678623541,-2274.851005,-2808.561396,-2595.211139,691247,768000,0.900061198,0,2025-11-30 11:05:00.000000,2025-11-30 11:05:59.999922,2,BAYxx_xxxx_20251130_105529_000.7z;BAYxx_xxxx_20251130_110535_000.7z
2025-11-30 11:06:00,-14908.541890,-14.908541890,-4670.817657,-5235.275767,-5002.448466,768000,768000,1.000000000,1,2025-11-30 11:06:00.000000,2025-11-30 11:06:59.999922,1,BAYxx_xxxx_20251130_110535_000.7z
2025-11-30 11:07:00,1791.026705,1.791026705,862.796432,355.598903,572.631371,768000,768000,1.000000000,1,2025-11-30 11:07:00.000000,2025-11-30 11:07:59.999922,1,BAYxx_xxxx_20251130_110535_000.7z
2025-11-30 11:08:00,-2423.374963,-2.423374963,-546.504960,-1042.858778,-834.011225,768000,768000,1.000000000,1,2025-11-30 11:08:00.000000,2025-11-30 11:08:59.999922,1,BAYxx_xxxx_20251130_110535_000.7z
2025-11-30 11:09:00,617.563495,0.617563495,465.526390,-24.548969,176.586073,768000,768000,1.000000000,1,2025-11-30 11:09:00.000000,2025-11-30 11:09:59.999922,1,BAYxx_xxxx_20251130_110535_000.7z
2025-11-30 11:10:00,1506.331409,1.506331409,767.173228,266.928878,472.229302,768000,768000,1.000000000,1,2025-11-30 11:10:00.000000,2025-11-30 11:10:59.999922,1,BAYxx_xxxx_20251130_110535_000.7z
2025-11-30 11:11:00,-13294.042585,-13.294042585,-4132.393252,-4695.515906,-4466.133426,768000,768000,1.000000000,1,2025-11-30 11:11:00.000000,2025-11-30 11:11:59.999922,1,BAYxx_xxxx_20251130_110535_000.7z
2025-11-30 11:12:00,-2633.137683,-2.633137683,-606.669740,-1132.961776,-893.506168,768000,768000,1.000000000,1,2025-11-30 11:12:00.000000,2025-11-30 11:12:59.999922,1,BAYxx_xxxx_20251130_110535_000.7z
2025-11-30 11:13:00,1578.098035,1.578098035,791.163021,275.299939,511.635076,768000,768000,1.000000000,1,2025-11-30 11:13:00.000000,2025-11-30 11:13:59.999922,1,BAYxx_xxxx_20251130_110535_000.7z
2025-11-30 11:14:00,-11841.241308,-11.841241308,-3666.872405,-4198.805039,-3975.563864,768000,768000,1.000000000,1,2025-11-30 11:14:00.000000,2025-11-30 11:14:59.999922,1,BAYxx_xxxx_20251130_110535_000.7z
2025-11-30 11:15:00,-18397.668212,-18.397668212,-5825.462896,-6401.150119,-6171.055197,716862,768000,0.933414063,0,2025-11-30 11:15:00.000000,2025-11-30 11:15:59.999922,2,BAYxx_xxxx_20251130_110535_000.7z;BAYxx_xxxx_20251130_111539_000.7z
2025-11-30 11:16:00,-20205.492719,-20.205492719,-6433.625438,-7007.453595,-6764.413687,768000,768000,1.000000000,1,2025-11-30 11:16:00.000000,2025-11-30 11:16:59.999922,1,BAYxx_xxxx_20251130_111539_000.7z
2025-11-30 11:17:00,73.170570,0.073170570,284.739803,-220.717446,9.148213,768000,768000,1.000000000,1,2025-11-30 11:17:00.000000,2025-11-30 11:17:59.999922,1,BAYxx_xxxx_20251130_111539_000.7z
2025-11-30 11:18:00,-33.300431,-0.033300431,253.188375,-266.365594,-20.123211,768000,768000,1.000000000,1,2025-11-30 11:18:00.000000,2025-11-30 11:18:59.999922,1,BAYxx_xxxx_20251130_111539_000.7z
2025-11-30 11:19:00,-6297.677436,-6.297677436,-1816.312534,-2357.963052,-2123.401850,768000,768000,1.000000000,1,2025-11-30 11:19:00.000000,2025-11-30 11:19:59.999922,1,BAYxx_xxxx_20251130_111539_000.7z
2025-11-30 11:20:00,1599.291709,1.599291709,807.527095,286.599891,505.164723,768000,768000,1.000000000,1,2025-11-30 11:20:00.000000,2025-11-30 11:20:59.999922,1,BAYxx_xxxx_20251130_111539_000.7z
2025-11-30 11:21:00,-4739.279490,-4.739279490,-1310.793764,-1821.809816,-1606.675911,768000,768000,1.000000000,1,2025-11-30 11:21:00.000000,2025-11-30 11:21:59.999922,1,BAYxx_xxxx_20251130_111539_000.7z
2025-11-30 11:22:00,1669.076147,1.669076147,817.496256,326.004454,525.575436,768000,768000,1.000000000,1,2025-11-30 11:22:00.000000,2025-11-30 11:22:59.999922,1,BAYxx_xxxx_20251130_111539_000.7z
2025-11-30 11:23:00,1696.540146,1.696540146,844.519688,313.246558,538.773901,768000,768000,1.000000000,1,2025-11-30 11:23:00.000000,2025-11-30 11:23:59.999922,1,BAYxx_xxxx_20251130_111539_000.7z
2025-11-30 11:24:00,1677.912610,1.677912610,858.842672,315.059588,504.010350,768000,768000,1.000000000,1,2025-11-30 11:24:00.000000,2025-11-30 11:24:59.999922,1,BAYxx_xxxx_20251130_111539_000.7z
2025-11-30 11:25:00,-3648.831756,-3.648831756,-901.328186,-1432.714703,-1314.788867,640044,768000,0.833390625,0,2025-11-30 11:25:00.000000,2025-11-30 11:25:59.999922,2,BAYxx_xxxx_20251130_111539_000.7z;BAYxx_xxxx_20251130_112549_000.7z
2025-11-30 11:26:00,-10042.759084,-10.042759084,-3030.287266,-3574.482292,-3437.989526,768000,768000,1.000000000,1,2025-11-30 11:26:00.000000,2025-11-30 11:26:59.999922,1,BAYxx_xxxx_20251130_112549_000.7z
2025-11-30 11:27:00,1726.023258,1.726023258,890.743807,361.739002,473.540449,768000,768000,1.000000000,1,2025-11-30 11:27:00.000000,2025-11-30 11:27:59.999922,1,BAYxx_xxxx_20251130_112549_000.7z
2025-11-30 11:28:00,-6736.649289,-6.736649289,-1933.782306,-2462.767611,-2340.099372,768000,768000,1.000000000,1,2025-11-30 11:28:00.000000,2025-11-30 11:28:59.999922,1,BAYxx_xxxx_20251130_112549_000.7z
2025-11-30 11:29:00,-19431.650084,-19.431650084,-6139.779795,-6723.334644,-6568.535645,768000,768000,1.000000000,1,2025-11-30 11:29:00.000000,2025-11-30 11:29:59.999922,1,BAYxx_xxxx_20251130_112549_000.7z
2025-11-30 11:30:00,-19608.659794,-19.608659794,-6206.514388,-6776.415037,-6625.730369,768000,768000,1.000000000,1,2025-11-30 11:30:00.000000,2025-11-30 11:30:59.999922,1,BAYxx_xxxx_20251130_112549_000.7z
2025-11-30 11:31:00,-9097.065518,-9.097065518,-2726.211084,-3256.807075,-3114.047359,768000,768000,1.000000000,1,2025-11-30 11:31:00.000000,2025-11-30 11:31:59.999922,1,BAYxx_xxxx_20251130_112549_000.7z
2025-11-30 11:32:00,1864.459070,1.864459070,917.878093,414.214257,532.366720,768000,768000,1.000000000,1,2025-11-30 11:32:00.000000,2025-11-30 11:32:59.999922,1,BAYxx_xxxx_20251130_112549_000.7z
2025-11-30 11:33:00,1884.130497,1.884130497,917.064415,428.128412,538.937670,768000,768000,1.000000000,1,2025-11-30 11:33:00.000000,2025-11-30 11:33:59.999922,1,BAYxx_xxxx_20251130_112549_000.7z
2025-11-30 11:34:00,1890.285654,1.890285654,922.143405,427.493864,540.648385,768000,768000,1.000000000,1,2025-11-30 11:34:00.000000,2025-11-30 11:34:59.999922,1,BAYxx_xxxx_20251130_112549_000.7z
2025-11-30 11:35:00,-10865.905270,-10.865905270,-3315.503885,-3839.949745,-3710.451640,691240,768000,0.900052083,0,2025-11-30 11:35:00.000000,2025-11-30 11:35:59.999922,2,BAYxx_xxxx_20251130_112549_000.7z;BAYxx_xxxx_20251130_113555_000.7z
2025-11-30 11:36:00,-12180.722986,-12.180722986,-3730.976293,-4295.570779,-4154.175914,768000,768000,1.000000000,1,2025-11-30 11:36:00.000000,2025-11-30 11:36:59.999922,1,BAYxx_xxxx_20251130_113555_000.7z
2025-11-30 11:37:00,1818.872741,1.818872741,911.411696,389.809699,517.651346,768000,768000,1.000000000,1,2025-11-30 11:37:00.000000,2025-11-30 11:37:59.999922,1,BAYxx_xxxx_20251130_113555_000.7z
2025-11-30 11:38:00,-4578.569891,-4.578569891,-1212.232626,-1747.177427,-1619.159839,768000,768000,1.000000000,1,2025-11-30 11:38:00.000000,2025-11-30 11:38:59.999922,1,BAYxx_xxxx_20251130_113555_000.7z
2025-11-30 11:39:00,-19806.821062,-19.806821062,-6264.492068,-6855.892894,-6686.436100,768000,768000,1.000000000,1,2025-11-30 11:39:00.000000,2025-11-30 11:39:59.999922,1,BAYxx_xxxx_20251130_113555_000.7z
2025-11-30 11:40:00,-19944.562154,-19.944562154,-6340.780714,-6923.196193,-6680.585247,768000,768000,1.000000000,1,2025-11-30 11:40:00.000000,2025-11-30 11:40:59.999922,1,BAYxx_xxxx_20251130_113555_000.7z
2025-11-30 11:41:00,-20053.179569,-20.053179569,-6387.575855,-6956.543717,-6709.059998,768000,768000,1.000000000,1,2025-11-30 11:41:00.000000,2025-11-30 11:41:59.999922,1,BAYxx_xxxx_20251130_113555_000.7z
2025-11-30 11:42:00,659.240314,0.659240314,486.945690,-23.371058,195.665682,768000,768000,1.000000000,1,2025-11-30 11:42:00.000000,2025-11-30 11:42:59.999922,1,BAYxx_xxxx_20251130_113555_000.7z
2025-11-30 11:43:00,1379.530922,1.379530922,721.791774,216.392645,441.346502,768000,768000,1.000000000,1,2025-11-30 11:43:00.000000,2025-11-30 11:43:59.999922,1,BAYxx_xxxx_20251130_113555_000.7z
2025-11-30 11:44:00,-17235.398082,-17.235398082,-5448.451064,-6017.057592,-5769.889426,768000,768000,1.000000000,1,2025-11-30 11:44:00.000000,2025-11-30 11:44:59.999922,1,BAYxx_xxxx_20251130_113555_000.7z
2025-11-30 11:45:00,-19986.905164,-19.986905164,-6352.724202,-6935.736521,-6698.444441,716913,768000,0.933480469,0,2025-11-30 11:45:00.000000,2025-11-30 11:45:59.999922,2,BAYxx_xxxx_20251130_113555_000.7z;BAYxx_xxxx_20251130_114559_000.7z
2025-11-30 11:46:00,-20240.216982,-20.240216982,-6437.757950,-7015.850392,-6786.608640,768000,768000,1.000000000,1,2025-11-30 11:46:00.000000,2025-11-30 11:46:59.999922,1,BAYxx_xxxx_20251130_114559_000.7z
2025-11-30 11:47:00,712.896765,0.712896765,520.988901,-13.018752,204.926616,768000,768000,1.000000000,1,2025-11-30 11:47:00.000000,2025-11-30 11:47:59.999922,1,BAYxx_xxxx_20251130_114559_000.7z
2025-11-30 11:48:00,1011.291679,1.011291679,619.641673,86.069625,305.580380,768000,768000,1.000000000,1,2025-11-30 11:48:00.000000,2025-11-30 11:48:59.999922,1,BAYxx_xxxx_20251130_114559_000.7z
2025-11-30 11:49:00,-17935.839307,-17.935839307,-5675.123164,-6247.859088,-6012.857054,768000,768000,1.000000000,1,2025-11-30 11:49:00.000000,2025-11-30 11:49:59.999922,1,BAYxx_xxxx_20251130_114559_000.7z
2025-11-30 11:50:00,-20341.487216,-20.341487216,-6467.882765,-7059.799546,-6813.804904,768000,768000,1.000000000,1,2025-11-30 11:50:00.000000,2025-11-30 11:50:59.999922,1,BAYxx_xxxx_20251130_114559_000.7z
2025-11-30 11:51:00,-17540.815062,-17.540815062,-5539.257127,-6126.784251,-5874.773685,768000,768000,1.000000000,1,2025-11-30 11:51:00.000000,2025-11-30 11:51:59.999922,1,BAYxx_xxxx_20251130_114559_000.7z
2025-11-30 11:52:00,1486.204455,1.486204455,767.891733,243.445615,474.867107,768000,768000,1.000000000,1,2025-11-30 11:52:00.000000,2025-11-30 11:52:59.999922,1,BAYxx_xxxx_20251130_114559_000.7z
2025-11-30 11:53:00,1464.186928,1.464186928,761.302172,239.667170,463.217585,768000,768000,1.000000000,1,2025-11-30 11:53:00.000000,2025-11-30 11:53:59.999922,1,BAYxx_xxxx_20251130_114559_000.7z
2025-11-30 11:54:00,1486.168729,1.486168729,762.017369,255.242217,468.909144,768000,768000,1.000000000,1,2025-11-30 11:54:00.000000,2025-11-30 11:54:59.999922,1,BAYxx_xxxx_20251130_114559_000.7z
2025-11-30 11:55:00,-3750.114143,-3.750114143,-969.679071,-1499.249672,-1281.185399,755283,768000,0.983441406,0,2025-11-30 11:55:00.000000,2025-11-30 11:55:59.006406,1,BAYxx_xxxx_20251130_114559_000.7z
2025-11-30 11:56:00,-20526.752899,-20.526752899,-6532.368823,-7117.795070,-6876.589006,742400,768000,0.966666667,0,2025-11-30 11:56:02.000000,2025-11-30 11:56:59.999922,1,BAYxx_xxxx_20251130_115602_000.7z
2025-11-30 11:57:00,-4764.859079,-4.764859079,-1300.534835,-1840.662307,-1623.661937,768000,768000,1.000000000,1,2025-11-30 11:57:00.000000,2025-11-30 11:57:59.999922,1,BAYxx_xxxx_20251130_115602_000.7z
2025-11-30 11:58:00,1548.488896,1.548488896,783.759699,275.865498,488.863700,768000,768000,1.000000000,1,2025-11-30 11:58:00.000000,2025-11-30 11:58:59.999922,1,BAYxx_xxxx_20251130_115602_000.7z
2025-11-30 11:59:00,-10779.907739,-10.779907739,-3319.733746,-3851.610478,-3608.563515,768000,768000,1.000000000,1,2025-11-30 11:59:00.000000,2025-11-30 11:59:59.999922,1,BAYxx_xxxx_20251130_115602_000.7z
2025-11-30 12:00:00,-10683.666382,-10.683666382,-3269.887469,-3829.269969,-3584.508945,768000,768000,1.000000000,1,2025-11-30 12:00:00.000000,2025-11-30 12:00:59.999922,1,BAYxx_xxxx_20251130_115602_000.7z
2025-11-30 12:01:00,-15019.815950,-15.019815950,-4711.304802,-5276.684156,-5031.826991,768000,768000,1.000000000,1,2025-11-30 12:01:00.000000,2025-11-30 12:01:59.999922,1,BAYxx_xxxx_20251130_115602_000.7z
2025-11-30 12:02:00,-2116.601816,-2.116601816,-438.595350,-948.777168,-729.229298,768000,768000,1.000000000,1,2025-11-30 12:02:00.000000,2025-11-30 12:02:59.999922,1,BAYxx_xxxx_20251130_115602_000.7z
2025-11-30 12:03:00,1695.538124,1.695538124,833.807529,322.311272,539.419323,768000,768000,1.000000000,1,2025-11-30 12:03:00.000000,2025-11-30 12:03:59.999922,1,BAYxx_xxxx_20251130_115602_000.7z
2025-11-30 12:04:00,-11547.655119,-11.547655119,-3567.623500,-4101.548427,-3878.483191,768000,768000,1.000000000,1,2025-11-30 12:04:00.000000,2025-11-30 12:04:59.999922,1,BAYxx_xxxx_20251130_115602_000.7z
2025-11-30 12:05:00,-19033.987563,-19.033987563,-6033.813687,-6617.552461,-6382.621414,768000,768000,1.000000000,1,2025-11-30 12:05:00.000000,2025-11-30 12:05:59.999922,1,BAYxx_xxxx_20251130_115602_000.7z
2025-11-30 12:06:00,-11400.231208,-11.400231208,-3502.642388,-4063.758428,-3833.830392,588895,768000,0.766790365,0,2025-11-30 12:06:00.000000,2025-11-30 12:06:59.999922,2,BAYxx_xxxx_20251130_115602_000.7z;BAYxx_xxxx_20251130_120616_000.7z
2025-11-30 12:07:00,2957.631216,2.957631216,1271.631310,740.245455,945.754452,768000,768000,1.000000000,1,2025-11-30 12:07:00.000000,2025-11-30 12:07:59.999922,1,BAYxx_xxxx_20251130_120616_000.7z
2025-11-30 12:08:00,2217.305125,2.217305125,954.816279,535.644308,726.844538,768000,768000,1.000000000,1,2025-11-30 12:08:00.000000,2025-11-30 12:08:59.999922,1,BAYxx_xxxx_20251130_120616_000.7z
2025-11-30 12:09:00,-8828.226562,-8.828226562,-2646.852437,-3206.042837,-2975.331288,768000,768000,1.000000000,1,2025-11-30 12:09:00.000000,2025-11-30 12:09:59.999922,1,BAYxx_xxxx_20251130_120616_000.7z
2025-11-30 12:10:00,2069.415389,2.069415389,991.563806,479.504705,598.346878,768000,768000,1.000000000,1,2025-11-30 12:10:00.000000,2025-11-30 12:10:59.999922,1,BAYxx_xxxx_20251130_120616_000.7z
2025-11-30 12:11:00,-3376.666658,-3.376666658,-822.172039,-1340.465651,-1214.028969,768000,768000,1.000000000,1,2025-11-30 12:11:00.000000,2025-11-30 12:11:59.999922,1,BAYxx_xxxx_20251130_120616_000.7z
2025-11-30 12:12:00,5044.541725,5.044541725,1959.898693,1501.456135,1583.186897,768000,768000,1.000000000,1,2025-11-30 12:12:00.000000,2025-11-30 12:12:59.999922,1,BAYxx_xxxx_20251130_120616_000.7z
2025-11-30 12:13:00,1523.553045,1.523553045,789.429832,314.948211,419.175002,768000,768000,1.000000000,1,2025-11-30 12:13:00.000000,2025-11-30 12:13:59.999922,1,BAYxx_xxxx_20251130_120616_000.7z
2025-11-30 12:14:00,-18999.452862,-18.999452862,-5998.191760,-6579.144726,-6422.116375,768000,768000,1.000000000,1,2025-11-30 12:14:00.000000,2025-11-30 12:14:59.999922,1,BAYxx_xxxx_20251130_120616_000.7z
2025-11-30 12:15:00,-19433.682410,-19.433682410,-6145.564900,-6727.589912,-6560.527598,768000,768000,1.000000000,1,2025-11-30 12:15:00.000000,2025-11-30 12:15:59.999922,1,BAYxx_xxxx_20251130_120616_000.7z
2025-11-30 12:16:00,-8018.466595,-8.018466595,-2356.657802,-2891.798251,-2770.010542,716900,768000,0.933463542,0,2025-11-30 12:16:00.000000,2025-11-30 12:16:59.999922,2,BAYxx_xxxx_20251130_120616_000.7z;BAYxx_xxxx_20251130_121620_000.7z
2025-11-30 12:17:00,1536.555063,1.536555063,822.336938,304.985675,409.232450,768000,768000,1.000000000,1,2025-11-30 12:17:00.000000,2025-11-30 12:17:59.999922,1,BAYxx_xxxx_20251130_121620_000.7z
2025-11-30 12:18:00,-8069.276965,-8.069276965,-2382.494052,-2903.940295,-2782.842619,768000,768000,1.000000000,1,2025-11-30 12:18:00.000000,2025-11-30 12:18:59.999922,1,BAYxx_xxxx_20251130_121620_000.7z
2025-11-30 12:19:00,-19634.403437,-19.634403437,-6212.810780,-6791.381643,-6630.211014,768000,768000,1.000000000,1,2025-11-30 12:19:00.000000,2025-11-30 12:19:59.999922,1,BAYxx_xxxx_20251130_121620_000.7z
2025-11-30 12:20:00,-19855.177624,-19.855177624,-6276.717460,-6867.861232,-6710.598932,768000,768000,1.000000000,1,2025-11-30 12:20:00.000000,2025-11-30 12:20:59.999922,1,BAYxx_xxxx_20251130_121620_000.7z
2025-11-30 12:21:00,-3396.349022,-3.396349022,-823.600287,-1345.221738,-1227.526998,768000,768000,1.000000000,1,2025-11-30 12:21:00.000000,2025-11-30 12:21:59.999922,1,BAYxx_xxxx_20251130_121620_000.7z
2025-11-30 12:22:00,1353.534303,1.353534303,757.042902,232.941842,363.549559,768000,768000,1.000000000,1,2025-11-30 12:22:00.000000,2025-11-30 12:22:59.999922,1,BAYxx_xxxx_20251130_121620_000.7z
2025-11-30 12:23:00,-13660.066045,-13.660066045,-4230.143767,-4792.499794,-4637.422484,768000,768000,1.000000000,1,2025-11-30 12:23:00.000000,2025-11-30 12:23:59.999922,1,BAYxx_xxxx_20251130_121620_000.7z
2025-11-30 12:24:00,-19249.361037,-19.249361037,-6077.906401,-6668.759521,-6502.695115,768000,768000,1.000000000,1,2025-11-30 12:24:00.000000,2025-11-30 12:24:59.999922,1,BAYxx_xxxx_20251130_121620_000.7z
2025-11-30 12:25:00,-19221.131176,-19.221131176,-6097.631471,-6681.128474,-6442.371231,768000,768000,1.000000000,1,2025-11-30 12:25:00.000000,2025-11-30 12:25:59.999922,1,BAYxx_xxxx_20251130_121620_000.7z
2025-11-30 12:26:00,-17524.110926,-17.524110926,-5538.559690,-6114.731653,-5870.819583,729642,768000,0.950054687,0,2025-11-30 12:26:00.000000,2025-11-30 12:26:59.999922,2,BAYxx_xxxx_20251130_121620_000.7z;BAYxx_xxxx_20251130_122623_000.7z
2025-11-30 12:27:00,1585.525665,1.585525665,794.203637,289.547254,501.774774,768000,768000,1.000000000,1,2025-11-30 12:27:00.000000,2025-11-30 12:27:59.999922,1,BAYxx_xxxx_20251130_122623_000.7z
2025-11-30 12:28:00,79.486635,0.079486635,294.375524,-214.346393,-0.542497,768000,768000,1.000000000,1,2025-11-30 12:28:00.000000,2025-11-30 12:28:59.999922,1,BAYxx_xxxx_20251130_122623_000.7z
2025-11-30 12:29:00,-17962.058583,-17.962058583,-5681.575307,-6264.971178,-6015.512099,768000,768000,1.000000000,1,2025-11-30 12:29:00.000000,2025-11-30 12:29:59.999922,1,BAYxx_xxxx_20251130_122623_000.7z
2025-11-30 12:30:00,-18906.504562,-18.906504562,-6003.241803,-6577.835555,-6325.427205,768000,768000,1.000000000,1,2025-11-30 12:30:00.000000,2025-11-30 12:30:59.999922,1,BAYxx_xxxx_20251130_122623_000.7z
2025-11-30 12:31:00,-14829.177654,-14.829177654,-4654.262788,-5209.771033,-4965.143834,768000,768000,1.000000000,1,2025-11-30 12:31:00.000000,2025-11-30 12:31:59.999922,1,BAYxx_xxxx_20251130_122623_000.7z
2025-11-30 12:32:00,1673.303980,1.673303980,824.267789,323.915992,525.120199,768000,768000,1.000000000,1,2025-11-30 12:32:00.000000,2025-11-30 12:32:59.999922,1,BAYxx_xxxx_20251130_122623_000.7z
2025-11-30 12:33:00,-1708.730456,-1.708730456,-293.741910,-820.171444,-594.817102,768000,768000,1.000000000,1,2025-11-30 12:33:00.000000,2025-11-30 12:33:59.999922,1,BAYxx_xxxx_20251130_122623_000.7z
2025-11-30 12:34:00,-18549.364881,-18.549364881,-5876.881067,-6461.886591,-6210.597222,768000,768000,1.000000000,1,2025-11-30 12:34:00.000000,2025-11-30 12:34:59.999922,1,BAYxx_xxxx_20251130_122623_000.7z
2025-11-30 12:35:00,-18617.167598,-18.617167598,-5899.420207,-6486.279130,-6231.468261,768000,768000,1.000000000,1,2025-11-30 12:35:00.000000,2025-11-30 12:35:59.999922,1,BAYxx_xxxx_20251130_122623_000.7z
2025-11-30 12:36:00,-16843.401531,-16.843401531,-5315.066406,-5887.627352,-5640.707772,691279,768000,0.900102865,0,2025-11-30 12:36:00.000000,2025-11-30 12:36:59.999922,2,BAYxx_xxxx_20251130_122623_000.7z;BAYxx_xxxx_20251130_123629_000.7z
2025-11-30 12:37:00,1796.331793,1.796331793,867.205351,357.305271,571.821171,768000,768000,1.000000000,1,2025-11-30 12:37:00.000000,2025-11-30 12:37:59.999922,1,BAYxx_xxxx_20251130_123629_000.7z
2025-11-30 12:38:00,409.669083,0.409669083,404.375859,-106.814696,112.107919,768000,768000,1.000000000,1,2025-11-30 12:38:00.000000,2025-11-30 12:38:59.999922,1,BAYxx_xxxx_20251130_123629_000.7z
2025-11-30 12:39:00,-17378.586232,-17.378586232,-5498.712731,-6063.950886,-5815.922615,768000,768000,1.000000000,1,2025-11-30 12:39:00.000000,2025-11-30 12:39:59.999922,1,BAYxx_xxxx_20251130_123629_000.7z
2025-11-30 12:40:00,-15663.808942,-15.663808942,-4928.891352,-5488.257658,-5246.659932,768000,768000,1.000000000,1,2025-11-30 12:40:00.000000,2025-11-30 12:40:59.999922,1,BAYxx_xxxx_20251130_123629_000.7z
2025-11-30 12:41:00,1897.722228,1.897722228,895.173721,399.746435,602.802071,768000,768000,1.000000000,1,2025-11-30 12:41:00.000000,2025-11-30 12:41:59.999922,1,BAYxx_xxxx_20251130_123629_000.7z
2025-11-30 12:42:00,-1232.386463,-1.232386463,-146.867692,-644.165843,-441.352928,768000,768000,1.000000000,1,2025-11-30 12:42:00.000000,2025-11-30 12:42:59.999922,1,BAYxx_xxxx_20251130_123629_000.7z
2025-11-30 12:43:00,-17797.223871,-17.797223871,-5631.318851,-6205.060366,-5960.844653,768000,768000,1.000000000,1,2025-11-30 12:43:00.000000,2025-11-30 12:43:59.999922,1,BAYxx_xxxx_20251130_123629_000.7z
2025-11-30 12:44:00,-18073.178999,-18.073178999,-5724.796561,-6301.967374,-6046.415065,768000,768000,1.000000000,1,2025-11-30 12:44:00.000000,2025-11-30 12:44:59.999922,1,BAYxx_xxxx_20251130_123629_000.7z
2025-11-30 12:45:00,-18173.948811,-18.173948811,-5756.490435,-6332.670558,-6084.787819,768000,768000,1.000000000,1,2025-11-30 12:45:00.000000,2025-11-30 12:45:59.999922,1,BAYxx_xxxx_20251130_123629_000.7z
2025-11-30 12:46:00,-18282.825236,-18.282825236,-5801.408683,-6367.420062,-6113.996491,678412,768000,0.883348958,0,2025-11-30 12:46:00.000000,2025-11-30 12:46:59.999922,2,BAYxx_xxxx_20251130_123629_000.7z;BAYxx_xxxx_20251130_124636_000.7z
2025-11-30 12:47:00,-18296.747934,-18.296747934,-5805.327949,-6373.526896,-6117.893090,768000,768000,1.000000000,1,2025-11-30 12:47:00.000000,2025-11-30 12:47:59.999922,1,BAYxx_xxxx_20251130_124636_000.7z
2025-11-30 12:48:00,-18322.275243,-18.322275243,-5807.036421,-6382.383757,-6132.855065,768000,768000,1.000000000,1,2025-11-30 12:48:00.000000,2025-11-30 12:48:59.999922,1,BAYxx_xxxx_20251130_124636_000.7z
2025-11-30 12:49:00,-18292.073209,-18.292073209,-5797.878968,-6367.247799,-6126.946442,768000,768000,1.000000000,1,2025-11-30 12:49:00.000000,2025-11-30 12:49:59.999922,1,BAYxx_xxxx_20251130_124636_000.7z
2025-11-30 12:50:00,-12171.694314,-12.171694314,-3775.228185,-4318.914050,-4077.552079,768000,768000,1.000000000,1,2025-11-30 12:50:00.000000,2025-11-30 12:50:59.999922,1,BAYxx_xxxx_20251130_124636_000.7z
2025-11-30 12:51:00,1598.269470,1.598269470,801.538731,290.798021,505.932719,768000,768000,1.000000000,1,2025-11-30 12:51:00.000000,2025-11-30 12:51:59.999922,1,BAYxx_xxxx_20251130_124636_000.7z
2025-11-30 12:52:00,-3798.183137,-3.798183137,-989.694368,-1513.156181,-1295.332589,768000,768000,1.000000000,1,2025-11-30 12:52:00.000000,2025-11-30 12:52:59.999922,1,BAYxx_xxxx_20251130_124636_000.7z
2025-11-30 12:53:00,-17620.639958,-17.620639958,-5570.473207,-6149.845067,-5900.321685,768000,768000,1.000000000,1,2025-11-30 12:53:00.000000,2025-11-30 12:53:59.999922,1,BAYxx_xxxx_20251130_124636_000.7z
2025-11-30 12:54:00,-17443.798422,-17.443798422,-5519.027803,-6089.704717,-5835.065902,768000,768000,1.000000000,1,2025-11-30 12:54:00.000000,2025-11-30 12:54:59.999922,1,BAYxx_xxxx_20251130_124636_000.7z
2025-11-30 12:55:00,-14739.493814,-14.739493814,-4596.994091,-5163.799694,-4978.700029,768000,768000,1.000000000,1,2025-11-30 12:55:00.000000,2025-11-30 12:55:59.999922,1,BAYxx_xxxx_20251130_124636_000.7z
2025-11-30 12:56:00,1581.447210,1.581447210,841.512472,315.539781,424.394957,729627,768000,0.950035156,0,2025-11-30 12:56:00.000000,2025-11-30 12:56:59.999922,2,BAYxx_xxxx_20251130_124636_000.7z;BAYxx_xxxx_20251130_125639_000.7z
2025-11-30 12:57:00,-64.509433,-0.064509433,284.681852,-231.502107,-117.689177,768000,768000,1.000000000,1,2025-11-30 12:57:00.000000,2025-11-30 12:57:59.999922,1,BAYxx_xxxx_20251130_125639_000.7z
2025-11-30 12:58:00,-16324.083736,-16.324083736,-5113.811886,-5678.749249,-5531.522601,768000,768000,1.000000000,1,2025-11-30 12:58:00.000000,2025-11-30 12:58:59.999922,1,BAYxx_xxxx_20251130_125639_000.7z
2025-11-30 12:59:00,-16822.441978,-16.822441978,-5273.045646,-5847.378348,-5702.017984,768000,768000,1.000000000,1,2025-11-30 12:59:00.000000,2025-11-30 12:59:59.999922,1,BAYxx_xxxx_20251130_125639_000.7z
2025-11-30 13:00:00,-16620.719927,-16.620719927,-5212.333438,-5778.999762,-5629.386727,768000,768000,1.000000000,1,2025-11-30 13:00:00.000000,2025-11-30 13:00:59.999922,1,BAYxx_xxxx_20251130_125639_000.7z
2025-11-30 13:01:00,-16393.482943,-16.393482943,-5144.145708,-5696.025770,-5553.311465,768000,768000,1.000000000,1,2025-11-30 13:01:00.000000,2025-11-30 13:01:59.999922,1,BAYxx_xxxx_20251130_125639_000.7z
2025-11-30 13:02:00,-16134.244371,-16.134244371,-5046.014462,-5621.176664,-5467.053245,768000,768000,1.000000000,1,2025-11-30 13:02:00.000000,2025-11-30 13:02:59.999922,1,BAYxx_xxxx_20251130_125639_000.7z
2025-11-30 13:03:00,-15944.491168,-15.944491168,-4989.469641,-5556.674807,-5398.346720,768000,768000,1.000000000,1,2025-11-30 13:03:00.000000,2025-11-30 13:03:59.999922,1,BAYxx_xxxx_20251130_125639_000.7z
2025-11-30 13:04:00,-15762.036819,-15.762036819,-4923.317621,-5495.202078,-5343.517120,768000,768000,1.000000000,1,2025-11-30 13:04:00.000000,2025-11-30 13:04:59.999922,1,BAYxx_xxxx_20251130_125639_000.7z
2025-11-30 13:05:00,-4028.401426,-4.028401426,-1030.367510,-1564.122261,-1433.911655,768000,768000,1.000000000,1,2025-11-30 13:05:00.000000,2025-11-30 13:05:59.999922,1,BAYxx_xxxx_20251130_125639_000.7z
2025-11-30 13:06:00,1619.392489,1.619392489,838.964357,334.820005,445.608127,704138,768000,0.916846354,0,2025-11-30 13:06:00.000000,2025-11-30 13:06:59.999922,2,BAYxx_xxxx_20251130_125639_000.7z;BAYxx_xxxx_20251130_130644_000.7z
2025-11-30 13:07:00,-7905.799588,-7.905799588,-2333.610157,-2853.322170,-2718.867260,768000,768000,1.000000000,1,2025-11-30 13:07:00.000000,2025-11-30 13:07:59.999922,1,BAYxx_xxxx_20251130_130644_000.7z
2025-11-30 13:08:00,-15008.163676,-15.008163676,-4675.011371,-5243.689173,-5089.463132,768000,768000,1.000000000,1,2025-11-30 13:08:00.000000,2025-11-30 13:08:59.999922,1,BAYxx_xxxx_20251130_130644_000.7z
2025-11-30 13:09:00,-14994.050306,-14.994050306,-4675.447260,-5238.188907,-5080.414138,768000,768000,1.000000000,1,2025-11-30 13:09:00.000000,2025-11-30 13:09:59.999922,1,BAYxx_xxxx_20251130_130644_000.7z
2025-11-30 13:10:00,-14888.977117,-14.888977117,-4653.380523,-5213.845325,-5021.751269,768000,768000,1.000000000,1,2025-11-30 13:10:00.000000,2025-11-30 13:10:59.999922,1,BAYxx_xxxx_20251130_130644_000.7z
2025-11-30 13:11:00,-2639.042971,-2.639042971,-608.249624,-1138.899377,-891.893970,768000,768000,1.000000000,1,2025-11-30 13:11:00.000000,2025-11-30 13:11:59.999922,1,BAYxx_xxxx_20251130_130644_000.7z
2025-11-30 13:12:00,1819.625041,1.819625041,862.696878,362.296066,594.632097,768000,768000,1.000000000,1,2025-11-30 13:12:00.000000,2025-11-30 13:12:59.999922,1,BAYxx_xxxx_20251130_130644_000.7z
2025-11-30 13:13:00,-9536.334900,-9.536334900,-2907.734243,-3438.419771,-3190.180886,768000,768000,1.000000000,1,2025-11-30 13:13:00.000000,2025-11-30 13:13:59.999922,1,BAYxx_xxxx_20251130_130644_000.7z
2025-11-30 13:14:00,-14473.786468,-14.473786468,-4526.596042,-5101.935647,-4845.254779,768000,768000,1.000000000,1,2025-11-30 13:14:00.000000,2025-11-30 13:14:59.999922,1,BAYxx_xxxx_20251130_130644_000.7z
2025-11-30 13:15:00,-11083.215506,-11.083215506,-3406.255837,-3967.011971,-3709.947698,768000,768000,1.000000000,1,2025-11-30 13:15:00.000000,2025-11-30 13:15:59.999922,1,BAYxx_xxxx_20251130_130644_000.7z
2025-11-30 13:16:00,1870.314029,1.870314029,903.317916,365.904719,601.091393,729687,768000,0.950113281,0,2025-11-30 13:16:00.000000,2025-11-30 13:16:59.999922,2,BAYxx_xxxx_20251130_130644_000.7z;BAYxx_xxxx_20251130_131647_000.7z
2025-11-30 13:17:00,-633.436994,-0.633436994,57.780522,-467.772169,-223.445347,768000,768000,1.000000000,1,2025-11-30 13:17:00.000000,2025-11-30 13:17:59.999922,1,BAYxx_xxxx_20251130_131647_000.7z
2025-11-30 13:18:00,-13222.773732,-13.222773732,-4125.039580,-4675.583837,-4422.150315,768000,768000,1.000000000,1,2025-11-30 13:18:00.000000,2025-11-30 13:18:59.999922,1,BAYxx_xxxx_20251130_131647_000.7z
2025-11-30 13:19:00,-14142.400771,-14.142400771,-4416.834005,-4978.718467,-4746.848299,768000,768000,1.000000000,1,2025-11-30 13:19:00.000000,2025-11-30 13:19:59.999922,1,BAYxx_xxxx_20251130_131647_000.7z
2025-11-30 13:20:00,-14100.238692,-14.100238692,-4402.947477,-4973.986939,-4723.304276,768000,768000,1.000000000,1,2025-11-30 13:20:00.000000,2025-11-30 13:20:59.999922,1,BAYxx_xxxx_20251130_131647_000.7z
2025-11-30 13:21:00,-14068.316116,-14.068316116,-4394.026110,-4958.704603,-4715.585403,768000,768000,1.000000000,1,2025-11-30 13:21:00.000000,2025-11-30 13:21:59.999922,1,BAYxx_xxxx_20251130_131647_000.7z
2025-11-30 13:22:00,-13962.228912,-13.962228912,-4352.293749,-4932.989285,-4676.945878,768000,768000,1.000000000,1,2025-11-30 13:22:00.000000,2025-11-30 13:22:59.999922,1,BAYxx_xxxx_20251130_131647_000.7z
2025-11-30 13:23:00,-13731.103345,-13.731103345,-4282.421872,-4845.019647,-4603.661826,768000,768000,1.000000000,1,2025-11-30 13:23:00.000000,2025-11-30 13:23:59.999922,1,BAYxx_xxxx_20251130_131647_000.7z
2025-11-30 13:24:00,-12419.016043,-12.419016043,-3834.182538,-4401.653903,-4183.179602,768000,768000,1.000000000,1,2025-11-30 13:24:00.000000,2025-11-30 13:24:59.999922,1,BAYxx_xxxx_20251130_131647_000.7z
2025-11-30 13:25:00,6707.370557,6.707370557,2477.075218,1989.367393,2240.927946,768000,768000,1.000000000,1,2025-11-30 13:25:00.000000,2025-11-30 13:25:59.999922,1,BAYxx_xxxx_20251130_131647_000.7z
2025-11-30 13:26:00,1150.614522,1.150614522,664.829230,130.823744,354.961548,742492,768000,0.966786458,0,2025-11-30 13:26:00.000000,2025-11-30 13:26:59.999922,2,BAYxx_xxxx_20251130_131647_000.7z;BAYxx_xxxx_20251130_132649_000.7z
2025-11-30 13:27:00,-11217.461191,-11.217461191,-3450.484597,-3999.546313,-3767.430281,768000,768000,1.000000000,1,2025-11-30 13:27:00.000000,2025-11-30 13:27:59.999922,1,BAYxx_xxxx_20251130_132649_000.7z
2025-11-30 13:28:00,-12352.814991,-12.352814991,-3819.257286,-4373.665087,-4159.892618,768000,768000,1.000000000,1,2025-11-30 13:28:00.000000,2025-11-30 13:28:59.999922,1,BAYxx_xxxx_20251130_132649_000.7z
2025-11-30 13:29:00,-13656.067976,-13.656067976,-4247.464289,-4820.716835,-4587.886853,768000,768000,1.000000000,1,2025-11-30 13:29:00.000000,2025-11-30 13:29:59.999922,1,BAYxx_xxxx_20251130_132649_000.7z
2025-11-30 13:30:00,-2387.669697,-2.387669697,-520.069098,-1050.819628,-816.780971,768000,768000,1.000000000,1,2025-11-30 13:30:00.000000,2025-11-30 13:30:59.999922,1,BAYxx_xxxx_20251130_132649_000.7z
2025-11-30 13:31:00,1676.706505,1.676706505,834.682265,313.137141,528.887099,768000,768000,1.000000000,1,2025-11-30 13:31:00.000000,2025-11-30 13:31:59.999922,1,BAYxx_xxxx_20251130_132649_000.7z
2025-11-30 13:32:00,-8080.005581,-8.080005581,-2406.590521,-2954.082931,-2719.332128,768000,768000,1.000000000,1,2025-11-30 13:32:00.000000,2025-11-30 13:32:59.999922,1,BAYxx_xxxx_20251130_132649_000.7z
2025-11-30 13:33:00,-12105.982420,-12.105982420,-3752.708849,-4292.510370,-4060.763201,768000,768000,1.000000000,1,2025-11-30 13:33:00.000000,2025-11-30 13:33:59.999922,1,BAYxx_xxxx_20251130_132649_000.7z
2025-11-30 13:34:00,-12597.812207,-12.597812207,-3913.237720,-4456.523539,-4228.050948,768000,768000,1.000000000,1,2025-11-30 13:34:00.000000,2025-11-30 13:34:59.999922,1,BAYxx_xxxx_20251130_132649_000.7z
2025-11-30 13:35:00,-12579.421656,-12.579421656,-3911.964307,-4454.366448,-4213.090901,768000,768000,1.000000000,1,2025-11-30 13:35:00.000000,2025-11-30 13:35:59.999922,1,BAYxx_xxxx_20251130_132649_000.7z
2025-11-30 13:36:00,-12520.887581,-12.520887581,-3894.352350,-4426.912610,-4199.622621,652937,768000,0.850178385,0,2025-11-30 13:36:00.000000,2025-11-30 13:36:59.999922,2,BAYxx_xxxx_20251130_132649_000.7z;BAYxx_xxxx_20251130_133658_000.7z
2025-11-30 13:37:00,-12327.032802,-12.327032802,-3828.640408,-4366.623776,-4131.768619,768000,768000,1.000000000,1,2025-11-30 13:37:00.000000,2025-11-30 13:37:59.999922,1,BAYxx_xxxx_20251130_133658_000.7z
2025-11-30 13:38:00,-8628.017584,-8.628017584,-2590.999362,-3138.539667,-2898.478554,768000,768000,1.000000000,1,2025-11-30 13:38:00.000000,2025-11-30 13:38:59.999922,1,BAYxx_xxxx_20251130_133658_000.7z
2025-11-30 13:39:00,1804.919844,1.804919844,879.136597,353.397447,572.385800,768000,768000,1.000000000,1,2025-11-30 13:39:00.000000,2025-11-30 13:39:59.999922,1,BAYxx_xxxx_20251130_133658_000.7z
2025-11-30 13:40:00,-1948.531014,-1.948531014,-368.382248,-891.781877,-688.366889,768000,768000,1.000000000,1,2025-11-30 13:40:00.000000,2025-11-30 13:40:59.999922,1,BAYxx_xxxx_20251130_133658_000.7z
2025-11-30 13:41:00,-10217.463457,-10.217463457,-3094.190514,-3632.508890,-3490.764054,768000,768000,1.000000000,1,2025-11-30 13:41:00.000000,2025-11-30 13:41:59.999922,1,BAYxx_xxxx_20251130_133658_000.7z
2025-11-30 13:42:00,-10165.372679,-10.165372679,-3076.581810,-3617.671294,-3471.119575,768000,768000,1.000000000,1,2025-11-30 13:42:00.000000,2025-11-30 13:42:59.999922,1,BAYxx_xxxx_20251130_133658_000.7z
2025-11-30 13:43:00,-10058.149390,-10.058149390,-3042.499135,-3584.460554,-3431.189701,768000,768000,1.000000000,1,2025-11-30 13:43:00.000000,2025-11-30 13:43:59.999922,1,BAYxx_xxxx_20251130_133658_000.7z
2025-11-30 13:44:00,-10471.378179,-10.471378179,-3174.474332,-3721.811350,-3575.092497,768000,768000,1.000000000,1,2025-11-30 13:44:00.000000,2025-11-30 13:44:59.999922,1,BAYxx_xxxx_20251130_133658_000.7z
2025-11-30 13:45:00,-11694.866112,-11.694866112,-3582.820109,-4126.803209,-3985.242793,768000,768000,1.000000000,1,2025-11-30 13:45:00.000000,2025-11-30 13:45:59.999922,1,BAYxx_xxxx_20251130_133658_000.7z
2025-11-30 13:46:00,-11711.917245,-11.711917245,-3582.098337,-4139.103267,-3990.715641,742476,768000,0.966765625,0,2025-11-30 13:46:00.000000,2025-11-30 13:46:58.005859,1,BAYxx_xxxx_20251130_133658_000.7z
2025-11-30 13:47:00,-11670.023598,-11.670023598,-3574.461957,-4113.413440,-3982.148200,742400,768000,0.966666667,0,2025-11-30 13:47:02.000000,2025-11-30 13:47:59.999922,1,BAYxx_xxxx_20251130_134702_000.7z
2025-11-30 13:48:00,-2593.983054,-2.593983054,-560.481346,-1083.139861,-950.361847,768000,768000,1.000000000,1,2025-11-30 13:48:00.000000,2025-11-30 13:48:59.999922,1,BAYxx_xxxx_20251130_134702_000.7z
2025-11-30 13:49:00,1721.258901,1.721258901,879.476927,364.705609,477.076365,768000,768000,1.000000000,1,2025-11-30 13:49:00.000000,2025-11-30 13:49:59.999922,1,BAYxx_xxxx_20251130_134702_000.7z
2025-11-30 13:50:00,-6631.406423,-6.631406423,-1900.348385,-2425.649553,-2305.408484,768000,768000,1.000000000,1,2025-11-30 13:50:00.000000,2025-11-30 13:50:59.999922,1,BAYxx_xxxx_20251130_134702_000.7z
2025-11-30 13:51:00,-9817.051794,-9.817051794,-2960.738217,-3494.373744,-3361.939834,768000,768000,1.000000000,1,2025-11-30 13:51:00.000000,2025-11-30 13:51:59.999922,1,BAYxx_xxxx_20251130_134702_000.7z
2025-11-30 13:52:00,-9802.894550,-9.802894550,-2952.824685,-3490.349946,-3359.719920,768000,768000,1.000000000,1,2025-11-30 13:52:00.000000,2025-11-30 13:52:59.999922,1,BAYxx_xxxx_20251130_134702_000.7z
2025-11-30 13:53:00,-9854.404010,-9.854404010,-2976.353176,-3497.145388,-3380.905446,768000,768000,1.000000000,1,2025-11-30 13:53:00.000000,2025-11-30 13:53:59.999922,1,BAYxx_xxxx_20251130_134702_000.7z
2025-11-30 13:54:00,-9844.619552,-9.844619552,-2966.470027,-3503.533033,-3374.616491,768000,768000,1.000000000,1,2025-11-30 13:54:00.000000,2025-11-30 13:54:59.999922,1,BAYxx_xxxx_20251130_134702_000.7z
2025-11-30 13:55:00,-9763.547453,-9.763547453,-2934.151384,-3485.216866,-3344.179202,768000,768000,1.000000000,1,2025-11-30 13:55:00.000000,2025-11-30 13:55:59.999922,1,BAYxx_xxxx_20251130_134702_000.7z
2025-11-30 13:56:00,-9660.705713,-9.660705713,-2929.591589,-3483.242986,-3247.871139,768000,768000,1.000000000,1,2025-11-30 13:56:00.000000,2025-11-30 13:56:59.999922,1,BAYxx_xxxx_20251130_134702_000.7z
2025-11-30 13:57:00,-9679.827368,-9.679827368,-2947.231965,-3479.321884,-3253.273519,678442,768000,0.883388021,0,2025-11-30 13:57:00.000000,2025-11-30 13:57:59.999922,2,BAYxx_xxxx_20251130_134702_000.7z;BAYxx_xxxx_20251130_135709_000.7z
2025-11-30 13:58:00,-9592.213952,-9.592213952,-2910.170770,-3458.490682,-3223.552500,768000,768000,1.000000000,1,2025-11-30 13:58:00.000000,2025-11-30 13:58:59.999922,1,BAYxx_xxxx_20251130_135709_000.7z
2025-11-30 13:59:00,-9621.386672,-9.621386672,-2916.233629,-3459.768700,-3245.384343,768000,768000,1.000000000,1,2025-11-30 13:59:00.000000,2025-11-30 13:59:59.999922,1,BAYxx_xxxx_20251130_135709_000.7z
2025-11-30 14:00:00,-9530.457675,-9.530457675,-2883.214962,-3436.848011,-3210.394702,768000,768000,1.000000000,1,2025-11-30 14:00:00.000000,2025-11-30 14:00:59.999922,1,BAYxx_xxxx_20251130_135709_000.7z
2025-11-30 14:01:00,-9486.837789,-9.486837789,-2883.642837,-3410.681081,-3192.513870,768000,768000,1.000000000,1,2025-11-30 14:01:00.000000,2025-11-30 14:01:59.999922,1,BAYxx_xxxx_20251130_135709_000.7z
2025-11-30 14:02:00,-9425.743794,-9.425743794,-2862.571799,-3392.252567,-3170.919429,768000,768000,1.000000000,1,2025-11-30 14:02:00.000000,2025-11-30 14:02:59.999922,1,BAYxx_xxxx_20251130_135709_000.7z
2025-11-30 14:03:00,-9338.023718,-9.338023718,-2829.308940,-3359.789273,-3148.925505,768000,768000,1.000000000,1,2025-11-30 14:03:00.000000,2025-11-30 14:03:59.999922,1,BAYxx_xxxx_20251130_135709_000.7z
2025-11-30 14:04:00,-9286.544283,-9.286544283,-2813.380208,-3350.827167,-3122.336907,768000,768000,1.000000000,1,2025-11-30 14:04:00.000000,2025-11-30 14:04:59.999922,1,BAYxx_xxxx_20251130_135709_000.7z
2025-11-30 14:05:00,-9248.456872,-9.248456872,-2803.423699,-3336.142747,-3108.890426,768000,768000,1.000000000,1,2025-11-30 14:05:00.000000,2025-11-30 14:05:59.999922,1,BAYxx_xxxx_20251130_135709_000.7z
2025-11-30 14:06:00,-9183.974952,-9.183974952,-2787.434826,-3314.473927,-3082.066199,768000,768000,1.000000000,1,2025-11-30 14:06:00.000000,2025-11-30 14:06:59.999922,1,BAYxx_xxxx_20251130_135709_000.7z
2025-11-30 14:07:00,-9139.211211,-9.139211211,-2771.026578,-3297.929004,-3070.255630,704132,768000,0.916838542,0,2025-11-30 14:07:00.000000,2025-11-30 14:07:59.999922,2,BAYxx_xxxx_20251130_135709_000.7z;BAYxx_xxxx_20251130_140714_000.7z
2025-11-30 14:08:00,-9138.630286,-9.138630286,-2761.392092,-3303.842002,-3073.396192,768000,768000,1.000000000,1,2025-11-30 14:08:00.000000,2025-11-30 14:08:59.999922,1,BAYxx_xxxx_20251130_140714_000.7z
2025-11-30 14:09:00,-9038.784225,-9.038784225,-2723.904486,-3271.257485,-3043.622255,768000,768000,1.000000000,1,2025-11-30 14:09:00.000000,2025-11-30 14:09:59.999922,1,BAYxx_xxxx_20251130_140714_000.7z
2025-11-30 14:10:00,-8936.697118,-8.936697118,-2690.719175,-3235.630260,-3010.347684,768000,768000,1.000000000,1,2025-11-30 14:10:00.000000,2025-11-30 14:10:59.999922,1,BAYxx_xxxx_20251130_140714_000.7z
2025-11-30 14:11:00,-8854.733305,-8.854733305,-2677.109532,-3208.976619,-2968.647155,768000,768000,1.000000000,1,2025-11-30 14:11:00.000000,2025-11-30 14:11:59.999922,1,BAYxx_xxxx_20251130_140714_000.7z
2025-11-30 14:12:00,-8841.902054,-8.841902054,-2672.216094,-3203.392255,-2966.293705,768000,768000,1.000000000,1,2025-11-30 14:12:00.000000,2025-11-30 14:12:59.999922,1,BAYxx_xxxx_20251130_140714_000.7z
2025-11-30 14:13:00,-8774.036398,-8.774036398,-2648.314612,-3172.288454,-2953.433332,768000,768000,1.000000000,1,2025-11-30 14:13:00.000000,2025-11-30 14:13:59.999922,1,BAYxx_xxxx_20251130_140714_000.7z
2025-11-30 14:14:00,-8637.781754,-8.637781754,-2591.246638,-3135.173358,-2911.361758,768000,768000,1.000000000,1,2025-11-30 14:14:00.000000,2025-11-30 14:14:59.999922,1,BAYxx_xxxx_20251130_140714_000.7z
2025-11-30 14:15:00,-8508.755501,-8.508755501,-2551.971628,-3089.252941,-2867.530932,768000,768000,1.000000000,1,2025-11-30 14:15:00.000000,2025-11-30 14:15:59.999922,1,BAYxx_xxxx_20251130_140714_000.7z
2025-11-30 14:16:00,-8434.869080,-8.434869080,-2538.952885,-3062.139664,-2833.776531,768000,768000,1.000000000,1,2025-11-30 14:16:00.000000,2025-11-30 14:16:59.999922,1,BAYxx_xxxx_20251130_140714_000.7z
2025-11-30 14:17:00,-8393.929460,-8.393929460,-2518.853753,-3053.542736,-2821.532972,716837,768000,0.933381510,0,2025-11-30 14:17:00.000000,2025-11-30 14:17:59.999922,2,BAYxx_xxxx_20251130_140714_000.7z;BAYxx_xxxx_20251130_141718_000.7z
2025-11-30 14:18:00,-8254.211213,-8.254211213,-2468.772341,-3004.764203,-2780.674669,768000,768000,1.000000000,1,2025-11-30 14:18:00.000000,2025-11-30 14:18:59.999922,1,BAYxx_xxxx_20251130_141718_000.7z
2025-11-30 14:19:00,-8118.287721,-8.118287721,-2435.529348,-2953.951507,-2728.806867,768000,768000,1.000000000,1,2025-11-30 14:19:00.000000,2025-11-30 14:19:59.999922,1,BAYxx_xxxx_20251130_141718_000.7z
2025-11-30 14:20:00,-8180.425870,-8.180425870,-2452.724629,-2983.918802,-2743.782439,768000,768000,1.000000000,1,2025-11-30 14:20:00.000000,2025-11-30 14:20:59.999922,1,BAYxx_xxxx_20251130_141718_000.7z
2025-11-30 14:21:00,-8357.948161,-8.357948161,-2513.050444,-3034.482102,-2810.415615,768000,768000,1.000000000,1,2025-11-30 14:21:00.000000,2025-11-30 14:21:59.999922,1,BAYxx_xxxx_20251130_141718_000.7z
2025-11-30 14:22:00,-8618.721551,-8.618721551,-2583.371112,-3128.637885,-2906.712554,768000,768000,1.000000000,1,2025-11-30 14:22:00.000000,2025-11-30 14:22:59.999922,1,BAYxx_xxxx_20251130_141718_000.7z
2025-11-30 14:23:00,-8749.199188,-8.749199188,-2629.570633,-3175.500816,-2944.127739,768000,768000,1.000000000,1,2025-11-30 14:23:00.000000,2025-11-30 14:23:59.999922,1,BAYxx_xxxx_20251130_141718_000.7z
2025-11-30 14:24:00,-8642.534081,-8.642534081,-2602.858006,-3139.643568,-2900.032507,768000,768000,1.000000000,1,2025-11-30 14:24:00.000000,2025-11-30 14:24:59.999922,1,BAYxx_xxxx_20251130_141718_000.7z
2025-11-30 14:25:00,-8509.244493,-8.509244493,-2551.410047,-3085.806554,-2872.027891,768000,768000,1.000000000,1,2025-11-30 14:25:00.000000,2025-11-30 14:25:59.999922,1,BAYxx_xxxx_20251130_141718_000.7z
2025-11-30 14:26:00,-8498.920577,-8.498920577,-2515.771354,-3066.426233,-2916.722990,768000,768000,1.000000000,1,2025-11-30 14:26:00.000000,2025-11-30 14:26:59.999922,1,BAYxx_xxxx_20251130_141718_000.7z
2025-11-30 14:27:00,-8421.605003,-8.421605003,-2490.607349,-3036.084180,-2894.913474,678531,768000,0.883503906,0,2025-11-30 14:27:00.000000,2025-11-30 14:27:59.999922,2,BAYxx_xxxx_20251130_141718_000.7z;BAYxx_xxxx_20251130_142725_000.7z
2025-11-30 14:28:00,-8370.174873,-8.370174873,-2473.976881,-3027.812641,-2868.385350,768000,768000,1.000000000,1,2025-11-30 14:28:00.000000,2025-11-30 14:28:59.999922,1,BAYxx_xxxx_20251130_142725_000.7z
2025-11-30 14:29:00,-8267.642370,-8.267642370,-2443.921465,-2982.223701,-2841.497204,768000,768000,1.000000000,1,2025-11-30 14:29:00.000000,2025-11-30 14:29:59.999922,1,BAYxx_xxxx_20251130_142725_000.7z
2025-11-30 14:30:00,-8259.073706,-8.259073706,-2437.250955,-2979.441724,-2842.381027,768000,768000,1.000000000,1,2025-11-30 14:30:00.000000,2025-11-30 14:30:59.999922,1,BAYxx_xxxx_20251130_142725_000.7z
2025-11-30 14:31:00,-7774.145374,-7.774145374,-2272.569591,-2827.280379,-2674.295403,768000,768000,1.000000000,1,2025-11-30 14:31:00.000000,2025-11-30 14:31:59.999922,1,BAYxx_xxxx_20251130_142725_000.7z
2025-11-30 14:32:00,-6257.927972,-6.257927972,-1783.176250,-2305.837453,-2168.914269,768000,768000,1.000000000,1,2025-11-30 14:32:00.000000,2025-11-30 14:32:59.999922,1,BAYxx_xxxx_20251130_142725_000.7z
2025-11-30 14:33:00,-3225.234440,-3.225234440,-827.108513,-1275.802205,-1122.323722,768000,768000,1.000000000,1,2025-11-30 14:33:00.000000,2025-11-30 14:33:59.999922,1,BAYxx_xxxx_20251130_142725_000.7z
2025-11-30 14:34:00,-7882.997240,-7.882997240,-2308.342605,-2854.059994,-2720.594640,768000,768000,1.000000000,1,2025-11-30 14:34:00.000000,2025-11-30 14:34:59.999922,1,BAYxx_xxxx_20251130_142725_000.7z
2025-11-30 14:35:00,-7771.937055,-7.771937055,-2267.683347,-2821.724813,-2682.528895,768000,768000,1.000000000,1,2025-11-30 14:35:00.000000,2025-11-30 14:35:59.999922,1,BAYxx_xxxx_20251130_142725_000.7z
2025-11-30 14:36:00,-6373.118341,-6.373118341,-1816.737669,-2344.007803,-2212.372869,768000,768000,1.000000000,1,2025-11-30 14:36:00.000000,2025-11-30 14:36:59.999922,1,BAYxx_xxxx_20251130_142725_000.7z
2025-11-30 14:37:00,-3556.256254,-3.556256254,-921.904638,-1367.306848,-1267.044768,716867,768000,0.933420573,0,2025-11-30 14:37:00.000000,2025-11-30 14:37:59.999922,2,BAYxx_xxxx_20251130_142725_000.7z;BAYxx_xxxx_20251130_143729_000.7z
2025-11-30 14:38:00,-7475.432957,-7.475432957,-2169.768437,-2719.996172,-2585.668348,768000,768000,1.000000000,1,2025-11-30 14:38:00.000000,2025-11-30 14:38:59.999922,1,BAYxx_xxxx_20251130_143729_000.7z
2025-11-30 14:39:00,-7313.977714,-7.313977714,-2129.482444,-2658.936952,-2525.558318,768000,768000,1.000000000,1,2025-11-30 14:39:00.000000,2025-11-30 14:39:59.999922,1,BAYxx_xxxx_20251130_143729_000.7z
2025-11-30 14:40:00,-7169.885923,-7.169885923,-2077.611864,-2618.803217,-2473.470841,768000,768000,1.000000000,1,2025-11-30 14:40:00.000000,2025-11-30 14:40:59.999922,1,BAYxx_xxxx_20251130_143729_000.7z
2025-11-30 14:41:00,-7060.152792,-7.060152792,-2063.027022,-2597.626599,-2399.499171,768000,768000,1.000000000,1,2025-11-30 14:41:00.000000,2025-11-30 14:41:59.999922,1,BAYxx_xxxx_20251130_143729_000.7z
2025-11-30 14:42:00,-6910.848342,-6.910848342,-2022.710650,-2557.528273,-2330.609418,768000,768000,1.000000000,1,2025-11-30 14:42:00.000000,2025-11-30 14:42:59.999922,1,BAYxx_xxxx_20251130_143729_000.7z
2025-11-30 14:43:00,-6824.758081,-6.824758081,-1997.529262,-2528.521098,-2298.707721,768000,768000,1.000000000,1,2025-11-30 14:43:00.000000,2025-11-30 14:43:59.999922,1,BAYxx_xxxx_20251130_143729_000.7z
2025-11-30 14:44:00,-6708.681644,-6.708681644,-1953.905239,-2491.896788,-2262.879617,768000,768000,1.000000000,1,2025-11-30 14:44:00.000000,2025-11-30 14:44:59.999922,1,BAYxx_xxxx_20251130_143729_000.7z
2025-11-30 14:45:00,-6638.570513,-6.638570513,-1925.636974,-2466.340141,-2246.593398,768000,768000,1.000000000,1,2025-11-30 14:45:00.000000,2025-11-30 14:45:59.999922,1,BAYxx_xxxx_20251130_143729_000.7z
2025-11-30 14:46:00,-6603.698854,-6.603698854,-1913.260431,-2454.082301,-2236.356122,768000,768000,1.000000000,1,2025-11-30 14:46:00.000000,2025-11-30 14:46:59.999922,1,BAYxx_xxxx_20251130_143729_000.7z
2025-11-30 14:47:00,-6577.293994,-6.577293994,-1909.559791,-2449.186107,-2218.548096,716890,768000,0.933450521,0,2025-11-30 14:47:00.000000,2025-11-30 14:47:59.999922,2,BAYxx_xxxx_20251130_143729_000.7z;BAYxx_xxxx_20251130_144733_000.7z
2025-11-30 14:48:00,-6545.416603,-6.545416603,-1905.667084,-2437.440684,-2202.308835,768000,768000,1.000000000,1,2025-11-30 14:48:00.000000,2025-11-30 14:48:59.999922,1,BAYxx_xxxx_20251130_144733_000.7z
2025-11-30 14:49:00,-6570.626433,-6.570626433,-1912.102210,-2453.464962,-2205.059260,768000,768000,1.000000000,1,2025-11-30 14:49:00.000000,2025-11-30 14:49:59.999922,1,BAYxx_xxxx_20251130_144733_000.7z
2025-11-30 14:50:00,-6526.789842,-6.526789842,-1892.405626,-2429.910465,-2204.473751,768000,768000,1.000000000,1,2025-11-30 14:50:00.000000,2025-11-30 14:50:59.999922,1,BAYxx_xxxx_20251130_144733_000.7z
2025-11-30 14:51:00,-6436.945098,-6.436945098,-1861.472118,-2398.772188,-2176.700793,768000,768000,1.000000000,1,2025-11-30 14:51:00.000000,2025-11-30 14:51:59.999922,1,BAYxx_xxxx_20251130_144733_000.7z
2025-11-30 14:52:00,-6326.806515,-6.326806515,-1826.897918,-2368.843643,-2131.064954,768000,768000,1.000000000,1,2025-11-30 14:52:00.000000,2025-11-30 14:52:59.999922,1,BAYxx_xxxx_20251130_144733_000.7z
2025-11-30 14:53:00,-6203.541935,-6.203541935,-1792.441396,-2323.253204,-2087.847335,768000,768000,1.000000000,1,2025-11-30 14:53:00.000000,2025-11-30 14:53:59.999922,1,BAYxx_xxxx_20251130_144733_000.7z
2025-11-30 14:54:00,-6075.087989,-6.075087989,-1741.068000,-2283.638456,-2050.381532,768000,768000,1.000000000,1,2025-11-30 14:54:00.000000,2025-11-30 14:54:59.999922,1,BAYxx_xxxx_20251130_144733_000.7z
2025-11-30 14:55:00,-6006.401283,-6.006401283,-1721.058151,-2263.122448,-2022.220684,768000,768000,1.000000000,1,2025-11-30 14:55:00.000000,2025-11-30 14:55:59.999922,1,BAYxx_xxxx_20251130_144733_000.7z
2025-11-30 14:56:00,-5902.004978,-5.902004978,-1704.384631,-2219.175838,-1978.444509,768000,768000,1.000000000,1,2025-11-30 14:56:00.000000,2025-11-30 14:56:59.999922,1,BAYxx_xxxx_20251130_144733_000.7z
2025-11-30 14:57:00,-5794.016788,-5.794016788,-1656.365747,-2192.266707,-1945.384335,716933,768000,0.933506510,0,2025-11-30 14:57:00.000000,2025-11-30 14:57:59.999922,2,BAYxx_xxxx_20251130_144733_000.7z;BAYxx_xxxx_20251130_145737_000.7z
2025-11-30 14:58:00,-5729.332966,-5.729332966,-1636.793328,-2163.338773,-1929.200865,768000,768000,1.000000000,1,2025-11-30 14:58:00.000000,2025-11-30 14:58:59.999922,1,BAYxx_xxxx_20251130_145737_000.7z
2025-11-30 14:59:00,-5676.688653,-5.676688653,-1614.511701,-2142.340989,-1919.835963,768000,768000,1.000000000,1,2025-11-30 14:59:00.000000,2025-11-30 14:59:59.999922,1,BAYxx_xxxx_20251130_145737_000.7z
2025-11-30 15:00:00,-5592.552323,-5.592552323,-1582.137364,-2125.354564,-1885.060395,768000,768000,1.000000000,1,2025-11-30 15:00:00.000000,2025-11-30 15:00:59.999922,1,BAYxx_xxxx_20251130_145737_000.7z
2025-11-30 15:01:00,-5428.139275,-5.428139275,-1535.748057,-2068.899380,-1823.491838,768000,768000,1.000000000,1,2025-11-30 15:01:00.000000,2025-11-30 15:01:59.999922,1,BAYxx_xxxx_20251130_145737_000.7z
2025-11-30 15:02:00,-5085.433076,-5.085433076,-1435.789705,-1945.968332,-1703.675039,768000,768000,1.000000000,1,2025-11-30 15:02:00.000000,2025-11-30 15:02:59.999922,1,BAYxx_xxxx_20251130_145737_000.7z
2025-11-30 15:03:00,-4662.556158,-4.662556158,-1292.245147,-1799.065106,-1571.245905,768000,768000,1.000000000,1,2025-11-30 15:03:00.000000,2025-11-30 15:03:59.999922,1,BAYxx_xxxx_20251130_145737_000.7z
2025-11-30 15:04:00,-4442.711852,-4.442711852,-1213.566676,-1735.925572,-1493.219605,768000,768000,1.000000000,1,2025-11-30 15:04:00.000000,2025-11-30 15:04:59.999922,1,BAYxx_xxxx_20251130_145737_000.7z
2025-11-30 15:05:00,-4255.265306,-4.255265306,-1150.463582,-1668.911521,-1435.890203,768000,768000,1.000000000,1,2025-11-30 15:05:00.000000,2025-11-30 15:05:59.999922,1,BAYxx_xxxx_20251130_145737_000.7z
2025-11-30 15:06:00,-4156.838605,-4.156838605,-1114.889396,-1642.382276,-1399.566933,768000,768000,1.000000000,1,2025-11-30 15:06:00.000000,2025-11-30 15:06:59.999922,1,BAYxx_xxxx_20251130_145737_000.7z
2025-11-30 15:07:00,-4087.211777,-4.087211777,-1089.155108,-1619.128188,-1378.928481,691260,768000,0.900078125,0,2025-11-30 15:07:00.000000,2025-11-30 15:07:59.999922,2,BAYxx_xxxx_20251130_145737_000.7z;BAYxx_xxxx_20251130_150743_000.7z
2025-11-30 15:08:00,-3967.881693,-3.967881693,-1053.412914,-1577.279268,-1337.189512,768000,768000,1.000000000,1,2025-11-30 15:08:00.000000,2025-11-30 15:08:59.999922,1,BAYxx_xxxx_20251130_150743_000.7z
2025-11-30 15:09:00,-3778.960732,-3.778960732,-994.918972,-1512.197579,-1271.844181,768000,768000,1.000000000,1,2025-11-30 15:09:00.000000,2025-11-30 15:09:59.999922,1,BAYxx_xxxx_20251130_150743_000.7z
2025-11-30 15:10:00,-3536.069777,-3.536069777,-894.655719,-1433.771358,-1207.642700,768000,768000,1.000000000,1,2025-11-30 15:10:00.000000,2025-11-30 15:10:59.999922,1,BAYxx_xxxx_20251130_150743_000.7z
2025-11-30 15:11:00,-3339.452450,-3.339452450,-836.157738,-1352.016638,-1151.278075,768000,768000,1.000000000,1,2025-11-30 15:11:00.000000,2025-11-30 15:11:59.999922,1,BAYxx_xxxx_20251130_150743_000.7z
2025-11-30 15:12:00,-3149.800413,-3.149800413,-758.256401,-1273.251053,-1118.292959,768000,768000,1.000000000,1,2025-11-30 15:12:00.000000,2025-11-30 15:12:59.999922,1,BAYxx_xxxx_20251130_150743_000.7z
2025-11-30 15:13:00,-3020.439624,-3.020439624,-698.697644,-1233.992082,-1087.749898,768000,768000,1.000000000,1,2025-11-30 15:13:00.000000,2025-11-30 15:13:59.999922,1,BAYxx_xxxx_20251130_150743_000.7z
2025-11-30 15:14:00,-2850.805211,-2.850805211,-638.965396,-1168.089735,-1043.750080,768000,768000,1.000000000,1,2025-11-30 15:14:00.000000,2025-11-30 15:14:59.999922,1,BAYxx_xxxx_20251130_150743_000.7z
2025-11-30 15:15:00,-2868.779153,-2.868779153,-638.024742,-1182.644796,-1048.109615,768000,768000,1.000000000,1,2025-11-30 15:15:00.000000,2025-11-30 15:15:59.999922,1,BAYxx_xxxx_20251130_150743_000.7z
2025-11-30 15:16:00,-2682.854588,-2.682854588,-586.944838,-1118.816013,-977.093737,768000,768000,1.000000000,1,2025-11-30 15:16:00.000000,2025-11-30 15:16:59.999922,1,BAYxx_xxxx_20251130_150743_000.7z
2025-11-30 15:17:00,-2551.487304,-2.551487304,-548.340107,-1065.884525,-937.262672,691214,768000,0.900018229,0,2025-11-30 15:17:00.000000,2025-11-30 15:17:59.999922,2,BAYxx_xxxx_20251130_150743_000.7z;BAYxx_xxxx_20251130_151749_000.7z
2025-11-30 15:18:00,-2363.567670,-2.363567670,-498.854310,-995.786553,-868.926806,768000,768000,1.000000000,1,2025-11-30 15:18:00.000000,2025-11-30 15:18:59.999922,1,BAYxx_xxxx_20251130_151749_000.7z
2025-11-30 15:19:00,-2208.758165,-2.208758165,-438.318045,-948.137913,-822.302206,768000,768000,1.000000000,1,2025-11-30 15:19:00.000000,2025-11-30 15:19:59.999922,1,BAYxx_xxxx_20251130_151749_000.7z
2025-11-30 15:20:00,-2051.389691,-2.051389691,-370.918485,-899.809257,-780.661949,768000,768000,1.000000000,1,2025-11-30 15:20:00.000000,2025-11-30 15:20:59.999922,1,BAYxx_xxxx_20251130_151749_000.7z
2025-11-30 15:21:00,-1912.082669,-1.912082669,-328.563176,-860.750817,-722.768676,768000,768000,1.000000000,1,2025-11-30 15:21:00.000000,2025-11-30 15:21:59.999922,1,BAYxx_xxxx_20251130_151749_000.7z
2025-11-30 15:22:00,-1671.106728,-1.671106728,-261.985599,-774.433814,-634.687315,768000,768000,1.000000000,1,2025-11-30 15:22:00.000000,2025-11-30 15:22:59.999922,1,BAYxx_xxxx_20251130_151749_000.7z
2025-11-30 15:23:00,-1504.044763,-1.504044763,-185.637456,-723.351499,-595.055808,768000,768000,1.000000000,1,2025-11-30 15:23:00.000000,2025-11-30 15:23:59.999922,1,BAYxx_xxxx_20251130_151749_000.7z
2025-11-30 15:24:00,-1359.507973,-1.359507973,-149.177001,-680.314280,-530.016692,768000,768000,1.000000000,1,2025-11-30 15:24:00.000000,2025-11-30 15:24:59.999922,1,BAYxx_xxxx_20251130_151749_000.7z
2025-11-30 15:25:00,-1176.821515,-1.176821515,-91.146662,-614.598045,-471.076808,768000,768000,1.000000000,1,2025-11-30 15:25:00.000000,2025-11-30 15:25:59.999922,1,BAYxx_xxxx_20251130_151749_000.7z
2025-11-30 15:26:00,-1002.377599,-1.002377599,-48.876138,-554.482699,-399.018762,768000,768000,1.000000000,1,2025-11-30 15:26:00.000000,2025-11-30 15:26:59.999922,1,BAYxx_xxxx_20251130_151749_000.7z
2025-11-30 15:27:00,-789.194358,-0.789194358,8.544481,-516.840537,-280.898301,742430,768000,0.966705729,0,2025-11-30 15:27:00.000000,2025-11-30 15:27:59.999922,2,BAYxx_xxxx_20251130_151749_000.7z;BAYxx_xxxx_20251130_152751_000.7z
2025-11-30 15:28:00,-652.906631,-0.652906631,61.032701,-474.595029,-239.344303,768000,768000,1.000000000,1,2025-11-30 15:28:00.000000,2025-11-30 15:28:59.999922,1,BAYxx_xxxx_20251130_152751_000.7z
2025-11-30 15:29:00,-459.021476,-0.459021476,116.739748,-399.283078,-176.478146,768000,768000,1.000000000,1,2025-11-30 15:29:00.000000,2025-11-30 15:29:59.999922,1,BAYxx_xxxx_20251130_152751_000.7z
2025-11-30 15:30:00,-320.181529,-0.320181529,153.647152,-339.713370,-134.115311,768000,768000,1.000000000,1,2025-11-30 15:30:00.000000,2025-11-30 15:30:59.999922,1,BAYxx_xxxx_20251130_152751_000.7z
2025-11-30 15:31:00,-245.878506,-0.245878506,188.429125,-331.423134,-102.884497,768000,768000,1.000000000,1,2025-11-30 15:31:00.000000,2025-11-30 15:31:59.999922,1,BAYxx_xxxx_20251130_152751_000.7z
2025-11-30 15:32:00,-109.910527,-0.109910527,242.198122,-293.598311,-58.510338,768000,768000,1.000000000,1,2025-11-30 15:32:00.000000,2025-11-30 15:32:59.999922,1,BAYxx_xxxx_20251130_152751_000.7z
2025-11-30 15:33:00,67.592778,0.067592778,296.301274,-229.918604,1.210108,768000,768000,1.000000000,1,2025-11-30 15:33:00.000000,2025-11-30 15:33:59.999922,1,BAYxx_xxxx_20251130_152751_000.7z
2025-11-30 15:34:00,185.339332,0.185339332,327.264493,-181.278086,39.352925,768000,768000,1.000000000,1,2025-11-30 15:34:00.000000,2025-11-30 15:34:59.999922,1,BAYxx_xxxx_20251130_152751_000.7z
2025-11-30 15:35:00,268.629257,0.268629257,357.110889,-158.768324,70.286692,768000,768000,1.000000000,1,2025-11-30 15:35:00.000000,2025-11-30 15:35:59.999922,1,BAYxx_xxxx_20251130_152751_000.7z
2025-11-30 15:36:00,380.907958,0.380907958,397.734325,-118.791110,101.964743,768000,768000,1.000000000,1,2025-11-30 15:36:00.000000,2025-11-30 15:36:59.999922,1,BAYxx_xxxx_20251130_152751_000.7z
2025-11-30 15:37:00,493.494275,0.493494275,437.183722,-88.273238,144.583791,704089,768000,0.916782552,0,2025-11-30 15:37:00.000000,2025-11-30 15:37:59.999922,2,BAYxx_xxxx_20251130_152751_000.7z;BAYxx_xxxx_20251130_153756_000.7z
2025-11-30 15:38:00,538.172886,0.538172886,442.418112,-66.158164,161.912938,768000,768000,1.000000000,1,2025-11-30 15:38:00.000000,2025-11-30 15:38:59.999922,1,BAYxx_xxxx_20251130_153756_000.7z
2025-11-30 15:39:00,547.474096,0.547474096,450.173931,-65.043359,162.343524,768000,768000,1.000000000,1,2025-11-30 15:39:00.000000,2025-11-30 15:39:59.999922,1,BAYxx_xxxx_20251130_153756_000.7z
2025-11-30 15:40:00,549.182248,0.549182248,451.191132,-64.419377,162.410492,768000,768000,1.000000000,1,2025-11-30 15:40:00.000000,2025-11-30 15:40:59.999922,1,BAYxx_xxxx_20251130_153756_000.7z
2025-11-30 15:41:00,533.269189,0.533269189,455.521144,-79.746540,157.494585,768000,768000,1.000000000,1,2025-11-30 15:41:00.000000,2025-11-30 15:41:59.999922,1,BAYxx_xxxx_20251130_153756_000.7z
2025-11-30 15:42:00,534.211233,0.534211233,466.731062,-77.926137,145.406308,768000,768000,1.000000000,1,2025-11-30 15:42:00.000000,2025-11-30 15:42:59.999922,1,BAYxx_xxxx_20251130_153756_000.7z
2025-11-30 15:43:00,525.665371,0.525665371,454.522351,-71.019665,142.162686,768000,768000,1.000000000,1,2025-11-30 15:43:00.000000,2025-11-30 15:43:59.999922,1,BAYxx_xxxx_20251130_153756_000.7z
2025-11-30 15:44:00,499.030616,0.499030616,434.039906,-71.857960,136.848670,768000,768000,1.000000000,1,2025-11-30 15:44:00.000000,2025-11-30 15:44:59.999922,1,BAYxx_xxxx_20251130_153756_000.7z
2025-11-30 15:45:00,488.602121,0.488602121,423.771838,-82.551787,147.382070,768000,768000,1.000000000,1,2025-11-30 15:45:00.000000,2025-11-30 15:45:59.999922,1,BAYxx_xxxx_20251130_153756_000.7z
2025-11-30 15:46:00,486.087682,0.486087682,437.499363,-95.008824,143.597143,768000,768000,1.000000000,1,2025-11-30 15:46:00.000000,2025-11-30 15:46:59.999922,1,BAYxx_xxxx_20251130_153756_000.7z
2025-11-30 15:47:00,478.308394,0.478308394,422.336870,-94.021280,149.992803,716855,768000,0.933404948,0,2025-11-30 15:47:00.000000,2025-11-30 15:47:56.004219,1,BAYxx_xxxx_20251130_153756_000.7z
2025-11-30 15:48:00,505.705566,0.505705566,422.181157,-79.154868,162.679277,755200,768000,0.983333333,0,2025-11-30 15:48:01.000000,2025-11-30 15:48:59.999922,1,BAYxx_xxxx_20251130_154801_000.7z
2025-11-30 15:49:00,495.076663,0.495076663,417.930845,-85.919384,163.065202,768000,768000,1.000000000,1,2025-11-30 15:49:00.000000,2025-11-30 15:49:59.999922,1,BAYxx_xxxx_20251130_154801_000.7z
2025-11-30 15:50:00,807.797319,0.807797319,540.968075,16.608133,250.221112,768000,768000,1.000000000,1,2025-11-30 15:50:00.000000,2025-11-30 15:50:59.999922,1,BAYxx_xxxx_20251130_154801_000.7z
2025-11-30 15:51:00,2018.909727,2.018909727,925.202463,433.316790,660.390474,768000,768000,1.000000000,1,2025-11-30 15:51:00.000000,2025-11-30 15:51:59.999922,1,BAYxx_xxxx_20251130_154801_000.7z
2025-11-30 15:52:00,5734.819697,5.734819697,2068.915230,1743.547844,1922.356624,768000,768000,1.000000000,1,2025-11-30 15:52:00.000000,2025-11-30 15:52:59.999922,1,BAYxx_xxxx_20251130_154801_000.7z
2025-11-30 15:53:00,548.395435,0.548395435,441.788906,-66.743109,173.349637,768000,768000,1.000000000,1,2025-11-30 15:53:00.000000,2025-11-30 15:53:59.999922,1,BAYxx_xxxx_20251130_154801_000.7z
2025-11-30 15:54:00,547.594315,0.547594315,447.527457,-56.324818,156.391677,768000,768000,1.000000000,1,2025-11-30 15:54:00.000000,2025-11-30 15:54:59.999922,1,BAYxx_xxxx_20251130_154801_000.7z
2025-11-30 15:55:00,1815.840219,1.815840219,869.398285,362.105873,584.336061,768000,768000,1.000000000,1,2025-11-30 15:55:00.000000,2025-11-30 15:55:59.999922,1,BAYxx_xxxx_20251130_154801_000.7z
2025-11-30 15:56:00,707.760512,0.707760512,488.305982,-6.907573,226.362103,768000,768000,1.000000000,1,2025-11-30 15:56:00.000000,2025-11-30 15:56:59.999922,1,BAYxx_xxxx_20251130_154801_000.7z
2025-11-30 15:57:00,506.679381,0.506679381,458.750288,-51.441915,99.371008,768000,768000,1.000000000,1,2025-11-30 15:57:00.000000,2025-11-30 15:57:59.999922,1,BAYxx_xxxx_20251130_154801_000.7z
2025-11-30 15:58:00,530.160910,0.530160910,471.506879,-40.898992,99.553024,729648,768000,0.950062500,0,2025-11-30 15:58:00.000000,2025-11-30 15:58:59.999922,2,BAYxx_xxxx_20251130_154801_000.7z;BAYxx_xxxx_20251130_155804_000.7z
2025-11-30 15:59:00,560.253681,0.560253681,479.402540,-29.030554,109.881695,768000,768000,1.000000000,1,2025-11-30 15:59:00.000000,2025-11-30 15:59:59.999922,1,BAYxx_xxxx_20251130_155804_000.7z
2025-11-30 16:00:00,570.435527,0.570435527,486.026589,-32.128277,116.537214,768000,768000,1.000000000,1,2025-11-30 16:00:00.000000,2025-11-30 16:00:59.999922,1,BAYxx_xxxx_20251130_155804_000.7z
2025-11-30 16:01:00,595.997081,0.595997081,493.075201,-20.357817,123.279697,768000,768000,1.000000000,1,2025-11-30 16:01:00.000000,2025-11-30 16:01:59.999922,1,BAYxx_xxxx_20251130_155804_000.7z
2025-11-30 16:02:00,625.859660,0.625859660,501.501746,-10.173879,134.531793,768000,768000,1.000000000,1,2025-11-30 16:02:00.000000,2025-11-30 16:02:59.999922,1,BAYxx_xxxx_20251130_155804_000.7z
2025-11-30 16:03:00,647.914079,0.647914079,510.656090,-0.878101,138.136090,768000,768000,1.000000000,1,2025-11-30 16:03:00.000000,2025-11-30 16:03:59.999922,1,BAYxx_xxxx_20251130_155804_000.7z
2025-11-30 16:04:00,685.942551,0.685942551,519.794458,7.185903,158.962191,768000,768000,1.000000000,1,2025-11-30 16:04:00.000000,2025-11-30 16:04:59.999922,1,BAYxx_xxxx_20251130_155804_000.7z
2025-11-30 16:05:00,712.253045,0.712253045,524.925206,18.849009,168.478829,768000,768000,1.000000000,1,2025-11-30 16:05:00.000000,2025-11-30 16:05:59.999922,1,BAYxx_xxxx_20251130_155804_000.7z
2025-11-30 16:06:00,728.784180,0.728784180,530.250191,28.435920,170.098069,768000,768000,1.000000000,1,2025-11-30 16:06:00.000000,2025-11-30 16:06:59.999922,1,BAYxx_xxxx_20251130_155804_000.7z
2025-11-30 16:07:00,758.605756,0.758605756,551.502435,40.147229,166.956091,768000,768000,1.000000000,1,2025-11-30 16:07:00.000000,2025-11-30 16:07:59.999922,1,BAYxx_xxxx_20251130_155804_000.7z
2025-11-30 16:08:00,791.602528,0.791602528,566.967271,31.748103,192.887154,588814,768000,0.766684896,0,2025-11-30 16:08:00.000000,2025-11-30 16:08:59.999922,2,BAYxx_xxxx_20251130_155804_000.7z;BAYxx_xxxx_20251130_160818_000.7z
2025-11-30 16:09:00,807.934884,0.807934884,571.661744,45.430739,190.842402,768000,768000,1.000000000,1,2025-11-30 16:09:00.000000,2025-11-30 16:09:59.999922,1,BAYxx_xxxx_20251130_160818_000.7z
2025-11-30 16:10:00,854.721227,0.854721227,588.879136,63.037884,202.804207,768000,768000,1.000000000,1,2025-11-30 16:10:00.000000,2025-11-30 16:10:59.999922,1,BAYxx_xxxx_20251130_160818_000.7z
2025-11-30 16:11:00,882.204679,0.882204679,613.979679,64.282459,203.942540,768000,768000,1.000000000,1,2025-11-30 16:11:00.000000,2025-11-30 16:11:59.999922,1,BAYxx_xxxx_20251130_160818_000.7z
2025-11-30 16:12:00,979.518772,0.979518772,619.605098,71.731801,288.181874,768000,768000,1.000000000,1,2025-11-30 16:12:00.000000,2025-11-30 16:12:59.999922,1,BAYxx_xxxx_20251130_160818_000.7z
2025-11-30 16:13:00,1012.811108,1.012811108,607.406981,81.676333,323.727794,768000,768000,1.000000000,1,2025-11-30 16:13:00.000000,2025-11-30 16:13:59.999922,1,BAYxx_xxxx_20251130_160818_000.7z
2025-11-30 16:14:00,1046.842427,1.046842427,621.935020,100.823273,324.084134,768000,768000,1.000000000,1,2025-11-30 16:14:00.000000,2025-11-30 16:14:59.999922,1,BAYxx_xxxx_20251130_160818_000.7z
2025-11-30 16:15:00,1070.536155,1.070536155,637.753074,98.282018,334.501062,768000,768000,1.000000000,1,2025-11-30 16:15:00.000000,2025-11-30 16:15:59.999922,1,BAYxx_xxxx_20251130_160818_000.7z
2025-11-30 16:16:00,1094.174291,1.094174291,639.366107,107.386952,347.421232,768000,768000,1.000000000,1,2025-11-30 16:16:00.000000,2025-11-30 16:16:59.999922,1,BAYxx_xxxx_20251130_160818_000.7z
2025-11-30 16:17:00,1119.686822,1.119686822,628.261734,124.012818,367.412269,768000,768000,1.000000000,1,2025-11-30 16:17:00.000000,2025-11-30 16:17:59.999922,1,BAYxx_xxxx_20251130_160818_000.7z
2025-11-30 16:18:00,1156.630729,1.156630729,636.565502,140.588142,379.477085,640125,768000,0.833496094,0,2025-11-30 16:18:00.000000,2025-11-30 16:18:59.999922,2,BAYxx_xxxx_20251130_160818_000.7z;BAYxx_xxxx_20251130_161828_000.7z
2025-11-30 16:19:00,1195.765684,1.195765684,644.677440,165.778144,385.310100,768000,768000,1.000000000,1,2025-11-30 16:19:00.000000,2025-11-30 16:19:59.999922,1,BAYxx_xxxx_20251130_161828_000.7z
2025-11-30 16:20:00,1228.699774,1.228699774,672.506869,160.164397,396.028507,768000,768000,1.000000000,1,2025-11-30 16:20:00.000000,2025-11-30 16:20:59.999922,1,BAYxx_xxxx_20251130_161828_000.7z
2025-11-30 16:21:00,1280.406813,1.280406813,690.523236,167.066072,422.817505,768000,768000,1.000000000,1,2025-11-30 16:21:00.000000,2025-11-30 16:21:59.999922,1,BAYxx_xxxx_20251130_161828_000.7z
2025-11-30 16:22:00,1336.835789,1.336835789,713.338154,184.054315,439.443320,768000,768000,1.000000000,1,2025-11-30 16:22:00.000000,2025-11-30 16:22:59.999922,1,BAYxx_xxxx_20251130_161828_000.7z
2025-11-30 16:23:00,1387.764138,1.387764138,742.995401,202.393073,442.375664,768000,768000,1.000000000,1,2025-11-30 16:23:00.000000,2025-11-30 16:23:59.999922,1,BAYxx_xxxx_20251130_161828_000.7z
2025-11-30 16:24:00,1424.676105,1.424676105,749.353249,225.855631,449.467225,768000,768000,1.000000000,1,2025-11-30 16:24:00.000000,2025-11-30 16:24:59.999922,1,BAYxx_xxxx_20251130_161828_000.7z
2025-11-30 16:25:00,1473.960490,1.473960490,757.648833,248.409331,467.902326,768000,768000,1.000000000,1,2025-11-30 16:25:00.000000,2025-11-30 16:25:59.999922,1,BAYxx_xxxx_20251130_161828_000.7z
2025-11-30 16:26:00,1508.151329,1.508151329,770.612907,253.814734,483.723688,768000,768000,1.000000000,1,2025-11-30 16:26:00.000000,2025-11-30 16:26:59.999922,1,BAYxx_xxxx_20251130_161828_000.7z
2025-11-30 16:27:00,1567.053562,1.567053562,788.350344,275.815719,502.887498,768000,768000,1.000000000,1,2025-11-30 16:27:00.000000,2025-11-30 16:27:59.999922,1,BAYxx_xxxx_20251130_161828_000.7z
2025-11-30 16:28:00,1616.944000,1.616944000,818.655432,297.129704,501.158864,576073,768000,0.750095052,0,2025-11-30 16:28:00.000000,2025-11-30 16:28:59.999922,2,BAYxx_xxxx_20251130_161828_000.7z;BAYxx_xxxx_20251130_162843_000.7z
2025-11-30 16:29:00,1750.347218,1.750347218,869.016771,337.318385,544.012063,768000,768000,1.000000000,1,2025-11-30 16:29:00.000000,2025-11-30 16:29:59.999922,1,BAYxx_xxxx_20251130_162843_000.7z
2025-11-30 16:30:00,1892.462701,1.892462701,903.107116,388.341340,601.014245,768000,768000,1.000000000,1,2025-11-30 16:30:00.000000,2025-11-30 16:30:59.999922,1,BAYxx_xxxx_20251130_162843_000.7z
2025-11-30 16:31:00,1887.713312,1.887713312,906.466267,382.529237,598.717807,768000,768000,1.000000000,1,2025-11-30 16:31:00.000000,2025-11-30 16:31:59.999922,1,BAYxx_xxxx_20251130_162843_000.7z
2025-11-30 16:32:00,1846.925775,1.846925775,893.103094,361.192759,592.629922,768000,768000,1.000000000,1,2025-11-30 16:32:00.000000,2025-11-30 16:32:59.999922,1,BAYxx_xxxx_20251130_162843_000.7z
2025-11-30 16:33:00,1844.996223,1.844996223,885.579411,369.448502,589.968310,768000,768000,1.000000000,1,2025-11-30 16:33:00.000000,2025-11-30 16:33:59.999922,1,BAYxx_xxxx_20251130_162843_000.7z
2025-11-30 16:34:00,1919.144103,1.919144103,915.419639,391.587497,612.136966,768000,768000,1.000000000,1,2025-11-30 16:34:00.000000,2025-11-30 16:34:59.999922,1,BAYxx_xxxx_20251130_162843_000.7z
2025-11-30 16:35:00,1966.882961,1.966882961,927.247950,404.301534,635.333477,768000,768000,1.000000000,1,2025-11-30 16:35:00.000000,2025-11-30 16:35:59.999922,1,BAYxx_xxxx_20251130_162843_000.7z
2025-11-30 16:36:00,1968.015118,1.968015118,921.841547,405.059635,641.113937,768000,768000,1.000000000,1,2025-11-30 16:36:00.000000,2025-11-30 16:36:59.999922,1,BAYxx_xxxx_20251130_162843_000.7z
2025-11-30 16:37:00,2018.622374,2.018622374,929.572263,431.959893,657.090218,768000,768000,1.000000000,1,2025-11-30 16:37:00.000000,2025-11-30 16:37:59.999922,1,BAYxx_xxxx_20251130_162843_000.7z
2025-11-30 16:38:00,2126.983195,2.126983195,972.166017,469.000265,685.816912,729645,768000,0.950058594,0,2025-11-30 16:38:00.000000,2025-11-30 16:38:59.999922,2,BAYxx_xxxx_20251130_162843_000.7z;BAYxx_xxxx_20251130_163846_000.7z
2025-11-30 16:39:00,2223.140353,2.223140353,1005.580131,497.695701,719.864522,768000,768000,1.000000000,1,2025-11-30 16:39:00.000000,2025-11-30 16:39:59.999922,1,BAYxx_xxxx_20251130_163846_000.7z
2025-11-30 16:40:00,2276.758519,2.276758519,1035.672823,512.043005,729.042690,768000,768000,1.000000000,1,2025-11-30 16:40:00.000000,2025-11-30 16:40:59.999922,1,BAYxx_xxxx_20251130_163846_000.7z
2025-11-30 16:41:00,2330.855972,2.330855972,1046.382397,533.113211,751.360364,768000,768000,1.000000000,1,2025-11-30 16:41:00.000000,2025-11-30 16:41:59.999922,1,BAYxx_xxxx_20251130_163846_000.7z
2025-11-30 16:42:00,2314.452709,2.314452709,1058.495249,542.850477,713.106983,768000,768000,1.000000000,1,2025-11-30 16:42:00.000000,2025-11-30 16:42:59.999922,1,BAYxx_xxxx_20251130_163846_000.7z
2025-11-30 16:43:00,2308.853513,2.308853513,1068.059240,556.842689,683.951584,768000,768000,1.000000000,1,2025-11-30 16:43:00.000000,2025-11-30 16:43:59.999922,1,BAYxx_xxxx_20251130_163846_000.7z
2025-11-30 16:44:00,2356.984140,2.356984140,1090.986388,574.666160,691.331592,768000,768000,1.000000000,1,2025-11-30 16:44:00.000000,2025-11-30 16:44:59.999922,1,BAYxx_xxxx_20251130_163846_000.7z
2025-11-30 16:45:00,2356.380645,2.356380645,1082.374478,570.010051,703.996116,768000,768000,1.000000000,1,2025-11-30 16:45:00.000000,2025-11-30 16:45:59.999922,1,BAYxx_xxxx_20251130_163846_000.7z
2025-11-30 16:46:00,2278.801127,2.278801127,1060.969830,550.497078,667.334219,768000,768000,1.000000000,1,2025-11-30 16:46:00.000000,2025-11-30 16:46:59.999922,1,BAYxx_xxxx_20251130_163846_000.7z
2025-11-30 16:47:00,2309.139866,2.309139866,1059.315597,563.867985,685.956284,768000,768000,1.000000000,1,2025-11-30 16:47:00.000000,2025-11-30 16:47:59.999922,1,BAYxx_xxxx_20251130_163846_000.7z
2025-11-30 16:48:00,2329.511137,2.329511137,1069.202299,569.602267,690.706571,665672,768000,0.866760417,0,2025-11-30 16:48:00.000000,2025-11-30 16:48:59.999922,2,BAYxx_xxxx_20251130_163846_000.7z;BAYxx_xxxx_20251130_164854_000.7z
2025-11-30 16:49:00,2358.426211,2.358426211,1087.808432,572.406249,698.211530,768000,768000,1.000000000,1,2025-11-30 16:49:00.000000,2025-11-30 16:49:59.999922,1,BAYxx_xxxx_20251130_164854_000.7z
2025-11-30 16:50:00,2391.706338,2.391706338,1112.663201,585.749665,693.293472,768000,768000,1.000000000,1,2025-11-30 16:50:00.000000,2025-11-30 16:50:59.999922,1,BAYxx_xxxx_20251130_164854_000.7z
2025-11-30 16:51:00,2415.862133,2.415862133,1113.709525,593.239030,708.913579,768000,768000,1.000000000,1,2025-11-30 16:51:00.000000,2025-11-30 16:51:59.999922,1,BAYxx_xxxx_20251130_164854_000.7z
2025-11-30 16:52:00,2437.706969,2.437706969,1120.229971,596.611740,720.865258,768000,768000,1.000000000,1,2025-11-30 16:52:00.000000,2025-11-30 16:52:59.999922,1,BAYxx_xxxx_20251130_164854_000.7z
2025-11-30 16:53:00,2487.229036,2.487229036,1142.683469,618.915741,725.629827,768000,768000,1.000000000,1,2025-11-30 16:53:00.000000,2025-11-30 16:53:59.999922,1,BAYxx_xxxx_20251130_164854_000.7z
2025-11-30 16:54:00,2510.351271,2.510351271,1152.186093,629.229708,728.935470,768000,768000,1.000000000,1,2025-11-30 16:54:00.000000,2025-11-30 16:54:59.999922,1,BAYxx_xxxx_20251130_164854_000.7z
2025-11-30 16:55:00,2549.982832,2.549982832,1169.463933,632.840099,747.678800,768000,768000,1.000000000,1,2025-11-30 16:55:00.000000,2025-11-30 16:55:59.999922,1,BAYxx_xxxx_20251130_164854_000.7z
2025-11-30 16:56:00,2565.415500,2.565415500,1162.829270,638.283881,764.302350,768000,768000,1.000000000,1,2025-11-30 16:56:00.000000,2025-11-30 16:56:59.999922,1,BAYxx_xxxx_20251130_164854_000.7z
2025-11-30 16:57:00,2634.296494,2.634296494,1183.046085,651.699427,799.550982,768000,768000,1.000000000,1,2025-11-30 16:57:00.000000,2025-11-30 16:57:59.999922,1,BAYxx_xxxx_20251130_164854_000.7z
2025-11-30 16:58:00,2694.317430,2.694317430,1183.810400,648.349112,862.157917,691275,768000,0.900097656,0,2025-11-30 16:58:00.000000,2025-11-30 16:58:54.005781,1,BAYxx_xxxx_20251130_164854_000.7z
2025-11-30 16:59:00,2702.785742,2.702785742,1185.239164,652.835373,864.711206,768000,768000,1.000000000,1,2025-11-30 16:59:00.000000,2025-11-30 16:59:59.999922,1,BAYxx_xxxx_20251130_165900_000.7z
2025-11-30 17:00:00,2688.468693,2.688468693,1179.200299,649.121911,860.146482,768000,768000,1.000000000,1,2025-11-30 17:00:00.000000,2025-11-30 17:00:59.999922,1,BAYxx_xxxx_20251130_165900_000.7z
2025-11-30 17:01:00,3683.504655,3.683504655,1516.325486,983.556848,1183.622321,768000,768000,1.000000000,1,2025-11-30 17:01:00.000000,2025-11-30 17:01:59.999922,1,BAYxx_xxxx_20251130_165900_000.7z
2025-11-30 17:02:00,10135.238838,10.135238838,3542.453630,3179.623149,3413.162060,768000,768000,1.000000000,1,2025-11-30 17:02:00.000000,2025-11-30 17:02:59.999922,1,BAYxx_xxxx_20251130_165900_000.7z
2025-11-30 17:03:00,2702.154375,2.702154375,1178.460631,655.328264,868.365480,768000,768000,1.000000000,1,2025-11-30 17:03:00.000000,2025-11-30 17:03:59.999922,1,BAYxx_xxxx_20251130_165900_000.7z
2025-11-30 17:04:00,2700.280730,2.700280730,1180.260283,650.877255,869.143191,768000,768000,1.000000000,1,2025-11-30 17:04:00.000000,2025-11-30 17:04:59.999922,1,BAYxx_xxxx_20251130_165900_000.7z
2025-11-30 17:05:00,3006.767308,3.006767308,1283.716792,753.726853,969.323663,768000,768000,1.000000000,1,2025-11-30 17:05:00.000000,2025-11-30 17:05:59.999922,1,BAYxx_xxxx_20251130_165900_000.7z
2025-11-30 17:06:00,4224.477412,4.224477412,1674.509134,1171.609789,1378.358489,768000,768000,1.000000000,1,2025-11-30 17:06:00.000000,2025-11-30 17:06:59.999922,1,BAYxx_xxxx_20251130_165900_000.7z
2025-11-30 17:07:00,6979.651325,6.979651325,2504.857628,2122.954871,2351.838827,768000,768000,1.000000000,1,2025-11-30 17:07:00.000000,2025-11-30 17:07:59.999922,1,BAYxx_xxxx_20251130_165900_000.7z
2025-11-30 17:08:00,2716.030255,2.716030255,1196.553404,645.509615,873.967236,768000,768000,1.000000000,1,2025-11-30 17:08:00.000000,2025-11-30 17:08:59.999922,1,BAYxx_xxxx_20251130_165900_000.7z
2025-11-30 17:09:00,2725.403316,2.725403316,1205.994604,653.256818,866.151895,716878,768000,0.933434896,0,2025-11-30 17:09:00.000000,2025-11-30 17:09:59.999922,2,BAYxx_xxxx_20251130_165900_000.7z;BAYxx_xxxx_20251130_170904_000.7z
2025-11-30 17:10:00,2724.075561,2.724075561,1203.064237,651.984694,869.026630,768000,768000,1.000000000,1,2025-11-30 17:10:00.000000,2025-11-30 17:10:59.999922,1,BAYxx_xxxx_20251130_170904_000.7z
2025-11-30 17:11:00,2721.935932,2.721935932,1198.379863,645.110700,878.445369,768000,768000,1.000000000,1,2025-11-30 17:11:00.000000,2025-11-30 17:11:59.999922,1,BAYxx_xxxx_20251130_170904_000.7z
2025-11-30 17:12:00,2726.136390,2.726136390,1197.127513,644.938104,884.070773,768000,768000,1.000000000,1,2025-11-30 17:12:00.000000,2025-11-30 17:12:59.999922,1,BAYxx_xxxx_20251130_170904_000.7z
2025-11-30 17:13:00,2713.659539,2.713659539,1200.593617,649.361903,863.704018,768000,768000,1.000000000,1,2025-11-30 17:13:00.000000,2025-11-30 17:13:59.999922,1,BAYxx_xxxx_20251130_170904_000.7z
2025-11-30 17:14:00,2705.458820,2.705458820,1188.266454,644.987584,872.204782,768000,768000,1.000000000,1,2025-11-30 17:14:00.000000,2025-11-30 17:14:59.999922,1,BAYxx_xxxx_20251130_170904_000.7z
2025-11-30 17:15:00,2714.743480,2.714743480,1191.653525,647.242573,875.847382,768000,768000,1.000000000,1,2025-11-30 17:15:00.000000,2025-11-30 17:15:59.999922,1,BAYxx_xxxx_20251130_170904_000.7z
2025-11-30 17:16:00,2724.052801,2.724052801,1203.169419,638.019418,882.863964,768000,768000,1.000000000,1,2025-11-30 17:16:00.000000,2025-11-30 17:16:59.999922,1,BAYxx_xxxx_20251130_170904_000.7z
2025-11-30 17:17:00,2713.552056,2.713552056,1203.642783,623.451456,886.457817,768000,768000,1.000000000,1,2025-11-30 17:17:00.000000,2025-11-30 17:17:59.999922,1,BAYxx_xxxx_20251130_170904_000.7z
2025-11-30 17:18:00,2724.370621,2.724370621,1214.157900,630.148357,880.064365,768000,768000,1.000000000,1,2025-11-30 17:18:00.000000,2025-11-30 17:18:59.999922,1,BAYxx_xxxx_20251130_170904_000.7z
2025-11-30 17:19:00,2724.804944,2.724804944,1197.727252,638.417204,888.660488,716932,768000,0.933505208,0,2025-11-30 17:19:00.000000,2025-11-30 17:19:59.999922,2,BAYxx_xxxx_20251130_170904_000.7z;BAYxx_xxxx_20251130_171908_000.7z
2025-11-30 17:20:00,2723.449262,2.723449262,1204.406826,636.968859,882.073577,768000,768000,1.000000000,1,2025-11-30 17:20:00.000000,2025-11-30 17:20:59.999922,1,BAYxx_xxxx_20251130_171908_000.7z
2025-11-30 17:21:00,2722.934498,2.722934498,1200.693973,642.119019,880.121506,768000,768000,1.000000000,1,2025-11-30 17:21:00.000000,2025-11-30 17:21:59.999922,1,BAYxx_xxxx_20251130_171908_000.7z
2025-11-30 17:22:00,2725.879553,2.725879553,1200.658769,640.616042,884.604743,768000,768000,1.000000000,1,2025-11-30 17:22:00.000000,2025-11-30 17:22:59.999922,1,BAYxx_xxxx_20251130_171908_000.7z
2025-11-30 17:23:00,2727.791888,2.727791888,1201.382612,649.082796,877.326480,768000,768000,1.000000000,1,2025-11-30 17:23:00.000000,2025-11-30 17:23:59.999922,1,BAYxx_xxxx_20251130_171908_000.7z
2025-11-30 17:24:00,2722.252693,2.722252693,1192.309093,654.707749,875.235851,768000,768000,1.000000000,1,2025-11-30 17:24:00.000000,2025-11-30 17:24:59.999922,1,BAYxx_xxxx_20251130_171908_000.7z
2025-11-30 17:25:00,2711.564052,2.711564052,1195.902867,643.466385,872.194801,768000,768000,1.000000000,1,2025-11-30 17:25:00.000000,2025-11-30 17:25:59.999922,1,BAYxx_xxxx_20251130_171908_000.7z
2025-11-30 17:26:00,2721.261538,2.721261538,1190.872249,658.550575,871.838714,768000,768000,1.000000000,1,2025-11-30 17:26:00.000000,2025-11-30 17:26:59.999922,1,BAYxx_xxxx_20251130_171908_000.7z
2025-11-30 17:27:00,2681.765588,2.681765588,1170.228295,663.149471,848.387822,768000,768000,1.000000000,1,2025-11-30 17:27:00.000000,2025-11-30 17:27:59.999922,1,BAYxx_xxxx_20251130_171908_000.7z
2025-11-30 17:28:00,2625.094503,2.625094503,1190.851458,653.943727,780.299319,768000,768000,1.000000000,1,2025-11-30 17:28:00.000000,2025-11-30 17:28:59.999922,1,BAYxx_xxxx_20251130_171908_000.7z
2025-11-30 17:29:00,2596.991933,2.596991933,1182.517451,644.445287,770.029195,627271,768000,0.816759115,0,2025-11-30 17:29:00.000000,2025-11-30 17:29:59.999922,2,BAYxx_xxxx_20251130_171908_000.7z;BAYxx_xxxx_20251130_172919_000.7z
2025-11-30 17:30:00,2596.211932,2.596211932,1176.612990,644.187308,775.411635,768000,768000,1.000000000,1,2025-11-30 17:30:00.000000,2025-11-30 17:30:59.999922,1,BAYxx_xxxx_20251130_172919_000.7z
2025-11-30 17:31:00,2602.167007,2.602167007,1187.253784,643.147258,771.765965,768000,768000,1.000000000,1,2025-11-30 17:31:00.000000,2025-11-30 17:31:59.999922,1,BAYxx_xxxx_20251130_172919_000.7z
2025-11-30 17:32:00,2604.226426,2.604226426,1188.690396,644.615154,770.920875,768000,768000,1.000000000,1,2025-11-30 17:32:00.000000,2025-11-30 17:32:59.999922,1,BAYxx_xxxx_20251130_172919_000.7z
2025-11-30 17:33:00,2593.731064,2.593731064,1180.793523,647.251151,765.686390,768000,768000,1.000000000,1,2025-11-30 17:33:00.000000,2025-11-30 17:33:59.999922,1,BAYxx_xxxx_20251130_172919_000.7z
2025-11-30 17:34:00,2586.564301,2.586564301,1179.951283,641.241444,765.371574,768000,768000,1.000000000,1,2025-11-30 17:34:00.000000,2025-11-30 17:34:59.999922,1,BAYxx_xxxx_20251130_172919_000.7z
2025-11-30 17:35:00,2597.354665,2.597354665,1180.677030,645.946345,770.731290,768000,768000,1.000000000,1,2025-11-30 17:35:00.000000,2025-11-30 17:35:59.999922,1,BAYxx_xxxx_20251130_172919_000.7z
2025-11-30 17:36:00,2595.618933,2.595618933,1187.584009,645.565694,762.469230,768000,768000,1.000000000,1,2025-11-30 17:36:00.000000,2025-11-30 17:36:59.999922,1,BAYxx_xxxx_20251130_172919_000.7z
2025-11-30 17:37:00,2597.896259,2.597896259,1176.467422,649.298201,772.130636,768000,768000,1.000000000,1,2025-11-30 17:37:00.000000,2025-11-30 17:37:59.999922,1,BAYxx_xxxx_20251130_172919_000.7z
2025-11-30 17:38:00,2597.018805,2.597018805,1180.300614,636.662892,780.055299,768000,768000,1.000000000,1,2025-11-30 17:38:00.000000,2025-11-30 17:38:59.999922,1,BAYxx_xxxx_20251130_172919_000.7z
2025-11-30 17:39:00,2600.280621,2.600280621,1184.452560,637.757969,778.070092,665606,768000,0.866674479,0,2025-11-30 17:39:00.000000,2025-11-30 17:39:59.999922,2,BAYxx_xxxx_20251130_172919_000.7z;BAYxx_xxxx_20251130_173927_000.7z
2025-11-30 17:40:00,2596.301948,2.596301948,1177.684893,641.306655,777.310401,768000,768000,1.000000000,1,2025-11-30 17:40:00.000000,2025-11-30 17:40:59.999922,1,BAYxx_xxxx_20251130_173927_000.7z
2025-11-30 17:41:00,2580.463535,2.580463535,1174.359711,645.925526,760.178297,768000,768000,1.000000000,1,2025-11-30 17:41:00.000000,2025-11-30 17:41:59.999922,1,BAYxx_xxxx_20251130_173927_000.7z
2025-11-30 17:42:00,2597.723537,2.597723537,1177.601390,642.609770,777.512377,768000,768000,1.000000000,1,2025-11-30 17:42:00.000000,2025-11-30 17:42:59.999922,1,BAYxx_xxxx_20251130_173927_000.7z
2025-11-30 17:43:00,2687.837843,2.687837843,1179.179306,633.879780,874.778756,768000,768000,1.000000000,1,2025-11-30 17:43:00.000000,2025-11-30 17:43:59.999922,1,BAYxx_xxxx_20251130_173927_000.7z
2025-11-30 17:44:00,2703.096086,2.703096086,1199.767909,639.052948,864.275229,768000,768000,1.000000000,1,2025-11-30 17:44:00.000000,2025-11-30 17:44:59.999922,1,BAYxx_xxxx_20251130_173927_000.7z
2025-11-30 17:45:00,2685.825369,2.685825369,1194.305673,629.618728,861.900968,768000,768000,1.000000000,1,2025-11-30 17:45:00.000000,2025-11-30 17:45:59.999922,1,BAYxx_xxxx_20251130_173927_000.7z
2025-11-30 17:46:00,2701.322797,2.701322797,1209.779448,629.480657,862.062693,768000,768000,1.000000000,1,2025-11-30 17:46:00.000000,2025-11-30 17:46:59.999922,1,BAYxx_xxxx_20251130_173927_000.7z
2025-11-30 17:47:00,2691.241141,2.691241141,1192.628019,625.937123,872.675999,768000,768000,1.000000000,1,2025-11-30 17:47:00.000000,2025-11-30 17:47:59.999922,1,BAYxx_xxxx_20251130_173927_000.7z
2025-11-30 17:48:00,2700.322945,2.700322945,1202.689297,634.187229,863.446420,768000,768000,1.000000000,1,2025-11-30 17:48:00.000000,2025-11-30 17:48:59.999922,1,BAYxx_xxxx_20251130_173927_000.7z
2025-11-30 17:49:00,2691.896609,2.691896609,1191.465948,636.046305,864.384356,704100,768000,0.916796875,0,2025-11-30 17:49:00.000000,2025-11-30 17:49:59.999922,2,BAYxx_xxxx_20251130_173927_000.7z;BAYxx_xxxx_20251130_174932_000.7z
2025-11-30 17:50:00,2692.983706,2.692983706,1174.709633,643.422796,874.851277,768000,768000,1.000000000,1,2025-11-30 17:50:00.000000,2025-11-30 17:50:59.999922,1,BAYxx_xxxx_20251130_174932_000.7z
2025-11-30 17:51:00,2697.889626,2.697889626,1178.480103,638.619749,880.789773,768000,768000,1.000000000,1,2025-11-30 17:51:00.000000,2025-11-30 17:51:59.999922,1,BAYxx_xxxx_20251130_174932_000.7z
2025-11-30 17:52:00,2699.747976,2.699747976,1180.075434,651.686538,867.986004,768000,768000,1.000000000,1,2025-11-30 17:52:00.000000,2025-11-30 17:52:59.999922,1,BAYxx_xxxx_20251130_174932_000.7z
2025-11-30 17:53:00,2697.964738,2.697964738,1187.373151,648.048695,862.542891,768000,768000,1.000000000,1,2025-11-30 17:53:00.000000,2025-11-30 17:53:59.999922,1,BAYxx_xxxx_20251130_174932_000.7z
2025-11-30 17:54:00,2700.853522,2.700853522,1188.374718,644.047072,868.431731,768000,768000,1.000000000,1,2025-11-30 17:54:00.000000,2025-11-30 17:54:59.999922,1,BAYxx_xxxx_20251130_174932_000.7z
2025-11-30 17:55:00,2689.677867,2.689677867,1176.973491,646.024809,866.679566,768000,768000,1.000000000,1,2025-11-30 17:55:00.000000,2025-11-30 17:55:59.999922,1,BAYxx_xxxx_20251130_174932_000.7z
2025-11-30 17:56:00,2700.974321,2.700974321,1186.321416,644.332808,870.320097,768000,768000,1.000000000,1,2025-11-30 17:56:00.000000,2025-11-30 17:56:59.999922,1,BAYxx_xxxx_20251130_174932_000.7z
2025-11-30 17:57:00,2697.310440,2.697310440,1201.329026,635.738360,860.243053,768000,768000,1.000000000,1,2025-11-30 17:57:00.000000,2025-11-30 17:57:59.999922,1,BAYxx_xxxx_20251130_174932_000.7z
2025-11-30 17:58:00,2702.492725,2.702492725,1199.297068,636.160161,867.035496,768000,768000,1.000000000,1,2025-11-30 17:58:00.000000,2025-11-30 17:58:59.999922,1,BAYxx_xxxx_20251130_174932_000.7z
2025-11-30 17:59:00,2695.230348,2.695230348,1186.591613,644.289331,864.349403,742426,768000,0.966700521,0,2025-11-30 17:59:00.000000,2025-11-30 17:59:59.999922,2,BAYxx_xxxx_20251130_174932_000.7z;BAYxx_xxxx_20251130_175934_000.7z
2025-11-30 18:00:00,2704.686011,2.704686011,1197.568398,640.008754,867.108858,768000,768000,1.000000000,1,2025-11-30 18:00:00.000000,2025-11-30 18:00:59.999922,1,BAYxx_xxxx_20251130_175934_000.7z
2025-11-30 18:01:00,2691.476073,2.691476073,1190.273025,637.280594,863.922455,768000,768000,1.000000000,1,2025-11-30 18:01:00.000000,2025-11-30 18:01:59.999922,1,BAYxx_xxxx_20251130_175934_000.7z
2025-11-30 18:02:00,2693.857922,2.693857922,1199.390511,631.258329,863.209082,768000,768000,1.000000000,1,2025-11-30 18:02:00.000000,2025-11-30 18:02:59.999922,1,BAYxx_xxxx_20251130_175934_000.7z
2025-11-30 18:03:00,2704.330017,2.704330017,1196.643835,634.746416,872.939766,768000,768000,1.000000000,1,2025-11-30 18:03:00.000000,2025-11-30 18:03:59.999922,1,BAYxx_xxxx_20251130_175934_000.7z
2025-11-30 18:04:00,2694.301572,2.694301572,1181.094851,640.451646,872.755075,768000,768000,1.000000000,1,2025-11-30 18:04:00.000000,2025-11-30 18:04:59.999922,1,BAYxx_xxxx_20251130_175934_000.7z
2025-11-30 18:05:00,2695.797221,2.695797221,1187.978633,639.054246,868.764342,768000,768000,1.000000000,1,2025-11-30 18:05:00.000000,2025-11-30 18:05:59.999922,1,BAYxx_xxxx_20251130_175934_000.7z
2025-11-30 18:06:00,2694.797165,2.694797165,1180.327849,640.506338,873.962978,768000,768000,1.000000000,1,2025-11-30 18:06:00.000000,2025-11-30 18:06:59.999922,1,BAYxx_xxxx_20251130_175934_000.7z
2025-11-30 18:07:00,2691.841451,2.691841451,1186.636648,641.064674,864.140129,768000,768000,1.000000000,1,2025-11-30 18:07:00.000000,2025-11-30 18:07:59.999922,1,BAYxx_xxxx_20251130_175934_000.7z
2025-11-30 18:08:00,2694.915879,2.694915879,1187.067275,639.161932,868.686672,768000,768000,1.000000000,1,2025-11-30 18:08:00.000000,2025-11-30 18:08:59.999922,1,BAYxx_xxxx_20251130_175934_000.7z
2025-11-30 18:09:00,2685.476878,2.685476878,1185.907492,645.433899,854.135487,601712,768000,0.783479167,0,2025-11-30 18:09:00.000000,2025-11-30 18:09:59.999922,2,BAYxx_xxxx_20251130_175934_000.7z;BAYxx_xxxx_20251130_180947_000.7z
2025-11-30 18:10:00,2708.147417,2.708147417,1197.141603,643.416612,867.589202,768000,768000,1.000000000,1,2025-11-30 18:10:00.000000,2025-11-30 18:10:59.999922,1,BAYxx_xxxx_20251130_180947_000.7z
2025-11-30 18:11:00,2694.283387,2.694283387,1192.716722,635.568287,865.998378,768000,768000,1.000000000,1,2025-11-30 18:11:00.000000,2025-11-30 18:11:59.999922,1,BAYxx_xxxx_20251130_180947_000.7z
2025-11-30 18:12:00,2691.770851,2.691770851,1189.099689,633.571148,869.100014,768000,768000,1.000000000,1,2025-11-30 18:12:00.000000,2025-11-30 18:12:59.999922,1,BAYxx_xxxx_20251130_180947_000.7z
2025-11-30 18:13:00,2625.053691,2.625053691,1195.681074,642.834136,786.538480,768000,768000,1.000000000,1,2025-11-30 18:13:00.000000,2025-11-30 18:13:59.999922,1,BAYxx_xxxx_20251130_180947_000.7z
2025-11-30 18:14:00,2598.844267,2.598844267,1188.875531,641.835111,768.133625,768000,768000,1.000000000,1,2025-11-30 18:14:00.000000,2025-11-30 18:14:59.999922,1,BAYxx_xxxx_20251130_180947_000.7z
2025-11-30 18:15:00,3922.744021,3.922744021,1626.027072,1087.209670,1209.507280,768000,768000,1.000000000,1,2025-11-30 18:15:00.000000,2025-11-30 18:15:59.999922,1,BAYxx_xxxx_20251130_180947_000.7z
2025-11-30 18:16:00,10534.594965,10.534594965,3759.996021,3294.816701,3479.782242,768000,768000,1.000000000,1,2025-11-30 18:16:00.000000,2025-11-30 18:16:59.999922,1,BAYxx_xxxx_20251130_180947_000.7z
2025-11-30 18:17:00,2607.947815,2.607947815,1205.326305,639.833173,762.788337,768000,768000,1.000000000,1,2025-11-30 18:17:00.000000,2025-11-30 18:17:59.999922,1,BAYxx_xxxx_20251130_180947_000.7z
2025-11-30 18:18:00,2607.880920,2.607880920,1199.657093,645.291473,762.932355,768000,768000,1.000000000,1,2025-11-30 18:18:00.000000,2025-11-30 18:18:59.999922,1,BAYxx_xxxx_20251130_180947_000.7z
2025-11-30 18:19:00,2966.445331,2.966445331,1307.902697,774.911028,883.631606,627339,768000,0.816847656,0,2025-11-30 18:19:00.000000,2025-11-30 18:19:59.999922,2,BAYxx_xxxx_20251130_180947_000.7z;BAYxx_xxxx_20251130_181958_000.7z
2025-11-30 18:20:00,4168.771994,4.168771994,1706.666474,1185.682506,1276.423014,768000,768000,1.000000000,1,2025-11-30 18:20:00.000000,2025-11-30 18:20:59.999922,1,BAYxx_xxxx_20251130_181958_000.7z
2025-11-30 18:21:00,7254.439685,7.254439685,2679.640001,2235.220433,2339.579250,768000,768000,1.000000000,1,2025-11-30 18:21:00.000000,2025-11-30 18:21:59.999922,1,BAYxx_xxxx_20251130_181958_000.7z
2025-11-30 18:22:00,2631.009861,2.631009861,1203.163903,653.598120,774.247838,768000,768000,1.000000000,1,2025-11-30 18:22:00.000000,2025-11-30 18:22:59.999922,1,BAYxx_xxxx_20251130_181958_000.7z
2025-11-30 18:23:00,2616.340579,2.616340579,1201.854116,652.191255,762.295208,768000,768000,1.000000000,1,2025-11-30 18:23:00.000000,2025-11-30 18:23:59.999922,1,BAYxx_xxxx_20251130_181958_000.7z
2025-11-30 18:24:00,2621.692187,2.621692187,1197.412893,655.127606,769.151687,768000,768000,1.000000000,1,2025-11-30 18:24:00.000000,2025-11-30 18:24:59.999922,1,BAYxx_xxxx_20251130_181958_000.7z
2025-11-30 18:25:00,2620.809491,2.620809491,1204.516155,652.065632,764.227704,768000,768000,1.000000000,1,2025-11-30 18:25:00.000000,2025-11-30 18:25:59.999922,1,BAYxx_xxxx_20251130_181958_000.7z
2025-11-30 18:26:00,2631.512670,2.631512670,1200.128831,661.202745,770.181094,768000,768000,1.000000000,1,2025-11-30 18:26:00.000000,2025-11-30 18:26:59.999922,1,BAYxx_xxxx_20251130_181958_000.7z
2025-11-30 18:27:00,2632.450218,2.632450218,1222.144677,656.860595,753.444946,768000,768000,1.000000000,1,2025-11-30 18:27:00.000000,2025-11-30 18:27:59.999922,1,BAYxx_xxxx_20251130_181958_000.7z
2025-11-30 18:28:00,2675.889666,2.675889666,1208.730229,651.625446,815.533992,768000,768000,1.000000000,1,2025-11-30 18:28:00.000000,2025-11-30 18:28:59.999922,1,BAYxx_xxxx_20251130_181958_000.7z
2025-11-30 18:29:00,2723.249824,2.723249824,1208.668655,648.561689,866.019480,742474,768000,0.966763021,0,2025-11-30 18:29:00.000000,2025-11-30 18:29:58.005703,1,BAYxx_xxxx_20251130_181958_000.7z
2025-11-30 18:30:00,2722.350038,2.722350038,1202.619586,652.002472,867.727980,768000,768000,1.000000000,1,2025-11-30 18:30:00.000000,2025-11-30 18:30:59.999922,1,BAYxx_xxxx_20251130_183000_000.7z
2025-11-30 18:31:00,2730.749087,2.730749087,1201.250781,664.073287,865.425018,768000,768000,1.000000000,1,2025-11-30 18:31:00.000000,2025-11-30 18:31:59.999922,1,BAYxx_xxxx_20251130_183000_000.7z
2025-11-30 18:32:00,2724.997074,2.724997074,1199.127016,668.217242,857.652815,768000,768000,1.000000000,1,2025-11-30 18:32:00.000000,2025-11-30 18:32:59.999922,1,BAYxx_xxxx_20251130_183000_000.7z
2025-11-30 18:33:00,2725.661565,2.725661565,1191.013578,668.018482,866.629506,768000,768000,1.000000000,1,2025-11-30 18:33:00.000000,2025-11-30 18:33:59.999922,1,BAYxx_xxxx_20251130_183000_000.7z
2025-11-30 18:34:00,2722.996252,2.722996252,1184.994689,665.373486,872.628076,768000,768000,1.000000000,1,2025-11-30 18:34:00.000000,2025-11-30 18:34:59.999922,1,BAYxx_xxxx_20251130_183000_000.7z
2025-11-30 18:35:00,2735.696630,2.735696630,1207.455751,660.186763,868.054116,768000,768000,1.000000000,1,2025-11-30 18:35:00.000000,2025-11-30 18:35:59.999922,1,BAYxx_xxxx_20251130_183000_000.7z
2025-11-30 18:36:00,2718.785876,2.718785876,1203.982875,655.609945,859.193056,768000,768000,1.000000000,1,2025-11-30 18:36:00.000000,2025-11-30 18:36:59.999922,1,BAYxx_xxxx_20251130_183000_000.7z
2025-11-30 18:37:00,2721.148713,2.721148713,1191.227617,663.224789,866.696307,768000,768000,1.000000000,1,2025-11-30 18:37:00.000000,2025-11-30 18:37:59.999922,1,BAYxx_xxxx_20251130_183000_000.7z
2025-11-30 18:38:00,2727.476190,2.727476190,1190.470152,659.307826,877.698211,768000,768000,1.000000000,1,2025-11-30 18:38:00.000000,2025-11-30 18:38:59.999922,1,BAYxx_xxxx_20251130_183000_000.7z
2025-11-30 18:39:00,2725.225399,2.725225399,1193.485537,652.705071,879.034791,768000,768000,1.000000000,1,2025-11-30 18:39:00.000000,2025-11-30 18:39:59.999922,1,BAYxx_xxxx_20251130_183000_000.7z
2025-11-30 18:40:00,2730.224546,2.730224546,1202.183068,652.821239,875.220239,678413,768000,0.883350260,0,2025-11-30 18:40:00.000000,2025-11-30 18:40:59.999922,2,BAYxx_xxxx_20251130_183000_000.7z;BAYxx_xxxx_20251130_184007_000.7z
2025-11-30 18:41:00,2733.377999,2.733377999,1201.582916,653.311283,878.483800,768000,768000,1.000000000,1,2025-11-30 18:41:00.000000,2025-11-30 18:41:59.999922,1,BAYxx_xxxx_20251130_184007_000.7z
2025-11-30 18:42:00,2724.493491,2.724493491,1196.922965,646.695932,880.874594,768000,768000,1.000000000,1,2025-11-30 18:42:00.000000,2025-11-30 18:42:59.999922,1,BAYxx_xxxx_20251130_184007_000.7z
2025-11-30 18:43:00,2720.623100,2.720623100,1191.287359,651.337326,877.998415,768000,768000,1.000000000,1,2025-11-30 18:43:00.000000,2025-11-30 18:43:59.999922,1,BAYxx_xxxx_20251130_184007_000.7z
2025-11-30 18:44:00,2714.294814,2.714294814,1197.157206,649.198570,867.939038,768000,768000,1.000000000,1,2025-11-30 18:44:00.000000,2025-11-30 18:44:59.999922,1,BAYxx_xxxx_20251130_184007_000.7z
2025-11-30 18:45:00,2710.622257,2.710622257,1200.352892,637.313245,872.956120,768000,768000,1.000000000,1,2025-11-30 18:45:00.000000,2025-11-30 18:45:59.999922,1,BAYxx_xxxx_20251130_184007_000.7z
2025-11-30 18:46:00,2714.938590,2.714938590,1196.837605,651.425640,866.675345,768000,768000,1.000000000,1,2025-11-30 18:46:00.000000,2025-11-30 18:46:59.999922,1,BAYxx_xxxx_20251130_184007_000.7z
2025-11-30 18:47:00,2710.337641,2.710337641,1199.834873,645.660755,864.842012,768000,768000,1.000000000,1,2025-11-30 18:47:00.000000,2025-11-30 18:47:59.999922,1,BAYxx_xxxx_20251130_184007_000.7z
2025-11-30 18:48:00,2707.509220,2.707509220,1208.769994,646.724660,852.014565,768000,768000,1.000000000,1,2025-11-30 18:48:00.000000,2025-11-30 18:48:59.999922,1,BAYxx_xxxx_20251130_184007_000.7z
2025-11-30 18:49:00,2709.212758,2.709212758,1205.796127,638.777267,864.639365,768000,768000,1.000000000,1,2025-11-30 18:49:00.000000,2025-11-30 18:49:59.999922,1,BAYxx_xxxx_20251130_184007_000.7z
2025-11-30 18:50:00,2721.317659,2.721317659,1212.037661,648.805072,860.474927,704066,768000,0.916752604,0,2025-11-30 18:50:00.000000,2025-11-30 18:50:59.999922,2,BAYxx_xxxx_20251130_184007_000.7z;BAYxx_xxxx_20251130_185012_000.7z
2025-11-30 18:51:00,2719.344421,2.719344421,1208.840351,648.292674,862.211396,768000,768000,1.000000000,1,2025-11-30 18:51:00.000000,2025-11-30 18:51:59.999922,1,BAYxx_xxxx_20251130_185012_000.7z
2025-11-30 18:52:00,2716.968809,2.716968809,1207.196698,644.737258,865.034853,768000,768000,1.000000000,1,2025-11-30 18:52:00.000000,2025-11-30 18:52:59.999922,1,BAYxx_xxxx_20251130_185012_000.7z
2025-11-30 18:53:00,2721.906203,2.721906203,1212.507108,641.979520,867.419575,768000,768000,1.000000000,1,2025-11-30 18:53:00.000000,2025-11-30 18:53:59.999922,1,BAYxx_xxxx_20251130_185012_000.7z
2025-11-30 18:54:00,2711.370750,2.711370750,1205.288508,640.614815,865.467426,768000,768000,1.000000000,1,2025-11-30 18:54:00.000000,2025-11-30 18:54:59.999922,1,BAYxx_xxxx_20251130_185012_000.7z
2025-11-30 18:55:00,2718.921206,2.718921206,1208.895721,639.063165,870.962321,768000,768000,1.000000000,1,2025-11-30 18:55:00.000000,2025-11-30 18:55:59.999922,1,BAYxx_xxxx_20251130_185012_000.7z
2025-11-30 18:56:00,2716.918401,2.716918401,1204.014389,636.793560,876.110452,768000,768000,1.000000000,1,2025-11-30 18:56:00.000000,2025-11-30 18:56:59.999922,1,BAYxx_xxxx_20251130_185012_000.7z
2025-11-30 18:57:00,2721.532421,2.721532421,1211.544631,640.706186,869.281605,768000,768000,1.000000000,1,2025-11-30 18:57:00.000000,2025-11-30 18:57:59.999922,1,BAYxx_xxxx_20251130_185012_000.7z
2025-11-30 18:58:00,2687.369374,2.687369374,1210.451614,637.986653,838.931107,768000,768000,1.000000000,1,2025-11-30 18:58:00.000000,2025-11-30 18:58:59.999922,1,BAYxx_xxxx_20251130_185012_000.7z
2025-11-30 18:59:00,2618.934745,2.618934745,1196.258399,642.765425,779.910921,768000,768000,1.000000000,1,2025-11-30 18:59:00.000000,2025-11-30 18:59:59.999922,1,BAYxx_xxxx_20251130_185012_000.7z
2025-11-30 19:00:00,2612.596355,2.612596355,1194.056318,647.023953,771.516084,729696,768000,0.950125000,0,2025-11-30 19:00:00.000000,2025-11-30 19:00:59.999922,2,BAYxx_xxxx_20251130_185012_000.7z;BAYxx_xxxx_20251130_190015_000.7z
2025-11-30 19:01:00,2621.785524,2.621785524,1201.577003,650.067602,770.140919,768000,768000,1.000000000,1,2025-11-30 19:01:00.000000,2025-11-30 19:01:59.999922,1,BAYxx_xxxx_20251130_190015_000.7z
2025-11-30 19:02:00,2621.349453,2.621349453,1200.752850,652.029436,768.567167,768000,768000,1.000000000,1,2025-11-30 19:02:00.000000,2025-11-30 19:02:59.999922,1,BAYxx_xxxx_20251130_190015_000.7z
2025-11-30 19:03:00,2621.588547,2.621588547,1200.589643,647.656216,773.342688,768000,768000,1.000000000,1,2025-11-30 19:03:00.000000,2025-11-30 19:03:59.999922,1,BAYxx_xxxx_20251130_190015_000.7z
2025-11-30 19:04:00,2619.715664,2.619715664,1195.031113,653.632352,771.052199,768000,768000,1.000000000,1,2025-11-30 19:04:00.000000,2025-11-30 19:04:59.999922,1,BAYxx_xxxx_20251130_190015_000.7z
2025-11-30 19:05:00,2621.253118,2.621253118,1202.597768,645.984464,772.670885,768000,768000,1.000000000,1,2025-11-30 19:05:00.000000,2025-11-30 19:05:59.999922,1,BAYxx_xxxx_20251130_190015_000.7z
2025-11-30 19:06:00,2620.915093,2.620915093,1209.171376,636.413890,775.329826,768000,768000,1.000000000,1,2025-11-30 19:06:00.000000,2025-11-30 19:06:59.999922,1,BAYxx_xxxx_20251130_190015_000.7z
2025-11-30 19:07:00,2623.741842,2.623741842,1210.347633,640.430964,772.963245,768000,768000,1.000000000,1,2025-11-30 19:07:00.000000,2025-11-30 19:07:59.999922,1,BAYxx_xxxx_20251130_190015_000.7z
2025-11-30 19:08:00,2614.258763,2.614258763,1199.511180,642.311792,772.435791,768000,768000,1.000000000,1,2025-11-30 19:08:00.000000,2025-11-30 19:08:59.999922,1,BAYxx_xxxx_20251130_190015_000.7z
2025-11-30 19:09:00,2617.611915,2.617611915,1195.225553,648.811909,773.574453,768000,768000,1.000000000,1,2025-11-30 19:09:00.000000,2025-11-30 19:09:59.999922,1,BAYxx_xxxx_20251130_190015_000.7z
2025-11-30 19:10:00,2611.280542,2.611280542,1186.294512,658.246737,766.739293,691314,768000,0.900148437,0,2025-11-30 19:10:00.000000,2025-11-30 19:10:59.999922,2,BAYxx_xxxx_20251130_190015_000.7z;BAYxx_xxxx_20251130_191021_000.7z
2025-11-30 19:11:00,2618.692953,2.618692953,1196.249938,649.819854,772.623161,768000,768000,1.000000000,1,2025-11-30 19:11:00.000000,2025-11-30 19:11:59.999922,1,BAYxx_xxxx_20251130_191021_000.7z
2025-11-30 19:12:00,2611.999531,2.611999531,1204.786720,640.020442,767.192368,768000,768000,1.000000000,1,2025-11-30 19:12:00.000000,2025-11-30 19:12:59.999922,1,BAYxx_xxxx_20251130_191021_000.7z
2025-11-30 19:13:00,2630.369090,2.630369090,1201.184196,649.941038,779.243857,768000,768000,1.000000000,1,2025-11-30 19:13:00.000000,2025-11-30 19:13:59.999922,1,BAYxx_xxxx_20251130_191021_000.7z
2025-11-30 19:14:00,2710.376431,2.710376431,1195.270941,653.735160,861.370329,768000,768000,1.000000000,1,2025-11-30 19:14:00.000000,2025-11-30 19:14:59.999922,1,BAYxx_xxxx_20251130_191021_000.7z
2025-11-30 19:15:00,2696.788047,2.696788047,1169.659610,663.668787,863.459650,768000,768000,1.000000000,1,2025-11-30 19:15:00.000000,2025-11-30 19:15:59.999922,1,BAYxx_xxxx_20251130_191021_000.7z
2025-11-30 19:16:00,2709.882383,2.709882383,1192.016104,648.889629,868.976650,768000,768000,1.000000000,1,2025-11-30 19:16:00.000000,2025-11-30 19:16:59.999922,1,BAYxx_xxxx_20251130_191021_000.7z
2025-11-30 19:17:00,2704.018101,2.704018101,1193.142888,654.320380,856.554833,768000,768000,1.000000000,1,2025-11-30 19:17:00.000000,2025-11-30 19:17:59.999922,1,BAYxx_xxxx_20251130_191021_000.7z
2025-11-30 19:18:00,2698.203170,2.698203170,1198.477110,636.959377,862.766682,768000,768000,1.000000000,1,2025-11-30 19:18:00.000000,2025-11-30 19:18:59.999922,1,BAYxx_xxxx_20251130_191021_000.7z
2025-11-30 19:19:00,2714.163259,2.714163259,1193.521038,654.977485,865.664735,768000,768000,1.000000000,1,2025-11-30 19:19:00.000000,2025-11-30 19:19:59.999922,1,BAYxx_xxxx_20251130_191021_000.7z
2025-11-30 19:20:00,2706.672117,2.706672117,1177.057705,657.828042,871.786371,716891,768000,0.933451823,0,2025-11-30 19:20:00.000000,2025-11-30 19:20:59.999922,2,BAYxx_xxxx_20251130_191021_000.7z;BAYxx_xxxx_20251130_192025_000.7z
2025-11-30 19:21:00,2723.086503,2.723086503,1192.193449,646.658136,884.234918,768000,768000,1.000000000,1,2025-11-30 19:21:00.000000,2025-11-30 19:21:59.999922,1,BAYxx_xxxx_20251130_192025_000.7z
2025-11-30 19:22:00,2710.414376,2.710414376,1201.777289,652.934042,855.703045,768000,768000,1.000000000,1,2025-11-30 19:22:00.000000,2025-11-30 19:22:59.999922,1,BAYxx_xxxx_20251130_192025_000.7z
2025-11-30 19:23:00,3828.171931,3.828171931,1564.273621,1023.939621,1239.958689,768000,768000,1.000000000,1,2025-11-30 19:23:00.000000,2025-11-30 19:23:59.999922,1,BAYxx_xxxx_20251130_192025_000.7z
2025-11-30 19:24:00,10997.801663,10.997801663,3845.934328,3455.832878,3696.034457,768000,768000,1.000000000,1,2025-11-30 19:24:00.000000,2025-11-30 19:24:59.999922,1,BAYxx_xxxx_20251130_192025_000.7z
2025-11-30 19:25:00,2714.775171,2.714775171,1198.094043,644.145434,872.535694,768000,768000,1.000000000,1,2025-11-30 19:25:00.000000,2025-11-30 19:25:59.999922,1,BAYxx_xxxx_20251130_192025_000.7z
2025-11-30 19:26:00,2723.502131,2.723502131,1204.069865,650.904088,868.528177,768000,768000,1.000000000,1,2025-11-30 19:26:00.000000,2025-11-30 19:26:59.999922,1,BAYxx_xxxx_20251130_192025_000.7z
2025-11-30 19:27:00,3077.468318,3.077468318,1324.711307,767.873127,984.883884,768000,768000,1.000000000,1,2025-11-30 19:27:00.000000,2025-11-30 19:27:59.999922,1,BAYxx_xxxx_20251130_192025_000.7z
2025-11-30 19:28:00,4407.618660,4.407618660,1754.760948,1224.498693,1428.359018,768000,768000,1.000000000,1,2025-11-30 19:28:00.000000,2025-11-30 19:28:59.999922,1,BAYxx_xxxx_20251130_192025_000.7z
2025-11-30 19:29:00,7570.585855,7.570585855,2760.291074,2292.595119,2517.699662,768000,768000,1.000000000,1,2025-11-30 19:29:00.000000,2025-11-30 19:29:59.999922,1,BAYxx_xxxx_20251130_192025_000.7z
2025-11-30 19:30:00,2722.759505,2.722759505,1198.620049,652.432670,871.706786,729744,768000,0.950187500,0,2025-11-30 19:30:00.000000,2025-11-30 19:30:59.999922,2,BAYxx_xxxx_20251130_192025_000.7z;BAYxx_xxxx_20251130_193028_000.7z
2025-11-30 19:31:00,2719.167649,2.719167649,1190.468107,652.215296,876.484246,768000,768000,1.000000000,1,2025-11-30 19:31:00.000000,2025-11-30 19:31:59.999922,1,BAYxx_xxxx_20251130_193028_000.7z
2025-11-30 19:32:00,2718.167094,2.718167094,1196.489498,648.925310,872.752285,768000,768000,1.000000000,1,2025-11-30 19:32:00.000000,2025-11-30 19:32:59.999922,1,BAYxx_xxxx_20251130_193028_000.7z
2025-11-30 19:33:00,2712.975512,2.712975512,1192.236171,649.695818,871.043523,768000,768000,1.000000000,1,2025-11-30 19:33:00.000000,2025-11-30 19:33:59.999922,1,BAYxx_xxxx_20251130_193028_000.7z
2025-11-30 19:34:00,2711.064584,2.711064584,1175.088857,661.505391,874.470336,768000,768000,1.000000000,1,2025-11-30 19:34:00.000000,2025-11-30 19:34:59.999922,1,BAYxx_xxxx_20251130_193028_000.7z
2025-11-30 19:35:00,2725.722241,2.725722241,1192.556981,652.380221,880.785039,768000,768000,1.000000000,1,2025-11-30 19:35:00.000000,2025-11-30 19:35:59.999922,1,BAYxx_xxxx_20251130_193028_000.7z
2025-11-30 19:36:00,2716.798253,2.716798253,1186.396159,657.402666,872.999428,768000,768000,1.000000000,1,2025-11-30 19:36:00.000000,2025-11-30 19:36:59.999922,1,BAYxx_xxxx_20251130_193028_000.7z
2025-11-30 19:37:00,2705.386941,2.705386941,1179.168782,656.507112,869.711047,768000,768000,1.000000000,1,2025-11-30 19:37:00.000000,2025-11-30 19:37:59.999922,1,BAYxx_xxxx_20251130_193028_000.7z
2025-11-30 19:38:00,2717.343216,2.717343216,1184.748587,653.352171,879.242457,768000,768000,1.000000000,1,2025-11-30 19:38:00.000000,2025-11-30 19:38:59.999922,1,BAYxx_xxxx_20251130_193028_000.7z
2025-11-30 19:39:00,2724.486530,2.724486530,1197.688571,649.099098,877.698862,768000,768000,1.000000000,1,2025-11-30 19:39:00.000000,2025-11-30 19:39:59.999922,1,BAYxx_xxxx_20251130_193028_000.7z
2025-11-30 19:40:00,2717.584165,2.717584165,1191.886520,654.284547,871.413098,729624,768000,0.950031250,0,2025-11-30 19:40:00.000000,2025-11-30 19:40:59.999922,2,BAYxx_xxxx_20251130_193028_000.7z;BAYxx_xxxx_20251130_194031_000.7z
2025-11-30 19:41:00,2716.838359,2.716838359,1190.639113,656.076606,870.122639,768000,768000,1.000000000,1,2025-11-30 19:41:00.000000,2025-11-30 19:41:59.999922,1,BAYxx_xxxx_20251130_194031_000.7z
2025-11-30 19:42:00,2724.881245,2.724881245,1205.981318,649.654851,869.245076,768000,768000,1.000000000,1,2025-11-30 19:42:00.000000,2025-11-30 19:42:59.999922,1,BAYxx_xxxx_20251130_194031_000.7z
2025-11-30 19:43:00,2723.804229,2.723804229,1211.269437,640.466635,872.068158,768000,768000,1.000000000,1,2025-11-30 19:43:00.000000,2025-11-30 19:43:59.999922,1,BAYxx_xxxx_20251130_194031_000.7z
2025-11-30 19:44:00,2631.134573,2.631134573,1203.717155,634.191035,793.226382,768000,768000,1.000000000,1,2025-11-30 19:44:00.000000,2025-11-30 19:44:59.999922,1,BAYxx_xxxx_20251130_194031_000.7z
2025-11-30 19:45:00,2623.187773,2.623187773,1197.097624,640.855693,785.234455,768000,768000,1.000000000,1,2025-11-30 19:45:00.000000,2025-11-30 19:45:59.999922,1,BAYxx_xxxx_20251130_194031_000.7z
2025-11-30 19:46:00,2623.920853,2.623920853,1199.326166,640.129258,784.465428,768000,768000,1.000000000,1,2025-11-30 19:46:00.000000,2025-11-30 19:46:59.999922,1,BAYxx_xxxx_20251130_194031_000.7z
2025-11-30 19:47:00,2624.160262,2.624160262,1202.723672,642.830968,778.605623,768000,768000,1.000000000,1,2025-11-30 19:47:00.000000,2025-11-30 19:47:59.999922,1,BAYxx_xxxx_20251130_194031_000.7z
2025-11-30 19:48:00,2621.936104,2.621936104,1191.805268,642.817714,787.313122,768000,768000,1.000000000,1,2025-11-30 19:48:00.000000,2025-11-30 19:48:59.999922,1,BAYxx_xxxx_20251130_194031_000.7z
2025-11-30 19:49:00,2624.311036,2.624311036,1186.765267,649.302431,788.243338,768000,768000,1.000000000,1,2025-11-30 19:49:00.000000,2025-11-30 19:49:59.999922,1,BAYxx_xxxx_20251130_194031_000.7z
2025-11-30 19:50:00,2620.354429,2.620354429,1187.700270,643.281774,789.372385,729621,768000,0.950027344,0,2025-11-30 19:50:00.000000,2025-11-30 19:50:59.999922,2,BAYxx_xxxx_20251130_194031_000.7z;BAYxx_xxxx_20251130_195034_000.7z
2025-11-30 19:51:00,2615.921155,2.615921155,1185.878907,640.298626,789.743621,768000,768000,1.000000000,1,2025-11-30 19:51:00.000000,2025-11-30 19:51:59.999922,1,BAYxx_xxxx_20251130_195034_000.7z
2025-11-30 19:52:00,2616.159214,2.616159214,1174.973643,653.922466,787.263104,768000,768000,1.000000000,1,2025-11-30 19:52:00.000000,2025-11-30 19:52:59.999922,1,BAYxx_xxxx_20251130_195034_000.7z
2025-11-30 19:53:00,2637.750009,2.637750009,1196.591981,654.830720,786.327308,768000,768000,1.000000000,1,2025-11-30 19:53:00.000000,2025-11-30 19:53:59.999922,1,BAYxx_xxxx_20251130_195034_000.7z
2025-11-30 19:54:00,2624.588170,2.624588170,1186.010706,642.239271,796.338193,768000,768000,1.000000000,1,2025-11-30 19:54:00.000000,2025-11-30 19:54:59.999922,1,BAYxx_xxxx_20251130_195034_000.7z
2025-11-30 19:55:00,2625.280490,2.625280490,1179.964947,641.118909,804.196634,768000,768000,1.000000000,1,2025-11-30 19:55:00.000000,2025-11-30 19:55:59.999922,1,BAYxx_xxxx_20251130_195034_000.7z
2025-11-30 19:56:00,2622.464423,2.622464423,1193.401164,633.586834,795.476424,768000,768000,1.000000000,1,2025-11-30 19:56:00.000000,2025-11-30 19:56:59.999922,1,BAYxx_xxxx_20251130_195034_000.7z
2025-11-30 19:57:00,2615.478503,2.615478503,1190.121736,640.905665,784.451103,768000,768000,1.000000000,1,2025-11-30 19:57:00.000000,2025-11-30 19:57:59.999922,1,BAYxx_xxxx_20251130_195034_000.7z
2025-11-30 19:58:00,2628.885932,2.628885932,1194.849439,644.260768,789.775725,768000,768000,1.000000000,1,2025-11-30 19:58:00.000000,2025-11-30 19:58:59.999922,1,BAYxx_xxxx_20251130_195034_000.7z
2025-11-30 19:59:00,2698.243935,2.698243935,1182.136031,645.183469,870.924435,768000,768000,1.000000000,1,2025-11-30 19:59:00.000000,2025-11-30 19:59:59.999922,1,BAYxx_xxxx_20251130_195034_000.7z
2025-11-30 20:00:00,2721.101276,2.721101276,1199.849231,631.483119,889.768927,729723,768000,0.950160156,0,2025-11-30 20:00:00.000000,2025-11-30 20:00:59.999922,2,BAYxx_xxxx_20251130_195034_000.7z;BAYxx_xxxx_20251130_200037_000.7z
2025-11-30 20:01:00,2733.158575,2.733158575,1204.689938,652.013415,876.455222,768000,768000,1.000000000,1,2025-11-30 20:01:00.000000,2025-11-30 20:01:59.999922,1,BAYxx_xxxx_20251130_200037_000.7z
2025-11-30 20:02:00,2726.471492,2.726471492,1203.652639,641.649415,881.169439,768000,768000,1.000000000,1,2025-11-30 20:02:00.000000,2025-11-30 20:02:59.999922,1,BAYxx_xxxx_20251130_200037_000.7z
2025-11-30 20:03:00,2727.731719,2.727731719,1193.917053,648.844599,884.970067,768000,768000,1.000000000,1,2025-11-30 20:03:00.000000,2025-11-30 20:03:59.999922,1,BAYxx_xxxx_20251130_200037_000.7z
2025-11-30 20:04:00,2728.032234,2.728032234,1185.221664,647.442694,895.367876,768000,768000,1.000000000,1,2025-11-30 20:04:00.000000,2025-11-30 20:04:59.999922,1,BAYxx_xxxx_20251130_200037_000.7z
2025-11-30 20:05:00,2724.585346,2.724585346,1188.816881,655.469480,880.298985,768000,768000,1.000000000,1,2025-11-30 20:05:00.000000,2025-11-30 20:05:59.999922,1,BAYxx_xxxx_20251130_200037_000.7z
2025-11-30 20:06:00,2725.230838,2.725230838,1199.192729,643.126724,882.911385,768000,768000,1.000000000,1,2025-11-30 20:06:00.000000,2025-11-30 20:06:59.999922,1,BAYxx_xxxx_20251130_200037_000.7z
2025-11-30 20:07:00,2721.459621,2.721459621,1189.486430,637.423113,894.550078,768000,768000,1.000000000,1,2025-11-30 20:07:00.000000,2025-11-30 20:07:59.999922,1,BAYxx_xxxx_20251130_200037_000.7z
2025-11-30 20:08:00,2718.814437,2.718814437,1191.615353,640.073259,887.125825,768000,768000,1.000000000,1,2025-11-30 20:08:00.000000,2025-11-30 20:08:59.999922,1,BAYxx_xxxx_20251130_200037_000.7z
2025-11-30 20:09:00,2719.124872,2.719124872,1193.270299,646.603423,879.251149,768000,768000,1.000000000,1,2025-11-30 20:09:00.000000,2025-11-30 20:09:59.999922,1,BAYxx_xxxx_20251130_200037_000.7z
2025-11-30 20:10:00,2723.427703,2.723427703,1195.972623,645.797437,881.657643,665628,768000,0.866703125,0,2025-11-30 20:10:00.000000,2025-11-30 20:10:59.999922,2,BAYxx_xxxx_20251130_200037_000.7z;BAYxx_xxxx_20251130_201045_000.7z
2025-11-30 20:11:00,2722.490978,2.722490978,1197.621046,641.669326,883.200606,768000,768000,1.000000000,1,2025-11-30 20:11:00.000000,2025-11-30 20:11:59.999922,1,BAYxx_xxxx_20251130_201045_000.7z
2025-11-30 20:12:00,2720.076114,2.720076114,1195.506854,633.354113,891.215148,768000,768000,1.000000000,1,2025-11-30 20:12:00.000000,2025-11-30 20:12:59.999922,1,BAYxx_xxxx_20251130_201045_000.7z
2025-11-30 20:13:00,2732.485727,2.732485727,1205.222985,647.945062,879.317680,768000,768000,1.000000000,1,2025-11-30 20:13:00.000000,2025-11-30 20:13:59.999922,1,BAYxx_xxxx_20251130_201045_000.7z
2025-11-30 20:14:00,2726.972291,2.726972291,1201.898316,643.638758,881.435218,768000,768000,1.000000000,1,2025-11-30 20:14:00.000000,2025-11-30 20:14:59.999922,1,BAYxx_xxxx_20251130_201045_000.7z
2025-11-30 20:15:00,2728.288470,2.728288470,1198.573351,644.036620,885.678499,768000,768000,1.000000000,1,2025-11-30 20:15:00.000000,2025-11-30 20:15:59.999922,1,BAYxx_xxxx_20251130_201045_000.7z
2025-11-30 20:16:00,2729.257796,2.729257796,1196.044320,641.611322,891.602154,768000,768000,1.000000000,1,2025-11-30 20:16:00.000000,2025-11-30 20:16:59.999922,1,BAYxx_xxxx_20251130_201045_000.7z
2025-11-30 20:17:00,2730.302380,2.730302380,1195.938598,643.150271,891.213511,768000,768000,1.000000000,1,2025-11-30 20:17:00.000000,2025-11-30 20:17:59.999922,1,BAYxx_xxxx_20251130_201045_000.7z
2025-11-30 20:18:00,2727.429290,2.727429290,1206.999303,636.312712,884.117275,768000,768000,1.000000000,1,2025-11-30 20:18:00.000000,2025-11-30 20:18:59.999922,1,BAYxx_xxxx_20251130_201045_000.7z
2025-11-30 20:19:00,2726.644738,2.726644738,1189.043952,651.992019,885.608767,768000,768000,1.000000000,1,2025-11-30 20:19:00.000000,2025-11-30 20:19:59.999922,1,BAYxx_xxxx_20251130_201045_000.7z
2025-11-30 20:20:00,2716.823297,2.716823297,1192.453265,636.868619,887.501414,652840,768000,0.850052083,0,2025-11-30 20:20:00.000000,2025-11-30 20:20:59.999922,2,BAYxx_xxxx_20251130_201045_000.7z;BAYxx_xxxx_20251130_202054_000.7z
2025-11-30 20:21:00,2725.654125,2.725654125,1193.456954,632.996391,899.200780,768000,768000,1.000000000,1,2025-11-30 20:21:00.000000,2025-11-30 20:21:59.999922,1,BAYxx_xxxx_20251130_202054_000.7z
2025-11-30 20:22:00,2722.052401,2.722052401,1206.577824,636.480009,878.994568,768000,768000,1.000000000,1,2025-11-30 20:22:00.000000,2025-11-30 20:22:59.999922,1,BAYxx_xxxx_20251130_202054_000.7z
2025-11-30 20:23:00,2736.015653,2.736015653,1204.430468,646.355785,885.229400,768000,768000,1.000000000,1,2025-11-30 20:23:00.000000,2025-11-30 20:23:59.999922,1,BAYxx_xxxx_20251130_202054_000.7z
2025-11-30 20:24:00,2721.643855,2.721643855,1187.681423,640.515384,893.447048,768000,768000,1.000000000,1,2025-11-30 20:24:00.000000,2025-11-30 20:24:59.999922,1,BAYxx_xxxx_20251130_202054_000.7z
2025-11-30 20:25:00,2728.339482,2.728339482,1191.529196,650.210617,886.599670,768000,768000,1.000000000,1,2025-11-30 20:25:00.000000,2025-11-30 20:25:59.999922,1,BAYxx_xxxx_20251130_202054_000.7z
2025-11-30 20:26:00,2718.380517,2.718380517,1181.707034,652.015212,884.658271,768000,768000,1.000000000,1,2025-11-30 20:26:00.000000,2025-11-30 20:26:59.999922,1,BAYxx_xxxx_20251130_202054_000.7z
2025-11-30 20:27:00,4252.691496,4.252691496,1674.631022,1183.970996,1394.089477,768000,768000,1.000000000,1,2025-11-30 20:27:00.000000,2025-11-30 20:27:59.999922,1,BAYxx_xxxx_20251130_202054_000.7z
2025-11-30 20:28:00,10852.349955,10.852349955,3756.455431,3416.763197,3679.131326,768000,768000,1.000000000,1,2025-11-30 20:28:00.000000,2025-11-30 20:28:59.999922,1,BAYxx_xxxx_20251130_202054_000.7z
2025-11-30 20:29:00,2682.769006,2.682769006,1208.375941,641.735195,832.657870,768000,768000,1.000000000,1,2025-11-30 20:29:00.000000,2025-11-30 20:29:59.999922,1,BAYxx_xxxx_20251130_202054_000.7z
2025-11-30 20:30:00,2636.659750,2.636659750,1192.349584,652.135400,792.174766,729633,768000,0.950042969,0,2025-11-30 20:30:00.000000,2025-11-30 20:30:59.999922,2,BAYxx_xxxx_20251130_202054_000.7z;BAYxx_xxxx_20251130_203057_000.7z
2025-11-30 20:31:00,3300.038429,3.300038429,1408.683382,878.352817,1013.002230,768000,768000,1.000000000,1,2025-11-30 20:31:00.000000,2025-11-30 20:31:59.999922,1,BAYxx_xxxx_20251130_203057_000.7z
2025-11-30 20:32:00,8661.575230,8.661575230,3124.551906,2708.201822,2828.821503,768000,768000,1.000000000,1,2025-11-30 20:32:00.000000,2025-11-30 20:32:59.999922,1,BAYxx_xxxx_20251130_203057_000.7z
2025-11-30 20:33:00,2879.068915,2.879068915,1282.983687,721.254125,874.831103,768000,768000,1.000000000,1,2025-11-30 20:33:00.000000,2025-11-30 20:33:59.999922,1,BAYxx_xxxx_20251130_203057_000.7z
2025-11-30 20:34:00,2630.141347,2.630141347,1197.789854,635.193103,797.158390,768000,768000,1.000000000,1,2025-11-30 20:34:00.000000,2025-11-30 20:34:59.999922,1,BAYxx_xxxx_20251130_203057_000.7z
2025-11-30 20:35:00,2632.301292,2.632301292,1202.580565,640.173638,789.547088,768000,768000,1.000000000,1,2025-11-30 20:35:00.000000,2025-11-30 20:35:59.999922,1,BAYxx_xxxx_20251130_203057_000.7z
2025-11-30 20:36:00,2619.029139,2.619029139,1201.115653,635.929722,781.983764,768000,768000,1.000000000,1,2025-11-30 20:36:00.000000,2025-11-30 20:36:59.999922,1,BAYxx_xxxx_20251130_203057_000.7z
2025-11-30 20:37:00,2629.146680,2.629146680,1198.529137,637.488188,793.129356,768000,768000,1.000000000,1,2025-11-30 20:37:00.000000,2025-11-30 20:37:59.999922,1,BAYxx_xxxx_20251130_203057_000.7z
2025-11-30 20:38:00,2620.447275,2.620447275,1196.150678,629.839160,794.457437,768000,768000,1.000000000,1,2025-11-30 20:38:00.000000,2025-11-30 20:38:59.999922,1,BAYxx_xxxx_20251130_203057_000.7z
2025-11-30 20:39:00,2622.197887,2.622197887,1195.394593,639.230534,787.572760,768000,768000,1.000000000,1,2025-11-30 20:39:00.000000,2025-11-30 20:39:59.999922,1,BAYxx_xxxx_20251130_203057_000.7z
2025-11-30 20:40:00,2632.841336,2.632841336,1204.294075,638.360037,790.187223,729604,768000,0.950005208,0,2025-11-30 20:40:00.000000,2025-11-30 20:40:57.000234,1,BAYxx_xxxx_20251130_203057_000.7z
2025-11-30 20:41:00,2629.935567,2.629935567,1200.691380,638.055448,791.188740,755200,768000,0.983333333,0,2025-11-30 20:41:01.000000,2025-11-30 20:41:59.999922,1,BAYxx_xxxx_20251130_204101_000.7z
2025-11-30 20:42:00,2635.022097,2.635022097,1187.875143,646.206732,800.940222,768000,768000,1.000000000,1,2025-11-30 20:42:00.000000,2025-11-30 20:42:59.999922,1,BAYxx_xxxx_20251130_204101_000.7z
2025-11-30 20:43:00,2637.321625,2.637321625,1194.064542,647.470661,795.786421,768000,768000,1.000000000,1,2025-11-30 20:43:00.000000,2025-11-30 20:43:59.999922,1,BAYxx_xxxx_20251130_204101_000.7z
2025-11-30 20:44:00,2666.630205,2.666630205,1197.468612,647.331296,821.830297,768000,768000,1.000000000,1,2025-11-30 20:44:00.000000,2025-11-30 20:44:59.999922,1,BAYxx_xxxx_20251130_204101_000.7z
2025-11-30 20:45:00,2728.537216,2.728537216,1203.227162,632.655657,892.654397,768000,768000,1.000000000,1,2025-11-30 20:45:00.000000,2025-11-30 20:45:59.999922,1,BAYxx_xxxx_20251130_204101_000.7z
2025-11-30 20:46:00,2741.377848,2.741377848,1201.008236,651.698746,888.670865,768000,768000,1.000000000,1,2025-11-30 20:46:00.000000,2025-11-30 20:46:59.999922,1,BAYxx_xxxx_20251130_204101_000.7z
2025-11-30 20:47:00,2728.345347,2.728345347,1200.052877,644.612417,883.680053,768000,768000,1.000000000,1,2025-11-30 20:47:00.000000,2025-11-30 20:47:59.999922,1,BAYxx_xxxx_20251130_204101_000.7z
2025-11-30 20:48:00,2727.262586,2.727262586,1193.302954,647.679644,886.279988,768000,768000,1.000000000,1,2025-11-30 20:48:00.000000,2025-11-30 20:48:59.999922,1,BAYxx_xxxx_20251130_204101_000.7z
2025-11-30 20:49:00,2719.523999,2.719523999,1184.130181,647.063425,888.330393,768000,768000,1.000000000,1,2025-11-30 20:49:00.000000,2025-11-30 20:49:59.999922,1,BAYxx_xxxx_20251130_204101_000.7z
2025-11-30 20:50:00,2727.001376,2.727001376,1194.285403,648.301730,884.414243,768000,768000,1.000000000,1,2025-11-30 20:50:00.000000,2025-11-30 20:50:59.999922,1,BAYxx_xxxx_20251130_204101_000.7z
2025-11-30 20:51:00,2734.076076,2.734076076,1207.425377,644.693366,881.957333,729675,768000,0.950097656,0,2025-11-30 20:51:00.000000,2025-11-30 20:51:59.999922,2,BAYxx_xxxx_20251130_204101_000.7z;BAYxx_xxxx_20251130_205104_000.7z
2025-11-30 20:52:00,2731.528801,2.731528801,1206.650137,638.545629,886.333035,768000,768000,1.000000000,1,2025-11-30 20:52:00.000000,2025-11-30 20:52:59.999922,1,BAYxx_xxxx_20251130_205104_000.7z
2025-11-30 20:53:00,2732.369532,2.732369532,1206.263340,642.646468,883.459723,768000,768000,1.000000000,1,2025-11-30 20:53:00.000000,2025-11-30 20:53:59.999922,1,BAYxx_xxxx_20251130_205104_000.7z
2025-11-30 20:54:00,2726.018757,2.726018757,1200.713827,649.721341,875.583589,768000,768000,1.000000000,1,2025-11-30 20:54:00.000000,2025-11-30 20:54:59.999922,1,BAYxx_xxxx_20251130_205104_000.7z
2025-11-30 20:55:00,2732.061469,2.732061469,1206.337824,651.803073,873.920572,768000,768000,1.000000000,1,2025-11-30 20:55:00.000000,2025-11-30 20:55:59.999922,1,BAYxx_xxxx_20251130_205104_000.7z
2025-11-30 20:56:00,2730.937996,2.730937996,1202.730426,643.418145,884.789425,768000,768000,1.000000000,1,2025-11-30 20:56:00.000000,2025-11-30 20:56:59.999922,1,BAYxx_xxxx_20251130_205104_000.7z
2025-11-30 20:57:00,2736.777962,2.736777962,1199.259633,651.969734,885.548595,768000,768000,1.000000000,1,2025-11-30 20:57:00.000000,2025-11-30 20:57:59.999922,1,BAYxx_xxxx_20251130_205104_000.7z
2025-11-30 20:58:00,2728.500698,2.728500698,1186.674175,654.268246,887.558276,768000,768000,1.000000000,1,2025-11-30 20:58:00.000000,2025-11-30 20:58:59.999922,1,BAYxx_xxxx_20251130_205104_000.7z
2025-11-30 20:59:00,2736.382137,2.736382137,1194.132914,658.189057,884.060166,768000,768000,1.000000000,1,2025-11-30 20:59:00.000000,2025-11-30 20:59:59.999922,1,BAYxx_xxxx_20251130_205104_000.7z
2025-11-30 21:00:00,2726.421222,2.726421222,1178.984657,653.173076,894.263488,768000,768000,1.000000000,1,2025-11-30 21:00:00.000000,2025-11-30 21:00:59.999922,1,BAYxx_xxxx_20251130_205104_000.7z
2025-11-30 21:01:00,2732.902932,2.732902932,1196.701988,660.065992,876.134952,601612,768000,0.783348958,0,2025-11-30 21:01:00.000000,2025-11-30 21:01:59.999922,2,BAYxx_xxxx_20251130_205104_000.7z;BAYxx_xxxx_20251130_210117_000.7z
2025-11-30 21:02:00,2725.774374,2.725774374,1193.192377,658.182271,874.399726,768000,768000,1.000000000,1,2025-11-30 21:02:00.000000,2025-11-30 21:02:59.999922,1,BAYxx_xxxx_20251130_210117_000.7z
2025-11-30 21:03:00,2728.623692,2.728623692,1192.606623,654.353186,881.663883,768000,768000,1.000000000,1,2025-11-30 21:03:00.000000,2025-11-30 21:03:59.999922,1,BAYxx_xxxx_20251130_210117_000.7z
2025-11-30 21:04:00,2737.345747,2.737345747,1195.260690,664.763002,877.322056,768000,768000,1.000000000,1,2025-11-30 21:04:00.000000,2025-11-30 21:04:59.999922,1,BAYxx_xxxx_20251130_210117_000.7z
2025-11-30 21:05:00,2740.260584,2.740260584,1202.701400,651.751411,885.807773,768000,768000,1.000000000,1,2025-11-30 21:05:00.000000,2025-11-30 21:05:59.999922,1,BAYxx_xxxx_20251130_210117_000.7z
2025-11-30 21:06:00,2739.592634,2.739592634,1206.197733,658.450070,874.944831,768000,768000,1.000000000,1,2025-11-30 21:06:00.000000,2025-11-30 21:06:59.999922,1,BAYxx_xxxx_20251130_210117_000.7z
2025-11-30 21:07:00,2731.100566,2.731100566,1198.667040,653.070896,879.362630,768000,768000,1.000000000,1,2025-11-30 21:07:00.000000,2025-11-30 21:07:59.999922,1,BAYxx_xxxx_20251130_210117_000.7z
2025-11-30 21:08:00,2717.004606,2.717004606,1189.581832,647.003064,880.419711,768000,768000,1.000000000,1,2025-11-30 21:08:00.000000,2025-11-30 21:08:59.999922,1,BAYxx_xxxx_20251130_210117_000.7z
2025-11-30 21:09:00,2728.994072,2.728994072,1205.777652,648.306284,874.910136,768000,768000,1.000000000,1,2025-11-30 21:09:00.000000,2025-11-30 21:09:59.999922,1,BAYxx_xxxx_20251130_210117_000.7z
2025-11-30 21:10:00,2727.753369,2.727753369,1206.216935,646.345073,875.191361,768000,768000,1.000000000,1,2025-11-30 21:10:00.000000,2025-11-30 21:10:59.999922,1,BAYxx_xxxx_20251130_210117_000.7z
2025-11-30 21:11:00,2736.960185,2.736960185,1200.858126,653.620846,882.481213,665605,768000,0.866673177,0,2025-11-30 21:11:00.000000,2025-11-30 21:11:59.999922,2,BAYxx_xxxx_20251130_210117_000.7z;BAYxx_xxxx_20251130_211125_000.7z
2025-11-30 21:12:00,2739.642590,2.739642590,1195.115357,656.678616,887.848616,768000,768000,1.000000000,1,2025-11-30 21:12:00.000000,2025-11-30 21:12:59.999922,1,BAYxx_xxxx_20251130_211125_000.7z
2025-11-30 21:13:00,2729.277936,2.729277936,1188.771172,650.116945,890.389819,768000,768000,1.000000000,1,2025-11-30 21:13:00.000000,2025-11-30 21:13:59.999922,1,BAYxx_xxxx_20251130_211125_000.7z
2025-11-30 21:14:00,2724.413158,2.724413158,1182.200139,671.932300,870.280719,768000,768000,1.000000000,1,2025-11-30 21:14:00.000000,2025-11-30 21:14:59.999922,1,BAYxx_xxxx_20251130_211125_000.7z
2025-11-30 21:15:00,2634.854490,2.634854490,1194.232876,658.966710,781.654905,768000,768000,1.000000000,1,2025-11-30 21:15:00.000000,2025-11-30 21:15:59.999922,1,BAYxx_xxxx_20251130_211125_000.7z
2025-11-30 21:16:00,2630.241954,2.630241954,1180.283141,668.193520,781.765293,768000,768000,1.000000000,1,2025-11-30 21:16:00.000000,2025-11-30 21:16:59.999922,1,BAYxx_xxxx_20251130_211125_000.7z
2025-11-30 21:17:00,2641.980852,2.641980852,1188.537981,665.735735,787.707136,768000,768000,1.000000000,1,2025-11-30 21:17:00.000000,2025-11-30 21:17:59.999922,1,BAYxx_xxxx_20251130_211125_000.7z
2025-11-30 21:18:00,2638.941187,2.638941187,1194.156730,664.668344,780.116113,768000,768000,1.000000000,1,2025-11-30 21:18:00.000000,2025-11-30 21:18:59.999922,1,BAYxx_xxxx_20251130_211125_000.7z
2025-11-30 21:19:00,2635.608102,2.635608102,1191.768812,663.123955,780.715335,768000,768000,1.000000000,1,2025-11-30 21:19:00.000000,2025-11-30 21:19:59.999922,1,BAYxx_xxxx_20251130_211125_000.7z
2025-11-30 21:20:00,2650.295805,2.650295805,1210.393147,655.101010,784.801648,768000,768000,1.000000000,1,2025-11-30 21:20:00.000000,2025-11-30 21:20:59.999922,1,BAYxx_xxxx_20251130_211125_000.7z
2025-11-30 21:21:00,2631.239633,2.631239633,1189.782841,651.198589,790.258203,716906,768000,0.933471354,0,2025-11-30 21:21:00.000000,2025-11-30 21:21:59.999922,2,BAYxx_xxxx_20251130_211125_000.7z;BAYxx_xxxx_20251130_212129_000.7z
2025-11-30 21:22:00,2636.255644,2.636255644,1187.464701,651.090021,797.700922,768000,768000,1.000000000,1,2025-11-30 21:22:00.000000,2025-11-30 21:22:59.999922,1,BAYxx_xxxx_20251130_212129_000.7z
2025-11-30 21:23:00,2645.854530,2.645854530,1200.136293,653.795255,791.922982,768000,768000,1.000000000,1,2025-11-30 21:23:00.000000,2025-11-30 21:23:59.999922,1,BAYxx_xxxx_20251130_212129_000.7z
2025-11-30 21:24:00,2636.949009,2.636949009,1195.831978,654.890936,786.226095,768000,768000,1.000000000,1,2025-11-30 21:24:00.000000,2025-11-30 21:24:59.999922,1,BAYxx_xxxx_20251130_212129_000.7z
2025-11-30 21:25:00,2640.941695,2.640941695,1185.654701,666.576854,788.710139,768000,768000,1.000000000,1,2025-11-30 21:25:00.000000,2025-11-30 21:25:59.999922,1,BAYxx_xxxx_20251130_212129_000.7z
2025-11-30 21:26:00,2636.865470,2.636865470,1182.933342,657.014220,796.917909,768000,768000,1.000000000,1,2025-11-30 21:26:00.000000,2025-11-30 21:26:59.999922,1,BAYxx_xxxx_20251130_212129_000.7z
2025-11-30 21:27:00,2631.990928,2.631990928,1180.619841,652.134841,799.236246,768000,768000,1.000000000,1,2025-11-30 21:27:00.000000,2025-11-30 21:27:59.999922,1,BAYxx_xxxx_20251130_212129_000.7z
2025-11-30 21:28:00,2638.426901,2.638426901,1193.985724,654.870929,789.570248,768000,768000,1.000000000,1,2025-11-30 21:28:00.000000,2025-11-30 21:28:59.999922,1,BAYxx_xxxx_20251130_212129_000.7z
2025-11-30 21:29:00,2637.949949,2.637949949,1193.327495,652.199543,792.422910,768000,768000,1.000000000,1,2025-11-30 21:29:00.000000,2025-11-30 21:29:59.999922,1,BAYxx_xxxx_20251130_212129_000.7z
2025-11-30 21:30:00,2739.143780,2.739143780,1200.450199,654.007359,884.686222,768000,768000,1.000000000,1,2025-11-30 21:30:00.000000,2025-11-30 21:30:59.999922,1,BAYxx_xxxx_20251130_212129_000.7z
2025-11-30 21:31:00,3325.333700,3.325333700,1387.347757,853.922665,1084.063278,716850,768000,0.933398437,0,2025-11-30 21:31:00.000000,2025-11-30 21:31:59.999922,2,BAYxx_xxxx_20251130_212129_000.7z;BAYxx_xxxx_20251130_213133_000.7z
2025-11-30 21:32:00,10617.464778,10.617464778,3650.095036,3384.540506,3582.829236,768000,768000,1.000000000,1,2025-11-30 21:32:00.000000,2025-11-30 21:32:59.999922,1,BAYxx_xxxx_20251130_213133_000.7z
2025-11-30 21:33:00,3619.158319,3.619158319,1484.659704,954.339883,1180.158731,768000,768000,1.000000000,1,2025-11-30 21:33:00.000000,2025-11-30 21:33:59.999922,1,BAYxx_xxxx_20251130_213133_000.7z
2025-11-30 21:34:00,2743.404169,2.743404169,1194.775795,659.015941,889.612433,768000,768000,1.000000000,1,2025-11-30 21:34:00.000000,2025-11-30 21:34:59.999922,1,BAYxx_xxxx_20251130_213133_000.7z
2025-11-30 21:35:00,2730.500767,2.730500767,1194.246340,647.481871,888.772556,768000,768000,1.000000000,1,2025-11-30 21:35:00.000000,2025-11-30 21:35:59.999922,1,BAYxx_xxxx_20251130_213133_000.7z
2025-11-30 21:36:00,4379.280527,4.379280527,1738.240216,1220.676166,1420.364145,768000,768000,1.000000000,1,2025-11-30 21:36:00.000000,2025-11-30 21:36:59.999922,1,BAYxx_xxxx_20251130_213133_000.7z
2025-11-30 21:37:00,8406.335762,8.406335762,3000.761176,2603.030407,2802.544179,768000,768000,1.000000000,1,2025-11-30 21:37:00.000000,2025-11-30 21:37:59.999922,1,BAYxx_xxxx_20251130_213133_000.7z
2025-11-30 21:38:00,2755.088843,2.755088843,1213.587960,664.708587,876.792296,768000,768000,1.000000000,1,2025-11-30 21:38:00.000000,2025-11-30 21:38:59.999922,1,BAYxx_xxxx_20251130_213133_000.7z
2025-11-30 21:39:00,2752.874022,2.752874022,1201.546061,666.892727,884.435233,768000,768000,1.000000000,1,2025-11-30 21:39:00.000000,2025-11-30 21:39:59.999922,1,BAYxx_xxxx_20251130_213133_000.7z
2025-11-30 21:40:00,2747.823809,2.747823809,1198.828944,663.667112,885.327753,768000,768000,1.000000000,1,2025-11-30 21:40:00.000000,2025-11-30 21:40:59.999922,1,BAYxx_xxxx_20251130_213133_000.7z
2025-11-30 21:41:00,2742.887378,2.742887378,1194.495778,664.169266,884.222334,588821,768000,0.766694010,0,2025-11-30 21:41:00.000000,2025-11-30 21:41:59.999922,2,BAYxx_xxxx_20251130_213133_000.7z;BAYxx_xxxx_20251130_214147_000.7z
2025-11-30 21:42:00,2761.849541,2.761849541,1202.274327,672.999060,886.576155,768000,768000,1.000000000,1,2025-11-30 21:42:00.000000,2025-11-30 21:42:59.999922,1,BAYxx_xxxx_20251130_214147_000.7z
2025-11-30 21:43:00,2748.184277,2.748184277,1191.087497,670.950432,886.146349,768000,768000,1.000000000,1,2025-11-30 21:43:00.000000,2025-11-30 21:43:59.999922,1,BAYxx_xxxx_20251130_214147_000.7z
2025-11-30 21:44:00,2748.243942,2.748243942,1193.803853,659.463916,894.976173,768000,768000,1.000000000,1,2025-11-30 21:44:00.000000,2025-11-30 21:44:59.999922,1,BAYxx_xxxx_20251130_214147_000.7z
2025-11-30 21:45:00,2751.399793,2.751399793,1197.574889,662.960167,890.864738,768000,768000,1.000000000,1,2025-11-30 21:45:00.000000,2025-11-30 21:45:59.999922,1,BAYxx_xxxx_20251130_214147_000.7z
2025-11-30 21:46:00,2747.153503,2.747153503,1201.755055,663.442919,881.955529,768000,768000,1.000000000,1,2025-11-30 21:46:00.000000,2025-11-30 21:46:59.999922,1,BAYxx_xxxx_20251130_214147_000.7z
2025-11-30 21:47:00,2738.681110,2.738681110,1195.369716,657.165723,886.145671,768000,768000,1.000000000,1,2025-11-30 21:47:00.000000,2025-11-30 21:47:59.999922,1,BAYxx_xxxx_20251130_214147_000.7z
2025-11-30 21:48:00,2739.842868,2.739842868,1196.728654,651.764878,891.349336,768000,768000,1.000000000,1,2025-11-30 21:48:00.000000,2025-11-30 21:48:59.999922,1,BAYxx_xxxx_20251130_214147_000.7z
2025-11-30 21:49:00,2734.830676,2.734830676,1190.973275,650.552470,893.304930,768000,768000,1.000000000,1,2025-11-30 21:49:00.000000,2025-11-30 21:49:59.999922,1,BAYxx_xxxx_20251130_214147_000.7z
2025-11-30 21:50:00,2733.990513,2.733990513,1196.495713,648.850764,888.644037,768000,768000,1.000000000,1,2025-11-30 21:50:00.000000,2025-11-30 21:50:59.999922,1,BAYxx_xxxx_20251130_214147_000.7z
2025-11-30 21:51:00,2738.472502,2.738472502,1188.295560,661.888469,888.288473,716897,768000,0.933459635,0,2025-11-30 21:51:00.000000,2025-11-30 21:51:59.999922,2,BAYxx_xxxx_20251130_214147_000.7z;BAYxx_xxxx_20251130_215151_000.7z
2025-11-30 21:52:00,2749.371092,2.749371092,1195.969483,660.311634,893.089974,768000,768000,1.000000000,1,2025-11-30 21:52:00.000000,2025-11-30 21:52:59.999922,1,BAYxx_xxxx_20251130_215151_000.7z
2025-11-30 21:53:00,2743.333673,2.743333673,1190.902184,651.198460,901.233030,768000,768000,1.000000000,1,2025-11-30 21:53:00.000000,2025-11-30 21:53:59.999922,1,BAYxx_xxxx_20251130_215151_000.7z
2025-11-30 21:54:00,2747.725480,2.747725480,1195.870758,660.540967,891.313755,768000,768000,1.000000000,1,2025-11-30 21:54:00.000000,2025-11-30 21:54:59.999922,1,BAYxx_xxxx_20251130_215151_000.7z
2025-11-30 21:55:00,2750.879011,2.750879011,1206.554405,650.136401,894.188205,768000,768000,1.000000000,1,2025-11-30 21:55:00.000000,2025-11-30 21:55:59.999922,1,BAYxx_xxxx_20251130_215151_000.7z
2025-11-30 21:56:00,2743.913621,2.743913621,1211.187061,644.871970,887.854590,768000,768000,1.000000000,1,2025-11-30 21:56:00.000000,2025-11-30 21:56:59.999922,1,BAYxx_xxxx_20251130_215151_000.7z
2025-11-30 21:57:00,2757.652701,2.757652701,1206.370424,655.361571,895.920706,768000,768000,1.000000000,1,2025-11-30 21:57:00.000000,2025-11-30 21:57:59.999922,1,BAYxx_xxxx_20251130_215151_000.7z
2025-11-30 21:58:00,2748.742289,2.748742289,1205.658165,649.855558,893.228566,768000,768000,1.000000000,1,2025-11-30 21:58:00.000000,2025-11-30 21:58:59.999922,1,BAYxx_xxxx_20251130_215151_000.7z
2025-11-30 21:59:00,2761.880678,2.761880678,1218.125928,650.337357,893.417392,768000,768000,1.000000000,1,2025-11-30 21:59:00.000000,2025-11-30 21:59:59.999922,1,BAYxx_xxxx_20251130_215151_000.7z
2025-11-30 22:00:00,2690.241103,2.690241103,1212.799358,650.732391,826.709354,768000,768000,1.000000000,1,2025-11-30 22:00:00.000000,2025-11-30 22:00:59.999922,1,BAYxx_xxxx_20251130_215151_000.7z
2025-11-30 22:01:00,2649.040173,2.649040173,1204.737083,650.593347,793.709743,742484,768000,0.966776042,0,2025-11-30 22:01:00.000000,2025-11-30 22:01:59.999922,2,BAYxx_xxxx_20251130_215151_000.7z;BAYxx_xxxx_20251130_220153_000.7z
2025-11-30 22:02:00,2649.201540,2.649201540,1198.600251,653.051213,797.550076,768000,768000,1.000000000,1,2025-11-30 22:02:00.000000,2025-11-30 22:02:59.999922,1,BAYxx_xxxx_20251130_220153_000.7z
2025-11-30 22:03:00,2654.268752,2.654268752,1208.216027,653.668242,792.384483,768000,768000,1.000000000,1,2025-11-30 22:03:00.000000,2025-11-30 22:03:59.999922,1,BAYxx_xxxx_20251130_220153_000.7z
2025-11-30 22:04:00,2644.612314,2.644612314,1202.592046,636.877383,805.142885,768000,768000,1.000000000,1,2025-11-30 22:04:00.000000,2025-11-30 22:04:59.999922,1,BAYxx_xxxx_20251130_220153_000.7z
2025-11-30 22:05:00,2651.307986,2.651307986,1206.442003,647.810351,797.055632,768000,768000,1.000000000,1,2025-11-30 22:05:00.000000,2025-11-30 22:05:59.999922,1,BAYxx_xxxx_20251130_220153_000.7z
2025-11-30 22:06:00,2645.075489,2.645075489,1198.955539,649.459006,796.660944,768000,768000,1.000000000,1,2025-11-30 22:06:00.000000,2025-11-30 22:06:59.999922,1,BAYxx_xxxx_20251130_220153_000.7z
2025-11-30 22:07:00,2651.233453,2.651233453,1204.241451,649.856439,797.135562,768000,768000,1.000000000,1,2025-11-30 22:07:00.000000,2025-11-30 22:07:59.999922,1,BAYxx_xxxx_20251130_220153_000.7z
2025-11-30 22:08:00,2652.658109,2.652658109,1204.923775,647.808489,799.925845,768000,768000,1.000000000,1,2025-11-30 22:08:00.000000,2025-11-30 22:08:59.999922,1,BAYxx_xxxx_20251130_220153_000.7z
2025-11-30 22:09:00,2648.871822,2.648871822,1199.453943,644.117242,805.300637,768000,768000,1.000000000,1,2025-11-30 22:09:00.000000,2025-11-30 22:09:59.999922,1,BAYxx_xxxx_20251130_220153_000.7z
2025-11-30 22:10:00,2645.969352,2.645969352,1212.796167,648.892091,784.281094,768000,768000,1.000000000,1,2025-11-30 22:10:00.000000,2025-11-30 22:10:59.999922,1,BAYxx_xxxx_20251130_220153_000.7z
2025-11-30 22:11:00,2649.050934,2.649050934,1204.877495,656.676352,787.497087,678462,768000,0.883414062,0,2025-11-30 22:11:00.000000,2025-11-30 22:11:53.004766,1,BAYxx_xxxx_20251130_220153_000.7z
2025-11-30 22:12:00,2648.736234,2.648736234,1206.139031,656.029628,786.567575,716800,768000,0.933333333,0,2025-11-30 22:12:04.000000,2025-11-30 22:12:59.999922,1,BAYxx_xxxx_20251130_221204_000.7z
2025-11-30 22:13:00,2656.882603,2.656882603,1195.753095,672.557565,788.571943,768000,768000,1.000000000,1,2025-11-30 22:13:00.000000,2025-11-30 22:13:59.999922,1,BAYxx_xxxx_20251130_221204_000.7z
2025-11-30 22:14:00,2650.415491,2.650415491,1212.714104,651.506018,786.195369,768000,768000,1.000000000,1,2025-11-30 22:14:00.000000,2025-11-30 22:14:59.999922,1,BAYxx_xxxx_20251130_221204_000.7z
2025-11-30 22:15:00,2709.913229,2.709913229,1210.147636,652.389145,847.376447,768000,768000,1.000000000,1,2025-11-30 22:15:00.000000,2025-11-30 22:15:59.999922,1,BAYxx_xxxx_20251130_221204_000.7z
2025-11-30 22:16:00,2748.817492,2.748817492,1211.133341,650.281054,887.403096,768000,768000,1.000000000,1,2025-11-30 22:16:00.000000,2025-11-30 22:16:59.999922,1,BAYxx_xxxx_20251130_221204_000.7z
2025-11-30 22:17:00,2742.259932,2.742259932,1209.375296,646.131513,886.753124,768000,768000,1.000000000,1,2025-11-30 22:17:00.000000,2025-11-30 22:17:59.999922,1,BAYxx_xxxx_20251130_221204_000.7z
2025-11-30 22:18:00,2749.075432,2.749075432,1207.252130,657.470364,884.352938,768000,768000,1.000000000,1,2025-11-30 22:18:00.000000,2025-11-30 22:18:59.999922,1,BAYxx_xxxx_20251130_221204_000.7z
2025-11-30 22:19:00,2740.666717,2.740666717,1206.018192,654.666016,879.982510,768000,768000,1.000000000,1,2025-11-30 22:19:00.000000,2025-11-30 22:19:59.999922,1,BAYxx_xxxx_20251130_221204_000.7z
2025-11-30 22:20:00,2746.605959,2.746605959,1207.932087,653.390279,885.283593,768000,768000,1.000000000,1,2025-11-30 22:20:00.000000,2025-11-30 22:20:59.999922,1,BAYxx_xxxx_20251130_221204_000.7z
2025-11-30 22:21:00,2747.678992,2.747678992,1205.453304,657.550439,884.675249,768000,768000,1.000000000,1,2025-11-30 22:21:00.000000,2025-11-30 22:21:59.999922,1,BAYxx_xxxx_20251130_221204_000.7z
2025-11-30 22:22:00,2733.702318,2.733702318,1206.552040,647.668828,879.481451,652803,768000,0.850003906,0,2025-11-30 22:22:00.000000,2025-11-30 22:22:59.999922,2,BAYxx_xxxx_20251130_221204_000.7z;BAYxx_xxxx_20251130_222213_000.7z
2025-11-30 22:23:00,2754.246309,2.754246309,1214.622551,658.118000,881.505758,768000,768000,1.000000000,1,2025-11-30 22:23:00.000000,2025-11-30 22:23:59.999922,1,BAYxx_xxxx_20251130_222213_000.7z
2025-11-30 22:24:00,2752.565006,2.752565006,1216.321548,649.229513,887.013944,768000,768000,1.000000000,1,2025-11-30 22:24:00.000000,2025-11-30 22:24:59.999922,1,BAYxx_xxxx_20251130_222213_000.7z
2025-11-30 22:25:00,2737.816895,2.737816895,1212.404579,646.008261,879.404055,768000,768000,1.000000000,1,2025-11-30 22:25:00.000000,2025-11-30 22:25:59.999922,1,BAYxx_xxxx_20251130_222213_000.7z
2025-11-30 22:26:00,2745.077158,2.745077158,1211.774195,652.109586,881.193377,768000,768000,1.000000000,1,2025-11-30 22:26:00.000000,2025-11-30 22:26:59.999922,1,BAYxx_xxxx_20251130_222213_000.7z
2025-11-30 22:27:00,2741.026978,2.741026978,1207.730697,652.066128,881.230154,768000,768000,1.000000000,1,2025-11-30 22:27:00.000000,2025-11-30 22:27:59.999922,1,BAYxx_xxxx_20251130_222213_000.7z
2025-11-30 22:28:00,2751.371237,2.751371237,1216.256788,652.459100,882.655348,768000,768000,1.000000000,1,2025-11-30 22:28:00.000000,2025-11-30 22:28:59.999922,1,BAYxx_xxxx_20251130_222213_000.7z
2025-11-30 22:29:00,2741.740997,2.741740997,1210.336287,649.702206,881.702504,768000,768000,1.000000000,1,2025-11-30 22:29:00.000000,2025-11-30 22:29:59.999922,1,BAYxx_xxxx_20251130_222213_000.7z
2025-11-30 22:30:00,2757.693162,2.757693162,1214.942854,658.876849,883.873459,768000,768000,1.000000000,1,2025-11-30 22:30:00.000000,2025-11-30 22:30:59.999922,1,BAYxx_xxxx_20251130_222213_000.7z
2025-11-30 22:31:00,2736.498038,2.736498038,1209.584616,649.718198,877.195224,768000,768000,1.000000000,1,2025-11-30 22:31:00.000000,2025-11-30 22:31:59.999922,1,BAYxx_xxxx_20251130_222213_000.7z
2025-11-30 22:32:00,2739.105936,2.739105936,1209.584692,655.600902,873.920342,704023,768000,0.916696615,0,2025-11-30 22:32:00.000000,2025-11-30 22:32:59.999922,2,BAYxx_xxxx_20251130_222213_000.7z;BAYxx_xxxx_20251130_223218_000.7z
2025-11-30 22:33:00,3292.723870,3.292723870,1396.146494,840.016049,1056.561327,768000,768000,1.000000000,1,2025-11-30 22:33:00.000000,2025-11-30 22:33:59.999922,1,BAYxx_xxxx_20251130_223218_000.7z
2025-11-30 22:34:00,6400.270194,6.400270194,2386.749855,1899.558001,2113.962338,768000,768000,1.000000000,1,2025-11-30 22:34:00.000000,2025-11-30 22:34:59.999922,1,BAYxx_xxxx_20251130_223218_000.7z
2025-11-30 22:35:00,8441.744520,8.441744520,3023.457279,2582.123486,2836.163755,768000,768000,1.000000000,1,2025-11-30 22:35:00.000000,2025-11-30 22:35:59.999922,1,BAYxx_xxxx_20251130_223218_000.7z
2025-11-30 22:36:00,2759.281221,2.759281221,1220.079238,654.063827,885.138156,768000,768000,1.000000000,1,2025-11-30 22:36:00.000000,2025-11-30 22:36:59.999922,1,BAYxx_xxxx_20251130_223218_000.7z
2025-11-30 22:37:00,2755.196748,2.755196748,1208.097226,657.869212,889.230311,768000,768000,1.000000000,1,2025-11-30 22:37:00.000000,2025-11-30 22:37:59.999922,1,BAYxx_xxxx_20251130_223218_000.7z
2025-11-30 22:38:00,4076.084171,4.076084171,1643.650408,1111.833777,1320.599986,768000,768000,1.000000000,1,2025-11-30 22:38:00.000000,2025-11-30 22:38:59.999922,1,BAYxx_xxxx_20251130_223218_000.7z
2025-11-30 22:39:00,8623.804682,8.623804682,3092.494336,2652.207413,2879.102933,768000,768000,1.000000000,1,2025-11-30 22:39:00.000000,2025-11-30 22:39:59.999922,1,BAYxx_xxxx_20251130_223218_000.7z
2025-11-30 22:40:00,2750.823456,2.750823456,1217.981643,652.732009,880.109803,768000,768000,1.000000000,1,2025-11-30 22:40:00.000000,2025-11-30 22:40:59.999922,1,BAYxx_xxxx_20251130_223218_000.7z
2025-11-30 22:41:00,2758.702821,2.758702821,1217.520141,658.816331,882.366349,768000,768000,1.000000000,1,2025-11-30 22:41:00.000000,2025-11-30 22:41:59.999922,1,BAYxx_xxxx_20251130_223218_000.7z
2025-11-30 22:42:00,2753.325424,2.753325424,1217.128648,651.405796,884.790979,716907,768000,0.933472656,0,2025-11-30 22:42:00.000000,2025-11-30 22:42:59.999922,2,BAYxx_xxxx_20251130_223218_000.7z;BAYxx_xxxx_20251130_224222_000.7z
2025-11-30 22:43:00,2756.722925,2.756722925,1217.815214,654.904796,884.002915,768000,768000,1.000000000,1,2025-11-30 22:43:00.000000,2025-11-30 22:43:59.999922,1,BAYxx_xxxx_20251130_224222_000.7z
2025-11-30 22:44:00,2758.415455,2.758415455,1224.423921,653.850721,880.140813,768000,768000,1.000000000,1,2025-11-30 22:44:00.000000,2025-11-30 22:44:59.999922,1,BAYxx_xxxx_20251130_224222_000.7z
2025-11-30 22:45:00,2728.085512,2.728085512,1220.190374,657.959991,849.935147,768000,768000,1.000000000,1,2025-11-30 22:45:00.000000,2025-11-30 22:45:59.999922,1,BAYxx_xxxx_20251130_224222_000.7z
2025-11-30 22:46:00,2663.035732,2.663035732,1219.666775,654.120644,789.248314,768000,768000,1.000000000,1,2025-11-30 22:46:00.000000,2025-11-30 22:46:59.999922,1,BAYxx_xxxx_20251130_224222_000.7z
2025-11-30 22:47:00,2659.086031,2.659086031,1223.724550,647.406210,787.955271,768000,768000,1.000000000,1,2025-11-30 22:47:00.000000,2025-11-30 22:47:59.999922,1,BAYxx_xxxx_20251130_224222_000.7z
2025-11-30 22:48:00,2650.382810,2.650382810,1219.266784,645.957766,785.158260,768000,768000,1.000000000,1,2025-11-30 22:48:00.000000,2025-11-30 22:48:59.999922,1,BAYxx_xxxx_20251130_224222_000.7z
2025-11-30 22:49:00,2663.355302,2.663355302,1222.276403,654.035494,787.043405,768000,768000,1.000000000,1,2025-11-30 22:49:00.000000,2025-11-30 22:49:59.999922,1,BAYxx_xxxx_20251130_224222_000.7z
2025-11-30 22:50:00,2647.978436,2.647978436,1212.592466,650.458879,784.927090,768000,768000,1.000000000,1,2025-11-30 22:50:00.000000,2025-11-30 22:50:59.999922,1,BAYxx_xxxx_20251130_224222_000.7z
2025-11-30 22:51:00,2664.728567,2.664728567,1216.952440,655.289998,792.486128,768000,768000,1.000000000,1,2025-11-30 22:51:00.000000,2025-11-30 22:51:59.999922,1,BAYxx_xxxx_20251130_224222_000.7z
2025-11-30 22:52:00,2664.717261,2.664717261,1213.190518,658.863444,792.663299,716941,768000,0.933516927,0,2025-11-30 22:52:00.000000,2025-11-30 22:52:59.999922,2,BAYxx_xxxx_20251130_224222_000.7z;BAYxx_xxxx_20251130_225226_000.7z
2025-11-30 22:53:00,2665.023187,2.665023187,1218.875736,655.071907,791.075543,768000,768000,1.000000000,1,2025-11-30 22:53:00.000000,2025-11-30 22:53:59.999922,1,BAYxx_xxxx_20251130_225226_000.7z
2025-11-30 22:54:00,2666.513328,2.666513328,1220.899526,652.349220,793.264582,768000,768000,1.000000000,1,2025-11-30 22:54:00.000000,2025-11-30 22:54:59.999922,1,BAYxx_xxxx_20251130_225226_000.7z
2025-11-30 22:55:00,2657.912548,2.657912548,1219.104288,654.330777,784.477484,768000,768000,1.000000000,1,2025-11-30 22:55:00.000000,2025-11-30 22:55:59.999922,1,BAYxx_xxxx_20251130_225226_000.7z
2025-11-30 22:56:00,2662.280171,2.662280171,1223.097288,653.111208,786.071675,768000,768000,1.000000000,1,2025-11-30 22:56:00.000000,2025-11-30 22:56:59.999922,1,BAYxx_xxxx_20251130_225226_000.7z
2025-11-30 22:57:00,2649.288642,2.649288642,1211.666917,652.554001,785.067724,768000,768000,1.000000000,1,2025-11-30 22:57:00.000000,2025-11-30 22:57:59.999922,1,BAYxx_xxxx_20251130_225226_000.7z
2025-11-30 22:58:00,2657.524069,2.657524069,1216.601331,649.211972,791.710766,768000,768000,1.000000000,1,2025-11-30 22:58:00.000000,2025-11-30 22:58:59.999922,1,BAYxx_xxxx_20251130_225226_000.7z
2025-11-30 22:59:00,2661.403029,2.661403029,1219.085347,651.724849,790.592833,768000,768000,1.000000000,1,2025-11-30 22:59:00.000000,2025-11-30 22:59:59.999922,1,BAYxx_xxxx_20251130_225226_000.7z
2025-11-30 23:00:00,2669.908006,2.669908006,1211.126971,657.253368,801.527668,768000,768000,1.000000000,1,2025-11-30 23:00:00.000000,2025-11-30 23:00:59.999922,1,BAYxx_xxxx_20251130_225226_000.7z
2025-11-30 23:01:00,2759.004184,2.759004184,1214.758052,654.554336,889.691796,768000,768000,1.000000000,1,2025-11-30 23:01:00.000000,2025-11-30 23:01:59.999922,1,BAYxx_xxxx_20251130_225226_000.7z
2025-11-30 23:02:00,2754.489118,2.754489118,1213.377676,651.954631,889.156811,729608,768000,0.950010417,0,2025-11-30 23:02:00.000000,2025-11-30 23:02:59.999922,2,BAYxx_xxxx_20251130_225226_000.7z;BAYxx_xxxx_20251130_230229_000.7z
2025-11-30 23:03:00,2768.284752,2.768284752,1221.369029,662.786945,884.128778,768000,768000,1.000000000,1,2025-11-30 23:03:00.000000,2025-11-30 23:03:59.999922,1,BAYxx_xxxx_20251130_230229_000.7z
2025-11-30 23:04:00,2753.749734,2.753749734,1209.405130,654.398755,889.945849,768000,768000,1.000000000,1,2025-11-30 23:04:00.000000,2025-11-30 23:04:59.999922,1,BAYxx_xxxx_20251130_230229_000.7z
2025-11-30 23:05:00,2764.575306,2.764575306,1219.064701,653.849210,891.661394,768000,768000,1.000000000,1,2025-11-30 23:05:00.000000,2025-11-30 23:05:59.999922,1,BAYxx_xxxx_20251130_230229_000.7z
2025-11-30 23:06:00,2760.690920,2.760690920,1216.091713,656.778781,887.820427,768000,768000,1.000000000,1,2025-11-30 23:06:00.000000,2025-11-30 23:06:59.999922,1,BAYxx_xxxx_20251130_230229_000.7z
2025-11-30 23:07:00,2761.561529,2.761561529,1217.917726,657.006057,886.637745,768000,768000,1.000000000,1,2025-11-30 23:07:00.000000,2025-11-30 23:07:59.999922,1,BAYxx_xxxx_20251130_230229_000.7z
2025-11-30 23:08:00,2763.474233,2.763474233,1223.286174,656.572459,883.615599,768000,768000,1.000000000,1,2025-11-30 23:08:00.000000,2025-11-30 23:08:59.999922,1,BAYxx_xxxx_20251130_230229_000.7z
2025-11-30 23:09:00,2770.239506,2.770239506,1219.714112,662.764841,887.760553,768000,768000,1.000000000,1,2025-11-30 23:09:00.000000,2025-11-30 23:09:59.999922,1,BAYxx_xxxx_20251130_230229_000.7z
2025-11-30 23:10:00,2761.991268,2.761991268,1216.934264,658.193625,886.863380,768000,768000,1.000000000,1,2025-11-30 23:10:00.000000,2025-11-30 23:10:59.999922,1,BAYxx_xxxx_20251130_230229_000.7z
2025-11-30 23:11:00,2764.667988,2.764667988,1212.580443,662.751593,889.335952,768000,768000,1.000000000,1,2025-11-30 23:11:00.000000,2025-11-30 23:11:59.999922,1,BAYxx_xxxx_20251130_230229_000.7z
2025-11-30 23:12:00,2773.520988,2.773520988,1225.530180,657.802698,890.188111,652820,768000,0.850026042,0,2025-11-30 23:12:00.000000,2025-11-30 23:12:59.999922,2,BAYxx_xxxx_20251130_230229_000.7z;BAYxx_xxxx_20251130_231238_000.7z
2025-11-30 23:13:00,2773.979188,2.773979188,1219.148809,660.938059,893.892320,768000,768000,1.000000000,1,2025-11-30 23:13:00.000000,2025-11-30 23:13:59.999922,1,BAYxx_xxxx_20251130_231238_000.7z
2025-11-30 23:14:00,2775.166444,2.775166444,1214.370420,666.883261,893.912763,768000,768000,1.000000000,1,2025-11-30 23:14:00.000000,2025-11-30 23:14:59.999922,1,BAYxx_xxxx_20251130_231238_000.7z
2025-11-30 23:15:00,2775.815738,2.775815738,1218.767719,664.872490,892.175529,768000,768000,1.000000000,1,2025-11-30 23:15:00.000000,2025-11-30 23:15:59.999922,1,BAYxx_xxxx_20251130_231238_000.7z
2025-11-30 23:16:00,2766.771925,2.766771925,1216.056017,661.227122,889.488785,768000,768000,1.000000000,1,2025-11-30 23:16:00.000000,2025-11-30 23:16:59.999922,1,BAYxx_xxxx_20251130_231238_000.7z
2025-11-30 23:17:00,2777.497170,2.777497170,1221.797274,654.172799,901.527097,768000,768000,1.000000000,1,2025-11-30 23:17:00.000000,2025-11-30 23:17:59.999922,1,BAYxx_xxxx_20251130_231238_000.7z
2025-11-30 23:18:00,2763.824071,2.763824071,1210.590709,663.270845,889.962517,768000,768000,1.000000000,1,2025-11-30 23:18:00.000000,2025-11-30 23:18:59.999922,1,BAYxx_xxxx_20251130_231238_000.7z
2025-11-30 23:19:00,2763.069933,2.763069933,1216.802036,656.699970,889.567927,768000,768000,1.000000000,1,2025-11-30 23:19:00.000000,2025-11-30 23:19:59.999922,1,BAYxx_xxxx_20251130_231238_000.7z
2025-11-30 23:20:00,2768.697868,2.768697868,1213.684513,661.857002,893.156354,768000,768000,1.000000000,1,2025-11-30 23:20:00.000000,2025-11-30 23:20:59.999922,1,BAYxx_xxxx_20251130_231238_000.7z
2025-11-30 23:21:00,2765.074818,2.765074818,1216.871233,662.530594,885.672992,768000,768000,1.000000000,1,2025-11-30 23:21:00.000000,2025-11-30 23:21:59.999922,1,BAYxx_xxxx_20251130_231238_000.7z
2025-11-30 23:22:00,2776.752056,2.776752056,1227.066179,664.151491,885.534386,588868,768000,0.766755208,0,2025-11-30 23:22:00.000000,2025-11-30 23:22:59.999922,2,BAYxx_xxxx_20251130_231238_000.7z;BAYxx_xxxx_20251130_232252_000.7z
2025-11-30 23:23:00,2762.859375,2.762859375,1221.523762,663.055277,878.280337,768000,768000,1.000000000,1,2025-11-30 23:23:00.000000,2025-11-30 23:23:59.999922,1,BAYxx_xxxx_20251130_232252_000.7z
2025-11-30 23:24:00,2779.584266,2.779584266,1224.238001,676.292147,879.054119,768000,768000,1.000000000,1,2025-11-30 23:24:00.000000,2025-11-30 23:24:59.999922,1,BAYxx_xxxx_20251130_232252_000.7z
2025-11-30 23:25:00,2770.398039,2.770398039,1223.936975,667.246244,879.214820,768000,768000,1.000000000,1,2025-11-30 23:25:00.000000,2025-11-30 23:25:59.999922,1,BAYxx_xxxx_20251130_232252_000.7z
2025-11-30 23:26:00,2775.592213,2.775592213,1215.270960,670.689029,889.632224,768000,768000,1.000000000,1,2025-11-30 23:26:00.000000,2025-11-30 23:26:59.999922,1,BAYxx_xxxx_20251130_232252_000.7z
2025-11-30 23:27:00,2771.111161,2.771111161,1217.293805,663.661245,890.156111,768000,768000,1.000000000,1,2025-11-30 23:27:00.000000,2025-11-30 23:27:59.999922,1,BAYxx_xxxx_20251130_232252_000.7z
2025-11-30 23:28:00,2771.880571,2.771880571,1220.788876,660.492629,890.599066,768000,768000,1.000000000,1,2025-11-30 23:28:00.000000,2025-11-30 23:28:59.999922,1,BAYxx_xxxx_20251130_232252_000.7z
2025-11-30 23:29:00,2758.542200,2.758542200,1215.288274,655.309404,887.944522,768000,768000,1.000000000,1,2025-11-30 23:29:00.000000,2025-11-30 23:29:59.999922,1,BAYxx_xxxx_20251130_232252_000.7z
2025-11-30 23:30:00,2781.077576,2.781077576,1218.609234,674.180194,888.288147,768000,768000,1.000000000,1,2025-11-30 23:30:00.000000,2025-11-30 23:30:59.999922,1,BAYxx_xxxx_20251130_232252_000.7z
2025-11-30 23:31:00,2680.014331,2.680014331,1211.526022,662.239797,806.248512,768000,768000,1.000000000,1,2025-11-30 23:31:00.000000,2025-11-30 23:31:59.999922,1,BAYxx_xxxx_20251130_232252_000.7z
2025-11-30 23:32:00,2669.848432,2.669848432,1215.908015,659.355910,794.584507,704071,768000,0.916759115,0,2025-11-30 23:32:00.000000,2025-11-30 23:32:59.999922,2,BAYxx_xxxx_20251130_232252_000.7z;BAYxx_xxxx_20251130_233257_000.7z
2025-11-30 23:33:00,2662.895966,2.662895966,1209.778424,662.661010,790.456532,768000,768000,1.000000000,1,2025-11-30 23:33:00.000000,2025-11-30 23:33:59.999922,1,BAYxx_xxxx_20251130_233257_000.7z
2025-11-30 23:34:00,2909.896322,2.909896322,1299.220735,741.596942,869.078645,768000,768000,1.000000000,1,2025-11-30 23:34:00.000000,2025-11-30 23:34:59.999922,1,BAYxx_xxxx_20251130_233257_000.7z
2025-11-30 23:35:00,4264.022327,4.264022327,1745.234034,1207.901317,1310.886975,768000,768000,1.000000000,1,2025-11-30 23:35:00.000000,2025-11-30 23:35:59.999922,1,BAYxx_xxxx_20251130_233257_000.7z
2025-11-30 23:36:00,10840.813877,10.840813877,3804.000993,3463.073646,3573.739239,768000,768000,1.000000000,1,2025-11-30 23:36:00.000000,2025-11-30 23:36:59.999922,1,BAYxx_xxxx_20251130_233257_000.7z
2025-11-30 23:37:00,2680.383304,2.680383304,1224.336103,668.196018,787.851182,768000,768000,1.000000000,1,2025-11-30 23:37:00.000000,2025-11-30 23:37:59.999922,1,BAYxx_xxxx_20251130_233257_000.7z
2025-11-30 23:38:00,2675.192844,2.675192844,1224.985962,666.470730,783.736152,768000,768000,1.000000000,1,2025-11-30 23:38:00.000000,2025-11-30 23:38:59.999922,1,BAYxx_xxxx_20251130_233257_000.7z
2025-11-30 23:39:00,3686.388117,3.686388117,1554.715485,1002.928490,1128.744142,768000,768000,1.000000000,1,2025-11-30 23:39:00.000000,2025-11-30 23:39:59.999922,1,BAYxx_xxxx_20251130_233257_000.7z
2025-11-30 23:40:00,8937.445885,8.937445885,3217.636226,2809.038427,2910.771232,768000,768000,1.000000000,1,2025-11-30 23:40:00.000000,2025-11-30 23:40:59.999922,1,BAYxx_xxxx_20251130_233257_000.7z
2025-11-30 23:41:00,2689.558040,2.689558040,1228.446694,670.776264,790.335082,768000,768000,1.000000000,1,2025-11-30 23:41:00.000000,2025-11-30 23:41:59.999922,1,BAYxx_xxxx_20251130_233257_000.7z
2025-11-30 23:42:00,2683.216966,2.683216966,1222.662868,671.997930,788.556168,729628,768000,0.950036458,0,2025-11-30 23:42:00.000000,2025-11-30 23:42:57.002109,1,BAYxx_xxxx_20251130_233257_000.7z
2025-11-30 23:43:00,2682.943092,2.682943092,1224.632075,669.752953,788.558064,768000,768000,1.000000000,1,2025-11-30 23:43:00.000000,2025-11-30 23:43:59.999922,1,BAYxx_xxxx_20251130_234300_000.7z
2025-11-30 23:44:00,2682.378836,2.682378836,1221.950973,672.303732,788.124131,768000,768000,1.000000000,1,2025-11-30 23:44:00.000000,2025-11-30 23:44:59.999922,1,BAYxx_xxxx_20251130_234300_000.7z
2025-11-30 23:45:00,2690.830379,2.690830379,1232.239245,667.276685,791.314450,768000,768000,1.000000000,1,2025-11-30 23:45:00.000000,2025-11-30 23:45:59.999922,1,BAYxx_xxxx_20251130_234300_000.7z
2025-11-30 23:46:00,2759.564994,2.759564994,1222.379469,672.782138,864.403388,768000,768000,1.000000000,1,2025-11-30 23:46:00.000000,2025-11-30 23:46:59.999922,1,BAYxx_xxxx_20251130_234300_000.7z
2025-11-30 23:47:00,2781.089122,2.781089122,1217.489671,675.048927,888.550524,768000,768000,1.000000000,1,2025-11-30 23:47:00.000000,2025-11-30 23:47:59.999922,1,BAYxx_xxxx_20251130_234300_000.7z
2025-11-30 23:48:00,2786.767593,2.786767593,1224.780296,668.901715,893.085583,768000,768000,1.000000000,1,2025-11-30 23:48:00.000000,2025-11-30 23:48:59.999922,1,BAYxx_xxxx_20251130_234300_000.7z
2025-11-30 23:49:00,2770.729955,2.770729955,1215.961607,663.573709,891.194638,768000,768000,1.000000000,1,2025-11-30 23:49:00.000000,2025-11-30 23:49:59.999922,1,BAYxx_xxxx_20251130_234300_000.7z
2025-11-30 23:50:00,2781.546652,2.781546652,1217.822009,665.329452,898.395191,768000,768000,1.000000000,1,2025-11-30 23:50:00.000000,2025-11-30 23:50:59.999922,1,BAYxx_xxxx_20251130_234300_000.7z
2025-11-30 23:51:00,2778.458335,2.778458335,1217.475544,665.305993,895.676798,768000,768000,1.000000000,1,2025-11-30 23:51:00.000000,2025-11-30 23:51:59.999922,1,BAYxx_xxxx_20251130_234300_000.7z
2025-11-30 23:52:00,2779.735373,2.779735373,1220.605986,660.605817,898.523570,768000,768000,1.000000000,1,2025-11-30 23:52:00.000000,2025-11-30 23:52:59.999922,1,BAYxx_xxxx_20251130_234300_000.7z
2025-11-30 23:53:00,2776.768012,2.776768012,1214.103605,666.971908,895.692500,716941,768000,0.933516927,0,2025-11-30 23:53:00.000000,2025-11-30 23:53:59.999922,2,BAYxx_xxxx_20251130_234300_000.7z;BAYxx_xxxx_20251130_235304_000.7z
2025-11-30 23:54:00,2779.220114,2.779220114,1221.073119,661.899666,896.247329,768000,768000,1.000000000,1,2025-11-30 23:54:00.000000,2025-11-30 23:54:59.999922,1,BAYxx_xxxx_20251130_235304_000.7z
2025-11-30 23:55:00,2767.375281,2.767375281,1219.665271,655.891101,891.818908,768000,768000,1.000000000,1,2025-11-30 23:55:00.000000,2025-11-30 23:55:59.999922,1,BAYxx_xxxx_20251130_235304_000.7z
2025-11-30 23:56:00,2780.053852,2.780053852,1213.306155,669.285139,897.462558,768000,768000,1.000000000,1,2025-11-30 23:56:00.000000,2025-11-30 23:56:59.999922,1,BAYxx_xxxx_20251130_235304_000.7z
2025-11-30 23:57:00,2784.841516,2.784841516,1222.374075,670.399624,892.067817,768000,768000,1.000000000,1,2025-11-30 23:57:00.000000,2025-11-30 23:57:59.999922,1,BAYxx_xxxx_20251130_235304_000.7z
2025-11-30 23:58:00,2785.053467,2.785053467,1213.887133,668.326414,902.839919,768000,768000,1.000000000,1,2025-11-30 23:58:00.000000,2025-11-30 23:58:59.999922,1,BAYxx_xxxx_20251130_235304_000.7z
2025-11-30 23:59:00,2785.477481,2.785477481,1218.321612,671.607002,895.548867,768000,768000,1.000000000,1,2025-11-30 23:59:00.000000,2025-11-30 23:59:59.999922,1,BAYxx_xxxx_20251130_235304_000.7z
2025-12-01 00:00:00,2762.516944,2.762516944,1206.578608,663.280784,892.657552,768000,768000,1.000000000,1,2025-12-01 00:00:00.000000,2025-12-01 00:00:59.999922,1,BAYxx_xxxx_20251130_235304_000.7z
2025-12-01 00:01:00,2774.469981,2.774469981,1216.890821,663.833850,893.745310,768000,768000,1.000000000,1,2025-12-01 00:01:00.000000,2025-12-01 00:01:59.999922,1,BAYxx_xxxx_20251130_235304_000.7z
2025-12-01 00:02:00,2773.006546,2.773006546,1214.406045,664.284130,894.316371,768000,768000,1.000000000,1,2025-12-01 00:02:00.000000,2025-12-01 00:02:59.999922,1,BAYxx_xxxx_20251130_235304_000.7z
2025-12-01 00:03:00,2772.226489,2.772226489,1214.663041,661.477087,896.086361,716830,768000,0.933372396,0,2025-12-01 00:03:00.000000,2025-12-01 00:03:59.999922,2,BAYxx_xxxx_20251130_235304_000.7z;BAYxx_xxxx_20251201_000308_000.7z
2025-12-01 00:04:00,2764.031228,2.764031228,1203.150793,664.928361,895.952074,768000,768000,1.000000000,1,2025-12-01 00:04:00.000000,2025-12-01 00:04:59.999922,1,BAYxx_xxxx_20251201_000308_000.7z
2025-12-01 00:05:00,2763.460308,2.763460308,1204.469859,667.050286,891.940163,768000,768000,1.000000000,1,2025-12-01 00:05:00.000000,2025-12-01 00:05:59.999922,1,BAYxx_xxxx_20251201_000308_000.7z
2025-12-01 00:06:00,2756.662443,2.756662443,1203.159924,660.733038,892.769481,768000,768000,1.000000000,1,2025-12-01 00:06:00.000000,2025-12-01 00:06:59.999922,1,BAYxx_xxxx_20251201_000308_000.7z
2025-12-01 00:07:00,2763.618936,2.763618936,1204.615213,661.021620,897.982103,768000,768000,1.000000000,1,2025-12-01 00:07:00.000000,2025-12-01 00:07:59.999922,1,BAYxx_xxxx_20251201_000308_000.7z
2025-12-01 00:08:00,2763.629737,2.763629737,1204.379531,659.454366,899.795840,768000,768000,1.000000000,1,2025-12-01 00:08:00.000000,2025-12-01 00:08:59.999922,1,BAYxx_xxxx_20251201_000308_000.7z
2025-12-01 00:09:00,2757.381639,2.757381639,1200.031903,656.605308,900.744427,768000,768000,1.000000000,1,2025-12-01 00:09:00.000000,2025-12-01 00:09:59.999922,1,BAYxx_xxxx_20251201_000308_000.7z
2025-12-01 00:10:00,2765.325013,2.765325013,1203.122119,663.492753,898.710141,768000,768000,1.000000000,1,2025-12-01 00:10:00.000000,2025-12-01 00:10:59.999922,1,BAYxx_xxxx_20251201_000308_000.7z
2025-12-01 00:11:00,2766.400784,2.766400784,1205.894212,659.874803,900.631769,768000,768000,1.000000000,1,2025-12-01 00:11:00.000000,2025-12-01 00:11:59.999922,1,BAYxx_xxxx_20251201_000308_000.7z
2025-12-01 00:12:00,2768.664782,2.768664782,1207.855573,657.055932,903.753277,768000,768000,1.000000000,1,2025-12-01 00:12:00.000000,2025-12-01 00:12:59.999922,1,BAYxx_xxxx_20251201_000308_000.7z
2025-12-01 00:13:00,2762.121131,2.762121131,1203.732216,654.258846,904.130070,640038,768000,0.833382813,0,2025-12-01 00:13:00.000000,2025-12-01 00:13:59.999922,2,BAYxx_xxxx_20251201_000308_000.7z;BAYxx_xxxx_20251201_001318_000.7z
2025-12-01 00:14:00,2769.999099,2.769999099,1208.226319,662.312745,899.460035,768000,768000,1.000000000,1,2025-12-01 00:14:00.000000,2025-12-01 00:14:59.999922,1,BAYxx_xxxx_20251201_001318_000.7z
2025-12-01 00:15:00,2773.821290,2.773821290,1203.806828,668.200179,901.814283,768000,768000,1.000000000,1,2025-12-01 00:15:00.000000,2025-12-01 00:15:59.999922,1,BAYxx_xxxx_20251201_001318_000.7z
2025-12-01 00:16:00,2732.627363,2.732627363,1217.394923,660.214881,855.017560,768000,768000,1.000000000,1,2025-12-01 00:16:00.000000,2025-12-01 00:16:59.999922,1,BAYxx_xxxx_20251201_001318_000.7z
2025-12-01 00:17:00,2683.566065,2.683566065,1211.470373,668.077891,804.017801,768000,768000,1.000000000,1,2025-12-01 00:17:00.000000,2025-12-01 00:17:59.999922,1,BAYxx_xxxx_20251201_001318_000.7z
2025-12-01 00:18:00,2667.493327,2.667493327,1204.073376,664.653171,798.766780,768000,768000,1.000000000,1,2025-12-01 00:18:00.000000,2025-12-01 00:18:59.999922,1,BAYxx_xxxx_20251201_001318_000.7z
2025-12-01 00:19:00,2661.750360,2.661750360,1210.096140,656.061490,795.592730,768000,768000,1.000000000,1,2025-12-01 00:19:00.000000,2025-12-01 00:19:59.999922,1,BAYxx_xxxx_20251201_001318_000.7z
2025-12-01 00:20:00,2680.659155,2.680659155,1219.031320,661.382802,800.245034,768000,768000,1.000000000,1,2025-12-01 00:20:00.000000,2025-12-01 00:20:59.999922,1,BAYxx_xxxx_20251201_001318_000.7z
2025-12-01 00:21:00,2664.297620,2.664297620,1207.569176,659.530069,797.198375,768000,768000,1.000000000,1,2025-12-01 00:21:00.000000,2025-12-01 00:21:59.999922,1,BAYxx_xxxx_20251201_001318_000.7z
2025-12-01 00:22:00,2670.034228,2.670034228,1209.840952,659.420266,800.773010,768000,768000,1.000000000,1,2025-12-01 00:22:00.000000,2025-12-01 00:22:59.999922,1,BAYxx_xxxx_20251201_001318_000.7z
2025-12-01 00:23:00,2672.366111,2.672366111,1213.714685,659.147094,799.504332,716884,768000,0.933442708,0,2025-12-01 00:23:00.000000,2025-12-01 00:23:59.999922,2,BAYxx_xxxx_20251201_001318_000.7z;BAYxx_xxxx_20251201_002322_000.7z
2025-12-01 00:24:00,2691.307674,2.691307674,1222.216134,670.253502,798.838038,768000,768000,1.000000000,1,2025-12-01 00:24:00.000000,2025-12-01 00:24:59.999922,1,BAYxx_xxxx_20251201_002322_000.7z
2025-12-01 00:25:00,2672.422313,2.672422313,1212.843703,663.903209,795.675400,768000,768000,1.000000000,1,2025-12-01 00:25:00.000000,2025-12-01 00:25:59.999922,1,BAYxx_xxxx_20251201_002322_000.7z
2025-12-01 00:26:00,2672.111138,2.672111138,1213.147588,659.582569,799.380982,768000,768000,1.000000000,1,2025-12-01 00:26:00.000000,2025-12-01 00:26:59.999922,1,BAYxx_xxxx_20251201_002322_000.7z
2025-12-01 00:27:00,2675.553621,2.675553621,1211.090870,665.792493,798.670257,768000,768000,1.000000000,1,2025-12-01 00:27:00.000000,2025-12-01 00:27:59.999922,1,BAYxx_xxxx_20251201_002322_000.7z
2025-12-01 00:28:00,2673.740990,2.673740990,1209.343478,664.922104,799.475408,768000,768000,1.000000000,1,2025-12-01 00:28:00.000000,2025-12-01 00:28:59.999922,1,BAYxx_xxxx_20251201_002322_000.7z
2025-12-01 00:29:00,2674.749783,2.674749783,1208.212048,670.263655,796.274080,768000,768000,1.000000000,1,2025-12-01 00:29:00.000000,2025-12-01 00:29:59.999922,1,BAYxx_xxxx_20251201_002322_000.7z
2025-12-01 00:30:00,2686.197503,2.686197503,1215.300759,668.028130,802.868615,768000,768000,1.000000000,1,2025-12-01 00:30:00.000000,2025-12-01 00:30:59.999922,1,BAYxx_xxxx_20251201_002322_000.7z
2025-12-01 00:31:00,2705.257755,2.705257755,1208.198660,666.307795,830.751300,768000,768000,1.000000000,1,2025-12-01 00:31:00.000000,2025-12-01 00:31:59.999922,1,BAYxx_xxxx_20251201_002322_000.7z
2025-12-01 00:32:00,2774.562880,2.774562880,1214.503727,661.326082,898.733072,768000,768000,1.000000000,1,2025-12-01 00:32:00.000000,2025-12-01 00:32:59.999922,1,BAYxx_xxxx_20251201_002322_000.7z
