minute_start,active_power_w,active_power_kw,phase_a_power_w,phase_b_power_w,phase_c_power_w,sample_count,expected_samples,coverage_ratio,is_complete,first_sample_time,last_sample_time,source_archive_count,source_archives
2025-11-25 10:15:00,-20554.825585,-20.554825585,-6980.081017,-7316.317726,-6258.426841,358400,768000,0.466666667,0,2025-11-25 10:15:32.000000,2025-11-25 10:15:59.999922,1,BAYxx_xxxx_20251125_101532_000.7z
2025-11-25 10:16:00,-20879.377260,-20.879377260,-7088.555461,-7432.609804,-6358.211996,768000,768000,1.000000000,1,2025-11-25 10:16:00.000000,2025-11-25 10:16:59.999922,1,BAYxx_xxxx_20251125_101532_000.7z
2025-11-25 10:17:00,-21094.750782,-21.094750782,-7160.665774,-7499.557474,-6434.527534,768000,768000,1.000000000,1,2025-11-25 10:17:00.000000,2025-11-25 10:17:59.999922,1,BAYxx_xxxx_20251125_101532_000.7z
2025-11-25 10:18:00,-21139.831237,-21.139831237,-7174.861061,-7510.335478,-6454.634698,768000,768000,1.000000000,1,2025-11-25 10:18:00.000000,2025-11-25 10:18:59.999922,1,BAYxx_xxxx_20251125_101532_000.7z
2025-11-25 10:19:00,-18437.938662,-18.437938662,-6280.687799,-6601.847274,-5555.403589,768000,768000,1.000000000,1,2025-11-25 10:19:00.000000,2025-11-25 10:19:59.999922,1,BAYxx_xxxx_20251125_101532_000.7z
2025-11-25 10:20:00,605.166242,0.605166242,63.998557,-224.762821,765.930506,768000,768000,1.000000000,1,2025-11-25 10:20:00.000000,2025-11-25 10:20:59.999922,1,BAYxx_xxxx_20251125_101532_000.7z
2025-11-25 10:21:00,-1668.897886,-1.668897886,-687.519789,-969.870225,-11.507872,768000,768000,1.000000000,1,2025-11-25 10:21:00.000000,2025-11-25 10:21:59.999922,1,BAYxx_xxxx_20251125_101532_000.7z
2025-11-25 10:22:00,-20711.115078,-20.711115078,-7002.816407,-7335.745714,-6372.552957,768000,768000,1.000000000,1,2025-11-25 10:22:00.000000,2025-11-25 10:22:59.999922,1,BAYxx_xxxx_20251125_101532_000.7z
2025-11-25 10:23:00,-21607.548898,-21.607548898,-7293.823227,-7636.577464,-6677.148207,768000,768000,1.000000000,1,2025-11-25 10:23:00.000000,2025-11-25 10:23:59.999922,1,BAYxx_xxxx_20251125_101532_000.7z
2025-11-25 10:24:00,-21943.548725,-21.943548725,-7402.356889,-7746.085613,-6795.106222,768000,768000,1.000000000,1,2025-11-25 10:24:00.000000,2025-11-25 10:24:59.999922,1,BAYxx_xxxx_20251125_101532_000.7z
2025-11-25 10:25:00,-884.439666,-0.884439666,-414.677436,-712.483460,242.721230,742505,768000,0.966803385,0,2025-11-25 10:25:00.000000,2025-11-25 10:25:59.999922,2,BAYxx_xxxx_20251125_101532_000.7z;BAYxx_xxxx_20251125_102534_000.7z
2025-11-25 10:26:00,246.580449,0.246580449,-7.358588,-297.641956,551.580994,768000,768000,1.000000000,1,2025-11-25 10:26:00.000000,2025-11-25 10:26:59.999922,1,BAYxx_xxxx_20251125_102534_000.7z
2025-11-25 10:27:00,-19414.872208,-19.414872208,-6277.206714,-6624.522813,-6513.142680,768000,768000,1.000000000,1,2025-11-25 10:27:00.000000,2025-11-25 10:27:59.999922,1,BAYxx_xxxx_20251125_102534_000.7z
2025-11-25 10:28:00,-22775.752175,-22.775752175,-7393.275754,-7750.598754,-7631.877667,768000,768000,1.000000000,1,2025-11-25 10:28:00.000000,2025-11-25 10:28:59.999922,1,BAYxx_xxxx_20251125_102534_000.7z
2025-11-25 10:29:00,-7214.023688,-7.214023688,-2220.054905,-2560.210900,-2433.757883,768000,768000,1.000000000,1,2025-11-25 10:29:00.000000,2025-11-25 10:29:59.999922,1,BAYxx_xxxx_20251125_102534_000.7z
2025-11-25 10:30:00,-310.007722,-0.310007722,85.563063,-264.936613,-130.634173,768000,768000,1.000000000,1,2025-11-25 10:30:00.000000,2025-11-25 10:30:59.999922,1,BAYxx_xxxx_20251125_102534_000.7z
2025-11-25 10:31:00,-12910.712903,-12.910712903,-4123.968464,-4478.735540,-4308.008898,768000,768000,1.000000000,1,2025-11-25 10:31:00.000000,2025-11-25 10:31:59.999922,1,BAYxx_xxxx_20251125_102534_000.7z
2025-11-25 10:32:00,-20955.644339,-20.955644339,-6784.500406,-7185.237060,-6985.906873,768000,768000,1.000000000,1,2025-11-25 10:32:00.000000,2025-11-25 10:32:59.999922,1,BAYxx_xxxx_20251125_102534_000.7z
2025-11-25 10:33:00,-21307.042497,-21.307042497,-6899.264984,-7304.387986,-7103.389527,768000,768000,1.000000000,1,2025-11-25 10:33:00.000000,2025-11-25 10:33:59.999922,1,BAYxx_xxxx_20251125_102534_000.7z
2025-11-25 10:34:00,-21441.864781,-21.441864781,-6946.611103,-7350.051112,-7145.202566,768000,768000,1.000000000,1,2025-11-25 10:34:00.000000,2025-11-25 10:34:59.999922,1,BAYxx_xxxx_20251125_102534_000.7z
2025-11-25 10:35:00,-4944.519356,-4.944519356,-1491.726957,-1848.362142,-1604.430257,704081,768000,0.916772135,0,2025-11-25 10:35:00.000000,2025-11-25 10:35:59.999922,2,BAYxx_xxxx_20251125_102534_000.7z;BAYxx_xxxx_20251125_103539_000.7z
2025-11-25 10:36:00,1434.822089,1.434822089,610.674366,267.269956,556.877767,768000,768000,1.000000000,1,2025-11-25 10:36:00.000000,2025-11-25 10:36:59.999922,1,BAYxx_xxxx_20251125_103539_000.7z
2025-11-25 10:37:00,-12491.633436,-12.491633436,-4010.046741,-4381.014629,-4100.572066,768000,768000,1.000000000,1,2025-11-25 10:37:00.000000,2025-11-25 10:37:59.999922,1,BAYxx_xxxx_20251125_103539_000.7z
2025-11-25 10:38:00,-21128.712298,-21.128712298,-6867.659253,-7278.183732,-6982.869313,768000,768000,1.000000000,1,2025-11-25 10:38:00.000000,2025-11-25 10:38:59.999922,1,BAYxx_xxxx_20251125_103539_000.7z
2025-11-25 10:39:00,-21516.331692,-21.516331692,-7010.352325,-7397.914338,-7108.065030,768000,768000,1.000000000,1,2025-11-25 10:39:00.000000,2025-11-25 10:39:59.999922,1,BAYxx_xxxx_20251125_103539_000.7z
2025-11-25 10:40:00,-21786.208690,-21.786208690,-7101.718513,-7491.025254,-7193.464922,768000,768000,1.000000000,1,2025-11-25 10:40:00.000000,2025-11-25 10:40:59.999922,1,BAYxx_xxxx_20251125_103539_000.7z
2025-11-25 10:41:00,-21710.302683,-21.710302683,-7074.218893,-7459.100982,-7176.982808,768000,768000,1.000000000,1,2025-11-25 10:41:00.000000,2025-11-25 10:41:59.999922,1,BAYxx_xxxx_20251125_103539_000.7z
2025-11-25 10:42:00,-21213.590593,-21.213590593,-7044.164031,-7377.576522,-6791.850040,768000,768000,1.000000000,1,2025-11-25 10:42:00.000000,2025-11-25 10:42:59.999922,1,BAYxx_xxxx_20251125_103539_000.7z
2025-11-25 10:43:00,-20563.170180,-20.563170180,-6928.440499,-7360.968460,-6273.761222,768000,768000,1.000000000,1,2025-11-25 10:43:00.000000,2025-11-25 10:43:59.999922,1,BAYxx_xxxx_20251125_103539_000.7z
2025-11-25 10:44:00,-20745.573577,-20.745573577,-6966.447974,-7430.690427,-6348.435176,768000,768000,1.000000000,1,2025-11-25 10:44:00.000000,2025-11-25 10:44:59.999922,1,BAYxx_xxxx_20251125_103539_000.7z
2025-11-25 10:45:00,-20628.913600,-20.628913600,-6921.087011,-7395.377224,-6312.449364,729716,768000,0.950151042,0,2025-11-25 10:45:00.000000,2025-11-25 10:45:59.999922,2,BAYxx_xxxx_20251125_103539_000.7z;BAYxx_xxxx_20251125_104542_000.7z
2025-11-25 10:46:00,2487.384461,2.487384461,740.641188,331.941757,1414.801517,768000,768000,1.000000000,1,2025-11-25 10:46:00.000000,2025-11-25 10:46:59.999922,1,BAYxx_xxxx_20251125_104542_000.7z
2025-11-25 10:47:00,2478.494062,2.478494062,748.402512,323.646054,1406.445496,768000,768000,1.000000000,1,2025-11-25 10:47:00.000000,2025-11-25 10:47:59.999922,1,BAYxx_xxxx_20251125_104542_000.7z
2025-11-25 10:48:00,-17777.356438,-17.777356438,-5978.566099,-6442.454801,-5356.335538,768000,768000,1.000000000,1,2025-11-25 10:48:00.000000,2025-11-25 10:48:59.999922,1,BAYxx_xxxx_20251125_104542_000.7z
2025-11-25 10:49:00,-20433.626260,-20.433626260,-6857.506028,-7336.924470,-6239.195762,768000,768000,1.000000000,1,2025-11-25 10:49:00.000000,2025-11-25 10:49:59.999922,1,BAYxx_xxxx_20251125_104542_000.7z
2025-11-25 10:50:00,-20548.750119,-20.548750119,-6895.479021,-7368.454699,-6284.816398,768000,768000,1.000000000,1,2025-11-25 10:50:00.000000,2025-11-25 10:50:59.999922,1,BAYxx_xxxx_20251125_104542_000.7z
2025-11-25 10:51:00,-20572.361598,-20.572361598,-6896.494097,-7382.949416,-6292.918085,768000,768000,1.000000000,1,2025-11-25 10:51:00.000000,2025-11-25 10:51:59.999922,1,BAYxx_xxxx_20251125_104542_000.7z
2025-11-25 10:52:00,-20356.731737,-20.356731737,-6829.506882,-7306.496793,-6220.728062,768000,768000,1.000000000,1,2025-11-25 10:52:00.000000,2025-11-25 10:52:59.999922,1,BAYxx_xxxx_20251125_104542_000.7z
2025-11-25 10:53:00,-20177.842980,-20.177842980,-6762.835758,-7240.261074,-6174.746149,768000,768000,1.000000000,1,2025-11-25 10:53:00.000000,2025-11-25 10:53:59.999922,1,BAYxx_xxxx_20251125_104542_000.7z
2025-11-25 10:54:00,-20351.422825,-20.351422825,-6820.903289,-7301.885594,-6228.633942,768000,768000,1.000000000,1,2025-11-25 10:54:00.000000,2025-11-25 10:54:59.999922,1,BAYxx_xxxx_20251125_104542_000.7z
2025-11-25 10:55:00,-20532.971614,-20.532971614,-6882.696352,-7354.986034,-6295.289228,729736,768000,0.950177083,0,2025-11-25 10:55:00.000000,2025-11-25 10:55:59.999922,2,BAYxx_xxxx_20251125_104542_000.7z;BAYxx_xxxx_20251125_105545_000.7z
2025-11-25 10:56:00,-1642.255134,-1.642255134,-602.926769,-1055.071171,15.742806,768000,768000,1.000000000,1,2025-11-25 10:56:00.000000,2025-11-25 10:56:59.999922,1,BAYxx_xxxx_20251125_105545_000.7z
2025-11-25 10:57:00,3478.038638,3.478038638,1092.877788,663.007567,1722.153283,768000,768000,1.000000000,1,2025-11-25 10:57:00.000000,2025-11-25 10:57:59.999922,1,BAYxx_xxxx_20251125_105545_000.7z
2025-11-25 10:58:00,-13416.915399,-13.416915399,-4533.970826,-4967.912683,-3915.031890,768000,768000,1.000000000,1,2025-11-25 10:58:00.000000,2025-11-25 10:58:59.999922,1,BAYxx_xxxx_20251125_105545_000.7z
2025-11-25 10:59:00,-20999.813969,-20.999813969,-6845.966767,-7395.543681,-6758.303521,768000,768000,1.000000000,1,2025-11-25 10:59:00.000000,2025-11-25 10:59:59.999922,1,BAYxx_xxxx_20251125_105545_000.7z
2025-11-25 11:00:00,-21491.427794,-21.491427794,-6865.916860,-7437.999382,-7187.511551,768000,768000,1.000000000,1,2025-11-25 11:00:00.000000,2025-11-25 11:00:59.999922,1,BAYxx_xxxx_20251125_105545_000.7z
2025-11-25 11:01:00,-21629.884936,-21.629884936,-6900.520755,-7493.108786,-7236.255395,768000,768000,1.000000000,1,2025-11-25 11:01:00.000000,2025-11-25 11:01:59.999922,1,BAYxx_xxxx_20251125_105545_000.7z
2025-11-25 11:02:00,-23232.691513,-23.232691513,-7438.028207,-8022.646952,-7772.016354,768000,768000,1.000000000,1,2025-11-25 11:02:00.000000,2025-11-25 11:02:59.999922,1,BAYxx_xxxx_20251125_105545_000.7z
2025-11-25 11:03:00,-23521.901514,-23.521901514,-7516.784068,-8120.552071,-7884.565375,768000,768000,1.000000000,1,2025-11-25 11:03:00.000000,2025-11-25 11:03:59.999922,1,BAYxx_xxxx_20251125_105545_000.7z
2025-11-25 11:04:00,-23134.812391,-23.134812391,-7413.352399,-7983.983146,-7737.476846,768000,768000,1.000000000,1,2025-11-25 11:04:00.000000,2025-11-25 11:04:59.999922,1,BAYxx_xxxx_20251125_105545_000.7z
2025-11-25 11:05:00,-22258.879054,-22.258879054,-7109.631058,-7690.964458,-7458.283538,742485,768000,0.966777344,0,2025-11-25 11:05:00.000000,2025-11-25 11:05:59.999922,2,BAYxx_xxxx_20251125_105545_000.7z;BAYxx_xxxx_20251125_110547_000.7z
2025-11-25 11:06:00,-22159.278763,-22.159278763,-7058.331337,-7629.268855,-7471.678572,768000,768000,1.000000000,1,2025-11-25 11:06:00.000000,2025-11-25 11:06:59.999922,1,BAYxx_xxxx_20251125_110547_000.7z
2025-11-25 11:07:00,-2274.886729,-2.274886729,-444.859174,-999.341579,-830.685977,768000,768000,1.000000000,1,2025-11-25 11:07:00.000000,2025-11-25 11:07:59.999922,1,BAYxx_xxxx_20251125_110547_000.7z
2025-11-25 11:08:00,2222.308760,2.222308760,1032.626304,514.637330,675.045127,768000,768000,1.000000000,1,2025-11-25 11:08:00.000000,2025-11-25 11:08:59.999922,1,BAYxx_xxxx_20251125_110547_000.7z
2025-11-25 11:09:00,-15654.764668,-15.654764668,-4894.757355,-5467.155482,-5292.851831,768000,768000,1.000000000,1,2025-11-25 11:09:00.000000,2025-11-25 11:09:59.999922,1,BAYxx_xxxx_20251125_110547_000.7z
2025-11-25 11:10:00,-22270.585935,-22.270585935,-7084.658308,-7683.981697,-7501.945931,768000,768000,1.000000000,1,2025-11-25 11:10:00.000000,2025-11-25 11:10:59.999922,1,BAYxx_xxxx_20251125_110547_000.7z
2025-11-25 11:11:00,-22395.256873,-22.395256873,-7124.775405,-7732.907562,-7537.573905,768000,768000,1.000000000,1,2025-11-25 11:11:00.000000,2025-11-25 11:11:59.999922,1,BAYxx_xxxx_20251125_110547_000.7z
2025-11-25 11:12:00,-3834.271135,-3.834271135,-962.577242,-1542.330098,-1329.363795,768000,768000,1.000000000,1,2025-11-25 11:12:00.000000,2025-11-25 11:12:59.999922,1,BAYxx_xxxx_20251125_110547_000.7z
2025-11-25 11:13:00,3970.148587,3.970148587,1608.759026,1092.207736,1269.181825,768000,768000,1.000000000,1,2025-11-25 11:13:00.000000,2025-11-25 11:13:59.999922,1,BAYxx_xxxx_20251125_110547_000.7z
2025-11-25 11:14:00,-110.450226,-0.110450226,20.301221,-150.890938,20.139490,768000,768000,1.000000000,1,2025-11-25 11:14:00.000000,2025-11-25 11:14:59.999922,1,BAYxx_xxxx_20251125_110547_000.7z
2025-11-25 11:15:00,11929.517964,11.929517964,3740.448987,3951.959809,4237.109168,729727,768000,0.950165365,0,2025-11-25 11:15:00.000000,2025-11-25 11:15:59.999922,2,BAYxx_xxxx_20251125_110547_000.7z;BAYxx_xxxx_20251125_111550_000.7z
2025-11-25 11:16:00,-21766.487934,-21.766487934,-6896.389573,-7532.008882,-7338.089479,768000,768000,1.000000000,1,2025-11-25 11:16:00.000000,2025-11-25 11:16:59.999922,1,BAYxx_xxxx_20251125_111550_000.7z
2025-11-25 11:17:00,-15672.839624,-15.672839624,-4875.473192,-5497.457070,-5299.909363,768000,768000,1.000000000,1,2025-11-25 11:17:00.000000,2025-11-25 11:17:59.999922,1,BAYxx_xxxx_20251125_111550_000.7z
2025-11-25 11:18:00,2248.475585,2.248475585,1072.062467,490.804497,685.608621,768000,768000,1.000000000,1,2025-11-25 11:18:00.000000,2025-11-25 11:18:59.999922,1,BAYxx_xxxx_20251125_111550_000.7z
2025-11-25 11:19:00,-1842.823668,-1.842823668,-302.102399,-858.535378,-682.185892,768000,768000,1.000000000,1,2025-11-25 11:19:00.000000,2025-11-25 11:19:59.999922,1,BAYxx_xxxx_20251125_111550_000.7z
2025-11-25 11:20:00,-14807.213579,-14.807213579,-4719.720085,-5160.389630,-4927.103864,768000,768000,1.000000000,1,2025-11-25 11:20:00.000000,2025-11-25 11:20:59.999922,1,BAYxx_xxxx_20251125_111550_000.7z
2025-11-25 11:21:00,-5007.995328,-5.007995328,-1757.449628,-1788.439231,-1462.106470,768000,768000,1.000000000,1,2025-11-25 11:21:00.000000,2025-11-25 11:21:59.999922,1,BAYxx_xxxx_20251125_111550_000.7z
2025-11-25 11:22:00,-4537.422629,-4.537422629,-1614.765664,-1642.928105,-1279.728860,768000,768000,1.000000000,1,2025-11-25 11:22:00.000000,2025-11-25 11:22:59.999922,1,BAYxx_xxxx_20251125_111550_000.7z
2025-11-25 11:23:00,7083.606464,7.083606464,2260.629920,2219.141836,2603.834707,768000,768000,1.000000000,1,2025-11-25 11:23:00.000000,2025-11-25 11:23:59.999922,1,BAYxx_xxxx_20251125_111550_000.7z
2025-11-25 11:24:00,22083.821933,22.083821933,7288.789917,7168.318356,7626.713660,768000,768000,1.000000000,1,2025-11-25 11:24:00.000000,2025-11-25 11:24:59.999922,1,BAYxx_xxxx_20251125_111550_000.7z
2025-11-25 11:25:00,14691.240948,14.691240948,4823.908712,4716.321137,5151.011099,729616,768000,0.950020833,0,2025-11-25 11:25:00.000000,2025-11-25 11:25:59.999922,2,BAYxx_xxxx_20251125_111550_000.7z;BAYxx_xxxx_20251125_112553_000.7z
2025-11-25 11:26:00,-1415.854445,-1.415854445,-514.902778,-668.948245,-232.003422,768000,768000,1.000000000,1,2025-11-25 11:26:00.000000,2025-11-25 11:26:59.999922,1,BAYxx_xxxx_20251125_112553_000.7z
2025-11-25 11:27:00,-1175.533148,-1.175533148,-452.006780,-581.342354,-142.184013,768000,768000,1.000000000,1,2025-11-25 11:27:00.000000,2025-11-25 11:27:59.999922,1,BAYxx_xxxx_20251125_112553_000.7z
2025-11-25 11:28:00,-784.057951,-0.784057951,-321.263336,-455.641795,-7.152820,768000,768000,1.000000000,1,2025-11-25 11:28:00.000000,2025-11-25 11:28:59.999922,1,BAYxx_xxxx_20251125_112553_000.7z
2025-11-25 11:29:00,-463.652103,-0.463652103,-187.404902,-365.542716,89.295515,768000,768000,1.000000000,1,2025-11-25 11:29:00.000000,2025-11-25 11:29:59.999922,1,BAYxx_xxxx_20251125_112553_000.7z
2025-11-25 11:30:00,-364.205473,-0.364205473,-153.976435,-334.923901,124.694862,768000,768000,1.000000000,1,2025-11-25 11:30:00.000000,2025-11-25 11:30:59.999922,1,BAYxx_xxxx_20251125_112553_000.7z
2025-11-25 11:31:00,-147.525049,-0.147525049,-121.131209,-207.707097,181.313256,768000,768000,1.000000000,1,2025-11-25 11:31:00.000000,2025-11-25 11:31:59.999922,1,BAYxx_xxxx_20251125_112553_000.7z
2025-11-25 11:32:00,203.060978,0.203060978,-13.546941,-62.689276,279.297195,768000,768000,1.000000000,1,2025-11-25 11:32:00.000000,2025-11-25 11:32:59.999922,1,BAYxx_xxxx_20251125_112553_000.7z
2025-11-25 11:33:00,2306.914807,2.306914807,660.120374,667.579637,979.214796,768000,768000,1.000000000,1,2025-11-25 11:33:00.000000,2025-11-25 11:33:59.999922,1,BAYxx_xxxx_20251125_112553_000.7z
2025-11-25 11:34:00,26271.320634,26.271320634,8655.899520,8604.615951,9010.805163,768000,768000,1.000000000,1,2025-11-25 11:34:00.000000,2025-11-25 11:34:59.999922,1,BAYxx_xxxx_20251125_112553_000.7z
2025-11-25 11:35:00,25675.273024,25.675273024,8439.148658,8399.530881,8836.593485,729616,768000,0.950020833,0,2025-11-25 11:35:00.000000,2025-11-25 11:35:59.999922,2,BAYxx_xxxx_20251125_112553_000.7z;BAYxx_xxxx_20251125_113556_000.7z
2025-11-25 11:36:00,4524.697151,4.524697151,1365.815048,1344.005122,1814.876981,768000,768000,1.000000000,1,2025-11-25 11:36:00.000000,2025-11-25 11:36:59.999922,1,BAYxx_xxxx_20251125_113556_000.7z
2025-11-25 11:37:00,1937.756652,1.937756652,518.965853,494.986627,923.804172,768000,768000,1.000000000,1,2025-11-25 11:37:00.000000,2025-11-25 11:37:59.999922,1,BAYxx_xxxx_20251125_113556_000.7z
2025-11-25 11:38:00,4659.721394,4.659721394,1462.147046,1403.737989,1793.836359,768000,768000,1.000000000,1,2025-11-25 11:38:00.000000,2025-11-25 11:38:59.999922,1,BAYxx_xxxx_20251125_113556_000.7z
2025-11-25 11:39:00,27380.267118,27.380267118,9013.303277,8976.839045,9390.124796,768000,768000,1.000000000,1,2025-11-25 11:39:00.000000,2025-11-25 11:39:59.999922,1,BAYxx_xxxx_20251125_113556_000.7z
2025-11-25 11:40:00,16395.068761,16.395068761,5511.823901,5266.484569,5616.760291,768000,768000,1.000000000,1,2025-11-25 11:40:00.000000,2025-11-25 11:40:59.999922,1,BAYxx_xxxx_20251125_113556_000.7z
2025-11-25 11:41:00,-21661.077552,-21.661077552,-6901.495489,-7506.354068,-7253.227996,768000,768000,1.000000000,1,2025-11-25 11:41:00.000000,2025-11-25 11:41:59.999922,1,BAYxx_xxxx_20251125_113556_000.7z
2025-11-25 11:42:00,-23064.094047,-23.064094047,-7363.124828,-7979.024035,-7721.945184,768000,768000,1.000000000,1,2025-11-25 11:42:00.000000,2025-11-25 11:42:59.999922,1,BAYxx_xxxx_20251125_113556_000.7z
2025-11-25 11:43:00,-2034.630841,-2.034630841,-396.028158,-943.957140,-694.645544,768000,768000,1.000000000,1,2025-11-25 11:43:00.000000,2025-11-25 11:43:59.999922,1,BAYxx_xxxx_20251125_113556_000.7z
2025-11-25 11:44:00,2101.619514,2.101619514,984.959092,444.298384,672.362038,768000,768000,1.000000000,1,2025-11-25 11:44:00.000000,2025-11-25 11:44:59.999922,1,BAYxx_xxxx_20251125_113556_000.7z
2025-11-25 11:45:00,2140.742861,2.140742861,1000.763479,440.292305,699.687077,716895,768000,0.933457031,0,2025-11-25 11:45:00.000000,2025-11-25 11:45:56.007344,1,BAYxx_xxxx_20251125_113556_000.7z
2025-11-25 11:46:00,1822.853664,1.822853664,891.795266,338.861040,592.197358,768000,768000,1.000000000,1,2025-11-25 11:46:00.000000,2025-11-25 11:46:59.999922,1,BAYxx_xxxx_20251125_114600_000.7z
2025-11-25 11:47:00,-18220.337522,-18.220337522,-5773.167733,-6337.861270,-6109.308520,768000,768000,1.000000000,1,2025-11-25 11:47:00.000000,2025-11-25 11:47:59.999922,1,BAYxx_xxxx_20251125_114600_000.7z
2025-11-25 11:48:00,-3389.524311,-3.389524311,-911.827686,-1368.288777,-1109.407847,768000,768000,1.000000000,1,2025-11-25 11:48:00.000000,2025-11-25 11:48:59.999922,1,BAYxx_xxxx_20251125_114600_000.7z
2025-11-25 11:49:00,24032.252416,24.032252416,7979.776736,7807.277832,8245.197849,768000,768000,1.000000000,1,2025-11-25 11:49:00.000000,2025-11-25 11:49:59.999922,1,BAYxx_xxxx_20251125_114600_000.7z
2025-11-25 11:50:00,24744.096866,24.744096866,8158.291352,8050.366102,8535.439411,768000,768000,1.000000000,1,2025-11-25 11:50:00.000000,2025-11-25 11:50:59.999922,1,BAYxx_xxxx_20251125_114600_000.7z
2025-11-25 11:51:00,25622.625306,25.622625306,8427.579707,8383.312811,8811.732789,768000,768000,1.000000000,1,2025-11-25 11:51:00.000000,2025-11-25 11:51:59.999922,1,BAYxx_xxxx_20251125_114600_000.7z
2025-11-25 11:52:00,12157.613084,12.157613084,3956.042992,3940.678787,4260.891305,768000,768000,1.000000000,1,2025-11-25 11:52:00.000000,2025-11-25 11:52:59.999922,1,BAYxx_xxxx_20251125_114600_000.7z
2025-11-25 11:53:00,2295.312522,2.295312522,714.832628,613.618943,966.860951,768000,768000,1.000000000,1,2025-11-25 11:53:00.000000,2025-11-25 11:53:59.999922,1,BAYxx_xxxx_20251125_114600_000.7z
2025-11-25 11:54:00,27680.699004,27.680699004,9073.973002,9164.008994,9442.717008,768000,768000,1.000000000,1,2025-11-25 11:54:00.000000,2025-11-25 11:54:59.999922,1,BAYxx_xxxx_20251125_114600_000.7z
2025-11-25 11:55:00,28506.632641,28.506632641,9379.490320,9397.304893,9729.837428,768000,768000,1.000000000,1,2025-11-25 11:55:00.000000,2025-11-25 11:55:59.999922,1,BAYxx_xxxx_20251125_114600_000.7z
2025-11-25 11:56:00,-19070.914649,-19.070914649,-6002.262454,-6606.292168,-6462.360027,742457,768000,0.966740885,0,2025-11-25 11:56:00.000000,2025-11-25 11:56:59.999922,2,BAYxx_xxxx_20251125_114600_000.7z;BAYxx_xxxx_20251125_115602_000.7z
2025-11-25 11:57:00,-23012.659685,-23.012659685,-7317.190070,-7927.298756,-7768.170858,768000,768000,1.000000000,1,2025-11-25 11:57:00.000000,2025-11-25 11:57:59.999922,1,BAYxx_xxxx_20251125_115602_000.7z
2025-11-25 11:58:00,-20153.009371,-20.153009371,-6372.984959,-6963.522482,-6816.501930,768000,768000,1.000000000,1,2025-11-25 11:58:00.000000,2025-11-25 11:58:59.999922,1,BAYxx_xxxx_20251125_115602_000.7z
2025-11-25 11:59:00,2462.946170,2.462946170,1139.560715,588.551678,734.833777,768000,768000,1.000000000,1,2025-11-25 11:59:00.000000,2025-11-25 11:59:59.999922,1,BAYxx_xxxx_20251125_115602_000.7z
2025-11-25 12:00:00,439.859508,0.439859508,461.005239,-81.651751,60.506021,768000,768000,1.000000000,1,2025-11-25 12:00:00.000000,2025-11-25 12:00:59.999922,1,BAYxx_xxxx_20251125_115602_000.7z
2025-11-25 12:01:00,-1119.059502,-1.119059502,-41.051476,-614.559413,-463.448614,768000,768000,1.000000000,1,2025-11-25 12:01:00.000000,2025-11-25 12:01:59.999922,1,BAYxx_xxxx_20251125_115602_000.7z
2025-11-25 12:02:00,2571.815666,2.571815666,1190.149005,617.523325,764.143335,768000,768000,1.000000000,1,2025-11-25 12:02:00.000000,2025-11-25 12:02:59.999922,1,BAYxx_xxxx_20251125_115602_000.7z
2025-11-25 12:03:00,-15477.546373,-15.477546373,-4808.011380,-5399.736758,-5269.798235,768000,768000,1.000000000,1,2025-11-25 12:03:00.000000,2025-11-25 12:03:59.999922,1,BAYxx_xxxx_20251125_115602_000.7z
2025-11-25 12:04:00,-2398.436738,-2.398436738,-489.306667,-1019.280300,-889.849772,768000,768000,1.000000000,1,2025-11-25 12:04:00.000000,2025-11-25 12:04:59.999922,1,BAYxx_xxxx_20251125_115602_000.7z
2025-11-25 12:05:00,2480.420846,2.480420846,1128.887887,608.089029,743.443930,768000,768000,1.000000000,1,2025-11-25 12:05:00.000000,2025-11-25 12:05:59.999922,1,BAYxx_xxxx_20251125_115602_000.7z
2025-11-25 12:06:00,-14887.615297,-14.887615297,-4645.389661,-5232.735405,-5009.490231,716914,768000,0.933481771,0,2025-11-25 12:06:00.000000,2025-11-25 12:06:59.999922,2,BAYxx_xxxx_20251125_115602_000.7z;BAYxx_xxxx_20251125_120606_000.7z
2025-11-25 12:07:00,-22561.542100,-22.561542100,-7192.353418,-7805.838731,-7563.349950,768000,768000,1.000000000,1,2025-11-25 12:07:00.000000,2025-11-25 12:07:59.999922,1,BAYxx_xxxx_20251125_120606_000.7z
2025-11-25 12:08:00,-22878.061285,-22.878061285,-7303.213243,-7913.668512,-7661.179531,768000,768000,1.000000000,1,2025-11-25 12:08:00.000000,2025-11-25 12:08:59.999922,1,BAYxx_xxxx_20251125_120606_000.7z
2025-11-25 12:09:00,-4489.197505,-4.489197505,-1192.819121,-1767.020482,-1529.357902,768000,768000,1.000000000,1,2025-11-25 12:09:00.000000,2025-11-25 12:09:59.999922,1,BAYxx_xxxx_20251125_120606_000.7z
2025-11-25 12:10:00,2223.509976,2.223509976,1035.772574,478.977465,708.759938,768000,768000,1.000000000,1,2025-11-25 12:10:00.000000,2025-11-25 12:10:59.999922,1,BAYxx_xxxx_20251125_120606_000.7z
2025-11-25 12:11:00,-13943.423722,-13.943423722,-4339.131075,-4922.881493,-4681.411154,768000,768000,1.000000000,1,2025-11-25 12:11:00.000000,2025-11-25 12:11:59.999922,1,BAYxx_xxxx_20251125_120606_000.7z
2025-11-25 12:12:00,-22753.896166,-22.753896166,-7256.822935,-7876.079055,-7620.994176,768000,768000,1.000000000,1,2025-11-25 12:12:00.000000,2025-11-25 12:12:59.999922,1,BAYxx_xxxx_20251125_120606_000.7z
2025-11-25 12:13:00,-21507.369658,-21.507369658,-6849.385316,-7443.457616,-7214.526726,768000,768000,1.000000000,1,2025-11-25 12:13:00.000000,2025-11-25 12:13:59.999922,1,BAYxx_xxxx_20251125_120606_000.7z
2025-11-25 12:14:00,8755.870317,8.755870317,2862.535269,2800.098978,3093.236070,768000,768000,1.000000000,1,2025-11-25 12:14:00.000000,2025-11-25 12:14:59.999922,1,BAYxx_xxxx_20251125_120606_000.7z
2025-11-25 12:15:00,24637.586334,24.637586334,8113.253806,8095.655588,8428.676940,768000,768000,1.000000000,1,2025-11-25 12:15:00.000000,2025-11-25 12:15:59.999922,1,BAYxx_xxxx_20251125_120606_000.7z
2025-11-25 12:16:00,15607.763608,15.607763608,5085.716921,5118.740575,5403.306113,742529,768000,0.966834635,0,2025-11-25 12:16:00.000000,2025-11-25 12:16:59.999922,2,BAYxx_xxxx_20251125_120606_000.7z;BAYxx_xxxx_20251125_121608_000.7z
2025-11-25 12:17:00,2131.818104,2.131818104,686.324867,560.580125,884.913112,768000,768000,1.000000000,1,2025-11-25 12:17:00.000000,2025-11-25 12:17:59.999922,1,BAYxx_xxxx_20251125_121608_000.7z
2025-11-25 12:18:00,2951.603672,2.951603672,896.310631,847.460715,1207.832326,768000,768000,1.000000000,1,2025-11-25 12:18:00.000000,2025-11-25 12:18:59.999922,1,BAYxx_xxxx_20251125_121608_000.7z
2025-11-25 12:19:00,14566.423485,14.566423485,4724.165941,4731.318678,5110.938866,768000,768000,1.000000000,1,2025-11-25 12:19:00.000000,2025-11-25 12:19:59.999922,1,BAYxx_xxxx_20251125_121608_000.7z
2025-11-25 12:20:00,4610.133279,4.610133279,1780.884487,1300.813380,1528.435413,768000,768000,1.000000000,1,2025-11-25 12:20:00.000000,2025-11-25 12:20:59.999922,1,BAYxx_xxxx_20251125_121608_000.7z
2025-11-25 12:21:00,-6335.096276,-6.335096276,-1817.326640,-2368.331931,-2149.437705,768000,768000,1.000000000,1,2025-11-25 12:21:00.000000,2025-11-25 12:21:59.999922,1,BAYxx_xxxx_20251125_121608_000.7z
2025-11-25 12:22:00,-22270.628721,-22.270628721,-7092.973521,-7712.446744,-7465.208456,768000,768000,1.000000000,1,2025-11-25 12:22:00.000000,2025-11-25 12:22:59.999922,1,BAYxx_xxxx_20251125_121608_000.7z
2025-11-25 12:23:00,-22372.945781,-22.372945781,-7127.695656,-7741.655276,-7503.594849,768000,768000,1.000000000,1,2025-11-25 12:23:00.000000,2025-11-25 12:23:59.999922,1,BAYxx_xxxx_20251125_121608_000.7z
2025-11-25 12:24:00,-6164.598540,-6.164598540,-1750.889147,-2326.291191,-2087.418202,768000,768000,1.000000000,1,2025-11-25 12:24:00.000000,2025-11-25 12:24:59.999922,1,BAYxx_xxxx_20251125_121608_000.7z
2025-11-25 12:25:00,2300.349698,2.300349698,1067.000153,507.047018,726.302527,768000,768000,1.000000000,1,2025-11-25 12:25:00.000000,2025-11-25 12:25:59.999922,1,BAYxx_xxxx_20251125_121608_000.7z
2025-11-25 12:26:00,2307.603145,2.307603145,1063.098401,515.627218,728.877526,742414,768000,0.966684896,0,2025-11-25 12:26:00.000000,2025-11-25 12:26:59.999922,2,BAYxx_xxxx_20251125_121608_000.7z;BAYxx_xxxx_20251125_122610_000.7z
2025-11-25 12:27:00,2331.400205,2.331400205,1066.302797,521.558006,743.539401,768000,768000,1.000000000,1,2025-11-25 12:27:00.000000,2025-11-25 12:27:59.999922,1,BAYxx_xxxx_20251125_122610_000.7z
2025-11-25 12:28:00,-14835.118580,-14.835118580,-4643.310332,-5205.071412,-4986.736837,768000,768000,1.000000000,1,2025-11-25 12:28:00.000000,2025-11-25 12:28:59.999922,1,BAYxx_xxxx_20251125_122610_000.7z
2025-11-25 12:29:00,-6532.127767,-6.532127767,-1879.323066,-2438.678459,-2214.126243,768000,768000,1.000000000,1,2025-11-25 12:29:00.000000,2025-11-25 12:29:59.999922,1,BAYxx_xxxx_20251125_122610_000.7z
2025-11-25 12:30:00,2406.917386,2.406917386,1079.938153,555.080039,771.899194,768000,768000,1.000000000,1,2025-11-25 12:30:00.000000,2025-11-25 12:30:59.999922,1,BAYxx_xxxx_20251125_122610_000.7z
2025-11-25 12:31:00,-10946.526892,-10.946526892,-3347.118298,-3909.950339,-3689.458255,768000,768000,1.000000000,1,2025-11-25 12:31:00.000000,2025-11-25 12:31:59.999922,1,BAYxx_xxxx_20251125_122610_000.7z
2025-11-25 12:32:00,-21609.748042,-21.609748042,-6878.509885,-7485.893725,-7245.344431,768000,768000,1.000000000,1,2025-11-25 12:32:00.000000,2025-11-25 12:32:59.999922,1,BAYxx_xxxx_20251125_122610_000.7z
2025-11-25 12:33:00,-21830.857426,-21.830857426,-6956.657700,-7558.778198,-7315.421528,768000,768000,1.000000000,1,2025-11-25 12:33:00.000000,2025-11-25 12:33:59.999922,1,BAYxx_xxxx_20251125_122610_000.7z
2025-11-25 12:34:00,-6723.689437,-6.723689437,-1953.270136,-2505.163307,-2265.255993,768000,768000,1.000000000,1,2025-11-25 12:34:00.000000,2025-11-25 12:34:59.999922,1,BAYxx_xxxx_20251125_122610_000.7z
2025-11-25 12:35:00,2573.229565,2.573229565,1130.159155,607.403644,835.666766,768000,768000,1.000000000,1,2025-11-25 12:35:00.000000,2025-11-25 12:35:59.999922,1,BAYxx_xxxx_20251125_122610_000.7z
2025-11-25 12:36:00,-10145.431289,-10.145431289,-3073.798533,-3625.410196,-3446.222561,742523,768000,0.966826823,0,2025-11-25 12:36:00.000000,2025-11-25 12:36:59.999922,2,BAYxx_xxxx_20251125_122610_000.7z;BAYxx_xxxx_20251125_123612_000.7z
2025-11-25 12:37:00,-21519.239777,-21.519239777,-6820.616810,-7424.882368,-7273.740598,768000,768000,1.000000000,1,2025-11-25 12:37:00.000000,2025-11-25 12:37:59.999922,1,BAYxx_xxxx_20251125_123612_000.7z
2025-11-25 12:38:00,-21735.143838,-21.735143838,-6897.605608,-7492.851987,-7344.686243,768000,768000,1.000000000,1,2025-11-25 12:38:00.000000,2025-11-25 12:38:59.999922,1,BAYxx_xxxx_20251125_123612_000.7z
2025-11-25 12:39:00,-8370.779279,-8.370779279,-2470.369756,-3022.833510,-2877.576014,768000,768000,1.000000000,1,2025-11-25 12:39:00.000000,2025-11-25 12:39:59.999922,1,BAYxx_xxxx_20251125_123612_000.7z
2025-11-25 12:40:00,14175.003372,14.175003372,4784.264051,4624.270124,4766.469196,768000,768000,1.000000000,1,2025-11-25 12:40:00.000000,2025-11-25 12:40:59.999922,1,BAYxx_xxxx_20251125_123612_000.7z
2025-11-25 12:41:00,14615.660151,14.615660151,4768.871791,4827.487807,5019.300553,768000,768000,1.000000000,1,2025-11-25 12:41:00.000000,2025-11-25 12:41:59.999922,1,BAYxx_xxxx_20251125_123612_000.7z
2025-11-25 12:42:00,2322.711249,2.322711249,725.285382,676.865125,920.560742,768000,768000,1.000000000,1,2025-11-25 12:42:00.000000,2025-11-25 12:42:59.999922,1,BAYxx_xxxx_20251125_123612_000.7z
2025-11-25 12:43:00,3189.068362,3.189068362,983.150124,987.049019,1218.869219,768000,768000,1.000000000,1,2025-11-25 12:43:00.000000,2025-11-25 12:43:59.999922,1,BAYxx_xxxx_20251125_123612_000.7z
2025-11-25 12:44:00,16137.157177,16.137157177,5308.553421,5291.872844,5536.730913,768000,768000,1.000000000,1,2025-11-25 12:44:00.000000,2025-11-25 12:44:59.999922,1,BAYxx_xxxx_20251125_123612_000.7z
2025-11-25 12:45:00,23216.168328,23.216168328,7705.783028,7676.982172,7833.403127,768000,768000,1.000000000,1,2025-11-25 12:45:00.000000,2025-11-25 12:45:59.999922,1,BAYxx_xxxx_20251125_123612_000.7z
2025-11-25 12:46:00,-7173.344252,-7.173344252,-2079.232442,-2608.001776,-2486.110035,729726,768000,0.950164062,0,2025-11-25 12:46:00.000000,2025-11-25 12:46:59.999922,2,BAYxx_xxxx_20251125_123612_000.7z;BAYxx_xxxx_20251125_124615_000.7z
2025-11-25 12:47:00,-21208.695805,-21.208695805,-6730.451391,-7306.641533,-7171.602881,768000,768000,1.000000000,1,2025-11-25 12:47:00.000000,2025-11-25 12:47:59.999922,1,BAYxx_xxxx_20251125_124615_000.7z
2025-11-25 12:48:00,-21507.413190,-21.507413190,-6822.087304,-7414.827064,-7270.498822,768000,768000,1.000000000,1,2025-11-25 12:48:00.000000,2025-11-25 12:48:59.999922,1,BAYxx_xxxx_20251125_124615_000.7z
2025-11-25 12:49:00,-6089.396318,-6.089396318,-1712.429497,-2254.569135,-2122.397687,768000,768000,1.000000000,1,2025-11-25 12:49:00.000000,2025-11-25 12:49:59.999922,1,BAYxx_xxxx_20251125_124615_000.7z
2025-11-25 12:50:00,1982.508601,1.982508601,958.036807,453.339881,571.131913,768000,768000,1.000000000,1,2025-11-25 12:50:00.000000,2025-11-25 12:50:59.999922,1,BAYxx_xxxx_20251125_124615_000.7z
2025-11-25 12:51:00,-11530.270411,-11.530270411,-3537.445454,-4076.954345,-3915.870612,768000,768000,1.000000000,1,2025-11-25 12:51:00.000000,2025-11-25 12:51:59.999922,1,BAYxx_xxxx_20251125_124615_000.7z
2025-11-25 12:52:00,-20888.218570,-20.888218570,-6648.151464,-7237.391901,-7002.675204,768000,768000,1.000000000,1,2025-11-25 12:52:00.000000,2025-11-25 12:52:59.999922,1,BAYxx_xxxx_20251125_124615_000.7z
2025-11-25 12:53:00,-20980.823038,-20.980823038,-6686.583100,-7259.101829,-7035.138109,768000,768000,1.000000000,1,2025-11-25 12:53:00.000000,2025-11-25 12:53:59.999922,1,BAYxx_xxxx_20251125_124615_000.7z
2025-11-25 12:54:00,-7794.058517,-7.794058517,-2310.299816,-2855.429438,-2628.329264,768000,768000,1.000000000,1,2025-11-25 12:54:00.000000,2025-11-25 12:54:59.999922,1,BAYxx_xxxx_20251125_124615_000.7z
2025-11-25 12:55:00,2203.723471,2.203723471,1012.187369,486.703301,704.832802,768000,768000,1.000000000,1,2025-11-25 12:55:00.000000,2025-11-25 12:55:59.999922,1,BAYxx_xxxx_20251125_124615_000.7z
2025-11-25 12:56:00,-8634.891297,-8.634891297,-2593.242419,-3126.288541,-2915.360337,729739,768000,0.950180990,0,2025-11-25 12:56:00.000000,2025-11-25 12:56:59.999922,2,BAYxx_xxxx_20251125_124615_000.7z;BAYxx_xxxx_20251125_125618_000.7z
2025-11-25 12:57:00,-20341.681662,-20.341681662,-6471.690200,-7050.662598,-6819.328864,768000,768000,1.000000000,1,2025-11-25 12:57:00.000000,2025-11-25 12:57:59.999922,1,BAYxx_xxxx_20251125_125618_000.7z
2025-11-25 12:58:00,-20442.744472,-20.442744472,-6503.297537,-7084.446389,-6855.000546,768000,768000,1.000000000,1,2025-11-25 12:58:00.000000,2025-11-25 12:58:59.999922,1,BAYxx_xxxx_20251125_125618_000.7z
2025-11-25 12:59:00,-20341.657139,-20.341657139,-6478.878769,-7050.841313,-6811.937057,768000,768000,1.000000000,1,2025-11-25 12:59:00.000000,2025-11-25 12:59:59.999922,1,BAYxx_xxxx_20251125_125618_000.7z
2025-11-25 13:00:00,-6175.907374,-6.175907374,-1784.366065,-2304.763544,-2086.777766,768000,768000,1.000000000,1,2025-11-25 13:00:00.000000,2025-11-25 13:00:59.999922,1,BAYxx_xxxx_20251125_125618_000.7z
2025-11-25 13:01:00,2445.296388,2.445296388,1075.007393,582.680354,787.608640,768000,768000,1.000000000,1,2025-11-25 13:01:00.000000,2025-11-25 13:01:59.999922,1,BAYxx_xxxx_20251125_125618_000.7z
2025-11-25 13:02:00,-9726.600925,-9.726600925,-2954.450080,-3496.605125,-3275.545720,768000,768000,1.000000000,1,2025-11-25 13:02:00.000000,2025-11-25 13:02:59.999922,1,BAYxx_xxxx_20251125_125618_000.7z
2025-11-25 13:03:00,-18843.026226,-18.843026226,-5978.298658,-6545.921292,-6318.806277,768000,768000,1.000000000,1,2025-11-25 13:03:00.000000,2025-11-25 13:03:59.999922,1,BAYxx_xxxx_20251125_125618_000.7z
2025-11-25 13:04:00,-12058.748496,-12.058748496,-3739.111102,-4275.773225,-4043.864169,768000,768000,1.000000000,1,2025-11-25 13:04:00.000000,2025-11-25 13:04:59.999922,1,BAYxx_xxxx_20251125_125618_000.7z
2025-11-25 13:05:00,2465.245624,2.465245624,1085.610584,582.233283,797.401757,768000,768000,1.000000000,1,2025-11-25 13:05:00.000000,2025-11-25 13:05:59.999922,1,BAYxx_xxxx_20251125_125618_000.7z
2025-11-25 13:06:00,-2407.884950,-2.407884950,-533.631230,-1052.268515,-821.985204,742458,768000,0.966742187,0,2025-11-25 13:06:00.000000,2025-11-25 13:06:59.999922,2,BAYxx_xxxx_20251125_125618_000.7z;BAYxx_xxxx_20251125_130620_000.7z
2025-11-25 13:07:00,-17372.797659,-17.372797659,-5495.852896,-6067.322923,-5809.621840,768000,768000,1.000000000,1,2025-11-25 13:07:00.000000,2025-11-25 13:07:59.999922,1,BAYxx_xxxx_20251125_130620_000.7z
2025-11-25 13:08:00,-15748.842714,-15.748842714,-4957.736154,-5517.730039,-5273.376520,768000,768000,1.000000000,1,2025-11-25 13:08:00.000000,2025-11-25 13:08:59.999922,1,BAYxx_xxxx_20251125_130620_000.7z
2025-11-25 13:09:00,2.890106,0.002890106,21.466433,-127.451830,108.875502,768000,768000,1.000000000,1,2025-11-25 13:09:00.000000,2025-11-25 13:09:59.999922,1,BAYxx_xxxx_20251125_130620_000.7z
2025-11-25 13:10:00,5562.105681,5.562105681,1776.131441,1747.182642,2038.791598,768000,768000,1.000000000,1,2025-11-25 13:10:00.000000,2025-11-25 13:10:59.999922,1,BAYxx_xxxx_20251125_130620_000.7z
2025-11-25 13:11:00,7006.603847,7.006603847,2194.700529,2244.827779,2567.075540,768000,768000,1.000000000,1,2025-11-25 13:11:00.000000,2025-11-25 13:11:59.999922,1,BAYxx_xxxx_20251125_130620_000.7z
2025-11-25 13:12:00,7909.784372,7.909784372,2481.561457,2560.545583,2867.677332,768000,768000,1.000000000,1,2025-11-25 13:12:00.000000,2025-11-25 13:12:59.999922,1,BAYxx_xxxx_20251125_130620_000.7z
2025-11-25 13:13:00,8976.312670,8.976312670,2827.341536,2916.613395,3232.357739,768000,768000,1.000000000,1,2025-11-25 13:13:00.000000,2025-11-25 13:13:59.999922,1,BAYxx_xxxx_20251125_130620_000.7z
2025-11-25 13:14:00,1926.670557,1.926670557,724.220783,454.628951,747.820823,768000,768000,1.000000000,1,2025-11-25 13:14:00.000000,2025-11-25 13:14:59.999922,1,BAYxx_xxxx_20251125_130620_000.7z
2025-11-25 13:15:00,2241.242308,2.241242308,1011.877519,493.722078,735.642711,768000,768000,1.000000000,1,2025-11-25 13:15:00.000000,2025-11-25 13:15:59.999922,1,BAYxx_xxxx_20251125_130620_000.7z
2025-11-25 13:16:00,-1615.348078,-1.615348078,-267.797206,-793.924706,-553.626167,729606,768000,0.950007812,0,2025-11-25 13:16:00.000000,2025-11-25 13:16:59.999922,2,BAYxx_xxxx_20251125_130620_000.7z;BAYxx_xxxx_20251125_131623_000.7z
2025-11-25 13:17:00,-16400.300634,-16.400300634,-5169.823111,-5741.662513,-5488.815010,768000,768000,1.000000000,1,2025-11-25 13:17:00.000000,2025-11-25 13:17:59.999922,1,BAYxx_xxxx_20251125_131623_000.7z
2025-11-25 13:18:00,-16934.458633,-16.934458633,-5353.575224,-5920.647527,-5660.235882,768000,768000,1.000000000,1,2025-11-25 13:18:00.000000,2025-11-25 13:18:59.999922,1,BAYxx_xxxx_20251125_131623_000.7z
2025-11-25 13:19:00,-16598.494049,-16.598494049,-5239.809029,-5799.392529,-5559.292492,768000,768000,1.000000000,1,2025-11-25 13:19:00.000000,2025-11-25 13:19:59.999922,1,BAYxx_xxxx_20251125_131623_000.7z
2025-11-25 13:20:00,-10704.419227,-10.704419227,-3282.314881,-3836.450584,-3585.653762,768000,768000,1.000000000,1,2025-11-25 13:20:00.000000,2025-11-25 13:20:59.999922,1,BAYxx_xxxx_20251125_131623_000.7z
2025-11-25 13:21:00,2217.410184,2.217410184,1003.635168,487.674862,726.100153,768000,768000,1.000000000,1,2025-11-25 13:21:00.000000,2025-11-25 13:21:59.999922,1,BAYxx_xxxx_20251125_131623_000.7z
2025-11-25 13:22:00,-2699.975834,-2.699975834,-609.315420,-1112.874052,-977.786362,768000,768000,1.000000000,1,2025-11-25 13:22:00.000000,2025-11-25 13:22:59.999922,1,BAYxx_xxxx_20251125_131623_000.7z
2025-11-25 13:23:00,-15648.491752,-15.648491752,-4888.642725,-5454.023858,-5305.825169,768000,768000,1.000000000,1,2025-11-25 13:23:00.000000,2025-11-25 13:23:59.999922,1,BAYxx_xxxx_20251125_131623_000.7z
2025-11-25 13:24:00,-3478.773364,-3.478773364,-837.402889,-1396.952628,-1244.417848,768000,768000,1.000000000,1,2025-11-25 13:24:00.000000,2025-11-25 13:24:59.999922,1,BAYxx_xxxx_20251125_131623_000.7z
2025-11-25 13:25:00,2202.258534,2.202258534,1043.754717,501.842499,656.661318,768000,768000,1.000000000,1,2025-11-25 13:25:00.000000,2025-11-25 13:25:59.999922,1,BAYxx_xxxx_20251125_131623_000.7z
2025-11-25 13:26:00,-8331.490183,-8.331490183,-2465.870840,-3008.459914,-2857.159428,729673,768000,0.950095052,0,2025-11-25 13:26:00.000000,2025-11-25 13:26:59.999922,2,BAYxx_xxxx_20251125_131623_000.7z;BAYxx_xxxx_20251125_132626_000.7z
2025-11-25 13:27:00,-15486.216797,-15.486216797,-4836.981022,-5408.979351,-5240.256425,768000,768000,1.000000000,1,2025-11-25 13:27:00.000000,2025-11-25 13:27:59.999922,1,BAYxx_xxxx_20251125_132626_000.7z
2025-11-25 13:28:00,-16029.588803,-16.029588803,-5020.079591,-5579.574887,-5429.934325,768000,768000,1.000000000,1,2025-11-25 13:28:00.000000,2025-11-25 13:28:59.999922,1,BAYxx_xxxx_20251125_132626_000.7z
2025-11-25 13:29:00,-15980.046850,-15.980046850,-5007.316116,-5566.598384,-5406.132350,768000,768000,1.000000000,1,2025-11-25 13:29:00.000000,2025-11-25 13:29:59.999922,1,BAYxx_xxxx_20251125_132626_000.7z
2025-11-25 13:30:00,-7468.643265,-7.468643265,-2181.086867,-2718.832915,-2568.723483,768000,768000,1.000000000,1,2025-11-25 13:30:00.000000,2025-11-25 13:30:59.999922,1,BAYxx_xxxx_20251125_132626_000.7z
2025-11-25 13:31:00,2343.272678,2.343272678,1079.995419,556.489019,706.788240,768000,768000,1.000000000,1,2025-11-25 13:31:00.000000,2025-11-25 13:31:59.999922,1,BAYxx_xxxx_20251125_132626_000.7z
2025-11-25 13:32:00,-4448.960538,-4.448960538,-1177.277683,-1709.134103,-1562.548753,768000,768000,1.000000000,1,2025-11-25 13:32:00.000000,2025-11-25 13:32:59.999922,1,BAYxx_xxxx_20251125_132626_000.7z
2025-11-25 13:33:00,-13757.742648,-13.757742648,-4261.559096,-4830.279879,-4665.903672,768000,768000,1.000000000,1,2025-11-25 13:33:00.000000,2025-11-25 13:33:59.999922,1,BAYxx_xxxx_20251125_132626_000.7z
2025-11-25 13:34:00,-10041.476158,-10.041476158,-3034.774563,-3581.523950,-3425.177646,768000,768000,1.000000000,1,2025-11-25 13:34:00.000000,2025-11-25 13:34:59.999922,1,BAYxx_xxxx_20251125_132626_000.7z
2025-11-25 13:35:00,3717.792887,3.717792887,1510.561355,1025.753687,1181.477844,768000,768000,1.000000000,1,2025-11-25 13:35:00.000000,2025-11-25 13:35:59.999922,1,BAYxx_xxxx_20251125_132626_000.7z
2025-11-25 13:36:00,11727.131475,11.727131475,3896.208553,3817.699098,4013.223824,742514,768000,0.966815104,0,2025-11-25 13:36:00.000000,2025-11-25 13:36:59.999922,2,BAYxx_xxxx_20251125_132626_000.7z;BAYxx_xxxx_20251125_133628_000.7z
2025-11-25 13:37:00,10803.978797,10.803978797,3486.017838,3492.390952,3825.570007,768000,768000,1.000000000,1,2025-11-25 13:37:00.000000,2025-11-25 13:37:59.999922,1,BAYxx_xxxx_20251125_133628_000.7z
2025-11-25 13:38:00,10529.627558,10.529627558,3317.535745,3429.542450,3782.549363,768000,768000,1.000000000,1,2025-11-25 13:38:00.000000,2025-11-25 13:38:59.999922,1,BAYxx_xxxx_20251125_133628_000.7z
2025-11-25 13:39:00,18501.165310,18.501165310,5995.759650,6058.591005,6446.814655,768000,768000,1.000000000,1,2025-11-25 13:39:00.000000,2025-11-25 13:39:59.999922,1,BAYxx_xxxx_20251125_133628_000.7z
2025-11-25 13:40:00,28859.431753,28.859431753,9444.571104,9449.468200,9965.392449,768000,768000,1.000000000,1,2025-11-25 13:40:00.000000,2025-11-25 13:40:59.999922,1,BAYxx_xxxx_20251125_133628_000.7z
2025-11-25 13:41:00,10666.162617,10.666162617,3581.351255,3354.827209,3729.984153,768000,768000,1.000000000,1,2025-11-25 13:41:00.000000,2025-11-25 13:41:59.999922,1,BAYxx_xxxx_20251125_133628_000.7z
2025-11-25 13:42:00,-11848.725935,-11.848725935,-3669.583676,-4215.404641,-3963.737618,768000,768000,1.000000000,1,2025-11-25 13:42:00.000000,2025-11-25 13:42:59.999922,1,BAYxx_xxxx_20251125_133628_000.7z
2025-11-25 13:43:00,-13414.658119,-13.414658119,-4185.738256,-4744.500697,-4484.419166,768000,768000,1.000000000,1,2025-11-25 13:43:00.000000,2025-11-25 13:43:59.999922,1,BAYxx_xxxx_20251125_133628_000.7z
2025-11-25 13:44:00,-3410.789367,-3.410789367,-860.112527,-1411.807062,-1138.869779,768000,768000,1.000000000,1,2025-11-25 13:44:00.000000,2025-11-25 13:44:59.999922,1,BAYxx_xxxx_20251125_133628_000.7z
2025-11-25 13:45:00,2376.465625,2.376465625,1054.647185,530.266216,791.552223,768000,768000,1.000000000,1,2025-11-25 13:45:00.000000,2025-11-25 13:45:59.999922,1,BAYxx_xxxx_20251125_133628_000.7z
2025-11-25 13:46:00,-6249.206329,-6.249206329,-1809.328634,-2352.363572,-2087.514122,729673,768000,0.950095052,0,2025-11-25 13:46:00.000000,2025-11-25 13:46:59.999922,2,BAYxx_xxxx_20251125_133628_000.7z;BAYxx_xxxx_20251125_134631_000.7z
2025-11-25 13:47:00,-11430.382388,-11.430382388,-3524.385448,-4080.246001,-3825.750939,768000,768000,1.000000000,1,2025-11-25 13:47:00.000000,2025-11-25 13:47:59.999922,1,BAYxx_xxxx_20251125_134631_000.7z
2025-11-25 13:48:00,-13058.709032,-13.058709032,-4062.312091,-4625.802539,-4370.594401,768000,768000,1.000000000,1,2025-11-25 13:48:00.000000,2025-11-25 13:48:59.999922,1,BAYxx_xxxx_20251125_134631_000.7z
2025-11-25 13:49:00,-310.426801,-0.310426801,164.468783,-355.777581,-119.118003,768000,768000,1.000000000,1,2025-11-25 13:49:00.000000,2025-11-25 13:49:59.999922,1,BAYxx_xxxx_20251125_134631_000.7z
2025-11-25 13:50:00,2464.309779,2.464309779,1086.126555,572.644518,805.538707,768000,768000,1.000000000,1,2025-11-25 13:50:00.000000,2025-11-25 13:50:59.999922,1,BAYxx_xxxx_20251125_134631_000.7z
2025-11-25 13:51:00,-8769.087117,-8.769087117,-2651.350825,-3174.887053,-2942.849239,768000,768000,1.000000000,1,2025-11-25 13:51:00.000000,2025-11-25 13:51:59.999922,1,BAYxx_xxxx_20251125_134631_000.7z
2025-11-25 13:52:00,-10801.446939,-10.801446939,-3320.959334,-3863.482965,-3617.004641,768000,768000,1.000000000,1,2025-11-25 13:52:00.000000,2025-11-25 13:52:59.999922,1,BAYxx_xxxx_20251125_134631_000.7z
2025-11-25 13:53:00,-10818.323286,-10.818323286,-3326.172606,-3872.858177,-3619.292502,768000,768000,1.000000000,1,2025-11-25 13:53:00.000000,2025-11-25 13:53:59.999922,1,BAYxx_xxxx_20251125_134631_000.7z
2025-11-25 13:54:00,-2692.987742,-2.692987742,-632.855833,-1151.414156,-908.717753,768000,768000,1.000000000,1,2025-11-25 13:54:00.000000,2025-11-25 13:54:59.999922,1,BAYxx_xxxx_20251125_134631_000.7z
2025-11-25 13:55:00,1990.468885,1.990468885,937.777379,409.478747,643.212759,768000,768000,1.000000000,1,2025-11-25 13:55:00.000000,2025-11-25 13:55:59.999922,1,BAYxx_xxxx_20251125_134631_000.7z
2025-11-25 13:56:00,-6045.603777,-6.045603777,-1740.008272,-2268.719741,-2036.875765,704043,768000,0.916722656,0,2025-11-25 13:56:00.000000,2025-11-25 13:56:59.999922,2,BAYxx_xxxx_20251125_134631_000.7z;BAYxx_xxxx_20251125_135636_000.7z
2025-11-25 13:57:00,-10498.928346,-10.498928346,-3224.139114,-3762.056914,-3512.732318,768000,768000,1.000000000,1,2025-11-25 13:57:00.000000,2025-11-25 13:57:59.999922,1,BAYxx_xxxx_20251125_135636_000.7z
2025-11-25 13:58:00,-10382.089983,-10.382089983,-3195.330167,-3718.611078,-3468.148738,768000,768000,1.000000000,1,2025-11-25 13:58:00.000000,2025-11-25 13:58:59.999922,1,BAYxx_xxxx_20251125_135636_000.7z
2025-11-25 13:59:00,-3235.004198,-3.235004198,-802.593748,-1337.009296,-1095.401154,768000,768000,1.000000000,1,2025-11-25 13:59:00.000000,2025-11-25 13:59:59.999922,1,BAYxx_xxxx_20251125_135636_000.7z
2025-11-25 14:00:00,2044.551026,2.044551026,961.615785,427.651515,655.283727,768000,768000,1.000000000,1,2025-11-25 14:00:00.000000,2025-11-25 14:00:59.999922,1,BAYxx_xxxx_20251125_135636_000.7z
2025-11-25 14:01:00,-4793.514560,-4.793514560,-1327.363409,-1849.753092,-1616.398059,768000,768000,1.000000000,1,2025-11-25 14:01:00.000000,2025-11-25 14:01:59.999922,1,BAYxx_xxxx_20251125_135636_000.7z
2025-11-25 14:02:00,-4892.182896,-4.892182896,-1424.790387,-1860.862925,-1606.529584,768000,768000,1.000000000,1,2025-11-25 14:02:00.000000,2025-11-25 14:02:59.999922,1,BAYxx_xxxx_20251125_135636_000.7z
2025-11-25 14:03:00,12529.805809,12.529805809,4150.780043,3965.593273,4413.432493,768000,768000,1.000000000,1,2025-11-25 14:03:00.000000,2025-11-25 14:03:59.999922,1,BAYxx_xxxx_20251125_135636_000.7z
2025-11-25 14:04:00,16179.414602,16.179414602,5465.502856,5116.949981,5596.961765,768000,768000,1.000000000,1,2025-11-25 14:04:00.000000,2025-11-25 14:04:59.999922,1,BAYxx_xxxx_20251125_135636_000.7z
2025-11-25 14:05:00,26707.714301,26.707714301,8844.161467,8700.997528,9162.555305,768000,768000,1.000000000,1,2025-11-25 14:05:00.000000,2025-11-25 14:05:59.999922,1,BAYxx_xxxx_20251125_135636_000.7z
2025-11-25 14:06:00,24615.840725,24.615840725,8069.887122,8084.529191,8461.424412,742406,768000,0.966674479,0,2025-11-25 14:06:00.000000,2025-11-25 14:06:59.999922,2,BAYxx_xxxx_20251125_135636_000.7z;BAYxx_xxxx_20251125_140638_000.7z
2025-11-25 14:07:00,16597.277067,16.597277067,5385.076990,5466.931626,5745.268451,768000,768000,1.000000000,1,2025-11-25 14:07:00.000000,2025-11-25 14:07:59.999922,1,BAYxx_xxxx_20251125_140638_000.7z
2025-11-25 14:08:00,-7642.760291,-7.642760291,-2275.885925,-2755.080748,-2611.793619,768000,768000,1.000000000,1,2025-11-25 14:08:00.000000,2025-11-25 14:08:59.999922,1,BAYxx_xxxx_20251125_140638_000.7z
2025-11-25 14:09:00,-508.632935,-0.508632935,139.295171,-395.017258,-252.910847,768000,768000,1.000000000,1,2025-11-25 14:09:00.000000,2025-11-25 14:09:59.999922,1,BAYxx_xxxx_20251125_140638_000.7z
2025-11-25 14:10:00,1954.686460,1.954686460,958.041190,417.734370,578.910900,768000,768000,1.000000000,1,2025-11-25 14:10:00.000000,2025-11-25 14:10:59.999922,1,BAYxx_xxxx_20251125_140638_000.7z
2025-11-25 14:11:00,-7892.465798,-7.892465798,-2315.025999,-2871.470537,-2705.969261,768000,768000,1.000000000,1,2025-11-25 14:11:00.000000,2025-11-25 14:11:59.999922,1,BAYxx_xxxx_20251125_140638_000.7z
2025-11-25 14:12:00,-9706.356332,-9.706356332,-2918.310806,-3478.020141,-3310.025384,768000,768000,1.000000000,1,2025-11-25 14:12:00.000000,2025-11-25 14:12:59.999922,1,BAYxx_xxxx_20251125_140638_000.7z
2025-11-25 14:13:00,-9709.584131,-9.709584131,-2935.220028,-3468.380317,-3305.983785,768000,768000,1.000000000,1,2025-11-25 14:13:00.000000,2025-11-25 14:13:59.999922,1,BAYxx_xxxx_20251125_140638_000.7z
2025-11-25 14:14:00,1505.087670,1.505087670,812.345317,272.020781,420.721572,768000,768000,1.000000000,1,2025-11-25 14:14:00.000000,2025-11-25 14:14:59.999922,1,BAYxx_xxxx_20251125_140638_000.7z
2025-11-25 14:15:00,1601.331984,1.601331984,846.694504,306.211745,448.425735,768000,768000,1.000000000,1,2025-11-25 14:15:00.000000,2025-11-25 14:15:59.999922,1,BAYxx_xxxx_20251125_140638_000.7z
2025-11-25 14:16:00,-9731.520970,-9.731520970,-2926.058221,-3479.591924,-3325.870824,716866,768000,0.933419271,0,2025-11-25 14:16:00.000000,2025-11-25 14:16:59.999922,2,BAYxx_xxxx_20251125_140638_000.7z;BAYxx_xxxx_20251125_141642_000.7z
2025-11-25 14:17:00,-10218.654143,-10.218654143,-3087.680364,-3641.702590,-3489.271189,768000,768000,1.000000000,1,2025-11-25 14:17:00.000000,2025-11-25 14:17:59.999922,1,BAYxx_xxxx_20251125_141642_000.7z
2025-11-25 14:18:00,-10277.802415,-10.277802415,-3105.175662,-3655.171795,-3517.454957,768000,768000,1.000000000,1,2025-11-25 14:18:00.000000,2025-11-25 14:18:59.999922,1,BAYxx_xxxx_20251125_141642_000.7z
2025-11-25 14:19:00,923.515375,0.923515375,615.188509,95.349762,212.977105,768000,768000,1.000000000,1,2025-11-25 14:19:00.000000,2025-11-25 14:19:59.999922,1,BAYxx_xxxx_20251125_141642_000.7z
2025-11-25 14:20:00,2102.989381,2.102989381,994.763195,486.145374,622.080813,768000,768000,1.000000000,1,2025-11-25 14:20:00.000000,2025-11-25 14:20:59.999922,1,BAYxx_xxxx_20251125_141642_000.7z
2025-11-25 14:21:00,-9189.926896,-9.189926896,-2756.167125,-3284.347978,-3149.411793,768000,768000,1.000000000,1,2025-11-25 14:21:00.000000,2025-11-25 14:21:59.999922,1,BAYxx_xxxx_20251125_141642_000.7z
2025-11-25 14:22:00,-9972.281333,-9.972281333,-3033.499231,-3565.771702,-3373.010400,768000,768000,1.000000000,1,2025-11-25 14:22:00.000000,2025-11-25 14:22:59.999922,1,BAYxx_xxxx_20251125_141642_000.7z
2025-11-25 14:23:00,-9870.224531,-9.870224531,-3016.640317,-3547.785115,-3305.799099,768000,768000,1.000000000,1,2025-11-25 14:23:00.000000,2025-11-25 14:23:59.999922,1,BAYxx_xxxx_20251125_141642_000.7z
2025-11-25 14:24:00,2005.963134,2.005963134,941.039537,409.913200,655.010397,768000,768000,1.000000000,1,2025-11-25 14:24:00.000000,2025-11-25 14:24:59.999922,1,BAYxx_xxxx_20251125_141642_000.7z
2025-11-25 14:25:00,1851.229500,1.851229500,891.154227,361.757549,598.317724,768000,768000,1.000000000,1,2025-11-25 14:25:00.000000,2025-11-25 14:25:59.999922,1,BAYxx_xxxx_20251125_141642_000.7z
2025-11-25 14:26:00,-9236.744440,-9.236744440,-2794.141558,-3344.343423,-3098.259459,729623,768000,0.950029948,0,2025-11-25 14:26:00.000000,2025-11-25 14:26:59.999922,2,BAYxx_xxxx_20251125_141642_000.7z;BAYxx_xxxx_20251125_142645_000.7z
2025-11-25 14:27:00,-9500.322926,-9.500322926,-2881.557551,-3425.985867,-3192.779508,768000,768000,1.000000000,1,2025-11-25 14:27:00.000000,2025-11-25 14:27:59.999922,1,BAYxx_xxxx_20251125_142645_000.7z
2025-11-25 14:28:00,-6481.845302,-6.481845302,-1883.112639,-2421.127404,-2177.605259,768000,768000,1.000000000,1,2025-11-25 14:28:00.000000,2025-11-25 14:28:59.999922,1,BAYxx_xxxx_20251125_142645_000.7z
2025-11-25 14:29:00,3114.460532,3.114460532,1301.002196,797.128080,1016.330255,768000,768000,1.000000000,1,2025-11-25 14:29:00.000000,2025-11-25 14:29:59.999922,1,BAYxx_xxxx_20251125_142645_000.7z
2025-11-25 14:30:00,5490.039792,5.490039792,1973.652308,1640.301620,1876.085863,768000,768000,1.000000000,1,2025-11-25 14:30:00.000000,2025-11-25 14:30:59.999922,1,BAYxx_xxxx_20251125_142645_000.7z
2025-11-25 14:31:00,13732.438517,13.732438517,4455.198055,4457.069239,4820.171223,768000,768000,1.000000000,1,2025-11-25 14:31:00.000000,2025-11-25 14:31:59.999922,1,BAYxx_xxxx_20251125_142645_000.7z
2025-11-25 14:32:00,14610.234876,14.610234876,4789.890370,4677.433276,5142.911230,768000,768000,1.000000000,1,2025-11-25 14:32:00.000000,2025-11-25 14:32:59.999922,1,BAYxx_xxxx_20251125_142645_000.7z
2025-11-25 14:33:00,15801.496316,15.801496316,5146.034851,5119.381219,5536.080245,768000,768000,1.000000000,1,2025-11-25 14:33:00.000000,2025-11-25 14:33:59.999922,1,BAYxx_xxxx_20251125_142645_000.7z
2025-11-25 14:34:00,16965.632350,16.965632350,5517.925932,5503.017794,5944.688625,768000,768000,1.000000000,1,2025-11-25 14:34:00.000000,2025-11-25 14:34:59.999922,1,BAYxx_xxxx_20251125_142645_000.7z
2025-11-25 14:35:00,11607.400995,11.607400995,3826.922261,3677.376245,4103.102489,768000,768000,1.000000000,1,2025-11-25 14:35:00.000000,2025-11-25 14:35:59.999922,1,BAYxx_xxxx_20251125_142645_000.7z
2025-11-25 14:36:00,-8913.367511,-8.913367511,-2695.506256,-3233.667899,-2984.193357,742538,768000,0.966846354,0,2025-11-25 14:36:00.000000,2025-11-25 14:36:59.999922,2,BAYxx_xxxx_20251125_142645_000.7z;BAYxx_xxxx_20251125_143647_000.7z
2025-11-25 14:37:00,-8849.692468,-8.849692468,-2674.715895,-3210.351852,-2964.624721,768000,768000,1.000000000,1,2025-11-25 14:37:00.000000,2025-11-25 14:37:59.999922,1,BAYxx_xxxx_20251125_143647_000.7z
2025-11-25 14:38:00,-4467.381695,-4.467381695,-1225.854586,-1732.659039,-1508.868070,768000,768000,1.000000000,1,2025-11-25 14:38:00.000000,2025-11-25 14:38:59.999922,1,BAYxx_xxxx_20251125_143647_000.7z
2025-11-25 14:39:00,2369.035185,2.369035185,1048.929165,543.661966,776.444054,768000,768000,1.000000000,1,2025-11-25 14:39:00.000000,2025-11-25 14:39:59.999922,1,BAYxx_xxxx_20251125_143647_000.7z
2025-11-25 14:40:00,-2347.975332,-2.347975332,-518.168721,-1031.281765,-798.524846,768000,768000,1.000000000,1,2025-11-25 14:40:00.000000,2025-11-25 14:40:59.999922,1,BAYxx_xxxx_20251125_143647_000.7z
2025-11-25 14:41:00,-8133.746539,-8.133746539,-2442.863428,-2965.777191,-2725.105921,768000,768000,1.000000000,1,2025-11-25 14:41:00.000000,2025-11-25 14:41:59.999922,1,BAYxx_xxxx_20251125_143647_000.7z
2025-11-25 14:42:00,-7948.305985,-7.948305985,-2384.376584,-2906.783906,-2657.145495,768000,768000,1.000000000,1,2025-11-25 14:42:00.000000,2025-11-25 14:42:59.999922,1,BAYxx_xxxx_20251125_143647_000.7z
2025-11-25 14:43:00,-4276.913584,-4.276913584,-1163.334586,-1680.361148,-1433.217850,768000,768000,1.000000000,1,2025-11-25 14:43:00.000000,2025-11-25 14:43:59.999922,1,BAYxx_xxxx_20251125_143647_000.7z
2025-11-25 14:44:00,2864.449294,2.864449294,1222.084715,697.872220,944.492358,768000,768000,1.000000000,1,2025-11-25 14:44:00.000000,2025-11-25 14:44:59.999922,1,BAYxx_xxxx_20251125_143647_000.7z
2025-11-25 14:45:00,-1258.134063,-1.258134063,-147.835416,-670.332770,-439.965876,768000,768000,1.000000000,1,2025-11-25 14:45:00.000000,2025-11-25 14:45:59.999922,1,BAYxx_xxxx_20251125_143647_000.7z
2025-11-25 14:46:00,-7482.867137,-7.482867137,-2221.741261,-2753.108115,-2508.017761,742510,768000,0.966809896,0,2025-11-25 14:46:00.000000,2025-11-25 14:46:59.999922,2,BAYxx_xxxx_20251125_143647_000.7z;BAYxx_xxxx_20251125_144649_000.7z
2025-11-25 14:47:00,-7451.000760,-7.451000760,-2207.848671,-2733.883741,-2509.268348,768000,768000,1.000000000,1,2025-11-25 14:47:00.000000,2025-11-25 14:47:59.999922,1,BAYxx_xxxx_20251125_144649_000.7z
2025-11-25 14:48:00,347.063760,0.347063760,385.551938,-132.237922,93.749745,768000,768000,1.000000000,1,2025-11-25 14:48:00.000000,2025-11-25 14:48:59.999922,1,BAYxx_xxxx_20251125_144649_000.7z
2025-11-25 14:49:00,2861.140937,2.861140937,1223.221629,696.709807,941.209501,768000,768000,1.000000000,1,2025-11-25 14:49:00.000000,2025-11-25 14:49:59.999922,1,BAYxx_xxxx_20251125_144649_000.7z
2025-11-25 14:50:00,-5302.040874,-5.302040874,-1499.659885,-2022.254014,-1780.126974,768000,768000,1.000000000,1,2025-11-25 14:50:00.000000,2025-11-25 14:50:59.999922,1,BAYxx_xxxx_20251125_144649_000.7z
2025-11-25 14:51:00,-6930.717021,-6.930717021,-2039.313901,-2566.945230,-2324.457890,768000,768000,1.000000000,1,2025-11-25 14:51:00.000000,2025-11-25 14:51:59.999922,1,BAYxx_xxxx_20251125_144649_000.7z
2025-11-25 14:52:00,-6290.217662,-6.290217662,-1818.881462,-2343.985376,-2127.350824,768000,768000,1.000000000,1,2025-11-25 14:52:00.000000,2025-11-25 14:52:59.999922,1,BAYxx_xxxx_20251125_144649_000.7z
2025-11-25 14:53:00,2777.708684,2.777708684,1223.621273,703.135872,850.951539,768000,768000,1.000000000,1,2025-11-25 14:53:00.000000,2025-11-25 14:53:59.999922,1,BAYxx_xxxx_20251125_144649_000.7z
2025-11-25 14:54:00,1590.201291,1.590201291,819.146106,316.452448,454.602737,768000,768000,1.000000000,1,2025-11-25 14:54:00.000000,2025-11-25 14:54:59.999922,1,BAYxx_xxxx_20251125_144649_000.7z
2025-11-25 14:55:00,-6284.741921,-6.284741921,-1800.123453,-2317.960057,-2166.658411,768000,768000,1.000000000,1,2025-11-25 14:55:00.000000,2025-11-25 14:55:59.999922,1,BAYxx_xxxx_20251125_144649_000.7z
2025-11-25 14:56:00,-4975.194771,-4.975194771,-1347.993163,-1886.437738,-1740.763871,742489,768000,0.966782552,0,2025-11-25 14:56:00.000000,2025-11-25 14:56:59.999922,2,BAYxx_xxxx_20251125_144649_000.7z;BAYxx_xxxx_20251125_145651_000.7z
2025-11-25 14:57:00,14447.070517,14.447070517,4846.469098,4672.131897,4928.469522,768000,768000,1.000000000,1,2025-11-25 14:57:00.000000,2025-11-25 14:57:59.999922,1,BAYxx_xxxx_20251125_145651_000.7z
2025-11-25 14:58:00,16916.885828,16.916885828,5579.743474,5530.823315,5806.319039,768000,768000,1.000000000,1,2025-11-25 14:58:00.000000,2025-11-25 14:58:59.999922,1,BAYxx_xxxx_20251125_145651_000.7z
2025-11-25 14:59:00,18495.904126,18.495904126,6061.789521,6055.200505,6378.914101,768000,768000,1.000000000,1,2025-11-25 14:59:00.000000,2025-11-25 14:59:59.999922,1,BAYxx_xxxx_20251125_145651_000.7z
2025-11-25 15:00:00,19483.445361,19.483445361,6404.959517,6356.029514,6722.456330,768000,768000,1.000000000,1,2025-11-25 15:00:00.000000,2025-11-25 15:00:59.999922,1,BAYxx_xxxx_20251125_145651_000.7z
2025-11-25 15:01:00,20537.609602,20.537609602,6815.102890,6682.912897,7039.593815,768000,768000,1.000000000,1,2025-11-25 15:01:00.000000,2025-11-25 15:01:59.999922,1,BAYxx_xxxx_20251125_145651_000.7z
2025-11-25 15:02:00,2723.394619,2.723394619,1085.365470,710.530970,927.498180,768000,768000,1.000000000,1,2025-11-25 15:02:00.000000,2025-11-25 15:02:59.999922,1,BAYxx_xxxx_20251125_145651_000.7z
2025-11-25 15:03:00,2392.559997,2.392559997,1103.366294,572.898554,716.295149,768000,768000,1.000000000,1,2025-11-25 15:03:00.000000,2025-11-25 15:03:59.999922,1,BAYxx_xxxx_20251125_145651_000.7z
2025-11-25 15:04:00,2472.850086,2.472850086,1120.399241,604.024831,748.426014,768000,768000,1.000000000,1,2025-11-25 15:04:00.000000,2025-11-25 15:04:59.999922,1,BAYxx_xxxx_20251125_145651_000.7z
2025-11-25 15:05:00,-5445.674349,-5.445674349,-1513.739513,-2046.200908,-1885.733928,768000,768000,1.000000000,1,2025-11-25 15:05:00.000000,2025-11-25 15:05:59.999922,1,BAYxx_xxxx_20251125_145651_000.7z
2025-11-25 15:06:00,-5780.009940,-5.780009940,-1615.825277,-2161.829329,-2002.355333,742416,768000,0.966687500,0,2025-11-25 15:06:00.000000,2025-11-25 15:06:59.999922,2,BAYxx_xxxx_20251125_145651_000.7z;BAYxx_xxxx_20251125_150653_000.7z
2025-11-25 15:07:00,-5711.609913,-5.711609913,-1594.707596,-2137.983449,-1978.918868,768000,768000,1.000000000,1,2025-11-25 15:07:00.000000,2025-11-25 15:07:59.999922,1,BAYxx_xxxx_20251125_150653_000.7z
2025-11-25 15:08:00,-5526.454234,-5.526454234,-1572.682486,-2097.508722,-1856.263026,768000,768000,1.000000000,1,2025-11-25 15:08:00.000000,2025-11-25 15:08:59.999922,1,BAYxx_xxxx_20251125_150653_000.7z
2025-11-25 15:09:00,-5256.595857,-5.256595857,-1485.985903,-2006.910045,-1763.699910,768000,768000,1.000000000,1,2025-11-25 15:09:00.000000,2025-11-25 15:09:59.999922,1,BAYxx_xxxx_20251125_150653_000.7z
2025-11-25 15:10:00,-4840.547305,-4.840547305,-1342.467564,-1869.981053,-1628.098687,768000,768000,1.000000000,1,2025-11-25 15:10:00.000000,2025-11-25 15:10:59.999922,1,BAYxx_xxxx_20251125_150653_000.7z
2025-11-25 15:11:00,-4371.438781,-4.371438781,-1182.948021,-1709.291953,-1479.198807,768000,768000,1.000000000,1,2025-11-25 15:11:00.000000,2025-11-25 15:11:59.999922,1,BAYxx_xxxx_20251125_150653_000.7z
2025-11-25 15:12:00,-3958.149527,-3.958149527,-1043.469222,-1573.325232,-1341.355072,768000,768000,1.000000000,1,2025-11-25 15:12:00.000000,2025-11-25 15:12:59.999922,1,BAYxx_xxxx_20251125_150653_000.7z
2025-11-25 15:13:00,-3697.570044,-3.697570044,-952.433029,-1495.287288,-1249.849727,768000,768000,1.000000000,1,2025-11-25 15:13:00.000000,2025-11-25 15:13:59.999922,1,BAYxx_xxxx_20251125_150653_000.7z
2025-11-25 15:14:00,-3554.833321,-3.554833321,-901.138046,-1450.949626,-1202.745648,768000,768000,1.000000000,1,2025-11-25 15:14:00.000000,2025-11-25 15:14:59.999922,1,BAYxx_xxxx_20251125_150653_000.7z
2025-11-25 15:15:00,-3386.131465,-3.386131465,-842.915459,-1390.301150,-1152.914856,768000,768000,1.000000000,1,2025-11-25 15:15:00.000000,2025-11-25 15:15:59.999922,1,BAYxx_xxxx_20251125_150653_000.7z
2025-11-25 15:16:00,-3145.671769,-3.145671769,-768.827182,-1305.574776,-1071.269811,729685,768000,0.950110677,0,2025-11-25 15:16:00.000000,2025-11-25 15:16:59.999922,2,BAYxx_xxxx_20251125_150653_000.7z;BAYxx_xxxx_20251125_151656_000.7z
2025-11-25 15:17:00,-3002.451080,-3.002451080,-730.793945,-1256.306045,-1015.351090,768000,768000,1.000000000,1,2025-11-25 15:17:00.000000,2025-11-25 15:17:59.999922,1,BAYxx_xxxx_20251125_151656_000.7z
2025-11-25 15:18:00,-2783.669291,-2.783669291,-658.245811,-1177.383023,-948.040456,768000,768000,1.000000000,1,2025-11-25 15:18:00.000000,2025-11-25 15:18:59.999922,1,BAYxx_xxxx_20251125_151656_000.7z
2025-11-25 15:19:00,-2570.020343,-2.570020343,-575.199348,-1112.477589,-882.343406,768000,768000,1.000000000,1,2025-11-25 15:19:00.000000,2025-11-25 15:19:59.999922,1,BAYxx_xxxx_20251125_151656_000.7z
2025-11-25 15:20:00,-2284.999723,-2.284999723,-484.737053,-1018.963932,-781.298739,768000,768000,1.000000000,1,2025-11-25 15:20:00.000000,2025-11-25 15:20:59.999922,1,BAYxx_xxxx_20251125_151656_000.7z
2025-11-25 15:21:00,-2121.871607,-2.121871607,-434.975302,-964.179434,-722.716871,768000,768000,1.000000000,1,2025-11-25 15:21:00.000000,2025-11-25 15:21:59.999922,1,BAYxx_xxxx_20251125_151656_000.7z
2025-11-25 15:22:00,-1880.008719,-1.880008719,-353.599768,-882.391284,-644.017667,768000,768000,1.000000000,1,2025-11-25 15:22:00.000000,2025-11-25 15:22:59.999922,1,BAYxx_xxxx_20251125_151656_000.7z
2025-11-25 15:23:00,-1692.160208,-1.692160208,-286.656181,-817.981824,-587.522203,768000,768000,1.000000000,1,2025-11-25 15:23:00.000000,2025-11-25 15:23:59.999922,1,BAYxx_xxxx_20251125_151656_000.7z
2025-11-25 15:24:00,-1030.835153,-1.030835153,-79.860174,-590.098788,-360.876190,768000,768000,1.000000000,1,2025-11-25 15:24:00.000000,2025-11-25 15:24:59.999922,1,BAYxx_xxxx_20251125_151656_000.7z
2025-11-25 15:25:00,1624.810824,1.624810824,761.673607,312.467446,550.669771,768000,768000,1.000000000,1,2025-11-25 15:25:00.000000,2025-11-25 15:25:59.999922,1,BAYxx_xxxx_20251125_151656_000.7z
2025-11-25 15:26:00,21784.129372,21.784129372,7094.889981,7155.483463,7533.755928,729661,768000,0.950079427,0,2025-11-25 15:26:00.000000,2025-11-25 15:26:59.999922,2,BAYxx_xxxx_20251125_151656_000.7z;BAYxx_xxxx_20251125_152659_000.7z
2025-11-25 15:27:00,22499.933041,22.499933041,7426.355944,7337.148928,7736.428169,768000,768000,1.000000000,1,2025-11-25 15:27:00.000000,2025-11-25 15:27:59.999922,1,BAYxx_xxxx_20251125_152659_000.7z
2025-11-25 15:28:00,23982.690389,23.982690389,7890.099562,7837.243326,8255.347501,768000,768000,1.000000000,1,2025-11-25 15:28:00.000000,2025-11-25 15:28:59.999922,1,BAYxx_xxxx_20251125_152659_000.7z
2025-11-25 15:29:00,25209.477852,25.209477852,8170.052629,8349.118059,8690.307164,768000,768000,1.000000000,1,2025-11-25 15:29:00.000000,2025-11-25 15:29:59.999922,1,BAYxx_xxxx_20251125_152659_000.7z
2025-11-25 15:30:00,24904.092923,24.904092923,8113.099920,8237.030557,8553.962446,768000,768000,1.000000000,1,2025-11-25 15:30:00.000000,2025-11-25 15:30:59.999922,1,BAYxx_xxxx_20251125_152659_000.7z
2025-11-25 15:31:00,141.273359,0.141273359,303.486663,-194.367219,32.153915,768000,768000,1.000000000,1,2025-11-25 15:31:00.000000,2025-11-25 15:31:59.999922,1,BAYxx_xxxx_20251125_152659_000.7z
2025-11-25 15:32:00,185.707352,0.185707352,327.523219,-180.460508,38.644641,768000,768000,1.000000000,1,2025-11-25 15:32:00.000000,2025-11-25 15:32:59.999922,1,BAYxx_xxxx_20251125_152659_000.7z
2025-11-25 15:33:00,427.362895,0.427362895,407.909866,-107.710199,127.163228,768000,768000,1.000000000,1,2025-11-25 15:33:00.000000,2025-11-25 15:33:59.999922,1,BAYxx_xxxx_20251125_152659_000.7z
2025-11-25 15:34:00,672.293073,0.672293073,488.410989,-26.715360,210.597444,768000,768000,1.000000000,1,2025-11-25 15:34:00.000000,2025-11-25 15:34:59.999922,1,BAYxx_xxxx_20251125_152659_000.7z
2025-11-25 15:35:00,872.254070,0.872254070,563.030050,35.103933,274.120086,768000,768000,1.000000000,1,2025-11-25 15:35:00.000000,2025-11-25 15:35:59.999922,1,BAYxx_xxxx_20251125_152659_000.7z
2025-11-25 15:36:00,997.748526,0.997748526,600.026921,70.953852,326.767753,755268,768000,0.983421875,0,2025-11-25 15:36:00.000000,2025-11-25 15:36:59.005234,1,BAYxx_xxxx_20251125_152659_000.7z
2025-11-25 15:37:00,1207.049692,1.207049692,661.369921,148.530181,397.149590,742400,768000,0.966666667,0,2025-11-25 15:37:02.000000,2025-11-25 15:37:59.999922,1,BAYxx_xxxx_20251125_153702_000.7z
2025-11-25 15:38:00,1355.648714,1.355648714,731.942596,224.768157,398.937962,768000,768000,1.000000000,1,2025-11-25 15:38:00.000000,2025-11-25 15:38:59.999922,1,BAYxx_xxxx_20251125_153702_000.7z
2025-11-25 15:39:00,1490.665525,1.490665525,790.591494,273.831878,426.242153,768000,768000,1.000000000,1,2025-11-25 15:39:00.000000,2025-11-25 15:39:59.999922,1,BAYxx_xxxx_20251125_153702_000.7z
2025-11-25 15:40:00,1650.594570,1.650594570,838.238045,328.923377,483.433149,768000,768000,1.000000000,1,2025-11-25 15:40:00.000000,2025-11-25 15:40:59.999922,1,BAYxx_xxxx_20251125_153702_000.7z
2025-11-25 15:41:00,1518.820241,1.518820241,789.819885,289.082418,439.917937,768000,768000,1.000000000,1,2025-11-25 15:41:00.000000,2025-11-25 15:41:59.999922,1,BAYxx_xxxx_20251125_153702_000.7z
2025-11-25 15:42:00,1449.330083,1.449330083,784.883023,258.685228,405.761833,768000,768000,1.000000000,1,2025-11-25 15:42:00.000000,2025-11-25 15:42:59.999922,1,BAYxx_xxxx_20251125_153702_000.7z
2025-11-25 15:43:00,1444.024657,1.444024657,777.168802,256.087716,410.768139,768000,768000,1.000000000,1,2025-11-25 15:43:00.000000,2025-11-25 15:43:59.999922,1,BAYxx_xxxx_20251125_153702_000.7z
2025-11-25 15:44:00,1449.748190,1.449748190,779.621358,266.000007,404.126825,768000,768000,1.000000000,1,2025-11-25 15:44:00.000000,2025-11-25 15:44:59.999922,1,BAYxx_xxxx_20251125_153702_000.7z
2025-11-25 15:45:00,1445.090110,1.445090110,773.855565,263.627947,407.606598,768000,768000,1.000000000,1,2025-11-25 15:45:00.000000,2025-11-25 15:45:59.999922,1,BAYxx_xxxx_20251125_153702_000.7z
2025-11-25 15:46:00,1434.730138,1.434730138,772.724403,248.469230,413.536505,768000,768000,1.000000000,1,2025-11-25 15:46:00.000000,2025-11-25 15:46:59.999922,1,BAYxx_xxxx_20251125_153702_000.7z
2025-11-25 15:47:00,1446.828284,1.446828284,777.205485,249.454459,420.168340,729613,768000,0.950016927,0,2025-11-25 15:47:00.000000,2025-11-25 15:47:59.999922,2,BAYxx_xxxx_20251125_153702_000.7z;BAYxx_xxxx_20251125_154705_000.7z
2025-11-25 15:48:00,1439.967205,1.439967205,765.304935,259.374741,415.287528,768000,768000,1.000000000,1,2025-11-25 15:48:00.000000,2025-11-25 15:48:59.999922,1,BAYxx_xxxx_20251125_154705_000.7z
2025-11-25 15:49:00,1430.294052,1.430294052,764.958680,254.337889,410.997483,768000,768000,1.000000000,1,2025-11-25 15:49:00.000000,2025-11-25 15:49:59.999922,1,BAYxx_xxxx_20251125_154705_000.7z
2025-11-25 15:50:00,1449.198976,1.449198976,770.825286,266.429309,411.944381,768000,768000,1.000000000,1,2025-11-25 15:50:00.000000,2025-11-25 15:50:59.999922,1,BAYxx_xxxx_20251125_154705_000.7z
2025-11-25 15:51:00,1444.168585,1.444168585,765.289191,256.719553,422.159842,768000,768000,1.000000000,1,2025-11-25 15:51:00.000000,2025-11-25 15:51:59.999922,1,BAYxx_xxxx_20251125_154705_000.7z
2025-11-25 15:52:00,1456.528351,1.456528351,785.502981,247.175533,423.849837,768000,768000,1.000000000,1,2025-11-25 15:52:00.000000,2025-11-25 15:52:59.999922,1,BAYxx_xxxx_20251125_154705_000.7z
2025-11-25 15:53:00,1542.457184,1.542457184,795.813458,262.778451,483.865275,768000,768000,1.000000000,1,2025-11-25 15:53:00.000000,2025-11-25 15:53:59.999922,1,BAYxx_xxxx_20251125_154705_000.7z
2025-11-25 15:54:00,1842.880885,1.842880885,881.656897,360.618015,600.605973,768000,768000,1.000000000,1,2025-11-25 15:54:00.000000,2025-11-25 15:54:59.999922,1,BAYxx_xxxx_20251125_154705_000.7z
2025-11-25 15:55:00,3151.565709,3.151565709,1313.217218,807.614691,1030.733800,768000,768000,1.000000000,1,2025-11-25 15:55:00.000000,2025-11-25 15:55:59.999922,1,BAYxx_xxxx_20251125_154705_000.7z
2025-11-25 15:56:00,23075.932592,23.075932592,7482.902362,7665.690752,7927.339477,768000,768000,1.000000000,1,2025-11-25 15:56:00.000000,2025-11-25 15:56:59.999922,1,BAYxx_xxxx_20251125_154705_000.7z
2025-11-25 15:57:00,25009.004371,25.009004371,8150.648730,8245.993485,8612.362156,729645,768000,0.950058594,0,2025-11-25 15:57:00.000000,2025-11-25 15:57:59.999922,2,BAYxx_xxxx_20251125_154705_000.7z;BAYxx_xxxx_20251125_155708_000.7z
2025-11-25 15:58:00,26422.155289,26.422155289,8606.878205,8692.612381,9122.664703,768000,768000,1.000000000,1,2025-11-25 15:58:00.000000,2025-11-25 15:58:59.999922,1,BAYxx_xxxx_20251125_155708_000.7z
2025-11-25 15:59:00,27333.053331,27.333053331,8978.052794,8968.091182,9386.909354,768000,768000,1.000000000,1,2025-11-25 15:59:00.000000,2025-11-25 15:59:59.999922,1,BAYxx_xxxx_20251125_155708_000.7z
2025-11-25 16:00:00,28326.545816,28.326545816,9266.013768,9356.690578,9703.841470,768000,768000,1.000000000,1,2025-11-25 16:00:00.000000,2025-11-25 16:00:59.999922,1,BAYxx_xxxx_20251125_155708_000.7z
2025-11-25 16:01:00,4018.191678,4.018191678,1555.382749,1105.911624,1356.897306,768000,768000,1.000000000,1,2025-11-25 16:01:00.000000,2025-11-25 16:01:59.999922,1,BAYxx_xxxx_20251125_155708_000.7z
2025-11-25 16:02:00,1654.656746,1.654656746,812.928871,294.442023,547.285852,768000,768000,1.000000000,1,2025-11-25 16:02:00.000000,2025-11-25 16:02:59.999922,1,BAYxx_xxxx_20251125_155708_000.7z
2025-11-25 16:03:00,1650.974561,1.650974561,805.545681,293.522722,551.906158,768000,768000,1.000000000,1,2025-11-25 16:03:00.000000,2025-11-25 16:03:59.999922,1,BAYxx_xxxx_20251125_155708_000.7z
2025-11-25 16:04:00,1694.022506,1.694022506,832.759592,302.859217,558.403698,768000,768000,1.000000000,1,2025-11-25 16:04:00.000000,2025-11-25 16:04:59.999922,1,BAYxx_xxxx_20251125_155708_000.7z
2025-11-25 16:05:00,1731.853029,1.731853029,845.146089,317.810570,568.896369,768000,768000,1.000000000,1,2025-11-25 16:05:00.000000,2025-11-25 16:05:59.999922,1,BAYxx_xxxx_20251125_155708_000.7z
2025-11-25 16:06:00,1744.392589,1.744392589,836.651952,317.229024,590.511613,768000,768000,1.000000000,1,2025-11-25 16:06:00.000000,2025-11-25 16:06:59.999922,1,BAYxx_xxxx_20251125_155708_000.7z
2025-11-25 16:07:00,1750.503976,1.750503976,833.646071,331.248933,585.608973,716808,768000,0.933343750,0,2025-11-25 16:07:00.000000,2025-11-25 16:07:59.999922,2,BAYxx_xxxx_20251125_155708_000.7z;BAYxx_xxxx_20251125_160712_000.7z
2025-11-25 16:08:00,1769.983852,1.769983852,841.235509,340.300759,588.447583,768000,768000,1.000000000,1,2025-11-25 16:08:00.000000,2025-11-25 16:08:59.999922,1,BAYxx_xxxx_20251125_160712_000.7z
2025-11-25 16:09:00,1809.750617,1.809750617,878.535834,347.172800,584.041983,768000,768000,1.000000000,1,2025-11-25 16:09:00.000000,2025-11-25 16:09:59.999922,1,BAYxx_xxxx_20251125_160712_000.7z
2025-11-25 16:10:00,1851.596740,1.851596740,887.455675,347.319090,616.821975,768000,768000,1.000000000,1,2025-11-25 16:10:00.000000,2025-11-25 16:10:59.999922,1,BAYxx_xxxx_20251125_160712_000.7z
2025-11-25 16:11:00,1864.905880,1.864905880,883.480222,362.899489,618.526169,768000,768000,1.000000000,1,2025-11-25 16:11:00.000000,2025-11-25 16:11:59.999922,1,BAYxx_xxxx_20251125_160712_000.7z
2025-11-25 16:12:00,1887.259078,1.887259078,904.508481,361.897775,620.852821,768000,768000,1.000000000,1,2025-11-25 16:12:00.000000,2025-11-25 16:12:59.999922,1,BAYxx_xxxx_20251125_160712_000.7z
2025-11-25 16:13:00,1891.493594,1.891493594,904.471811,375.726441,611.295342,768000,768000,1.000000000,1,2025-11-25 16:13:00.000000,2025-11-25 16:13:59.999922,1,BAYxx_xxxx_20251125_160712_000.7z
2025-11-25 16:14:00,1895.598781,1.895598781,902.688556,360.924568,631.985657,768000,768000,1.000000000,1,2025-11-25 16:14:00.000000,2025-11-25 16:14:59.999922,1,BAYxx_xxxx_20251125_160712_000.7z
2025-11-25 16:15:00,1917.818340,1.917818340,904.258675,380.262875,633.296790,768000,768000,1.000000000,1,2025-11-25 16:15:00.000000,2025-11-25 16:15:59.999922,1,BAYxx_xxxx_20251125_160712_000.7z
2025-11-25 16:16:00,1940.373677,1.940373677,912.533742,382.915133,644.924802,768000,768000,1.000000000,1,2025-11-25 16:16:00.000000,2025-11-25 16:16:59.999922,1,BAYxx_xxxx_20251125_160712_000.7z
2025-11-25 16:17:00,1950.216434,1.950216434,924.357203,383.361002,642.498229,716930,768000,0.933502604,0,2025-11-25 16:17:00.000000,2025-11-25 16:17:59.999922,2,BAYxx_xxxx_20251125_160712_000.7z;BAYxx_xxxx_20251125_161716_000.7z
2025-11-25 16:18:00,1987.385921,1.987385921,933.050192,401.154860,653.180869,768000,768000,1.000000000,1,2025-11-25 16:18:00.000000,2025-11-25 16:18:59.999922,1,BAYxx_xxxx_20251125_161716_000.7z
2025-11-25 16:19:00,2010.509378,2.010509378,936.702570,407.729003,666.077805,768000,768000,1.000000000,1,2025-11-25 16:19:00.000000,2025-11-25 16:19:59.999922,1,BAYxx_xxxx_20251125_161716_000.7z
2025-11-25 16:20:00,2032.706084,2.032706084,935.280457,421.600016,675.825611,768000,768000,1.000000000,1,2025-11-25 16:20:00.000000,2025-11-25 16:20:59.999922,1,BAYxx_xxxx_20251125_161716_000.7z
2025-11-25 16:21:00,2074.428408,2.074428408,947.667353,437.451325,689.309730,768000,768000,1.000000000,1,2025-11-25 16:21:00.000000,2025-11-25 16:21:59.999922,1,BAYxx_xxxx_20251125_161716_000.7z
2025-11-25 16:22:00,2110.861397,2.110861397,964.971021,444.770432,701.119944,768000,768000,1.000000000,1,2025-11-25 16:22:00.000000,2025-11-25 16:22:59.999922,1,BAYxx_xxxx_20251125_161716_000.7z
2025-11-25 16:23:00,2098.270698,2.098270698,968.675210,454.454036,675.141452,768000,768000,1.000000000,1,2025-11-25 16:23:00.000000,2025-11-25 16:23:59.999922,1,BAYxx_xxxx_20251125_161716_000.7z
2025-11-25 16:24:00,2683.711202,2.683711202,1180.821274,662.944005,839.945924,768000,768000,1.000000000,1,2025-11-25 16:24:00.000000,2025-11-25 16:24:59.999922,1,BAYxx_xxxx_20251125_161716_000.7z
2025-11-25 16:25:00,6597.272682,6.597272682,2394.842698,2013.358103,2189.071881,768000,768000,1.000000000,1,2025-11-25 16:25:00.000000,2025-11-25 16:25:59.999922,1,BAYxx_xxxx_20251125_161716_000.7z
2025-11-25 16:26:00,25109.292453,25.109292453,8193.372308,8284.693769,8631.226376,768000,768000,1.000000000,1,2025-11-25 16:26:00.000000,2025-11-25 16:26:59.999922,1,BAYxx_xxxx_20251125_161716_000.7z
2025-11-25 16:27:00,25820.745659,25.820745659,8455.710965,8581.355476,8783.679219,742521,768000,0.966824219,0,2025-11-25 16:27:00.000000,2025-11-25 16:27:59.999922,2,BAYxx_xxxx_20251125_161716_000.7z;BAYxx_xxxx_20251125_162718_000.7z
2025-11-25 16:28:00,27107.533537,27.107533537,8880.109404,8946.721068,9280.703065,768000,768000,1.000000000,1,2025-11-25 16:28:00.000000,2025-11-25 16:28:59.999922,1,BAYxx_xxxx_20251125_162718_000.7z
2025-11-25 16:29:00,28181.254076,28.181254076,9156.215988,9376.639756,9648.398332,768000,768000,1.000000000,1,2025-11-25 16:29:00.000000,2025-11-25 16:29:59.999922,1,BAYxx_xxxx_20251125_162718_000.7z
2025-11-25 16:30:00,25080.300171,25.080300171,8161.911242,8311.728502,8606.660427,768000,768000,1.000000000,1,2025-11-25 16:30:00.000000,2025-11-25 16:30:59.999922,1,BAYxx_xxxx_20251125_162718_000.7z
2025-11-25 16:31:00,2277.928571,2.277928571,1048.342323,543.801032,685.785215,768000,768000,1.000000000,1,2025-11-25 16:31:00.000000,2025-11-25 16:31:59.999922,1,BAYxx_xxxx_20251125_162718_000.7z
2025-11-25 16:32:00,2294.049671,2.294049671,1056.461996,543.627212,693.960463,768000,768000,1.000000000,1,2025-11-25 16:32:00.000000,2025-11-25 16:32:59.999922,1,BAYxx_xxxx_20251125_162718_000.7z
2025-11-25 16:33:00,2316.788946,2.316788946,1065.295643,546.523596,704.969707,768000,768000,1.000000000,1,2025-11-25 16:33:00.000000,2025-11-25 16:33:59.999922,1,BAYxx_xxxx_20251125_162718_000.7z
2025-11-25 16:34:00,2353.539642,2.353539642,1078.589696,560.855450,714.094497,768000,768000,1.000000000,1,2025-11-25 16:34:00.000000,2025-11-25 16:34:59.999922,1,BAYxx_xxxx_20251125_162718_000.7z
2025-11-25 16:35:00,2387.005206,2.387005206,1092.009144,572.509657,722.486405,768000,768000,1.000000000,1,2025-11-25 16:35:00.000000,2025-11-25 16:35:59.999922,1,BAYxx_xxxx_20251125_162718_000.7z
2025-11-25 16:36:00,2431.718664,2.431718664,1111.575439,582.681868,737.461357,768000,768000,1.000000000,1,2025-11-25 16:36:00.000000,2025-11-25 16:36:59.999922,1,BAYxx_xxxx_20251125_162718_000.7z
2025-11-25 16:37:00,2471.947481,2.471947481,1125.838860,586.394779,759.713841,729618,768000,0.950023437,0,2025-11-25 16:37:00.000000,2025-11-25 16:37:59.999922,2,BAYxx_xxxx_20251125_162718_000.7z;BAYxx_xxxx_20251125_163721_000.7z
2025-11-25 16:38:00,2530.143168,2.530143168,1142.130201,594.330762,793.682205,768000,768000,1.000000000,1,2025-11-25 16:38:00.000000,2025-11-25 16:38:59.999922,1,BAYxx_xxxx_20251125_163721_000.7z
2025-11-25 16:39:00,2632.062498,2.632062498,1137.779563,614.405559,879.877375,768000,768000,1.000000000,1,2025-11-25 16:39:00.000000,2025-11-25 16:39:59.999922,1,BAYxx_xxxx_20251125_163721_000.7z
2025-11-25 16:40:00,2643.712947,2.643712947,1147.281503,618.629393,877.802051,768000,768000,1.000000000,1,2025-11-25 16:40:00.000000,2025-11-25 16:40:59.999922,1,BAYxx_xxxx_20251125_163721_000.7z
2025-11-25 16:41:00,2687.899134,2.687899134,1156.945345,629.118558,901.835231,768000,768000,1.000000000,1,2025-11-25 16:41:00.000000,2025-11-25 16:41:59.999922,1,BAYxx_xxxx_20251125_163721_000.7z
2025-11-25 16:42:00,2726.487821,2.726487821,1170.941842,643.851330,911.694648,768000,768000,1.000000000,1,2025-11-25 16:42:00.000000,2025-11-25 16:42:59.999922,1,BAYxx_xxxx_20251125_163721_000.7z
2025-11-25 16:43:00,2783.777400,2.783777400,1191.679499,662.867243,929.230658,768000,768000,1.000000000,1,2025-11-25 16:43:00.000000,2025-11-25 16:43:59.999922,1,BAYxx_xxxx_20251125_163721_000.7z
2025-11-25 16:44:00,2802.005509,2.802005509,1215.219744,667.758212,919.027552,768000,768000,1.000000000,1,2025-11-25 16:44:00.000000,2025-11-25 16:44:59.999922,1,BAYxx_xxxx_20251125_163721_000.7z
2025-11-25 16:45:00,2849.747066,2.849747066,1226.298110,686.285486,937.163471,768000,768000,1.000000000,1,2025-11-25 16:45:00.000000,2025-11-25 16:45:59.999922,1,BAYxx_xxxx_20251125_163721_000.7z
2025-11-25 16:46:00,2885.141810,2.885141810,1239.262293,691.632186,954.247331,768000,768000,1.000000000,1,2025-11-25 16:46:00.000000,2025-11-25 16:46:59.999922,1,BAYxx_xxxx_20251125_163721_000.7z
2025-11-25 16:47:00,2925.723600,2.925723600,1251.849258,704.468813,969.405529,742422,768000,0.966695312,0,2025-11-25 16:47:00.000000,2025-11-25 16:47:59.999922,2,BAYxx_xxxx_20251125_163721_000.7z;BAYxx_xxxx_20251125_164723_000.7z
2025-11-25 16:48:00,2981.356775,2.981356775,1275.417553,723.882481,982.056741,768000,768000,1.000000000,1,2025-11-25 16:48:00.000000,2025-11-25 16:48:59.999922,1,BAYxx_xxxx_20251125_164723_000.7z
2025-11-25 16:49:00,3042.359340,3.042359340,1307.590500,736.787293,997.981547,768000,768000,1.000000000,1,2025-11-25 16:49:00.000000,2025-11-25 16:49:59.999922,1,BAYxx_xxxx_20251125_164723_000.7z
2025-11-25 16:50:00,3089.024557,3.089024557,1319.323057,760.173860,1009.527641,768000,768000,1.000000000,1,2025-11-25 16:50:00.000000,2025-11-25 16:50:59.999922,1,BAYxx_xxxx_20251125_164723_000.7z
2025-11-25 16:51:00,4814.508490,4.814508490,1888.835704,1338.429488,1587.243298,768000,768000,1.000000000,1,2025-11-25 16:51:00.000000,2025-11-25 16:51:59.999922,1,BAYxx_xxxx_20251125_164723_000.7z
2025-11-25 16:52:00,21638.825321,21.638825321,7141.860781,7020.107307,7476.857233,768000,768000,1.000000000,1,2025-11-25 16:52:00.000000,2025-11-25 16:52:59.999922,1,BAYxx_xxxx_20251125_164723_000.7z
2025-11-25 16:53:00,26133.484607,26.133484607,8601.250904,8526.944363,9005.289340,768000,768000,1.000000000,1,2025-11-25 16:53:00.000000,2025-11-25 16:53:59.999922,1,BAYxx_xxxx_20251125_164723_000.7z
2025-11-25 16:54:00,27635.461947,27.635461947,9100.810500,9061.179721,9473.471727,768000,768000,1.000000000,1,2025-11-25 16:54:00.000000,2025-11-25 16:54:59.999922,1,BAYxx_xxxx_20251125_164723_000.7z
2025-11-25 16:55:00,28582.676896,28.582676896,9390.298665,9381.823624,9810.554607,768000,768000,1.000000000,1,2025-11-25 16:55:00.000000,2025-11-25 16:55:59.999922,1,BAYxx_xxxx_20251125_164723_000.7z
2025-11-25 16:56:00,29607.243214,29.607243214,9688.300655,9715.893374,10203.049185,768000,768000,1.000000000,1,2025-11-25 16:56:00.000000,2025-11-25 16:56:59.999922,1,BAYxx_xxxx_20251125_164723_000.7z
2025-11-25 16:57:00,18252.164915,18.252164915,6166.109208,5848.139395,6237.916311,729631,768000,0.950040365,0,2025-11-25 16:57:00.000000,2025-11-25 16:57:59.999922,2,BAYxx_xxxx_20251125_164723_000.7z;BAYxx_xxxx_20251125_165726_000.7z
2025-11-25 16:58:00,3289.641336,3.289641336,1390.924795,832.405798,1066.310743,768000,768000,1.000000000,1,2025-11-25 16:58:00.000000,2025-11-25 16:58:59.999922,1,BAYxx_xxxx_20251125_165726_000.7z
2025-11-25 16:59:00,3304.441517,3.304441517,1385.597228,840.169701,1078.674588,768000,768000,1.000000000,1,2025-11-25 16:59:00.000000,2025-11-25 16:59:59.999922,1,BAYxx_xxxx_20251125_165726_000.7z
2025-11-25 17:00:00,3310.789463,3.310789463,1383.593905,853.449926,1073.745632,768000,768000,1.000000000,1,2025-11-25 17:00:00.000000,2025-11-25 17:00:59.999922,1,BAYxx_xxxx_20251125_165726_000.7z
2025-11-25 17:01:00,3331.259040,3.331259040,1381.330988,863.204226,1086.723825,768000,768000,1.000000000,1,2025-11-25 17:01:00.000000,2025-11-25 17:01:59.999922,1,BAYxx_xxxx_20251125_165726_000.7z
2025-11-25 17:02:00,3348.542529,3.348542529,1392.717453,856.741786,1099.083290,768000,768000,1.000000000,1,2025-11-25 17:02:00.000000,2025-11-25 17:02:59.999922,1,BAYxx_xxxx_20251125_165726_000.7z
2025-11-25 17:03:00,3353.529443,3.353529443,1389.560071,863.759312,1100.210060,768000,768000,1.000000000,1,2025-11-25 17:03:00.000000,2025-11-25 17:03:59.999922,1,BAYxx_xxxx_20251125_165726_000.7z
2025-11-25 17:04:00,3372.385811,3.372385811,1405.966829,865.482695,1100.936286,768000,768000,1.000000000,1,2025-11-25 17:04:00.000000,2025-11-25 17:04:59.999922,1,BAYxx_xxxx_20251125_165726_000.7z
2025-11-25 17:05:00,3359.187353,3.359187353,1396.186239,867.075447,1095.925667,768000,768000,1.000000000,1,2025-11-25 17:05:00.000000,2025-11-25 17:05:59.999922,1,BAYxx_xxxx_20251125_165726_000.7z
2025-11-25 17:06:00,3353.743307,3.353743307,1387.336649,876.443456,1089.963202,768000,768000,1.000000000,1,2025-11-25 17:06:00.000000,2025-11-25 17:06:59.999922,1,BAYxx_xxxx_20251125_165726_000.7z
2025-11-25 17:07:00,3363.425450,3.363425450,1387.051805,878.551012,1097.822633,742423,768000,0.966696615,0,2025-11-25 17:07:00.000000,2025-11-25 17:07:59.999922,2,BAYxx_xxxx_20251125_165726_000.7z;BAYxx_xxxx_20251125_170728_000.7z
2025-11-25 17:08:00,3374.318878,3.374318878,1398.083596,878.970093,1097.265188,768000,768000,1.000000000,1,2025-11-25 17:08:00.000000,2025-11-25 17:08:59.999922,1,BAYxx_xxxx_20251125_170728_000.7z
2025-11-25 17:09:00,3259.404323,3.259404323,1398.654951,876.584743,984.164629,768000,768000,1.000000000,1,2025-11-25 17:09:00.000000,2025-11-25 17:09:59.999922,1,BAYxx_xxxx_20251125_170728_000.7z
2025-11-25 17:10:00,3272.574502,3.272574502,1386.734094,883.755259,1002.085150,768000,768000,1.000000000,1,2025-11-25 17:10:00.000000,2025-11-25 17:10:59.999922,1,BAYxx_xxxx_20251125_170728_000.7z
2025-11-25 17:11:00,3274.539011,3.274539011,1393.401046,878.912882,1002.225083,768000,768000,1.000000000,1,2025-11-25 17:11:00.000000,2025-11-25 17:11:59.999922,1,BAYxx_xxxx_20251125_170728_000.7z
2025-11-25 17:12:00,3279.116879,3.279116879,1396.976795,878.805186,1003.334897,768000,768000,1.000000000,1,2025-11-25 17:12:00.000000,2025-11-25 17:12:59.999922,1,BAYxx_xxxx_20251125_170728_000.7z
2025-11-25 17:13:00,3277.468483,3.277468483,1400.792886,876.348201,1000.327396,768000,768000,1.000000000,1,2025-11-25 17:13:00.000000,2025-11-25 17:13:59.999922,1,BAYxx_xxxx_20251125_170728_000.7z
2025-11-25 17:14:00,3271.712328,3.271712328,1398.312341,866.815513,1006.584473,768000,768000,1.000000000,1,2025-11-25 17:14:00.000000,2025-11-25 17:14:59.999922,1,BAYxx_xxxx_20251125_170728_000.7z
2025-11-25 17:15:00,3274.587202,3.274587202,1397.194937,870.946162,1006.446104,768000,768000,1.000000000,1,2025-11-25 17:15:00.000000,2025-11-25 17:15:59.999922,1,BAYxx_xxxx_20251125_170728_000.7z
2025-11-25 17:16:00,4365.747856,4.365747856,1756.997174,1238.748629,1370.002053,768000,768000,1.000000000,1,2025-11-25 17:16:00.000000,2025-11-25 17:16:59.999922,1,BAYxx_xxxx_20251125_170728_000.7z
2025-11-25 17:17:00,13196.706887,13.196706887,4498.617652,4250.821595,4447.267640,729609,768000,0.950011719,0,2025-11-25 17:17:00.000000,2025-11-25 17:17:59.999922,2,BAYxx_xxxx_20251125_170728_000.7z;BAYxx_xxxx_20251125_171731_000.7z
2025-11-25 17:18:00,25845.796956,25.845796956,8522.366486,8443.153841,8880.276628,768000,768000,1.000000000,1,2025-11-25 17:18:00.000000,2025-11-25 17:18:59.999922,1,BAYxx_xxxx_20251125_171731_000.7z
2025-11-25 17:19:00,26958.766877,26.958766877,8820.398070,8805.275772,9333.093035,768000,768000,1.000000000,1,2025-11-25 17:19:00.000000,2025-11-25 17:19:59.999922,1,BAYxx_xxxx_20251125_171731_000.7z
2025-11-25 17:20:00,27997.569981,27.997569981,9266.810991,9148.798221,9581.960769,768000,768000,1.000000000,1,2025-11-25 17:20:00.000000,2025-11-25 17:20:59.999922,1,BAYxx_xxxx_20251125_171731_000.7z
2025-11-25 17:21:00,29087.808478,29.087808478,9561.190690,9578.150439,9948.467349,768000,768000,1.000000000,1,2025-11-25 17:21:00.000000,2025-11-25 17:21:59.999922,1,BAYxx_xxxx_20251125_171731_000.7z
2025-11-25 17:22:00,29908.471270,29.908471270,9815.349508,9845.346657,10247.775105,768000,768000,1.000000000,1,2025-11-25 17:22:00.000000,2025-11-25 17:22:59.999922,1,BAYxx_xxxx_20251125_171731_000.7z
2025-11-25 17:23:00,7943.948528,7.943948528,2876.308112,2445.900520,2621.739896,768000,768000,1.000000000,1,2025-11-25 17:23:00.000000,2025-11-25 17:23:59.999922,1,BAYxx_xxxx_20251125_171731_000.7z
2025-11-25 17:24:00,3318.005467,3.318005467,1390.080978,848.261361,1079.663128,768000,768000,1.000000000,1,2025-11-25 17:24:00.000000,2025-11-25 17:24:59.999922,1,BAYxx_xxxx_20251125_171731_000.7z
2025-11-25 17:25:00,3328.830303,3.328830303,1384.289319,851.518850,1093.022134,768000,768000,1.000000000,1,2025-11-25 17:25:00.000000,2025-11-25 17:25:59.999922,1,BAYxx_xxxx_20251125_171731_000.7z
2025-11-25 17:26:00,3336.222478,3.336222478,1385.360044,846.272662,1104.589772,768000,768000,1.000000000,1,2025-11-25 17:26:00.000000,2025-11-25 17:26:59.999922,1,BAYxx_xxxx_20251125_171731_000.7z
2025-11-25 17:27:00,3355.831555,3.355831555,1404.885531,859.103152,1091.842872,729685,768000,0.950110677,0,2025-11-25 17:27:00.000000,2025-11-25 17:27:59.999922,2,BAYxx_xxxx_20251125_171731_000.7z;BAYxx_xxxx_20251125_172734_000.7z
2025-11-25 17:28:00,3082.078561,3.082078561,1305.960043,776.097693,1000.020825,768000,768000,1.000000000,1,2025-11-25 17:28:00.000000,2025-11-25 17:28:59.999922,1,BAYxx_xxxx_20251125_172734_000.7z
2025-11-25 17:29:00,1818.438080,1.818438080,874.318047,361.275523,582.844509,768000,768000,1.000000000,1,2025-11-25 17:29:00.000000,2025-11-25 17:29:59.999922,1,BAYxx_xxxx_20251125_172734_000.7z
2025-11-25 17:30:00,1816.060183,1.816060183,876.694291,358.631167,580.734725,768000,768000,1.000000000,1,2025-11-25 17:30:00.000000,2025-11-25 17:30:59.999922,1,BAYxx_xxxx_20251125_172734_000.7z
2025-11-25 17:31:00,1811.825867,1.811825867,872.985341,363.584326,575.256200,768000,768000,1.000000000,1,2025-11-25 17:31:00.000000,2025-11-25 17:31:59.999922,1,BAYxx_xxxx_20251125_172734_000.7z
2025-11-25 17:32:00,1812.074146,1.812074146,890.473002,354.573269,567.027875,768000,768000,1.000000000,1,2025-11-25 17:32:00.000000,2025-11-25 17:32:59.999922,1,BAYxx_xxxx_20251125_172734_000.7z
2025-11-25 17:33:00,1803.990785,1.803990785,889.423471,354.565343,560.001971,768000,768000,1.000000000,1,2025-11-25 17:33:00.000000,2025-11-25 17:33:59.999922,1,BAYxx_xxxx_20251125_172734_000.7z
2025-11-25 17:34:00,1803.810743,1.803810743,877.316349,357.557639,568.936755,768000,768000,1.000000000,1,2025-11-25 17:34:00.000000,2025-11-25 17:34:59.999922,1,BAYxx_xxxx_20251125_172734_000.7z
2025-11-25 17:35:00,1814.100427,1.814100427,878.695182,360.867749,574.537496,768000,768000,1.000000000,1,2025-11-25 17:35:00.000000,2025-11-25 17:35:59.999922,1,BAYxx_xxxx_20251125_172734_000.7z
2025-11-25 17:36:00,1801.114594,1.801114594,874.973663,354.121034,572.019897,768000,768000,1.000000000,1,2025-11-25 17:36:00.000000,2025-11-25 17:36:59.999922,1,BAYxx_xxxx_20251125_172734_000.7z
2025-11-25 17:37:00,1800.941813,1.800941813,871.277080,361.225301,568.439433,729625,768000,0.950032552,0,2025-11-25 17:37:00.000000,2025-11-25 17:37:59.999922,2,BAYxx_xxxx_20251125_172734_000.7z;BAYxx_xxxx_20251125_173737_000.7z
2025-11-25 17:38:00,1800.267524,1.800267524,880.049862,350.657443,569.560219,768000,768000,1.000000000,1,2025-11-25 17:38:00.000000,2025-11-25 17:38:59.999922,1,BAYxx_xxxx_20251125_173737_000.7z
2025-11-25 17:39:00,1811.853967,1.811853967,898.361602,351.629803,561.862562,768000,768000,1.000000000,1,2025-11-25 17:39:00.000000,2025-11-25 17:39:59.999922,1,BAYxx_xxxx_20251125_173737_000.7z
2025-11-25 17:40:00,1802.498896,1.802498896,885.644018,353.077951,563.776927,768000,768000,1.000000000,1,2025-11-25 17:40:00.000000,2025-11-25 17:40:59.999922,1,BAYxx_xxxx_20251125_173737_000.7z
2025-11-25 17:41:00,1801.461979,1.801461979,876.617882,360.340672,564.503425,768000,768000,1.000000000,1,2025-11-25 17:41:00.000000,2025-11-25 17:41:59.999922,1,BAYxx_xxxx_20251125_173737_000.7z
2025-11-25 17:42:00,1810.000015,1.810000015,883.996158,367.756267,558.247590,768000,768000,1.000000000,1,2025-11-25 17:42:00.000000,2025-11-25 17:42:59.999922,1,BAYxx_xxxx_20251125_173737_000.7z
2025-11-25 17:43:00,1808.011728,1.808011728,897.422184,354.291213,556.298331,768000,768000,1.000000000,1,2025-11-25 17:43:00.000000,2025-11-25 17:43:59.999922,1,BAYxx_xxxx_20251125_173737_000.7z
2025-11-25 17:44:00,1801.284932,1.801284932,889.488863,349.000431,562.795637,768000,768000,1.000000000,1,2025-11-25 17:44:00.000000,2025-11-25 17:44:59.999922,1,BAYxx_xxxx_20251125_173737_000.7z
2025-11-25 17:45:00,1818.409397,1.818409397,886.969876,356.041968,575.397553,768000,768000,1.000000000,1,2025-11-25 17:45:00.000000,2025-11-25 17:45:59.999922,1,BAYxx_xxxx_20251125_173737_000.7z
2025-11-25 17:46:00,1793.224873,1.793224873,890.329870,340.114777,562.780225,768000,768000,1.000000000,1,2025-11-25 17:46:00.000000,2025-11-25 17:46:59.999922,1,BAYxx_xxxx_20251125_173737_000.7z
2025-11-25 17:47:00,1805.291701,1.805291701,892.456341,353.029764,559.805596,716806,768000,0.933341146,0,2025-11-25 17:47:00.000000,2025-11-25 17:47:59.999922,2,BAYxx_xxxx_20251125_173737_000.7z;BAYxx_xxxx_20251125_174741_000.7z
2025-11-25 17:48:00,1794.088339,1.794088339,872.878964,353.498457,567.710918,768000,768000,1.000000000,1,2025-11-25 17:48:00.000000,2025-11-25 17:48:59.999922,1,BAYxx_xxxx_20251125_174741_000.7z
2025-11-25 17:49:00,1810.053832,1.810053832,880.651418,356.422487,572.979927,768000,768000,1.000000000,1,2025-11-25 17:49:00.000000,2025-11-25 17:49:59.999922,1,BAYxx_xxxx_20251125_174741_000.7z
2025-11-25 17:50:00,1804.482635,1.804482635,881.471202,354.757536,568.253897,768000,768000,1.000000000,1,2025-11-25 17:50:00.000000,2025-11-25 17:50:59.999922,1,BAYxx_xxxx_20251125_174741_000.7z
2025-11-25 17:51:00,1801.739229,1.801739229,883.557717,354.441382,563.740130,768000,768000,1.000000000,1,2025-11-25 17:51:00.000000,2025-11-25 17:51:59.999922,1,BAYxx_xxxx_20251125_174741_000.7z
2025-11-25 17:52:00,1801.991294,1.801991294,879.411197,356.551355,566.028743,768000,768000,1.000000000,1,2025-11-25 17:52:00.000000,2025-11-25 17:52:59.999922,1,BAYxx_xxxx_20251125_174741_000.7z
2025-11-25 17:53:00,1802.824937,1.802824937,877.719446,360.103339,565.002153,768000,768000,1.000000000,1,2025-11-25 17:53:00.000000,2025-11-25 17:53:59.999922,1,BAYxx_xxxx_20251125_174741_000.7z
2025-11-25 17:54:00,1737.500129,1.737500129,873.035791,359.889155,504.575184,768000,768000,1.000000000,1,2025-11-25 17:54:00.000000,2025-11-25 17:54:59.999922,1,BAYxx_xxxx_20251125_174741_000.7z
2025-11-25 17:55:00,1700.539009,1.700539009,867.417242,359.746002,473.375765,768000,768000,1.000000000,1,2025-11-25 17:55:00.000000,2025-11-25 17:55:59.999922,1,BAYxx_xxxx_20251125_174741_000.7z
2025-11-25 17:56:00,1703.138207,1.703138207,878.248958,357.272567,467.616683,768000,768000,1.000000000,1,2025-11-25 17:56:00.000000,2025-11-25 17:56:59.999922,1,BAYxx_xxxx_20251125_174741_000.7z
2025-11-25 17:57:00,1697.180005,1.697180005,877.743661,354.427661,465.008684,729616,768000,0.950020833,0,2025-11-25 17:57:00.000000,2025-11-25 17:57:59.999922,2,BAYxx_xxxx_20251125_174741_000.7z;BAYxx_xxxx_20251125_175744_000.7z
2025-11-25 17:58:00,1702.861435,1.702861435,875.752312,360.252285,466.856839,768000,768000,1.000000000,1,2025-11-25 17:58:00.000000,2025-11-25 17:58:59.999922,1,BAYxx_xxxx_20251125_175744_000.7z
2025-11-25 17:59:00,1701.818410,1.701818410,871.161625,358.505553,472.151233,768000,768000,1.000000000,1,2025-11-25 17:59:00.000000,2025-11-25 17:59:59.999922,1,BAYxx_xxxx_20251125_175744_000.7z
2025-11-25 18:00:00,1717.954421,1.717954421,880.302174,357.240165,480.412081,768000,768000,1.000000000,1,2025-11-25 18:00:00.000000,2025-11-25 18:00:59.999922,1,BAYxx_xxxx_20251125_175744_000.7z
2025-11-25 18:01:00,1701.041131,1.701041131,883.902614,345.058283,472.080234,768000,768000,1.000000000,1,2025-11-25 18:01:00.000000,2025-11-25 18:01:59.999922,1,BAYxx_xxxx_20251125_175744_000.7z
2025-11-25 18:02:00,1707.565027,1.707565027,882.663275,351.904795,472.996958,768000,768000,1.000000000,1,2025-11-25 18:02:00.000000,2025-11-25 18:02:59.999922,1,BAYxx_xxxx_20251125_175744_000.7z
2025-11-25 18:03:00,1702.905057,1.702905057,875.860390,350.409567,476.635100,768000,768000,1.000000000,1,2025-11-25 18:03:00.000000,2025-11-25 18:03:59.999922,1,BAYxx_xxxx_20251125_175744_000.7z
2025-11-25 18:04:00,1710.618066,1.710618066,882.671995,348.933632,479.012439,768000,768000,1.000000000,1,2025-11-25 18:04:00.000000,2025-11-25 18:04:59.999922,1,BAYxx_xxxx_20251125_175744_000.7z
2025-11-25 18:05:00,1710.490839,1.710490839,873.862711,354.221855,482.406273,768000,768000,1.000000000,1,2025-11-25 18:05:00.000000,2025-11-25 18:05:59.999922,1,BAYxx_xxxx_20251125_175744_000.7z
2025-11-25 18:06:00,1709.372569,1.709372569,879.213744,354.893412,475.265412,768000,768000,1.000000000,1,2025-11-25 18:06:00.000000,2025-11-25 18:06:59.999922,1,BAYxx_xxxx_20251125_175744_000.7z
2025-11-25 18:07:00,1710.516213,1.710516213,883.213589,351.133519,476.169105,716842,768000,0.933388021,0,2025-11-25 18:07:00.000000,2025-11-25 18:07:59.999922,2,BAYxx_xxxx_20251125_175744_000.7z;BAYxx_xxxx_20251125_180748_000.7z
2025-11-25 18:08:00,1720.040001,1.720040001,886.455705,361.044757,472.539538,768000,768000,1.000000000,1,2025-11-25 18:08:00.000000,2025-11-25 18:08:59.999922,1,BAYxx_xxxx_20251125_180748_000.7z
2025-11-25 18:09:00,1756.363649,1.756363649,884.891661,348.671994,522.799994,768000,768000,1.000000000,1,2025-11-25 18:09:00.000000,2025-11-25 18:09:59.999922,1,BAYxx_xxxx_20251125_180748_000.7z
2025-11-25 18:10:00,1816.774391,1.816774391,901.149238,351.407006,564.218146,768000,768000,1.000000000,1,2025-11-25 18:10:00.000000,2025-11-25 18:10:59.999922,1,BAYxx_xxxx_20251125_180748_000.7z
2025-11-25 18:11:00,1803.303044,1.803303044,883.371803,353.480971,566.450270,768000,768000,1.000000000,1,2025-11-25 18:11:00.000000,2025-11-25 18:11:59.999922,1,BAYxx_xxxx_20251125_180748_000.7z
2025-11-25 18:12:00,1802.991050,1.802991050,878.197150,354.632378,570.161522,768000,768000,1.000000000,1,2025-11-25 18:12:00.000000,2025-11-25 18:12:59.999922,1,BAYxx_xxxx_20251125_180748_000.7z
2025-11-25 18:13:00,1808.570861,1.808570861,889.883535,349.853089,568.834236,768000,768000,1.000000000,1,2025-11-25 18:13:00.000000,2025-11-25 18:13:59.999922,1,BAYxx_xxxx_20251125_180748_000.7z
2025-11-25 18:14:00,1809.786961,1.809786961,891.219015,355.483835,563.084111,768000,768000,1.000000000,1,2025-11-25 18:14:00.000000,2025-11-25 18:14:59.999922,1,BAYxx_xxxx_20251125_180748_000.7z
2025-11-25 18:15:00,1800.714155,1.800714155,887.582732,350.611701,562.519721,768000,768000,1.000000000,1,2025-11-25 18:15:00.000000,2025-11-25 18:15:59.999922,1,BAYxx_xxxx_20251125_180748_000.7z
2025-11-25 18:16:00,1810.083307,1.810083307,889.278548,350.349915,570.454844,768000,768000,1.000000000,1,2025-11-25 18:16:00.000000,2025-11-25 18:16:59.999922,1,BAYxx_xxxx_20251125_180748_000.7z
2025-11-25 18:17:00,1812.342436,1.812342436,893.479282,355.980903,562.882252,729610,768000,0.950013021,0,2025-11-25 18:17:00.000000,2025-11-25 18:17:59.999922,2,BAYxx_xxxx_20251125_180748_000.7z;BAYxx_xxxx_20251125_181751_000.7z
2025-11-25 18:18:00,1829.482295,1.829482295,900.387129,367.003716,562.091450,768000,768000,1.000000000,1,2025-11-25 18:18:00.000000,2025-11-25 18:18:59.999922,1,BAYxx_xxxx_20251125_181751_000.7z
2025-11-25 18:19:00,1811.134238,1.811134238,890.232253,354.473209,566.428776,768000,768000,1.000000000,1,2025-11-25 18:19:00.000000,2025-11-25 18:19:59.999922,1,BAYxx_xxxx_20251125_181751_000.7z
2025-11-25 18:20:00,1805.100258,1.805100258,886.470034,358.062716,560.567507,768000,768000,1.000000000,1,2025-11-25 18:20:00.000000,2025-11-25 18:20:59.999922,1,BAYxx_xxxx_20251125_181751_000.7z
2025-11-25 18:21:00,1809.118943,1.809118943,881.489777,353.002494,574.626672,768000,768000,1.000000000,1,2025-11-25 18:21:00.000000,2025-11-25 18:21:59.999922,1,BAYxx_xxxx_20251125_181751_000.7z
2025-11-25 18:22:00,1812.297662,1.812297662,890.059334,356.625752,565.612575,768000,768000,1.000000000,1,2025-11-25 18:22:00.000000,2025-11-25 18:22:59.999922,1,BAYxx_xxxx_20251125_181751_000.7z
2025-11-25 18:23:00,1806.843474,1.806843474,885.555917,354.123295,567.164261,768000,768000,1.000000000,1,2025-11-25 18:23:00.000000,2025-11-25 18:23:59.999922,1,BAYxx_xxxx_20251125_181751_000.7z
2025-11-25 18:24:00,1809.408681,1.809408681,881.504967,355.487412,572.416302,768000,768000,1.000000000,1,2025-11-25 18:24:00.000000,2025-11-25 18:24:59.999922,1,BAYxx_xxxx_20251125_181751_000.7z
2025-11-25 18:25:00,1807.067930,1.807067930,872.981486,364.602411,569.484033,768000,768000,1.000000000,1,2025-11-25 18:25:00.000000,2025-11-25 18:25:59.999922,1,BAYxx_xxxx_20251125_181751_000.7z
2025-11-25 18:26:00,1804.482733,1.804482733,887.468082,353.538709,563.475941,768000,768000,1.000000000,1,2025-11-25 18:26:00.000000,2025-11-25 18:26:59.999922,1,BAYxx_xxxx_20251125_181751_000.7z
2025-11-25 18:27:00,1816.089657,1.816089657,902.437982,353.414823,560.236853,716878,768000,0.933434896,0,2025-11-25 18:27:00.000000,2025-11-25 18:27:59.999922,2,BAYxx_xxxx_20251125_181751_000.7z;BAYxx_xxxx_20251125_182755_000.7z
2025-11-25 18:28:00,1808.656627,1.808656627,888.477895,350.590645,569.588087,768000,768000,1.000000000,1,2025-11-25 18:28:00.000000,2025-11-25 18:28:59.999922,1,BAYxx_xxxx_20251125_182755_000.7z
2025-11-25 18:29:00,1807.493780,1.807493780,878.585581,352.886657,576.021541,768000,768000,1.000000000,1,2025-11-25 18:29:00.000000,2025-11-25 18:29:59.999922,1,BAYxx_xxxx_20251125_182755_000.7z
2025-11-25 18:30:00,1808.104596,1.808104596,883.268187,360.677573,564.158836,768000,768000,1.000000000,1,2025-11-25 18:30:00.000000,2025-11-25 18:30:59.999922,1,BAYxx_xxxx_20251125_182755_000.7z
2025-11-25 18:31:00,1805.318247,1.805318247,880.262272,357.243141,567.812834,768000,768000,1.000000000,1,2025-11-25 18:31:00.000000,2025-11-25 18:31:59.999922,1,BAYxx_xxxx_20251125_182755_000.7z
2025-11-25 18:32:00,1811.934233,1.811934233,874.794009,364.921047,572.219178,768000,768000,1.000000000,1,2025-11-25 18:32:00.000000,2025-11-25 18:32:59.999922,1,BAYxx_xxxx_20251125_182755_000.7z
2025-11-25 18:33:00,1812.513551,1.812513551,871.181798,367.756220,573.575532,768000,768000,1.000000000,1,2025-11-25 18:33:00.000000,2025-11-25 18:33:59.999922,1,BAYxx_xxxx_20251125_182755_000.7z
2025-11-25 18:34:00,1810.227934,1.810227934,879.755828,360.114097,570.358009,768000,768000,1.000000000,1,2025-11-25 18:34:00.000000,2025-11-25 18:34:59.999922,1,BAYxx_xxxx_20251125_182755_000.7z
2025-11-25 18:35:00,1814.291440,1.814291440,889.400124,361.396398,563.494917,768000,768000,1.000000000,1,2025-11-25 18:35:00.000000,2025-11-25 18:35:59.999922,1,BAYxx_xxxx_20251125_182755_000.7z
2025-11-25 18:36:00,1814.741361,1.814741361,885.603239,355.959126,573.178996,768000,768000,1.000000000,1,2025-11-25 18:36:00.000000,2025-11-25 18:36:59.999922,1,BAYxx_xxxx_20251125_182755_000.7z
2025-11-25 18:37:00,1823.040412,1.823040412,896.060595,349.577283,577.402534,729714,768000,0.950148437,0,2025-11-25 18:37:00.000000,2025-11-25 18:37:59.999922,2,BAYxx_xxxx_20251125_182755_000.7z;BAYxx_xxxx_20251125_183758_000.7z
2025-11-25 18:38:00,1811.298937,1.811298937,884.275634,353.752493,573.270810,768000,768000,1.000000000,1,2025-11-25 18:38:00.000000,2025-11-25 18:38:59.999922,1,BAYxx_xxxx_20251125_183758_000.7z
2025-11-25 18:39:00,1803.857117,1.803857117,891.680057,352.302176,559.874884,768000,768000,1.000000000,1,2025-11-25 18:39:00.000000,2025-11-25 18:39:59.999922,1,BAYxx_xxxx_20251125_183758_000.7z
2025-11-25 18:40:00,1708.181613,1.708181613,886.475271,355.473322,466.233019,768000,768000,1.000000000,1,2025-11-25 18:40:00.000000,2025-11-25 18:40:59.999922,1,BAYxx_xxxx_20251125_183758_000.7z
2025-11-25 18:41:00,1711.472262,1.711472262,881.568334,353.683073,476.220856,768000,768000,1.000000000,1,2025-11-25 18:41:00.000000,2025-11-25 18:41:59.999922,1,BAYxx_xxxx_20251125_183758_000.7z
2025-11-25 18:42:00,1719.762357,1.719762357,886.371924,352.685004,480.705428,768000,768000,1.000000000,1,2025-11-25 18:42:00.000000,2025-11-25 18:42:59.999922,1,BAYxx_xxxx_20251125_183758_000.7z
2025-11-25 18:43:00,1715.790796,1.715790796,888.374096,348.895997,478.520703,768000,768000,1.000000000,1,2025-11-25 18:43:00.000000,2025-11-25 18:43:59.999922,1,BAYxx_xxxx_20251125_183758_000.7z
2025-11-25 18:44:00,1718.100717,1.718100717,895.144530,348.559601,474.396585,768000,768000,1.000000000,1,2025-11-25 18:44:00.000000,2025-11-25 18:44:59.999922,1,BAYxx_xxxx_20251125_183758_000.7z
2025-11-25 18:45:00,1725.823594,1.725823594,891.903402,355.659006,478.261186,768000,768000,1.000000000,1,2025-11-25 18:45:00.000000,2025-11-25 18:45:59.999922,1,BAYxx_xxxx_20251125_183758_000.7z
2025-11-25 18:46:00,1720.713362,1.720713362,880.689914,363.068325,476.955122,768000,768000,1.000000000,1,2025-11-25 18:46:00.000000,2025-11-25 18:46:59.999922,1,BAYxx_xxxx_20251125_183758_000.7z
2025-11-25 18:47:00,1723.726388,1.723726388,886.592925,356.424612,480.708851,742401,768000,0.966667969,0,2025-11-25 18:47:00.000000,2025-11-25 18:47:58.000000,1,BAYxx_xxxx_20251125_183758_000.7z
2025-11-25 18:48:00,1721.879431,1.721879431,895.924637,352.748584,473.206210,755200,768000,0.983333333,0,2025-11-25 18:48:01.000000,2025-11-25 18:48:59.999922,1,BAYxx_xxxx_20251125_184801_000.7z
2025-11-25 18:49:00,1724.062068,1.724062068,901.976130,346.890829,475.195109,768000,768000,1.000000000,1,2025-11-25 18:49:00.000000,2025-11-25 18:49:59.999922,1,BAYxx_xxxx_20251125_184801_000.7z
2025-11-25 18:50:00,1723.850337,1.723850337,902.957428,349.713935,471.178973,768000,768000,1.000000000,1,2025-11-25 18:50:00.000000,2025-11-25 18:50:59.999922,1,BAYxx_xxxx_20251125_184801_000.7z
2025-11-25 18:51:00,1721.833540,1.721833540,894.285456,350.944189,476.603895,768000,768000,1.000000000,1,2025-11-25 18:51:00.000000,2025-11-25 18:51:59.999922,1,BAYxx_xxxx_20251125_184801_000.7z
2025-11-25 18:52:00,1717.799359,1.717799359,893.756719,350.204439,473.838200,768000,768000,1.000000000,1,2025-11-25 18:52:00.000000,2025-11-25 18:52:59.999922,1,BAYxx_xxxx_20251125_184801_000.7z
2025-11-25 18:53:00,1732.556881,1.732556881,903.015306,348.321611,481.219964,768000,768000,1.000000000,1,2025-11-25 18:53:00.000000,2025-11-25 18:53:59.999922,1,BAYxx_xxxx_20251125_184801_000.7z
2025-11-25 18:54:00,1730.797151,1.730797151,890.573700,352.783701,487.439751,768000,768000,1.000000000,1,2025-11-25 18:54:00.000000,2025-11-25 18:54:59.999922,1,BAYxx_xxxx_20251125_184801_000.7z
2025-11-25 18:55:00,1818.914390,1.818914390,882.483772,359.386153,577.044465,768000,768000,1.000000000,1,2025-11-25 18:55:00.000000,2025-11-25 18:55:59.999922,1,BAYxx_xxxx_20251125_184801_000.7z
2025-11-25 18:56:00,1817.604630,1.817604630,887.015878,356.116816,574.471936,768000,768000,1.000000000,1,2025-11-25 18:56:00.000000,2025-11-25 18:56:59.999922,1,BAYxx_xxxx_20251125_184801_000.7z
2025-11-25 18:57:00,1817.414530,1.817414530,886.045199,362.316382,569.052949,768000,768000,1.000000000,1,2025-11-25 18:57:00.000000,2025-11-25 18:57:59.999922,1,BAYxx_xxxx_20251125_184801_000.7z
2025-11-25 18:58:00,1819.361621,1.819361621,890.856215,357.531368,570.974038,704008,768000,0.916677083,0,2025-11-25 18:58:00.000000,2025-11-25 18:58:59.999922,2,BAYxx_xxxx_20251125_184801_000.7z;BAYxx_xxxx_20251125_185806_000.7z
2025-11-25 18:59:00,1818.631749,1.818631749,884.140906,361.377941,573.112902,768000,768000,1.000000000,1,2025-11-25 18:59:00.000000,2025-11-25 18:59:59.999922,1,BAYxx_xxxx_20251125_185806_000.7z
2025-11-25 19:00:00,1815.090350,1.815090350,881.846164,359.728319,573.515866,768000,768000,1.000000000,1,2025-11-25 19:00:00.000000,2025-11-25 19:00:59.999922,1,BAYxx_xxxx_20251125_185806_000.7z
2025-11-25 19:01:00,1826.314659,1.826314659,884.958879,367.417106,573.938674,768000,768000,1.000000000,1,2025-11-25 19:01:00.000000,2025-11-25 19:01:59.999922,1,BAYxx_xxxx_20251125_185806_000.7z
2025-11-25 19:02:00,1817.830595,1.817830595,902.450792,350.130599,565.249204,768000,768000,1.000000000,1,2025-11-25 19:02:00.000000,2025-11-25 19:02:59.999922,1,BAYxx_xxxx_20251125_185806_000.7z
2025-11-25 19:03:00,1818.648907,1.818648907,894.730195,355.083767,568.834946,768000,768000,1.000000000,1,2025-11-25 19:03:00.000000,2025-11-25 19:03:59.999922,1,BAYxx_xxxx_20251125_185806_000.7z
2025-11-25 19:04:00,1822.638392,1.822638392,895.872344,358.593716,568.172331,768000,768000,1.000000000,1,2025-11-25 19:04:00.000000,2025-11-25 19:04:59.999922,1,BAYxx_xxxx_20251125_185806_000.7z
2025-11-25 19:05:00,1821.303600,1.821303600,895.152850,357.199993,568.950757,768000,768000,1.000000000,1,2025-11-25 19:05:00.000000,2025-11-25 19:05:59.999922,1,BAYxx_xxxx_20251125_185806_000.7z
2025-11-25 19:06:00,1819.916247,1.819916247,892.644476,357.274664,569.997107,768000,768000,1.000000000,1,2025-11-25 19:06:00.000000,2025-11-25 19:06:59.999922,1,BAYxx_xxxx_20251125_185806_000.7z
2025-11-25 19:07:00,1815.183694,1.815183694,895.096040,350.724678,569.362976,768000,768000,1.000000000,1,2025-11-25 19:07:00.000000,2025-11-25 19:07:59.999922,1,BAYxx_xxxx_20251125_185806_000.7z
2025-11-25 19:08:00,1826.251640,1.826251640,894.842438,362.533507,568.875695,742441,768000,0.966720052,0,2025-11-25 19:08:00.000000,2025-11-25 19:08:59.999922,2,BAYxx_xxxx_20251125_185806_000.7z;BAYxx_xxxx_20251125_190808_000.7z
2025-11-25 19:09:00,1821.172952,1.821172952,882.029574,365.477376,573.666003,768000,768000,1.000000000,1,2025-11-25 19:09:00.000000,2025-11-25 19:09:59.999922,1,BAYxx_xxxx_20251125_190808_000.7z
2025-11-25 19:10:00,1821.846297,1.821846297,878.784099,362.518270,580.543929,768000,768000,1.000000000,1,2025-11-25 19:10:00.000000,2025-11-25 19:10:59.999922,1,BAYxx_xxxx_20251125_190808_000.7z
2025-11-25 19:11:00,1818.828572,1.818828572,887.375657,360.651584,570.801331,768000,768000,1.000000000,1,2025-11-25 19:11:00.000000,2025-11-25 19:11:59.999922,1,BAYxx_xxxx_20251125_190808_000.7z
2025-11-25 19:12:00,1815.084364,1.815084364,889.590221,351.551070,573.943074,768000,768000,1.000000000,1,2025-11-25 19:12:00.000000,2025-11-25 19:12:59.999922,1,BAYxx_xxxx_20251125_190808_000.7z
2025-11-25 19:13:00,1818.015953,1.818015953,878.860827,362.552302,576.602824,768000,768000,1.000000000,1,2025-11-25 19:13:00.000000,2025-11-25 19:13:59.999922,1,BAYxx_xxxx_20251125_190808_000.7z
2025-11-25 19:14:00,1818.864552,1.818864552,885.641621,362.821892,570.401039,768000,768000,1.000000000,1,2025-11-25 19:14:00.000000,2025-11-25 19:14:59.999922,1,BAYxx_xxxx_20251125_190808_000.7z
2025-11-25 19:15:00,1815.494343,1.815494343,893.304695,363.811904,558.377744,768000,768000,1.000000000,1,2025-11-25 19:15:00.000000,2025-11-25 19:15:59.999922,1,BAYxx_xxxx_20251125_190808_000.7z
2025-11-25 19:16:00,1812.340552,1.812340552,887.353116,363.823196,561.164240,768000,768000,1.000000000,1,2025-11-25 19:16:00.000000,2025-11-25 19:16:59.999922,1,BAYxx_xxxx_20251125_190808_000.7z
2025-11-25 19:17:00,1831.584630,1.831584630,895.199965,363.109943,573.274723,768000,768000,1.000000000,1,2025-11-25 19:17:00.000000,2025-11-25 19:17:59.999922,1,BAYxx_xxxx_20251125_190808_000.7z
2025-11-25 19:18:00,1820.618436,1.820618436,899.931274,352.818123,567.869039,729736,768000,0.950177083,0,2025-11-25 19:18:00.000000,2025-11-25 19:18:59.999922,2,BAYxx_xxxx_20251125_190808_000.7z;BAYxx_xxxx_20251125_191811_000.7z
2025-11-25 19:19:00,1822.157466,1.822157466,895.735797,360.751475,565.670194,768000,768000,1.000000000,1,2025-11-25 19:19:00.000000,2025-11-25 19:19:59.999922,1,BAYxx_xxxx_20251125_191811_000.7z
2025-11-25 19:20:00,1821.472488,1.821472488,891.246389,363.833259,566.392840,768000,768000,1.000000000,1,2025-11-25 19:20:00.000000,2025-11-25 19:20:59.999922,1,BAYxx_xxxx_20251125_191811_000.7z
2025-11-25 19:21:00,1820.596355,1.820596355,890.316239,362.103593,568.176524,768000,768000,1.000000000,1,2025-11-25 19:21:00.000000,2025-11-25 19:21:59.999922,1,BAYxx_xxxx_20251125_191811_000.7z
2025-11-25 19:22:00,1832.260983,1.832260983,887.350369,367.691578,577.219037,768000,768000,1.000000000,1,2025-11-25 19:22:00.000000,2025-11-25 19:22:59.999922,1,BAYxx_xxxx_20251125_191811_000.7z
2025-11-25 19:23:00,1816.184967,1.816184967,880.958014,361.461762,573.765191,768000,768000,1.000000000,1,2025-11-25 19:23:00.000000,2025-11-25 19:23:59.999922,1,BAYxx_xxxx_20251125_191811_000.7z
2025-11-25 19:24:00,1826.273240,1.826273240,889.957058,356.402030,579.914153,768000,768000,1.000000000,1,2025-11-25 19:24:00.000000,2025-11-25 19:24:59.999922,1,BAYxx_xxxx_20251125_191811_000.7z
2025-11-25 19:25:00,1744.405997,1.744405997,896.160076,354.089116,494.156805,768000,768000,1.000000000,1,2025-11-25 19:25:00.000000,2025-11-25 19:25:59.999922,1,BAYxx_xxxx_20251125_191811_000.7z
2025-11-25 19:26:00,1723.199146,1.723199146,889.802004,361.107610,472.289532,768000,768000,1.000000000,1,2025-11-25 19:26:00.000000,2025-11-25 19:26:59.999922,1,BAYxx_xxxx_20251125_191811_000.7z
2025-11-25 19:27:00,1722.549671,1.722549671,882.473001,364.734013,475.342657,768000,768000,1.000000000,1,2025-11-25 19:27:00.000000,2025-11-25 19:27:59.999922,1,BAYxx_xxxx_20251125_191811_000.7z
2025-11-25 19:28:00,1729.305185,1.729305185,886.446159,361.632557,481.226469,716878,768000,0.933434896,0,2025-11-25 19:28:00.000000,2025-11-25 19:28:59.999922,2,BAYxx_xxxx_20251125_191811_000.7z;BAYxx_xxxx_20251125_192815_000.7z
2025-11-25 19:29:00,1721.344373,1.721344373,886.235824,352.796348,482.312202,768000,768000,1.000000000,1,2025-11-25 19:29:00.000000,2025-11-25 19:29:59.999922,1,BAYxx_xxxx_20251125_192815_000.7z
2025-11-25 19:30:00,1727.875378,1.727875378,898.118002,359.049774,470.707603,768000,768000,1.000000000,1,2025-11-25 19:30:00.000000,2025-11-25 19:30:59.999922,1,BAYxx_xxxx_20251125_192815_000.7z
2025-11-25 19:31:00,1725.838878,1.725838878,894.192416,357.098221,474.548242,768000,768000,1.000000000,1,2025-11-25 19:31:00.000000,2025-11-25 19:31:59.999922,1,BAYxx_xxxx_20251125_192815_000.7z
2025-11-25 19:32:00,1727.047163,1.727047163,890.689833,360.563671,475.793659,768000,768000,1.000000000,1,2025-11-25 19:32:00.000000,2025-11-25 19:32:59.999922,1,BAYxx_xxxx_20251125_192815_000.7z
2025-11-25 19:33:00,1726.316267,1.726316267,888.608390,360.476641,477.231235,768000,768000,1.000000000,1,2025-11-25 19:33:00.000000,2025-11-25 19:33:59.999922,1,BAYxx_xxxx_20251125_192815_000.7z
2025-11-25 19:34:00,1730.575475,1.730575475,893.884904,364.456543,472.234028,768000,768000,1.000000000,1,2025-11-25 19:34:00.000000,2025-11-25 19:34:59.999922,1,BAYxx_xxxx_20251125_192815_000.7z
2025-11-25 19:35:00,1728.407255,1.728407255,892.574276,362.449606,473.383373,768000,768000,1.000000000,1,2025-11-25 19:35:00.000000,2025-11-25 19:35:59.999922,1,BAYxx_xxxx_20251125_192815_000.7z
2025-11-25 19:36:00,1723.823312,1.723823312,882.996734,363.075934,477.750643,768000,768000,1.000000000,1,2025-11-25 19:36:00.000000,2025-11-25 19:36:59.999922,1,BAYxx_xxxx_20251125_192815_000.7z
2025-11-25 19:37:00,1728.193469,1.728193469,887.759794,364.556876,475.876800,768000,768000,1.000000000,1,2025-11-25 19:37:00.000000,2025-11-25 19:37:59.999922,1,BAYxx_xxxx_20251125_192815_000.7z
2025-11-25 19:38:00,1723.354873,1.723354873,885.585389,361.960187,475.809297,729702,768000,0.950132813,0,2025-11-25 19:38:00.000000,2025-11-25 19:38:59.999922,2,BAYxx_xxxx_20251125_192815_000.7z;BAYxx_xxxx_20251125_193818_000.7z
2025-11-25 19:39:00,1721.084063,1.721084063,876.669821,365.755557,478.658684,768000,768000,1.000000000,1,2025-11-25 19:39:00.000000,2025-11-25 19:39:59.999922,1,BAYxx_xxxx_20251125_193818_000.7z
2025-11-25 19:40:00,1778.575408,1.778575408,881.437787,363.721733,533.415888,768000,768000,1.000000000,1,2025-11-25 19:40:00.000000,2025-11-25 19:40:59.999922,1,BAYxx_xxxx_20251125_193818_000.7z
2025-11-25 19:41:00,1833.565461,1.833565461,879.748792,370.906334,582.910334,768000,768000,1.000000000,1,2025-11-25 19:41:00.000000,2025-11-25 19:41:59.999922,1,BAYxx_xxxx_20251125_193818_000.7z
2025-11-25 19:42:00,1825.722491,1.825722491,884.684658,365.391875,575.645958,768000,768000,1.000000000,1,2025-11-25 19:42:00.000000,2025-11-25 19:42:59.999922,1,BAYxx_xxxx_20251125_193818_000.7z
2025-11-25 19:43:00,1820.246236,1.820246236,881.117708,358.386145,580.742383,768000,768000,1.000000000,1,2025-11-25 19:43:00.000000,2025-11-25 19:43:59.999922,1,BAYxx_xxxx_20251125_193818_000.7z
2025-11-25 19:44:00,1821.633963,1.821633963,889.470413,357.868450,574.295101,768000,768000,1.000000000,1,2025-11-25 19:44:00.000000,2025-11-25 19:44:59.999922,1,BAYxx_xxxx_20251125_193818_000.7z
2025-11-25 19:45:00,1828.454987,1.828454987,897.683560,355.534204,575.237223,768000,768000,1.000000000,1,2025-11-25 19:45:00.000000,2025-11-25 19:45:59.999922,1,BAYxx_xxxx_20251125_193818_000.7z
2025-11-25 19:46:00,1823.790714,1.823790714,890.974253,356.194278,576.622183,768000,768000,1.000000000,1,2025-11-25 19:46:00.000000,2025-11-25 19:46:59.999922,1,BAYxx_xxxx_20251125_193818_000.7z
2025-11-25 19:47:00,1825.840871,1.825840871,894.970020,353.495878,577.374973,768000,768000,1.000000000,1,2025-11-25 19:47:00.000000,2025-11-25 19:47:59.999922,1,BAYxx_xxxx_20251125_193818_000.7z
2025-11-25 19:48:00,1820.807338,1.820807338,894.227975,350.745259,575.834104,729623,768000,0.950029948,0,2025-11-25 19:48:00.000000,2025-11-25 19:48:59.999922,2,BAYxx_xxxx_20251125_193818_000.7z;BAYxx_xxxx_20251125_194821_000.7z
2025-11-25 19:49:00,1815.424127,1.815424127,895.204562,349.644638,570.574928,768000,768000,1.000000000,1,2025-11-25 19:49:00.000000,2025-11-25 19:49:59.999922,1,BAYxx_xxxx_20251125_194821_000.7z
2025-11-25 19:50:00,1821.050686,1.821050686,886.798117,354.583412,579.669157,768000,768000,1.000000000,1,2025-11-25 19:50:00.000000,2025-11-25 19:50:59.999922,1,BAYxx_xxxx_20251125_194821_000.7z
2025-11-25 19:51:00,1826.745276,1.826745276,886.695349,362.919618,577.130309,768000,768000,1.000000000,1,2025-11-25 19:51:00.000000,2025-11-25 19:51:59.999922,1,BAYxx_xxxx_20251125_194821_000.7z
2025-11-25 19:52:00,1828.046151,1.828046151,894.543683,359.037178,574.465290,768000,768000,1.000000000,1,2025-11-25 19:52:00.000000,2025-11-25 19:52:59.999922,1,BAYxx_xxxx_20251125_194821_000.7z
2025-11-25 19:53:00,1824.128186,1.824128186,897.410052,356.724363,569.993771,768000,768000,1.000000000,1,2025-11-25 19:53:00.000000,2025-11-25 19:53:59.999922,1,BAYxx_xxxx_20251125_194821_000.7z
2025-11-25 19:54:00,1818.137766,1.818137766,888.416648,349.823302,579.897815,768000,768000,1.000000000,1,2025-11-25 19:54:00.000000,2025-11-25 19:54:59.999922,1,BAYxx_xxxx_20251125_194821_000.7z
2025-11-25 19:55:00,1822.780826,1.822780826,885.724199,355.403130,581.653497,768000,768000,1.000000000,1,2025-11-25 19:55:00.000000,2025-11-25 19:55:59.999922,1,BAYxx_xxxx_20251125_194821_000.7z
2025-11-25 19:56:00,1828.247205,1.828247205,893.334287,354.678595,580.234324,768000,768000,1.000000000,1,2025-11-25 19:56:00.000000,2025-11-25 19:56:59.999922,1,BAYxx_xxxx_20251125_194821_000.7z
2025-11-25 19:57:00,1826.362716,1.826362716,891.985865,357.756518,576.620332,768000,768000,1.000000000,1,2025-11-25 19:57:00.000000,2025-11-25 19:57:59.999922,1,BAYxx_xxxx_20251125_194821_000.7z
2025-11-25 19:58:00,1825.425849,1.825425849,892.248968,353.482745,579.694135,691246,768000,0.900059896,0,2025-11-25 19:58:00.000000,2025-11-25 19:58:59.999922,2,BAYxx_xxxx_20251125_194821_000.7z;BAYxx_xxxx_20251125_195827_000.7z
2025-11-25 19:59:00,1826.519663,1.826519663,892.583444,352.686031,581.250188,768000,768000,1.000000000,1,2025-11-25 19:59:00.000000,2025-11-25 19:59:59.999922,1,BAYxx_xxxx_20251125_195827_000.7z
2025-11-25 20:00:00,1837.883954,1.837883954,897.151665,360.254462,580.477828,768000,768000,1.000000000,1,2025-11-25 20:00:00.000000,2025-11-25 20:00:59.999922,1,BAYxx_xxxx_20251125_195827_000.7z
2025-11-25 20:01:00,1831.167786,1.831167786,896.320563,359.654170,575.193052,768000,768000,1.000000000,1,2025-11-25 20:01:00.000000,2025-11-25 20:01:59.999922,1,BAYxx_xxxx_20251125_195827_000.7z
2025-11-25 20:02:00,1830.004219,1.830004219,891.898585,360.877883,577.227751,768000,768000,1.000000000,1,2025-11-25 20:02:00.000000,2025-11-25 20:02:59.999922,1,BAYxx_xxxx_20251125_195827_000.7z
2025-11-25 20:03:00,1829.679226,1.829679226,886.014737,364.218617,579.445873,768000,768000,1.000000000,1,2025-11-25 20:03:00.000000,2025-11-25 20:03:59.999922,1,BAYxx_xxxx_20251125_195827_000.7z
2025-11-25 20:04:00,1820.545175,1.820545175,881.141015,361.010057,578.394103,768000,768000,1.000000000,1,2025-11-25 20:04:00.000000,2025-11-25 20:04:59.999922,1,BAYxx_xxxx_20251125_195827_000.7z
2025-11-25 20:05:00,1835.048215,1.835048215,888.762841,363.425398,582.859976,768000,768000,1.000000000,1,2025-11-25 20:05:00.000000,2025-11-25 20:05:59.999922,1,BAYxx_xxxx_20251125_195827_000.7z
2025-11-25 20:06:00,1833.595588,1.833595588,904.047734,354.766951,574.780903,768000,768000,1.000000000,1,2025-11-25 20:06:00.000000,2025-11-25 20:06:59.999922,1,BAYxx_xxxx_20251125_195827_000.7z
2025-11-25 20:07:00,1828.906580,1.828906580,907.211484,349.714767,571.980329,768000,768000,1.000000000,1,2025-11-25 20:07:00.000000,2025-11-25 20:07:59.999922,1,BAYxx_xxxx_20251125_195827_000.7z
2025-11-25 20:08:00,1829.197299,1.829197299,897.820649,351.694931,579.681719,716811,768000,0.933347656,0,2025-11-25 20:08:00.000000,2025-11-25 20:08:59.999922,2,BAYxx_xxxx_20251125_195827_000.7z;BAYxx_xxxx_20251125_200831_000.7z
2025-11-25 20:09:00,1827.828566,1.827828566,900.232056,355.585983,572.010527,768000,768000,1.000000000,1,2025-11-25 20:09:00.000000,2025-11-25 20:09:59.999922,1,BAYxx_xxxx_20251125_200831_000.7z
2025-11-25 20:10:00,1793.284453,1.793284453,911.313263,356.158662,525.812527,768000,768000,1.000000000,1,2025-11-25 20:10:00.000000,2025-11-25 20:10:59.999922,1,BAYxx_xxxx_20251125_200831_000.7z
2025-11-25 20:11:00,1737.694598,1.737694598,896.575495,363.752421,477.366682,768000,768000,1.000000000,1,2025-11-25 20:11:00.000000,2025-11-25 20:11:59.999922,1,BAYxx_xxxx_20251125_200831_000.7z
2025-11-25 20:12:00,1737.345112,1.737345112,903.329890,358.496555,475.518667,768000,768000,1.000000000,1,2025-11-25 20:12:00.000000,2025-11-25 20:12:59.999922,1,BAYxx_xxxx_20251125_200831_000.7z
2025-11-25 20:13:00,1738.028075,1.738028075,896.945674,360.883748,480.198652,768000,768000,1.000000000,1,2025-11-25 20:13:00.000000,2025-11-25 20:13:59.999922,1,BAYxx_xxxx_20251125_200831_000.7z
2025-11-25 20:14:00,1736.394978,1.736394978,900.928487,354.619935,480.846556,768000,768000,1.000000000,1,2025-11-25 20:14:00.000000,2025-11-25 20:14:59.999922,1,BAYxx_xxxx_20251125_200831_000.7z
2025-11-25 20:15:00,1733.719913,1.733719913,902.022601,357.562962,474.134350,768000,768000,1.000000000,1,2025-11-25 20:15:00.000000,2025-11-25 20:15:59.999922,1,BAYxx_xxxx_20251125_200831_000.7z
2025-11-25 20:16:00,1725.666644,1.725666644,891.470373,354.746478,479.449794,768000,768000,1.000000000,1,2025-11-25 20:16:00.000000,2025-11-25 20:16:59.999922,1,BAYxx_xxxx_20251125_200831_000.7z
2025-11-25 20:17:00,1733.990670,1.733990670,902.472167,355.294812,476.223691,768000,768000,1.000000000,1,2025-11-25 20:17:00.000000,2025-11-25 20:17:59.999922,1,BAYxx_xxxx_20251125_200831_000.7z
2025-11-25 20:18:00,1730.525971,1.730525971,893.326402,357.678475,479.521094,729700,768000,0.950130208,0,2025-11-25 20:18:00.000000,2025-11-25 20:18:59.999922,2,BAYxx_xxxx_20251125_200831_000.7z;BAYxx_xxxx_20251125_201834_000.7z
2025-11-25 20:19:00,1736.071866,1.736071866,904.025466,354.713347,477.333054,768000,768000,1.000000000,1,2025-11-25 20:19:00.000000,2025-11-25 20:19:59.999922,1,BAYxx_xxxx_20251125_201834_000.7z
2025-11-25 20:20:00,1741.300802,1.741300802,903.181320,357.993858,480.125624,768000,768000,1.000000000,1,2025-11-25 20:20:00.000000,2025-11-25 20:20:59.999922,1,BAYxx_xxxx_20251125_201834_000.7z
2025-11-25 20:21:00,1732.658145,1.732658145,896.556014,365.432885,470.669246,768000,768000,1.000000000,1,2025-11-25 20:21:00.000000,2025-11-25 20:21:59.999922,1,BAYxx_xxxx_20251125_201834_000.7z
2025-11-25 20:22:00,1729.005587,1.729005587,903.166958,358.625060,467.213569,768000,768000,1.000000000,1,2025-11-25 20:22:00.000000,2025-11-25 20:22:59.999922,1,BAYxx_xxxx_20251125_201834_000.7z
2025-11-25 20:23:00,1722.798763,1.722798763,890.343396,349.553459,482.901908,768000,768000,1.000000000,1,2025-11-25 20:23:00.000000,2025-11-25 20:23:59.999922,1,BAYxx_xxxx_20251125_201834_000.7z
2025-11-25 20:24:00,1725.841018,1.725841018,882.933925,364.074652,478.832442,768000,768000,1.000000000,1,2025-11-25 20:24:00.000000,2025-11-25 20:24:59.999922,1,BAYxx_xxxx_20251125_201834_000.7z
2025-11-25 20:25:00,1754.271267,1.754271267,893.373881,359.362148,501.535238,768000,768000,1.000000000,1,2025-11-25 20:25:00.000000,2025-11-25 20:25:59.999922,1,BAYxx_xxxx_20251125_201834_000.7z
2025-11-25 20:26:00,1824.909173,1.824909173,883.659961,371.335021,569.914192,768000,768000,1.000000000,1,2025-11-25 20:26:00.000000,2025-11-25 20:26:59.999922,1,BAYxx_xxxx_20251125_201834_000.7z
2025-11-25 20:27:00,1824.925366,1.824925366,887.806784,365.814502,571.304081,768000,768000,1.000000000,1,2025-11-25 20:27:00.000000,2025-11-25 20:27:59.999922,1,BAYxx_xxxx_20251125_201834_000.7z
2025-11-25 20:28:00,1830.460433,1.830460433,888.979604,368.650501,572.830327,729705,768000,0.950136719,0,2025-11-25 20:28:00.000000,2025-11-25 20:28:59.999922,2,BAYxx_xxxx_20251125_201834_000.7z;BAYxx_xxxx_20251125_202837_000.7z
2025-11-25 20:29:00,1821.090599,1.821090599,883.730818,362.192777,575.167004,768000,768000,1.000000000,1,2025-11-25 20:29:00.000000,2025-11-25 20:29:59.999922,1,BAYxx_xxxx_20251125_202837_000.7z
2025-11-25 20:30:00,1831.434403,1.831434403,889.779706,363.435395,578.219302,768000,768000,1.000000000,1,2025-11-25 20:30:00.000000,2025-11-25 20:30:59.999922,1,BAYxx_xxxx_20251125_202837_000.7z
2025-11-25 20:31:00,1826.153740,1.826153740,893.522889,358.262300,574.368551,768000,768000,1.000000000,1,2025-11-25 20:31:00.000000,2025-11-25 20:31:59.999922,1,BAYxx_xxxx_20251125_202837_000.7z
2025-11-25 20:32:00,1828.277398,1.828277398,891.294072,359.454613,577.528713,768000,768000,1.000000000,1,2025-11-25 20:32:00.000000,2025-11-25 20:32:59.999922,1,BAYxx_xxxx_20251125_202837_000.7z
2025-11-25 20:33:00,1845.960287,1.845960287,906.832550,364.852250,574.275487,768000,768000,1.000000000,1,2025-11-25 20:33:00.000000,2025-11-25 20:33:59.999922,1,BAYxx_xxxx_20251125_202837_000.7z
2025-11-25 20:34:00,1839.696596,1.839696596,889.350884,363.540096,586.805616,768000,768000,1.000000000,1,2025-11-25 20:34:00.000000,2025-11-25 20:34:59.999922,1,BAYxx_xxxx_20251125_202837_000.7z
2025-11-25 20:35:00,1832.677935,1.832677935,893.599792,359.069030,580.009113,768000,768000,1.000000000,1,2025-11-25 20:35:00.000000,2025-11-25 20:35:59.999922,1,BAYxx_xxxx_20251125_202837_000.7z
2025-11-25 20:36:00,1834.129512,1.834129512,895.304010,360.424788,578.400714,768000,768000,1.000000000,1,2025-11-25 20:36:00.000000,2025-11-25 20:36:59.999922,1,BAYxx_xxxx_20251125_202837_000.7z
2025-11-25 20:37:00,1826.599482,1.826599482,884.169476,363.754463,578.675543,768000,768000,1.000000000,1,2025-11-25 20:37:00.000000,2025-11-25 20:37:59.999922,1,BAYxx_xxxx_20251125_202837_000.7z
2025-11-25 20:38:00,1831.973564,1.831973564,892.122265,358.491725,581.359574,729641,768000,0.950053385,0,2025-11-25 20:38:00.000000,2025-11-25 20:38:59.999922,2,BAYxx_xxxx_20251125_202837_000.7z;BAYxx_xxxx_20251125_203840_000.7z
2025-11-25 20:39:00,1845.169749,1.845169749,897.346993,356.899282,590.923473,768000,768000,1.000000000,1,2025-11-25 20:39:00.000000,2025-11-25 20:39:59.999922,1,BAYxx_xxxx_20251125_203840_000.7z
2025-11-25 20:40:00,1830.515631,1.830515631,897.789020,353.095265,579.631346,768000,768000,1.000000000,1,2025-11-25 20:40:00.000000,2025-11-25 20:40:59.999922,1,BAYxx_xxxx_20251125_203840_000.7z
2025-11-25 20:41:00,1827.304880,1.827304880,889.763939,359.936614,577.604327,768000,768000,1.000000000,1,2025-11-25 20:41:00.000000,2025-11-25 20:41:59.999922,1,BAYxx_xxxx_20251125_203840_000.7z
2025-11-25 20:42:00,1830.159080,1.830159080,895.690897,355.035346,579.432838,768000,768000,1.000000000,1,2025-11-25 20:42:00.000000,2025-11-25 20:42:59.999922,1,BAYxx_xxxx_20251125_203840_000.7z
2025-11-25 20:43:00,1832.427108,1.832427108,897.765840,351.028672,583.632596,768000,768000,1.000000000,1,2025-11-25 20:43:00.000000,2025-11-25 20:43:59.999922,1,BAYxx_xxxx_20251125_203840_000.7z
2025-11-25 20:44:00,1825.080018,1.825080018,896.143656,355.111069,573.825293,768000,768000,1.000000000,1,2025-11-25 20:44:00.000000,2025-11-25 20:44:59.999922,1,BAYxx_xxxx_20251125_203840_000.7z
2025-11-25 20:45:00,1830.411542,1.830411542,896.598900,355.398795,578.413847,768000,768000,1.000000000,1,2025-11-25 20:45:00.000000,2025-11-25 20:45:59.999922,1,BAYxx_xxxx_20251125_203840_000.7z
2025-11-25 20:46:00,1825.002650,1.825002650,884.074128,362.048377,578.880145,768000,768000,1.000000000,1,2025-11-25 20:46:00.000000,2025-11-25 20:46:59.999922,1,BAYxx_xxxx_20251125_203840_000.7z
2025-11-25 20:47:00,1832.683818,1.832683818,896.546717,358.429274,577.707827,768000,768000,1.000000000,1,2025-11-25 20:47:00.000000,2025-11-25 20:47:59.999922,1,BAYxx_xxxx_20251125_203840_000.7z
2025-11-25 20:48:00,1839.674382,1.839674382,895.271015,365.439798,578.963569,729610,768000,0.950013021,0,2025-11-25 20:48:00.000000,2025-11-25 20:48:59.999922,2,BAYxx_xxxx_20251125_203840_000.7z;BAYxx_xxxx_20251125_204843_000.7z
2025-11-25 20:49:00,1828.459809,1.828459809,893.165220,359.072013,576.222577,768000,768000,1.000000000,1,2025-11-25 20:49:00.000000,2025-11-25 20:49:59.999922,1,BAYxx_xxxx_20251125_204843_000.7z
2025-11-25 20:50:00,1828.320811,1.828320811,888.987612,363.942900,575.390298,768000,768000,1.000000000,1,2025-11-25 20:50:00.000000,2025-11-25 20:50:59.999922,1,BAYxx_xxxx_20251125_204843_000.7z
2025-11-25 20:51:00,1833.411902,1.833411902,890.104979,362.431414,580.875509,768000,768000,1.000000000,1,2025-11-25 20:51:00.000000,2025-11-25 20:51:59.999922,1,BAYxx_xxxx_20251125_204843_000.7z
2025-11-25 20:52:00,1838.307637,1.838307637,910.366588,351.764563,576.176486,768000,768000,1.000000000,1,2025-11-25 20:52:00.000000,2025-11-25 20:52:59.999922,1,BAYxx_xxxx_20251125_204843_000.7z
2025-11-25 20:53:00,1833.814817,1.833814817,904.032263,354.721105,575.061449,768000,768000,1.000000000,1,2025-11-25 20:53:00.000000,2025-11-25 20:53:59.999922,1,BAYxx_xxxx_20251125_204843_000.7z
2025-11-25 20:54:00,1845.165451,1.845165451,904.772292,361.007505,579.385654,768000,768000,1.000000000,1,2025-11-25 20:54:00.000000,2025-11-25 20:54:59.999922,1,BAYxx_xxxx_20251125_204843_000.7z
2025-11-25 20:55:00,1842.180488,1.842180488,904.425324,355.795261,581.959903,768000,768000,1.000000000,1,2025-11-25 20:55:00.000000,2025-11-25 20:55:59.999922,1,BAYxx_xxxx_20251125_204843_000.7z
2025-11-25 20:56:00,1737.138311,1.737138311,901.047748,349.283308,486.807255,768000,768000,1.000000000,1,2025-11-25 20:56:00.000000,2025-11-25 20:56:59.999922,1,BAYxx_xxxx_20251125_204843_000.7z
2025-11-25 20:57:00,1737.946991,1.737946991,897.917446,356.316738,483.712807,768000,768000,1.000000000,1,2025-11-25 20:57:00.000000,2025-11-25 20:57:59.999922,1,BAYxx_xxxx_20251125_204843_000.7z
2025-11-25 20:58:00,1739.942910,1.739942910,893.392291,358.705959,487.844660,716921,768000,0.933490885,0,2025-11-25 20:58:00.000000,2025-11-25 20:58:59.999922,2,BAYxx_xxxx_20251125_204843_000.7z;BAYxx_xxxx_20251125_205847_000.7z
2025-11-25 20:59:00,1740.335910,1.740335910,897.497464,357.818637,485.019809,768000,768000,1.000000000,1,2025-11-25 20:59:00.000000,2025-11-25 20:59:59.999922,1,BAYxx_xxxx_20251125_205847_000.7z
2025-11-25 21:00:00,1745.642679,1.745642679,899.491744,353.528618,492.622317,768000,768000,1.000000000,1,2025-11-25 21:00:00.000000,2025-11-25 21:00:59.999922,1,BAYxx_xxxx_20251125_205847_000.7z
2025-11-25 21:01:00,1755.855944,1.755855944,893.051004,356.956585,505.848355,768000,768000,1.000000000,1,2025-11-25 21:01:00.000000,2025-11-25 21:01:59.999922,1,BAYxx_xxxx_20251125_205847_000.7z
2025-11-25 21:02:00,1744.823864,1.744823864,894.881275,357.036938,492.905652,768000,768000,1.000000000,1,2025-11-25 21:02:00.000000,2025-11-25 21:02:59.999922,1,BAYxx_xxxx_20251125_205847_000.7z
2025-11-25 21:03:00,1733.650792,1.733650792,890.279979,349.124288,494.246526,768000,768000,1.000000000,1,2025-11-25 21:03:00.000000,2025-11-25 21:03:59.999922,1,BAYxx_xxxx_20251125_205847_000.7z
2025-11-25 21:04:00,1744.611832,1.744611832,894.976349,354.482474,495.153009,768000,768000,1.000000000,1,2025-11-25 21:04:00.000000,2025-11-25 21:04:59.999922,1,BAYxx_xxxx_20251125_205847_000.7z
2025-11-25 21:05:00,1746.036324,1.746036324,900.471082,350.866337,494.698905,768000,768000,1.000000000,1,2025-11-25 21:05:00.000000,2025-11-25 21:05:59.999922,1,BAYxx_xxxx_20251125_205847_000.7z
2025-11-25 21:06:00,1747.009565,1.747009565,909.237431,348.277976,489.494158,768000,768000,1.000000000,1,2025-11-25 21:06:00.000000,2025-11-25 21:06:59.999922,1,BAYxx_xxxx_20251125_205847_000.7z
2025-11-25 21:07:00,1746.030372,1.746030372,898.533846,353.968177,493.528350,768000,768000,1.000000000,1,2025-11-25 21:07:00.000000,2025-11-25 21:07:59.999922,1,BAYxx_xxxx_20251125_205847_000.7z
2025-11-25 21:08:00,1742.202442,1.742202442,895.000436,355.114352,492.087654,716827,768000,0.933368490,0,2025-11-25 21:08:00.000000,2025-11-25 21:08:59.999922,2,BAYxx_xxxx_20251125_205847_000.7z;BAYxx_xxxx_20251125_210851_000.7z
2025-11-25 21:09:00,1742.183503,1.742183503,897.019340,355.105981,490.058182,768000,768000,1.000000000,1,2025-11-25 21:09:00.000000,2025-11-25 21:09:59.999922,1,BAYxx_xxxx_20251125_210851_000.7z
2025-11-25 21:10:00,1745.701076,1.745701076,903.817582,353.605083,488.278411,768000,768000,1.000000000,1,2025-11-25 21:10:00.000000,2025-11-25 21:10:59.999922,1,BAYxx_xxxx_20251125_210851_000.7z
2025-11-25 21:11:00,1823.638512,1.823638512,898.521957,355.960427,569.156128,768000,768000,1.000000000,1,2025-11-25 21:11:00.000000,2025-11-25 21:11:59.999922,1,BAYxx_xxxx_20251125_210851_000.7z
2025-11-25 21:12:00,1842.192492,1.842192492,897.419719,362.134918,582.637855,768000,768000,1.000000000,1,2025-11-25 21:12:00.000000,2025-11-25 21:12:59.999922,1,BAYxx_xxxx_20251125_210851_000.7z
2025-11-25 21:13:00,1827.706334,1.827706334,896.670718,348.026416,583.009200,768000,768000,1.000000000,1,2025-11-25 21:13:00.000000,2025-11-25 21:13:59.999922,1,BAYxx_xxxx_20251125_210851_000.7z
2025-11-25 21:14:00,1831.985967,1.831985967,888.385932,357.456144,586.143891,768000,768000,1.000000000,1,2025-11-25 21:14:00.000000,2025-11-25 21:14:59.999922,1,BAYxx_xxxx_20251125_210851_000.7z
2025-11-25 21:15:00,1834.375348,1.834375348,893.742807,358.753287,581.879254,768000,768000,1.000000000,1,2025-11-25 21:15:00.000000,2025-11-25 21:15:59.999922,1,BAYxx_xxxx_20251125_210851_000.7z
2025-11-25 21:16:00,1837.187004,1.837187004,894.769684,359.275238,583.142082,768000,768000,1.000000000,1,2025-11-25 21:16:00.000000,2025-11-25 21:16:59.999922,1,BAYxx_xxxx_20251125_210851_000.7z
2025-11-25 21:17:00,1834.072412,1.834072412,887.570924,357.256752,589.244736,768000,768000,1.000000000,1,2025-11-25 21:17:00.000000,2025-11-25 21:17:59.999922,1,BAYxx_xxxx_20251125_210851_000.7z
2025-11-25 21:18:00,1839.345287,1.839345287,900.660362,350.027446,588.657479,729740,768000,0.950182292,0,2025-11-25 21:18:00.000000,2025-11-25 21:18:59.999922,2,BAYxx_xxxx_20251125_210851_000.7z;BAYxx_xxxx_20251125_211854_000.7z
2025-11-25 21:19:00,1843.653459,1.843653459,906.573517,356.684103,580.395839,768000,768000,1.000000000,1,2025-11-25 21:19:00.000000,2025-11-25 21:19:59.999922,1,BAYxx_xxxx_20251125_211854_000.7z
2025-11-25 21:20:00,1855.150320,1.855150320,912.230260,358.344252,584.575809,768000,768000,1.000000000,1,2025-11-25 21:20:00.000000,2025-11-25 21:20:59.999922,1,BAYxx_xxxx_20251125_211854_000.7z
2025-11-25 21:21:00,1840.612543,1.840612543,905.088948,356.591307,578.932288,768000,768000,1.000000000,1,2025-11-25 21:21:00.000000,2025-11-25 21:21:59.999922,1,BAYxx_xxxx_20251125_211854_000.7z
2025-11-25 21:22:00,1840.545561,1.840545561,902.686499,348.343520,589.515543,768000,768000,1.000000000,1,2025-11-25 21:22:00.000000,2025-11-25 21:22:59.999922,1,BAYxx_xxxx_20251125_211854_000.7z
2025-11-25 21:23:00,1840.927582,1.840927582,903.921407,353.799469,583.206706,768000,768000,1.000000000,1,2025-11-25 21:23:00.000000,2025-11-25 21:23:59.999922,1,BAYxx_xxxx_20251125_211854_000.7z
2025-11-25 21:24:00,1835.034831,1.835034831,894.764410,352.247469,588.022952,768000,768000,1.000000000,1,2025-11-25 21:24:00.000000,2025-11-25 21:24:59.999922,1,BAYxx_xxxx_20251125_211854_000.7z
2025-11-25 21:25:00,1845.882923,1.845882923,897.894352,349.419042,598.569529,768000,768000,1.000000000,1,2025-11-25 21:25:00.000000,2025-11-25 21:25:59.999922,1,BAYxx_xxxx_20251125_211854_000.7z
2025-11-25 21:26:00,1838.963269,1.838963269,898.748780,354.730972,585.483516,768000,768000,1.000000000,1,2025-11-25 21:26:00.000000,2025-11-25 21:26:59.999922,1,BAYxx_xxxx_20251125_211854_000.7z
2025-11-25 21:27:00,1840.163985,1.840163985,896.615636,356.287351,587.260998,768000,768000,1.000000000,1,2025-11-25 21:27:00.000000,2025-11-25 21:27:59.999922,1,BAYxx_xxxx_20251125_211854_000.7z
2025-11-25 21:28:00,1839.350297,1.839350297,902.628207,358.019730,578.702360,729624,768000,0.950031250,0,2025-11-25 21:28:00.000000,2025-11-25 21:28:59.999922,2,BAYxx_xxxx_20251125_211854_000.7z;BAYxx_xxxx_20251125_212857_000.7z
2025-11-25 21:29:00,1846.176852,1.846176852,899.043165,360.937740,586.195947,768000,768000,1.000000000,1,2025-11-25 21:29:00.000000,2025-11-25 21:29:59.999922,1,BAYxx_xxxx_20251125_212857_000.7z
2025-11-25 21:30:00,1836.350233,1.836350233,895.866158,356.606526,583.877550,768000,768000,1.000000000,1,2025-11-25 21:30:00.000000,2025-11-25 21:30:59.999922,1,BAYxx_xxxx_20251125_212857_000.7z
2025-11-25 21:31:00,1846.836658,1.846836658,896.926340,363.793048,586.117270,768000,768000,1.000000000,1,2025-11-25 21:31:00.000000,2025-11-25 21:31:59.999922,1,BAYxx_xxxx_20251125_212857_000.7z
2025-11-25 21:32:00,1843.648629,1.843648629,894.746876,366.878878,582.022875,768000,768000,1.000000000,1,2025-11-25 21:32:00.000000,2025-11-25 21:32:59.999922,1,BAYxx_xxxx_20251125_212857_000.7z
2025-11-25 21:33:00,1839.577079,1.839577079,899.391618,361.024742,579.160719,768000,768000,1.000000000,1,2025-11-25 21:33:00.000000,2025-11-25 21:33:59.999922,1,BAYxx_xxxx_20251125_212857_000.7z
2025-11-25 21:34:00,1845.334102,1.845334102,908.424947,357.527234,579.381921,768000,768000,1.000000000,1,2025-11-25 21:34:00.000000,2025-11-25 21:34:59.999922,1,BAYxx_xxxx_20251125_212857_000.7z
2025-11-25 21:35:00,1850.642157,1.850642157,916.078131,352.519295,582.044731,768000,768000,1.000000000,1,2025-11-25 21:35:00.000000,2025-11-25 21:35:59.999922,1,BAYxx_xxxx_20251125_212857_000.7z
2025-11-25 21:36:00,1838.179190,1.838179190,905.920796,353.303792,578.954602,768000,768000,1.000000000,1,2025-11-25 21:36:00.000000,2025-11-25 21:36:59.999922,1,BAYxx_xxxx_20251125_212857_000.7z
2025-11-25 21:37:00,1832.256418,1.832256418,902.723540,348.852528,580.680350,768000,768000,1.000000000,1,2025-11-25 21:37:00.000000,2025-11-25 21:37:59.999922,1,BAYxx_xxxx_20251125_212857_000.7z
2025-11-25 21:38:00,1844.757952,1.844757952,905.825342,356.210585,582.722025,729701,768000,0.950131510,0,2025-11-25 21:38:00.000000,2025-11-25 21:38:57.007812,1,BAYxx_xxxx_20251125_212857_000.7z
2025-11-25 21:39:00,1841.412097,1.841412097,901.780624,358.762996,580.868476,755200,768000,0.983333333,0,2025-11-25 21:39:01.000000,2025-11-25 21:39:59.999922,1,BAYxx_xxxx_20251125_213901_000.7z
2025-11-25 21:40:00,1842.743033,1.842743033,895.036981,361.403316,586.302737,768000,768000,1.000000000,1,2025-11-25 21:40:00.000000,2025-11-25 21:40:59.999922,1,BAYxx_xxxx_20251125_213901_000.7z
2025-11-25 21:41:00,1787.171044,1.787171044,896.864704,361.593144,528.713196,768000,768000,1.000000000,1,2025-11-25 21:41:00.000000,2025-11-25 21:41:59.999922,1,BAYxx_xxxx_20251125_213901_000.7z
2025-11-25 21:42:00,1744.066326,1.744066326,892.946255,364.613735,486.506336,768000,768000,1.000000000,1,2025-11-25 21:42:00.000000,2025-11-25 21:42:59.999922,1,BAYxx_xxxx_20251125_213901_000.7z
2025-11-25 21:43:00,1751.400020,1.751400020,910.576132,354.751145,486.072743,768000,768000,1.000000000,1,2025-11-25 21:43:00.000000,2025-11-25 21:43:59.999922,1,BAYxx_xxxx_20251125_213901_000.7z
2025-11-25 21:44:00,1744.804016,1.744804016,907.638775,351.826853,485.338388,768000,768000,1.000000000,1,2025-11-25 21:44:00.000000,2025-11-25 21:44:59.999922,1,BAYxx_xxxx_20251125_213901_000.7z
2025-11-25 21:45:00,1753.317454,1.753317454,907.336631,359.335078,486.645745,768000,768000,1.000000000,1,2025-11-25 21:45:00.000000,2025-11-25 21:45:59.999922,1,BAYxx_xxxx_20251125_213901_000.7z
2025-11-25 21:46:00,1753.852685,1.753852685,902.369100,365.998388,485.485197,768000,768000,1.000000000,1,2025-11-25 21:46:00.000000,2025-11-25 21:46:59.999922,1,BAYxx_xxxx_20251125_213901_000.7z
2025-11-25 21:47:00,1747.559639,1.747559639,897.630312,363.043877,486.885451,768000,768000,1.000000000,1,2025-11-25 21:47:00.000000,2025-11-25 21:47:59.999922,1,BAYxx_xxxx_20251125_213901_000.7z
2025-11-25 21:48:00,1750.460093,1.750460093,902.047141,368.249941,480.163011,768000,768000,1.000000000,1,2025-11-25 21:48:00.000000,2025-11-25 21:48:59.999922,1,BAYxx_xxxx_20251125_213901_000.7z
2025-11-25 21:49:00,1768.051408,1.768051408,915.307858,364.376158,488.367392,729669,768000,0.950089844,0,2025-11-25 21:49:00.000000,2025-11-25 21:49:59.999922,2,BAYxx_xxxx_20251125_213901_000.7z;BAYxx_xxxx_20251125_214904_000.7z
2025-11-25 21:50:00,1752.345216,1.752345216,905.326940,359.997537,487.020739,768000,768000,1.000000000,1,2025-11-25 21:50:00.000000,2025-11-25 21:50:59.999922,1,BAYxx_xxxx_20251125_214904_000.7z
2025-11-25 21:51:00,1758.976471,1.758976471,908.239105,361.954813,488.782553,768000,768000,1.000000000,1,2025-11-25 21:51:00.000000,2025-11-25 21:51:59.999922,1,BAYxx_xxxx_20251125_214904_000.7z
2025-11-25 21:52:00,1756.864336,1.756864336,910.672859,357.298485,488.892992,768000,768000,1.000000000,1,2025-11-25 21:52:00.000000,2025-11-25 21:52:59.999922,1,BAYxx_xxxx_20251125_214904_000.7z
2025-11-25 21:53:00,1755.187001,1.755187001,913.266194,353.544336,488.376471,768000,768000,1.000000000,1,2025-11-25 21:53:00.000000,2025-11-25 21:53:59.999922,1,BAYxx_xxxx_20251125_214904_000.7z
2025-11-25 21:54:00,1752.681649,1.752681649,897.764084,361.469134,493.448431,768000,768000,1.000000000,1,2025-11-25 21:54:00.000000,2025-11-25 21:54:59.999922,1,BAYxx_xxxx_20251125_214904_000.7z
2025-11-25 21:55:00,1756.636831,1.756636831,907.240283,358.220141,491.176406,768000,768000,1.000000000,1,2025-11-25 21:55:00.000000,2025-11-25 21:55:59.999922,1,BAYxx_xxxx_20251125_214904_000.7z
2025-11-25 21:56:00,1795.980565,1.795980565,902.795181,357.173002,536.012383,768000,768000,1.000000000,1,2025-11-25 21:56:00.000000,2025-11-25 21:56:59.999922,1,BAYxx_xxxx_20251125_214904_000.7z
2025-11-25 21:57:00,1841.518474,1.841518474,903.125612,353.065520,585.327342,768000,768000,1.000000000,1,2025-11-25 21:57:00.000000,2025-11-25 21:57:59.999922,1,BAYxx_xxxx_20251125_214904_000.7z
2025-11-25 21:58:00,1850.267486,1.850267486,904.789404,361.391619,584.086463,768000,768000,1.000000000,1,2025-11-25 21:58:00.000000,2025-11-25 21:58:59.999922,1,BAYxx_xxxx_20251125_214904_000.7z
2025-11-25 21:59:00,1853.423447,1.853423447,902.468024,372.915551,578.039871,729622,768000,0.950028646,0,2025-11-25 21:59:00.000000,2025-11-25 21:59:59.999922,2,BAYxx_xxxx_20251125_214904_000.7z;BAYxx_xxxx_20251125_215907_000.7z
2025-11-25 22:00:00,1829.389191,1.829389191,889.316287,365.135233,574.937672,768000,768000,1.000000000,1,2025-11-25 22:00:00.000000,2025-11-25 22:00:59.999922,1,BAYxx_xxxx_20251125_215907_000.7z
2025-11-25 22:01:00,1839.825696,1.839825696,896.700979,367.367818,575.756899,768000,768000,1.000000000,1,2025-11-25 22:01:00.000000,2025-11-25 22:01:59.999922,1,BAYxx_xxxx_20251125_215907_000.7z
2025-11-25 22:02:00,1844.011569,1.844011569,892.259076,370.945165,580.807328,768000,768000,1.000000000,1,2025-11-25 22:02:00.000000,2025-11-25 22:02:59.999922,1,BAYxx_xxxx_20251125_215907_000.7z
2025-11-25 22:03:00,1848.350192,1.848350192,894.865612,375.096766,578.387813,768000,768000,1.000000000,1,2025-11-25 22:03:00.000000,2025-11-25 22:03:59.999922,1,BAYxx_xxxx_20251125_215907_000.7z
2025-11-25 22:04:00,1838.015878,1.838015878,891.683273,372.741875,573.590730,768000,768000,1.000000000,1,2025-11-25 22:04:00.000000,2025-11-25 22:04:59.999922,1,BAYxx_xxxx_20251125_215907_000.7z
2025-11-25 22:05:00,1842.729829,1.842729829,889.602629,376.552871,576.574329,768000,768000,1.000000000,1,2025-11-25 22:05:00.000000,2025-11-25 22:05:59.999922,1,BAYxx_xxxx_20251125_215907_000.7z
2025-11-25 22:06:00,1850.053618,1.850053618,891.558189,373.746763,584.748667,768000,768000,1.000000000,1,2025-11-25 22:06:00.000000,2025-11-25 22:06:59.999922,1,BAYxx_xxxx_20251125_215907_000.7z
2025-11-25 22:07:00,1845.709556,1.845709556,891.928109,372.776237,581.005209,768000,768000,1.000000000,1,2025-11-25 22:07:00.000000,2025-11-25 22:07:59.999922,1,BAYxx_xxxx_20251125_215907_000.7z
2025-11-25 22:08:00,1845.514047,1.845514047,890.703746,377.391441,577.418860,768000,768000,1.000000000,1,2025-11-25 22:08:00.000000,2025-11-25 22:08:59.999922,1,BAYxx_xxxx_20251125_215907_000.7z
2025-11-25 22:09:00,1848.052151,1.848052151,891.996617,382.392158,573.663375,729702,768000,0.950132813,0,2025-11-25 22:09:00.000000,2025-11-25 22:09:59.999922,2,BAYxx_xxxx_20251125_215907_000.7z;BAYxx_xxxx_20251125_220910_000.7z
2025-11-25 22:10:00,1847.620912,1.847620912,885.711918,386.689509,575.219485,768000,768000,1.000000000,1,2025-11-25 22:10:00.000000,2025-11-25 22:10:59.999922,1,BAYxx_xxxx_20251125_220910_000.7z
2025-11-25 22:11:00,1834.485158,1.834485158,880.476715,379.728473,574.279971,768000,768000,1.000000000,1,2025-11-25 22:11:00.000000,2025-11-25 22:11:59.999922,1,BAYxx_xxxx_20251125_220910_000.7z
2025-11-25 22:12:00,1851.489460,1.851489460,894.389079,374.985832,582.114549,768000,768000,1.000000000,1,2025-11-25 22:12:00.000000,2025-11-25 22:12:59.999922,1,BAYxx_xxxx_20251125_220910_000.7z
2025-11-25 22:13:00,1849.587479,1.849587479,901.612585,375.871768,572.103126,768000,768000,1.000000000,1,2025-11-25 22:13:00.000000,2025-11-25 22:13:59.999922,1,BAYxx_xxxx_20251125_220910_000.7z
2025-11-25 22:14:00,1843.991006,1.843991006,889.507809,379.748585,574.734612,768000,768000,1.000000000,1,2025-11-25 22:14:00.000000,2025-11-25 22:14:59.999922,1,BAYxx_xxxx_20251125_220910_000.7z
2025-11-25 22:15:00,1845.546622,1.845546622,897.060734,380.696136,567.789753,768000,768000,1.000000000,1,2025-11-25 22:15:00.000000,2025-11-25 22:15:59.999922,1,BAYxx_xxxx_20251125_220910_000.7z
2025-11-25 22:16:00,1833.770126,1.833770126,886.136673,372.166078,575.467374,768000,768000,1.000000000,1,2025-11-25 22:16:00.000000,2025-11-25 22:16:59.999922,1,BAYxx_xxxx_20251125_220910_000.7z
2025-11-25 22:17:00,1840.282197,1.840282197,900.072017,375.339349,564.870831,768000,768000,1.000000000,1,2025-11-25 22:17:00.000000,2025-11-25 22:17:59.999922,1,BAYxx_xxxx_20251125_220910_000.7z
2025-11-25 22:18:00,1844.579416,1.844579416,894.251900,377.154123,573.173393,768000,768000,1.000000000,1,2025-11-25 22:18:00.000000,2025-11-25 22:18:59.999922,1,BAYxx_xxxx_20251125_220910_000.7z
2025-11-25 22:19:00,1847.839466,1.847839466,895.561237,378.329733,573.948496,716838,768000,0.933382812,0,2025-11-25 22:19:00.000000,2025-11-25 22:19:59.999922,2,BAYxx_xxxx_20251125_220910_000.7z;BAYxx_xxxx_20251125_221914_000.7z
2025-11-25 22:20:00,1847.125383,1.847125383,898.094546,371.022607,578.008230,768000,768000,1.000000000,1,2025-11-25 22:20:00.000000,2025-11-25 22:20:59.999922,1,BAYxx_xxxx_20251125_221914_000.7z
2025-11-25 22:21:00,1855.043748,1.855043748,893.939979,388.080444,573.023325,768000,768000,1.000000000,1,2025-11-25 22:21:00.000000,2025-11-25 22:21:59.999922,1,BAYxx_xxxx_20251125_221914_000.7z
2025-11-25 22:22:00,1856.364741,1.856364741,888.664997,385.136385,582.563359,768000,768000,1.000000000,1,2025-11-25 22:22:00.000000,2025-11-25 22:22:59.999922,1,BAYxx_xxxx_20251125_221914_000.7z
2025-11-25 22:23:00,1826.066481,1.826066481,879.388128,371.672848,575.005504,768000,768000,1.000000000,1,2025-11-25 22:23:00.000000,2025-11-25 22:23:59.999922,1,BAYxx_xxxx_20251125_221914_000.7z
2025-11-25 22:24:00,1843.468434,1.843468434,885.087839,377.060536,581.320059,768000,768000,1.000000000,1,2025-11-25 22:24:00.000000,2025-11-25 22:24:59.999922,1,BAYxx_xxxx_20251125_221914_000.7z
2025-11-25 22:25:00,1853.550033,1.853550033,895.804546,373.891127,583.854360,768000,768000,1.000000000,1,2025-11-25 22:25:00.000000,2025-11-25 22:25:59.999922,1,BAYxx_xxxx_20251125_221914_000.7z
2025-11-25 22:26:00,1829.239453,1.829239453,902.277008,370.536195,556.426250,768000,768000,1.000000000,1,2025-11-25 22:26:00.000000,2025-11-25 22:26:59.999922,1,BAYxx_xxxx_20251125_221914_000.7z
2025-11-25 22:27:00,1751.001810,1.751001810,899.564482,376.011839,475.425489,768000,768000,1.000000000,1,2025-11-25 22:27:00.000000,2025-11-25 22:27:59.999922,1,BAYxx_xxxx_20251125_221914_000.7z
2025-11-25 22:28:00,1745.230621,1.745230621,897.957436,370.003111,477.270075,768000,768000,1.000000000,1,2025-11-25 22:28:00.000000,2025-11-25 22:28:59.999922,1,BAYxx_xxxx_20251125_221914_000.7z
2025-11-25 22:29:00,1749.183075,1.749183075,898.267492,366.421223,484.494360,716920,768000,0.933489583,0,2025-11-25 22:29:00.000000,2025-11-25 22:29:59.999922,2,BAYxx_xxxx_20251125_221914_000.7z;BAYxx_xxxx_20251125_222918_000.7z
2025-11-25 22:30:00,1744.725340,1.744725340,898.127419,371.128773,475.469148,768000,768000,1.000000000,1,2025-11-25 22:30:00.000000,2025-11-25 22:30:59.999922,1,BAYxx_xxxx_20251125_222918_000.7z
2025-11-25 22:31:00,1753.352780,1.753352780,905.623366,372.011691,475.717723,768000,768000,1.000000000,1,2025-11-25 22:31:00.000000,2025-11-25 22:31:59.999922,1,BAYxx_xxxx_20251125_222918_000.7z
2025-11-25 22:32:00,1751.713306,1.751713306,898.744997,374.742029,478.226279,768000,768000,1.000000000,1,2025-11-25 22:32:00.000000,2025-11-25 22:32:59.999922,1,BAYxx_xxxx_20251125_222918_000.7z
2025-11-25 22:33:00,1765.610717,1.765610717,908.020385,377.981291,479.609041,768000,768000,1.000000000,1,2025-11-25 22:33:00.000000,2025-11-25 22:33:59.999922,1,BAYxx_xxxx_20251125_222918_000.7z
2025-11-25 22:34:00,1748.086729,1.748086729,896.341487,370.538122,481.207121,768000,768000,1.000000000,1,2025-11-25 22:34:00.000000,2025-11-25 22:34:59.999922,1,BAYxx_xxxx_20251125_222918_000.7z
2025-11-25 22:35:00,1756.480209,1.756480209,905.922004,370.850903,479.707302,768000,768000,1.000000000,1,2025-11-25 22:35:00.000000,2025-11-25 22:35:59.999922,1,BAYxx_xxxx_20251125_222918_000.7z
2025-11-25 22:36:00,1755.134073,1.755134073,907.015927,373.060150,475.057996,768000,768000,1.000000000,1,2025-11-25 22:36:00.000000,2025-11-25 22:36:59.999922,1,BAYxx_xxxx_20251125_222918_000.7z
2025-11-25 22:37:00,1749.077237,1.749077237,904.429490,368.283295,476.364452,768000,768000,1.000000000,1,2025-11-25 22:37:00.000000,2025-11-25 22:37:59.999922,1,BAYxx_xxxx_20251125_222918_000.7z
2025-11-25 22:38:00,1747.766543,1.747766543,903.698262,369.186109,474.882173,768000,768000,1.000000000,1,2025-11-25 22:38:00.000000,2025-11-25 22:38:59.999922,1,BAYxx_xxxx_20251125_222918_000.7z
2025-11-25 22:39:00,1751.939530,1.751939530,904.626819,371.142057,476.170654,729628,768000,0.950036458,0,2025-11-25 22:39:00.000000,2025-11-25 22:39:59.999922,2,BAYxx_xxxx_20251125_222918_000.7z;BAYxx_xxxx_20251125_223921_000.7z
2025-11-25 22:40:00,1747.157299,1.747157299,903.906046,369.384176,473.867076,768000,768000,1.000000000,1,2025-11-25 22:40:00.000000,2025-11-25 22:40:59.999922,1,BAYxx_xxxx_20251125_223921_000.7z
2025-11-25 22:41:00,1756.905087,1.756905087,900.944647,368.630472,487.329967,768000,768000,1.000000000,1,2025-11-25 22:41:00.000000,2025-11-25 22:41:59.999922,1,BAYxx_xxxx_20251125_223921_000.7z
2025-11-25 22:42:00,1851.871791,1.851871791,905.527901,370.398913,575.944977,768000,768000,1.000000000,1,2025-11-25 22:42:00.000000,2025-11-25 22:42:59.999922,1,BAYxx_xxxx_20251125_223921_000.7z
2025-11-25 22:43:00,1847.347252,1.847347252,901.784946,370.139547,575.422760,768000,768000,1.000000000,1,2025-11-25 22:43:00.000000,2025-11-25 22:43:59.999922,1,BAYxx_xxxx_20251125_223921_000.7z
2025-11-25 22:44:00,1851.617828,1.851617828,900.091875,371.374065,580.151889,768000,768000,1.000000000,1,2025-11-25 22:44:00.000000,2025-11-25 22:44:59.999922,1,BAYxx_xxxx_20251125_223921_000.7z
2025-11-25 22:45:00,1858.370505,1.858370505,904.933492,371.758409,581.678603,768000,768000,1.000000000,1,2025-11-25 22:45:00.000000,2025-11-25 22:45:59.999922,1,BAYxx_xxxx_20251125_223921_000.7z
2025-11-25 22:46:00,1848.611905,1.848611905,905.732379,364.952783,577.926743,768000,768000,1.000000000,1,2025-11-25 22:46:00.000000,2025-11-25 22:46:59.999922,1,BAYxx_xxxx_20251125_223921_000.7z
2025-11-25 22:47:00,1860.296011,1.860296011,902.863020,378.540082,578.892909,768000,768000,1.000000000,1,2025-11-25 22:47:00.000000,2025-11-25 22:47:59.999922,1,BAYxx_xxxx_20251125_223921_000.7z
2025-11-25 22:48:00,1854.298846,1.854298846,901.008300,377.979009,575.311537,768000,768000,1.000000000,1,2025-11-25 22:48:00.000000,2025-11-25 22:48:59.999922,1,BAYxx_xxxx_20251125_223921_000.7z
2025-11-25 22:49:00,1849.088563,1.849088563,895.128517,378.108249,575.851797,716804,768000,0.933338542,0,2025-11-25 22:49:00.000000,2025-11-25 22:49:59.999922,2,BAYxx_xxxx_20251125_223921_000.7z;BAYxx_xxxx_20251125_224925_000.7z
2025-11-25 22:50:00,1847.493425,1.847493425,899.296704,371.246385,576.950335,768000,768000,1.000000000,1,2025-11-25 22:50:00.000000,2025-11-25 22:50:59.999922,1,BAYxx_xxxx_20251125_224925_000.7z
2025-11-25 22:51:00,1848.033104,1.848033104,900.534554,367.937030,579.561520,768000,768000,1.000000000,1,2025-11-25 22:51:00.000000,2025-11-25 22:51:59.999922,1,BAYxx_xxxx_20251125_224925_000.7z
2025-11-25 22:52:00,1852.520554,1.852520554,905.795992,372.389751,574.334812,768000,768000,1.000000000,1,2025-11-25 22:52:00.000000,2025-11-25 22:52:59.999922,1,BAYxx_xxxx_20251125_224925_000.7z
2025-11-25 22:53:00,1848.950012,1.848950012,905.072140,368.941143,574.936729,768000,768000,1.000000000,1,2025-11-25 22:53:00.000000,2025-11-25 22:53:59.999922,1,BAYxx_xxxx_20251125_224925_000.7z
2025-11-25 22:54:00,1858.987898,1.858987898,898.713136,377.644091,582.630671,768000,768000,1.000000000,1,2025-11-25 22:54:00.000000,2025-11-25 22:54:59.999922,1,BAYxx_xxxx_20251125_224925_000.7z
2025-11-25 22:55:00,1850.165428,1.850165428,902.498283,373.235495,574.431650,768000,768000,1.000000000,1,2025-11-25 22:55:00.000000,2025-11-25 22:55:59.999922,1,BAYxx_xxxx_20251125_224925_000.7z
2025-11-25 22:56:00,1851.356564,1.851356564,902.369787,373.429085,575.557691,768000,768000,1.000000000,1,2025-11-25 22:56:00.000000,2025-11-25 22:56:59.999922,1,BAYxx_xxxx_20251125_224925_000.7z
2025-11-25 22:57:00,1847.147850,1.847147850,903.838798,370.991192,572.317860,768000,768000,1.000000000,1,2025-11-25 22:57:00.000000,2025-11-25 22:57:59.999922,1,BAYxx_xxxx_20251125_224925_000.7z
2025-11-25 22:58:00,1850.042951,1.850042951,899.100381,371.859706,579.082865,768000,768000,1.000000000,1,2025-11-25 22:58:00.000000,2025-11-25 22:58:59.999922,1,BAYxx_xxxx_20251125_224925_000.7z
2025-11-25 22:59:00,1861.801295,1.861801295,904.578823,375.852067,581.370405,716897,768000,0.933459635,0,2025-11-25 22:59:00.000000,2025-11-25 22:59:59.999922,2,BAYxx_xxxx_20251125_224925_000.7z;BAYxx_xxxx_20251125_225929_000.7z
2025-11-25 23:00:00,1858.373018,1.858373018,907.150406,373.829511,577.393101,768000,768000,1.000000000,1,2025-11-25 23:00:00.000000,2025-11-25 23:00:59.999922,1,BAYxx_xxxx_20251125_225929_000.7z
2025-11-25 23:01:00,1857.643587,1.857643587,904.427179,381.169047,572.047362,768000,768000,1.000000000,1,2025-11-25 23:01:00.000000,2025-11-25 23:01:59.999922,1,BAYxx_xxxx_20251125_225929_000.7z
2025-11-25 23:02:00,1852.630705,1.852630705,899.182132,376.268580,577.179993,768000,768000,1.000000000,1,2025-11-25 23:02:00.000000,2025-11-25 23:02:59.999922,1,BAYxx_xxxx_20251125_225929_000.7z
2025-11-25 23:03:00,1847.413232,1.847413232,900.811636,373.466714,573.134882,768000,768000,1.000000000,1,2025-11-25 23:03:00.000000,2025-11-25 23:03:59.999922,1,BAYxx_xxxx_20251125_225929_000.7z
2025-11-25 23:04:00,1843.073566,1.843073566,896.189639,373.540507,573.343420,768000,768000,1.000000000,1,2025-11-25 23:04:00.000000,2025-11-25 23:04:59.999922,1,BAYxx_xxxx_20251125_225929_000.7z
2025-11-25 23:05:00,1850.620926,1.850620926,898.656981,379.802961,572.160984,768000,768000,1.000000000,1,2025-11-25 23:05:00.000000,2025-11-25 23:05:59.999922,1,BAYxx_xxxx_20251125_225929_000.7z
2025-11-25 23:06:00,1854.828733,1.854828733,905.035790,374.786014,575.006930,768000,768000,1.000000000,1,2025-11-25 23:06:00.000000,2025-11-25 23:06:59.999922,1,BAYxx_xxxx_20251125_225929_000.7z
2025-11-25 23:07:00,1856.160194,1.856160194,906.368742,373.724930,576.066522,768000,768000,1.000000000,1,2025-11-25 23:07:00.000000,2025-11-25 23:07:59.999922,1,BAYxx_xxxx_20251125_225929_000.7z
2025-11-25 23:08:00,1840.403724,1.840403724,900.482111,369.586554,570.335059,768000,768000,1.000000000,1,2025-11-25 23:08:00.000000,2025-11-25 23:08:59.999922,1,BAYxx_xxxx_20251125_225929_000.7z
2025-11-25 23:09:00,1852.223693,1.852223693,902.991851,375.131846,574.099996,704044,768000,0.916723958,0,2025-11-25 23:09:00.000000,2025-11-25 23:09:59.999922,2,BAYxx_xxxx_20251125_225929_000.7z;BAYxx_xxxx_20251125_230934_000.7z
2025-11-25 23:10:00,1852.240606,1.852240606,898.245730,381.882462,572.112414,768000,768000,1.000000000,1,2025-11-25 23:10:00.000000,2025-11-25 23:10:59.999922,1,BAYxx_xxxx_20251125_230934_000.7z
2025-11-25 23:11:00,1852.802082,1.852802082,894.901982,376.821313,581.078787,768000,768000,1.000000000,1,2025-11-25 23:11:00.000000,2025-11-25 23:11:59.999922,1,BAYxx_xxxx_20251125_230934_000.7z
2025-11-25 23:12:00,1773.058955,1.773058955,885.829606,374.393992,512.835357,768000,768000,1.000000000,1,2025-11-25 23:12:00.000000,2025-11-25 23:12:59.999922,1,BAYxx_xxxx_20251125_230934_000.7z
2025-11-25 23:13:00,1759.271559,1.759271559,891.424805,374.450130,493.396624,768000,768000,1.000000000,1,2025-11-25 23:13:00.000000,2025-11-25 23:13:59.999922,1,BAYxx_xxxx_20251125_230934_000.7z
2025-11-25 23:14:00,1746.567002,1.746567002,895.721045,369.993029,480.852928,768000,768000,1.000000000,1,2025-11-25 23:14:00.000000,2025-11-25 23:14:59.999922,1,BAYxx_xxxx_20251125_230934_000.7z
2025-11-25 23:15:00,1751.044049,1.751044049,899.733227,373.745366,477.565455,768000,768000,1.000000000,1,2025-11-25 23:15:00.000000,2025-11-25 23:15:59.999922,1,BAYxx_xxxx_20251125_230934_000.7z
2025-11-25 23:16:00,1749.254217,1.749254217,894.254146,369.256143,485.743927,768000,768000,1.000000000,1,2025-11-25 23:16:00.000000,2025-11-25 23:16:59.999922,1,BAYxx_xxxx_20251125_230934_000.7z
2025-11-25 23:17:00,1758.014533,1.758014533,899.721528,372.569441,485.723563,768000,768000,1.000000000,1,2025-11-25 23:17:00.000000,2025-11-25 23:17:59.999922,1,BAYxx_xxxx_20251125_230934_000.7z
2025-11-25 23:18:00,1748.544199,1.748544199,897.239049,369.557724,481.747426,768000,768000,1.000000000,1,2025-11-25 23:18:00.000000,2025-11-25 23:18:59.999922,1,BAYxx_xxxx_20251125_230934_000.7z
2025-11-25 23:19:00,1756.859199,1.756859199,902.008682,371.638004,483.212513,729727,768000,0.950165365,0,2025-11-25 23:19:00.000000,2025-11-25 23:19:59.999922,2,BAYxx_xxxx_20251125_230934_000.7z;BAYxx_xxxx_20251125_231937_000.7z
2025-11-25 23:20:00,1748.062460,1.748062460,895.382420,375.016782,477.663258,768000,768000,1.000000000,1,2025-11-25 23:20:00.000000,2025-11-25 23:20:59.999922,1,BAYxx_xxxx_20251125_231937_000.7z
2025-11-25 23:21:00,1710.934072,1.710934072,879.128680,363.947170,467.858222,768000,768000,1.000000000,1,2025-11-25 23:21:00.000000,2025-11-25 23:21:59.999922,1,BAYxx_xxxx_20251125_231937_000.7z
2025-11-25 23:22:00,1712.282378,1.712282378,874.405236,366.929174,470.947967,768000,768000,1.000000000,1,2025-11-25 23:22:00.000000,2025-11-25 23:22:59.999922,1,BAYxx_xxxx_20251125_231937_000.7z
2025-11-25 23:23:00,1714.870670,1.714870670,874.884185,366.422049,473.564436,768000,768000,1.000000000,1,2025-11-25 23:23:00.000000,2025-11-25 23:23:59.999922,1,BAYxx_xxxx_20251125_231937_000.7z
2025-11-25 23:24:00,1710.146148,1.710146148,868.592908,365.482104,476.071136,768000,768000,1.000000000,1,2025-11-25 23:24:00.000000,2025-11-25 23:24:59.999922,1,BAYxx_xxxx_20251125_231937_000.7z
2025-11-25 23:25:00,1719.660610,1.719660610,875.362102,368.549858,475.748651,768000,768000,1.000000000,1,2025-11-25 23:25:00.000000,2025-11-25 23:25:59.999922,1,BAYxx_xxxx_20251125_231937_000.7z
2025-11-25 23:26:00,1706.599323,1.706599323,871.311772,363.012793,472.274757,768000,768000,1.000000000,1,2025-11-25 23:26:00.000000,2025-11-25 23:26:59.999922,1,BAYxx_xxxx_20251125_231937_000.7z
2025-11-25 23:27:00,1778.189931,1.778189931,876.161951,364.519535,537.508445,768000,768000,1.000000000,1,2025-11-25 23:27:00.000000,2025-11-25 23:27:59.999922,1,BAYxx_xxxx_20251125_231937_000.7z
2025-11-25 23:28:00,1820.100524,1.820100524,883.740942,369.475628,566.883953,768000,768000,1.000000000,1,2025-11-25 23:28:00.000000,2025-11-25 23:28:59.999922,1,BAYxx_xxxx_20251125_231937_000.7z
2025-11-25 23:29:00,1803.189203,1.803189203,876.751097,364.157717,562.280389,704015,768000,0.916686198,0,2025-11-25 23:29:00.000000,2025-11-25 23:29:59.999922,2,BAYxx_xxxx_20251125_231937_000.7z;BAYxx_xxxx_20251125_232942_000.7z
2025-11-25 23:30:00,1811.407185,1.811407185,882.315662,361.757924,567.333599,768000,768000,1.000000000,1,2025-11-25 23:30:00.000000,2025-11-25 23:30:59.999922,1,BAYxx_xxxx_20251125_232942_000.7z
2025-11-25 23:31:00,1814.806182,1.814806182,884.253657,364.301170,566.251355,768000,768000,1.000000000,1,2025-11-25 23:31:00.000000,2025-11-25 23:31:59.999922,1,BAYxx_xxxx_20251125_232942_000.7z
2025-11-25 23:32:00,1808.159687,1.808159687,879.215007,365.992063,562.952616,768000,768000,1.000000000,1,2025-11-25 23:32:00.000000,2025-11-25 23:32:59.999922,1,BAYxx_xxxx_20251125_232942_000.7z
2025-11-25 23:33:00,1810.631929,1.810631929,881.554447,365.414317,563.663166,768000,768000,1.000000000,1,2025-11-25 23:33:00.000000,2025-11-25 23:33:59.999922,1,BAYxx_xxxx_20251125_232942_000.7z
2025-11-25 23:34:00,1806.527276,1.806527276,875.811958,362.564845,568.150473,768000,768000,1.000000000,1,2025-11-25 23:34:00.000000,2025-11-25 23:34:59.999922,1,BAYxx_xxxx_20251125_232942_000.7z
2025-11-25 23:35:00,1810.332104,1.810332104,886.010240,359.772383,564.549482,768000,768000,1.000000000,1,2025-11-25 23:35:00.000000,2025-11-25 23:35:59.999922,1,BAYxx_xxxx_20251125_232942_000.7z
2025-11-25 23:36:00,1813.249010,1.813249010,879.699784,364.796865,568.752362,768000,768000,1.000000000,1,2025-11-25 23:36:00.000000,2025-11-25 23:36:59.999922,1,BAYxx_xxxx_20251125_232942_000.7z
2025-11-25 23:37:00,1812.285387,1.812285387,877.153448,365.792852,569.339086,768000,768000,1.000000000,1,2025-11-25 23:37:00.000000,2025-11-25 23:37:59.999922,1,BAYxx_xxxx_20251125_232942_000.7z
2025-11-25 23:38:00,1807.177740,1.807177740,878.256545,363.788101,565.133093,768000,768000,1.000000000,1,2025-11-25 23:38:00.000000,2025-11-25 23:38:59.999922,1,BAYxx_xxxx_20251125_232942_000.7z
2025-11-25 23:39:00,1806.685956,1.806685956,871.446191,366.239608,569.000157,716801,768000,0.933334635,0,2025-11-25 23:39:00.000000,2025-11-25 23:39:59.999922,2,BAYxx_xxxx_20251125_232942_000.7z;BAYxx_xxxx_20251125_233946_000.7z
2025-11-25 23:40:00,1810.320250,1.810320250,878.439625,363.598896,568.281729,768000,768000,1.000000000,1,2025-11-25 23:40:00.000000,2025-11-25 23:40:59.999922,1,BAYxx_xxxx_20251125_233946_000.7z
2025-11-25 23:41:00,1815.084560,1.815084560,887.082923,362.564125,565.437512,768000,768000,1.000000000,1,2025-11-25 23:41:00.000000,2025-11-25 23:41:59.999922,1,BAYxx_xxxx_20251125_233946_000.7z
2025-11-25 23:42:00,1815.465681,1.815465681,888.021668,360.614513,566.829500,768000,768000,1.000000000,1,2025-11-25 23:42:00.000000,2025-11-25 23:42:59.999922,1,BAYxx_xxxx_20251125_233946_000.7z
2025-11-25 23:43:00,1811.851716,1.811851716,885.597024,359.622588,566.632104,768000,768000,1.000000000,1,2025-11-25 23:43:00.000000,2025-11-25 23:43:59.999922,1,BAYxx_xxxx_20251125_233946_000.7z
2025-11-25 23:44:00,1813.003952,1.813003952,876.575630,363.006199,573.422122,768000,768000,1.000000000,1,2025-11-25 23:44:00.000000,2025-11-25 23:44:59.999922,1,BAYxx_xxxx_20251125_233946_000.7z
2025-11-25 23:45:00,1818.818468,1.818818468,889.753068,361.588452,567.476948,768000,768000,1.000000000,1,2025-11-25 23:45:00.000000,2025-11-25 23:45:59.999922,1,BAYxx_xxxx_20251125_233946_000.7z
2025-11-25 23:46:00,1808.043051,1.808043051,872.593732,361.810921,573.638398,768000,768000,1.000000000,1,2025-11-25 23:46:00.000000,2025-11-25 23:46:59.999922,1,BAYxx_xxxx_20251125_233946_000.7z
2025-11-25 23:47:00,1811.168245,1.811168245,882.951421,363.595184,564.621640,768000,768000,1.000000000,1,2025-11-25 23:47:00.000000,2025-11-25 23:47:59.999922,1,BAYxx_xxxx_20251125_233946_000.7z
2025-11-25 23:48:00,1808.384633,1.808384633,879.517619,362.245979,566.621034,768000,768000,1.000000000,1,2025-11-25 23:48:00.000000,2025-11-25 23:48:59.999922,1,BAYxx_xxxx_20251125_233946_000.7z
2025-11-25 23:49:00,1811.066656,1.811066656,886.324965,361.984871,562.756819,704084,768000,0.916776042,0,2025-11-25 23:49:00.000000,2025-11-25 23:49:59.999922,2,BAYxx_xxxx_20251125_233946_000.7z;BAYxx_xxxx_20251125_234951_000.7z
2025-11-25 23:50:00,1817.315292,1.817315292,887.043004,364.162306,566.109981,768000,768000,1.000000000,1,2025-11-25 23:50:00.000000,2025-11-25 23:50:59.999922,1,BAYxx_xxxx_20251125_234951_000.7z
2025-11-25 23:51:00,1822.055774,1.822055774,888.907103,362.877582,570.271088,768000,768000,1.000000000,1,2025-11-25 23:51:00.000000,2025-11-25 23:51:59.999922,1,BAYxx_xxxx_20251125_234951_000.7z
2025-11-25 23:52:00,1815.320324,1.815320324,880.892648,365.272407,569.155269,768000,768000,1.000000000,1,2025-11-25 23:52:00.000000,2025-11-25 23:52:59.999922,1,BAYxx_xxxx_20251125_234951_000.7z
2025-11-25 23:53:00,1810.827226,1.810827226,879.049624,362.028411,569.749192,768000,768000,1.000000000,1,2025-11-25 23:53:00.000000,2025-11-25 23:53:59.999922,1,BAYxx_xxxx_20251125_234951_000.7z
2025-11-25 23:54:00,1814.309945,1.814309945,878.997132,366.472538,568.840275,768000,768000,1.000000000,1,2025-11-25 23:54:00.000000,2025-11-25 23:54:59.999922,1,BAYxx_xxxx_20251125_234951_000.7z
2025-11-25 23:55:00,1801.867415,1.801867415,877.025749,361.662498,563.179168,768000,768000,1.000000000,1,2025-11-25 23:55:00.000000,2025-11-25 23:55:59.999922,1,BAYxx_xxxx_20251125_234951_000.7z
2025-11-25 23:56:00,1817.785200,1.817785200,888.151395,362.421629,567.212176,768000,768000,1.000000000,1,2025-11-25 23:56:00.000000,2025-11-25 23:56:59.999922,1,BAYxx_xxxx_20251125_234951_000.7z
2025-11-25 23:57:00,1776.887098,1.776887098,884.718568,361.608027,530.560503,768000,768000,1.000000000,1,2025-11-25 23:57:00.000000,2025-11-25 23:57:59.999922,1,BAYxx_xxxx_20251125_234951_000.7z
2025-11-25 23:58:00,1729.026691,1.729026691,889.812325,360.296576,478.917791,768000,768000,1.000000000,1,2025-11-25 23:58:00.000000,2025-11-25 23:58:59.999922,1,BAYxx_xxxx_20251125_234951_000.7z
2025-11-25 23:59:00,1725.151755,1.725151755,887.927661,362.281949,474.942145,716921,768000,0.933490885,0,2025-11-25 23:59:00.000000,2025-11-25 23:59:59.999922,2,BAYxx_xxxx_20251125_234951_000.7z;BAYxx_xxxx_20251125_235955_000.7z
2025-11-26 00:00:00,1729.006402,1.729006402,884.563579,366.404726,478.038097,768000,768000,1.000000000,1,2025-11-26 00:00:00.000000,2025-11-26 00:00:59.999922,1,BAYxx_xxxx_20251125_235955_000.7z
2025-11-26 00:01:00,1713.172514,1.713172514,873.706102,358.981486,480.484927,768000,768000,1.000000000,1,2025-11-26 00:01:00.000000,2025-11-26 00:01:59.999922,1,BAYxx_xxxx_20251125_235955_000.7z
2025-11-26 00:02:00,1714.977640,1.714977640,884.642001,358.390801,471.944837,768000,768000,1.000000000,1,2025-11-26 00:02:00.000000,2025-11-26 00:02:59.999922,1,BAYxx_xxxx_20251125_235955_000.7z
2025-11-26 00:03:00,1721.647147,1.721647147,887.985453,364.445124,469.216570,768000,768000,1.000000000,1,2025-11-26 00:03:00.000000,2025-11-26 00:03:59.999922,1,BAYxx_xxxx_20251125_235955_000.7z
2025-11-26 00:04:00,1719.451225,1.719451225,886.248805,359.769049,473.433370,768000,768000,1.000000000,1,2025-11-26 00:04:00.000000,2025-11-26 00:04:59.999922,1,BAYxx_xxxx_20251125_235955_000.7z
2025-11-26 00:05:00,1723.393235,1.723393235,881.238668,369.783025,472.371541,768000,768000,1.000000000,1,2025-11-26 00:05:00.000000,2025-11-26 00:05:59.999922,1,BAYxx_xxxx_20251125_235955_000.7z
2025-11-26 00:06:00,1729.030856,1.729030856,881.432818,370.299267,477.298771,768000,768000,1.000000000,1,2025-11-26 00:06:00.000000,2025-11-26 00:06:59.999922,1,BAYxx_xxxx_20251125_235955_000.7z
2025-11-26 00:07:00,1717.249016,1.717249016,879.207809,363.928388,474.112819,768000,768000,1.000000000,1,2025-11-26 00:07:00.000000,2025-11-26 00:07:59.999922,1,BAYxx_xxxx_20251125_235955_000.7z
2025-11-26 00:08:00,1717.996637,1.717996637,882.586260,361.212164,474.198213,768000,768000,1.000000000,1,2025-11-26 00:08:00.000000,2025-11-26 00:08:59.999922,1,BAYxx_xxxx_20251125_235955_000.7z
2025-11-26 00:09:00,1717.996598,1.717996598,877.061636,366.676008,474.258954,716925,768000,0.933496094,0,2025-11-26 00:09:00.000000,2025-11-26 00:09:59.999922,2,BAYxx_xxxx_20251125_235955_000.7z;BAYxx_xxxx_20251126_000959_000.7z
2025-11-26 00:10:00,1722.674216,1.722674216,873.090788,366.787893,482.795535,768000,768000,1.000000000,1,2025-11-26 00:10:00.000000,2025-11-26 00:10:59.999922,1,BAYxx_xxxx_20251126_000959_000.7z
2025-11-26 00:11:00,1719.257632,1.719257632,874.583328,366.213558,478.460746,768000,768000,1.000000000,1,2025-11-26 00:11:00.000000,2025-11-26 00:11:59.999922,1,BAYxx_xxxx_20251126_000959_000.7z
2025-11-26 00:12:00,1742.556703,1.742556703,875.896226,366.596617,500.063860,768000,768000,1.000000000,1,2025-11-26 00:12:00.000000,2025-11-26 00:12:59.999922,1,BAYxx_xxxx_20251126_000959_000.7z
2025-11-26 00:13:00,1811.910785,1.811910785,875.605118,364.692359,571.613308,768000,768000,1.000000000,1,2025-11-26 00:13:00.000000,2025-11-26 00:13:59.999922,1,BAYxx_xxxx_20251126_000959_000.7z
2025-11-26 00:14:00,1829.507568,1.829507568,882.680107,374.709887,572.117573,768000,768000,1.000000000,1,2025-11-26 00:14:00.000000,2025-11-26 00:14:59.999922,1,BAYxx_xxxx_20251126_000959_000.7z
2025-11-26 00:15:00,1812.094226,1.812094226,873.248612,367.498231,571.347383,768000,768000,1.000000000,1,2025-11-26 00:15:00.000000,2025-11-26 00:15:59.999922,1,BAYxx_xxxx_20251126_000959_000.7z
2025-11-26 00:16:00,1819.648272,1.819648272,878.816385,365.649168,575.182719,768000,768000,1.000000000,1,2025-11-26 00:16:00.000000,2025-11-26 00:16:59.999922,1,BAYxx_xxxx_20251126_000959_000.7z
2025-11-26 00:17:00,1817.701940,1.817701940,876.172323,372.725612,568.804005,768000,768000,1.000000000,1,2025-11-26 00:17:00.000000,2025-11-26 00:17:59.999922,1,BAYxx_xxxx_20251126_000959_000.7z
2025-11-26 00:18:00,1819.528424,1.819528424,878.784863,373.392149,567.351412,768000,768000,1.000000000,1,2025-11-26 00:18:00.000000,2025-11-26 00:18:59.999922,1,BAYxx_xxxx_20251126_000959_000.7z
2025-11-26 00:19:00,1819.240392,1.819240392,875.013145,371.174540,573.052707,755337,768000,0.983511719,0,2025-11-26 00:19:00.000000,2025-11-26 00:19:59.010625,1,BAYxx_xxxx_20251126_000959_000.7z
2025-11-26 00:20:00,1810.881792,1.810881792,873.892771,369.097323,567.891698,742400,768000,0.966666667,0,2025-11-26 00:20:02.000000,2025-11-26 00:20:59.999922,1,BAYxx_xxxx_20251126_002002_000.7z
2025-11-26 00:21:00,1815.485879,1.815485879,879.275480,366.636547,569.573852,768000,768000,1.000000000,1,2025-11-26 00:21:00.000000,2025-11-26 00:21:59.999922,1,BAYxx_xxxx_20251126_002002_000.7z
2025-11-26 00:22:00,1819.980324,1.819980324,882.968883,369.335672,567.675770,768000,768000,1.000000000,1,2025-11-26 00:22:00.000000,2025-11-26 00:22:59.999922,1,BAYxx_xxxx_20251126_002002_000.7z
2025-11-26 00:23:00,1822.106310,1.822106310,883.508757,371.690012,566.907540,768000,768000,1.000000000,1,2025-11-26 00:23:00.000000,2025-11-26 00:23:59.999922,1,BAYxx_xxxx_20251126_002002_000.7z
2025-11-26 00:24:00,1820.052758,1.820052758,880.052830,370.295730,569.704198,768000,768000,1.000000000,1,2025-11-26 00:24:00.000000,2025-11-26 00:24:59.999922,1,BAYxx_xxxx_20251126_002002_000.7z
2025-11-26 00:25:00,1810.236106,1.810236106,870.278003,369.351525,570.606578,768000,768000,1.000000000,1,2025-11-26 00:25:00.000000,2025-11-26 00:25:59.999922,1,BAYxx_xxxx_20251126_002002_000.7z
2025-11-26 00:26:00,1816.046963,1.816046963,874.976507,368.122316,572.948140,768000,768000,1.000000000,1,2025-11-26 00:26:00.000000,2025-11-26 00:26:59.999922,1,BAYxx_xxxx_20251126_002002_000.7z
2025-11-26 00:27:00,1813.041479,1.813041479,873.165694,369.142435,570.733349,768000,768000,1.000000000,1,2025-11-26 00:27:00.000000,2025-11-26 00:27:59.999922,1,BAYxx_xxxx_20251126_002002_000.7z
2025-11-26 00:28:00,1814.407431,1.814407431,871.907030,368.809704,573.690698,768000,768000,1.000000000,1,2025-11-26 00:28:00.000000,2025-11-26 00:28:59.999922,1,BAYxx_xxxx_20251126_002002_000.7z
2025-11-26 00:29:00,1811.109555,1.811109555,872.387789,367.850064,570.871702,768000,768000,1.000000000,1,2025-11-26 00:29:00.000000,2025-11-26 00:29:59.999922,1,BAYxx_xxxx_20251126_002002_000.7z
2025-11-26 00:30:00,1813.579882,1.813579882,871.686873,373.030812,568.862198,704049,768000,0.916730469,0,2025-11-26 00:30:00.000000,2025-11-26 00:30:59.999922,2,BAYxx_xxxx_20251126_002002_000.7z;BAYxx_xxxx_20251126_003007_000.7z
2025-11-26 00:31:00,1813.113022,1.813113022,874.451880,367.761575,570.899567,768000,768000,1.000000000,1,2025-11-26 00:31:00.000000,2025-11-26 00:31:59.999922,1,BAYxx_xxxx_20251126_003007_000.7z
2025-11-26 00:32:00,1820.613316,1.820613316,882.398661,371.109207,567.105448,768000,768000,1.000000000,1,2025-11-26 00:32:00.000000,2025-11-26 00:32:59.999922,1,BAYxx_xxxx_20251126_003007_000.7z
2025-11-26 00:33:00,1813.927364,1.813927364,873.887185,370.067170,569.973008,768000,768000,1.000000000,1,2025-11-26 00:33:00.000000,2025-11-26 00:33:59.999922,1,BAYxx_xxxx_20251126_003007_000.7z
2025-11-26 00:34:00,1822.379355,1.822379355,878.645886,371.776688,571.956780,768000,768000,1.000000000,1,2025-11-26 00:34:00.000000,2025-11-26 00:34:59.999922,1,BAYxx_xxxx_20251126_003007_000.7z
2025-11-26 00:35:00,1817.338205,1.817338205,873.409020,372.341282,571.587903,768000,768000,1.000000000,1,2025-11-26 00:35:00.000000,2025-11-26 00:35:59.999922,1,BAYxx_xxxx_20251126_003007_000.7z
2025-11-26 00:36:00,1829.997552,1.829997552,880.145594,374.681910,575.170048,768000,768000,1.000000000,1,2025-11-26 00:36:00.000000,2025-11-26 00:36:59.999922,1,BAYxx_xxxx_20251126_003007_000.7z
2025-11-26 00:37:00,1824.598409,1.824598409,881.616951,373.232793,569.748665,768000,768000,1.000000000,1,2025-11-26 00:37:00.000000,2025-11-26 00:37:59.999922,1,BAYxx_xxxx_20251126_003007_000.7z
2025-11-26 00:38:00,1825.948063,1.825948063,881.236167,376.101920,568.609976,768000,768000,1.000000000,1,2025-11-26 00:38:00.000000,2025-11-26 00:38:59.999922,1,BAYxx_xxxx_20251126_003007_000.7z
2025-11-26 00:39:00,1817.606526,1.817606526,883.464200,369.722547,564.419779,768000,768000,1.000000000,1,2025-11-26 00:39:00.000000,2025-11-26 00:39:59.999922,1,BAYxx_xxxx_20251126_003007_000.7z
2025-11-26 00:40:00,1811.191436,1.811191436,874.882560,367.310487,568.998389,716914,768000,0.933481771,0,2025-11-26 00:40:00.000000,2025-11-26 00:40:59.999922,2,BAYxx_xxxx_20251126_003007_000.7z;BAYxx_xxxx_20251126_004011_000.7z
2025-11-26 00:41:00,1825.051917,1.825051917,887.024611,372.148382,565.878924,768000,768000,1.000000000,1,2025-11-26 00:41:00.000000,2025-11-26 00:41:59.999922,1,BAYxx_xxxx_20251126_004011_000.7z
2025-11-26 00:42:00,1835.954659,1.835954659,882.603874,372.422540,580.928244,768000,768000,1.000000000,1,2025-11-26 00:42:00.000000,2025-11-26 00:42:59.999922,1,BAYxx_xxxx_20251126_004011_000.7z
2025-11-26 00:43:00,1720.027602,1.720027602,873.138830,370.217149,476.671623,768000,768000,1.000000000,1,2025-11-26 00:43:00.000000,2025-11-26 00:43:59.999922,1,BAYxx_xxxx_20251126_004011_000.7z
2025-11-26 00:44:00,1731.202848,1.731202848,881.443230,371.233847,478.525772,768000,768000,1.000000000,1,2025-11-26 00:44:00.000000,2025-11-26 00:44:59.999922,1,BAYxx_xxxx_20251126_004011_000.7z
2025-11-26 00:45:00,1716.761942,1.716761942,868.099320,376.200659,472.461962,768000,768000,1.000000000,1,2025-11-26 00:45:00.000000,2025-11-26 00:45:59.999922,1,BAYxx_xxxx_20251126_004011_000.7z
2025-11-26 00:46:00,1733.974391,1.733974391,882.438839,374.184323,477.351229,768000,768000,1.000000000,1,2025-11-26 00:46:00.000000,2025-11-26 00:46:59.999922,1,BAYxx_xxxx_20251126_004011_000.7z
2025-11-26 00:47:00,1730.992692,1.730992692,881.591511,373.308090,476.093090,768000,768000,1.000000000,1,2025-11-26 00:47:00.000000,2025-11-26 00:47:59.999922,1,BAYxx_xxxx_20251126_004011_000.7z
2025-11-26 00:48:00,1721.550224,1.721550224,880.046510,372.124527,469.379187,768000,768000,1.000000000,1,2025-11-26 00:48:00.000000,2025-11-26 00:48:59.999922,1,BAYxx_xxxx_20251126_004011_000.7z
2025-11-26 00:49:00,1731.031695,1.731031695,884.615973,375.206695,471.209027,768000,768000,1.000000000,1,2025-11-26 00:49:00.000000,2025-11-26 00:49:59.999922,1,BAYxx_xxxx_20251126_004011_000.7z
2025-11-26 00:50:00,1735.560782,1.735560782,884.471320,378.258577,472.830885,729733,768000,0.950173177,0,2025-11-26 00:50:00.000000,2025-11-26 00:50:59.999922,2,BAYxx_xxxx_20251126_004011_000.7z;BAYxx_xxxx_20251126_005014_000.7z
2025-11-26 00:51:00,1740.362044,1.740362044,877.079509,387.799202,475.483333,768000,768000,1.000000000,1,2025-11-26 00:51:00.000000,2025-11-26 00:51:59.999922,1,BAYxx_xxxx_20251126_005014_000.7z
2025-11-26 00:52:00,1723.763642,1.723763642,880.553983,375.135650,468.074009,768000,768000,1.000000000,1,2025-11-26 00:52:00.000000,2025-11-26 00:52:59.999922,1,BAYxx_xxxx_20251126_005014_000.7z
2025-11-26 00:53:00,1733.949908,1.733949908,884.933209,376.036026,472.980673,768000,768000,1.000000000,1,2025-11-26 00:53:00.000000,2025-11-26 00:53:59.999922,1,BAYxx_xxxx_20251126_005014_000.7z
2025-11-26 00:54:00,1735.183930,1.735183930,881.638812,382.832955,470.712164,768000,768000,1.000000000,1,2025-11-26 00:54:00.000000,2025-11-26 00:54:59.999922,1,BAYxx_xxxx_20251126_005014_000.7z
2025-11-26 00:55:00,1735.305187,1.735305187,880.456363,380.392196,474.456628,768000,768000,1.000000000,1,2025-11-26 00:55:00.000000,2025-11-26 00:55:59.999922,1,BAYxx_xxxx_20251126_005014_000.7z
2025-11-26 00:56:00,1722.232018,1.722232018,870.079043,377.548344,474.604631,768000,768000,1.000000000,1,2025-11-26 00:56:00.000000,2025-11-26 00:56:59.999922,1,BAYxx_xxxx_20251126_005014_000.7z
2025-11-26 00:57:00,1731.656118,1.731656118,882.440906,376.868392,472.346820,768000,768000,1.000000000,1,2025-11-26 00:57:00.000000,2025-11-26 00:57:59.999922,1,BAYxx_xxxx_20251126_005014_000.7z
2025-11-26 00:58:00,1805.355843,1.805355843,875.441767,375.256202,554.657875,768000,768000,1.000000000,1,2025-11-26 00:58:00.000000,2025-11-26 00:58:59.999922,1,BAYxx_xxxx_20251126_005014_000.7z
2025-11-26 00:59:00,1820.373013,1.820373013,873.717623,373.609079,573.046310,768000,768000,1.000000000,1,2025-11-26 00:59:00.000000,2025-11-26 00:59:59.999922,1,BAYxx_xxxx_20251126_005014_000.7z
2025-11-26 01:00:00,1829.011915,1.829011915,878.285163,373.690636,577.036115,716866,768000,0.933419271,0,2025-11-26 01:00:00.000000,2025-11-26 01:00:59.999922,2,BAYxx_xxxx_20251126_005014_000.7z;BAYxx_xxxx_20251126_010018_000.7z
2025-11-26 01:01:00,1830.234629,1.830234629,891.743028,367.608791,570.882810,768000,768000,1.000000000,1,2025-11-26 01:01:00.000000,2025-11-26 01:01:59.999922,1,BAYxx_xxxx_20251126_010018_000.7z
2025-11-26 01:02:00,1829.745064,1.829745064,890.963641,371.424264,567.357159,768000,768000,1.000000000,1,2025-11-26 01:02:00.000000,2025-11-26 01:02:59.999922,1,BAYxx_xxxx_20251126_010018_000.7z
2025-11-26 01:03:00,1828.328117,1.828328117,897.625857,363.276675,567.425585,768000,768000,1.000000000,1,2025-11-26 01:03:00.000000,2025-11-26 01:03:59.999922,1,BAYxx_xxxx_20251126_010018_000.7z
2025-11-26 01:04:00,1829.090806,1.829090806,894.672437,368.051122,566.367247,768000,768000,1.000000000,1,2025-11-26 01:04:00.000000,2025-11-26 01:04:59.999922,1,BAYxx_xxxx_20251126_010018_000.7z
2025-11-26 01:05:00,1825.009056,1.825009056,896.077737,363.802683,565.128637,768000,768000,1.000000000,1,2025-11-26 01:05:00.000000,2025-11-26 01:05:59.999922,1,BAYxx_xxxx_20251126_010018_000.7z
2025-11-26 01:06:00,1835.736659,1.835736659,896.688518,371.988104,567.060036,768000,768000,1.000000000,1,2025-11-26 01:06:00.000000,2025-11-26 01:06:59.999922,1,BAYxx_xxxx_20251126_010018_000.7z
2025-11-26 01:07:00,1824.591657,1.824591657,890.046313,367.574535,566.970808,768000,768000,1.000000000,1,2025-11-26 01:07:00.000000,2025-11-26 01:07:59.999922,1,BAYxx_xxxx_20251126_010018_000.7z
2025-11-26 01:08:00,1819.258898,1.819258898,884.786903,366.556072,567.915923,768000,768000,1.000000000,1,2025-11-26 01:08:00.000000,2025-11-26 01:08:59.999922,1,BAYxx_xxxx_20251126_010018_000.7z
2025-11-26 01:09:00,1821.037774,1.821037774,880.317697,368.605024,572.115053,768000,768000,1.000000000,1,2025-11-26 01:09:00.000000,2025-11-26 01:09:59.999922,1,BAYxx_xxxx_20251126_010018_000.7z
2025-11-26 01:10:00,1827.901540,1.827901540,882.753096,371.525704,573.622740,716829,768000,0.933371094,0,2025-11-26 01:10:00.000000,2025-11-26 01:10:59.999922,2,BAYxx_xxxx_20251126_010018_000.7z;BAYxx_xxxx_20251126_011022_000.7z
2025-11-26 01:11:00,1835.927523,1.835927523,888.770545,368.078958,579.078021,768000,768000,1.000000000,1,2025-11-26 01:11:00.000000,2025-11-26 01:11:59.999922,1,BAYxx_xxxx_20251126_011022_000.7z
2025-11-26 01:12:00,1828.895582,1.828895582,892.361477,365.866966,570.667140,768000,768000,1.000000000,1,2025-11-26 01:12:00.000000,2025-11-26 01:12:59.999922,1,BAYxx_xxxx_20251126_011022_000.7z
2025-11-26 01:13:00,1835.914125,1.835914125,896.007927,372.956238,566.949959,768000,768000,1.000000000,1,2025-11-26 01:13:00.000000,2025-11-26 01:13:59.999922,1,BAYxx_xxxx_20251126_011022_000.7z
2025-11-26 01:14:00,1834.123646,1.834123646,894.033975,369.770639,570.319032,768000,768000,1.000000000,1,2025-11-26 01:14:00.000000,2025-11-26 01:14:59.999922,1,BAYxx_xxxx_20251126_011022_000.7z
2025-11-26 01:15:00,1832.020519,1.832020519,884.091543,368.970655,578.958322,768000,768000,1.000000000,1,2025-11-26 01:15:00.000000,2025-11-26 01:15:59.999922,1,BAYxx_xxxx_20251126_011022_000.7z
2025-11-26 01:16:00,1839.182280,1.839182280,892.840293,374.267975,572.074012,768000,768000,1.000000000,1,2025-11-26 01:16:00.000000,2025-11-26 01:16:59.999922,1,BAYxx_xxxx_20251126_011022_000.7z
2025-11-26 01:17:00,1831.921350,1.831921350,888.440615,369.508842,573.971893,768000,768000,1.000000000,1,2025-11-26 01:17:00.000000,2025-11-26 01:17:59.999922,1,BAYxx_xxxx_20251126_011022_000.7z
2025-11-26 01:18:00,1826.858074,1.826858074,882.883940,372.809263,571.164870,768000,768000,1.000000000,1,2025-11-26 01:18:00.000000,2025-11-26 01:18:59.999922,1,BAYxx_xxxx_20251126_011022_000.7z
2025-11-26 01:19:00,1835.232154,1.835232154,886.207822,374.614993,574.409340,768000,768000,1.000000000,1,2025-11-26 01:19:00.000000,2025-11-26 01:19:59.999922,1,BAYxx_xxxx_20251126_011022_000.7z
2025-11-26 01:20:00,1825.648707,1.825648707,881.650335,369.088310,574.910062,716837,768000,0.933381510,0,2025-11-26 01:20:00.000000,2025-11-26 01:20:59.999922,2,BAYxx_xxxx_20251126_011022_000.7z;BAYxx_xxxx_20251126_012026_000.7z
2025-11-26 01:21:00,1820.919333,1.820919333,885.413989,365.527669,569.977675,768000,768000,1.000000000,1,2025-11-26 01:21:00.000000,2025-11-26 01:21:59.999922,1,BAYxx_xxxx_20251126_012026_000.7z
2025-11-26 01:22:00,1825.076245,1.825076245,882.672208,372.513616,569.890421,768000,768000,1.000000000,1,2025-11-26 01:22:00.000000,2025-11-26 01:22:59.999922,1,BAYxx_xxxx_20251126_012026_000.7z
2025-11-26 01:23:00,1834.355105,1.834355105,888.941402,369.102793,576.310910,768000,768000,1.000000000,1,2025-11-26 01:23:00.000000,2025-11-26 01:23:59.999922,1,BAYxx_xxxx_20251126_012026_000.7z
2025-11-26 01:24:00,1828.754145,1.828754145,885.609117,370.743320,572.401707,768000,768000,1.000000000,1,2025-11-26 01:24:00.000000,2025-11-26 01:24:59.999922,1,BAYxx_xxxx_20251126_012026_000.7z
2025-11-26 01:25:00,1828.448476,1.828448476,887.054668,371.905309,569.488499,768000,768000,1.000000000,1,2025-11-26 01:25:00.000000,2025-11-26 01:25:59.999922,1,BAYxx_xxxx_20251126_012026_000.7z
2025-11-26 01:26:00,1843.356784,1.843356784,893.926586,374.064127,575.366072,768000,768000,1.000000000,1,2025-11-26 01:26:00.000000,2025-11-26 01:26:59.999922,1,BAYxx_xxxx_20251126_012026_000.7z
2025-11-26 01:27:00,1827.730249,1.827730249,888.098650,369.705428,569.926171,768000,768000,1.000000000,1,2025-11-26 01:27:00.000000,2025-11-26 01:27:59.999922,1,BAYxx_xxxx_20251126_012026_000.7z
2025-11-26 01:28:00,1777.068672,1.777068672,893.520823,372.466019,511.081830,768000,768000,1.000000000,1,2025-11-26 01:28:00.000000,2025-11-26 01:28:59.999922,1,BAYxx_xxxx_20251126_012026_000.7z
2025-11-26 01:29:00,1742.184567,1.742184567,886.955972,379.817538,475.411057,768000,768000,1.000000000,1,2025-11-26 01:29:00.000000,2025-11-26 01:29:59.999922,1,BAYxx_xxxx_20251126_012026_000.7z
2025-11-26 01:30:00,1738.929362,1.738929362,889.942723,373.496887,475.489752,729700,768000,0.950130208,0,2025-11-26 01:30:00.000000,2025-11-26 01:30:59.999922,2,BAYxx_xxxx_20251126_012026_000.7z;BAYxx_xxxx_20251126_013029_000.7z
2025-11-26 01:31:00,1731.006450,1.731006450,885.033145,371.977666,473.995638,768000,768000,1.000000000,1,2025-11-26 01:31:00.000000,2025-11-26 01:31:59.999922,1,BAYxx_xxxx_20251126_013029_000.7z
2025-11-26 01:32:00,1735.856837,1.735856837,884.066354,377.079784,474.710699,768000,768000,1.000000000,1,2025-11-26 01:32:00.000000,2025-11-26 01:32:59.999922,1,BAYxx_xxxx_20251126_013029_000.7z
2025-11-26 01:33:00,1743.501080,1.743501080,893.218883,372.372957,477.909240,768000,768000,1.000000000,1,2025-11-26 01:33:00.000000,2025-11-26 01:33:59.999922,1,BAYxx_xxxx_20251126_013029_000.7z
2025-11-26 01:34:00,1737.731731,1.737731731,887.268193,373.391665,477.071874,768000,768000,1.000000000,1,2025-11-26 01:34:00.000000,2025-11-26 01:34:59.999922,1,BAYxx_xxxx_20251126_013029_000.7z
2025-11-26 01:35:00,1736.884835,1.736884835,886.156277,374.585367,476.143191,768000,768000,1.000000000,1,2025-11-26 01:35:00.000000,2025-11-26 01:35:59.999922,1,BAYxx_xxxx_20251126_013029_000.7z
2025-11-26 01:36:00,1727.050015,1.727050015,879.140120,370.679795,477.230100,768000,768000,1.000000000,1,2025-11-26 01:36:00.000000,2025-11-26 01:36:59.999922,1,BAYxx_xxxx_20251126_013029_000.7z
2025-11-26 01:37:00,1745.016200,1.745016200,890.175509,377.323865,477.516826,768000,768000,1.000000000,1,2025-11-26 01:37:00.000000,2025-11-26 01:37:59.999922,1,BAYxx_xxxx_20251126_013029_000.7z
2025-11-26 01:38:00,1746.625146,1.746625146,895.711219,374.001665,476.912262,768000,768000,1.000000000,1,2025-11-26 01:38:00.000000,2025-11-26 01:38:59.999922,1,BAYxx_xxxx_20251126_013029_000.7z
2025-11-26 01:39:00,1746.942053,1.746942053,894.250465,375.082508,477.609080,768000,768000,1.000000000,1,2025-11-26 01:39:00.000000,2025-11-26 01:39:59.999922,1,BAYxx_xxxx_20251126_013029_000.7z
2025-11-26 01:40:00,1748.624721,1.748624721,888.535904,380.280006,479.808811,716838,768000,0.933382812,0,2025-11-26 01:40:00.000000,2025-11-26 01:40:59.999922,2,BAYxx_xxxx_20251126_013029_000.7z;BAYxx_xxxx_20251126_014033_000.7z
2025-11-26 01:41:00,1740.727220,1.740727220,889.096276,374.769794,476.861150,768000,768000,1.000000000,1,2025-11-26 01:41:00.000000,2025-11-26 01:41:59.999922,1,BAYxx_xxxx_20251126_014033_000.7z
2025-11-26 01:42:00,1739.094937,1.739094937,896.498367,367.517252,475.079319,768000,768000,1.000000000,1,2025-11-26 01:42:00.000000,2025-11-26 01:42:59.999922,1,BAYxx_xxxx_20251126_014033_000.7z
2025-11-26 01:43:00,1778.812232,1.778812232,890.040576,369.935912,518.835745,768000,768000,1.000000000,1,2025-11-26 01:43:00.000000,2025-11-26 01:43:59.999922,1,BAYxx_xxxx_20251126_014033_000.7z
2025-11-26 01:44:00,1835.992420,1.835992420,887.167640,374.178491,574.646288,768000,768000,1.000000000,1,2025-11-26 01:44:00.000000,2025-11-26 01:44:59.999922,1,BAYxx_xxxx_20251126_014033_000.7z
2025-11-26 01:45:00,1839.185945,1.839185945,888.870924,374.774534,575.540486,768000,768000,1.000000000,1,2025-11-26 01:45:00.000000,2025-11-26 01:45:59.999922,1,BAYxx_xxxx_20251126_014033_000.7z
2025-11-26 01:46:00,1835.484779,1.835484779,890.463220,373.666092,571.355467,768000,768000,1.000000000,1,2025-11-26 01:46:00.000000,2025-11-26 01:46:59.999922,1,BAYxx_xxxx_20251126_014033_000.7z
2025-11-26 01:47:00,1832.896949,1.832896949,889.190623,371.868787,571.837539,768000,768000,1.000000000,1,2025-11-26 01:47:00.000000,2025-11-26 01:47:59.999922,1,BAYxx_xxxx_20251126_014033_000.7z
2025-11-26 01:48:00,1842.834783,1.842834783,891.721663,382.040993,569.072126,768000,768000,1.000000000,1,2025-11-26 01:48:00.000000,2025-11-26 01:48:59.999922,1,BAYxx_xxxx_20251126_014033_000.7z
2025-11-26 01:49:00,1845.329322,1.845329322,890.361244,382.126490,572.841588,768000,768000,1.000000000,1,2025-11-26 01:49:00.000000,2025-11-26 01:49:59.999922,1,BAYxx_xxxx_20251126_014033_000.7z
2025-11-26 01:50:00,1832.430327,1.832430327,888.198669,375.586176,568.645482,716890,768000,0.933450521,0,2025-11-26 01:50:00.000000,2025-11-26 01:50:59.999922,2,BAYxx_xxxx_20251126_014033_000.7z;BAYxx_xxxx_20251126_015037_000.7z
2025-11-26 01:51:00,1839.315760,1.839315760,890.913547,381.917041,566.485172,768000,768000,1.000000000,1,2025-11-26 01:51:00.000000,2025-11-26 01:51:59.999922,1,BAYxx_xxxx_20251126_015037_000.7z
2025-11-26 01:52:00,1847.644686,1.847644686,886.165651,385.116414,576.362621,768000,768000,1.000000000,1,2025-11-26 01:52:00.000000,2025-11-26 01:52:59.999922,1,BAYxx_xxxx_20251126_015037_000.7z
2025-11-26 01:53:00,1837.295310,1.837295310,892.564895,371.868309,572.862106,768000,768000,1.000000000,1,2025-11-26 01:53:00.000000,2025-11-26 01:53:59.999922,1,BAYxx_xxxx_20251126_015037_000.7z
2025-11-26 01:54:00,1835.959034,1.835959034,893.181227,370.474293,572.303514,768000,768000,1.000000000,1,2025-11-26 01:54:00.000000,2025-11-26 01:54:59.999922,1,BAYxx_xxxx_20251126_015037_000.7z
2025-11-26 01:55:00,1835.662685,1.835662685,887.409570,377.855223,570.397892,768000,768000,1.000000000,1,2025-11-26 01:55:00.000000,2025-11-26 01:55:59.999922,1,BAYxx_xxxx_20251126_015037_000.7z
2025-11-26 01:56:00,1838.279644,1.838279644,887.457096,374.205716,576.616832,768000,768000,1.000000000,1,2025-11-26 01:56:00.000000,2025-11-26 01:56:59.999922,1,BAYxx_xxxx_20251126_015037_000.7z
2025-11-26 01:57:00,1837.047002,1.837047002,889.143435,374.485324,573.418243,768000,768000,1.000000000,1,2025-11-26 01:57:00.000000,2025-11-26 01:57:59.999922,1,BAYxx_xxxx_20251126_015037_000.7z
2025-11-26 01:58:00,1833.153224,1.833153224,890.918569,376.070779,566.163876,768000,768000,1.000000000,1,2025-11-26 01:58:00.000000,2025-11-26 01:58:59.999922,1,BAYxx_xxxx_20251126_015037_000.7z
2025-11-26 01:59:00,1833.745411,1.833745411,886.257768,374.518056,572.969587,768000,768000,1.000000000,1,2025-11-26 01:59:00.000000,2025-11-26 01:59:59.999922,1,BAYxx_xxxx_20251126_015037_000.7z
2025-11-26 02:00:00,1826.491593,1.826491593,875.799273,371.595965,579.096356,729719,768000,0.950154948,0,2025-11-26 02:00:00.000000,2025-11-26 02:00:59.999922,2,BAYxx_xxxx_20251126_015037_000.7z;BAYxx_xxxx_20251126_020040_000.7z
2025-11-26 02:01:00,1821.129199,1.821129199,875.016695,369.458820,576.653684,768000,768000,1.000000000,1,2025-11-26 02:01:00.000000,2025-11-26 02:01:59.999922,1,BAYxx_xxxx_20251126_020040_000.7z
2025-11-26 02:02:00,1838.034259,1.838034259,888.841348,370.294655,578.898257,768000,768000,1.000000000,1,2025-11-26 02:02:00.000000,2025-11-26 02:02:59.999922,1,BAYxx_xxxx_20251126_020040_000.7z
2025-11-26 02:03:00,1832.733963,1.832733963,885.438051,372.585218,574.710695,768000,768000,1.000000000,1,2025-11-26 02:03:00.000000,2025-11-26 02:03:59.999922,1,BAYxx_xxxx_20251126_020040_000.7z
2025-11-26 02:04:00,1831.141143,1.831141143,886.156106,370.051721,574.933316,768000,768000,1.000000000,1,2025-11-26 02:04:00.000000,2025-11-26 02:04:59.999922,1,BAYxx_xxxx_20251126_020040_000.7z
2025-11-26 02:05:00,1823.032993,1.823032993,878.231012,370.340404,574.461576,768000,768000,1.000000000,1,2025-11-26 02:05:00.000000,2025-11-26 02:05:59.999922,1,BAYxx_xxxx_20251126_020040_000.7z
2025-11-26 02:06:00,1828.195806,1.828195806,884.675636,371.007473,572.512697,768000,768000,1.000000000,1,2025-11-26 02:06:00.000000,2025-11-26 02:06:59.999922,1,BAYxx_xxxx_20251126_020040_000.7z
2025-11-26 02:07:00,1841.590252,1.841590252,888.893014,376.400940,576.296298,768000,768000,1.000000000,1,2025-11-26 02:07:00.000000,2025-11-26 02:07:59.999922,1,BAYxx_xxxx_20251126_020040_000.7z
2025-11-26 02:08:00,1841.026178,1.841026178,887.270258,372.277554,581.478366,768000,768000,1.000000000,1,2025-11-26 02:08:00.000000,2025-11-26 02:08:59.999922,1,BAYxx_xxxx_20251126_020040_000.7z
2025-11-26 02:09:00,1824.312953,1.824312953,874.656476,372.302707,577.353770,768000,768000,1.000000000,1,2025-11-26 02:09:00.000000,2025-11-26 02:09:59.999922,1,BAYxx_xxxx_20251126_020040_000.7z
2025-11-26 02:10:00,1828.125116,1.828125116,884.857136,366.362569,576.905411,704114,768000,0.916815104,0,2025-11-26 02:10:00.000000,2025-11-26 02:10:59.999922,2,BAYxx_xxxx_20251126_020040_000.7z;BAYxx_xxxx_20251126_021045_000.7z
2025-11-26 02:11:00,1831.351524,1.831351524,882.122655,370.807273,578.421595,768000,768000,1.000000000,1,2025-11-26 02:11:00.000000,2025-11-26 02:11:59.999922,1,BAYxx_xxxx_20251126_021045_000.7z
2025-11-26 02:12:00,1844.475790,1.844475790,895.393679,369.789761,579.292349,768000,768000,1.000000000,1,2025-11-26 02:12:00.000000,2025-11-26 02:12:59.999922,1,BAYxx_xxxx_20251126_021045_000.7z
2025-11-26 02:13:00,1817.737678,1.817737678,886.350828,368.473568,562.913282,768000,768000,1.000000000,1,2025-11-26 02:13:00.000000,2025-11-26 02:13:59.999922,1,BAYxx_xxxx_20251126_021045_000.7z
2025-11-26 02:14:00,1734.884400,1.734884400,885.120716,368.634652,481.129031,768000,768000,1.000000000,1,2025-11-26 02:14:00.000000,2025-11-26 02:14:59.999922,1,BAYxx_xxxx_20251126_021045_000.7z
2025-11-26 02:15:00,1735.694493,1.735694493,887.879193,366.853836,480.961464,768000,768000,1.000000000,1,2025-11-26 02:15:00.000000,2025-11-26 02:15:59.999922,1,BAYxx_xxxx_20251126_021045_000.7z
2025-11-26 02:16:00,1739.101214,1.739101214,894.314491,364.653011,480.133712,768000,768000,1.000000000,1,2025-11-26 02:16:00.000000,2025-11-26 02:16:59.999922,1,BAYxx_xxxx_20251126_021045_000.7z
2025-11-26 02:17:00,1734.893732,1.734893732,887.848768,368.524741,478.520222,768000,768000,1.000000000,1,2025-11-26 02:17:00.000000,2025-11-26 02:17:59.999922,1,BAYxx_xxxx_20251126_021045_000.7z
2025-11-26 02:18:00,1730.518751,1.730518751,881.042305,372.999414,476.477033,768000,768000,1.000000000,1,2025-11-26 02:18:00.000000,2025-11-26 02:18:59.999922,1,BAYxx_xxxx_20251126_021045_000.7z
2025-11-26 02:19:00,1735.958782,1.735958782,881.700353,369.908882,484.349547,768000,768000,1.000000000,1,2025-11-26 02:19:00.000000,2025-11-26 02:19:59.999922,1,BAYxx_xxxx_20251126_021045_000.7z
2025-11-26 02:20:00,1734.561176,1.734561176,879.881521,369.651930,485.027725,704021,768000,0.916694010,0,2025-11-26 02:20:00.000000,2025-11-26 02:20:59.999922,2,BAYxx_xxxx_20251126_021045_000.7z;BAYxx_xxxx_20251126_022050_000.7z
2025-11-26 02:21:00,1747.411866,1.747411866,897.742929,369.560618,480.108319,768000,768000,1.000000000,1,2025-11-26 02:21:00.000000,2025-11-26 02:21:59.999922,1,BAYxx_xxxx_20251126_022050_000.7z
2025-11-26 02:22:00,1737.704161,1.737704161,881.512194,372.755292,483.436675,768000,768000,1.000000000,1,2025-11-26 02:22:00.000000,2025-11-26 02:22:59.999922,1,BAYxx_xxxx_20251126_022050_000.7z
2025-11-26 02:23:00,1741.780958,1.741780958,891.169292,370.735511,479.876155,768000,768000,1.000000000,1,2025-11-26 02:23:00.000000,2025-11-26 02:23:59.999922,1,BAYxx_xxxx_20251126_022050_000.7z
2025-11-26 02:24:00,1730.703011,1.730703011,880.673907,374.374443,475.654660,768000,768000,1.000000000,1,2025-11-26 02:24:00.000000,2025-11-26 02:24:59.999922,1,BAYxx_xxxx_20251126_022050_000.7z
2025-11-26 02:25:00,1731.129664,1.731129664,884.389449,368.035938,478.704276,768000,768000,1.000000000,1,2025-11-26 02:25:00.000000,2025-11-26 02:25:59.999922,1,BAYxx_xxxx_20251126_022050_000.7z
2025-11-26 02:26:00,1736.721082,1.736721082,893.337218,364.878167,478.505697,768000,768000,1.000000000,1,2025-11-26 02:26:00.000000,2025-11-26 02:26:59.999922,1,BAYxx_xxxx_20251126_022050_000.7z
2025-11-26 02:27:00,1730.575277,1.730575277,883.477021,368.946686,478.151569,768000,768000,1.000000000,1,2025-11-26 02:27:00.000000,2025-11-26 02:27:59.999922,1,BAYxx_xxxx_20251126_022050_000.7z
2025-11-26 02:28:00,1735.980357,1.735980357,886.803125,364.892278,484.284953,768000,768000,1.000000000,1,2025-11-26 02:28:00.000000,2025-11-26 02:28:59.999922,1,BAYxx_xxxx_20251126_022050_000.7z
2025-11-26 02:29:00,1839.440464,1.839440464,890.132704,374.009262,575.298497,768000,768000,1.000000000,1,2025-11-26 02:29:00.000000,2025-11-26 02:29:59.999922,1,BAYxx_xxxx_20251126_022050_000.7z
2025-11-26 02:30:00,1835.317550,1.835317550,889.425011,369.838844,576.053696,729658,768000,0.950075521,0,2025-11-26 02:30:00.000000,2025-11-26 02:30:59.999922,2,BAYxx_xxxx_20251126_022050_000.7z;BAYxx_xxxx_20251126_023053_000.7z
2025-11-26 02:31:00,1830.356471,1.830356471,884.514315,369.770068,576.072088,768000,768000,1.000000000,1,2025-11-26 02:31:00.000000,2025-11-26 02:31:59.999922,1,BAYxx_xxxx_20251126_023053_000.7z
2025-11-26 02:32:00,1849.407469,1.849407469,886.074286,375.759890,587.573292,768000,768000,1.000000000,1,2025-11-26 02:32:00.000000,2025-11-26 02:32:59.999922,1,BAYxx_xxxx_20251126_023053_000.7z
2025-11-26 02:33:00,1832.394143,1.832394143,887.561347,368.808789,576.024007,768000,768000,1.000000000,1,2025-11-26 02:33:00.000000,2025-11-26 02:33:59.999922,1,BAYxx_xxxx_20251126_023053_000.7z
2025-11-26 02:34:00,1830.055562,1.830055562,893.017599,363.416268,573.621694,768000,768000,1.000000000,1,2025-11-26 02:34:00.000000,2025-11-26 02:34:59.999922,1,BAYxx_xxxx_20251126_023053_000.7z
2025-11-26 02:35:00,1841.480976,1.841480976,892.704246,371.400425,577.376305,768000,768000,1.000000000,1,2025-11-26 02:35:00.000000,2025-11-26 02:35:59.999922,1,BAYxx_xxxx_20251126_023053_000.7z
2025-11-26 02:36:00,1840.341935,1.840341935,891.829046,370.244479,578.268410,768000,768000,1.000000000,1,2025-11-26 02:36:00.000000,2025-11-26 02:36:59.999922,1,BAYxx_xxxx_20251126_023053_000.7z
2025-11-26 02:37:00,1835.928594,1.835928594,888.449014,373.570722,573.908858,768000,768000,1.000000000,1,2025-11-26 02:37:00.000000,2025-11-26 02:37:59.999922,1,BAYxx_xxxx_20251126_023053_000.7z
2025-11-26 02:38:00,1837.693637,1.837693637,890.054235,373.040374,574.599028,768000,768000,1.000000000,1,2025-11-26 02:38:00.000000,2025-11-26 02:38:59.999922,1,BAYxx_xxxx_20251126_023053_000.7z
2025-11-26 02:39:00,1838.395030,1.838395030,886.113721,376.458239,575.823070,768000,768000,1.000000000,1,2025-11-26 02:39:00.000000,2025-11-26 02:39:59.999922,1,BAYxx_xxxx_20251126_023053_000.7z
2025-11-26 02:40:00,1836.801562,1.836801562,892.979033,365.950081,577.872448,729619,768000,0.950024740,0,2025-11-26 02:40:00.000000,2025-11-26 02:40:59.999922,2,BAYxx_xxxx_20251126_023053_000.7z;BAYxx_xxxx_20251126_024056_000.7z
2025-11-26 02:41:00,1835.537175,1.835537175,892.385834,364.852307,578.299035,768000,768000,1.000000000,1,2025-11-26 02:41:00.000000,2025-11-26 02:41:59.999922,1,BAYxx_xxxx_20251126_024056_000.7z
2025-11-26 02:42:00,1836.879701,1.836879701,895.767927,366.677907,574.433867,768000,768000,1.000000000,1,2025-11-26 02:42:00.000000,2025-11-26 02:42:59.999922,1,BAYxx_xxxx_20251126_024056_000.7z
2025-11-26 02:43:00,1839.335411,1.839335411,895.447675,365.944948,577.942788,768000,768000,1.000000000,1,2025-11-26 02:43:00.000000,2025-11-26 02:43:59.999922,1,BAYxx_xxxx_20251126_024056_000.7z
2025-11-26 02:44:00,1833.996859,1.833996859,895.579206,356.523123,581.894530,768000,768000,1.000000000,1,2025-11-26 02:44:00.000000,2025-11-26 02:44:59.999922,1,BAYxx_xxxx_20251126_024056_000.7z
2025-11-26 02:45:00,1837.577034,1.837577034,898.120277,363.178831,576.277926,768000,768000,1.000000000,1,2025-11-26 02:45:00.000000,2025-11-26 02:45:59.999922,1,BAYxx_xxxx_20251126_024056_000.7z
2025-11-26 02:46:00,1831.287673,1.831287673,888.843424,366.808193,575.636055,768000,768000,1.000000000,1,2025-11-26 02:46:00.000000,2025-11-26 02:46:59.999922,1,BAYxx_xxxx_20251126_024056_000.7z
2025-11-26 02:47:00,1835.380171,1.835380171,894.814954,368.064668,572.500549,768000,768000,1.000000000,1,2025-11-26 02:47:00.000000,2025-11-26 02:47:59.999922,1,BAYxx_xxxx_20251126_024056_000.7z
2025-11-26 02:48:00,1836.423232,1.836423232,899.257071,365.012775,572.153385,768000,768000,1.000000000,1,2025-11-26 02:48:00.000000,2025-11-26 02:48:59.999922,1,BAYxx_xxxx_20251126_024056_000.7z
2025-11-26 02:49:00,1835.213329,1.835213329,899.022301,363.527774,572.663254,768000,768000,1.000000000,1,2025-11-26 02:49:00.000000,2025-11-26 02:49:59.999922,1,BAYxx_xxxx_20251126_024056_000.7z
2025-11-26 02:50:00,1835.870950,1.835870950,902.067238,362.382581,571.421132,716938,768000,0.933513021,0,2025-11-26 02:50:00.000000,2025-11-26 02:50:56.010703,1,BAYxx_xxxx_20251126_024056_000.7z
2025-11-26 02:51:00,1849.953405,1.849953405,904.162562,370.317544,575.473299,755200,768000,0.983333333,0,2025-11-26 02:51:01.000000,2025-11-26 02:51:59.999922,1,BAYxx_xxxx_20251126_025101_000.7z
2025-11-26 02:52:00,1837.080312,1.837080312,903.582293,358.611173,574.886845,768000,768000,1.000000000,1,2025-11-26 02:52:00.000000,2025-11-26 02:52:59.999922,1,BAYxx_xxxx_20251126_025101_000.7z
2025-11-26 02:53:00,1831.636848,1.831636848,893.601415,362.476662,575.558771,768000,768000,1.000000000,1,2025-11-26 02:53:00.000000,2025-11-26 02:53:59.999922,1,BAYxx_xxxx_20251126_025101_000.7z
2025-11-26 02:54:00,1837.486596,1.837486596,895.827018,364.414855,577.244723,768000,768000,1.000000000,1,2025-11-26 02:54:00.000000,2025-11-26 02:54:59.999922,1,BAYxx_xxxx_20251126_025101_000.7z
2025-11-26 02:55:00,1839.992044,1.839992044,894.178946,370.911757,574.901341,768000,768000,1.000000000,1,2025-11-26 02:55:00.000000,2025-11-26 02:55:59.999922,1,BAYxx_xxxx_20251126_025101_000.7z
2025-11-26 02:56:00,1839.960023,1.839960023,897.772138,372.594781,569.593104,768000,768000,1.000000000,1,2025-11-26 02:56:00.000000,2025-11-26 02:56:59.999922,1,BAYxx_xxxx_20251126_025101_000.7z
2025-11-26 02:57:00,1834.084054,1.834084054,894.875250,370.040054,569.168750,768000,768000,1.000000000,1,2025-11-26 02:57:00.000000,2025-11-26 02:57:59.999922,1,BAYxx_xxxx_20251126_025101_000.7z
2025-11-26 02:58:00,1834.360530,1.834360530,887.174546,371.207310,575.978673,768000,768000,1.000000000,1,2025-11-26 02:58:00.000000,2025-11-26 02:58:59.999922,1,BAYxx_xxxx_20251126_025101_000.7z
2025-11-26 02:59:00,1759.350326,1.759350326,890.835448,371.873309,496.641569,768000,768000,1.000000000,1,2025-11-26 02:59:00.000000,2025-11-26 02:59:59.999922,1,BAYxx_xxxx_20251126_025101_000.7z
2025-11-26 03:00:00,1739.337293,1.739337293,886.408376,374.707095,478.221822,768000,768000,1.000000000,1,2025-11-26 03:00:00.000000,2025-11-26 03:00:59.999922,1,BAYxx_xxxx_20251126_025101_000.7z
