minute_start,active_power_w,active_power_kw,phase_a_power_w,phase_b_power_w,phase_c_power_w,sample_count,expected_samples,coverage_ratio,is_complete,first_sample_time,last_sample_time,source_archive_count,source_archives
2025-11-28 05:17:00,3138.266355,3.138266355,1301.362029,808.271690,1028.632636,716801,768000,0.933334635,0,2025-11-28 05:17:00.000000,2025-11-28 05:17:56.000000,1,BAYxx_xxxx_20251128_050756_000.7z
2025-11-28 05:18:00,3134.040413,3.134040413,1298.754445,809.670210,1025.615759,768000,768000,1.000000000,1,2025-11-28 05:18:00.000000,2025-11-28 05:18:59.999922,1,BAYxx_xxxx_20251128_051800_000.7z
2025-11-28 05:19:00,3129.025246,3.129025246,1295.745186,801.023010,1032.257050,768000,768000,1.000000000,1,2025-11-28 05:19:00.000000,2025-11-28 05:19:59.999922,1,BAYxx_xxxx_20251128_051800_000.7z
2025-11-28 05:20:00,3148.874193,3.148874193,1309.923594,804.490543,1034.460056,768000,768000,1.000000000,1,2025-11-28 05:20:00.000000,2025-11-28 05:20:59.999922,1,BAYxx_xxxx_20251128_051800_000.7z
2025-11-28 05:21:00,3138.560004,3.138560004,1299.412153,808.990195,1030.157656,768000,768000,1.000000000,1,2025-11-28 05:21:00.000000,2025-11-28 05:21:59.999922,1,BAYxx_xxxx_20251128_051800_000.7z
2025-11-28 05:22:00,3171.928417,3.171928417,1316.085316,814.193779,1041.649322,768000,768000,1.000000000,1,2025-11-28 05:22:00.000000,2025-11-28 05:22:59.999922,1,BAYxx_xxxx_20251128_051800_000.7z
2025-11-28 05:23:00,3153.734272,3.153734272,1309.309699,807.943867,1036.480706,768000,768000,1.000000000,1,2025-11-28 05:23:00.000000,2025-11-28 05:23:59.999922,1,BAYxx_xxxx_20251128_051800_000.7z
2025-11-28 05:24:00,3162.286604,3.162286604,1313.862402,817.570826,1030.853376,768000,768000,1.000000000,1,2025-11-28 05:24:00.000000,2025-11-28 05:24:59.999922,1,BAYxx_xxxx_20251128_051800_000.7z
2025-11-28 05:25:00,3160.878734,3.160878734,1314.984358,809.757469,1036.136907,768000,768000,1.000000000,1,2025-11-28 05:25:00.000000,2025-11-28 05:25:59.999922,1,BAYxx_xxxx_20251128_051800_000.7z
2025-11-28 05:26:00,3172.379642,3.172379642,1316.742413,815.260563,1040.376666,768000,768000,1.000000000,1,2025-11-28 05:26:00.000000,2025-11-28 05:26:59.999922,1,BAYxx_xxxx_20251128_051800_000.7z
2025-11-28 05:27:00,4792.532033,4.792532033,1840.544520,1368.934975,1583.052538,768000,768000,1.000000000,1,2025-11-28 05:27:00.000000,2025-11-28 05:27:59.999922,1,BAYxx_xxxx_20251128_051800_000.7z
2025-11-28 05:28:00,18549.932646,18.549932646,6088.390409,6131.150597,6330.391640,716886,768000,0.933445312,0,2025-11-28 05:28:00.000000,2025-11-28 05:28:59.999922,2,BAYxx_xxxx_20251128_051800_000.7z;BAYxx_xxxx_20251128_052804_000.7z
2025-11-28 05:29:00,24715.204909,24.715204909,8034.452040,8214.290287,8466.462582,768000,768000,1.000000000,1,2025-11-28 05:29:00.000000,2025-11-28 05:29:59.999922,1,BAYxx_xxxx_20251128_052804_000.7z
2025-11-28 05:30:00,25568.905276,25.568905276,8275.059037,8516.186299,8777.659940,768000,768000,1.000000000,1,2025-11-28 05:30:00.000000,2025-11-28 05:30:59.999922,1,BAYxx_xxxx_20251128_052804_000.7z
2025-11-28 05:31:00,26603.915862,26.603915862,8622.200625,8851.600001,9130.115237,768000,768000,1.000000000,1,2025-11-28 05:31:00.000000,2025-11-28 05:31:59.999922,1,BAYxx_xxxx_20251128_052804_000.7z
2025-11-28 05:32:00,27194.587966,27.194587966,8813.554423,9043.559227,9337.474317,768000,768000,1.000000000,1,2025-11-28 05:32:00.000000,2025-11-28 05:32:59.999922,1,BAYxx_xxxx_20251128_052804_000.7z
2025-11-28 05:33:00,27984.656435,27.984656435,9056.394133,9297.877501,9630.384800,768000,768000,1.000000000,1,2025-11-28 05:33:00.000000,2025-11-28 05:33:59.999922,1,BAYxx_xxxx_20251128_052804_000.7z
2025-11-28 05:34:00,28803.005455,28.803005455,9318.338335,9574.111182,9910.555937,768000,768000,1.000000000,1,2025-11-28 05:34:00.000000,2025-11-28 05:34:59.999922,1,BAYxx_xxxx_20251128_052804_000.7z
2025-11-28 05:35:00,29604.852679,29.604852679,9545.908525,9859.746089,10199.198065,768000,768000,1.000000000,1,2025-11-28 05:35:00.000000,2025-11-28 05:35:59.999922,1,BAYxx_xxxx_20251128_052804_000.7z
2025-11-28 05:36:00,29938.135880,29.938135880,9646.686621,9984.800903,10306.648355,768000,768000,1.000000000,1,2025-11-28 05:36:00.000000,2025-11-28 05:36:59.999922,1,BAYxx_xxxx_20251128_052804_000.7z
2025-11-28 05:37:00,6374.757625,6.374757625,2318.165188,1904.441800,2152.150636,768000,768000,1.000000000,1,2025-11-28 05:37:00.000000,2025-11-28 05:37:59.999922,1,BAYxx_xxxx_20251128_052804_000.7z
2025-11-28 05:38:00,3127.667648,3.127667648,1296.444979,797.442920,1033.779749,716932,768000,0.933505208,0,2025-11-28 05:38:00.000000,2025-11-28 05:38:59.999922,2,BAYxx_xxxx_20251128_052804_000.7z;BAYxx_xxxx_20251128_053808_000.7z
2025-11-28 05:39:00,3140.012171,3.140012171,1300.687117,809.982181,1029.342874,768000,768000,1.000000000,1,2025-11-28 05:39:00.000000,2025-11-28 05:39:59.999922,1,BAYxx_xxxx_20251128_053808_000.7z
2025-11-28 05:40:00,3121.773227,3.121773227,1294.293681,796.405118,1031.074428,768000,768000,1.000000000,1,2025-11-28 05:40:00.000000,2025-11-28 05:40:59.999922,1,BAYxx_xxxx_20251128_053808_000.7z
2025-11-28 05:41:00,3048.237224,3.048237224,1307.253977,787.675219,953.308029,768000,768000,1.000000000,1,2025-11-28 05:41:00.000000,2025-11-28 05:41:59.999922,1,BAYxx_xxxx_20251128_053808_000.7z
2025-11-28 05:42:00,3044.928650,3.044928650,1311.036713,796.961878,936.930059,768000,768000,1.000000000,1,2025-11-28 05:42:00.000000,2025-11-28 05:42:59.999922,1,BAYxx_xxxx_20251128_053808_000.7z
2025-11-28 05:43:00,3038.805744,3.038805744,1303.535387,794.272494,940.997863,768000,768000,1.000000000,1,2025-11-28 05:43:00.000000,2025-11-28 05:43:59.999922,1,BAYxx_xxxx_20251128_053808_000.7z
2025-11-28 05:44:00,3063.834872,3.063834872,1311.923458,802.491516,949.419898,768000,768000,1.000000000,1,2025-11-28 05:44:00.000000,2025-11-28 05:44:59.999922,1,BAYxx_xxxx_20251128_053808_000.7z
2025-11-28 05:45:00,3052.574134,3.052574134,1307.346682,803.599117,941.628336,768000,768000,1.000000000,1,2025-11-28 05:45:00.000000,2025-11-28 05:45:59.999922,1,BAYxx_xxxx_20251128_053808_000.7z
2025-11-28 05:46:00,3048.666722,3.048666722,1307.371118,801.338967,939.956637,768000,768000,1.000000000,1,2025-11-28 05:46:00.000000,2025-11-28 05:46:59.999922,1,BAYxx_xxxx_20251128_053808_000.7z
2025-11-28 05:47:00,3052.464296,3.052464296,1309.180442,801.043614,942.240240,768000,768000,1.000000000,1,2025-11-28 05:47:00.000000,2025-11-28 05:47:59.999922,1,BAYxx_xxxx_20251128_053808_000.7z
2025-11-28 05:48:00,3063.519693,3.063519693,1308.491335,807.810320,947.218038,729654,768000,0.950070312,0,2025-11-28 05:48:00.000000,2025-11-28 05:48:59.999922,2,BAYxx_xxxx_20251128_053808_000.7z;BAYxx_xxxx_20251128_054811_000.7z
2025-11-28 05:49:00,3065.122589,3.065122589,1314.327377,804.375804,946.419409,768000,768000,1.000000000,1,2025-11-28 05:49:00.000000,2025-11-28 05:49:59.999922,1,BAYxx_xxxx_20251128_054811_000.7z
2025-11-28 05:50:00,4714.404556,4.714404556,1846.929747,1365.722590,1501.752219,768000,768000,1.000000000,1,2025-11-28 05:50:00.000000,2025-11-28 05:50:59.999922,1,BAYxx_xxxx_20251128_054811_000.7z
2025-11-28 05:51:00,19222.435425,19.222435425,6333.935784,6363.087312,6525.412329,768000,768000,1.000000000,1,2025-11-28 05:51:00.000000,2025-11-28 05:51:59.999922,1,BAYxx_xxxx_20251128_054811_000.7z
2025-11-28 05:52:00,24609.204446,24.609204446,8017.788018,8181.767329,8409.649100,768000,768000,1.000000000,1,2025-11-28 05:52:00.000000,2025-11-28 05:52:59.999922,1,BAYxx_xxxx_20251128_054811_000.7z
2025-11-28 05:53:00,25558.676019,25.558676019,8343.853449,8475.698756,8739.123813,768000,768000,1.000000000,1,2025-11-28 05:53:00.000000,2025-11-28 05:53:59.999922,1,BAYxx_xxxx_20251128_054811_000.7z
2025-11-28 05:54:00,26565.230298,26.565230298,8680.576662,8807.214782,9077.438855,768000,768000,1.000000000,1,2025-11-28 05:54:00.000000,2025-11-28 05:54:59.999922,1,BAYxx_xxxx_20251128_054811_000.7z
2025-11-28 05:55:00,27216.260826,27.216260826,8891.950144,9010.686623,9313.624058,768000,768000,1.000000000,1,2025-11-28 05:55:00.000000,2025-11-28 05:55:59.999922,1,BAYxx_xxxx_20251128_054811_000.7z
2025-11-28 05:56:00,28074.049638,28.074049638,9132.137696,9260.548736,9681.363206,768000,768000,1.000000000,1,2025-11-28 05:56:00.000000,2025-11-28 05:56:59.999922,1,BAYxx_xxxx_20251128_054811_000.7z
2025-11-28 05:57:00,28924.940358,28.924940358,9399.877826,9530.171981,9994.890551,768000,768000,1.000000000,1,2025-11-28 05:57:00.000000,2025-11-28 05:57:59.999922,1,BAYxx_xxxx_20251128_054811_000.7z
2025-11-28 05:58:00,29478.811797,29.478811797,9565.199214,9757.758232,10155.854351,729667,768000,0.950087240,0,2025-11-28 05:58:00.000000,2025-11-28 05:58:59.999922,2,BAYxx_xxxx_20251128_054811_000.7z;BAYxx_xxxx_20251128_055814_000.7z
2025-11-28 05:59:00,14004.120357,14.004120357,4722.951148,4490.231484,4790.937724,768000,768000,1.000000000,1,2025-11-28 05:59:00.000000,2025-11-28 05:59:59.999922,1,BAYxx_xxxx_20251128_055814_000.7z
2025-11-28 06:00:00,3152.646155,3.152646155,1319.142620,799.353799,1034.149736,768000,768000,1.000000000,1,2025-11-28 06:00:00.000000,2025-11-28 06:00:59.999922,1,BAYxx_xxxx_20251128_055814_000.7z
2025-11-28 06:01:00,3134.232817,3.134232817,1310.426688,789.533669,1034.272460,768000,768000,1.000000000,1,2025-11-28 06:01:00.000000,2025-11-28 06:01:59.999922,1,BAYxx_xxxx_20251128_055814_000.7z
2025-11-28 06:02:00,3137.029242,3.137029242,1312.355472,792.082699,1032.591071,768000,768000,1.000000000,1,2025-11-28 06:02:00.000000,2025-11-28 06:02:59.999922,1,BAYxx_xxxx_20251128_055814_000.7z
2025-11-28 06:03:00,3145.036349,3.145036349,1312.773134,799.769083,1032.494132,768000,768000,1.000000000,1,2025-11-28 06:03:00.000000,2025-11-28 06:03:59.999922,1,BAYxx_xxxx_20251128_055814_000.7z
2025-11-28 06:04:00,3143.665254,3.143665254,1313.082468,799.566694,1031.016092,768000,768000,1.000000000,1,2025-11-28 06:04:00.000000,2025-11-28 06:04:59.999922,1,BAYxx_xxxx_20251128_055814_000.7z
2025-11-28 06:05:00,3143.955901,3.143955901,1313.276094,797.562030,1033.117777,768000,768000,1.000000000,1,2025-11-28 06:05:00.000000,2025-11-28 06:05:59.999922,1,BAYxx_xxxx_20251128_055814_000.7z
2025-11-28 06:06:00,3142.205670,3.142205670,1311.654865,798.527980,1032.022825,768000,768000,1.000000000,1,2025-11-28 06:06:00.000000,2025-11-28 06:06:59.999922,1,BAYxx_xxxx_20251128_055814_000.7z
2025-11-28 06:07:00,3141.344401,3.141344401,1313.738999,799.472746,1028.132656,768000,768000,1.000000000,1,2025-11-28 06:07:00.000000,2025-11-28 06:07:59.999922,1,BAYxx_xxxx_20251128_055814_000.7z
2025-11-28 06:08:00,3151.459753,3.151459753,1311.482240,806.364304,1033.613209,716914,768000,0.933481771,0,2025-11-28 06:08:00.000000,2025-11-28 06:08:59.999922,2,BAYxx_xxxx_20251128_055814_000.7z;BAYxx_xxxx_20251128_060818_000.7z
2025-11-28 06:09:00,3173.148163,3.173148163,1310.698696,821.137536,1041.311931,768000,768000,1.000000000,1,2025-11-28 06:09:00.000000,2025-11-28 06:09:59.999922,1,BAYxx_xxxx_20251128_060818_000.7z
2025-11-28 06:10:00,3154.580537,3.154580537,1314.184032,815.016974,1025.379531,768000,768000,1.000000000,1,2025-11-28 06:10:00.000000,2025-11-28 06:10:59.999922,1,BAYxx_xxxx_20251128_060818_000.7z
2025-11-28 06:11:00,3178.476784,3.178476784,1329.579813,815.412620,1033.484351,768000,768000,1.000000000,1,2025-11-28 06:11:00.000000,2025-11-28 06:11:59.999922,1,BAYxx_xxxx_20251128_060818_000.7z
2025-11-28 06:12:00,4661.737580,4.661737580,1806.552169,1310.069549,1545.115861,768000,768000,1.000000000,1,2025-11-28 06:12:00.000000,2025-11-28 06:12:59.999922,1,BAYxx_xxxx_20251128_060818_000.7z
2025-11-28 06:13:00,17468.475179,17.468475179,5758.500835,5715.270591,5994.703753,768000,768000,1.000000000,1,2025-11-28 06:13:00.000000,2025-11-28 06:13:59.999922,1,BAYxx_xxxx_20251128_060818_000.7z
2025-11-28 06:14:00,24760.602092,24.760602092,8021.801716,8216.785595,8522.014781,768000,768000,1.000000000,1,2025-11-28 06:14:00.000000,2025-11-28 06:14:59.999922,1,BAYxx_xxxx_20251128_060818_000.7z
2025-11-28 06:15:00,25586.003336,25.586003336,8328.987534,8459.778334,8797.237469,768000,768000,1.000000000,1,2025-11-28 06:15:00.000000,2025-11-28 06:15:59.999922,1,BAYxx_xxxx_20251128_060818_000.7z
2025-11-28 06:16:00,26601.621813,26.601621813,8706.901306,8766.119321,9128.601186,768000,768000,1.000000000,1,2025-11-28 06:16:00.000000,2025-11-28 06:16:59.999922,1,BAYxx_xxxx_20251128_060818_000.7z
2025-11-28 06:17:00,27213.040215,27.213040215,8854.256926,9046.704694,9312.078595,768000,768000,1.000000000,1,2025-11-28 06:17:00.000000,2025-11-28 06:17:59.999922,1,BAYxx_xxxx_20251128_060818_000.7z
2025-11-28 06:18:00,28014.213450,28.014213450,9087.009903,9323.915087,9603.288460,742440,768000,0.966718750,0,2025-11-28 06:18:00.000000,2025-11-28 06:18:59.999922,2,BAYxx_xxxx_20251128_060818_000.7z;BAYxx_xxxx_20251128_061820_000.7z
2025-11-28 06:19:00,28671.619635,28.671619635,9290.577210,9534.123819,9846.918607,768000,768000,1.000000000,1,2025-11-28 06:19:00.000000,2025-11-28 06:19:59.999922,1,BAYxx_xxxx_20251128_061820_000.7z
2025-11-28 06:20:00,29459.483311,29.459483311,9578.303339,9775.752546,10105.427426,768000,768000,1.000000000,1,2025-11-28 06:20:00.000000,2025-11-28 06:20:59.999922,1,BAYxx_xxxx_20251128_061820_000.7z
2025-11-28 06:21:00,29955.534386,29.955534386,9796.050572,9894.833539,10264.650275,768000,768000,1.000000000,1,2025-11-28 06:21:00.000000,2025-11-28 06:21:59.999922,1,BAYxx_xxxx_20251128_061820_000.7z
2025-11-28 06:22:00,11052.086403,11.052086403,3823.185613,3489.281984,3739.618806,768000,768000,1.000000000,1,2025-11-28 06:22:00.000000,2025-11-28 06:22:59.999922,1,BAYxx_xxxx_20251128_061820_000.7z
2025-11-28 06:23:00,3109.124935,3.109124935,1302.654800,797.112527,1009.357608,768000,768000,1.000000000,1,2025-11-28 06:23:00.000000,2025-11-28 06:23:59.999922,1,BAYxx_xxxx_20251128_061820_000.7z
2025-11-28 06:24:00,3125.557694,3.125557694,1310.225286,803.647714,1011.684693,768000,768000,1.000000000,1,2025-11-28 06:24:00.000000,2025-11-28 06:24:59.999922,1,BAYxx_xxxx_20251128_061820_000.7z
2025-11-28 06:25:00,3116.707244,3.116707244,1304.593136,800.233833,1011.880275,768000,768000,1.000000000,1,2025-11-28 06:25:00.000000,2025-11-28 06:25:59.999922,1,BAYxx_xxxx_20251128_061820_000.7z
2025-11-28 06:26:00,3080.107905,3.080107905,1306.180125,804.143156,969.784624,768000,768000,1.000000000,1,2025-11-28 06:26:00.000000,2025-11-28 06:26:59.999922,1,BAYxx_xxxx_20251128_061820_000.7z
2025-11-28 06:27:00,3023.868563,3.023868563,1308.694443,795.699906,919.474215,768000,768000,1.000000000,1,2025-11-28 06:27:00.000000,2025-11-28 06:27:59.999922,1,BAYxx_xxxx_20251128_061820_000.7z
2025-11-28 06:28:00,3030.679491,3.030679491,1309.296017,802.080970,919.302503,716878,768000,0.933434896,0,2025-11-28 06:28:00.000000,2025-11-28 06:28:59.999922,2,BAYxx_xxxx_20251128_061820_000.7z;BAYxx_xxxx_20251128_062824_000.7z
2025-11-28 06:29:00,3048.208221,3.048208221,1317.195980,807.662679,923.349562,768000,768000,1.000000000,1,2025-11-28 06:29:00.000000,2025-11-28 06:29:59.999922,1,BAYxx_xxxx_20251128_062824_000.7z
2025-11-28 06:30:00,3048.229849,3.048229849,1315.539738,807.238947,925.451164,768000,768000,1.000000000,1,2025-11-28 06:30:00.000000,2025-11-28 06:30:59.999922,1,BAYxx_xxxx_20251128_062824_000.7z
2025-11-28 06:31:00,3054.153492,3.054153492,1318.213551,806.427788,929.512152,768000,768000,1.000000000,1,2025-11-28 06:31:00.000000,2025-11-28 06:31:59.999922,1,BAYxx_xxxx_20251128_062824_000.7z
2025-11-28 06:32:00,3051.750260,3.051750260,1318.636323,800.151489,932.962448,768000,768000,1.000000000,1,2025-11-28 06:32:00.000000,2025-11-28 06:32:59.999922,1,BAYxx_xxxx_20251128_062824_000.7z
2025-11-28 06:33:00,3055.128454,3.055128454,1319.222098,802.956434,932.949922,768000,768000,1.000000000,1,2025-11-28 06:33:00.000000,2025-11-28 06:33:59.999922,1,BAYxx_xxxx_20251128_062824_000.7z
2025-11-28 06:34:00,3073.620344,3.073620344,1323.906975,807.554605,942.158764,768000,768000,1.000000000,1,2025-11-28 06:34:00.000000,2025-11-28 06:34:59.999922,1,BAYxx_xxxx_20251128_062824_000.7z
2025-11-28 06:35:00,4605.678080,4.605678080,1824.441684,1332.759893,1448.476503,768000,768000,1.000000000,1,2025-11-28 06:35:00.000000,2025-11-28 06:35:59.999922,1,BAYxx_xxxx_20251128_062824_000.7z
2025-11-28 06:36:00,18293.515362,18.293515362,6004.517452,6057.675334,6231.322576,768000,768000,1.000000000,1,2025-11-28 06:36:00.000000,2025-11-28 06:36:59.999922,1,BAYxx_xxxx_20251128_062824_000.7z
2025-11-28 06:37:00,24838.383345,24.838383345,8057.699026,8269.346741,8511.337577,768000,768000,1.000000000,1,2025-11-28 06:37:00.000000,2025-11-28 06:37:59.999922,1,BAYxx_xxxx_20251128_062824_000.7z
2025-11-28 06:38:00,25792.330481,25.792330481,8391.103310,8559.131871,8842.095300,742518,768000,0.966820313,0,2025-11-28 06:38:00.000000,2025-11-28 06:38:59.999922,2,BAYxx_xxxx_20251128_062824_000.7z;BAYxx_xxxx_20251128_063826_000.7z
2025-11-28 06:39:00,26846.977537,26.846977537,8743.934930,8895.919224,9207.123382,768000,768000,1.000000000,1,2025-11-28 06:39:00.000000,2025-11-28 06:39:59.999922,1,BAYxx_xxxx_20251128_063826_000.7z
2025-11-28 06:40:00,27509.474181,27.509474181,8944.249342,9131.032516,9434.192323,768000,768000,1.000000000,1,2025-11-28 06:40:00.000000,2025-11-28 06:40:59.999922,1,BAYxx_xxxx_20251128_063826_000.7z
2025-11-28 06:41:00,28460.052596,28.460052596,9261.633501,9430.625185,9767.793909,768000,768000,1.000000000,1,2025-11-28 06:41:00.000000,2025-11-28 06:41:59.999922,1,BAYxx_xxxx_20251128_063826_000.7z
2025-11-28 06:42:00,29113.604779,29.113604779,9465.269463,9618.214566,10030.120751,768000,768000,1.000000000,1,2025-11-28 06:42:00.000000,2025-11-28 06:42:59.999922,1,BAYxx_xxxx_20251128_063826_000.7z
2025-11-28 06:43:00,27811.821343,27.811821343,9041.710012,9191.605274,9578.506058,768000,768000,1.000000000,1,2025-11-28 06:43:00.000000,2025-11-28 06:43:59.999922,1,BAYxx_xxxx_20251128_063826_000.7z
2025-11-28 06:44:00,3253.385581,3.253385581,1351.995500,844.261532,1057.128549,768000,768000,1.000000000,1,2025-11-28 06:44:00.000000,2025-11-28 06:44:59.999922,1,BAYxx_xxxx_20251128_063826_000.7z
2025-11-28 06:45:00,3130.827820,3.130827820,1314.573135,800.572312,1015.682372,768000,768000,1.000000000,1,2025-11-28 06:45:00.000000,2025-11-28 06:45:59.999922,1,BAYxx_xxxx_20251128_063826_000.7z
2025-11-28 06:46:00,3120.805049,3.120805049,1308.758031,798.504381,1013.542637,768000,768000,1.000000000,1,2025-11-28 06:46:00.000000,2025-11-28 06:46:59.999922,1,BAYxx_xxxx_20251128_063826_000.7z
2025-11-28 06:47:00,3124.924369,3.124924369,1311.200034,797.339875,1016.384460,768000,768000,1.000000000,1,2025-11-28 06:47:00.000000,2025-11-28 06:47:59.999922,1,BAYxx_xxxx_20251128_063826_000.7z
2025-11-28 06:48:00,3108.863606,3.108863606,1302.866759,792.085388,1013.911459,729703,768000,0.950134115,0,2025-11-28 06:48:00.000000,2025-11-28 06:48:59.999922,2,BAYxx_xxxx_20251128_063826_000.7z;BAYxx_xxxx_20251128_064829_000.7z
2025-11-28 06:49:00,3150.119979,3.150119979,1315.901089,809.770327,1024.448563,768000,768000,1.000000000,1,2025-11-28 06:49:00.000000,2025-11-28 06:49:59.999922,1,BAYxx_xxxx_20251128_064829_000.7z
2025-11-28 06:50:00,3132.655604,3.132655604,1308.829474,800.536947,1023.289182,768000,768000,1.000000000,1,2025-11-28 06:50:00.000000,2025-11-28 06:50:59.999922,1,BAYxx_xxxx_20251128_064829_000.7z
2025-11-28 06:51:00,3128.063586,3.128063586,1314.249575,792.072197,1021.741815,768000,768000,1.000000000,1,2025-11-28 06:51:00.000000,2025-11-28 06:51:59.999922,1,BAYxx_xxxx_20251128_064829_000.7z
2025-11-28 06:52:00,3131.838487,3.131838487,1319.928657,787.793071,1024.116759,768000,768000,1.000000000,1,2025-11-28 06:52:00.000000,2025-11-28 06:52:59.999922,1,BAYxx_xxxx_20251128_064829_000.7z
2025-11-28 06:53:00,3130.904813,3.130904813,1316.661882,788.698847,1025.544084,768000,768000,1.000000000,1,2025-11-28 06:53:00.000000,2025-11-28 06:53:59.999922,1,BAYxx_xxxx_20251128_064829_000.7z
2025-11-28 06:54:00,3151.167773,3.151167773,1320.609663,795.897376,1034.660734,768000,768000,1.000000000,1,2025-11-28 06:54:00.000000,2025-11-28 06:54:59.999922,1,BAYxx_xxxx_20251128_064829_000.7z
2025-11-28 06:55:00,3154.837828,3.154837828,1317.156266,794.219351,1043.462212,768000,768000,1.000000000,1,2025-11-28 06:55:00.000000,2025-11-28 06:55:59.999922,1,BAYxx_xxxx_20251128_064829_000.7z
2025-11-28 06:56:00,3147.228543,3.147228543,1326.120817,782.433821,1038.673905,768000,768000,1.000000000,1,2025-11-28 06:56:00.000000,2025-11-28 06:56:59.999922,1,BAYxx_xxxx_20251128_064829_000.7z
2025-11-28 06:57:00,4635.551033,4.635551033,1810.468213,1290.103738,1534.979081,768000,768000,1.000000000,1,2025-11-28 06:57:00.000000,2025-11-28 06:57:59.999922,1,BAYxx_xxxx_20251128_064829_000.7z
2025-11-28 06:58:00,17300.963105,17.300963105,5726.286802,5597.438366,5977.237937,716834,768000,0.933377604,0,2025-11-28 06:58:00.000000,2025-11-28 06:58:59.999922,2,BAYxx_xxxx_20251128_064829_000.7z;BAYxx_xxxx_20251128_065833_000.7z
2025-11-28 06:59:00,25081.627306,25.081627306,8166.365962,8222.721861,8692.539482,768000,768000,1.000000000,1,2025-11-28 06:59:00.000000,2025-11-28 06:59:59.999922,1,BAYxx_xxxx_20251128_065833_000.7z
2025-11-28 07:00:00,25809.876652,25.809876652,8418.855477,8458.993898,8932.027277,768000,768000,1.000000000,1,2025-11-28 07:00:00.000000,2025-11-28 07:00:59.999922,1,BAYxx_xxxx_20251128_065833_000.7z
2025-11-28 07:01:00,26908.940046,26.908940046,8782.784536,8794.333691,9331.821819,768000,768000,1.000000000,1,2025-11-28 07:01:00.000000,2025-11-28 07:01:59.999922,1,BAYxx_xxxx_20251128_065833_000.7z
2025-11-28 07:02:00,27594.032598,27.594032598,8993.320527,9009.533535,9591.178536,768000,768000,1.000000000,1,2025-11-28 07:02:00.000000,2025-11-28 07:02:59.999922,1,BAYxx_xxxx_20251128_065833_000.7z
2025-11-28 07:03:00,28475.671758,28.475671758,9278.459590,9348.545653,9848.666515,768000,768000,1.000000000,1,2025-11-28 07:03:00.000000,2025-11-28 07:03:59.999922,1,BAYxx_xxxx_20251128_065833_000.7z
2025-11-28 07:04:00,29072.139045,29.072139045,9494.044636,9539.346421,10038.747987,768000,768000,1.000000000,1,2025-11-28 07:04:00.000000,2025-11-28 07:04:59.999922,1,BAYxx_xxxx_20251128_065833_000.7z
2025-11-28 07:05:00,30110.478610,30.110478610,9846.965903,9858.127879,10405.384828,768000,768000,1.000000000,1,2025-11-28 07:05:00.000000,2025-11-28 07:05:59.999922,1,BAYxx_xxxx_20251128_065833_000.7z
2025-11-28 07:06:00,5310.891848,5.310891848,2017.603081,1520.388342,1772.900425,768000,768000,1.000000000,1,2025-11-28 07:06:00.000000,2025-11-28 07:06:59.999922,1,BAYxx_xxxx_20251128_065833_000.7z
2025-11-28 07:07:00,3084.448992,3.084448992,1311.381998,771.658022,1001.408972,768000,768000,1.000000000,1,2025-11-28 07:07:00.000000,2025-11-28 07:07:59.999922,1,BAYxx_xxxx_20251128_065833_000.7z
2025-11-28 07:08:00,3057.274604,3.057274604,1297.747598,763.258237,996.268768,729693,768000,0.950121094,0,2025-11-28 07:08:00.000000,2025-11-28 07:08:59.999922,2,BAYxx_xxxx_20251128_065833_000.7z;BAYxx_xxxx_20251128_070836_000.7z
2025-11-28 07:09:00,3088.354704,3.088354704,1305.792907,771.022923,1011.538874,768000,768000,1.000000000,1,2025-11-28 07:09:00.000000,2025-11-28 07:09:59.999922,1,BAYxx_xxxx_20251128_070836_000.7z
2025-11-28 07:10:00,3060.258989,3.060258989,1298.233403,768.669469,993.356118,768000,768000,1.000000000,1,2025-11-28 07:10:00.000000,2025-11-28 07:10:59.999922,1,BAYxx_xxxx_20251128_070836_000.7z
2025-11-28 07:11:00,3073.333013,3.073333013,1300.975137,778.815152,993.542725,768000,768000,1.000000000,1,2025-11-28 07:11:00.000000,2025-11-28 07:11:59.999922,1,BAYxx_xxxx_20251128_070836_000.7z
2025-11-28 07:12:00,2962.262030,2.962262030,1292.843713,766.693777,902.724539,768000,768000,1.000000000,1,2025-11-28 07:12:00.000000,2025-11-28 07:12:59.999922,1,BAYxx_xxxx_20251128_070836_000.7z
2025-11-28 07:13:00,2976.092822,2.976092822,1289.715958,773.526864,912.850001,768000,768000,1.000000000,1,2025-11-28 07:13:00.000000,2025-11-28 07:13:59.999922,1,BAYxx_xxxx_20251128_070836_000.7z
2025-11-28 07:14:00,2979.717651,2.979717651,1286.651451,779.601715,913.464485,768000,768000,1.000000000,1,2025-11-28 07:14:00.000000,2025-11-28 07:14:59.999922,1,BAYxx_xxxx_20251128_070836_000.7z
2025-11-28 07:15:00,2979.669363,2.979669363,1285.942161,779.957931,913.769271,768000,768000,1.000000000,1,2025-11-28 07:15:00.000000,2025-11-28 07:15:59.999922,1,BAYxx_xxxx_20251128_070836_000.7z
2025-11-28 07:16:00,2971.933151,2.971933151,1286.941241,772.969282,912.022628,768000,768000,1.000000000,1,2025-11-28 07:16:00.000000,2025-11-28 07:16:59.999922,1,BAYxx_xxxx_20251128_070836_000.7z
2025-11-28 07:17:00,2974.207589,2.974207589,1296.891588,770.898470,906.417532,768000,768000,1.000000000,1,2025-11-28 07:17:00.000000,2025-11-28 07:17:59.999922,1,BAYxx_xxxx_20251128_070836_000.7z
2025-11-28 07:18:00,4039.158841,4.039158841,1638.973922,1129.698450,1270.486469,716857,768000,0.933407552,0,2025-11-28 07:18:00.000000,2025-11-28 07:18:59.999922,2,BAYxx_xxxx_20251128_070836_000.7z;BAYxx_xxxx_20251128_071840_000.7z
2025-11-28 07:19:00,11474.657604,11.474657604,3958.524204,3668.889083,3847.244316,768000,768000,1.000000000,1,2025-11-28 07:19:00.000000,2025-11-28 07:19:59.999922,1,BAYxx_xxxx_20251128_071840_000.7z
2025-11-28 07:20:00,24924.742453,24.924742453,8158.299005,8265.937101,8500.506347,768000,768000,1.000000000,1,2025-11-28 07:20:00.000000,2025-11-28 07:20:59.999922,1,BAYxx_xxxx_20251128_071840_000.7z
2025-11-28 07:21:00,25412.794121,25.412794121,8415.675628,8383.109125,8614.009367,768000,768000,1.000000000,1,2025-11-28 07:21:00.000000,2025-11-28 07:21:59.999922,1,BAYxx_xxxx_20251128_071840_000.7z
2025-11-28 07:22:00,26625.455224,26.625455224,8774.638442,8810.966629,9039.850154,768000,768000,1.000000000,1,2025-11-28 07:22:00.000000,2025-11-28 07:22:59.999922,1,BAYxx_xxxx_20251128_071840_000.7z
2025-11-28 07:23:00,27234.415893,27.234415893,8911.292249,9017.800284,9305.323359,768000,768000,1.000000000,1,2025-11-28 07:23:00.000000,2025-11-28 07:23:59.999922,1,BAYxx_xxxx_20251128_071840_000.7z
2025-11-28 07:24:00,18602.305693,18.602305693,6237.069764,6039.280631,6325.955299,768000,768000,1.000000000,1,2025-11-28 07:24:00.000000,2025-11-28 07:24:59.999922,1,BAYxx_xxxx_20251128_071840_000.7z
2025-11-28 07:25:00,7705.094716,7.705094716,2766.843811,2431.518343,2506.732562,768000,768000,1.000000000,1,2025-11-28 07:25:00.000000,2025-11-28 07:25:59.999922,1,BAYxx_xxxx_20251128_071840_000.7z
2025-11-28 07:26:00,15428.959764,15.428959764,5240.770562,5027.495275,5160.693926,768000,768000,1.000000000,1,2025-11-28 07:26:00.000000,2025-11-28 07:26:59.999922,1,BAYxx_xxxx_20251128_071840_000.7z
2025-11-28 07:27:00,11588.863806,11.588863806,3903.604787,3741.165329,3944.093690,768000,768000,1.000000000,1,2025-11-28 07:27:00.000000,2025-11-28 07:27:59.999922,1,BAYxx_xxxx_20251128_071840_000.7z
2025-11-28 07:28:00,7673.289755,7.673289755,2723.778735,2352.147972,2597.363048,742532,768000,0.966838542,0,2025-11-28 07:28:00.000000,2025-11-28 07:28:59.999922,2,BAYxx_xxxx_20251128_071840_000.7z;BAYxx_xxxx_20251128_072842_000.7z
2025-11-28 07:29:00,3033.803706,3.033803706,1276.699865,758.212061,998.891780,768000,768000,1.000000000,1,2025-11-28 07:29:00.000000,2025-11-28 07:29:59.999922,1,BAYxx_xxxx_20251128_072842_000.7z
2025-11-28 07:30:00,3037.432718,3.037432718,1275.956895,763.785179,997.690644,768000,768000,1.000000000,1,2025-11-28 07:30:00.000000,2025-11-28 07:30:59.999922,1,BAYxx_xxxx_20251128_072842_000.7z
2025-11-28 07:31:00,3477.919223,3.477919223,1415.386619,921.684763,1140.847841,768000,768000,1.000000000,1,2025-11-28 07:31:00.000000,2025-11-28 07:31:59.999922,1,BAYxx_xxxx_20251128_072842_000.7z
2025-11-28 07:32:00,5973.749833,5.973749833,2196.248000,1782.373665,1995.128168,768000,768000,1.000000000,1,2025-11-28 07:32:00.000000,2025-11-28 07:32:59.999922,1,BAYxx_xxxx_20251128_072842_000.7z
2025-11-28 07:33:00,25717.326156,25.717326156,8318.196278,8558.863483,8840.266394,768000,768000,1.000000000,1,2025-11-28 07:33:00.000000,2025-11-28 07:33:59.999922,1,BAYxx_xxxx_20251128_072842_000.7z
2025-11-28 07:34:00,26330.248967,26.330248967,8547.205428,8690.690185,9092.353354,768000,768000,1.000000000,1,2025-11-28 07:34:00.000000,2025-11-28 07:34:59.999922,1,BAYxx_xxxx_20251128_072842_000.7z
2025-11-28 07:35:00,27552.488457,27.552488457,8917.093149,9097.534542,9537.860766,768000,768000,1.000000000,1,2025-11-28 07:35:00.000000,2025-11-28 07:35:59.999922,1,BAYxx_xxxx_20251128_072842_000.7z
2025-11-28 07:36:00,28165.746299,28.165746299,9128.264349,9301.097677,9736.384274,768000,768000,1.000000000,1,2025-11-28 07:36:00.000000,2025-11-28 07:36:59.999922,1,BAYxx_xxxx_20251128_072842_000.7z
2025-11-28 07:37:00,28928.979683,28.928979683,9388.597912,9577.390057,9962.991713,768000,768000,1.000000000,1,2025-11-28 07:37:00.000000,2025-11-28 07:37:59.999922,1,BAYxx_xxxx_20251128_072842_000.7z
2025-11-28 07:38:00,29398.239554,29.398239554,9522.271371,9715.004466,10160.963716,716876,768000,0.933432292,0,2025-11-28 07:38:00.000000,2025-11-28 07:38:59.999922,2,BAYxx_xxxx_20251128_072842_000.7z;BAYxx_xxxx_20251128_073846_000.7z
2025-11-28 07:39:00,25033.430629,25.033430629,8151.391230,8248.979164,8633.060234,768000,768000,1.000000000,1,2025-11-28 07:39:00.000000,2025-11-28 07:39:59.999922,1,BAYxx_xxxx_20251128_073846_000.7z
2025-11-28 07:40:00,2960.660140,2.960660140,1244.219204,750.561256,965.879680,768000,768000,1.000000000,1,2025-11-28 07:40:00.000000,2025-11-28 07:40:59.999922,1,BAYxx_xxxx_20251128_073846_000.7z
2025-11-28 07:41:00,2955.638870,2.955638870,1225.056409,758.988056,971.594405,768000,768000,1.000000000,1,2025-11-28 07:41:00.000000,2025-11-28 07:41:59.999922,1,BAYxx_xxxx_20251128_073846_000.7z
2025-11-28 07:42:00,2942.578675,2.942578675,1232.452954,750.804127,959.321593,768000,768000,1.000000000,1,2025-11-28 07:42:00.000000,2025-11-28 07:42:59.999922,1,BAYxx_xxxx_20251128_073846_000.7z
2025-11-28 07:43:00,2952.508397,2.952508397,1231.280222,752.613948,968.614227,768000,768000,1.000000000,1,2025-11-28 07:43:00.000000,2025-11-28 07:43:59.999922,1,BAYxx_xxxx_20251128_073846_000.7z
2025-11-28 07:44:00,2955.650985,2.955650985,1248.333422,747.190203,960.127361,768000,768000,1.000000000,1,2025-11-28 07:44:00.000000,2025-11-28 07:44:59.999922,1,BAYxx_xxxx_20251128_073846_000.7z
2025-11-28 07:45:00,2974.191022,2.974191022,1250.560652,755.357942,968.272427,768000,768000,1.000000000,1,2025-11-28 07:45:00.000000,2025-11-28 07:45:59.999922,1,BAYxx_xxxx_20251128_073846_000.7z
2025-11-28 07:46:00,2953.556329,2.953556329,1247.226599,744.248332,962.081399,768000,768000,1.000000000,1,2025-11-28 07:46:00.000000,2025-11-28 07:46:59.999922,1,BAYxx_xxxx_20251128_073846_000.7z
2025-11-28 07:47:00,2951.654397,2.951654397,1243.468846,743.969085,964.216466,768000,768000,1.000000000,1,2025-11-28 07:47:00.000000,2025-11-28 07:47:59.999922,1,BAYxx_xxxx_20251128_073846_000.7z
2025-11-28 07:48:00,2930.157431,2.930157431,1240.605392,737.226182,952.325858,742409,768000,0.966678385,0,2025-11-28 07:48:00.000000,2025-11-28 07:48:59.999922,2,BAYxx_xxxx_20251128_073846_000.7z;BAYxx_xxxx_20251128_074848_000.7z
2025-11-28 07:49:00,2942.010408,2.942010408,1244.575431,742.154134,955.280843,768000,768000,1.000000000,1,2025-11-28 07:49:00.000000,2025-11-28 07:49:59.999922,1,BAYxx_xxxx_20251128_074848_000.7z
2025-11-28 07:50:00,3944.293412,3.944293412,1567.284019,1074.614325,1302.395067,768000,768000,1.000000000,1,2025-11-28 07:50:00.000000,2025-11-28 07:50:59.999922,1,BAYxx_xxxx_20251128_074848_000.7z
2025-11-28 07:51:00,11990.441080,11.990441080,4090.305640,3822.390166,4077.745273,768000,768000,1.000000000,1,2025-11-28 07:51:00.000000,2025-11-28 07:51:59.999922,1,BAYxx_xxxx_20251128_074848_000.7z
2025-11-28 07:52:00,25373.741572,25.373741572,8293.780784,8326.482286,8753.478501,768000,768000,1.000000000,1,2025-11-28 07:52:00.000000,2025-11-28 07:52:59.999922,1,BAYxx_xxxx_20251128_074848_000.7z
2025-11-28 07:53:00,25813.129046,25.813129046,8470.923672,8464.018666,8878.186709,768000,768000,1.000000000,1,2025-11-28 07:53:00.000000,2025-11-28 07:53:59.999922,1,BAYxx_xxxx_20251128_074848_000.7z
2025-11-28 07:54:00,27072.112458,27.072112458,8826.064384,8933.204652,9312.843422,768000,768000,1.000000000,1,2025-11-28 07:54:00.000000,2025-11-28 07:54:59.999922,1,BAYxx_xxxx_20251128_074848_000.7z
2025-11-28 07:55:00,27735.027335,27.735027335,9038.865609,9140.100717,9556.061009,768000,768000,1.000000000,1,2025-11-28 07:55:00.000000,2025-11-28 07:55:59.999922,1,BAYxx_xxxx_20251128_074848_000.7z
2025-11-28 07:56:00,28594.516961,28.594516961,9316.670411,9418.255781,9859.590769,768000,768000,1.000000000,1,2025-11-28 07:56:00.000000,2025-11-28 07:56:59.999922,1,BAYxx_xxxx_20251128_074848_000.7z
2025-11-28 07:57:00,29094.771726,29.094771726,9476.889313,9623.602573,9994.279841,768000,768000,1.000000000,1,2025-11-28 07:57:00.000000,2025-11-28 07:57:59.999922,1,BAYxx_xxxx_20251128_074848_000.7z
2025-11-28 07:58:00,22726.593082,22.726593082,7475.999015,7493.470566,7757.123501,729643,768000,0.950055990,0,2025-11-28 07:58:00.000000,2025-11-28 07:58:59.999922,2,BAYxx_xxxx_20251128_074848_000.7z;BAYxx_xxxx_20251128_075851_000.7z
2025-11-28 07:59:00,2786.551177,2.786551177,1220.376987,723.299382,842.874808,768000,768000,1.000000000,1,2025-11-28 07:59:00.000000,2025-11-28 07:59:59.999922,1,BAYxx_xxxx_20251128_075851_000.7z
2025-11-28 08:00:00,2789.765879,2.789765879,1226.912081,721.882163,840.971635,768000,768000,1.000000000,1,2025-11-28 08:00:00.000000,2025-11-28 08:00:59.999922,1,BAYxx_xxxx_20251128_075851_000.7z
2025-11-28 08:01:00,2759.511406,2.759511406,1214.577712,710.290024,834.643670,768000,768000,1.000000000,1,2025-11-28 08:01:00.000000,2025-11-28 08:01:59.999922,1,BAYxx_xxxx_20251128_075851_000.7z
2025-11-28 08:02:00,2757.422719,2.757422719,1217.429733,707.205879,832.787107,768000,768000,1.000000000,1,2025-11-28 08:02:00.000000,2025-11-28 08:02:59.999922,1,BAYxx_xxxx_20251128_075851_000.7z
2025-11-28 08:03:00,2753.094011,2.753094011,1220.618044,703.701060,828.774908,768000,768000,1.000000000,1,2025-11-28 08:03:00.000000,2025-11-28 08:03:59.999922,1,BAYxx_xxxx_20251128_075851_000.7z
2025-11-28 08:04:00,2748.801362,2.748801362,1209.682846,705.388565,833.729952,768000,768000,1.000000000,1,2025-11-28 08:04:00.000000,2025-11-28 08:04:59.999922,1,BAYxx_xxxx_20251128_075851_000.7z
2025-11-28 08:05:00,2810.008715,2.810008715,1237.162205,720.265766,852.580743,768000,768000,1.000000000,1,2025-11-28 08:05:00.000000,2025-11-28 08:05:59.999922,1,BAYxx_xxxx_20251128_075851_000.7z
2025-11-28 08:06:00,2797.118844,2.797118844,1229.150712,716.594517,851.373615,768000,768000,1.000000000,1,2025-11-28 08:06:00.000000,2025-11-28 08:06:59.999922,1,BAYxx_xxxx_20251128_075851_000.7z
2025-11-28 08:07:00,2807.466375,2.807466375,1245.233588,711.962181,850.270606,768000,768000,1.000000000,1,2025-11-28 08:07:00.000000,2025-11-28 08:07:59.999922,1,BAYxx_xxxx_20251128_075851_000.7z
2025-11-28 08:08:00,2808.224153,2.808224153,1240.982291,718.032920,849.208942,729640,768000,0.950052083,0,2025-11-28 08:08:00.000000,2025-11-28 08:08:59.999922,2,BAYxx_xxxx_20251128_075851_000.7z;BAYxx_xxxx_20251128_080854_000.7z
2025-11-28 08:09:00,2811.417673,2.811417673,1247.986924,716.259808,847.170942,768000,768000,1.000000000,1,2025-11-28 08:09:00.000000,2025-11-28 08:09:59.999922,1,BAYxx_xxxx_20251128_080854_000.7z
2025-11-28 08:10:00,2825.811146,2.825811146,1250.766187,722.152090,852.892868,768000,768000,1.000000000,1,2025-11-28 08:10:00.000000,2025-11-28 08:10:59.999922,1,BAYxx_xxxx_20251128_080854_000.7z
2025-11-28 08:11:00,3413.632104,3.413632104,1452.845641,922.972885,1037.813579,768000,768000,1.000000000,1,2025-11-28 08:11:00.000000,2025-11-28 08:11:59.999922,1,BAYxx_xxxx_20251128_080854_000.7z
2025-11-28 08:12:00,6781.473656,6.781473656,2489.716466,2051.090060,2240.667130,768000,768000,1.000000000,1,2025-11-28 08:12:00.000000,2025-11-28 08:12:59.999922,1,BAYxx_xxxx_20251128_080854_000.7z
2025-11-28 08:13:00,25217.333022,25.217333022,8200.100655,8320.539685,8696.692682,768000,768000,1.000000000,1,2025-11-28 08:13:00.000000,2025-11-28 08:13:59.999922,1,BAYxx_xxxx_20251128_080854_000.7z
2025-11-28 08:14:00,25592.574838,25.592574838,8271.853143,8509.987587,8810.734108,768000,768000,1.000000000,1,2025-11-28 08:14:00.000000,2025-11-28 08:14:59.999922,1,BAYxx_xxxx_20251128_080854_000.7z
2025-11-28 08:15:00,26900.053852,26.900053852,8746.669872,8866.096165,9287.287815,768000,768000,1.000000000,1,2025-11-28 08:15:00.000000,2025-11-28 08:15:59.999922,1,BAYxx_xxxx_20251128_080854_000.7z
2025-11-28 08:16:00,27615.293837,27.615293837,8933.906202,9109.131240,9572.256395,768000,768000,1.000000000,1,2025-11-28 08:16:00.000000,2025-11-28 08:16:59.999922,1,BAYxx_xxxx_20251128_080854_000.7z
2025-11-28 08:17:00,28616.871145,28.616871145,9257.223991,9447.431386,9912.215768,768000,768000,1.000000000,1,2025-11-28 08:17:00.000000,2025-11-28 08:17:59.999922,1,BAYxx_xxxx_20251128_080854_000.7z
2025-11-28 08:18:00,29269.987497,29.269987497,9546.327013,9598.204823,10125.455661,729677,768000,0.950100260,0,2025-11-28 08:18:00.000000,2025-11-28 08:18:59.999922,2,BAYxx_xxxx_20251128_080854_000.7z;BAYxx_xxxx_20251128_081857_000.7z
2025-11-28 08:19:00,26981.269037,26.981269037,8753.135499,8922.482547,9305.650991,768000,768000,1.000000000,1,2025-11-28 08:19:00.000000,2025-11-28 08:19:59.999922,1,BAYxx_xxxx_20251128_081857_000.7z
2025-11-28 08:20:00,2937.610806,2.937610806,1260.275506,717.462502,959.872798,768000,768000,1.000000000,1,2025-11-28 08:20:00.000000,2025-11-28 08:20:59.999922,1,BAYxx_xxxx_20251128_081857_000.7z
2025-11-28 08:21:00,2846.312467,2.846312467,1229.304827,683.640464,933.367177,768000,768000,1.000000000,1,2025-11-28 08:21:00.000000,2025-11-28 08:21:59.999922,1,BAYxx_xxxx_20251128_081857_000.7z
2025-11-28 08:22:00,2843.515057,2.843515057,1229.866399,685.759626,927.889032,768000,768000,1.000000000,1,2025-11-28 08:22:00.000000,2025-11-28 08:22:59.999922,1,BAYxx_xxxx_20251128_081857_000.7z
2025-11-28 08:23:00,2800.175951,2.800175951,1207.256878,685.235068,907.684005,768000,768000,1.000000000,1,2025-11-28 08:23:00.000000,2025-11-28 08:23:59.999922,1,BAYxx_xxxx_20251128_081857_000.7z
2025-11-28 08:24:00,2766.603608,2.766603608,1190.274186,671.032136,905.297286,768000,768000,1.000000000,1,2025-11-28 08:24:00.000000,2025-11-28 08:24:59.999922,1,BAYxx_xxxx_20251128_081857_000.7z
2025-11-28 08:25:00,2807.395590,2.807395590,1199.587436,685.070584,922.737571,768000,768000,1.000000000,1,2025-11-28 08:25:00.000000,2025-11-28 08:25:59.999922,1,BAYxx_xxxx_20251128_081857_000.7z
2025-11-28 08:26:00,2772.566512,2.772566512,1191.977281,672.000811,908.588419,768000,768000,1.000000000,1,2025-11-28 08:26:00.000000,2025-11-28 08:26:59.999922,1,BAYxx_xxxx_20251128_081857_000.7z
2025-11-28 08:27:00,2796.301334,2.796301334,1201.960808,679.414794,914.925732,768000,768000,1.000000000,1,2025-11-28 08:27:00.000000,2025-11-28 08:27:59.999922,1,BAYxx_xxxx_20251128_081857_000.7z
2025-11-28 08:28:00,2782.339162,2.782339162,1186.840810,677.279251,918.219101,729626,768000,0.950033854,0,2025-11-28 08:28:00.000000,2025-11-28 08:28:57.001953,1,BAYxx_xxxx_20251128_081857_000.7z
2025-11-28 08:29:00,2789.939783,2.789939783,1208.472523,663.269191,918.198069,755200,768000,0.983333333,0,2025-11-28 08:29:01.000000,2025-11-28 08:29:59.999922,1,BAYxx_xxxx_20251128_082901_000.7z
2025-11-28 08:30:00,2776.419900,2.776419900,1201.075800,651.692663,923.651438,768000,768000,1.000000000,1,2025-11-28 08:30:00.000000,2025-11-28 08:30:59.999922,1,BAYxx_xxxx_20251128_082901_000.7z
2025-11-28 08:31:00,2781.199386,2.781199386,1216.487035,645.039031,919.673320,768000,768000,1.000000000,1,2025-11-28 08:31:00.000000,2025-11-28 08:31:59.999922,1,BAYxx_xxxx_20251128_082901_000.7z
2025-11-28 08:32:00,3210.871011,3.210871011,1344.056941,812.464724,1054.349345,768000,768000,1.000000000,1,2025-11-28 08:32:00.000000,2025-11-28 08:32:59.999922,1,BAYxx_xxxx_20251128_082901_000.7z
2025-11-28 08:33:00,5100.036303,5.100036303,1960.403740,1434.819042,1704.813521,768000,768000,1.000000000,1,2025-11-28 08:33:00.000000,2025-11-28 08:33:59.999922,1,BAYxx_xxxx_20251128_082901_000.7z
2025-11-28 08:34:00,24837.002031,24.837002031,8107.868038,8153.618487,8575.515506,768000,768000,1.000000000,1,2025-11-28 08:34:00.000000,2025-11-28 08:34:59.999922,1,BAYxx_xxxx_20251128_082901_000.7z
2025-11-28 08:35:00,25422.144775,25.422144775,8311.187752,8368.107544,8742.849479,768000,768000,1.000000000,1,2025-11-28 08:35:00.000000,2025-11-28 08:35:59.999922,1,BAYxx_xxxx_20251128_082901_000.7z
2025-11-28 08:36:00,26755.036867,26.755036867,8830.877956,8768.651756,9155.507156,768000,768000,1.000000000,1,2025-11-28 08:36:00.000000,2025-11-28 08:36:59.999922,1,BAYxx_xxxx_20251128_082901_000.7z
2025-11-28 08:37:00,27548.633267,27.548633267,9033.120665,9044.773520,9470.739082,768000,768000,1.000000000,1,2025-11-28 08:37:00.000000,2025-11-28 08:37:59.999922,1,BAYxx_xxxx_20251128_082901_000.7z
2025-11-28 08:38:00,28539.974823,28.539974823,9291.944107,9446.789883,9801.240833,768000,768000,1.000000000,1,2025-11-28 08:38:00.000000,2025-11-28 08:38:59.999922,1,BAYxx_xxxx_20251128_082901_000.7z
2025-11-28 08:39:00,29285.050032,29.285050032,9473.906134,9769.052776,10042.091121,729661,768000,0.950079427,0,2025-11-28 08:39:00.000000,2025-11-28 08:39:59.999922,2,BAYxx_xxxx_20251128_082901_000.7z;BAYxx_xxxx_20251128_083904_000.7z
2025-11-28 08:40:00,16752.111821,16.752111821,5590.717195,5436.106214,5725.288411,768000,768000,1.000000000,1,2025-11-28 08:40:00.000000,2025-11-28 08:40:59.999922,1,BAYxx_xxxx_20251128_083904_000.7z
2025-11-28 08:41:00,2734.124157,2.734124157,1175.383498,653.690420,905.050238,768000,768000,1.000000000,1,2025-11-28 08:41:00.000000,2025-11-28 08:41:59.999922,1,BAYxx_xxxx_20251128_083904_000.7z
2025-11-28 08:42:00,2679.157422,2.679157422,1171.855484,640.347520,866.954418,768000,768000,1.000000000,1,2025-11-28 08:42:00.000000,2025-11-28 08:42:59.999922,1,BAYxx_xxxx_20251128_083904_000.7z
2025-11-28 08:43:00,2635.420132,2.635420132,1183.878263,646.520500,805.021368,768000,768000,1.000000000,1,2025-11-28 08:43:00.000000,2025-11-28 08:43:59.999922,1,BAYxx_xxxx_20251128_083904_000.7z
2025-11-28 08:44:00,2611.869922,2.611869922,1173.515150,647.837088,790.517684,768000,768000,1.000000000,1,2025-11-28 08:44:00.000000,2025-11-28 08:44:59.999922,1,BAYxx_xxxx_20251128_083904_000.7z
2025-11-28 08:45:00,2602.753133,2.602753133,1173.224041,638.477934,791.051157,768000,768000,1.000000000,1,2025-11-28 08:45:00.000000,2025-11-28 08:45:59.999922,1,BAYxx_xxxx_20251128_083904_000.7z
2025-11-28 08:46:00,2603.661561,2.603661561,1169.653475,636.500772,797.507314,768000,768000,1.000000000,1,2025-11-28 08:46:00.000000,2025-11-28 08:46:59.999922,1,BAYxx_xxxx_20251128_083904_000.7z
2025-11-28 08:47:00,2597.615897,2.597615897,1167.380107,631.013193,799.222597,768000,768000,1.000000000,1,2025-11-28 08:47:00.000000,2025-11-28 08:47:59.999922,1,BAYxx_xxxx_20251128_083904_000.7z
2025-11-28 08:48:00,2589.171926,2.589171926,1177.801058,630.790468,780.580400,768000,768000,1.000000000,1,2025-11-28 08:48:00.000000,2025-11-28 08:48:59.999922,1,BAYxx_xxxx_20251128_083904_000.7z
2025-11-28 08:49:00,2588.640972,2.588640972,1163.946909,631.803242,792.890820,716819,768000,0.933358073,0,2025-11-28 08:49:00.000000,2025-11-28 08:49:59.999922,2,BAYxx_xxxx_20251128_083904_000.7z;BAYxx_xxxx_20251128_084908_000.7z
2025-11-28 08:50:00,2599.205745,2.599205745,1169.891413,627.645199,801.669133,768000,768000,1.000000000,1,2025-11-28 08:50:00.000000,2025-11-28 08:50:59.999922,1,BAYxx_xxxx_20251128_084908_000.7z
2025-11-28 08:51:00,2604.403546,2.604403546,1168.041553,629.086028,807.275964,768000,768000,1.000000000,1,2025-11-28 08:51:00.000000,2025-11-28 08:51:59.999922,1,BAYxx_xxxx_20251128_084908_000.7z
2025-11-28 08:52:00,2595.443042,2.595443042,1181.333858,628.376992,785.732192,768000,768000,1.000000000,1,2025-11-28 08:52:00.000000,2025-11-28 08:52:59.999922,1,BAYxx_xxxx_20251128_084908_000.7z
2025-11-28 08:53:00,2587.723589,2.587723589,1171.714372,635.262111,780.747106,768000,768000,1.000000000,1,2025-11-28 08:53:00.000000,2025-11-28 08:53:59.999922,1,BAYxx_xxxx_20251128_084908_000.7z
2025-11-28 08:54:00,4207.008926,4.207008926,1706.648017,1166.882071,1333.478838,768000,768000,1.000000000,1,2025-11-28 08:54:00.000000,2025-11-28 08:54:59.999922,1,BAYxx_xxxx_20251128_084908_000.7z
2025-11-28 08:55:00,20430.038987,20.430038987,6762.577321,6705.471043,6961.990623,768000,768000,1.000000000,1,2025-11-28 08:55:00.000000,2025-11-28 08:55:59.999922,1,BAYxx_xxxx_20251128_084908_000.7z
2025-11-28 08:56:00,25343.221320,25.343221320,8298.221885,8393.940429,8651.059006,768000,768000,1.000000000,1,2025-11-28 08:56:00.000000,2025-11-28 08:56:59.999922,1,BAYxx_xxxx_20251128_084908_000.7z
2025-11-28 08:57:00,26426.266182,26.426266182,8662.583285,8743.388539,9020.294358,768000,768000,1.000000000,1,2025-11-28 08:57:00.000000,2025-11-28 08:57:59.999922,1,BAYxx_xxxx_20251128_084908_000.7z
2025-11-28 08:58:00,27488.970714,27.488970714,8949.597803,9091.669743,9447.703168,768000,768000,1.000000000,1,2025-11-28 08:58:00.000000,2025-11-28 08:58:59.999922,1,BAYxx_xxxx_20251128_084908_000.7z
2025-11-28 08:59:00,28259.257896,28.259257896,9188.401984,9322.448982,9748.406930,716906,768000,0.933471354,0,2025-11-28 08:59:00.000000,2025-11-28 08:59:59.999922,2,BAYxx_xxxx_20251128_084908_000.7z;BAYxx_xxxx_20251128_085912_000.7z
2025-11-28 09:00:00,8154.782732,8.154782732,2893.175344,2491.737472,2769.869916,768000,768000,1.000000000,1,2025-11-28 09:00:00.000000,2025-11-28 09:00:59.999922,1,BAYxx_xxxx_20251128_085912_000.7z
2025-11-28 09:01:00,14404.802874,14.404802874,4845.178564,4656.664584,4902.959726,768000,768000,1.000000000,1,2025-11-28 09:01:00.000000,2025-11-28 09:01:59.999922,1,BAYxx_xxxx_20251128_085912_000.7z
2025-11-28 09:02:00,4242.395361,4.242395361,1685.411716,1155.034543,1401.949102,768000,768000,1.000000000,1,2025-11-28 09:02:00.000000,2025-11-28 09:02:59.999922,1,BAYxx_xxxx_20251128_085912_000.7z
2025-11-28 09:03:00,11519.854242,11.519854242,3913.441445,3666.741891,3939.670906,768000,768000,1.000000000,1,2025-11-28 09:03:00.000000,2025-11-28 09:03:59.999922,1,BAYxx_xxxx_20251128_085912_000.7z
2025-11-28 09:04:00,2618.804804,2.618804804,1152.826914,599.713536,866.264353,768000,768000,1.000000000,1,2025-11-28 09:04:00.000000,2025-11-28 09:04:59.999922,1,BAYxx_xxxx_20251128_085912_000.7z
2025-11-28 09:05:00,2616.109648,2.616109648,1159.369371,591.689848,865.050429,768000,768000,1.000000000,1,2025-11-28 09:05:00.000000,2025-11-28 09:05:59.999922,1,BAYxx_xxxx_20251128_085912_000.7z
2025-11-28 09:06:00,3442.745849,3.442745849,1433.852077,875.122095,1133.771677,768000,768000,1.000000000,1,2025-11-28 09:06:00.000000,2025-11-28 09:06:59.999922,1,BAYxx_xxxx_20251128_085912_000.7z
2025-11-28 09:07:00,10125.493309,10.125493309,3528.839873,3163.358518,3433.294917,768000,768000,1.000000000,1,2025-11-28 09:07:00.000000,2025-11-28 09:07:59.999922,1,BAYxx_xxxx_20251128_085912_000.7z
2025-11-28 09:08:00,26642.536192,26.642536192,8676.583531,8779.835975,9186.116686,768000,768000,1.000000000,1,2025-11-28 09:08:00.000000,2025-11-28 09:08:59.999922,1,BAYxx_xxxx_20251128_085912_000.7z
2025-11-28 09:09:00,27013.947668,27.013947668,8839.227212,8909.510552,9265.209904,729721,768000,0.950157552,0,2025-11-28 09:09:00.000000,2025-11-28 09:09:59.999922,2,BAYxx_xxxx_20251128_085912_000.7z;BAYxx_xxxx_20251128_090915_000.7z
2025-11-28 09:10:00,21652.081900,21.652081900,7164.676282,7087.860380,7399.545238,768000,768000,1.000000000,1,2025-11-28 09:10:00.000000,2025-11-28 09:10:59.999922,1,BAYxx_xxxx_20251128_090915_000.7z
2025-11-28 09:11:00,2585.606459,2.585606459,1136.553966,594.361116,854.691376,768000,768000,1.000000000,1,2025-11-28 09:11:00.000000,2025-11-28 09:11:59.999922,1,BAYxx_xxxx_20251128_090915_000.7z
2025-11-28 09:12:00,2617.336435,2.617336435,1151.790744,605.888255,859.657436,768000,768000,1.000000000,1,2025-11-28 09:12:00.000000,2025-11-28 09:12:59.999922,1,BAYxx_xxxx_20251128_090915_000.7z
2025-11-28 09:13:00,2606.679726,2.606679726,1150.205541,592.213068,864.261117,768000,768000,1.000000000,1,2025-11-28 09:13:00.000000,2025-11-28 09:13:59.999922,1,BAYxx_xxxx_20251128_090915_000.7z
2025-11-28 09:14:00,2633.468160,2.633468160,1153.307829,603.709351,876.450980,768000,768000,1.000000000,1,2025-11-28 09:14:00.000000,2025-11-28 09:14:59.999922,1,BAYxx_xxxx_20251128_090915_000.7z
2025-11-28 09:15:00,2642.188514,2.642188514,1144.307684,611.037385,886.843445,768000,768000,1.000000000,1,2025-11-28 09:15:00.000000,2025-11-28 09:15:59.999922,1,BAYxx_xxxx_20251128_090915_000.7z
2025-11-28 09:16:00,2631.125438,2.631125438,1144.366505,608.458228,878.300705,768000,768000,1.000000000,1,2025-11-28 09:16:00.000000,2025-11-28 09:16:59.999922,1,BAYxx_xxxx_20251128_090915_000.7z
2025-11-28 09:17:00,2633.831323,2.633831323,1158.306136,596.465238,879.059950,768000,768000,1.000000000,1,2025-11-28 09:17:00.000000,2025-11-28 09:17:59.999922,1,BAYxx_xxxx_20251128_090915_000.7z
2025-11-28 09:18:00,2652.036330,2.652036330,1161.414173,608.680202,881.941955,768000,768000,1.000000000,1,2025-11-28 09:18:00.000000,2025-11-28 09:18:59.999922,1,BAYxx_xxxx_20251128_090915_000.7z
2025-11-28 09:19:00,2636.086460,2.636086460,1153.780732,606.130556,876.175172,729706,768000,0.950138021,0,2025-11-28 09:19:00.000000,2025-11-28 09:19:59.999922,2,BAYxx_xxxx_20251128_090915_000.7z;BAYxx_xxxx_20251128_091918_000.7z
2025-11-28 09:20:00,2625.930909,2.625930909,1145.406923,603.306616,877.217370,768000,768000,1.000000000,1,2025-11-28 09:20:00.000000,2025-11-28 09:20:59.999922,1,BAYxx_xxxx_20251128_091918_000.7z
2025-11-28 09:21:00,3900.269351,3.900269351,1556.145096,1039.875590,1304.248664,768000,768000,1.000000000,1,2025-11-28 09:21:00.000000,2025-11-28 09:21:59.999922,1,BAYxx_xxxx_20251128_091918_000.7z
2025-11-28 09:22:00,15973.575214,15.973575214,5378.790838,5106.942975,5487.841402,768000,768000,1.000000000,1,2025-11-28 09:22:00.000000,2025-11-28 09:22:59.999922,1,BAYxx_xxxx_20251128_091918_000.7z
2025-11-28 09:23:00,25879.854371,25.879854371,8428.493017,8493.500166,8957.861188,768000,768000,1.000000000,1,2025-11-28 09:23:00.000000,2025-11-28 09:23:59.999922,1,BAYxx_xxxx_20251128_091918_000.7z
2025-11-28 09:24:00,26701.853630,26.701853630,8653.900604,8786.581904,9261.371122,768000,768000,1.000000000,1,2025-11-28 09:24:00.000000,2025-11-28 09:24:59.999922,1,BAYxx_xxxx_20251128_091918_000.7z
2025-11-28 09:25:00,28133.658237,28.133658237,9087.292043,9325.016146,9721.350048,768000,768000,1.000000000,1,2025-11-28 09:25:00.000000,2025-11-28 09:25:59.999922,1,BAYxx_xxxx_20251128_091918_000.7z
2025-11-28 09:26:00,28875.316318,28.875316318,9431.393882,9462.073243,9981.849194,768000,768000,1.000000000,1,2025-11-28 09:26:00.000000,2025-11-28 09:26:59.999922,1,BAYxx_xxxx_20251128_091918_000.7z
2025-11-28 09:27:00,18347.706172,18.347706172,6144.518093,5896.853267,6306.334812,768000,768000,1.000000000,1,2025-11-28 09:27:00.000000,2025-11-28 09:27:59.999922,1,BAYxx_xxxx_20251128_091918_000.7z
2025-11-28 09:28:00,2403.402617,2.403402617,1107.444190,561.152986,734.805442,768000,768000,1.000000000,1,2025-11-28 09:28:00.000000,2025-11-28 09:28:59.999922,1,BAYxx_xxxx_20251128_091918_000.7z
2025-11-28 09:29:00,2416.945486,2.416945486,1116.346761,568.803913,731.794811,729654,768000,0.950070312,0,2025-11-28 09:29:00.000000,2025-11-28 09:29:59.999922,2,BAYxx_xxxx_20251128_091918_000.7z;BAYxx_xxxx_20251128_092921_000.7z
2025-11-28 09:30:00,3099.691573,3.099691573,1340.420427,805.148147,954.122999,768000,768000,1.000000000,1,2025-11-28 09:30:00.000000,2025-11-28 09:30:59.999922,1,BAYxx_xxxx_20251128_092921_000.7z
2025-11-28 09:31:00,3434.050713,3.434050713,1451.839369,908.680755,1073.530590,768000,768000,1.000000000,1,2025-11-28 09:31:00.000000,2025-11-28 09:31:59.999922,1,BAYxx_xxxx_20251128_092921_000.7z
2025-11-28 09:32:00,2483.575429,2.483575429,1138.937869,580.191111,764.446449,768000,768000,1.000000000,1,2025-11-28 09:32:00.000000,2025-11-28 09:32:59.999922,1,BAYxx_xxxx_20251128_092921_000.7z
2025-11-28 09:33:00,2474.922371,2.474922371,1134.778764,577.091956,763.051650,768000,768000,1.000000000,1,2025-11-28 09:33:00.000000,2025-11-28 09:33:59.999922,1,BAYxx_xxxx_20251128_092921_000.7z
2025-11-28 09:34:00,2468.158877,2.468158877,1113.937090,593.993819,760.227968,768000,768000,1.000000000,1,2025-11-28 09:34:00.000000,2025-11-28 09:34:59.999922,1,BAYxx_xxxx_20251128_092921_000.7z
2025-11-28 09:35:00,2456.366891,2.456366891,1126.368269,571.770592,758.228029,768000,768000,1.000000000,1,2025-11-28 09:35:00.000000,2025-11-28 09:35:59.999922,1,BAYxx_xxxx_20251128_092921_000.7z
2025-11-28 09:36:00,2426.200154,2.426200154,1108.682653,572.056499,745.461002,768000,768000,1.000000000,1,2025-11-28 09:36:00.000000,2025-11-28 09:36:59.999922,1,BAYxx_xxxx_20251128_092921_000.7z
2025-11-28 09:37:00,2407.015398,2.407015398,1106.875072,563.667712,736.472613,768000,768000,1.000000000,1,2025-11-28 09:37:00.000000,2025-11-28 09:37:59.999922,1,BAYxx_xxxx_20251128_092921_000.7z
2025-11-28 09:38:00,2415.172174,2.415172174,1112.334498,564.170904,738.666773,768000,768000,1.000000000,1,2025-11-28 09:38:00.000000,2025-11-28 09:38:59.999922,1,BAYxx_xxxx_20251128_092921_000.7z
2025-11-28 09:39:00,2435.733130,2.435733130,1123.992509,568.010650,743.729971,729664,768000,0.950083333,0,2025-11-28 09:39:00.000000,2025-11-28 09:39:59.999922,2,BAYxx_xxxx_20251128_092921_000.7z;BAYxx_xxxx_20251128_093924_000.7z
2025-11-28 09:40:00,2829.026087,2.829026087,1244.778803,702.221768,882.025515,768000,768000,1.000000000,1,2025-11-28 09:40:00.000000,2025-11-28 09:40:59.999922,1,BAYxx_xxxx_20251128_093924_000.7z
2025-11-28 09:41:00,4574.812283,4.574812283,1811.846313,1293.545768,1469.420202,768000,768000,1.000000000,1,2025-11-28 09:41:00.000000,2025-11-28 09:41:59.999922,1,BAYxx_xxxx_20251128_093924_000.7z
2025-11-28 09:42:00,25235.788314,25.235788314,8217.523798,8324.455501,8693.809016,768000,768000,1.000000000,1,2025-11-28 09:42:00.000000,2025-11-28 09:42:59.999922,1,BAYxx_xxxx_20251128_093924_000.7z
2025-11-28 09:43:00,25966.246094,25.966246094,8372.716372,8576.165106,9017.364616,768000,768000,1.000000000,1,2025-11-28 09:43:00.000000,2025-11-28 09:43:59.999922,1,BAYxx_xxxx_20251128_093924_000.7z
2025-11-28 09:44:00,27413.138370,27.413138370,8845.773576,9005.598562,9561.766231,768000,768000,1.000000000,1,2025-11-28 09:44:00.000000,2025-11-28 09:44:59.999922,1,BAYxx_xxxx_20251128_093924_000.7z
2025-11-28 09:45:00,28159.367738,28.159367738,9068.674194,9370.042497,9720.651047,768000,768000,1.000000000,1,2025-11-28 09:45:00.000000,2025-11-28 09:45:59.999922,1,BAYxx_xxxx_20251128_093924_000.7z
2025-11-28 09:46:00,29090.212660,29.090212660,9389.207989,9629.801299,10071.203373,768000,768000,1.000000000,1,2025-11-28 09:46:00.000000,2025-11-28 09:46:59.999922,1,BAYxx_xxxx_20251128_093924_000.7z
2025-11-28 09:47:00,23798.194102,23.798194102,7781.747843,7765.723584,8250.722676,768000,768000,1.000000000,1,2025-11-28 09:47:00.000000,2025-11-28 09:47:59.999922,1,BAYxx_xxxx_20251128_093924_000.7z
2025-11-28 09:48:00,2388.959571,2.388959571,1084.724991,515.433053,788.801527,768000,768000,1.000000000,1,2025-11-28 09:48:00.000000,2025-11-28 09:48:59.999922,1,BAYxx_xxxx_20251128_093924_000.7z
2025-11-28 09:49:00,2413.225596,2.413225596,1080.897105,538.320195,794.008297,742528,768000,0.966833333,0,2025-11-28 09:49:00.000000,2025-11-28 09:49:59.999922,2,BAYxx_xxxx_20251128_093924_000.7z;BAYxx_xxxx_20251128_094926_000.7z
2025-11-28 09:50:00,2758.634995,2.758634995,1185.311952,651.946516,921.376527,768000,768000,1.000000000,1,2025-11-28 09:50:00.000000,2025-11-28 09:50:59.999922,1,BAYxx_xxxx_20251128_094926_000.7z
2025-11-28 09:51:00,2645.592035,2.645592035,1151.254800,617.748708,876.588527,768000,768000,1.000000000,1,2025-11-28 09:51:00.000000,2025-11-28 09:51:59.999922,1,BAYxx_xxxx_20251128_094926_000.7z
2025-11-28 09:52:00,2413.309459,2.413309459,1082.687663,533.352772,797.269024,768000,768000,1.000000000,1,2025-11-28 09:52:00.000000,2025-11-28 09:52:59.999922,1,BAYxx_xxxx_20251128_094926_000.7z
2025-11-28 09:53:00,2422.303277,2.422303277,1088.775305,534.946767,798.581206,768000,768000,1.000000000,1,2025-11-28 09:53:00.000000,2025-11-28 09:53:59.999922,1,BAYxx_xxxx_20251128_094926_000.7z
2025-11-28 09:54:00,2422.379605,2.422379605,1088.564011,536.497760,797.317834,768000,768000,1.000000000,1,2025-11-28 09:54:00.000000,2025-11-28 09:54:59.999922,1,BAYxx_xxxx_20251128_094926_000.7z
2025-11-28 09:55:00,2424.564340,2.424564340,1086.135410,537.135683,801.293247,768000,768000,1.000000000,1,2025-11-28 09:55:00.000000,2025-11-28 09:55:59.999922,1,BAYxx_xxxx_20251128_094926_000.7z
2025-11-28 09:56:00,2435.784389,2.435784389,1088.872268,536.885417,810.026704,768000,768000,1.000000000,1,2025-11-28 09:56:00.000000,2025-11-28 09:56:59.999922,1,BAYxx_xxxx_20251128_094926_000.7z
2025-11-28 09:57:00,2441.014277,2.441014277,1090.365043,536.217866,814.431369,768000,768000,1.000000000,1,2025-11-28 09:57:00.000000,2025-11-28 09:57:59.999922,1,BAYxx_xxxx_20251128_094926_000.7z
2025-11-28 09:58:00,2436.876197,2.436876197,1081.903308,542.345744,812.627145,768000,768000,1.000000000,1,2025-11-28 09:58:00.000000,2025-11-28 09:58:59.999922,1,BAYxx_xxxx_20251128_094926_000.7z
2025-11-28 09:59:00,2446.663572,2.446663572,1088.494138,541.302445,816.866989,716929,768000,0.933501302,0,2025-11-28 09:59:00.000000,2025-11-28 09:59:59.999922,2,BAYxx_xxxx_20251128_094926_000.7z;BAYxx_xxxx_20251128_095930_000.7z
2025-11-28 10:00:00,2415.864632,2.415864632,1084.540212,522.318676,809.005745,768000,768000,1.000000000,1,2025-11-28 10:00:00.000000,2025-11-28 10:00:59.999922,1,BAYxx_xxxx_20251128_095930_000.7z
2025-11-28 10:01:00,2429.838185,2.429838185,1079.224126,527.613393,823.000666,768000,768000,1.000000000,1,2025-11-28 10:01:00.000000,2025-11-28 10:01:59.999922,1,BAYxx_xxxx_20251128_095930_000.7z
2025-11-28 10:02:00,3990.278655,3.990278655,1580.184660,1062.203647,1347.890348,768000,768000,1.000000000,1,2025-11-28 10:02:00.000000,2025-11-28 10:02:59.999922,1,BAYxx_xxxx_20251128_095930_000.7z
2025-11-28 10:03:00,19276.615396,19.276615396,6324.923222,6306.195876,6645.496299,768000,768000,1.000000000,1,2025-11-28 10:03:00.000000,2025-11-28 10:03:59.999922,1,BAYxx_xxxx_20251128_095930_000.7z
2025-11-28 10:04:00,25105.884177,25.105884177,8213.235134,8205.372190,8687.276853,768000,768000,1.000000000,1,2025-11-28 10:04:00.000000,2025-11-28 10:04:59.999922,1,BAYxx_xxxx_20251128_095930_000.7z
2025-11-28 10:05:00,26231.366703,26.231366703,8523.529596,8635.318677,9072.518429,768000,768000,1.000000000,1,2025-11-28 10:05:00.000000,2025-11-28 10:05:59.999922,1,BAYxx_xxxx_20251128_095930_000.7z
2025-11-28 10:06:00,27349.633336,27.349633336,8814.123376,9020.557832,9514.952129,768000,768000,1.000000000,1,2025-11-28 10:06:00.000000,2025-11-28 10:06:59.999922,1,BAYxx_xxxx_20251128_095930_000.7z
2025-11-28 10:07:00,28257.045658,28.257045658,9077.060591,9382.751831,9797.233237,768000,768000,1.000000000,1,2025-11-28 10:07:00.000000,2025-11-28 10:07:59.999922,1,BAYxx_xxxx_20251128_095930_000.7z
2025-11-28 10:08:00,29268.384154,29.268384154,9444.310598,9730.467378,10093.606178,768000,768000,1.000000000,1,2025-11-28 10:08:00.000000,2025-11-28 10:08:59.999922,1,BAYxx_xxxx_20251128_095930_000.7z
2025-11-28 10:09:00,6264.743125,6.264743125,2287.523470,1844.510887,2132.708768,742414,768000,0.966684896,0,2025-11-28 10:09:00.000000,2025-11-28 10:09:59.999922,2,BAYxx_xxxx_20251128_095930_000.7z;BAYxx_xxxx_20251128_100932_000.7z
2025-11-28 10:10:00,2443.640986,2.443640986,1077.446741,543.539297,822.654948,768000,768000,1.000000000,1,2025-11-28 10:10:00.000000,2025-11-28 10:10:59.999922,1,BAYxx_xxxx_20251128_100932_000.7z
2025-11-28 10:11:00,2449.958765,2.449958765,1094.524941,532.592214,822.841610,768000,768000,1.000000000,1,2025-11-28 10:11:00.000000,2025-11-28 10:11:59.999922,1,BAYxx_xxxx_20251128_100932_000.7z
2025-11-28 10:12:00,2883.370301,2.883370301,1229.005771,686.122047,968.242483,768000,768000,1.000000000,1,2025-11-28 10:12:00.000000,2025-11-28 10:12:59.999922,1,BAYxx_xxxx_20251128_100932_000.7z
2025-11-28 10:13:00,2395.526981,2.395526981,1092.996529,540.357853,762.172600,768000,768000,1.000000000,1,2025-11-28 10:13:00.000000,2025-11-28 10:13:59.999922,1,BAYxx_xxxx_20251128_100932_000.7z
2025-11-28 10:14:00,2360.923531,2.360923531,1096.400471,545.086320,719.436740,768000,768000,1.000000000,1,2025-11-28 10:14:00.000000,2025-11-28 10:14:59.999922,1,BAYxx_xxxx_20251128_100932_000.7z
2025-11-28 10:15:00,2297.753410,2.297753410,1071.027351,513.482593,713.243466,768000,768000,1.000000000,1,2025-11-28 10:15:00.000000,2025-11-28 10:15:59.999922,1,BAYxx_xxxx_20251128_100932_000.7z
2025-11-28 10:16:00,2299.230992,2.299230992,1065.262090,523.620913,710.347989,768000,768000,1.000000000,1,2025-11-28 10:16:00.000000,2025-11-28 10:16:59.999922,1,BAYxx_xxxx_20251128_100932_000.7z
2025-11-28 10:17:00,2298.412086,2.298412086,1079.621800,506.281037,712.509249,768000,768000,1.000000000,1,2025-11-28 10:17:00.000000,2025-11-28 10:17:59.999922,1,BAYxx_xxxx_20251128_100932_000.7z
2025-11-28 10:18:00,2293.438400,2.293438400,1070.692528,516.983600,705.762272,768000,768000,1.000000000,1,2025-11-28 10:18:00.000000,2025-11-28 10:18:59.999922,1,BAYxx_xxxx_20251128_100932_000.7z
2025-11-28 10:19:00,2312.202489,2.312202489,1080.311797,513.804516,718.086176,729730,768000,0.950169271,0,2025-11-28 10:19:00.000000,2025-11-28 10:19:59.999922,2,BAYxx_xxxx_20251128_100932_000.7z;BAYxx_xxxx_20251128_101935_000.7z
2025-11-28 10:20:00,2290.781291,2.290781291,1070.593205,508.852588,711.335497,768000,768000,1.000000000,1,2025-11-28 10:20:00.000000,2025-11-28 10:20:59.999922,1,BAYxx_xxxx_20251128_101935_000.7z
2025-11-28 10:21:00,2260.883405,2.260883405,1057.822632,506.456555,696.604219,768000,768000,1.000000000,1,2025-11-28 10:21:00.000000,2025-11-28 10:21:59.999922,1,BAYxx_xxxx_20251128_101935_000.7z
2025-11-28 10:22:00,2235.333317,2.235333317,1058.360838,490.214156,686.758323,768000,768000,1.000000000,1,2025-11-28 10:22:00.000000,2025-11-28 10:22:59.999922,1,BAYxx_xxxx_20251128_101935_000.7z
2025-11-28 10:23:00,2140.338444,2.140338444,1032.700943,441.965502,665.671998,768000,768000,1.000000000,1,2025-11-28 10:23:00.000000,2025-11-28 10:23:59.999922,1,BAYxx_xxxx_20251128_101935_000.7z
2025-11-28 10:24:00,1926.574696,1.926574696,956.728403,380.272749,589.573545,768000,768000,1.000000000,1,2025-11-28 10:24:00.000000,2025-11-28 10:24:59.999922,1,BAYxx_xxxx_20251128_101935_000.7z
2025-11-28 10:25:00,3168.906089,3.168906089,1347.890307,816.501476,1004.514306,768000,768000,1.000000000,1,2025-11-28 10:25:00.000000,2025-11-28 10:25:59.999922,1,BAYxx_xxxx_20251128_101935_000.7z
2025-11-28 10:26:00,21053.953294,21.053953294,6864.379171,6945.407105,7244.167018,768000,768000,1.000000000,1,2025-11-28 10:26:00.000000,2025-11-28 10:26:59.999922,1,BAYxx_xxxx_20251128_101935_000.7z
2025-11-28 10:27:00,24795.806649,24.795806649,8025.514917,8168.294915,8601.996817,768000,768000,1.000000000,1,2025-11-28 10:27:00.000000,2025-11-28 10:27:59.999922,1,BAYxx_xxxx_20251128_101935_000.7z
2025-11-28 10:28:00,26089.379066,26.089379066,8443.610372,8577.089899,9068.678794,768000,768000,1.000000000,1,2025-11-28 10:28:00.000000,2025-11-28 10:28:59.999922,1,BAYxx_xxxx_20251128_101935_000.7z
2025-11-28 10:29:00,27167.718032,27.167718032,8832.879761,8898.847423,9435.990847,729741,768000,0.950183594,0,2025-11-28 10:29:00.000000,2025-11-28 10:29:59.999922,2,BAYxx_xxxx_20251128_101935_000.7z;BAYxx_xxxx_20251128_102938_000.7z
2025-11-28 10:30:00,28076.913852,28.076913852,9131.641994,9215.110165,9730.161693,768000,768000,1.000000000,1,2025-11-28 10:30:00.000000,2025-11-28 10:30:59.999922,1,BAYxx_xxxx_20251128_102938_000.7z
2025-11-28 10:31:00,5804.589402,5.804589402,2128.779760,1675.916249,1999.893393,768000,768000,1.000000000,1,2025-11-28 10:31:00.000000,2025-11-28 10:31:59.999922,1,BAYxx_xxxx_20251128_102938_000.7z
2025-11-28 10:32:00,1613.240842,1.613240842,812.737921,250.669887,549.833034,768000,768000,1.000000000,1,2025-11-28 10:32:00.000000,2025-11-28 10:32:59.999922,1,BAYxx_xxxx_20251128_102938_000.7z
2025-11-28 10:33:00,1614.007325,1.614007325,819.729970,249.582102,544.695253,768000,768000,1.000000000,1,2025-11-28 10:33:00.000000,2025-11-28 10:33:59.999922,1,BAYxx_xxxx_20251128_102938_000.7z
2025-11-28 10:34:00,3028.831511,3.028831511,1278.388820,736.829289,1013.613402,768000,768000,1.000000000,1,2025-11-28 10:34:00.000000,2025-11-28 10:34:59.999922,1,BAYxx_xxxx_20251128_102938_000.7z
2025-11-28 10:35:00,2078.724391,2.078724391,968.644885,408.929779,701.149726,768000,768000,1.000000000,1,2025-11-28 10:35:00.000000,2025-11-28 10:35:59.999922,1,BAYxx_xxxx_20251128_102938_000.7z
2025-11-28 10:36:00,1594.774909,1.594774909,808.386435,244.238432,542.150042,768000,768000,1.000000000,1,2025-11-28 10:36:00.000000,2025-11-28 10:36:59.999922,1,BAYxx_xxxx_20251128_102938_000.7z
2025-11-28 10:37:00,1626.561310,1.626561310,811.965280,263.664929,550.931101,768000,768000,1.000000000,1,2025-11-28 10:37:00.000000,2025-11-28 10:37:59.999922,1,BAYxx_xxxx_20251128_102938_000.7z
2025-11-28 10:38:00,1689.604891,1.689604891,844.981165,280.950618,563.673108,768000,768000,1.000000000,1,2025-11-28 10:38:00.000000,2025-11-28 10:38:59.999922,1,BAYxx_xxxx_20251128_102938_000.7z
2025-11-28 10:39:00,1717.744810,1.717744810,847.888617,286.671952,583.184241,729640,768000,0.950052083,0,2025-11-28 10:39:00.000000,2025-11-28 10:39:59.999922,2,BAYxx_xxxx_20251128_102938_000.7z;BAYxx_xxxx_20251128_103941_000.7z
2025-11-28 10:40:00,1774.094148,1.774094148,866.204776,304.693937,603.195436,768000,768000,1.000000000,1,2025-11-28 10:40:00.000000,2025-11-28 10:40:59.999922,1,BAYxx_xxxx_20251128_103941_000.7z
2025-11-28 10:41:00,1819.323785,1.819323785,876.936670,327.996283,614.390832,768000,768000,1.000000000,1,2025-11-28 10:41:00.000000,2025-11-28 10:41:59.999922,1,BAYxx_xxxx_20251128_103941_000.7z
2025-11-28 10:42:00,1854.985383,1.854985383,897.508701,328.841549,628.635133,768000,768000,1.000000000,1,2025-11-28 10:42:00.000000,2025-11-28 10:42:59.999922,1,BAYxx_xxxx_20251128_103941_000.7z
2025-11-28 10:43:00,1912.384376,1.912384376,923.961009,339.492281,648.931086,768000,768000,1.000000000,1,2025-11-28 10:43:00.000000,2025-11-28 10:43:59.999922,1,BAYxx_xxxx_20251128_103941_000.7z
2025-11-28 10:44:00,1930.949332,1.930949332,921.302402,353.831033,655.815896,768000,768000,1.000000000,1,2025-11-28 10:44:00.000000,2025-11-28 10:44:59.999922,1,BAYxx_xxxx_20251128_103941_000.7z
2025-11-28 10:45:00,2011.963859,2.011963859,942.917995,387.000842,682.045022,768000,768000,1.000000000,1,2025-11-28 10:45:00.000000,2025-11-28 10:45:59.999922,1,BAYxx_xxxx_20251128_103941_000.7z
2025-11-28 10:46:00,2074.508732,2.074508732,970.968972,411.822695,691.717065,768000,768000,1.000000000,1,2025-11-28 10:46:00.000000,2025-11-28 10:46:59.999922,1,BAYxx_xxxx_20251128_103941_000.7z
2025-11-28 10:47:00,2077.912349,2.077912349,970.719313,408.260361,698.932675,768000,768000,1.000000000,1,2025-11-28 10:47:00.000000,2025-11-28 10:47:59.999922,1,BAYxx_xxxx_20251128_103941_000.7z
2025-11-28 10:48:00,2549.534448,2.549534448,1125.020772,560.573299,863.940377,768000,768000,1.000000000,1,2025-11-28 10:48:00.000000,2025-11-28 10:48:59.999922,1,BAYxx_xxxx_20251128_103941_000.7z
2025-11-28 10:49:00,4235.179871,4.235179871,1652.869119,1161.712660,1420.598092,729605,768000,0.950006510,0,2025-11-28 10:49:00.000000,2025-11-28 10:49:59.999922,2,BAYxx_xxxx_20251128_103941_000.7z;BAYxx_xxxx_20251128_104944_000.7z
2025-11-28 10:50:00,24933.603276,24.933603276,8057.099081,8254.407574,8622.096621,768000,768000,1.000000000,1,2025-11-28 10:50:00.000000,2025-11-28 10:50:59.999922,1,BAYxx_xxxx_20251128_104944_000.7z
2025-11-28 10:51:00,25675.407481,25.675407481,8279.427955,8454.848745,8941.130782,768000,768000,1.000000000,1,2025-11-28 10:51:00.000000,2025-11-28 10:51:59.999922,1,BAYxx_xxxx_20251128_104944_000.7z
2025-11-28 10:52:00,27298.660261,27.298660261,8826.259831,8959.607515,9512.792915,768000,768000,1.000000000,1,2025-11-28 10:52:00.000000,2025-11-28 10:52:59.999922,1,BAYxx_xxxx_20251128_104944_000.7z
2025-11-28 10:53:00,28272.528482,28.272528482,9243.032314,9237.519764,9791.976405,768000,768000,1.000000000,1,2025-11-28 10:53:00.000000,2025-11-28 10:53:59.999922,1,BAYxx_xxxx_20251128_104944_000.7z
2025-11-28 10:54:00,23032.981139,23.032981139,7549.062014,7472.906057,8011.013067,768000,768000,1.000000000,1,2025-11-28 10:54:00.000000,2025-11-28 10:54:59.999922,1,BAYxx_xxxx_20251128_104944_000.7z
2025-11-28 10:55:00,2255.916753,2.255916753,1028.256647,466.036443,761.623663,768000,768000,1.000000000,1,2025-11-28 10:55:00.000000,2025-11-28 10:55:59.999922,1,BAYxx_xxxx_20251128_104944_000.7z
2025-11-28 10:56:00,2298.574170,2.298574170,1033.124973,485.136124,780.313073,768000,768000,1.000000000,1,2025-11-28 10:56:00.000000,2025-11-28 10:56:59.999922,1,BAYxx_xxxx_20251128_104944_000.7z
2025-11-28 10:57:00,2273.225589,2.273225589,1021.923918,480.240282,771.061389,768000,768000,1.000000000,1,2025-11-28 10:57:00.000000,2025-11-28 10:57:59.999922,1,BAYxx_xxxx_20251128_104944_000.7z
2025-11-28 10:58:00,2247.888846,2.247888846,1028.574477,476.039661,743.274708,768000,768000,1.000000000,1,2025-11-28 10:58:00.000000,2025-11-28 10:58:59.999922,1,BAYxx_xxxx_20251128_104944_000.7z
2025-11-28 10:59:00,2158.520113,2.158520113,1017.494045,486.786490,654.239579,742500,768000,0.966796875,0,2025-11-28 10:59:00.000000,2025-11-28 10:59:59.999922,2,BAYxx_xxxx_20251128_104944_000.7z;BAYxx_xxxx_20251128_105946_000.7z
2025-11-28 11:00:00,2130.242520,2.130242520,1001.306551,470.583926,658.352043,768000,768000,1.000000000,1,2025-11-28 11:00:00.000000,2025-11-28 11:00:59.999922,1,BAYxx_xxxx_20251128_105946_000.7z
2025-11-28 11:01:00,2143.635582,2.143635582,1010.235031,472.615978,660.784572,768000,768000,1.000000000,1,2025-11-28 11:01:00.000000,2025-11-28 11:01:59.999922,1,BAYxx_xxxx_20251128_105946_000.7z
2025-11-28 11:02:00,2088.533025,2.088533025,993.300656,462.215348,633.017021,768000,768000,1.000000000,1,2025-11-28 11:02:00.000000,2025-11-28 11:02:59.999922,1,BAYxx_xxxx_20251128_105946_000.7z
2025-11-28 11:03:00,2071.922049,2.071922049,985.794109,458.932958,627.194982,768000,768000,1.000000000,1,2025-11-28 11:03:00.000000,2025-11-28 11:03:59.999922,1,BAYxx_xxxx_20251128_105946_000.7z
2025-11-28 11:04:00,2075.542538,2.075542538,980.331218,455.151952,640.059368,768000,768000,1.000000000,1,2025-11-28 11:04:00.000000,2025-11-28 11:04:59.999922,1,BAYxx_xxxx_20251128_105946_000.7z
2025-11-28 11:05:00,2048.904558,2.048904558,989.968224,435.907749,623.028586,768000,768000,1.000000000,1,2025-11-28 11:05:00.000000,2025-11-28 11:05:59.999922,1,BAYxx_xxxx_20251128_105946_000.7z
2025-11-28 11:06:00,2036.452736,2.036452736,981.927733,432.852982,621.672020,768000,768000,1.000000000,1,2025-11-28 11:06:00.000000,2025-11-28 11:06:59.999922,1,BAYxx_xxxx_20251128_105946_000.7z
2025-11-28 11:07:00,2026.216635,2.026216635,974.803623,431.724111,619.688901,768000,768000,1.000000000,1,2025-11-28 11:07:00.000000,2025-11-28 11:07:59.999922,1,BAYxx_xxxx_20251128_105946_000.7z
2025-11-28 11:08:00,1993.197509,1.993197509,958.565713,416.722099,617.909697,768000,768000,1.000000000,1,2025-11-28 11:08:00.000000,2025-11-28 11:08:59.999922,1,BAYxx_xxxx_20251128_105946_000.7z
2025-11-28 11:09:00,1998.215303,1.998215303,959.029209,417.560769,621.625325,704058,768000,0.916742188,0,2025-11-28 11:09:00.000000,2025-11-28 11:09:59.999922,2,BAYxx_xxxx_20251128_105946_000.7z;BAYxx_xxxx_20251128_110951_000.7z
2025-11-28 11:10:00,1971.157553,1.971157553,967.254811,421.180890,582.721853,768000,768000,1.000000000,1,2025-11-28 11:10:00.000000,2025-11-28 11:10:59.999922,1,BAYxx_xxxx_20251128_110951_000.7z
2025-11-28 11:11:00,3485.278655,3.485278655,1446.701602,933.235231,1105.341822,768000,768000,1.000000000,1,2025-11-28 11:11:00.000000,2025-11-28 11:11:59.999922,1,BAYxx_xxxx_20251128_110951_000.7z
2025-11-28 11:12:00,18831.950896,18.831950896,6163.815011,6194.050700,6474.085185,768000,768000,1.000000000,1,2025-11-28 11:12:00.000000,2025-11-28 11:12:59.999922,1,BAYxx_xxxx_20251128_110951_000.7z
2025-11-28 11:13:00,25162.391968,25.162391968,8022.329874,8350.606834,8789.455259,768000,768000,1.000000000,1,2025-11-28 11:13:00.000000,2025-11-28 11:13:59.999922,1,BAYxx_xxxx_20251128_110951_000.7z
2025-11-28 11:14:00,26204.896140,26.204896140,8431.735837,8637.364424,9135.795879,768000,768000,1.000000000,1,2025-11-28 11:14:00.000000,2025-11-28 11:14:59.999922,1,BAYxx_xxxx_20251128_110951_000.7z
2025-11-28 11:15:00,27343.165834,27.343165834,8915.178415,8915.048555,9512.938864,768000,768000,1.000000000,1,2025-11-28 11:15:00.000000,2025-11-28 11:15:59.999922,1,BAYxx_xxxx_20251128_110951_000.7z
2025-11-28 11:16:00,28303.487476,28.303487476,9187.836028,9252.699944,9862.951504,768000,768000,1.000000000,1,2025-11-28 11:16:00.000000,2025-11-28 11:16:59.999922,1,BAYxx_xxxx_20251128_110951_000.7z
2025-11-28 11:17:00,9269.277491,9.269277491,3216.383267,2826.333223,3226.561000,768000,768000,1.000000000,1,2025-11-28 11:17:00.000000,2025-11-28 11:17:59.999922,1,BAYxx_xxxx_20251128_110951_000.7z
2025-11-28 11:18:00,1914.697270,1.914697270,916.863728,350.627896,647.205646,768000,768000,1.000000000,1,2025-11-28 11:18:00.000000,2025-11-28 11:18:59.999922,1,BAYxx_xxxx_20251128_110951_000.7z
2025-11-28 11:19:00,1878.067246,1.878067246,905.115800,340.338849,632.612597,742488,768000,0.966781250,0,2025-11-28 11:19:00.000000,2025-11-28 11:19:59.999922,2,BAYxx_xxxx_20251128_110951_000.7z;BAYxx_xxxx_20251128_111953_000.7z
2025-11-28 11:20:00,3029.669099,3.029669099,1272.194292,738.501778,1018.973029,768000,768000,1.000000000,1,2025-11-28 11:20:00.000000,2025-11-28 11:20:59.999922,1,BAYxx_xxxx_20251128_111953_000.7z
2025-11-28 11:21:00,2583.943221,2.583943221,1122.050727,591.183567,870.708927,768000,768000,1.000000000,1,2025-11-28 11:21:00.000000,2025-11-28 11:21:59.999922,1,BAYxx_xxxx_20251128_111953_000.7z
2025-11-28 11:22:00,1950.896898,1.950896898,915.418637,367.169885,668.308377,768000,768000,1.000000000,1,2025-11-28 11:22:00.000000,2025-11-28 11:22:59.999922,1,BAYxx_xxxx_20251128_111953_000.7z
2025-11-28 11:23:00,2012.118676,2.012118676,949.108584,390.168782,672.841310,768000,768000,1.000000000,1,2025-11-28 11:23:00.000000,2025-11-28 11:23:59.999922,1,BAYxx_xxxx_20251128_111953_000.7z
2025-11-28 11:24:00,2065.043531,2.065043531,959.859054,406.732415,698.452062,768000,768000,1.000000000,1,2025-11-28 11:24:00.000000,2025-11-28 11:24:59.999922,1,BAYxx_xxxx_20251128_111953_000.7z
2025-11-28 11:25:00,2148.452187,2.148452187,990.212797,437.612758,720.626631,768000,768000,1.000000000,1,2025-11-28 11:25:00.000000,2025-11-28 11:25:59.999922,1,BAYxx_xxxx_20251128_111953_000.7z
2025-11-28 11:26:00,2205.168567,2.205168567,1012.269135,450.714966,742.184466,768000,768000,1.000000000,1,2025-11-28 11:26:00.000000,2025-11-28 11:26:59.999922,1,BAYxx_xxxx_20251128_111953_000.7z
2025-11-28 11:27:00,2238.539126,2.238539126,1012.104358,474.870805,751.563963,768000,768000,1.000000000,1,2025-11-28 11:27:00.000000,2025-11-28 11:27:59.999922,1,BAYxx_xxxx_20251128_111953_000.7z
2025-11-28 11:28:00,2306.625255,2.306625255,1038.566113,511.958007,756.101135,768000,768000,1.000000000,1,2025-11-28 11:28:00.000000,2025-11-28 11:28:59.999922,1,BAYxx_xxxx_20251128_111953_000.7z
2025-11-28 11:29:00,2337.439932,2.337439932,1047.864619,526.054936,763.520376,729697,768000,0.950126302,0,2025-11-28 11:29:00.000000,2025-11-28 11:29:59.999922,2,BAYxx_xxxx_20251128_111953_000.7z;BAYxx_xxxx_20251128_112956_000.7z
2025-11-28 11:30:00,2374.720602,2.374720602,1060.708251,533.584902,780.427449,768000,768000,1.000000000,1,2025-11-28 11:30:00.000000,2025-11-28 11:30:59.999922,1,BAYxx_xxxx_20251128_112956_000.7z
2025-11-28 11:31:00,2410.926445,2.410926445,1079.462846,538.907431,792.556167,768000,768000,1.000000000,1,2025-11-28 11:31:00.000000,2025-11-28 11:31:59.999922,1,BAYxx_xxxx_20251128_112956_000.7z
2025-11-28 11:32:00,2441.538655,2.441538655,1085.864602,550.312851,805.361201,768000,768000,1.000000000,1,2025-11-28 11:32:00.000000,2025-11-28 11:32:59.999922,1,BAYxx_xxxx_20251128_112956_000.7z
2025-11-28 11:33:00,2427.900387,2.427900387,1084.868167,555.784623,787.247597,768000,768000,1.000000000,1,2025-11-28 11:33:00.000000,2025-11-28 11:33:59.999922,1,BAYxx_xxxx_20251128_112956_000.7z
2025-11-28 11:34:00,4056.976452,4.056976452,1606.157509,1115.676169,1335.142773,768000,768000,1.000000000,1,2025-11-28 11:34:00.000000,2025-11-28 11:34:59.999922,1,BAYxx_xxxx_20251128_112956_000.7z
2025-11-28 11:35:00,21272.382570,21.272382570,7007.241694,6967.369209,7297.771667,768000,768000,1.000000000,1,2025-11-28 11:35:00.000000,2025-11-28 11:35:59.999922,1,BAYxx_xxxx_20251128_112956_000.7z
2025-11-28 11:36:00,25761.254127,25.761254127,8390.535385,8483.172078,8887.546664,768000,768000,1.000000000,1,2025-11-28 11:36:00.000000,2025-11-28 11:36:59.999922,1,BAYxx_xxxx_20251128_112956_000.7z
2025-11-28 11:37:00,27173.989534,27.173989534,8847.425181,8956.060922,9370.503431,768000,768000,1.000000000,1,2025-11-28 11:37:00.000000,2025-11-28 11:37:59.999922,1,BAYxx_xxxx_20251128_112956_000.7z
2025-11-28 11:38:00,28233.596886,28.233596886,9264.441008,9245.099060,9724.056818,768000,768000,1.000000000,1,2025-11-28 11:38:00.000000,2025-11-28 11:38:59.999922,1,BAYxx_xxxx_20251128_112956_000.7z
2025-11-28 11:39:00,28805.271470,28.805271470,9430.690588,9432.642544,9941.938337,716819,768000,0.933358073,0,2025-11-28 11:39:00.000000,2025-11-28 11:39:56.001406,1,BAYxx_xxxx_20251128_112956_000.7z
2025-11-28 11:40:00,2410.281839,2.410281839,1085.098221,538.394681,786.788936,768000,768000,1.000000000,1,2025-11-28 11:40:00.000000,2025-11-28 11:40:59.999922,1,BAYxx_xxxx_20251128_114000_000.7z
2025-11-28 11:41:00,2081.916804,2.081916804,959.190169,440.341483,682.385152,768000,768000,1.000000000,1,2025-11-28 11:41:00.000000,2025-11-28 11:41:59.999922,1,BAYxx_xxxx_20251128_114000_000.7z
2025-11-28 11:42:00,2114.438111,2.114438111,973.276577,457.865941,683.295593,768000,768000,1.000000000,1,2025-11-28 11:42:00.000000,2025-11-28 11:42:59.999922,1,BAYxx_xxxx_20251128_114000_000.7z
2025-11-28 11:43:00,3538.132070,3.538132070,1438.347948,925.898640,1173.885483,768000,768000,1.000000000,1,2025-11-28 11:43:00.000000,2025-11-28 11:43:59.999922,1,BAYxx_xxxx_20251128_114000_000.7z
2025-11-28 11:44:00,23768.580177,23.768580177,7883.198178,7737.710113,8147.671886,768000,768000,1.000000000,1,2025-11-28 11:44:00.000000,2025-11-28 11:44:59.999922,1,BAYxx_xxxx_20251128_114000_000.7z
2025-11-28 11:45:00,26619.963528,26.619963528,8726.651137,8743.283916,9150.028474,768000,768000,1.000000000,1,2025-11-28 11:45:00.000000,2025-11-28 11:45:59.999922,1,BAYxx_xxxx_20251128_114000_000.7z
2025-11-28 11:46:00,1960.822096,1.960822096,972.365460,419.916994,568.539642,768000,768000,1.000000000,1,2025-11-28 11:46:00.000000,2025-11-28 11:46:59.999922,1,BAYxx_xxxx_20251128_114000_000.7z
2025-11-28 11:47:00,1832.279454,1.832279454,934.953077,365.642486,531.683891,768000,768000,1.000000000,1,2025-11-28 11:47:00.000000,2025-11-28 11:47:59.999922,1,BAYxx_xxxx_20251128_114000_000.7z
2025-11-28 11:48:00,1841.304182,1.841304182,930.865335,378.284560,532.154287,768000,768000,1.000000000,1,2025-11-28 11:48:00.000000,2025-11-28 11:48:59.999922,1,BAYxx_xxxx_20251128_114000_000.7z
2025-11-28 11:49:00,1839.334044,1.839334044,931.116879,367.315294,540.901872,768000,768000,1.000000000,1,2025-11-28 11:49:00.000000,2025-11-28 11:49:59.999922,1,BAYxx_xxxx_20251128_114000_000.7z
2025-11-28 11:50:00,1842.482654,1.842482654,926.302562,365.383025,550.797066,729723,768000,0.950160156,0,2025-11-28 11:50:00.000000,2025-11-28 11:50:59.999922,2,BAYxx_xxxx_20251128_114000_000.7z;BAYxx_xxxx_20251128_115003_000.7z
2025-11-28 11:51:00,1852.966058,1.852966058,936.477797,367.977055,548.511206,768000,768000,1.000000000,1,2025-11-28 11:51:00.000000,2025-11-28 11:51:59.999922,1,BAYxx_xxxx_20251128_115003_000.7z
2025-11-28 11:52:00,1891.345637,1.891345637,947.541140,392.515723,551.288775,768000,768000,1.000000000,1,2025-11-28 11:52:00.000000,2025-11-28 11:52:59.999922,1,BAYxx_xxxx_20251128_115003_000.7z
2025-11-28 11:53:00,1827.488173,1.827488173,916.662336,369.950558,540.875279,768000,768000,1.000000000,1,2025-11-28 11:53:00.000000,2025-11-28 11:53:59.999922,1,BAYxx_xxxx_20251128_115003_000.7z
2025-11-28 11:54:00,1822.695573,1.822695573,913.564412,378.901033,530.230128,768000,768000,1.000000000,1,2025-11-28 11:54:00.000000,2025-11-28 11:54:59.999922,1,BAYxx_xxxx_20251128_115003_000.7z
2025-11-28 11:55:00,1791.347839,1.791347839,895.493367,374.221952,521.632519,768000,768000,1.000000000,1,2025-11-28 11:55:00.000000,2025-11-28 11:55:59.999922,1,BAYxx_xxxx_20251128_115003_000.7z
2025-11-28 11:56:00,1778.974914,1.778974914,905.324682,357.248777,516.401455,768000,768000,1.000000000,1,2025-11-28 11:56:00.000000,2025-11-28 11:56:59.999922,1,BAYxx_xxxx_20251128_115003_000.7z
2025-11-28 11:57:00,1860.686696,1.860686696,926.428787,386.553138,547.704770,768000,768000,1.000000000,1,2025-11-28 11:57:00.000000,2025-11-28 11:57:59.999922,1,BAYxx_xxxx_20251128_115003_000.7z
2025-11-28 11:58:00,1914.219460,1.914219460,940.819045,405.174875,568.225540,768000,768000,1.000000000,1,2025-11-28 11:58:00.000000,2025-11-28 11:58:59.999922,1,BAYxx_xxxx_20251128_115003_000.7z
2025-11-28 11:59:00,2053.755853,2.053755853,971.148772,433.350511,649.256571,768000,768000,1.000000000,1,2025-11-28 11:59:00.000000,2025-11-28 11:59:59.999922,1,BAYxx_xxxx_20251128_115003_000.7z
2025-11-28 12:00:00,2133.828530,2.133828530,987.704852,442.460998,703.662680,729694,768000,0.950122396,0,2025-11-28 12:00:00.000000,2025-11-28 12:00:59.999922,2,BAYxx_xxxx_20251128_115003_000.7z;BAYxx_xxxx_20251128_120006_000.7z
2025-11-28 12:01:00,2212.538001,2.212538001,1011.514875,473.338355,727.684772,768000,768000,1.000000000,1,2025-11-28 12:01:00.000000,2025-11-28 12:01:59.999922,1,BAYxx_xxxx_20251128_120006_000.7z
2025-11-28 12:02:00,2262.469120,2.262469120,1030.066159,488.386573,744.016389,768000,768000,1.000000000,1,2025-11-28 12:02:00.000000,2025-11-28 12:02:59.999922,1,BAYxx_xxxx_20251128_120006_000.7z
2025-11-28 12:03:00,3785.991696,3.785991696,1525.653290,1000.253743,1260.084663,768000,768000,1.000000000,1,2025-11-28 12:03:00.000000,2025-11-28 12:03:59.999922,1,BAYxx_xxxx_20251128_120006_000.7z
2025-11-28 12:04:00,19653.610123,19.653610123,6460.952553,6396.829554,6795.828016,768000,768000,1.000000000,1,2025-11-28 12:04:00.000000,2025-11-28 12:04:59.999922,1,BAYxx_xxxx_20251128_120006_000.7z
2025-11-28 12:05:00,26330.290959,26.330290959,8707.641788,8572.439431,9050.209740,768000,768000,1.000000000,1,2025-11-28 12:05:00.000000,2025-11-28 12:05:59.999922,1,BAYxx_xxxx_20251128_120006_000.7z
2025-11-28 12:06:00,27588.561274,27.588561274,9003.272618,9075.072890,9510.215766,768000,768000,1.000000000,1,2025-11-28 12:06:00.000000,2025-11-28 12:06:59.999922,1,BAYxx_xxxx_20251128_120006_000.7z
2025-11-28 12:07:00,29129.830412,29.129830412,9488.881029,9620.926946,10020.022437,768000,768000,1.000000000,1,2025-11-28 12:07:00.000000,2025-11-28 12:07:59.999922,1,BAYxx_xxxx_20251128_120006_000.7z
2025-11-28 12:08:00,11009.397616,11.009397616,3792.623253,3459.646984,3757.127379,768000,768000,1.000000000,1,2025-11-28 12:08:00.000000,2025-11-28 12:08:59.999922,1,BAYxx_xxxx_20251128_120006_000.7z
2025-11-28 12:09:00,2328.372019,2.328372019,1052.544008,506.835237,768.992774,768000,768000,1.000000000,1,2025-11-28 12:09:00.000000,2025-11-28 12:09:59.999922,1,BAYxx_xxxx_20251128_120006_000.7z
2025-11-28 12:10:00,2259.784831,2.259784831,1026.107863,491.380157,742.296811,742536,768000,0.966843750,0,2025-11-28 12:10:00.000000,2025-11-28 12:10:59.999922,2,BAYxx_xxxx_20251128_120006_000.7z;BAYxx_xxxx_20251128_121008_000.7z
2025-11-28 12:11:00,2193.363241,2.193363241,994.672644,466.908581,731.782016,768000,768000,1.000000000,1,2025-11-28 12:11:00.000000,2025-11-28 12:11:59.999922,1,BAYxx_xxxx_20251128_121008_000.7z
2025-11-28 12:12:00,2126.167820,2.126167820,976.985359,456.011250,693.171211,768000,768000,1.000000000,1,2025-11-28 12:12:00.000000,2025-11-28 12:12:59.999922,1,BAYxx_xxxx_20251128_121008_000.7z
2025-11-28 12:13:00,2080.919757,2.080919757,968.892410,430.837322,681.190025,768000,768000,1.000000000,1,2025-11-28 12:13:00.000000,2025-11-28 12:13:59.999922,1,BAYxx_xxxx_20251128_121008_000.7z
2025-11-28 12:14:00,1982.252084,1.982252084,935.098673,390.799572,656.353840,768000,768000,1.000000000,1,2025-11-28 12:14:00.000000,2025-11-28 12:14:59.999922,1,BAYxx_xxxx_20251128_121008_000.7z
2025-11-28 12:15:00,1936.392764,1.936392764,908.971788,375.769211,651.651765,768000,768000,1.000000000,1,2025-11-28 12:15:00.000000,2025-11-28 12:15:59.999922,1,BAYxx_xxxx_20251128_121008_000.7z
2025-11-28 12:16:00,1858.906278,1.858906278,883.476063,354.648994,620.781221,768000,768000,1.000000000,1,2025-11-28 12:16:00.000000,2025-11-28 12:16:59.999922,1,BAYxx_xxxx_20251128_121008_000.7z
2025-11-28 12:17:00,1790.980272,1.790980272,867.932250,346.699167,576.348855,768000,768000,1.000000000,1,2025-11-28 12:17:00.000000,2025-11-28 12:17:59.999922,1,BAYxx_xxxx_20251128_121008_000.7z
2025-11-28 12:18:00,1765.264719,1.765264719,855.305336,336.513486,573.445897,768000,768000,1.000000000,1,2025-11-28 12:18:00.000000,2025-11-28 12:18:59.999922,1,BAYxx_xxxx_20251128_121008_000.7z
2025-11-28 12:19:00,1805.367119,1.805367119,865.367919,340.222796,599.776403,768000,768000,1.000000000,1,2025-11-28 12:19:00.000000,2025-11-28 12:19:59.999922,1,BAYxx_xxxx_20251128_121008_000.7z
2025-11-28 12:20:00,1816.481637,1.816481637,868.249511,346.798498,601.433627,716808,768000,0.933343750,0,2025-11-28 12:20:00.000000,2025-11-28 12:20:59.999922,2,BAYxx_xxxx_20251128_121008_000.7z;BAYxx_xxxx_20251128_122012_000.7z
2025-11-28 12:21:00,1851.310563,1.851310563,880.392540,361.822779,609.095245,768000,768000,1.000000000,1,2025-11-28 12:21:00.000000,2025-11-28 12:21:59.999922,1,BAYxx_xxxx_20251128_122012_000.7z
2025-11-28 12:22:00,1869.848489,1.869848489,885.991099,371.371946,612.485444,768000,768000,1.000000000,1,2025-11-28 12:22:00.000000,2025-11-28 12:22:59.999922,1,BAYxx_xxxx_20251128_122012_000.7z
2025-11-28 12:23:00,1910.317607,1.910317607,902.231674,373.153100,634.932833,768000,768000,1.000000000,1,2025-11-28 12:23:00.000000,2025-11-28 12:23:59.999922,1,BAYxx_xxxx_20251128_122012_000.7z
2025-11-28 12:24:00,1927.300917,1.927300917,901.880631,382.862986,642.557300,768000,768000,1.000000000,1,2025-11-28 12:24:00.000000,2025-11-28 12:24:59.999922,1,BAYxx_xxxx_20251128_122012_000.7z
2025-11-28 12:25:00,1977.430821,1.977430821,933.712989,396.791898,646.925934,768000,768000,1.000000000,1,2025-11-28 12:25:00.000000,2025-11-28 12:25:59.999922,1,BAYxx_xxxx_20251128_122012_000.7z
2025-11-28 12:26:00,1994.990268,1.994990268,942.492750,395.884094,656.613424,768000,768000,1.000000000,1,2025-11-28 12:26:00.000000,2025-11-28 12:26:59.999922,1,BAYxx_xxxx_20251128_122012_000.7z
2025-11-28 12:27:00,1991.080048,1.991080048,929.017298,401.826506,660.236244,768000,768000,1.000000000,1,2025-11-28 12:27:00.000000,2025-11-28 12:27:59.999922,1,BAYxx_xxxx_20251128_122012_000.7z
2025-11-28 12:28:00,2761.127493,2.761127493,1185.422902,660.128864,915.575727,768000,768000,1.000000000,1,2025-11-28 12:28:00.000000,2025-11-28 12:28:59.999922,1,BAYxx_xxxx_20251128_122012_000.7z
2025-11-28 12:29:00,8782.091613,8.782091613,3073.411529,2755.589071,2953.091012,768000,768000,1.000000000,1,2025-11-28 12:29:00.000000,2025-11-28 12:29:59.999922,1,BAYxx_xxxx_20251128_122012_000.7z
2025-11-28 12:30:00,25627.126706,25.627126706,8330.080934,8566.199127,8730.846644,729644,768000,0.950057292,0,2025-11-28 12:30:00.000000,2025-11-28 12:30:59.999922,2,BAYxx_xxxx_20251128_122012_000.7z;BAYxx_xxxx_20251128_123015_000.7z
2025-11-28 12:31:00,26085.090273,26.085090273,8473.700208,8710.666073,8900.723992,768000,768000,1.000000000,1,2025-11-28 12:31:00.000000,2025-11-28 12:31:59.999922,1,BAYxx_xxxx_20251128_123015_000.7z
2025-11-28 12:32:00,27813.813899,27.813813899,9011.043410,9352.898565,9449.871924,768000,768000,1.000000000,1,2025-11-28 12:32:00.000000,2025-11-28 12:32:59.999922,1,BAYxx_xxxx_20251128_123015_000.7z
2025-11-28 12:33:00,27985.971699,27.985971699,9158.889335,9301.871711,9525.210653,768000,768000,1.000000000,1,2025-11-28 12:33:00.000000,2025-11-28 12:33:59.999922,1,BAYxx_xxxx_20251128_123015_000.7z
2025-11-28 12:34:00,2241.687833,2.241687833,1057.390217,506.736833,677.560784,768000,768000,1.000000000,1,2025-11-28 12:34:00.000000,2025-11-28 12:34:59.999922,1,BAYxx_xxxx_20251128_123015_000.7z
2025-11-28 12:35:00,2056.848053,2.056848053,976.083911,464.038178,616.725964,768000,768000,1.000000000,1,2025-11-28 12:35:00.000000,2025-11-28 12:35:59.999922,1,BAYxx_xxxx_20251128_123015_000.7z
2025-11-28 12:36:00,2096.970677,2.096970677,988.051808,483.260996,625.657873,768000,768000,1.000000000,1,2025-11-28 12:36:00.000000,2025-11-28 12:36:59.999922,1,BAYxx_xxxx_20251128_123015_000.7z
2025-11-28 12:37:00,2122.197552,2.122197552,1001.740727,490.816377,629.640447,768000,768000,1.000000000,1,2025-11-28 12:37:00.000000,2025-11-28 12:37:59.999922,1,BAYxx_xxxx_20251128_123015_000.7z
2025-11-28 12:38:00,2116.042108,2.116042108,998.261687,480.439512,637.340909,768000,768000,1.000000000,1,2025-11-28 12:38:00.000000,2025-11-28 12:38:59.999922,1,BAYxx_xxxx_20251128_123015_000.7z
2025-11-28 12:39:00,2171.836835,2.171836835,1018.982266,496.034558,656.820010,768000,768000,1.000000000,1,2025-11-28 12:39:00.000000,2025-11-28 12:39:59.999922,1,BAYxx_xxxx_20251128_123015_000.7z
2025-11-28 12:40:00,2165.334438,2.165334438,1019.606543,496.296663,649.431232,742498,768000,0.966794271,0,2025-11-28 12:40:00.000000,2025-11-28 12:40:59.999922,2,BAYxx_xxxx_20251128_123015_000.7z;BAYxx_xxxx_20251128_124017_000.7z
2025-11-28 12:41:00,2158.483542,2.158483542,1004.047021,501.865155,652.571366,768000,768000,1.000000000,1,2025-11-28 12:41:00.000000,2025-11-28 12:41:59.999922,1,BAYxx_xxxx_20251128_124017_000.7z
2025-11-28 12:42:00,2142.584541,2.142584541,1001.670237,499.979180,640.935124,768000,768000,1.000000000,1,2025-11-28 12:42:00.000000,2025-11-28 12:42:59.999922,1,BAYxx_xxxx_20251128_124017_000.7z
2025-11-28 12:43:00,2128.055785,2.128055785,1002.462463,487.931612,637.661710,768000,768000,1.000000000,1,2025-11-28 12:43:00.000000,2025-11-28 12:43:59.999922,1,BAYxx_xxxx_20251128_124017_000.7z
2025-11-28 12:44:00,2086.099494,2.086099494,982.550837,463.514098,640.034559,768000,768000,1.000000000,1,2025-11-28 12:44:00.000000,2025-11-28 12:44:59.999922,1,BAYxx_xxxx_20251128_124017_000.7z
2025-11-28 12:45:00,2122.210681,2.122210681,969.977520,449.086121,703.147040,768000,768000,1.000000000,1,2025-11-28 12:45:00.000000,2025-11-28 12:45:59.999922,1,BAYxx_xxxx_20251128_124017_000.7z
2025-11-28 12:46:00,2079.337194,2.079337194,952.965468,436.598706,689.773020,768000,768000,1.000000000,1,2025-11-28 12:46:00.000000,2025-11-28 12:46:59.999922,1,BAYxx_xxxx_20251128_124017_000.7z
2025-11-28 12:47:00,2023.330172,2.023330172,933.162496,418.852869,671.314808,768000,768000,1.000000000,1,2025-11-28 12:47:00.000000,2025-11-28 12:47:59.999922,1,BAYxx_xxxx_20251128_124017_000.7z
2025-11-28 12:48:00,1996.411479,1.996411479,923.414852,412.870590,660.126038,768000,768000,1.000000000,1,2025-11-28 12:48:00.000000,2025-11-28 12:48:59.999922,1,BAYxx_xxxx_20251128_124017_000.7z
2025-11-28 12:49:00,1924.983446,1.924983446,899.772333,389.767524,635.443589,768000,768000,1.000000000,1,2025-11-28 12:49:00.000000,2025-11-28 12:49:59.999922,1,BAYxx_xxxx_20251128_124017_000.7z
2025-11-28 12:50:00,1871.092660,1.871092660,888.361362,369.093228,613.638069,729705,768000,0.950136719,0,2025-11-28 12:50:00.000000,2025-11-28 12:50:59.999922,2,BAYxx_xxxx_20251128_124017_000.7z;BAYxx_xxxx_20251128_125020_000.7z
2025-11-28 12:51:00,1852.134985,1.852134985,886.047773,357.271258,608.815953,768000,768000,1.000000000,1,2025-11-28 12:51:00.000000,2025-11-28 12:51:59.999922,1,BAYxx_xxxx_20251128_125020_000.7z
2025-11-28 12:52:00,1863.309613,1.863309613,893.958788,362.812525,606.538300,768000,768000,1.000000000,1,2025-11-28 12:52:00.000000,2025-11-28 12:52:59.999922,1,BAYxx_xxxx_20251128_125020_000.7z
2025-11-28 12:53:00,1876.006808,1.876006808,890.996977,364.543207,620.466624,768000,768000,1.000000000,1,2025-11-28 12:53:00.000000,2025-11-28 12:53:59.999922,1,BAYxx_xxxx_20251128_125020_000.7z
2025-11-28 12:54:00,3431.210571,3.431210571,1393.210465,903.069623,1134.930483,768000,768000,1.000000000,1,2025-11-28 12:54:00.000000,2025-11-28 12:54:59.999922,1,BAYxx_xxxx_20251128_125020_000.7z
2025-11-28 12:55:00,19667.251800,19.667251800,6440.281294,6471.924537,6755.045969,768000,768000,1.000000000,1,2025-11-28 12:55:00.000000,2025-11-28 12:55:59.999922,1,BAYxx_xxxx_20251128_125020_000.7z
2025-11-28 12:56:00,25788.009605,25.788009605,8468.940848,8560.186587,8758.882171,768000,768000,1.000000000,1,2025-11-28 12:56:00.000000,2025-11-28 12:56:59.999922,1,BAYxx_xxxx_20251128_125020_000.7z
2025-11-28 12:57:00,27217.230057,27.217230057,8889.725898,9056.401026,9271.103133,768000,768000,1.000000000,1,2025-11-28 12:57:00.000000,2025-11-28 12:57:59.999922,1,BAYxx_xxxx_20251128_125020_000.7z
2025-11-28 12:58:00,28647.190217,28.647190217,9332.817386,9534.627186,9779.745645,768000,768000,1.000000000,1,2025-11-28 12:58:00.000000,2025-11-28 12:58:59.999922,1,BAYxx_xxxx_20251128_125020_000.7z
2025-11-28 12:59:00,9506.566828,9.506566828,3295.970646,2971.751360,3238.844821,768000,768000,1.000000000,1,2025-11-28 12:59:00.000000,2025-11-28 12:59:59.999922,1,BAYxx_xxxx_20251128_125020_000.7z
2025-11-28 13:00:00,2024.071925,2.024071925,930.071808,431.011399,662.988718,729683,768000,0.950108073,0,2025-11-28 13:00:00.000000,2025-11-28 13:00:59.999922,2,BAYxx_xxxx_20251128_125020_000.7z;BAYxx_xxxx_20251128_130023_000.7z
2025-11-28 13:01:00,2033.571149,2.033571149,938.400030,426.620749,668.550369,768000,768000,1.000000000,1,2025-11-28 13:01:00.000000,2025-11-28 13:01:59.999922,1,BAYxx_xxxx_20251128_130023_000.7z
2025-11-28 13:02:00,2050.213031,2.050213031,947.518036,431.157836,671.537158,768000,768000,1.000000000,1,2025-11-28 13:02:00.000000,2025-11-28 13:02:59.999922,1,BAYxx_xxxx_20251128_130023_000.7z
2025-11-28 13:03:00,2065.784545,2.065784545,954.289630,431.152789,680.342127,768000,768000,1.000000000,1,2025-11-28 13:03:00.000000,2025-11-28 13:03:59.999922,1,BAYxx_xxxx_20251128_130023_000.7z
2025-11-28 13:04:00,2078.618147,2.078618147,951.972001,442.591739,684.054407,768000,768000,1.000000000,1,2025-11-28 13:04:00.000000,2025-11-28 13:04:59.999922,1,BAYxx_xxxx_20251128_130023_000.7z
2025-11-28 13:05:00,2109.922620,2.109922620,961.535458,454.752179,693.634983,768000,768000,1.000000000,1,2025-11-28 13:05:00.000000,2025-11-28 13:05:59.999922,1,BAYxx_xxxx_20251128_130023_000.7z
2025-11-28 13:06:00,2126.954899,2.126954899,960.483029,459.787312,706.684558,768000,768000,1.000000000,1,2025-11-28 13:06:00.000000,2025-11-28 13:06:59.999922,1,BAYxx_xxxx_20251128_130023_000.7z
2025-11-28 13:07:00,2152.229863,2.152229863,967.174657,466.497354,718.557852,768000,768000,1.000000000,1,2025-11-28 13:07:00.000000,2025-11-28 13:07:59.999922,1,BAYxx_xxxx_20251128_130023_000.7z
2025-11-28 13:08:00,2171.120421,2.171120421,976.367197,471.878472,722.874751,768000,768000,1.000000000,1,2025-11-28 13:08:00.000000,2025-11-28 13:08:59.999922,1,BAYxx_xxxx_20251128_130023_000.7z
2025-11-28 13:09:00,2182.207562,2.182207562,978.156467,478.351475,725.699620,768000,768000,1.000000000,1,2025-11-28 13:09:00.000000,2025-11-28 13:09:59.999922,1,BAYxx_xxxx_20251128_130023_000.7z
2025-11-28 13:10:00,2198.123743,2.198123743,978.375610,488.698316,731.049816,729640,768000,0.950052083,0,2025-11-28 13:10:00.000000,2025-11-28 13:10:59.999922,2,BAYxx_xxxx_20251128_130023_000.7z;BAYxx_xxxx_20251128_131026_000.7z
2025-11-28 13:11:00,2216.630061,2.216630061,992.058990,492.797875,731.773196,768000,768000,1.000000000,1,2025-11-28 13:11:00.000000,2025-11-28 13:11:59.999922,1,BAYxx_xxxx_20251128_131026_000.7z
2025-11-28 13:12:00,2256.477616,2.256477616,995.991663,507.746042,752.739910,768000,768000,1.000000000,1,2025-11-28 13:12:00.000000,2025-11-28 13:12:59.999922,1,BAYxx_xxxx_20251128_131026_000.7z
2025-11-28 13:13:00,2260.647759,2.260647759,1007.536771,507.022352,746.088635,768000,768000,1.000000000,1,2025-11-28 13:13:00.000000,2025-11-28 13:13:59.999922,1,BAYxx_xxxx_20251128_131026_000.7z
2025-11-28 13:14:00,2233.277268,2.233277268,996.266942,487.993797,749.016528,768000,768000,1.000000000,1,2025-11-28 13:14:00.000000,2025-11-28 13:14:59.999922,1,BAYxx_xxxx_20251128_131026_000.7z
2025-11-28 13:15:00,2103.654605,2.103654605,989.492425,458.242779,655.919401,768000,768000,1.000000000,1,2025-11-28 13:15:00.000000,2025-11-28 13:15:59.999922,1,BAYxx_xxxx_20251128_131026_000.7z
2025-11-28 13:16:00,2069.307606,2.069307606,981.766618,450.375797,637.165191,768000,768000,1.000000000,1,2025-11-28 13:16:00.000000,2025-11-28 13:16:59.999922,1,BAYxx_xxxx_20251128_131026_000.7z
2025-11-28 13:17:00,2036.089076,2.036089076,966.261692,453.948767,615.878616,768000,768000,1.000000000,1,2025-11-28 13:17:00.000000,2025-11-28 13:17:59.999922,1,BAYxx_xxxx_20251128_131026_000.7z
2025-11-28 13:18:00,1987.778882,1.987778882,946.016984,446.191221,595.570676,768000,768000,1.000000000,1,2025-11-28 13:18:00.000000,2025-11-28 13:18:59.999922,1,BAYxx_xxxx_20251128_131026_000.7z
2025-11-28 13:19:00,2160.924874,2.160924874,998.420556,500.794535,661.709783,768000,768000,1.000000000,1,2025-11-28 13:19:00.000000,2025-11-28 13:19:59.999922,1,BAYxx_xxxx_20251128_131026_000.7z
2025-11-28 13:20:00,3490.788074,3.490788074,1436.549776,951.175305,1103.062993,729643,768000,0.950055990,0,2025-11-28 13:20:00.000000,2025-11-28 13:20:59.999922,2,BAYxx_xxxx_20251128_131026_000.7z;BAYxx_xxxx_20251128_132029_000.7z
2025-11-28 13:21:00,22098.943637,22.098943637,7280.814539,7296.389625,7521.739473,768000,768000,1.000000000,1,2025-11-28 13:21:00.000000,2025-11-28 13:21:59.999922,1,BAYxx_xxxx_20251128_132029_000.7z
2025-11-28 13:22:00,25845.077215,25.845077215,8404.496182,8582.318562,8858.262471,768000,768000,1.000000000,1,2025-11-28 13:22:00.000000,2025-11-28 13:22:59.999922,1,BAYxx_xxxx_20251128_132029_000.7z
2025-11-28 13:23:00,27320.645839,27.320645839,8910.194822,9075.260868,9335.190149,768000,768000,1.000000000,1,2025-11-28 13:23:00.000000,2025-11-28 13:23:59.999922,1,BAYxx_xxxx_20251128_132029_000.7z
2025-11-28 13:24:00,28508.154278,28.508154278,9289.129912,9476.485514,9742.538853,768000,768000,1.000000000,1,2025-11-28 13:24:00.000000,2025-11-28 13:24:59.999922,1,BAYxx_xxxx_20251128_132029_000.7z
2025-11-28 13:25:00,3624.367009,3.624367009,1476.653245,1001.742481,1145.971283,768000,768000,1.000000000,1,2025-11-28 13:25:00.000000,2025-11-28 13:25:59.999922,1,BAYxx_xxxx_20251128_132029_000.7z
2025-11-28 13:26:00,1951.277831,1.951277831,945.111528,429.065422,577.100881,768000,768000,1.000000000,1,2025-11-28 13:26:00.000000,2025-11-28 13:26:59.999922,1,BAYxx_xxxx_20251128_132029_000.7z
2025-11-28 13:27:00,1949.695341,1.949695341,946.835585,426.064325,576.795431,768000,768000,1.000000000,1,2025-11-28 13:27:00.000000,2025-11-28 13:27:59.999922,1,BAYxx_xxxx_20251128_132029_000.7z
2025-11-28 13:28:00,1987.049924,1.987049924,947.895119,435.597125,603.557680,768000,768000,1.000000000,1,2025-11-28 13:28:00.000000,2025-11-28 13:28:59.999922,1,BAYxx_xxxx_20251128_132029_000.7z
2025-11-28 13:29:00,1975.653708,1.975653708,952.733127,436.752532,586.168049,768000,768000,1.000000000,1,2025-11-28 13:29:00.000000,2025-11-28 13:29:59.999922,1,BAYxx_xxxx_20251128_132029_000.7z
2025-11-28 13:30:00,2083.638662,2.083638662,958.271902,446.844187,678.522572,729665,768000,0.950084635,0,2025-11-28 13:30:00.000000,2025-11-28 13:30:59.999922,2,BAYxx_xxxx_20251128_132029_000.7z;BAYxx_xxxx_20251128_133032_000.7z
2025-11-28 13:31:00,2100.857975,2.100857975,956.652727,451.097257,693.107992,768000,768000,1.000000000,1,2025-11-28 13:31:00.000000,2025-11-28 13:31:59.999922,1,BAYxx_xxxx_20251128_133032_000.7z
2025-11-28 13:32:00,2147.768355,2.147768355,967.213642,473.934800,706.619912,768000,768000,1.000000000,1,2025-11-28 13:32:00.000000,2025-11-28 13:32:59.999922,1,BAYxx_xxxx_20251128_133032_000.7z
2025-11-28 13:33:00,2138.594660,2.138594660,963.386137,465.998252,709.210271,768000,768000,1.000000000,1,2025-11-28 13:33:00.000000,2025-11-28 13:33:59.999922,1,BAYxx_xxxx_20251128_133032_000.7z
2025-11-28 13:34:00,2173.628935,2.173628935,975.108950,478.153829,720.366155,768000,768000,1.000000000,1,2025-11-28 13:34:00.000000,2025-11-28 13:34:59.999922,1,BAYxx_xxxx_20251128_133032_000.7z
2025-11-28 13:35:00,2169.167576,2.169167576,967.454230,483.753153,717.960193,768000,768000,1.000000000,1,2025-11-28 13:35:00.000000,2025-11-28 13:35:59.999922,1,BAYxx_xxxx_20251128_133032_000.7z
2025-11-28 13:36:00,2188.846008,2.188846008,985.577734,465.028845,738.239428,768000,768000,1.000000000,1,2025-11-28 13:36:00.000000,2025-11-28 13:36:59.999922,1,BAYxx_xxxx_20251128_133032_000.7z
2025-11-28 13:37:00,2211.768550,2.211768550,989.808993,477.209396,744.750161,768000,768000,1.000000000,1,2025-11-28 13:37:00.000000,2025-11-28 13:37:59.999922,1,BAYxx_xxxx_20251128_133032_000.7z
2025-11-28 13:38:00,2225.905864,2.225905864,1000.894922,463.663180,761.347762,768000,768000,1.000000000,1,2025-11-28 13:38:00.000000,2025-11-28 13:38:59.999922,1,BAYxx_xxxx_20251128_133032_000.7z
2025-11-28 13:39:00,2251.933412,2.251933412,1004.057723,483.500614,764.375075,768000,768000,1.000000000,1,2025-11-28 13:39:00.000000,2025-11-28 13:39:59.999922,1,BAYxx_xxxx_20251128_133032_000.7z
2025-11-28 13:40:00,2289.810800,2.289810800,1012.116076,514.610079,763.084646,716848,768000,0.933395833,0,2025-11-28 13:40:00.000000,2025-11-28 13:40:59.999922,2,BAYxx_xxxx_20251128_133032_000.7z;BAYxx_xxxx_20251128_134036_000.7z
2025-11-28 13:41:00,2289.502594,2.289502594,1015.046008,509.328722,765.127865,768000,768000,1.000000000,1,2025-11-28 13:41:00.000000,2025-11-28 13:41:59.999922,1,BAYxx_xxxx_20251128_134036_000.7z
2025-11-28 13:42:00,2300.616507,2.300616507,1024.877215,503.582697,772.156595,768000,768000,1.000000000,1,2025-11-28 13:42:00.000000,2025-11-28 13:42:59.999922,1,BAYxx_xxxx_20251128_134036_000.7z
2025-11-28 13:43:00,2314.803138,2.314803138,1029.634553,503.287344,781.881242,768000,768000,1.000000000,1,2025-11-28 13:43:00.000000,2025-11-28 13:43:59.999922,1,BAYxx_xxxx_20251128_134036_000.7z
2025-11-28 13:44:00,3027.150528,3.027150528,1258.375265,748.893920,1019.881343,768000,768000,1.000000000,1,2025-11-28 13:44:00.000000,2025-11-28 13:44:59.999922,1,BAYxx_xxxx_20251128_134036_000.7z
2025-11-28 13:45:00,8265.437102,8.265437102,2887.983919,2553.623352,2823.829831,768000,768000,1.000000000,1,2025-11-28 13:45:00.000000,2025-11-28 13:45:59.999922,1,BAYxx_xxxx_20251128_134036_000.7z
2025-11-28 13:46:00,26036.429372,26.036429372,8422.974543,8640.867043,8972.587786,768000,768000,1.000000000,1,2025-11-28 13:46:00.000000,2025-11-28 13:46:59.999922,1,BAYxx_xxxx_20251128_134036_000.7z
2025-11-28 13:47:00,26447.458946,26.447458946,8575.897112,8734.255274,9137.306560,768000,768000,1.000000000,1,2025-11-28 13:47:00.000000,2025-11-28 13:47:59.999922,1,BAYxx_xxxx_20251128_134036_000.7z
2025-11-28 13:48:00,28092.813561,28.092813561,9083.258995,9311.861483,9697.693083,768000,768000,1.000000000,1,2025-11-28 13:48:00.000000,2025-11-28 13:48:59.999922,1,BAYxx_xxxx_20251128_134036_000.7z
2025-11-28 13:49:00,29087.826102,29.087826102,9355.699346,9666.486880,10065.639876,768000,768000,1.000000000,1,2025-11-28 13:49:00.000000,2025-11-28 13:49:59.999922,1,BAYxx_xxxx_20251128_134036_000.7z
2025-11-28 13:50:00,3321.152717,3.321152717,1327.186842,870.938576,1123.027298,729674,768000,0.950096354,0,2025-11-28 13:50:00.000000,2025-11-28 13:50:59.999922,2,BAYxx_xxxx_20251128_134036_000.7z;BAYxx_xxxx_20251128_135039_000.7z
2025-11-28 13:51:00,2094.248540,2.094248540,941.600148,454.926809,697.721584,768000,768000,1.000000000,1,2025-11-28 13:51:00.000000,2025-11-28 13:51:59.999922,1,BAYxx_xxxx_20251128_135039_000.7z
2025-11-28 13:52:00,2063.890883,2.063890883,942.978908,429.645508,691.266467,768000,768000,1.000000000,1,2025-11-28 13:52:00.000000,2025-11-28 13:52:59.999922,1,BAYxx_xxxx_20251128_135039_000.7z
2025-11-28 13:53:00,3547.900051,3.547900051,1429.514869,939.707479,1178.677703,768000,768000,1.000000000,1,2025-11-28 13:53:00.000000,2025-11-28 13:53:59.999922,1,BAYxx_xxxx_20251128_135039_000.7z
2025-11-28 13:54:00,2102.491428,2.102491428,967.624799,436.149418,698.717211,768000,768000,1.000000000,1,2025-11-28 13:54:00.000000,2025-11-28 13:54:59.999922,1,BAYxx_xxxx_20251128_135039_000.7z
2025-11-28 13:55:00,1955.279893,1.955279893,909.768961,395.766766,649.744167,768000,768000,1.000000000,1,2025-11-28 13:55:00.000000,2025-11-28 13:55:59.999922,1,BAYxx_xxxx_20251128_135039_000.7z
2025-11-28 13:56:00,1922.525913,1.922525913,902.079173,382.388316,638.058424,768000,768000,1.000000000,1,2025-11-28 13:56:00.000000,2025-11-28 13:56:59.999922,1,BAYxx_xxxx_20251128_135039_000.7z
2025-11-28 13:57:00,1917.699434,1.917699434,905.186055,379.734389,632.778991,768000,768000,1.000000000,1,2025-11-28 13:57:00.000000,2025-11-28 13:57:59.999922,1,BAYxx_xxxx_20251128_135039_000.7z
2025-11-28 13:58:00,1903.898500,1.903898500,893.111727,366.854634,643.932139,768000,768000,1.000000000,1,2025-11-28 13:58:00.000000,2025-11-28 13:58:59.999922,1,BAYxx_xxxx_20251128_135039_000.7z
2025-11-28 13:59:00,1901.117805,1.901117805,907.130371,378.131678,615.855757,768000,768000,1.000000000,1,2025-11-28 13:59:00.000000,2025-11-28 13:59:59.999922,1,BAYxx_xxxx_20251128_135039_000.7z
2025-11-28 14:00:00,1836.244469,1.836244469,895.250760,377.642613,563.351097,716871,768000,0.933425781,0,2025-11-28 14:00:00.000000,2025-11-28 14:00:59.999922,2,BAYxx_xxxx_20251128_135039_000.7z;BAYxx_xxxx_20251128_140043_000.7z
2025-11-28 14:01:00,1784.690814,1.784690814,880.721356,377.966640,526.002818,768000,768000,1.000000000,1,2025-11-28 14:01:00.000000,2025-11-28 14:01:59.999922,1,BAYxx_xxxx_20251128_140043_000.7z
2025-11-28 14:02:00,1778.917895,1.778917895,873.137469,373.963244,531.817182,768000,768000,1.000000000,1,2025-11-28 14:02:00.000000,2025-11-28 14:02:59.999922,1,BAYxx_xxxx_20251128_140043_000.7z
2025-11-28 14:03:00,1787.925800,1.787925800,886.668051,368.661205,532.596544,768000,768000,1.000000000,1,2025-11-28 14:03:00.000000,2025-11-28 14:03:59.999922,1,BAYxx_xxxx_20251128_140043_000.7z
2025-11-28 14:04:00,1794.818076,1.794818076,897.533987,380.990479,516.293610,768000,768000,1.000000000,1,2025-11-28 14:04:00.000000,2025-11-28 14:04:59.999922,1,BAYxx_xxxx_20251128_140043_000.7z
2025-11-28 14:05:00,1798.032099,1.798032099,888.919164,386.934686,522.178249,768000,768000,1.000000000,1,2025-11-28 14:05:00.000000,2025-11-28 14:05:59.999922,1,BAYxx_xxxx_20251128_140043_000.7z
2025-11-28 14:06:00,1818.653992,1.818653992,893.479368,387.053186,538.121437,768000,768000,1.000000000,1,2025-11-28 14:06:00.000000,2025-11-28 14:06:59.999922,1,BAYxx_xxxx_20251128_140043_000.7z
2025-11-28 14:07:00,1831.841905,1.831841905,905.637725,390.865013,535.339167,768000,768000,1.000000000,1,2025-11-28 14:07:00.000000,2025-11-28 14:07:59.999922,1,BAYxx_xxxx_20251128_140043_000.7z
2025-11-28 14:08:00,1855.246017,1.855246017,918.889578,399.490699,536.865740,768000,768000,1.000000000,1,2025-11-28 14:08:00.000000,2025-11-28 14:08:59.999922,1,BAYxx_xxxx_20251128_140043_000.7z
2025-11-28 14:09:00,3124.183691,3.124183691,1327.544967,836.847224,959.791499,768000,768000,1.000000000,1,2025-11-28 14:09:00.000000,2025-11-28 14:09:59.999922,1,BAYxx_xxxx_20251128_140043_000.7z
2025-11-28 14:10:00,15954.927060,15.954927060,5321.458477,5202.451050,5431.017534,729721,768000,0.950157552,0,2025-11-28 14:10:00.000000,2025-11-28 14:10:59.999922,2,BAYxx_xxxx_20251128_140043_000.7z;BAYxx_xxxx_20251128_141046_000.7z
2025-11-28 14:11:00,25629.555021,25.629555021,8336.639490,8508.469149,8784.446381,768000,768000,1.000000000,1,2025-11-28 14:11:00.000000,2025-11-28 14:11:59.999922,1,BAYxx_xxxx_20251128_141046_000.7z
2025-11-28 14:12:00,26615.507292,26.615507292,8619.052898,8903.326173,9093.128222,768000,768000,1.000000000,1,2025-11-28 14:12:00.000000,2025-11-28 14:12:59.999922,1,BAYxx_xxxx_20251128_141046_000.7z
2025-11-28 14:13:00,28185.151354,28.185151354,9101.346561,9398.326540,9685.478253,768000,768000,1.000000000,1,2025-11-28 14:13:00.000000,2025-11-28 14:13:59.999922,1,BAYxx_xxxx_20251128_141046_000.7z
2025-11-28 14:14:00,13547.471023,13.547471023,4576.413407,4369.997767,4601.059849,768000,768000,1.000000000,1,2025-11-28 14:14:00.000000,2025-11-28 14:14:59.999922,1,BAYxx_xxxx_20251128_141046_000.7z
2025-11-28 14:15:00,1974.320738,1.974320738,936.350708,425.536792,612.433237,768000,768000,1.000000000,1,2025-11-28 14:15:00.000000,2025-11-28 14:15:59.999922,1,BAYxx_xxxx_20251128_141046_000.7z
2025-11-28 14:16:00,2054.081696,2.054081696,937.750598,433.052803,683.278295,768000,768000,1.000000000,1,2025-11-28 14:16:00.000000,2025-11-28 14:16:59.999922,1,BAYxx_xxxx_20251128_141046_000.7z
2025-11-28 14:17:00,2098.937578,2.098937578,958.830959,443.315554,696.791065,768000,768000,1.000000000,1,2025-11-28 14:17:00.000000,2025-11-28 14:17:59.999922,1,BAYxx_xxxx_20251128_141046_000.7z
2025-11-28 14:18:00,2115.012859,2.115012859,969.337759,451.331684,694.343416,768000,768000,1.000000000,1,2025-11-28 14:18:00.000000,2025-11-28 14:18:59.999922,1,BAYxx_xxxx_20251128_141046_000.7z
2025-11-28 14:19:00,2134.915695,2.134915695,969.063387,460.965965,704.886343,768000,768000,1.000000000,1,2025-11-28 14:19:00.000000,2025-11-28 14:19:59.999922,1,BAYxx_xxxx_20251128_141046_000.7z
2025-11-28 14:20:00,2123.044591,2.123044591,973.058140,460.391988,689.594463,742446,768000,0.966726562,0,2025-11-28 14:20:00.000000,2025-11-28 14:20:59.999922,2,BAYxx_xxxx_20251128_141046_000.7z;BAYxx_xxxx_20251128_142048_000.7z
2025-11-28 14:21:00,2140.944226,2.140944226,978.483759,462.534973,699.925494,768000,768000,1.000000000,1,2025-11-28 14:21:00.000000,2025-11-28 14:21:59.999922,1,BAYxx_xxxx_20251128_142048_000.7z
2025-11-28 14:22:00,2156.702766,2.156702766,984.671181,462.113285,709.918300,768000,768000,1.000000000,1,2025-11-28 14:22:00.000000,2025-11-28 14:22:59.999922,1,BAYxx_xxxx_20251128_142048_000.7z
2025-11-28 14:23:00,2167.732070,2.167732070,975.872852,480.835031,711.024187,768000,768000,1.000000000,1,2025-11-28 14:23:00.000000,2025-11-28 14:23:59.999922,1,BAYxx_xxxx_20251128_142048_000.7z
2025-11-28 14:24:00,2160.211612,2.160211612,974.540348,471.536735,714.134529,768000,768000,1.000000000,1,2025-11-28 14:24:00.000000,2025-11-28 14:24:59.999922,1,BAYxx_xxxx_20251128_142048_000.7z
2025-11-28 14:25:00,2175.387784,2.175387784,989.235357,479.519656,706.632771,768000,768000,1.000000000,1,2025-11-28 14:25:00.000000,2025-11-28 14:25:59.999922,1,BAYxx_xxxx_20251128_142048_000.7z
2025-11-28 14:26:00,2172.570875,2.172570875,985.202543,470.064123,717.304209,768000,768000,1.000000000,1,2025-11-28 14:26:00.000000,2025-11-28 14:26:59.999922,1,BAYxx_xxxx_20251128_142048_000.7z
2025-11-28 14:27:00,2188.967910,2.188967910,991.399157,473.186064,724.382689,768000,768000,1.000000000,1,2025-11-28 14:27:00.000000,2025-11-28 14:27:59.999922,1,BAYxx_xxxx_20251128_142048_000.7z
2025-11-28 14:28:00,2203.083386,2.203083386,990.131601,480.176896,732.774888,768000,768000,1.000000000,1,2025-11-28 14:28:00.000000,2025-11-28 14:28:59.999922,1,BAYxx_xxxx_20251128_142048_000.7z
2025-11-28 14:29:00,2183.807313,2.183807313,988.538934,478.855060,716.413319,768000,768000,1.000000000,1,2025-11-28 14:29:00.000000,2025-11-28 14:29:59.999922,1,BAYxx_xxxx_20251128_142048_000.7z
2025-11-28 14:30:00,2180.856532,2.180856532,970.812468,484.456244,725.587820,716818,768000,0.933356771,0,2025-11-28 14:30:00.000000,2025-11-28 14:30:59.999922,2,BAYxx_xxxx_20251128_142048_000.7z;BAYxx_xxxx_20251128_143052_000.7z
2025-11-28 14:31:00,2152.364708,2.152364708,964.025887,473.508676,714.830145,768000,768000,1.000000000,1,2025-11-28 14:31:00.000000,2025-11-28 14:31:59.999922,1,BAYxx_xxxx_20251128_143052_000.7z
2025-11-28 14:32:00,2129.595244,2.129595244,967.570334,454.780826,707.244083,768000,768000,1.000000000,1,2025-11-28 14:32:00.000000,2025-11-28 14:32:59.999922,1,BAYxx_xxxx_20251128_143052_000.7z
2025-11-28 14:33:00,3307.368300,3.307368300,1349.544511,861.275941,1096.547847,768000,768000,1.000000000,1,2025-11-28 14:33:00.000000,2025-11-28 14:33:59.999922,1,BAYxx_xxxx_20251128_143052_000.7z
2025-11-28 14:34:00,15346.228351,15.346228351,5113.832460,4953.138221,5279.257670,768000,768000,1.000000000,1,2025-11-28 14:34:00.000000,2025-11-28 14:34:59.999922,1,BAYxx_xxxx_20251128_143052_000.7z
2025-11-28 14:35:00,26040.841742,26.040841742,8464.602892,8565.499389,9010.739462,768000,768000,1.000000000,1,2025-11-28 14:35:00.000000,2025-11-28 14:35:59.999922,1,BAYxx_xxxx_20251128_143052_000.7z
2025-11-28 14:36:00,26837.622525,26.837622525,8721.474264,8825.544975,9290.603286,768000,768000,1.000000000,1,2025-11-28 14:36:00.000000,2025-11-28 14:36:59.999922,1,BAYxx_xxxx_20251128_143052_000.7z
2025-11-28 14:37:00,28415.492879,28.415492879,9201.121011,9416.381492,9797.990376,768000,768000,1.000000000,1,2025-11-28 14:37:00.000000,2025-11-28 14:37:59.999922,1,BAYxx_xxxx_20251128_143052_000.7z
2025-11-28 14:38:00,18711.739231,18.711739231,6200.017140,6095.876998,6415.845093,768000,768000,1.000000000,1,2025-11-28 14:38:00.000000,2025-11-28 14:38:59.999922,1,BAYxx_xxxx_20251128_143052_000.7z
2025-11-28 14:39:00,2366.461908,2.366461908,1036.879579,548.656432,780.925896,768000,768000,1.000000000,1,2025-11-28 14:39:00.000000,2025-11-28 14:39:59.999922,1,BAYxx_xxxx_20251128_143052_000.7z
2025-11-28 14:40:00,2444.981885,2.444981885,1071.732564,566.938597,806.310723,742467,768000,0.966753906,0,2025-11-28 14:40:00.000000,2025-11-28 14:40:59.999922,2,BAYxx_xxxx_20251128_143052_000.7z;BAYxx_xxxx_20251128_144054_000.7z
2025-11-28 14:41:00,3124.479518,3.124479518,1290.704934,795.692986,1038.081599,768000,768000,1.000000000,1,2025-11-28 14:41:00.000000,2025-11-28 14:41:59.999922,1,BAYxx_xxxx_20251128_144054_000.7z
2025-11-28 14:42:00,3726.057999,3.726057999,1485.097499,998.404666,1242.555834,768000,768000,1.000000000,1,2025-11-28 14:42:00.000000,2025-11-28 14:42:59.999922,1,BAYxx_xxxx_20251128_144054_000.7z
2025-11-28 14:43:00,2514.441985,2.514441985,1092.384688,591.387465,830.669832,768000,768000,1.000000000,1,2025-11-28 14:43:00.000000,2025-11-28 14:43:59.999922,1,BAYxx_xxxx_20251128_144054_000.7z
2025-11-28 14:44:00,2546.843196,2.546843196,1107.974416,592.692191,846.176588,768000,768000,1.000000000,1,2025-11-28 14:44:00.000000,2025-11-28 14:44:59.999922,1,BAYxx_xxxx_20251128_144054_000.7z
2025-11-28 14:45:00,2524.237175,2.524237175,1117.594752,586.185469,820.456954,768000,768000,1.000000000,1,2025-11-28 14:45:00.000000,2025-11-28 14:45:59.999922,1,BAYxx_xxxx_20251128_144054_000.7z
2025-11-28 14:46:00,2476.192333,2.476192333,1124.766609,605.690659,745.735066,768000,768000,1.000000000,1,2025-11-28 14:46:00.000000,2025-11-28 14:46:59.999922,1,BAYxx_xxxx_20251128_144054_000.7z
2025-11-28 14:47:00,2453.900676,2.453900676,1105.908199,593.507510,754.484967,768000,768000,1.000000000,1,2025-11-28 14:47:00.000000,2025-11-28 14:47:59.999922,1,BAYxx_xxxx_20251128_144054_000.7z
2025-11-28 14:48:00,2450.573703,2.450573703,1121.249872,588.692052,740.631780,768000,768000,1.000000000,1,2025-11-28 14:48:00.000000,2025-11-28 14:48:59.999922,1,BAYxx_xxxx_20251128_144054_000.7z
2025-11-28 14:49:00,2423.556871,2.423556871,1106.650120,579.853352,737.053398,768000,768000,1.000000000,1,2025-11-28 14:49:00.000000,2025-11-28 14:49:59.999922,1,BAYxx_xxxx_20251128_144054_000.7z
2025-11-28 14:50:00,2410.442593,2.410442593,1102.791482,582.127861,725.523250,729710,768000,0.950143229,0,2025-11-28 14:50:00.000000,2025-11-28 14:50:59.999922,2,BAYxx_xxxx_20251128_144054_000.7z;BAYxx_xxxx_20251128_145057_000.7z
2025-11-28 14:51:00,2424.154158,2.424154158,1106.119179,585.180909,732.854070,768000,768000,1.000000000,1,2025-11-28 14:51:00.000000,2025-11-28 14:51:59.999922,1,BAYxx_xxxx_20251128_145057_000.7z
2025-11-28 14:52:00,2402.986356,2.402986356,1101.450721,578.103326,723.432309,768000,768000,1.000000000,1,2025-11-28 14:52:00.000000,2025-11-28 14:52:59.999922,1,BAYxx_xxxx_20251128_145057_000.7z
2025-11-28 14:53:00,2431.412562,2.431412562,1103.831163,594.439223,733.142176,768000,768000,1.000000000,1,2025-11-28 14:53:00.000000,2025-11-28 14:53:59.999922,1,BAYxx_xxxx_20251128_145057_000.7z
2025-11-28 14:54:00,2437.799015,2.437799015,1119.346794,581.246319,737.205901,768000,768000,1.000000000,1,2025-11-28 14:54:00.000000,2025-11-28 14:54:59.999922,1,BAYxx_xxxx_20251128_145057_000.7z
2025-11-28 14:55:00,2445.313304,2.445313304,1119.086387,587.325243,738.901674,768000,768000,1.000000000,1,2025-11-28 14:55:00.000000,2025-11-28 14:55:59.999922,1,BAYxx_xxxx_20251128_145057_000.7z
2025-11-28 14:56:00,2443.054064,2.443054064,1109.932404,592.613089,740.508571,768000,768000,1.000000000,1,2025-11-28 14:56:00.000000,2025-11-28 14:56:59.999922,1,BAYxx_xxxx_20251128_145057_000.7z
2025-11-28 14:57:00,2679.627985,2.679627985,1196.329825,670.792866,812.505294,768000,768000,1.000000000,1,2025-11-28 14:57:00.000000,2025-11-28 14:57:59.999922,1,BAYxx_xxxx_20251128_145057_000.7z
2025-11-28 14:58:00,4010.243056,4.010243056,1625.075753,1127.701111,1257.466192,768000,768000,1.000000000,1,2025-11-28 14:58:00.000000,2025-11-28 14:58:59.999922,1,BAYxx_xxxx_20251128_145057_000.7z
2025-11-28 14:59:00,24063.247436,24.063247436,7928.141992,7959.145446,8175.959999,768000,768000,1.000000000,1,2025-11-28 14:59:00.000000,2025-11-28 14:59:59.999922,1,BAYxx_xxxx_20251128_145057_000.7z
2025-11-28 15:00:00,26749.687870,26.749687870,8767.539506,8827.669043,9154.479321,729730,768000,0.950169271,0,2025-11-28 15:00:00.000000,2025-11-28 15:00:57.010078,1,BAYxx_xxxx_20251128_145057_000.7z
2025-11-28 15:01:00,28241.419651,28.241419651,9214.335173,9315.623400,9711.461078,755200,768000,0.983333333,0,2025-11-28 15:01:01.000000,2025-11-28 15:01:59.999922,1,BAYxx_xxxx_20251128_150101_000.7z
2025-11-28 15:02:00,25854.668886,25.854668886,8388.657433,8585.746921,8880.264532,768000,768000,1.000000000,1,2025-11-28 15:02:00.000000,2025-11-28 15:02:59.999922,1,BAYxx_xxxx_20251128_150101_000.7z
2025-11-28 15:03:00,2699.448129,2.699448129,1158.644051,658.349729,882.454349,768000,768000,1.000000000,1,2025-11-28 15:03:00.000000,2025-11-28 15:03:59.999922,1,BAYxx_xxxx_20251128_150101_000.7z
2025-11-28 15:04:00,2637.234956,2.637234956,1132.637337,635.446385,869.151235,768000,768000,1.000000000,1,2025-11-28 15:04:00.000000,2025-11-28 15:04:59.999922,1,BAYxx_xxxx_20251128_150101_000.7z
2025-11-28 15:05:00,2954.628105,2.954628105,1231.672002,744.137133,978.818971,768000,768000,1.000000000,1,2025-11-28 15:05:00.000000,2025-11-28 15:05:59.999922,1,BAYxx_xxxx_20251128_150101_000.7z
2025-11-28 15:06:00,3523.665118,3.523665118,1410.642642,936.984668,1176.037807,768000,768000,1.000000000,1,2025-11-28 15:06:00.000000,2025-11-28 15:06:59.999922,1,BAYxx_xxxx_20251128_150101_000.7z
2025-11-28 15:07:00,2650.280145,2.650280145,1139.188788,627.926480,883.164877,768000,768000,1.000000000,1,2025-11-28 15:07:00.000000,2025-11-28 15:07:59.999922,1,BAYxx_xxxx_20251128_150101_000.7z
2025-11-28 15:08:00,2664.283884,2.664283884,1145.365060,631.635099,887.283726,768000,768000,1.000000000,1,2025-11-28 15:08:00.000000,2025-11-28 15:08:59.999922,1,BAYxx_xxxx_20251128_150101_000.7z
2025-11-28 15:09:00,2668.657871,2.668657871,1143.697566,643.849917,881.110388,768000,768000,1.000000000,1,2025-11-28 15:09:00.000000,2025-11-28 15:09:59.999922,1,BAYxx_xxxx_20251128_150101_000.7z
2025-11-28 15:10:00,2663.350671,2.663350671,1138.868520,650.538532,873.943619,768000,768000,1.000000000,1,2025-11-28 15:10:00.000000,2025-11-28 15:10:59.999922,1,BAYxx_xxxx_20251128_150101_000.7z
2025-11-28 15:11:00,2668.960982,2.668960982,1141.095716,651.847312,876.017954,742516,768000,0.966817708,0,2025-11-28 15:11:00.000000,2025-11-28 15:11:59.999922,2,BAYxx_xxxx_20251128_150101_000.7z;BAYxx_xxxx_20251128_151103_000.7z
2025-11-28 15:12:00,2688.428893,2.688428893,1142.430508,651.340441,894.657945,768000,768000,1.000000000,1,2025-11-28 15:12:00.000000,2025-11-28 15:12:59.999922,1,BAYxx_xxxx_20251128_151103_000.7z
2025-11-28 15:13:00,2701.538622,2.701538622,1155.303429,658.349319,887.885874,768000,768000,1.000000000,1,2025-11-28 15:13:00.000000,2025-11-28 15:13:59.999922,1,BAYxx_xxxx_20251128_151103_000.7z
2025-11-28 15:14:00,2708.664602,2.708664602,1158.298498,652.714097,897.652007,768000,768000,1.000000000,1,2025-11-28 15:14:00.000000,2025-11-28 15:14:59.999922,1,BAYxx_xxxx_20251128_151103_000.7z
2025-11-28 15:15:00,2711.645103,2.711645103,1164.255656,662.088211,885.301235,768000,768000,1.000000000,1,2025-11-28 15:15:00.000000,2025-11-28 15:15:59.999922,1,BAYxx_xxxx_20251128_151103_000.7z
2025-11-28 15:16:00,2718.277060,2.718277060,1157.976103,667.776921,892.524037,768000,768000,1.000000000,1,2025-11-28 15:16:00.000000,2025-11-28 15:16:59.999922,1,BAYxx_xxxx_20251128_151103_000.7z
2025-11-28 15:17:00,2672.024565,2.672024565,1148.922349,640.088832,883.013383,768000,768000,1.000000000,1,2025-11-28 15:17:00.000000,2025-11-28 15:17:59.999922,1,BAYxx_xxxx_20251128_151103_000.7z
2025-11-28 15:18:00,2699.529182,2.699529182,1156.065304,646.898373,896.565505,768000,768000,1.000000000,1,2025-11-28 15:18:00.000000,2025-11-28 15:18:59.999922,1,BAYxx_xxxx_20251128_151103_000.7z
2025-11-28 15:19:00,2683.856632,2.683856632,1161.023860,638.879248,883.953523,768000,768000,1.000000000,1,2025-11-28 15:19:00.000000,2025-11-28 15:19:59.999922,1,BAYxx_xxxx_20251128_151103_000.7z
2025-11-28 15:20:00,2716.054832,2.716054832,1167.098881,664.356407,884.599544,768000,768000,1.000000000,1,2025-11-28 15:20:00.000000,2025-11-28 15:20:59.999922,1,BAYxx_xxxx_20251128_151103_000.7z
2025-11-28 15:21:00,3177.746409,3.177746409,1314.790428,823.087265,1039.868717,729703,768000,0.950134115,0,2025-11-28 15:21:00.000000,2025-11-28 15:21:59.999922,2,BAYxx_xxxx_20251128_151103_000.7z;BAYxx_xxxx_20251128_152106_000.7z
2025-11-28 15:22:00,5402.608929,5.402608929,2028.091022,1575.865938,1798.651969,768000,768000,1.000000000,1,2025-11-28 15:22:00.000000,2025-11-28 15:22:59.999922,1,BAYxx_xxxx_20251128_152106_000.7z
2025-11-28 15:23:00,26540.596347,26.540596347,8648.406383,8815.368528,9076.821436,768000,768000,1.000000000,1,2025-11-28 15:23:00.000000,2025-11-28 15:23:59.999922,1,BAYxx_xxxx_20251128_152106_000.7z
2025-11-28 15:24:00,27043.665857,27.043665857,8838.973314,8925.728893,9278.963650,768000,768000,1.000000000,1,2025-11-28 15:24:00.000000,2025-11-28 15:24:59.999922,1,BAYxx_xxxx_20251128_152106_000.7z
2025-11-28 15:25:00,28721.274095,28.721274095,9374.933754,9503.042618,9843.297723,768000,768000,1.000000000,1,2025-11-28 15:25:00.000000,2025-11-28 15:25:59.999922,1,BAYxx_xxxx_20251128_152106_000.7z
2025-11-28 15:26:00,23851.259178,23.851259178,7815.919523,7911.425986,8123.913669,768000,768000,1.000000000,1,2025-11-28 15:26:00.000000,2025-11-28 15:26:59.999922,1,BAYxx_xxxx_20251128_152106_000.7z
2025-11-28 15:27:00,2727.329569,2.727329569,1181.644610,661.422312,884.262647,768000,768000,1.000000000,1,2025-11-28 15:27:00.000000,2025-11-28 15:27:59.999922,1,BAYxx_xxxx_20251128_152106_000.7z
2025-11-28 15:28:00,2689.829593,2.689829593,1163.841893,636.912611,889.075090,768000,768000,1.000000000,1,2025-11-28 15:28:00.000000,2025-11-28 15:28:59.999922,1,BAYxx_xxxx_20251128_152106_000.7z
2025-11-28 15:29:00,2736.292772,2.736292772,1178.922113,652.118069,905.252591,768000,768000,1.000000000,1,2025-11-28 15:29:00.000000,2025-11-28 15:29:59.999922,1,BAYxx_xxxx_20251128_152106_000.7z
2025-11-28 15:30:00,2725.336164,2.725336164,1165.107830,665.583823,894.644511,768000,768000,1.000000000,1,2025-11-28 15:30:00.000000,2025-11-28 15:30:59.999922,1,BAYxx_xxxx_20251128_152106_000.7z
2025-11-28 15:31:00,2680.369430,2.680369430,1174.353359,672.987484,833.028587,729667,768000,0.950087240,0,2025-11-28 15:31:00.000000,2025-11-28 15:31:59.999922,2,BAYxx_xxxx_20251128_152106_000.7z;BAYxx_xxxx_20251128_153109_000.7z
2025-11-28 15:32:00,2641.067515,2.641067515,1182.289927,661.310686,797.466902,768000,768000,1.000000000,1,2025-11-28 15:32:00.000000,2025-11-28 15:32:59.999922,1,BAYxx_xxxx_20251128_153109_000.7z
2025-11-28 15:33:00,2653.522576,2.653522576,1181.116818,654.248504,818.157254,768000,768000,1.000000000,1,2025-11-28 15:33:00.000000,2025-11-28 15:33:59.999922,1,BAYxx_xxxx_20251128_153109_000.7z
2025-11-28 15:34:00,2662.350043,2.662350043,1183.365580,655.609989,823.374474,768000,768000,1.000000000,1,2025-11-28 15:34:00.000000,2025-11-28 15:34:59.999922,1,BAYxx_xxxx_20251128_153109_000.7z
2025-11-28 15:35:00,2695.134830,2.695134830,1196.819865,669.199587,829.115377,768000,768000,1.000000000,1,2025-11-28 15:35:00.000000,2025-11-28 15:35:59.999922,1,BAYxx_xxxx_20251128_153109_000.7z
2025-11-28 15:36:00,2682.273183,2.682273183,1180.901826,674.580332,826.791026,768000,768000,1.000000000,1,2025-11-28 15:36:00.000000,2025-11-28 15:36:59.999922,1,BAYxx_xxxx_20251128_153109_000.7z
2025-11-28 15:37:00,2675.522666,2.675522666,1177.280876,669.013860,829.227930,768000,768000,1.000000000,1,2025-11-28 15:37:00.000000,2025-11-28 15:37:59.999922,1,BAYxx_xxxx_20251128_153109_000.7z
2025-11-28 15:38:00,2675.862526,2.675862526,1171.357985,668.898133,835.606407,768000,768000,1.000000000,1,2025-11-28 15:38:00.000000,2025-11-28 15:38:59.999922,1,BAYxx_xxxx_20251128_153109_000.7z
2025-11-28 15:39:00,2681.989794,2.681989794,1182.397305,665.916816,833.675673,768000,768000,1.000000000,1,2025-11-28 15:39:00.000000,2025-11-28 15:39:59.999922,1,BAYxx_xxxx_20251128_153109_000.7z
2025-11-28 15:40:00,2665.680410,2.665680410,1177.637792,664.125786,823.916832,768000,768000,1.000000000,1,2025-11-28 15:40:00.000000,2025-11-28 15:40:59.999922,1,BAYxx_xxxx_20251128_153109_000.7z
2025-11-28 15:41:00,2682.230966,2.682230966,1188.031301,660.387159,833.812506,729734,768000,0.950174479,0,2025-11-28 15:41:00.000000,2025-11-28 15:41:59.999922,2,BAYxx_xxxx_20251128_153109_000.7z;BAYxx_xxxx_20251128_154112_000.7z
2025-11-28 15:42:00,2681.613754,2.681613754,1192.726147,670.803970,818.083637,768000,768000,1.000000000,1,2025-11-28 15:42:00.000000,2025-11-28 15:42:59.999922,1,BAYxx_xxxx_20251128_154112_000.7z
2025-11-28 15:43:00,2671.828396,2.671828396,1179.119312,669.519271,823.189813,768000,768000,1.000000000,1,2025-11-28 15:43:00.000000,2025-11-28 15:43:59.999922,1,BAYxx_xxxx_20251128_154112_000.7z
2025-11-28 15:44:00,2676.050907,2.676050907,1181.236137,677.738357,817.076413,768000,768000,1.000000000,1,2025-11-28 15:44:00.000000,2025-11-28 15:44:59.999922,1,BAYxx_xxxx_20251128_154112_000.7z
2025-11-28 15:45:00,2692.466627,2.692466627,1181.927496,679.792146,830.746985,768000,768000,1.000000000,1,2025-11-28 15:45:00.000000,2025-11-28 15:45:59.999922,1,BAYxx_xxxx_20251128_154112_000.7z
2025-11-28 15:46:00,3583.779218,3.583779218,1460.575417,948.075118,1175.128683,768000,768000,1.000000000,1,2025-11-28 15:46:00.000000,2025-11-28 15:46:59.999922,1,BAYxx_xxxx_20251128_154112_000.7z
2025-11-28 15:47:00,10753.094691,10.753094691,3665.556184,3383.408337,3704.130170,768000,768000,1.000000000,1,2025-11-28 15:47:00.000000,2025-11-28 15:47:59.999922,1,BAYxx_xxxx_20251128_154112_000.7z
2025-11-28 15:48:00,26645.507490,26.645507490,8525.458838,8855.952767,9264.095885,768000,768000,1.000000000,1,2025-11-28 15:48:00.000000,2025-11-28 15:48:59.999922,1,BAYxx_xxxx_20251128_154112_000.7z
2025-11-28 15:49:00,27491.980054,27.491980054,8857.276601,9094.739963,9539.963490,768000,768000,1.000000000,1,2025-11-28 15:49:00.000000,2025-11-28 15:49:59.999922,1,BAYxx_xxxx_20251128_154112_000.7z
2025-11-28 15:50:00,29285.718857,29.285718857,9489.511929,9675.106796,10121.100133,768000,768000,1.000000000,1,2025-11-28 15:50:00.000000,2025-11-28 15:50:59.999922,1,BAYxx_xxxx_20251128_154112_000.7z
2025-11-28 15:51:00,13724.039351,13.724039351,4621.528660,4387.718314,4714.792378,729720,768000,0.950156250,0,2025-11-28 15:51:00.000000,2025-11-28 15:51:59.999922,2,BAYxx_xxxx_20251128_154112_000.7z;BAYxx_xxxx_20251128_155115_000.7z
2025-11-28 15:52:00,2782.208603,2.782208603,1183.723171,667.543155,930.942277,768000,768000,1.000000000,1,2025-11-28 15:52:00.000000,2025-11-28 15:52:59.999922,1,BAYxx_xxxx_20251128_155115_000.7z
2025-11-28 15:53:00,2790.175906,2.790175906,1204.737450,662.810065,922.628391,768000,768000,1.000000000,1,2025-11-28 15:53:00.000000,2025-11-28 15:53:59.999922,1,BAYxx_xxxx_20251128_155115_000.7z
2025-11-28 15:54:00,2790.507249,2.790507249,1203.729529,669.964739,916.812981,768000,768000,1.000000000,1,2025-11-28 15:54:00.000000,2025-11-28 15:54:59.999922,1,BAYxx_xxxx_20251128_155115_000.7z
2025-11-28 15:55:00,2817.940719,2.817940719,1213.719718,676.929090,927.291911,768000,768000,1.000000000,1,2025-11-28 15:55:00.000000,2025-11-28 15:55:59.999922,1,BAYxx_xxxx_20251128_155115_000.7z
2025-11-28 15:56:00,2861.778599,2.861778599,1215.809347,698.613922,947.355329,768000,768000,1.000000000,1,2025-11-28 15:56:00.000000,2025-11-28 15:56:59.999922,1,BAYxx_xxxx_20251128_155115_000.7z
2025-11-28 15:57:00,2857.113559,2.857113559,1212.611890,699.392541,945.109128,768000,768000,1.000000000,1,2025-11-28 15:57:00.000000,2025-11-28 15:57:59.999922,1,BAYxx_xxxx_20251128_155115_000.7z
2025-11-28 15:58:00,2869.812127,2.869812127,1222.420549,701.608713,945.782865,768000,768000,1.000000000,1,2025-11-28 15:58:00.000000,2025-11-28 15:58:59.999922,1,BAYxx_xxxx_20251128_155115_000.7z
2025-11-28 15:59:00,2871.851774,2.871851774,1223.693253,703.392035,944.766486,768000,768000,1.000000000,1,2025-11-28 15:59:00.000000,2025-11-28 15:59:59.999922,1,BAYxx_xxxx_20251128_155115_000.7z
2025-11-28 16:00:00,2870.640038,2.870640038,1212.806429,706.661188,951.172421,768000,768000,1.000000000,1,2025-11-28 16:00:00.000000,2025-11-28 16:00:59.999922,1,BAYxx_xxxx_20251128_155115_000.7z
2025-11-28 16:01:00,2883.363851,2.883363851,1211.803558,709.613252,961.947041,691240,768000,0.900052083,0,2025-11-28 16:01:00.000000,2025-11-28 16:01:59.999922,2,BAYxx_xxxx_20251128_155115_000.7z;BAYxx_xxxx_20251128_160121_000.7z
2025-11-28 16:02:00,2900.656020,2.900656020,1219.978052,716.490597,964.187371,768000,768000,1.000000000,1,2025-11-28 16:02:00.000000,2025-11-28 16:02:59.999922,1,BAYxx_xxxx_20251128_160121_000.7z
2025-11-28 16:03:00,2900.525945,2.900525945,1212.870672,720.860020,966.795253,768000,768000,1.000000000,1,2025-11-28 16:03:00.000000,2025-11-28 16:03:59.999922,1,BAYxx_xxxx_20251128_160121_000.7z
2025-11-28 16:04:00,2908.843522,2.908843522,1224.940535,707.047681,976.855307,768000,768000,1.000000000,1,2025-11-28 16:04:00.000000,2025-11-28 16:04:59.999922,1,BAYxx_xxxx_20251128_160121_000.7z
2025-11-28 16:05:00,2897.872575,2.897872575,1222.184706,710.770310,964.917558,768000,768000,1.000000000,1,2025-11-28 16:05:00.000000,2025-11-28 16:05:59.999922,1,BAYxx_xxxx_20251128_160121_000.7z
2025-11-28 16:06:00,2913.662773,2.913662773,1225.302820,730.924411,957.435541,768000,768000,1.000000000,1,2025-11-28 16:06:00.000000,2025-11-28 16:06:59.999922,1,BAYxx_xxxx_20251128_160121_000.7z
2025-11-28 16:07:00,2935.704927,2.935704927,1228.258637,733.721828,973.724462,768000,768000,1.000000000,1,2025-11-28 16:07:00.000000,2025-11-28 16:07:59.999922,1,BAYxx_xxxx_20251128_160121_000.7z
2025-11-28 16:08:00,2931.551172,2.931551172,1231.999369,727.378200,972.173602,768000,768000,1.000000000,1,2025-11-28 16:08:00.000000,2025-11-28 16:08:59.999922,1,BAYxx_xxxx_20251128_160121_000.7z
2025-11-28 16:09:00,2950.845414,2.950845414,1247.218372,723.520166,980.106876,768000,768000,1.000000000,1,2025-11-28 16:09:00.000000,2025-11-28 16:09:59.999922,1,BAYxx_xxxx_20251128_160121_000.7z
2025-11-28 16:10:00,4160.574389,4.160574389,1647.568141,1140.784203,1372.222046,768000,768000,1.000000000,1,2025-11-28 16:10:00.000000,2025-11-28 16:10:59.999922,1,BAYxx_xxxx_20251128_160121_000.7z
2025-11-28 16:11:00,15652.988550,15.652988550,5216.057860,5073.171742,5363.758949,716839,768000,0.933384115,0,2025-11-28 16:11:00.000000,2025-11-28 16:11:59.999922,2,BAYxx_xxxx_20251128_160121_000.7z;BAYxx_xxxx_20251128_161125_000.7z
2025-11-28 16:12:00,27134.960425,27.134960425,8859.612664,8944.891722,9330.456039,768000,768000,1.000000000,1,2025-11-28 16:12:00.000000,2025-11-28 16:12:59.999922,1,BAYxx_xxxx_20251128_161125_000.7z
2025-11-28 16:13:00,27916.313834,27.916313834,9112.108848,9158.034279,9646.170706,768000,768000,1.000000000,1,2025-11-28 16:13:00.000000,2025-11-28 16:13:59.999922,1,BAYxx_xxxx_20251128_161125_000.7z
2025-11-28 16:14:00,29454.075303,29.454075303,9556.237268,9723.223278,10174.614758,768000,768000,1.000000000,1,2025-11-28 16:14:00.000000,2025-11-28 16:14:59.999922,1,BAYxx_xxxx_20251128_161125_000.7z
2025-11-28 16:15:00,12043.494684,12.043494684,4082.537672,3842.195181,4118.761830,768000,768000,1.000000000,1,2025-11-28 16:15:00.000000,2025-11-28 16:15:59.999922,1,BAYxx_xxxx_20251128_161125_000.7z
2025-11-28 16:16:00,2910.876738,2.910876738,1229.415220,737.656668,943.804850,768000,768000,1.000000000,1,2025-11-28 16:16:00.000000,2025-11-28 16:16:59.999922,1,BAYxx_xxxx_20251128_161125_000.7z
2025-11-28 16:17:00,2847.408349,2.847408349,1230.945018,741.743646,874.719684,768000,768000,1.000000000,1,2025-11-28 16:17:00.000000,2025-11-28 16:17:59.999922,1,BAYxx_xxxx_20251128_161125_000.7z
2025-11-28 16:18:00,3962.738432,3.962738432,1598.974273,1109.916487,1253.847672,768000,768000,1.000000000,1,2025-11-28 16:18:00.000000,2025-11-28 16:18:59.999922,1,BAYxx_xxxx_20251128_161125_000.7z
2025-11-28 16:19:00,16512.956367,16.512956367,5481.412219,5433.487670,5598.056478,768000,768000,1.000000000,1,2025-11-28 16:19:00.000000,2025-11-28 16:19:59.999922,1,BAYxx_xxxx_20251128_161125_000.7z
2025-11-28 16:20:00,30115.876818,30.115876818,9740.412501,10087.798294,10287.666023,768000,768000,1.000000000,1,2025-11-28 16:20:00.000000,2025-11-28 16:20:59.999922,1,BAYxx_xxxx_20251128_161125_000.7z
2025-11-28 16:21:00,17957.816849,17.957816849,5931.764036,5912.761903,6113.290910,729738,768000,0.950179688,0,2025-11-28 16:21:00.000000,2025-11-28 16:21:59.999922,2,BAYxx_xxxx_20251128_161125_000.7z;BAYxx_xxxx_20251128_162128_000.7z
2025-11-28 16:22:00,2884.032028,2.884032028,1238.557553,739.028387,906.446088,768000,768000,1.000000000,1,2025-11-28 16:22:00.000000,2025-11-28 16:22:59.999922,1,BAYxx_xxxx_20251128_162128_000.7z
2025-11-28 16:23:00,2909.373624,2.909373624,1248.408971,758.532459,902.432194,768000,768000,1.000000000,1,2025-11-28 16:23:00.000000,2025-11-28 16:23:59.999922,1,BAYxx_xxxx_20251128_162128_000.7z
2025-11-28 16:24:00,2913.490371,2.913490371,1244.993409,762.899536,905.597425,768000,768000,1.000000000,1,2025-11-28 16:24:00.000000,2025-11-28 16:24:59.999922,1,BAYxx_xxxx_20251128_162128_000.7z
2025-11-28 16:25:00,2908.504294,2.908504294,1246.176157,761.939751,900.388387,768000,768000,1.000000000,1,2025-11-28 16:25:00.000000,2025-11-28 16:25:59.999922,1,BAYxx_xxxx_20251128_162128_000.7z
2025-11-28 16:26:00,2923.119160,2.923119160,1252.202060,762.020453,908.896648,768000,768000,1.000000000,1,2025-11-28 16:26:00.000000,2025-11-28 16:26:59.999922,1,BAYxx_xxxx_20251128_162128_000.7z
2025-11-28 16:27:00,2926.128406,2.926128406,1260.008363,765.894227,900.225816,768000,768000,1.000000000,1,2025-11-28 16:27:00.000000,2025-11-28 16:27:59.999922,1,BAYxx_xxxx_20251128_162128_000.7z
2025-11-28 16:28:00,2923.961084,2.923961084,1262.342584,766.490838,895.127662,768000,768000,1.000000000,1,2025-11-28 16:28:00.000000,2025-11-28 16:28:59.999922,1,BAYxx_xxxx_20251128_162128_000.7z
2025-11-28 16:29:00,2933.201095,2.933201095,1267.515304,763.945888,901.739903,768000,768000,1.000000000,1,2025-11-28 16:29:00.000000,2025-11-28 16:29:59.999922,1,BAYxx_xxxx_20251128_162128_000.7z
2025-11-28 16:30:00,2962.821402,2.962821402,1268.369211,786.095244,908.356947,768000,768000,1.000000000,1,2025-11-28 16:30:00.000000,2025-11-28 16:30:59.999922,1,BAYxx_xxxx_20251128_162128_000.7z
2025-11-28 16:31:00,2971.955820,2.971955820,1270.216363,774.822880,926.916576,716858,768000,0.933408854,0,2025-11-28 16:31:00.000000,2025-11-28 16:31:59.999922,2,BAYxx_xxxx_20251128_162128_000.7z;BAYxx_xxxx_20251128_163132_000.7z
2025-11-28 16:32:00,3070.794905,3.070794905,1277.777517,780.988781,1012.028607,768000,768000,1.000000000,1,2025-11-28 16:32:00.000000,2025-11-28 16:32:59.999922,1,BAYxx_xxxx_20251128_163132_000.7z
2025-11-28 16:33:00,3061.400091,3.061400091,1263.557200,780.826766,1017.016125,768000,768000,1.000000000,1,2025-11-28 16:33:00.000000,2025-11-28 16:33:59.999922,1,BAYxx_xxxx_20251128_163132_000.7z
2025-11-28 16:34:00,3094.948011,3.094948011,1289.659071,784.968931,1020.320010,768000,768000,1.000000000,1,2025-11-28 16:34:00.000000,2025-11-28 16:34:59.999922,1,BAYxx_xxxx_20251128_163132_000.7z
2025-11-28 16:35:00,3087.985738,3.087985738,1290.252179,785.458883,1012.274676,768000,768000,1.000000000,1,2025-11-28 16:35:00.000000,2025-11-28 16:35:59.999922,1,BAYxx_xxxx_20251128_163132_000.7z
2025-11-28 16:36:00,3086.209247,3.086209247,1289.626743,783.227635,1013.354869,768000,768000,1.000000000,1,2025-11-28 16:36:00.000000,2025-11-28 16:36:59.999922,1,BAYxx_xxxx_20251128_163132_000.7z
2025-11-28 16:37:00,3439.388977,3.439388977,1401.646910,900.872004,1136.870064,768000,768000,1.000000000,1,2025-11-28 16:37:00.000000,2025-11-28 16:37:59.999922,1,BAYxx_xxxx_20251128_163132_000.7z
2025-11-28 16:38:00,4986.694631,4.986694631,1895.706255,1432.631962,1658.356414,768000,768000,1.000000000,1,2025-11-28 16:38:00.000000,2025-11-28 16:38:59.999922,1,BAYxx_xxxx_20251128_163132_000.7z
2025-11-28 16:39:00,26867.707424,26.867707424,8688.160675,8911.888188,9267.658561,768000,768000,1.000000000,1,2025-11-28 16:39:00.000000,2025-11-28 16:39:59.999922,1,BAYxx_xxxx_20251128_163132_000.7z
2025-11-28 16:40:00,27397.782979,27.397782979,8912.571189,9071.535248,9413.676542,768000,768000,1.000000000,1,2025-11-28 16:40:00.000000,2025-11-28 16:40:59.999922,1,BAYxx_xxxx_20251128_163132_000.7z
2025-11-28 16:41:00,28980.067527,28.980067527,9396.706571,9556.035795,10027.325162,729644,768000,0.950057292,0,2025-11-28 16:41:00.000000,2025-11-28 16:41:59.999922,2,BAYxx_xxxx_20251128_163132_000.7z;BAYxx_xxxx_20251128_164135_000.7z
2025-11-28 16:42:00,27906.332655,27.906332655,9079.969277,9203.154247,9623.209132,768000,768000,1.000000000,1,2025-11-28 16:42:00.000000,2025-11-28 16:42:59.999922,1,BAYxx_xxxx_20251128_164135_000.7z
2025-11-28 16:43:00,3255.493926,3.255493926,1348.986505,842.058131,1064.449289,768000,768000,1.000000000,1,2025-11-28 16:43:00.000000,2025-11-28 16:43:59.999922,1,BAYxx_xxxx_20251128_164135_000.7z
2025-11-28 16:44:00,3080.689190,3.080689190,1287.295882,788.033952,1005.359357,768000,768000,1.000000000,1,2025-11-28 16:44:00.000000,2025-11-28 16:44:59.999922,1,BAYxx_xxxx_20251128_164135_000.7z
2025-11-28 16:45:00,3091.165047,3.091165047,1285.354699,792.893496,1012.916852,768000,768000,1.000000000,1,2025-11-28 16:45:00.000000,2025-11-28 16:45:59.999922,1,BAYxx_xxxx_20251128_164135_000.7z
2025-11-28 16:46:00,3119.214955,3.119214955,1311.805658,787.455847,1019.953450,768000,768000,1.000000000,1,2025-11-28 16:46:00.000000,2025-11-28 16:46:59.999922,1,BAYxx_xxxx_20251128_164135_000.7z
2025-11-28 16:47:00,3098.237996,3.098237996,1299.281123,782.740453,1016.216420,768000,768000,1.000000000,1,2025-11-28 16:47:00.000000,2025-11-28 16:47:59.999922,1,BAYxx_xxxx_20251128_164135_000.7z
2025-11-28 16:48:00,3101.276755,3.101276755,1302.237021,778.755172,1020.284562,768000,768000,1.000000000,1,2025-11-28 16:48:00.000000,2025-11-28 16:48:59.999922,1,BAYxx_xxxx_20251128_164135_000.7z
2025-11-28 16:49:00,3103.724601,3.103724601,1300.721969,783.293213,1019.709420,768000,768000,1.000000000,1,2025-11-28 16:49:00.000000,2025-11-28 16:49:59.999922,1,BAYxx_xxxx_20251128_164135_000.7z
2025-11-28 16:50:00,3143.757041,3.143757041,1319.740999,800.824799,1023.191242,768000,768000,1.000000000,1,2025-11-28 16:50:00.000000,2025-11-28 16:50:59.999922,1,BAYxx_xxxx_20251128_164135_000.7z
2025-11-28 16:51:00,3125.618274,3.125618274,1318.204004,801.681121,1005.733150,729636,768000,0.950046875,0,2025-11-28 16:51:00.000000,2025-11-28 16:51:59.999922,2,BAYxx_xxxx_20251128_164135_000.7z;BAYxx_xxxx_20251128_165138_000.7z
2025-11-28 16:52:00,3141.990306,3.141990306,1307.449969,809.285698,1025.254639,768000,768000,1.000000000,1,2025-11-28 16:52:00.000000,2025-11-28 16:52:59.999922,1,BAYxx_xxxx_20251128_165138_000.7z
2025-11-28 16:53:00,3115.637726,3.115637726,1297.688951,801.544067,1016.404707,768000,768000,1.000000000,1,2025-11-28 16:53:00.000000,2025-11-28 16:53:59.999922,1,BAYxx_xxxx_20251128_165138_000.7z
2025-11-28 16:54:00,3124.263928,3.124263928,1305.103703,811.869934,1007.290291,768000,768000,1.000000000,1,2025-11-28 16:54:00.000000,2025-11-28 16:54:59.999922,1,BAYxx_xxxx_20251128_165138_000.7z
2025-11-28 16:55:00,3128.132797,3.128132797,1306.054669,811.401873,1010.676256,768000,768000,1.000000000,1,2025-11-28 16:55:00.000000,2025-11-28 16:55:59.999922,1,BAYxx_xxxx_20251128_165138_000.7z
2025-11-28 16:56:00,3134.751434,3.134751434,1298.342464,805.027275,1031.381696,768000,768000,1.000000000,1,2025-11-28 16:56:00.000000,2025-11-28 16:56:59.999922,1,BAYxx_xxxx_20251128_165138_000.7z
2025-11-28 16:57:00,3124.904463,3.124904463,1314.179164,770.355439,1040.369860,768000,768000,1.000000000,1,2025-11-28 16:57:00.000000,2025-11-28 16:57:59.999922,1,BAYxx_xxxx_20251128_165138_000.7z
2025-11-28 16:58:00,3138.843770,3.138843770,1331.033632,758.336743,1049.473395,768000,768000,1.000000000,1,2025-11-28 16:58:00.000000,2025-11-28 16:58:59.999922,1,BAYxx_xxxx_20251128_165138_000.7z
2025-11-28 16:59:00,3133.647556,3.133647556,1318.679843,768.852214,1046.115500,768000,768000,1.000000000,1,2025-11-28 16:59:00.000000,2025-11-28 16:59:59.999922,1,BAYxx_xxxx_20251128_165138_000.7z
2025-11-28 17:00:00,3159.972939,3.159972939,1328.080616,775.660023,1056.232299,768000,768000,1.000000000,1,2025-11-28 17:00:00.000000,2025-11-28 17:00:59.999922,1,BAYxx_xxxx_20251128_165138_000.7z
2025-11-28 17:01:00,3154.095324,3.154095324,1324.856557,782.226379,1047.012387,729630,768000,0.950039063,0,2025-11-28 17:01:00.000000,2025-11-28 17:01:59.999922,2,BAYxx_xxxx_20251128_165138_000.7z;BAYxx_xxxx_20251128_170141_000.7z
2025-11-28 17:02:00,3916.104556,3.916104556,1613.615384,1055.563129,1246.926043,768000,768000,1.000000000,1,2025-11-28 17:02:00.000000,2025-11-28 17:02:59.999922,1,BAYxx_xxxx_20251128_170141_000.7z
2025-11-28 17:03:00,11182.679984,11.182679984,3814.396196,3563.340298,3804.943491,768000,768000,1.000000000,1,2025-11-28 17:03:00.000000,2025-11-28 17:03:59.999922,1,BAYxx_xxxx_20251128_170141_000.7z
2025-11-28 17:04:00,26938.402975,26.938402975,8644.725099,8907.064490,9386.613386,768000,768000,1.000000000,1,2025-11-28 17:04:00.000000,2025-11-28 17:04:59.999922,1,BAYxx_xxxx_20251128_170141_000.7z
2025-11-28 17:05:00,27409.316046,27.409316046,8931.047730,8974.763645,9503.504671,768000,768000,1.000000000,1,2025-11-28 17:05:00.000000,2025-11-28 17:05:59.999922,1,BAYxx_xxxx_20251128_170141_000.7z
2025-11-28 17:06:00,29073.617684,29.073617684,9479.822907,9540.967979,10052.826798,768000,768000,1.000000000,1,2025-11-28 17:06:00.000000,2025-11-28 17:06:59.999922,1,BAYxx_xxxx_20251128_170141_000.7z
2025-11-28 17:07:00,27335.168969,27.335168969,8939.743761,9002.092127,9393.333080,768000,768000,1.000000000,1,2025-11-28 17:07:00.000000,2025-11-28 17:07:59.999922,1,BAYxx_xxxx_20251128_170141_000.7z
2025-11-28 17:08:00,3154.540044,3.154540044,1358.128354,826.311348,970.100343,768000,768000,1.000000000,1,2025-11-28 17:08:00.000000,2025-11-28 17:08:59.999922,1,BAYxx_xxxx_20251128_170141_000.7z
2025-11-28 17:09:00,3022.641148,3.022641148,1320.738333,787.739646,914.163168,768000,768000,1.000000000,1,2025-11-28 17:09:00.000000,2025-11-28 17:09:59.999922,1,BAYxx_xxxx_20251128_170141_000.7z
2025-11-28 17:10:00,3229.436036,3.229436036,1380.735772,852.243805,996.456460,768000,768000,1.000000000,1,2025-11-28 17:10:00.000000,2025-11-28 17:10:59.999922,1,BAYxx_xxxx_20251128_170141_000.7z
2025-11-28 17:11:00,4594.246530,4.594246530,1812.163962,1322.500806,1459.581761,742411,768000,0.966680990,0,2025-11-28 17:11:00.000000,2025-11-28 17:11:59.999922,2,BAYxx_xxxx_20251128_170141_000.7z;BAYxx_xxxx_20251128_171143_000.7z
2025-11-28 17:12:00,3040.733963,3.040733963,1316.367383,784.237031,940.129549,768000,768000,1.000000000,1,2025-11-28 17:12:00.000000,2025-11-28 17:12:59.999922,1,BAYxx_xxxx_20251128_171143_000.7z
2025-11-28 17:13:00,3046.411772,3.046411772,1320.965701,789.927891,935.518181,768000,768000,1.000000000,1,2025-11-28 17:13:00.000000,2025-11-28 17:13:59.999922,1,BAYxx_xxxx_20251128_171143_000.7z
2025-11-28 17:14:00,3042.252327,3.042252327,1323.690259,788.269262,930.292806,768000,768000,1.000000000,1,2025-11-28 17:14:00.000000,2025-11-28 17:14:59.999922,1,BAYxx_xxxx_20251128_171143_000.7z
2025-11-28 17:15:00,3047.984601,3.047984601,1329.029360,780.905973,938.049268,768000,768000,1.000000000,1,2025-11-28 17:15:00.000000,2025-11-28 17:15:59.999922,1,BAYxx_xxxx_20251128_171143_000.7z
2025-11-28 17:16:00,3058.115248,3.058115248,1338.123328,790.442389,929.549531,768000,768000,1.000000000,1,2025-11-28 17:16:00.000000,2025-11-28 17:16:59.999922,1,BAYxx_xxxx_20251128_171143_000.7z
2025-11-28 17:17:00,3108.058641,3.108058641,1323.306936,770.371529,1014.380176,768000,768000,1.000000000,1,2025-11-28 17:17:00.000000,2025-11-28 17:17:59.999922,1,BAYxx_xxxx_20251128_171143_000.7z
2025-11-28 17:18:00,3142.586282,3.142586282,1332.833864,775.259096,1034.493322,768000,768000,1.000000000,1,2025-11-28 17:18:00.000000,2025-11-28 17:18:59.999922,1,BAYxx_xxxx_20251128_171143_000.7z
2025-11-28 17:19:00,3155.128219,3.155128219,1315.996000,795.243818,1043.888401,768000,768000,1.000000000,1,2025-11-28 17:19:00.000000,2025-11-28 17:19:59.999922,1,BAYxx_xxxx_20251128_171143_000.7z
2025-11-28 17:20:00,3131.084827,3.131084827,1306.009152,794.385607,1030.690068,768000,768000,1.000000000,1,2025-11-28 17:20:00.000000,2025-11-28 17:20:59.999922,1,BAYxx_xxxx_20251128_171143_000.7z
2025-11-28 17:21:00,3160.404481,3.160404481,1335.441556,793.202238,1031.760688,716887,768000,0.933446615,0,2025-11-28 17:21:00.000000,2025-11-28 17:21:59.999922,2,BAYxx_xxxx_20251128_171143_000.7z;BAYxx_xxxx_20251128_172147_000.7z
2025-11-28 17:22:00,3176.742394,3.176742394,1344.305812,803.817145,1028.619438,768000,768000,1.000000000,1,2025-11-28 17:22:00.000000,2025-11-28 17:22:59.999922,1,BAYxx_xxxx_20251128_172147_000.7z
2025-11-28 17:23:00,3148.425841,3.148425841,1327.028990,788.594654,1032.802197,768000,768000,1.000000000,1,2025-11-28 17:23:00.000000,2025-11-28 17:23:59.999922,1,BAYxx_xxxx_20251128_172147_000.7z
2025-11-28 17:24:00,3855.669146,3.855669146,1549.987963,1037.651253,1268.029930,768000,768000,1.000000000,1,2025-11-28 17:24:00.000000,2025-11-28 17:24:59.999922,1,BAYxx_xxxx_20251128_172147_000.7z
2025-11-28 17:25:00,9214.769312,9.214769312,3266.077803,2834.042307,3114.649202,768000,768000,1.000000000,1,2025-11-28 17:25:00.000000,2025-11-28 17:25:59.999922,1,BAYxx_xxxx_20251128_172147_000.7z
2025-11-28 17:26:00,26738.670886,26.738670886,8688.173603,8794.422692,9256.074592,768000,768000,1.000000000,1,2025-11-28 17:26:00.000000,2025-11-28 17:26:59.999922,1,BAYxx_xxxx_20251128_172147_000.7z
2025-11-28 17:27:00,27008.639061,27.008639061,8820.485696,8939.428799,9248.724567,768000,768000,1.000000000,1,2025-11-28 17:27:00.000000,2025-11-28 17:27:59.999922,1,BAYxx_xxxx_20251128_172147_000.7z
2025-11-28 17:28:00,28598.985380,28.598985380,9311.912803,9457.290320,9829.782258,768000,768000,1.000000000,1,2025-11-28 17:28:00.000000,2025-11-28 17:28:59.999922,1,BAYxx_xxxx_20251128_172147_000.7z
2025-11-28 17:29:00,29285.996992,29.285996992,9536.973588,9726.929047,10022.094358,768000,768000,1.000000000,1,2025-11-28 17:29:00.000000,2025-11-28 17:29:59.999922,1,BAYxx_xxxx_20251128_172147_000.7z
2025-11-28 17:30:00,13903.329033,13.903329033,4682.480088,4478.704136,4742.144809,768000,768000,1.000000000,1,2025-11-28 17:30:00.000000,2025-11-28 17:30:59.999922,1,BAYxx_xxxx_20251128_172147_000.7z
2025-11-28 17:31:00,3102.293861,3.102293861,1313.220785,781.984081,1007.088995,742468,768000,0.966755208,0,2025-11-28 17:31:00.000000,2025-11-28 17:31:59.999922,2,BAYxx_xxxx_20251128_172147_000.7z;BAYxx_xxxx_20251128_173149_000.7z
2025-11-28 17:32:00,3108.121304,3.108121304,1312.487699,779.552427,1016.081178,768000,768000,1.000000000,1,2025-11-28 17:32:00.000000,2025-11-28 17:32:59.999922,1,BAYxx_xxxx_20251128_173149_000.7z
2025-11-28 17:33:00,3105.931960,3.105931960,1299.996049,782.374729,1023.561183,768000,768000,1.000000000,1,2025-11-28 17:33:00.000000,2025-11-28 17:33:59.999922,1,BAYxx_xxxx_20251128_173149_000.7z
2025-11-28 17:34:00,3110.766384,3.110766384,1302.074488,793.857774,1014.834122,768000,768000,1.000000000,1,2025-11-28 17:34:00.000000,2025-11-28 17:34:59.999922,1,BAYxx_xxxx_20251128_173149_000.7z
2025-11-28 17:35:00,3120.417694,3.120417694,1304.743947,790.886804,1024.786943,768000,768000,1.000000000,1,2025-11-28 17:35:00.000000,2025-11-28 17:35:59.999922,1,BAYxx_xxxx_20251128_173149_000.7z
2025-11-28 17:36:00,3113.710393,3.113710393,1298.243502,792.144187,1023.322705,768000,768000,1.000000000,1,2025-11-28 17:36:00.000000,2025-11-28 17:36:59.999922,1,BAYxx_xxxx_20251128_173149_000.7z
2025-11-28 17:37:00,3118.591159,3.118591159,1299.499055,790.338993,1028.753111,768000,768000,1.000000000,1,2025-11-28 17:37:00.000000,2025-11-28 17:37:59.999922,1,BAYxx_xxxx_20251128_173149_000.7z
2025-11-28 17:38:00,3104.223923,3.104223923,1291.847406,794.174025,1018.202492,768000,768000,1.000000000,1,2025-11-28 17:38:00.000000,2025-11-28 17:38:59.999922,1,BAYxx_xxxx_20251128_173149_000.7z
2025-11-28 17:39:00,3132.896323,3.132896323,1292.228925,807.843617,1032.823781,768000,768000,1.000000000,1,2025-11-28 17:39:00.000000,2025-11-28 17:39:59.999922,1,BAYxx_xxxx_20251128_173149_000.7z
2025-11-28 17:40:00,3112.299184,3.112299184,1294.067836,802.508890,1015.722458,768000,768000,1.000000000,1,2025-11-28 17:40:00.000000,2025-11-28 17:40:59.999922,1,BAYxx_xxxx_20251128_173149_000.7z
2025-11-28 17:41:00,3131.307501,3.131307501,1298.502376,805.662973,1027.142152,716847,768000,0.933394531,0,2025-11-28 17:41:00.000000,2025-11-28 17:41:59.999922,2,BAYxx_xxxx_20251128_173149_000.7z;BAYxx_xxxx_20251128_174153_000.7z
2025-11-28 17:42:00,3124.217140,3.124217140,1290.775082,809.873036,1023.569021,768000,768000,1.000000000,1,2025-11-28 17:42:00.000000,2025-11-28 17:42:59.999922,1,BAYxx_xxxx_20251128_174153_000.7z
2025-11-28 17:43:00,3132.554653,3.132554653,1307.244143,798.973648,1026.336861,768000,768000,1.000000000,1,2025-11-28 17:43:00.000000,2025-11-28 17:43:59.999922,1,BAYxx_xxxx_20251128_174153_000.7z
2025-11-28 17:44:00,3139.112584,3.139112584,1314.595205,800.908532,1023.608847,768000,768000,1.000000000,1,2025-11-28 17:44:00.000000,2025-11-28 17:44:59.999922,1,BAYxx_xxxx_20251128_174153_000.7z
2025-11-28 17:45:00,3123.633520,3.123633520,1305.411241,800.841705,1017.380574,768000,768000,1.000000000,1,2025-11-28 17:45:00.000000,2025-11-28 17:45:59.999922,1,BAYxx_xxxx_20251128_174153_000.7z
2025-11-28 17:46:00,3635.519119,3.635519119,1471.363420,969.095582,1195.060117,768000,768000,1.000000000,1,2025-11-28 17:46:00.000000,2025-11-28 17:46:59.999922,1,BAYxx_xxxx_20251128_174153_000.7z
2025-11-28 17:47:00,6681.757946,6.681757946,2450.616939,2021.738705,2209.402302,768000,768000,1.000000000,1,2025-11-28 17:47:00.000000,2025-11-28 17:47:59.999922,1,BAYxx_xxxx_20251128_174153_000.7z
2025-11-28 17:48:00,26467.800078,26.467800078,8774.888352,8661.378479,9031.533248,768000,768000,1.000000000,1,2025-11-28 17:48:00.000000,2025-11-28 17:48:59.999922,1,BAYxx_xxxx_20251128_174153_000.7z
2025-11-28 17:49:00,26712.627597,26.712627597,8797.270603,8795.969915,9119.387079,768000,768000,1.000000000,1,2025-11-28 17:49:00.000000,2025-11-28 17:49:59.999922,1,BAYxx_xxxx_20251128_174153_000.7z
2025-11-28 17:50:00,28231.010749,28.231010749,9217.720775,9312.640398,9700.649576,768000,768000,1.000000000,1,2025-11-28 17:50:00.000000,2025-11-28 17:50:59.999922,1,BAYxx_xxxx_20251128_174153_000.7z
2025-11-28 17:51:00,28967.083819,28.967083819,9433.742609,9623.877561,9909.463649,729730,768000,0.950169271,0,2025-11-28 17:51:00.000000,2025-11-28 17:51:59.999922,2,BAYxx_xxxx_20251128_174153_000.7z;BAYxx_xxxx_20251128_175156_000.7z
2025-11-28 17:52:00,26604.818467,26.604818467,8708.439296,8793.340796,9103.038375,768000,768000,1.000000000,1,2025-11-28 17:52:00.000000,2025-11-28 17:52:59.999922,1,BAYxx_xxxx_20251128_175156_000.7z
2025-11-28 17:53:00,3058.118360,3.058118360,1310.594605,816.872683,930.651071,768000,768000,1.000000000,1,2025-11-28 17:53:00.000000,2025-11-28 17:53:59.999922,1,BAYxx_xxxx_20251128_175156_000.7z
2025-11-28 17:54:00,3002.241662,3.002241662,1296.266690,798.485805,907.489168,768000,768000,1.000000000,1,2025-11-28 17:54:00.000000,2025-11-28 17:54:59.999922,1,BAYxx_xxxx_20251128_175156_000.7z
2025-11-28 17:55:00,3296.224151,3.296224151,1378.600218,903.298420,1014.325513,768000,768000,1.000000000,1,2025-11-28 17:55:00.000000,2025-11-28 17:55:59.999922,1,BAYxx_xxxx_20251128_175156_000.7z
2025-11-28 17:56:00,4617.739808,4.617739808,1800.693437,1361.509614,1455.536756,768000,768000,1.000000000,1,2025-11-28 17:56:00.000000,2025-11-28 17:56:59.999922,1,BAYxx_xxxx_20251128_175156_000.7z
2025-11-28 17:57:00,3066.355397,3.066355397,1308.427137,823.437903,934.490356,768000,768000,1.000000000,1,2025-11-28 17:57:00.000000,2025-11-28 17:57:59.999922,1,BAYxx_xxxx_20251128_175156_000.7z
2025-11-28 17:58:00,3022.779454,3.022779454,1307.705351,801.776186,913.297916,768000,768000,1.000000000,1,2025-11-28 17:58:00.000000,2025-11-28 17:58:59.999922,1,BAYxx_xxxx_20251128_175156_000.7z
2025-11-28 17:59:00,3019.298506,3.019298506,1294.331235,810.029598,914.937673,768000,768000,1.000000000,1,2025-11-28 17:59:00.000000,2025-11-28 17:59:59.999922,1,BAYxx_xxxx_20251128_175156_000.7z
2025-11-28 18:00:00,3024.230508,3.024230508,1302.453838,803.899978,917.876692,768000,768000,1.000000000,1,2025-11-28 18:00:00.000000,2025-11-28 18:00:59.999922,1,BAYxx_xxxx_20251128_175156_000.7z
2025-11-28 18:01:00,3016.431876,3.016431876,1304.293000,805.185295,906.953581,729668,768000,0.950088542,0,2025-11-28 18:01:00.000000,2025-11-28 18:01:59.999922,2,BAYxx_xxxx_20251128_175156_000.7z;BAYxx_xxxx_20251128_180159_000.7z
2025-11-28 18:02:00,3067.852585,3.067852585,1308.506271,808.557244,950.789069,768000,768000,1.000000000,1,2025-11-28 18:02:00.000000,2025-11-28 18:02:59.999922,1,BAYxx_xxxx_20251128_180159_000.7z
2025-11-28 18:03:00,3135.720519,3.135720519,1315.381708,808.957997,1011.380815,768000,768000,1.000000000,1,2025-11-28 18:03:00.000000,2025-11-28 18:03:59.999922,1,BAYxx_xxxx_20251128_180159_000.7z
2025-11-28 18:04:00,3129.527938,3.129527938,1308.321986,798.850705,1022.355247,768000,768000,1.000000000,1,2025-11-28 18:04:00.000000,2025-11-28 18:04:59.999922,1,BAYxx_xxxx_20251128_180159_000.7z
2025-11-28 18:05:00,3132.274600,3.132274600,1296.728471,811.119532,1024.426597,768000,768000,1.000000000,1,2025-11-28 18:05:00.000000,2025-11-28 18:05:59.999922,1,BAYxx_xxxx_20251128_180159_000.7z
2025-11-28 18:06:00,3132.712825,3.132712825,1302.030920,812.335263,1018.346642,768000,768000,1.000000000,1,2025-11-28 18:06:00.000000,2025-11-28 18:06:59.999922,1,BAYxx_xxxx_20251128_180159_000.7z
2025-11-28 18:07:00,3143.057260,3.143057260,1304.179018,817.400475,1021.477767,768000,768000,1.000000000,1,2025-11-28 18:07:00.000000,2025-11-28 18:07:59.999922,1,BAYxx_xxxx_20251128_180159_000.7z
2025-11-28 18:08:00,3133.242520,3.133242520,1297.621530,812.732034,1022.888956,768000,768000,1.000000000,1,2025-11-28 18:08:00.000000,2025-11-28 18:08:59.999922,1,BAYxx_xxxx_20251128_180159_000.7z
2025-11-28 18:09:00,3147.049409,3.147049409,1296.991524,816.996575,1033.061309,768000,768000,1.000000000,1,2025-11-28 18:09:00.000000,2025-11-28 18:09:59.999922,1,BAYxx_xxxx_20251128_180159_000.7z
2025-11-28 18:10:00,4039.087023,4.039087023,1592.019082,1124.188959,1322.878982,768000,768000,1.000000000,1,2025-11-28 18:10:00.000000,2025-11-28 18:10:59.999922,1,BAYxx_xxxx_20251128_180159_000.7z
2025-11-28 18:11:00,11527.389036,11.527389036,3918.607467,3706.506506,3902.275062,755205,768000,0.983339844,0,2025-11-28 18:11:00.000000,2025-11-28 18:11:59.000312,1,BAYxx_xxxx_20251128_180159_000.7z
2025-11-28 18:12:00,26688.185806,26.688185806,8681.837089,8828.887362,9177.461355,729600,768000,0.950000000,0,2025-11-28 18:12:03.000000,2025-11-28 18:12:59.999922,1,BAYxx_xxxx_20251128_181203_000.7z
2025-11-28 18:13:00,27172.108692,27.172108692,8877.945373,8949.848853,9344.314465,768000,768000,1.000000000,1,2025-11-28 18:13:00.000000,2025-11-28 18:13:59.999922,1,BAYxx_xxxx_20251128_181203_000.7z
2025-11-28 18:14:00,28858.640036,28.858640036,9551.842083,9460.275954,9846.521999,768000,768000,1.000000000,1,2025-11-28 18:14:00.000000,2025-11-28 18:14:59.999922,1,BAYxx_xxxx_20251128_181203_000.7z
2025-11-28 18:15:00,29664.096163,29.664096163,9690.951918,9775.590999,10197.553246,768000,768000,1.000000000,1,2025-11-28 18:15:00.000000,2025-11-28 18:15:59.999922,1,BAYxx_xxxx_20251128_181203_000.7z
2025-11-28 18:16:00,6979.677466,6.979677466,2530.340657,2091.587694,2357.749116,768000,768000,1.000000000,1,2025-11-28 18:16:00.000000,2025-11-28 18:16:59.999922,1,BAYxx_xxxx_20251128_181203_000.7z
2025-11-28 18:17:00,3089.778500,3.089778500,1306.811428,783.239766,999.727306,768000,768000,1.000000000,1,2025-11-28 18:17:00.000000,2025-11-28 18:17:59.999922,1,BAYxx_xxxx_20251128_181203_000.7z
2025-11-28 18:18:00,3096.983706,3.096983706,1289.698769,801.846315,1005.438622,768000,768000,1.000000000,1,2025-11-28 18:18:00.000000,2025-11-28 18:18:59.999922,1,BAYxx_xxxx_20251128_181203_000.7z
2025-11-28 18:19:00,4481.118153,4.481118153,1746.928882,1267.186966,1467.002305,768000,768000,1.000000000,1,2025-11-28 18:19:00.000000,2025-11-28 18:19:59.999922,1,BAYxx_xxxx_20251128_181203_000.7z
2025-11-28 18:20:00,3116.048981,3.116048981,1294.685891,801.005716,1020.357374,768000,768000,1.000000000,1,2025-11-28 18:20:00.000000,2025-11-28 18:20:59.999922,1,BAYxx_xxxx_20251128_181203_000.7z
2025-11-28 18:21:00,3103.983734,3.103983734,1281.737374,800.693055,1021.553305,768000,768000,1.000000000,1,2025-11-28 18:21:00.000000,2025-11-28 18:21:59.999922,1,BAYxx_xxxx_20251128_181203_000.7z
2025-11-28 18:22:00,3114.699319,3.114699319,1306.043873,800.419999,1008.235447,716919,768000,0.933488281,0,2025-11-28 18:22:00.000000,2025-11-28 18:22:59.999922,2,BAYxx_xxxx_20251128_181203_000.7z;BAYxx_xxxx_20251128_182207_000.7z
2025-11-28 18:23:00,3123.427651,3.123427651,1306.778603,808.433706,1008.215342,768000,768000,1.000000000,1,2025-11-28 18:23:00.000000,2025-11-28 18:23:59.999922,1,BAYxx_xxxx_20251128_182207_000.7z
2025-11-28 18:24:00,3121.737211,3.121737211,1300.603399,808.854520,1012.279292,768000,768000,1.000000000,1,2025-11-28 18:24:00.000000,2025-11-28 18:24:59.999922,1,BAYxx_xxxx_20251128_182207_000.7z
2025-11-28 18:25:00,3132.500990,3.132500990,1298.270599,808.188728,1026.041662,768000,768000,1.000000000,1,2025-11-28 18:25:00.000000,2025-11-28 18:25:59.999922,1,BAYxx_xxxx_20251128_182207_000.7z
2025-11-28 18:26:00,3130.204548,3.130204548,1303.685149,806.552068,1019.967331,768000,768000,1.000000000,1,2025-11-28 18:26:00.000000,2025-11-28 18:26:59.999922,1,BAYxx_xxxx_20251128_182207_000.7z
2025-11-28 18:27:00,3109.614055,3.109614055,1307.540144,801.158660,1000.915251,768000,768000,1.000000000,1,2025-11-28 18:27:00.000000,2025-11-28 18:27:59.999922,1,BAYxx_xxxx_20251128_182207_000.7z
2025-11-28 18:28:00,3129.195429,3.129195429,1303.011282,810.957645,1015.226502,768000,768000,1.000000000,1,2025-11-28 18:28:00.000000,2025-11-28 18:28:59.999922,1,BAYxx_xxxx_20251128_182207_000.7z
2025-11-28 18:29:00,3129.471017,3.129471017,1307.410751,807.490916,1014.569351,768000,768000,1.000000000,1,2025-11-28 18:29:00.000000,2025-11-28 18:29:59.999922,1,BAYxx_xxxx_20251128_182207_000.7z
2025-11-28 18:30:00,3141.394003,3.141394003,1310.726895,818.436385,1012.230724,768000,768000,1.000000000,1,2025-11-28 18:30:00.000000,2025-11-28 18:30:59.999922,1,BAYxx_xxxx_20251128_182207_000.7z
2025-11-28 18:31:00,3146.537930,3.146537930,1311.919962,822.940479,1011.677489,768000,768000,1.000000000,1,2025-11-28 18:31:00.000000,2025-11-28 18:31:59.999922,1,BAYxx_xxxx_20251128_182207_000.7z
2025-11-28 18:32:00,3129.636936,3.129636936,1298.825740,821.580433,1009.230763,716804,768000,0.933338542,0,2025-11-28 18:32:00.000000,2025-11-28 18:32:59.999922,2,BAYxx_xxxx_20251128_182207_000.7z;BAYxx_xxxx_20251128_183211_000.7z
2025-11-28 18:33:00,3968.748745,3.968748745,1597.725170,1130.485543,1240.538031,768000,768000,1.000000000,1,2025-11-28 18:33:00.000000,2025-11-28 18:33:59.999922,1,BAYxx_xxxx_20251128_183211_000.7z
2025-11-28 18:34:00,12318.885376,12.318885376,4210.770703,3977.570708,4130.543966,768000,768000,1.000000000,1,2025-11-28 18:34:00.000000,2025-11-28 18:34:59.999922,1,BAYxx_xxxx_20251128_183211_000.7z
2025-11-28 18:35:00,26492.541991,26.492541991,8676.064647,8814.036038,9002.441306,768000,768000,1.000000000,1,2025-11-28 18:35:00.000000,2025-11-28 18:35:59.999922,1,BAYxx_xxxx_20251128_183211_000.7z
2025-11-28 18:36:00,27044.130848,27.044130848,8783.729323,9037.836722,9222.564803,768000,768000,1.000000000,1,2025-11-28 18:36:00.000000,2025-11-28 18:36:59.999922,1,BAYxx_xxxx_20251128_183211_000.7z
2025-11-28 18:37:00,28683.691867,28.683691867,9327.549845,9471.028513,9885.113509,768000,768000,1.000000000,1,2025-11-28 18:37:00.000000,2025-11-28 18:37:59.999922,1,BAYxx_xxxx_20251128_183211_000.7z
2025-11-28 18:38:00,29417.205787,29.417205787,9533.017939,9715.023760,10169.164088,768000,768000,1.000000000,1,2025-11-28 18:38:00.000000,2025-11-28 18:38:59.999922,1,BAYxx_xxxx_20251128_183211_000.7z
2025-11-28 18:39:00,13066.406090,13.066406090,4452.759198,4180.785316,4432.861577,768000,768000,1.000000000,1,2025-11-28 18:39:00.000000,2025-11-28 18:39:59.999922,1,BAYxx_xxxx_20251128_183211_000.7z
2025-11-28 18:40:00,3011.477831,3.011477831,1294.066160,798.688805,918.722866,768000,768000,1.000000000,1,2025-11-28 18:40:00.000000,2025-11-28 18:40:59.999922,1,BAYxx_xxxx_20251128_183211_000.7z
2025-11-28 18:41:00,3003.573684,3.003573684,1284.291191,804.585033,914.697461,768000,768000,1.000000000,1,2025-11-28 18:41:00.000000,2025-11-28 18:41:59.999922,1,BAYxx_xxxx_20251128_183211_000.7z
2025-11-28 18:42:00,3000.446664,3.000446664,1288.710062,795.060123,916.676479,716847,768000,0.933394531,0,2025-11-28 18:42:00.000000,2025-11-28 18:42:59.999922,2,BAYxx_xxxx_20251128_183211_000.7z;BAYxx_xxxx_20251128_184215_000.7z
2025-11-28 18:43:00,3015.209597,3.015209597,1306.299636,786.751653,922.158307,768000,768000,1.000000000,1,2025-11-28 18:43:00.000000,2025-11-28 18:43:59.999922,1,BAYxx_xxxx_20251128_184215_000.7z
2025-11-28 18:44:00,3028.549833,3.028549833,1313.585768,788.205358,926.758707,768000,768000,1.000000000,1,2025-11-28 18:44:00.000000,2025-11-28 18:44:59.999922,1,BAYxx_xxxx_20251128_184215_000.7z
2025-11-28 18:45:00,3006.202363,3.006202363,1305.243657,777.456576,923.502130,768000,768000,1.000000000,1,2025-11-28 18:45:00.000000,2025-11-28 18:45:59.999922,1,BAYxx_xxxx_20251128_184215_000.7z
2025-11-28 18:46:00,3018.792641,3.018792641,1310.172224,779.765536,928.854881,768000,768000,1.000000000,1,2025-11-28 18:46:00.000000,2025-11-28 18:46:59.999922,1,BAYxx_xxxx_20251128_184215_000.7z
2025-11-28 18:47:00,3033.587866,3.033587866,1317.149592,782.841872,933.596402,768000,768000,1.000000000,1,2025-11-28 18:47:00.000000,2025-11-28 18:47:59.999922,1,BAYxx_xxxx_20251128_184215_000.7z
2025-11-28 18:48:00,3116.163744,3.116163744,1311.384367,773.243314,1031.536062,768000,768000,1.000000000,1,2025-11-28 18:48:00.000000,2025-11-28 18:48:59.999922,1,BAYxx_xxxx_20251128_184215_000.7z
2025-11-28 18:49:00,3123.510872,3.123510872,1314.812601,785.902247,1022.796025,768000,768000,1.000000000,1,2025-11-28 18:49:00.000000,2025-11-28 18:49:59.999922,1,BAYxx_xxxx_20251128_184215_000.7z
2025-11-28 18:50:00,3136.264784,3.136264784,1322.799395,783.758433,1029.706956,768000,768000,1.000000000,1,2025-11-28 18:50:00.000000,2025-11-28 18:50:59.999922,1,BAYxx_xxxx_20251128_184215_000.7z
2025-11-28 18:51:00,3132.813365,3.132813365,1323.510923,774.776658,1034.525783,768000,768000,1.000000000,1,2025-11-28 18:51:00.000000,2025-11-28 18:51:59.999922,1,BAYxx_xxxx_20251128_184215_000.7z
2025-11-28 18:52:00,3120.012866,3.120012866,1316.046920,778.835938,1025.130008,716870,768000,0.933424479,0,2025-11-28 18:52:00.000000,2025-11-28 18:52:59.999922,2,BAYxx_xxxx_20251128_184215_000.7z;BAYxx_xxxx_20251128_185219_000.7z
2025-11-28 18:53:00,3166.126811,3.166126811,1342.829340,785.954653,1037.342818,768000,768000,1.000000000,1,2025-11-28 18:53:00.000000,2025-11-28 18:53:59.999922,1,BAYxx_xxxx_20251128_185219_000.7z
2025-11-28 18:54:00,3157.734679,3.157734679,1325.945507,802.612712,1029.176461,768000,768000,1.000000000,1,2025-11-28 18:54:00.000000,2025-11-28 18:54:59.999922,1,BAYxx_xxxx_20251128_185219_000.7z
2025-11-28 18:55:00,3154.055628,3.154055628,1307.764025,804.372600,1041.919004,768000,768000,1.000000000,1,2025-11-28 18:55:00.000000,2025-11-28 18:55:59.999922,1,BAYxx_xxxx_20251128_185219_000.7z
2025-11-28 18:56:00,3917.985750,3.917985750,1562.494262,1053.982256,1301.509231,768000,768000,1.000000000,1,2025-11-28 18:56:00.000000,2025-11-28 18:56:59.999922,1,BAYxx_xxxx_20251128_185219_000.7z
2025-11-28 18:57:00,9861.206851,9.861206851,3435.823275,3079.736237,3345.647339,768000,768000,1.000000000,1,2025-11-28 18:57:00.000000,2025-11-28 18:57:59.999922,1,BAYxx_xxxx_20251128_185219_000.7z
2025-11-28 18:58:00,26580.996452,26.580996452,8581.704522,8817.658142,9181.633789,768000,768000,1.000000000,1,2025-11-28 18:58:00.000000,2025-11-28 18:58:59.999922,1,BAYxx_xxxx_20251128_185219_000.7z
2025-11-28 18:59:00,26966.801979,26.966801979,8730.752472,9050.826063,9185.223443,768000,768000,1.000000000,1,2025-11-28 18:59:00.000000,2025-11-28 18:59:59.999922,1,BAYxx_xxxx_20251128_185219_000.7z
2025-11-28 19:00:00,28650.454161,28.650454161,9383.050777,9449.516042,9817.887343,768000,768000,1.000000000,1,2025-11-28 19:00:00.000000,2025-11-28 19:00:59.999922,1,BAYxx_xxxx_20251128_185219_000.7z
2025-11-28 19:01:00,29446.889960,29.446889960,9748.129337,9656.810988,10041.949635,768000,768000,1.000000000,1,2025-11-28 19:01:00.000000,2025-11-28 19:01:59.999922,1,BAYxx_xxxx_20251128_185219_000.7z
2025-11-28 19:02:00,17254.201792,17.254201792,5777.597306,5585.897869,5890.706617,716817,768000,0.933355469,0,2025-11-28 19:02:00.000000,2025-11-28 19:02:59.999922,2,BAYxx_xxxx_20251128_185219_000.7z;BAYxx_xxxx_20251128_190223_000.7z
2025-11-28 19:03:00,3119.713437,3.119713437,1296.355938,806.517669,1016.839830,768000,768000,1.000000000,1,2025-11-28 19:03:00.000000,2025-11-28 19:03:59.999922,1,BAYxx_xxxx_20251128_190223_000.7z
2025-11-28 19:04:00,3089.461029,3.089461029,1287.692331,796.789704,1004.978994,768000,768000,1.000000000,1,2025-11-28 19:04:00.000000,2025-11-28 19:04:59.999922,1,BAYxx_xxxx_20251128_190223_000.7z
2025-11-28 19:05:00,3950.190792,3.950190792,1570.605542,1082.852474,1296.732776,768000,768000,1.000000000,1,2025-11-28 19:05:00.000000,2025-11-28 19:05:59.999922,1,BAYxx_xxxx_20251128_190223_000.7z
2025-11-28 19:06:00,11058.506653,11.058506653,3789.492010,3490.266874,3778.747769,768000,768000,1.000000000,1,2025-11-28 19:06:00.000000,2025-11-28 19:06:59.999922,1,BAYxx_xxxx_20251128_190223_000.7z
2025-11-28 19:07:00,29509.641573,29.509641573,9566.359361,9653.427952,10289.854260,768000,768000,1.000000000,1,2025-11-28 19:07:00.000000,2025-11-28 19:07:59.999922,1,BAYxx_xxxx_20251128_190223_000.7z
2025-11-28 19:08:00,29386.075913,29.386075913,9504.282927,9659.605727,10222.187259,768000,768000,1.000000000,1,2025-11-28 19:08:00.000000,2025-11-28 19:08:59.999922,1,BAYxx_xxxx_20251128_190223_000.7z
2025-11-28 19:09:00,3354.575725,3.354575725,1370.398051,877.356069,1106.821605,768000,768000,1.000000000,1,2025-11-28 19:09:00.000000,2025-11-28 19:09:59.999922,1,BAYxx_xxxx_20251128_190223_000.7z
2025-11-28 19:10:00,3111.892631,3.111892631,1287.248288,800.869591,1023.774752,768000,768000,1.000000000,1,2025-11-28 19:10:00.000000,2025-11-28 19:10:59.999922,1,BAYxx_xxxx_20251128_190223_000.7z
2025-11-28 19:11:00,3114.105490,3.114105490,1290.499238,796.518360,1027.087892,768000,768000,1.000000000,1,2025-11-28 19:11:00.000000,2025-11-28 19:11:59.999922,1,BAYxx_xxxx_20251128_190223_000.7z
2025-11-28 19:12:00,3118.878625,3.118878625,1288.195948,794.772307,1035.910370,729676,768000,0.950098958,0,2025-11-28 19:12:00.000000,2025-11-28 19:12:59.999922,2,BAYxx_xxxx_20251128_190223_000.7z;BAYxx_xxxx_20251128_191226_000.7z
2025-11-28 19:13:00,3099.198553,3.099198553,1295.626201,780.122731,1023.449621,768000,768000,1.000000000,1,2025-11-28 19:13:00.000000,2025-11-28 19:13:59.999922,1,BAYxx_xxxx_20251128_191226_000.7z
2025-11-28 19:14:00,3102.481422,3.102481422,1301.435843,789.745277,1011.300302,768000,768000,1.000000000,1,2025-11-28 19:14:00.000000,2025-11-28 19:14:59.999922,1,BAYxx_xxxx_20251128_191226_000.7z
2025-11-28 19:15:00,3118.919414,3.118919414,1290.312759,797.782107,1030.824548,768000,768000,1.000000000,1,2025-11-28 19:15:00.000000,2025-11-28 19:15:59.999922,1,BAYxx_xxxx_20251128_191226_000.7z
2025-11-28 19:16:00,3134.895607,3.134895607,1301.026960,805.187205,1028.681442,768000,768000,1.000000000,1,2025-11-28 19:16:00.000000,2025-11-28 19:16:59.999922,1,BAYxx_xxxx_20251128_191226_000.7z
2025-11-28 19:17:00,3143.552218,3.143552218,1311.716228,797.945879,1033.890111,768000,768000,1.000000000,1,2025-11-28 19:17:00.000000,2025-11-28 19:17:59.999922,1,BAYxx_xxxx_20251128_191226_000.7z
2025-11-28 19:18:00,3059.542423,3.059542423,1316.070150,799.859258,943.613015,768000,768000,1.000000000,1,2025-11-28 19:18:00.000000,2025-11-28 19:18:59.999922,1,BAYxx_xxxx_20251128_191226_000.7z
2025-11-28 19:19:00,3060.289971,3.060289971,1322.196338,806.546925,931.546707,768000,768000,1.000000000,1,2025-11-28 19:19:00.000000,2025-11-28 19:19:59.999922,1,BAYxx_xxxx_20251128_191226_000.7z
2025-11-28 19:20:00,3028.245447,3.028245447,1314.984030,790.483607,922.777810,768000,768000,1.000000000,1,2025-11-28 19:20:00.000000,2025-11-28 19:20:59.999922,1,BAYxx_xxxx_20251128_191226_000.7z
2025-11-28 19:21:00,3063.422519,3.063422519,1324.573518,808.881919,929.967082,768000,768000,1.000000000,1,2025-11-28 19:21:00.000000,2025-11-28 19:21:59.999922,1,BAYxx_xxxx_20251128_191226_000.7z
2025-11-28 19:22:00,3273.716530,3.273716530,1390.298237,868.041689,1015.376603,729683,768000,0.950108073,0,2025-11-28 19:22:00.000000,2025-11-28 19:22:59.999922,2,BAYxx_xxxx_20251128_191226_000.7z;BAYxx_xxxx_20251128_192229_000.7z
2025-11-28 19:23:00,4651.159446,4.651159446,1844.206785,1334.442145,1472.510515,768000,768000,1.000000000,1,2025-11-28 19:23:00.000000,2025-11-28 19:23:59.999922,1,BAYxx_xxxx_20251128_192229_000.7z
2025-11-28 19:24:00,24106.282557,24.106282557,7951.111843,7890.708628,8264.462086,768000,768000,1.000000000,1,2025-11-28 19:24:00.000000,2025-11-28 19:24:59.999922,1,BAYxx_xxxx_20251128_192229_000.7z
2025-11-28 19:25:00,26683.990831,26.683990831,8841.264643,8774.701500,9068.024688,768000,768000,1.000000000,1,2025-11-28 19:25:00.000000,2025-11-28 19:25:59.999922,1,BAYxx_xxxx_20251128_192229_000.7z
2025-11-28 19:26:00,28122.481240,28.122481240,9177.635411,9282.204790,9662.641039,768000,768000,1.000000000,1,2025-11-28 19:26:00.000000,2025-11-28 19:26:59.999922,1,BAYxx_xxxx_20251128_192229_000.7z
2025-11-28 19:27:00,29210.078129,29.210078129,9476.961172,9667.072750,10066.044206,768000,768000,1.000000000,1,2025-11-28 19:27:00.000000,2025-11-28 19:27:59.999922,1,BAYxx_xxxx_20251128_192229_000.7z
2025-11-28 19:28:00,20468.709251,20.468709251,6791.632560,6674.527053,7002.549639,768000,768000,1.000000000,1,2025-11-28 19:28:00.000000,2025-11-28 19:28:59.999922,1,BAYxx_xxxx_20251128_192229_000.7z
2025-11-28 19:29:00,3015.387804,3.015387804,1314.673127,775.431227,925.283450,768000,768000,1.000000000,1,2025-11-28 19:29:00.000000,2025-11-28 19:29:59.999922,1,BAYxx_xxxx_20251128_192229_000.7z
2025-11-28 19:30:00,3040.765743,3.040765743,1325.339518,785.795064,929.631161,768000,768000,1.000000000,1,2025-11-28 19:30:00.000000,2025-11-28 19:30:59.999922,1,BAYxx_xxxx_20251128_192229_000.7z
2025-11-28 19:31:00,3027.295099,3.027295099,1307.666976,793.042056,926.586067,768000,768000,1.000000000,1,2025-11-28 19:31:00.000000,2025-11-28 19:31:59.999922,1,BAYxx_xxxx_20251128_192229_000.7z
2025-11-28 19:32:00,3014.647571,3.014647571,1293.551479,796.361512,924.734581,729708,768000,0.950140625,0,2025-11-28 19:32:00.000000,2025-11-28 19:32:59.999922,2,BAYxx_xxxx_20251128_192229_000.7z;BAYxx_xxxx_20251128_193232_000.7z
2025-11-28 19:33:00,3086.854233,3.086854233,1304.833804,797.442523,984.577906,768000,768000,1.000000000,1,2025-11-28 19:33:00.000000,2025-11-28 19:33:59.999922,1,BAYxx_xxxx_20251128_193232_000.7z
2025-11-28 19:34:00,3141.337017,3.141337017,1311.876686,811.749685,1017.710647,768000,768000,1.000000000,1,2025-11-28 19:34:00.000000,2025-11-28 19:34:59.999922,1,BAYxx_xxxx_20251128_193232_000.7z
2025-11-28 19:35:00,3119.946806,3.119946806,1301.849991,800.774827,1017.321987,768000,768000,1.000000000,1,2025-11-28 19:35:00.000000,2025-11-28 19:35:59.999922,1,BAYxx_xxxx_20251128_193232_000.7z
2025-11-28 19:36:00,3137.729141,3.137729141,1304.758147,813.321088,1019.649906,768000,768000,1.000000000,1,2025-11-28 19:36:00.000000,2025-11-28 19:36:59.999922,1,BAYxx_xxxx_20251128_193232_000.7z
2025-11-28 19:37:00,3149.251114,3.149251114,1315.088765,814.269028,1019.893321,768000,768000,1.000000000,1,2025-11-28 19:37:00.000000,2025-11-28 19:37:59.999922,1,BAYxx_xxxx_20251128_193232_000.7z
2025-11-28 19:38:00,3117.252545,3.117252545,1298.907414,804.348508,1013.996623,768000,768000,1.000000000,1,2025-11-28 19:38:00.000000,2025-11-28 19:38:59.999922,1,BAYxx_xxxx_20251128_193232_000.7z
2025-11-28 19:39:00,3134.908470,3.134908470,1300.031207,817.187255,1017.690007,768000,768000,1.000000000,1,2025-11-28 19:39:00.000000,2025-11-28 19:39:59.999922,1,BAYxx_xxxx_20251128_193232_000.7z
2025-11-28 19:40:00,3137.061980,3.137061980,1312.277380,809.382790,1015.401809,768000,768000,1.000000000,1,2025-11-28 19:40:00.000000,2025-11-28 19:40:59.999922,1,BAYxx_xxxx_20251128_193232_000.7z
2025-11-28 19:41:00,3129.320175,3.129320175,1305.819170,802.842408,1020.658597,768000,768000,1.000000000,1,2025-11-28 19:41:00.000000,2025-11-28 19:41:59.999922,1,BAYxx_xxxx_20251128_193232_000.7z
2025-11-28 19:42:00,3151.520723,3.151520723,1311.131914,813.719942,1026.668867,716940,768000,0.933515625,0,2025-11-28 19:42:00.000000,2025-11-28 19:42:59.999922,2,BAYxx_xxxx_20251128_193232_000.7z;BAYxx_xxxx_20251128_194236_000.7z
2025-11-28 19:43:00,3146.768091,3.146768091,1304.041187,814.260232,1028.466673,768000,768000,1.000000000,1,2025-11-28 19:43:00.000000,2025-11-28 19:43:59.999922,1,BAYxx_xxxx_20251128_194236_000.7z
2025-11-28 19:44:00,3157.940401,3.157940401,1301.498849,824.776715,1031.664838,768000,768000,1.000000000,1,2025-11-28 19:44:00.000000,2025-11-28 19:44:59.999922,1,BAYxx_xxxx_20251128_194236_000.7z
2025-11-28 19:45:00,3158.928905,3.158928905,1306.226265,822.798122,1029.904518,768000,768000,1.000000000,1,2025-11-28 19:45:00.000000,2025-11-28 19:45:59.999922,1,BAYxx_xxxx_20251128_194236_000.7z
2025-11-28 19:46:00,3150.527742,3.150527742,1310.714323,807.209313,1032.604105,768000,768000,1.000000000,1,2025-11-28 19:46:00.000000,2025-11-28 19:46:59.999922,1,BAYxx_xxxx_20251128_194236_000.7z
2025-11-28 19:47:00,3937.506156,3.937506156,1565.178172,1077.772075,1294.555908,768000,768000,1.000000000,1,2025-11-28 19:47:00.000000,2025-11-28 19:47:59.999922,1,BAYxx_xxxx_20251128_194236_000.7z
2025-11-28 19:48:00,9852.568082,9.852568082,3426.167453,3080.562622,3345.838008,768000,768000,1.000000000,1,2025-11-28 19:48:00.000000,2025-11-28 19:48:59.999922,1,BAYxx_xxxx_20251128_194236_000.7z
2025-11-28 19:49:00,26587.831076,26.587831076,8631.450107,8801.747370,9154.633599,768000,768000,1.000000000,1,2025-11-28 19:49:00.000000,2025-11-28 19:49:59.999922,1,BAYxx_xxxx_20251128_194236_000.7z
2025-11-28 19:50:00,27032.012966,27.032012966,8769.983170,8917.066412,9344.963384,768000,768000,1.000000000,1,2025-11-28 19:50:00.000000,2025-11-28 19:50:59.999922,1,BAYxx_xxxx_20251128_194236_000.7z
2025-11-28 19:51:00,28632.478267,28.632478267,9353.154596,9346.418322,9932.905350,768000,768000,1.000000000,1,2025-11-28 19:51:00.000000,2025-11-28 19:51:59.999922,1,BAYxx_xxxx_20251128_194236_000.7z
2025-11-28 19:52:00,29438.511673,29.438511673,9590.393164,9628.380112,10219.738397,729635,768000,0.950045573,0,2025-11-28 19:52:00.000000,2025-11-28 19:52:59.999922,2,BAYxx_xxxx_20251128_194236_000.7z;BAYxx_xxxx_20251128_195239_000.7z
2025-11-28 19:53:00,18465.625460,18.465625460,6131.282963,5951.118036,6383.224461,768000,768000,1.000000000,1,2025-11-28 19:53:00.000000,2025-11-28 19:53:59.999922,1,BAYxx_xxxx_20251128_195239_000.7z
2025-11-28 19:54:00,3096.923032,3.096923032,1281.501609,791.397023,1024.024399,768000,768000,1.000000000,1,2025-11-28 19:54:00.000000,2025-11-28 19:54:59.999922,1,BAYxx_xxxx_20251128_195239_000.7z
2025-11-28 19:55:00,3109.049868,3.109049868,1294.196503,788.010240,1026.843125,768000,768000,1.000000000,1,2025-11-28 19:55:00.000000,2025-11-28 19:55:59.999922,1,BAYxx_xxxx_20251128_195239_000.7z
2025-11-28 19:56:00,3151.024279,3.151024279,1318.236149,803.159480,1029.628649,768000,768000,1.000000000,1,2025-11-28 19:56:00.000000,2025-11-28 19:56:59.999922,1,BAYxx_xxxx_20251128_195239_000.7z
2025-11-28 19:57:00,3119.637641,3.119637641,1302.148004,791.517756,1025.971880,768000,768000,1.000000000,1,2025-11-28 19:57:00.000000,2025-11-28 19:57:59.999922,1,BAYxx_xxxx_20251128_195239_000.7z
2025-11-28 19:58:00,3122.475671,3.122475671,1296.942186,799.897578,1025.635908,768000,768000,1.000000000,1,2025-11-28 19:58:00.000000,2025-11-28 19:58:59.999922,1,BAYxx_xxxx_20251128_195239_000.7z
2025-11-28 19:59:00,3122.693469,3.122693469,1295.684358,805.776454,1021.232657,768000,768000,1.000000000,1,2025-11-28 19:59:00.000000,2025-11-28 19:59:59.999922,1,BAYxx_xxxx_20251128_195239_000.7z
2025-11-28 20:00:00,3137.310047,3.137310047,1320.478181,797.362344,1019.469522,768000,768000,1.000000000,1,2025-11-28 20:00:00.000000,2025-11-28 20:00:59.999922,1,BAYxx_xxxx_20251128_195239_000.7z
2025-11-28 20:01:00,3137.492548,3.137492548,1311.184714,797.941934,1028.365900,768000,768000,1.000000000,1,2025-11-28 20:01:00.000000,2025-11-28 20:01:59.999922,1,BAYxx_xxxx_20251128_195239_000.7z
2025-11-28 20:02:00,3140.292628,3.140292628,1307.469230,801.290689,1031.532709,716879,768000,0.933436198,0,2025-11-28 20:02:00.000000,2025-11-28 20:02:59.999922,2,BAYxx_xxxx_20251128_195239_000.7z;BAYxx_xxxx_20251128_200243_000.7z
2025-11-28 20:03:00,3115.214125,3.115214125,1312.201143,800.386285,1002.626697,768000,768000,1.000000000,1,2025-11-28 20:03:00.000000,2025-11-28 20:03:59.999922,1,BAYxx_xxxx_20251128_200243_000.7z
2025-11-28 20:04:00,3052.961031,3.052961031,1313.821696,805.393511,933.745824,768000,768000,1.000000000,1,2025-11-28 20:04:00.000000,2025-11-28 20:04:59.999922,1,BAYxx_xxxx_20251128_200243_000.7z
2025-11-28 20:05:00,3039.986407,3.039986407,1292.234734,804.546772,943.204901,768000,768000,1.000000000,1,2025-11-28 20:05:00.000000,2025-11-28 20:05:59.999922,1,BAYxx_xxxx_20251128_200243_000.7z
2025-11-28 20:06:00,3049.454975,3.049454975,1307.751336,805.063364,936.640276,768000,768000,1.000000000,1,2025-11-28 20:06:00.000000,2025-11-28 20:06:59.999922,1,BAYxx_xxxx_20251128_200243_000.7z
2025-11-28 20:07:00,3058.239607,3.058239607,1321.660317,801.024445,935.554845,768000,768000,1.000000000,1,2025-11-28 20:07:00.000000,2025-11-28 20:07:59.999922,1,BAYxx_xxxx_20251128_200243_000.7z
2025-11-28 20:08:00,3038.959191,3.038959191,1304.129128,794.211760,940.618303,768000,768000,1.000000000,1,2025-11-28 20:08:00.000000,2025-11-28 20:08:59.999922,1,BAYxx_xxxx_20251128_200243_000.7z
2025-11-28 20:09:00,3694.400580,3.694400580,1533.139297,1009.454203,1151.807080,768000,768000,1.000000000,1,2025-11-28 20:09:00.000000,2025-11-28 20:09:59.999922,1,BAYxx_xxxx_20251128_200243_000.7z
2025-11-28 20:10:00,8048.697379,8.048697379,2894.835227,2475.526588,2678.335564,768000,768000,1.000000000,1,2025-11-28 20:10:00.000000,2025-11-28 20:10:59.999922,1,BAYxx_xxxx_20251128_200243_000.7z
2025-11-28 20:11:00,26341.037936,26.341037936,8631.465693,8678.479887,9031.092355,768000,768000,1.000000000,1,2025-11-28 20:11:00.000000,2025-11-28 20:11:59.999922,1,BAYxx_xxxx_20251128_200243_000.7z
2025-11-28 20:12:00,26700.897912,26.700897912,8637.580911,8943.701177,9119.615824,729639,768000,0.950050781,0,2025-11-28 20:12:00.000000,2025-11-28 20:12:59.999922,2,BAYxx_xxxx_20251128_200243_000.7z;BAYxx_xxxx_20251128_201246_000.7z
2025-11-28 20:13:00,28232.532041,28.232532041,9170.171738,9341.755703,9720.604599,768000,768000,1.000000000,1,2025-11-28 20:13:00.000000,2025-11-28 20:13:59.999922,1,BAYxx_xxxx_20251128_201246_000.7z
2025-11-28 20:14:00,29093.193545,29.093193545,9528.301237,9575.982295,9988.910013,768000,768000,1.000000000,1,2025-11-28 20:14:00.000000,2025-11-28 20:14:59.999922,1,BAYxx_xxxx_20251128_201246_000.7z
2025-11-28 20:15:00,23737.924314,23.737924314,7761.740783,7811.883868,8164.299663,768000,768000,1.000000000,1,2025-11-28 20:15:00.000000,2025-11-28 20:15:59.999922,1,BAYxx_xxxx_20251128_201246_000.7z
2025-11-28 20:16:00,3036.261893,3.036261893,1296.755633,815.123322,924.382938,768000,768000,1.000000000,1,2025-11-28 20:16:00.000000,2025-11-28 20:16:59.999922,1,BAYxx_xxxx_20251128_201246_000.7z
2025-11-28 20:17:00,3025.083107,3.025083107,1301.103749,804.427553,919.551806,768000,768000,1.000000000,1,2025-11-28 20:17:00.000000,2025-11-28 20:17:59.999922,1,BAYxx_xxxx_20251128_201246_000.7z
2025-11-28 20:18:00,3486.664559,3.486664559,1463.262552,949.915857,1073.486151,768000,768000,1.000000000,1,2025-11-28 20:18:00.000000,2025-11-28 20:18:59.999922,1,BAYxx_xxxx_20251128_201246_000.7z
2025-11-28 20:19:00,4694.965371,4.694965371,1816.082276,1326.783778,1552.099316,768000,768000,1.000000000,1,2025-11-28 20:19:00.000000,2025-11-28 20:19:59.999922,1,BAYxx_xxxx_20251128_201246_000.7z
2025-11-28 20:20:00,3128.770000,3.128770000,1299.438233,800.642463,1028.689303,768000,768000,1.000000000,1,2025-11-28 20:20:00.000000,2025-11-28 20:20:59.999922,1,BAYxx_xxxx_20251128_201246_000.7z
2025-11-28 20:21:00,3124.094322,3.124094322,1305.711613,798.695928,1019.686781,768000,768000,1.000000000,1,2025-11-28 20:21:00.000000,2025-11-28 20:21:59.999922,1,BAYxx_xxxx_20251128_201246_000.7z
2025-11-28 20:22:00,3146.334481,3.146334481,1314.902413,807.087259,1024.344809,716883,768000,0.933441406,0,2025-11-28 20:22:00.000000,2025-11-28 20:22:59.999922,2,BAYxx_xxxx_20251128_201246_000.7z;BAYxx_xxxx_20251128_202250_000.7z
2025-11-28 20:23:00,3117.685439,3.117685439,1291.429266,799.652772,1026.603401,768000,768000,1.000000000,1,2025-11-28 20:23:00.000000,2025-11-28 20:23:59.999922,1,BAYxx_xxxx_20251128_202250_000.7z
2025-11-28 20:24:00,3128.936970,3.128936970,1292.925070,804.122975,1031.888925,768000,768000,1.000000000,1,2025-11-28 20:24:00.000000,2025-11-28 20:24:59.999922,1,BAYxx_xxxx_20251128_202250_000.7z
2025-11-28 20:25:00,3130.960389,3.130960389,1301.805629,799.562871,1029.591889,768000,768000,1.000000000,1,2025-11-28 20:25:00.000000,2025-11-28 20:25:59.999922,1,BAYxx_xxxx_20251128_202250_000.7z
2025-11-28 20:26:00,3144.678390,3.144678390,1308.929717,804.224946,1031.523727,768000,768000,1.000000000,1,2025-11-28 20:26:00.000000,2025-11-28 20:26:59.999922,1,BAYxx_xxxx_20251128_202250_000.7z
2025-11-28 20:27:00,3155.199383,3.155199383,1304.477858,814.679760,1036.041765,768000,768000,1.000000000,1,2025-11-28 20:27:00.000000,2025-11-28 20:27:59.999922,1,BAYxx_xxxx_20251128_202250_000.7z
2025-11-28 20:28:00,3138.083409,3.138083409,1301.252811,811.165019,1025.665580,768000,768000,1.000000000,1,2025-11-28 20:28:00.000000,2025-11-28 20:28:59.999922,1,BAYxx_xxxx_20251128_202250_000.7z
2025-11-28 20:29:00,3149.025496,3.149025496,1314.594361,813.085400,1021.345735,768000,768000,1.000000000,1,2025-11-28 20:29:00.000000,2025-11-28 20:29:59.999922,1,BAYxx_xxxx_20251128_202250_000.7z
2025-11-28 20:30:00,3142.738464,3.142738464,1306.518870,797.757277,1038.462317,768000,768000,1.000000000,1,2025-11-28 20:30:00.000000,2025-11-28 20:30:59.999922,1,BAYxx_xxxx_20251128_202250_000.7z
2025-11-28 20:31:00,3155.092184,3.155092184,1310.613659,796.684364,1047.794161,768000,768000,1.000000000,1,2025-11-28 20:31:00.000000,2025-11-28 20:31:59.999922,1,BAYxx_xxxx_20251128_202250_000.7z
2025-11-28 20:32:00,3867.952706,3.867952706,1528.681314,1037.951707,1301.319685,716889,768000,0.933449219,0,2025-11-28 20:32:00.000000,2025-11-28 20:32:59.999922,2,BAYxx_xxxx_20251128_202250_000.7z;BAYxx_xxxx_20251128_203254_000.7z
2025-11-28 20:33:00,8515.618495,8.515618495,2971.824313,2644.211118,2899.583064,768000,768000,1.000000000,1,2025-11-28 20:33:00.000000,2025-11-28 20:33:59.999922,1,BAYxx_xxxx_20251128_203254_000.7z
2025-11-28 20:34:00,26441.764878,26.441764878,8540.308026,8672.701525,9228.755328,768000,768000,1.000000000,1,2025-11-28 20:34:00.000000,2025-11-28 20:34:59.999922,1,BAYxx_xxxx_20251128_203254_000.7z
2025-11-28 20:35:00,26804.619991,26.804619991,8658.123920,8736.671806,9409.824264,768000,768000,1.000000000,1,2025-11-28 20:35:00.000000,2025-11-28 20:35:59.999922,1,BAYxx_xxxx_20251128_203254_000.7z
2025-11-28 20:36:00,28393.477657,28.393477657,9308.972604,9198.783764,9885.721289,768000,768000,1.000000000,1,2025-11-28 20:36:00.000000,2025-11-28 20:36:59.999922,1,BAYxx_xxxx_20251128_203254_000.7z
2025-11-28 20:37:00,29163.193172,29.163193172,9500.644436,9514.681638,10147.867098,768000,768000,1.000000000,1,2025-11-28 20:37:00.000000,2025-11-28 20:37:59.999922,1,BAYxx_xxxx_20251128_203254_000.7z
2025-11-28 20:38:00,27318.866869,27.318866869,8886.407516,8976.488407,9455.970946,768000,768000,1.000000000,1,2025-11-28 20:38:00.000000,2025-11-28 20:38:59.999922,1,BAYxx_xxxx_20251128_203254_000.7z
2025-11-28 20:39:00,3229.454206,3.229454206,1323.200717,836.605228,1069.648260,768000,768000,1.000000000,1,2025-11-28 20:39:00.000000,2025-11-28 20:39:59.999922,1,BAYxx_xxxx_20251128_203254_000.7z
2025-11-28 20:40:00,3123.468704,3.123468704,1291.166010,804.142347,1028.160348,768000,768000,1.000000000,1,2025-11-28 20:40:00.000000,2025-11-28 20:40:59.999922,1,BAYxx_xxxx_20251128_203254_000.7z
2025-11-28 20:41:00,3119.490612,3.119490612,1296.201923,796.300996,1026.987693,768000,768000,1.000000000,1,2025-11-28 20:41:00.000000,2025-11-28 20:41:59.999922,1,BAYxx_xxxx_20251128_203254_000.7z
2025-11-28 20:42:00,3122.557073,3.122557073,1292.606284,795.014481,1034.936307,729687,768000,0.950113281,0,2025-11-28 20:42:00.000000,2025-11-28 20:42:59.999922,2,BAYxx_xxxx_20251128_203254_000.7z;BAYxx_xxxx_20251128_204257_000.7z
2025-11-28 20:43:00,3135.906977,3.135906977,1319.261481,786.655751,1029.989745,768000,768000,1.000000000,1,2025-11-28 20:43:00.000000,2025-11-28 20:43:59.999922,1,BAYxx_xxxx_20251128_204257_000.7z
2025-11-28 20:44:00,3123.760354,3.123760354,1313.286858,784.376809,1026.096687,768000,768000,1.000000000,1,2025-11-28 20:44:00.000000,2025-11-28 20:44:59.999922,1,BAYxx_xxxx_20251128_204257_000.7z
2025-11-28 20:45:00,3153.738587,3.153738587,1308.736457,802.691118,1042.311012,768000,768000,1.000000000,1,2025-11-28 20:45:00.000000,2025-11-28 20:45:59.999922,1,BAYxx_xxxx_20251128_204257_000.7z
2025-11-28 20:46:00,3129.274008,3.129274008,1299.021180,801.739292,1028.513536,768000,768000,1.000000000,1,2025-11-28 20:46:00.000000,2025-11-28 20:46:59.999922,1,BAYxx_xxxx_20251128_204257_000.7z
2025-11-28 20:47:00,3135.793892,3.135793892,1293.602817,804.906457,1037.284618,768000,768000,1.000000000,1,2025-11-28 20:47:00.000000,2025-11-28 20:47:59.999922,1,BAYxx_xxxx_20251128_204257_000.7z
2025-11-28 20:48:00,3131.274128,3.131274128,1299.502554,805.387858,1026.383716,768000,768000,1.000000000,1,2025-11-28 20:48:00.000000,2025-11-28 20:48:59.999922,1,BAYxx_xxxx_20251128_204257_000.7z
2025-11-28 20:49:00,3064.630699,3.064630699,1330.021873,804.290939,930.317888,768000,768000,1.000000000,1,2025-11-28 20:49:00.000000,2025-11-28 20:49:59.999922,1,BAYxx_xxxx_20251128_204257_000.7z
2025-11-28 20:50:00,3056.546910,3.056546910,1312.871527,801.092261,942.583123,768000,768000,1.000000000,1,2025-11-28 20:50:00.000000,2025-11-28 20:50:59.999922,1,BAYxx_xxxx_20251128_204257_000.7z
2025-11-28 20:51:00,3070.600630,3.070600630,1305.881456,811.703485,953.015688,768000,768000,1.000000000,1,2025-11-28 20:51:00.000000,2025-11-28 20:51:59.999922,1,BAYxx_xxxx_20251128_204257_000.7z
2025-11-28 20:52:00,3057.347593,3.057347593,1302.973002,800.735284,953.639307,729603,768000,0.950003906,0,2025-11-28 20:52:00.000000,2025-11-28 20:52:57.000156,1,BAYxx_xxxx_20251128_204257_000.7z
2025-11-28 20:53:00,3076.611428,3.076611428,1328.228146,812.580190,935.803092,755200,768000,0.983333333,0,2025-11-28 20:53:01.000000,2025-11-28 20:53:59.999922,1,BAYxx_xxxx_20251128_205301_000.7z
2025-11-28 20:54:00,4118.970752,4.118970752,1648.498114,1176.038270,1294.434368,768000,768000,1.000000000,1,2025-11-28 20:54:00.000000,2025-11-28 20:54:59.999922,1,BAYxx_xxxx_20251128_205301_000.7z
2025-11-28 20:55:00,13820.777341,13.820777341,4668.307407,4462.323820,4690.146114,768000,768000,1.000000000,1,2025-11-28 20:55:00.000000,2025-11-28 20:55:59.999922,1,BAYxx_xxxx_20251128_205301_000.7z
2025-11-28 20:56:00,26427.476458,26.427476458,8584.490202,8715.558975,9127.427281,768000,768000,1.000000000,1,2025-11-28 20:56:00.000000,2025-11-28 20:56:59.999922,1,BAYxx_xxxx_20251128_205301_000.7z
2025-11-28 20:57:00,27086.769861,27.086769861,8807.725050,8959.046868,9319.997944,768000,768000,1.000000000,1,2025-11-28 20:57:00.000000,2025-11-28 20:57:59.999922,1,BAYxx_xxxx_20251128_205301_000.7z
2025-11-28 20:58:00,28583.227605,28.583227605,9243.776460,9469.218526,9870.232619,768000,768000,1.000000000,1,2025-11-28 20:58:00.000000,2025-11-28 20:58:59.999922,1,BAYxx_xxxx_20251128_205301_000.7z
2025-11-28 20:59:00,29374.176808,29.374176808,9456.617493,9768.989375,10148.569940,768000,768000,1.000000000,1,2025-11-28 20:59:00.000000,2025-11-28 20:59:59.999922,1,BAYxx_xxxx_20251128_205301_000.7z
2025-11-28 21:00:00,22043.725718,22.043725718,7221.361534,7232.423520,7589.940664,768000,768000,1.000000000,1,2025-11-28 21:00:00.000000,2025-11-28 21:00:59.999922,1,BAYxx_xxxx_20251128_205301_000.7z
2025-11-28 21:01:00,5120.490436,5.120490436,1955.726402,1528.865659,1635.898376,768000,768000,1.000000000,1,2025-11-28 21:01:00.000000,2025-11-28 21:01:59.999922,1,BAYxx_xxxx_20251128_205301_000.7z
2025-11-28 21:02:00,15647.739990,15.647739990,5223.379006,5112.559646,5311.801338,768000,768000,1.000000000,1,2025-11-28 21:02:00.000000,2025-11-28 21:02:59.999922,1,BAYxx_xxxx_20251128_205301_000.7z
2025-11-28 21:03:00,9589.750706,9.589750706,3289.078205,3038.614834,3262.057667,729685,768000,0.950110677,0,2025-11-28 21:03:00.000000,2025-11-28 21:03:59.999922,2,BAYxx_xxxx_20251128_205301_000.7z;BAYxx_xxxx_20251128_210304_000.7z
2025-11-28 21:04:00,3670.942576,3.670942576,1476.445651,987.821435,1206.675490,768000,768000,1.000000000,1,2025-11-28 21:04:00.000000,2025-11-28 21:04:59.999922,1,BAYxx_xxxx_20251128_210304_000.7z
2025-11-28 21:05:00,3145.115808,3.145115808,1312.128562,801.715519,1031.271727,768000,768000,1.000000000,1,2025-11-28 21:05:00.000000,2025-11-28 21:05:59.999922,1,BAYxx_xxxx_20251128_210304_000.7z
2025-11-28 21:06:00,3156.941807,3.156941807,1320.330678,806.141326,1030.469802,768000,768000,1.000000000,1,2025-11-28 21:06:00.000000,2025-11-28 21:06:59.999922,1,BAYxx_xxxx_20251128_210304_000.7z
2025-11-28 21:07:00,3155.462126,3.155462126,1312.110678,798.670379,1044.681070,768000,768000,1.000000000,1,2025-11-28 21:07:00.000000,2025-11-28 21:07:59.999922,1,BAYxx_xxxx_20251128_210304_000.7z
2025-11-28 21:08:00,3154.941813,3.154941813,1315.817029,798.771078,1040.353705,768000,768000,1.000000000,1,2025-11-28 21:08:00.000000,2025-11-28 21:08:59.999922,1,BAYxx_xxxx_20251128_210304_000.7z
2025-11-28 21:09:00,3162.112024,3.162112024,1323.205970,805.851188,1033.054866,768000,768000,1.000000000,1,2025-11-28 21:09:00.000000,2025-11-28 21:09:59.999922,1,BAYxx_xxxx_20251128_210304_000.7z
2025-11-28 21:10:00,3148.952129,3.148952129,1316.740570,810.511723,1021.699836,768000,768000,1.000000000,1,2025-11-28 21:10:00.000000,2025-11-28 21:10:59.999922,1,BAYxx_xxxx_20251128_210304_000.7z
2025-11-28 21:11:00,3164.860564,3.164860564,1333.136406,802.557933,1029.166225,768000,768000,1.000000000,1,2025-11-28 21:11:00.000000,2025-11-28 21:11:59.999922,1,BAYxx_xxxx_20251128_210304_000.7z
2025-11-28 21:12:00,3164.687159,3.164687159,1315.849585,810.878029,1037.959545,768000,768000,1.000000000,1,2025-11-28 21:12:00.000000,2025-11-28 21:12:59.999922,1,BAYxx_xxxx_20251128_210304_000.7z
2025-11-28 21:13:00,3159.357227,3.159357227,1314.687538,812.887887,1031.781801,716832,768000,0.933375000,0,2025-11-28 21:13:00.000000,2025-11-28 21:13:59.999922,2,BAYxx_xxxx_20251128_210304_000.7z;BAYxx_xxxx_20251128_211308_000.7z
2025-11-28 21:14:00,3181.798876,3.181798876,1321.362865,821.452249,1038.983762,768000,768000,1.000000000,1,2025-11-28 21:14:00.000000,2025-11-28 21:14:59.999922,1,BAYxx_xxxx_20251128_211308_000.7z
2025-11-28 21:15:00,3180.439873,3.180439873,1315.733041,819.592154,1045.114678,768000,768000,1.000000000,1,2025-11-28 21:15:00.000000,2025-11-28 21:15:59.999922,1,BAYxx_xxxx_20251128_211308_000.7z
2025-11-28 21:16:00,3182.816735,3.182816735,1321.842927,817.644021,1043.329787,768000,768000,1.000000000,1,2025-11-28 21:16:00.000000,2025-11-28 21:16:59.999922,1,BAYxx_xxxx_20251128_211308_000.7z
2025-11-28 21:17:00,4400.295011,4.400295011,1708.829689,1234.566820,1456.898503,768000,768000,1.000000000,1,2025-11-28 21:17:00.000000,2025-11-28 21:17:59.999922,1,BAYxx_xxxx_20251128_211308_000.7z
2025-11-28 21:18:00,15858.330246,15.858330246,5187.829284,5161.421142,5509.079820,768000,768000,1.000000000,1,2025-11-28 21:18:00.000000,2025-11-28 21:18:59.999922,1,BAYxx_xxxx_20251128_211308_000.7z
2025-11-28 21:19:00,26513.297686,26.513297686,8535.338248,8706.425364,9271.534074,768000,768000,1.000000000,1,2025-11-28 21:19:00.000000,2025-11-28 21:19:59.999922,1,BAYxx_xxxx_20251128_211308_000.7z
2025-11-28 21:20:00,27384.662952,27.384662952,8874.872289,8962.212486,9547.578177,768000,768000,1.000000000,1,2025-11-28 21:20:00.000000,2025-11-28 21:20:59.999922,1,BAYxx_xxxx_20251128_211308_000.7z
2025-11-28 21:21:00,28873.635007,28.873635007,9353.860372,9474.086581,10045.688053,768000,768000,1.000000000,1,2025-11-28 21:21:00.000000,2025-11-28 21:21:59.999922,1,BAYxx_xxxx_20251128_211308_000.7z
2025-11-28 21:22:00,29674.467017,29.674467017,9585.466857,9786.506461,10302.493698,768000,768000,1.000000000,1,2025-11-28 21:22:00.000000,2025-11-28 21:22:59.999922,1,BAYxx_xxxx_20251128_211308_000.7z
2025-11-28 21:23:00,11159.250911,11.159250911,3781.698824,3491.716014,3885.836073,729740,768000,0.950182292,0,2025-11-28 21:23:00.000000,2025-11-28 21:23:59.999922,2,BAYxx_xxxx_20251128_211308_000.7z;BAYxx_xxxx_20251128_212311_000.7z
2025-11-28 21:24:00,3150.655068,3.150655068,1307.512308,805.502893,1037.639867,768000,768000,1.000000000,1,2025-11-28 21:24:00.000000,2025-11-28 21:24:59.999922,1,BAYxx_xxxx_20251128_212311_000.7z
2025-11-28 21:25:00,3147.849279,3.147849279,1322.566188,792.280892,1033.002200,768000,768000,1.000000000,1,2025-11-28 21:25:00.000000,2025-11-28 21:25:59.999922,1,BAYxx_xxxx_20251128_212311_000.7z
2025-11-28 21:26:00,4303.658746,4.303658746,1692.994026,1184.713310,1425.951410,768000,768000,1.000000000,1,2025-11-28 21:26:00.000000,2025-11-28 21:26:59.999922,1,BAYxx_xxxx_20251128_212311_000.7z
2025-11-28 21:27:00,4177.260676,4.177260676,1647.906570,1143.200888,1386.153217,768000,768000,1.000000000,1,2025-11-28 21:27:00.000000,2025-11-28 21:27:59.999922,1,BAYxx_xxxx_20251128_212311_000.7z
2025-11-28 21:28:00,3155.181635,3.155181635,1317.519084,799.536417,1038.126134,768000,768000,1.000000000,1,2025-11-28 21:28:00.000000,2025-11-28 21:28:59.999922,1,BAYxx_xxxx_20251128_212311_000.7z
2025-11-28 21:29:00,3145.152078,3.145152078,1327.072771,797.313193,1020.766113,768000,768000,1.000000000,1,2025-11-28 21:29:00.000000,2025-11-28 21:29:59.999922,1,BAYxx_xxxx_20251128_212311_000.7z
2025-11-28 21:30:00,3167.951498,3.167951498,1335.472677,800.376644,1032.102177,768000,768000,1.000000000,1,2025-11-28 21:30:00.000000,2025-11-28 21:30:59.999922,1,BAYxx_xxxx_20251128_212311_000.7z
2025-11-28 21:31:00,3150.821888,3.150821888,1327.384934,792.531696,1030.905258,768000,768000,1.000000000,1,2025-11-28 21:31:00.000000,2025-11-28 21:31:59.999922,1,BAYxx_xxxx_20251128_212311_000.7z
2025-11-28 21:32:00,3148.763722,3.148763722,1316.080024,796.714661,1035.969037,768000,768000,1.000000000,1,2025-11-28 21:32:00.000000,2025-11-28 21:32:59.999922,1,BAYxx_xxxx_20251128_212311_000.7z
2025-11-28 21:33:00,3159.842785,3.159842785,1317.730441,803.959241,1038.153102,716832,768000,0.933375000,0,2025-11-28 21:33:00.000000,2025-11-28 21:33:59.999922,2,BAYxx_xxxx_20251128_212311_000.7z;BAYxx_xxxx_20251128_213315_000.7z
2025-11-28 21:34:00,3101.975006,3.101975006,1309.838982,808.971614,983.164409,768000,768000,1.000000000,1,2025-11-28 21:34:00.000000,2025-11-28 21:34:59.999922,1,BAYxx_xxxx_20251128_213315_000.7z
2025-11-28 21:35:00,3055.564577,3.055564577,1310.325880,805.726164,939.512533,768000,768000,1.000000000,1,2025-11-28 21:35:00.000000,2025-11-28 21:35:59.999922,1,BAYxx_xxxx_20251128_213315_000.7z
2025-11-28 21:36:00,3085.067135,3.085067135,1326.103004,811.922237,947.041894,768000,768000,1.000000000,1,2025-11-28 21:36:00.000000,2025-11-28 21:36:59.999922,1,BAYxx_xxxx_20251128_213315_000.7z
2025-11-28 21:37:00,3071.578035,3.071578035,1314.637880,815.586952,941.353203,768000,768000,1.000000000,1,2025-11-28 21:37:00.000000,2025-11-28 21:37:59.999922,1,BAYxx_xxxx_20251128_213315_000.7z
2025-11-28 21:38:00,3081.064951,3.081064951,1316.208226,817.319858,947.536867,768000,768000,1.000000000,1,2025-11-28 21:38:00.000000,2025-11-28 21:38:59.999922,1,BAYxx_xxxx_20251128_213315_000.7z
2025-11-28 21:39:00,4166.398286,4.166398286,1648.423948,1194.202116,1323.772222,768000,768000,1.000000000,1,2025-11-28 21:39:00.000000,2025-11-28 21:39:59.999922,1,BAYxx_xxxx_20251128_213315_000.7z
2025-11-28 21:40:00,13519.306794,13.519306794,4470.784154,4465.272996,4583.249644,768000,768000,1.000000000,1,2025-11-28 21:40:00.000000,2025-11-28 21:40:59.999922,1,BAYxx_xxxx_20251128_213315_000.7z
2025-11-28 21:41:00,25942.570946,25.942570946,8300.138240,8713.038541,8929.394164,768000,768000,1.000000000,1,2025-11-28 21:41:00.000000,2025-11-28 21:41:59.999922,1,BAYxx_xxxx_20251128_213315_000.7z
2025-11-28 21:42:00,26795.010382,26.795010382,8683.307864,8951.089365,9160.613153,768000,768000,1.000000000,1,2025-11-28 21:42:00.000000,2025-11-28 21:42:59.999922,1,BAYxx_xxxx_20251128_213315_000.7z
2025-11-28 21:43:00,28153.609419,28.153609419,9062.278002,9417.717335,9673.614082,729719,768000,0.950154948,0,2025-11-28 21:43:00.000000,2025-11-28 21:43:59.999922,2,BAYxx_xxxx_20251128_213315_000.7z;BAYxx_xxxx_20251128_214318_000.7z
2025-11-28 21:44:00,28993.989006,28.993989006,9380.032452,9682.374994,9931.581559,768000,768000,1.000000000,1,2025-11-28 21:44:00.000000,2025-11-28 21:44:59.999922,1,BAYxx_xxxx_20251128_214318_000.7z
2025-11-28 21:45:00,26953.346094,26.953346094,8716.421543,9004.088703,9232.835848,768000,768000,1.000000000,1,2025-11-28 21:45:00.000000,2025-11-28 21:45:59.999922,1,BAYxx_xxxx_20251128_214318_000.7z
2025-11-28 21:46:00,3090.385889,3.090385889,1313.662222,817.840009,958.883658,768000,768000,1.000000000,1,2025-11-28 21:46:00.000000,2025-11-28 21:46:59.999922,1,BAYxx_xxxx_20251128_214318_000.7z
2025-11-28 21:47:00,3047.292008,3.047292008,1302.717835,802.678124,941.896050,768000,768000,1.000000000,1,2025-11-28 21:47:00.000000,2025-11-28 21:47:59.999922,1,BAYxx_xxxx_20251128_214318_000.7z
2025-11-28 21:48:00,3060.610980,3.060610980,1310.426994,802.936265,947.247721,768000,768000,1.000000000,1,2025-11-28 21:48:00.000000,2025-11-28 21:48:59.999922,1,BAYxx_xxxx_20251128_214318_000.7z
2025-11-28 21:49:00,3079.593787,3.079593787,1308.335961,792.459014,978.798812,768000,768000,1.000000000,1,2025-11-28 21:49:00.000000,2025-11-28 21:49:59.999922,1,BAYxx_xxxx_20251128_214318_000.7z
2025-11-28 21:50:00,3144.606938,3.144606938,1317.953195,790.663497,1035.990246,768000,768000,1.000000000,1,2025-11-28 21:50:00.000000,2025-11-28 21:50:59.999922,1,BAYxx_xxxx_20251128_214318_000.7z
2025-11-28 21:51:00,3149.458118,3.149458118,1316.000983,800.516311,1032.940824,768000,768000,1.000000000,1,2025-11-28 21:51:00.000000,2025-11-28 21:51:59.999922,1,BAYxx_xxxx_20251128_214318_000.7z
2025-11-28 21:52:00,3149.044788,3.149044788,1306.509709,796.511066,1046.024013,768000,768000,1.000000000,1,2025-11-28 21:52:00.000000,2025-11-28 21:52:59.999922,1,BAYxx_xxxx_20251128_214318_000.7z
2025-11-28 21:53:00,3145.695117,3.145695117,1297.860901,799.082954,1048.751262,716851,768000,0.933399740,0,2025-11-28 21:53:00.000000,2025-11-28 21:53:59.999922,2,BAYxx_xxxx_20251128_214318_000.7z;BAYxx_xxxx_20251128_215322_000.7z
2025-11-28 21:54:00,3134.652834,3.134652834,1292.752455,797.210448,1044.689932,768000,768000,1.000000000,1,2025-11-28 21:54:00.000000,2025-11-28 21:54:59.999922,1,BAYxx_xxxx_20251128_215322_000.7z
2025-11-28 21:55:00,3156.492040,3.156492040,1318.444497,800.168678,1037.878866,768000,768000,1.000000000,1,2025-11-28 21:55:00.000000,2025-11-28 21:55:59.999922,1,BAYxx_xxxx_20251128_215322_000.7z
2025-11-28 21:56:00,3153.829651,3.153829651,1314.238564,792.301296,1047.289792,768000,768000,1.000000000,1,2025-11-28 21:56:00.000000,2025-11-28 21:56:59.999922,1,BAYxx_xxxx_20251128_215322_000.7z
2025-11-28 21:57:00,3167.959741,3.167959741,1317.000817,798.485010,1052.473915,768000,768000,1.000000000,1,2025-11-28 21:57:00.000000,2025-11-28 21:57:59.999922,1,BAYxx_xxxx_20251128_215322_000.7z
2025-11-28 21:58:00,3147.732264,3.147732264,1306.004131,798.336210,1043.391923,768000,768000,1.000000000,1,2025-11-28 21:58:00.000000,2025-11-28 21:58:59.999922,1,BAYxx_xxxx_20251128_215322_000.7z
2025-11-28 21:59:00,3167.937322,3.167937322,1320.621366,801.944998,1045.370958,768000,768000,1.000000000,1,2025-11-28 21:59:00.000000,2025-11-28 21:59:59.999922,1,BAYxx_xxxx_20251128_215322_000.7z
2025-11-28 22:00:00,3164.078623,3.164078623,1316.625667,800.189792,1047.263164,768000,768000,1.000000000,1,2025-11-28 22:00:00.000000,2025-11-28 22:00:59.999922,1,BAYxx_xxxx_20251128_215322_000.7z
2025-11-28 22:01:00,4095.696675,4.095696675,1624.538235,1104.633572,1366.524868,768000,768000,1.000000000,1,2025-11-28 22:01:00.000000,2025-11-28 22:01:59.999922,1,BAYxx_xxxx_20251128_215322_000.7z
2025-11-28 22:02:00,11766.306248,11.766306248,3949.442706,3736.218311,4080.645231,768000,768000,1.000000000,1,2025-11-28 22:02:00.000000,2025-11-28 22:02:59.999922,1,BAYxx_xxxx_20251128_215322_000.7z
