minute_start,active_power_w,active_power_kw,phase_a_power_w,phase_b_power_w,phase_c_power_w,sample_count,expected_samples,coverage_ratio,is_complete,first_sample_time,last_sample_time,source_archive_count,source_archives
2025-11-25 10:15:00,722.844089,0.722844089,78.643480,-211.419023,855.619632,307200,768000,0.400000000,0,2025-11-25 10:15:36.000000,2025-11-25 10:15:59.999922,1,BAYxx_xxxx_20251125_101536_000.7z
2025-11-25 10:16:00,709.059723,0.709059723,69.790612,-205.216478,844.485589,768000,768000,1.000000000,1,2025-11-25 10:16:00.000000,2025-11-25 10:16:59.999922,1,BAYxx_xxxx_20251125_101536_000.7z
2025-11-25 10:17:00,702.037824,0.702037824,71.695803,-202.422504,832.764525,768000,768000,1.000000000,1,2025-11-25 10:17:00.000000,2025-11-25 10:17:59.999922,1,BAYxx_xxxx_20251125_101536_000.7z
2025-11-25 10:18:00,690.283389,0.690283389,67.239105,-209.211832,832.256116,768000,768000,1.000000000,1,2025-11-25 10:18:00.000000,2025-11-25 10:18:59.999922,1,BAYxx_xxxx_20251125_101536_000.7z
2025-11-25 10:19:00,681.208020,0.681208020,65.209600,-221.300091,837.298511,768000,768000,1.000000000,1,2025-11-25 10:19:00.000000,2025-11-25 10:19:59.999922,1,BAYxx_xxxx_20251125_101536_000.7z
2025-11-25 10:20:00,611.066684,0.611066684,56.271036,-213.862974,768.658621,768000,768000,1.000000000,1,2025-11-25 10:20:00.000000,2025-11-25 10:20:59.999922,1,BAYxx_xxxx_20251125_101536_000.7z
2025-11-25 10:21:00,564.829403,0.564829403,49.963707,-222.374683,737.240380,768000,768000,1.000000000,1,2025-11-25 10:21:00.000000,2025-11-25 10:21:59.999922,1,BAYxx_xxxx_20251125_101536_000.7z
2025-11-25 10:22:00,534.112660,0.534112660,44.947285,-233.443294,722.608669,768000,768000,1.000000000,1,2025-11-25 10:22:00.000000,2025-11-25 10:22:59.999922,1,BAYxx_xxxx_20251125_101536_000.7z
2025-11-25 10:23:00,528.563697,0.528563697,44.889047,-237.402347,721.076996,768000,768000,1.000000000,1,2025-11-25 10:23:00.000000,2025-11-25 10:23:59.999922,1,BAYxx_xxxx_20251125_101536_000.7z
2025-11-25 10:24:00,484.838927,0.484838927,31.265151,-246.325865,699.899641,768000,768000,1.000000000,1,2025-11-25 10:24:00.000000,2025-11-25 10:24:59.999922,1,BAYxx_xxxx_20251125_101536_000.7z
2025-11-25 10:25:00,486.329381,0.486329381,30.296210,-247.841157,703.874328,742469,768000,0.966756510,0,2025-11-25 10:25:00.000000,2025-11-25 10:25:59.999922,2,BAYxx_xxxx_20251125_101536_000.7z;BAYxx_xxxx_20251125_102538_000.7z
2025-11-25 10:26:00,403.247092,0.403247092,32.138661,-247.410792,618.519223,768000,768000,1.000000000,1,2025-11-25 10:26:00.000000,2025-11-25 10:26:59.999922,1,BAYxx_xxxx_20251125_102538_000.7z
2025-11-25 10:27:00,-326.806908,-0.326806908,63.095790,-257.143133,-132.759565,768000,768000,1.000000000,1,2025-11-25 10:27:00.000000,2025-11-25 10:27:59.999922,1,BAYxx_xxxx_20251125_102538_000.7z
2025-11-25 10:28:00,-327.780746,-0.327780746,69.068461,-262.519117,-134.330091,768000,768000,1.000000000,1,2025-11-25 10:28:00.000000,2025-11-25 10:28:59.999922,1,BAYxx_xxxx_20251125_102538_000.7z
2025-11-25 10:29:00,-314.554225,-0.314554225,65.808161,-253.170071,-127.192315,768000,768000,1.000000000,1,2025-11-25 10:29:00.000000,2025-11-25 10:29:59.999922,1,BAYxx_xxxx_20251125_102538_000.7z
2025-11-25 10:30:00,-310.023324,-0.310023324,79.901589,-258.208403,-131.716510,768000,768000,1.000000000,1,2025-11-25 10:30:00.000000,2025-11-25 10:30:59.999922,1,BAYxx_xxxx_20251125_102538_000.7z
2025-11-25 10:31:00,1310.229038,1.310229038,597.142499,264.574551,448.511989,768000,768000,1.000000000,1,2025-11-25 10:31:00.000000,2025-11-25 10:31:59.999922,1,BAYxx_xxxx_20251125_102538_000.7z
2025-11-25 10:32:00,1362.843751,1.362843751,609.244147,277.125593,476.474011,768000,768000,1.000000000,1,2025-11-25 10:32:00.000000,2025-11-25 10:32:59.999922,1,BAYxx_xxxx_20251125_102538_000.7z
2025-11-25 10:33:00,1375.688449,1.375688449,613.789238,279.114238,482.784972,768000,768000,1.000000000,1,2025-11-25 10:33:00.000000,2025-11-25 10:33:59.999922,1,BAYxx_xxxx_20251125_102538_000.7z
2025-11-25 10:34:00,1362.438248,1.362438248,610.387273,272.750814,479.300162,768000,768000,1.000000000,1,2025-11-25 10:34:00.000000,2025-11-25 10:34:59.999922,1,BAYxx_xxxx_20251125_102538_000.7z
2025-11-25 10:35:00,1389.812090,1.389812090,605.689978,268.833139,515.288974,716839,768000,0.933384115,0,2025-11-25 10:35:00.000000,2025-11-25 10:35:59.999922,2,BAYxx_xxxx_20251125_102538_000.7z;BAYxx_xxxx_20251125_103542_000.7z
2025-11-25 10:36:00,1433.442444,1.433442444,597.475585,271.476491,564.490368,768000,768000,1.000000000,1,2025-11-25 10:36:00.000000,2025-11-25 10:36:59.999922,1,BAYxx_xxxx_20251125_103542_000.7z
2025-11-25 10:37:00,1446.900301,1.446900301,610.912089,266.368975,569.619237,768000,768000,1.000000000,1,2025-11-25 10:37:00.000000,2025-11-25 10:37:59.999922,1,BAYxx_xxxx_20251125_103542_000.7z
2025-11-25 10:38:00,1488.006995,1.488006995,622.597431,282.598342,582.811222,768000,768000,1.000000000,1,2025-11-25 10:38:00.000000,2025-11-25 10:38:59.999922,1,BAYxx_xxxx_20251125_103542_000.7z
2025-11-25 10:39:00,1509.104695,1.509104695,628.587980,300.066033,580.450682,768000,768000,1.000000000,1,2025-11-25 10:39:00.000000,2025-11-25 10:39:59.999922,1,BAYxx_xxxx_20251125_103542_000.7z
2025-11-25 10:40:00,1538.861608,1.538861608,636.106973,306.499835,596.254800,768000,768000,1.000000000,1,2025-11-25 10:40:00.000000,2025-11-25 10:40:59.999922,1,BAYxx_xxxx_20251125_103542_000.7z
2025-11-25 10:41:00,1589.364159,1.589364159,660.663430,319.888178,608.812551,768000,768000,1.000000000,1,2025-11-25 10:41:00.000000,2025-11-25 10:41:59.999922,1,BAYxx_xxxx_20251125_103542_000.7z
2025-11-25 10:42:00,1966.952447,1.966952447,653.832711,367.064173,946.055563,768000,768000,1.000000000,1,2025-11-25 10:42:00.000000,2025-11-25 10:42:59.999922,1,BAYxx_xxxx_20251125_103542_000.7z
2025-11-25 10:43:00,2739.025284,2.739025284,792.599066,430.634964,1515.791253,768000,768000,1.000000000,1,2025-11-25 10:43:00.000000,2025-11-25 10:43:59.999922,1,BAYxx_xxxx_20251125_103542_000.7z
2025-11-25 10:44:00,2848.291519,2.848291519,863.460574,448.273226,1536.557719,768000,768000,1.000000000,1,2025-11-25 10:44:00.000000,2025-11-25 10:44:59.999922,1,BAYxx_xxxx_20251125_103542_000.7z
2025-11-25 10:45:00,2896.800149,2.896800149,875.063405,466.603398,1555.133346,729628,768000,0.950036458,0,2025-11-25 10:45:00.000000,2025-11-25 10:45:59.999922,2,BAYxx_xxxx_20251125_103542_000.7z;BAYxx_xxxx_20251125_104545_000.7z
2025-11-25 10:46:00,2969.761577,2.969761577,897.344640,492.122744,1580.294194,768000,768000,1.000000000,1,2025-11-25 10:46:00.000000,2025-11-25 10:46:59.999922,1,BAYxx_xxxx_20251125_104545_000.7z
2025-11-25 10:47:00,3012.732035,3.012732035,923.605483,504.640397,1584.486154,768000,768000,1.000000000,1,2025-11-25 10:47:00.000000,2025-11-25 10:47:59.999922,1,BAYxx_xxxx_20251125_104545_000.7z
2025-11-25 10:48:00,3069.098885,3.069098885,932.336263,529.071266,1607.691356,768000,768000,1.000000000,1,2025-11-25 10:48:00.000000,2025-11-25 10:48:59.999922,1,BAYxx_xxxx_20251125_104545_000.7z
2025-11-25 10:49:00,3129.709966,3.129709966,950.070451,544.849433,1634.790082,768000,768000,1.000000000,1,2025-11-25 10:49:00.000000,2025-11-25 10:49:59.999922,1,BAYxx_xxxx_20251125_104545_000.7z
2025-11-25 10:50:00,3190.000665,3.190000665,975.089884,563.352898,1651.557883,768000,768000,1.000000000,1,2025-11-25 10:50:00.000000,2025-11-25 10:50:59.999922,1,BAYxx_xxxx_20251125_104545_000.7z
2025-11-25 10:51:00,3212.436671,3.212436671,985.036699,562.657190,1664.742782,768000,768000,1.000000000,1,2025-11-25 10:51:00.000000,2025-11-25 10:51:59.999922,1,BAYxx_xxxx_20251125_104545_000.7z
2025-11-25 10:52:00,3300.691931,3.300691931,1017.606825,588.779931,1694.305175,768000,768000,1.000000000,1,2025-11-25 10:52:00.000000,2025-11-25 10:52:59.999922,1,BAYxx_xxxx_20251125_104545_000.7z
2025-11-25 10:53:00,3333.787960,3.333787960,1043.750843,599.426870,1690.610248,768000,768000,1.000000000,1,2025-11-25 10:53:00.000000,2025-11-25 10:53:59.999922,1,BAYxx_xxxx_20251125_104545_000.7z
2025-11-25 10:54:00,3373.929904,3.373929904,1046.877926,618.714743,1708.337234,768000,768000,1.000000000,1,2025-11-25 10:54:00.000000,2025-11-25 10:54:59.999922,1,BAYxx_xxxx_20251125_104545_000.7z
2025-11-25 10:55:00,3418.574612,3.418574612,1070.397765,632.010499,1716.166348,729659,768000,0.950076823,0,2025-11-25 10:55:00.000000,2025-11-25 10:55:59.999922,2,BAYxx_xxxx_20251125_104545_000.7z;BAYxx_xxxx_20251125_105548_000.7z
2025-11-25 10:56:00,3448.070076,3.448070076,1070.900151,649.265678,1727.904248,768000,768000,1.000000000,1,2025-11-25 10:56:00.000000,2025-11-25 10:56:59.999922,1,BAYxx_xxxx_20251125_105548_000.7z
2025-11-25 10:57:00,3468.950496,3.468950496,1083.158186,655.423470,1730.368840,768000,768000,1.000000000,1,2025-11-25 10:57:00.000000,2025-11-25 10:57:59.999922,1,BAYxx_xxxx_20251125_105548_000.7z
2025-11-25 10:58:00,3456.570405,3.456570405,1069.416764,662.804617,1724.349023,768000,768000,1.000000000,1,2025-11-25 10:58:00.000000,2025-11-25 10:58:59.999922,1,BAYxx_xxxx_20251125_105548_000.7z
2025-11-25 10:59:00,2965.133335,2.965133335,1091.983859,627.092426,1246.057051,768000,768000,1.000000000,1,2025-11-25 10:59:00.000000,2025-11-25 10:59:59.999922,1,BAYxx_xxxx_20251125_105548_000.7z
2025-11-25 11:00:00,2577.711979,2.577711979,1131.858813,599.169582,846.683584,768000,768000,1.000000000,1,2025-11-25 11:00:00.000000,2025-11-25 11:00:59.999922,1,BAYxx_xxxx_20251125_105548_000.7z
2025-11-25 11:01:00,2611.365291,2.611365291,1143.333181,608.400544,859.631566,768000,768000,1.000000000,1,2025-11-25 11:01:00.000000,2025-11-25 11:01:59.999922,1,BAYxx_xxxx_20251125_105548_000.7z
2025-11-25 11:02:00,1264.681824,1.264681824,682.019058,175.667848,406.994918,768000,768000,1.000000000,1,2025-11-25 11:02:00.000000,2025-11-25 11:02:59.999922,1,BAYxx_xxxx_20251125_105548_000.7z
2025-11-25 11:03:00,970.489442,0.970489442,598.491624,73.239351,298.758467,768000,768000,1.000000000,1,2025-11-25 11:03:00.000000,2025-11-25 11:03:59.999922,1,BAYxx_xxxx_20251125_105548_000.7z
2025-11-25 11:04:00,1455.267039,1.455267039,739.629914,241.074345,474.562780,768000,768000,1.000000000,1,2025-11-25 11:04:00.000000,2025-11-25 11:04:59.999922,1,BAYxx_xxxx_20251125_105548_000.7z
2025-11-25 11:05:00,2367.579926,2.367579926,1061.389666,531.198721,774.991539,729670,768000,0.950091146,0,2025-11-25 11:05:00.000000,2025-11-25 11:05:59.999922,2,BAYxx_xxxx_20251125_105548_000.7z;BAYxx_xxxx_20251125_110551_000.7z
2025-11-25 11:06:00,2363.887130,2.363887130,1085.907104,560.470864,717.509162,768000,768000,1.000000000,1,2025-11-25 11:06:00.000000,2025-11-25 11:06:59.999922,1,BAYxx_xxxx_20251125_110551_000.7z
2025-11-25 11:07:00,2318.264784,2.318264784,1075.049700,535.181813,708.033271,768000,768000,1.000000000,1,2025-11-25 11:07:00.000000,2025-11-25 11:07:59.999922,1,BAYxx_xxxx_20251125_110551_000.7z
2025-11-25 11:08:00,2209.308359,2.209308359,1028.356740,502.465709,678.485910,768000,768000,1.000000000,1,2025-11-25 11:08:00.000000,2025-11-25 11:08:59.999922,1,BAYxx_xxxx_20251125_110551_000.7z
2025-11-25 11:09:00,2124.108001,2.124108001,1002.090617,471.018453,650.998931,768000,768000,1.000000000,1,2025-11-25 11:09:00.000000,2025-11-25 11:09:59.999922,1,BAYxx_xxxx_20251125_110551_000.7z
2025-11-25 11:10:00,2096.916204,2.096916204,997.406534,464.443580,635.066091,768000,768000,1.000000000,1,2025-11-25 11:10:00.000000,2025-11-25 11:10:59.999922,1,BAYxx_xxxx_20251125_110551_000.7z
2025-11-25 11:11:00,2130.209510,2.130209510,1012.654924,463.707038,653.847549,768000,768000,1.000000000,1,2025-11-25 11:11:00.000000,2025-11-25 11:11:59.999922,1,BAYxx_xxxx_20251125_110551_000.7z
2025-11-25 11:12:00,2115.847910,2.115847910,1003.346495,448.771115,663.730300,768000,768000,1.000000000,1,2025-11-25 11:12:00.000000,2025-11-25 11:12:59.999922,1,BAYxx_xxxx_20251125_110551_000.7z
2025-11-25 11:13:00,3985.897558,3.985897558,1608.490839,1097.546011,1279.860708,768000,768000,1.000000000,1,2025-11-25 11:13:00.000000,2025-11-25 11:13:59.999922,1,BAYxx_xxxx_20251125_110551_000.7z
2025-11-25 11:14:00,16512.619084,16.512619084,5509.167666,5408.153904,5595.297514,768000,768000,1.000000000,1,2025-11-25 11:14:00.000000,2025-11-25 11:14:59.999922,1,BAYxx_xxxx_20251125_110551_000.7z
2025-11-25 11:15:00,36095.856140,36.095856140,11697.943637,12051.933680,12345.978823,729602,768000,0.950002604,0,2025-11-25 11:15:00.000000,2025-11-25 11:15:59.999922,2,BAYxx_xxxx_20251125_110551_000.7z;BAYxx_xxxx_20251125_111554_000.7z
2025-11-25 11:16:00,2583.927591,2.583927591,1172.479352,608.978276,802.469962,768000,768000,1.000000000,1,2025-11-25 11:16:00.000000,2025-11-25 11:16:59.999922,1,BAYxx_xxxx_20251125_111554_000.7z
2025-11-25 11:17:00,2202.532829,2.202532829,1047.127079,475.454345,679.951406,768000,768000,1.000000000,1,2025-11-25 11:17:00.000000,2025-11-25 11:17:59.999922,1,BAYxx_xxxx_20251125_111554_000.7z
2025-11-25 11:18:00,2239.837235,2.239837235,1056.075899,496.775034,686.986301,768000,768000,1.000000000,1,2025-11-25 11:18:00.000000,2025-11-25 11:18:59.999922,1,BAYxx_xxxx_20251125_111554_000.7z
2025-11-25 11:19:00,3203.153878,3.203153878,1366.791899,822.685940,1013.676039,768000,768000,1.000000000,1,2025-11-25 11:19:00.000000,2025-11-25 11:19:59.999922,1,BAYxx_xxxx_20251125_111554_000.7z
2025-11-25 11:20:00,9602.310927,9.602310927,3364.310748,3001.328015,3236.672164,768000,768000,1.000000000,1,2025-11-25 11:20:00.000000,2025-11-25 11:20:59.999922,1,BAYxx_xxxx_20251125_111554_000.7z
2025-11-25 11:21:00,19926.833329,19.926833329,6469.560040,6570.084581,6887.188709,768000,768000,1.000000000,1,2025-11-25 11:21:00.000000,2025-11-25 11:21:59.999922,1,BAYxx_xxxx_20251125_111554_000.7z
2025-11-25 11:22:00,20534.708820,20.534708820,6659.575420,6750.663041,7124.470360,768000,768000,1.000000000,1,2025-11-25 11:22:00.000000,2025-11-25 11:22:59.999922,1,BAYxx_xxxx_20251125_111554_000.7z
2025-11-25 11:23:00,21324.126410,21.324126410,6949.210278,6989.490859,7385.425273,768000,768000,1.000000000,1,2025-11-25 11:23:00.000000,2025-11-25 11:23:59.999922,1,BAYxx_xxxx_20251125_111554_000.7z
2025-11-25 11:24:00,22141.029696,22.141029696,7267.080654,7201.369516,7672.579525,768000,768000,1.000000000,1,2025-11-25 11:24:00.000000,2025-11-25 11:24:59.999922,1,BAYxx_xxxx_20251125_111554_000.7z
2025-11-25 11:25:00,22750.856658,22.750856658,7461.607097,7417.899807,7871.349754,729719,768000,0.950154948,0,2025-11-25 11:25:00.000000,2025-11-25 11:25:59.999922,2,BAYxx_xxxx_20251125_111554_000.7z;BAYxx_xxxx_20251125_112557_000.7z
2025-11-25 11:26:00,23425.590840,23.425590840,7696.893206,7634.084655,8094.612979,768000,768000,1.000000000,1,2025-11-25 11:26:00.000000,2025-11-25 11:26:59.999922,1,BAYxx_xxxx_20251125_112557_000.7z
2025-11-25 11:27:00,23995.930304,23.995930304,7869.505282,7836.368111,8290.056911,768000,768000,1.000000000,1,2025-11-25 11:27:00.000000,2025-11-25 11:27:59.999922,1,BAYxx_xxxx_20251125_112557_000.7z
2025-11-25 11:28:00,24515.914074,24.515914074,8039.233014,8004.779423,8471.901637,768000,768000,1.000000000,1,2025-11-25 11:28:00.000000,2025-11-25 11:28:59.999922,1,BAYxx_xxxx_20251125_112557_000.7z
2025-11-25 11:29:00,24905.482247,24.905482247,8197.393079,8114.091962,8593.997206,768000,768000,1.000000000,1,2025-11-25 11:29:00.000000,2025-11-25 11:29:59.999922,1,BAYxx_xxxx_20251125_112557_000.7z
2025-11-25 11:30:00,25250.018311,25.250018311,8321.652311,8225.496367,8702.869633,768000,768000,1.000000000,1,2025-11-25 11:30:00.000000,2025-11-25 11:30:59.999922,1,BAYxx_xxxx_20251125_112557_000.7z
2025-11-25 11:31:00,25596.234151,25.596234151,8389.602599,8392.847802,8813.783750,768000,768000,1.000000000,1,2025-11-25 11:31:00.000000,2025-11-25 11:31:59.999922,1,BAYxx_xxxx_20251125_112557_000.7z
2025-11-25 11:32:00,25838.769219,25.838769219,8469.750548,8506.010352,8863.008318,768000,768000,1.000000000,1,2025-11-25 11:32:00.000000,2025-11-25 11:32:59.999922,1,BAYxx_xxxx_20251125_112557_000.7z
2025-11-25 11:33:00,26116.981192,26.116981192,8513.891248,8644.631904,8958.458039,768000,768000,1.000000000,1,2025-11-25 11:33:00.000000,2025-11-25 11:33:59.999922,1,BAYxx_xxxx_20251125_112557_000.7z
2025-11-25 11:34:00,26340.740782,26.340740782,8633.735046,8638.995063,9068.010674,768000,768000,1.000000000,1,2025-11-25 11:34:00.000000,2025-11-25 11:34:59.999922,1,BAYxx_xxxx_20251125_112557_000.7z
2025-11-25 11:35:00,26701.986470,26.701986470,8740.810225,8748.873583,9212.302661,729711,768000,0.950144531,0,2025-11-25 11:35:00.000000,2025-11-25 11:35:57.008594,1,BAYxx_xxxx_20251125_112557_000.7z
2025-11-25 11:36:00,27030.392153,27.030392153,8787.530077,8878.884416,9363.977660,768000,768000,1.000000000,1,2025-11-25 11:36:00.000000,2025-11-25 11:36:59.999922,1,BAYxx_xxxx_20251125_113600_000.7z
2025-11-25 11:37:00,27313.148911,27.313148911,8898.787665,8982.847823,9431.513422,768000,768000,1.000000000,1,2025-11-25 11:37:00.000000,2025-11-25 11:37:59.999922,1,BAYxx_xxxx_20251125_113600_000.7z
2025-11-25 11:38:00,27226.080073,27.226080073,8915.831779,8955.238878,9355.009417,768000,768000,1.000000000,1,2025-11-25 11:38:00.000000,2025-11-25 11:38:59.999922,1,BAYxx_xxxx_20251125_113600_000.7z
2025-11-25 11:39:00,27434.225560,27.434225560,8983.967251,9007.138221,9443.120088,768000,768000,1.000000000,1,2025-11-25 11:39:00.000000,2025-11-25 11:39:59.999922,1,BAYxx_xxxx_20251125_113600_000.7z
2025-11-25 11:40:00,18854.696035,18.854696035,6303.312106,6086.878669,6464.505260,768000,768000,1.000000000,1,2025-11-25 11:40:00.000000,2025-11-25 11:40:59.999922,1,BAYxx_xxxx_20251125_113600_000.7z
2025-11-25 11:41:00,2030.988043,2.030988043,952.003473,407.526635,671.457935,768000,768000,1.000000000,1,2025-11-25 11:41:00.000000,2025-11-25 11:41:59.999922,1,BAYxx_xxxx_20251125_113600_000.7z
2025-11-25 11:42:00,2042.947885,2.042947885,952.071245,414.386716,676.489924,768000,768000,1.000000000,1,2025-11-25 11:42:00.000000,2025-11-25 11:42:59.999922,1,BAYxx_xxxx_20251125_113600_000.7z
2025-11-25 11:43:00,2099.055748,2.099055748,969.843851,438.455727,690.756169,768000,768000,1.000000000,1,2025-11-25 11:43:00.000000,2025-11-25 11:43:59.999922,1,BAYxx_xxxx_20251125_113600_000.7z
2025-11-25 11:44:00,2108.832367,2.108832367,980.980403,447.273953,680.578012,768000,768000,1.000000000,1,2025-11-25 11:44:00.000000,2025-11-25 11:44:59.999922,1,BAYxx_xxxx_20251125_113600_000.7z
2025-11-25 11:45:00,2138.312503,2.138312503,990.631036,448.079129,699.602338,768000,768000,1.000000000,1,2025-11-25 11:45:00.000000,2025-11-25 11:45:59.999922,1,BAYxx_xxxx_20251125_113600_000.7z
2025-11-25 11:46:00,2174.125703,2.174125703,997.837991,464.344494,711.943218,729692,768000,0.950119792,0,2025-11-25 11:46:00.000000,2025-11-25 11:46:59.999922,2,BAYxx_xxxx_20251125_113600_000.7z;BAYxx_xxxx_20251125_114603_000.7z
2025-11-25 11:47:00,3013.203279,3.013203279,1269.040018,753.561018,990.602244,768000,768000,1.000000000,1,2025-11-25 11:47:00.000000,2025-11-25 11:47:59.999922,1,BAYxx_xxxx_20251125_114603_000.7z
2025-11-25 11:48:00,9726.525112,9.726525112,3419.211729,3015.240299,3292.073084,768000,768000,1.000000000,1,2025-11-25 11:48:00.000000,2025-11-25 11:48:59.999922,1,BAYxx_xxxx_20251125_114603_000.7z
2025-11-25 11:49:00,24099.340666,24.099340666,7956.465758,7841.715448,8301.159461,768000,768000,1.000000000,1,2025-11-25 11:49:00.000000,2025-11-25 11:49:59.999922,1,BAYxx_xxxx_20251125_114603_000.7z
2025-11-25 11:50:00,24827.751516,24.827751516,8154.386141,8083.703508,8589.661868,768000,768000,1.000000000,1,2025-11-25 11:50:00.000000,2025-11-25 11:50:59.999922,1,BAYxx_xxxx_20251125_114603_000.7z
2025-11-25 11:51:00,25710.671370,25.710671370,8418.046013,8421.129155,8871.496202,768000,768000,1.000000000,1,2025-11-25 11:51:00.000000,2025-11-25 11:51:59.999922,1,BAYxx_xxxx_20251125_114603_000.7z
2025-11-25 11:52:00,26690.657176,26.690657176,8736.019738,8803.949939,9150.687499,768000,768000,1.000000000,1,2025-11-25 11:52:00.000000,2025-11-25 11:52:59.999922,1,BAYxx_xxxx_20251125_114603_000.7z
2025-11-25 11:53:00,27542.596523,27.542596523,9039.594081,9067.322010,9435.680432,768000,768000,1.000000000,1,2025-11-25 11:53:00.000000,2025-11-25 11:53:59.999922,1,BAYxx_xxxx_20251125_114603_000.7z
2025-11-25 11:54:00,28441.060353,28.441060353,9281.785437,9429.083288,9730.191628,768000,768000,1.000000000,1,2025-11-25 11:54:00.000000,2025-11-25 11:54:59.999922,1,BAYxx_xxxx_20251125_114603_000.7z
2025-11-25 11:55:00,29097.739194,29.097739194,9535.490736,9603.220562,9959.027895,768000,768000,1.000000000,1,2025-11-25 11:55:00.000000,2025-11-25 11:55:59.999922,1,BAYxx_xxxx_20251125_114603_000.7z
2025-11-25 11:56:00,2614.224764,2.614224764,1181.273936,641.404768,791.546061,729693,768000,0.950121094,0,2025-11-25 11:56:00.000000,2025-11-25 11:56:59.999922,2,BAYxx_xxxx_20251125_114603_000.7z;BAYxx_xxxx_20251125_115606_000.7z
2025-11-25 11:57:00,2369.678237,2.369678237,1096.955279,560.280610,712.442349,768000,768000,1.000000000,1,2025-11-25 11:57:00.000000,2025-11-25 11:57:59.999922,1,BAYxx_xxxx_20251125_115606_000.7z
2025-11-25 11:58:00,2414.889491,2.414889491,1101.602677,581.090579,732.196236,768000,768000,1.000000000,1,2025-11-25 11:58:00.000000,2025-11-25 11:58:59.999922,1,BAYxx_xxxx_20251125_115606_000.7z
2025-11-25 11:59:00,2454.902637,2.454902637,1128.167915,591.376979,735.357743,768000,768000,1.000000000,1,2025-11-25 11:59:00.000000,2025-11-25 11:59:59.999922,1,BAYxx_xxxx_20251125_115606_000.7z
2025-11-25 12:00:00,2500.813997,2.500813997,1142.104890,601.670253,757.038854,768000,768000,1.000000000,1,2025-11-25 12:00:00.000000,2025-11-25 12:00:59.999922,1,BAYxx_xxxx_20251125_115606_000.7z
2025-11-25 12:01:00,2548.451765,2.548451765,1171.729511,612.174949,764.547305,768000,768000,1.000000000,1,2025-11-25 12:01:00.000000,2025-11-25 12:01:59.999922,1,BAYxx_xxxx_20251125_115606_000.7z
2025-11-25 12:02:00,2575.748124,2.575748124,1186.331901,623.923756,765.492467,768000,768000,1.000000000,1,2025-11-25 12:02:00.000000,2025-11-25 12:02:59.999922,1,BAYxx_xxxx_20251125_115606_000.7z
2025-11-25 12:03:00,2585.759923,2.585759923,1180.361380,630.996017,774.402527,768000,768000,1.000000000,1,2025-11-25 12:03:00.000000,2025-11-25 12:03:59.999922,1,BAYxx_xxxx_20251125_115606_000.7z
2025-11-25 12:04:00,2553.101523,2.553101523,1150.891837,635.602224,766.607462,768000,768000,1.000000000,1,2025-11-25 12:04:00.000000,2025-11-25 12:04:59.999922,1,BAYxx_xxxx_20251125_115606_000.7z
2025-11-25 12:05:00,2491.499791,2.491499791,1128.584331,614.949328,747.966133,768000,768000,1.000000000,1,2025-11-25 12:05:00.000000,2025-11-25 12:05:59.999922,1,BAYxx_xxxx_20251125_115606_000.7z
2025-11-25 12:06:00,2538.180421,2.538180421,1127.950236,592.116526,818.113660,742447,768000,0.966727865,0,2025-11-25 12:06:00.000000,2025-11-25 12:06:59.999922,2,BAYxx_xxxx_20251125_115606_000.7z;BAYxx_xxxx_20251125_120608_000.7z
2025-11-25 12:07:00,2480.671621,2.480671621,1108.499775,553.910246,818.261601,768000,768000,1.000000000,1,2025-11-25 12:07:00.000000,2025-11-25 12:07:59.999922,1,BAYxx_xxxx_20251125_120608_000.7z
2025-11-25 12:08:00,2400.039240,2.400039240,1080.553905,536.356848,783.128487,768000,768000,1.000000000,1,2025-11-25 12:08:00.000000,2025-11-25 12:08:59.999922,1,BAYxx_xxxx_20251125_120608_000.7z
2025-11-25 12:09:00,2300.854764,2.300854764,1060.868027,498.769301,741.217436,768000,768000,1.000000000,1,2025-11-25 12:09:00.000000,2025-11-25 12:09:59.999922,1,BAYxx_xxxx_20251125_120608_000.7z
2025-11-25 12:10:00,2212.510848,2.212510848,1027.904956,472.232111,712.373781,768000,768000,1.000000000,1,2025-11-25 12:10:00.000000,2025-11-25 12:10:59.999922,1,BAYxx_xxxx_20251125_120608_000.7z
2025-11-25 12:11:00,2159.745837,2.159745837,995.968022,465.437915,698.339900,768000,768000,1.000000000,1,2025-11-25 12:11:00.000000,2025-11-25 12:11:59.999922,1,BAYxx_xxxx_20251125_120608_000.7z
2025-11-25 12:12:00,2184.069723,2.184069723,1007.834313,469.802778,706.432632,768000,768000,1.000000000,1,2025-11-25 12:12:00.000000,2025-11-25 12:12:59.999922,1,BAYxx_xxxx_20251125_120608_000.7z
2025-11-25 12:13:00,3678.898247,3.678898247,1506.863440,978.151063,1193.883744,768000,768000,1.000000000,1,2025-11-25 12:13:00.000000,2025-11-25 12:13:59.999922,1,BAYxx_xxxx_20251125_120608_000.7z
2025-11-25 12:14:00,20855.722752,20.855722752,6840.074071,6855.511429,7160.137252,768000,768000,1.000000000,1,2025-11-25 12:14:00.000000,2025-11-25 12:14:59.999922,1,BAYxx_xxxx_20251125_120608_000.7z
2025-11-25 12:15:00,24714.768757,24.714768757,8099.582657,8129.937074,8485.249026,768000,768000,1.000000000,1,2025-11-25 12:15:00.000000,2025-11-25 12:15:59.999922,1,BAYxx_xxxx_20251125_120608_000.7z
2025-11-25 12:16:00,26056.733081,26.056733081,8519.101908,8610.301614,8927.329559,729743,768000,0.950186198,0,2025-11-25 12:16:00.000000,2025-11-25 12:16:59.999922,2,BAYxx_xxxx_20251125_120608_000.7z;BAYxx_xxxx_20251125_121611_000.7z
2025-11-25 12:17:00,26901.426157,26.901426157,8859.711845,8856.562555,9185.151758,768000,768000,1.000000000,1,2025-11-25 12:17:00.000000,2025-11-25 12:17:59.999922,1,BAYxx_xxxx_20251125_121611_000.7z
2025-11-25 12:18:00,27910.657836,27.910657836,9133.422910,9209.260733,9567.974193,768000,768000,1.000000000,1,2025-11-25 12:18:00.000000,2025-11-25 12:18:59.999922,1,BAYxx_xxxx_20251125_121611_000.7z
2025-11-25 12:19:00,28939.714476,28.939714476,9444.782601,9543.892427,9951.039449,768000,768000,1.000000000,1,2025-11-25 12:19:00.000000,2025-11-25 12:19:59.999922,1,BAYxx_xxxx_20251125_121611_000.7z
2025-11-25 12:20:00,4838.945523,4.838945523,1844.958771,1377.669122,1616.317630,768000,768000,1.000000000,1,2025-11-25 12:20:00.000000,2025-11-25 12:20:59.999922,1,BAYxx_xxxx_20251125_121611_000.7z
2025-11-25 12:21:00,2165.315060,2.165315060,1003.478595,467.627601,694.208864,768000,768000,1.000000000,1,2025-11-25 12:21:00.000000,2025-11-25 12:21:59.999922,1,BAYxx_xxxx_20251125_121611_000.7z
2025-11-25 12:22:00,2188.350504,2.188350504,1006.747152,480.139655,701.463696,768000,768000,1.000000000,1,2025-11-25 12:22:00.000000,2025-11-25 12:22:59.999922,1,BAYxx_xxxx_20251125_121611_000.7z
2025-11-25 12:23:00,2229.191470,2.229191470,1024.077317,483.904822,721.209331,768000,768000,1.000000000,1,2025-11-25 12:23:00.000000,2025-11-25 12:23:59.999922,1,BAYxx_xxxx_20251125_121611_000.7z
2025-11-25 12:24:00,2254.906867,2.254906867,1036.472722,488.801538,729.632607,768000,768000,1.000000000,1,2025-11-25 12:24:00.000000,2025-11-25 12:24:59.999922,1,BAYxx_xxxx_20251125_121611_000.7z
2025-11-25 12:25:00,2304.512817,2.304512817,1059.810621,510.741271,733.960926,768000,768000,1.000000000,1,2025-11-25 12:25:00.000000,2025-11-25 12:25:59.999922,1,BAYxx_xxxx_20251125_121611_000.7z
2025-11-25 12:26:00,2314.375564,2.314375564,1060.740224,514.330008,739.305331,742492,768000,0.966786458,0,2025-11-25 12:26:00.000000,2025-11-25 12:26:59.999922,2,BAYxx_xxxx_20251125_121611_000.7z;BAYxx_xxxx_20251125_122613_000.7z
2025-11-25 12:27:00,2320.471586,2.320471586,1056.217837,515.647715,748.606034,768000,768000,1.000000000,1,2025-11-25 12:27:00.000000,2025-11-25 12:27:59.999922,1,BAYxx_xxxx_20251125_122613_000.7z
2025-11-25 12:28:00,2345.539525,2.345539525,1061.776893,527.825614,755.937018,768000,768000,1.000000000,1,2025-11-25 12:28:00.000000,2025-11-25 12:28:59.999922,1,BAYxx_xxxx_20251125_122613_000.7z
2025-11-25 12:29:00,2373.826246,2.373826246,1062.241485,541.101310,770.483451,768000,768000,1.000000000,1,2025-11-25 12:29:00.000000,2025-11-25 12:29:59.999922,1,BAYxx_xxxx_20251125_122613_000.7z
2025-11-25 12:30:00,2400.479476,2.400479476,1074.586534,551.080282,774.812660,768000,768000,1.000000000,1,2025-11-25 12:30:00.000000,2025-11-25 12:30:59.999922,1,BAYxx_xxxx_20251125_122613_000.7z
2025-11-25 12:31:00,2462.302236,2.462302236,1101.155340,568.508674,792.638221,768000,768000,1.000000000,1,2025-11-25 12:31:00.000000,2025-11-25 12:31:59.999922,1,BAYxx_xxxx_20251125_122613_000.7z
2025-11-25 12:32:00,2482.567059,2.482567059,1103.194168,571.582921,807.789971,768000,768000,1.000000000,1,2025-11-25 12:32:00.000000,2025-11-25 12:32:59.999922,1,BAYxx_xxxx_20251125_122613_000.7z
2025-11-25 12:33:00,2523.219240,2.523219240,1107.236030,592.452507,823.530703,768000,768000,1.000000000,1,2025-11-25 12:33:00.000000,2025-11-25 12:33:59.999922,1,BAYxx_xxxx_20251125_122613_000.7z
2025-11-25 12:34:00,2544.190371,2.544190371,1114.243090,592.919888,837.027392,768000,768000,1.000000000,1,2025-11-25 12:34:00.000000,2025-11-25 12:34:59.999922,1,BAYxx_xxxx_20251125_122613_000.7z
2025-11-25 12:35:00,2583.081167,2.583081167,1123.789977,616.835832,842.455358,768000,768000,1.000000000,1,2025-11-25 12:35:00.000000,2025-11-25 12:35:59.999922,1,BAYxx_xxxx_20251125_122613_000.7z
2025-11-25 12:36:00,2550.543545,2.550543545,1137.501786,616.205485,796.836273,729633,768000,0.950042969,0,2025-11-25 12:36:00.000000,2025-11-25 12:36:59.999922,2,BAYxx_xxxx_20251125_122613_000.7z;BAYxx_xxxx_20251125_123616_000.7z
2025-11-25 12:37:00,2555.296105,2.555296105,1152.898710,632.021028,770.376367,768000,768000,1.000000000,1,2025-11-25 12:37:00.000000,2025-11-25 12:37:59.999922,1,BAYxx_xxxx_20251125_123616_000.7z
2025-11-25 12:38:00,2547.270712,2.547270712,1147.426471,629.123191,770.721049,768000,768000,1.000000000,1,2025-11-25 12:38:00.000000,2025-11-25 12:38:59.999922,1,BAYxx_xxxx_20251125_123616_000.7z
2025-11-25 12:39:00,3577.867265,3.577867265,1481.699483,977.885802,1118.281980,768000,768000,1.000000000,1,2025-11-25 12:39:00.000000,2025-11-25 12:39:59.999922,1,BAYxx_xxxx_20251125_123616_000.7z
2025-11-25 12:40:00,14305.753855,14.305753855,4798.309792,4676.227878,4831.216185,768000,768000,1.000000000,1,2025-11-25 12:40:00.000000,2025-11-25 12:40:59.999922,1,BAYxx_xxxx_20251125_123616_000.7z
2025-11-25 12:41:00,25071.970221,25.071970221,8199.868725,8324.218832,8547.882664,768000,768000,1.000000000,1,2025-11-25 12:41:00.000000,2025-11-25 12:41:59.999922,1,BAYxx_xxxx_20251125_123616_000.7z
2025-11-25 12:42:00,26186.506165,26.186506165,8602.271405,8664.614473,8919.620287,768000,768000,1.000000000,1,2025-11-25 12:42:00.000000,2025-11-25 12:42:59.999922,1,BAYxx_xxxx_20251125_123616_000.7z
2025-11-25 12:43:00,27181.431319,27.181431319,8893.857102,9023.444290,9264.129928,768000,768000,1.000000000,1,2025-11-25 12:43:00.000000,2025-11-25 12:43:59.999922,1,BAYxx_xxxx_20251125_123616_000.7z
2025-11-25 12:44:00,28238.138298,28.238138298,9281.418094,9345.653296,9611.066907,768000,768000,1.000000000,1,2025-11-25 12:44:00.000000,2025-11-25 12:44:59.999922,1,BAYxx_xxxx_20251125_123616_000.7z
2025-11-25 12:45:00,23122.834870,23.122834870,7643.396730,7647.008535,7832.429605,768000,768000,1.000000000,1,2025-11-25 12:45:00.000000,2025-11-25 12:45:59.999922,1,BAYxx_xxxx_20251125_123616_000.7z
2025-11-25 12:46:00,2118.493297,2.118493297,996.661642,496.240207,625.591448,716815,768000,0.933352865,0,2025-11-25 12:46:00.000000,2025-11-25 12:46:59.999922,2,BAYxx_xxxx_20251125_123616_000.7z;BAYxx_xxxx_20251125_124620_000.7z
2025-11-25 12:47:00,2071.497172,2.071497172,984.814242,480.558461,606.124469,768000,768000,1.000000000,1,2025-11-25 12:47:00.000000,2025-11-25 12:47:59.999922,1,BAYxx_xxxx_20251125_124620_000.7z
2025-11-25 12:48:00,1931.688531,1.931688531,943.292315,429.658629,558.737586,768000,768000,1.000000000,1,2025-11-25 12:48:00.000000,2025-11-25 12:48:59.999922,1,BAYxx_xxxx_20251125_124620_000.7z
2025-11-25 12:49:00,1942.996535,1.942996535,942.194218,434.684246,566.118071,768000,768000,1.000000000,1,2025-11-25 12:49:00.000000,2025-11-25 12:49:59.999922,1,BAYxx_xxxx_20251125_124620_000.7z
2025-11-25 12:50:00,1988.202143,1.988202143,948.893086,456.605931,582.703126,768000,768000,1.000000000,1,2025-11-25 12:50:00.000000,2025-11-25 12:50:59.999922,1,BAYxx_xxxx_20251125_124620_000.7z
2025-11-25 12:51:00,2037.541721,2.037541721,957.607589,462.522706,617.411426,768000,768000,1.000000000,1,2025-11-25 12:51:00.000000,2025-11-25 12:51:59.999922,1,BAYxx_xxxx_20251125_124620_000.7z
2025-11-25 12:52:00,2128.576756,2.128576756,980.543618,463.841415,684.191723,768000,768000,1.000000000,1,2025-11-25 12:52:00.000000,2025-11-25 12:52:59.999922,1,BAYxx_xxxx_20251125_124620_000.7z
2025-11-25 12:53:00,2154.700734,2.154700734,985.774541,478.139142,690.787051,768000,768000,1.000000000,1,2025-11-25 12:53:00.000000,2025-11-25 12:53:59.999922,1,BAYxx_xxxx_20251125_124620_000.7z
2025-11-25 12:54:00,2188.171113,2.188171113,999.942020,483.726724,704.502369,768000,768000,1.000000000,1,2025-11-25 12:54:00.000000,2025-11-25 12:54:59.999922,1,BAYxx_xxxx_20251125_124620_000.7z
2025-11-25 12:55:00,2198.666681,2.198666681,1004.988982,487.431631,706.246068,768000,768000,1.000000000,1,2025-11-25 12:55:00.000000,2025-11-25 12:55:59.999922,1,BAYxx_xxxx_20251125_124620_000.7z
2025-11-25 12:56:00,2231.246108,2.231246108,1013.268951,500.004599,717.972559,742426,768000,0.966700521,0,2025-11-25 12:56:00.000000,2025-11-25 12:56:59.999922,2,BAYxx_xxxx_20251125_124620_000.7z;BAYxx_xxxx_20251125_125622_000.7z
2025-11-25 12:57:00,2286.255069,2.286255069,1027.534324,515.853789,742.866956,768000,768000,1.000000000,1,2025-11-25 12:57:00.000000,2025-11-25 12:57:59.999922,1,BAYxx_xxxx_20251125_125622_000.7z
2025-11-25 12:58:00,2290.066232,2.290066232,1026.816657,522.856043,740.393533,768000,768000,1.000000000,1,2025-11-25 12:58:00.000000,2025-11-25 12:58:59.999922,1,BAYxx_xxxx_20251125_125622_000.7z
2025-11-25 12:59:00,2337.655027,2.337655027,1036.481511,546.517224,754.656292,768000,768000,1.000000000,1,2025-11-25 12:59:00.000000,2025-11-25 12:59:59.999922,1,BAYxx_xxxx_20251125_125622_000.7z
2025-11-25 13:00:00,2369.441661,2.369441661,1040.839229,558.670143,769.932289,768000,768000,1.000000000,1,2025-11-25 13:00:00.000000,2025-11-25 13:00:59.999922,1,BAYxx_xxxx_20251125_125622_000.7z
2025-11-25 13:01:00,2446.554339,2.446554339,1066.415472,590.459244,789.679623,768000,768000,1.000000000,1,2025-11-25 13:01:00.000000,2025-11-25 13:01:59.999922,1,BAYxx_xxxx_20251125_125622_000.7z
2025-11-25 13:02:00,2426.685735,2.426685735,1083.062927,557.406417,786.216391,768000,768000,1.000000000,1,2025-11-25 13:02:00.000000,2025-11-25 13:02:59.999922,1,BAYxx_xxxx_20251125_125622_000.7z
2025-11-25 13:03:00,2421.521721,2.421521721,1067.971871,567.772003,785.777846,768000,768000,1.000000000,1,2025-11-25 13:03:00.000000,2025-11-25 13:03:59.999922,1,BAYxx_xxxx_20251125_125622_000.7z
2025-11-25 13:04:00,2451.631890,2.451631890,1073.409376,575.515760,802.706754,768000,768000,1.000000000,1,2025-11-25 13:04:00.000000,2025-11-25 13:04:59.999922,1,BAYxx_xxxx_20251125_125622_000.7z
2025-11-25 13:05:00,2471.892480,2.471892480,1081.864724,588.861009,801.166747,768000,768000,1.000000000,1,2025-11-25 13:05:00.000000,2025-11-25 13:05:59.999922,1,BAYxx_xxxx_20251125_125622_000.7z
2025-11-25 13:06:00,2502.485610,2.502485610,1085.069611,589.895814,827.520185,704003,768000,0.916670573,0,2025-11-25 13:06:00.000000,2025-11-25 13:06:59.999922,2,BAYxx_xxxx_20251125_125622_000.7z;BAYxx_xxxx_20251125_130627_000.7z
2025-11-25 13:07:00,2512.421643,2.512421643,1090.034495,592.635753,829.751395,768000,768000,1.000000000,1,2025-11-25 13:07:00.000000,2025-11-25 13:07:59.999922,1,BAYxx_xxxx_20251125_130627_000.7z
2025-11-25 13:08:00,4076.609331,4.076609331,1595.637645,1124.274590,1356.697095,768000,768000,1.000000000,1,2025-11-25 13:08:00.000000,2025-11-25 13:08:59.999922,1,BAYxx_xxxx_20251125_130627_000.7z
2025-11-25 13:09:00,20190.396621,20.190396621,6684.510723,6632.693530,6873.192367,768000,768000,1.000000000,1,2025-11-25 13:09:00.000000,2025-11-25 13:09:59.999922,1,BAYxx_xxxx_20251125_130627_000.7z
2025-11-25 13:10:00,25543.911816,25.543911816,8358.246400,8443.376124,8742.289292,768000,768000,1.000000000,1,2025-11-25 13:10:00.000000,2025-11-25 13:10:59.999922,1,BAYxx_xxxx_20251125_130627_000.7z
2025-11-25 13:11:00,26971.030610,26.971030610,8771.131985,8928.297817,9271.600808,768000,768000,1.000000000,1,2025-11-25 13:11:00.000000,2025-11-25 13:11:59.999922,1,BAYxx_xxxx_20251125_130627_000.7z
2025-11-25 13:12:00,27788.769997,27.788769997,9024.396982,9221.255224,9543.117791,768000,768000,1.000000000,1,2025-11-25 13:12:00.000000,2025-11-25 13:12:59.999922,1,BAYxx_xxxx_20251125_130627_000.7z
2025-11-25 13:13:00,28745.219542,28.745219542,9337.858151,9536.785796,9870.575595,768000,768000,1.000000000,1,2025-11-25 13:13:00.000000,2025-11-25 13:13:59.999922,1,BAYxx_xxxx_20251125_130627_000.7z
2025-11-25 13:14:00,15588.443460,15.588443460,5235.455703,5031.346742,5321.641015,768000,768000,1.000000000,1,2025-11-25 13:14:00.000000,2025-11-25 13:14:59.999922,1,BAYxx_xxxx_20251125_130627_000.7z
2025-11-25 13:15:00,2237.296902,2.237296902,1011.830640,490.794442,734.671821,768000,768000,1.000000000,1,2025-11-25 13:15:00.000000,2025-11-25 13:15:59.999922,1,BAYxx_xxxx_20251125_130627_000.7z
2025-11-25 13:16:00,2190.109275,2.190109275,993.105142,474.517756,722.486378,716833,768000,0.933376302,0,2025-11-25 13:16:00.000000,2025-11-25 13:16:59.999922,2,BAYxx_xxxx_20251125_130627_000.7z;BAYxx_xxxx_20251125_131631_000.7z
2025-11-25 13:17:00,2193.512645,2.193512645,987.106345,484.233854,722.172446,768000,768000,1.000000000,1,2025-11-25 13:17:00.000000,2025-11-25 13:17:59.999922,1,BAYxx_xxxx_20251125_131631_000.7z
2025-11-25 13:18:00,2185.240333,2.185240333,980.056605,482.266656,722.917073,768000,768000,1.000000000,1,2025-11-25 13:18:00.000000,2025-11-25 13:18:59.999922,1,BAYxx_xxxx_20251125_131631_000.7z
2025-11-25 13:19:00,2194.170252,2.194170252,990.676686,483.256143,720.237422,768000,768000,1.000000000,1,2025-11-25 13:19:00.000000,2025-11-25 13:19:59.999922,1,BAYxx_xxxx_20251125_131631_000.7z
2025-11-25 13:20:00,2212.637077,2.212637077,993.366883,483.648825,735.621369,768000,768000,1.000000000,1,2025-11-25 13:20:00.000000,2025-11-25 13:20:59.999922,1,BAYxx_xxxx_20251125_131631_000.7z
2025-11-25 13:21:00,2209.148816,2.209148816,1000.824794,479.814687,728.509336,768000,768000,1.000000000,1,2025-11-25 13:21:00.000000,2025-11-25 13:21:59.999922,1,BAYxx_xxxx_20251125_131631_000.7z
2025-11-25 13:22:00,2129.027387,2.129027387,997.805397,494.082457,637.139533,768000,768000,1.000000000,1,2025-11-25 13:22:00.000000,2025-11-25 13:22:59.999922,1,BAYxx_xxxx_20251125_131631_000.7z
2025-11-25 13:23:00,2149.277078,2.149277078,1014.143321,492.280097,642.853660,768000,768000,1.000000000,1,2025-11-25 13:23:00.000000,2025-11-25 13:23:59.999922,1,BAYxx_xxxx_20251125_131631_000.7z
2025-11-25 13:24:00,2163.779103,2.163779103,1026.708742,491.287847,645.782515,768000,768000,1.000000000,1,2025-11-25 13:24:00.000000,2025-11-25 13:24:59.999922,1,BAYxx_xxxx_20251125_131631_000.7z
2025-11-25 13:25:00,2199.684096,2.199684096,1039.530191,497.936148,662.217757,768000,768000,1.000000000,1,2025-11-25 13:25:00.000000,2025-11-25 13:25:59.999922,1,BAYxx_xxxx_20251125_131631_000.7z
2025-11-25 13:26:00,2220.100082,2.220100082,1032.510163,515.079033,672.510887,729640,768000,0.950052083,0,2025-11-25 13:26:00.000000,2025-11-25 13:26:59.999922,2,BAYxx_xxxx_20251125_131631_000.7z;BAYxx_xxxx_20251125_132634_000.7z
2025-11-25 13:27:00,2247.456952,2.247456952,1040.356581,528.449497,678.650875,768000,768000,1.000000000,1,2025-11-25 13:27:00.000000,2025-11-25 13:27:59.999922,1,BAYxx_xxxx_20251125_132634_000.7z
2025-11-25 13:28:00,2286.893969,2.286893969,1057.891364,538.536461,690.466144,768000,768000,1.000000000,1,2025-11-25 13:28:00.000000,2025-11-25 13:28:59.999922,1,BAYxx_xxxx_20251125_132634_000.7z
2025-11-25 13:29:00,2302.536171,2.302536171,1053.095403,551.991734,697.449034,768000,768000,1.000000000,1,2025-11-25 13:29:00.000000,2025-11-25 13:29:59.999922,1,BAYxx_xxxx_20251125_132634_000.7z
2025-11-25 13:30:00,2304.095213,2.304095213,1060.037254,547.982568,696.075392,768000,768000,1.000000000,1,2025-11-25 13:30:00.000000,2025-11-25 13:30:59.999922,1,BAYxx_xxxx_20251125_132634_000.7z
2025-11-25 13:31:00,2341.291920,2.341291920,1068.066589,561.485788,711.739543,768000,768000,1.000000000,1,2025-11-25 13:31:00.000000,2025-11-25 13:31:59.999922,1,BAYxx_xxxx_20251125_132634_000.7z
2025-11-25 13:32:00,2362.644568,2.362644568,1075.686455,564.869643,722.088470,768000,768000,1.000000000,1,2025-11-25 13:32:00.000000,2025-11-25 13:32:59.999922,1,BAYxx_xxxx_20251125_132634_000.7z
2025-11-25 13:33:00,2393.443847,2.393443847,1090.148449,573.400704,729.894695,768000,768000,1.000000000,1,2025-11-25 13:33:00.000000,2025-11-25 13:33:59.999922,1,BAYxx_xxxx_20251125_132634_000.7z
2025-11-25 13:34:00,2409.073115,2.409073115,1087.250187,586.509807,735.313122,768000,768000,1.000000000,1,2025-11-25 13:34:00.000000,2025-11-25 13:34:59.999922,1,BAYxx_xxxx_20251125_132634_000.7z
2025-11-25 13:35:00,3722.352546,3.722352546,1500.982385,1031.043958,1190.326204,768000,768000,1.000000000,1,2025-11-25 13:35:00.000000,2025-11-25 13:35:59.999922,1,BAYxx_xxxx_20251125_132634_000.7z
2025-11-25 13:36:00,15765.849885,15.765849885,5213.412079,5168.515163,5383.922643,729720,768000,0.950156250,0,2025-11-25 13:36:00.000000,2025-11-25 13:36:59.999922,2,BAYxx_xxxx_20251125_132634_000.7z;BAYxx_xxxx_20251125_133637_000.7z
2025-11-25 13:37:00,25465.840457,25.465840457,8312.497461,8403.912279,8749.430718,768000,768000,1.000000000,1,2025-11-25 13:37:00.000000,2025-11-25 13:37:59.999922,1,BAYxx_xxxx_20251125_133637_000.7z
2025-11-25 13:38:00,26785.172180,26.785172180,8667.277449,8872.991272,9244.903459,768000,768000,1.000000000,1,2025-11-25 13:38:00.000000,2025-11-25 13:38:59.999922,1,BAYxx_xxxx_20251125_133637_000.7z
2025-11-25 13:39:00,27855.568531,27.855568531,9071.096984,9187.738204,9596.733342,768000,768000,1.000000000,1,2025-11-25 13:39:00.000000,2025-11-25 13:39:59.999922,1,BAYxx_xxxx_20251125_133637_000.7z
2025-11-25 13:40:00,28937.147812,28.937147812,9429.821396,9481.137447,10026.188970,768000,768000,1.000000000,1,2025-11-25 13:40:00.000000,2025-11-25 13:40:59.999922,1,BAYxx_xxxx_20251125_133637_000.7z
2025-11-25 13:41:00,17106.104262,17.106104262,5688.845929,5514.044822,5903.213512,768000,768000,1.000000000,1,2025-11-25 13:41:00.000000,2025-11-25 13:41:59.999922,1,BAYxx_xxxx_20251125_133637_000.7z
2025-11-25 13:42:00,2531.697326,2.531697326,1103.318971,587.227126,841.151229,768000,768000,1.000000000,1,2025-11-25 13:42:00.000000,2025-11-25 13:42:59.999922,1,BAYxx_xxxx_20251125_133637_000.7z
2025-11-25 13:43:00,2484.118958,2.484118958,1089.417760,563.180965,831.520232,768000,768000,1.000000000,1,2025-11-25 13:43:00.000000,2025-11-25 13:43:59.999922,1,BAYxx_xxxx_20251125_133637_000.7z
2025-11-25 13:44:00,2413.281013,2.413281013,1067.319589,537.027561,808.933863,768000,768000,1.000000000,1,2025-11-25 13:44:00.000000,2025-11-25 13:44:59.999922,1,BAYxx_xxxx_20251125_133637_000.7z
2025-11-25 13:45:00,2370.329502,2.370329502,1045.883824,522.942957,801.502722,768000,768000,1.000000000,1,2025-11-25 13:45:00.000000,2025-11-25 13:45:59.999922,1,BAYxx_xxxx_20251125_133637_000.7z
2025-11-25 13:46:00,2312.341319,2.312341319,1031.040458,507.899947,773.400914,729650,768000,0.950065104,0,2025-11-25 13:46:00.000000,2025-11-25 13:46:59.999922,2,BAYxx_xxxx_20251125_133637_000.7z;BAYxx_xxxx_20251125_134640_000.7z
2025-11-25 13:47:00,2265.538905,2.265538905,1015.461304,492.126145,757.951457,768000,768000,1.000000000,1,2025-11-25 13:47:00.000000,2025-11-25 13:47:59.999922,1,BAYxx_xxxx_20251125_134640_000.7z
2025-11-25 13:48:00,2324.968457,2.324968457,1031.860728,512.298819,780.808910,768000,768000,1.000000000,1,2025-11-25 13:48:00.000000,2025-11-25 13:48:59.999922,1,BAYxx_xxxx_20251125_134640_000.7z
2025-11-25 13:49:00,2433.681845,2.433681845,1065.501829,558.696556,809.483460,768000,768000,1.000000000,1,2025-11-25 13:49:00.000000,2025-11-25 13:49:59.999922,1,BAYxx_xxxx_20251125_134640_000.7z
2025-11-25 13:50:00,2467.367402,2.467367402,1083.417148,573.179730,810.770524,768000,768000,1.000000000,1,2025-11-25 13:50:00.000000,2025-11-25 13:50:59.999922,1,BAYxx_xxxx_20251125_134640_000.7z
2025-11-25 13:51:00,2194.531473,2.194531473,988.876019,491.922565,713.732888,768000,768000,1.000000000,1,2025-11-25 13:51:00.000000,2025-11-25 13:51:59.999922,1,BAYxx_xxxx_20251125_134640_000.7z
2025-11-25 13:52:00,2051.551282,2.051551282,944.670999,427.786348,679.093935,768000,768000,1.000000000,1,2025-11-25 13:52:00.000000,2025-11-25 13:52:59.999922,1,BAYxx_xxxx_20251125_134640_000.7z
2025-11-25 13:53:00,1999.477985,1.999477985,926.780800,409.074247,663.622937,768000,768000,1.000000000,1,2025-11-25 13:53:00.000000,2025-11-25 13:53:59.999922,1,BAYxx_xxxx_20251125_134640_000.7z
2025-11-25 13:54:00,1974.999667,1.974999667,914.492543,407.521930,652.985194,768000,768000,1.000000000,1,2025-11-25 13:54:00.000000,2025-11-25 13:54:59.999922,1,BAYxx_xxxx_20251125_134640_000.7z
2025-11-25 13:55:00,1978.390021,1.978390021,923.060419,408.606140,646.723462,768000,768000,1.000000000,1,2025-11-25 13:55:00.000000,2025-11-25 13:55:59.999922,1,BAYxx_xxxx_20251125_134640_000.7z
2025-11-25 13:56:00,2008.185433,2.008185433,928.480256,422.141052,657.564125,716813,768000,0.933350260,0,2025-11-25 13:56:00.000000,2025-11-25 13:56:59.999922,2,BAYxx_xxxx_20251125_134640_000.7z;BAYxx_xxxx_20251125_135644_000.7z
2025-11-25 13:57:00,2014.163832,2.014163832,928.311628,421.831803,664.020401,768000,768000,1.000000000,1,2025-11-25 13:57:00.000000,2025-11-25 13:57:59.999922,1,BAYxx_xxxx_20251125_135644_000.7z
2025-11-25 13:58:00,2046.683987,2.046683987,941.346900,431.405297,673.931790,768000,768000,1.000000000,1,2025-11-25 13:58:00.000000,2025-11-25 13:58:59.999922,1,BAYxx_xxxx_20251125_135644_000.7z
2025-11-25 13:59:00,2055.783547,2.055783547,943.038907,439.227157,673.517483,768000,768000,1.000000000,1,2025-11-25 13:59:00.000000,2025-11-25 13:59:59.999922,1,BAYxx_xxxx_20251125_135644_000.7z
2025-11-25 14:00:00,2044.859180,2.044859180,958.475973,427.769522,658.613685,768000,768000,1.000000000,1,2025-11-25 14:00:00.000000,2025-11-25 14:00:59.999922,1,BAYxx_xxxx_20251125_135644_000.7z
2025-11-25 14:01:00,2754.169714,2.754169714,1170.415513,670.489346,913.264855,768000,768000,1.000000000,1,2025-11-25 14:01:00.000000,2025-11-25 14:01:59.999922,1,BAYxx_xxxx_20251125_135644_000.7z
2025-11-25 14:02:00,7796.620882,7.796620882,2779.817471,2380.955750,2635.847660,768000,768000,1.000000000,1,2025-11-25 14:02:00.000000,2025-11-25 14:02:59.999922,1,BAYxx_xxxx_20251125_135644_000.7z
2025-11-25 14:03:00,24939.901045,24.939901045,8252.821265,8107.072719,8580.007061,768000,768000,1.000000000,1,2025-11-25 14:03:00.000000,2025-11-25 14:03:59.999922,1,BAYxx_xxxx_20251125_135644_000.7z
2025-11-25 14:04:00,25629.708657,25.629708657,8569.776379,8280.316742,8779.615536,768000,768000,1.000000000,1,2025-11-25 14:04:00.000000,2025-11-25 14:04:59.999922,1,BAYxx_xxxx_20251125_135644_000.7z
2025-11-25 14:05:00,26780.331286,26.780331286,8829.543090,8732.376286,9218.411909,768000,768000,1.000000000,1,2025-11-25 14:05:00.000000,2025-11-25 14:05:59.999922,1,BAYxx_xxxx_20251125_135644_000.7z
2025-11-25 14:06:00,27798.343158,27.798343158,9093.306231,9146.033927,9559.003000,729719,768000,0.950154948,0,2025-11-25 14:06:00.000000,2025-11-25 14:06:59.999922,2,BAYxx_xxxx_20251125_135644_000.7z;BAYxx_xxxx_20251125_140647_000.7z
2025-11-25 14:07:00,28638.063288,28.638063288,9338.182747,9497.793999,9802.086542,768000,768000,1.000000000,1,2025-11-25 14:07:00.000000,2025-11-25 14:07:59.999922,1,BAYxx_xxxx_20251125_140647_000.7z
2025-11-25 14:08:00,4985.822136,4.985822136,1907.101526,1468.373445,1610.347165,768000,768000,1.000000000,1,2025-11-25 14:08:00.000000,2025-11-25 14:08:59.999922,1,BAYxx_xxxx_20251125_140647_000.7z
2025-11-25 14:09:00,1942.533171,1.942533171,940.602559,429.189723,572.740888,768000,768000,1.000000000,1,2025-11-25 14:09:00.000000,2025-11-25 14:09:59.999922,1,BAYxx_xxxx_20251125_140647_000.7z
2025-11-25 14:10:00,1955.564289,1.955564289,952.255642,421.918959,581.389688,768000,768000,1.000000000,1,2025-11-25 14:10:00.000000,2025-11-25 14:10:59.999922,1,BAYxx_xxxx_20251125_140647_000.7z
2025-11-25 14:11:00,1963.669363,1.963669363,955.985691,421.175968,586.507704,768000,768000,1.000000000,1,2025-11-25 14:11:00.000000,2025-11-25 14:11:59.999922,1,BAYxx_xxxx_20251125_140647_000.7z
2025-11-25 14:12:00,1979.091477,1.979091477,954.097347,429.993957,595.000174,768000,768000,1.000000000,1,2025-11-25 14:12:00.000000,2025-11-25 14:12:59.999922,1,BAYxx_xxxx_20251125_140647_000.7z
2025-11-25 14:13:00,1985.196710,1.985196710,953.572298,438.015876,593.608536,768000,768000,1.000000000,1,2025-11-25 14:13:00.000000,2025-11-25 14:13:59.999922,1,BAYxx_xxxx_20251125_140647_000.7z
2025-11-25 14:14:00,1992.956320,1.992956320,967.096375,440.786768,585.073176,768000,768000,1.000000000,1,2025-11-25 14:14:00.000000,2025-11-25 14:14:59.999922,1,BAYxx_xxxx_20251125_140647_000.7z
2025-11-25 14:15:00,2005.811442,2.005811442,978.430574,440.560399,586.820469,768000,768000,1.000000000,1,2025-11-25 14:15:00.000000,2025-11-25 14:15:59.999922,1,BAYxx_xxxx_20251125_140647_000.7z
2025-11-25 14:16:00,2061.157478,2.061157478,992.285832,456.565552,612.306094,729640,768000,0.950052083,0,2025-11-25 14:16:00.000000,2025-11-25 14:16:59.999922,2,BAYxx_xxxx_20251125_140647_000.7z;BAYxx_xxxx_20251125_141650_000.7z
2025-11-25 14:17:00,2139.300607,2.139300607,1017.945024,487.496770,633.858813,768000,768000,1.000000000,1,2025-11-25 14:17:00.000000,2025-11-25 14:17:59.999922,1,BAYxx_xxxx_20251125_141650_000.7z
2025-11-25 14:18:00,2167.824095,2.167824095,1023.757706,506.844428,637.221960,768000,768000,1.000000000,1,2025-11-25 14:18:00.000000,2025-11-25 14:18:59.999922,1,BAYxx_xxxx_20251125_141650_000.7z
2025-11-25 14:19:00,2198.286199,2.198286199,1034.600894,521.329848,642.355457,768000,768000,1.000000000,1,2025-11-25 14:19:00.000000,2025-11-25 14:19:59.999922,1,BAYxx_xxxx_20251125_141650_000.7z
2025-11-25 14:20:00,2213.430161,2.213430161,1026.501373,523.534341,663.394447,768000,768000,1.000000000,1,2025-11-25 14:20:00.000000,2025-11-25 14:20:59.999922,1,BAYxx_xxxx_20251125_141650_000.7z
2025-11-25 14:21:00,2221.942545,2.221942545,1028.663179,531.118015,662.161351,768000,768000,1.000000000,1,2025-11-25 14:21:00.000000,2025-11-25 14:21:59.999922,1,BAYxx_xxxx_20251125_141650_000.7z
2025-11-25 14:22:00,2274.325745,2.274325745,1030.733601,534.953083,708.639061,768000,768000,1.000000000,1,2025-11-25 14:22:00.000000,2025-11-25 14:22:59.999922,1,BAYxx_xxxx_20251125_141650_000.7z
2025-11-25 14:23:00,2336.964162,2.336964162,1035.761166,531.930262,769.272734,768000,768000,1.000000000,1,2025-11-25 14:23:00.000000,2025-11-25 14:23:59.999922,1,BAYxx_xxxx_20251125_141650_000.7z
2025-11-25 14:24:00,2349.983457,2.349983457,1048.476543,526.740876,774.766038,768000,768000,1.000000000,1,2025-11-25 14:24:00.000000,2025-11-25 14:24:59.999922,1,BAYxx_xxxx_20251125_141650_000.7z
2025-11-25 14:25:00,2351.575973,2.351575973,1054.646420,529.228602,767.700951,768000,768000,1.000000000,1,2025-11-25 14:25:00.000000,2025-11-25 14:25:59.999922,1,BAYxx_xxxx_20251125_141650_000.7z
2025-11-25 14:26:00,2359.783424,2.359783424,1048.133364,531.208320,780.441740,742481,768000,0.966772135,0,2025-11-25 14:26:00.000000,2025-11-25 14:26:59.999922,2,BAYxx_xxxx_20251125_141650_000.7z;BAYxx_xxxx_20251125_142652_000.7z
2025-11-25 14:27:00,2372.073218,2.372073218,1061.054612,539.152732,771.865874,768000,768000,1.000000000,1,2025-11-25 14:27:00.000000,2025-11-25 14:27:59.999922,1,BAYxx_xxxx_20251125_142652_000.7z
2025-11-25 14:28:00,2359.869876,2.359869876,1050.779293,533.659732,775.430851,768000,768000,1.000000000,1,2025-11-25 14:28:00.000000,2025-11-25 14:28:59.999922,1,BAYxx_xxxx_20251125_142652_000.7z
2025-11-25 14:29:00,3136.930488,3.136930488,1300.471169,800.759769,1035.699550,768000,768000,1.000000000,1,2025-11-25 14:29:00.000000,2025-11-25 14:29:59.999922,1,BAYxx_xxxx_20251125_142652_000.7z
2025-11-25 14:30:00,9566.249460,9.566249460,3305.253872,3004.022960,3256.972628,768000,768000,1.000000000,1,2025-11-25 14:30:00.000000,2025-11-25 14:30:59.999922,1,BAYxx_xxxx_20251125_142652_000.7z
2025-11-25 14:31:00,25317.209504,25.317209504,8263.444354,8338.320829,8715.444321,768000,768000,1.000000000,1,2025-11-25 14:31:00.000000,2025-11-25 14:31:59.999922,1,BAYxx_xxxx_20251125_142652_000.7z
2025-11-25 14:32:00,26175.108942,26.175108942,8591.804063,8549.712945,9033.591933,768000,768000,1.000000000,1,2025-11-25 14:32:00.000000,2025-11-25 14:32:59.999922,1,BAYxx_xxxx_20251125_142652_000.7z
2025-11-25 14:33:00,27321.210956,27.321210956,8936.031173,8976.901153,9408.278629,768000,768000,1.000000000,1,2025-11-25 14:33:00.000000,2025-11-25 14:33:59.999922,1,BAYxx_xxxx_20251125_142652_000.7z
2025-11-25 14:34:00,28421.088379,28.421088379,9290.753438,9330.791306,9799.543635,768000,768000,1.000000000,1,2025-11-25 14:34:00.000000,2025-11-25 14:34:59.999922,1,BAYxx_xxxx_20251125_142652_000.7z
2025-11-25 14:35:00,22115.031640,22.115031640,7311.760330,7183.055641,7620.215669,768000,768000,1.000000000,1,2025-11-25 14:35:00.000000,2025-11-25 14:35:59.999922,1,BAYxx_xxxx_20251125_142652_000.7z
2025-11-25 14:36:00,2259.709455,2.259709455,1014.383932,499.605395,745.720127,729713,768000,0.950147135,0,2025-11-25 14:36:00.000000,2025-11-25 14:36:59.999922,2,BAYxx_xxxx_20251125_142652_000.7z;BAYxx_xxxx_20251125_143655_000.7z
2025-11-25 14:37:00,2253.153058,2.253153058,1013.551105,496.915636,742.686317,768000,768000,1.000000000,1,2025-11-25 14:37:00.000000,2025-11-25 14:37:59.999922,1,BAYxx_xxxx_20251125_143655_000.7z
2025-11-25 14:38:00,2279.455375,2.279455375,1019.337381,514.065931,746.052063,768000,768000,1.000000000,1,2025-11-25 14:38:00.000000,2025-11-25 14:38:59.999922,1,BAYxx_xxxx_20251125_143655_000.7z
2025-11-25 14:39:00,2369.204094,2.369204094,1038.064348,544.538210,786.601536,768000,768000,1.000000000,1,2025-11-25 14:39:00.000000,2025-11-25 14:39:59.999922,1,BAYxx_xxxx_20251125_143655_000.7z
2025-11-25 14:40:00,2497.485944,2.497485944,1087.359183,581.968317,828.158445,768000,768000,1.000000000,1,2025-11-25 14:40:00.000000,2025-11-25 14:40:59.999922,1,BAYxx_xxxx_20251125_143655_000.7z
2025-11-25 14:41:00,2610.075086,2.610075086,1125.709366,625.333538,859.032182,768000,768000,1.000000000,1,2025-11-25 14:41:00.000000,2025-11-25 14:41:59.999922,1,BAYxx_xxxx_20251125_143655_000.7z
2025-11-25 14:42:00,2742.400262,2.742400262,1160.710067,675.107714,906.582480,768000,768000,1.000000000,1,2025-11-25 14:42:00.000000,2025-11-25 14:42:59.999922,1,BAYxx_xxxx_20251125_143655_000.7z
2025-11-25 14:43:00,2830.161052,2.830161052,1197.970385,695.470437,936.720230,768000,768000,1.000000000,1,2025-11-25 14:43:00.000000,2025-11-25 14:43:59.999922,1,BAYxx_xxxx_20251125_143655_000.7z
2025-11-25 14:44:00,2853.230480,2.853230480,1210.186622,693.711473,949.332385,768000,768000,1.000000000,1,2025-11-25 14:44:00.000000,2025-11-25 14:44:59.999922,1,BAYxx_xxxx_20251125_143655_000.7z
2025-11-25 14:45:00,2864.506338,2.864506338,1216.516501,704.752387,943.237450,768000,768000,1.000000000,1,2025-11-25 14:45:00.000000,2025-11-25 14:45:59.999922,1,BAYxx_xxxx_20251125_143655_000.7z
2025-11-25 14:46:00,2879.457107,2.879457107,1219.223121,709.623926,950.610060,729724,768000,0.950161458,0,2025-11-25 14:46:00.000000,2025-11-25 14:46:59.999922,2,BAYxx_xxxx_20251125_143655_000.7z;BAYxx_xxxx_20251125_144658_000.7z
2025-11-25 14:47:00,2867.134659,2.867134659,1226.721145,707.872883,932.540631,768000,768000,1.000000000,1,2025-11-25 14:47:00.000000,2025-11-25 14:47:59.999922,1,BAYxx_xxxx_20251125_144658_000.7z
2025-11-25 14:48:00,2859.769736,2.859769736,1218.296176,706.898065,934.575495,768000,768000,1.000000000,1,2025-11-25 14:48:00.000000,2025-11-25 14:48:59.999922,1,BAYxx_xxxx_20251125_144658_000.7z
2025-11-25 14:49:00,2861.420237,2.861420237,1216.810726,699.952065,944.657446,768000,768000,1.000000000,1,2025-11-25 14:49:00.000000,2025-11-25 14:49:59.999922,1,BAYxx_xxxx_20251125_144658_000.7z
2025-11-25 14:50:00,2869.639446,2.869639446,1220.062481,696.961849,952.615116,768000,768000,1.000000000,1,2025-11-25 14:50:00.000000,2025-11-25 14:50:59.999922,1,BAYxx_xxxx_20251125_144658_000.7z
2025-11-25 14:51:00,2872.981684,2.872981684,1220.110985,711.152562,941.718137,768000,768000,1.000000000,1,2025-11-25 14:51:00.000000,2025-11-25 14:51:59.999922,1,BAYxx_xxxx_20251125_144658_000.7z
2025-11-25 14:52:00,2854.531925,2.854531925,1222.037735,711.903961,920.590228,768000,768000,1.000000000,1,2025-11-25 14:52:00.000000,2025-11-25 14:52:59.999922,1,BAYxx_xxxx_20251125_144658_000.7z
2025-11-25 14:53:00,2783.321641,2.783321641,1218.869406,709.114711,855.337524,768000,768000,1.000000000,1,2025-11-25 14:53:00.000000,2025-11-25 14:53:59.999922,1,BAYxx_xxxx_20251125_144658_000.7z
2025-11-25 14:54:00,2782.902464,2.782902464,1204.746511,715.769675,862.386278,768000,768000,1.000000000,1,2025-11-25 14:54:00.000000,2025-11-25 14:54:59.999922,1,BAYxx_xxxx_20251125_144658_000.7z
2025-11-25 14:55:00,3140.743282,3.140743282,1320.537304,842.155292,978.050686,768000,768000,1.000000000,1,2025-11-25 14:55:00.000000,2025-11-25 14:55:59.999922,1,BAYxx_xxxx_20251125_144658_000.7z
2025-11-25 14:56:00,4371.761647,4.371761647,1743.012060,1246.269228,1382.480360,742405,768000,0.966673177,0,2025-11-25 14:56:00.000000,2025-11-25 14:56:58.000312,1,BAYxx_xxxx_20251125_144658_000.7z
2025-11-25 14:57:00,24163.940992,24.163940992,8038.438410,7927.698321,8197.804261,742400,768000,0.966666667,0,2025-11-25 14:57:02.000000,2025-11-25 14:57:59.999922,1,BAYxx_xxxx_20251125_145702_000.7z
2025-11-25 14:58:00,25938.810261,25.938810261,8540.073539,8556.406722,8842.330000,768000,768000,1.000000000,1,2025-11-25 14:58:00.000000,2025-11-25 14:58:59.999922,1,BAYxx_xxxx_20251125_145702_000.7z
2025-11-25 14:59:00,27328.372301,27.328372301,8960.882873,9011.262942,9356.226486,768000,768000,1.000000000,1,2025-11-25 14:59:00.000000,2025-11-25 14:59:59.999922,1,BAYxx_xxxx_20251125_145702_000.7z
2025-11-25 15:00:00,28383.905068,28.383905068,9327.880781,9334.348099,9721.676189,768000,768000,1.000000000,1,2025-11-25 15:00:00.000000,2025-11-25 15:00:59.999922,1,BAYxx_xxxx_20251125_145702_000.7z
2025-11-25 15:01:00,29348.621391,29.348621391,9697.762995,9636.500520,10014.357876,768000,768000,1.000000000,1,2025-11-25 15:01:00.000000,2025-11-25 15:01:59.999922,1,BAYxx_xxxx_20251125_145702_000.7z
2025-11-25 15:02:00,11139.585682,11.139585682,3881.804132,3520.665397,3737.116153,768000,768000,1.000000000,1,2025-11-25 15:02:00.000000,2025-11-25 15:02:59.999922,1,BAYxx_xxxx_20251125_145702_000.7z
2025-11-25 15:03:00,2830.060960,2.830060960,1241.448353,720.787564,867.825043,768000,768000,1.000000000,1,2025-11-25 15:03:00.000000,2025-11-25 15:03:59.999922,1,BAYxx_xxxx_20251125_145702_000.7z
2025-11-25 15:04:00,2844.598772,2.844598772,1243.209773,723.998355,877.390644,768000,768000,1.000000000,1,2025-11-25 15:04:00.000000,2025-11-25 15:04:59.999922,1,BAYxx_xxxx_20251125_145702_000.7z
2025-11-25 15:05:00,2850.556377,2.850556377,1237.882738,723.560043,889.113596,768000,768000,1.000000000,1,2025-11-25 15:05:00.000000,2025-11-25 15:05:59.999922,1,BAYxx_xxxx_20251125_145702_000.7z
2025-11-25 15:06:00,2848.070595,2.848070595,1242.572877,721.122113,884.375604,768000,768000,1.000000000,1,2025-11-25 15:06:00.000000,2025-11-25 15:06:59.999922,1,BAYxx_xxxx_20251125_145702_000.7z
2025-11-25 15:07:00,2853.413383,2.853413383,1239.737868,729.084944,884.590571,729627,768000,0.950035156,0,2025-11-25 15:07:00.000000,2025-11-25 15:07:59.999922,2,BAYxx_xxxx_20251125_145702_000.7z;BAYxx_xxxx_20251125_150705_000.7z
2025-11-25 15:08:00,2943.319818,2.943319818,1225.441423,740.496777,977.381617,768000,768000,1.000000000,1,2025-11-25 15:08:00.000000,2025-11-25 15:08:59.999922,1,BAYxx_xxxx_20251125_150705_000.7z
2025-11-25 15:09:00,2941.700210,2.941700210,1221.014817,743.155015,977.530379,768000,768000,1.000000000,1,2025-11-25 15:09:00.000000,2025-11-25 15:09:59.999922,1,BAYxx_xxxx_20251125_150705_000.7z
2025-11-25 15:10:00,2957.908852,2.957908852,1234.385921,743.102371,980.420559,768000,768000,1.000000000,1,2025-11-25 15:10:00.000000,2025-11-25 15:10:59.999922,1,BAYxx_xxxx_20251125_150705_000.7z
2025-11-25 15:11:00,2951.835412,2.951835412,1239.372342,744.431226,968.031845,768000,768000,1.000000000,1,2025-11-25 15:11:00.000000,2025-11-25 15:11:59.999922,1,BAYxx_xxxx_20251125_150705_000.7z
2025-11-25 15:12:00,2953.833463,2.953833463,1239.825946,746.123963,967.883554,768000,768000,1.000000000,1,2025-11-25 15:12:00.000000,2025-11-25 15:12:59.999922,1,BAYxx_xxxx_20251125_150705_000.7z
2025-11-25 15:13:00,2961.792788,2.961792788,1245.307566,734.036310,982.448912,768000,768000,1.000000000,1,2025-11-25 15:13:00.000000,2025-11-25 15:13:59.999922,1,BAYxx_xxxx_20251125_150705_000.7z
2025-11-25 15:14:00,2965.843359,2.965843359,1250.763971,734.480618,980.598770,768000,768000,1.000000000,1,2025-11-25 15:14:00.000000,2025-11-25 15:14:59.999922,1,BAYxx_xxxx_20251125_150705_000.7z
2025-11-25 15:15:00,2971.449471,2.971449471,1265.263817,733.551867,972.633787,768000,768000,1.000000000,1,2025-11-25 15:15:00.000000,2025-11-25 15:15:59.999922,1,BAYxx_xxxx_20251125_150705_000.7z
2025-11-25 15:16:00,2976.397535,2.976397535,1254.352756,743.875925,978.168854,768000,768000,1.000000000,1,2025-11-25 15:16:00.000000,2025-11-25 15:16:59.999922,1,BAYxx_xxxx_20251125_150705_000.7z
2025-11-25 15:17:00,2975.807434,2.975807434,1246.106096,749.704769,979.996569,716876,768000,0.933432292,0,2025-11-25 15:17:00.000000,2025-11-25 15:17:59.999922,2,BAYxx_xxxx_20251125_150705_000.7z;BAYxx_xxxx_20251125_151709_000.7z
2025-11-25 15:18:00,2990.041030,2.990041030,1252.155665,750.482466,987.402898,768000,768000,1.000000000,1,2025-11-25 15:18:00.000000,2025-11-25 15:18:59.999922,1,BAYxx_xxxx_20251125_151709_000.7z
2025-11-25 15:19:00,2992.325884,2.992325884,1256.882276,753.966675,981.476933,768000,768000,1.000000000,1,2025-11-25 15:19:00.000000,2025-11-25 15:19:59.999922,1,BAYxx_xxxx_20251125_151709_000.7z
2025-11-25 15:20:00,2984.554269,2.984554269,1256.749416,744.427036,983.377817,768000,768000,1.000000000,1,2025-11-25 15:20:00.000000,2025-11-25 15:20:59.999922,1,BAYxx_xxxx_20251125_151709_000.7z
2025-11-25 15:21:00,2991.450169,2.991450169,1261.155283,746.378145,983.916741,768000,768000,1.000000000,1,2025-11-25 15:21:00.000000,2025-11-25 15:21:59.999922,1,BAYxx_xxxx_20251125_151709_000.7z
2025-11-25 15:22:00,3012.020586,3.012020586,1266.719150,753.265419,992.036017,768000,768000,1.000000000,1,2025-11-25 15:22:00.000000,2025-11-25 15:22:59.999922,1,BAYxx_xxxx_20251125_151709_000.7z
2025-11-25 15:23:00,2998.341098,2.998341098,1267.860889,748.369797,982.110411,768000,768000,1.000000000,1,2025-11-25 15:23:00.000000,2025-11-25 15:23:59.999922,1,BAYxx_xxxx_20251125_151709_000.7z
2025-11-25 15:24:00,3497.117043,3.497117043,1419.387961,921.911399,1155.817683,768000,768000,1.000000000,1,2025-11-25 15:24:00.000000,2025-11-25 15:24:59.999922,1,BAYxx_xxxx_20251125_151709_000.7z
2025-11-25 15:25:00,6095.956024,6.095956024,2235.745308,1806.228616,2053.982099,768000,768000,1.000000000,1,2025-11-25 15:25:00.000000,2025-11-25 15:25:59.999922,1,BAYxx_xxxx_20251125_151709_000.7z
2025-11-25 15:26:00,25959.694153,25.959694153,8448.928309,8549.724387,8961.041457,768000,768000,1.000000000,1,2025-11-25 15:26:00.000000,2025-11-25 15:26:59.999922,1,BAYxx_xxxx_20251125_151709_000.7z
2025-11-25 15:27:00,26494.119093,26.494119093,8721.790423,8675.760862,9096.567808,716867,768000,0.933420573,0,2025-11-25 15:27:00.000000,2025-11-25 15:27:59.999922,2,BAYxx_xxxx_20251125_151709_000.7z;BAYxx_xxxx_20251125_152713_000.7z
2025-11-25 15:28:00,27789.105651,27.789105651,9117.602449,9112.048465,9559.454736,768000,768000,1.000000000,1,2025-11-25 15:28:00.000000,2025-11-25 15:28:59.999922,1,BAYxx_xxxx_20251125_152713_000.7z
2025-11-25 15:29:00,28849.005725,28.849005725,9343.300485,9569.812989,9935.892251,768000,768000,1.000000000,1,2025-11-25 15:29:00.000000,2025-11-25 15:29:59.999922,1,BAYxx_xxxx_20251125_152713_000.7z
2025-11-25 15:30:00,28304.311845,28.304311845,9214.306701,9370.576186,9719.428958,768000,768000,1.000000000,1,2025-11-25 15:30:00.000000,2025-11-25 15:30:59.999922,1,BAYxx_xxxx_20251125_152713_000.7z
2025-11-25 15:31:00,3164.144790,3.164144790,1311.841949,812.472030,1039.830811,768000,768000,1.000000000,1,2025-11-25 15:31:00.000000,2025-11-25 15:31:59.999922,1,BAYxx_xxxx_20251125_152713_000.7z
2025-11-25 15:32:00,2992.732131,2.992732131,1259.366088,755.339985,978.026057,768000,768000,1.000000000,1,2025-11-25 15:32:00.000000,2025-11-25 15:32:59.999922,1,BAYxx_xxxx_20251125_152713_000.7z
2025-11-25 15:33:00,2993.847840,2.993847840,1257.891447,746.347520,989.608873,768000,768000,1.000000000,1,2025-11-25 15:33:00.000000,2025-11-25 15:33:59.999922,1,BAYxx_xxxx_20251125_152713_000.7z
2025-11-25 15:34:00,3001.530489,3.001530489,1260.247995,745.998638,995.283857,768000,768000,1.000000000,1,2025-11-25 15:34:00.000000,2025-11-25 15:34:59.999922,1,BAYxx_xxxx_20251125_152713_000.7z
2025-11-25 15:35:00,3012.855262,3.012855262,1267.841002,748.536006,996.478255,768000,768000,1.000000000,1,2025-11-25 15:35:00.000000,2025-11-25 15:35:59.999922,1,BAYxx_xxxx_20251125_152713_000.7z
2025-11-25 15:36:00,3007.946535,3.007946535,1265.722455,740.777196,1001.446884,768000,768000,1.000000000,1,2025-11-25 15:36:00.000000,2025-11-25 15:36:59.999922,1,BAYxx_xxxx_20251125_152713_000.7z
2025-11-25 15:37:00,3015.372903,3.015372903,1258.465969,752.079059,1004.827875,716929,768000,0.933501302,0,2025-11-25 15:37:00.000000,2025-11-25 15:37:59.999922,2,BAYxx_xxxx_20251125_152713_000.7z;BAYxx_xxxx_20251125_153717_000.7z
2025-11-25 15:38:00,2944.436558,2.944436558,1256.108189,754.303230,934.025140,768000,768000,1.000000000,1,2025-11-25 15:38:00.000000,2025-11-25 15:38:59.999922,1,BAYxx_xxxx_20251125_153717_000.7z
2025-11-25 15:39:00,2924.035205,2.924035205,1265.724510,749.230528,909.080167,768000,768000,1.000000000,1,2025-11-25 15:39:00.000000,2025-11-25 15:39:59.999922,1,BAYxx_xxxx_20251125_153717_000.7z
2025-11-25 15:40:00,2928.034984,2.928034984,1261.582989,751.779087,914.672909,768000,768000,1.000000000,1,2025-11-25 15:40:00.000000,2025-11-25 15:40:59.999922,1,BAYxx_xxxx_20251125_153717_000.7z
2025-11-25 15:41:00,2923.248429,2.923248429,1260.465272,752.864000,909.919156,768000,768000,1.000000000,1,2025-11-25 15:41:00.000000,2025-11-25 15:41:59.999922,1,BAYxx_xxxx_20251125_153717_000.7z
2025-11-25 15:42:00,2932.865848,2.932865848,1271.222039,756.400001,905.243809,768000,768000,1.000000000,1,2025-11-25 15:42:00.000000,2025-11-25 15:42:59.999922,1,BAYxx_xxxx_20251125_153717_000.7z
2025-11-25 15:43:00,2937.649047,2.937649047,1268.121221,759.719967,909.807859,768000,768000,1.000000000,1,2025-11-25 15:43:00.000000,2025-11-25 15:43:59.999922,1,BAYxx_xxxx_20251125_153717_000.7z
2025-11-25 15:44:00,2937.026167,2.937026167,1268.303687,764.589484,904.132996,768000,768000,1.000000000,1,2025-11-25 15:44:00.000000,2025-11-25 15:44:59.999922,1,BAYxx_xxxx_20251125_153717_000.7z
2025-11-25 15:45:00,2940.371705,2.940371705,1263.053647,759.937406,917.380652,768000,768000,1.000000000,1,2025-11-25 15:45:00.000000,2025-11-25 15:45:59.999922,1,BAYxx_xxxx_20251125_153717_000.7z
2025-11-25 15:46:00,2951.880632,2.951880632,1276.163998,752.613997,923.102638,768000,768000,1.000000000,1,2025-11-25 15:46:00.000000,2025-11-25 15:46:59.999922,1,BAYxx_xxxx_20251125_153717_000.7z
2025-11-25 15:47:00,2952.957682,2.952957682,1280.263169,741.770180,930.924334,742490,768000,0.966783854,0,2025-11-25 15:47:00.000000,2025-11-25 15:47:59.999922,2,BAYxx_xxxx_20251125_153717_000.7z;BAYxx_xxxx_20251125_154719_000.7z
2025-11-25 15:48:00,2961.513941,2.961513941,1276.093337,760.497948,924.922655,768000,768000,1.000000000,1,2025-11-25 15:48:00.000000,2025-11-25 15:48:59.999922,1,BAYxx_xxxx_20251125_154719_000.7z
2025-11-25 15:49:00,2962.894893,2.962894893,1270.811730,765.292362,926.790801,768000,768000,1.000000000,1,2025-11-25 15:49:00.000000,2025-11-25 15:49:59.999922,1,BAYxx_xxxx_20251125_154719_000.7z
2025-11-25 15:50:00,2967.826189,2.967826189,1273.851244,772.482037,921.492909,768000,768000,1.000000000,1,2025-11-25 15:50:00.000000,2025-11-25 15:50:59.999922,1,BAYxx_xxxx_20251125_154719_000.7z
2025-11-25 15:51:00,2968.536362,2.968536362,1267.046911,766.083777,935.405675,768000,768000,1.000000000,1,2025-11-25 15:51:00.000000,2025-11-25 15:51:59.999922,1,BAYxx_xxxx_20251125_154719_000.7z
2025-11-25 15:52:00,2975.626388,2.975626388,1287.877373,755.783841,931.965173,768000,768000,1.000000000,1,2025-11-25 15:52:00.000000,2025-11-25 15:52:59.999922,1,BAYxx_xxxx_20251125_154719_000.7z
2025-11-25 15:53:00,3046.036672,3.046036672,1286.184325,763.612056,996.240292,768000,768000,1.000000000,1,2025-11-25 15:53:00.000000,2025-11-25 15:53:59.999922,1,BAYxx_xxxx_20251125_154719_000.7z
2025-11-25 15:54:00,3342.883989,3.342883989,1373.711389,860.899109,1108.273490,768000,768000,1.000000000,1,2025-11-25 15:54:00.000000,2025-11-25 15:54:59.999922,1,BAYxx_xxxx_20251125_154719_000.7z
2025-11-25 15:55:00,4658.440016,4.658440016,1809.374525,1308.366224,1540.699268,768000,768000,1.000000000,1,2025-11-25 15:55:00.000000,2025-11-25 15:55:59.999922,1,BAYxx_xxxx_20251125_154719_000.7z
2025-11-25 15:56:00,24476.615507,24.476615507,7913.243994,8139.993144,8423.378370,768000,768000,1.000000000,1,2025-11-25 15:56:00.000000,2025-11-25 15:56:59.999922,1,BAYxx_xxxx_20251125_154719_000.7z
2025-11-25 15:57:00,26566.012929,26.566012929,8627.581142,8773.378427,9165.053360,729614,768000,0.950018229,0,2025-11-25 15:57:00.000000,2025-11-25 15:57:59.999922,2,BAYxx_xxxx_20251125_154719_000.7z;BAYxx_xxxx_20251125_155722_000.7z
2025-11-25 15:58:00,27988.533450,27.988533450,9087.655130,9219.333674,9681.544647,768000,768000,1.000000000,1,2025-11-25 15:58:00.000000,2025-11-25 15:58:59.999922,1,BAYxx_xxxx_20251125_155722_000.7z
2025-11-25 15:59:00,28889.597950,28.889597950,9452.578826,9494.720526,9942.298599,768000,768000,1.000000000,1,2025-11-25 15:59:00.000000,2025-11-25 15:59:59.999922,1,BAYxx_xxxx_20251125_155722_000.7z
2025-11-25 16:00:00,29849.004538,29.849004538,9733.117033,9867.074877,10248.812628,768000,768000,1.000000000,1,2025-11-25 16:00:00.000000,2025-11-25 16:00:59.999922,1,BAYxx_xxxx_20251125_155722_000.7z
2025-11-25 16:01:00,6052.742173,6.052742173,2211.997762,1786.765691,2053.978720,768000,768000,1.000000000,1,2025-11-25 16:01:00.000000,2025-11-25 16:01:59.999922,1,BAYxx_xxxx_20251125_155722_000.7z
2025-11-25 16:02:00,3090.028293,3.090028293,1279.940060,776.731087,1033.357147,768000,768000,1.000000000,1,2025-11-25 16:02:00.000000,2025-11-25 16:02:59.999922,1,BAYxx_xxxx_20251125_155722_000.7z
2025-11-25 16:03:00,3092.814706,3.092814706,1281.090317,773.149414,1038.574975,768000,768000,1.000000000,1,2025-11-25 16:03:00.000000,2025-11-25 16:03:59.999922,1,BAYxx_xxxx_20251125_155722_000.7z
2025-11-25 16:04:00,3132.335789,3.132335789,1305.279998,781.831438,1045.224353,768000,768000,1.000000000,1,2025-11-25 16:04:00.000000,2025-11-25 16:04:59.999922,1,BAYxx_xxxx_20251125_155722_000.7z
2025-11-25 16:05:00,3133.397321,3.133397321,1308.183182,781.634017,1043.580122,768000,768000,1.000000000,1,2025-11-25 16:05:00.000000,2025-11-25 16:05:59.999922,1,BAYxx_xxxx_20251125_155722_000.7z
2025-11-25 16:06:00,3143.835296,3.143835296,1305.296772,779.762162,1058.776362,768000,768000,1.000000000,1,2025-11-25 16:06:00.000000,2025-11-25 16:06:59.999922,1,BAYxx_xxxx_20251125_155722_000.7z
2025-11-25 16:07:00,3144.070951,3.144070951,1294.899499,792.584038,1056.587414,729728,768000,0.950166667,0,2025-11-25 16:07:00.000000,2025-11-25 16:07:59.999922,2,BAYxx_xxxx_20251125_155722_000.7z;BAYxx_xxxx_20251125_160725_000.7z
2025-11-25 16:08:00,3148.719853,3.148719853,1305.605095,789.949221,1053.165536,768000,768000,1.000000000,1,2025-11-25 16:08:00.000000,2025-11-25 16:08:59.999922,1,BAYxx_xxxx_20251125_160725_000.7z
2025-11-25 16:09:00,3175.222358,3.175222358,1334.014216,797.957841,1043.250301,768000,768000,1.000000000,1,2025-11-25 16:09:00.000000,2025-11-25 16:09:59.999922,1,BAYxx_xxxx_20251125_160725_000.7z
2025-11-25 16:10:00,3172.829917,3.172829917,1328.251773,781.009004,1063.569140,768000,768000,1.000000000,1,2025-11-25 16:10:00.000000,2025-11-25 16:10:59.999922,1,BAYxx_xxxx_20251125_160725_000.7z
2025-11-25 16:11:00,3170.969783,3.170969783,1319.901718,790.894934,1060.173131,768000,768000,1.000000000,1,2025-11-25 16:11:00.000000,2025-11-25 16:11:59.999922,1,BAYxx_xxxx_20251125_160725_000.7z
2025-11-25 16:12:00,3180.286096,3.180286096,1329.902202,791.808609,1058.575285,768000,768000,1.000000000,1,2025-11-25 16:12:00.000000,2025-11-25 16:12:59.999922,1,BAYxx_xxxx_20251125_160725_000.7z
2025-11-25 16:13:00,3197.230905,3.197230905,1333.740003,810.378526,1053.112377,768000,768000,1.000000000,1,2025-11-25 16:13:00.000000,2025-11-25 16:13:59.999922,1,BAYxx_xxxx_20251125_160725_000.7z
2025-11-25 16:14:00,3188.035044,3.188035044,1326.018138,791.493754,1070.523153,768000,768000,1.000000000,1,2025-11-25 16:14:00.000000,2025-11-25 16:14:59.999922,1,BAYxx_xxxx_20251125_160725_000.7z
2025-11-25 16:15:00,3195.028751,3.195028751,1315.252753,811.525654,1068.250343,768000,768000,1.000000000,1,2025-11-25 16:15:00.000000,2025-11-25 16:15:59.999922,1,BAYxx_xxxx_20251125_160725_000.7z
2025-11-25 16:16:00,3219.459333,3.219459333,1335.197772,805.950795,1078.310766,768000,768000,1.000000000,1,2025-11-25 16:16:00.000000,2025-11-25 16:16:59.999922,1,BAYxx_xxxx_20251125_160725_000.7z
2025-11-25 16:17:00,3218.164122,3.218164122,1332.394022,813.736936,1072.033164,742526,768000,0.966830729,0,2025-11-25 16:17:00.000000,2025-11-25 16:17:59.999922,2,BAYxx_xxxx_20251125_160725_000.7z;BAYxx_xxxx_20251125_161727_000.7z
2025-11-25 16:18:00,3224.576028,3.224576028,1337.399053,813.220241,1073.956734,768000,768000,1.000000000,1,2025-11-25 16:18:00.000000,2025-11-25 16:18:59.999922,1,BAYxx_xxxx_20251125_161727_000.7z
2025-11-25 16:19:00,3243.795030,3.243795030,1346.276201,813.752383,1083.766446,768000,768000,1.000000000,1,2025-11-25 16:19:00.000000,2025-11-25 16:19:59.999922,1,BAYxx_xxxx_20251125_161727_000.7z
2025-11-25 16:20:00,3226.683560,3.226683560,1324.795881,819.938985,1081.948695,768000,768000,1.000000000,1,2025-11-25 16:20:00.000000,2025-11-25 16:20:59.999922,1,BAYxx_xxxx_20251125_161727_000.7z
2025-11-25 16:21:00,3245.132016,3.245132016,1332.243803,829.954268,1082.933944,768000,768000,1.000000000,1,2025-11-25 16:21:00.000000,2025-11-25 16:21:59.999922,1,BAYxx_xxxx_20251125_161727_000.7z
2025-11-25 16:22:00,3245.936200,3.245936200,1345.435169,817.181778,1083.319253,768000,768000,1.000000000,1,2025-11-25 16:22:00.000000,2025-11-25 16:22:59.999922,1,BAYxx_xxxx_20251125_161727_000.7z
2025-11-25 16:23:00,3220.665558,3.220665558,1343.964987,831.505693,1045.194879,768000,768000,1.000000000,1,2025-11-25 16:23:00.000000,2025-11-25 16:23:59.999922,1,BAYxx_xxxx_20251125_161727_000.7z
2025-11-25 16:24:00,3780.853367,3.780853367,1545.807301,1022.223399,1212.822667,768000,768000,1.000000000,1,2025-11-25 16:24:00.000000,2025-11-25 16:24:59.999922,1,BAYxx_xxxx_20251125_161727_000.7z
2025-11-25 16:25:00,7981.306125,7.981306125,2839.555873,2475.490211,2666.260041,768000,768000,1.000000000,1,2025-11-25 16:25:00.000000,2025-11-25 16:25:59.999922,1,BAYxx_xxxx_20251125_161727_000.7z
2025-11-25 16:26:00,26214.084111,26.214084111,8526.264986,8657.374638,9030.444487,768000,768000,1.000000000,1,2025-11-25 16:26:00.000000,2025-11-25 16:26:59.999922,1,BAYxx_xxxx_20251125_161727_000.7z
2025-11-25 16:27:00,26891.651585,26.891651585,8775.468681,8936.703175,9179.479730,729740,768000,0.950182292,0,2025-11-25 16:27:00.000000,2025-11-25 16:27:59.999922,2,BAYxx_xxxx_20251125_161727_000.7z;BAYxx_xxxx_20251125_162730_000.7z
2025-11-25 16:28:00,28156.430360,28.156430360,9189.542752,9306.332690,9660.554918,768000,768000,1.000000000,1,2025-11-25 16:28:00.000000,2025-11-25 16:28:59.999922,1,BAYxx_xxxx_20251125_162730_000.7z
2025-11-25 16:29:00,29197.543867,29.197543867,9464.181173,9715.878816,10017.483878,768000,768000,1.000000000,1,2025-11-25 16:29:00.000000,2025-11-25 16:29:59.999922,1,BAYxx_xxxx_20251125_162730_000.7z
2025-11-25 16:30:00,26077.393440,26.077393440,8454.902364,8651.170368,8971.320708,768000,768000,1.000000000,1,2025-11-25 16:30:00.000000,2025-11-25 16:30:59.999922,1,BAYxx_xxxx_20251125_162730_000.7z
2025-11-25 16:31:00,3180.911502,3.180911502,1348.855866,841.071133,990.984502,768000,768000,1.000000000,1,2025-11-25 16:31:00.000000,2025-11-25 16:31:59.999922,1,BAYxx_xxxx_20251125_162730_000.7z
2025-11-25 16:32:00,3159.244547,3.159244547,1344.245128,827.639093,987.360325,768000,768000,1.000000000,1,2025-11-25 16:32:00.000000,2025-11-25 16:32:59.999922,1,BAYxx_xxxx_20251125_162730_000.7z
2025-11-25 16:33:00,3164.283709,3.164283709,1343.094727,831.618333,989.570649,768000,768000,1.000000000,1,2025-11-25 16:33:00.000000,2025-11-25 16:33:59.999922,1,BAYxx_xxxx_20251125_162730_000.7z
2025-11-25 16:34:00,3174.887782,3.174887782,1348.058597,832.287582,994.541604,768000,768000,1.000000000,1,2025-11-25 16:34:00.000000,2025-11-25 16:34:59.999922,1,BAYxx_xxxx_20251125_162730_000.7z
2025-11-25 16:35:00,3185.446729,3.185446729,1350.389713,838.070969,996.986048,768000,768000,1.000000000,1,2025-11-25 16:35:00.000000,2025-11-25 16:35:59.999922,1,BAYxx_xxxx_20251125_162730_000.7z
2025-11-25 16:36:00,3200.261064,3.200261064,1363.145954,836.446494,1000.668616,768000,768000,1.000000000,1,2025-11-25 16:36:00.000000,2025-11-25 16:36:59.999922,1,BAYxx_xxxx_20251125_162730_000.7z
2025-11-25 16:37:00,3210.861035,3.210861035,1371.163369,833.547979,1006.149687,729736,768000,0.950177083,0,2025-11-25 16:37:00.000000,2025-11-25 16:37:59.999922,2,BAYxx_xxxx_20251125_162730_000.7z;BAYxx_xxxx_20251125_163733_000.7z
2025-11-25 16:38:00,3235.609621,3.235609621,1365.931056,828.549826,1041.128738,768000,768000,1.000000000,1,2025-11-25 16:38:00.000000,2025-11-25 16:38:59.999922,1,BAYxx_xxxx_20251125_163733_000.7z
2025-11-25 16:39:00,3301.458839,3.301458839,1355.355882,841.358087,1104.744870,768000,768000,1.000000000,1,2025-11-25 16:39:00.000000,2025-11-25 16:39:59.999922,1,BAYxx_xxxx_20251125_163733_000.7z
2025-11-25 16:40:00,3306.668107,3.306668107,1364.494124,837.202630,1104.971352,768000,768000,1.000000000,1,2025-11-25 16:40:00.000000,2025-11-25 16:40:59.999922,1,BAYxx_xxxx_20251125_163733_000.7z
2025-11-25 16:41:00,3300.897551,3.300897551,1356.118864,833.351441,1111.427246,768000,768000,1.000000000,1,2025-11-25 16:41:00.000000,2025-11-25 16:41:59.999922,1,BAYxx_xxxx_20251125_163733_000.7z
2025-11-25 16:42:00,3304.571602,3.304571602,1358.607473,836.763209,1109.200921,768000,768000,1.000000000,1,2025-11-25 16:42:00.000000,2025-11-25 16:42:59.999922,1,BAYxx_xxxx_20251125_163733_000.7z
2025-11-25 16:43:00,3321.673484,3.321673484,1362.689553,846.730817,1112.253114,768000,768000,1.000000000,1,2025-11-25 16:43:00.000000,2025-11-25 16:43:59.999922,1,BAYxx_xxxx_20251125_163733_000.7z
2025-11-25 16:44:00,3308.835295,3.308835295,1376.860232,831.872331,1100.102731,768000,768000,1.000000000,1,2025-11-25 16:44:00.000000,2025-11-25 16:44:59.999922,1,BAYxx_xxxx_20251125_163733_000.7z
2025-11-25 16:45:00,3329.052039,3.329052039,1385.549669,841.063186,1102.439184,768000,768000,1.000000000,1,2025-11-25 16:45:00.000000,2025-11-25 16:45:59.999922,1,BAYxx_xxxx_20251125_163733_000.7z
2025-11-25 16:46:00,3330.398107,3.330398107,1379.990408,836.840967,1113.566732,768000,768000,1.000000000,1,2025-11-25 16:46:00.000000,2025-11-25 16:46:59.999922,1,BAYxx_xxxx_20251125_163733_000.7z
2025-11-25 16:47:00,3331.803051,3.331803051,1373.271730,846.645113,1111.886208,716894,768000,0.933455729,0,2025-11-25 16:47:00.000000,2025-11-25 16:47:59.999922,2,BAYxx_xxxx_20251125_163733_000.7z;BAYxx_xxxx_20251125_164737_000.7z
2025-11-25 16:48:00,3329.840552,3.329840552,1382.484109,836.974226,1110.382217,768000,768000,1.000000000,1,2025-11-25 16:48:00.000000,2025-11-25 16:48:59.999922,1,BAYxx_xxxx_20251125_164737_000.7z
2025-11-25 16:49:00,3344.649284,3.344649284,1393.732404,846.704417,1104.212463,768000,768000,1.000000000,1,2025-11-25 16:49:00.000000,2025-11-25 16:49:59.999922,1,BAYxx_xxxx_20251125_164737_000.7z
2025-11-25 16:50:00,3357.237781,3.357237781,1397.928528,853.212080,1106.097173,768000,768000,1.000000000,1,2025-11-25 16:50:00.000000,2025-11-25 16:50:59.999922,1,BAYxx_xxxx_20251125_164737_000.7z
2025-11-25 16:51:00,5013.345881,5.013345881,1944.281379,1404.408357,1664.656146,768000,768000,1.000000000,1,2025-11-25 16:51:00.000000,2025-11-25 16:51:59.999922,1,BAYxx_xxxx_20251125_164737_000.7z
2025-11-25 16:52:00,21743.750540,21.743750540,7140.749066,7062.207033,7540.794441,768000,768000,1.000000000,1,2025-11-25 16:52:00.000000,2025-11-25 16:52:59.999922,1,BAYxx_xxxx_20251125_164737_000.7z
2025-11-25 16:53:00,26340.730799,26.340730799,8617.938670,8612.992919,9109.799210,768000,768000,1.000000000,1,2025-11-25 16:53:00.000000,2025-11-25 16:53:59.999922,1,BAYxx_xxxx_20251125_164737_000.7z
2025-11-25 16:54:00,27821.550555,27.821550555,9125.091336,9127.090675,9569.368543,768000,768000,1.000000000,1,2025-11-25 16:54:00.000000,2025-11-25 16:54:59.999922,1,BAYxx_xxxx_20251125_164737_000.7z
2025-11-25 16:55:00,28734.280882,28.734280882,9389.587292,9444.975920,9899.717670,768000,768000,1.000000000,1,2025-11-25 16:55:00.000000,2025-11-25 16:55:59.999922,1,BAYxx_xxxx_20251125_164737_000.7z
2025-11-25 16:56:00,29754.783387,29.754783387,9684.721267,9777.577945,10292.484175,768000,768000,1.000000000,1,2025-11-25 16:56:00.000000,2025-11-25 16:56:59.999922,1,BAYxx_xxxx_20251125_164737_000.7z
2025-11-25 16:57:00,18398.105455,18.398105455,6185.719019,5894.180206,6318.206230,742419,768000,0.966691406,0,2025-11-25 16:57:00.000000,2025-11-25 16:57:59.999922,2,BAYxx_xxxx_20251125_164737_000.7z;BAYxx_xxxx_20251125_165739_000.7z
2025-11-25 16:58:00,3331.565035,3.331565035,1393.035215,848.989908,1089.539912,768000,768000,1.000000000,1,2025-11-25 16:58:00.000000,2025-11-25 16:58:59.999922,1,BAYxx_xxxx_20251125_165739_000.7z
2025-11-25 16:59:00,3333.268510,3.333268510,1389.098162,851.197136,1092.973212,768000,768000,1.000000000,1,2025-11-25 16:59:00.000000,2025-11-25 16:59:59.999922,1,BAYxx_xxxx_20251125_165739_000.7z
2025-11-25 17:00:00,3322.096866,3.322096866,1374.767724,859.043012,1088.286131,768000,768000,1.000000000,1,2025-11-25 17:00:00.000000,2025-11-25 17:00:59.999922,1,BAYxx_xxxx_20251125_165739_000.7z
2025-11-25 17:01:00,3341.258036,3.341258036,1380.632989,864.955446,1095.669601,768000,768000,1.000000000,1,2025-11-25 17:01:00.000000,2025-11-25 17:01:59.999922,1,BAYxx_xxxx_20251125_165739_000.7z
2025-11-25 17:02:00,3345.962765,3.345962765,1374.985322,859.597116,1111.380327,768000,768000,1.000000000,1,2025-11-25 17:02:00.000000,2025-11-25 17:02:59.999922,1,BAYxx_xxxx_20251125_165739_000.7z
2025-11-25 17:03:00,3342.489096,3.342489096,1378.375832,854.684556,1109.428708,768000,768000,1.000000000,1,2025-11-25 17:03:00.000000,2025-11-25 17:03:59.999922,1,BAYxx_xxxx_20251125_165739_000.7z
2025-11-25 17:04:00,3344.393677,3.344393677,1392.068015,856.520281,1095.805381,768000,768000,1.000000000,1,2025-11-25 17:04:00.000000,2025-11-25 17:04:59.999922,1,BAYxx_xxxx_20251125_165739_000.7z
2025-11-25 17:05:00,3349.581044,3.349581044,1383.569905,868.000113,1098.011026,768000,768000,1.000000000,1,2025-11-25 17:05:00.000000,2025-11-25 17:05:59.999922,1,BAYxx_xxxx_20251125_165739_000.7z
2025-11-25 17:06:00,3351.822572,3.351822572,1376.517229,879.161020,1096.144323,768000,768000,1.000000000,1,2025-11-25 17:06:00.000000,2025-11-25 17:06:59.999922,1,BAYxx_xxxx_20251125_165739_000.7z
2025-11-25 17:07:00,3349.194863,3.349194863,1370.855225,876.837961,1101.501677,729696,768000,0.950125000,0,2025-11-25 17:07:00.000000,2025-11-25 17:07:59.999922,2,BAYxx_xxxx_20251125_165739_000.7z;BAYxx_xxxx_20251125_170742_000.7z
2025-11-25 17:08:00,3366.065863,3.366065863,1392.567956,878.076665,1095.421242,768000,768000,1.000000000,1,2025-11-25 17:08:00.000000,2025-11-25 17:08:59.999922,1,BAYxx_xxxx_20251125_170742_000.7z
2025-11-25 17:09:00,3276.462507,3.276462507,1393.761796,883.405778,999.294932,768000,768000,1.000000000,1,2025-11-25 17:09:00.000000,2025-11-25 17:09:59.999922,1,BAYxx_xxxx_20251125_170742_000.7z
2025-11-25 17:10:00,3263.505853,3.263505853,1373.178494,880.958313,1009.369046,768000,768000,1.000000000,1,2025-11-25 17:10:00.000000,2025-11-25 17:10:59.999922,1,BAYxx_xxxx_20251125_170742_000.7z
2025-11-25 17:11:00,3267.230994,3.267230994,1386.224780,874.883399,1006.122815,768000,768000,1.000000000,1,2025-11-25 17:11:00.000000,2025-11-25 17:11:59.999922,1,BAYxx_xxxx_20251125_170742_000.7z
2025-11-25 17:12:00,3270.851627,3.270851627,1388.798446,876.658952,1005.394229,768000,768000,1.000000000,1,2025-11-25 17:12:00.000000,2025-11-25 17:12:59.999922,1,BAYxx_xxxx_20251125_170742_000.7z
2025-11-25 17:13:00,3277.048466,3.277048466,1388.915902,882.019918,1006.112646,768000,768000,1.000000000,1,2025-11-25 17:13:00.000000,2025-11-25 17:13:59.999922,1,BAYxx_xxxx_20251125_170742_000.7z
2025-11-25 17:14:00,3265.609579,3.265609579,1389.043502,866.751250,1009.814828,768000,768000,1.000000000,1,2025-11-25 17:14:00.000000,2025-11-25 17:14:59.999922,1,BAYxx_xxxx_20251125_170742_000.7z
2025-11-25 17:15:00,3274.349434,3.274349434,1391.784354,867.323120,1015.241960,768000,768000,1.000000000,1,2025-11-25 17:15:00.000000,2025-11-25 17:15:59.999922,1,BAYxx_xxxx_20251125_170742_000.7z
2025-11-25 17:16:00,4309.107772,4.309107772,1727.210738,1222.653234,1359.243800,768000,768000,1.000000000,1,2025-11-25 17:16:00.000000,2025-11-25 17:16:59.999922,1,BAYxx_xxxx_20251125_170742_000.7z
2025-11-25 17:17:00,13194.438976,13.194438976,4467.619269,4258.889758,4467.929948,742510,768000,0.966809896,0,2025-11-25 17:17:00.000000,2025-11-25 17:17:59.999922,2,BAYxx_xxxx_20251125_170742_000.7z;BAYxx_xxxx_20251125_171744_000.7z
2025-11-25 17:18:00,25911.263990,25.911263990,8503.768027,8474.967662,8932.528302,768000,768000,1.000000000,1,2025-11-25 17:18:00.000000,2025-11-25 17:18:59.999922,1,BAYxx_xxxx_20251125_171744_000.7z
2025-11-25 17:19:00,27020.453069,27.020453069,8797.473264,8834.437555,9388.542250,768000,768000,1.000000000,1,2025-11-25 17:19:00.000000,2025-11-25 17:19:59.999922,1,BAYxx_xxxx_20251125_171744_000.7z
2025-11-25 17:20:00,28047.099001,28.047099001,9232.151308,9172.244821,9642.702873,768000,768000,1.000000000,1,2025-11-25 17:20:00.000000,2025-11-25 17:20:59.999922,1,BAYxx_xxxx_20251125_171744_000.7z
2025-11-25 17:21:00,29151.113089,29.151113089,9541.303782,9602.166718,10007.642589,768000,768000,1.000000000,1,2025-11-25 17:21:00.000000,2025-11-25 17:21:59.999922,1,BAYxx_xxxx_20251125_171744_000.7z
2025-11-25 17:22:00,29975.731441,29.975731441,9786.217753,9877.929909,10311.583779,768000,768000,1.000000000,1,2025-11-25 17:22:00.000000,2025-11-25 17:22:59.999922,1,BAYxx_xxxx_20251125_171744_000.7z
2025-11-25 17:23:00,7832.012918,7.832012918,2828.588916,2411.683860,2591.740142,768000,768000,1.000000000,1,2025-11-25 17:23:00.000000,2025-11-25 17:23:59.999922,1,BAYxx_xxxx_20251125_171744_000.7z
2025-11-25 17:24:00,3317.629875,3.317629875,1378.921985,851.481712,1087.226177,768000,768000,1.000000000,1,2025-11-25 17:24:00.000000,2025-11-25 17:24:59.999922,1,BAYxx_xxxx_20251125_171744_000.7z
2025-11-25 17:25:00,3329.825480,3.329825480,1375.495217,852.565808,1101.764455,768000,768000,1.000000000,1,2025-11-25 17:25:00.000000,2025-11-25 17:25:59.999922,1,BAYxx_xxxx_20251125_171744_000.7z
2025-11-25 17:26:00,3333.562417,3.333562417,1376.925844,850.009437,1106.627137,768000,768000,1.000000000,1,2025-11-25 17:26:00.000000,2025-11-25 17:26:59.999922,1,BAYxx_xxxx_20251125_171744_000.7z
2025-11-25 17:27:00,3353.525890,3.353525890,1397.892193,859.238929,1096.394767,729673,768000,0.950095052,0,2025-11-25 17:27:00.000000,2025-11-25 17:27:59.999922,2,BAYxx_xxxx_20251125_171744_000.7z;BAYxx_xxxx_20251125_172747_000.7z
2025-11-25 17:28:00,3072.311638,3.072311638,1298.597515,765.964287,1007.749836,768000,768000,1.000000000,1,2025-11-25 17:28:00.000000,2025-11-25 17:28:59.999922,1,BAYxx_xxxx_20251125_172747_000.7z
2025-11-25 17:29:00,1824.265033,1.824265033,872.184519,364.705410,587.375104,768000,768000,1.000000000,1,2025-11-25 17:29:00.000000,2025-11-25 17:29:59.999922,1,BAYxx_xxxx_20251125_172747_000.7z
2025-11-25 17:30:00,1802.855834,1.802855834,866.556798,354.276566,582.022470,768000,768000,1.000000000,1,2025-11-25 17:30:00.000000,2025-11-25 17:30:59.999922,1,BAYxx_xxxx_20251125_172747_000.7z
2025-11-25 17:31:00,1794.053090,1.794053090,876.101648,345.596896,572.354546,768000,768000,1.000000000,1,2025-11-25 17:31:00.000000,2025-11-25 17:31:59.999922,1,BAYxx_xxxx_20251125_172747_000.7z
2025-11-25 17:32:00,1799.601620,1.799601620,874.533623,356.915447,568.152550,768000,768000,1.000000000,1,2025-11-25 17:32:00.000000,2025-11-25 17:32:59.999922,1,BAYxx_xxxx_20251125_172747_000.7z
2025-11-25 17:33:00,1798.483358,1.798483358,876.396094,353.196830,568.890434,768000,768000,1.000000000,1,2025-11-25 17:33:00.000000,2025-11-25 17:33:59.999922,1,BAYxx_xxxx_20251125_172747_000.7z
2025-11-25 17:34:00,1800.147185,1.800147185,875.708881,353.311250,571.127054,768000,768000,1.000000000,1,2025-11-25 17:34:00.000000,2025-11-25 17:34:59.999922,1,BAYxx_xxxx_20251125_172747_000.7z
2025-11-25 17:35:00,1782.658964,1.782658964,864.343433,344.299298,574.016233,768000,768000,1.000000000,1,2025-11-25 17:35:00.000000,2025-11-25 17:35:59.999922,1,BAYxx_xxxx_20251125_172747_000.7z
2025-11-25 17:36:00,1801.846807,1.801846807,870.607047,358.162611,573.077150,768000,768000,1.000000000,1,2025-11-25 17:36:00.000000,2025-11-25 17:36:59.999922,1,BAYxx_xxxx_20251125_172747_000.7z
2025-11-25 17:37:00,1793.639330,1.793639330,865.875278,358.119450,569.644602,716923,768000,0.933493490,0,2025-11-25 17:37:00.000000,2025-11-25 17:37:59.999922,2,BAYxx_xxxx_20251125_172747_000.7z;BAYxx_xxxx_20251125_173751_000.7z
2025-11-25 17:38:00,1792.364281,1.792364281,867.225374,353.487586,571.651321,768000,768000,1.000000000,1,2025-11-25 17:38:00.000000,2025-11-25 17:38:59.999922,1,BAYxx_xxxx_20251125_173751_000.7z
2025-11-25 17:39:00,1803.485685,1.803485685,880.666018,357.600499,565.219169,768000,768000,1.000000000,1,2025-11-25 17:39:00.000000,2025-11-25 17:39:59.999922,1,BAYxx_xxxx_20251125_173751_000.7z
2025-11-25 17:40:00,1794.116633,1.794116633,876.476699,349.880991,567.758943,768000,768000,1.000000000,1,2025-11-25 17:40:00.000000,2025-11-25 17:40:59.999922,1,BAYxx_xxxx_20251125_173751_000.7z
2025-11-25 17:41:00,1793.066725,1.793066725,866.738451,361.204344,565.123931,768000,768000,1.000000000,1,2025-11-25 17:41:00.000000,2025-11-25 17:41:59.999922,1,BAYxx_xxxx_20251125_173751_000.7z
2025-11-25 17:42:00,1786.407747,1.786407747,869.959642,359.291383,557.156722,768000,768000,1.000000000,1,2025-11-25 17:42:00.000000,2025-11-25 17:42:59.999922,1,BAYxx_xxxx_20251125_173751_000.7z
2025-11-25 17:43:00,1794.544608,1.794544608,885.693890,351.563003,557.287715,768000,768000,1.000000000,1,2025-11-25 17:43:00.000000,2025-11-25 17:43:59.999922,1,BAYxx_xxxx_20251125_173751_000.7z
2025-11-25 17:44:00,1793.942332,1.793942332,880.002689,347.491120,566.448522,768000,768000,1.000000000,1,2025-11-25 17:44:00.000000,2025-11-25 17:44:59.999922,1,BAYxx_xxxx_20251125_173751_000.7z
2025-11-25 17:45:00,1792.861365,1.792861365,876.266632,346.645038,569.949696,768000,768000,1.000000000,1,2025-11-25 17:45:00.000000,2025-11-25 17:45:59.999922,1,BAYxx_xxxx_20251125_173751_000.7z
2025-11-25 17:46:00,1790.999947,1.790999947,881.822193,341.112437,568.065317,768000,768000,1.000000000,1,2025-11-25 17:46:00.000000,2025-11-25 17:46:59.999922,1,BAYxx_xxxx_20251125_173751_000.7z
2025-11-25 17:47:00,1812.582651,1.812582651,887.245467,361.970524,563.366660,729680,768000,0.950104167,0,2025-11-25 17:47:00.000000,2025-11-25 17:47:59.999922,2,BAYxx_xxxx_20251125_173751_000.7z;BAYxx_xxxx_20251125_174754_000.7z
2025-11-25 17:48:00,1799.854421,1.799854421,869.978337,360.662255,569.213829,768000,768000,1.000000000,1,2025-11-25 17:48:00.000000,2025-11-25 17:48:59.999922,1,BAYxx_xxxx_20251125_174754_000.7z
2025-11-25 17:49:00,1799.522490,1.799522490,867.788959,358.194361,573.539170,768000,768000,1.000000000,1,2025-11-25 17:49:00.000000,2025-11-25 17:49:59.999922,1,BAYxx_xxxx_20251125_174754_000.7z
2025-11-25 17:50:00,1802.743391,1.802743391,875.921560,356.426138,570.395693,768000,768000,1.000000000,1,2025-11-25 17:50:00.000000,2025-11-25 17:50:59.999922,1,BAYxx_xxxx_20251125_174754_000.7z
2025-11-25 17:51:00,1793.845376,1.793845376,873.847335,353.066141,566.931900,768000,768000,1.000000000,1,2025-11-25 17:51:00.000000,2025-11-25 17:51:59.999922,1,BAYxx_xxxx_20251125_174754_000.7z
2025-11-25 17:52:00,1804.542714,1.804542714,870.357076,361.666926,572.518713,768000,768000,1.000000000,1,2025-11-25 17:52:00.000000,2025-11-25 17:52:59.999922,1,BAYxx_xxxx_20251125_174754_000.7z
2025-11-25 17:53:00,1804.275457,1.804275457,871.696182,362.049992,570.529282,768000,768000,1.000000000,1,2025-11-25 17:53:00.000000,2025-11-25 17:53:59.999922,1,BAYxx_xxxx_20251125_174754_000.7z
2025-11-25 17:54:00,1734.769993,1.734769993,865.738034,361.532707,507.499252,768000,768000,1.000000000,1,2025-11-25 17:54:00.000000,2025-11-25 17:54:59.999922,1,BAYxx_xxxx_20251125_174754_000.7z
2025-11-25 17:55:00,1698.961472,1.698961472,859.770797,364.825674,474.365002,768000,768000,1.000000000,1,2025-11-25 17:55:00.000000,2025-11-25 17:55:59.999922,1,BAYxx_xxxx_20251125_174754_000.7z
2025-11-25 17:56:00,1690.635504,1.690635504,865.327662,354.799738,470.508103,768000,768000,1.000000000,1,2025-11-25 17:56:00.000000,2025-11-25 17:56:59.999922,1,BAYxx_xxxx_20251125_174754_000.7z
2025-11-25 17:57:00,1697.836513,1.697836513,875.858698,358.413913,463.563901,716825,768000,0.933365885,0,2025-11-25 17:57:00.000000,2025-11-25 17:57:59.999922,2,BAYxx_xxxx_20251125_174754_000.7z;BAYxx_xxxx_20251125_175758_000.7z
2025-11-25 17:58:00,1700.058572,1.700058572,873.396080,355.074726,471.587766,768000,768000,1.000000000,1,2025-11-25 17:58:00.000000,2025-11-25 17:58:59.999922,1,BAYxx_xxxx_20251125_175758_000.7z
2025-11-25 17:59:00,1695.936568,1.695936568,863.134742,358.430430,474.371395,768000,768000,1.000000000,1,2025-11-25 17:59:00.000000,2025-11-25 17:59:59.999922,1,BAYxx_xxxx_20251125_175758_000.7z
2025-11-25 18:00:00,1705.882809,1.705882809,866.091758,366.189998,473.601053,768000,768000,1.000000000,1,2025-11-25 18:00:00.000000,2025-11-25 18:00:59.999922,1,BAYxx_xxxx_20251125_175758_000.7z
2025-11-25 18:01:00,1694.906245,1.694906245,867.698669,354.625597,472.581979,768000,768000,1.000000000,1,2025-11-25 18:01:00.000000,2025-11-25 18:01:59.999922,1,BAYxx_xxxx_20251125_175758_000.7z
2025-11-25 18:02:00,1705.380540,1.705380540,868.297627,363.347464,473.735450,768000,768000,1.000000000,1,2025-11-25 18:02:00.000000,2025-11-25 18:02:59.999922,1,BAYxx_xxxx_20251125_175758_000.7z
2025-11-25 18:03:00,1701.908534,1.701908534,870.839176,351.006144,480.063214,768000,768000,1.000000000,1,2025-11-25 18:03:00.000000,2025-11-25 18:03:59.999922,1,BAYxx_xxxx_20251125_175758_000.7z
2025-11-25 18:04:00,1695.373826,1.695373826,866.695009,347.313549,481.365267,768000,768000,1.000000000,1,2025-11-25 18:04:00.000000,2025-11-25 18:04:59.999922,1,BAYxx_xxxx_20251125_175758_000.7z
2025-11-25 18:05:00,1698.349390,1.698349390,864.526705,353.819716,480.002969,768000,768000,1.000000000,1,2025-11-25 18:05:00.000000,2025-11-25 18:05:59.999922,1,BAYxx_xxxx_20251125_175758_000.7z
2025-11-25 18:06:00,1705.905099,1.705905099,878.211559,350.411948,477.281592,768000,768000,1.000000000,1,2025-11-25 18:06:00.000000,2025-11-25 18:06:59.999922,1,BAYxx_xxxx_20251125_175758_000.7z
2025-11-25 18:07:00,1701.200676,1.701200676,875.532141,349.875674,475.792861,742531,768000,0.966837240,0,2025-11-25 18:07:00.000000,2025-11-25 18:07:58.010156,1,BAYxx_xxxx_20251125_175758_000.7z
2025-11-25 18:08:00,1702.435036,1.702435036,876.194528,353.080478,473.160030,742400,768000,0.966666667,0,2025-11-25 18:08:02.000000,2025-11-25 18:08:59.999922,1,BAYxx_xxxx_20251125_180802_000.7z
2025-11-25 18:09:00,1746.516265,1.746516265,879.203525,351.394153,515.918587,768000,768000,1.000000000,1,2025-11-25 18:09:00.000000,2025-11-25 18:09:59.999922,1,BAYxx_xxxx_20251125_180802_000.7z
2025-11-25 18:10:00,1798.316383,1.798316383,880.522148,352.962496,564.831739,768000,768000,1.000000000,1,2025-11-25 18:10:00.000000,2025-11-25 18:10:59.999922,1,BAYxx_xxxx_20251125_180802_000.7z
2025-11-25 18:11:00,1800.514080,1.800514080,872.029304,355.906254,572.578523,768000,768000,1.000000000,1,2025-11-25 18:11:00.000000,2025-11-25 18:11:59.999922,1,BAYxx_xxxx_20251125_180802_000.7z
2025-11-25 18:12:00,1796.890443,1.796890443,868.137808,356.134309,572.618326,768000,768000,1.000000000,1,2025-11-25 18:12:00.000000,2025-11-25 18:12:59.999922,1,BAYxx_xxxx_20251125_180802_000.7z
2025-11-25 18:13:00,1794.240975,1.794240975,875.929927,348.188457,570.122592,768000,768000,1.000000000,1,2025-11-25 18:13:00.000000,2025-11-25 18:13:59.999922,1,BAYxx_xxxx_20251125_180802_000.7z
2025-11-25 18:14:00,1793.596208,1.793596208,883.651375,343.292304,566.652529,768000,768000,1.000000000,1,2025-11-25 18:14:00.000000,2025-11-25 18:14:59.999922,1,BAYxx_xxxx_20251125_180802_000.7z
2025-11-25 18:15:00,1802.745909,1.802745909,881.015232,354.273184,567.457493,768000,768000,1.000000000,1,2025-11-25 18:15:00.000000,2025-11-25 18:15:59.999922,1,BAYxx_xxxx_20251125_180802_000.7z
2025-11-25 18:16:00,1803.399114,1.803399114,878.828177,349.888213,574.682724,768000,768000,1.000000000,1,2025-11-25 18:16:00.000000,2025-11-25 18:16:59.999922,1,BAYxx_xxxx_20251125_180802_000.7z
2025-11-25 18:17:00,1800.441430,1.800441430,882.274928,350.907283,567.259220,768000,768000,1.000000000,1,2025-11-25 18:17:00.000000,2025-11-25 18:17:59.999922,1,BAYxx_xxxx_20251125_180802_000.7z
2025-11-25 18:18:00,1812.110303,1.812110303,888.683478,355.033721,568.393103,716854,768000,0.933403646,0,2025-11-25 18:18:00.000000,2025-11-25 18:18:59.999922,2,BAYxx_xxxx_20251125_180802_000.7z;BAYxx_xxxx_20251125_181806_000.7z
2025-11-25 18:19:00,1819.141832,1.819141832,890.215364,361.654778,567.271690,768000,768000,1.000000000,1,2025-11-25 18:19:00.000000,2025-11-25 18:19:59.999922,1,BAYxx_xxxx_20251125_181806_000.7z
2025-11-25 18:20:00,1803.136803,1.803136803,882.044431,356.350382,564.741990,768000,768000,1.000000000,1,2025-11-25 18:20:00.000000,2025-11-25 18:20:59.999922,1,BAYxx_xxxx_20251125_181806_000.7z
2025-11-25 18:21:00,1803.269071,1.803269071,871.302992,354.699245,577.266834,768000,768000,1.000000000,1,2025-11-25 18:21:00.000000,2025-11-25 18:21:59.999922,1,BAYxx_xxxx_20251125_181806_000.7z
2025-11-25 18:22:00,1801.472234,1.801472234,879.010976,355.958182,566.503076,768000,768000,1.000000000,1,2025-11-25 18:22:00.000000,2025-11-25 18:22:59.999922,1,BAYxx_xxxx_20251125_181806_000.7z
2025-11-25 18:23:00,1799.043166,1.799043166,874.909857,355.915658,568.217650,768000,768000,1.000000000,1,2025-11-25 18:23:00.000000,2025-11-25 18:23:59.999922,1,BAYxx_xxxx_20251125_181806_000.7z
2025-11-25 18:24:00,1797.196161,1.797196161,872.808417,354.927151,569.460594,768000,768000,1.000000000,1,2025-11-25 18:24:00.000000,2025-11-25 18:24:59.999922,1,BAYxx_xxxx_20251125_181806_000.7z
2025-11-25 18:25:00,1801.750292,1.801750292,867.686658,362.181695,571.881939,768000,768000,1.000000000,1,2025-11-25 18:25:00.000000,2025-11-25 18:25:59.999922,1,BAYxx_xxxx_20251125_181806_000.7z
2025-11-25 18:26:00,1801.788538,1.801788538,880.565730,355.818841,565.403967,768000,768000,1.000000000,1,2025-11-25 18:26:00.000000,2025-11-25 18:26:59.999922,1,BAYxx_xxxx_20251125_181806_000.7z
2025-11-25 18:27:00,1797.880759,1.797880759,890.346018,352.673565,554.861176,768000,768000,1.000000000,1,2025-11-25 18:27:00.000000,2025-11-25 18:27:59.999922,1,BAYxx_xxxx_20251125_181806_000.7z
2025-11-25 18:28:00,1817.455808,1.817455808,879.164131,352.606535,585.685142,716908,768000,0.933473958,0,2025-11-25 18:28:00.000000,2025-11-25 18:28:59.999922,2,BAYxx_xxxx_20251125_181806_000.7z;BAYxx_xxxx_20251125_182810_000.7z
2025-11-25 18:29:00,1796.084528,1.796084528,870.408701,355.338744,570.337084,768000,768000,1.000000000,1,2025-11-25 18:29:00.000000,2025-11-25 18:29:59.999922,1,BAYxx_xxxx_20251125_182810_000.7z
2025-11-25 18:30:00,1813.948666,1.813948666,881.620007,359.890418,572.438241,768000,768000,1.000000000,1,2025-11-25 18:30:00.000000,2025-11-25 18:30:59.999922,1,BAYxx_xxxx_20251125_182810_000.7z
2025-11-25 18:31:00,1807.410483,1.807410483,877.682201,360.771031,568.957251,768000,768000,1.000000000,1,2025-11-25 18:31:00.000000,2025-11-25 18:31:59.999922,1,BAYxx_xxxx_20251125_182810_000.7z
2025-11-25 18:32:00,1795.931577,1.795931577,864.717478,360.684604,570.529496,768000,768000,1.000000000,1,2025-11-25 18:32:00.000000,2025-11-25 18:32:59.999922,1,BAYxx_xxxx_20251125_182810_000.7z
2025-11-25 18:33:00,1799.257526,1.799257526,859.991921,364.162334,575.103272,768000,768000,1.000000000,1,2025-11-25 18:33:00.000000,2025-11-25 18:33:59.999922,1,BAYxx_xxxx_20251125_182810_000.7z
2025-11-25 18:34:00,1809.086915,1.809086915,873.772549,362.134981,573.179385,768000,768000,1.000000000,1,2025-11-25 18:34:00.000000,2025-11-25 18:34:59.999922,1,BAYxx_xxxx_20251125_182810_000.7z
2025-11-25 18:35:00,1804.777609,1.804777609,877.811354,362.169979,564.796276,768000,768000,1.000000000,1,2025-11-25 18:35:00.000000,2025-11-25 18:35:59.999922,1,BAYxx_xxxx_20251125_182810_000.7z
2025-11-25 18:36:00,1806.330004,1.806330004,878.614522,359.267837,568.447646,768000,768000,1.000000000,1,2025-11-25 18:36:00.000000,2025-11-25 18:36:59.999922,1,BAYxx_xxxx_20251125_182810_000.7z
2025-11-25 18:37:00,1814.325014,1.814325014,884.432539,349.741795,580.150680,768000,768000,1.000000000,1,2025-11-25 18:37:00.000000,2025-11-25 18:37:59.999922,1,BAYxx_xxxx_20251125_182810_000.7z
2025-11-25 18:38:00,1804.339532,1.804339532,875.061765,352.576332,576.701434,742506,768000,0.966804688,0,2025-11-25 18:38:00.000000,2025-11-25 18:38:59.999922,2,BAYxx_xxxx_20251125_182810_000.7z;BAYxx_xxxx_20251125_183812_000.7z
2025-11-25 18:39:00,1784.656743,1.784656743,871.483920,352.729283,560.443541,768000,768000,1.000000000,1,2025-11-25 18:39:00.000000,2025-11-25 18:39:59.999922,1,BAYxx_xxxx_20251125_183812_000.7z
2025-11-25 18:40:00,1711.024511,1.711024511,885.885840,352.676510,472.462161,768000,768000,1.000000000,1,2025-11-25 18:40:00.000000,2025-11-25 18:40:59.999922,1,BAYxx_xxxx_20251125_183812_000.7z
2025-11-25 18:41:00,1704.154828,1.704154828,871.416312,356.313604,476.424912,768000,768000,1.000000000,1,2025-11-25 18:41:00.000000,2025-11-25 18:41:59.999922,1,BAYxx_xxxx_20251125_183812_000.7z
2025-11-25 18:42:00,1716.269820,1.716269820,879.382848,350.306354,486.580618,768000,768000,1.000000000,1,2025-11-25 18:42:00.000000,2025-11-25 18:42:59.999922,1,BAYxx_xxxx_20251125_183812_000.7z
2025-11-25 18:43:00,1704.810808,1.704810808,882.261312,345.454152,477.095344,768000,768000,1.000000000,1,2025-11-25 18:43:00.000000,2025-11-25 18:43:59.999922,1,BAYxx_xxxx_20251125_183812_000.7z
2025-11-25 18:44:00,1714.044060,1.714044060,887.700674,350.063552,476.279833,768000,768000,1.000000000,1,2025-11-25 18:44:00.000000,2025-11-25 18:44:59.999922,1,BAYxx_xxxx_20251125_183812_000.7z
2025-11-25 18:45:00,1716.484349,1.716484349,882.451393,355.427371,478.605584,768000,768000,1.000000000,1,2025-11-25 18:45:00.000000,2025-11-25 18:45:59.999922,1,BAYxx_xxxx_20251125_183812_000.7z
2025-11-25 18:46:00,1710.888226,1.710888226,870.475125,361.681710,478.731390,768000,768000,1.000000000,1,2025-11-25 18:46:00.000000,2025-11-25 18:46:59.999922,1,BAYxx_xxxx_20251125_183812_000.7z
2025-11-25 18:47:00,1718.638190,1.718638190,877.899817,357.352386,483.385987,768000,768000,1.000000000,1,2025-11-25 18:47:00.000000,2025-11-25 18:47:59.999922,1,BAYxx_xxxx_20251125_183812_000.7z
2025-11-25 18:48:00,1714.040590,1.714040590,891.327497,350.317188,472.395905,716907,768000,0.933472656,0,2025-11-25 18:48:00.000000,2025-11-25 18:48:59.999922,2,BAYxx_xxxx_20251125_183812_000.7z;BAYxx_xxxx_20251125_184816_000.7z
2025-11-25 18:49:00,1711.262769,1.711262769,890.607522,347.227122,473.428125,768000,768000,1.000000000,1,2025-11-25 18:49:00.000000,2025-11-25 18:49:59.999922,1,BAYxx_xxxx_20251125_184816_000.7z
2025-11-25 18:50:00,1720.034836,1.720034836,892.011132,352.119380,475.904325,768000,768000,1.000000000,1,2025-11-25 18:50:00.000000,2025-11-25 18:50:59.999922,1,BAYxx_xxxx_20251125_184816_000.7z
2025-11-25 18:51:00,1717.780494,1.717780494,885.351142,354.885881,477.543470,768000,768000,1.000000000,1,2025-11-25 18:51:00.000000,2025-11-25 18:51:59.999922,1,BAYxx_xxxx_20251125_184816_000.7z
2025-11-25 18:52:00,1714.049397,1.714049397,887.281496,347.008575,479.759326,768000,768000,1.000000000,1,2025-11-25 18:52:00.000000,2025-11-25 18:52:59.999922,1,BAYxx_xxxx_20251125_184816_000.7z
2025-11-25 18:53:00,1722.588809,1.722588809,890.343169,355.238628,477.007011,768000,768000,1.000000000,1,2025-11-25 18:53:00.000000,2025-11-25 18:53:59.999922,1,BAYxx_xxxx_20251125_184816_000.7z
2025-11-25 18:54:00,1724.895794,1.724895794,878.561493,355.440682,490.893619,768000,768000,1.000000000,1,2025-11-25 18:54:00.000000,2025-11-25 18:54:59.999922,1,BAYxx_xxxx_20251125_184816_000.7z
2025-11-25 18:55:00,1814.776176,1.814776176,879.914836,356.940086,577.921254,768000,768000,1.000000000,1,2025-11-25 18:55:00.000000,2025-11-25 18:55:59.999922,1,BAYxx_xxxx_20251125_184816_000.7z
2025-11-25 18:56:00,1812.628549,1.812628549,880.689477,351.174607,580.764465,768000,768000,1.000000000,1,2025-11-25 18:56:00.000000,2025-11-25 18:56:59.999922,1,BAYxx_xxxx_20251125_184816_000.7z
2025-11-25 18:57:00,1810.206835,1.810206835,881.463028,360.834527,567.909280,768000,768000,1.000000000,1,2025-11-25 18:57:00.000000,2025-11-25 18:57:59.999922,1,BAYxx_xxxx_20251125_184816_000.7z
2025-11-25 18:58:00,1815.208687,1.815208687,882.036173,359.139002,574.033511,716941,768000,0.933516927,0,2025-11-25 18:58:00.000000,2025-11-25 18:58:59.999922,2,BAYxx_xxxx_20251125_184816_000.7z;BAYxx_xxxx_20251125_185820_000.7z
2025-11-25 18:59:00,1819.683652,1.819683652,878.575980,361.805028,579.302644,768000,768000,1.000000000,1,2025-11-25 18:59:00.000000,2025-11-25 18:59:59.999922,1,BAYxx_xxxx_20251125_185820_000.7z
2025-11-25 19:00:00,1817.612887,1.817612887,878.769140,367.184276,571.659471,768000,768000,1.000000000,1,2025-11-25 19:00:00.000000,2025-11-25 19:00:59.999922,1,BAYxx_xxxx_20251125_185820_000.7z
2025-11-25 19:01:00,1808.414257,1.808414257,875.846267,359.446088,573.121903,768000,768000,1.000000000,1,2025-11-25 19:01:00.000000,2025-11-25 19:01:59.999922,1,BAYxx_xxxx_20251125_185820_000.7z
2025-11-25 19:02:00,1809.616566,1.809616566,889.296420,350.425008,569.895138,768000,768000,1.000000000,1,2025-11-25 19:02:00.000000,2025-11-25 19:02:59.999922,1,BAYxx_xxxx_20251125_185820_000.7z
2025-11-25 19:03:00,1813.531329,1.813531329,891.273440,348.340219,573.917671,768000,768000,1.000000000,1,2025-11-25 19:03:00.000000,2025-11-25 19:03:59.999922,1,BAYxx_xxxx_20251125_185820_000.7z
2025-11-25 19:04:00,1808.412855,1.808412855,883.696083,358.035820,566.680951,768000,768000,1.000000000,1,2025-11-25 19:04:00.000000,2025-11-25 19:04:59.999922,1,BAYxx_xxxx_20251125_185820_000.7z
2025-11-25 19:05:00,1810.555739,1.810555739,882.466934,357.802426,570.286379,768000,768000,1.000000000,1,2025-11-25 19:05:00.000000,2025-11-25 19:05:59.999922,1,BAYxx_xxxx_20251125_185820_000.7z
2025-11-25 19:06:00,1807.075198,1.807075198,885.460573,357.016645,564.597981,768000,768000,1.000000000,1,2025-11-25 19:06:00.000000,2025-11-25 19:06:59.999922,1,BAYxx_xxxx_20251125_185820_000.7z
2025-11-25 19:07:00,1817.027541,1.817027541,893.893706,354.780755,568.353080,768000,768000,1.000000000,1,2025-11-25 19:07:00.000000,2025-11-25 19:07:59.999922,1,BAYxx_xxxx_20251125_185820_000.7z
2025-11-25 19:08:00,1811.645457,1.811645457,882.948194,358.283027,570.414236,742527,768000,0.966832031,0,2025-11-25 19:08:00.000000,2025-11-25 19:08:59.999922,2,BAYxx_xxxx_20251125_185820_000.7z;BAYxx_xxxx_20251125_190822_000.7z
2025-11-25 19:09:00,1809.386439,1.809386439,872.478876,364.369148,572.538415,768000,768000,1.000000000,1,2025-11-25 19:09:00.000000,2025-11-25 19:09:59.999922,1,BAYxx_xxxx_20251125_190822_000.7z
2025-11-25 19:10:00,1819.049236,1.819049236,878.349732,361.338531,579.360973,768000,768000,1.000000000,1,2025-11-25 19:10:00.000000,2025-11-25 19:10:59.999922,1,BAYxx_xxxx_20251125_190822_000.7z
2025-11-25 19:11:00,1808.750120,1.808750120,878.584599,358.639307,571.526215,768000,768000,1.000000000,1,2025-11-25 19:11:00.000000,2025-11-25 19:11:59.999922,1,BAYxx_xxxx_20251125_190822_000.7z
2025-11-25 19:12:00,1810.873756,1.810873756,878.798060,356.268209,575.807487,768000,768000,1.000000000,1,2025-11-25 19:12:00.000000,2025-11-25 19:12:59.999922,1,BAYxx_xxxx_20251125_190822_000.7z
2025-11-25 19:13:00,1802.566996,1.802566996,869.163861,355.692423,577.710712,768000,768000,1.000000000,1,2025-11-25 19:13:00.000000,2025-11-25 19:13:59.999922,1,BAYxx_xxxx_20251125_190822_000.7z
2025-11-25 19:14:00,1824.412622,1.824412622,878.547380,368.998793,576.866448,768000,768000,1.000000000,1,2025-11-25 19:14:00.000000,2025-11-25 19:14:59.999922,1,BAYxx_xxxx_20251125_190822_000.7z
2025-11-25 19:15:00,1804.708384,1.804708384,885.135384,363.496884,556.076117,768000,768000,1.000000000,1,2025-11-25 19:15:00.000000,2025-11-25 19:15:59.999922,1,BAYxx_xxxx_20251125_190822_000.7z
2025-11-25 19:16:00,1807.114102,1.807114102,885.262749,360.640103,561.211250,768000,768000,1.000000000,1,2025-11-25 19:16:00.000000,2025-11-25 19:16:59.999922,1,BAYxx_xxxx_20251125_190822_000.7z
2025-11-25 19:17:00,1821.545530,1.821545530,884.555519,361.648724,575.341287,768000,768000,1.000000000,1,2025-11-25 19:17:00.000000,2025-11-25 19:17:59.999922,1,BAYxx_xxxx_20251125_190822_000.7z
2025-11-25 19:18:00,1818.301493,1.818301493,893.310054,356.873447,568.117992,729654,768000,0.950070312,0,2025-11-25 19:18:00.000000,2025-11-25 19:18:59.999922,2,BAYxx_xxxx_20251125_190822_000.7z;BAYxx_xxxx_20251125_191825_000.7z
2025-11-25 19:19:00,1818.755519,1.818755519,892.118958,358.591258,568.045303,768000,768000,1.000000000,1,2025-11-25 19:19:00.000000,2025-11-25 19:19:59.999922,1,BAYxx_xxxx_20251125_191825_000.7z
2025-11-25 19:20:00,1804.605544,1.804605544,873.408041,366.017347,565.180156,768000,768000,1.000000000,1,2025-11-25 19:20:00.000000,2025-11-25 19:20:59.999922,1,BAYxx_xxxx_20251125_191825_000.7z
2025-11-25 19:21:00,1809.467530,1.809467530,874.909169,360.873479,573.684881,768000,768000,1.000000000,1,2025-11-25 19:21:00.000000,2025-11-25 19:21:59.999922,1,BAYxx_xxxx_20251125_191825_000.7z
2025-11-25 19:22:00,1806.919047,1.806919047,864.633015,365.765414,576.520618,768000,768000,1.000000000,1,2025-11-25 19:22:00.000000,2025-11-25 19:22:59.999922,1,BAYxx_xxxx_20251125_191825_000.7z
2025-11-25 19:23:00,1808.860777,1.808860777,876.360259,359.203723,573.296796,768000,768000,1.000000000,1,2025-11-25 19:23:00.000000,2025-11-25 19:23:59.999922,1,BAYxx_xxxx_20251125_191825_000.7z
2025-11-25 19:24:00,1813.365461,1.813365461,876.452432,357.673009,579.240020,768000,768000,1.000000000,1,2025-11-25 19:24:00.000000,2025-11-25 19:24:59.999922,1,BAYxx_xxxx_20251125_191825_000.7z
2025-11-25 19:25:00,1731.774728,1.731774728,877.545196,359.883521,494.346010,768000,768000,1.000000000,1,2025-11-25 19:25:00.000000,2025-11-25 19:25:59.999922,1,BAYxx_xxxx_20251125_191825_000.7z
2025-11-25 19:26:00,1721.026388,1.721026388,883.693656,359.619819,477.712913,768000,768000,1.000000000,1,2025-11-25 19:26:00.000000,2025-11-25 19:26:59.999922,1,BAYxx_xxxx_20251125_191825_000.7z
2025-11-25 19:27:00,1717.698683,1.717698683,876.812241,360.082857,480.803585,768000,768000,1.000000000,1,2025-11-25 19:27:00.000000,2025-11-25 19:27:59.999922,1,BAYxx_xxxx_20251125_191825_000.7z
2025-11-25 19:28:00,1720.889898,1.720889898,875.789558,362.757895,482.342445,716902,768000,0.933466146,0,2025-11-25 19:28:00.000000,2025-11-25 19:28:59.999922,2,BAYxx_xxxx_20251125_191825_000.7z;BAYxx_xxxx_20251125_192829_000.7z
2025-11-25 19:29:00,1723.406897,1.723406897,881.453999,357.278146,484.674752,768000,768000,1.000000000,1,2025-11-25 19:29:00.000000,2025-11-25 19:29:59.999922,1,BAYxx_xxxx_20251125_192829_000.7z
2025-11-25 19:30:00,1723.725716,1.723725716,890.263399,358.507729,474.954588,768000,768000,1.000000000,1,2025-11-25 19:30:00.000000,2025-11-25 19:30:59.999922,1,BAYxx_xxxx_20251125_192829_000.7z
2025-11-25 19:31:00,1728.580605,1.728580605,886.822491,364.323721,477.434394,768000,768000,1.000000000,1,2025-11-25 19:31:00.000000,2025-11-25 19:31:59.999922,1,BAYxx_xxxx_20251125_192829_000.7z
2025-11-25 19:32:00,1724.880410,1.724880410,887.121378,361.815796,475.943236,768000,768000,1.000000000,1,2025-11-25 19:32:00.000000,2025-11-25 19:32:59.999922,1,BAYxx_xxxx_20251125_192829_000.7z
2025-11-25 19:33:00,1720.319018,1.720319018,883.478883,359.798400,477.041735,768000,768000,1.000000000,1,2025-11-25 19:33:00.000000,2025-11-25 19:33:59.999922,1,BAYxx_xxxx_20251125_192829_000.7z
2025-11-25 19:34:00,1726.214240,1.726214240,885.051039,366.911006,474.252194,768000,768000,1.000000000,1,2025-11-25 19:34:00.000000,2025-11-25 19:34:59.999922,1,BAYxx_xxxx_20251125_192829_000.7z
2025-11-25 19:35:00,1721.526193,1.721526193,885.223345,363.333080,472.969767,768000,768000,1.000000000,1,2025-11-25 19:35:00.000000,2025-11-25 19:35:59.999922,1,BAYxx_xxxx_20251125_192829_000.7z
2025-11-25 19:36:00,1719.713863,1.719713863,877.080228,364.107289,478.526345,768000,768000,1.000000000,1,2025-11-25 19:36:00.000000,2025-11-25 19:36:59.999922,1,BAYxx_xxxx_20251125_192829_000.7z
2025-11-25 19:37:00,1726.742890,1.726742890,881.070261,367.946404,477.726224,768000,768000,1.000000000,1,2025-11-25 19:37:00.000000,2025-11-25 19:37:59.999922,1,BAYxx_xxxx_20251125_192829_000.7z
2025-11-25 19:38:00,1710.331501,1.710331501,871.343545,364.504107,474.483849,729647,768000,0.950061198,0,2025-11-25 19:38:00.000000,2025-11-25 19:38:59.999922,2,BAYxx_xxxx_20251125_192829_000.7z;BAYxx_xxxx_20251125_193832_000.7z
2025-11-25 19:39:00,1715.952398,1.715952398,867.748705,363.479233,484.724460,768000,768000,1.000000000,1,2025-11-25 19:39:00.000000,2025-11-25 19:39:59.999922,1,BAYxx_xxxx_20251125_193832_000.7z
2025-11-25 19:40:00,1782.524643,1.782524643,876.867531,363.642067,542.015046,768000,768000,1.000000000,1,2025-11-25 19:40:00.000000,2025-11-25 19:40:59.999922,1,BAYxx_xxxx_20251125_193832_000.7z
2025-11-25 19:41:00,1822.161530,1.822161530,868.489297,370.593253,583.078981,768000,768000,1.000000000,1,2025-11-25 19:41:00.000000,2025-11-25 19:41:59.999922,1,BAYxx_xxxx_20251125_193832_000.7z
2025-11-25 19:42:00,1814.202601,1.814202601,872.019688,363.014019,579.168894,768000,768000,1.000000000,1,2025-11-25 19:42:00.000000,2025-11-25 19:42:59.999922,1,BAYxx_xxxx_20251125_193832_000.7z
2025-11-25 19:43:00,1818.207642,1.818207642,879.035716,357.730460,581.441465,768000,768000,1.000000000,1,2025-11-25 19:43:00.000000,2025-11-25 19:43:59.999922,1,BAYxx_xxxx_20251125_193832_000.7z
2025-11-25 19:44:00,1816.428823,1.816428823,868.338779,366.628139,581.461904,768000,768000,1.000000000,1,2025-11-25 19:44:00.000000,2025-11-25 19:44:59.999922,1,BAYxx_xxxx_20251125_193832_000.7z
2025-11-25 19:45:00,1816.337785,1.816337785,885.802541,352.812277,577.722966,768000,768000,1.000000000,1,2025-11-25 19:45:00.000000,2025-11-25 19:45:59.999922,1,BAYxx_xxxx_20251125_193832_000.7z
2025-11-25 19:46:00,1822.485459,1.822485459,887.436633,359.303763,575.745063,768000,768000,1.000000000,1,2025-11-25 19:46:00.000000,2025-11-25 19:46:59.999922,1,BAYxx_xxxx_20251125_193832_000.7z
2025-11-25 19:47:00,1819.223906,1.819223906,885.900024,354.598504,578.725378,768000,768000,1.000000000,1,2025-11-25 19:47:00.000000,2025-11-25 19:47:59.999922,1,BAYxx_xxxx_20251125_193832_000.7z
2025-11-25 19:48:00,1819.932012,1.819932012,888.369275,354.892635,576.670101,755315,768000,0.983483073,0,2025-11-25 19:48:00.000000,2025-11-25 19:48:59.999922,2,BAYxx_xxxx_20251125_193832_000.7z;BAYxx_xxxx_20251125_194833_000.7z
2025-11-25 19:49:00,1811.892264,1.811892264,884.311723,352.913897,574.666644,768000,768000,1.000000000,1,2025-11-25 19:49:00.000000,2025-11-25 19:49:59.999922,1,BAYxx_xxxx_20251125_194833_000.7z
2025-11-25 19:50:00,1815.140171,1.815140171,878.138780,358.353874,578.647517,768000,768000,1.000000000,1,2025-11-25 19:50:00.000000,2025-11-25 19:50:59.999922,1,BAYxx_xxxx_20251125_194833_000.7z
2025-11-25 19:51:00,1831.820583,1.831820583,885.715977,365.945395,580.159212,768000,768000,1.000000000,1,2025-11-25 19:51:00.000000,2025-11-25 19:51:59.999922,1,BAYxx_xxxx_20251125_194833_000.7z
2025-11-25 19:52:00,1822.438851,1.822438851,884.393509,356.715106,581.330236,768000,768000,1.000000000,1,2025-11-25 19:52:00.000000,2025-11-25 19:52:59.999922,1,BAYxx_xxxx_20251125_194833_000.7z
2025-11-25 19:53:00,1825.221156,1.825221156,888.504771,361.412251,575.304134,768000,768000,1.000000000,1,2025-11-25 19:53:00.000000,2025-11-25 19:53:59.999922,1,BAYxx_xxxx_20251125_194833_000.7z
2025-11-25 19:54:00,1822.492313,1.822492313,887.717379,352.971399,581.803535,768000,768000,1.000000000,1,2025-11-25 19:54:00.000000,2025-11-25 19:54:59.999922,1,BAYxx_xxxx_20251125_194833_000.7z
2025-11-25 19:55:00,1822.907969,1.822907969,884.103500,358.367088,580.437381,768000,768000,1.000000000,1,2025-11-25 19:55:00.000000,2025-11-25 19:55:59.999922,1,BAYxx_xxxx_20251125_194833_000.7z
2025-11-25 19:56:00,1828.094918,1.828094918,892.968424,352.259858,582.866636,768000,768000,1.000000000,1,2025-11-25 19:56:00.000000,2025-11-25 19:56:59.999922,1,BAYxx_xxxx_20251125_194833_000.7z
2025-11-25 19:57:00,1814.964432,1.814964432,877.359176,361.176442,576.428814,768000,768000,1.000000000,1,2025-11-25 19:57:00.000000,2025-11-25 19:57:59.999922,1,BAYxx_xxxx_20251125_194833_000.7z
2025-11-25 19:58:00,1818.941054,1.818941054,880.224019,358.966429,579.750606,716837,768000,0.933381510,0,2025-11-25 19:58:00.000000,2025-11-25 19:58:59.999922,2,BAYxx_xxxx_20251125_194833_000.7z;BAYxx_xxxx_20251125_195837_000.7z
2025-11-25 19:59:00,1815.154282,1.815154282,884.350337,354.028457,576.775488,768000,768000,1.000000000,1,2025-11-25 19:59:00.000000,2025-11-25 19:59:59.999922,1,BAYxx_xxxx_20251125_195837_000.7z
2025-11-25 20:00:00,1818.247047,1.818247047,883.435952,356.129974,578.681121,768000,768000,1.000000000,1,2025-11-25 20:00:00.000000,2025-11-25 20:00:59.999922,1,BAYxx_xxxx_20251125_195837_000.7z
2025-11-25 20:01:00,1821.417287,1.821417287,886.473713,356.544939,578.398634,768000,768000,1.000000000,1,2025-11-25 20:01:00.000000,2025-11-25 20:01:59.999922,1,BAYxx_xxxx_20251125_195837_000.7z
2025-11-25 20:02:00,1825.334200,1.825334200,885.681445,359.530771,580.121983,768000,768000,1.000000000,1,2025-11-25 20:02:00.000000,2025-11-25 20:02:59.999922,1,BAYxx_xxxx_20251125_195837_000.7z
2025-11-25 20:03:00,1818.086034,1.818086034,878.761988,357.526786,581.797260,768000,768000,1.000000000,1,2025-11-25 20:03:00.000000,2025-11-25 20:03:59.999922,1,BAYxx_xxxx_20251125_195837_000.7z
2025-11-25 20:04:00,1818.261188,1.818261188,876.350755,360.610880,581.299554,768000,768000,1.000000000,1,2025-11-25 20:04:00.000000,2025-11-25 20:04:59.999922,1,BAYxx_xxxx_20251125_195837_000.7z
2025-11-25 20:05:00,1813.364191,1.813364191,881.642564,352.768965,578.952661,768000,768000,1.000000000,1,2025-11-25 20:05:00.000000,2025-11-25 20:05:59.999922,1,BAYxx_xxxx_20251125_195837_000.7z
2025-11-25 20:06:00,1817.913616,1.817913616,889.097853,352.501077,576.314685,768000,768000,1.000000000,1,2025-11-25 20:06:00.000000,2025-11-25 20:06:59.999922,1,BAYxx_xxxx_20251125_195837_000.7z
2025-11-25 20:07:00,1824.979522,1.824979522,894.848380,349.973337,580.157805,768000,768000,1.000000000,1,2025-11-25 20:07:00.000000,2025-11-25 20:07:59.999922,1,BAYxx_xxxx_20251125_195837_000.7z
2025-11-25 20:08:00,1817.358412,1.817358412,888.080895,348.560777,580.716740,704130,768000,0.916835938,0,2025-11-25 20:08:00.000000,2025-11-25 20:08:59.999922,2,BAYxx_xxxx_20251125_195837_000.7z;BAYxx_xxxx_20251125_200842_000.7z
2025-11-25 20:09:00,1827.991461,1.827991461,893.546555,364.453021,569.991885,768000,768000,1.000000000,1,2025-11-25 20:09:00.000000,2025-11-25 20:09:59.999922,1,BAYxx_xxxx_20251125_200842_000.7z
2025-11-25 20:10:00,1790.191221,1.790191221,901.616296,360.909349,527.665576,768000,768000,1.000000000,1,2025-11-25 20:10:00.000000,2025-11-25 20:10:59.999922,1,BAYxx_xxxx_20251125_200842_000.7z
2025-11-25 20:11:00,1723.058891,1.723058891,888.616408,356.284839,478.157644,768000,768000,1.000000000,1,2025-11-25 20:11:00.000000,2025-11-25 20:11:59.999922,1,BAYxx_xxxx_20251125_200842_000.7z
2025-11-25 20:12:00,1726.140010,1.726140010,889.874856,357.053945,479.211209,768000,768000,1.000000000,1,2025-11-25 20:12:00.000000,2025-11-25 20:12:59.999922,1,BAYxx_xxxx_20251125_200842_000.7z
2025-11-25 20:13:00,1715.544878,1.715544878,878.968272,360.084090,476.492516,768000,768000,1.000000000,1,2025-11-25 20:13:00.000000,2025-11-25 20:13:59.999922,1,BAYxx_xxxx_20251125_200842_000.7z
2025-11-25 20:14:00,1733.927799,1.733927799,894.720008,358.691139,480.516652,768000,768000,1.000000000,1,2025-11-25 20:14:00.000000,2025-11-25 20:14:59.999922,1,BAYxx_xxxx_20251125_200842_000.7z
2025-11-25 20:15:00,1722.542927,1.722542927,890.131697,357.118774,475.292456,768000,768000,1.000000000,1,2025-11-25 20:15:00.000000,2025-11-25 20:15:59.999922,1,BAYxx_xxxx_20251125_200842_000.7z
2025-11-25 20:16:00,1731.665741,1.731665741,889.711832,359.991298,481.962611,768000,768000,1.000000000,1,2025-11-25 20:16:00.000000,2025-11-25 20:16:59.999922,1,BAYxx_xxxx_20251125_200842_000.7z
2025-11-25 20:17:00,1728.829070,1.728829070,896.093692,355.377066,477.358312,768000,768000,1.000000000,1,2025-11-25 20:17:00.000000,2025-11-25 20:17:59.999922,1,BAYxx_xxxx_20251125_200842_000.7z
2025-11-25 20:18:00,1715.886157,1.715886157,882.792420,351.025376,482.068361,716832,768000,0.933375000,0,2025-11-25 20:18:00.000000,2025-11-25 20:18:59.999922,2,BAYxx_xxxx_20251125_200842_000.7z;BAYxx_xxxx_20251125_201846_000.7z
2025-11-25 20:19:00,1721.090212,1.721090212,890.474969,351.255518,479.359725,768000,768000,1.000000000,1,2025-11-25 20:19:00.000000,2025-11-25 20:19:59.999922,1,BAYxx_xxxx_20251125_201846_000.7z
2025-11-25 20:20:00,1722.809655,1.722809655,889.588864,351.744359,481.476431,768000,768000,1.000000000,1,2025-11-25 20:20:00.000000,2025-11-25 20:20:59.999922,1,BAYxx_xxxx_20251125_201846_000.7z
2025-11-25 20:21:00,1728.198119,1.728198119,892.907116,361.661023,473.629981,768000,768000,1.000000000,1,2025-11-25 20:21:00.000000,2025-11-25 20:21:59.999922,1,BAYxx_xxxx_20251125_201846_000.7z
2025-11-25 20:22:00,1723.657943,1.723657943,896.957028,355.957907,470.743008,768000,768000,1.000000000,1,2025-11-25 20:22:00.000000,2025-11-25 20:22:59.999922,1,BAYxx_xxxx_20251125_201846_000.7z
2025-11-25 20:23:00,1719.120587,1.719120587,881.069059,356.164546,481.886983,768000,768000,1.000000000,1,2025-11-25 20:23:00.000000,2025-11-25 20:23:59.999922,1,BAYxx_xxxx_20251125_201846_000.7z
2025-11-25 20:24:00,1721.490726,1.721490726,879.366172,364.245122,477.879433,768000,768000,1.000000000,1,2025-11-25 20:24:00.000000,2025-11-25 20:24:59.999922,1,BAYxx_xxxx_20251125_201846_000.7z
2025-11-25 20:25:00,1745.241766,1.745241766,876.878890,363.181177,505.181698,768000,768000,1.000000000,1,2025-11-25 20:25:00.000000,2025-11-25 20:25:59.999922,1,BAYxx_xxxx_20251125_201846_000.7z
2025-11-25 20:26:00,1815.472071,1.815472071,874.188918,372.187431,569.095722,768000,768000,1.000000000,1,2025-11-25 20:26:00.000000,2025-11-25 20:26:59.999922,1,BAYxx_xxxx_20251125_201846_000.7z
2025-11-25 20:27:00,1813.344045,1.813344045,879.189342,363.004041,571.150663,768000,768000,1.000000000,1,2025-11-25 20:27:00.000000,2025-11-25 20:27:59.999922,1,BAYxx_xxxx_20251125_201846_000.7z
2025-11-25 20:28:00,1821.075149,1.821075149,877.756752,367.472051,575.846346,716872,768000,0.933427083,0,2025-11-25 20:28:00.000000,2025-11-25 20:28:59.999922,2,BAYxx_xxxx_20251125_201846_000.7z;BAYxx_xxxx_20251125_202850_000.7z
2025-11-25 20:29:00,1818.707057,1.818707057,879.760911,363.822857,575.123289,768000,768000,1.000000000,1,2025-11-25 20:29:00.000000,2025-11-25 20:29:59.999922,1,BAYxx_xxxx_20251125_202850_000.7z
2025-11-25 20:30:00,1831.198320,1.831198320,885.478682,366.004754,579.714885,768000,768000,1.000000000,1,2025-11-25 20:30:00.000000,2025-11-25 20:30:59.999922,1,BAYxx_xxxx_20251125_202850_000.7z
2025-11-25 20:31:00,1813.650711,1.813650711,883.984098,353.770175,575.896438,768000,768000,1.000000000,1,2025-11-25 20:31:00.000000,2025-11-25 20:31:59.999922,1,BAYxx_xxxx_20251125_202850_000.7z
2025-11-25 20:32:00,1829.700703,1.829700703,886.400615,367.501280,575.798807,768000,768000,1.000000000,1,2025-11-25 20:32:00.000000,2025-11-25 20:32:59.999922,1,BAYxx_xxxx_20251125_202850_000.7z
2025-11-25 20:33:00,1826.765626,1.826765626,881.503439,365.119720,580.142466,768000,768000,1.000000000,1,2025-11-25 20:33:00.000000,2025-11-25 20:33:59.999922,1,BAYxx_xxxx_20251125_202850_000.7z
2025-11-25 20:34:00,1821.802454,1.821802454,873.255268,363.741955,584.805231,768000,768000,1.000000000,1,2025-11-25 20:34:00.000000,2025-11-25 20:34:59.999922,1,BAYxx_xxxx_20251125_202850_000.7z
2025-11-25 20:35:00,1830.730505,1.830730505,888.003422,359.012669,583.714414,768000,768000,1.000000000,1,2025-11-25 20:35:00.000000,2025-11-25 20:35:59.999922,1,BAYxx_xxxx_20251125_202850_000.7z
2025-11-25 20:36:00,1824.961545,1.824961545,890.143505,355.937941,578.880099,768000,768000,1.000000000,1,2025-11-25 20:36:00.000000,2025-11-25 20:36:59.999922,1,BAYxx_xxxx_20251125_202850_000.7z
2025-11-25 20:37:00,1821.310065,1.821310065,876.457003,362.774193,582.078869,768000,768000,1.000000000,1,2025-11-25 20:37:00.000000,2025-11-25 20:37:59.999922,1,BAYxx_xxxx_20251125_202850_000.7z
2025-11-25 20:38:00,1814.133946,1.814133946,871.157918,360.627793,582.348235,716891,768000,0.933451823,0,2025-11-25 20:38:00.000000,2025-11-25 20:38:59.999922,2,BAYxx_xxxx_20251125_202850_000.7z;BAYxx_xxxx_20251125_203854_000.7z
2025-11-25 20:39:00,1823.048409,1.823048409,885.672167,352.049852,585.326389,768000,768000,1.000000000,1,2025-11-25 20:39:00.000000,2025-11-25 20:39:59.999922,1,BAYxx_xxxx_20251125_203854_000.7z
2025-11-25 20:40:00,1814.294688,1.814294688,879.216042,354.049948,581.028698,768000,768000,1.000000000,1,2025-11-25 20:40:00.000000,2025-11-25 20:40:59.999922,1,BAYxx_xxxx_20251125_203854_000.7z
2025-11-25 20:41:00,1824.297846,1.824297846,888.746270,360.920495,574.631081,768000,768000,1.000000000,1,2025-11-25 20:41:00.000000,2025-11-25 20:41:59.999922,1,BAYxx_xxxx_20251125_203854_000.7z
2025-11-25 20:42:00,1816.125673,1.816125673,879.948573,351.096728,585.080372,768000,768000,1.000000000,1,2025-11-25 20:42:00.000000,2025-11-25 20:42:59.999922,1,BAYxx_xxxx_20251125_203854_000.7z
2025-11-25 20:43:00,1818.848923,1.818848923,885.340294,348.106374,585.402255,768000,768000,1.000000000,1,2025-11-25 20:43:00.000000,2025-11-25 20:43:59.999922,1,BAYxx_xxxx_20251125_203854_000.7z
2025-11-25 20:44:00,1815.456148,1.815456148,888.490566,348.380038,578.585544,768000,768000,1.000000000,1,2025-11-25 20:44:00.000000,2025-11-25 20:44:59.999922,1,BAYxx_xxxx_20251125_203854_000.7z
2025-11-25 20:45:00,1822.416453,1.822416453,888.912558,351.043551,582.460344,768000,768000,1.000000000,1,2025-11-25 20:45:00.000000,2025-11-25 20:45:59.999922,1,BAYxx_xxxx_20251125_203854_000.7z
2025-11-25 20:46:00,1820.993322,1.820993322,880.448427,354.160020,586.384875,768000,768000,1.000000000,1,2025-11-25 20:46:00.000000,2025-11-25 20:46:59.999922,1,BAYxx_xxxx_20251125_203854_000.7z
2025-11-25 20:47:00,1829.392987,1.829392987,892.626459,356.814277,579.952251,768000,768000,1.000000000,1,2025-11-25 20:47:00.000000,2025-11-25 20:47:59.999922,1,BAYxx_xxxx_20251125_203854_000.7z
2025-11-25 20:48:00,1834.712557,1.834712557,885.200014,366.788942,582.723601,716869,768000,0.933423177,0,2025-11-25 20:48:00.000000,2025-11-25 20:48:59.999922,2,BAYxx_xxxx_20251125_203854_000.7z;BAYxx_xxxx_20251125_204858_000.7z
2025-11-25 20:49:00,1819.770406,1.819770406,879.730896,363.621462,576.418048,768000,768000,1.000000000,1,2025-11-25 20:49:00.000000,2025-11-25 20:49:59.999922,1,BAYxx_xxxx_20251125_204858_000.7z
2025-11-25 20:50:00,1827.156229,1.827156229,886.377867,363.910152,576.868210,768000,768000,1.000000000,1,2025-11-25 20:50:00.000000,2025-11-25 20:50:59.999922,1,BAYxx_xxxx_20251125_204858_000.7z
2025-11-25 20:51:00,1816.049924,1.816049924,882.006084,357.130496,576.913344,768000,768000,1.000000000,1,2025-11-25 20:51:00.000000,2025-11-25 20:51:59.999922,1,BAYxx_xxxx_20251125_204858_000.7z
2025-11-25 20:52:00,1830.889361,1.830889361,894.906419,357.545924,578.437018,768000,768000,1.000000000,1,2025-11-25 20:52:00.000000,2025-11-25 20:52:59.999922,1,BAYxx_xxxx_20251125_204858_000.7z
2025-11-25 20:53:00,1828.662231,1.828662231,897.310205,359.041642,572.310385,768000,768000,1.000000000,1,2025-11-25 20:53:00.000000,2025-11-25 20:53:59.999922,1,BAYxx_xxxx_20251125_204858_000.7z
2025-11-25 20:54:00,1824.651937,1.824651937,897.467873,350.750533,576.433530,768000,768000,1.000000000,1,2025-11-25 20:54:00.000000,2025-11-25 20:54:59.999922,1,BAYxx_xxxx_20251125_204858_000.7z
2025-11-25 20:55:00,1827.696329,1.827696329,892.063720,353.497690,582.134919,768000,768000,1.000000000,1,2025-11-25 20:55:00.000000,2025-11-25 20:55:59.999922,1,BAYxx_xxxx_20251125_204858_000.7z
2025-11-25 20:56:00,1731.873081,1.731873081,894.847598,346.870043,490.155440,768000,768000,1.000000000,1,2025-11-25 20:56:00.000000,2025-11-25 20:56:59.999922,1,BAYxx_xxxx_20251125_204858_000.7z
2025-11-25 20:57:00,1729.172650,1.729172650,888.139145,354.961167,486.072338,768000,768000,1.000000000,1,2025-11-25 20:57:00.000000,2025-11-25 20:57:59.999922,1,BAYxx_xxxx_20251125_204858_000.7z
2025-11-25 20:58:00,1732.304068,1.732304068,889.574869,353.147093,489.582106,742514,768000,0.966815104,0,2025-11-25 20:58:00.000000,2025-11-25 20:58:58.008828,1,BAYxx_xxxx_20251125_204858_000.7z
2025-11-25 20:59:00,1735.639333,1.735639333,884.824975,362.371036,488.443322,755200,768000,0.983333333,0,2025-11-25 20:59:01.000000,2025-11-25 20:59:59.999922,1,BAYxx_xxxx_20251125_205901_000.7z
2025-11-25 21:00:00,1728.095215,1.728095215,883.617261,354.693432,489.784522,768000,768000,1.000000000,1,2025-11-25 21:00:00.000000,2025-11-25 21:00:59.999922,1,BAYxx_xxxx_20251125_205901_000.7z
2025-11-25 21:01:00,1721.968743,1.721968743,874.745093,352.246509,494.977142,768000,768000,1.000000000,1,2025-11-25 21:01:00.000000,2025-11-25 21:01:59.999922,1,BAYxx_xxxx_20251125_205901_000.7z
2025-11-25 21:02:00,1741.811863,1.741811863,891.400186,357.342414,493.069262,768000,768000,1.000000000,1,2025-11-25 21:02:00.000000,2025-11-25 21:02:59.999922,1,BAYxx_xxxx_20251125_205901_000.7z
2025-11-25 21:03:00,1731.955944,1.731955944,885.043531,353.159791,493.752623,768000,768000,1.000000000,1,2025-11-25 21:03:00.000000,2025-11-25 21:03:59.999922,1,BAYxx_xxxx_20251125_205901_000.7z
2025-11-25 21:04:00,1734.083792,1.734083792,887.744325,351.199518,495.139949,768000,768000,1.000000000,1,2025-11-25 21:04:00.000000,2025-11-25 21:04:59.999922,1,BAYxx_xxxx_20251125_205901_000.7z
2025-11-25 21:05:00,1735.743095,1.735743095,889.376609,348.963198,497.403288,768000,768000,1.000000000,1,2025-11-25 21:05:00.000000,2025-11-25 21:05:59.999922,1,BAYxx_xxxx_20251125_205901_000.7z
2025-11-25 21:06:00,1734.405724,1.734405724,890.301244,350.719909,493.384571,768000,768000,1.000000000,1,2025-11-25 21:06:00.000000,2025-11-25 21:06:59.999922,1,BAYxx_xxxx_20251125_205901_000.7z
2025-11-25 21:07:00,1732.770690,1.732770690,886.289927,351.752533,494.728229,768000,768000,1.000000000,1,2025-11-25 21:07:00.000000,2025-11-25 21:07:59.999922,1,BAYxx_xxxx_20251125_205901_000.7z
2025-11-25 21:08:00,1724.504323,1.724504323,884.091610,351.511069,488.901644,768000,768000,1.000000000,1,2025-11-25 21:08:00.000000,2025-11-25 21:08:59.999922,1,BAYxx_xxxx_20251125_205901_000.7z
2025-11-25 21:09:00,1730.367730,1.730367730,888.450831,352.206750,489.710149,742446,768000,0.966726562,0,2025-11-25 21:09:00.000000,2025-11-25 21:09:59.999922,2,BAYxx_xxxx_20251125_205901_000.7z;BAYxx_xxxx_20251125_210903_000.7z
2025-11-25 21:10:00,1734.228703,1.734228703,894.696769,353.918775,485.613158,768000,768000,1.000000000,1,2025-11-25 21:10:00.000000,2025-11-25 21:10:59.999922,1,BAYxx_xxxx_20251125_210903_000.7z
2025-11-25 21:11:00,1811.101878,1.811101878,886.746841,355.346458,569.008579,768000,768000,1.000000000,1,2025-11-25 21:11:00.000000,2025-11-25 21:11:59.999922,1,BAYxx_xxxx_20251125_210903_000.7z
2025-11-25 21:12:00,1827.941522,1.827941522,885.361322,357.151992,585.428208,768000,768000,1.000000000,1,2025-11-25 21:12:00.000000,2025-11-25 21:12:59.999922,1,BAYxx_xxxx_20251125_210903_000.7z
2025-11-25 21:13:00,1830.188048,1.830188048,887.776966,352.860548,589.550534,768000,768000,1.000000000,1,2025-11-25 21:13:00.000000,2025-11-25 21:13:59.999922,1,BAYxx_xxxx_20251125_210903_000.7z
2025-11-25 21:14:00,1822.527060,1.822527060,882.771882,351.376016,588.379163,768000,768000,1.000000000,1,2025-11-25 21:14:00.000000,2025-11-25 21:14:59.999922,1,BAYxx_xxxx_20251125_210903_000.7z
2025-11-25 21:15:00,1827.578244,1.827578244,883.285663,359.498380,584.794201,768000,768000,1.000000000,1,2025-11-25 21:15:00.000000,2025-11-25 21:15:59.999922,1,BAYxx_xxxx_20251125_210903_000.7z
2025-11-25 21:16:00,1825.134814,1.825134814,885.183278,356.834511,583.117025,768000,768000,1.000000000,1,2025-11-25 21:16:00.000000,2025-11-25 21:16:59.999922,1,BAYxx_xxxx_20251125_210903_000.7z
2025-11-25 21:17:00,1835.895546,1.835895546,882.492204,361.606837,591.796506,768000,768000,1.000000000,1,2025-11-25 21:17:00.000000,2025-11-25 21:17:59.999922,1,BAYxx_xxxx_20251125_210903_000.7z
2025-11-25 21:18:00,1836.945295,1.836945295,891.233276,353.212787,592.499232,768000,768000,1.000000000,1,2025-11-25 21:18:00.000000,2025-11-25 21:18:59.999922,1,BAYxx_xxxx_20251125_210903_000.7z
2025-11-25 21:19:00,1829.674426,1.829674426,896.141695,348.544549,584.988182,729634,768000,0.950044271,0,2025-11-25 21:19:00.000000,2025-11-25 21:19:59.999922,2,BAYxx_xxxx_20251125_210903_000.7z;BAYxx_xxxx_20251125_211906_000.7z
2025-11-25 21:20:00,1826.680300,1.826680300,895.053973,352.100298,579.526029,768000,768000,1.000000000,1,2025-11-25 21:20:00.000000,2025-11-25 21:20:59.999922,1,BAYxx_xxxx_20251125_211906_000.7z
2025-11-25 21:21:00,1838.895840,1.838895840,894.148699,362.561513,582.185629,768000,768000,1.000000000,1,2025-11-25 21:21:00.000000,2025-11-25 21:21:59.999922,1,BAYxx_xxxx_20251125_211906_000.7z
2025-11-25 21:22:00,1836.562200,1.836562200,892.316520,355.951701,588.293979,768000,768000,1.000000000,1,2025-11-25 21:22:00.000000,2025-11-25 21:22:59.999922,1,BAYxx_xxxx_20251125_211906_000.7z
2025-11-25 21:23:00,1837.867370,1.837867370,897.725370,351.346014,588.795986,768000,768000,1.000000000,1,2025-11-25 21:23:00.000000,2025-11-25 21:23:59.999922,1,BAYxx_xxxx_20251125_211906_000.7z
2025-11-25 21:24:00,1829.520979,1.829520979,886.100774,353.432042,589.988163,768000,768000,1.000000000,1,2025-11-25 21:24:00.000000,2025-11-25 21:24:59.999922,1,BAYxx_xxxx_20251125_211906_000.7z
2025-11-25 21:25:00,1840.541532,1.840541532,887.427286,355.454148,597.660098,768000,768000,1.000000000,1,2025-11-25 21:25:00.000000,2025-11-25 21:25:59.999922,1,BAYxx_xxxx_20251125_211906_000.7z
2025-11-25 21:26:00,1827.730909,1.827730909,887.134014,353.994667,586.602228,768000,768000,1.000000000,1,2025-11-25 21:26:00.000000,2025-11-25 21:26:59.999922,1,BAYxx_xxxx_20251125_211906_000.7z
2025-11-25 21:27:00,1834.688766,1.834688766,886.966899,357.482102,590.239765,768000,768000,1.000000000,1,2025-11-25 21:27:00.000000,2025-11-25 21:27:59.999922,1,BAYxx_xxxx_20251125_211906_000.7z
2025-11-25 21:28:00,1833.451367,1.833451367,889.025930,362.027513,582.397924,768000,768000,1.000000000,1,2025-11-25 21:28:00.000000,2025-11-25 21:28:59.999922,1,BAYxx_xxxx_20251125_211906_000.7z
2025-11-25 21:29:00,1835.379955,1.835379955,889.906934,356.999947,588.473074,729633,768000,0.950042969,0,2025-11-25 21:29:00.000000,2025-11-25 21:29:59.999922,2,BAYxx_xxxx_20251125_211906_000.7z;BAYxx_xxxx_20251125_212909_000.7z
2025-11-25 21:30:00,1843.091848,1.843091848,896.800079,355.726688,590.565081,768000,768000,1.000000000,1,2025-11-25 21:30:00.000000,2025-11-25 21:30:59.999922,1,BAYxx_xxxx_20251125_212909_000.7z
2025-11-25 21:31:00,1828.813155,1.828813155,889.730657,352.603856,586.478642,768000,768000,1.000000000,1,2025-11-25 21:31:00.000000,2025-11-25 21:31:59.999922,1,BAYxx_xxxx_20251125_212909_000.7z
2025-11-25 21:32:00,1827.789161,1.827789161,889.045302,357.834557,580.909302,768000,768000,1.000000000,1,2025-11-25 21:32:00.000000,2025-11-25 21:32:59.999922,1,BAYxx_xxxx_20251125_212909_000.7z
2025-11-25 21:33:00,1831.868506,1.831868506,886.126129,366.499409,579.242968,768000,768000,1.000000000,1,2025-11-25 21:33:00.000000,2025-11-25 21:33:59.999922,1,BAYxx_xxxx_20251125_212909_000.7z
2025-11-25 21:34:00,1837.097573,1.837097573,897.305800,359.198745,580.593028,768000,768000,1.000000000,1,2025-11-25 21:34:00.000000,2025-11-25 21:34:59.999922,1,BAYxx_xxxx_20251125_212909_000.7z
2025-11-25 21:35:00,1838.071204,1.838071204,899.051975,356.502841,582.516387,768000,768000,1.000000000,1,2025-11-25 21:35:00.000000,2025-11-25 21:35:59.999922,1,BAYxx_xxxx_20251125_212909_000.7z
2025-11-25 21:36:00,1833.127252,1.833127252,894.625371,355.635214,582.866667,768000,768000,1.000000000,1,2025-11-25 21:36:00.000000,2025-11-25 21:36:59.999922,1,BAYxx_xxxx_20251125_212909_000.7z
2025-11-25 21:37:00,1832.204899,1.832204899,890.905558,355.895894,585.403447,768000,768000,1.000000000,1,2025-11-25 21:37:00.000000,2025-11-25 21:37:59.999922,1,BAYxx_xxxx_20251125_212909_000.7z
2025-11-25 21:38:00,1835.952164,1.835952164,896.667433,356.567185,582.717546,768000,768000,1.000000000,1,2025-11-25 21:38:00.000000,2025-11-25 21:38:59.999922,1,BAYxx_xxxx_20251125_212909_000.7z
2025-11-25 21:39:00,1842.414206,1.842414206,894.828422,361.834406,585.751379,716903,768000,0.933467448,0,2025-11-25 21:39:00.000000,2025-11-25 21:39:59.999922,2,BAYxx_xxxx_20251125_212909_000.7z;BAYxx_xxxx_20251125_213913_000.7z
2025-11-25 21:40:00,1839.467610,1.839467610,888.463520,359.101589,591.902501,768000,768000,1.000000000,1,2025-11-25 21:40:00.000000,2025-11-25 21:40:59.999922,1,BAYxx_xxxx_20251125_213913_000.7z
2025-11-25 21:41:00,1777.947229,1.777947229,889.594341,364.226106,524.126782,768000,768000,1.000000000,1,2025-11-25 21:41:00.000000,2025-11-25 21:41:59.999922,1,BAYxx_xxxx_20251125_213913_000.7z
2025-11-25 21:42:00,1741.327966,1.741327966,883.550066,363.215631,494.562269,768000,768000,1.000000000,1,2025-11-25 21:42:00.000000,2025-11-25 21:42:59.999922,1,BAYxx_xxxx_20251125_213913_000.7z
2025-11-25 21:43:00,1746.136400,1.746136400,897.061517,361.083489,487.991394,768000,768000,1.000000000,1,2025-11-25 21:43:00.000000,2025-11-25 21:43:59.999922,1,BAYxx_xxxx_20251125_213913_000.7z
2025-11-25 21:44:00,1742.513345,1.742513345,900.172364,355.042766,487.298215,768000,768000,1.000000000,1,2025-11-25 21:44:00.000000,2025-11-25 21:44:59.999922,1,BAYxx_xxxx_20251125_213913_000.7z
2025-11-25 21:45:00,1742.408790,1.742408790,896.671922,361.501161,484.235707,768000,768000,1.000000000,1,2025-11-25 21:45:00.000000,2025-11-25 21:45:59.999922,1,BAYxx_xxxx_20251125_213913_000.7z
2025-11-25 21:46:00,1751.522764,1.751522764,896.802411,367.765211,486.955143,768000,768000,1.000000000,1,2025-11-25 21:46:00.000000,2025-11-25 21:46:59.999922,1,BAYxx_xxxx_20251125_213913_000.7z
2025-11-25 21:47:00,1738.216576,1.738216576,887.343249,361.673878,489.199449,768000,768000,1.000000000,1,2025-11-25 21:47:00.000000,2025-11-25 21:47:59.999922,1,BAYxx_xxxx_20251125_213913_000.7z
2025-11-25 21:48:00,1744.144138,1.744144138,891.878536,367.218436,485.047167,768000,768000,1.000000000,1,2025-11-25 21:48:00.000000,2025-11-25 21:48:59.999922,1,BAYxx_xxxx_20251125_213913_000.7z
2025-11-25 21:49:00,1735.318481,1.735318481,894.901678,355.315371,485.101433,716929,768000,0.933501302,0,2025-11-25 21:49:00.000000,2025-11-25 21:49:59.999922,2,BAYxx_xxxx_20251125_213913_000.7z;BAYxx_xxxx_20251125_214917_000.7z
2025-11-25 21:50:00,1744.710082,1.744710082,899.719539,356.608473,488.382070,768000,768000,1.000000000,1,2025-11-25 21:50:00.000000,2025-11-25 21:50:59.999922,1,BAYxx_xxxx_20251125_214917_000.7z
2025-11-25 21:51:00,1751.563138,1.751563138,899.983993,362.856306,488.722839,768000,768000,1.000000000,1,2025-11-25 21:51:00.000000,2025-11-25 21:51:59.999922,1,BAYxx_xxxx_20251125_214917_000.7z
2025-11-25 21:52:00,1747.521354,1.747521354,904.215965,354.429873,488.875516,768000,768000,1.000000000,1,2025-11-25 21:52:00.000000,2025-11-25 21:52:59.999922,1,BAYxx_xxxx_20251125_214917_000.7z
2025-11-25 21:53:00,1749.626024,1.749626024,910.126967,350.524710,488.974347,768000,768000,1.000000000,1,2025-11-25 21:53:00.000000,2025-11-25 21:53:59.999922,1,BAYxx_xxxx_20251125_214917_000.7z
2025-11-25 21:54:00,1746.203478,1.746203478,898.511955,352.966649,494.724874,768000,768000,1.000000000,1,2025-11-25 21:54:00.000000,2025-11-25 21:54:59.999922,1,BAYxx_xxxx_20251125_214917_000.7z
2025-11-25 21:55:00,1746.752865,1.746752865,899.767507,353.800403,493.184955,768000,768000,1.000000000,1,2025-11-25 21:55:00.000000,2025-11-25 21:55:59.999922,1,BAYxx_xxxx_20251125_214917_000.7z
2025-11-25 21:56:00,1801.234050,1.801234050,897.706764,363.552884,539.974402,768000,768000,1.000000000,1,2025-11-25 21:56:00.000000,2025-11-25 21:56:59.999922,1,BAYxx_xxxx_20251125_214917_000.7z
2025-11-25 21:57:00,1841.682716,1.841682716,891.626182,361.835603,588.220931,768000,768000,1.000000000,1,2025-11-25 21:57:00.000000,2025-11-25 21:57:59.999922,1,BAYxx_xxxx_20251125_214917_000.7z
2025-11-25 21:58:00,1839.693448,1.839693448,891.700978,358.967087,589.025384,768000,768000,1.000000000,1,2025-11-25 21:58:00.000000,2025-11-25 21:58:59.999922,1,BAYxx_xxxx_20251125_214917_000.7z
2025-11-25 21:59:00,1842.367267,1.842367267,891.982872,374.901296,575.483099,716925,768000,0.933496094,0,2025-11-25 21:59:00.000000,2025-11-25 21:59:59.999922,2,BAYxx_xxxx_20251125_214917_000.7z;BAYxx_xxxx_20251125_215921_000.7z
2025-11-25 22:00:00,1834.372329,1.834372329,884.174150,374.237397,575.960781,768000,768000,1.000000000,1,2025-11-25 22:00:00.000000,2025-11-25 22:00:59.999922,1,BAYxx_xxxx_20251125_215921_000.7z
2025-11-25 22:01:00,1823.269028,1.823269028,886.183832,363.358892,573.726304,768000,768000,1.000000000,1,2025-11-25 22:01:00.000000,2025-11-25 22:01:59.999922,1,BAYxx_xxxx_20251125_215921_000.7z
2025-11-25 22:02:00,1813.159976,1.813159976,873.471226,365.125125,574.563625,768000,768000,1.000000000,1,2025-11-25 22:02:00.000000,2025-11-25 22:02:59.999922,1,BAYxx_xxxx_20251125_215921_000.7z
2025-11-25 22:03:00,1840.961473,1.840961473,885.173819,381.039212,574.748441,768000,768000,1.000000000,1,2025-11-25 22:03:00.000000,2025-11-25 22:03:59.999922,1,BAYxx_xxxx_20251125_215921_000.7z
2025-11-25 22:04:00,1849.513634,1.849513634,888.399702,377.647291,583.466642,768000,768000,1.000000000,1,2025-11-25 22:04:00.000000,2025-11-25 22:04:59.999922,1,BAYxx_xxxx_20251125_215921_000.7z
2025-11-25 22:05:00,1837.323995,1.837323995,887.143794,374.619875,575.560326,768000,768000,1.000000000,1,2025-11-25 22:05:00.000000,2025-11-25 22:05:59.999922,1,BAYxx_xxxx_20251125_215921_000.7z
2025-11-25 22:06:00,1841.087084,1.841087084,887.603163,375.482694,578.001226,768000,768000,1.000000000,1,2025-11-25 22:06:00.000000,2025-11-25 22:06:59.999922,1,BAYxx_xxxx_20251125_215921_000.7z
2025-11-25 22:07:00,1836.656676,1.836656676,883.994627,374.080901,578.581148,768000,768000,1.000000000,1,2025-11-25 22:07:00.000000,2025-11-25 22:07:59.999922,1,BAYxx_xxxx_20251125_215921_000.7z
2025-11-25 22:08:00,1836.272262,1.836272262,875.168380,385.355934,575.747948,768000,768000,1.000000000,1,2025-11-25 22:08:00.000000,2025-11-25 22:08:59.999922,1,BAYxx_xxxx_20251125_215921_000.7z
2025-11-25 22:09:00,1835.412884,1.835412884,875.935894,383.876501,575.600489,716811,768000,0.933347656,0,2025-11-25 22:09:00.000000,2025-11-25 22:09:59.999922,2,BAYxx_xxxx_20251125_215921_000.7z;BAYxx_xxxx_20251125_220925_000.7z
2025-11-25 22:10:00,1834.514380,1.834514380,877.704717,378.792980,578.016684,768000,768000,1.000000000,1,2025-11-25 22:10:00.000000,2025-11-25 22:10:59.999922,1,BAYxx_xxxx_20251125_220925_000.7z
2025-11-25 22:11:00,1835.100859,1.835100859,876.910781,377.309999,580.880079,768000,768000,1.000000000,1,2025-11-25 22:11:00.000000,2025-11-25 22:11:59.999922,1,BAYxx_xxxx_20251125_220925_000.7z
2025-11-25 22:12:00,1848.142937,1.848142937,887.691490,377.721580,582.729866,768000,768000,1.000000000,1,2025-11-25 22:12:00.000000,2025-11-25 22:12:59.999922,1,BAYxx_xxxx_20251125_220925_000.7z
2025-11-25 22:13:00,1835.404872,1.835404872,889.798902,372.246157,573.359814,768000,768000,1.000000000,1,2025-11-25 22:13:00.000000,2025-11-25 22:13:59.999922,1,BAYxx_xxxx_20251125_220925_000.7z
2025-11-25 22:14:00,1841.996450,1.841996450,886.938760,377.474861,577.582829,768000,768000,1.000000000,1,2025-11-25 22:14:00.000000,2025-11-25 22:14:59.999922,1,BAYxx_xxxx_20251125_220925_000.7z
2025-11-25 22:15:00,1835.489545,1.835489545,888.979350,377.400888,569.109308,768000,768000,1.000000000,1,2025-11-25 22:15:00.000000,2025-11-25 22:15:59.999922,1,BAYxx_xxxx_20251125_220925_000.7z
2025-11-25 22:16:00,1833.435477,1.833435477,877.699182,375.996339,579.739956,768000,768000,1.000000000,1,2025-11-25 22:16:00.000000,2025-11-25 22:16:59.999922,1,BAYxx_xxxx_20251125_220925_000.7z
2025-11-25 22:17:00,1840.426060,1.840426060,897.339088,375.194711,567.892261,768000,768000,1.000000000,1,2025-11-25 22:17:00.000000,2025-11-25 22:17:59.999922,1,BAYxx_xxxx_20251125_220925_000.7z
2025-11-25 22:18:00,1838.469660,1.838469660,889.481960,373.657453,575.330247,768000,768000,1.000000000,1,2025-11-25 22:18:00.000000,2025-11-25 22:18:59.999922,1,BAYxx_xxxx_20251125_220925_000.7z
2025-11-25 22:19:00,1840.364005,1.840364005,887.636921,378.673855,574.053228,716896,768000,0.933458333,0,2025-11-25 22:19:00.000000,2025-11-25 22:19:59.999922,2,BAYxx_xxxx_20251125_220925_000.7z;BAYxx_xxxx_20251125_221929_000.7z
2025-11-25 22:20:00,1833.039038,1.833039038,881.505904,375.006109,576.527024,768000,768000,1.000000000,1,2025-11-25 22:20:00.000000,2025-11-25 22:20:59.999922,1,BAYxx_xxxx_20251125_221929_000.7z
2025-11-25 22:21:00,1834.549172,1.834549172,883.862355,375.107104,575.579713,768000,768000,1.000000000,1,2025-11-25 22:21:00.000000,2025-11-25 22:21:59.999922,1,BAYxx_xxxx_20251125_221929_000.7z
2025-11-25 22:22:00,1846.624224,1.846624224,881.509487,375.769470,589.345266,768000,768000,1.000000000,1,2025-11-25 22:22:00.000000,2025-11-25 22:22:59.999922,1,BAYxx_xxxx_20251125_221929_000.7z
2025-11-25 22:23:00,1828.698657,1.828698657,879.482433,374.140881,575.075343,768000,768000,1.000000000,1,2025-11-25 22:23:00.000000,2025-11-25 22:23:59.999922,1,BAYxx_xxxx_20251125_221929_000.7z
2025-11-25 22:24:00,1835.912775,1.835912775,878.134247,375.112274,582.666254,768000,768000,1.000000000,1,2025-11-25 22:24:00.000000,2025-11-25 22:24:59.999922,1,BAYxx_xxxx_20251125_221929_000.7z
2025-11-25 22:25:00,1844.521988,1.844521988,886.485775,374.336414,583.699799,768000,768000,1.000000000,1,2025-11-25 22:25:00.000000,2025-11-25 22:25:59.999922,1,BAYxx_xxxx_20251125_221929_000.7z
2025-11-25 22:26:00,1819.708056,1.819708056,890.255645,372.104400,557.348011,768000,768000,1.000000000,1,2025-11-25 22:26:00.000000,2025-11-25 22:26:59.999922,1,BAYxx_xxxx_20251125_221929_000.7z
2025-11-25 22:27:00,1748.191903,1.748191903,895.136618,374.927903,478.127382,768000,768000,1.000000000,1,2025-11-25 22:27:00.000000,2025-11-25 22:27:59.999922,1,BAYxx_xxxx_20251125_221929_000.7z
2025-11-25 22:28:00,1739.091686,1.739091686,889.203910,371.992285,477.895491,768000,768000,1.000000000,1,2025-11-25 22:28:00.000000,2025-11-25 22:28:59.999922,1,BAYxx_xxxx_20251125_221929_000.7z
2025-11-25 22:29:00,1738.669044,1.738669044,889.636552,367.386218,481.646275,704032,768000,0.916708333,0,2025-11-25 22:29:00.000000,2025-11-25 22:29:59.999922,2,BAYxx_xxxx_20251125_221929_000.7z;BAYxx_xxxx_20251125_222934_000.7z
2025-11-25 22:30:00,1732.038177,1.732038177,889.069091,367.064431,475.904655,768000,768000,1.000000000,1,2025-11-25 22:30:00.000000,2025-11-25 22:30:59.999922,1,BAYxx_xxxx_20251125_222934_000.7z
2025-11-25 22:31:00,1736.717807,1.736717807,891.918111,367.408295,477.391401,768000,768000,1.000000000,1,2025-11-25 22:31:00.000000,2025-11-25 22:31:59.999922,1,BAYxx_xxxx_20251125_222934_000.7z
2025-11-25 22:32:00,1751.040294,1.751040294,899.614060,372.420474,479.005761,768000,768000,1.000000000,1,2025-11-25 22:32:00.000000,2025-11-25 22:32:59.999922,1,BAYxx_xxxx_20251125_222934_000.7z
2025-11-25 22:33:00,1741.124109,1.741124109,894.292907,370.876935,475.954267,768000,768000,1.000000000,1,2025-11-25 22:33:00.000000,2025-11-25 22:33:59.999922,1,BAYxx_xxxx_20251125_222934_000.7z
2025-11-25 22:34:00,1742.325481,1.742325481,892.049322,372.372152,477.904007,768000,768000,1.000000000,1,2025-11-25 22:34:00.000000,2025-11-25 22:34:59.999922,1,BAYxx_xxxx_20251125_222934_000.7z
2025-11-25 22:35:00,1752.836616,1.752836616,902.947735,371.230903,478.657977,768000,768000,1.000000000,1,2025-11-25 22:35:00.000000,2025-11-25 22:35:59.999922,1,BAYxx_xxxx_20251125_222934_000.7z
2025-11-25 22:36:00,1741.896496,1.741896496,895.899081,368.565688,477.431727,768000,768000,1.000000000,1,2025-11-25 22:36:00.000000,2025-11-25 22:36:59.999922,1,BAYxx_xxxx_20251125_222934_000.7z
2025-11-25 22:37:00,1738.509124,1.738509124,889.621807,369.507037,479.380280,768000,768000,1.000000000,1,2025-11-25 22:37:00.000000,2025-11-25 22:37:59.999922,1,BAYxx_xxxx_20251125_222934_000.7z
2025-11-25 22:38:00,1742.876357,1.742876357,897.042104,367.157227,478.677026,768000,768000,1.000000000,1,2025-11-25 22:38:00.000000,2025-11-25 22:38:59.999922,1,BAYxx_xxxx_20251125_222934_000.7z
2025-11-25 22:39:00,1749.793497,1.749793497,897.341283,374.735805,477.716409,716934,768000,0.933507813,0,2025-11-25 22:39:00.000000,2025-11-25 22:39:59.999922,2,BAYxx_xxxx_20251125_222934_000.7z;BAYxx_xxxx_20251125_223938_000.7z
2025-11-25 22:40:00,1742.426613,1.742426613,895.241347,369.049697,478.135570,768000,768000,1.000000000,1,2025-11-25 22:40:00.000000,2025-11-25 22:40:59.999922,1,BAYxx_xxxx_20251125_223938_000.7z
2025-11-25 22:41:00,1750.415170,1.750415170,895.519403,372.976192,481.919575,768000,768000,1.000000000,1,2025-11-25 22:41:00.000000,2025-11-25 22:41:59.999922,1,BAYxx_xxxx_20251125_223938_000.7z
2025-11-25 22:42:00,1840.806391,1.840806391,891.793306,370.604651,578.408434,768000,768000,1.000000000,1,2025-11-25 22:42:00.000000,2025-11-25 22:42:59.999922,1,BAYxx_xxxx_20251125_223938_000.7z
2025-11-25 22:43:00,1840.613586,1.840613586,892.226508,371.393483,576.993595,768000,768000,1.000000000,1,2025-11-25 22:43:00.000000,2025-11-25 22:43:59.999922,1,BAYxx_xxxx_20251125_223938_000.7z
2025-11-25 22:44:00,1847.191748,1.847191748,892.676745,375.343365,579.171638,768000,768000,1.000000000,1,2025-11-25 22:44:00.000000,2025-11-25 22:44:59.999922,1,BAYxx_xxxx_20251125_223938_000.7z
2025-11-25 22:45:00,1848.024548,1.848024548,896.457135,371.373263,580.194150,768000,768000,1.000000000,1,2025-11-25 22:45:00.000000,2025-11-25 22:45:59.999922,1,BAYxx_xxxx_20251125_223938_000.7z
2025-11-25 22:46:00,1852.234060,1.852234060,903.657925,370.228219,578.347916,768000,768000,1.000000000,1,2025-11-25 22:46:00.000000,2025-11-25 22:46:59.999922,1,BAYxx_xxxx_20251125_223938_000.7z
2025-11-25 22:47:00,1840.938483,1.840938483,894.182763,370.473104,576.282616,768000,768000,1.000000000,1,2025-11-25 22:47:00.000000,2025-11-25 22:47:59.999922,1,BAYxx_xxxx_20251125_223938_000.7z
2025-11-25 22:48:00,1842.572607,1.842572607,889.083233,369.237333,584.252041,768000,768000,1.000000000,1,2025-11-25 22:48:00.000000,2025-11-25 22:48:59.999922,1,BAYxx_xxxx_20251125_223938_000.7z
2025-11-25 22:49:00,1849.816978,1.849816978,893.914843,376.668652,579.233482,729636,768000,0.950046875,0,2025-11-25 22:49:00.000000,2025-11-25 22:49:59.999922,2,BAYxx_xxxx_20251125_223938_000.7z;BAYxx_xxxx_20251125_224941_000.7z
2025-11-25 22:50:00,1841.463578,1.841463578,888.550512,373.143017,579.770049,768000,768000,1.000000000,1,2025-11-25 22:50:00.000000,2025-11-25 22:50:59.999922,1,BAYxx_xxxx_20251125_224941_000.7z
2025-11-25 22:51:00,1843.918874,1.843918874,889.383120,374.138843,580.396911,768000,768000,1.000000000,1,2025-11-25 22:51:00.000000,2025-11-25 22:51:59.999922,1,BAYxx_xxxx_20251125_224941_000.7z
2025-11-25 22:52:00,1848.979483,1.848979483,895.693072,373.863224,579.423187,768000,768000,1.000000000,1,2025-11-25 22:52:00.000000,2025-11-25 22:52:59.999922,1,BAYxx_xxxx_20251125_224941_000.7z
2025-11-25 22:53:00,1837.078604,1.837078604,889.179110,371.423009,576.476486,768000,768000,1.000000000,1,2025-11-25 22:53:00.000000,2025-11-25 22:53:59.999922,1,BAYxx_xxxx_20251125_224941_000.7z
2025-11-25 22:54:00,1837.349919,1.837349919,890.187349,369.390086,577.772483,768000,768000,1.000000000,1,2025-11-25 22:54:00.000000,2025-11-25 22:54:59.999922,1,BAYxx_xxxx_20251125_224941_000.7z
2025-11-25 22:55:00,1843.433900,1.843433900,896.643764,372.624112,574.166023,768000,768000,1.000000000,1,2025-11-25 22:55:00.000000,2025-11-25 22:55:59.999922,1,BAYxx_xxxx_20251125_224941_000.7z
2025-11-25 22:56:00,1844.534571,1.844534571,895.300813,374.117964,575.115793,768000,768000,1.000000000,1,2025-11-25 22:56:00.000000,2025-11-25 22:56:59.999922,1,BAYxx_xxxx_20251125_224941_000.7z
2025-11-25 22:57:00,1849.858549,1.849858549,903.250138,374.619493,571.988919,768000,768000,1.000000000,1,2025-11-25 22:57:00.000000,2025-11-25 22:57:59.999922,1,BAYxx_xxxx_20251125_224941_000.7z
2025-11-25 22:58:00,1838.661737,1.838661737,897.863570,365.149199,575.648969,768000,768000,1.000000000,1,2025-11-25 22:58:00.000000,2025-11-25 22:58:59.999922,1,BAYxx_xxxx_20251125_224941_000.7z
2025-11-25 22:59:00,1844.186346,1.844186346,895.126763,371.598117,577.461466,716830,768000,0.933372396,0,2025-11-25 22:59:00.000000,2025-11-25 22:59:59.999922,2,BAYxx_xxxx_20251125_224941_000.7z;BAYxx_xxxx_20251125_225945_000.7z
2025-11-25 23:00:00,1837.461491,1.837461491,893.632009,362.752403,581.077079,768000,768000,1.000000000,1,2025-11-25 23:00:00.000000,2025-11-25 23:00:59.999922,1,BAYxx_xxxx_20251125_225945_000.7z
2025-11-25 23:01:00,1843.820201,1.843820201,896.493800,366.596951,580.729450,768000,768000,1.000000000,1,2025-11-25 23:01:00.000000,2025-11-25 23:01:59.999922,1,BAYxx_xxxx_20251125_225945_000.7z
2025-11-25 23:02:00,1831.478174,1.831478174,883.575732,372.472367,575.430074,768000,768000,1.000000000,1,2025-11-25 23:02:00.000000,2025-11-25 23:02:59.999922,1,BAYxx_xxxx_20251125_225945_000.7z
2025-11-25 23:03:00,1834.634785,1.834634785,890.351224,369.982098,574.301462,768000,768000,1.000000000,1,2025-11-25 23:03:00.000000,2025-11-25 23:03:59.999922,1,BAYxx_xxxx_20251125_225945_000.7z
2025-11-25 23:04:00,1840.090667,1.840090667,889.102776,377.280585,573.707306,768000,768000,1.000000000,1,2025-11-25 23:04:00.000000,2025-11-25 23:04:59.999922,1,BAYxx_xxxx_20251125_225945_000.7z
2025-11-25 23:05:00,1844.868492,1.844868492,887.456924,380.285574,577.125993,768000,768000,1.000000000,1,2025-11-25 23:05:00.000000,2025-11-25 23:05:59.999922,1,BAYxx_xxxx_20251125_225945_000.7z
2025-11-25 23:06:00,1842.746095,1.842746095,890.226049,375.768260,576.751786,768000,768000,1.000000000,1,2025-11-25 23:06:00.000000,2025-11-25 23:06:59.999922,1,BAYxx_xxxx_20251125_225945_000.7z
2025-11-25 23:07:00,1838.742255,1.838742255,891.065137,373.170996,574.506121,768000,768000,1.000000000,1,2025-11-25 23:07:00.000000,2025-11-25 23:07:59.999922,1,BAYxx_xxxx_20251125_225945_000.7z
2025-11-25 23:08:00,1834.999781,1.834999781,894.051221,371.119509,569.829052,768000,768000,1.000000000,1,2025-11-25 23:08:00.000000,2025-11-25 23:08:59.999922,1,BAYxx_xxxx_20251125_225945_000.7z
2025-11-25 23:09:00,1839.199523,1.839199523,892.933991,373.095516,573.170017,716870,768000,0.933424479,0,2025-11-25 23:09:00.000000,2025-11-25 23:09:59.999922,2,BAYxx_xxxx_20251125_225945_000.7z;BAYxx_xxxx_20251125_230949_000.7z
2025-11-25 23:10:00,1840.531277,1.840531277,887.019284,377.912049,575.599944,768000,768000,1.000000000,1,2025-11-25 23:10:00.000000,2025-11-25 23:10:59.999922,1,BAYxx_xxxx_20251125_230949_000.7z
2025-11-25 23:11:00,1835.995966,1.835995966,886.062948,369.330560,580.602458,768000,768000,1.000000000,1,2025-11-25 23:11:00.000000,2025-11-25 23:11:59.999922,1,BAYxx_xxxx_20251125_230949_000.7z
2025-11-25 23:12:00,1773.900295,1.773900295,886.151816,372.576130,515.172349,768000,768000,1.000000000,1,2025-11-25 23:12:00.000000,2025-11-25 23:12:59.999922,1,BAYxx_xxxx_20251125_230949_000.7z
2025-11-25 23:13:00,1746.458867,1.746458867,883.853331,372.448639,490.156897,768000,768000,1.000000000,1,2025-11-25 23:13:00.000000,2025-11-25 23:13:59.999922,1,BAYxx_xxxx_20251125_230949_000.7z
2025-11-25 23:14:00,1745.668103,1.745668103,891.198359,368.675131,485.794613,768000,768000,1.000000000,1,2025-11-25 23:14:00.000000,2025-11-25 23:14:59.999922,1,BAYxx_xxxx_20251125_230949_000.7z
2025-11-25 23:15:00,1744.604921,1.744604921,891.766837,370.337386,482.500698,768000,768000,1.000000000,1,2025-11-25 23:15:00.000000,2025-11-25 23:15:59.999922,1,BAYxx_xxxx_20251125_230949_000.7z
2025-11-25 23:16:00,1746.415279,1.746415279,894.053557,369.870286,482.491435,768000,768000,1.000000000,1,2025-11-25 23:16:00.000000,2025-11-25 23:16:59.999922,1,BAYxx_xxxx_20251125_230949_000.7z
2025-11-25 23:17:00,1757.953381,1.757953381,892.003418,377.824924,488.125039,768000,768000,1.000000000,1,2025-11-25 23:17:00.000000,2025-11-25 23:17:59.999922,1,BAYxx_xxxx_20251125_230949_000.7z
2025-11-25 23:18:00,1742.819897,1.742819897,890.964018,369.419349,482.436530,768000,768000,1.000000000,1,2025-11-25 23:18:00.000000,2025-11-25 23:18:59.999922,1,BAYxx_xxxx_20251125_230949_000.7z
2025-11-25 23:19:00,1750.299491,1.750299491,895.279231,370.941377,484.078883,716880,768000,0.933437500,0,2025-11-25 23:19:00.000000,2025-11-25 23:19:59.999922,2,BAYxx_xxxx_20251125_230949_000.7z;BAYxx_xxxx_20251125_231953_000.7z
2025-11-25 23:20:00,1738.475124,1.738475124,890.093187,368.832718,479.549219,768000,768000,1.000000000,1,2025-11-25 23:20:00.000000,2025-11-25 23:20:59.999922,1,BAYxx_xxxx_20251125_231953_000.7z
2025-11-25 23:21:00,1710.756056,1.710756056,868.880778,369.026223,472.849055,768000,768000,1.000000000,1,2025-11-25 23:21:00.000000,2025-11-25 23:21:59.999922,1,BAYxx_xxxx_20251125_231953_000.7z
2025-11-25 23:22:00,1699.341059,1.699341059,869.405288,358.303539,471.632232,768000,768000,1.000000000,1,2025-11-25 23:22:00.000000,2025-11-25 23:22:59.999922,1,BAYxx_xxxx_20251125_231953_000.7z
2025-11-25 23:23:00,1704.085580,1.704085580,867.896551,361.103075,475.085954,768000,768000,1.000000000,1,2025-11-25 23:23:00.000000,2025-11-25 23:23:59.999922,1,BAYxx_xxxx_20251125_231953_000.7z
2025-11-25 23:24:00,1705.758108,1.705758108,866.762116,364.131788,474.864203,768000,768000,1.000000000,1,2025-11-25 23:24:00.000000,2025-11-25 23:24:59.999922,1,BAYxx_xxxx_20251125_231953_000.7z
2025-11-25 23:25:00,1706.232815,1.706232815,866.751990,365.477993,474.002831,768000,768000,1.000000000,1,2025-11-25 23:25:00.000000,2025-11-25 23:25:59.999922,1,BAYxx_xxxx_20251125_231953_000.7z
2025-11-25 23:26:00,1707.767279,1.707767279,870.373511,359.430058,477.963710,768000,768000,1.000000000,1,2025-11-25 23:26:00.000000,2025-11-25 23:26:59.999922,1,BAYxx_xxxx_20251125_231953_000.7z
2025-11-25 23:27:00,1772.641292,1.772641292,871.198565,360.434777,541.007950,768000,768000,1.000000000,1,2025-11-25 23:27:00.000000,2025-11-25 23:27:59.999922,1,BAYxx_xxxx_20251125_231953_000.7z
2025-11-25 23:28:00,1798.042247,1.798042247,864.328310,364.110574,569.603363,768000,768000,1.000000000,1,2025-11-25 23:28:00.000000,2025-11-25 23:28:59.999922,1,BAYxx_xxxx_20251125_231953_000.7z
2025-11-25 23:29:00,1799.610086,1.799610086,870.380173,363.474204,565.755709,704075,768000,0.916764323,0,2025-11-25 23:29:00.000000,2025-11-25 23:29:59.999922,2,BAYxx_xxxx_20251125_231953_000.7z;BAYxx_xxxx_20251125_232958_000.7z
2025-11-25 23:30:00,1798.506544,1.798506544,867.687600,364.005277,566.813668,768000,768000,1.000000000,1,2025-11-25 23:30:00.000000,2025-11-25 23:30:59.999922,1,BAYxx_xxxx_20251125_232958_000.7z
2025-11-25 23:31:00,1794.702973,1.794702973,866.815055,361.742804,566.145114,768000,768000,1.000000000,1,2025-11-25 23:31:00.000000,2025-11-25 23:31:59.999922,1,BAYxx_xxxx_20251125_232958_000.7z
2025-11-25 23:32:00,1799.886217,1.799886217,870.818587,364.613859,564.453771,768000,768000,1.000000000,1,2025-11-25 23:32:00.000000,2025-11-25 23:32:59.999922,1,BAYxx_xxxx_20251125_232958_000.7z
2025-11-25 23:33:00,1804.784232,1.804784232,870.855350,369.059589,564.869294,768000,768000,1.000000000,1,2025-11-25 23:33:00.000000,2025-11-25 23:33:59.999922,1,BAYxx_xxxx_20251125_232958_000.7z
2025-11-25 23:34:00,1798.025002,1.798025002,870.845765,364.883266,562.295970,768000,768000,1.000000000,1,2025-11-25 23:34:00.000000,2025-11-25 23:34:59.999922,1,BAYxx_xxxx_20251125_232958_000.7z
2025-11-25 23:35:00,1795.385529,1.795385529,868.959340,360.437344,565.988844,768000,768000,1.000000000,1,2025-11-25 23:35:00.000000,2025-11-25 23:35:59.999922,1,BAYxx_xxxx_20251125_232958_000.7z
2025-11-25 23:36:00,1797.412387,1.797412387,862.832221,363.361087,571.219078,768000,768000,1.000000000,1,2025-11-25 23:36:00.000000,2025-11-25 23:36:59.999922,1,BAYxx_xxxx_20251125_232958_000.7z
2025-11-25 23:37:00,1805.434314,1.805434314,868.570065,365.770992,571.093256,768000,768000,1.000000000,1,2025-11-25 23:37:00.000000,2025-11-25 23:37:59.999922,1,BAYxx_xxxx_20251125_232958_000.7z
2025-11-25 23:38:00,1809.390235,1.809390235,873.163972,359.065851,577.160412,768000,768000,1.000000000,1,2025-11-25 23:38:00.000000,2025-11-25 23:38:59.999922,1,BAYxx_xxxx_20251125_232958_000.7z
2025-11-25 23:39:00,1794.371231,1.794371231,862.624804,363.163320,568.583107,742461,768000,0.966746094,0,2025-11-25 23:39:00.000000,2025-11-25 23:39:58.004688,1,BAYxx_xxxx_20251125_232958_000.7z
2025-11-25 23:40:00,1804.826654,1.804826654,873.546139,359.530722,571.749794,742400,768000,0.966666667,0,2025-11-25 23:40:02.000000,2025-11-25 23:40:59.999922,1,BAYxx_xxxx_20251125_234002_000.7z
2025-11-25 23:41:00,1802.444079,1.802444079,874.095585,361.033548,567.314946,768000,768000,1.000000000,1,2025-11-25 23:41:00.000000,2025-11-25 23:41:59.999922,1,BAYxx_xxxx_20251125_234002_000.7z
2025-11-25 23:42:00,1806.274190,1.806274190,882.003891,356.876990,567.393309,768000,768000,1.000000000,1,2025-11-25 23:42:00.000000,2025-11-25 23:42:59.999922,1,BAYxx_xxxx_20251125_234002_000.7z
2025-11-25 23:43:00,1799.728988,1.799728988,868.087888,361.407693,570.233408,768000,768000,1.000000000,1,2025-11-25 23:43:00.000000,2025-11-25 23:43:59.999922,1,BAYxx_xxxx_20251125_234002_000.7z
2025-11-25 23:44:00,1799.719849,1.799719849,867.172921,361.492921,571.054007,768000,768000,1.000000000,1,2025-11-25 23:44:00.000000,2025-11-25 23:44:59.999922,1,BAYxx_xxxx_20251125_234002_000.7z
2025-11-25 23:45:00,1802.127906,1.802127906,873.051619,362.467028,566.609259,768000,768000,1.000000000,1,2025-11-25 23:45:00.000000,2025-11-25 23:45:59.999922,1,BAYxx_xxxx_20251125_234002_000.7z
2025-11-25 23:46:00,1803.198383,1.803198383,869.652223,364.797890,568.748270,768000,768000,1.000000000,1,2025-11-25 23:46:00.000000,2025-11-25 23:46:59.999922,1,BAYxx_xxxx_20251125_234002_000.7z
2025-11-25 23:47:00,1802.300548,1.802300548,874.842652,359.519058,567.938837,768000,768000,1.000000000,1,2025-11-25 23:47:00.000000,2025-11-25 23:47:59.999922,1,BAYxx_xxxx_20251125_234002_000.7z
2025-11-25 23:48:00,1812.913039,1.812913039,871.839152,370.309928,570.763958,768000,768000,1.000000000,1,2025-11-25 23:48:00.000000,2025-11-25 23:48:59.999922,1,BAYxx_xxxx_20251125_234002_000.7z
2025-11-25 23:49:00,1806.845080,1.806845080,876.011708,361.556371,569.277001,768000,768000,1.000000000,1,2025-11-25 23:49:00.000000,2025-11-25 23:49:59.999922,1,BAYxx_xxxx_20251125_234002_000.7z
2025-11-25 23:50:00,1812.097077,1.812097077,879.049051,364.905410,568.142616,716820,768000,0.933359375,0,2025-11-25 23:50:00.000000,2025-11-25 23:50:59.999922,2,BAYxx_xxxx_20251125_234002_000.7z;BAYxx_xxxx_20251125_235006_000.7z
2025-11-25 23:51:00,1807.151794,1.807151794,874.520949,362.357543,570.273302,768000,768000,1.000000000,1,2025-11-25 23:51:00.000000,2025-11-25 23:51:59.999922,1,BAYxx_xxxx_20251125_235006_000.7z
2025-11-25 23:52:00,1801.237354,1.801237354,871.776131,358.401466,571.059756,768000,768000,1.000000000,1,2025-11-25 23:52:00.000000,2025-11-25 23:52:59.999922,1,BAYxx_xxxx_20251125_235006_000.7z
2025-11-25 23:53:00,1796.682554,1.796682554,870.164705,357.585971,568.931878,768000,768000,1.000000000,1,2025-11-25 23:53:00.000000,2025-11-25 23:53:59.999922,1,BAYxx_xxxx_20251125_235006_000.7z
2025-11-25 23:54:00,1811.399095,1.811399095,876.369785,364.621167,570.408143,768000,768000,1.000000000,1,2025-11-25 23:54:00.000000,2025-11-25 23:54:59.999922,1,BAYxx_xxxx_20251125_235006_000.7z
2025-11-25 23:55:00,1800.842589,1.800842589,871.479001,361.538161,567.825427,768000,768000,1.000000000,1,2025-11-25 23:55:00.000000,2025-11-25 23:55:59.999922,1,BAYxx_xxxx_20251125_235006_000.7z
2025-11-25 23:56:00,1811.852903,1.811852903,878.013714,362.893587,570.945602,768000,768000,1.000000000,1,2025-11-25 23:56:00.000000,2025-11-25 23:56:59.999922,1,BAYxx_xxxx_20251125_235006_000.7z
2025-11-25 23:57:00,1765.375919,1.765375919,869.614733,361.478827,534.282359,768000,768000,1.000000000,1,2025-11-25 23:57:00.000000,2025-11-25 23:57:59.999922,1,BAYxx_xxxx_20251125_235006_000.7z
2025-11-25 23:58:00,1713.472036,1.713472036,875.084239,359.733493,478.654304,768000,768000,1.000000000,1,2025-11-25 23:58:00.000000,2025-11-25 23:58:59.999922,1,BAYxx_xxxx_20251125_235006_000.7z
2025-11-25 23:59:00,1719.290178,1.719290178,878.136577,362.588689,478.564911,768000,768000,1.000000000,1,2025-11-25 23:59:00.000000,2025-11-25 23:59:59.999922,1,BAYxx_xxxx_20251125_235006_000.7z
2025-11-26 00:00:00,1714.810522,1.714810522,875.187636,362.291574,477.331311,729728,768000,0.950166667,0,2025-11-26 00:00:00.000000,2025-11-26 00:00:59.999922,2,BAYxx_xxxx_20251125_235006_000.7z;BAYxx_xxxx_20251126_000009_000.7z
2025-11-26 00:01:00,1701.730080,1.701730080,870.182342,355.118965,476.428773,768000,768000,1.000000000,1,2025-11-26 00:01:00.000000,2025-11-26 00:01:59.999922,1,BAYxx_xxxx_20251126_000009_000.7z
2025-11-26 00:02:00,1712.664690,1.712664690,874.993881,361.825752,475.845056,768000,768000,1.000000000,1,2025-11-26 00:02:00.000000,2025-11-26 00:02:59.999922,1,BAYxx_xxxx_20251126_000009_000.7z
2025-11-26 00:03:00,1711.064547,1.711064547,871.365305,364.123192,475.576050,768000,768000,1.000000000,1,2025-11-26 00:03:00.000000,2025-11-26 00:03:59.999922,1,BAYxx_xxxx_20251126_000009_000.7z
2025-11-26 00:04:00,1719.386053,1.719386053,880.756201,363.716429,474.913423,768000,768000,1.000000000,1,2025-11-26 00:04:00.000000,2025-11-26 00:04:59.999922,1,BAYxx_xxxx_20251126_000009_000.7z
2025-11-26 00:05:00,1711.124762,1.711124762,877.104447,359.737638,474.282677,768000,768000,1.000000000,1,2025-11-26 00:05:00.000000,2025-11-26 00:05:59.999922,1,BAYxx_xxxx_20251126_000009_000.7z
2025-11-26 00:06:00,1716.365150,1.716365150,870.951863,369.099998,476.313289,768000,768000,1.000000000,1,2025-11-26 00:06:00.000000,2025-11-26 00:06:59.999922,1,BAYxx_xxxx_20251126_000009_000.7z
2025-11-26 00:07:00,1709.096803,1.709096803,869.793934,365.331042,473.971827,768000,768000,1.000000000,1,2025-11-26 00:07:00.000000,2025-11-26 00:07:59.999922,1,BAYxx_xxxx_20251126_000009_000.7z
2025-11-26 00:08:00,1706.504177,1.706504177,868.789049,364.894168,472.820959,768000,768000,1.000000000,1,2025-11-26 00:08:00.000000,2025-11-26 00:08:59.999922,1,BAYxx_xxxx_20251126_000009_000.7z
2025-11-26 00:09:00,1703.551315,1.703551315,864.800779,359.941040,478.809496,768000,768000,1.000000000,1,2025-11-26 00:09:00.000000,2025-11-26 00:09:59.999922,1,BAYxx_xxxx_20251126_000009_000.7z
2025-11-26 00:10:00,1718.182484,1.718182484,874.058477,366.625173,477.498834,716839,768000,0.933384115,0,2025-11-26 00:10:00.000000,2025-11-26 00:10:59.999922,2,BAYxx_xxxx_20251126_000009_000.7z;BAYxx_xxxx_20251126_001013_000.7z
2025-11-26 00:11:00,1709.949562,1.709949562,865.815971,365.912849,478.220741,768000,768000,1.000000000,1,2025-11-26 00:11:00.000000,2025-11-26 00:11:59.999922,1,BAYxx_xxxx_20251126_001013_000.7z
2025-11-26 00:12:00,1731.106641,1.731106641,870.451276,363.259747,497.395618,768000,768000,1.000000000,1,2025-11-26 00:12:00.000000,2025-11-26 00:12:59.999922,1,BAYxx_xxxx_20251126_001013_000.7z
2025-11-26 00:13:00,1802.040500,1.802040500,866.075205,367.226811,568.738484,768000,768000,1.000000000,1,2025-11-26 00:13:00.000000,2025-11-26 00:13:59.999922,1,BAYxx_xxxx_20251126_001013_000.7z
2025-11-26 00:14:00,1803.769518,1.803769518,864.551997,367.185256,572.032266,768000,768000,1.000000000,1,2025-11-26 00:14:00.000000,2025-11-26 00:14:59.999922,1,BAYxx_xxxx_20251126_001013_000.7z
2025-11-26 00:15:00,1805.583803,1.805583803,866.557614,366.097064,572.929126,768000,768000,1.000000000,1,2025-11-26 00:15:00.000000,2025-11-26 00:15:59.999922,1,BAYxx_xxxx_20251126_001013_000.7z
2025-11-26 00:16:00,1815.017748,1.815017748,867.810087,371.443249,575.764412,768000,768000,1.000000000,1,2025-11-26 00:16:00.000000,2025-11-26 00:16:59.999922,1,BAYxx_xxxx_20251126_001013_000.7z
2025-11-26 00:17:00,1808.848612,1.808848612,868.009847,367.270672,573.568093,768000,768000,1.000000000,1,2025-11-26 00:17:00.000000,2025-11-26 00:17:59.999922,1,BAYxx_xxxx_20251126_001013_000.7z
2025-11-26 00:18:00,1812.274236,1.812274236,871.134932,368.980034,572.159270,768000,768000,1.000000000,1,2025-11-26 00:18:00.000000,2025-11-26 00:18:59.999922,1,BAYxx_xxxx_20251126_001013_000.7z
2025-11-26 00:19:00,1804.529281,1.804529281,865.150347,369.331247,570.047687,768000,768000,1.000000000,1,2025-11-26 00:19:00.000000,2025-11-26 00:19:59.999922,1,BAYxx_xxxx_20251126_001013_000.7z
2025-11-26 00:20:00,1802.045654,1.802045654,863.543758,366.626103,571.875794,716873,768000,0.933428385,0,2025-11-26 00:20:00.000000,2025-11-26 00:20:59.999922,2,BAYxx_xxxx_20251126_001013_000.7z;BAYxx_xxxx_20251126_002017_000.7z
2025-11-26 00:21:00,1804.158904,1.804158904,867.782160,366.450472,569.926271,768000,768000,1.000000000,1,2025-11-26 00:21:00.000000,2025-11-26 00:21:59.999922,1,BAYxx_xxxx_20251126_002017_000.7z
2025-11-26 00:22:00,1806.731751,1.806731751,874.410455,363.455386,568.865910,768000,768000,1.000000000,1,2025-11-26 00:22:00.000000,2025-11-26 00:22:59.999922,1,BAYxx_xxxx_20251126_002017_000.7z
2025-11-26 00:23:00,1803.978395,1.803978395,868.135753,368.772552,567.070089,768000,768000,1.000000000,1,2025-11-26 00:23:00.000000,2025-11-26 00:23:59.999922,1,BAYxx_xxxx_20251126_002017_000.7z
2025-11-26 00:24:00,1807.765548,1.807765548,867.055186,371.414415,569.295946,768000,768000,1.000000000,1,2025-11-26 00:24:00.000000,2025-11-26 00:24:59.999922,1,BAYxx_xxxx_20251126_002017_000.7z
2025-11-26 00:25:00,1801.188724,1.801188724,860.641207,369.135181,571.412337,768000,768000,1.000000000,1,2025-11-26 00:25:00.000000,2025-11-26 00:25:59.999922,1,BAYxx_xxxx_20251126_002017_000.7z
2025-11-26 00:26:00,1811.391293,1.811391293,865.790160,370.362507,575.238626,768000,768000,1.000000000,1,2025-11-26 00:26:00.000000,2025-11-26 00:26:59.999922,1,BAYxx_xxxx_20251126_002017_000.7z
2025-11-26 00:27:00,1804.763562,1.804763562,864.002022,365.308571,575.452969,768000,768000,1.000000000,1,2025-11-26 00:27:00.000000,2025-11-26 00:27:59.999922,1,BAYxx_xxxx_20251126_002017_000.7z
2025-11-26 00:28:00,1814.006364,1.814006364,865.466638,373.561169,574.978556,768000,768000,1.000000000,1,2025-11-26 00:28:00.000000,2025-11-26 00:28:59.999922,1,BAYxx_xxxx_20251126_002017_000.7z
2025-11-26 00:29:00,1805.120350,1.805120350,862.511444,369.047477,573.561429,768000,768000,1.000000000,1,2025-11-26 00:29:00.000000,2025-11-26 00:29:59.999922,1,BAYxx_xxxx_20251126_002017_000.7z
2025-11-26 00:30:00,1805.651211,1.805651211,861.624431,369.733449,574.293331,716921,768000,0.933490885,0,2025-11-26 00:30:00.000000,2025-11-26 00:30:59.999922,2,BAYxx_xxxx_20251126_002017_000.7z;BAYxx_xxxx_20251126_003021_000.7z
2025-11-26 00:31:00,1811.416396,1.811416396,871.878944,367.992129,571.545323,768000,768000,1.000000000,1,2025-11-26 00:31:00.000000,2025-11-26 00:31:59.999922,1,BAYxx_xxxx_20251126_003021_000.7z
2025-11-26 00:32:00,1809.140615,1.809140615,869.291002,370.571519,569.278095,768000,768000,1.000000000,1,2025-11-26 00:32:00.000000,2025-11-26 00:32:59.999922,1,BAYxx_xxxx_20251126_003021_000.7z
2025-11-26 00:33:00,1802.612053,1.802612053,866.745025,366.643509,569.223519,768000,768000,1.000000000,1,2025-11-26 00:33:00.000000,2025-11-26 00:33:59.999922,1,BAYxx_xxxx_20251126_003021_000.7z
2025-11-26 00:34:00,1808.088166,1.808088166,865.290074,369.486238,573.311854,768000,768000,1.000000000,1,2025-11-26 00:34:00.000000,2025-11-26 00:34:59.999922,1,BAYxx_xxxx_20251126_003021_000.7z
2025-11-26 00:35:00,1813.683338,1.813683338,869.052106,373.754357,570.876874,768000,768000,1.000000000,1,2025-11-26 00:35:00.000000,2025-11-26 00:35:59.999922,1,BAYxx_xxxx_20251126_003021_000.7z
2025-11-26 00:36:00,1812.887398,1.812887398,872.672634,370.204895,570.009870,768000,768000,1.000000000,1,2025-11-26 00:36:00.000000,2025-11-26 00:36:59.999922,1,BAYxx_xxxx_20251126_003021_000.7z
2025-11-26 00:37:00,1817.209056,1.817209056,873.672978,370.371593,573.164485,768000,768000,1.000000000,1,2025-11-26 00:37:00.000000,2025-11-26 00:37:59.999922,1,BAYxx_xxxx_20251126_003021_000.7z
2025-11-26 00:38:00,1821.157766,1.821157766,879.951883,372.962280,568.243603,768000,768000,1.000000000,1,2025-11-26 00:38:00.000000,2025-11-26 00:38:59.999922,1,BAYxx_xxxx_20251126_003021_000.7z
2025-11-26 00:39:00,1804.850964,1.804850964,869.245181,366.146053,569.459730,768000,768000,1.000000000,1,2025-11-26 00:39:00.000000,2025-11-26 00:39:59.999922,1,BAYxx_xxxx_20251126_003021_000.7z
2025-11-26 00:40:00,1814.273758,1.814273758,872.987416,368.676592,572.609749,716931,768000,0.933503906,0,2025-11-26 00:40:00.000000,2025-11-26 00:40:59.999922,2,BAYxx_xxxx_20251126_003021_000.7z;BAYxx_xxxx_20251126_004025_000.7z
2025-11-26 00:41:00,1815.563544,1.815563544,870.726488,368.266566,576.570489,768000,768000,1.000000000,1,2025-11-26 00:41:00.000000,2025-11-26 00:41:59.999922,1,BAYxx_xxxx_20251126_004025_000.7z
2025-11-26 00:42:00,1800.471254,1.800471254,864.259722,366.512875,569.698657,768000,768000,1.000000000,1,2025-11-26 00:42:00.000000,2025-11-26 00:42:59.999922,1,BAYxx_xxxx_20251126_004025_000.7z
2025-11-26 00:43:00,1714.427541,1.714427541,869.122113,366.182646,479.122782,768000,768000,1.000000000,1,2025-11-26 00:43:00.000000,2025-11-26 00:43:59.999922,1,BAYxx_xxxx_20251126_004025_000.7z
2025-11-26 00:44:00,1723.819710,1.723819710,871.325382,374.512265,477.982064,768000,768000,1.000000000,1,2025-11-26 00:44:00.000000,2025-11-26 00:44:59.999922,1,BAYxx_xxxx_20251126_004025_000.7z
2025-11-26 00:45:00,1717.779664,1.717779664,871.315969,370.829135,475.634561,768000,768000,1.000000000,1,2025-11-26 00:45:00.000000,2025-11-26 00:45:59.999922,1,BAYxx_xxxx_20251126_004025_000.7z
2025-11-26 00:46:00,1725.291559,1.725291559,877.963644,375.933190,471.394725,768000,768000,1.000000000,1,2025-11-26 00:46:00.000000,2025-11-26 00:46:59.999922,1,BAYxx_xxxx_20251126_004025_000.7z
2025-11-26 00:47:00,1723.854685,1.723854685,870.659347,376.138754,477.056584,768000,768000,1.000000000,1,2025-11-26 00:47:00.000000,2025-11-26 00:47:59.999922,1,BAYxx_xxxx_20251126_004025_000.7z
2025-11-26 00:48:00,1727.627100,1.727627100,877.062189,373.199589,477.365322,768000,768000,1.000000000,1,2025-11-26 00:48:00.000000,2025-11-26 00:48:59.999922,1,BAYxx_xxxx_20251126_004025_000.7z
2025-11-26 00:49:00,1728.102837,1.728102837,880.885915,373.924504,473.292419,768000,768000,1.000000000,1,2025-11-26 00:49:00.000000,2025-11-26 00:49:59.999922,1,BAYxx_xxxx_20251126_004025_000.7z
2025-11-26 00:50:00,1723.371358,1.723371358,871.598486,377.464039,474.308833,704118,768000,0.916820312,0,2025-11-26 00:50:00.000000,2025-11-26 00:50:59.999922,2,BAYxx_xxxx_20251126_004025_000.7z;BAYxx_xxxx_20251126_005030_000.7z
2025-11-26 00:51:00,1725.681341,1.725681341,869.921071,378.619913,477.140357,768000,768000,1.000000000,1,2025-11-26 00:51:00.000000,2025-11-26 00:51:59.999922,1,BAYxx_xxxx_20251126_005030_000.7z
2025-11-26 00:52:00,1717.813782,1.717813782,870.620235,374.111556,473.081991,768000,768000,1.000000000,1,2025-11-26 00:52:00.000000,2025-11-26 00:52:59.999922,1,BAYxx_xxxx_20251126_005030_000.7z
2025-11-26 00:53:00,1725.068515,1.725068515,875.266910,373.533828,476.267777,768000,768000,1.000000000,1,2025-11-26 00:53:00.000000,2025-11-26 00:53:59.999922,1,BAYxx_xxxx_20251126_005030_000.7z
2025-11-26 00:54:00,1717.944827,1.717944827,871.116708,373.807514,473.020605,768000,768000,1.000000000,1,2025-11-26 00:54:00.000000,2025-11-26 00:54:59.999922,1,BAYxx_xxxx_20251126_005030_000.7z
2025-11-26 00:55:00,1724.171180,1.724171180,878.342329,372.996316,472.832535,768000,768000,1.000000000,1,2025-11-26 00:55:00.000000,2025-11-26 00:55:59.999922,1,BAYxx_xxxx_20251126_005030_000.7z
2025-11-26 00:56:00,1716.751364,1.716751364,872.837062,371.444489,472.469813,768000,768000,1.000000000,1,2025-11-26 00:56:00.000000,2025-11-26 00:56:59.999922,1,BAYxx_xxxx_20251126_005030_000.7z
2025-11-26 00:57:00,1732.515997,1.732515997,876.003888,380.043165,476.468943,768000,768000,1.000000000,1,2025-11-26 00:57:00.000000,2025-11-26 00:57:59.999922,1,BAYxx_xxxx_20251126_005030_000.7z
2025-11-26 00:58:00,1806.781917,1.806781917,873.771482,377.149733,555.860701,768000,768000,1.000000000,1,2025-11-26 00:58:00.000000,2025-11-26 00:58:59.999922,1,BAYxx_xxxx_20251126_005030_000.7z
2025-11-26 00:59:00,1817.464603,1.817464603,869.345154,376.161769,571.957680,768000,768000,1.000000000,1,2025-11-26 00:59:00.000000,2025-11-26 00:59:59.999922,1,BAYxx_xxxx_20251126_005030_000.7z
2025-11-26 01:00:00,1821.281814,1.821281814,873.138127,374.104777,574.038911,729733,768000,0.950173177,0,2025-11-26 01:00:00.000000,2025-11-26 01:00:59.999922,2,BAYxx_xxxx_20251126_005030_000.7z;BAYxx_xxxx_20251126_010033_000.7z
2025-11-26 01:01:00,1812.397000,1.812397000,880.287880,365.797204,566.311916,768000,768000,1.000000000,1,2025-11-26 01:01:00.000000,2025-11-26 01:01:59.999922,1,BAYxx_xxxx_20251126_010033_000.7z
2025-11-26 01:02:00,1822.697804,1.822697804,886.402907,368.616993,567.677903,768000,768000,1.000000000,1,2025-11-26 01:02:00.000000,2025-11-26 01:02:59.999922,1,BAYxx_xxxx_20251126_010033_000.7z
2025-11-26 01:03:00,1818.012032,1.818012032,887.044261,366.183125,564.784646,768000,768000,1.000000000,1,2025-11-26 01:03:00.000000,2025-11-26 01:03:59.999922,1,BAYxx_xxxx_20251126_010033_000.7z
2025-11-26 01:04:00,1836.871281,1.836871281,897.444088,368.331003,571.096190,768000,768000,1.000000000,1,2025-11-26 01:04:00.000000,2025-11-26 01:04:59.999922,1,BAYxx_xxxx_20251126_010033_000.7z
2025-11-26 01:05:00,1821.748263,1.821748263,891.055908,364.749200,565.943155,768000,768000,1.000000000,1,2025-11-26 01:05:00.000000,2025-11-26 01:05:59.999922,1,BAYxx_xxxx_20251126_010033_000.7z
2025-11-26 01:06:00,1816.129696,1.816129696,881.932553,366.164407,568.032737,768000,768000,1.000000000,1,2025-11-26 01:06:00.000000,2025-11-26 01:06:59.999922,1,BAYxx_xxxx_20251126_010033_000.7z
2025-11-26 01:07:00,1818.115737,1.818115737,881.602585,366.836253,569.676899,768000,768000,1.000000000,1,2025-11-26 01:07:00.000000,2025-11-26 01:07:59.999922,1,BAYxx_xxxx_20251126_010033_000.7z
2025-11-26 01:08:00,1828.862649,1.828862649,884.848170,373.050414,570.964065,768000,768000,1.000000000,1,2025-11-26 01:08:00.000000,2025-11-26 01:08:59.999922,1,BAYxx_xxxx_20251126_010033_000.7z
2025-11-26 01:09:00,1815.615092,1.815615092,874.829178,365.401320,575.384594,768000,768000,1.000000000,1,2025-11-26 01:09:00.000000,2025-11-26 01:09:59.999922,1,BAYxx_xxxx_20251126_010033_000.7z
2025-11-26 01:10:00,1819.646460,1.819646460,874.293638,370.232256,575.120567,704043,768000,0.916722656,0,2025-11-26 01:10:00.000000,2025-11-26 01:10:59.999922,2,BAYxx_xxxx_20251126_010033_000.7z;BAYxx_xxxx_20251126_011038_000.7z
2025-11-26 01:11:00,1818.919606,1.818919606,876.307309,366.013484,576.598813,768000,768000,1.000000000,1,2025-11-26 01:11:00.000000,2025-11-26 01:11:59.999922,1,BAYxx_xxxx_20251126_011038_000.7z
2025-11-26 01:12:00,1811.981711,1.811981711,876.351651,363.036236,572.593824,768000,768000,1.000000000,1,2025-11-26 01:12:00.000000,2025-11-26 01:12:59.999922,1,BAYxx_xxxx_20251126_011038_000.7z
2025-11-26 01:13:00,1822.903413,1.822903413,880.231060,370.277244,572.395109,768000,768000,1.000000000,1,2025-11-26 01:13:00.000000,2025-11-26 01:13:59.999922,1,BAYxx_xxxx_20251126_011038_000.7z
2025-11-26 01:14:00,1814.400270,1.814400270,877.077733,368.499995,568.822542,768000,768000,1.000000000,1,2025-11-26 01:14:00.000000,2025-11-26 01:14:59.999922,1,BAYxx_xxxx_20251126_011038_000.7z
2025-11-26 01:15:00,1821.985229,1.821985229,880.907167,368.313290,572.764772,768000,768000,1.000000000,1,2025-11-26 01:15:00.000000,2025-11-26 01:15:59.999922,1,BAYxx_xxxx_20251126_011038_000.7z
2025-11-26 01:16:00,1819.587887,1.819587887,882.223110,367.095340,570.269438,768000,768000,1.000000000,1,2025-11-26 01:16:00.000000,2025-11-26 01:16:59.999922,1,BAYxx_xxxx_20251126_011038_000.7z
2025-11-26 01:17:00,1822.837518,1.822837518,882.346345,368.268469,572.222705,768000,768000,1.000000000,1,2025-11-26 01:17:00.000000,2025-11-26 01:17:59.999922,1,BAYxx_xxxx_20251126_011038_000.7z
2025-11-26 01:18:00,1817.765122,1.817765122,880.450826,364.301383,573.012913,768000,768000,1.000000000,1,2025-11-26 01:18:00.000000,2025-11-26 01:18:59.999922,1,BAYxx_xxxx_20251126_011038_000.7z
2025-11-26 01:19:00,1814.045833,1.814045833,870.855142,369.911570,573.279120,768000,768000,1.000000000,1,2025-11-26 01:19:00.000000,2025-11-26 01:19:59.999922,1,BAYxx_xxxx_20251126_011038_000.7z
2025-11-26 01:20:00,1815.011487,1.815011487,873.370275,368.427598,573.213614,716852,768000,0.933401042,0,2025-11-26 01:20:00.000000,2025-11-26 01:20:59.999922,2,BAYxx_xxxx_20251126_011038_000.7z;BAYxx_xxxx_20251126_012042_000.7z
2025-11-26 01:21:00,1812.013704,1.812013704,866.809666,370.186890,575.017148,768000,768000,1.000000000,1,2025-11-26 01:21:00.000000,2025-11-26 01:21:59.999922,1,BAYxx_xxxx_20251126_012042_000.7z
2025-11-26 01:22:00,1817.930596,1.817930596,876.854119,366.501728,574.574749,768000,768000,1.000000000,1,2025-11-26 01:22:00.000000,2025-11-26 01:22:59.999922,1,BAYxx_xxxx_20251126_012042_000.7z
2025-11-26 01:23:00,1821.651537,1.821651537,876.641858,371.361272,573.648407,768000,768000,1.000000000,1,2025-11-26 01:23:00.000000,2025-11-26 01:23:59.999922,1,BAYxx_xxxx_20251126_012042_000.7z
2025-11-26 01:24:00,1813.333781,1.813333781,875.946682,365.704731,571.682368,768000,768000,1.000000000,1,2025-11-26 01:24:00.000000,2025-11-26 01:24:59.999922,1,BAYxx_xxxx_20251126_012042_000.7z
2025-11-26 01:25:00,1824.693052,1.824693052,880.788048,370.843305,573.061699,768000,768000,1.000000000,1,2025-11-26 01:25:00.000000,2025-11-26 01:25:59.999922,1,BAYxx_xxxx_20251126_012042_000.7z
2025-11-26 01:26:00,1819.213102,1.819213102,874.510529,372.421343,572.281230,768000,768000,1.000000000,1,2025-11-26 01:26:00.000000,2025-11-26 01:26:59.999922,1,BAYxx_xxxx_20251126_012042_000.7z
2025-11-26 01:27:00,1821.254632,1.821254632,880.431172,371.893649,568.929811,768000,768000,1.000000000,1,2025-11-26 01:27:00.000000,2025-11-26 01:27:59.999922,1,BAYxx_xxxx_20251126_012042_000.7z
2025-11-26 01:28:00,1767.891685,1.767891685,881.235129,372.177853,514.478702,768000,768000,1.000000000,1,2025-11-26 01:28:00.000000,2025-11-26 01:28:59.999922,1,BAYxx_xxxx_20251126_012042_000.7z
2025-11-26 01:29:00,1728.716648,1.728716648,875.270396,376.095461,477.350791,768000,768000,1.000000000,1,2025-11-26 01:29:00.000000,2025-11-26 01:29:59.999922,1,BAYxx_xxxx_20251126_012042_000.7z
2025-11-26 01:30:00,1725.504270,1.725504270,878.922667,372.958794,473.622809,704116,768000,0.916817708,0,2025-11-26 01:30:00.000000,2025-11-26 01:30:59.999922,2,BAYxx_xxxx_20251126_012042_000.7z;BAYxx_xxxx_20251126_013047_000.7z
2025-11-26 01:31:00,1722.112043,1.722112043,871.460119,373.492181,477.159744,768000,768000,1.000000000,1,2025-11-26 01:31:00.000000,2025-11-26 01:31:59.999922,1,BAYxx_xxxx_20251126_013047_000.7z
2025-11-26 01:32:00,1731.639770,1.731639770,884.838659,376.279058,470.522053,768000,768000,1.000000000,1,2025-11-26 01:32:00.000000,2025-11-26 01:32:59.999922,1,BAYxx_xxxx_20251126_013047_000.7z
2025-11-26 01:33:00,1737.356301,1.737356301,890.994150,370.076287,476.285863,768000,768000,1.000000000,1,2025-11-26 01:33:00.000000,2025-11-26 01:33:59.999922,1,BAYxx_xxxx_20251126_013047_000.7z
2025-11-26 01:34:00,1722.281760,1.722281760,875.130187,371.944068,475.207506,768000,768000,1.000000000,1,2025-11-26 01:34:00.000000,2025-11-26 01:34:59.999922,1,BAYxx_xxxx_20251126_013047_000.7z
2025-11-26 01:35:00,1729.816501,1.729816501,878.632364,374.060450,477.123687,768000,768000,1.000000000,1,2025-11-26 01:35:00.000000,2025-11-26 01:35:59.999922,1,BAYxx_xxxx_20251126_013047_000.7z
2025-11-26 01:36:00,1725.509934,1.725509934,874.053107,373.961118,477.495709,768000,768000,1.000000000,1,2025-11-26 01:36:00.000000,2025-11-26 01:36:59.999922,1,BAYxx_xxxx_20251126_013047_000.7z
2025-11-26 01:37:00,1729.181453,1.729181453,882.460817,372.266395,474.454241,768000,768000,1.000000000,1,2025-11-26 01:37:00.000000,2025-11-26 01:37:59.999922,1,BAYxx_xxxx_20251126_013047_000.7z
2025-11-26 01:38:00,1730.239229,1.730239229,885.161843,374.748120,470.329266,768000,768000,1.000000000,1,2025-11-26 01:38:00.000000,2025-11-26 01:38:59.999922,1,BAYxx_xxxx_20251126_013047_000.7z
2025-11-26 01:39:00,1732.659000,1.732659000,878.753689,375.291041,478.614270,768000,768000,1.000000000,1,2025-11-26 01:39:00.000000,2025-11-26 01:39:59.999922,1,BAYxx_xxxx_20251126_013047_000.7z
2025-11-26 01:40:00,1727.715231,1.727715231,876.736588,372.841592,478.137050,729697,768000,0.950126302,0,2025-11-26 01:40:00.000000,2025-11-26 01:40:59.999922,2,BAYxx_xxxx_20251126_013047_000.7z;BAYxx_xxxx_20251126_014050_000.7z
2025-11-26 01:41:00,1716.131912,1.716131912,873.763826,371.012316,471.355770,768000,768000,1.000000000,1,2025-11-26 01:41:00.000000,2025-11-26 01:41:59.999922,1,BAYxx_xxxx_20251126_014050_000.7z
2025-11-26 01:42:00,1737.396885,1.737396885,887.117497,371.836372,478.443016,768000,768000,1.000000000,1,2025-11-26 01:42:00.000000,2025-11-26 01:42:59.999922,1,BAYxx_xxxx_20251126_014050_000.7z
2025-11-26 01:43:00,1779.147562,1.779147562,879.551498,377.931608,521.664456,768000,768000,1.000000000,1,2025-11-26 01:43:00.000000,2025-11-26 01:43:59.999922,1,BAYxx_xxxx_20251126_014050_000.7z
2025-11-26 01:44:00,1828.541848,1.828541848,881.143637,371.846354,575.551857,768000,768000,1.000000000,1,2025-11-26 01:44:00.000000,2025-11-26 01:44:59.999922,1,BAYxx_xxxx_20251126_014050_000.7z
2025-11-26 01:45:00,1830.214617,1.830214617,879.211266,379.328581,571.674770,768000,768000,1.000000000,1,2025-11-26 01:45:00.000000,2025-11-26 01:45:59.999922,1,BAYxx_xxxx_20251126_014050_000.7z
2025-11-26 01:46:00,1826.216308,1.826216308,884.719995,370.247761,571.248552,768000,768000,1.000000000,1,2025-11-26 01:46:00.000000,2025-11-26 01:46:59.999922,1,BAYxx_xxxx_20251126_014050_000.7z
2025-11-26 01:47:00,1828.119962,1.828119962,881.999135,369.515200,576.605627,768000,768000,1.000000000,1,2025-11-26 01:47:00.000000,2025-11-26 01:47:59.999922,1,BAYxx_xxxx_20251126_014050_000.7z
2025-11-26 01:48:00,1823.252874,1.823252874,878.193338,374.583071,570.476465,768000,768000,1.000000000,1,2025-11-26 01:48:00.000000,2025-11-26 01:48:59.999922,1,BAYxx_xxxx_20251126_014050_000.7z
2025-11-26 01:49:00,1833.613452,1.833613452,885.841655,376.941587,570.830210,768000,768000,1.000000000,1,2025-11-26 01:49:00.000000,2025-11-26 01:49:59.999922,1,BAYxx_xxxx_20251126_014050_000.7z
2025-11-26 01:50:00,1830.213419,1.830213419,881.167438,377.645761,571.400221,704005,768000,0.916673177,0,2025-11-26 01:50:00.000000,2025-11-26 01:50:59.999922,2,BAYxx_xxxx_20251126_014050_000.7z;BAYxx_xxxx_20251126_015055_000.7z
2025-11-26 01:51:00,1834.261101,1.834261101,884.991558,376.925656,572.343887,768000,768000,1.000000000,1,2025-11-26 01:51:00.000000,2025-11-26 01:51:59.999922,1,BAYxx_xxxx_20251126_015055_000.7z
2025-11-26 01:52:00,1830.677105,1.830677105,881.646462,376.514672,572.515970,768000,768000,1.000000000,1,2025-11-26 01:52:00.000000,2025-11-26 01:52:59.999922,1,BAYxx_xxxx_20251126_015055_000.7z
2025-11-26 01:53:00,1837.957333,1.837957333,887.930808,376.951726,573.074799,768000,768000,1.000000000,1,2025-11-26 01:53:00.000000,2025-11-26 01:53:59.999922,1,BAYxx_xxxx_20251126_015055_000.7z
2025-11-26 01:54:00,1823.316125,1.823316125,876.017727,374.035928,573.262470,768000,768000,1.000000000,1,2025-11-26 01:54:00.000000,2025-11-26 01:54:59.999922,1,BAYxx_xxxx_20251126_015055_000.7z
2025-11-26 01:55:00,1835.440473,1.835440473,879.001788,380.350811,576.087874,768000,768000,1.000000000,1,2025-11-26 01:55:00.000000,2025-11-26 01:55:59.999922,1,BAYxx_xxxx_20251126_015055_000.7z
2025-11-26 01:56:00,1820.893007,1.820893007,877.583793,370.476269,572.832945,768000,768000,1.000000000,1,2025-11-26 01:56:00.000000,2025-11-26 01:56:59.999922,1,BAYxx_xxxx_20251126_015055_000.7z
2025-11-26 01:57:00,1827.473841,1.827473841,879.978162,375.332952,572.162727,768000,768000,1.000000000,1,2025-11-26 01:57:00.000000,2025-11-26 01:57:59.999922,1,BAYxx_xxxx_20251126_015055_000.7z
2025-11-26 01:58:00,1826.952814,1.826952814,880.958779,372.492471,573.501564,768000,768000,1.000000000,1,2025-11-26 01:58:00.000000,2025-11-26 01:58:59.999922,1,BAYxx_xxxx_20251126_015055_000.7z
2025-11-26 01:59:00,1829.310063,1.829310063,877.448343,375.684052,576.177667,768000,768000,1.000000000,1,2025-11-26 01:59:00.000000,2025-11-26 01:59:59.999922,1,BAYxx_xxxx_20251126_015055_000.7z
2025-11-26 02:00:00,1821.294387,1.821294387,869.862193,370.590315,580.841879,716924,768000,0.933494792,0,2025-11-26 02:00:00.000000,2025-11-26 02:00:59.999922,2,BAYxx_xxxx_20251126_015055_000.7z;BAYxx_xxxx_20251126_020059_000.7z
2025-11-26 02:01:00,1823.556773,1.823556773,869.904388,372.278907,581.373478,768000,768000,1.000000000,1,2025-11-26 02:01:00.000000,2025-11-26 02:01:59.999922,1,BAYxx_xxxx_20251126_020059_000.7z
2025-11-26 02:02:00,1831.654971,1.831654971,883.220654,369.885690,578.548627,768000,768000,1.000000000,1,2025-11-26 02:02:00.000000,2025-11-26 02:02:59.999922,1,BAYxx_xxxx_20251126_020059_000.7z
2025-11-26 02:03:00,1826.124198,1.826124198,876.062545,374.857195,575.204458,768000,768000,1.000000000,1,2025-11-26 02:03:00.000000,2025-11-26 02:03:59.999922,1,BAYxx_xxxx_20251126_020059_000.7z
2025-11-26 02:04:00,1822.226543,1.822226543,878.042385,368.046149,576.138009,768000,768000,1.000000000,1,2025-11-26 02:04:00.000000,2025-11-26 02:04:59.999922,1,BAYxx_xxxx_20251126_020059_000.7z
2025-11-26 02:05:00,1817.967847,1.817967847,872.134599,368.584402,577.248846,768000,768000,1.000000000,1,2025-11-26 02:05:00.000000,2025-11-26 02:05:59.999922,1,BAYxx_xxxx_20251126_020059_000.7z
2025-11-26 02:06:00,1818.526969,1.818526969,875.365651,369.032479,574.128840,768000,768000,1.000000000,1,2025-11-26 02:06:00.000000,2025-11-26 02:06:59.999922,1,BAYxx_xxxx_20251126_020059_000.7z
2025-11-26 02:07:00,1819.406348,1.819406348,876.868974,367.014060,575.523314,768000,768000,1.000000000,1,2025-11-26 02:07:00.000000,2025-11-26 02:07:59.999922,1,BAYxx_xxxx_20251126_020059_000.7z
2025-11-26 02:08:00,1819.580020,1.819580020,874.280535,368.637238,576.662247,768000,768000,1.000000000,1,2025-11-26 02:08:00.000000,2025-11-26 02:08:59.999922,1,BAYxx_xxxx_20251126_020059_000.7z
2025-11-26 02:09:00,1825.126270,1.825126270,873.185839,371.518369,580.422062,768000,768000,1.000000000,1,2025-11-26 02:09:00.000000,2025-11-26 02:09:59.999922,1,BAYxx_xxxx_20251126_020059_000.7z
2025-11-26 02:10:00,1815.933422,1.815933422,872.602713,367.574757,575.755952,755270,768000,0.983424479,0,2025-11-26 02:10:00.000000,2025-11-26 02:10:59.005391,1,BAYxx_xxxx_20251126_020059_000.7z
2025-11-26 02:11:00,1816.239076,1.816239076,873.675687,366.496641,576.066748,729600,768000,0.950000000,0,2025-11-26 02:11:03.000000,2025-11-26 02:11:59.999922,1,BAYxx_xxxx_20251126_021103_000.7z
2025-11-26 02:12:00,1835.238919,1.835238919,889.253583,367.909994,578.075342,768000,768000,1.000000000,1,2025-11-26 02:12:00.000000,2025-11-26 02:12:59.999922,1,BAYxx_xxxx_20251126_021103_000.7z
2025-11-26 02:13:00,1800.112329,1.800112329,878.840221,359.251252,562.020856,768000,768000,1.000000000,1,2025-11-26 02:13:00.000000,2025-11-26 02:13:59.999922,1,BAYxx_xxxx_20251126_021103_000.7z
2025-11-26 02:14:00,1730.546552,1.730546552,885.038626,363.905295,481.602631,768000,768000,1.000000000,1,2025-11-26 02:14:00.000000,2025-11-26 02:14:59.999922,1,BAYxx_xxxx_20251126_021103_000.7z
2025-11-26 02:15:00,1730.570919,1.730570919,878.893411,368.856845,482.820663,768000,768000,1.000000000,1,2025-11-26 02:15:00.000000,2025-11-26 02:15:59.999922,1,BAYxx_xxxx_20251126_021103_000.7z
2025-11-26 02:16:00,1731.512583,1.731512583,885.865329,364.729762,480.917492,768000,768000,1.000000000,1,2025-11-26 02:16:00.000000,2025-11-26 02:16:59.999922,1,BAYxx_xxxx_20251126_021103_000.7z
2025-11-26 02:17:00,1729.670808,1.729670808,879.820233,366.929741,482.920834,768000,768000,1.000000000,1,2025-11-26 02:17:00.000000,2025-11-26 02:17:59.999922,1,BAYxx_xxxx_20251126_021103_000.7z
2025-11-26 02:18:00,1724.281982,1.724281982,873.106860,372.099316,479.075806,768000,768000,1.000000000,1,2025-11-26 02:18:00.000000,2025-11-26 02:18:59.999922,1,BAYxx_xxxx_20251126_021103_000.7z
2025-11-26 02:19:00,1727.093871,1.727093871,871.044087,369.071995,486.977790,768000,768000,1.000000000,1,2025-11-26 02:19:00.000000,2025-11-26 02:19:59.999922,1,BAYxx_xxxx_20251126_021103_000.7z
2025-11-26 02:20:00,1728.722000,1.728722000,876.331685,366.904484,485.485831,768000,768000,1.000000000,1,2025-11-26 02:20:00.000000,2025-11-26 02:20:59.999922,1,BAYxx_xxxx_20251126_021103_000.7z
2025-11-26 02:21:00,1724.279429,1.724279429,872.868986,368.149348,483.261094,729627,768000,0.950035156,0,2025-11-26 02:21:00.000000,2025-11-26 02:21:59.999922,2,BAYxx_xxxx_20251126_021103_000.7z;BAYxx_xxxx_20251126_022106_000.7z
2025-11-26 02:22:00,1729.393648,1.729393648,876.680721,369.327223,483.385704,768000,768000,1.000000000,1,2025-11-26 02:22:00.000000,2025-11-26 02:22:59.999922,1,BAYxx_xxxx_20251126_022106_000.7z
2025-11-26 02:23:00,1723.094660,1.723094660,871.191347,370.513838,481.389476,768000,768000,1.000000000,1,2025-11-26 02:23:00.000000,2025-11-26 02:23:59.999922,1,BAYxx_xxxx_20251126_022106_000.7z
2025-11-26 02:24:00,1728.769603,1.728769603,878.006475,368.141072,482.622056,768000,768000,1.000000000,1,2025-11-26 02:24:00.000000,2025-11-26 02:24:59.999922,1,BAYxx_xxxx_20251126_022106_000.7z
2025-11-26 02:25:00,1729.800858,1.729800858,880.095472,370.500818,479.204567,768000,768000,1.000000000,1,2025-11-26 02:25:00.000000,2025-11-26 02:25:59.999922,1,BAYxx_xxxx_20251126_022106_000.7z
2025-11-26 02:26:00,1723.351479,1.723351479,872.093900,372.059234,479.198345,768000,768000,1.000000000,1,2025-11-26 02:26:00.000000,2025-11-26 02:26:59.999922,1,BAYxx_xxxx_20251126_022106_000.7z
2025-11-26 02:27:00,1730.203878,1.730203878,876.406882,372.442714,481.354281,768000,768000,1.000000000,1,2025-11-26 02:27:00.000000,2025-11-26 02:27:59.999922,1,BAYxx_xxxx_20251126_022106_000.7z
2025-11-26 02:28:00,1741.850384,1.741850384,881.898349,368.133919,491.818117,768000,768000,1.000000000,1,2025-11-26 02:28:00.000000,2025-11-26 02:28:59.999922,1,BAYxx_xxxx_20251126_022106_000.7z
2025-11-26 02:29:00,1827.839600,1.827839600,884.218553,367.526762,576.094285,768000,768000,1.000000000,1,2025-11-26 02:29:00.000000,2025-11-26 02:29:59.999922,1,BAYxx_xxxx_20251126_022106_000.7z
2025-11-26 02:30:00,1824.668169,1.824668169,878.643986,368.355408,577.668774,768000,768000,1.000000000,1,2025-11-26 02:30:00.000000,2025-11-26 02:30:59.999922,1,BAYxx_xxxx_20251126_022106_000.7z
2025-11-26 02:31:00,1830.103571,1.830103571,881.901058,368.301648,579.900865,704071,768000,0.916759115,0,2025-11-26 02:31:00.000000,2025-11-26 02:31:59.999922,2,BAYxx_xxxx_20251126_022106_000.7z;BAYxx_xxxx_20251126_023111_000.7z
2025-11-26 02:32:00,1831.200286,1.831200286,872.917710,373.475171,584.807405,768000,768000,1.000000000,1,2025-11-26 02:32:00.000000,2025-11-26 02:32:59.999922,1,BAYxx_xxxx_20251126_023111_000.7z
2025-11-26 02:33:00,1844.253729,1.844253729,888.639920,373.991501,581.622307,768000,768000,1.000000000,1,2025-11-26 02:33:00.000000,2025-11-26 02:33:59.999922,1,BAYxx_xxxx_20251126_023111_000.7z
2025-11-26 02:34:00,1822.678899,1.822678899,880.525475,367.296953,574.856471,768000,768000,1.000000000,1,2025-11-26 02:34:00.000000,2025-11-26 02:34:59.999922,1,BAYxx_xxxx_20251126_023111_000.7z
2025-11-26 02:35:00,1837.556920,1.837556920,884.858162,372.103934,580.594824,768000,768000,1.000000000,1,2025-11-26 02:35:00.000000,2025-11-26 02:35:59.999922,1,BAYxx_xxxx_20251126_023111_000.7z
2025-11-26 02:36:00,1827.394012,1.827394012,879.569938,374.135116,573.688958,768000,768000,1.000000000,1,2025-11-26 02:36:00.000000,2025-11-26 02:36:59.999922,1,BAYxx_xxxx_20251126_023111_000.7z
2025-11-26 02:37:00,1832.524834,1.832524834,879.446243,376.078339,577.000252,768000,768000,1.000000000,1,2025-11-26 02:37:00.000000,2025-11-26 02:37:59.999922,1,BAYxx_xxxx_20251126_023111_000.7z
2025-11-26 02:38:00,1829.268270,1.829268270,882.787735,370.664102,575.816433,768000,768000,1.000000000,1,2025-11-26 02:38:00.000000,2025-11-26 02:38:59.999922,1,BAYxx_xxxx_20251126_023111_000.7z
2025-11-26 02:39:00,1831.653412,1.831653412,878.967951,374.113895,578.571566,768000,768000,1.000000000,1,2025-11-26 02:39:00.000000,2025-11-26 02:39:59.999922,1,BAYxx_xxxx_20251126_023111_000.7z
2025-11-26 02:40:00,1826.173938,1.826173938,879.396214,368.899632,577.878091,768000,768000,1.000000000,1,2025-11-26 02:40:00.000000,2025-11-26 02:40:59.999922,1,BAYxx_xxxx_20251126_023111_000.7z
2025-11-26 02:41:00,1827.486159,1.827486159,887.080041,363.512487,576.893631,729716,768000,0.950151042,0,2025-11-26 02:41:00.000000,2025-11-26 02:41:59.999922,2,BAYxx_xxxx_20251126_023111_000.7z;BAYxx_xxxx_20251126_024114_000.7z
2025-11-26 02:42:00,1828.262932,1.828262932,888.420542,364.247269,575.595121,768000,768000,1.000000000,1,2025-11-26 02:42:00.000000,2025-11-26 02:42:59.999922,1,BAYxx_xxxx_20251126_024114_000.7z
2025-11-26 02:43:00,1831.877392,1.831877392,885.954275,364.725707,581.197411,768000,768000,1.000000000,1,2025-11-26 02:43:00.000000,2025-11-26 02:43:59.999922,1,BAYxx_xxxx_20251126_024114_000.7z
2025-11-26 02:44:00,1821.235240,1.821235240,884.179926,361.327862,575.727452,768000,768000,1.000000000,1,2025-11-26 02:44:00.000000,2025-11-26 02:44:59.999922,1,BAYxx_xxxx_20251126_024114_000.7z
2025-11-26 02:45:00,1826.607803,1.826607803,882.150590,368.209830,576.247383,768000,768000,1.000000000,1,2025-11-26 02:45:00.000000,2025-11-26 02:45:59.999922,1,BAYxx_xxxx_20251126_024114_000.7z
2025-11-26 02:46:00,1829.656501,1.829656501,882.440252,367.805088,579.411160,768000,768000,1.000000000,1,2025-11-26 02:46:00.000000,2025-11-26 02:46:59.999922,1,BAYxx_xxxx_20251126_024114_000.7z
2025-11-26 02:47:00,1819.468882,1.819468882,887.662945,360.124474,571.681463,768000,768000,1.000000000,1,2025-11-26 02:47:00.000000,2025-11-26 02:47:59.999922,1,BAYxx_xxxx_20251126_024114_000.7z
2025-11-26 02:48:00,1825.399461,1.825399461,887.333525,363.989749,574.076188,768000,768000,1.000000000,1,2025-11-26 02:48:00.000000,2025-11-26 02:48:59.999922,1,BAYxx_xxxx_20251126_024114_000.7z
2025-11-26 02:49:00,1825.053139,1.825053139,893.960556,359.086773,572.005810,768000,768000,1.000000000,1,2025-11-26 02:49:00.000000,2025-11-26 02:49:59.999922,1,BAYxx_xxxx_20251126_024114_000.7z
2025-11-26 02:50:00,1831.566798,1.831566798,893.118557,364.553179,573.895062,768000,768000,1.000000000,1,2025-11-26 02:50:00.000000,2025-11-26 02:50:59.999922,1,BAYxx_xxxx_20251126_024114_000.7z
2025-11-26 02:51:00,1830.942717,1.830942717,893.050724,363.981417,573.910576,716901,768000,0.933464844,0,2025-11-26 02:51:00.000000,2025-11-26 02:51:59.999922,2,BAYxx_xxxx_20251126_024114_000.7z;BAYxx_xxxx_20251126_025118_000.7z
2025-11-26 02:52:00,1816.179741,1.816179741,886.163620,357.051576,572.964545,768000,768000,1.000000000,1,2025-11-26 02:52:00.000000,2025-11-26 02:52:59.999922,1,BAYxx_xxxx_20251126_025118_000.7z
2025-11-26 02:53:00,1828.239308,1.828239308,890.928335,362.435681,574.875292,768000,768000,1.000000000,1,2025-11-26 02:53:00.000000,2025-11-26 02:53:59.999922,1,BAYxx_xxxx_20251126_025118_000.7z
2025-11-26 02:54:00,1823.207367,1.823207367,883.507809,362.388996,577.310561,768000,768000,1.000000000,1,2025-11-26 02:54:00.000000,2025-11-26 02:54:59.999922,1,BAYxx_xxxx_20251126_025118_000.7z
2025-11-26 02:55:00,1833.086822,1.833086822,886.141824,370.334601,576.610397,768000,768000,1.000000000,1,2025-11-26 02:55:00.000000,2025-11-26 02:55:59.999922,1,BAYxx_xxxx_20251126_025118_000.7z
2025-11-26 02:56:00,1830.178005,1.830178005,883.943359,371.334168,574.900478,768000,768000,1.000000000,1,2025-11-26 02:56:00.000000,2025-11-26 02:56:59.999922,1,BAYxx_xxxx_20251126_025118_000.7z
2025-11-26 02:57:00,1826.462752,1.826462752,880.421496,369.807151,576.234105,768000,768000,1.000000000,1,2025-11-26 02:57:00.000000,2025-11-26 02:57:59.999922,1,BAYxx_xxxx_20251126_025118_000.7z
2025-11-26 02:58:00,1835.058906,1.835058906,883.508671,371.848838,579.701397,768000,768000,1.000000000,1,2025-11-26 02:58:00.000000,2025-11-26 02:58:59.999922,1,BAYxx_xxxx_20251126_025118_000.7z
2025-11-26 02:59:00,1749.506011,1.749506011,881.877263,368.585507,499.043241,768000,768000,1.000000000,1,2025-11-26 02:59:00.000000,2025-11-26 02:59:59.999922,1,BAYxx_xxxx_20251126_025118_000.7z
2025-11-26 03:00:00,1736.399685,1.736399685,880.308872,372.659025,483.431788,768000,768000,1.000000000,1,2025-11-26 03:00:00.000000,2025-11-26 03:00:59.999922,1,BAYxx_xxxx_20251126_025118_000.7z
