minute_start,active_power_w,active_power_kw,phase_a_power_w,phase_b_power_w,phase_c_power_w,sample_count,expected_samples,coverage_ratio,is_complete,first_sample_time,last_sample_time,source_archive_count,source_archives
2026-01-07 12:11:00,3491.244852,3.491244852,3604.441241,-53.952424,-59.243965,691210,768000,0.900013021,0,2026-01-07 12:11:00.000000,2026-01-07 12:11:59.999922,2,BAY01_2204_20260107_120126_000.7z;BAY01_2205_20260107_121132_000.7z
2026-01-07 12:12:00,3480.104161,3.480104161,3604.671587,-59.653748,-64.913678,768000,768000,1.000000000,1,2026-01-07 12:12:00.000000,2026-01-07 12:12:59.999922,1,BAY01_2205_20260107_121132_000.7z
2026-01-07 12:13:00,3492.353931,3.492353931,3604.928450,-53.623344,-58.951176,768000,768000,1.000000000,1,2026-01-07 12:13:00.000000,2026-01-07 12:13:59.999922,1,BAY01_2205_20260107_121132_000.7z
2026-01-07 12:14:00,3498.327988,3.498327988,3604.794990,-50.582985,-55.884017,768000,768000,1.000000000,1,2026-01-07 12:14:00.000000,2026-01-07 12:14:59.999922,1,BAY01_2205_20260107_121132_000.7z
2026-01-07 12:15:00,3501.533948,3.501533948,3605.461729,-49.269510,-54.658271,768000,768000,1.000000000,1,2026-01-07 12:15:00.000000,2026-01-07 12:15:59.999922,1,BAY01_2205_20260107_121132_000.7z
2026-01-07 12:16:00,3500.743728,3.500743728,3605.546185,-49.734409,-55.068048,768000,768000,1.000000000,1,2026-01-07 12:16:00.000000,2026-01-07 12:16:59.999922,1,BAY01_2205_20260107_121132_000.7z
2026-01-07 12:17:00,3501.718987,3.501718987,3605.545564,-49.231587,-54.594990,768000,768000,1.000000000,1,2026-01-07 12:17:00.000000,2026-01-07 12:17:59.999922,1,BAY01_2205_20260107_121132_000.7z
2026-01-07 12:18:00,3501.205694,3.501205694,3605.017897,-49.227383,-54.584820,768000,768000,1.000000000,1,2026-01-07 12:18:00.000000,2026-01-07 12:18:59.999922,1,BAY01_2205_20260107_121132_000.7z
2026-01-07 12:19:00,3501.118963,3.501118963,3605.142583,-49.301935,-54.721684,768000,768000,1.000000000,1,2026-01-07 12:19:00.000000,2026-01-07 12:19:59.999922,1,BAY01_2205_20260107_121132_000.7z
2026-01-07 12:20:00,3501.330217,3.501330217,3605.206704,-49.248498,-54.627988,768000,768000,1.000000000,1,2026-01-07 12:20:00.000000,2026-01-07 12:20:59.999922,1,BAY01_2205_20260107_121132_000.7z
2026-01-07 12:21:00,3492.566174,3.492566174,3605.012622,-53.534572,-58.911876,729720,768000,0.950156250,0,2026-01-07 12:21:00.000000,2026-01-07 12:21:59.999922,2,BAY01_2205_20260107_121132_000.7z;BAY01_2206_20260107_122135_000.7z
2026-01-07 12:22:00,3480.395537,3.480395537,3604.927030,-59.634521,-64.896971,768000,768000,1.000000000,1,2026-01-07 12:22:00.000000,2026-01-07 12:22:59.999922,1,BAY01_2206_20260107_122135_000.7z
2026-01-07 12:23:00,3491.511625,3.491511625,3605.218687,-54.179758,-59.527304,768000,768000,1.000000000,1,2026-01-07 12:23:00.000000,2026-01-07 12:23:59.999922,1,BAY01_2206_20260107_122135_000.7z
2026-01-07 12:24:00,3500.383116,3.500383116,3604.457552,-49.345533,-54.728904,768000,768000,1.000000000,1,2026-01-07 12:24:00.000000,2026-01-07 12:24:59.999922,1,BAY01_2206_20260107_122135_000.7z
2026-01-07 12:25:00,3499.545714,3.499545714,3603.717465,-49.398318,-54.773432,768000,768000,1.000000000,1,2026-01-07 12:25:00.000000,2026-01-07 12:25:59.999922,1,BAY01_2206_20260107_122135_000.7z
2026-01-07 12:26:00,3498.789336,3.498789336,3603.406760,-49.667524,-54.949900,768000,768000,1.000000000,1,2026-01-07 12:26:00.000000,2026-01-07 12:26:59.999922,1,BAY01_2206_20260107_122135_000.7z
2026-01-07 12:27:00,3498.979566,3.498979566,3603.199439,-49.447920,-54.771952,768000,768000,1.000000000,1,2026-01-07 12:27:00.000000,2026-01-07 12:27:59.999922,1,BAY01_2206_20260107_122135_000.7z
2026-01-07 12:28:00,3498.865601,3.498865601,3602.912998,-49.360899,-54.686498,768000,768000,1.000000000,1,2026-01-07 12:28:00.000000,2026-01-07 12:28:59.999922,1,BAY01_2206_20260107_122135_000.7z
2026-01-07 12:29:00,3498.493495,3.498493495,3602.374020,-49.287963,-54.592562,768000,768000,1.000000000,1,2026-01-07 12:29:00.000000,2026-01-07 12:29:59.999922,1,BAY01_2206_20260107_122135_000.7z
2026-01-07 12:30:00,3498.064814,3.498064814,3602.001234,-49.328574,-54.607845,768000,768000,1.000000000,1,2026-01-07 12:30:00.000000,2026-01-07 12:30:59.999922,1,BAY01_2206_20260107_122135_000.7z
2026-01-07 12:31:00,3491.070818,3.491070818,3602.463967,-53.022131,-58.371018,716830,768000,0.933372396,0,2026-01-07 12:31:00.000000,2026-01-07 12:31:59.999922,2,BAY01_2206_20260107_122135_000.7z;BAY01_2207_20260107_123139_000.7z
2026-01-07 12:32:00,3476.936397,3.476936397,3601.792519,-59.820058,-65.036065,768000,768000,1.000000000,1,2026-01-07 12:32:00.000000,2026-01-07 12:32:59.999922,1,BAY01_2207_20260107_123139_000.7z
2026-01-07 12:33:00,3486.989763,3.486989763,3602.512598,-55.135264,-60.387571,768000,768000,1.000000000,1,2026-01-07 12:33:00.000000,2026-01-07 12:33:59.999922,1,BAY01_2207_20260107_123139_000.7z
2026-01-07 12:34:00,3499.539666,3.499539666,3603.448353,-49.300470,-54.608217,768000,768000,1.000000000,1,2026-01-07 12:34:00.000000,2026-01-07 12:34:59.999922,1,BAY01_2207_20260107_123139_000.7z
2026-01-07 12:35:00,3497.184846,3.497184846,3603.385651,-50.420894,-55.779911,768000,768000,1.000000000,1,2026-01-07 12:35:00.000000,2026-01-07 12:35:59.999922,1,BAY01_2207_20260107_123139_000.7z
2026-01-07 12:36:00,3497.675022,3.497675022,3603.393699,-50.174672,-55.544005,768000,768000,1.000000000,1,2026-01-07 12:36:00.000000,2026-01-07 12:36:59.999922,1,BAY01_2207_20260107_123139_000.7z
2026-01-07 12:37:00,3499.795133,3.499795133,3603.855256,-49.326890,-54.733233,768000,768000,1.000000000,1,2026-01-07 12:37:00.000000,2026-01-07 12:37:59.999922,1,BAY01_2207_20260107_123139_000.7z
2026-01-07 12:38:00,3500.239117,3.500239117,3604.120830,-49.237293,-54.644420,768000,768000,1.000000000,1,2026-01-07 12:38:00.000000,2026-01-07 12:38:59.999922,1,BAY01_2207_20260107_123139_000.7z
2026-01-07 12:39:00,3499.866787,3.499866787,3603.860327,-49.323291,-54.670249,768000,768000,1.000000000,1,2026-01-07 12:39:00.000000,2026-01-07 12:39:59.999922,1,BAY01_2207_20260107_123139_000.7z
2026-01-07 12:40:00,3499.857640,3.499857640,3603.893295,-49.326407,-54.709248,768000,768000,1.000000000,1,2026-01-07 12:40:00.000000,2026-01-07 12:40:59.999922,1,BAY01_2207_20260107_123139_000.7z
2026-01-07 12:41:00,3494.342337,3.494342337,3603.928434,-52.147592,-57.438505,691324,768000,0.900161458,0,2026-01-07 12:41:00.000000,2026-01-07 12:41:59.999922,2,BAY01_2207_20260107_123139_000.7z;BAY01_2208_20260107_124145_000.7z
2026-01-07 12:42:00,3479.340498,3.479340498,3603.821793,-59.661794,-64.819502,768000,768000,1.000000000,1,2026-01-07 12:42:00.000000,2026-01-07 12:42:59.999922,1,BAY01_2208_20260107_124145_000.7z
2026-01-07 12:43:00,3486.920589,3.486920589,3604.113289,-55.987807,-61.204893,768000,768000,1.000000000,1,2026-01-07 12:43:00.000000,2026-01-07 12:43:59.999922,1,BAY01_2208_20260107_124145_000.7z
2026-01-07 12:44:00,3500.240406,3.500240406,3603.994212,-49.202623,-54.551183,768000,768000,1.000000000,1,2026-01-07 12:44:00.000000,2026-01-07 12:44:59.999922,1,BAY01_2208_20260107_124145_000.7z
2026-01-07 12:45:00,3500.228282,3.500228282,3604.099721,-49.256685,-54.614753,768000,768000,1.000000000,1,2026-01-07 12:45:00.000000,2026-01-07 12:45:59.999922,1,BAY01_2208_20260107_124145_000.7z
2026-01-07 12:46:00,3496.919643,3.496919643,3603.333085,-50.602789,-55.810653,768000,768000,1.000000000,1,2026-01-07 12:46:00.000000,2026-01-07 12:46:59.999922,1,BAY01_2208_20260107_124145_000.7z
2026-01-07 12:47:00,3498.889261,3.498889261,3602.785711,-49.289750,-54.606700,768000,768000,1.000000000,1,2026-01-07 12:47:00.000000,2026-01-07 12:47:59.999922,1,BAY01_2208_20260107_124145_000.7z
2026-01-07 12:48:00,3499.132656,3.499132656,3603.162602,-49.382537,-54.647409,768000,768000,1.000000000,1,2026-01-07 12:48:00.000000,2026-01-07 12:48:59.999922,1,BAY01_2208_20260107_124145_000.7z
2026-01-07 12:49:00,3499.256861,3.499256861,3603.274077,-49.379270,-54.637946,768000,768000,1.000000000,1,2026-01-07 12:49:00.000000,2026-01-07 12:49:59.999922,1,BAY01_2208_20260107_124145_000.7z
2026-01-07 12:50:00,3498.852654,3.498852654,3603.196632,-49.508412,-54.835566,768000,768000,1.000000000,1,2026-01-07 12:50:00.000000,2026-01-07 12:50:59.999922,1,BAY01_2208_20260107_124145_000.7z
2026-01-07 12:51:00,3495.628779,3.495628779,3603.355277,-51.196444,-56.530053,704138,768000,0.916846354,0,2026-01-07 12:51:00.000000,2026-01-07 12:51:59.999922,2,BAY01_2208_20260107_124145_000.7z;BAY01_2209_20260107_125150_000.7z
2026-01-07 12:52:00,3478.436800,3.478436800,3602.924275,-59.609713,-64.877763,768000,768000,1.000000000,1,2026-01-07 12:52:00.000000,2026-01-07 12:52:59.999922,1,BAY01_2209_20260107_125150_000.7z
2026-01-07 12:53:00,3484.260852,3.484260852,3602.946179,-56.719865,-61.965462,768000,768000,1.000000000,1,2026-01-07 12:53:00.000000,2026-01-07 12:53:59.999922,1,BAY01_2209_20260107_125150_000.7z
2026-01-07 12:54:00,3499.089172,3.499089172,3603.092787,-49.347504,-54.656110,768000,768000,1.000000000,1,2026-01-07 12:54:00.000000,2026-01-07 12:54:59.999922,1,BAY01_2209_20260107_125150_000.7z
2026-01-07 12:55:00,3499.465646,3.499465646,3603.687849,-49.459590,-54.762613,768000,768000,1.000000000,1,2026-01-07 12:55:00.000000,2026-01-07 12:55:59.999922,1,BAY01_2209_20260107_125150_000.7z
2026-01-07 12:56:00,3496.912223,3.496912223,3603.692860,-50.750409,-56.030228,768000,768000,1.000000000,1,2026-01-07 12:56:00.000000,2026-01-07 12:56:59.999922,1,BAY01_2209_20260107_125150_000.7z
2026-01-07 12:57:00,3499.566845,3.499566845,3603.596273,-49.341419,-54.688009,768000,768000,1.000000000,1,2026-01-07 12:57:00.000000,2026-01-07 12:57:59.999922,1,BAY01_2209_20260107_125150_000.7z
2026-01-07 12:58:00,3500.014049,3.500014049,3604.108457,-49.361013,-54.733395,768000,768000,1.000000000,1,2026-01-07 12:58:00.000000,2026-01-07 12:58:59.999922,1,BAY01_2209_20260107_125150_000.7z
2026-01-07 12:59:00,3499.975663,3.499975663,3603.956443,-49.294904,-54.685875,768000,768000,1.000000000,1,2026-01-07 12:59:00.000000,2026-01-07 12:59:59.999922,1,BAY01_2209_20260107_125150_000.7z
2026-01-07 13:00:00,3499.920444,3.499920444,3604.177415,-49.462298,-54.794672,768000,768000,1.000000000,1,2026-01-07 13:00:00.000000,2026-01-07 13:00:59.999922,1,BAY01_2209_20260107_125150_000.7z
2026-01-07 13:01:00,3497.886664,3.497886664,3604.540309,-50.677822,-55.975823,716846,768000,0.933393229,0,2026-01-07 13:01:00.000000,2026-01-07 13:01:59.999922,2,BAY01_2209_20260107_125150_000.7z;BAY01_2210_20260107_130154_000.7z
2026-01-07 13:02:00,3479.700706,3.479700706,3604.518579,-59.783965,-65.033907,768000,768000,1.000000000,1,2026-01-07 13:02:00.000000,2026-01-07 13:02:59.999922,1,BAY01_2210_20260107_130154_000.7z
2026-01-07 13:03:00,3483.211413,3.483211413,3604.264727,-57.933754,-63.119560,768000,768000,1.000000000,1,2026-01-07 13:03:00.000000,2026-01-07 13:03:59.999922,1,BAY01_2210_20260107_130154_000.7z
2026-01-07 13:04:00,3500.820910,3.500820910,3604.844895,-49.381581,-54.642404,768000,768000,1.000000000,1,2026-01-07 13:04:00.000000,2026-01-07 13:04:59.999922,1,BAY01_2210_20260107_130154_000.7z
2026-01-07 13:05:00,3499.541970,3.499541970,3604.846060,-50.026074,-55.278016,768000,768000,1.000000000,1,2026-01-07 13:05:00.000000,2026-01-07 13:05:59.999922,1,BAY01_2210_20260107_130154_000.7z
2026-01-07 13:06:00,3498.489628,3.498489628,3605.192925,-50.684040,-56.019257,768000,768000,1.000000000,1,2026-01-07 13:06:00.000000,2026-01-07 13:06:59.999922,1,BAY01_2210_20260107_130154_000.7z
2026-01-07 13:07:00,3500.975403,3.500975403,3605.108825,-49.395588,-54.737834,768000,768000,1.000000000,1,2026-01-07 13:07:00.000000,2026-01-07 13:07:59.999922,1,BAY01_2210_20260107_130154_000.7z
2026-01-07 13:08:00,3501.144686,3.501144686,3605.419847,-49.490157,-54.785004,768000,768000,1.000000000,1,2026-01-07 13:08:00.000000,2026-01-07 13:08:59.999922,1,BAY01_2210_20260107_130154_000.7z
2026-01-07 13:09:00,3501.063023,3.501063023,3605.133671,-49.377315,-54.693333,768000,768000,1.000000000,1,2026-01-07 13:09:00.000000,2026-01-07 13:09:59.999922,1,BAY01_2210_20260107_130154_000.7z
2026-01-07 13:10:00,3501.379110,3.501379110,3605.412772,-49.365766,-54.667895,768000,768000,1.000000000,1,2026-01-07 13:10:00.000000,2026-01-07 13:10:59.999922,1,BAY01_2210_20260107_130154_000.7z
2026-01-07 13:11:00,3500.957850,3.500957850,3605.469718,-49.563483,-54.948386,704145,768000,0.916855469,0,2026-01-07 13:11:00.000000,2026-01-07 13:11:59.999922,2,BAY01_2210_20260107_130154_000.7z;BAY01_2211_20260107_131159_000.7z
2026-01-07 13:12:00,3481.230859,3.481230859,3605.514351,-59.532354,-64.751138,768000,768000,1.000000000,1,2026-01-07 13:12:00.000000,2026-01-07 13:12:59.999922,1,BAY01_2211_20260107_131159_000.7z
2026-01-07 13:13:00,3483.178110,3.483178110,3605.606682,-58.596665,-63.831906,768000,768000,1.000000000,1,2026-01-07 13:13:00.000000,2026-01-07 13:13:59.999922,1,BAY01_2211_20260107_131159_000.7z
2026-01-07 13:14:00,3501.201751,3.501201751,3605.339894,-49.425373,-54.712770,768000,768000,1.000000000,1,2026-01-07 13:14:00.000000,2026-01-07 13:14:59.999922,1,BAY01_2211_20260107_131159_000.7z
2026-01-07 13:15:00,3501.390021,3.501390021,3605.483991,-49.402225,-54.691745,768000,768000,1.000000000,1,2026-01-07 13:15:00.000000,2026-01-07 13:15:59.999922,1,BAY01_2211_20260107_131159_000.7z
2026-01-07 13:16:00,3499.303616,3.499303616,3605.645548,-50.535453,-55.806479,768000,768000,1.000000000,1,2026-01-07 13:16:00.000000,2026-01-07 13:16:59.999922,1,BAY01_2211_20260107_131159_000.7z
2026-01-07 13:17:00,3501.687824,3.501687824,3605.930455,-49.453930,-54.788701,768000,768000,1.000000000,1,2026-01-07 13:17:00.000000,2026-01-07 13:17:59.999922,1,BAY01_2211_20260107_131159_000.7z
2026-01-07 13:18:00,3501.454316,3.501454316,3605.600462,-49.396610,-54.749537,768000,768000,1.000000000,1,2026-01-07 13:18:00.000000,2026-01-07 13:18:59.999922,1,BAY01_2211_20260107_131159_000.7z
2026-01-07 13:19:00,3501.827087,3.501827087,3605.934611,-49.343779,-54.763746,768000,768000,1.000000000,1,2026-01-07 13:19:00.000000,2026-01-07 13:19:59.999922,1,BAY01_2211_20260107_131159_000.7z
2026-01-07 13:20:00,3501.671925,3.501671925,3606.029128,-49.457627,-54.899576,768000,768000,1.000000000,1,2026-01-07 13:20:00.000000,2026-01-07 13:20:59.999922,1,BAY01_2211_20260107_131159_000.7z
2026-01-07 13:21:00,3501.363756,3.501363756,3605.717657,-49.527424,-54.826477,755277,768000,0.983433594,0,2026-01-07 13:21:00.000000,2026-01-07 13:21:59.005938,1,BAY01_2211_20260107_131159_000.7z
2026-01-07 13:22:00,3481.508294,3.481508294,3605.887074,-59.567368,-64.811411,716800,768000,0.933333333,0,2026-01-07 13:22:04.000000,2026-01-07 13:22:59.999922,1,BAY01_2212_20260107_132204_000.7z
2026-01-07 13:23:00,3481.761678,3.481761678,3605.482870,-59.237798,-64.483395,768000,768000,1.000000000,1,2026-01-07 13:23:00.000000,2026-01-07 13:23:59.999922,1,BAY01_2212_20260107_132204_000.7z
2026-01-07 13:24:00,3500.648257,3.500648257,3604.962596,-49.524787,-54.789552,768000,768000,1.000000000,1,2026-01-07 13:24:00.000000,2026-01-07 13:24:59.999922,1,BAY01_2212_20260107_132204_000.7z
2026-01-07 13:25:00,3501.146217,3.501146217,3605.075878,-49.314068,-54.615593,768000,768000,1.000000000,1,2026-01-07 13:25:00.000000,2026-01-07 13:25:59.999922,1,BAY01_2212_20260107_132204_000.7z
2026-01-07 13:26:00,3498.818599,3.498818599,3605.487863,-50.681667,-55.987597,768000,768000,1.000000000,1,2026-01-07 13:26:00.000000,2026-01-07 13:26:59.999922,1,BAY01_2212_20260107_132204_000.7z
2026-01-07 13:27:00,3501.346307,3.501346307,3605.433563,-49.413334,-54.673922,768000,768000,1.000000000,1,2026-01-07 13:27:00.000000,2026-01-07 13:27:59.999922,1,BAY01_2212_20260107_132204_000.7z
2026-01-07 13:28:00,3501.152559,3.501152559,3605.114175,-49.338738,-54.622878,768000,768000,1.000000000,1,2026-01-07 13:28:00.000000,2026-01-07 13:28:59.999922,1,BAY01_2212_20260107_132204_000.7z
2026-01-07 13:29:00,3500.663631,3.500663631,3605.022210,-49.521831,-54.836749,768000,768000,1.000000000,1,2026-01-07 13:29:00.000000,2026-01-07 13:29:59.999922,1,BAY01_2212_20260107_132204_000.7z
2026-01-07 13:30:00,3501.312047,3.501312047,3605.686040,-49.536477,-54.837516,768000,768000,1.000000000,1,2026-01-07 13:30:00.000000,2026-01-07 13:30:59.999922,1,BAY01_2212_20260107_132204_000.7z
2026-01-07 13:31:00,3500.931377,3.500931377,3605.414176,-49.556348,-54.926450,768000,768000,1.000000000,1,2026-01-07 13:31:00.000000,2026-01-07 13:31:59.999922,1,BAY01_2212_20260107_132204_000.7z
2026-01-07 13:32:00,3481.855455,3.481855455,3605.255681,-59.063934,-64.336292,729608,768000,0.950010417,0,2026-01-07 13:32:00.000000,2026-01-07 13:32:59.999922,2,BAY01_2212_20260107_132204_000.7z;BAY01_2213_20260107_133207_000.7z
2026-01-07 13:33:00,3480.734268,3.480734268,3605.995429,-60.030946,-65.230214,768000,768000,1.000000000,1,2026-01-07 13:33:00.000000,2026-01-07 13:33:59.999922,1,BAY01_2213_20260107_133207_000.7z
2026-01-07 13:34:00,3501.819439,3.501819439,3606.063133,-49.491649,-54.752045,768000,768000,1.000000000,1,2026-01-07 13:34:00.000000,2026-01-07 13:34:59.999922,1,BAY01_2213_20260107_133207_000.7z
2026-01-07 13:35:00,3499.319873,3.499319873,3606.008735,-50.729599,-55.959263,768000,768000,1.000000000,1,2026-01-07 13:35:00.000000,2026-01-07 13:35:59.999922,1,BAY01_2213_20260107_133207_000.7z
2026-01-07 13:36:00,3499.278302,3.499278302,3606.041129,-50.741701,-56.021126,768000,768000,1.000000000,1,2026-01-07 13:36:00.000000,2026-01-07 13:36:59.999922,1,BAY01_2213_20260107_133207_000.7z
2026-01-07 13:37:00,3501.784716,3.501784716,3606.278793,-49.589983,-54.904094,768000,768000,1.000000000,1,2026-01-07 13:37:00.000000,2026-01-07 13:37:59.999922,1,BAY01_2213_20260107_133207_000.7z
2026-01-07 13:38:00,3501.686082,3.501686082,3606.281585,-49.685280,-54.910222,768000,768000,1.000000000,1,2026-01-07 13:38:00.000000,2026-01-07 13:38:59.999922,1,BAY01_2213_20260107_133207_000.7z
2026-01-07 13:39:00,3501.812465,3.501812465,3606.209175,-49.538239,-54.858471,768000,768000,1.000000000,1,2026-01-07 13:39:00.000000,2026-01-07 13:39:59.999922,1,BAY01_2213_20260107_133207_000.7z
2026-01-07 13:40:00,3502.201241,3.502201241,3606.558006,-49.461868,-54.894897,768000,768000,1.000000000,1,2026-01-07 13:40:00.000000,2026-01-07 13:40:59.999922,1,BAY01_2213_20260107_133207_000.7z
2026-01-07 13:41:00,3501.943095,3.501943095,3606.247206,-49.493243,-54.810868,768000,768000,1.000000000,1,2026-01-07 13:41:00.000000,2026-01-07 13:41:59.999922,1,BAY01_2213_20260107_133207_000.7z
2026-01-07 13:42:00,3483.945703,3.483945703,3606.072059,-58.481923,-63.644432,678483,768000,0.883441406,0,2026-01-07 13:42:00.000000,2026-01-07 13:42:59.999922,2,BAY01_2213_20260107_133207_000.7z;BAY01_2214_20260107_134214_000.7z
2026-01-07 13:43:00,3481.740523,3.481740523,3606.366847,-59.676320,-64.950004,768000,768000,1.000000000,1,2026-01-07 13:43:00.000000,2026-01-07 13:43:59.999922,1,BAY01_2214_20260107_134214_000.7z
2026-01-07 13:44:00,3499.252167,3.499252167,3606.261337,-50.835818,-56.173352,768000,768000,1.000000000,1,2026-01-07 13:44:00.000000,2026-01-07 13:44:59.999922,1,BAY01_2214_20260107_134214_000.7z
2026-01-07 13:45:00,3502.200880,3.502200880,3606.479578,-49.496319,-54.782378,768000,768000,1.000000000,1,2026-01-07 13:45:00.000000,2026-01-07 13:45:59.999922,1,BAY01_2214_20260107_134214_000.7z
2026-01-07 13:46:00,3499.548769,3.499548769,3606.473197,-50.800280,-56.124147,768000,768000,1.000000000,1,2026-01-07 13:46:00.000000,2026-01-07 13:46:59.999922,1,BAY01_2214_20260107_134214_000.7z
2026-01-07 13:47:00,3501.788449,3.501788449,3606.394414,-49.642931,-54.963033,768000,768000,1.000000000,1,2026-01-07 13:47:00.000000,2026-01-07 13:47:59.999922,1,BAY01_2214_20260107_134214_000.7z
2026-01-07 13:48:00,3502.703530,3.502703530,3607.008385,-49.549367,-54.755487,768000,768000,1.000000000,1,2026-01-07 13:48:00.000000,2026-01-07 13:48:59.999922,1,BAY01_2214_20260107_134214_000.7z
2026-01-07 13:49:00,3502.692399,3.502692399,3607.028782,-49.546866,-54.789517,768000,768000,1.000000000,1,2026-01-07 13:49:00.000000,2026-01-07 13:49:59.999922,1,BAY01_2214_20260107_134214_000.7z
2026-01-07 13:50:00,3503.276570,3.503276570,3607.660238,-49.552613,-54.831056,768000,768000,1.000000000,1,2026-01-07 13:50:00.000000,2026-01-07 13:50:59.999922,1,BAY01_2214_20260107_134214_000.7z
2026-01-07 13:51:00,3503.709851,3.503709851,3607.949280,-49.474343,-54.765085,768000,768000,1.000000000,1,2026-01-07 13:51:00.000000,2026-01-07 13:51:59.999922,1,BAY01_2214_20260107_134214_000.7z
2026-01-07 13:52:00,3487.994485,3.487994485,3607.655657,-57.276042,-62.385130,716861,768000,0.933412760,0,2026-01-07 13:52:00.000000,2026-01-07 13:52:59.999922,2,BAY01_2214_20260107_134214_000.7z;BAY01_2215_20260107_135218_000.7z
2026-01-07 13:53:00,3482.945959,3.482945959,3607.824003,-59.858244,-65.019800,768000,768000,1.000000000,1,2026-01-07 13:53:00.000000,2026-01-07 13:53:59.999922,1,BAY01_2215_20260107_135218_000.7z
2026-01-07 13:54:00,3501.140654,3.501140654,3609.288073,-51.449406,-56.698013,768000,768000,1.000000000,1,2026-01-07 13:54:00.000000,2026-01-07 13:54:59.999922,1,BAY01_2215_20260107_135218_000.7z
2026-01-07 13:55:00,3504.108948,3.504108948,3608.215131,-49.399372,-54.706811,768000,768000,1.000000000,1,2026-01-07 13:55:00.000000,2026-01-07 13:55:59.999922,1,BAY01_2215_20260107_135218_000.7z
2026-01-07 13:56:00,3501.338807,3.501338807,3608.055465,-50.730654,-55.986003,768000,768000,1.000000000,1,2026-01-07 13:56:00.000000,2026-01-07 13:56:59.999922,1,BAY01_2215_20260107_135218_000.7z
2026-01-07 13:57:00,3502.449442,3.502449442,3606.864591,-49.560081,-54.855068,768000,768000,1.000000000,1,2026-01-07 13:57:00.000000,2026-01-07 13:57:59.999922,1,BAY01_2215_20260107_135218_000.7z
2026-01-07 13:58:00,3501.845830,3.501845830,3606.129303,-49.471505,-54.811969,768000,768000,1.000000000,1,2026-01-07 13:58:00.000000,2026-01-07 13:58:59.999922,1,BAY01_2215_20260107_135218_000.7z
2026-01-07 13:59:00,3502.120477,3.502120477,3606.433398,-49.551697,-54.761224,768000,768000,1.000000000,1,2026-01-07 13:59:00.000000,2026-01-07 13:59:59.999922,1,BAY01_2215_20260107_135218_000.7z
2026-01-07 14:00:00,3501.261796,3.501261796,3605.309439,-49.358201,-54.689443,768000,768000,1.000000000,1,2026-01-07 14:00:00.000000,2026-01-07 14:00:59.999922,1,BAY01_2215_20260107_135218_000.7z
2026-01-07 14:01:00,3500.543643,3.500543643,3604.582271,-49.390987,-54.647641,768000,768000,1.000000000,1,2026-01-07 14:01:00.000000,2026-01-07 14:01:59.999922,1,BAY01_2215_20260107_135218_000.7z
2026-01-07 14:02:00,3484.205051,3.484205051,3601.717477,-56.166726,-61.345700,729605,768000,0.950006510,0,2026-01-07 14:02:00.000000,2026-01-07 14:02:59.999922,2,BAY01_2215_20260107_135218_000.7z;BAY01_2216_20260107_140221_000.7z
2026-01-07 14:03:00,3477.833314,3.477833314,3602.662752,-59.824620,-65.004817,768000,768000,1.000000000,1,2026-01-07 14:03:00.000000,2026-01-07 14:03:59.999922,1,BAY01_2216_20260107_140221_000.7z
2026-01-07 14:04:00,3487.676292,3.487676292,3597.535236,-52.307854,-57.551090,768000,768000,1.000000000,1,2026-01-07 14:04:00.000000,2026-01-07 14:04:59.999922,1,BAY01_2216_20260107_140221_000.7z
2026-01-07 14:05:00,3486.724666,3.486724666,3593.375491,-50.653307,-55.997518,768000,768000,1.000000000,1,2026-01-07 14:05:00.000000,2026-01-07 14:05:59.999922,1,BAY01_2216_20260107_140221_000.7z
2026-01-07 14:06:00,3485.095682,3.485095682,3591.833730,-50.771026,-55.967023,768000,768000,1.000000000,1,2026-01-07 14:06:00.000000,2026-01-07 14:06:59.999922,1,BAY01_2216_20260107_140221_000.7z
2026-01-07 14:07:00,3484.438892,3.484438892,3588.622121,-49.516242,-54.666987,768000,768000,1.000000000,1,2026-01-07 14:07:00.000000,2026-01-07 14:07:59.999922,1,BAY01_2216_20260107_140221_000.7z
2026-01-07 14:08:00,3484.417254,3.484417254,3588.553427,-49.481796,-54.654377,768000,768000,1.000000000,1,2026-01-07 14:08:00.000000,2026-01-07 14:08:59.999922,1,BAY01_2216_20260107_140221_000.7z
2026-01-07 14:09:00,3480.650657,3.480650657,3584.833411,-49.525412,-54.657341,768000,768000,1.000000000,1,2026-01-07 14:09:00.000000,2026-01-07 14:09:59.999922,1,BAY01_2216_20260107_140221_000.7z
2026-01-07 14:10:00,3479.951117,3.479951117,3584.047530,-49.450618,-54.645795,768000,768000,1.000000000,1,2026-01-07 14:10:00.000000,2026-01-07 14:10:59.999922,1,BAY01_2216_20260107_140221_000.7z
2026-01-07 14:11:00,3475.092534,3.475092534,3578.994884,-49.310329,-54.592022,768000,768000,1.000000000,1,2026-01-07 14:11:00.000000,2026-01-07 14:11:59.999922,1,BAY01_2216_20260107_140221_000.7z
2026-01-07 14:12:00,3463.313267,3.463313267,3578.248984,-54.855322,-60.080395,704025,768000,0.916699219,0,2026-01-07 14:12:00.000000,2026-01-07 14:12:59.999922,2,BAY01_2216_20260107_140221_000.7z;BAY01_2217_20260107_141226_000.7z
2026-01-07 14:13:00,3450.617831,3.450617831,3574.892366,-59.536019,-64.738517,768000,768000,1.000000000,1,2026-01-07 14:13:00.000000,2026-01-07 14:13:59.999922,1,BAY01_2217_20260107_141226_000.7z
2026-01-07 14:14:00,3462.750389,3.462750389,3573.260381,-52.600576,-57.909416,768000,768000,1.000000000,1,2026-01-07 14:14:00.000000,2026-01-07 14:14:59.999922,1,BAY01_2217_20260107_141226_000.7z
2026-01-07 14:15:00,3468.149038,3.468149038,3572.211788,-49.377550,-54.685199,768000,768000,1.000000000,1,2026-01-07 14:15:00.000000,2026-01-07 14:15:59.999922,1,BAY01_2217_20260107_141226_000.7z
2026-01-07 14:16:00,3465.948363,3.465948363,3571.995004,-50.388559,-55.658082,768000,768000,1.000000000,1,2026-01-07 14:16:00.000000,2026-01-07 14:16:59.999922,1,BAY01_2217_20260107_141226_000.7z
2026-01-07 14:17:00,3466.785155,3.466785155,3571.139297,-49.538069,-54.816073,768000,768000,1.000000000,1,2026-01-07 14:17:00.000000,2026-01-07 14:17:59.999922,1,BAY01_2217_20260107_141226_000.7z
2026-01-07 14:18:00,3466.901515,3.466901515,3571.442858,-49.604612,-54.936731,768000,768000,1.000000000,1,2026-01-07 14:18:00.000000,2026-01-07 14:18:59.999922,1,BAY01_2217_20260107_141226_000.7z
2026-01-07 14:19:00,3466.395342,3.466395342,3570.867666,-49.581393,-54.890931,768000,768000,1.000000000,1,2026-01-07 14:19:00.000000,2026-01-07 14:19:59.999922,1,BAY01_2217_20260107_141226_000.7z
2026-01-07 14:20:00,3466.928231,3.466928231,3571.465659,-49.600025,-54.937403,768000,768000,1.000000000,1,2026-01-07 14:20:00.000000,2026-01-07 14:20:59.999922,1,BAY01_2217_20260107_141226_000.7z
2026-01-07 14:21:00,3467.689067,3.467689067,3571.882358,-49.447431,-54.745860,768000,768000,1.000000000,1,2026-01-07 14:21:00.000000,2026-01-07 14:21:59.999922,1,BAY01_2217_20260107_141226_000.7z
2026-01-07 14:22:00,3458.834651,3.458834651,3572.650189,-54.273488,-59.542050,704059,768000,0.916743490,0,2026-01-07 14:22:00.000000,2026-01-07 14:22:59.999922,2,BAY01_2217_20260107_141226_000.7z;BAY01_2218_20260107_142231_000.7z
2026-01-07 14:23:00,3447.915848,3.447915848,3572.504798,-59.676364,-64.912586,768000,768000,1.000000000,1,2026-01-07 14:23:00.000000,2026-01-07 14:23:59.999922,1,BAY01_2218_20260107_142231_000.7z
2026-01-07 14:24:00,3460.719753,3.460719753,3573.956626,-53.985516,-59.251357,768000,768000,1.000000000,1,2026-01-07 14:24:00.000000,2026-01-07 14:24:59.999922,1,BAY01_2218_20260107_142231_000.7z
2026-01-07 14:25:00,3470.390612,3.470390612,3574.753871,-49.567083,-54.796175,768000,768000,1.000000000,1,2026-01-07 14:25:00.000000,2026-01-07 14:25:59.999922,1,BAY01_2218_20260107_142231_000.7z
2026-01-07 14:26:00,3470.086112,3.470086112,3575.166820,-49.954151,-55.126557,768000,768000,1.000000000,1,2026-01-07 14:26:00.000000,2026-01-07 14:26:59.999922,1,BAY01_2218_20260107_142231_000.7z
2026-01-07 14:27:00,3470.879816,3.470879816,3575.024566,-49.459955,-54.684795,768000,768000,1.000000000,1,2026-01-07 14:27:00.000000,2026-01-07 14:27:59.999922,1,BAY01_2218_20260107_142231_000.7z
2026-01-07 14:28:00,3470.467285,3.470467285,3574.503542,-49.387064,-54.649192,768000,768000,1.000000000,1,2026-01-07 14:28:00.000000,2026-01-07 14:28:59.999922,1,BAY01_2218_20260107_142231_000.7z
2026-01-07 14:29:00,3470.694855,3.470694855,3574.853352,-49.464768,-54.693730,768000,768000,1.000000000,1,2026-01-07 14:29:00.000000,2026-01-07 14:29:59.999922,1,BAY01_2218_20260107_142231_000.7z
2026-01-07 14:30:00,3471.310929,3.471310929,3575.162675,-49.301309,-54.550437,768000,768000,1.000000000,1,2026-01-07 14:30:00.000000,2026-01-07 14:30:59.999922,1,BAY01_2218_20260107_142231_000.7z
2026-01-07 14:31:00,3471.334199,3.471334199,3575.566736,-49.482970,-54.749568,768000,768000,1.000000000,1,2026-01-07 14:31:00.000000,2026-01-07 14:31:59.999922,1,BAY01_2218_20260107_142231_000.7z
2026-01-07 14:32:00,3463.174217,3.463174217,3576.155153,-53.880203,-59.100732,716902,768000,0.933466146,0,2026-01-07 14:32:00.000000,2026-01-07 14:32:59.999922,2,BAY01_2218_20260107_142231_000.7z;BAY01_2219_20260107_143235_000.7z
2026-01-07 14:33:00,3452.300821,3.452300821,3577.061372,-59.770236,-64.990314,768000,768000,1.000000000,1,2026-01-07 14:33:00.000000,2026-01-07 14:33:59.999922,1,BAY01_2219_20260107_143235_000.7z
2026-01-07 14:34:00,3463.384896,3.463384896,3577.689014,-54.561436,-59.742682,768000,768000,1.000000000,1,2026-01-07 14:34:00.000000,2026-01-07 14:34:59.999922,1,BAY01_2219_20260107_143235_000.7z
2026-01-07 14:35:00,3471.876151,3.471876151,3578.397380,-50.616646,-55.904582,768000,768000,1.000000000,1,2026-01-07 14:35:00.000000,2026-01-07 14:35:59.999922,1,BAY01_2219_20260107_143235_000.7z
2026-01-07 14:36:00,3474.800221,3.474800221,3579.393315,-49.627210,-54.965884,768000,768000,1.000000000,1,2026-01-07 14:36:00.000000,2026-01-07 14:36:59.999922,1,BAY01_2219_20260107_143235_000.7z
2026-01-07 14:37:00,3475.872100,3.475872100,3579.977473,-49.372985,-54.732387,768000,768000,1.000000000,1,2026-01-07 14:37:00.000000,2026-01-07 14:37:59.999922,1,BAY01_2219_20260107_143235_000.7z
2026-01-07 14:38:00,3476.923387,3.476923387,3581.116432,-49.436890,-54.756155,768000,768000,1.000000000,1,2026-01-07 14:38:00.000000,2026-01-07 14:38:59.999922,1,BAY01_2219_20260107_143235_000.7z
2026-01-07 14:39:00,3478.356851,3.478356851,3582.250057,-49.244579,-54.648627,768000,768000,1.000000000,1,2026-01-07 14:39:00.000000,2026-01-07 14:39:59.999922,1,BAY01_2219_20260107_143235_000.7z
2026-01-07 14:40:00,3477.665550,3.477665550,3581.827703,-49.428213,-54.733940,768000,768000,1.000000000,1,2026-01-07 14:40:00.000000,2026-01-07 14:40:59.999922,1,BAY01_2219_20260107_143235_000.7z
2026-01-07 14:41:00,3477.878304,3.477878304,3582.144091,-49.499369,-54.766418,768000,768000,1.000000000,1,2026-01-07 14:41:00.000000,2026-01-07 14:41:59.999922,1,BAY01_2219_20260107_143235_000.7z
2026-01-07 14:42:00,3471.652941,3.471652941,3582.899529,-53.008132,-58.238456,716884,768000,0.933442708,0,2026-01-07 14:42:00.000000,2026-01-07 14:42:59.999922,2,BAY01_2219_20260107_143235_000.7z;BAY01_2220_20260107_144239_000.7z
2026-01-07 14:43:00,3460.089307,3.460089307,3584.515558,-59.677269,-64.748982,768000,768000,1.000000000,1,2026-01-07 14:43:00.000000,2026-01-07 14:43:59.999922,1,BAY01_2220_20260107_144239_000.7z
2026-01-07 14:44:00,3470.431911,3.470431911,3585.294257,-54.814567,-60.047779,768000,768000,1.000000000,1,2026-01-07 14:44:00.000000,2026-01-07 14:44:59.999922,1,BAY01_2220_20260107_144239_000.7z
2026-01-07 14:45:00,3481.887657,3.481887657,3586.121504,-49.489127,-54.744720,768000,768000,1.000000000,1,2026-01-07 14:45:00.000000,2026-01-07 14:45:59.999922,1,BAY01_2220_20260107_144239_000.7z
2026-01-07 14:46:00,3481.991526,3.481991526,3587.390765,-50.082933,-55.316307,768000,768000,1.000000000,1,2026-01-07 14:46:00.000000,2026-01-07 14:46:59.999922,1,BAY01_2220_20260107_144239_000.7z
2026-01-07 14:47:00,3485.062194,3.485062194,3589.175828,-49.474208,-54.639426,768000,768000,1.000000000,1,2026-01-07 14:47:00.000000,2026-01-07 14:47:59.999922,1,BAY01_2220_20260107_144239_000.7z
2026-01-07 14:48:00,3485.986963,3.485986963,3590.224724,-49.520689,-54.717072,768000,768000,1.000000000,1,2026-01-07 14:48:00.000000,2026-01-07 14:48:59.999922,1,BAY01_2220_20260107_144239_000.7z
2026-01-07 14:49:00,3488.214285,3.488214285,3592.458078,-49.511252,-54.732541,768000,768000,1.000000000,1,2026-01-07 14:49:00.000000,2026-01-07 14:49:59.999922,1,BAY01_2220_20260107_144239_000.7z
2026-01-07 14:50:00,3489.439276,3.489439276,3593.636790,-49.478962,-54.718552,768000,768000,1.000000000,1,2026-01-07 14:50:00.000000,2026-01-07 14:50:59.999922,1,BAY01_2220_20260107_144239_000.7z
2026-01-07 14:51:00,3492.242126,3.492242126,3596.377750,-49.461401,-54.674224,768000,768000,1.000000000,1,2026-01-07 14:51:00.000000,2026-01-07 14:51:59.999922,1,BAY01_2220_20260107_144239_000.7z
2026-01-07 14:52:00,3488.040637,3.488040637,3597.499057,-52.097697,-57.360723,691239,768000,0.900050781,0,2026-01-07 14:52:00.000000,2026-01-07 14:52:59.999922,2,BAY01_2220_20260107_144239_000.7z;BAY01_2221_20260107_145245_000.7z
2026-01-07 14:53:00,3475.891675,3.475891675,3600.301252,-59.598057,-64.811520,768000,768000,1.000000000,1,2026-01-07 14:53:00.000000,2026-01-07 14:53:59.999922,1,BAY01_2221_20260107_145245_000.7z
2026-01-07 14:54:00,3485.818669,3.485818669,3603.222833,-56.104890,-61.299274,768000,768000,1.000000000,1,2026-01-07 14:54:00.000000,2026-01-07 14:54:59.999922,1,BAY01_2221_20260107_145245_000.7z
2026-01-07 14:55:00,3499.346433,3.499346433,3603.485308,-49.432955,-54.705919,768000,768000,1.000000000,1,2026-01-07 14:55:00.000000,2026-01-07 14:55:59.999922,1,BAY01_2221_20260107_145245_000.7z
2026-01-07 14:56:00,3469.842582,3.469842582,3576.227159,-50.547901,-55.836675,768000,768000,1.000000000,1,2026-01-07 14:56:00.000000,2026-01-07 14:56:59.999922,1,BAY01_2221_20260107_145245_000.7z
2026-01-07 14:57:00,3465.809087,3.465809087,3569.949029,-49.447688,-54.692254,768000,768000,1.000000000,1,2026-01-07 14:57:00.000000,2026-01-07 14:57:59.999922,1,BAY01_2221_20260107_145245_000.7z
2026-01-07 14:58:00,3471.497837,3.471497837,3575.498635,-49.362284,-54.638514,768000,768000,1.000000000,1,2026-01-07 14:58:00.000000,2026-01-07 14:58:59.999922,1,BAY01_2221_20260107_145245_000.7z
2026-01-07 14:59:00,3479.368598,3.479368598,3583.132702,-49.196345,-54.567758,768000,768000,1.000000000,1,2026-01-07 14:59:00.000000,2026-01-07 14:59:59.999922,1,BAY01_2221_20260107_145245_000.7z
2026-01-07 15:00:00,3489.834341,3.489834341,3593.911565,-49.356372,-54.720852,768000,768000,1.000000000,1,2026-01-07 15:00:00.000000,2026-01-07 15:00:59.999922,1,BAY01_2221_20260107_145245_000.7z
2026-01-07 15:01:00,3476.506788,3.476506788,3580.756913,-49.430174,-54.819951,768000,768000,1.000000000,1,2026-01-07 15:01:00.000000,2026-01-07 15:01:59.999922,1,BAY01_2221_20260107_145245_000.7z
2026-01-07 15:02:00,3472.390081,3.472390081,3580.135146,-51.204554,-56.540512,716898,768000,0.933460938,0,2026-01-07 15:02:00.000000,2026-01-07 15:02:59.999922,2,BAY01_2221_20260107_145245_000.7z;BAY01_2222_20260107_150249_000.7z
2026-01-07 15:03:00,3383.414539,3.383414539,3508.366078,-59.828906,-65.122632,768000,768000,1.000000000,1,2026-01-07 15:03:00.000000,2026-01-07 15:03:59.999922,1,BAY01_2222_20260107_150249_000.7z
2026-01-07 15:04:00,253.787525,0.253787525,372.273750,-56.570240,-61.915985,768000,768000,1.000000000,1,2026-01-07 15:04:00.000000,2026-01-07 15:04:59.999922,1,BAY01_2222_20260107_150249_000.7z
2026-01-07 15:05:00,-99.099477,-0.099099477,5.013023,-49.352565,-54.759935,768000,768000,1.000000000,1,2026-01-07 15:05:00.000000,2026-01-07 15:05:59.999922,1,BAY01_2222_20260107_150249_000.7z
2026-01-07 15:06:00,-101.539484,-0.101539484,5.039974,-50.643667,-55.935791,768000,768000,1.000000000,1,2026-01-07 15:06:00.000000,2026-01-07 15:06:59.999922,1,BAY01_2222_20260107_150249_000.7z
2026-01-07 15:07:00,-98.770569,-0.098770569,5.076313,-49.221963,-54.624919,768000,768000,1.000000000,1,2026-01-07 15:07:00.000000,2026-01-07 15:07:59.999922,1,BAY01_2222_20260107_150249_000.7z
2026-01-07 15:08:00,-98.844567,-0.098844567,5.032101,-49.243554,-54.633115,768000,768000,1.000000000,1,2026-01-07 15:08:00.000000,2026-01-07 15:08:59.999922,1,BAY01_2222_20260107_150249_000.7z
2026-01-07 15:09:00,-98.940538,-0.098940538,5.016141,-49.333711,-54.622968,768000,768000,1.000000000,1,2026-01-07 15:09:00.000000,2026-01-07 15:09:59.999922,1,BAY01_2222_20260107_150249_000.7z
2026-01-07 15:10:00,-99.083608,-0.099083608,4.792113,-49.316562,-54.559158,768000,768000,1.000000000,1,2026-01-07 15:10:00.000000,2026-01-07 15:10:59.999922,1,BAY01_2222_20260107_150249_000.7z
2026-01-07 15:11:00,-99.616108,-0.099616108,4.493730,-49.453814,-54.656025,768000,768000,1.000000000,1,2026-01-07 15:11:00.000000,2026-01-07 15:11:59.999922,1,BAY01_2222_20260107_150249_000.7z
2026-01-07 15:12:00,-101.619424,-0.101619424,4.464775,-50.413443,-55.670756,704106,768000,0.916804687,0,2026-01-07 15:12:00.000000,2026-01-07 15:12:59.999922,2,BAY01_2222_20260107_150249_000.7z;BAY01_2223_20260107_151254_000.7z
2026-01-07 15:13:00,-119.458810,-0.119458810,4.505306,-59.396223,-64.567893,768000,768000,1.000000000,1,2026-01-07 15:13:00.000000,2026-01-07 15:13:59.999922,1,BAY01_2223_20260107_151254_000.7z
2026-01-07 15:14:00,-113.581270,-0.113581270,4.486190,-56.430026,-61.637434,768000,768000,1.000000000,1,2026-01-07 15:14:00.000000,2026-01-07 15:14:59.999922,1,BAY01_2223_20260107_151254_000.7z
2026-01-07 15:15:00,-100.004591,-0.100004591,4.243531,-49.478637,-54.769484,768000,768000,1.000000000,1,2026-01-07 15:15:00.000000,2026-01-07 15:15:59.999922,1,BAY01_2223_20260107_151254_000.7z
2026-01-07 15:16:00,-102.234206,-0.102234206,4.034256,-50.450660,-55.817802,768000,768000,1.000000000,1,2026-01-07 15:16:00.000000,2026-01-07 15:16:59.999922,1,BAY01_2223_20260107_151254_000.7z
2026-01-07 15:17:00,-99.894620,-0.099894620,4.057494,-49.264223,-54.687891,768000,768000,1.000000000,1,2026-01-07 15:17:00.000000,2026-01-07 15:17:59.999922,1,BAY01_2223_20260107_151254_000.7z
2026-01-07 15:18:00,-99.954741,-0.099954741,3.989106,-49.297595,-54.646252,768000,768000,1.000000000,1,2026-01-07 15:18:00.000000,2026-01-07 15:18:59.999922,1,BAY01_2223_20260107_151254_000.7z
2026-01-07 15:19:00,-99.935131,-0.099935131,3.996861,-49.286987,-54.645005,768000,768000,1.000000000,1,2026-01-07 15:19:00.000000,2026-01-07 15:19:59.999922,1,BAY01_2223_20260107_151254_000.7z
2026-01-07 15:20:00,-100.138064,-0.100138064,4.045415,-49.394477,-54.789002,768000,768000,1.000000000,1,2026-01-07 15:20:00.000000,2026-01-07 15:20:59.999922,1,BAY01_2223_20260107_151254_000.7z
2026-01-07 15:21:00,-100.113713,-0.100113713,4.030160,-49.403952,-54.739921,768000,768000,1.000000000,1,2026-01-07 15:21:00.000000,2026-01-07 15:21:59.999922,1,BAY01_2223_20260107_151254_000.7z
2026-01-07 15:22:00,-100.251799,-0.100251799,4.021335,-49.477584,-54.795550,691259,768000,0.900076823,0,2026-01-07 15:22:00.000000,2026-01-07 15:22:54.004531,1,BAY01_2223_20260107_151254_000.7z
2026-01-07 15:23:00,-119.816882,-0.119816882,4.017081,-59.297398,-64.536566,768000,768000,1.000000000,1,2026-01-07 15:23:00.000000,2026-01-07 15:23:59.999922,1,BAY01_2224_20260107_152300_000.7z
2026-01-07 15:24:00,-115.321623,-0.115321623,4.020890,-57.040696,-62.301818,768000,768000,1.000000000,1,2026-01-07 15:24:00.000000,2026-01-07 15:24:59.999922,1,BAY01_2224_20260107_152300_000.7z
2026-01-07 15:25:00,-100.078116,-0.100078116,3.961678,-49.362326,-54.677469,768000,768000,1.000000000,1,2026-01-07 15:25:00.000000,2026-01-07 15:25:59.999922,1,BAY01_2224_20260107_152300_000.7z
2026-01-07 15:26:00,-102.597314,-0.102597314,4.099221,-50.705050,-55.991485,768000,768000,1.000000000,1,2026-01-07 15:26:00.000000,2026-01-07 15:26:59.999922,1,BAY01_2224_20260107_152300_000.7z
2026-01-07 15:27:00,-100.257478,-0.100257478,4.042381,-49.552608,-54.747251,768000,768000,1.000000000,1,2026-01-07 15:27:00.000000,2026-01-07 15:27:59.999922,1,BAY01_2224_20260107_152300_000.7z
2026-01-07 15:28:00,-99.875237,-0.099875237,3.985770,-49.256001,-54.605005,768000,768000,1.000000000,1,2026-01-07 15:28:00.000000,2026-01-07 15:28:59.999922,1,BAY01_2224_20260107_152300_000.7z
2026-01-07 15:29:00,-100.124459,-0.100124459,3.998791,-49.335544,-54.787706,768000,768000,1.000000000,1,2026-01-07 15:29:00.000000,2026-01-07 15:29:59.999922,1,BAY01_2224_20260107_152300_000.7z
2026-01-07 15:30:00,-99.678425,-0.099678425,4.064402,-49.172929,-54.569897,768000,768000,1.000000000,1,2026-01-07 15:30:00.000000,2026-01-07 15:30:59.999922,1,BAY01_2224_20260107_152300_000.7z
2026-01-07 15:31:00,-99.884499,-0.099884499,4.034544,-49.258737,-54.660307,768000,768000,1.000000000,1,2026-01-07 15:31:00.000000,2026-01-07 15:31:59.999922,1,BAY01_2224_20260107_152300_000.7z
2026-01-07 15:32:00,-100.063083,-0.100063083,4.074763,-49.320780,-54.817065,768000,768000,1.000000000,1,2026-01-07 15:32:00.000000,2026-01-07 15:32:59.999922,1,BAY01_2224_20260107_152300_000.7z
2026-01-07 15:33:00,-120.312776,-0.120312776,4.201170,-59.595243,-64.918704,716819,768000,0.933358073,0,2026-01-07 15:33:00.000000,2026-01-07 15:33:59.999922,2,BAY01_2224_20260107_152300_000.7z;BAY01_2225_20260107_153304_000.7z
2026-01-07 15:34:00,-116.570955,-0.116570955,4.225530,-57.776155,-63.020331,768000,768000,1.000000000,1,2026-01-07 15:34:00.000000,2026-01-07 15:34:59.999922,1,BAY01_2225_20260107_153304_000.7z
2026-01-07 15:35:00,-103.763495,-0.103763495,4.185508,-51.291466,-56.657537,768000,768000,1.000000000,1,2026-01-07 15:35:00.000000,2026-01-07 15:35:59.999922,1,BAY01_2225_20260107_153304_000.7z
2026-01-07 15:36:00,-103.142137,-0.103142137,4.280228,-50.954467,-56.467897,768000,768000,1.000000000,1,2026-01-07 15:36:00.000000,2026-01-07 15:36:59.999922,1,BAY01_2225_20260107_153304_000.7z
2026-01-07 15:37:00,-99.652455,-0.099652455,4.265108,-49.194485,-54.723077,768000,768000,1.000000000,1,2026-01-07 15:37:00.000000,2026-01-07 15:37:59.999922,1,BAY01_2225_20260107_153304_000.7z
2026-01-07 15:38:00,-99.633214,-0.099633214,4.254184,-49.202479,-54.684919,768000,768000,1.000000000,1,2026-01-07 15:38:00.000000,2026-01-07 15:38:59.999922,1,BAY01_2225_20260107_153304_000.7z
2026-01-07 15:39:00,-99.757756,-0.099757756,4.274058,-49.303480,-54.728334,768000,768000,1.000000000,1,2026-01-07 15:39:00.000000,2026-01-07 15:39:59.999922,1,BAY01_2225_20260107_153304_000.7z
2026-01-07 15:40:00,-99.581999,-0.099581999,4.315976,-49.331553,-54.566422,768000,768000,1.000000000,1,2026-01-07 15:40:00.000000,2026-01-07 15:40:59.999922,1,BAY01_2225_20260107_153304_000.7z
2026-01-07 15:41:00,-99.501965,-0.099501965,4.315602,-49.268206,-54.549361,768000,768000,1.000000000,1,2026-01-07 15:41:00.000000,2026-01-07 15:41:59.999922,1,BAY01_2225_20260107_153304_000.7z
2026-01-07 15:42:00,-99.593869,-0.099593869,4.249937,-49.278903,-54.564902,768000,768000,1.000000000,1,2026-01-07 15:42:00.000000,2026-01-07 15:42:59.999922,1,BAY01_2225_20260107_153304_000.7z
2026-01-07 15:43:00,-117.939381,-0.117939381,4.306588,-58.527175,-63.718794,704103,768000,0.916800781,0,2026-01-07 15:43:00.000000,2026-01-07 15:43:59.999922,2,BAY01_2225_20260107_153304_000.7z;BAY01_2226_20260107_154309_000.7z
2026-01-07 15:44:00,-117.844790,-0.117844790,4.288746,-58.479872,-63.653665,768000,768000,1.000000000,1,2026-01-07 15:44:00.000000,2026-01-07 15:44:59.999922,1,BAY01_2226_20260107_154309_000.7z
2026-01-07 15:45:00,-99.703428,-0.099703428,4.238026,-49.304714,-54.636740,768000,768000,1.000000000,1,2026-01-07 15:45:00.000000,2026-01-07 15:45:59.999922,1,BAY01_2226_20260107_154309_000.7z
2026-01-07 15:46:00,-102.132008,-0.102132008,4.328238,-50.541102,-55.919145,768000,768000,1.000000000,1,2026-01-07 15:46:00.000000,2026-01-07 15:46:59.999922,1,BAY01_2226_20260107_154309_000.7z
2026-01-07 15:47:00,-99.848865,-0.099848865,4.323200,-49.372058,-54.800007,768000,768000,1.000000000,1,2026-01-07 15:47:00.000000,2026-01-07 15:47:59.999922,1,BAY01_2226_20260107_154309_000.7z
2026-01-07 15:48:00,-99.790506,-0.099790506,4.257426,-49.346591,-54.701342,768000,768000,1.000000000,1,2026-01-07 15:48:00.000000,2026-01-07 15:48:59.999922,1,BAY01_2226_20260107_154309_000.7z
2026-01-07 15:49:00,-100.238079,-0.100238079,4.280906,-49.571377,-54.947608,768000,768000,1.000000000,1,2026-01-07 15:49:00.000000,2026-01-07 15:49:59.999922,1,BAY01_2226_20260107_154309_000.7z
2026-01-07 15:50:00,-99.981694,-0.099981694,4.316806,-49.502244,-54.796256,768000,768000,1.000000000,1,2026-01-07 15:50:00.000000,2026-01-07 15:50:59.999922,1,BAY01_2226_20260107_154309_000.7z
2026-01-07 15:51:00,-99.686843,-0.099686843,4.271645,-49.306798,-54.651690,768000,768000,1.000000000,1,2026-01-07 15:51:00.000000,2026-01-07 15:51:59.999922,1,BAY01_2226_20260107_154309_000.7z
2026-01-07 15:52:00,-99.673733,-0.099673733,4.301406,-49.288826,-54.686313,768000,768000,1.000000000,1,2026-01-07 15:52:00.000000,2026-01-07 15:52:59.999922,1,BAY01_2226_20260107_154309_000.7z
2026-01-07 15:53:00,-116.346979,-0.116346979,4.294522,-57.648048,-62.993454,691269,768000,0.900089844,0,2026-01-07 15:53:00.000000,2026-01-07 15:53:59.999922,2,BAY01_2226_20260107_154309_000.7z;BAY01_2227_20260107_155315_000.7z
2026-01-07 15:54:00,-119.708148,-0.119708148,4.304133,-59.361428,-64.650853,768000,768000,1.000000000,1,2026-01-07 15:54:00.000000,2026-01-07 15:54:59.999922,1,BAY01_2227_20260107_155315_000.7z
2026-01-07 15:55:00,-99.681347,-0.099681347,4.254993,-49.289618,-54.646722,768000,768000,1.000000000,1,2026-01-07 15:55:00.000000,2026-01-07 15:55:59.999922,1,BAY01_2227_20260107_155315_000.7z
2026-01-07 15:56:00,-101.933116,-0.101933116,4.345713,-50.470216,-55.808613,768000,768000,1.000000000,1,2026-01-07 15:56:00.000000,2026-01-07 15:56:59.999922,1,BAY01_2227_20260107_155315_000.7z
2026-01-07 15:57:00,-99.596542,-0.099596542,4.292560,-49.273084,-54.616018,768000,768000,1.000000000,1,2026-01-07 15:57:00.000000,2026-01-07 15:57:59.999922,1,BAY01_2227_20260107_155315_000.7z
2026-01-07 15:58:00,-99.809468,-0.099809468,4.270717,-49.324359,-54.755826,768000,768000,1.000000000,1,2026-01-07 15:58:00.000000,2026-01-07 15:58:59.999922,1,BAY01_2227_20260107_155315_000.7z
2026-01-07 15:59:00,-100.112575,-0.100112575,4.306221,-49.487521,-54.931275,768000,768000,1.000000000,1,2026-01-07 15:59:00.000000,2026-01-07 15:59:59.999922,1,BAY01_2227_20260107_155315_000.7z
2026-01-07 16:00:00,-99.731153,-0.099731153,4.315193,-49.290636,-54.755710,768000,768000,1.000000000,1,2026-01-07 16:00:00.000000,2026-01-07 16:00:59.999922,1,BAY01_2227_20260107_155315_000.7z
2026-01-07 16:01:00,-100.057465,-0.100057465,4.296292,-49.474615,-54.879142,768000,768000,1.000000000,1,2026-01-07 16:01:00.000000,2026-01-07 16:01:59.999922,1,BAY01_2227_20260107_155315_000.7z
2026-01-07 16:02:00,-99.995593,-0.099995593,4.256479,-49.381043,-54.871029,768000,768000,1.000000000,1,2026-01-07 16:02:00.000000,2026-01-07 16:02:59.999922,1,BAY01_2227_20260107_155315_000.7z
2026-01-07 16:03:00,-115.127725,-0.115127725,4.327907,-57.037143,-62.418489,716924,768000,0.933494792,0,2026-01-07 16:03:00.000000,2026-01-07 16:03:59.999922,2,BAY01_2227_20260107_155315_000.7z;BAY01_2228_20260107_160319_000.7z
2026-01-07 16:04:00,-119.923496,-0.119923496,4.254704,-59.417476,-64.760724,768000,768000,1.000000000,1,2026-01-07 16:04:00.000000,2026-01-07 16:04:59.999922,1,BAY01_2228_20260107_160319_000.7z
2026-01-07 16:05:00,-103.899172,-0.103899172,4.282727,-51.349351,-56.832548,768000,768000,1.000000000,1,2026-01-07 16:05:00.000000,2026-01-07 16:05:59.999922,1,BAY01_2228_20260107_160319_000.7z
2026-01-07 16:06:00,-102.484850,-0.102484850,4.371666,-50.713419,-56.143097,768000,768000,1.000000000,1,2026-01-07 16:06:00.000000,2026-01-07 16:06:59.999922,1,BAY01_2228_20260107_160319_000.7z
2026-01-07 16:07:00,-99.888611,-0.099888611,4.307532,-49.420884,-54.775259,768000,768000,1.000000000,1,2026-01-07 16:07:00.000000,2026-01-07 16:07:59.999922,1,BAY01_2228_20260107_160319_000.7z
2026-01-07 16:08:00,-99.980375,-0.099980375,4.246871,-49.421574,-54.805672,768000,768000,1.000000000,1,2026-01-07 16:08:00.000000,2026-01-07 16:08:59.999922,1,BAY01_2228_20260107_160319_000.7z
2026-01-07 16:09:00,-100.002333,-0.100002333,4.305344,-49.405429,-54.902248,768000,768000,1.000000000,1,2026-01-07 16:09:00.000000,2026-01-07 16:09:59.999922,1,BAY01_2228_20260107_160319_000.7z
2026-01-07 16:10:00,-99.726448,-0.099726448,4.304907,-49.228327,-54.803028,768000,768000,1.000000000,1,2026-01-07 16:10:00.000000,2026-01-07 16:10:59.999922,1,BAY01_2228_20260107_160319_000.7z
2026-01-07 16:11:00,-99.735948,-0.099735948,4.270843,-49.222410,-54.784381,768000,768000,1.000000000,1,2026-01-07 16:11:00.000000,2026-01-07 16:11:59.999922,1,BAY01_2228_20260107_160319_000.7z
2026-01-07 16:12:00,-99.654564,-0.099654564,4.319254,-49.202242,-54.771577,768000,768000,1.000000000,1,2026-01-07 16:12:00.000000,2026-01-07 16:12:59.999922,1,BAY01_2228_20260107_160319_000.7z
2026-01-07 16:13:00,-112.578935,-0.112578935,4.376768,-55.729160,-61.226543,729602,768000,0.950002604,0,2026-01-07 16:13:00.000000,2026-01-07 16:13:59.999922,2,BAY01_2228_20260107_160319_000.7z;BAY01_2229_20260107_161322_000.7z
2026-01-07 16:14:00,-119.681095,-0.119681095,4.283228,-59.255728,-64.708595,768000,768000,1.000000000,1,2026-01-07 16:14:00.000000,2026-01-07 16:14:59.999922,1,BAY01_2229_20260107_161322_000.7z
2026-01-07 16:15:00,-102.414754,-0.102414754,4.265919,-50.614672,-56.066000,768000,768000,1.000000000,1,2026-01-07 16:15:00.000000,2026-01-07 16:15:59.999922,1,BAY01_2229_20260107_161322_000.7z
2026-01-07 16:16:00,-102.088862,-0.102088862,4.327499,-50.467453,-55.948908,768000,768000,1.000000000,1,2026-01-07 16:16:00.000000,2026-01-07 16:16:59.999922,1,BAY01_2229_20260107_161322_000.7z
2026-01-07 16:17:00,-100.119469,-0.100119469,4.304734,-49.465406,-54.958798,768000,768000,1.000000000,1,2026-01-07 16:17:00.000000,2026-01-07 16:17:59.999922,1,BAY01_2229_20260107_161322_000.7z
2026-01-07 16:18:00,-100.252193,-0.100252193,4.263649,-49.532248,-54.983593,768000,768000,1.000000000,1,2026-01-07 16:18:00.000000,2026-01-07 16:18:59.999922,1,BAY01_2229_20260107_161322_000.7z
2026-01-07 16:19:00,-100.048517,-0.100048517,4.315820,-49.433585,-54.930753,768000,768000,1.000000000,1,2026-01-07 16:19:00.000000,2026-01-07 16:19:59.999922,1,BAY01_2229_20260107_161322_000.7z
2026-01-07 16:20:00,-100.388436,-0.100388436,4.296336,-49.607472,-55.077300,768000,768000,1.000000000,1,2026-01-07 16:20:00.000000,2026-01-07 16:20:59.999922,1,BAY01_2229_20260107_161322_000.7z
2026-01-07 16:21:00,-100.252292,-0.100252292,4.297043,-49.572873,-54.976463,768000,768000,1.000000000,1,2026-01-07 16:21:00.000000,2026-01-07 16:21:59.999922,1,BAY01_2229_20260107_161322_000.7z
2026-01-07 16:22:00,-100.325326,-0.100325326,4.298025,-49.564463,-55.058888,768000,768000,1.000000000,1,2026-01-07 16:22:00.000000,2026-01-07 16:22:59.999922,1,BAY01_2229_20260107_161322_000.7z
2026-01-07 16:23:00,-110.296101,-0.110296101,4.331258,-54.597888,-60.029470,691248,768000,0.900062500,0,2026-01-07 16:23:00.000000,2026-01-07 16:23:59.999922,2,BAY01_2229_20260107_161322_000.7z;BAY01_2230_20260107_162328_000.7z
2026-01-07 16:24:00,-120.137087,-0.120137087,4.268801,-59.555692,-64.850196,768000,768000,1.000000000,1,2026-01-07 16:24:00.000000,2026-01-07 16:24:59.999922,1,BAY01_2230_20260107_162328_000.7z
2026-01-07 16:25:00,-104.529092,-0.104529092,4.296516,-51.717393,-57.108215,768000,768000,1.000000000,1,2026-01-07 16:25:00.000000,2026-01-07 16:25:59.999922,1,BAY01_2230_20260107_162328_000.7z
2026-01-07 16:26:00,-102.091068,-0.102091068,4.313607,-50.499455,-55.905220,768000,768000,1.000000000,1,2026-01-07 16:26:00.000000,2026-01-07 16:26:59.999922,1,BAY01_2230_20260107_162328_000.7z
2026-01-07 16:27:00,-99.971066,-0.099971066,4.329979,-49.395692,-54.905353,768000,768000,1.000000000,1,2026-01-07 16:27:00.000000,2026-01-07 16:27:59.999922,1,BAY01_2230_20260107_162328_000.7z
2026-01-07 16:28:00,-100.076037,-0.100076037,4.291442,-49.452028,-54.915452,768000,768000,1.000000000,1,2026-01-07 16:28:00.000000,2026-01-07 16:28:59.999922,1,BAY01_2230_20260107_162328_000.7z
2026-01-07 16:29:00,-99.756440,-0.099756440,4.296177,-49.259607,-54.793009,768000,768000,1.000000000,1,2026-01-07 16:29:00.000000,2026-01-07 16:29:59.999922,1,BAY01_2230_20260107_162328_000.7z
2026-01-07 16:30:00,-99.811304,-0.099811304,4.303374,-49.302705,-54.811974,768000,768000,1.000000000,1,2026-01-07 16:30:00.000000,2026-01-07 16:30:59.999922,1,BAY01_2230_20260107_162328_000.7z
2026-01-07 16:31:00,-99.755276,-0.099755276,4.287021,-49.254516,-54.787782,768000,768000,1.000000000,1,2026-01-07 16:31:00.000000,2026-01-07 16:31:59.999922,1,BAY01_2230_20260107_162328_000.7z
2026-01-07 16:32:00,-99.911284,-0.099911284,4.358460,-49.346989,-54.922755,768000,768000,1.000000000,1,2026-01-07 16:32:00.000000,2026-01-07 16:32:59.999922,1,BAY01_2230_20260107_162328_000.7z
2026-01-07 16:33:00,-108.627899,-0.108627899,4.309973,-53.743684,-59.194188,691238,768000,0.900049479,0,2026-01-07 16:33:00.000000,2026-01-07 16:33:59.999922,2,BAY01_2230_20260107_162328_000.7z;BAY01_2231_20260107_163334_000.7z
2026-01-07 16:34:00,-120.558339,-0.120558339,4.293392,-59.751133,-65.100599,768000,768000,1.000000000,1,2026-01-07 16:34:00.000000,2026-01-07 16:34:59.999922,1,BAY01_2231_20260107_163334_000.7z
2026-01-07 16:35:00,-109.005814,-0.109005814,4.308959,-53.881238,-59.433534,768000,768000,1.000000000,1,2026-01-07 16:35:00.000000,2026-01-07 16:35:59.999922,1,BAY01_2231_20260107_163334_000.7z
2026-01-07 16:36:00,-101.005699,-0.101005699,4.327927,-49.889105,-55.444521,768000,768000,1.000000000,1,2026-01-07 16:36:00.000000,2026-01-07 16:36:59.999922,1,BAY01_2231_20260107_163334_000.7z
2026-01-07 16:37:00,-100.018722,-0.100018722,4.307188,-49.434500,-54.891410,768000,768000,1.000000000,1,2026-01-07 16:37:00.000000,2026-01-07 16:37:59.999922,1,BAY01_2231_20260107_163334_000.7z
2026-01-07 16:38:00,-99.889032,-0.099889032,4.306029,-49.371084,-54.823977,768000,768000,1.000000000,1,2026-01-07 16:38:00.000000,2026-01-07 16:38:59.999922,1,BAY01_2231_20260107_163334_000.7z
2026-01-07 16:39:00,-100.108831,-0.100108831,4.339440,-49.504016,-54.944254,768000,768000,1.000000000,1,2026-01-07 16:39:00.000000,2026-01-07 16:39:59.999922,1,BAY01_2231_20260107_163334_000.7z
2026-01-07 16:40:00,-100.193200,-0.100193200,4.309409,-49.492510,-55.010099,768000,768000,1.000000000,1,2026-01-07 16:40:00.000000,2026-01-07 16:40:59.999922,1,BAY01_2231_20260107_163334_000.7z
2026-01-07 16:41:00,-99.971628,-0.099971628,4.266016,-49.408216,-54.829428,768000,768000,1.000000000,1,2026-01-07 16:41:00.000000,2026-01-07 16:41:59.999922,1,BAY01_2231_20260107_163334_000.7z
2026-01-07 16:42:00,-99.774520,-0.099774520,4.337831,-49.358318,-54.754032,768000,768000,1.000000000,1,2026-01-07 16:42:00.000000,2026-01-07 16:42:59.999922,1,BAY01_2231_20260107_163334_000.7z
2026-01-07 16:43:00,-107.514370,-0.107514370,4.280717,-53.165607,-58.629481,716821,768000,0.933360677,0,2026-01-07 16:43:00.000000,2026-01-07 16:43:59.999922,2,BAY01_2231_20260107_163334_000.7z;BAY01_2232_20260107_164338_000.7z
2026-01-07 16:44:00,-120.146442,-0.120146442,4.247737,-59.555307,-64.838871,768000,768000,1.000000000,1,2026-01-07 16:44:00.000000,2026-01-07 16:44:59.999922,1,BAY01_2232_20260107_164338_000.7z
2026-01-07 16:45:00,-107.916093,-0.107916093,4.298368,-53.410556,-58.803904,768000,768000,1.000000000,1,2026-01-07 16:45:00.000000,2026-01-07 16:45:59.999922,1,BAY01_2232_20260107_164338_000.7z
2026-01-07 16:46:00,-99.852935,-0.099852935,4.310956,-49.393196,-54.770694,768000,768000,1.000000000,1,2026-01-07 16:46:00.000000,2026-01-07 16:46:59.999922,1,BAY01_2232_20260107_164338_000.7z
2026-01-07 16:47:00,-100.075230,-0.100075230,4.301455,-49.525809,-54.850876,768000,768000,1.000000000,1,2026-01-07 16:47:00.000000,2026-01-07 16:47:59.999922,1,BAY01_2232_20260107_164338_000.7z
2026-01-07 16:48:00,-100.048799,-0.100048799,4.266400,-49.423052,-54.892148,768000,768000,1.000000000,1,2026-01-07 16:48:00.000000,2026-01-07 16:48:59.999922,1,BAY01_2232_20260107_164338_000.7z
2026-01-07 16:49:00,-99.886220,-0.099886220,4.296850,-49.355857,-54.827213,768000,768000,1.000000000,1,2026-01-07 16:49:00.000000,2026-01-07 16:49:59.999922,1,BAY01_2232_20260107_164338_000.7z
2026-01-07 16:50:00,-100.126216,-0.100126216,4.271638,-49.447205,-54.950649,768000,768000,1.000000000,1,2026-01-07 16:50:00.000000,2026-01-07 16:50:59.999922,1,BAY01_2232_20260107_164338_000.7z
2026-01-07 16:51:00,-99.332078,-0.099332078,4.816554,-49.311493,-54.837140,768000,768000,1.000000000,1,2026-01-07 16:51:00.000000,2026-01-07 16:51:59.999922,1,BAY01_2232_20260107_164338_000.7z
2026-01-07 16:52:00,-99.050487,-0.099050487,5.111554,-49.333319,-54.828721,768000,768000,1.000000000,1,2026-01-07 16:52:00.000000,2026-01-07 16:52:59.999922,1,BAY01_2232_20260107_164338_000.7z
2026-01-07 16:53:00,-104.794701,-0.104794701,5.085363,-52.206625,-57.673439,691239,768000,0.900050781,0,2026-01-07 16:53:00.000000,2026-01-07 16:53:59.999922,2,BAY01_2232_20260107_164338_000.7z;BAY01_2233_20260107_165344_000.7z
2026-01-07 16:54:00,-119.190389,-0.119190389,5.054824,-59.439033,-64.806181,768000,768000,1.000000000,1,2026-01-07 16:54:00.000000,2026-01-07 16:54:59.999922,1,BAY01_2233_20260107_165344_000.7z
2026-01-07 16:55:00,-108.701511,-0.108701511,5.040654,-54.160381,-59.581784,768000,768000,1.000000000,1,2026-01-07 16:55:00.000000,2026-01-07 16:55:59.999922,1,BAY01_2233_20260107_165344_000.7z
2026-01-07 16:56:00,-100.283233,-0.100283233,5.074283,-50.002595,-55.354921,768000,768000,1.000000000,1,2026-01-07 16:56:00.000000,2026-01-07 16:56:59.999922,1,BAY01_2233_20260107_165344_000.7z
2026-01-07 16:57:00,-99.184416,-0.099184416,5.094094,-49.402265,-54.876245,768000,768000,1.000000000,1,2026-01-07 16:57:00.000000,2026-01-07 16:57:59.999922,1,BAY01_2233_20260107_165344_000.7z
2026-01-07 16:58:00,-99.175176,-0.099175176,5.078490,-49.434856,-54.818810,768000,768000,1.000000000,1,2026-01-07 16:58:00.000000,2026-01-07 16:58:59.999922,1,BAY01_2233_20260107_165344_000.7z
2026-01-07 16:59:00,-99.083706,-0.099083706,5.070242,-49.386940,-54.767009,768000,768000,1.000000000,1,2026-01-07 16:59:00.000000,2026-01-07 16:59:59.999922,1,BAY01_2233_20260107_165344_000.7z
2026-01-07 17:00:00,-99.141372,-0.099141372,5.074087,-49.357021,-54.858439,768000,768000,1.000000000,1,2026-01-07 17:00:00.000000,2026-01-07 17:00:59.999922,1,BAY01_2233_20260107_165344_000.7z
2026-01-07 17:01:00,-99.005989,-0.099005989,5.076432,-49.321825,-54.760596,768000,768000,1.000000000,1,2026-01-07 17:01:00.000000,2026-01-07 17:01:59.999922,1,BAY01_2233_20260107_165344_000.7z
2026-01-07 17:02:00,-98.864990,-0.098864990,5.087294,-49.228827,-54.723457,768000,768000,1.000000000,1,2026-01-07 17:02:00.000000,2026-01-07 17:02:59.999922,1,BAY01_2233_20260107_165344_000.7z
2026-01-07 17:03:00,-102.593269,-0.102593269,5.066425,-51.093518,-56.566176,691244,768000,0.900057292,0,2026-01-07 17:03:00.000000,2026-01-07 17:03:59.999922,2,BAY01_2233_20260107_165344_000.7z;BAY01_2234_20260107_170350_000.7z
2026-01-07 17:04:00,-119.238354,-0.119238354,5.074802,-59.449508,-64.863649,768000,768000,1.000000000,1,2026-01-07 17:04:00.000000,2026-01-07 17:04:59.999922,1,BAY01_2234_20260107_170350_000.7z
2026-01-07 17:05:00,-112.422475,-0.112422475,5.072689,-56.019445,-61.475719,768000,768000,1.000000000,1,2026-01-07 17:05:00.000000,2026-01-07 17:05:59.999922,1,BAY01_2234_20260107_170350_000.7z
2026-01-07 17:06:00,-101.313023,-0.101313023,5.067107,-50.453120,-55.927010,768000,768000,1.000000000,1,2026-01-07 17:06:00.000000,2026-01-07 17:06:59.999922,1,BAY01_2234_20260107_170350_000.7z
2026-01-07 17:07:00,-99.361926,-0.099361926,5.112636,-49.499250,-54.975313,768000,768000,1.000000000,1,2026-01-07 17:07:00.000000,2026-01-07 17:07:59.999922,1,BAY01_2234_20260107_170350_000.7z
2026-01-07 17:08:00,-99.153902,-0.099153902,5.078751,-49.380181,-54.852472,768000,768000,1.000000000,1,2026-01-07 17:08:00.000000,2026-01-07 17:08:59.999922,1,BAY01_2234_20260107_170350_000.7z
2026-01-07 17:09:00,-99.178425,-0.099178425,5.086553,-49.410284,-54.854693,768000,768000,1.000000000,1,2026-01-07 17:09:00.000000,2026-01-07 17:09:59.999922,1,BAY01_2234_20260107_170350_000.7z
2026-01-07 17:10:00,-99.300961,-0.099300961,5.081388,-49.468561,-54.913788,768000,768000,1.000000000,1,2026-01-07 17:10:00.000000,2026-01-07 17:10:59.999922,1,BAY01_2234_20260107_170350_000.7z
2026-01-07 17:11:00,-99.122233,-0.099122233,5.074224,-49.344312,-54.852145,768000,768000,1.000000000,1,2026-01-07 17:11:00.000000,2026-01-07 17:11:59.999922,1,BAY01_2234_20260107_170350_000.7z
2026-01-07 17:12:00,-99.301494,-0.099301494,5.107513,-49.460552,-54.948454,768000,768000,1.000000000,1,2026-01-07 17:12:00.000000,2026-01-07 17:12:59.999922,1,BAY01_2234_20260107_170350_000.7z
2026-01-07 17:13:00,-100.764797,-0.100764797,5.096677,-50.208999,-55.652475,704004,768000,0.916671875,0,2026-01-07 17:13:00.000000,2026-01-07 17:13:59.999922,2,BAY01_2234_20260107_170350_000.7z;BAY01_2235_20260107_171355_000.7z
2026-01-07 17:14:00,-119.158280,-0.119158280,5.070178,-59.419246,-64.809212,768000,768000,1.000000000,1,2026-01-07 17:14:00.000000,2026-01-07 17:14:59.999922,1,BAY01_2235_20260107_171355_000.7z
2026-01-07 17:15:00,-112.378496,-0.112378496,5.081779,-56.037337,-61.422938,768000,768000,1.000000000,1,2026-01-07 17:15:00.000000,2026-01-07 17:15:59.999922,1,BAY01_2235_20260107_171355_000.7z
2026-01-07 17:16:00,-101.231321,-0.101231321,5.081204,-50.378696,-55.933828,768000,768000,1.000000000,1,2026-01-07 17:16:00.000000,2026-01-07 17:16:59.999922,1,BAY01_2235_20260107_171355_000.7z
2026-01-07 17:17:00,-99.013717,-0.099013717,5.112337,-49.274832,-54.851221,768000,768000,1.000000000,1,2026-01-07 17:17:00.000000,2026-01-07 17:17:59.999922,1,BAY01_2235_20260107_171355_000.7z
2026-01-07 17:18:00,-98.893538,-0.098893538,5.084034,-49.219465,-54.758107,768000,768000,1.000000000,1,2026-01-07 17:18:00.000000,2026-01-07 17:18:59.999922,1,BAY01_2235_20260107_171355_000.7z
2026-01-07 17:19:00,-98.893151,-0.098893151,5.069823,-49.225167,-54.737806,768000,768000,1.000000000,1,2026-01-07 17:19:00.000000,2026-01-07 17:19:59.999922,1,BAY01_2235_20260107_171355_000.7z
2026-01-07 17:20:00,-99.184027,-0.099184027,5.095483,-49.369500,-54.910010,768000,768000,1.000000000,1,2026-01-07 17:20:00.000000,2026-01-07 17:20:59.999922,1,BAY01_2235_20260107_171355_000.7z
2026-01-07 17:21:00,-99.696488,-0.099696488,5.069398,-49.578791,-55.187095,768000,768000,1.000000000,1,2026-01-07 17:21:00.000000,2026-01-07 17:21:59.999922,1,BAY01_2235_20260107_171355_000.7z
2026-01-07 17:22:00,-99.189721,-0.099189721,5.095419,-49.331342,-54.953798,768000,768000,1.000000000,1,2026-01-07 17:22:00.000000,2026-01-07 17:22:59.999922,1,BAY01_2235_20260107_171355_000.7z
2026-01-07 17:23:00,-99.525083,-0.099525083,5.101202,-49.529433,-55.096853,704060,768000,0.916744792,0,2026-01-07 17:23:00.000000,2026-01-07 17:23:55.004609,1,BAY01_2235_20260107_171355_000.7z
2026-01-07 17:24:00,-118.812641,-0.118812641,5.068382,-59.267382,-64.613641,768000,768000,1.000000000,1,2026-01-07 17:24:00.000000,2026-01-07 17:24:59.999922,1,BAY01_2236_20260107_172400_000.7z
2026-01-07 17:25:00,-114.141830,-0.114141830,5.086879,-56.920629,-62.308080,768000,768000,1.000000000,1,2026-01-07 17:25:00.000000,2026-01-07 17:25:59.999922,1,BAY01_2236_20260107_172400_000.7z
2026-01-07 17:26:00,-101.266068,-0.101266068,5.092025,-50.465055,-55.893038,768000,768000,1.000000000,1,2026-01-07 17:26:00.000000,2026-01-07 17:26:59.999922,1,BAY01_2236_20260107_172400_000.7z
2026-01-07 17:27:00,-98.899758,-0.098899758,5.137967,-49.255973,-54.781753,768000,768000,1.000000000,1,2026-01-07 17:27:00.000000,2026-01-07 17:27:59.999922,1,BAY01_2236_20260107_172400_000.7z
2026-01-07 17:28:00,-99.411808,-0.099411808,5.082044,-49.466443,-55.027409,768000,768000,1.000000000,1,2026-01-07 17:28:00.000000,2026-01-07 17:28:59.999922,1,BAY01_2236_20260107_172400_000.7z
2026-01-07 17:29:00,-99.311502,-0.099311502,5.116615,-49.442549,-54.985567,768000,768000,1.000000000,1,2026-01-07 17:29:00.000000,2026-01-07 17:29:59.999922,1,BAY01_2236_20260107_172400_000.7z
2026-01-07 17:30:00,-99.088159,-0.099088159,5.080144,-49.313459,-54.854844,768000,768000,1.000000000,1,2026-01-07 17:30:00.000000,2026-01-07 17:30:59.999922,1,BAY01_2236_20260107_172400_000.7z
2026-01-07 17:31:00,-99.413347,-0.099413347,5.046140,-49.494131,-54.965356,768000,768000,1.000000000,1,2026-01-07 17:31:00.000000,2026-01-07 17:31:59.999922,1,BAY01_2236_20260107_172400_000.7z
2026-01-07 17:32:00,-99.208523,-0.099208523,5.097925,-49.368906,-54.937542,768000,768000,1.000000000,1,2026-01-07 17:32:00.000000,2026-01-07 17:32:59.999922,1,BAY01_2236_20260107_172400_000.7z
2026-01-07 17:33:00,-99.109896,-0.099109896,5.080319,-49.296543,-54.893672,768000,768000,1.000000000,1,2026-01-07 17:33:00.000000,2026-01-07 17:33:59.999922,1,BAY01_2236_20260107_172400_000.7z
2026-01-07 17:34:00,-119.057911,-0.119057911,5.082792,-59.383261,-64.757442,678469,768000,0.883423177,0,2026-01-07 17:34:00.000000,2026-01-07 17:34:59.999922,2,BAY01_2236_20260107_172400_000.7z;BAY01_2237_20260107_173407_000.7z
2026-01-07 17:35:00,-119.031231,-0.119031231,5.042526,-59.402374,-64.671383,768000,768000,1.000000000,1,2026-01-07 17:35:00.000000,2026-01-07 17:35:59.999922,1,BAY01_2237_20260107_173407_000.7z
2026-01-07 17:36:00,-101.641131,-0.101641131,5.054602,-50.643715,-56.052018,768000,768000,1.000000000,1,2026-01-07 17:36:00.000000,2026-01-07 17:36:59.999922,1,BAY01_2237_20260107_173407_000.7z
2026-01-07 17:37:00,-98.894877,-0.098894877,5.102798,-49.337754,-54.659922,768000,768000,1.000000000,1,2026-01-07 17:37:00.000000,2026-01-07 17:37:59.999922,1,BAY01_2237_20260107_173407_000.7z
2026-01-07 17:38:00,-99.096662,-0.099096662,5.092318,-49.380386,-54.808594,768000,768000,1.000000000,1,2026-01-07 17:38:00.000000,2026-01-07 17:38:59.999922,1,BAY01_2237_20260107_173407_000.7z
2026-01-07 17:39:00,-99.219930,-0.099219930,5.074514,-49.377091,-54.917354,768000,768000,1.000000000,1,2026-01-07 17:39:00.000000,2026-01-07 17:39:59.999922,1,BAY01_2237_20260107_173407_000.7z
2026-01-07 17:40:00,-98.998401,-0.098998401,5.057912,-49.250568,-54.805745,768000,768000,1.000000000,1,2026-01-07 17:40:00.000000,2026-01-07 17:40:59.999922,1,BAY01_2237_20260107_173407_000.7z
2026-01-07 17:41:00,-98.416026,-0.098416026,5.894705,-49.397548,-54.913184,768000,768000,1.000000000,1,2026-01-07 17:41:00.000000,2026-01-07 17:41:59.999922,1,BAY01_2237_20260107_173407_000.7z
2026-01-07 17:42:00,-98.295689,-0.098295689,6.103127,-49.408030,-54.990787,768000,768000,1.000000000,1,2026-01-07 17:42:00.000000,2026-01-07 17:42:59.999922,1,BAY01_2237_20260107_173407_000.7z
2026-01-07 17:43:00,-98.371014,-0.098371014,6.049427,-49.412694,-55.007747,768000,768000,1.000000000,1,2026-01-07 17:43:00.000000,2026-01-07 17:43:59.999922,1,BAY01_2237_20260107_173407_000.7z
2026-01-07 17:44:00,-115.277702,-0.115277702,6.050227,-57.902967,-63.424962,704008,768000,0.916677083,0,2026-01-07 17:44:00.000000,2026-01-07 17:44:59.999922,2,BAY01_2237_20260107_173407_000.7z;BAY01_2238_20260107_174412_000.7z
2026-01-07 17:45:00,-117.510102,-0.117510102,6.031762,-59.029985,-64.511879,768000,768000,1.000000000,1,2026-01-07 17:45:00.000000,2026-01-07 17:45:59.999922,1,BAY01_2238_20260107_174412_000.7z
2026-01-07 17:46:00,-100.803560,-0.100803560,5.684180,-50.441352,-56.046388,768000,768000,1.000000000,1,2026-01-07 17:46:00.000000,2026-01-07 17:46:59.999922,1,BAY01_2238_20260107_174412_000.7z
2026-01-07 17:47:00,-98.423045,-0.098423045,5.478353,-49.105600,-54.795798,768000,768000,1.000000000,1,2026-01-07 17:47:00.000000,2026-01-07 17:47:59.999922,1,BAY01_2238_20260107_174412_000.7z
2026-01-07 17:48:00,-98.674754,-0.098674754,5.519034,-49.310121,-54.883667,768000,768000,1.000000000,1,2026-01-07 17:48:00.000000,2026-01-07 17:48:59.999922,1,BAY01_2238_20260107_174412_000.7z
2026-01-07 17:49:00,-98.983242,-0.098983242,5.474451,-49.431402,-55.026291,768000,768000,1.000000000,1,2026-01-07 17:49:00.000000,2026-01-07 17:49:59.999922,1,BAY01_2238_20260107_174412_000.7z
2026-01-07 17:50:00,-98.801567,-0.098801567,5.477609,-49.373524,-54.905652,768000,768000,1.000000000,1,2026-01-07 17:50:00.000000,2026-01-07 17:50:59.999922,1,BAY01_2238_20260107_174412_000.7z
2026-01-07 17:51:00,-98.981837,-0.098981837,5.154529,-49.328522,-54.807844,768000,768000,1.000000000,1,2026-01-07 17:51:00.000000,2026-01-07 17:51:59.999922,1,BAY01_2238_20260107_174412_000.7z
2026-01-07 17:52:00,-99.444114,-0.099444114,5.047833,-49.485842,-55.006105,768000,768000,1.000000000,1,2026-01-07 17:52:00.000000,2026-01-07 17:52:59.999922,1,BAY01_2238_20260107_174412_000.7z
2026-01-07 17:53:00,-99.209013,-0.099209013,5.042056,-49.331389,-54.919680,768000,768000,1.000000000,1,2026-01-07 17:53:00.000000,2026-01-07 17:53:59.999922,1,BAY01_2238_20260107_174412_000.7z
2026-01-07 17:54:00,-114.745513,-0.114745513,5.020125,-57.159909,-62.605729,691312,768000,0.900145833,0,2026-01-07 17:54:00.000000,2026-01-07 17:54:59.999922,2,BAY01_2238_20260107_174412_000.7z;BAY01_2239_20260107_175418_000.7z
2026-01-07 17:55:00,-118.931775,-0.118931775,5.038186,-59.293940,-64.676021,768000,768000,1.000000000,1,2026-01-07 17:55:00.000000,2026-01-07 17:55:59.999922,1,BAY01_2239_20260107_175418_000.7z
2026-01-07 17:56:00,-103.681186,-0.103681186,5.028744,-51.626850,-57.083080,768000,768000,1.000000000,1,2026-01-07 17:56:00.000000,2026-01-07 17:56:59.999922,1,BAY01_2239_20260107_175418_000.7z
2026-01-07 17:57:00,-99.326770,-0.099326770,5.064658,-49.451835,-54.939594,768000,768000,1.000000000,1,2026-01-07 17:57:00.000000,2026-01-07 17:57:59.999922,1,BAY01_2239_20260107_175418_000.7z
2026-01-07 17:58:00,-99.135315,-0.099135315,5.058075,-49.315102,-54.878288,768000,768000,1.000000000,1,2026-01-07 17:58:00.000000,2026-01-07 17:58:59.999922,1,BAY01_2239_20260107_175418_000.7z
2026-01-07 17:59:00,-99.331285,-0.099331285,5.022187,-49.407443,-54.946029,768000,768000,1.000000000,1,2026-01-07 17:59:00.000000,2026-01-07 17:59:59.999922,1,BAY01_2239_20260107_175418_000.7z
2026-01-07 18:00:00,-98.987123,-0.098987123,5.043892,-49.262204,-54.768810,768000,768000,1.000000000,1,2026-01-07 18:00:00.000000,2026-01-07 18:00:59.999922,1,BAY01_2239_20260107_175418_000.7z
2026-01-07 18:01:00,-99.311262,-0.099311262,5.014555,-49.422431,-54.903386,768000,768000,1.000000000,1,2026-01-07 18:01:00.000000,2026-01-07 18:01:59.999922,1,BAY01_2239_20260107_175418_000.7z
2026-01-07 18:02:00,-99.134987,-0.099134987,5.054860,-49.286471,-54.903376,768000,768000,1.000000000,1,2026-01-07 18:02:00.000000,2026-01-07 18:02:59.999922,1,BAY01_2239_20260107_175418_000.7z
2026-01-07 18:03:00,-99.120671,-0.099120671,5.044948,-49.246086,-54.919533,768000,768000,1.000000000,1,2026-01-07 18:03:00.000000,2026-01-07 18:03:59.999922,1,BAY01_2239_20260107_175418_000.7z
2026-01-07 18:04:00,-112.750169,-0.112750169,5.027108,-56.129142,-61.648135,704106,768000,0.916804687,0,2026-01-07 18:04:00.000000,2026-01-07 18:04:59.999922,2,BAY01_2239_20260107_175418_000.7z;BAY01_2240_20260107_180423_000.7z
2026-01-07 18:05:00,-121.759982,-0.121759982,5.037300,-60.686021,-66.111262,768000,768000,1.000000000,1,2026-01-07 18:05:00.000000,2026-01-07 18:05:59.999922,1,BAY01_2240_20260107_180423_000.7z
2026-01-07 18:06:00,-103.892280,-0.103892280,5.034279,-51.739904,-57.186655,768000,768000,1.000000000,1,2026-01-07 18:06:00.000000,2026-01-07 18:06:59.999922,1,BAY01_2240_20260107_180423_000.7z
2026-01-07 18:07:00,-99.093263,-0.099093263,5.057683,-49.335192,-54.815754,768000,768000,1.000000000,1,2026-01-07 18:07:00.000000,2026-01-07 18:07:59.999922,1,BAY01_2240_20260107_180423_000.7z
2026-01-07 18:08:00,-99.076790,-0.099076790,5.051512,-49.274041,-54.854261,768000,768000,1.000000000,1,2026-01-07 18:08:00.000000,2026-01-07 18:08:59.999922,1,BAY01_2240_20260107_180423_000.7z
2026-01-07 18:09:00,-98.989025,-0.098989025,5.048574,-49.233079,-54.804520,768000,768000,1.000000000,1,2026-01-07 18:09:00.000000,2026-01-07 18:09:59.999922,1,BAY01_2240_20260107_180423_000.7z
2026-01-07 18:10:00,-99.050864,-0.099050864,5.033159,-49.239134,-54.844889,768000,768000,1.000000000,1,2026-01-07 18:10:00.000000,2026-01-07 18:10:59.999922,1,BAY01_2240_20260107_180423_000.7z
2026-01-07 18:11:00,-98.965967,-0.098965967,5.023330,-49.181161,-54.808136,768000,768000,1.000000000,1,2026-01-07 18:11:00.000000,2026-01-07 18:11:59.999922,1,BAY01_2240_20260107_180423_000.7z
2026-01-07 18:12:00,-99.145180,-0.099145180,5.047410,-49.326257,-54.866333,768000,768000,1.000000000,1,2026-01-07 18:12:00.000000,2026-01-07 18:12:59.999922,1,BAY01_2240_20260107_180423_000.7z
2026-01-07 18:13:00,-99.005265,-0.099005265,5.060335,-49.218475,-54.847125,768000,768000,1.000000000,1,2026-01-07 18:13:00.000000,2026-01-07 18:13:59.999922,1,BAY01_2240_20260107_180423_000.7z
2026-01-07 18:14:00,-110.741141,-0.110741141,5.050685,-55.123819,-60.668007,704117,768000,0.916819010,0,2026-01-07 18:14:00.000000,2026-01-07 18:14:59.999922,2,BAY01_2240_20260107_180423_000.7z;BAY01_2241_20260107_181428_000.7z
2026-01-07 18:15:00,-119.148306,-0.119148306,5.018083,-59.340189,-64.826200,768000,768000,1.000000000,1,2026-01-07 18:15:00.000000,2026-01-07 18:15:59.999922,1,BAY01_2241_20260107_181428_000.7z
2026-01-07 18:16:00,-106.316529,-0.106316529,5.074318,-52.871582,-58.519265,768000,768000,1.000000000,1,2026-01-07 18:16:00.000000,2026-01-07 18:16:59.999922,1,BAY01_2241_20260107_181428_000.7z
2026-01-07 18:17:00,-99.085333,-0.099085333,5.039778,-49.249197,-54.875914,768000,768000,1.000000000,1,2026-01-07 18:17:00.000000,2026-01-07 18:17:59.999922,1,BAY01_2241_20260107_181428_000.7z
2026-01-07 18:18:00,-99.038259,-0.099038259,5.085554,-49.275567,-54.848246,768000,768000,1.000000000,1,2026-01-07 18:18:00.000000,2026-01-07 18:18:59.999922,1,BAY01_2241_20260107_181428_000.7z
2026-01-07 18:19:00,-99.062955,-0.099062955,5.025317,-49.265693,-54.822579,768000,768000,1.000000000,1,2026-01-07 18:19:00.000000,2026-01-07 18:19:59.999922,1,BAY01_2241_20260107_181428_000.7z
2026-01-07 18:20:00,-98.947504,-0.098947504,5.018767,-49.172946,-54.793324,768000,768000,1.000000000,1,2026-01-07 18:20:00.000000,2026-01-07 18:20:59.999922,1,BAY01_2241_20260107_181428_000.7z
2026-01-07 18:21:00,-99.070934,-0.099070934,5.028744,-49.288552,-54.811126,768000,768000,1.000000000,1,2026-01-07 18:21:00.000000,2026-01-07 18:21:59.999922,1,BAY01_2241_20260107_181428_000.7z
2026-01-07 18:22:00,-99.425703,-0.099425703,5.064897,-49.458906,-55.031693,768000,768000,1.000000000,1,2026-01-07 18:22:00.000000,2026-01-07 18:22:59.999922,1,BAY01_2241_20260107_181428_000.7z
2026-01-07 18:23:00,-99.133517,-0.099133517,5.112949,-49.377583,-54.868882,768000,768000,1.000000000,1,2026-01-07 18:23:00.000000,2026-01-07 18:23:59.999922,1,BAY01_2241_20260107_181428_000.7z
2026-01-07 18:24:00,-108.500456,-0.108500456,5.035675,-54.033153,-59.502978,716932,768000,0.933505208,0,2026-01-07 18:24:00.000000,2026-01-07 18:24:59.999922,2,BAY01_2241_20260107_181428_000.7z;BAY01_2242_20260107_182432_000.7z
2026-01-07 18:25:00,-119.074945,-0.119074945,5.028158,-59.379019,-64.724084,768000,768000,1.000000000,1,2026-01-07 18:25:00.000000,2026-01-07 18:25:59.999922,1,BAY01_2242_20260107_182432_000.7z
2026-01-07 18:26:00,-107.343332,-0.107343332,5.062065,-53.494660,-58.910737,768000,768000,1.000000000,1,2026-01-07 18:26:00.000000,2026-01-07 18:26:59.999922,1,BAY01_2242_20260107_182432_000.7z
2026-01-07 18:27:00,-98.884475,-0.098884475,5.038571,-49.221083,-54.701963,768000,768000,1.000000000,1,2026-01-07 18:27:00.000000,2026-01-07 18:27:59.999922,1,BAY01_2242_20260107_182432_000.7z
2026-01-07 18:28:00,-99.216608,-0.099216608,5.094319,-49.421225,-54.889702,768000,768000,1.000000000,1,2026-01-07 18:28:00.000000,2026-01-07 18:28:59.999922,1,BAY01_2242_20260107_182432_000.7z
2026-01-07 18:29:00,-99.496713,-0.099496713,5.057832,-49.503364,-55.051181,768000,768000,1.000000000,1,2026-01-07 18:29:00.000000,2026-01-07 18:29:59.999922,1,BAY01_2242_20260107_182432_000.7z
2026-01-07 18:30:00,-99.560395,-0.099560395,5.045266,-49.503349,-55.102312,768000,768000,1.000000000,1,2026-01-07 18:30:00.000000,2026-01-07 18:30:59.999922,1,BAY01_2242_20260107_182432_000.7z
2026-01-07 18:31:00,-99.223233,-0.099223233,5.055404,-49.319883,-54.958754,768000,768000,1.000000000,1,2026-01-07 18:31:00.000000,2026-01-07 18:31:59.999922,1,BAY01_2242_20260107_182432_000.7z
2026-01-07 18:32:00,-99.307056,-0.099307056,5.054017,-49.338089,-55.022984,768000,768000,1.000000000,1,2026-01-07 18:32:00.000000,2026-01-07 18:32:59.999922,1,BAY01_2242_20260107_182432_000.7z
2026-01-07 18:33:00,-98.848387,-0.098848387,5.068668,-49.118318,-54.798738,768000,768000,1.000000000,1,2026-01-07 18:33:00.000000,2026-01-07 18:33:59.999922,1,BAY01_2242_20260107_182432_000.7z
2026-01-07 18:34:00,-105.447947,-0.105447947,5.068468,-52.422317,-58.094098,691307,768000,0.900139323,0,2026-01-07 18:34:00.000000,2026-01-07 18:34:59.999922,2,BAY01_2242_20260107_182432_000.7z;BAY01_2243_20260107_183438_000.7z
2026-01-07 18:35:00,-121.331017,-0.121331017,5.062234,-60.436014,-65.957237,768000,768000,1.000000000,1,2026-01-07 18:35:00.000000,2026-01-07 18:35:59.999922,1,BAY01_2243_20260107_183438_000.7z
2026-01-07 18:36:00,-110.255533,-0.110255533,5.066648,-54.906346,-60.415836,768000,768000,1.000000000,1,2026-01-07 18:36:00.000000,2026-01-07 18:36:59.999922,1,BAY01_2243_20260107_183438_000.7z
2026-01-07 18:37:00,-98.873985,-0.098873985,5.058118,-49.256866,-54.675238,768000,768000,1.000000000,1,2026-01-07 18:37:00.000000,2026-01-07 18:37:59.999922,1,BAY01_2243_20260107_183438_000.7z
2026-01-07 18:38:00,-98.781047,-0.098781047,5.082149,-49.146902,-54.716293,768000,768000,1.000000000,1,2026-01-07 18:38:00.000000,2026-01-07 18:38:59.999922,1,BAY01_2243_20260107_183438_000.7z
2026-01-07 18:39:00,-98.855692,-0.098855692,5.044905,-49.157004,-54.743593,768000,768000,1.000000000,1,2026-01-07 18:39:00.000000,2026-01-07 18:39:59.999922,1,BAY01_2243_20260107_183438_000.7z
2026-01-07 18:40:00,-98.624103,-0.098624103,5.054570,-49.068244,-54.610429,768000,768000,1.000000000,1,2026-01-07 18:40:00.000000,2026-01-07 18:40:59.999922,1,BAY01_2243_20260107_183438_000.7z
2026-01-07 18:41:00,-98.987178,-0.098987178,5.040880,-49.214875,-54.813183,768000,768000,1.000000000,1,2026-01-07 18:41:00.000000,2026-01-07 18:41:59.999922,1,BAY01_2243_20260107_183438_000.7z
2026-01-07 18:42:00,-98.903895,-0.098903895,5.061311,-49.149180,-54.816027,768000,768000,1.000000000,1,2026-01-07 18:42:00.000000,2026-01-07 18:42:59.999922,1,BAY01_2243_20260107_183438_000.7z
2026-01-07 18:43:00,-98.977069,-0.098977069,5.091863,-49.209061,-54.859871,768000,768000,1.000000000,1,2026-01-07 18:43:00.000000,2026-01-07 18:43:59.999922,1,BAY01_2243_20260107_183438_000.7z
2026-01-07 18:44:00,-103.548725,-0.103548725,5.068839,-51.491237,-57.126328,691337,768000,0.900178385,0,2026-01-07 18:44:00.000000,2026-01-07 18:44:59.999922,2,BAY01_2243_20260107_183438_000.7z;BAY01_2244_20260107_184444_000.7z
2026-01-07 18:45:00,-121.558534,-0.121558534,5.056048,-60.588479,-66.026104,768000,768000,1.000000000,1,2026-01-07 18:45:00.000000,2026-01-07 18:45:59.999922,1,BAY01_2244_20260107_184444_000.7z
2026-01-07 18:46:00,-110.060077,-0.110060077,5.057427,-54.817205,-60.300299,768000,768000,1.000000000,1,2026-01-07 18:46:00.000000,2026-01-07 18:46:59.999922,1,BAY01_2244_20260107_184444_000.7z
2026-01-07 18:47:00,-98.830136,-0.098830136,5.036331,-49.145730,-54.720737,768000,768000,1.000000000,1,2026-01-07 18:47:00.000000,2026-01-07 18:47:59.999922,1,BAY01_2244_20260107_184444_000.7z
2026-01-07 18:48:00,-98.567589,-0.098567589,5.079549,-49.001719,-54.645419,768000,768000,1.000000000,1,2026-01-07 18:48:00.000000,2026-01-07 18:48:59.999922,1,BAY01_2244_20260107_184444_000.7z
2026-01-07 18:49:00,-98.828186,-0.098828186,5.047932,-49.145043,-54.731075,768000,768000,1.000000000,1,2026-01-07 18:49:00.000000,2026-01-07 18:49:59.999922,1,BAY01_2244_20260107_184444_000.7z
2026-01-07 18:50:00,-98.623599,-0.098623599,5.057115,-48.983235,-54.697479,768000,768000,1.000000000,1,2026-01-07 18:50:00.000000,2026-01-07 18:50:59.999922,1,BAY01_2244_20260107_184444_000.7z
2026-01-07 18:51:00,-98.627340,-0.098627340,5.062268,-48.970546,-54.719063,768000,768000,1.000000000,1,2026-01-07 18:51:00.000000,2026-01-07 18:51:59.999922,1,BAY01_2244_20260107_184444_000.7z
2026-01-07 18:52:00,-98.402210,-0.098402210,5.050323,-48.874157,-54.578376,768000,768000,1.000000000,1,2026-01-07 18:52:00.000000,2026-01-07 18:52:59.999922,1,BAY01_2244_20260107_184444_000.7z
2026-01-07 18:53:00,-98.586642,-0.098586642,5.061853,-49.001701,-54.646794,768000,768000,1.000000000,1,2026-01-07 18:53:00.000000,2026-01-07 18:53:59.999922,1,BAY01_2244_20260107_184444_000.7z
2026-01-07 18:54:00,-100.567962,-0.100567962,5.050125,-49.953703,-55.664384,652927,768000,0.850165365,0,2026-01-07 18:54:00.000000,2026-01-07 18:54:59.999922,2,BAY01_2244_20260107_184444_000.7z;BAY01_2245_20260107_185453_000.7z
2026-01-07 18:55:00,-118.301585,-0.118301585,5.105887,-58.898185,-64.509287,768000,768000,1.000000000,1,2026-01-07 18:55:00.000000,2026-01-07 18:55:59.999922,1,BAY01_2245_20260107_185453_000.7z
2026-01-07 18:56:00,-111.840221,-0.111840221,5.079763,-55.662454,-61.257529,768000,768000,1.000000000,1,2026-01-07 18:56:00.000000,2026-01-07 18:56:59.999922,1,BAY01_2245_20260107_185453_000.7z
2026-01-07 18:57:00,-98.505317,-0.098505317,5.051377,-48.928480,-54.628214,768000,768000,1.000000000,1,2026-01-07 18:57:00.000000,2026-01-07 18:57:59.999922,1,BAY01_2245_20260107_185453_000.7z
2026-01-07 18:58:00,-98.721512,-0.098721512,5.085037,-49.068788,-54.737761,768000,768000,1.000000000,1,2026-01-07 18:58:00.000000,2026-01-07 18:58:59.999922,1,BAY01_2245_20260107_185453_000.7z
2026-01-07 18:59:00,-99.078213,-0.099078213,5.051918,-49.186443,-54.943688,768000,768000,1.000000000,1,2026-01-07 18:59:00.000000,2026-01-07 18:59:59.999922,1,BAY01_2245_20260107_185453_000.7z
2026-01-07 19:00:00,-98.718553,-0.098718553,5.059978,-49.009729,-54.768801,768000,768000,1.000000000,1,2026-01-07 19:00:00.000000,2026-01-07 19:00:59.999922,1,BAY01_2245_20260107_185453_000.7z
2026-01-07 19:01:00,-98.578455,-0.098578455,5.045148,-48.986624,-54.636979,768000,768000,1.000000000,1,2026-01-07 19:01:00.000000,2026-01-07 19:01:59.999922,1,BAY01_2245_20260107_185453_000.7z
2026-01-07 19:02:00,-98.430510,-0.098430510,5.070743,-48.935693,-54.565560,768000,768000,1.000000000,1,2026-01-07 19:02:00.000000,2026-01-07 19:02:59.999922,1,BAY01_2245_20260107_185453_000.7z
2026-01-07 19:03:00,-98.531334,-0.098531334,5.106683,-49.045698,-54.592320,768000,768000,1.000000000,1,2026-01-07 19:03:00.000000,2026-01-07 19:03:59.999922,1,BAY01_2245_20260107_185453_000.7z
2026-01-07 19:04:00,-98.664407,-0.098664407,5.069621,-49.088218,-54.645810,678437,768000,0.883381510,0,2026-01-07 19:04:00.000000,2026-01-07 19:04:53.002812,1,BAY01_2245_20260107_185453_000.7z
2026-01-07 19:05:00,-120.580255,-0.120580255,5.061379,-60.111760,-65.529874,768000,768000,1.000000000,1,2026-01-07 19:05:00.000000,2026-01-07 19:05:59.999922,1,BAY01_2246_20260107_190500_000.7z
2026-01-07 19:06:00,-114.861150,-0.114861150,5.060982,-57.215371,-62.706761,768000,768000,1.000000000,1,2026-01-07 19:06:00.000000,2026-01-07 19:06:59.999922,1,BAY01_2246_20260107_190500_000.7z
2026-01-07 19:07:00,-98.297920,-0.098297920,5.057748,-48.912758,-54.442909,768000,768000,1.000000000,1,2026-01-07 19:07:00.000000,2026-01-07 19:07:59.999922,1,BAY01_2246_20260107_190500_000.7z
2026-01-07 19:08:00,-98.403508,-0.098403508,5.093216,-48.949090,-54.547634,768000,768000,1.000000000,1,2026-01-07 19:08:00.000000,2026-01-07 19:08:59.999922,1,BAY01_2246_20260107_190500_000.7z
2026-01-07 19:09:00,-98.266685,-0.098266685,5.059759,-48.913925,-54.412520,768000,768000,1.000000000,1,2026-01-07 19:09:00.000000,2026-01-07 19:09:59.999922,1,BAY01_2246_20260107_190500_000.7z
2026-01-07 19:10:00,-98.327064,-0.098327064,5.063085,-48.906533,-54.483615,768000,768000,1.000000000,1,2026-01-07 19:10:00.000000,2026-01-07 19:10:59.999922,1,BAY01_2246_20260107_190500_000.7z
2026-01-07 19:11:00,-98.565444,-0.098565444,5.068809,-49.017323,-54.616930,768000,768000,1.000000000,1,2026-01-07 19:11:00.000000,2026-01-07 19:11:59.999922,1,BAY01_2246_20260107_190500_000.7z
2026-01-07 19:12:00,-98.617543,-0.098617543,5.066343,-48.994648,-54.689239,768000,768000,1.000000000,1,2026-01-07 19:12:00.000000,2026-01-07 19:12:59.999922,1,BAY01_2246_20260107_190500_000.7z
2026-01-07 19:13:00,-98.521967,-0.098521967,5.133373,-48.956743,-54.698598,768000,768000,1.000000000,1,2026-01-07 19:13:00.000000,2026-01-07 19:13:59.999922,1,BAY01_2246_20260107_190500_000.7z
2026-01-07 19:14:00,-99.022404,-0.099022404,4.610789,-48.999289,-54.633903,768000,768000,1.000000000,1,2026-01-07 19:14:00.000000,2026-01-07 19:14:59.999922,1,BAY01_2246_20260107_190500_000.7z
2026-01-07 19:15:00,-118.835943,-0.118835943,4.551567,-58.942533,-64.444977,691288,768000,0.900114583,0,2026-01-07 19:15:00.000000,2026-01-07 19:15:59.999922,2,BAY01_2246_20260107_190500_000.7z;BAY01_2247_20260107_191506_000.7z
2026-01-07 19:16:00,-118.801052,-0.118801052,4.534492,-58.896020,-64.439524,768000,768000,1.000000000,1,2026-01-07 19:16:00.000000,2026-01-07 19:16:59.999922,1,BAY01_2247_20260107_191506_000.7z
2026-01-07 19:17:00,-98.770761,-0.098770761,4.562005,-48.863429,-54.469337,768000,768000,1.000000000,1,2026-01-07 19:17:00.000000,2026-01-07 19:17:59.999922,1,BAY01_2247_20260107_191506_000.7z
2026-01-07 19:18:00,-98.818310,-0.098818310,4.566693,-48.884123,-54.500881,768000,768000,1.000000000,1,2026-01-07 19:18:00.000000,2026-01-07 19:18:59.999922,1,BAY01_2247_20260107_191506_000.7z
2026-01-07 19:19:00,-98.879944,-0.098879944,4.557989,-48.926274,-54.511658,768000,768000,1.000000000,1,2026-01-07 19:19:00.000000,2026-01-07 19:19:59.999922,1,BAY01_2247_20260107_191506_000.7z
2026-01-07 19:20:00,-98.742008,-0.098742008,4.551436,-48.854280,-54.439164,768000,768000,1.000000000,1,2026-01-07 19:20:00.000000,2026-01-07 19:20:59.999922,1,BAY01_2247_20260107_191506_000.7z
2026-01-07 19:21:00,-99.000611,-0.099000611,4.532628,-48.951390,-54.581849,768000,768000,1.000000000,1,2026-01-07 19:21:00.000000,2026-01-07 19:21:59.999922,1,BAY01_2247_20260107_191506_000.7z
2026-01-07 19:22:00,-99.241435,-0.099241435,4.542791,-49.057165,-54.727061,768000,768000,1.000000000,1,2026-01-07 19:22:00.000000,2026-01-07 19:22:59.999922,1,BAY01_2247_20260107_191506_000.7z
2026-01-07 19:23:00,-98.746926,-0.098746926,4.584896,-48.835743,-54.496078,768000,768000,1.000000000,1,2026-01-07 19:23:00.000000,2026-01-07 19:23:59.999922,1,BAY01_2247_20260107_191506_000.7z
2026-01-07 19:24:00,-98.846328,-0.098846328,4.556999,-48.901102,-54.502225,768000,768000,1.000000000,1,2026-01-07 19:24:00.000000,2026-01-07 19:24:59.999922,1,BAY01_2247_20260107_191506_000.7z
2026-01-07 19:25:00,-116.957018,-0.116957018,4.561039,-57.980427,-63.537629,704068,768000,0.916755208,0,2026-01-07 19:25:00.000000,2026-01-07 19:25:59.999922,2,BAY01_2247_20260107_191506_000.7z;BAY01_2248_20260107_192511_000.7z
2026-01-07 19:26:00,-120.104134,-0.120104134,4.555657,-59.562859,-65.096932,768000,768000,1.000000000,1,2026-01-07 19:26:00.000000,2026-01-07 19:26:59.999922,1,BAY01_2248_20260107_192511_000.7z
2026-01-07 19:27:00,-98.732916,-0.098732916,4.577140,-48.817906,-54.492149,768000,768000,1.000000000,1,2026-01-07 19:27:00.000000,2026-01-07 19:27:59.999922,1,BAY01_2248_20260107_192511_000.7z
2026-01-07 19:28:00,-98.915336,-0.098915336,4.573891,-48.916997,-54.572230,768000,768000,1.000000000,1,2026-01-07 19:28:00.000000,2026-01-07 19:28:59.999922,1,BAY01_2248_20260107_192511_000.7z
2026-01-07 19:29:00,-99.026820,-0.099026820,4.564683,-48.980731,-54.610772,768000,768000,1.000000000,1,2026-01-07 19:29:00.000000,2026-01-07 19:29:59.999922,1,BAY01_2248_20260107_192511_000.7z
2026-01-07 19:30:00,-99.033658,-0.099033658,4.564133,-48.978688,-54.619103,768000,768000,1.000000000,1,2026-01-07 19:30:00.000000,2026-01-07 19:30:59.999922,1,BAY01_2248_20260107_192511_000.7z
2026-01-07 19:31:00,-99.131428,-0.099131428,4.546210,-49.009639,-54.667998,768000,768000,1.000000000,1,2026-01-07 19:31:00.000000,2026-01-07 19:31:59.999922,1,BAY01_2248_20260107_192511_000.7z
2026-01-07 19:32:00,-98.639944,-0.098639944,4.542643,-48.781374,-54.401213,768000,768000,1.000000000,1,2026-01-07 19:32:00.000000,2026-01-07 19:32:59.999922,1,BAY01_2248_20260107_192511_000.7z
2026-01-07 19:33:00,-98.975323,-0.098975323,4.534692,-48.962468,-54.547547,768000,768000,1.000000000,1,2026-01-07 19:33:00.000000,2026-01-07 19:33:59.999922,1,BAY01_2248_20260107_192511_000.7z
2026-01-07 19:34:00,-99.134559,-0.099134559,4.569847,-49.020675,-54.683730,768000,768000,1.000000000,1,2026-01-07 19:34:00.000000,2026-01-07 19:34:59.999922,1,BAY01_2248_20260107_192511_000.7z
2026-01-07 19:35:00,-115.960725,-0.115960725,4.549323,-57.458510,-63.051538,704100,768000,0.916796875,0,2026-01-07 19:35:00.000000,2026-01-07 19:35:59.999922,2,BAY01_2248_20260107_192511_000.7z;BAY01_2249_20260107_193516_000.7z
2026-01-07 19:36:00,-121.491290,-0.121491290,4.539463,-60.247631,-65.783123,768000,768000,1.000000000,1,2026-01-07 19:36:00.000000,2026-01-07 19:36:59.999922,1,BAY01_2249_20260107_193516_000.7z
2026-01-07 19:37:00,-99.341698,-0.099341698,4.514071,-49.077148,-54.778621,768000,768000,1.000000000,1,2026-01-07 19:37:00.000000,2026-01-07 19:37:59.999922,1,BAY01_2249_20260107_193516_000.7z
2026-01-07 19:38:00,-99.002473,-0.099002473,4.561006,-48.956191,-54.607288,768000,768000,1.000000000,1,2026-01-07 19:38:00.000000,2026-01-07 19:38:59.999922,1,BAY01_2249_20260107_193516_000.7z
2026-01-07 19:39:00,-99.218515,-0.099218515,4.574218,-49.099860,-54.692873,768000,768000,1.000000000,1,2026-01-07 19:39:00.000000,2026-01-07 19:39:59.999922,1,BAY01_2249_20260107_193516_000.7z
2026-01-07 19:40:00,-99.021726,-0.099021726,4.527285,-48.958153,-54.590859,768000,768000,1.000000000,1,2026-01-07 19:40:00.000000,2026-01-07 19:40:59.999922,1,BAY01_2249_20260107_193516_000.7z
2026-01-07 19:41:00,-98.841639,-0.098841639,4.586398,-48.942146,-54.485892,768000,768000,1.000000000,1,2026-01-07 19:41:00.000000,2026-01-07 19:41:59.999922,1,BAY01_2249_20260107_193516_000.7z
2026-01-07 19:42:00,-99.057636,-0.099057636,4.533372,-49.031376,-54.559632,768000,768000,1.000000000,1,2026-01-07 19:42:00.000000,2026-01-07 19:42:59.999922,1,BAY01_2249_20260107_193516_000.7z
2026-01-07 19:43:00,-98.898722,-0.098898722,4.538863,-48.936692,-54.500894,768000,768000,1.000000000,1,2026-01-07 19:43:00.000000,2026-01-07 19:43:59.999922,1,BAY01_2249_20260107_193516_000.7z
2026-01-07 19:44:00,-98.905549,-0.098905549,4.598900,-48.926307,-54.578142,768000,768000,1.000000000,1,2026-01-07 19:44:00.000000,2026-01-07 19:44:59.999922,1,BAY01_2249_20260107_193516_000.7z
2026-01-07 19:45:00,-112.560553,-0.112560553,4.540379,-55.756129,-61.344804,691314,768000,0.900148437,0,2026-01-07 19:45:00.000000,2026-01-07 19:45:59.999922,2,BAY01_2249_20260107_193516_000.7z;BAY01_2250_20260107_194522_000.7z
2026-01-07 19:46:00,-121.294357,-0.121294357,4.535929,-60.144121,-65.686165,768000,768000,1.000000000,1,2026-01-07 19:46:00.000000,2026-01-07 19:46:59.999922,1,BAY01_2250_20260107_194522_000.7z
2026-01-07 19:47:00,-101.638493,-0.101638493,4.554855,-50.276281,-55.917066,768000,768000,1.000000000,1,2026-01-07 19:47:00.000000,2026-01-07 19:47:59.999922,1,BAY01_2250_20260107_194522_000.7z
2026-01-07 19:48:00,-98.941632,-0.098941632,4.566675,-48.938864,-54.569442,768000,768000,1.000000000,1,2026-01-07 19:48:00.000000,2026-01-07 19:48:59.999922,1,BAY01_2250_20260107_194522_000.7z
2026-01-07 19:49:00,-99.150997,-0.099150997,4.574320,-49.125164,-54.600152,768000,768000,1.000000000,1,2026-01-07 19:49:00.000000,2026-01-07 19:49:59.999922,1,BAY01_2250_20260107_194522_000.7z
2026-01-07 19:50:00,-99.150329,-0.099150329,4.537642,-49.092904,-54.595067,768000,768000,1.000000000,1,2026-01-07 19:50:00.000000,2026-01-07 19:50:59.999922,1,BAY01_2250_20260107_194522_000.7z
2026-01-07 19:51:00,-98.927744,-0.098927744,4.550691,-48.942492,-54.535943,768000,768000,1.000000000,1,2026-01-07 19:51:00.000000,2026-01-07 19:51:59.999922,1,BAY01_2250_20260107_194522_000.7z
2026-01-07 19:52:00,-99.050630,-0.099050630,4.561838,-49.009528,-54.602940,768000,768000,1.000000000,1,2026-01-07 19:52:00.000000,2026-01-07 19:52:59.999922,1,BAY01_2250_20260107_194522_000.7z
2026-01-07 19:53:00,-98.920904,-0.098920904,4.545603,-48.939091,-54.527417,768000,768000,1.000000000,1,2026-01-07 19:53:00.000000,2026-01-07 19:53:59.999922,1,BAY01_2250_20260107_194522_000.7z
2026-01-07 19:54:00,-98.828943,-0.098828943,4.587846,-48.871685,-54.545104,768000,768000,1.000000000,1,2026-01-07 19:54:00.000000,2026-01-07 19:54:59.999922,1,BAY01_2250_20260107_194522_000.7z
2026-01-07 19:55:00,-110.701971,-0.110701971,4.557412,-54.823585,-60.435798,704088,768000,0.916781250,0,2026-01-07 19:55:00.000000,2026-01-07 19:55:59.999922,2,BAY01_2250_20260107_194522_000.7z;BAY01_2251_20260107_195527_000.7z
2026-01-07 19:56:00,-121.321733,-0.121321733,4.566848,-60.179942,-65.708639,768000,768000,1.000000000,1,2026-01-07 19:56:00.000000,2026-01-07 19:56:59.999922,1,BAY01_2251_20260107_195527_000.7z
2026-01-07 19:57:00,-103.171164,-0.103171164,4.547903,-51.080968,-56.638099,768000,768000,1.000000000,1,2026-01-07 19:57:00.000000,2026-01-07 19:57:59.999922,1,BAY01_2251_20260107_195527_000.7z
2026-01-07 19:58:00,-98.970482,-0.098970482,4.552065,-48.975314,-54.547233,768000,768000,1.000000000,1,2026-01-07 19:58:00.000000,2026-01-07 19:58:59.999922,1,BAY01_2251_20260107_195527_000.7z
2026-01-07 19:59:00,-98.756036,-0.098756036,4.598180,-48.870332,-54.483883,768000,768000,1.000000000,1,2026-01-07 19:59:00.000000,2026-01-07 19:59:59.999922,1,BAY01_2251_20260107_195527_000.7z
2026-01-07 20:00:00,-98.992578,-0.098992578,4.553458,-48.964045,-54.581990,768000,768000,1.000000000,1,2026-01-07 20:00:00.000000,2026-01-07 20:00:59.999922,1,BAY01_2251_20260107_195527_000.7z
2026-01-07 20:01:00,-99.047287,-0.099047287,4.537955,-48.964356,-54.620886,768000,768000,1.000000000,1,2026-01-07 20:01:00.000000,2026-01-07 20:01:59.999922,1,BAY01_2251_20260107_195527_000.7z
2026-01-07 20:02:00,-98.768313,-0.098768313,4.555687,-48.870101,-54.453899,768000,768000,1.000000000,1,2026-01-07 20:02:00.000000,2026-01-07 20:02:59.999922,1,BAY01_2251_20260107_195527_000.7z
2026-01-07 20:03:00,-98.859932,-0.098859932,4.549247,-48.900816,-54.508363,768000,768000,1.000000000,1,2026-01-07 20:03:00.000000,2026-01-07 20:03:59.999922,1,BAY01_2251_20260107_195527_000.7z
2026-01-07 20:04:00,-99.358838,-0.099358838,4.600929,-49.202802,-54.756964,768000,768000,1.000000000,1,2026-01-07 20:04:00.000000,2026-01-07 20:04:59.999922,1,BAY01_2251_20260107_195527_000.7z
2026-01-07 20:05:00,-110.940205,-0.110940205,4.550106,-55.002161,-60.488150,652908,768000,0.850140625,0,2026-01-07 20:05:00.000000,2026-01-07 20:05:59.999922,2,BAY01_2251_20260107_195527_000.7z;BAY01_2252_20260107_200536_000.7z
2026-01-07 20:06:00,-121.302204,-0.121302204,4.532021,-60.230373,-65.603852,768000,768000,1.000000000,1,2026-01-07 20:06:00.000000,2026-01-07 20:06:59.999922,1,BAY01_2252_20260107_200536_000.7z
2026-01-07 20:07:00,-106.496225,-0.106496225,4.550969,-52.791296,-58.255899,768000,768000,1.000000000,1,2026-01-07 20:07:00.000000,2026-01-07 20:07:59.999922,1,BAY01_2252_20260107_200536_000.7z
2026-01-07 20:08:00,-99.104863,-0.099104863,4.539624,-49.051290,-54.593198,768000,768000,1.000000000,1,2026-01-07 20:08:00.000000,2026-01-07 20:08:59.999922,1,BAY01_2252_20260107_200536_000.7z
2026-01-07 20:09:00,-99.956474,-0.099956474,4.591277,-49.464135,-55.083616,768000,768000,1.000000000,1,2026-01-07 20:09:00.000000,2026-01-07 20:09:59.999922,1,BAY01_2252_20260107_200536_000.7z
2026-01-07 20:10:00,-99.135423,-0.099135423,4.532793,-49.043953,-54.624263,768000,768000,1.000000000,1,2026-01-07 20:10:00.000000,2026-01-07 20:10:59.999922,1,BAY01_2252_20260107_200536_000.7z
2026-01-07 20:11:00,-99.176409,-0.099176409,4.528593,-49.047947,-54.657055,768000,768000,1.000000000,1,2026-01-07 20:11:00.000000,2026-01-07 20:11:59.999922,1,BAY01_2252_20260107_200536_000.7z
2026-01-07 20:12:00,-99.510402,-0.099510402,4.544887,-49.247040,-54.808250,768000,768000,1.000000000,1,2026-01-07 20:12:00.000000,2026-01-07 20:12:59.999922,1,BAY01_2252_20260107_200536_000.7z
2026-01-07 20:13:00,-99.227089,-0.099227089,4.536379,-49.140726,-54.622742,768000,768000,1.000000000,1,2026-01-07 20:13:00.000000,2026-01-07 20:13:59.999922,1,BAY01_2252_20260107_200536_000.7z
2026-01-07 20:14:00,-99.249280,-0.099249280,4.588224,-49.166712,-54.670792,768000,768000,1.000000000,1,2026-01-07 20:14:00.000000,2026-01-07 20:14:59.999922,1,BAY01_2252_20260107_200536_000.7z
2026-01-07 20:15:00,-106.119391,-0.106119391,4.530800,-52.570975,-58.079216,716935,768000,0.933509115,0,2026-01-07 20:15:00.000000,2026-01-07 20:15:59.999922,2,BAY01_2252_20260107_200536_000.7z;BAY01_2253_20260107_201540_000.7z
2026-01-07 20:16:00,-121.462856,-0.121462856,4.561902,-60.303036,-65.721722,768000,768000,1.000000000,1,2026-01-07 20:16:00.000000,2026-01-07 20:16:59.999922,1,BAY01_2253_20260107_201540_000.7z
2026-01-07 20:17:00,-107.106650,-0.107106650,4.545029,-53.040017,-58.611662,768000,768000,1.000000000,1,2026-01-07 20:17:00.000000,2026-01-07 20:17:59.999922,1,BAY01_2253_20260107_201540_000.7z
2026-01-07 20:18:00,-98.734578,-0.098734578,4.523938,-48.863096,-54.395420,768000,768000,1.000000000,1,2026-01-07 20:18:00.000000,2026-01-07 20:18:59.999922,1,BAY01_2253_20260107_201540_000.7z
2026-01-07 20:19:00,-98.918338,-0.098918338,4.574126,-48.975941,-54.516522,768000,768000,1.000000000,1,2026-01-07 20:19:00.000000,2026-01-07 20:19:59.999922,1,BAY01_2253_20260107_201540_000.7z
2026-01-07 20:20:00,-98.835128,-0.098835128,4.471217,-48.821451,-54.484895,768000,768000,1.000000000,1,2026-01-07 20:20:00.000000,2026-01-07 20:20:59.999922,1,BAY01_2253_20260107_201540_000.7z
2026-01-07 20:21:00,-99.839462,-0.099839462,3.743446,-48.962360,-54.620548,768000,768000,1.000000000,1,2026-01-07 20:21:00.000000,2026-01-07 20:21:59.999922,1,BAY01_2253_20260107_201540_000.7z
2026-01-07 20:22:00,-99.503257,-0.099503257,3.756665,-48.804665,-54.455257,768000,768000,1.000000000,1,2026-01-07 20:22:00.000000,2026-01-07 20:22:59.999922,1,BAY01_2253_20260107_201540_000.7z
2026-01-07 20:23:00,-99.753011,-0.099753011,3.740389,-48.967679,-54.525720,768000,768000,1.000000000,1,2026-01-07 20:23:00.000000,2026-01-07 20:23:59.999922,1,BAY01_2253_20260107_201540_000.7z
2026-01-07 20:24:00,-99.549203,-0.099549203,3.751534,-48.853710,-54.447027,768000,768000,1.000000000,1,2026-01-07 20:24:00.000000,2026-01-07 20:24:59.999922,1,BAY01_2253_20260107_201540_000.7z
2026-01-07 20:25:00,-104.573255,-0.104573255,3.746992,-51.379889,-56.940358,691269,768000,0.900089844,0,2026-01-07 20:25:00.000000,2026-01-07 20:25:59.999922,2,BAY01_2253_20260107_201540_000.7z;BAY01_2254_20260107_202546_000.7z
2026-01-07 20:26:00,-121.868187,-0.121868187,3.753029,-60.079103,-65.542113,768000,768000,1.000000000,1,2026-01-07 20:26:00.000000,2026-01-07 20:26:59.999922,1,BAY01_2254_20260107_202546_000.7z
2026-01-07 20:27:00,-110.317968,-0.110317968,3.721366,-54.237265,-59.802069,768000,768000,1.000000000,1,2026-01-07 20:27:00.000000,2026-01-07 20:27:59.999922,1,BAY01_2254_20260107_202546_000.7z
2026-01-07 20:28:00,-99.471674,-0.099471674,3.767931,-48.817126,-54.422479,768000,768000,1.000000000,1,2026-01-07 20:28:00.000000,2026-01-07 20:28:59.999922,1,BAY01_2254_20260107_202546_000.7z
2026-01-07 20:29:00,-99.787321,-0.099787321,3.780628,-49.017788,-54.550162,768000,768000,1.000000000,1,2026-01-07 20:29:00.000000,2026-01-07 20:29:59.999922,1,BAY01_2254_20260107_202546_000.7z
2026-01-07 20:30:00,-99.716853,-0.099716853,3.752441,-48.946702,-54.522592,768000,768000,1.000000000,1,2026-01-07 20:30:00.000000,2026-01-07 20:30:59.999922,1,BAY01_2254_20260107_202546_000.7z
2026-01-07 20:31:00,-99.648118,-0.099648118,3.731557,-48.939183,-54.440492,768000,768000,1.000000000,1,2026-01-07 20:31:00.000000,2026-01-07 20:31:59.999922,1,BAY01_2254_20260107_202546_000.7z
2026-01-07 20:32:00,-99.655694,-0.099655694,3.752667,-48.930149,-54.478213,768000,768000,1.000000000,1,2026-01-07 20:32:00.000000,2026-01-07 20:32:59.999922,1,BAY01_2254_20260107_202546_000.7z
2026-01-07 20:33:00,-99.526159,-0.099526159,3.738950,-48.800779,-54.464330,768000,768000,1.000000000,1,2026-01-07 20:33:00.000000,2026-01-07 20:33:59.999922,1,BAY01_2254_20260107_202546_000.7z
2026-01-07 20:34:00,-99.508267,-0.099508267,3.786119,-48.824143,-54.470243,768000,768000,1.000000000,1,2026-01-07 20:34:00.000000,2026-01-07 20:34:59.999922,1,BAY01_2254_20260107_202546_000.7z
2026-01-07 20:35:00,-104.865731,-0.104865731,3.741735,-51.521864,-57.085603,716923,768000,0.933493490,0,2026-01-07 20:35:00.000000,2026-01-07 20:35:59.999922,2,BAY01_2254_20260107_202546_000.7z;BAY01_2255_20260107_203550_000.7z
2026-01-07 20:36:00,-122.195315,-0.122195315,3.756492,-60.243144,-65.708663,768000,768000,1.000000000,1,2026-01-07 20:36:00.000000,2026-01-07 20:36:59.999922,1,BAY01_2255_20260107_203550_000.7z
2026-01-07 20:37:00,-110.952074,-0.110952074,3.715116,-54.558938,-60.108251,768000,768000,1.000000000,1,2026-01-07 20:37:00.000000,2026-01-07 20:37:59.999922,1,BAY01_2255_20260107_203550_000.7z
2026-01-07 20:38:00,-99.825709,-0.099825709,3.753820,-49.044562,-54.534967,768000,768000,1.000000000,1,2026-01-07 20:38:00.000000,2026-01-07 20:38:59.999922,1,BAY01_2255_20260107_203550_000.7z
2026-01-07 20:39:00,-99.491874,-0.099491874,3.791030,-48.838266,-54.444638,768000,768000,1.000000000,1,2026-01-07 20:39:00.000000,2026-01-07 20:39:59.999922,1,BAY01_2255_20260107_203550_000.7z
2026-01-07 20:40:00,-99.416384,-0.099416384,3.764811,-48.754057,-54.427138,768000,768000,1.000000000,1,2026-01-07 20:40:00.000000,2026-01-07 20:40:59.999922,1,BAY01_2255_20260107_203550_000.7z
2026-01-07 20:41:00,-99.563992,-0.099563992,3.755590,-48.836715,-54.482866,768000,768000,1.000000000,1,2026-01-07 20:41:00.000000,2026-01-07 20:41:59.999922,1,BAY01_2255_20260107_203550_000.7z
2026-01-07 20:42:00,-99.256178,-0.099256178,3.764741,-48.667916,-54.353003,768000,768000,1.000000000,1,2026-01-07 20:42:00.000000,2026-01-07 20:42:59.999922,1,BAY01_2255_20260107_203550_000.7z
2026-01-07 20:43:00,-99.538080,-0.099538080,3.753126,-48.883413,-54.407793,768000,768000,1.000000000,1,2026-01-07 20:43:00.000000,2026-01-07 20:43:59.999922,1,BAY01_2255_20260107_203550_000.7z
2026-01-07 20:44:00,-99.349308,-0.099349308,3.787202,-48.811495,-54.325015,768000,768000,1.000000000,1,2026-01-07 20:44:00.000000,2026-01-07 20:44:59.999922,1,BAY01_2255_20260107_203550_000.7z
2026-01-07 20:45:00,-99.169533,-0.099169533,3.757428,-48.654768,-54.272192,691297,768000,0.900126302,0,2026-01-07 20:45:00.000000,2026-01-07 20:45:59.999922,2,BAY01_2255_20260107_203550_000.7z;BAY01_2256_20260107_204556_000.7z
2026-01-07 20:46:00,-120.921798,-0.120921798,3.739145,-59.584871,-65.076072,768000,768000,1.000000000,1,2026-01-07 20:46:00.000000,2026-01-07 20:46:59.999922,1,BAY01_2256_20260107_204556_000.7z
2026-01-07 20:47:00,-113.768731,-0.113768731,3.750871,-56.020159,-61.499443,768000,768000,1.000000000,1,2026-01-07 20:47:00.000000,2026-01-07 20:47:59.999922,1,BAY01_2256_20260107_204556_000.7z
2026-01-07 20:48:00,-99.124025,-0.099124025,3.748909,-48.660676,-54.212258,768000,768000,1.000000000,1,2026-01-07 20:48:00.000000,2026-01-07 20:48:59.999922,1,BAY01_2256_20260107_204556_000.7z
2026-01-07 20:49:00,-99.288848,-0.099288848,3.768616,-48.762373,-54.295091,768000,768000,1.000000000,1,2026-01-07 20:49:00.000000,2026-01-07 20:49:59.999922,1,BAY01_2256_20260107_204556_000.7z
2026-01-07 20:50:00,-99.426530,-0.099426530,3.764213,-48.796615,-54.394128,768000,768000,1.000000000,1,2026-01-07 20:50:00.000000,2026-01-07 20:50:59.999922,1,BAY01_2256_20260107_204556_000.7z
2026-01-07 20:51:00,-99.778777,-0.099778777,3.744472,-48.924285,-54.598964,768000,768000,1.000000000,1,2026-01-07 20:51:00.000000,2026-01-07 20:51:59.999922,1,BAY01_2256_20260107_204556_000.7z
2026-01-07 20:52:00,-99.695778,-0.099695778,3.725699,-48.894444,-54.527033,768000,768000,1.000000000,1,2026-01-07 20:52:00.000000,2026-01-07 20:52:59.999922,1,BAY01_2256_20260107_204556_000.7z
2026-01-07 20:53:00,-99.129648,-0.099129648,3.753439,-48.611020,-54.272067,768000,768000,1.000000000,1,2026-01-07 20:53:00.000000,2026-01-07 20:53:59.999922,1,BAY01_2256_20260107_204556_000.7z
2026-01-07 20:54:00,-99.050446,-0.099050446,3.786222,-48.554120,-54.282547,768000,768000,1.000000000,1,2026-01-07 20:54:00.000000,2026-01-07 20:54:59.999922,1,BAY01_2256_20260107_204556_000.7z
2026-01-07 20:55:00,-98.078866,-0.098078866,3.751163,-48.061135,-53.768893,716844,768000,0.933390625,0,2026-01-07 20:55:00.000000,2026-01-07 20:55:56.003359,1,BAY01_2256_20260107_204556_000.7z
2026-01-07 20:56:00,-120.316777,-0.120316777,3.746005,-59.237411,-64.825371,755200,768000,0.983333333,0,2026-01-07 20:56:01.000000,2026-01-07 20:56:59.999922,1,BAY01_2257_20260107_205601_000.7z
2026-01-07 20:57:00,-114.662080,-0.114662080,3.743787,-56.351221,-62.054647,768000,768000,1.000000000,1,2026-01-07 20:57:00.000000,2026-01-07 20:57:59.999922,1,BAY01_2257_20260107_205601_000.7z
2026-01-07 20:58:00,-99.581546,-0.099581546,3.754354,-48.818601,-54.517300,768000,768000,1.000000000,1,2026-01-07 20:58:00.000000,2026-01-07 20:58:59.999922,1,BAY01_2257_20260107_205601_000.7z
2026-01-07 20:59:00,-99.429990,-0.099429990,3.788987,-48.784850,-54.434127,768000,768000,1.000000000,1,2026-01-07 20:59:00.000000,2026-01-07 20:59:59.999922,1,BAY01_2257_20260107_205601_000.7z
2026-01-07 21:00:00,-99.417798,-0.099417798,3.774857,-48.771845,-54.420811,768000,768000,1.000000000,1,2026-01-07 21:00:00.000000,2026-01-07 21:00:59.999922,1,BAY01_2257_20260107_205601_000.7z
2026-01-07 21:01:00,-99.576874,-0.099576874,3.755991,-48.835604,-54.497261,768000,768000,1.000000000,1,2026-01-07 21:01:00.000000,2026-01-07 21:01:59.999922,1,BAY01_2257_20260107_205601_000.7z
2026-01-07 21:02:00,-99.303977,-0.099303977,3.759761,-48.715066,-54.348672,768000,768000,1.000000000,1,2026-01-07 21:02:00.000000,2026-01-07 21:02:59.999922,1,BAY01_2257_20260107_205601_000.7z
2026-01-07 21:03:00,-99.278838,-0.099278838,3.745973,-48.673300,-54.351510,768000,768000,1.000000000,1,2026-01-07 21:03:00.000000,2026-01-07 21:03:59.999922,1,BAY01_2257_20260107_205601_000.7z
2026-01-07 21:04:00,-99.294486,-0.099294486,3.761435,-48.717581,-54.338340,768000,768000,1.000000000,1,2026-01-07 21:04:00.000000,2026-01-07 21:04:59.999922,1,BAY01_2257_20260107_205601_000.7z
2026-01-07 21:05:00,-101.690170,-0.101690170,3.795966,-49.908116,-55.578021,768000,768000,1.000000000,1,2026-01-07 21:05:00.000000,2026-01-07 21:05:59.999922,1,BAY01_2257_20260107_205601_000.7z
2026-01-07 21:06:00,-119.576542,-0.119576542,3.777363,-58.909821,-64.444084,691344,768000,0.900187500,0,2026-01-07 21:06:00.000000,2026-01-07 21:06:59.999922,2,BAY01_2257_20260107_205601_000.7z;BAY01_2258_20260107_210607_000.7z
2026-01-07 21:07:00,-117.400964,-0.117400964,3.713194,-57.764834,-63.349324,768000,768000,1.000000000,1,2026-01-07 21:07:00.000000,2026-01-07 21:07:59.999922,1,BAY01_2258_20260107_210607_000.7z
2026-01-07 21:08:00,-99.490298,-0.099490298,3.744923,-48.795733,-54.439488,768000,768000,1.000000000,1,2026-01-07 21:08:00.000000,2026-01-07 21:08:59.999922,1,BAY01_2258_20260107_210607_000.7z
2026-01-07 21:09:00,-99.488578,-0.099488578,3.738551,-48.793690,-54.433439,768000,768000,1.000000000,1,2026-01-07 21:09:00.000000,2026-01-07 21:09:59.999922,1,BAY01_2258_20260107_210607_000.7z
2026-01-07 21:10:00,-99.390533,-0.099390533,3.758901,-48.719202,-54.430232,768000,768000,1.000000000,1,2026-01-07 21:10:00.000000,2026-01-07 21:10:59.999922,1,BAY01_2258_20260107_210607_000.7z
2026-01-07 21:11:00,-99.296055,-0.099296055,3.760570,-48.644145,-54.412480,768000,768000,1.000000000,1,2026-01-07 21:11:00.000000,2026-01-07 21:11:59.999922,1,BAY01_2258_20260107_210607_000.7z
2026-01-07 21:12:00,-99.432128,-0.099432128,3.751825,-48.771483,-54.412470,768000,768000,1.000000000,1,2026-01-07 21:12:00.000000,2026-01-07 21:12:59.999922,1,BAY01_2258_20260107_210607_000.7z
2026-01-07 21:13:00,-99.278936,-0.099278936,3.750744,-48.711480,-54.318201,768000,768000,1.000000000,1,2026-01-07 21:13:00.000000,2026-01-07 21:13:59.999922,1,BAY01_2258_20260107_210607_000.7z
2026-01-07 21:14:00,-99.264623,-0.099264623,3.743090,-48.699859,-54.307853,768000,768000,1.000000000,1,2026-01-07 21:14:00.000000,2026-01-07 21:14:59.999922,1,BAY01_2258_20260107_210607_000.7z
2026-01-07 21:15:00,-99.265662,-0.099265662,3.797801,-48.752130,-54.311332,768000,768000,1.000000000,1,2026-01-07 21:15:00.000000,2026-01-07 21:15:59.999922,1,BAY01_2258_20260107_210607_000.7z
2026-01-07 21:16:00,-117.228939,-0.117228939,3.753959,-57.747654,-63.235244,716867,768000,0.933420573,0,2026-01-07 21:16:00.000000,2026-01-07 21:16:59.999922,2,BAY01_2258_20260107_210607_000.7z;BAY01_2259_20260107_211611_000.7z
2026-01-07 21:17:00,-117.985542,-0.117985542,3.741634,-58.114214,-63.612963,768000,768000,1.000000000,1,2026-01-07 21:17:00.000000,2026-01-07 21:17:59.999922,1,BAY01_2259_20260107_211611_000.7z
2026-01-07 21:18:00,-99.625557,-0.099625557,3.723472,-48.860089,-54.488940,768000,768000,1.000000000,1,2026-01-07 21:18:00.000000,2026-01-07 21:18:59.999922,1,BAY01_2259_20260107_211611_000.7z
2026-01-07 21:19:00,-99.655974,-0.099655974,3.733153,-48.882506,-54.506621,768000,768000,1.000000000,1,2026-01-07 21:19:00.000000,2026-01-07 21:19:59.999922,1,BAY01_2259_20260107_211611_000.7z
2026-01-07 21:20:00,-99.529443,-0.099529443,3.756038,-48.833341,-54.452140,768000,768000,1.000000000,1,2026-01-07 21:20:00.000000,2026-01-07 21:20:59.999922,1,BAY01_2259_20260107_211611_000.7z
2026-01-07 21:21:00,-99.411244,-0.099411244,3.737330,-48.731521,-54.417054,768000,768000,1.000000000,1,2026-01-07 21:21:00.000000,2026-01-07 21:21:59.999922,1,BAY01_2259_20260107_211611_000.7z
2026-01-07 21:22:00,-99.276532,-0.099276532,3.733448,-48.651378,-54.358601,768000,768000,1.000000000,1,2026-01-07 21:22:00.000000,2026-01-07 21:22:59.999922,1,BAY01_2259_20260107_211611_000.7z
2026-01-07 21:23:00,-99.121191,-0.099121191,3.729104,-48.601725,-54.248570,768000,768000,1.000000000,1,2026-01-07 21:23:00.000000,2026-01-07 21:23:59.999922,1,BAY01_2259_20260107_211611_000.7z
2026-01-07 21:24:00,-99.663455,-0.099663455,3.745927,-48.917428,-54.491954,768000,768000,1.000000000,1,2026-01-07 21:24:00.000000,2026-01-07 21:24:59.999922,1,BAY01_2259_20260107_211611_000.7z
2026-01-07 21:25:00,-99.556132,-0.099556132,3.762142,-48.859681,-54.458593,768000,768000,1.000000000,1,2026-01-07 21:25:00.000000,2026-01-07 21:25:59.999922,1,BAY01_2259_20260107_211611_000.7z
2026-01-07 21:26:00,-117.125712,-0.117125712,3.734010,-57.671982,-63.187740,678401,768000,0.883334635,0,2026-01-07 21:26:00.000000,2026-01-07 21:26:59.999922,2,BAY01_2259_20260107_211611_000.7z;BAY01_2260_20260107_212618_000.7z
2026-01-07 21:27:00,-119.012991,-0.119012991,3.729822,-58.675362,-64.067452,768000,768000,1.000000000,1,2026-01-07 21:27:00.000000,2026-01-07 21:27:59.999922,1,BAY01_2260_20260107_212618_000.7z
2026-01-07 21:28:00,-100.572715,-0.100572715,3.754431,-49.415693,-54.911453,768000,768000,1.000000000,1,2026-01-07 21:28:00.000000,2026-01-07 21:28:59.999922,1,BAY01_2260_20260107_212618_000.7z
2026-01-07 21:29:00,-99.409913,-0.099409913,3.718309,-48.775161,-54.353061,768000,768000,1.000000000,1,2026-01-07 21:29:00.000000,2026-01-07 21:29:59.999922,1,BAY01_2260_20260107_212618_000.7z
2026-01-07 21:30:00,-99.297591,-0.099297591,3.782949,-48.754273,-54.326267,768000,768000,1.000000000,1,2026-01-07 21:30:00.000000,2026-01-07 21:30:59.999922,1,BAY01_2260_20260107_212618_000.7z
2026-01-07 21:31:00,-100.264032,-0.100264032,3.737945,-49.242073,-54.759904,768000,768000,1.000000000,1,2026-01-07 21:31:00.000000,2026-01-07 21:31:59.999922,1,BAY01_2260_20260107_212618_000.7z
2026-01-07 21:32:00,-99.162955,-0.099162955,3.737959,-48.658029,-54.242885,768000,768000,1.000000000,1,2026-01-07 21:32:00.000000,2026-01-07 21:32:59.999922,1,BAY01_2260_20260107_212618_000.7z
2026-01-07 21:33:00,-99.189540,-0.099189540,3.746036,-48.650979,-54.284597,768000,768000,1.000000000,1,2026-01-07 21:33:00.000000,2026-01-07 21:33:59.999922,1,BAY01_2260_20260107_212618_000.7z
2026-01-07 21:34:00,-99.317382,-0.099317382,3.742183,-48.728034,-54.331530,768000,768000,1.000000000,1,2026-01-07 21:34:00.000000,2026-01-07 21:34:59.999922,1,BAY01_2260_20260107_212618_000.7z
2026-01-07 21:35:00,-99.020228,-0.099020228,3.787370,-48.613963,-54.193636,768000,768000,1.000000000,1,2026-01-07 21:35:00.000000,2026-01-07 21:35:59.999922,1,BAY01_2260_20260107_212618_000.7z
2026-01-07 21:36:00,-115.154021,-0.115154021,3.760009,-56.723198,-62.190832,716890,768000,0.933450521,0,2026-01-07 21:36:00.000000,2026-01-07 21:36:59.999922,2,BAY01_2260_20260107_212618_000.7z;BAY01_2261_20260107_213622_000.7z
2026-01-07 21:37:00,-119.074239,-0.119074239,3.751806,-58.663249,-64.162796,768000,768000,1.000000000,1,2026-01-07 21:37:00.000000,2026-01-07 21:37:59.999922,1,BAY01_2261_20260107_213622_000.7z
2026-01-07 21:38:00,-102.182576,-0.102182576,3.745323,-50.184618,-55.743281,768000,768000,1.000000000,1,2026-01-07 21:38:00.000000,2026-01-07 21:38:59.999922,1,BAY01_2261_20260107_213622_000.7z
2026-01-07 21:39:00,-99.376667,-0.099376667,3.778325,-48.734600,-54.420392,768000,768000,1.000000000,1,2026-01-07 21:39:00.000000,2026-01-07 21:39:59.999922,1,BAY01_2261_20260107_213622_000.7z
2026-01-07 21:40:00,-99.556352,-0.099556352,3.814798,-48.889851,-54.481299,768000,768000,1.000000000,1,2026-01-07 21:40:00.000000,2026-01-07 21:40:59.999922,1,BAY01_2261_20260107_213622_000.7z
2026-01-07 21:41:00,-99.344939,-0.099344939,3.758228,-48.756018,-54.347149,768000,768000,1.000000000,1,2026-01-07 21:41:00.000000,2026-01-07 21:41:59.999922,1,BAY01_2261_20260107_213622_000.7z
2026-01-07 21:42:00,-99.102325,-0.099102325,3.740386,-48.561993,-54.280718,768000,768000,1.000000000,1,2026-01-07 21:42:00.000000,2026-01-07 21:42:59.999922,1,BAY01_2261_20260107_213622_000.7z
2026-01-07 21:43:00,-98.878602,-0.098878602,3.748118,-48.509763,-54.116957,768000,768000,1.000000000,1,2026-01-07 21:43:00.000000,2026-01-07 21:43:59.999922,1,BAY01_2261_20260107_213622_000.7z
2026-01-07 21:44:00,-99.089758,-0.099089758,3.717532,-48.585395,-54.221895,768000,768000,1.000000000,1,2026-01-07 21:44:00.000000,2026-01-07 21:44:59.999922,1,BAY01_2261_20260107_213622_000.7z
2026-01-07 21:45:00,-99.094172,-0.099094172,3.810565,-48.591968,-54.312769,768000,768000,1.000000000,1,2026-01-07 21:45:00.000000,2026-01-07 21:45:59.999922,1,BAY01_2261_20260107_213622_000.7z
2026-01-07 21:46:00,-113.317242,-0.113317242,3.773298,-55.713194,-61.377346,716860,768000,0.933411458,0,2026-01-07 21:46:00.000000,2026-01-07 21:46:59.999922,2,BAY01_2261_20260107_213622_000.7z;BAY01_2262_20260107_214626_000.7z
2026-01-07 21:47:00,-119.192730,-0.119192730,3.737089,-58.699248,-64.230571,768000,768000,1.000000000,1,2026-01-07 21:47:00.000000,2026-01-07 21:47:59.999922,1,BAY01_2262_20260107_214626_000.7z
2026-01-07 21:48:00,-103.067213,-0.103067213,3.739110,-50.592163,-56.214160,768000,768000,1.000000000,1,2026-01-07 21:48:00.000000,2026-01-07 21:48:59.999922,1,BAY01_2262_20260107_214626_000.7z
2026-01-07 21:49:00,-99.232922,-0.099232922,3.728420,-48.663079,-54.298263,768000,768000,1.000000000,1,2026-01-07 21:49:00.000000,2026-01-07 21:49:59.999922,1,BAY01_2262_20260107_214626_000.7z
2026-01-07 21:50:00,-99.055113,-0.099055113,3.798811,-48.549132,-54.304792,768000,768000,1.000000000,1,2026-01-07 21:50:00.000000,2026-01-07 21:50:59.999922,1,BAY01_2262_20260107_214626_000.7z
2026-01-07 21:51:00,-99.038116,-0.099038116,3.748949,-48.549736,-54.237329,768000,768000,1.000000000,1,2026-01-07 21:51:00.000000,2026-01-07 21:51:59.999922,1,BAY01_2262_20260107_214626_000.7z
2026-01-07 21:52:00,-99.129252,-0.099129252,3.740409,-48.593524,-54.276137,768000,768000,1.000000000,1,2026-01-07 21:52:00.000000,2026-01-07 21:52:59.999922,1,BAY01_2262_20260107_214626_000.7z
2026-01-07 21:53:00,-99.277221,-0.099277221,3.755590,-48.695282,-54.337529,768000,768000,1.000000000,1,2026-01-07 21:53:00.000000,2026-01-07 21:53:59.999922,1,BAY01_2262_20260107_214626_000.7z
2026-01-07 21:54:00,-99.098027,-0.099098027,3.748547,-48.624000,-54.222573,768000,768000,1.000000000,1,2026-01-07 21:54:00.000000,2026-01-07 21:54:59.999922,1,BAY01_2262_20260107_214626_000.7z
2026-01-07 21:55:00,-99.130886,-0.099130886,3.775987,-48.651297,-54.255576,768000,768000,1.000000000,1,2026-01-07 21:55:00.000000,2026-01-07 21:55:59.999922,1,BAY01_2262_20260107_214626_000.7z
2026-01-07 21:56:00,-112.211273,-0.112211273,3.752029,-55.199852,-60.763450,691267,768000,0.900087240,0,2026-01-07 21:56:00.000000,2026-01-07 21:56:59.999922,2,BAY01_2262_20260107_214626_000.7z;BAY01_2263_20260107_215632_000.7z
2026-01-07 21:57:00,-118.490331,-0.118490331,3.739658,-58.290431,-63.939558,768000,768000,1.000000000,1,2026-01-07 21:57:00.000000,2026-01-07 21:57:59.999922,1,BAY01_2263_20260107_215632_000.7z
2026-01-07 21:58:00,-104.775360,-0.104775360,3.747763,-51.444746,-57.078377,768000,768000,1.000000000,1,2026-01-07 21:58:00.000000,2026-01-07 21:58:59.999922,1,BAY01_2263_20260107_215632_000.7z
2026-01-07 21:59:00,-99.244783,-0.099244783,3.732725,-48.673141,-54.304367,768000,768000,1.000000000,1,2026-01-07 21:59:00.000000,2026-01-07 21:59:59.999922,1,BAY01_2263_20260107_215632_000.7z
2026-01-07 22:00:00,-98.782192,-0.098782192,3.785091,-48.482379,-54.084903,768000,768000,1.000000000,1,2026-01-07 22:00:00.000000,2026-01-07 22:00:59.999922,1,BAY01_2263_20260107_215632_000.7z
2026-01-07 22:01:00,-99.084845,-0.099084845,3.742673,-48.593774,-54.233744,768000,768000,1.000000000,1,2026-01-07 22:01:00.000000,2026-01-07 22:01:59.999922,1,BAY01_2263_20260107_215632_000.7z
2026-01-07 22:02:00,-98.993765,-0.098993765,3.750171,-48.579042,-54.164895,768000,768000,1.000000000,1,2026-01-07 22:02:00.000000,2026-01-07 22:02:59.999922,1,BAY01_2263_20260107_215632_000.7z
2026-01-07 22:03:00,-99.087191,-0.099087191,3.753437,-48.571869,-54.268759,768000,768000,1.000000000,1,2026-01-07 22:03:00.000000,2026-01-07 22:03:59.999922,1,BAY01_2263_20260107_215632_000.7z
2026-01-07 22:04:00,-99.075957,-0.099075957,3.755008,-48.599123,-54.231843,768000,768000,1.000000000,1,2026-01-07 22:04:00.000000,2026-01-07 22:04:59.999922,1,BAY01_2263_20260107_215632_000.7z
2026-01-07 22:05:00,-101.125594,-0.101125594,3.757604,-49.588280,-55.294919,768000,768000,1.000000000,1,2026-01-07 22:05:00.000000,2026-01-07 22:05:59.999922,1,BAY01_2263_20260107_215632_000.7z
2026-01-07 22:06:00,-109.872892,-0.109872892,3.765063,-54.005895,-59.632059,704012,768000,0.916682292,0,2026-01-07 22:06:00.000000,2026-01-07 22:06:59.999922,2,BAY01_2263_20260107_215632_000.7z;BAY01_2264_20260107_220637_000.7z
2026-01-07 22:07:00,-118.470474,-0.118470474,3.748165,-58.312505,-63.906134,768000,768000,1.000000000,1,2026-01-07 22:07:00.000000,2026-01-07 22:07:59.999922,1,BAY01_2264_20260107_220637_000.7z
2026-01-07 22:08:00,-106.259982,-0.106259982,3.751998,-52.215091,-57.796890,768000,768000,1.000000000,1,2026-01-07 22:08:00.000000,2026-01-07 22:08:59.999922,1,BAY01_2264_20260107_220637_000.7z
2026-01-07 22:09:00,-99.007364,-0.099007364,3.755606,-48.518549,-54.244420,768000,768000,1.000000000,1,2026-01-07 22:09:00.000000,2026-01-07 22:09:59.999922,1,BAY01_2264_20260107_220637_000.7z
2026-01-07 22:10:00,-98.799491,-0.098799491,3.726809,-48.386855,-54.139445,768000,768000,1.000000000,1,2026-01-07 22:10:00.000000,2026-01-07 22:10:59.999922,1,BAY01_2264_20260107_220637_000.7z
2026-01-07 22:11:00,-99.007906,-0.099007906,3.733572,-48.468606,-54.272872,768000,768000,1.000000000,1,2026-01-07 22:11:00.000000,2026-01-07 22:11:59.999922,1,BAY01_2264_20260107_220637_000.7z
2026-01-07 22:12:00,-99.283409,-0.099283409,3.748787,-48.621180,-54.411017,768000,768000,1.000000000,1,2026-01-07 22:12:00.000000,2026-01-07 22:12:59.999922,1,BAY01_2264_20260107_220637_000.7z
2026-01-07 22:13:00,-98.818086,-0.098818086,3.755375,-48.424952,-54.148509,768000,768000,1.000000000,1,2026-01-07 22:13:00.000000,2026-01-07 22:13:59.999922,1,BAY01_2264_20260107_220637_000.7z
2026-01-07 22:14:00,-98.877559,-0.098877559,3.754121,-48.495754,-54.135926,768000,768000,1.000000000,1,2026-01-07 22:14:00.000000,2026-01-07 22:14:59.999922,1,BAY01_2264_20260107_220637_000.7z
2026-01-07 22:15:00,-98.909467,-0.098909467,3.758075,-48.473758,-54.193784,768000,768000,1.000000000,1,2026-01-07 22:15:00.000000,2026-01-07 22:15:59.999922,1,BAY01_2264_20260107_220637_000.7z
2026-01-07 22:16:00,-107.000010,-0.107000010,3.761645,-52.560661,-58.200993,652864,768000,0.850083333,0,2026-01-07 22:16:00.000000,2026-01-07 22:16:59.999922,2,BAY01_2264_20260107_220637_000.7z;BAY01_2265_20260107_221646_000.7z
2026-01-07 22:17:00,-118.615208,-0.118615208,3.747414,-58.396944,-63.965679,768000,768000,1.000000000,1,2026-01-07 22:17:00.000000,2026-01-07 22:17:59.999922,1,BAY01_2265_20260107_221646_000.7z
2026-01-07 22:18:00,-109.433859,-0.109433859,3.749160,-53.813822,-59.369197,768000,768000,1.000000000,1,2026-01-07 22:18:00.000000,2026-01-07 22:18:59.999922,1,BAY01_2265_20260107_221646_000.7z
2026-01-07 22:19:00,-101.319340,-0.101319340,3.748925,-49.720958,-55.347306,768000,768000,1.000000000,1,2026-01-07 22:19:00.000000,2026-01-07 22:19:59.999922,1,BAY01_2265_20260107_221646_000.7z
2026-01-07 22:20:00,-98.760784,-0.098760784,3.794624,-48.459140,-54.096268,768000,768000,1.000000000,1,2026-01-07 22:20:00.000000,2026-01-07 22:20:59.999922,1,BAY01_2265_20260107_221646_000.7z
2026-01-07 22:21:00,-98.849714,-0.098849714,3.745590,-48.499416,-54.095887,768000,768000,1.000000000,1,2026-01-07 22:21:00.000000,2026-01-07 22:21:59.999922,1,BAY01_2265_20260107_221646_000.7z
2026-01-07 22:22:00,-98.872877,-0.098872877,3.733509,-48.446742,-54.159644,768000,768000,1.000000000,1,2026-01-07 22:22:00.000000,2026-01-07 22:22:59.999922,1,BAY01_2265_20260107_221646_000.7z
2026-01-07 22:23:00,-98.850553,-0.098850553,3.723722,-48.447216,-54.127060,768000,768000,1.000000000,1,2026-01-07 22:23:00.000000,2026-01-07 22:23:59.999922,1,BAY01_2265_20260107_221646_000.7z
2026-01-07 22:24:00,-98.720695,-0.098720695,3.754023,-48.384469,-54.090250,768000,768000,1.000000000,1,2026-01-07 22:24:00.000000,2026-01-07 22:24:59.999922,1,BAY01_2265_20260107_221646_000.7z
2026-01-07 22:25:00,-98.639122,-0.098639122,3.767638,-48.351419,-54.055341,768000,768000,1.000000000,1,2026-01-07 22:25:00.000000,2026-01-07 22:25:59.999922,1,BAY01_2265_20260107_221646_000.7z
2026-01-07 22:26:00,-104.096477,-0.104096477,3.721595,-51.037208,-56.780864,678408,768000,0.883343750,0,2026-01-07 22:26:00.000000,2026-01-07 22:26:59.999922,2,BAY01_2265_20260107_221646_000.7z;BAY01_2266_20260107_222653_000.7z
2026-01-07 22:27:00,-118.166668,-0.118166668,3.731883,-58.104763,-63.793788,768000,768000,1.000000000,1,2026-01-07 22:27:00.000000,2026-01-07 22:27:59.999922,1,BAY01_2266_20260107_222653_000.7z
2026-01-07 22:28:00,-111.697507,-0.111697507,3.737746,-54.882974,-60.552279,768000,768000,1.000000000,1,2026-01-07 22:28:00.000000,2026-01-07 22:28:59.999922,1,BAY01_2266_20260107_222653_000.7z
2026-01-07 22:29:00,-99.170837,-0.099170837,3.738046,-48.598328,-54.310555,768000,768000,1.000000000,1,2026-01-07 22:29:00.000000,2026-01-07 22:29:59.999922,1,BAY01_2266_20260107_222653_000.7z
2026-01-07 22:30:00,-98.779128,-0.098779128,3.771971,-48.477161,-54.073938,768000,768000,1.000000000,1,2026-01-07 22:30:00.000000,2026-01-07 22:30:59.999922,1,BAY01_2266_20260107_222653_000.7z
2026-01-07 22:31:00,-98.949372,-0.098949372,3.790459,-48.546573,-54.193258,768000,768000,1.000000000,1,2026-01-07 22:31:00.000000,2026-01-07 22:31:59.999922,1,BAY01_2266_20260107_222653_000.7z
2026-01-07 22:32:00,-98.833642,-0.098833642,3.738552,-48.470229,-54.101965,768000,768000,1.000000000,1,2026-01-07 22:32:00.000000,2026-01-07 22:32:59.999922,1,BAY01_2266_20260107_222653_000.7z
2026-01-07 22:33:00,-98.753529,-0.098753529,3.749558,-48.426196,-54.076891,768000,768000,1.000000000,1,2026-01-07 22:33:00.000000,2026-01-07 22:33:59.999922,1,BAY01_2266_20260107_222653_000.7z
2026-01-07 22:34:00,-98.682200,-0.098682200,3.754235,-48.354022,-54.082413,768000,768000,1.000000000,1,2026-01-07 22:34:00.000000,2026-01-07 22:34:59.999922,1,BAY01_2266_20260107_222653_000.7z
2026-01-07 22:35:00,-101.058889,-0.101058889,3.759900,-49.517978,-55.300811,768000,768000,1.000000000,1,2026-01-07 22:35:00.000000,2026-01-07 22:35:59.999922,1,BAY01_2266_20260107_222653_000.7z
2026-01-07 22:36:00,-101.801054,-0.101801054,3.824518,-49.944346,-55.681225,704014,768000,0.916684896,0,2026-01-07 22:36:00.000000,2026-01-07 22:36:59.999922,2,BAY01_2266_20260107_222653_000.7z;BAY01_2267_20260107_223658_000.7z
2026-01-07 22:37:00,-118.599153,-0.118599153,3.735247,-58.372613,-63.961787,768000,768000,1.000000000,1,2026-01-07 22:37:00.000000,2026-01-07 22:37:59.999922,1,BAY01_2267_20260107_223658_000.7z
2026-01-07 22:38:00,-113.453047,-0.113453047,3.731564,-55.743336,-61.441276,768000,768000,1.000000000,1,2026-01-07 22:38:00.000000,2026-01-07 22:38:59.999922,1,BAY01_2267_20260107_223658_000.7z
2026-01-07 22:39:00,-98.606937,-0.098606937,3.730266,-48.253976,-54.083228,768000,768000,1.000000000,1,2026-01-07 22:39:00.000000,2026-01-07 22:39:59.999922,1,BAY01_2267_20260107_223658_000.7z
2026-01-07 22:40:00,-98.685694,-0.098685694,3.748169,-48.325195,-54.108668,768000,768000,1.000000000,1,2026-01-07 22:40:00.000000,2026-01-07 22:40:59.999922,1,BAY01_2267_20260107_223658_000.7z
2026-01-07 22:41:00,-98.597186,-0.098597186,3.794778,-48.304471,-54.087493,768000,768000,1.000000000,1,2026-01-07 22:41:00.000000,2026-01-07 22:41:59.999922,1,BAY01_2267_20260107_223658_000.7z
2026-01-07 22:42:00,-98.523374,-0.098523374,3.734785,-48.266850,-53.991309,768000,768000,1.000000000,1,2026-01-07 22:42:00.000000,2026-01-07 22:42:59.999922,1,BAY01_2267_20260107_223658_000.7z
2026-01-07 22:43:00,-98.299653,-0.098299653,3.749832,-48.194652,-53.854832,768000,768000,1.000000000,1,2026-01-07 22:43:00.000000,2026-01-07 22:43:59.999922,1,BAY01_2267_20260107_223658_000.7z
2026-01-07 22:44:00,-98.729384,-0.098729384,3.728899,-48.443498,-54.014785,768000,768000,1.000000000,1,2026-01-07 22:44:00.000000,2026-01-07 22:44:59.999922,1,BAY01_2267_20260107_223658_000.7z
2026-01-07 22:45:00,-98.605863,-0.098605863,3.735555,-48.314510,-54.026908,768000,768000,1.000000000,1,2026-01-07 22:45:00.000000,2026-01-07 22:45:59.999922,1,BAY01_2267_20260107_223658_000.7z
2026-01-07 22:46:00,-100.944335,-0.100944335,3.796749,-49.551619,-55.189465,742470,768000,0.966757813,0,2026-01-07 22:46:00.000000,2026-01-07 22:46:58.005391,1,BAY01_2267_20260107_223658_000.7z
2026-01-07 22:47:00,-117.948888,-0.117948888,3.728686,-58.064007,-63.613567,716800,768000,0.933333333,0,2026-01-07 22:47:04.000000,2026-01-07 22:47:59.999922,1,BAY01_2268_20260107_224704_000.7z
2026-01-07 22:48:00,-114.755223,-0.114755223,3.725890,-56.421982,-62.059131,768000,768000,1.000000000,1,2026-01-07 22:48:00.000000,2026-01-07 22:48:59.999922,1,BAY01_2268_20260107_224704_000.7z
2026-01-07 22:49:00,-98.705072,-0.098705072,3.750048,-48.394118,-54.061002,768000,768000,1.000000000,1,2026-01-07 22:49:00.000000,2026-01-07 22:49:59.999922,1,BAY01_2268_20260107_224704_000.7z
2026-01-07 22:50:00,-98.770072,-0.098770072,3.737721,-48.406061,-54.101732,768000,768000,1.000000000,1,2026-01-07 22:50:00.000000,2026-01-07 22:50:59.999922,1,BAY01_2268_20260107_224704_000.7z
2026-01-07 22:51:00,-98.757247,-0.098757247,3.768308,-48.423412,-54.102143,768000,768000,1.000000000,1,2026-01-07 22:51:00.000000,2026-01-07 22:51:59.999922,1,BAY01_2268_20260107_224704_000.7z
2026-01-07 22:52:00,-99.142261,-0.099142261,3.756274,-48.623768,-54.274767,768000,768000,1.000000000,1,2026-01-07 22:52:00.000000,2026-01-07 22:52:59.999922,1,BAY01_2268_20260107_224704_000.7z
2026-01-07 22:53:00,-98.885714,-0.098885714,3.739050,-48.497644,-54.127119,768000,768000,1.000000000,1,2026-01-07 22:53:00.000000,2026-01-07 22:53:59.999922,1,BAY01_2268_20260107_224704_000.7z
2026-01-07 22:54:00,-98.906181,-0.098906181,3.738865,-48.502089,-54.142957,768000,768000,1.000000000,1,2026-01-07 22:54:00.000000,2026-01-07 22:54:59.999922,1,BAY01_2268_20260107_224704_000.7z
2026-01-07 22:55:00,-98.710308,-0.098710308,3.734889,-48.419116,-54.026081,768000,768000,1.000000000,1,2026-01-07 22:55:00.000000,2026-01-07 22:55:59.999922,1,BAY01_2268_20260107_224704_000.7z
2026-01-07 22:56:00,-101.218396,-0.101218396,3.762589,-49.715460,-55.265525,768000,768000,1.000000000,1,2026-01-07 22:56:00.000000,2026-01-07 22:56:59.999922,1,BAY01_2268_20260107_224704_000.7z
2026-01-07 22:57:00,-115.121833,-0.115121833,3.754072,-56.681810,-62.194095,678407,768000,0.883342448,0,2026-01-07 22:57:00.000000,2026-01-07 22:57:59.999922,2,BAY01_2268_20260107_224704_000.7z;BAY01_2269_20260107_225711_000.7z
2026-01-07 22:58:00,-117.733973,-0.117733973,3.733073,-57.953732,-63.513314,768000,768000,1.000000000,1,2026-01-07 22:58:00.000000,2026-01-07 22:58:59.999922,1,BAY01_2269_20260107_225711_000.7z
2026-01-07 22:59:00,-98.629582,-0.098629582,3.741086,-48.356125,-54.014544,768000,768000,1.000000000,1,2026-01-07 22:59:00.000000,2026-01-07 22:59:59.999922,1,BAY01_2269_20260107_225711_000.7z
2026-01-07 23:00:00,-98.975480,-0.098975480,3.744098,-48.504640,-54.214938,768000,768000,1.000000000,1,2026-01-07 23:00:00.000000,2026-01-07 23:00:59.999922,1,BAY01_2269_20260107_225711_000.7z
2026-01-07 23:01:00,-98.715657,-0.098715657,3.761859,-48.408957,-54.068559,768000,768000,1.000000000,1,2026-01-07 23:01:00.000000,2026-01-07 23:01:59.999922,1,BAY01_2269_20260107_225711_000.7z
2026-01-07 23:02:00,-98.885286,-0.098885286,3.760124,-48.515529,-54.129881,768000,768000,1.000000000,1,2026-01-07 23:02:00.000000,2026-01-07 23:02:59.999922,1,BAY01_2269_20260107_225711_000.7z
2026-01-07 23:03:00,-99.232346,-0.099232346,3.753285,-48.632590,-54.353041,768000,768000,1.000000000,1,2026-01-07 23:03:00.000000,2026-01-07 23:03:59.999922,1,BAY01_2269_20260107_225711_000.7z
2026-01-07 23:04:00,-99.039018,-0.099039018,3.752802,-48.563234,-54.228586,768000,768000,1.000000000,1,2026-01-07 23:04:00.000000,2026-01-07 23:04:59.999922,1,BAY01_2269_20260107_225711_000.7z
2026-01-07 23:05:00,-101.184932,-0.101184932,3.739578,-49.625476,-55.299035,768000,768000,1.000000000,1,2026-01-07 23:05:00.000000,2026-01-07 23:05:59.999922,1,BAY01_2269_20260107_225711_000.7z
2026-01-07 23:06:00,-100.348494,-0.100348494,3.757839,-49.223307,-54.883025,768000,768000,1.000000000,1,2026-01-07 23:06:00.000000,2026-01-07 23:06:59.999922,1,BAY01_2269_20260107_225711_000.7z
2026-01-07 23:07:00,-112.867685,-0.112867685,3.760855,-55.516022,-61.112518,678428,768000,0.883369792,0,2026-01-07 23:07:00.000000,2026-01-07 23:07:59.999922,2,BAY01_2269_20260107_225711_000.7z;BAY01_2270_20260107_230718_000.7z
2026-01-07 23:08:00,-118.380372,-0.118380372,3.723728,-58.303062,-63.801038,768000,768000,1.000000000,1,2026-01-07 23:08:00.000000,2026-01-07 23:08:59.999922,1,BAY01_2270_20260107_230718_000.7z
2026-01-07 23:09:00,-99.732883,-0.099732883,3.744939,-48.963493,-54.514329,768000,768000,1.000000000,1,2026-01-07 23:09:00.000000,2026-01-07 23:09:59.999922,1,BAY01_2270_20260107_230718_000.7z
2026-01-07 23:10:00,-98.843214,-0.098843214,3.729627,-48.516680,-54.056160,768000,768000,1.000000000,1,2026-01-07 23:10:00.000000,2026-01-07 23:10:59.999922,1,BAY01_2270_20260107_230718_000.7z
2026-01-07 23:11:00,-98.825530,-0.098825530,3.758180,-48.514909,-54.068800,768000,768000,1.000000000,1,2026-01-07 23:11:00.000000,2026-01-07 23:11:59.999922,1,BAY01_2270_20260107_230718_000.7z
2026-01-07 23:12:00,-98.706064,-0.098706064,3.758480,-48.449597,-54.014946,768000,768000,1.000000000,1,2026-01-07 23:12:00.000000,2026-01-07 23:12:59.999922,1,BAY01_2270_20260107_230718_000.7z
2026-01-07 23:13:00,-98.713764,-0.098713764,3.664444,-48.370448,-54.007761,768000,768000,1.000000000,1,2026-01-07 23:13:00.000000,2026-01-07 23:13:59.999922,1,BAY01_2270_20260107_230718_000.7z
2026-01-07 23:14:00,-98.730724,-0.098730724,3.727555,-48.448269,-54.010010,768000,768000,1.000000000,1,2026-01-07 23:14:00.000000,2026-01-07 23:14:59.999922,1,BAY01_2270_20260107_230718_000.7z
2026-01-07 23:15:00,-98.776980,-0.098776980,3.758874,-48.470321,-54.065532,768000,768000,1.000000000,1,2026-01-07 23:15:00.000000,2026-01-07 23:15:59.999922,1,BAY01_2270_20260107_230718_000.7z
2026-01-07 23:16:00,-99.393215,-0.099393215,3.777044,-48.822105,-54.348154,768000,768000,1.000000000,1,2026-01-07 23:16:00.000000,2026-01-07 23:16:59.999922,1,BAY01_2270_20260107_230718_000.7z
2026-01-07 23:17:00,-112.340367,-0.112340367,3.742281,-55.266118,-60.816530,729717,768000,0.950152344,0,2026-01-07 23:17:00.000000,2026-01-07 23:17:59.999922,2,BAY01_2270_20260107_230718_000.7z;BAY01_2271_20260107_231721_000.7z
2026-01-07 23:18:00,-119.140566,-0.119140566,3.729279,-58.671131,-64.198714,768000,768000,1.000000000,1,2026-01-07 23:18:00.000000,2026-01-07 23:18:59.999922,1,BAY01_2271_20260107_231721_000.7z
2026-01-07 23:19:00,-101.002467,-0.101002467,3.744338,-49.608873,-55.137932,768000,768000,1.000000000,1,2026-01-07 23:19:00.000000,2026-01-07 23:19:59.999922,1,BAY01_2271_20260107_231721_000.7z
2026-01-07 23:20:00,-98.585918,-0.098585918,3.735496,-48.379423,-53.941991,768000,768000,1.000000000,1,2026-01-07 23:20:00.000000,2026-01-07 23:20:59.999922,1,BAY01_2271_20260107_231721_000.7z
2026-01-07 23:21:00,-98.482790,-0.098482790,3.806836,-48.363921,-53.925705,768000,768000,1.000000000,1,2026-01-07 23:21:00.000000,2026-01-07 23:21:59.999922,1,BAY01_2271_20260107_231721_000.7z
2026-01-07 23:22:00,-98.657547,-0.098657547,3.737302,-48.409750,-53.985100,768000,768000,1.000000000,1,2026-01-07 23:22:00.000000,2026-01-07 23:22:59.999922,1,BAY01_2271_20260107_231721_000.7z
2026-01-07 23:23:00,-98.676123,-0.098676123,3.773270,-48.426022,-54.023370,768000,768000,1.000000000,1,2026-01-07 23:23:00.000000,2026-01-07 23:23:59.999922,1,BAY01_2271_20260107_231721_000.7z
2026-01-07 23:24:00,-98.636559,-0.098636559,3.761685,-48.386841,-54.011403,768000,768000,1.000000000,1,2026-01-07 23:24:00.000000,2026-01-07 23:24:59.999922,1,BAY01_2271_20260107_231721_000.7z
2026-01-07 23:25:00,-98.614789,-0.098614789,3.736929,-48.328812,-54.022907,768000,768000,1.000000000,1,2026-01-07 23:25:00.000000,2026-01-07 23:25:59.999922,1,BAY01_2271_20260107_231721_000.7z
2026-01-07 23:26:00,-98.912198,-0.098912198,3.796890,-48.498055,-54.211033,768000,768000,1.000000000,1,2026-01-07 23:26:00.000000,2026-01-07 23:26:59.999922,1,BAY01_2271_20260107_231721_000.7z
2026-01-07 23:27:00,-110.668669,-0.110668669,3.749291,-54.394749,-60.023211,704093,768000,0.916787760,0,2026-01-07 23:27:00.000000,2026-01-07 23:27:59.999922,2,BAY01_2271_20260107_231721_000.7z;BAY01_2272_20260107_232726_000.7z
2026-01-07 23:28:00,-118.871810,-0.118871810,3.748298,-58.571669,-64.048440,768000,768000,1.000000000,1,2026-01-07 23:28:00.000000,2026-01-07 23:28:59.999922,1,BAY01_2272_20260107_232726_000.7z
2026-01-07 23:29:00,-102.191452,-0.102191452,3.732647,-50.155248,-55.768851,768000,768000,1.000000000,1,2026-01-07 23:29:00.000000,2026-01-07 23:29:59.999922,1,BAY01_2272_20260107_232726_000.7z
2026-01-07 23:30:00,-98.610403,-0.098610403,3.728816,-48.361246,-53.977972,768000,768000,1.000000000,1,2026-01-07 23:30:00.000000,2026-01-07 23:30:59.999922,1,BAY01_2272_20260107_232726_000.7z
2026-01-07 23:31:00,-98.666603,-0.098666603,3.797669,-48.394784,-54.069488,768000,768000,1.000000000,1,2026-01-07 23:31:00.000000,2026-01-07 23:31:59.999922,1,BAY01_2272_20260107_232726_000.7z
2026-01-07 23:32:00,-98.827559,-0.098827559,3.736694,-48.464768,-54.099485,768000,768000,1.000000000,1,2026-01-07 23:32:00.000000,2026-01-07 23:32:59.999922,1,BAY01_2272_20260107_232726_000.7z
2026-01-07 23:33:00,-98.706723,-0.098706723,3.740345,-48.401118,-54.045950,768000,768000,1.000000000,1,2026-01-07 23:33:00.000000,2026-01-07 23:33:59.999922,1,BAY01_2272_20260107_232726_000.7z
2026-01-07 23:34:00,-98.640712,-0.098640712,3.737276,-48.404799,-53.973190,768000,768000,1.000000000,1,2026-01-07 23:34:00.000000,2026-01-07 23:34:59.999922,1,BAY01_2272_20260107_232726_000.7z
2026-01-07 23:35:00,-99.976314,-0.099976314,3.752120,-49.069867,-54.658567,768000,768000,1.000000000,1,2026-01-07 23:35:00.000000,2026-01-07 23:35:59.999922,1,BAY01_2272_20260107_232726_000.7z
2026-01-07 23:36:00,-100.439369,-0.100439369,3.771207,-49.271858,-54.938717,768000,768000,1.000000000,1,2026-01-07 23:36:00.000000,2026-01-07 23:36:59.999922,1,BAY01_2272_20260107_232726_000.7z
2026-01-07 23:37:00,-108.428645,-0.108428645,3.752820,-53.254701,-58.926763,691232,768000,0.900041667,0,2026-01-07 23:37:00.000000,2026-01-07 23:37:59.999922,2,BAY01_2272_20260107_232726_000.7z;BAY01_2273_20260107_233732_000.7z
2026-01-07 23:38:00,-118.206454,-0.118206454,3.742801,-58.161750,-63.787505,768000,768000,1.000000000,1,2026-01-07 23:38:00.000000,2026-01-07 23:38:59.999922,1,BAY01_2273_20260107_233732_000.7z
2026-01-07 23:39:00,-104.438388,-0.104438388,3.749290,-51.317280,-56.870398,768000,768000,1.000000000,1,2026-01-07 23:39:00.000000,2026-01-07 23:39:59.999922,1,BAY01_2273_20260107_233732_000.7z
2026-01-07 23:40:00,-98.582415,-0.098582415,3.734373,-48.384142,-53.932646,768000,768000,1.000000000,1,2026-01-07 23:40:00.000000,2026-01-07 23:40:59.999922,1,BAY01_2273_20260107_233732_000.7z
2026-01-07 23:41:00,-98.438998,-0.098438998,3.764792,-48.282198,-53.921591,768000,768000,1.000000000,1,2026-01-07 23:41:00.000000,2026-01-07 23:41:59.999922,1,BAY01_2273_20260107_233732_000.7z
2026-01-07 23:42:00,-98.667857,-0.098667857,3.728699,-48.369950,-54.026606,768000,768000,1.000000000,1,2026-01-07 23:42:00.000000,2026-01-07 23:42:59.999922,1,BAY01_2273_20260107_233732_000.7z
2026-01-07 23:43:00,-98.481805,-0.098481805,3.740648,-48.269014,-53.953439,768000,768000,1.000000000,1,2026-01-07 23:43:00.000000,2026-01-07 23:43:59.999922,1,BAY01_2273_20260107_233732_000.7z
2026-01-07 23:44:00,-98.479046,-0.098479046,3.732486,-48.265742,-53.945790,768000,768000,1.000000000,1,2026-01-07 23:44:00.000000,2026-01-07 23:44:59.999922,1,BAY01_2273_20260107_233732_000.7z
2026-01-07 23:45:00,-98.591050,-0.098591050,3.719220,-48.347864,-53.962406,768000,768000,1.000000000,1,2026-01-07 23:45:00.000000,2026-01-07 23:45:59.999922,1,BAY01_2273_20260107_233732_000.7z
2026-01-07 23:46:00,-101.070536,-0.101070536,3.752624,-49.582438,-55.240722,768000,768000,1.000000000,1,2026-01-07 23:46:00.000000,2026-01-07 23:46:59.999922,1,BAY01_2273_20260107_233732_000.7z
2026-01-07 23:47:00,-106.731780,-0.106731780,3.748765,-52.392948,-58.087597,716832,768000,0.933375000,0,2026-01-07 23:47:00.000000,2026-01-07 23:47:59.999922,2,BAY01_2273_20260107_233732_000.7z;BAY01_2274_20260107_234736_000.7z
2026-01-07 23:48:00,-118.708923,-0.118708923,3.744779,-58.385629,-64.068073,768000,768000,1.000000000,1,2026-01-07 23:48:00.000000,2026-01-07 23:48:59.999922,1,BAY01_2274_20260107_234736_000.7z
2026-01-07 23:49:00,-104.861231,-0.104861231,3.717065,-51.440587,-57.137709,768000,768000,1.000000000,1,2026-01-07 23:49:00.000000,2026-01-07 23:49:59.999922,1,BAY01_2274_20260107_234736_000.7z
2026-01-07 23:50:00,-98.406208,-0.098406208,3.729537,-48.238021,-53.897725,768000,768000,1.000000000,1,2026-01-07 23:50:00.000000,2026-01-07 23:50:59.999922,1,BAY01_2274_20260107_234736_000.7z
2026-01-07 23:51:00,-98.464767,-0.098464767,3.752467,-48.284760,-53.932473,768000,768000,1.000000000,1,2026-01-07 23:51:00.000000,2026-01-07 23:51:59.999922,1,BAY01_2274_20260107_234736_000.7z
2026-01-07 23:52:00,-98.407928,-0.098407928,3.733114,-48.222268,-53.918773,768000,768000,1.000000000,1,2026-01-07 23:52:00.000000,2026-01-07 23:52:59.999922,1,BAY01_2274_20260107_234736_000.7z
2026-01-07 23:53:00,-98.443454,-0.098443454,3.735007,-48.279750,-53.898711,768000,768000,1.000000000,1,2026-01-07 23:53:00.000000,2026-01-07 23:53:59.999922,1,BAY01_2274_20260107_234736_000.7z
2026-01-07 23:54:00,-98.618120,-0.098618120,3.758824,-48.393697,-53.983247,768000,768000,1.000000000,1,2026-01-07 23:54:00.000000,2026-01-07 23:54:59.999922,1,BAY01_2274_20260107_234736_000.7z
2026-01-07 23:55:00,-98.423697,-0.098423697,3.729041,-48.267294,-53.885445,768000,768000,1.000000000,1,2026-01-07 23:55:00.000000,2026-01-07 23:55:59.999922,1,BAY01_2274_20260107_234736_000.7z
2026-01-07 23:56:00,-100.645875,-0.100645875,3.755749,-49.384850,-55.016774,768000,768000,1.000000000,1,2026-01-07 23:56:00.000000,2026-01-07 23:56:59.999922,1,BAY01_2274_20260107_234736_000.7z
2026-01-07 23:57:00,-104.600617,-0.104600617,3.758368,-51.355460,-57.003525,678541,768000,0.883516927,0,2026-01-07 23:57:00.000000,2026-01-07 23:57:59.999922,2,BAY01_2274_20260107_234736_000.7z;BAY01_2275_20260107_235743_000.7z
2026-01-07 23:58:00,-118.187865,-0.118187865,3.749560,-58.182964,-63.754461,768000,768000,1.000000000,1,2026-01-07 23:58:00.000000,2026-01-07 23:58:59.999922,1,BAY01_2275_20260107_235743_000.7z
2026-01-07 23:59:00,-107.688942,-0.107688942,3.728402,-52.911463,-58.505881,768000,768000,1.000000000,1,2026-01-07 23:59:00.000000,2026-01-07 23:59:59.999922,1,BAY01_2275_20260107_235743_000.7z
2026-01-08 00:00:00,-98.351091,-0.098351091,3.738850,-48.248070,-53.841871,768000,768000,1.000000000,1,2026-01-08 00:00:00.000000,2026-01-08 00:00:59.999922,1,BAY01_2275_20260107_235743_000.7z
2026-01-08 00:01:00,-98.429318,-0.098429318,3.752939,-48.270306,-53.911950,768000,768000,1.000000000,1,2026-01-08 00:01:00.000000,2026-01-08 00:01:59.999922,1,BAY01_2275_20260107_235743_000.7z
2026-01-08 00:02:00,-98.556698,-0.098556698,3.775791,-48.342032,-53.990457,768000,768000,1.000000000,1,2026-01-08 00:02:00.000000,2026-01-08 00:02:59.999922,1,BAY01_2275_20260107_235743_000.7z
2026-01-08 00:03:00,-98.506440,-0.098506440,3.727272,-48.283595,-53.950117,768000,768000,1.000000000,1,2026-01-08 00:03:00.000000,2026-01-08 00:03:59.999922,1,BAY01_2275_20260107_235743_000.7z
2026-01-08 00:04:00,-98.390451,-0.098390451,3.757915,-48.226942,-53.921424,768000,768000,1.000000000,1,2026-01-08 00:04:00.000000,2026-01-08 00:04:59.999922,1,BAY01_2275_20260107_235743_000.7z
2026-01-08 00:05:00,-100.581179,-0.100581179,3.753326,-49.330308,-55.004196,768000,768000,1.000000000,1,2026-01-08 00:05:00.000000,2026-01-08 00:05:59.999922,1,BAY01_2275_20260107_235743_000.7z
2026-01-08 00:06:00,-100.379821,-0.100379821,3.768956,-49.230040,-54.918738,768000,768000,1.000000000,1,2026-01-08 00:06:00.000000,2026-01-08 00:06:59.999922,1,BAY01_2275_20260107_235743_000.7z
2026-01-08 00:07:00,-102.239556,-0.102239556,3.796415,-50.179550,-55.856421,704091,768000,0.916785156,0,2026-01-08 00:07:00.000000,2026-01-08 00:07:59.999922,2,BAY01_2275_20260107_235743_000.7z;BAY01_2276_20260108_000748_000.7z
2026-01-08 00:08:00,-117.996651,-0.117996651,3.741052,-58.069372,-63.668332,768000,768000,1.000000000,1,2026-01-08 00:08:00.000000,2026-01-08 00:08:59.999922,1,BAY01_2276_20260108_000748_000.7z
2026-01-08 00:09:00,-109.082190,-0.109082190,3.743207,-53.624537,-59.200860,768000,768000,1.000000000,1,2026-01-08 00:09:00.000000,2026-01-08 00:09:59.999922,1,BAY01_2276_20260108_000748_000.7z
2026-01-08 00:10:00,-98.264185,-0.098264185,3.731639,-48.191512,-53.804313,768000,768000,1.000000000,1,2026-01-08 00:10:00.000000,2026-01-08 00:10:59.999922,1,BAY01_2276_20260108_000748_000.7z
2026-01-08 00:11:00,-98.102260,-0.098102260,3.749116,-48.101206,-53.750170,768000,768000,1.000000000,1,2026-01-08 00:11:00.000000,2026-01-08 00:11:59.999922,1,BAY01_2276_20260108_000748_000.7z
2026-01-08 00:12:00,-98.127026,-0.098127026,3.770163,-48.157870,-53.739319,768000,768000,1.000000000,1,2026-01-08 00:12:00.000000,2026-01-08 00:12:59.999922,1,BAY01_2276_20260108_000748_000.7z
2026-01-08 00:13:00,-98.201142,-0.098201142,3.760692,-48.225355,-53.736479,768000,768000,1.000000000,1,2026-01-08 00:13:00.000000,2026-01-08 00:13:59.999922,1,BAY01_2276_20260108_000748_000.7z
2026-01-08 00:14:00,-98.318274,-0.098318274,3.738091,-48.287436,-53.768929,768000,768000,1.000000000,1,2026-01-08 00:14:00.000000,2026-01-08 00:14:59.999922,1,BAY01_2276_20260108_000748_000.7z
2026-01-08 00:15:00,-98.083887,-0.098083887,3.753141,-48.192346,-53.644682,768000,768000,1.000000000,1,2026-01-08 00:15:00.000000,2026-01-08 00:15:59.999922,1,BAY01_2276_20260108_000748_000.7z
2026-01-08 00:16:00,-100.517653,-0.100517653,3.742783,-49.308130,-54.952306,768000,768000,1.000000000,1,2026-01-08 00:16:00.000000,2026-01-08 00:16:59.999922,1,BAY01_2276_20260108_000748_000.7z
2026-01-08 00:17:00,-100.904850,-0.100904850,3.790940,-49.549188,-55.146602,704115,768000,0.916816406,0,2026-01-08 00:17:00.000000,2026-01-08 00:17:59.999922,2,BAY01_2276_20260108_000748_000.7z;BAY01_2277_20260108_001753_000.7z
2026-01-08 00:18:00,-117.874232,-0.117874232,3.743045,-58.044265,-63.573013,768000,768000,1.000000000,1,2026-01-08 00:18:00.000000,2026-01-08 00:18:59.999922,1,BAY01_2277_20260108_001753_000.7z
2026-01-08 00:19:00,-111.324932,-0.111324932,3.739197,-54.770261,-60.293867,768000,768000,1.000000000,1,2026-01-08 00:19:00.000000,2026-01-08 00:19:59.999922,1,BAY01_2277_20260108_001753_000.7z
2026-01-08 00:20:00,-98.329117,-0.098329117,3.746773,-48.190056,-53.885834,768000,768000,1.000000000,1,2026-01-08 00:20:00.000000,2026-01-08 00:20:59.999922,1,BAY01_2277_20260108_001753_000.7z
2026-01-08 00:21:00,-98.341794,-0.098341794,3.740171,-48.208669,-53.873296,768000,768000,1.000000000,1,2026-01-08 00:21:00.000000,2026-01-08 00:21:59.999922,1,BAY01_2277_20260108_001753_000.7z
2026-01-08 00:22:00,-98.244276,-0.098244276,3.789451,-48.185792,-53.847935,768000,768000,1.000000000,1,2026-01-08 00:22:00.000000,2026-01-08 00:22:59.999922,1,BAY01_2277_20260108_001753_000.7z
2026-01-08 00:23:00,-98.464548,-0.098464548,3.744166,-48.262151,-53.946563,768000,768000,1.000000000,1,2026-01-08 00:23:00.000000,2026-01-08 00:23:59.999922,1,BAY01_2277_20260108_001753_000.7z
2026-01-08 00:24:00,-98.175582,-0.098175582,3.729297,-48.171899,-53.732980,768000,768000,1.000000000,1,2026-01-08 00:24:00.000000,2026-01-08 00:24:59.999922,1,BAY01_2277_20260108_001753_000.7z
2026-01-08 00:25:00,-98.325002,-0.098325002,3.738984,-48.270200,-53.793785,768000,768000,1.000000000,1,2026-01-08 00:25:00.000000,2026-01-08 00:25:59.999922,1,BAY01_2277_20260108_001753_000.7z
2026-01-08 00:26:00,-100.898871,-0.100898871,3.730512,-49.537009,-55.092374,768000,768000,1.000000000,1,2026-01-08 00:26:00.000000,2026-01-08 00:26:59.999922,1,BAY01_2277_20260108_001753_000.7z
2026-01-08 00:27:00,-99.213200,-0.099213200,3.785342,-48.639565,-54.358976,716921,768000,0.933490885,0,2026-01-08 00:27:00.000000,2026-01-08 00:27:59.999922,2,BAY01_2277_20260108_001753_000.7z;BAY01_2278_20260108_002757_000.7z
2026-01-08 00:28:00,-117.800666,-0.117800666,3.734204,-57.961291,-63.573580,768000,768000,1.000000000,1,2026-01-08 00:28:00.000000,2026-01-08 00:28:59.999922,1,BAY01_2278_20260108_002757_000.7z
2026-01-08 00:29:00,-111.693849,-0.111693849,3.672721,-54.904191,-60.462380,768000,768000,1.000000000,1,2026-01-08 00:29:00.000000,2026-01-08 00:29:59.999922,1,BAY01_2278_20260108_002757_000.7z
2026-01-08 00:30:00,-98.165129,-0.098165129,3.751811,-48.146869,-53.770071,768000,768000,1.000000000,1,2026-01-08 00:30:00.000000,2026-01-08 00:30:59.999922,1,BAY01_2278_20260108_002757_000.7z
2026-01-08 00:31:00,-98.217979,-0.098217979,3.735844,-48.186825,-53.766998,768000,768000,1.000000000,1,2026-01-08 00:31:00.000000,2026-01-08 00:31:59.999922,1,BAY01_2278_20260108_002757_000.7z
2026-01-08 00:32:00,-98.255118,-0.098255118,3.748640,-48.169773,-53.833985,768000,768000,1.000000000,1,2026-01-08 00:32:00.000000,2026-01-08 00:32:59.999922,1,BAY01_2278_20260108_002757_000.7z
2026-01-08 00:33:00,-98.413539,-0.098413539,3.735810,-48.223099,-53.926249,768000,768000,1.000000000,1,2026-01-08 00:33:00.000000,2026-01-08 00:33:59.999922,1,BAY01_2278_20260108_002757_000.7z
2026-01-08 00:34:00,-98.251593,-0.098251593,3.738192,-48.136028,-53.853757,768000,768000,1.000000000,1,2026-01-08 00:34:00.000000,2026-01-08 00:34:59.999922,1,BAY01_2278_20260108_002757_000.7z
2026-01-08 00:35:00,-100.590023,-0.100590023,3.736762,-49.272006,-55.054780,768000,768000,1.000000000,1,2026-01-08 00:35:00.000000,2026-01-08 00:35:59.999922,1,BAY01_2278_20260108_002757_000.7z
2026-01-08 00:36:00,-100.629330,-0.100629330,3.756392,-49.338138,-55.047584,768000,768000,1.000000000,1,2026-01-08 00:36:00.000000,2026-01-08 00:36:59.999922,1,BAY01_2278_20260108_002757_000.7z
2026-01-08 00:37:00,-98.493069,-0.098493069,3.778446,-48.231249,-54.040266,729649,768000,0.950063802,0,2026-01-08 00:37:00.000000,2026-01-08 00:37:57.003750,1,BAY01_2278_20260108_002757_000.7z
2026-01-08 00:38:00,-117.592587,-0.117592587,3.732164,-57.832423,-63.492328,704000,768000,0.916666667,0,2026-01-08 00:38:05.000000,2026-01-08 00:38:59.999922,1,BAY01_2279_20260108_003805_000.7z
2026-01-08 00:39:00,-114.225300,-0.114225300,3.742501,-56.167473,-61.800328,768000,768000,1.000000000,1,2026-01-08 00:39:00.000000,2026-01-08 00:39:59.999922,1,BAY01_2279_20260108_003805_000.7z
2026-01-08 00:40:00,-98.222425,-0.098222425,3.729002,-48.148122,-53.803305,768000,768000,1.000000000,1,2026-01-08 00:40:00.000000,2026-01-08 00:40:59.999922,1,BAY01_2279_20260108_003805_000.7z
2026-01-08 00:41:00,-98.236521,-0.098236521,3.757355,-48.154828,-53.839048,768000,768000,1.000000000,1,2026-01-08 00:41:00.000000,2026-01-08 00:41:59.999922,1,BAY01_2279_20260108_003805_000.7z
2026-01-08 00:42:00,-98.198557,-0.098198557,3.746234,-48.114992,-53.829798,768000,768000,1.000000000,1,2026-01-08 00:42:00.000000,2026-01-08 00:42:59.999922,1,BAY01_2279_20260108_003805_000.7z
2026-01-08 00:43:00,-98.183756,-0.098183756,3.735693,-48.139223,-53.780226,768000,768000,1.000000000,1,2026-01-08 00:43:00.000000,2026-01-08 00:43:59.999922,1,BAY01_2279_20260108_003805_000.7z
2026-01-08 00:44:00,-98.146460,-0.098146460,3.745142,-48.095267,-53.796335,768000,768000,1.000000000,1,2026-01-08 00:44:00.000000,2026-01-08 00:44:59.999922,1,BAY01_2279_20260108_003805_000.7z
2026-01-08 00:45:00,-98.105303,-0.098105303,3.735515,-48.055368,-53.785450,768000,768000,1.000000000,1,2026-01-08 00:45:00.000000,2026-01-08 00:45:59.999922,1,BAY01_2279_20260108_003805_000.7z
2026-01-08 00:46:00,-100.485450,-0.100485450,3.750104,-49.297407,-54.938147,768000,768000,1.000000000,1,2026-01-08 00:46:00.000000,2026-01-08 00:46:59.999922,1,BAY01_2279_20260108_003805_000.7z
2026-01-08 00:47:00,-98.157589,-0.098157589,3.753155,-48.144835,-53.765909,768000,768000,1.000000000,1,2026-01-08 00:47:00.000000,2026-01-08 00:47:59.999922,1,BAY01_2279_20260108_003805_000.7z
2026-01-08 00:48:00,-115.574340,-0.115574340,3.736909,-56.872312,-62.438937,691250,768000,0.900065104,0,2026-01-08 00:48:00.000000,2026-01-08 00:48:59.999922,2,BAY01_2279_20260108_003805_000.7z;BAY01_2280_20260108_004811_000.7z
2026-01-08 00:49:00,-116.209734,-0.116209734,3.724425,-57.212507,-62.721652,768000,768000,1.000000000,1,2026-01-08 00:49:00.000000,2026-01-08 00:49:59.999922,1,BAY01_2280_20260108_004811_000.7z
2026-01-08 00:50:00,-98.273326,-0.098273326,3.717810,-48.194298,-53.796838,768000,768000,1.000000000,1,2026-01-08 00:50:00.000000,2026-01-08 00:50:59.999922,1,BAY01_2280_20260108_004811_000.7z
2026-01-08 00:51:00,-97.904246,-0.097904246,3.742070,-48.026253,-53.620064,768000,768000,1.000000000,1,2026-01-08 00:51:00.000000,2026-01-08 00:51:59.999922,1,BAY01_2280_20260108_004811_000.7z
2026-01-08 00:52:00,-97.960781,-0.097960781,3.769188,-48.107061,-53.622908,768000,768000,1.000000000,1,2026-01-08 00:52:00.000000,2026-01-08 00:52:59.999922,1,BAY01_2280_20260108_004811_000.7z
2026-01-08 00:53:00,-98.181772,-0.098181772,3.726454,-48.161487,-53.746739,768000,768000,1.000000000,1,2026-01-08 00:53:00.000000,2026-01-08 00:53:59.999922,1,BAY01_2280_20260108_004811_000.7z
2026-01-08 00:54:00,-98.104656,-0.098104656,3.748114,-48.028163,-53.824606,768000,768000,1.000000000,1,2026-01-08 00:54:00.000000,2026-01-08 00:54:59.999922,1,BAY01_2280_20260108_004811_000.7z
2026-01-08 00:55:00,-98.156110,-0.098156110,3.712310,-48.094294,-53.774127,768000,768000,1.000000000,1,2026-01-08 00:55:00.000000,2026-01-08 00:55:59.999922,1,BAY01_2280_20260108_004811_000.7z
2026-01-08 00:56:00,-100.291814,-0.100291814,3.729484,-49.156958,-54.864340,768000,768000,1.000000000,1,2026-01-08 00:56:00.000000,2026-01-08 00:56:59.999922,1,BAY01_2280_20260108_004811_000.7z
2026-01-08 00:57:00,-97.927422,-0.097927422,3.796976,-47.982593,-53.741805,768000,768000,1.000000000,1,2026-01-08 00:57:00.000000,2026-01-08 00:57:59.999922,1,BAY01_2280_20260108_004811_000.7z
2026-01-08 00:58:00,-112.439651,-0.112439651,3.727289,-55.221950,-60.944991,691333,768000,0.900173177,0,2026-01-08 00:58:00.000000,2026-01-08 00:58:59.999922,2,BAY01_2280_20260108_004811_000.7z;BAY01_2281_20260108_005817_000.7z
2026-01-08 00:59:00,-118.171551,-0.118171551,3.726969,-58.126162,-63.772359,768000,768000,1.000000000,1,2026-01-08 00:59:00.000000,2026-01-08 00:59:59.999922,1,BAY01_2281_20260108_005817_000.7z
2026-01-08 01:00:00,-98.571898,-0.098571898,3.748420,-48.288577,-54.031741,768000,768000,1.000000000,1,2026-01-08 01:00:00.000000,2026-01-08 01:00:59.999922,1,BAY01_2281_20260108_005817_000.7z
2026-01-08 01:01:00,-98.017351,-0.098017351,3.744527,-48.000875,-53.761003,768000,768000,1.000000000,1,2026-01-08 01:01:00.000000,2026-01-08 01:01:59.999922,1,BAY01_2281_20260108_005817_000.7z
2026-01-08 01:02:00,-98.079821,-0.098079821,3.786516,-48.057956,-53.808381,768000,768000,1.000000000,1,2026-01-08 01:02:00.000000,2026-01-08 01:02:59.999922,1,BAY01_2281_20260108_005817_000.7z
2026-01-08 01:03:00,-98.147619,-0.098147619,3.724969,-48.033379,-53.839210,768000,768000,1.000000000,1,2026-01-08 01:03:00.000000,2026-01-08 01:03:59.999922,1,BAY01_2281_20260108_005817_000.7z
2026-01-08 01:04:00,-97.877881,-0.097877881,3.738169,-47.881708,-53.734342,768000,768000,1.000000000,1,2026-01-08 01:04:00.000000,2026-01-08 01:04:59.999922,1,BAY01_2281_20260108_005817_000.7z
2026-01-08 01:05:00,-100.714801,-0.100714801,3.742785,-49.306953,-55.150633,768000,768000,1.000000000,1,2026-01-08 01:05:00.000000,2026-01-08 01:05:59.999922,1,BAY01_2281_20260108_005817_000.7z
2026-01-08 01:06:00,-100.394657,-0.100394657,3.720542,-49.078044,-55.037155,768000,768000,1.000000000,1,2026-01-08 01:06:00.000000,2026-01-08 01:06:59.999922,1,BAY01_2281_20260108_005817_000.7z
2026-01-08 01:07:00,-98.251042,-0.098251042,3.794832,-48.075939,-53.969935,768000,768000,1.000000000,1,2026-01-08 01:07:00.000000,2026-01-08 01:07:59.999922,1,BAY01_2281_20260108_005817_000.7z
2026-01-08 01:08:00,-110.125903,-0.110125903,3.712624,-54.068702,-59.769825,691341,768000,0.900183594,0,2026-01-08 01:08:00.000000,2026-01-08 01:08:59.999922,2,BAY01_2281_20260108_005817_000.7z;BAY01_2282_20260108_010823_000.7z
2026-01-08 01:09:00,-117.328890,-0.117328890,3.718164,-57.666142,-63.380913,768000,768000,1.000000000,1,2026-01-08 01:09:00.000000,2026-01-08 01:09:59.999922,1,BAY01_2282_20260108_010823_000.7z
2026-01-08 01:10:00,-101.842475,-0.101842475,3.744582,-49.943288,-55.643769,768000,768000,1.000000000,1,2026-01-08 01:10:00.000000,2026-01-08 01:10:59.999922,1,BAY01_2282_20260108_010823_000.7z
2026-01-08 01:11:00,-98.308680,-0.098308680,3.734874,-48.138729,-53.904824,768000,768000,1.000000000,1,2026-01-08 01:11:00.000000,2026-01-08 01:11:59.999922,1,BAY01_2282_20260108_010823_000.7z
2026-01-08 01:12:00,-98.488043,-0.098488043,3.783131,-48.235895,-54.035279,768000,768000,1.000000000,1,2026-01-08 01:12:00.000000,2026-01-08 01:12:59.999922,1,BAY01_2282_20260108_010823_000.7z
2026-01-08 01:13:00,-98.530113,-0.098530113,3.741957,-48.233969,-54.038100,768000,768000,1.000000000,1,2026-01-08 01:13:00.000000,2026-01-08 01:13:59.999922,1,BAY01_2282_20260108_010823_000.7z
2026-01-08 01:14:00,-98.292705,-0.098292705,3.732791,-48.107485,-53.918012,768000,768000,1.000000000,1,2026-01-08 01:14:00.000000,2026-01-08 01:14:59.999922,1,BAY01_2282_20260108_010823_000.7z
2026-01-08 01:15:00,-98.069517,-0.098069517,3.726304,-47.998643,-53.797178,768000,768000,1.000000000,1,2026-01-08 01:15:00.000000,2026-01-08 01:15:59.999922,1,BAY01_2282_20260108_010823_000.7z
2026-01-08 01:16:00,-99.954337,-0.099954337,3.751734,-48.954370,-54.751702,768000,768000,1.000000000,1,2026-01-08 01:16:00.000000,2026-01-08 01:16:59.999922,1,BAY01_2282_20260108_010823_000.7z
2026-01-08 01:17:00,-97.913648,-0.097913648,3.770837,-47.947707,-53.736779,768000,768000,1.000000000,1,2026-01-08 01:17:00.000000,2026-01-08 01:17:59.999922,1,BAY01_2282_20260108_010823_000.7z
2026-01-08 01:18:00,-107.298402,-0.107298402,3.728411,-52.638543,-58.388270,678475,768000,0.883430990,0,2026-01-08 01:18:00.000000,2026-01-08 01:18:59.999922,2,BAY01_2282_20260108_010823_000.7z;BAY01_2283_20260108_011830_000.7z
2026-01-08 01:19:00,-117.602128,-0.117602128,3.726208,-57.832587,-63.495750,768000,768000,1.000000000,1,2026-01-08 01:19:00.000000,2026-01-08 01:19:59.999922,1,BAY01_2283_20260108_011830_000.7z
2026-01-08 01:20:00,-103.141263,-0.103141263,3.741306,-50.584980,-56.297588,768000,768000,1.000000000,1,2026-01-08 01:20:00.000000,2026-01-08 01:20:59.999922,1,BAY01_2283_20260108_011830_000.7z
2026-01-08 01:21:00,-98.115973,-0.098115973,3.723351,-48.066880,-53.772444,768000,768000,1.000000000,1,2026-01-08 01:21:00.000000,2026-01-08 01:21:59.999922,1,BAY01_2283_20260108_011830_000.7z
2026-01-08 01:22:00,-97.940008,-0.097940008,3.766156,-47.951649,-53.754515,768000,768000,1.000000000,1,2026-01-08 01:22:00.000000,2026-01-08 01:22:59.999922,1,BAY01_2283_20260108_011830_000.7z
2026-01-08 01:23:00,-98.203312,-0.098203312,3.744963,-48.077323,-53.870952,768000,768000,1.000000000,1,2026-01-08 01:23:00.000000,2026-01-08 01:23:59.999922,1,BAY01_2283_20260108_011830_000.7z
2026-01-08 01:24:00,-98.114078,-0.098114078,3.739071,-48.071275,-53.781874,768000,768000,1.000000000,1,2026-01-08 01:24:00.000000,2026-01-08 01:24:59.999922,1,BAY01_2283_20260108_011830_000.7z
2026-01-08 01:25:00,-97.996083,-0.097996083,3.715940,-48.037659,-53.674363,768000,768000,1.000000000,1,2026-01-08 01:25:00.000000,2026-01-08 01:25:59.999922,1,BAY01_2283_20260108_011830_000.7z
2026-01-08 01:26:00,-98.978429,-0.098978429,3.738459,-48.487529,-54.229360,768000,768000,1.000000000,1,2026-01-08 01:26:00.000000,2026-01-08 01:26:59.999922,1,BAY01_2283_20260108_011830_000.7z
2026-01-08 01:27:00,-98.034135,-0.098034135,3.774947,-48.089219,-53.719863,768000,768000,1.000000000,1,2026-01-08 01:27:00.000000,2026-01-08 01:27:59.999922,1,BAY01_2283_20260108_011830_000.7z
2026-01-08 01:28:00,-106.746991,-0.106746991,3.744583,-52.445013,-58.046562,691302,768000,0.900132812,0,2026-01-08 01:28:00.000000,2026-01-08 01:28:59.999922,2,BAY01_2283_20260108_011830_000.7z;BAY01_2284_20260108_012836_000.7z
2026-01-08 01:29:00,-117.591164,-0.117591164,3.739343,-57.870938,-63.459569,768000,768000,1.000000000,1,2026-01-08 01:29:00.000000,2026-01-08 01:29:59.999922,1,BAY01_2284_20260108_012836_000.7z
2026-01-08 01:30:00,-105.024584,-0.105024584,3.733562,-51.543808,-57.214338,768000,768000,1.000000000,1,2026-01-08 01:30:00.000000,2026-01-08 01:30:59.999922,1,BAY01_2284_20260108_012836_000.7z
2026-01-08 01:31:00,-98.371446,-0.098371446,3.716704,-48.205939,-53.882212,768000,768000,1.000000000,1,2026-01-08 01:31:00.000000,2026-01-08 01:31:59.999922,1,BAY01_2284_20260108_012836_000.7z
2026-01-08 01:32:00,-98.326850,-0.098326850,3.739861,-48.216634,-53.850077,768000,768000,1.000000000,1,2026-01-08 01:32:00.000000,2026-01-08 01:32:59.999922,1,BAY01_2284_20260108_012836_000.7z
2026-01-08 01:33:00,-100.564246,-0.100564246,3.741179,-49.325458,-54.979967,768000,768000,1.000000000,1,2026-01-08 01:33:00.000000,2026-01-08 01:33:59.999922,1,BAY01_2284_20260108_012836_000.7z
2026-01-08 01:34:00,-98.486963,-0.098486963,3.734841,-48.247133,-53.974671,768000,768000,1.000000000,1,2026-01-08 01:34:00.000000,2026-01-08 01:34:59.999922,1,BAY01_2284_20260108_012836_000.7z
2026-01-08 01:35:00,-101.016077,-0.101016077,3.750606,-49.503265,-55.263418,768000,768000,1.000000000,1,2026-01-08 01:35:00.000000,2026-01-08 01:35:59.999922,1,BAY01_2284_20260108_012836_000.7z
2026-01-08 01:36:00,-98.216147,-0.098216147,3.722457,-48.105938,-53.832666,768000,768000,1.000000000,1,2026-01-08 01:36:00.000000,2026-01-08 01:36:59.999922,1,BAY01_2284_20260108_012836_000.7z
2026-01-08 01:37:00,-98.228722,-0.098228722,3.739473,-48.125663,-53.842531,768000,768000,1.000000000,1,2026-01-08 01:37:00.000000,2026-01-08 01:37:59.999922,1,BAY01_2284_20260108_012836_000.7z
2026-01-08 01:38:00,-104.074517,-0.104074517,3.737107,-51.083050,-56.728574,665710,768000,0.866809896,0,2026-01-08 01:38:00.000000,2026-01-08 01:38:59.999922,2,BAY01_2284_20260108_012836_000.7z;BAY01_2285_20260108_013844_000.7z
2026-01-08 01:39:00,-117.643978,-0.117643978,3.731667,-57.857920,-63.517725,768000,768000,1.000000000,1,2026-01-08 01:39:00.000000,2026-01-08 01:39:59.999922,1,BAY01_2285_20260108_013844_000.7z
2026-01-08 01:40:00,-107.510768,-0.107510768,3.728744,-52.777323,-58.462189,768000,768000,1.000000000,1,2026-01-08 01:40:00.000000,2026-01-08 01:40:59.999922,1,BAY01_2285_20260108_013844_000.7z
2026-01-08 01:41:00,-98.387193,-0.098387193,3.754163,-48.158953,-53.982403,768000,768000,1.000000000,1,2026-01-08 01:41:00.000000,2026-01-08 01:41:59.999922,1,BAY01_2285_20260108_013844_000.7z
2026-01-08 01:42:00,-98.440493,-0.098440493,3.728634,-48.199031,-53.970096,768000,768000,1.000000000,1,2026-01-08 01:42:00.000000,2026-01-08 01:42:59.999922,1,BAY01_2285_20260108_013844_000.7z
2026-01-08 01:43:00,-98.383872,-0.098383872,3.775540,-48.170913,-53.988499,768000,768000,1.000000000,1,2026-01-08 01:43:00.000000,2026-01-08 01:43:59.999922,1,BAY01_2285_20260108_013844_000.7z
2026-01-08 01:44:00,-98.330995,-0.098330995,3.740597,-48.185196,-53.886397,768000,768000,1.000000000,1,2026-01-08 01:44:00.000000,2026-01-08 01:44:59.999922,1,BAY01_2285_20260108_013844_000.7z
2026-01-08 01:45:00,-98.214649,-0.098214649,3.742372,-48.112531,-53.844490,768000,768000,1.000000000,1,2026-01-08 01:45:00.000000,2026-01-08 01:45:59.999922,1,BAY01_2285_20260108_013844_000.7z
2026-01-08 01:46:00,-99.540563,-0.099540563,3.727226,-48.799062,-54.468727,768000,768000,1.000000000,1,2026-01-08 01:46:00.000000,2026-01-08 01:46:59.999922,1,BAY01_2285_20260108_013844_000.7z
2026-01-08 01:47:00,-98.082343,-0.098082343,3.741911,-48.027307,-53.796947,768000,768000,1.000000000,1,2026-01-08 01:47:00.000000,2026-01-08 01:47:59.999922,1,BAY01_2285_20260108_013844_000.7z
2026-01-08 01:48:00,-101.599564,-0.101599564,3.783062,-49.829036,-55.553591,691222,768000,0.900028646,0,2026-01-08 01:48:00.000000,2026-01-08 01:48:59.999922,2,BAY01_2285_20260108_013844_000.7z;BAY01_2286_20260108_014850_000.7z
2026-01-08 01:49:00,-118.192728,-0.118192728,3.742714,-58.132171,-63.803271,768000,768000,1.000000000,1,2026-01-08 01:49:00.000000,2026-01-08 01:49:59.999922,1,BAY01_2286_20260108_014850_000.7z
2026-01-08 01:50:00,-109.705911,-0.109705911,3.731492,-53.874410,-59.562992,768000,768000,1.000000000,1,2026-01-08 01:50:00.000000,2026-01-08 01:50:59.999922,1,BAY01_2286_20260108_014850_000.7z
2026-01-08 01:51:00,-98.412084,-0.098412084,3.730368,-48.157236,-53.985216,768000,768000,1.000000000,1,2026-01-08 01:51:00.000000,2026-01-08 01:51:59.999922,1,BAY01_2286_20260108_014850_000.7z
2026-01-08 01:52:00,-98.307744,-0.098307744,3.754354,-48.078081,-53.984016,768000,768000,1.000000000,1,2026-01-08 01:52:00.000000,2026-01-08 01:52:59.999922,1,BAY01_2286_20260108_014850_000.7z
2026-01-08 01:53:00,-98.313989,-0.098313989,3.806673,-48.104761,-54.015901,768000,768000,1.000000000,1,2026-01-08 01:53:00.000000,2026-01-08 01:53:59.999922,1,BAY01_2286_20260108_014850_000.7z
2026-01-08 01:54:00,-98.275762,-0.098275762,3.753507,-48.066646,-53.962622,768000,768000,1.000000000,1,2026-01-08 01:54:00.000000,2026-01-08 01:54:59.999922,1,BAY01_2286_20260108_014850_000.7z
2026-01-08 01:55:00,-98.176280,-0.098176280,3.717025,-48.010320,-53.882985,768000,768000,1.000000000,1,2026-01-08 01:55:00.000000,2026-01-08 01:55:59.999922,1,BAY01_2286_20260108_014850_000.7z
2026-01-08 01:56:00,-100.454820,-0.100454820,3.737809,-49.186077,-55.006552,768000,768000,1.000000000,1,2026-01-08 01:56:00.000000,2026-01-08 01:56:59.999922,1,BAY01_2286_20260108_014850_000.7z
2026-01-08 01:57:00,-98.331334,-0.098331334,3.756373,-48.138987,-53.948720,768000,768000,1.000000000,1,2026-01-08 01:57:00.000000,2026-01-08 01:57:59.999922,1,BAY01_2286_20260108_014850_000.7z
2026-01-08 01:58:00,-99.439416,-0.099439416,3.784561,-48.718395,-54.505582,691315,768000,0.900149740,0,2026-01-08 01:58:00.000000,2026-01-08 01:58:59.999922,2,BAY01_2286_20260108_014850_000.7z;BAY01_2287_20260108_015856_000.7z
2026-01-08 01:59:00,-117.107630,-0.117107630,3.721363,-57.540279,-63.288714,768000,768000,1.000000000,1,2026-01-08 01:59:00.000000,2026-01-08 01:59:59.999922,1,BAY01_2287_20260108_015856_000.7z
2026-01-08 02:00:00,-111.638839,-0.111638839,3.729922,-54.842397,-60.526364,768000,768000,1.000000000,1,2026-01-08 02:00:00.000000,2026-01-08 02:00:59.999922,1,BAY01_2287_20260108_015856_000.7z
2026-01-08 02:01:00,-98.100732,-0.098100732,3.735066,-48.059011,-53.776787,768000,768000,1.000000000,1,2026-01-08 02:01:00.000000,2026-01-08 02:01:59.999922,1,BAY01_2287_20260108_015856_000.7z
2026-01-08 02:02:00,-98.093630,-0.098093630,3.745252,-48.030045,-53.808837,768000,768000,1.000000000,1,2026-01-08 02:02:00.000000,2026-01-08 02:02:59.999922,1,BAY01_2287_20260108_015856_000.7z
2026-01-08 02:03:00,-97.854442,-0.097854442,3.781984,-47.944388,-53.692039,768000,768000,1.000000000,1,2026-01-08 02:03:00.000000,2026-01-08 02:03:59.999922,1,BAY01_2287_20260108_015856_000.7z
2026-01-08 02:04:00,-97.887303,-0.097887303,3.734329,-47.954623,-53.667009,768000,768000,1.000000000,1,2026-01-08 02:04:00.000000,2026-01-08 02:04:59.999922,1,BAY01_2287_20260108_015856_000.7z
2026-01-08 02:05:00,-98.851868,-0.098851868,3.735290,-48.465394,-54.121764,768000,768000,1.000000000,1,2026-01-08 02:05:00.000000,2026-01-08 02:05:59.999922,1,BAY01_2287_20260108_015856_000.7z
2026-01-08 02:06:00,-100.260630,-0.100260630,3.747906,-49.117275,-54.891261,768000,768000,1.000000000,1,2026-01-08 02:06:00.000000,2026-01-08 02:06:59.999922,1,BAY01_2287_20260108_015856_000.7z
2026-01-08 02:07:00,-97.861109,-0.097861109,3.751967,-47.909382,-53.703694,768000,768000,1.000000000,1,2026-01-08 02:07:00.000000,2026-01-08 02:07:59.999922,1,BAY01_2287_20260108_015856_000.7z
2026-01-08 02:08:00,-97.901916,-0.097901916,3.764323,-47.966975,-53.699264,716808,768000,0.933343750,0,2026-01-08 02:08:00.000000,2026-01-08 02:08:56.000547,1,BAY01_2287_20260108_015856_000.7z
2026-01-08 02:09:00,-117.614078,-0.117614078,3.738822,-57.829067,-63.523833,755200,768000,0.983333333,0,2026-01-08 02:09:01.000000,2026-01-08 02:09:59.999922,1,BAY01_2288_20260108_020901_000.7z
2026-01-08 02:10:00,-113.710098,-0.113710098,3.749956,-55.881614,-61.578440,768000,768000,1.000000000,1,2026-01-08 02:10:00.000000,2026-01-08 02:10:59.999922,1,BAY01_2288_20260108_020901_000.7z
2026-01-08 02:11:00,-98.029097,-0.098029097,3.746606,-48.083899,-53.691804,768000,768000,1.000000000,1,2026-01-08 02:11:00.000000,2026-01-08 02:11:59.999922,1,BAY01_2288_20260108_020901_000.7z
2026-01-08 02:12:00,-98.158386,-0.098158386,3.754598,-48.123568,-53.789416,768000,768000,1.000000000,1,2026-01-08 02:12:00.000000,2026-01-08 02:12:59.999922,1,BAY01_2288_20260108_020901_000.7z
2026-01-08 02:13:00,-97.939697,-0.097939697,3.761303,-47.978390,-53.722610,768000,768000,1.000000000,1,2026-01-08 02:13:00.000000,2026-01-08 02:13:59.999922,1,BAY01_2288_20260108_020901_000.7z
2026-01-08 02:14:00,-97.873666,-0.097873666,3.742991,-47.888510,-53.728147,768000,768000,1.000000000,1,2026-01-08 02:14:00.000000,2026-01-08 02:14:59.999922,1,BAY01_2288_20260108_020901_000.7z
2026-01-08 02:15:00,-97.622574,-0.097622574,3.735757,-47.780138,-53.578194,768000,768000,1.000000000,1,2026-01-08 02:15:00.000000,2026-01-08 02:15:59.999922,1,BAY01_2288_20260108_020901_000.7z
2026-01-08 02:16:00,-100.043806,-0.100043806,3.756937,-49.043405,-54.757338,768000,768000,1.000000000,1,2026-01-08 02:16:00.000000,2026-01-08 02:16:59.999922,1,BAY01_2288_20260108_020901_000.7z
2026-01-08 02:17:00,-97.543099,-0.097543099,3.742718,-47.734399,-53.551418,768000,768000,1.000000000,1,2026-01-08 02:17:00.000000,2026-01-08 02:17:59.999922,1,BAY01_2288_20260108_020901_000.7z
2026-01-08 02:18:00,-97.674635,-0.097674635,3.742317,-47.745360,-53.671592,768000,768000,1.000000000,1,2026-01-08 02:18:00.000000,2026-01-08 02:18:59.999922,1,BAY01_2288_20260108_020901_000.7z
2026-01-08 02:19:00,-116.719256,-0.116719256,3.711609,-57.327491,-63.103375,704113,768000,0.916813802,0,2026-01-08 02:19:00.000000,2026-01-08 02:19:59.999922,2,BAY01_2288_20260108_020901_000.7z;BAY01_2289_20260108_021906_000.7z
2026-01-08 02:20:00,-114.460063,-0.114460063,3.717877,-56.247580,-61.930360,768000,768000,1.000000000,1,2026-01-08 02:20:00.000000,2026-01-08 02:20:59.999922,1,BAY01_2289_20260108_021906_000.7z
2026-01-08 02:21:00,-97.800537,-0.097800537,3.758974,-47.892584,-53.666928,768000,768000,1.000000000,1,2026-01-08 02:21:00.000000,2026-01-08 02:21:59.999922,1,BAY01_2289_20260108_021906_000.7z
2026-01-08 02:22:00,-97.863548,-0.097863548,3.730156,-47.880578,-53.713127,768000,768000,1.000000000,1,2026-01-08 02:22:00.000000,2026-01-08 02:22:59.999922,1,BAY01_2289_20260108_021906_000.7z
2026-01-08 02:23:00,-97.737773,-0.097737773,3.761664,-47.857565,-53.641872,768000,768000,1.000000000,1,2026-01-08 02:23:00.000000,2026-01-08 02:23:59.999922,1,BAY01_2289_20260108_021906_000.7z
2026-01-08 02:24:00,-97.662296,-0.097662296,3.738478,-47.797019,-53.603754,768000,768000,1.000000000,1,2026-01-08 02:24:00.000000,2026-01-08 02:24:59.999922,1,BAY01_2289_20260108_021906_000.7z
2026-01-08 02:25:00,-97.893141,-0.097893141,3.747373,-47.959170,-53.681344,768000,768000,1.000000000,1,2026-01-08 02:25:00.000000,2026-01-08 02:25:59.999922,1,BAY01_2289_20260108_021906_000.7z
2026-01-08 02:26:00,-100.170546,-0.100170546,3.749529,-49.072903,-54.847172,768000,768000,1.000000000,1,2026-01-08 02:26:00.000000,2026-01-08 02:26:59.999922,1,BAY01_2289_20260108_021906_000.7z
2026-01-08 02:27:00,-97.836438,-0.097836438,3.738782,-47.913756,-53.661463,768000,768000,1.000000000,1,2026-01-08 02:27:00.000000,2026-01-08 02:27:59.999922,1,BAY01_2289_20260108_021906_000.7z
2026-01-08 02:28:00,-97.786852,-0.097786852,3.763481,-47.905315,-53.645018,768000,768000,1.000000000,1,2026-01-08 02:28:00.000000,2026-01-08 02:28:59.999922,1,BAY01_2289_20260108_021906_000.7z
2026-01-08 02:29:00,-115.081226,-0.115081226,3.711464,-56.583272,-62.209418,678420,768000,0.883359375,0,2026-01-08 02:29:00.000000,2026-01-08 02:29:59.999922,2,BAY01_2289_20260108_021906_000.7z;BAY01_2290_20260108_022913_000.7z
2026-01-08 02:30:00,-117.184814,-0.117184814,3.310482,-57.386852,-63.108444,768000,768000,1.000000000,1,2026-01-08 02:30:00.000000,2026-01-08 02:30:59.999922,1,BAY01_2290_20260108_022913_000.7z
2026-01-08 02:31:00,-98.267563,-0.098267563,3.718519,-48.136366,-53.849715,768000,768000,1.000000000,1,2026-01-08 02:31:00.000000,2026-01-08 02:31:59.999922,1,BAY01_2290_20260108_022913_000.7z
2026-01-08 02:32:00,-98.128242,-0.098128242,3.728178,-48.069634,-53.786785,768000,768000,1.000000000,1,2026-01-08 02:32:00.000000,2026-01-08 02:32:59.999922,1,BAY01_2290_20260108_022913_000.7z
2026-01-08 02:33:00,-97.696881,-0.097696881,3.774509,-47.948596,-53.522794,768000,768000,1.000000000,1,2026-01-08 02:33:00.000000,2026-01-08 02:33:59.999922,1,BAY01_2290_20260108_022913_000.7z
2026-01-08 02:34:00,-97.949767,-0.097949767,3.737452,-48.042465,-53.644754,768000,768000,1.000000000,1,2026-01-08 02:34:00.000000,2026-01-08 02:34:59.999922,1,BAY01_2290_20260108_022913_000.7z
2026-01-08 02:35:00,-100.150833,-0.100150833,3.738303,-49.115023,-54.774113,768000,768000,1.000000000,1,2026-01-08 02:35:00.000000,2026-01-08 02:35:59.999922,1,BAY01_2290_20260108_022913_000.7z
2026-01-08 02:36:00,-100.074037,-0.100074037,3.745893,-49.073039,-54.746890,768000,768000,1.000000000,1,2026-01-08 02:36:00.000000,2026-01-08 02:36:59.999922,1,BAY01_2290_20260108_022913_000.7z
2026-01-08 02:37:00,-97.747208,-0.097747208,3.747922,-47.909498,-53.585631,768000,768000,1.000000000,1,2026-01-08 02:37:00.000000,2026-01-08 02:37:59.999922,1,BAY01_2290_20260108_022913_000.7z
2026-01-08 02:38:00,-97.875108,-0.097875108,3.817683,-48.000458,-53.692333,768000,768000,1.000000000,1,2026-01-08 02:38:00.000000,2026-01-08 02:38:59.999922,1,BAY01_2290_20260108_022913_000.7z
2026-01-08 02:39:00,-112.690825,-0.112690825,3.701631,-55.371921,-61.020535,691303,768000,0.900134115,0,2026-01-08 02:39:00.000000,2026-01-08 02:39:59.999922,2,BAY01_2290_20260108_022913_000.7z;BAY01_2291_20260108_023919_000.7z
2026-01-08 02:40:00,-117.312298,-0.117312298,3.725696,-57.713802,-63.324191,768000,768000,1.000000000,1,2026-01-08 02:40:00.000000,2026-01-08 02:40:59.999922,1,BAY01_2291_20260108_023919_000.7z
2026-01-08 02:41:00,-99.313743,-0.099313743,3.750093,-48.691800,-54.372037,768000,768000,1.000000000,1,2026-01-08 02:41:00.000000,2026-01-08 02:41:59.999922,1,BAY01_2291_20260108_023919_000.7z
2026-01-08 02:42:00,-97.857988,-0.097857988,3.748183,-47.972148,-53.634023,768000,768000,1.000000000,1,2026-01-08 02:42:00.000000,2026-01-08 02:42:59.999922,1,BAY01_2291_20260108_023919_000.7z
2026-01-08 02:43:00,-97.722549,-0.097722549,3.789746,-47.887623,-53.624671,768000,768000,1.000000000,1,2026-01-08 02:43:00.000000,2026-01-08 02:43:59.999922,1,BAY01_2291_20260108_023919_000.7z
2026-01-08 02:44:00,-97.629294,-0.097629294,3.747458,-47.823231,-53.553521,768000,768000,1.000000000,1,2026-01-08 02:44:00.000000,2026-01-08 02:44:59.999922,1,BAY01_2291_20260108_023919_000.7z
2026-01-08 02:45:00,-97.659367,-0.097659367,3.753250,-47.830699,-53.581919,768000,768000,1.000000000,1,2026-01-08 02:45:00.000000,2026-01-08 02:45:59.999922,1,BAY01_2291_20260108_023919_000.7z
2026-01-08 02:46:00,-100.311613,-0.100311613,3.763451,-49.115574,-54.959489,768000,768000,1.000000000,1,2026-01-08 02:46:00.000000,2026-01-08 02:46:59.999922,1,BAY01_2291_20260108_023919_000.7z
2026-01-08 02:47:00,-97.742375,-0.097742375,3.756051,-47.803982,-53.694444,768000,768000,1.000000000,1,2026-01-08 02:47:00.000000,2026-01-08 02:47:59.999922,1,BAY01_2291_20260108_023919_000.7z
2026-01-08 02:48:00,-97.548720,-0.097548720,3.798120,-47.756795,-53.590045,768000,768000,1.000000000,1,2026-01-08 02:48:00.000000,2026-01-08 02:48:59.999922,1,BAY01_2291_20260108_023919_000.7z
2026-01-08 02:49:00,-109.786070,-0.109786070,3.711088,-53.869726,-59.627433,665656,768000,0.866739583,0,2026-01-08 02:49:00.000000,2026-01-08 02:49:59.999922,2,BAY01_2291_20260108_023919_000.7z;BAY01_2292_20260108_024927_000.7z
2026-01-08 02:50:00,-116.517803,-0.116517803,3.734093,-57.296219,-62.955677,768000,768000,1.000000000,1,2026-01-08 02:50:00.000000,2026-01-08 02:50:59.999922,1,BAY01_2292_20260108_024927_000.7z
2026-01-08 02:51:00,-101.522742,-0.101522742,3.743848,-49.793370,-55.473220,768000,768000,1.000000000,1,2026-01-08 02:51:00.000000,2026-01-08 02:51:59.999922,1,BAY01_2292_20260108_024927_000.7z
2026-01-08 02:52:00,-97.488103,-0.097488103,3.756018,-47.734999,-53.509121,768000,768000,1.000000000,1,2026-01-08 02:52:00.000000,2026-01-08 02:52:59.999922,1,BAY01_2292_20260108_024927_000.7z
2026-01-08 02:53:00,-97.719401,-0.097719401,3.786064,-47.848529,-53.656936,768000,768000,1.000000000,1,2026-01-08 02:53:00.000000,2026-01-08 02:53:59.999922,1,BAY01_2292_20260108_024927_000.7z
2026-01-08 02:54:00,-97.780523,-0.097780523,3.735303,-47.875017,-53.640810,768000,768000,1.000000000,1,2026-01-08 02:54:00.000000,2026-01-08 02:54:59.999922,1,BAY01_2292_20260108_024927_000.7z
2026-01-08 02:55:00,-97.642087,-0.097642087,3.747698,-47.832107,-53.557679,768000,768000,1.000000000,1,2026-01-08 02:55:00.000000,2026-01-08 02:55:59.999922,1,BAY01_2292_20260108_024927_000.7z
2026-01-08 02:56:00,-99.795311,-0.099795311,3.743435,-48.880613,-54.658134,768000,768000,1.000000000,1,2026-01-08 02:56:00.000000,2026-01-08 02:56:59.999922,1,BAY01_2292_20260108_024927_000.7z
2026-01-08 02:57:00,-97.603256,-0.097603256,3.752171,-47.787310,-53.568116,768000,768000,1.000000000,1,2026-01-08 02:57:00.000000,2026-01-08 02:57:59.999922,1,BAY01_2292_20260108_024927_000.7z
2026-01-08 02:58:00,-97.693190,-0.097693190,3.780936,-47.873515,-53.600611,768000,768000,1.000000000,1,2026-01-08 02:58:00.000000,2026-01-08 02:58:59.999922,1,BAY01_2292_20260108_024927_000.7z
2026-01-08 02:59:00,-107.255935,-0.107255935,3.721187,-52.668902,-58.308220,691207,768000,0.900009115,0,2026-01-08 02:59:00.000000,2026-01-08 02:59:59.999922,2,BAY01_2292_20260108_024927_000.7z;BAY01_2293_20260108_025933_000.7z
2026-01-08 03:00:00,-117.266443,-0.117266443,3.731410,-57.687837,-63.310016,768000,768000,1.000000000,1,2026-01-08 03:00:00.000000,2026-01-08 03:00:59.999922,1,BAY01_2293_20260108_025933_000.7z
2026-01-08 03:01:00,-103.544634,-0.103544634,3.744692,-50.801929,-56.487397,768000,768000,1.000000000,1,2026-01-08 03:01:00.000000,2026-01-08 03:01:59.999922,1,BAY01_2293_20260108_025933_000.7z
2026-01-08 03:02:00,-97.548665,-0.097548665,3.752038,-47.783786,-53.516918,768000,768000,1.000000000,1,2026-01-08 03:02:00.000000,2026-01-08 03:02:59.999922,1,BAY01_2293_20260108_025933_000.7z
2026-01-08 03:03:00,-97.551263,-0.097551263,3.751425,-47.745288,-53.557400,768000,768000,1.000000000,1,2026-01-08 03:03:00.000000,2026-01-08 03:03:59.999922,1,BAY01_2293_20260108_025933_000.7z
2026-01-08 03:04:00,-97.345915,-0.097345915,3.748040,-47.657448,-53.436507,768000,768000,1.000000000,1,2026-01-08 03:04:00.000000,2026-01-08 03:04:59.999922,1,BAY01_2293_20260108_025933_000.7z
2026-01-08 03:05:00,-100.062760,-0.100062760,3.732008,-49.045179,-54.749590,768000,768000,1.000000000,1,2026-01-08 03:05:00.000000,2026-01-08 03:05:59.999922,1,BAY01_2293_20260108_025933_000.7z
2026-01-08 03:06:00,-99.828538,-0.099828538,3.749979,-48.911316,-54.667201,768000,768000,1.000000000,1,2026-01-08 03:06:00.000000,2026-01-08 03:06:59.999922,1,BAY01_2293_20260108_025933_000.7z
2026-01-08 03:07:00,-97.480287,-0.097480287,3.746047,-47.778315,-53.448018,768000,768000,1.000000000,1,2026-01-08 03:07:00.000000,2026-01-08 03:07:59.999922,1,BAY01_2293_20260108_025933_000.7z
2026-01-08 03:08:00,-97.362293,-0.097362293,3.717930,-47.648355,-53.431867,768000,768000,1.000000000,1,2026-01-08 03:08:00.000000,2026-01-08 03:08:59.999922,1,BAY01_2293_20260108_025933_000.7z
2026-01-08 03:09:00,-104.503874,-0.104503874,3.735538,-51.259367,-56.980044,704056,768000,0.916739583,0,2026-01-08 03:09:00.000000,2026-01-08 03:09:59.999922,2,BAY01_2293_20260108_025933_000.7z;BAY01_2294_20260108_030938_000.7z
2026-01-08 03:10:00,-117.448226,-0.117448226,3.737002,-57.766690,-63.418538,768000,768000,1.000000000,1,2026-01-08 03:10:00.000000,2026-01-08 03:10:59.999922,1,BAY01_2294_20260108_030938_000.7z
2026-01-08 03:11:00,-105.673909,-0.105673909,3.724820,-51.888929,-57.509800,768000,768000,1.000000000,1,2026-01-08 03:11:00.000000,2026-01-08 03:11:59.999922,1,BAY01_2294_20260108_030938_000.7z
2026-01-08 03:12:00,-97.562252,-0.097562252,3.763869,-47.825916,-53.500205,768000,768000,1.000000000,1,2026-01-08 03:12:00.000000,2026-01-08 03:12:59.999922,1,BAY01_2294_20260108_030938_000.7z
2026-01-08 03:13:00,-97.515444,-0.097515444,3.759514,-47.831010,-53.443948,768000,768000,1.000000000,1,2026-01-08 03:13:00.000000,2026-01-08 03:13:59.999922,1,BAY01_2294_20260108_030938_000.7z
2026-01-08 03:14:00,-97.575945,-0.097575945,3.779238,-47.861413,-53.493771,768000,768000,1.000000000,1,2026-01-08 03:14:00.000000,2026-01-08 03:14:59.999922,1,BAY01_2294_20260108_030938_000.7z
2026-01-08 03:15:00,-97.433841,-0.097433841,3.751001,-47.773566,-53.411276,768000,768000,1.000000000,1,2026-01-08 03:15:00.000000,2026-01-08 03:15:59.999922,1,BAY01_2294_20260108_030938_000.7z
2026-01-08 03:16:00,-99.739581,-0.099739581,3.741441,-48.880077,-54.600944,768000,768000,1.000000000,1,2026-01-08 03:16:00.000000,2026-01-08 03:16:59.999922,1,BAY01_2294_20260108_030938_000.7z
2026-01-08 03:17:00,-97.591175,-0.097591175,3.732306,-47.746960,-53.576520,768000,768000,1.000000000,1,2026-01-08 03:17:00.000000,2026-01-08 03:17:59.999922,1,BAY01_2294_20260108_030938_000.7z
2026-01-08 03:18:00,-97.309757,-0.097309757,3.735107,-47.573975,-53.470889,768000,768000,1.000000000,1,2026-01-08 03:18:00.000000,2026-01-08 03:18:59.999922,1,BAY01_2294_20260108_030938_000.7z
2026-01-08 03:19:00,-102.133004,-0.102133004,3.777369,-50.026670,-55.883703,716883,768000,0.933441406,0,2026-01-08 03:19:00.000000,2026-01-08 03:19:59.999922,2,BAY01_2294_20260108_030938_000.7z;BAY01_2295_20260108_031942_000.7z
2026-01-08 03:20:00,-117.708315,-0.117708315,3.738490,-57.895416,-63.551389,768000,768000,1.000000000,1,2026-01-08 03:20:00.000000,2026-01-08 03:20:59.999922,1,BAY01_2295_20260108_031942_000.7z
2026-01-08 03:21:00,-107.124974,-0.107124974,3.735869,-52.564816,-58.296027,768000,768000,1.000000000,1,2026-01-08 03:21:00.000000,2026-01-08 03:21:59.999922,1,BAY01_2295_20260108_031942_000.7z
2026-01-08 03:22:00,-97.622890,-0.097622890,3.744569,-47.800396,-53.567062,768000,768000,1.000000000,1,2026-01-08 03:22:00.000000,2026-01-08 03:22:59.999922,1,BAY01_2295_20260108_031942_000.7z
2026-01-08 03:23:00,-97.353831,-0.097353831,3.729802,-47.645357,-53.438276,768000,768000,1.000000000,1,2026-01-08 03:23:00.000000,2026-01-08 03:23:59.999922,1,BAY01_2295_20260108_031942_000.7z
2026-01-08 03:24:00,-97.303764,-0.097303764,3.809726,-47.676402,-53.437089,768000,768000,1.000000000,1,2026-01-08 03:24:00.000000,2026-01-08 03:24:59.999922,1,BAY01_2295_20260108_031942_000.7z
2026-01-08 03:25:00,-97.515640,-0.097515640,3.746460,-47.752607,-53.509492,768000,768000,1.000000000,1,2026-01-08 03:25:00.000000,2026-01-08 03:25:59.999922,1,BAY01_2295_20260108_031942_000.7z
2026-01-08 03:26:00,-99.356450,-0.099356450,3.743647,-48.686459,-54.413639,768000,768000,1.000000000,1,2026-01-08 03:26:00.000000,2026-01-08 03:26:59.999922,1,BAY01_2295_20260108_031942_000.7z
2026-01-08 03:27:00,-97.171843,-0.097171843,3.758282,-47.597390,-53.332735,768000,768000,1.000000000,1,2026-01-08 03:27:00.000000,2026-01-08 03:27:59.999922,1,BAY01_2295_20260108_031942_000.7z
2026-01-08 03:28:00,-97.210855,-0.097210855,3.727786,-47.608705,-53.329936,768000,768000,1.000000000,1,2026-01-08 03:28:00.000000,2026-01-08 03:28:59.999922,1,BAY01_2295_20260108_031942_000.7z
2026-01-08 03:29:00,-99.688150,-0.099688150,3.767260,-48.841896,-54.613515,665697,768000,0.866792969,0,2026-01-08 03:29:00.000000,2026-01-08 03:29:59.999922,2,BAY01_2295_20260108_031942_000.7z;BAY01_2296_20260108_032950_000.7z
2026-01-08 03:30:00,-116.795781,-0.116795781,3.745600,-57.408743,-63.132638,768000,768000,1.000000000,1,2026-01-08 03:30:00.000000,2026-01-08 03:30:59.999922,1,BAY01_2296_20260108_032950_000.7z
2026-01-08 03:31:00,-108.849945,-0.108849945,3.755807,-53.435320,-59.170431,768000,768000,1.000000000,1,2026-01-08 03:31:00.000000,2026-01-08 03:31:59.999922,1,BAY01_2296_20260108_032950_000.7z
2026-01-08 03:32:00,-97.395430,-0.097395430,3.748092,-47.714565,-53.428957,768000,768000,1.000000000,1,2026-01-08 03:32:00.000000,2026-01-08 03:32:59.999922,1,BAY01_2296_20260108_032950_000.7z
2026-01-08 03:33:00,-97.359865,-0.097359865,3.725801,-47.656240,-53.429426,768000,768000,1.000000000,1,2026-01-08 03:33:00.000000,2026-01-08 03:33:59.999922,1,BAY01_2296_20260108_032950_000.7z
2026-01-08 03:34:00,-97.511387,-0.097511387,3.786266,-47.765531,-53.532122,768000,768000,1.000000000,1,2026-01-08 03:34:00.000000,2026-01-08 03:34:59.999922,1,BAY01_2296_20260108_032950_000.7z
2026-01-08 03:35:00,-99.604845,-0.099604845,3.733398,-48.785758,-54.552486,768000,768000,1.000000000,1,2026-01-08 03:35:00.000000,2026-01-08 03:35:59.999922,1,BAY01_2296_20260108_032950_000.7z
2026-01-08 03:36:00,-98.413348,-0.098413348,3.728355,-48.181532,-53.960171,768000,768000,1.000000000,1,2026-01-08 03:36:00.000000,2026-01-08 03:36:59.999922,1,BAY01_2296_20260108_032950_000.7z
2026-01-08 03:37:00,-97.363964,-0.097363964,3.754301,-47.665402,-53.452863,768000,768000,1.000000000,1,2026-01-08 03:37:00.000000,2026-01-08 03:37:59.999922,1,BAY01_2296_20260108_032950_000.7z
2026-01-08 03:38:00,-97.654385,-0.097654385,3.744390,-47.789529,-53.609245,768000,768000,1.000000000,1,2026-01-08 03:38:00.000000,2026-01-08 03:38:59.999922,1,BAY01_2296_20260108_032950_000.7z
2026-01-08 03:39:00,-98.380493,-0.098380493,3.784032,-48.195790,-53.968734,691279,768000,0.900102865,0,2026-01-08 03:39:00.000000,2026-01-08 03:39:59.999922,2,BAY01_2296_20260108_032950_000.7z;BAY01_2297_20260108_033956_000.7z
2026-01-08 03:40:00,-116.673347,-0.116673347,3.729017,-57.404813,-62.997551,768000,768000,1.000000000,1,2026-01-08 03:40:00.000000,2026-01-08 03:40:59.999922,1,BAY01_2297_20260108_033956_000.7z
2026-01-08 03:41:00,-111.122514,-0.111122514,3.740477,-54.600292,-60.262699,768000,768000,1.000000000,1,2026-01-08 03:41:00.000000,2026-01-08 03:41:59.999922,1,BAY01_2297_20260108_033956_000.7z
2026-01-08 03:42:00,-97.617046,-0.097617046,3.758407,-47.830787,-53.544666,768000,768000,1.000000000,1,2026-01-08 03:42:00.000000,2026-01-08 03:42:59.999922,1,BAY01_2297_20260108_033956_000.7z
2026-01-08 03:43:00,-97.396691,-0.097396691,3.742279,-47.678131,-53.460839,768000,768000,1.000000000,1,2026-01-08 03:43:00.000000,2026-01-08 03:43:59.999922,1,BAY01_2297_20260108_033956_000.7z
2026-01-08 03:44:00,-97.486422,-0.097486422,3.775676,-47.735660,-53.526437,768000,768000,1.000000000,1,2026-01-08 03:44:00.000000,2026-01-08 03:44:59.999922,1,BAY01_2297_20260108_033956_000.7z
2026-01-08 03:45:00,-97.261497,-0.097261497,3.740632,-47.586333,-53.415796,768000,768000,1.000000000,1,2026-01-08 03:45:00.000000,2026-01-08 03:45:59.999922,1,BAY01_2297_20260108_033956_000.7z
2026-01-08 03:46:00,-97.250655,-0.097250655,3.752488,-47.578473,-53.424669,768000,768000,1.000000000,1,2026-01-08 03:46:00.000000,2026-01-08 03:46:59.999922,1,BAY01_2297_20260108_033956_000.7z
2026-01-08 03:47:00,-97.263955,-0.097263955,3.731871,-47.605726,-53.390100,768000,768000,1.000000000,1,2026-01-08 03:47:00.000000,2026-01-08 03:47:59.999922,1,BAY01_2297_20260108_033956_000.7z
2026-01-08 03:48:00,-97.170243,-0.097170243,3.741125,-47.559848,-53.351519,768000,768000,1.000000000,1,2026-01-08 03:48:00.000000,2026-01-08 03:48:59.999922,1,BAY01_2297_20260108_033956_000.7z
2026-01-08 03:49:00,-97.453674,-0.097453674,3.759348,-47.687082,-53.525940,716931,768000,0.933503906,0,2026-01-08 03:49:00.000000,2026-01-08 03:49:56.010156,1,BAY01_2297_20260108_033956_000.7z
2026-01-08 03:50:00,-116.551204,-0.116551204,3.715989,-57.255803,-63.011390,742400,768000,0.966666667,0,2026-01-08 03:50:02.000000,2026-01-08 03:50:59.999922,1,BAY01_2298_20260108_035002_000.7z
2026-01-08 03:51:00,-112.683272,-0.112683272,3.753991,-55.333836,-61.103427,768000,768000,1.000000000,1,2026-01-08 03:51:00.000000,2026-01-08 03:51:59.999922,1,BAY01_2298_20260108_035002_000.7z
2026-01-08 03:52:00,-97.666086,-0.097666086,3.743867,-47.769317,-53.640636,768000,768000,1.000000000,1,2026-01-08 03:52:00.000000,2026-01-08 03:52:59.999922,1,BAY01_2298_20260108_035002_000.7z
2026-01-08 03:53:00,-97.300657,-0.097300657,3.756747,-47.605717,-53.451686,768000,768000,1.000000000,1,2026-01-08 03:53:00.000000,2026-01-08 03:53:59.999922,1,BAY01_2298_20260108_035002_000.7z
2026-01-08 03:54:00,-97.043756,-0.097043756,3.726865,-47.481420,-53.289202,768000,768000,1.000000000,1,2026-01-08 03:54:00.000000,2026-01-08 03:54:59.999922,1,BAY01_2298_20260108_035002_000.7z
2026-01-08 03:55:00,-97.275307,-0.097275307,3.738365,-47.607955,-53.405717,768000,768000,1.000000000,1,2026-01-08 03:55:00.000000,2026-01-08 03:55:59.999922,1,BAY01_2298_20260108_035002_000.7z
2026-01-08 03:56:00,-98.552348,-0.098552348,3.736882,-48.204427,-54.084803,768000,768000,1.000000000,1,2026-01-08 03:56:00.000000,2026-01-08 03:56:59.999922,1,BAY01_2298_20260108_035002_000.7z
2026-01-08 03:57:00,-97.362412,-0.097362412,3.748907,-47.679253,-53.432065,768000,768000,1.000000000,1,2026-01-08 03:57:00.000000,2026-01-08 03:57:59.999922,1,BAY01_2298_20260108_035002_000.7z
2026-01-08 03:58:00,-97.258298,-0.097258298,3.741257,-47.591146,-53.408409,768000,768000,1.000000000,1,2026-01-08 03:58:00.000000,2026-01-08 03:58:59.999922,1,BAY01_2298_20260108_035002_000.7z
2026-01-08 03:59:00,-97.170656,-0.097170656,3.748270,-47.544126,-53.374800,768000,768000,1.000000000,1,2026-01-08 03:59:00.000000,2026-01-08 03:59:59.999922,1,BAY01_2298_20260108_035002_000.7z
2026-01-08 04:00:00,-116.467574,-0.116467574,3.720309,-57.194191,-62.993693,678431,768000,0.883373698,0,2026-01-08 04:00:00.000000,2026-01-08 04:00:59.999922,2,BAY01_2298_20260108_035002_000.7z;BAY01_2299_20260108_040009_000.7z
2026-01-08 04:01:00,-115.536815,-0.115536815,3.720084,-56.770312,-62.486587,768000,768000,1.000000000,1,2026-01-08 04:01:00.000000,2026-01-08 04:01:59.999922,1,BAY01_2299_20260108_040009_000.7z
2026-01-08 04:02:00,-97.864079,-0.097864079,3.744547,-47.886364,-53.722261,768000,768000,1.000000000,1,2026-01-08 04:02:00.000000,2026-01-08 04:02:59.999922,1,BAY01_2299_20260108_040009_000.7z
2026-01-08 04:03:00,-97.476656,-0.097476656,3.725474,-47.687795,-53.514335,768000,768000,1.000000000,1,2026-01-08 04:03:00.000000,2026-01-08 04:03:59.999922,1,BAY01_2299_20260108_040009_000.7z
2026-01-08 04:04:00,-97.219361,-0.097219361,3.759855,-47.545954,-53.433262,768000,768000,1.000000000,1,2026-01-08 04:04:00.000000,2026-01-08 04:04:59.999922,1,BAY01_2299_20260108_040009_000.7z
2026-01-08 04:05:00,-100.503076,-0.100503076,3.744958,-49.183302,-55.064732,768000,768000,1.000000000,1,2026-01-08 04:05:00.000000,2026-01-08 04:05:59.999922,1,BAY01_2299_20260108_040009_000.7z
2026-01-08 04:06:00,-99.914062,-0.099914062,3.724563,-48.857222,-54.781403,768000,768000,1.000000000,1,2026-01-08 04:06:00.000000,2026-01-08 04:06:59.999922,1,BAY01_2299_20260108_040009_000.7z
2026-01-08 04:07:00,-97.301251,-0.097301251,3.725363,-47.566154,-53.460461,768000,768000,1.000000000,1,2026-01-08 04:07:00.000000,2026-01-08 04:07:59.999922,1,BAY01_2299_20260108_040009_000.7z
2026-01-08 04:08:00,-97.238841,-0.097238841,3.727840,-47.515627,-53.451053,768000,768000,1.000000000,1,2026-01-08 04:08:00.000000,2026-01-08 04:08:59.999922,1,BAY01_2299_20260108_040009_000.7z
2026-01-08 04:09:00,-97.145539,-0.097145539,3.783401,-47.520269,-53.408670,768000,768000,1.000000000,1,2026-01-08 04:09:00.000000,2026-01-08 04:09:59.999922,1,BAY01_2299_20260108_040009_000.7z
2026-01-08 04:10:00,-113.451428,-0.113451428,3.698274,-55.675084,-61.474618,678450,768000,0.883398438,0,2026-01-08 04:10:00.000000,2026-01-08 04:10:59.999922,2,BAY01_2299_20260108_040009_000.7z;BAY01_2300_20260108_041016_000.7z
2026-01-08 04:11:00,-116.984953,-0.116984953,3.744726,-57.557007,-63.172673,768000,768000,1.000000000,1,2026-01-08 04:11:00.000000,2026-01-08 04:11:59.999922,1,BAY01_2300_20260108_041016_000.7z
2026-01-08 04:12:00,-97.558508,-0.097558508,3.742474,-47.784251,-53.516730,768000,768000,1.000000000,1,2026-01-08 04:12:00.000000,2026-01-08 04:12:59.999922,1,BAY01_2300_20260108_041016_000.7z
2026-01-08 04:13:00,-97.213683,-0.097213683,3.733735,-47.546913,-53.400505,768000,768000,1.000000000,1,2026-01-08 04:13:00.000000,2026-01-08 04:13:59.999922,1,BAY01_2300_20260108_041016_000.7z
2026-01-08 04:14:00,-97.254432,-0.097254432,3.800218,-47.600307,-53.454343,768000,768000,1.000000000,1,2026-01-08 04:14:00.000000,2026-01-08 04:14:59.999922,1,BAY01_2300_20260108_041016_000.7z
2026-01-08 04:15:00,-97.433889,-0.097433889,3.741342,-47.713391,-53.461839,768000,768000,1.000000000,1,2026-01-08 04:15:00.000000,2026-01-08 04:15:59.999922,1,BAY01_2300_20260108_041016_000.7z
2026-01-08 04:16:00,-99.465313,-0.099465313,3.751685,-48.656071,-54.560928,768000,768000,1.000000000,1,2026-01-08 04:16:00.000000,2026-01-08 04:16:59.999922,1,BAY01_2300_20260108_041016_000.7z
2026-01-08 04:17:00,-97.315382,-0.097315382,3.751677,-47.596884,-53.470175,768000,768000,1.000000000,1,2026-01-08 04:17:00.000000,2026-01-08 04:17:59.999922,1,BAY01_2300_20260108_041016_000.7z
2026-01-08 04:18:00,-97.266209,-0.097266209,3.740770,-47.560746,-53.446233,768000,768000,1.000000000,1,2026-01-08 04:18:00.000000,2026-01-08 04:18:59.999922,1,BAY01_2300_20260108_041016_000.7z
2026-01-08 04:19:00,-97.470584,-0.097470584,3.787773,-47.729987,-53.528370,768000,768000,1.000000000,1,2026-01-08 04:19:00.000000,2026-01-08 04:19:59.999922,1,BAY01_2300_20260108_041016_000.7z
2026-01-08 04:20:00,-110.315361,-0.110315361,3.730980,-54.147525,-59.898816,691243,768000,0.900055990,0,2026-01-08 04:20:00.000000,2026-01-08 04:20:59.999922,2,BAY01_2300_20260108_041016_000.7z;BAY01_2301_20260108_042022_000.7z
2026-01-08 04:21:00,-118.060065,-0.118060065,3.746487,-58.076315,-63.730237,768000,768000,1.000000000,1,2026-01-08 04:21:00.000000,2026-01-08 04:21:59.999922,1,BAY01_2301_20260108_042022_000.7z
2026-01-08 04:22:00,-100.408576,-0.100408576,3.744531,-49.235586,-54.917520,768000,768000,1.000000000,1,2026-01-08 04:22:00.000000,2026-01-08 04:22:59.999922,1,BAY01_2301_20260108_042022_000.7z
2026-01-08 04:23:00,-97.330245,-0.097330245,3.739479,-47.717376,-53.352348,768000,768000,1.000000000,1,2026-01-08 04:23:00.000000,2026-01-08 04:23:59.999922,1,BAY01_2301_20260108_042022_000.7z
2026-01-08 04:24:00,-97.123333,-0.097123333,3.786602,-47.605431,-53.304504,768000,768000,1.000000000,1,2026-01-08 04:24:00.000000,2026-01-08 04:24:59.999922,1,BAY01_2301_20260108_042022_000.7z
2026-01-08 04:25:00,-97.256659,-0.097256659,3.731801,-47.624690,-53.363770,768000,768000,1.000000000,1,2026-01-08 04:25:00.000000,2026-01-08 04:25:59.999922,1,BAY01_2301_20260108_042022_000.7z
2026-01-08 04:26:00,-99.429437,-0.099429437,3.725815,-48.708719,-54.446533,768000,768000,1.000000000,1,2026-01-08 04:26:00.000000,2026-01-08 04:26:59.999922,1,BAY01_2301_20260108_042022_000.7z
2026-01-08 04:27:00,-97.317823,-0.097317823,3.743499,-47.689337,-53.371985,768000,768000,1.000000000,1,2026-01-08 04:27:00.000000,2026-01-08 04:27:59.999922,1,BAY01_2301_20260108_042022_000.7z
2026-01-08 04:28:00,-97.206962,-0.097206962,3.747961,-47.534914,-53.420009,768000,768000,1.000000000,1,2026-01-08 04:28:00.000000,2026-01-08 04:28:59.999922,1,BAY01_2301_20260108_042022_000.7z
2026-01-08 04:29:00,-97.255225,-0.097255225,3.784384,-47.588192,-53.451417,768000,768000,1.000000000,1,2026-01-08 04:29:00.000000,2026-01-08 04:29:59.999922,1,BAY01_2301_20260108_042022_000.7z
2026-01-08 04:30:00,-108.681956,-0.108681956,3.737417,-53.360640,-59.058733,691308,768000,0.900140625,0,2026-01-08 04:30:00.000000,2026-01-08 04:30:59.999922,2,BAY01_2301_20260108_042022_000.7z;BAY01_2302_20260108_043028_000.7z
2026-01-08 04:31:00,-116.808239,-0.116808239,3.726367,-57.458486,-63.076120,768000,768000,1.000000000,1,2026-01-08 04:31:00.000000,2026-01-08 04:31:59.999922,1,BAY01_2302_20260108_043028_000.7z
2026-01-08 04:32:00,-102.208338,-0.102208338,3.750000,-50.098136,-55.860202,768000,768000,1.000000000,1,2026-01-08 04:32:00.000000,2026-01-08 04:32:59.999922,1,BAY01_2302_20260108_043028_000.7z
2026-01-08 04:33:00,-97.299595,-0.097299595,3.761285,-47.671243,-53.389637,768000,768000,1.000000000,1,2026-01-08 04:33:00.000000,2026-01-08 04:33:59.999922,1,BAY01_2302_20260108_043028_000.7z
2026-01-08 04:34:00,-99.569161,-0.099569161,3.771971,-48.821926,-54.519206,768000,768000,1.000000000,1,2026-01-08 04:34:00.000000,2026-01-08 04:34:59.999922,1,BAY01_2302_20260108_043028_000.7z
2026-01-08 04:35:00,-101.897977,-0.101897977,3.717823,-49.907244,-55.708556,768000,768000,1.000000000,1,2026-01-08 04:35:00.000000,2026-01-08 04:35:59.999922,1,BAY01_2302_20260108_043028_000.7z
2026-01-08 04:36:00,-99.468233,-0.099468233,3.735435,-48.704475,-54.499193,768000,768000,1.000000000,1,2026-01-08 04:36:00.000000,2026-01-08 04:36:59.999922,1,BAY01_2302_20260108_043028_000.7z
2026-01-08 04:37:00,-97.493005,-0.097493005,3.742980,-47.724168,-53.511816,768000,768000,1.000000000,1,2026-01-08 04:37:00.000000,2026-01-08 04:37:59.999922,1,BAY01_2302_20260108_043028_000.7z
2026-01-08 04:38:00,-97.171245,-0.097171245,3.728498,-47.602508,-53.297235,768000,768000,1.000000000,1,2026-01-08 04:38:00.000000,2026-01-08 04:38:59.999922,1,BAY01_2302_20260108_043028_000.7z
2026-01-08 04:39:00,-97.153828,-0.097153828,3.759559,-47.575117,-53.338270,768000,768000,1.000000000,1,2026-01-08 04:39:00.000000,2026-01-08 04:39:59.999922,1,BAY01_2302_20260108_043028_000.7z
2026-01-08 04:40:00,-106.415456,-0.106415456,3.729169,-52.138841,-58.005784,691213,768000,0.900016927,0,2026-01-08 04:40:00.000000,2026-01-08 04:40:59.999922,2,BAY01_2302_20260108_043028_000.7z;BAY01_2303_20260108_044034_000.7z
2026-01-08 04:41:00,-117.043201,-0.117043201,3.732833,-57.512260,-63.263773,768000,768000,1.000000000,1,2026-01-08 04:41:00.000000,2026-01-08 04:41:59.999922,1,BAY01_2303_20260108_044034_000.7z
2026-01-08 04:42:00,-104.174193,-0.104174193,3.751267,-51.084576,-56.840884,768000,768000,1.000000000,1,2026-01-08 04:42:00.000000,2026-01-08 04:42:59.999922,1,BAY01_2303_20260108_044034_000.7z
2026-01-08 04:43:00,-97.637065,-0.097637065,3.745412,-47.808442,-53.574035,768000,768000,1.000000000,1,2026-01-08 04:43:00.000000,2026-01-08 04:43:59.999922,1,BAY01_2303_20260108_044034_000.7z
2026-01-08 04:44:00,-97.247631,-0.097247631,3.742345,-47.590956,-53.399020,768000,768000,1.000000000,1,2026-01-08 04:44:00.000000,2026-01-08 04:44:59.999922,1,BAY01_2303_20260108_044034_000.7z
2026-01-08 04:45:00,-97.290286,-0.097290286,3.739911,-47.593302,-53.436895,768000,768000,1.000000000,1,2026-01-08 04:45:00.000000,2026-01-08 04:45:59.999922,1,BAY01_2303_20260108_044034_000.7z
2026-01-08 04:46:00,-99.509407,-0.099509407,3.760309,-48.726915,-54.542801,768000,768000,1.000000000,1,2026-01-08 04:46:00.000000,2026-01-08 04:46:59.999922,1,BAY01_2303_20260108_044034_000.7z
2026-01-08 04:47:00,-97.164962,-0.097164962,3.739447,-47.522781,-53.381628,768000,768000,1.000000000,1,2026-01-08 04:47:00.000000,2026-01-08 04:47:59.999922,1,BAY01_2303_20260108_044034_000.7z
2026-01-08 04:48:00,-97.050151,-0.097050151,3.737368,-47.464808,-53.322711,768000,768000,1.000000000,1,2026-01-08 04:48:00.000000,2026-01-08 04:48:59.999922,1,BAY01_2303_20260108_044034_000.7z
2026-01-08 04:49:00,-97.242400,-0.097242400,3.728912,-47.576308,-53.395005,768000,768000,1.000000000,1,2026-01-08 04:49:00.000000,2026-01-08 04:49:59.999922,1,BAY01_2303_20260108_044034_000.7z
2026-01-08 04:50:00,-103.876732,-0.103876732,3.728882,-50.917095,-56.688519,665732,768000,0.866838542,0,2026-01-08 04:50:00.000000,2026-01-08 04:50:59.999922,2,BAY01_2303_20260108_044034_000.7z;BAY01_2304_20260108_045042_000.7z
2026-01-08 04:51:00,-116.859282,-0.116859282,3.729385,-57.485570,-63.103097,768000,768000,1.000000000,1,2026-01-08 04:51:00.000000,2026-01-08 04:51:59.999922,1,BAY01_2304_20260108_045042_000.7z
2026-01-08 04:52:00,-106.434551,-0.106434551,3.744304,-52.262610,-57.916244,768000,768000,1.000000000,1,2026-01-08 04:52:00.000000,2026-01-08 04:52:59.999922,1,BAY01_2304_20260108_045042_000.7z
2026-01-08 04:53:00,-97.285556,-0.097285556,3.737203,-47.655314,-53.367445,768000,768000,1.000000000,1,2026-01-08 04:53:00.000000,2026-01-08 04:53:59.999922,1,BAY01_2304_20260108_045042_000.7z
2026-01-08 04:54:00,-97.310534,-0.097310534,3.740769,-47.728290,-53.323012,768000,768000,1.000000000,1,2026-01-08 04:54:00.000000,2026-01-08 04:54:59.999922,1,BAY01_2304_20260108_045042_000.7z
2026-01-08 04:55:00,-97.313045,-0.097313045,3.782253,-47.756544,-53.338753,768000,768000,1.000000000,1,2026-01-08 04:55:00.000000,2026-01-08 04:55:59.999922,1,BAY01_2304_20260108_045042_000.7z
2026-01-08 04:56:00,-99.701294,-0.099701294,3.750536,-48.912399,-54.539432,768000,768000,1.000000000,1,2026-01-08 04:56:00.000000,2026-01-08 04:56:59.999922,1,BAY01_2304_20260108_045042_000.7z
2026-01-08 04:57:00,-97.397610,-0.097397610,3.748048,-47.769030,-53.376628,768000,768000,1.000000000,1,2026-01-08 04:57:00.000000,2026-01-08 04:57:59.999922,1,BAY01_2304_20260108_045042_000.7z
2026-01-08 04:58:00,-97.023386,-0.097023386,3.739284,-47.539921,-53.222749,768000,768000,1.000000000,1,2026-01-08 04:58:00.000000,2026-01-08 04:58:59.999922,1,BAY01_2304_20260108_045042_000.7z
2026-01-08 04:59:00,-97.001394,-0.097001394,3.754441,-47.528625,-53.227211,768000,768000,1.000000000,1,2026-01-08 04:59:00.000000,2026-01-08 04:59:59.999922,1,BAY01_2304_20260108_045042_000.7z
