minute_start,active_power_w,active_power_kw,phase_a_power_w,phase_b_power_w,phase_c_power_w,sample_count,expected_samples,coverage_ratio,is_complete,first_sample_time,last_sample_time,source_archive_count,source_archives
2025-12-05 00:54:00,-2.760318,-0.002760318,5.444455,-2.170439,-6.034334,704033,768000,0.916709635,0,2025-12-05 00:54:00.000000,2025-12-05 00:54:59.999922,2,BAYxx_xxxx_20251205_004433_000.7z;BAYxx_xxxx_20251205_005438_000.7z
2025-12-05 00:55:00,-11.039146,-0.011039146,0.927164,-3.803997,-8.162314,768000,768000,1.000000000,1,2025-12-05 00:55:00.000000,2025-12-05 00:55:59.999922,1,BAYxx_xxxx_20251205_005438_000.7z
2025-12-05 00:56:00,-2.447381,-0.002447381,-0.206290,1.675768,-3.916858,768000,768000,1.000000000,1,2025-12-05 00:56:00.000000,2025-12-05 00:56:59.999922,1,BAYxx_xxxx_20251205_005438_000.7z
2025-12-05 00:57:00,0.230245,0.000230245,3.993922,-1.068018,-2.695659,768000,768000,1.000000000,1,2025-12-05 00:57:00.000000,2025-12-05 00:57:59.999922,1,BAYxx_xxxx_20251205_005438_000.7z
2025-12-05 00:58:00,-11.572458,-0.011572458,-0.481564,-5.628625,-5.462268,768000,768000,1.000000000,1,2025-12-05 00:58:00.000000,2025-12-05 00:58:59.999922,1,BAYxx_xxxx_20251205_005438_000.7z
2025-12-05 00:59:00,-2.292559,-0.002292559,0.619680,3.591974,-6.504213,768000,768000,1.000000000,1,2025-12-05 00:59:00.000000,2025-12-05 00:59:59.999922,1,BAYxx_xxxx_20251205_005438_000.7z
2025-12-05 01:00:00,-1.658972,-0.001658972,7.556740,0.098565,-9.314276,768000,768000,1.000000000,1,2025-12-05 01:00:00.000000,2025-12-05 01:00:59.999922,1,BAYxx_xxxx_20251205_005438_000.7z
2025-12-05 01:01:00,4.008263,0.004008263,7.584604,4.628551,-8.204892,768000,768000,1.000000000,1,2025-12-05 01:01:00.000000,2025-12-05 01:01:59.999922,1,BAYxx_xxxx_20251205_005438_000.7z
2025-12-05 01:02:00,2.705761,0.002705761,5.795494,5.338776,-8.428509,768000,768000,1.000000000,1,2025-12-05 01:02:00.000000,2025-12-05 01:02:59.999922,1,BAYxx_xxxx_20251205_005438_000.7z
2025-12-05 01:03:00,5.486537,0.005486537,9.203214,2.585349,-6.302026,768000,768000,1.000000000,1,2025-12-05 01:03:00.000000,2025-12-05 01:03:59.999922,1,BAYxx_xxxx_20251205_005438_000.7z
2025-12-05 01:04:00,2.203364,0.002203364,7.173223,0.704464,-5.674323,729741,768000,0.950183594,0,2025-12-05 01:04:00.000000,2025-12-05 01:04:59.999922,2,BAYxx_xxxx_20251205_005438_000.7z;BAYxx_xxxx_20251205_010441_000.7z
2025-12-05 01:05:00,-13.977458,-0.013977458,-5.485996,-4.034460,-4.457002,768000,768000,1.000000000,1,2025-12-05 01:05:00.000000,2025-12-05 01:05:59.999922,1,BAYxx_xxxx_20251205_010441_000.7z
2025-12-05 01:06:00,-8.060794,-0.008060794,4.932235,-6.587161,-6.405868,768000,768000,1.000000000,1,2025-12-05 01:06:00.000000,2025-12-05 01:06:59.999922,1,BAYxx_xxxx_20251205_010441_000.7z
2025-12-05 01:07:00,-12.917342,-0.012917342,1.258555,-5.277880,-8.898017,768000,768000,1.000000000,1,2025-12-05 01:07:00.000000,2025-12-05 01:07:59.999922,1,BAYxx_xxxx_20251205_010441_000.7z
2025-12-05 01:08:00,0.142696,0.000142696,-3.101756,5.045321,-1.800869,768000,768000,1.000000000,1,2025-12-05 01:08:00.000000,2025-12-05 01:08:59.999922,1,BAYxx_xxxx_20251205_010441_000.7z
2025-12-05 01:09:00,-4.041562,-0.004041562,0.679771,-0.188049,-4.533283,768000,768000,1.000000000,1,2025-12-05 01:09:00.000000,2025-12-05 01:09:59.999922,1,BAYxx_xxxx_20251205_010441_000.7z
2025-12-05 01:10:00,-4.714496,-0.004714496,2.013769,-3.163982,-3.564284,768000,768000,1.000000000,1,2025-12-05 01:10:00.000000,2025-12-05 01:10:59.999922,1,BAYxx_xxxx_20251205_010441_000.7z
2025-12-05 01:11:00,-14.712284,-0.014712284,2.813903,-7.368840,-10.157346,768000,768000,1.000000000,1,2025-12-05 01:11:00.000000,2025-12-05 01:11:59.999922,1,BAYxx_xxxx_20251205_010441_000.7z
2025-12-05 01:12:00,-6.862505,-0.006862505,0.879375,-2.972774,-4.769106,768000,768000,1.000000000,1,2025-12-05 01:12:00.000000,2025-12-05 01:12:59.999922,1,BAYxx_xxxx_20251205_010441_000.7z
2025-12-05 01:13:00,-11.217330,-0.011217330,-3.379466,-1.336016,-6.501848,768000,768000,1.000000000,1,2025-12-05 01:13:00.000000,2025-12-05 01:13:59.999922,1,BAYxx_xxxx_20251205_010441_000.7z
2025-12-05 01:14:00,-12.347705,-0.012347705,-3.020128,-2.120926,-7.206652,716801,768000,0.933334635,0,2025-12-05 01:14:00.000000,2025-12-05 01:14:59.999922,2,BAYxx_xxxx_20251205_010441_000.7z;BAYxx_xxxx_20251205_011445_000.7z
2025-12-05 01:15:00,1.152869,0.001152869,3.149319,1.507484,-3.503935,768000,768000,1.000000000,1,2025-12-05 01:15:00.000000,2025-12-05 01:15:59.999922,1,BAYxx_xxxx_20251205_011445_000.7z
2025-12-05 01:16:00,-1.488852,-0.001488852,4.226819,0.027320,-5.742991,768000,768000,1.000000000,1,2025-12-05 01:16:00.000000,2025-12-05 01:16:59.999922,1,BAYxx_xxxx_20251205_011445_000.7z
2025-12-05 01:17:00,-8.393818,-0.008393818,4.946442,-1.680802,-11.659459,768000,768000,1.000000000,1,2025-12-05 01:17:00.000000,2025-12-05 01:17:59.999922,1,BAYxx_xxxx_20251205_011445_000.7z
2025-12-05 01:18:00,-15.116332,-0.015116332,-9.050264,-2.879164,-3.186904,768000,768000,1.000000000,1,2025-12-05 01:18:00.000000,2025-12-05 01:18:59.999922,1,BAYxx_xxxx_20251205_011445_000.7z
2025-12-05 01:19:00,-0.240407,-0.000240407,-1.603099,4.383656,-3.020965,768000,768000,1.000000000,1,2025-12-05 01:19:00.000000,2025-12-05 01:19:59.999922,1,BAYxx_xxxx_20251205_011445_000.7z
2025-12-05 01:20:00,3.493407,0.003493407,8.065739,2.082855,-6.655187,768000,768000,1.000000000,1,2025-12-05 01:20:00.000000,2025-12-05 01:20:59.999922,1,BAYxx_xxxx_20251205_011445_000.7z
2025-12-05 01:21:00,5.359737,0.005359737,8.030825,4.727752,-7.398839,768000,768000,1.000000000,1,2025-12-05 01:21:00.000000,2025-12-05 01:21:59.999922,1,BAYxx_xxxx_20251205_011445_000.7z
2025-12-05 01:22:00,3.550521,0.003550521,11.718301,3.765373,-11.933153,768000,768000,1.000000000,1,2025-12-05 01:22:00.000000,2025-12-05 01:22:59.999922,1,BAYxx_xxxx_20251205_011445_000.7z
2025-12-05 01:23:00,11.127831,0.011127831,11.156960,7.907893,-7.937022,768000,768000,1.000000000,1,2025-12-05 01:23:00.000000,2025-12-05 01:23:59.999922,1,BAYxx_xxxx_20251205_011445_000.7z
2025-12-05 01:24:00,3.398477,0.003398477,11.278170,-0.616064,-7.263630,729691,768000,0.950118490,0,2025-12-05 01:24:00.000000,2025-12-05 01:24:59.999922,2,BAYxx_xxxx_20251205_011445_000.7z;BAYxx_xxxx_20251205_012448_000.7z
2025-12-05 01:25:00,-0.578160,-0.000578160,4.949066,1.424626,-6.951853,768000,768000,1.000000000,1,2025-12-05 01:25:00.000000,2025-12-05 01:25:59.999922,1,BAYxx_xxxx_20251205_012448_000.7z
2025-12-05 01:26:00,-8.089067,-0.008089067,0.768823,-5.312731,-3.545160,768000,768000,1.000000000,1,2025-12-05 01:26:00.000000,2025-12-05 01:26:59.999922,1,BAYxx_xxxx_20251205_012448_000.7z
2025-12-05 01:27:00,-0.622551,-0.000622551,4.882468,-1.446566,-4.058453,768000,768000,1.000000000,1,2025-12-05 01:27:00.000000,2025-12-05 01:27:59.999922,1,BAYxx_xxxx_20251205_012448_000.7z
2025-12-05 01:28:00,-13.373727,-0.013373727,-1.483903,-3.622659,-8.267164,768000,768000,1.000000000,1,2025-12-05 01:28:00.000000,2025-12-05 01:28:59.999922,1,BAYxx_xxxx_20251205_012448_000.7z
2025-12-05 01:29:00,-8.757315,-0.008757315,0.936219,-3.934372,-5.759162,768000,768000,1.000000000,1,2025-12-05 01:29:00.000000,2025-12-05 01:29:59.999922,1,BAYxx_xxxx_20251205_012448_000.7z
2025-12-05 01:30:00,-6.419057,-0.006419057,1.894422,-3.212008,-5.101471,768000,768000,1.000000000,1,2025-12-05 01:30:00.000000,2025-12-05 01:30:59.999922,1,BAYxx_xxxx_20251205_012448_000.7z
2025-12-05 01:31:00,-6.537091,-0.006537091,1.483074,-3.506722,-4.513442,768000,768000,1.000000000,1,2025-12-05 01:31:00.000000,2025-12-05 01:31:59.999922,1,BAYxx_xxxx_20251205_012448_000.7z
2025-12-05 01:32:00,-7.666923,-0.007666923,-1.196429,-2.029295,-4.441198,768000,768000,1.000000000,1,2025-12-05 01:32:00.000000,2025-12-05 01:32:59.999922,1,BAYxx_xxxx_20251205_012448_000.7z
2025-12-05 01:33:00,-17.654077,-0.017654077,-4.497034,-2.298251,-10.858792,768000,768000,1.000000000,1,2025-12-05 01:33:00.000000,2025-12-05 01:33:59.999922,1,BAYxx_xxxx_20251205_012448_000.7z
2025-12-05 01:34:00,-6.407937,-0.006407937,1.927141,-3.189725,-5.145353,704056,768000,0.916739583,0,2025-12-05 01:34:00.000000,2025-12-05 01:34:59.999922,2,BAYxx_xxxx_20251205_012448_000.7z;BAYxx_xxxx_20251205_013453_000.7z
2025-12-05 01:35:00,0.934511,0.000934511,6.281904,1.403379,-6.750772,768000,768000,1.000000000,1,2025-12-05 01:35:00.000000,2025-12-05 01:35:59.999922,1,BAYxx_xxxx_20251205_013453_000.7z
2025-12-05 01:36:00,-3.165003,-0.003165003,4.777405,0.289740,-8.232147,768000,768000,1.000000000,1,2025-12-05 01:36:00.000000,2025-12-05 01:36:59.999922,1,BAYxx_xxxx_20251205_013453_000.7z
2025-12-05 01:37:00,-9.845349,-0.009845349,0.950326,-6.913697,-3.881978,768000,768000,1.000000000,1,2025-12-05 01:37:00.000000,2025-12-05 01:37:59.999922,1,BAYxx_xxxx_20251205_013453_000.7z
2025-12-05 01:38:00,-11.044269,-0.011044269,1.583343,-5.954587,-6.673025,768000,768000,1.000000000,1,2025-12-05 01:38:00.000000,2025-12-05 01:38:59.999922,1,BAYxx_xxxx_20251205_013453_000.7z
2025-12-05 01:39:00,-12.176190,-0.012176190,-4.154807,-2.449271,-5.572113,768000,768000,1.000000000,1,2025-12-05 01:39:00.000000,2025-12-05 01:39:59.999922,1,BAYxx_xxxx_20251205_013453_000.7z
2025-12-05 01:40:00,-15.820759,-0.015820759,-1.122147,-6.913996,-7.784616,768000,768000,1.000000000,1,2025-12-05 01:40:00.000000,2025-12-05 01:40:59.999922,1,BAYxx_xxxx_20251205_013453_000.7z
2025-12-05 01:41:00,-4.765747,-0.004765747,0.361648,-0.287879,-4.839517,768000,768000,1.000000000,1,2025-12-05 01:41:00.000000,2025-12-05 01:41:59.999922,1,BAYxx_xxxx_20251205_013453_000.7z
2025-12-05 01:42:00,-4.527818,-0.004527818,2.640777,-0.317962,-6.850634,768000,768000,1.000000000,1,2025-12-05 01:42:00.000000,2025-12-05 01:42:59.999922,1,BAYxx_xxxx_20251205_013453_000.7z
2025-12-05 01:43:00,1.060271,0.001060271,3.260181,5.761137,-7.961047,768000,768000,1.000000000,1,2025-12-05 01:43:00.000000,2025-12-05 01:43:59.999922,1,BAYxx_xxxx_20251205_013453_000.7z
2025-12-05 01:44:00,-1.534733,-0.001534733,3.444508,3.154730,-8.133972,716870,768000,0.933424479,0,2025-12-05 01:44:00.000000,2025-12-05 01:44:59.999922,2,BAYxx_xxxx_20251205_013453_000.7z;BAYxx_xxxx_20251205_014457_000.7z
2025-12-05 01:45:00,3.890461,0.003890461,6.979006,5.910347,-8.998893,768000,768000,1.000000000,1,2025-12-05 01:45:00.000000,2025-12-05 01:45:59.999922,1,BAYxx_xxxx_20251205_014457_000.7z
2025-12-05 01:46:00,-4.091018,-0.004091018,0.985763,6.618933,-11.695714,768000,768000,1.000000000,1,2025-12-05 01:46:00.000000,2025-12-05 01:46:59.999922,1,BAYxx_xxxx_20251205_014457_000.7z
2025-12-05 01:47:00,2.985866,0.002985866,7.322274,2.862707,-7.199115,768000,768000,1.000000000,1,2025-12-05 01:47:00.000000,2025-12-05 01:47:59.999922,1,BAYxx_xxxx_20251205_014457_000.7z
2025-12-05 01:48:00,-8.216746,-0.008216746,2.770855,-2.243354,-8.744247,768000,768000,1.000000000,1,2025-12-05 01:48:00.000000,2025-12-05 01:48:59.999922,1,BAYxx_xxxx_20251205_014457_000.7z
2025-12-05 01:49:00,-6.690121,-0.006690121,1.657282,-3.222572,-5.124831,768000,768000,1.000000000,1,2025-12-05 01:49:00.000000,2025-12-05 01:49:59.999922,1,BAYxx_xxxx_20251205_014457_000.7z
2025-12-05 01:50:00,-6.760535,-0.006760535,3.165013,-3.541974,-6.383574,768000,768000,1.000000000,1,2025-12-05 01:50:00.000000,2025-12-05 01:50:59.999922,1,BAYxx_xxxx_20251205_014457_000.7z
2025-12-05 01:51:00,-0.391955,-0.000391955,7.283736,-3.168363,-4.507328,768000,768000,1.000000000,1,2025-12-05 01:51:00.000000,2025-12-05 01:51:59.999922,1,BAYxx_xxxx_20251205_014457_000.7z
2025-12-05 01:52:00,-5.262802,-0.005262802,-0.490772,-1.377442,-3.394588,768000,768000,1.000000000,1,2025-12-05 01:52:00.000000,2025-12-05 01:52:59.999922,1,BAYxx_xxxx_20251205_014457_000.7z
2025-12-05 01:53:00,-5.865778,-0.005865778,0.782246,-0.793474,-5.854549,768000,768000,1.000000000,1,2025-12-05 01:53:00.000000,2025-12-05 01:53:59.999922,1,BAYxx_xxxx_20251205_014457_000.7z
2025-12-05 01:54:00,-0.823253,-0.000823253,0.280908,3.110497,-4.214658,729648,768000,0.950062500,0,2025-12-05 01:54:00.000000,2025-12-05 01:54:57.003672,1,BAYxx_xxxx_20251205_014457_000.7z
2025-12-05 01:55:00,-7.113825,-0.007113825,1.904002,-3.465553,-5.552274,755200,768000,0.983333333,0,2025-12-05 01:55:01.000000,2025-12-05 01:55:59.999922,1,BAYxx_xxxx_20251205_015501_000.7z
2025-12-05 01:56:00,-15.928050,-0.015928050,4.086872,-10.273418,-9.741503,768000,768000,1.000000000,1,2025-12-05 01:56:00.000000,2025-12-05 01:56:59.999922,1,BAYxx_xxxx_20251205_015501_000.7z
2025-12-05 01:57:00,-8.178203,-0.008178203,3.507168,-8.432430,-3.252942,768000,768000,1.000000000,1,2025-12-05 01:57:00.000000,2025-12-05 01:57:59.999922,1,BAYxx_xxxx_20251205_015501_000.7z
2025-12-05 01:58:00,-11.114371,-0.011114371,-0.415618,-6.677488,-4.021266,768000,768000,1.000000000,1,2025-12-05 01:58:00.000000,2025-12-05 01:58:59.999922,1,BAYxx_xxxx_20251205_015501_000.7z
2025-12-05 01:59:00,-8.357388,-0.008357388,0.731888,-3.342511,-5.746764,768000,768000,1.000000000,1,2025-12-05 01:59:00.000000,2025-12-05 01:59:59.999922,1,BAYxx_xxxx_20251205_015501_000.7z
2025-12-05 02:00:00,-12.724117,-0.012724117,-2.077797,0.431808,-11.078129,768000,768000,1.000000000,1,2025-12-05 02:00:00.000000,2025-12-05 02:00:59.999922,1,BAYxx_xxxx_20251205_015501_000.7z
2025-12-05 02:01:00,-8.933623,-0.008933623,0.021369,-3.314511,-5.640481,768000,768000,1.000000000,1,2025-12-05 02:01:00.000000,2025-12-05 02:01:59.999922,1,BAYxx_xxxx_20251205_015501_000.7z
2025-12-05 02:02:00,-4.949374,-0.004949374,1.448582,-4.519849,-1.878108,768000,768000,1.000000000,1,2025-12-05 02:02:00.000000,2025-12-05 02:02:59.999922,1,BAYxx_xxxx_20251205_015501_000.7z
2025-12-05 02:03:00,-7.620538,-0.007620538,0.161124,1.984785,-9.766446,768000,768000,1.000000000,1,2025-12-05 02:03:00.000000,2025-12-05 02:03:59.999922,1,BAYxx_xxxx_20251205_015501_000.7z
2025-12-05 02:04:00,-1.015987,-0.001015987,4.269356,4.391525,-9.676868,768000,768000,1.000000000,1,2025-12-05 02:04:00.000000,2025-12-05 02:04:59.999922,1,BAYxx_xxxx_20251205_015501_000.7z
2025-12-05 02:05:00,-5.530072,-0.005530072,1.862057,1.126426,-8.518555,665643,768000,0.866722656,0,2025-12-05 02:05:00.000000,2025-12-05 02:05:59.999922,2,BAYxx_xxxx_20251205_015501_000.7z;BAYxx_xxxx_20251205_020509_000.7z
2025-12-05 02:06:00,5.669493,0.005669493,6.975188,4.537873,-5.843568,768000,768000,1.000000000,1,2025-12-05 02:06:00.000000,2025-12-05 02:06:59.999922,1,BAYxx_xxxx_20251205_020509_000.7z
2025-12-05 02:07:00,10.883011,0.010883011,10.394229,9.089990,-8.601209,768000,768000,1.000000000,1,2025-12-05 02:07:00.000000,2025-12-05 02:07:59.999922,1,BAYxx_xxxx_20251205_020509_000.7z
2025-12-05 02:08:00,12.033207,0.012033207,13.291596,2.577732,-3.836121,768000,768000,1.000000000,1,2025-12-05 02:08:00.000000,2025-12-05 02:08:59.999922,1,BAYxx_xxxx_20251205_020509_000.7z
2025-12-05 02:09:00,-11.260048,-0.011260048,-3.151042,-1.243831,-6.865175,768000,768000,1.000000000,1,2025-12-05 02:09:00.000000,2025-12-05 02:09:59.999922,1,BAYxx_xxxx_20251205_020509_000.7z
2025-12-05 02:10:00,3.702660,0.003702660,1.302874,5.738965,-3.339179,768000,768000,1.000000000,1,2025-12-05 02:10:00.000000,2025-12-05 02:10:59.999922,1,BAYxx_xxxx_20251205_020509_000.7z
2025-12-05 02:11:00,-6.215359,-0.006215359,2.646966,-3.101117,-5.761208,768000,768000,1.000000000,1,2025-12-05 02:11:00.000000,2025-12-05 02:11:59.999922,1,BAYxx_xxxx_20251205_020509_000.7z
2025-12-05 02:12:00,2.350419,0.002350419,2.212617,4.343473,-4.205671,768000,768000,1.000000000,1,2025-12-05 02:12:00.000000,2025-12-05 02:12:59.999922,1,BAYxx_xxxx_20251205_020509_000.7z
2025-12-05 02:13:00,-11.758827,-0.011758827,-4.120026,-6.374947,-1.263854,768000,768000,1.000000000,1,2025-12-05 02:13:00.000000,2025-12-05 02:13:59.999922,1,BAYxx_xxxx_20251205_020509_000.7z
2025-12-05 02:14:00,-6.962982,-0.006962982,0.891929,-5.001574,-2.853337,768000,768000,1.000000000,1,2025-12-05 02:14:00.000000,2025-12-05 02:14:59.999922,1,BAYxx_xxxx_20251205_020509_000.7z
2025-12-05 02:15:00,-11.771865,-0.011771865,-3.158961,-2.036031,-6.576873,691318,768000,0.900153646,0,2025-12-05 02:15:00.000000,2025-12-05 02:15:59.999922,2,BAYxx_xxxx_20251205_020509_000.7z;BAYxx_xxxx_20251205_021515_000.7z
2025-12-05 02:16:00,-10.744815,-0.010744815,-1.831753,-4.201913,-4.711148,768000,768000,1.000000000,1,2025-12-05 02:16:00.000000,2025-12-05 02:16:59.999922,1,BAYxx_xxxx_20251205_021515_000.7z
2025-12-05 02:17:00,-2.882279,-0.002882279,1.998268,2.684994,-7.565541,768000,768000,1.000000000,1,2025-12-05 02:17:00.000000,2025-12-05 02:17:59.999922,1,BAYxx_xxxx_20251205_021515_000.7z
2025-12-05 02:18:00,-2.982811,-0.002982811,1.137196,0.397998,-4.518006,768000,768000,1.000000000,1,2025-12-05 02:18:00.000000,2025-12-05 02:18:59.999922,1,BAYxx_xxxx_20251205_021515_000.7z
2025-12-05 02:19:00,-6.232913,-0.006232913,1.843676,-2.847112,-5.229477,768000,768000,1.000000000,1,2025-12-05 02:19:00.000000,2025-12-05 02:19:59.999922,1,BAYxx_xxxx_20251205_021515_000.7z
2025-12-05 02:20:00,-6.013785,-0.006013785,1.879010,-5.928089,-1.964706,768000,768000,1.000000000,1,2025-12-05 02:20:00.000000,2025-12-05 02:20:59.999922,1,BAYxx_xxxx_20251205_021515_000.7z
2025-12-05 02:21:00,-6.997237,-0.006997237,0.063028,-2.147040,-4.913224,768000,768000,1.000000000,1,2025-12-05 02:21:00.000000,2025-12-05 02:21:59.999922,1,BAYxx_xxxx_20251205_021515_000.7z
2025-12-05 02:22:00,4.656688,0.004656688,6.971234,-0.041895,-2.272651,768000,768000,1.000000000,1,2025-12-05 02:22:00.000000,2025-12-05 02:22:59.999922,1,BAYxx_xxxx_20251205_021515_000.7z
2025-12-05 02:23:00,-4.658633,-0.004658633,1.812437,-3.289783,-3.181287,768000,768000,1.000000000,1,2025-12-05 02:23:00.000000,2025-12-05 02:23:59.999922,1,BAYxx_xxxx_20251205_021515_000.7z
2025-12-05 02:24:00,-10.811497,-0.010811497,-3.543112,-0.993203,-6.275182,768000,768000,1.000000000,1,2025-12-05 02:24:00.000000,2025-12-05 02:24:59.999922,1,BAYxx_xxxx_20251205_021515_000.7z
2025-12-05 02:25:00,-8.633411,-0.008633411,-1.260701,-1.963356,-5.409354,729733,768000,0.950173177,0,2025-12-05 02:25:00.000000,2025-12-05 02:25:59.999922,2,BAYxx_xxxx_20251205_021515_000.7z;BAYxx_xxxx_20251205_022518_000.7z
2025-12-05 02:26:00,1.802467,0.001802467,5.581155,5.981474,-9.760162,768000,768000,1.000000000,1,2025-12-05 02:26:00.000000,2025-12-05 02:26:59.999922,1,BAYxx_xxxx_20251205_022518_000.7z
2025-12-05 02:27:00,6.270487,0.006270487,8.263910,2.574779,-4.568201,768000,768000,1.000000000,1,2025-12-05 02:27:00.000000,2025-12-05 02:27:59.999922,1,BAYxx_xxxx_20251205_022518_000.7z
2025-12-05 02:28:00,7.379070,0.007379070,9.700863,4.874625,-7.196417,768000,768000,1.000000000,1,2025-12-05 02:28:00.000000,2025-12-05 02:28:59.999922,1,BAYxx_xxxx_20251205_022518_000.7z
2025-12-05 02:29:00,1.196914,0.001196914,7.415917,2.648941,-8.867944,768000,768000,1.000000000,1,2025-12-05 02:29:00.000000,2025-12-05 02:29:59.999922,1,BAYxx_xxxx_20251205_022518_000.7z
2025-12-05 02:30:00,5.618301,0.005618301,8.742519,4.379621,-7.503840,768000,768000,1.000000000,1,2025-12-05 02:30:00.000000,2025-12-05 02:30:59.999922,1,BAYxx_xxxx_20251205_022518_000.7z
2025-12-05 02:31:00,-7.851897,-0.007851897,0.242615,-2.523765,-5.570747,768000,768000,1.000000000,1,2025-12-05 02:31:00.000000,2025-12-05 02:31:59.999922,1,BAYxx_xxxx_20251205_022518_000.7z
2025-12-05 02:32:00,-9.674046,-0.009674046,-7.215999,-0.534943,-1.923103,768000,768000,1.000000000,1,2025-12-05 02:32:00.000000,2025-12-05 02:32:59.999922,1,BAYxx_xxxx_20251205_022518_000.7z
2025-12-05 02:33:00,-3.192634,-0.003192634,1.213725,-2.862243,-1.544116,768000,768000,1.000000000,1,2025-12-05 02:33:00.000000,2025-12-05 02:33:59.999922,1,BAYxx_xxxx_20251205_022518_000.7z
2025-12-05 02:34:00,-4.920788,-0.004920788,1.064246,-1.526338,-4.458697,768000,768000,1.000000000,1,2025-12-05 02:34:00.000000,2025-12-05 02:34:59.999922,1,BAYxx_xxxx_20251205_022518_000.7z
2025-12-05 02:35:00,-3.521512,-0.003521512,3.951982,-2.641175,-4.832319,716841,768000,0.933386719,0,2025-12-05 02:35:00.000000,2025-12-05 02:35:59.999922,2,BAYxx_xxxx_20251205_022518_000.7z;BAYxx_xxxx_20251205_023522_000.7z
2025-12-05 02:36:00,-4.973676,-0.004973676,6.560991,-4.612452,-6.922216,768000,768000,1.000000000,1,2025-12-05 02:36:00.000000,2025-12-05 02:36:59.999922,1,BAYxx_xxxx_20251205_023522_000.7z
2025-12-05 02:37:00,-5.705490,-0.005705490,1.779516,-1.855079,-5.629927,768000,768000,1.000000000,1,2025-12-05 02:37:00.000000,2025-12-05 02:37:59.999922,1,BAYxx_xxxx_20251205_023522_000.7z
2025-12-05 02:38:00,-14.388530,-0.014388530,-4.397094,-6.398609,-3.592827,768000,768000,1.000000000,1,2025-12-05 02:38:00.000000,2025-12-05 02:38:59.999922,1,BAYxx_xxxx_20251205_023522_000.7z
2025-12-05 02:39:00,-9.784345,-0.009784345,-1.675241,-2.886492,-5.222612,768000,768000,1.000000000,1,2025-12-05 02:39:00.000000,2025-12-05 02:39:59.999922,1,BAYxx_xxxx_20251205_023522_000.7z
2025-12-05 02:40:00,-6.072489,-0.006072489,-1.104552,-0.291343,-4.676594,768000,768000,1.000000000,1,2025-12-05 02:40:00.000000,2025-12-05 02:40:59.999922,1,BAYxx_xxxx_20251205_023522_000.7z
2025-12-05 02:41:00,-5.504755,-0.005504755,1.237805,-2.546384,-4.196176,768000,768000,1.000000000,1,2025-12-05 02:41:00.000000,2025-12-05 02:41:59.999922,1,BAYxx_xxxx_20251205_023522_000.7z
2025-12-05 02:42:00,-5.755950,-0.005755950,-1.437572,-0.775695,-3.542682,768000,768000,1.000000000,1,2025-12-05 02:42:00.000000,2025-12-05 02:42:59.999922,1,BAYxx_xxxx_20251205_023522_000.7z
2025-12-05 02:43:00,-2.675410,-0.002675410,3.273472,-1.793802,-4.155080,768000,768000,1.000000000,1,2025-12-05 02:43:00.000000,2025-12-05 02:43:59.999922,1,BAYxx_xxxx_20251205_023522_000.7z
2025-12-05 02:44:00,-7.941300,-0.007941300,1.688183,-4.012579,-5.616904,768000,768000,1.000000000,1,2025-12-05 02:44:00.000000,2025-12-05 02:44:59.999922,1,BAYxx_xxxx_20251205_023522_000.7z
2025-12-05 02:45:00,-17.919083,-0.017919083,-0.474728,-8.356071,-9.088284,729742,768000,0.950184896,0,2025-12-05 02:45:00.000000,2025-12-05 02:45:59.999922,2,BAYxx_xxxx_20251205_023522_000.7z;BAYxx_xxxx_20251205_024525_000.7z
2025-12-05 02:46:00,-5.218202,-0.005218202,-2.077211,5.060922,-8.201913,768000,768000,1.000000000,1,2025-12-05 02:46:00.000000,2025-12-05 02:46:59.999922,1,BAYxx_xxxx_20251205_024525_000.7z
2025-12-05 02:47:00,3.911162,0.003911162,7.748932,3.363291,-7.201061,768000,768000,1.000000000,1,2025-12-05 02:47:00.000000,2025-12-05 02:47:59.999922,1,BAYxx_xxxx_20251205_024525_000.7z
2025-12-05 02:48:00,-5.177329,-0.005177329,3.164371,1.120313,-9.462013,768000,768000,1.000000000,1,2025-12-05 02:48:00.000000,2025-12-05 02:48:59.999922,1,BAYxx_xxxx_20251205_024525_000.7z
2025-12-05 02:49:00,5.267405,0.005267405,8.466236,5.010488,-8.209319,768000,768000,1.000000000,1,2025-12-05 02:49:00.000000,2025-12-05 02:49:59.999922,1,BAYxx_xxxx_20251205_024525_000.7z
2025-12-05 02:50:00,3.971124,0.003971124,6.529461,5.007332,-7.565669,768000,768000,1.000000000,1,2025-12-05 02:50:00.000000,2025-12-05 02:50:59.999922,1,BAYxx_xxxx_20251205_024525_000.7z
2025-12-05 02:51:00,6.094444,0.006094444,13.500644,2.476790,-9.882990,768000,768000,1.000000000,1,2025-12-05 02:51:00.000000,2025-12-05 02:51:59.999922,1,BAYxx_xxxx_20251205_024525_000.7z
2025-12-05 02:52:00,-5.655978,-0.005655978,3.119158,-2.092107,-6.683028,768000,768000,1.000000000,1,2025-12-05 02:52:00.000000,2025-12-05 02:52:59.999922,1,BAYxx_xxxx_20251205_024525_000.7z
2025-12-05 02:53:00,-14.560733,-0.014560733,-1.337984,-8.069068,-5.153680,768000,768000,1.000000000,1,2025-12-05 02:53:00.000000,2025-12-05 02:53:59.999922,1,BAYxx_xxxx_20251205_024525_000.7z
2025-12-05 02:54:00,-5.328792,-0.005328792,1.587715,-1.953648,-4.962859,768000,768000,1.000000000,1,2025-12-05 02:54:00.000000,2025-12-05 02:54:59.999922,1,BAYxx_xxxx_20251205_024525_000.7z
2025-12-05 02:55:00,1.191956,0.001191956,9.015014,-3.061289,-4.761770,704047,768000,0.916727865,0,2025-12-05 02:55:00.000000,2025-12-05 02:55:59.999922,2,BAYxx_xxxx_20251205_024525_000.7z;BAYxx_xxxx_20251205_025530_000.7z
2025-12-05 02:56:00,-4.057560,-0.004057560,6.674270,-2.668076,-8.063754,768000,768000,1.000000000,1,2025-12-05 02:56:00.000000,2025-12-05 02:56:59.999922,1,BAYxx_xxxx_20251205_025530_000.7z
2025-12-05 02:57:00,-8.928328,-0.008928328,-0.118843,-2.778126,-6.031359,768000,768000,1.000000000,1,2025-12-05 02:57:00.000000,2025-12-05 02:57:59.999922,1,BAYxx_xxxx_20251205_025530_000.7z
2025-12-05 02:58:00,-2.221386,-0.002221386,3.783836,-3.487104,-2.518117,768000,768000,1.000000000,1,2025-12-05 02:58:00.000000,2025-12-05 02:58:59.999922,1,BAYxx_xxxx_20251205_025530_000.7z
2025-12-05 02:59:00,-4.468037,-0.004468037,5.617324,-5.604407,-4.480954,768000,768000,1.000000000,1,2025-12-05 02:59:00.000000,2025-12-05 02:59:59.999922,1,BAYxx_xxxx_20251205_025530_000.7z
2025-12-05 03:00:00,0.228261,0.000228261,1.997339,-1.819719,0.050640,768000,768000,1.000000000,1,2025-12-05 03:00:00.000000,2025-12-05 03:00:59.999922,1,BAYxx_xxxx_20251205_025530_000.7z
2025-12-05 03:01:00,-3.293136,-0.003293136,-0.468747,2.497339,-5.321728,768000,768000,1.000000000,1,2025-12-05 03:01:00.000000,2025-12-05 03:01:59.999922,1,BAYxx_xxxx_20251205_025530_000.7z
2025-12-05 03:02:00,-14.674863,-0.014674863,-4.464728,-6.596799,-3.613336,768000,768000,1.000000000,1,2025-12-05 03:02:00.000000,2025-12-05 03:02:59.999922,1,BAYxx_xxxx_20251205_025530_000.7z
2025-12-05 03:03:00,-10.465285,-0.010465285,0.997028,-6.918476,-4.543837,768000,768000,1.000000000,1,2025-12-05 03:03:00.000000,2025-12-05 03:03:59.999922,1,BAYxx_xxxx_20251205_025530_000.7z
2025-12-05 03:04:00,-3.042941,-0.003042941,-1.574974,2.624766,-4.092732,768000,768000,1.000000000,1,2025-12-05 03:04:00.000000,2025-12-05 03:04:59.999922,1,BAYxx_xxxx_20251205_025530_000.7z
2025-12-05 03:05:00,2.449828,0.002449828,8.129122,-3.495247,-2.184047,704131,768000,0.916837240,0,2025-12-05 03:05:00.000000,2025-12-05 03:05:59.999922,2,BAYxx_xxxx_20251205_025530_000.7z;BAYxx_xxxx_20251205_030535_000.7z
2025-12-05 03:06:00,-9.164808,-0.009164808,-0.143609,-3.440188,-5.581012,768000,768000,1.000000000,1,2025-12-05 03:06:00.000000,2025-12-05 03:06:59.999922,1,BAYxx_xxxx_20251205_030535_000.7z
2025-12-05 03:07:00,-9.958122,-0.009958122,-2.936162,-1.388878,-5.633082,768000,768000,1.000000000,1,2025-12-05 03:07:00.000000,2025-12-05 03:07:59.999922,1,BAYxx_xxxx_20251205_030535_000.7z
2025-12-05 03:08:00,-7.789754,-0.007789754,-3.319529,1.322895,-5.793120,768000,768000,1.000000000,1,2025-12-05 03:08:00.000000,2025-12-05 03:08:59.999922,1,BAYxx_xxxx_20251205_030535_000.7z
2025-12-05 03:09:00,2.749093,0.002749093,6.143837,-1.159901,-2.234843,768000,768000,1.000000000,1,2025-12-05 03:09:00.000000,2025-12-05 03:09:59.999922,1,BAYxx_xxxx_20251205_030535_000.7z
2025-12-05 03:10:00,5.720757,0.005720757,4.288456,4.909175,-3.476874,768000,768000,1.000000000,1,2025-12-05 03:10:00.000000,2025-12-05 03:10:59.999922,1,BAYxx_xxxx_20251205_030535_000.7z
2025-12-05 03:11:00,7.859881,0.007859881,8.955583,5.658527,-6.754229,768000,768000,1.000000000,1,2025-12-05 03:11:00.000000,2025-12-05 03:11:59.999922,1,BAYxx_xxxx_20251205_030535_000.7z
2025-12-05 03:12:00,1.362516,0.001362516,8.112793,2.433870,-9.184147,768000,768000,1.000000000,1,2025-12-05 03:12:00.000000,2025-12-05 03:12:59.999922,1,BAYxx_xxxx_20251205_030535_000.7z
2025-12-05 03:13:00,3.988810,0.003988810,7.405065,4.448390,-7.864645,768000,768000,1.000000000,1,2025-12-05 03:13:00.000000,2025-12-05 03:13:59.999922,1,BAYxx_xxxx_20251205_030535_000.7z
2025-12-05 03:14:00,-2.151386,-0.002151386,3.289276,-0.411446,-5.029216,768000,768000,1.000000000,1,2025-12-05 03:14:00.000000,2025-12-05 03:14:59.999922,1,BAYxx_xxxx_20251205_030535_000.7z
2025-12-05 03:15:00,-9.097848,-0.009097848,0.884402,-4.624861,-5.357389,716910,768000,0.933476562,0,2025-12-05 03:15:00.000000,2025-12-05 03:15:59.999922,2,BAYxx_xxxx_20251205_030535_000.7z;BAYxx_xxxx_20251205_031539_000.7z
2025-12-05 03:16:00,-5.059466,-0.005059466,0.114131,1.744071,-6.917668,768000,768000,1.000000000,1,2025-12-05 03:16:00.000000,2025-12-05 03:16:59.999922,1,BAYxx_xxxx_20251205_031539_000.7z
2025-12-05 03:17:00,2.285430,0.002285430,8.378878,4.217237,-10.310685,768000,768000,1.000000000,1,2025-12-05 03:17:00.000000,2025-12-05 03:17:59.999922,1,BAYxx_xxxx_20251205_031539_000.7z
2025-12-05 03:18:00,-7.584271,-0.007584271,0.512925,-3.082012,-5.015184,768000,768000,1.000000000,1,2025-12-05 03:18:00.000000,2025-12-05 03:18:59.999922,1,BAYxx_xxxx_20251205_031539_000.7z
2025-12-05 03:19:00,-3.628930,-0.003628930,-0.563015,3.667302,-6.733216,768000,768000,1.000000000,1,2025-12-05 03:19:00.000000,2025-12-05 03:19:59.999922,1,BAYxx_xxxx_20251205_031539_000.7z
2025-12-05 03:20:00,-11.204364,-0.011204364,2.513540,-3.502136,-10.215768,768000,768000,1.000000000,1,2025-12-05 03:20:00.000000,2025-12-05 03:20:59.999922,1,BAYxx_xxxx_20251205_031539_000.7z
2025-12-05 03:21:00,-4.553314,-0.004553314,0.511873,-3.073763,-1.991425,768000,768000,1.000000000,1,2025-12-05 03:21:00.000000,2025-12-05 03:21:59.999922,1,BAYxx_xxxx_20251205_031539_000.7z
2025-12-05 03:22:00,-4.988564,-0.004988564,5.060273,-3.352210,-6.696628,768000,768000,1.000000000,1,2025-12-05 03:22:00.000000,2025-12-05 03:22:59.999922,1,BAYxx_xxxx_20251205_031539_000.7z
2025-12-05 03:23:00,-2.275198,-0.002275198,2.386188,1.457439,-6.118825,768000,768000,1.000000000,1,2025-12-05 03:23:00.000000,2025-12-05 03:23:59.999922,1,BAYxx_xxxx_20251205_031539_000.7z
2025-12-05 03:24:00,-6.446575,-0.006446575,0.653882,-1.492164,-5.608293,768000,768000,1.000000000,1,2025-12-05 03:24:00.000000,2025-12-05 03:24:59.999922,1,BAYxx_xxxx_20251205_031539_000.7z
2025-12-05 03:25:00,-5.032140,-0.005032140,2.040109,-0.258593,-6.813656,729736,768000,0.950177083,0,2025-12-05 03:25:00.000000,2025-12-05 03:25:59.999922,2,BAYxx_xxxx_20251205_031539_000.7z;BAYxx_xxxx_20251205_032542_000.7z
2025-12-05 03:26:00,-7.757445,-0.007757445,-1.080130,0.952386,-7.629701,768000,768000,1.000000000,1,2025-12-05 03:26:00.000000,2025-12-05 03:26:59.999922,1,BAYxx_xxxx_20251205_032542_000.7z
2025-12-05 03:27:00,-2.651080,-0.002651080,0.703069,-3.967161,0.613013,768000,768000,1.000000000,1,2025-12-05 03:27:00.000000,2025-12-05 03:27:59.999922,1,BAYxx_xxxx_20251205_032542_000.7z
2025-12-05 03:28:00,-2.266040,-0.002266040,3.157047,-0.156540,-5.266547,768000,768000,1.000000000,1,2025-12-05 03:28:00.000000,2025-12-05 03:28:59.999922,1,BAYxx_xxxx_20251205_032542_000.7z
2025-12-05 03:29:00,-0.365640,-0.000365640,0.048241,4.082027,-4.495908,768000,768000,1.000000000,1,2025-12-05 03:29:00.000000,2025-12-05 03:29:59.999922,1,BAYxx_xxxx_20251205_032542_000.7z
2025-12-05 03:30:00,-11.800425,-0.011800425,1.005998,-0.837972,-11.968452,768000,768000,1.000000000,1,2025-12-05 03:30:00.000000,2025-12-05 03:30:59.999922,1,BAYxx_xxxx_20251205_032542_000.7z
2025-12-05 03:31:00,-6.121964,-0.006121964,4.095657,-4.280266,-5.937354,768000,768000,1.000000000,1,2025-12-05 03:31:00.000000,2025-12-05 03:31:59.999922,1,BAYxx_xxxx_20251205_032542_000.7z
2025-12-05 03:32:00,8.009679,0.008009679,10.857551,5.096321,-7.944194,768000,768000,1.000000000,1,2025-12-05 03:32:00.000000,2025-12-05 03:32:59.999922,1,BAYxx_xxxx_20251205_032542_000.7z
2025-12-05 03:33:00,9.957981,0.009957981,12.438097,3.608880,-6.088996,768000,768000,1.000000000,1,2025-12-05 03:33:00.000000,2025-12-05 03:33:59.999922,1,BAYxx_xxxx_20251205_032542_000.7z
2025-12-05 03:34:00,-3.408658,-0.003408658,10.291027,-6.200429,-7.499256,768000,768000,1.000000000,1,2025-12-05 03:34:00.000000,2025-12-05 03:34:59.999922,1,BAYxx_xxxx_20251205_032542_000.7z
2025-12-05 03:35:00,1.369752,0.001369752,9.173521,1.635874,-9.439643,704034,768000,0.916710937,0,2025-12-05 03:35:00.000000,2025-12-05 03:35:59.999922,2,BAYxx_xxxx_20251205_032542_000.7z;BAYxx_xxxx_20251205_033547_000.7z
2025-12-05 03:36:00,-4.217843,-0.004217843,2.388592,0.553875,-7.160310,768000,768000,1.000000000,1,2025-12-05 03:36:00.000000,2025-12-05 03:36:59.999922,1,BAYxx_xxxx_20251205_033547_000.7z
2025-12-05 03:37:00,-8.566924,-0.008566924,5.742139,-7.781317,-6.527746,768000,768000,1.000000000,1,2025-12-05 03:37:00.000000,2025-12-05 03:37:59.999922,1,BAYxx_xxxx_20251205_033547_000.7z
2025-12-05 03:38:00,-4.279091,-0.004279091,5.452784,-3.325779,-6.406097,768000,768000,1.000000000,1,2025-12-05 03:38:00.000000,2025-12-05 03:38:59.999922,1,BAYxx_xxxx_20251205_033547_000.7z
2025-12-05 03:39:00,-3.886212,-0.003886212,-1.013331,0.252777,-3.125658,768000,768000,1.000000000,1,2025-12-05 03:39:00.000000,2025-12-05 03:39:59.999922,1,BAYxx_xxxx_20251205_033547_000.7z
2025-12-05 03:40:00,-12.652129,-0.012652129,-0.822641,-4.944034,-6.885455,768000,768000,1.000000000,1,2025-12-05 03:40:00.000000,2025-12-05 03:40:59.999922,1,BAYxx_xxxx_20251205_033547_000.7z
2025-12-05 03:41:00,-9.811182,-0.009811182,-1.916932,-2.728049,-5.166201,768000,768000,1.000000000,1,2025-12-05 03:41:00.000000,2025-12-05 03:41:59.999922,1,BAYxx_xxxx_20251205_033547_000.7z
2025-12-05 03:42:00,-9.101664,-0.009101664,-0.108567,-6.898893,-2.094204,768000,768000,1.000000000,1,2025-12-05 03:42:00.000000,2025-12-05 03:42:59.999922,1,BAYxx_xxxx_20251205_033547_000.7z
2025-12-05 03:43:00,-11.362791,-0.011362791,0.790071,-3.333363,-8.819500,768000,768000,1.000000000,1,2025-12-05 03:43:00.000000,2025-12-05 03:43:59.999922,1,BAYxx_xxxx_20251205_033547_000.7z
2025-12-05 03:44:00,-3.628844,-0.003628844,1.640083,-1.776269,-3.492658,768000,768000,1.000000000,1,2025-12-05 03:44:00.000000,2025-12-05 03:44:59.999922,1,BAYxx_xxxx_20251205_033547_000.7z
2025-12-05 03:45:00,-3.601413,-0.003601413,3.016006,-2.474324,-4.143096,716931,768000,0.933503906,0,2025-12-05 03:45:00.000000,2025-12-05 03:45:59.999922,2,BAYxx_xxxx_20251205_033547_000.7z;BAYxx_xxxx_20251205_034551_000.7z
2025-12-05 03:46:00,-10.611165,-0.010611165,2.508444,-6.140751,-6.978858,768000,768000,1.000000000,1,2025-12-05 03:46:00.000000,2025-12-05 03:46:59.999922,1,BAYxx_xxxx_20251205_034551_000.7z
2025-12-05 03:47:00,-2.817474,-0.002817474,3.893034,0.625271,-7.335779,768000,768000,1.000000000,1,2025-12-05 03:47:00.000000,2025-12-05 03:47:59.999922,1,BAYxx_xxxx_20251205_034551_000.7z
2025-12-05 03:48:00,-3.126812,-0.003126812,1.812904,-0.878029,-4.061687,768000,768000,1.000000000,1,2025-12-05 03:48:00.000000,2025-12-05 03:48:59.999922,1,BAYxx_xxxx_20251205_034551_000.7z
2025-12-05 03:49:00,-8.032615,-0.008032615,-2.186480,-3.338047,-2.508088,768000,768000,1.000000000,1,2025-12-05 03:49:00.000000,2025-12-05 03:49:59.999922,1,BAYxx_xxxx_20251205_034551_000.7z
2025-12-05 03:50:00,-15.059925,-0.015059925,0.386725,-8.824881,-6.621770,768000,768000,1.000000000,1,2025-12-05 03:50:00.000000,2025-12-05 03:50:59.999922,1,BAYxx_xxxx_20251205_034551_000.7z
2025-12-05 03:51:00,-9.820923,-0.009820923,1.774876,-5.758061,-5.837738,768000,768000,1.000000000,1,2025-12-05 03:51:00.000000,2025-12-05 03:51:59.999922,1,BAYxx_xxxx_20251205_034551_000.7z
2025-12-05 03:52:00,-4.929783,-0.004929783,-1.765030,-3.014658,-0.150095,768000,768000,1.000000000,1,2025-12-05 03:52:00.000000,2025-12-05 03:52:59.999922,1,BAYxx_xxxx_20251205_034551_000.7z
2025-12-05 03:53:00,-1.690408,-0.001690408,3.176304,2.255715,-7.122427,768000,768000,1.000000000,1,2025-12-05 03:53:00.000000,2025-12-05 03:53:59.999922,1,BAYxx_xxxx_20251205_034551_000.7z
2025-12-05 03:54:00,8.365909,0.008365909,13.634171,2.700917,-7.969179,768000,768000,1.000000000,1,2025-12-05 03:54:00.000000,2025-12-05 03:54:59.999922,1,BAYxx_xxxx_20251205_034551_000.7z
2025-12-05 03:55:00,3.481070,0.003481070,6.896858,4.608948,-8.024735,704131,768000,0.916837240,0,2025-12-05 03:55:00.000000,2025-12-05 03:55:59.999922,2,BAYxx_xxxx_20251205_034551_000.7z;BAYxx_xxxx_20251205_035556_000.7z
2025-12-05 03:56:00,-0.663452,-0.000663452,6.879826,1.286049,-8.829327,768000,768000,1.000000000,1,2025-12-05 03:56:00.000000,2025-12-05 03:56:59.999922,1,BAYxx_xxxx_20251205_035556_000.7z
2025-12-05 03:57:00,-3.220498,-0.003220498,6.537559,2.823296,-12.581352,768000,768000,1.000000000,1,2025-12-05 03:57:00.000000,2025-12-05 03:57:59.999922,1,BAYxx_xxxx_20251205_035556_000.7z
2025-12-05 03:58:00,4.426224,0.004426224,8.574627,5.497448,-9.645851,768000,768000,1.000000000,1,2025-12-05 03:58:00.000000,2025-12-05 03:58:59.999922,1,BAYxx_xxxx_20251205_035556_000.7z
2025-12-05 03:59:00,-8.334142,-0.008334142,1.606495,-4.998445,-4.942192,768000,768000,1.000000000,1,2025-12-05 03:59:00.000000,2025-12-05 03:59:59.999922,1,BAYxx_xxxx_20251205_035556_000.7z
2025-12-05 04:00:00,-7.229086,-0.007229086,-1.208789,4.010554,-10.030850,768000,768000,1.000000000,1,2025-12-05 04:00:00.000000,2025-12-05 04:00:59.999922,1,BAYxx_xxxx_20251205_035556_000.7z
2025-12-05 04:01:00,-11.258594,-0.011258594,-1.558059,-4.101236,-5.599299,768000,768000,1.000000000,1,2025-12-05 04:01:00.000000,2025-12-05 04:01:59.999922,1,BAYxx_xxxx_20251205_035556_000.7z
2025-12-05 04:02:00,-12.081360,-0.012081360,-0.924569,-2.692458,-8.464332,768000,768000,1.000000000,1,2025-12-05 04:02:00.000000,2025-12-05 04:02:59.999922,1,BAYxx_xxxx_20251205_035556_000.7z
2025-12-05 04:03:00,-4.648345,-0.004648345,5.765217,-6.578722,-3.834840,768000,768000,1.000000000,1,2025-12-05 04:03:00.000000,2025-12-05 04:03:59.999922,1,BAYxx_xxxx_20251205_035556_000.7z
2025-12-05 04:04:00,-6.147623,-0.006147623,4.188643,-4.919146,-5.417119,768000,768000,1.000000000,1,2025-12-05 04:04:00.000000,2025-12-05 04:04:59.999922,1,BAYxx_xxxx_20251205_035556_000.7z
2025-12-05 04:05:00,-8.743809,-0.008743809,0.575977,-5.301373,-4.018412,729679,768000,0.950102865,0,2025-12-05 04:05:00.000000,2025-12-05 04:05:59.999922,2,BAYxx_xxxx_20251205_035556_000.7z;BAYxx_xxxx_20251205_040559_000.7z
2025-12-05 04:06:00,-9.494312,-0.009494312,2.682195,-3.756671,-8.419835,768000,768000,1.000000000,1,2025-12-05 04:06:00.000000,2025-12-05 04:06:59.999922,1,BAYxx_xxxx_20251205_040559_000.7z
2025-12-05 04:07:00,-5.271074,-0.005271074,7.438841,-7.167855,-5.542060,768000,768000,1.000000000,1,2025-12-05 04:07:00.000000,2025-12-05 04:07:59.999922,1,BAYxx_xxxx_20251205_040559_000.7z
2025-12-05 04:08:00,-13.398537,-0.013398537,8.026639,-12.327048,-9.098127,768000,768000,1.000000000,1,2025-12-05 04:08:00.000000,2025-12-05 04:08:59.999922,1,BAYxx_xxxx_20251205_040559_000.7z
2025-12-05 04:09:00,-3.822768,-0.003822768,4.198237,-2.381214,-5.639791,768000,768000,1.000000000,1,2025-12-05 04:09:00.000000,2025-12-05 04:09:59.999922,1,BAYxx_xxxx_20251205_040559_000.7z
2025-12-05 04:10:00,-9.907445,-0.009907445,3.884133,-9.587751,-4.203827,768000,768000,1.000000000,1,2025-12-05 04:10:00.000000,2025-12-05 04:10:59.999922,1,BAYxx_xxxx_20251205_040559_000.7z
2025-12-05 04:11:00,2.885414,0.002885414,5.556738,-1.967679,-0.703646,768000,768000,1.000000000,1,2025-12-05 04:11:00.000000,2025-12-05 04:11:59.999922,1,BAYxx_xxxx_20251205_040559_000.7z
2025-12-05 04:12:00,-3.100297,-0.003100297,3.721246,-1.559398,-5.262144,768000,768000,1.000000000,1,2025-12-05 04:12:00.000000,2025-12-05 04:12:59.999922,1,BAYxx_xxxx_20251205_040559_000.7z
2025-12-05 04:13:00,-5.908320,-0.005908320,0.627022,-1.815477,-4.719865,768000,768000,1.000000000,1,2025-12-05 04:13:00.000000,2025-12-05 04:13:59.999922,1,BAYxx_xxxx_20251205_040559_000.7z
2025-12-05 04:14:00,0.294207,0.000294207,11.641821,0.484275,-11.831889,768000,768000,1.000000000,1,2025-12-05 04:14:00.000000,2025-12-05 04:14:59.999922,1,BAYxx_xxxx_20251205_040559_000.7z
2025-12-05 04:15:00,7.176727,0.007176727,11.808849,5.043991,-9.676113,755307,768000,0.983472656,0,2025-12-05 04:15:00.000000,2025-12-05 04:15:59.008281,1,BAYxx_xxxx_20251205_040559_000.7z
2025-12-05 04:16:00,8.444332,0.008444332,11.026772,8.935359,-11.517799,729600,768000,0.950000000,0,2025-12-05 04:16:03.000000,2025-12-05 04:16:59.999922,1,BAYxx_xxxx_20251205_041603_000.7z
2025-12-05 04:17:00,3.004879,0.003004879,12.631490,-1.070558,-8.556054,768000,768000,1.000000000,1,2025-12-05 04:17:00.000000,2025-12-05 04:17:59.999922,1,BAYxx_xxxx_20251205_041603_000.7z
2025-12-05 04:18:00,2.606010,0.002606010,5.999398,4.149992,-7.543380,768000,768000,1.000000000,1,2025-12-05 04:18:00.000000,2025-12-05 04:18:59.999922,1,BAYxx_xxxx_20251205_041603_000.7z
2025-12-05 04:19:00,-3.332479,-0.003332479,5.122177,2.646903,-11.101559,768000,768000,1.000000000,1,2025-12-05 04:19:00.000000,2025-12-05 04:19:59.999922,1,BAYxx_xxxx_20251205_041603_000.7z
2025-12-05 04:20:00,7.377147,0.007377147,7.511940,4.363870,-4.498663,768000,768000,1.000000000,1,2025-12-05 04:20:00.000000,2025-12-05 04:20:59.999922,1,BAYxx_xxxx_20251205_041603_000.7z
2025-12-05 04:21:00,-8.925154,-0.008925154,0.946298,-1.457166,-8.414286,768000,768000,1.000000000,1,2025-12-05 04:21:00.000000,2025-12-05 04:21:59.999922,1,BAYxx_xxxx_20251205_041603_000.7z
2025-12-05 04:22:00,-3.585113,-0.003585113,5.349673,-3.135678,-5.799108,768000,768000,1.000000000,1,2025-12-05 04:22:00.000000,2025-12-05 04:22:59.999922,1,BAYxx_xxxx_20251205_041603_000.7z
2025-12-05 04:23:00,-1.785965,-0.001785965,3.364125,0.268002,-5.418091,768000,768000,1.000000000,1,2025-12-05 04:23:00.000000,2025-12-05 04:23:59.999922,1,BAYxx_xxxx_20251205_041603_000.7z
2025-12-05 04:24:00,-12.555506,-0.012555506,-3.789845,-3.818507,-4.947154,768000,768000,1.000000000,1,2025-12-05 04:24:00.000000,2025-12-05 04:24:59.999922,1,BAYxx_xxxx_20251205_041603_000.7z
2025-12-05 04:25:00,-8.646005,-0.008646005,-2.822564,-4.872158,-0.951283,768000,768000,1.000000000,1,2025-12-05 04:25:00.000000,2025-12-05 04:25:59.999922,1,BAYxx_xxxx_20251205_041603_000.7z
2025-12-05 04:26:00,-12.613689,-0.012613689,-4.456189,-2.575692,-5.581808,716869,768000,0.933423177,0,2025-12-05 04:26:00.000000,2025-12-05 04:26:59.999922,2,BAYxx_xxxx_20251205_041603_000.7z;BAYxx_xxxx_20251205_042607_000.7z
2025-12-05 04:27:00,-6.854699,-0.006854699,2.887144,-7.033232,-2.708611,768000,768000,1.000000000,1,2025-12-05 04:27:00.000000,2025-12-05 04:27:59.999922,1,BAYxx_xxxx_20251205_042607_000.7z
2025-12-05 04:28:00,-5.759296,-0.005759296,-4.109112,3.063447,-4.713632,768000,768000,1.000000000,1,2025-12-05 04:28:00.000000,2025-12-05 04:28:59.999922,1,BAYxx_xxxx_20251205_042607_000.7z
2025-12-05 04:29:00,-2.983509,-0.002983509,1.052701,0.448953,-4.485163,768000,768000,1.000000000,1,2025-12-05 04:29:00.000000,2025-12-05 04:29:59.999922,1,BAYxx_xxxx_20251205_042607_000.7z
2025-12-05 04:30:00,-4.688725,-0.004688725,1.027377,-0.647348,-5.068754,768000,768000,1.000000000,1,2025-12-05 04:30:00.000000,2025-12-05 04:30:59.999922,1,BAYxx_xxxx_20251205_042607_000.7z
2025-12-05 04:31:00,-8.641064,-0.008641064,-0.177033,-2.530019,-5.934012,768000,768000,1.000000000,1,2025-12-05 04:31:00.000000,2025-12-05 04:31:59.999922,1,BAYxx_xxxx_20251205_042607_000.7z
2025-12-05 04:32:00,-9.776902,-0.009776902,0.516604,-2.440107,-7.853399,768000,768000,1.000000000,1,2025-12-05 04:32:00.000000,2025-12-05 04:32:59.999922,1,BAYxx_xxxx_20251205_042607_000.7z
2025-12-05 04:33:00,-4.480786,-0.004480786,2.839036,-2.210807,-5.109015,768000,768000,1.000000000,1,2025-12-05 04:33:00.000000,2025-12-05 04:33:59.999922,1,BAYxx_xxxx_20251205_042607_000.7z
2025-12-05 04:34:00,-15.261636,-0.015261636,-4.964647,-5.002672,-5.294317,768000,768000,1.000000000,1,2025-12-05 04:34:00.000000,2025-12-05 04:34:59.999922,1,BAYxx_xxxx_20251205_042607_000.7z
2025-12-05 04:35:00,-10.813456,-0.010813456,-3.158224,-0.567169,-7.088063,768000,768000,1.000000000,1,2025-12-05 04:35:00.000000,2025-12-05 04:35:59.999922,1,BAYxx_xxxx_20251205_042607_000.7z
2025-12-05 04:36:00,-10.252859,-0.010252859,1.625867,-5.786413,-6.092313,704104,768000,0.916802083,0,2025-12-05 04:36:00.000000,2025-12-05 04:36:59.999922,2,BAYxx_xxxx_20251205_042607_000.7z;BAYxx_xxxx_20251205_043612_000.7z
2025-12-05 04:37:00,-1.450567,-0.001450567,0.573149,8.344223,-10.367939,768000,768000,1.000000000,1,2025-12-05 04:37:00.000000,2025-12-05 04:37:59.999922,1,BAYxx_xxxx_20251205_043612_000.7z
2025-12-05 04:38:00,3.304095,0.003304095,8.212712,2.856780,-7.765397,768000,768000,1.000000000,1,2025-12-05 04:38:00.000000,2025-12-05 04:38:59.999922,1,BAYxx_xxxx_20251205_043612_000.7z
2025-12-05 04:39:00,13.206132,0.013206132,8.779875,10.127102,-5.700845,768000,768000,1.000000000,1,2025-12-05 04:39:00.000000,2025-12-05 04:39:59.999922,1,BAYxx_xxxx_20251205_043612_000.7z
2025-12-05 04:40:00,1.918452,0.001918452,10.421783,1.158359,-9.661690,768000,768000,1.000000000,1,2025-12-05 04:40:00.000000,2025-12-05 04:40:59.999922,1,BAYxx_xxxx_20251205_043612_000.7z
2025-12-05 04:41:00,-5.140744,-0.005140744,9.019038,0.399484,-14.559266,768000,768000,1.000000000,1,2025-12-05 04:41:00.000000,2025-12-05 04:41:59.999922,1,BAYxx_xxxx_20251205_043612_000.7z
2025-12-05 04:42:00,-1.862454,-0.001862454,2.332260,-2.416092,-1.778623,768000,768000,1.000000000,1,2025-12-05 04:42:00.000000,2025-12-05 04:42:59.999922,1,BAYxx_xxxx_20251205_043612_000.7z
2025-12-05 04:43:00,-0.866153,-0.000866153,5.803649,-2.174099,-4.495703,768000,768000,1.000000000,1,2025-12-05 04:43:00.000000,2025-12-05 04:43:59.999922,1,BAYxx_xxxx_20251205_043612_000.7z
2025-12-05 04:44:00,-7.117333,-0.007117333,3.811648,-5.496145,-5.432836,768000,768000,1.000000000,1,2025-12-05 04:44:00.000000,2025-12-05 04:44:59.999922,1,BAYxx_xxxx_20251205_043612_000.7z
2025-12-05 04:45:00,-4.092117,-0.004092117,3.425529,-1.855967,-5.661679,768000,768000,1.000000000,1,2025-12-05 04:45:00.000000,2025-12-05 04:45:59.999922,1,BAYxx_xxxx_20251205_043612_000.7z
2025-12-05 04:46:00,-10.583989,-0.010583989,0.419172,-6.805435,-4.197726,704057,768000,0.916740885,0,2025-12-05 04:46:00.000000,2025-12-05 04:46:59.999922,2,BAYxx_xxxx_20251205_043612_000.7z;BAYxx_xxxx_20251205_044617_000.7z
2025-12-05 04:47:00,-16.585270,-0.016585270,-5.154819,-5.576074,-5.854378,768000,768000,1.000000000,1,2025-12-05 04:47:00.000000,2025-12-05 04:47:59.999922,1,BAYxx_xxxx_20251205_044617_000.7z
2025-12-05 04:48:00,-4.296837,-0.004296837,2.707051,-3.201924,-3.801965,768000,768000,1.000000000,1,2025-12-05 04:48:00.000000,2025-12-05 04:48:59.999922,1,BAYxx_xxxx_20251205_044617_000.7z
2025-12-05 04:49:00,-5.832206,-0.005832206,2.925714,-2.924054,-5.833866,768000,768000,1.000000000,1,2025-12-05 04:49:00.000000,2025-12-05 04:49:59.999922,1,BAYxx_xxxx_20251205_044617_000.7z
2025-12-05 04:50:00,-9.181383,-0.009181383,0.822664,-4.308013,-5.696033,768000,768000,1.000000000,1,2025-12-05 04:50:00.000000,2025-12-05 04:50:59.999922,1,BAYxx_xxxx_20251205_044617_000.7z
2025-12-05 04:51:00,-5.297666,-0.005297666,1.379718,-2.499378,-4.178005,768000,768000,1.000000000,1,2025-12-05 04:51:00.000000,2025-12-05 04:51:59.999922,1,BAYxx_xxxx_20251205_044617_000.7z
2025-12-05 04:52:00,-6.200610,-0.006200610,2.004784,-4.268950,-3.936444,768000,768000,1.000000000,1,2025-12-05 04:52:00.000000,2025-12-05 04:52:59.999922,1,BAYxx_xxxx_20251205_044617_000.7z
2025-12-05 04:53:00,-10.258225,-0.010258225,-3.002899,-1.900595,-5.354731,768000,768000,1.000000000,1,2025-12-05 04:53:00.000000,2025-12-05 04:53:59.999922,1,BAYxx_xxxx_20251205_044617_000.7z
2025-12-05 04:54:00,-3.626204,-0.003626204,4.407006,-3.250657,-4.782553,768000,768000,1.000000000,1,2025-12-05 04:54:00.000000,2025-12-05 04:54:59.999922,1,BAYxx_xxxx_20251205_044617_000.7z
2025-12-05 04:55:00,-9.149062,-0.009149062,-0.755066,-2.858999,-5.534997,768000,768000,1.000000000,1,2025-12-05 04:55:00.000000,2025-12-05 04:55:59.999922,1,BAYxx_xxxx_20251205_044617_000.7z
2025-12-05 04:56:00,-9.079099,-0.009079099,0.597151,-4.297187,-5.379063,729734,768000,0.950174479,0,2025-12-05 04:56:00.000000,2025-12-05 04:56:59.999922,2,BAYxx_xxxx_20251205_044617_000.7z;BAYxx_xxxx_20251205_045620_000.7z
2025-12-05 04:57:00,-3.456042,-0.003456042,1.306225,1.134117,-5.896385,768000,768000,1.000000000,1,2025-12-05 04:57:00.000000,2025-12-05 04:57:59.999922,1,BAYxx_xxxx_20251205_045620_000.7z
2025-12-05 04:58:00,-13.349905,-0.013349905,-1.920384,-7.691738,-3.737782,768000,768000,1.000000000,1,2025-12-05 04:58:00.000000,2025-12-05 04:58:59.999922,1,BAYxx_xxxx_20251205_045620_000.7z
2025-12-05 04:59:00,-1.458256,-0.001458256,5.322718,6.007759,-12.788733,768000,768000,1.000000000,1,2025-12-05 04:59:00.000000,2025-12-05 04:59:59.999922,1,BAYxx_xxxx_20251205_045620_000.7z
2025-12-05 05:00:00,3.938539,0.003938539,7.236016,4.040261,-7.337738,768000,768000,1.000000000,1,2025-12-05 05:00:00.000000,2025-12-05 05:00:59.999922,1,BAYxx_xxxx_20251205_045620_000.7z
2025-12-05 05:01:00,-0.129927,-0.000129927,5.382579,2.475482,-7.987988,768000,768000,1.000000000,1,2025-12-05 05:01:00.000000,2025-12-05 05:01:59.999922,1,BAYxx_xxxx_20251205_045620_000.7z
2025-12-05 05:02:00,1.518090,0.001518090,6.695707,2.349747,-7.527364,768000,768000,1.000000000,1,2025-12-05 05:02:00.000000,2025-12-05 05:02:59.999922,1,BAYxx_xxxx_20251205_045620_000.7z
2025-12-05 05:03:00,11.717917,0.011717917,14.735861,6.236634,-9.254578,768000,768000,1.000000000,1,2025-12-05 05:03:00.000000,2025-12-05 05:03:59.999922,1,BAYxx_xxxx_20251205_045620_000.7z
2025-12-05 05:04:00,0.755509,0.000755509,6.334899,-1.712138,-3.867252,768000,768000,1.000000000,1,2025-12-05 05:04:00.000000,2025-12-05 05:04:59.999922,1,BAYxx_xxxx_20251205_045620_000.7z
2025-12-05 05:05:00,-5.175913,-0.005175913,-1.388546,0.550992,-4.338359,768000,768000,1.000000000,1,2025-12-05 05:05:00.000000,2025-12-05 05:05:59.999922,1,BAYxx_xxxx_20251205_045620_000.7z
2025-12-05 05:06:00,-12.117218,-0.012117218,-0.759419,-6.593808,-4.763991,704114,768000,0.916815104,0,2025-12-05 05:06:00.000000,2025-12-05 05:06:59.999922,2,BAYxx_xxxx_20251205_045620_000.7z;BAYxx_xxxx_20251205_050625_000.7z
2025-12-05 05:07:00,-4.624948,-0.004624948,1.018146,0.550447,-6.193541,768000,768000,1.000000000,1,2025-12-05 05:07:00.000000,2025-12-05 05:07:59.999922,1,BAYxx_xxxx_20251205_050625_000.7z
2025-12-05 05:08:00,-0.654267,-0.000654267,5.140162,-0.645000,-5.149429,768000,768000,1.000000000,1,2025-12-05 05:08:00.000000,2025-12-05 05:08:59.999922,1,BAYxx_xxxx_20251205_050625_000.7z
2025-12-05 05:09:00,-9.767246,-0.009767246,-1.719104,-4.140443,-3.907700,768000,768000,1.000000000,1,2025-12-05 05:09:00.000000,2025-12-05 05:09:59.999922,1,BAYxx_xxxx_20251205_050625_000.7z
2025-12-05 05:10:00,-7.435795,-0.007435795,0.077035,-1.727472,-5.785358,768000,768000,1.000000000,1,2025-12-05 05:10:00.000000,2025-12-05 05:10:59.999922,1,BAYxx_xxxx_20251205_050625_000.7z
2025-12-05 05:11:00,-9.978260,-0.009978260,1.247367,-5.791948,-5.433679,768000,768000,1.000000000,1,2025-12-05 05:11:00.000000,2025-12-05 05:11:59.999922,1,BAYxx_xxxx_20251205_050625_000.7z
2025-12-05 05:12:00,-6.576211,-0.006576211,0.260483,-1.643434,-5.193260,768000,768000,1.000000000,1,2025-12-05 05:12:00.000000,2025-12-05 05:12:59.999922,1,BAYxx_xxxx_20251205_050625_000.7z
2025-12-05 05:13:00,-8.664774,-0.008664774,2.005482,-5.369800,-5.300456,768000,768000,1.000000000,1,2025-12-05 05:13:00.000000,2025-12-05 05:13:59.999922,1,BAYxx_xxxx_20251205_050625_000.7z
2025-12-05 05:14:00,-4.077087,-0.004077087,1.011943,-0.514540,-4.574490,768000,768000,1.000000000,1,2025-12-05 05:14:00.000000,2025-12-05 05:14:59.999922,1,BAYxx_xxxx_20251205_050625_000.7z
2025-12-05 05:15:00,-9.479477,-0.009479477,1.364936,-1.198463,-9.645949,768000,768000,1.000000000,1,2025-12-05 05:15:00.000000,2025-12-05 05:15:59.999922,1,BAYxx_xxxx_20251205_050625_000.7z
2025-12-05 05:16:00,-11.922929,-0.011922929,-1.847175,-2.763857,-7.311896,704026,768000,0.916700521,0,2025-12-05 05:16:00.000000,2025-12-05 05:16:59.999922,2,BAYxx_xxxx_20251205_050625_000.7z;BAYxx_xxxx_20251205_051630_000.7z
2025-12-05 05:17:00,-4.763794,-0.004763794,4.937145,-5.062942,-4.637996,768000,768000,1.000000000,1,2025-12-05 05:17:00.000000,2025-12-05 05:17:59.999922,1,BAYxx_xxxx_20251205_051630_000.7z
2025-12-05 05:18:00,-10.298949,-0.010298949,-4.109205,-2.525051,-3.664693,768000,768000,1.000000000,1,2025-12-05 05:18:00.000000,2025-12-05 05:18:59.999922,1,BAYxx_xxxx_20251205_051630_000.7z
2025-12-05 05:19:00,-3.388848,-0.003388848,0.568204,0.858570,-4.815622,768000,768000,1.000000000,1,2025-12-05 05:19:00.000000,2025-12-05 05:19:59.999922,1,BAYxx_xxxx_20251205_051630_000.7z
2025-12-05 05:20:00,-14.209816,-0.014209816,-8.213359,-3.133963,-2.862494,768000,768000,1.000000000,1,2025-12-05 05:20:00.000000,2025-12-05 05:20:59.999922,1,BAYxx_xxxx_20251205_051630_000.7z
2025-12-05 05:21:00,3.829990,0.003829990,8.630476,-0.520799,-4.279688,768000,768000,1.000000000,1,2025-12-05 05:21:00.000000,2025-12-05 05:21:59.999922,1,BAYxx_xxxx_20251205_051630_000.7z
2025-12-05 05:22:00,-1.347098,-0.001347098,2.157795,4.849932,-8.354826,768000,768000,1.000000000,1,2025-12-05 05:22:00.000000,2025-12-05 05:22:59.999922,1,BAYxx_xxxx_20251205_051630_000.7z
2025-12-05 05:23:00,-2.507740,-0.002507740,4.249585,1.763594,-8.520919,768000,768000,1.000000000,1,2025-12-05 05:23:00.000000,2025-12-05 05:23:59.999922,1,BAYxx_xxxx_20251205_051630_000.7z
2025-12-05 05:24:00,-1.185511,-0.001185511,2.822442,2.367614,-6.375567,768000,768000,1.000000000,1,2025-12-05 05:24:00.000000,2025-12-05 05:24:59.999922,1,BAYxx_xxxx_20251205_051630_000.7z
2025-12-05 05:25:00,7.791502,0.007791502,11.596094,4.422361,-8.226953,768000,768000,1.000000000,1,2025-12-05 05:25:00.000000,2025-12-05 05:25:59.999922,1,BAYxx_xxxx_20251205_051630_000.7z
2025-12-05 05:26:00,-5.780555,-0.005780555,1.132080,-0.661105,-6.251530,742494,768000,0.966789062,0,2025-12-05 05:26:00.000000,2025-12-05 05:26:59.999922,2,BAYxx_xxxx_20251205_051630_000.7z;BAYxx_xxxx_20251205_052632_000.7z
2025-12-05 05:27:00,-12.503350,-0.012503350,-2.867984,-0.186598,-9.448768,768000,768000,1.000000000,1,2025-12-05 05:27:00.000000,2025-12-05 05:27:59.999922,1,BAYxx_xxxx_20251205_052632_000.7z
2025-12-05 05:28:00,-9.816294,-0.009816294,0.807554,0.641312,-11.265160,768000,768000,1.000000000,1,2025-12-05 05:28:00.000000,2025-12-05 05:28:59.999922,1,BAYxx_xxxx_20251205_052632_000.7z
2025-12-05 05:29:00,-7.216884,-0.007216884,-5.939789,-2.604859,1.327763,768000,768000,1.000000000,1,2025-12-05 05:29:00.000000,2025-12-05 05:29:59.999922,1,BAYxx_xxxx_20251205_052632_000.7z
2025-12-05 05:30:00,-1.353144,-0.001353144,0.821262,2.101570,-4.275975,768000,768000,1.000000000,1,2025-12-05 05:30:00.000000,2025-12-05 05:30:59.999922,1,BAYxx_xxxx_20251205_052632_000.7z
2025-12-05 05:31:00,-6.634064,-0.006634064,1.430837,-3.222305,-4.842596,768000,768000,1.000000000,1,2025-12-05 05:31:00.000000,2025-12-05 05:31:59.999922,1,BAYxx_xxxx_20251205_052632_000.7z
2025-12-05 05:32:00,-1.357899,-0.001357899,5.299239,-0.904779,-5.752359,768000,768000,1.000000000,1,2025-12-05 05:32:00.000000,2025-12-05 05:32:59.999922,1,BAYxx_xxxx_20251205_052632_000.7z
2025-12-05 05:33:00,-12.537103,-0.012537103,-3.742931,-3.180439,-5.613733,768000,768000,1.000000000,1,2025-12-05 05:33:00.000000,2025-12-05 05:33:59.999922,1,BAYxx_xxxx_20251205_052632_000.7z
2025-12-05 05:34:00,-4.397504,-0.004397504,4.349320,-4.109509,-4.637315,768000,768000,1.000000000,1,2025-12-05 05:34:00.000000,2025-12-05 05:34:59.999922,1,BAYxx_xxxx_20251205_052632_000.7z
2025-12-05 05:35:00,-4.926347,-0.004926347,5.328851,-2.621593,-7.633606,768000,768000,1.000000000,1,2025-12-05 05:35:00.000000,2025-12-05 05:35:59.999922,1,BAYxx_xxxx_20251205_052632_000.7z
2025-12-05 05:36:00,-9.684984,-0.009684984,2.260686,-5.941105,-6.004565,716865,768000,0.933417969,0,2025-12-05 05:36:00.000000,2025-12-05 05:36:59.999922,2,BAYxx_xxxx_20251205_052632_000.7z;BAYxx_xxxx_20251205_053636_000.7z
2025-12-05 05:37:00,-15.191053,-0.015191053,-8.965597,-2.901095,-3.324361,768000,768000,1.000000000,1,2025-12-05 05:37:00.000000,2025-12-05 05:37:59.999922,1,BAYxx_xxxx_20251205_053636_000.7z
2025-12-05 05:38:00,-4.206833,-0.004206833,3.102884,-1.861350,-5.448367,768000,768000,1.000000000,1,2025-12-05 05:38:00.000000,2025-12-05 05:38:59.999922,1,BAYxx_xxxx_20251205_053636_000.7z
2025-12-05 05:39:00,-18.442647,-0.018442647,-4.241065,-8.044544,-6.157038,768000,768000,1.000000000,1,2025-12-05 05:39:00.000000,2025-12-05 05:39:59.999922,1,BAYxx_xxxx_20251205_053636_000.7z
2025-12-05 05:40:00,-1.697609,-0.001697609,7.488545,-7.222786,-1.963368,768000,768000,1.000000000,1,2025-12-05 05:40:00.000000,2025-12-05 05:40:59.999922,1,BAYxx_xxxx_20251205_053636_000.7z
2025-12-05 05:41:00,-3.833118,-0.003833118,3.010060,-0.964072,-5.879106,768000,768000,1.000000000,1,2025-12-05 05:41:00.000000,2025-12-05 05:41:59.999922,1,BAYxx_xxxx_20251205_053636_000.7z
2025-12-05 05:42:00,2.245737,0.002245737,7.002328,5.020579,-9.777169,768000,768000,1.000000000,1,2025-12-05 05:42:00.000000,2025-12-05 05:42:59.999922,1,BAYxx_xxxx_20251205_053636_000.7z
2025-12-05 05:43:00,8.623837,0.008623837,13.967623,3.388533,-8.732319,768000,768000,1.000000000,1,2025-12-05 05:43:00.000000,2025-12-05 05:43:59.999922,1,BAYxx_xxxx_20251205_053636_000.7z
2025-12-05 05:44:00,4.481954,0.004481954,5.983922,3.598930,-5.100897,768000,768000,1.000000000,1,2025-12-05 05:44:00.000000,2025-12-05 05:44:59.999922,1,BAYxx_xxxx_20251205_053636_000.7z
2025-12-05 05:45:00,3.638389,0.003638389,11.214491,1.377254,-8.953356,768000,768000,1.000000000,1,2025-12-05 05:45:00.000000,2025-12-05 05:45:59.999922,1,BAYxx_xxxx_20251205_053636_000.7z
2025-12-05 05:46:00,-2.823866,-0.002823866,6.651524,0.245856,-9.721245,716809,768000,0.933345052,0,2025-12-05 05:46:00.000000,2025-12-05 05:46:59.999922,2,BAYxx_xxxx_20251205_053636_000.7z;BAYxx_xxxx_20251205_054640_000.7z
2025-12-05 05:47:00,-2.544506,-0.002544506,9.883811,-6.593700,-5.834616,768000,768000,1.000000000,1,2025-12-05 05:47:00.000000,2025-12-05 05:47:59.999922,1,BAYxx_xxxx_20251205_054640_000.7z
2025-12-05 05:48:00,-8.422254,-0.008422254,0.741104,-0.707593,-8.455764,768000,768000,1.000000000,1,2025-12-05 05:48:00.000000,2025-12-05 05:48:59.999922,1,BAYxx_xxxx_20251205_054640_000.7z
2025-12-05 05:49:00,0.299759,0.000299759,7.646413,-2.013726,-5.332928,768000,768000,1.000000000,1,2025-12-05 05:49:00.000000,2025-12-05 05:49:59.999922,1,BAYxx_xxxx_20251205_054640_000.7z
2025-12-05 05:50:00,-6.844975,-0.006844975,-0.427699,-1.788329,-4.628946,768000,768000,1.000000000,1,2025-12-05 05:50:00.000000,2025-12-05 05:50:59.999922,1,BAYxx_xxxx_20251205_054640_000.7z
2025-12-05 05:51:00,-4.553626,-0.004553626,2.327395,-2.048164,-4.832857,768000,768000,1.000000000,1,2025-12-05 05:51:00.000000,2025-12-05 05:51:59.999922,1,BAYxx_xxxx_20251205_054640_000.7z
2025-12-05 05:52:00,1.590882,0.001590882,1.267056,7.285067,-6.961242,768000,768000,1.000000000,1,2025-12-05 05:52:00.000000,2025-12-05 05:52:59.999922,1,BAYxx_xxxx_20251205_054640_000.7z
2025-12-05 05:53:00,-9.113989,-0.009113989,-2.087690,-1.955841,-5.070458,768000,768000,1.000000000,1,2025-12-05 05:53:00.000000,2025-12-05 05:53:59.999922,1,BAYxx_xxxx_20251205_054640_000.7z
2025-12-05 05:54:00,-6.439478,-0.006439478,1.283840,-2.718206,-5.005112,768000,768000,1.000000000,1,2025-12-05 05:54:00.000000,2025-12-05 05:54:59.999922,1,BAYxx_xxxx_20251205_054640_000.7z
2025-12-05 05:55:00,-5.850235,-0.005850235,2.240358,-2.141590,-5.949003,768000,768000,1.000000000,1,2025-12-05 05:55:00.000000,2025-12-05 05:55:59.999922,1,BAYxx_xxxx_20251205_054640_000.7z
2025-12-05 05:56:00,-11.169939,-0.011169939,-0.718113,-5.121151,-5.330675,716906,768000,0.933471354,0,2025-12-05 05:56:00.000000,2025-12-05 05:56:59.999922,2,BAYxx_xxxx_20251205_054640_000.7z;BAYxx_xxxx_20251205_055644_000.7z
2025-12-05 05:57:00,-2.986027,-0.002986027,3.796748,-1.961274,-4.821502,768000,768000,1.000000000,1,2025-12-05 05:57:00.000000,2025-12-05 05:57:59.999922,1,BAYxx_xxxx_20251205_055644_000.7z
2025-12-05 05:58:00,-0.127428,-0.000127428,-1.087338,2.811296,-1.851386,768000,768000,1.000000000,1,2025-12-05 05:58:00.000000,2025-12-05 05:58:59.999922,1,BAYxx_xxxx_20251205_055644_000.7z
2025-12-05 05:59:00,-12.285384,-0.012285384,3.148621,-5.618166,-9.815839,768000,768000,1.000000000,1,2025-12-05 05:59:00.000000,2025-12-05 05:59:59.999922,1,BAYxx_xxxx_20251205_055644_000.7z
2025-12-05 06:00:00,-15.328297,-0.015328297,2.006077,-6.343443,-10.990931,768000,768000,1.000000000,1,2025-12-05 06:00:00.000000,2025-12-05 06:00:59.999922,1,BAYxx_xxxx_20251205_055644_000.7z
2025-12-05 06:01:00,-3.137610,-0.003137610,-0.151309,-0.744612,-2.241689,768000,768000,1.000000000,1,2025-12-05 06:01:00.000000,2025-12-05 06:01:59.999922,1,BAYxx_xxxx_20251205_055644_000.7z
2025-12-05 06:02:00,-5.292022,-0.005292022,0.616572,-2.491848,-3.416746,768000,768000,1.000000000,1,2025-12-05 06:02:00.000000,2025-12-05 06:02:59.999922,1,BAYxx_xxxx_20251205_055644_000.7z
2025-12-05 06:03:00,-12.834184,-0.012834184,-3.097202,-3.650595,-6.086388,768000,768000,1.000000000,1,2025-12-05 06:03:00.000000,2025-12-05 06:03:59.999922,1,BAYxx_xxxx_20251205_055644_000.7z
2025-12-05 06:04:00,4.110504,0.004110504,6.088831,6.279492,-8.257819,768000,768000,1.000000000,1,2025-12-05 06:04:00.000000,2025-12-05 06:04:59.999922,1,BAYxx_xxxx_20251205_055644_000.7z
2025-12-05 06:05:00,-7.796672,-0.007796672,4.501493,-4.310541,-7.987624,768000,768000,1.000000000,1,2025-12-05 06:05:00.000000,2025-12-05 06:05:59.999922,1,BAYxx_xxxx_20251205_055644_000.7z
2025-12-05 06:06:00,-3.430141,-0.003430141,3.360617,4.225126,-11.015884,716868,768000,0.933421875,0,2025-12-05 06:06:00.000000,2025-12-05 06:06:59.999922,2,BAYxx_xxxx_20251205_055644_000.7z;BAYxx_xxxx_20251205_060648_000.7z
2025-12-05 06:07:00,5.884935,0.005884935,6.064192,9.052029,-9.231286,768000,768000,1.000000000,1,2025-12-05 06:07:00.000000,2025-12-05 06:07:59.999922,1,BAYxx_xxxx_20251205_060648_000.7z
2025-12-05 06:08:00,-5.107345,-0.005107345,6.933521,-2.493857,-9.547009,768000,768000,1.000000000,1,2025-12-05 06:08:00.000000,2025-12-05 06:08:59.999922,1,BAYxx_xxxx_20251205_060648_000.7z
2025-12-05 06:09:00,3.285734,0.003285734,3.346689,4.512064,-4.573018,768000,768000,1.000000000,1,2025-12-05 06:09:00.000000,2025-12-05 06:09:59.999922,1,BAYxx_xxxx_20251205_060648_000.7z
2025-12-05 06:10:00,-3.524748,-0.003524748,-2.993431,4.209613,-4.740930,768000,768000,1.000000000,1,2025-12-05 06:10:00.000000,2025-12-05 06:10:59.999922,1,BAYxx_xxxx_20251205_060648_000.7z
2025-12-05 06:11:00,-14.851658,-0.014851658,-3.495895,-6.428687,-4.927076,768000,768000,1.000000000,1,2025-12-05 06:11:00.000000,2025-12-05 06:11:59.999922,1,BAYxx_xxxx_20251205_060648_000.7z
2025-12-05 06:12:00,-6.483746,-0.006483746,-4.113573,-1.986997,-0.383176,768000,768000,1.000000000,1,2025-12-05 06:12:00.000000,2025-12-05 06:12:59.999922,1,BAYxx_xxxx_20251205_060648_000.7z
2025-12-05 06:13:00,-3.243739,-0.003243739,0.564131,0.967580,-4.775450,768000,768000,1.000000000,1,2025-12-05 06:13:00.000000,2025-12-05 06:13:59.999922,1,BAYxx_xxxx_20251205_060648_000.7z
2025-12-05 06:14:00,-2.686852,-0.002686852,2.264817,1.217697,-6.169366,768000,768000,1.000000000,1,2025-12-05 06:14:00.000000,2025-12-05 06:14:59.999922,1,BAYxx_xxxx_20251205_060648_000.7z
2025-12-05 06:15:00,-11.425978,-0.011425978,5.962862,-10.945504,-6.443336,768000,768000,1.000000000,1,2025-12-05 06:15:00.000000,2025-12-05 06:15:59.999922,1,BAYxx_xxxx_20251205_060648_000.7z
2025-12-05 06:16:00,0.076949,0.000076949,2.200431,4.131310,-6.254793,716910,768000,0.933476562,0,2025-12-05 06:16:00.000000,2025-12-05 06:16:59.999922,2,BAYxx_xxxx_20251205_060648_000.7z;BAYxx_xxxx_20251205_061652_000.7z
2025-12-05 06:17:00,-8.962258,-0.008962258,2.429507,-2.996153,-8.395612,768000,768000,1.000000000,1,2025-12-05 06:17:00.000000,2025-12-05 06:17:59.999922,1,BAYxx_xxxx_20251205_061652_000.7z
2025-12-05 06:18:00,-11.006645,-0.011006645,-2.259647,-3.366331,-5.380667,768000,768000,1.000000000,1,2025-12-05 06:18:00.000000,2025-12-05 06:18:59.999922,1,BAYxx_xxxx_20251205_061652_000.7z
2025-12-05 06:19:00,-13.583834,-0.013583834,-1.556615,-7.277280,-4.749939,768000,768000,1.000000000,1,2025-12-05 06:19:00.000000,2025-12-05 06:19:59.999922,1,BAYxx_xxxx_20251205_061652_000.7z
2025-12-05 06:20:00,-9.991395,-0.009991395,0.210167,-5.475909,-4.725652,768000,768000,1.000000000,1,2025-12-05 06:20:00.000000,2025-12-05 06:20:59.999922,1,BAYxx_xxxx_20251205_061652_000.7z
2025-12-05 06:21:00,-4.167583,-0.004167583,4.919124,-2.220915,-6.865791,768000,768000,1.000000000,1,2025-12-05 06:21:00.000000,2025-12-05 06:21:59.999922,1,BAYxx_xxxx_20251205_061652_000.7z
2025-12-05 06:22:00,-1.538223,-0.001538223,7.964292,-1.021058,-8.481457,768000,768000,1.000000000,1,2025-12-05 06:22:00.000000,2025-12-05 06:22:59.999922,1,BAYxx_xxxx_20251205_061652_000.7z
2025-12-05 06:23:00,-9.185716,-0.009185716,-0.029320,-3.496253,-5.660143,768000,768000,1.000000000,1,2025-12-05 06:23:00.000000,2025-12-05 06:23:59.999922,1,BAYxx_xxxx_20251205_061652_000.7z
2025-12-05 06:24:00,-2.192078,-0.002192078,2.389798,-0.947633,-3.634243,768000,768000,1.000000000,1,2025-12-05 06:24:00.000000,2025-12-05 06:24:59.999922,1,BAYxx_xxxx_20251205_061652_000.7z
2025-12-05 06:25:00,-4.276630,-0.004276630,0.314191,2.596288,-7.187110,768000,768000,1.000000000,1,2025-12-05 06:25:00.000000,2025-12-05 06:25:59.999922,1,BAYxx_xxxx_20251205_061652_000.7z
2025-12-05 06:26:00,1.010718,0.001010718,4.979730,3.897702,-7.866714,716827,768000,0.933368490,0,2025-12-05 06:26:00.000000,2025-12-05 06:26:59.999922,2,BAYxx_xxxx_20251205_061652_000.7z;BAYxx_xxxx_20251205_062656_000.7z
2025-12-05 06:27:00,2.561999,0.002561999,6.373965,4.681734,-8.493701,768000,768000,1.000000000,1,2025-12-05 06:27:00.000000,2025-12-05 06:27:59.999922,1,BAYxx_xxxx_20251205_062656_000.7z
2025-12-05 06:28:00,1.060804,0.001060804,6.563448,3.848912,-9.351555,768000,768000,1.000000000,1,2025-12-05 06:28:00.000000,2025-12-05 06:28:59.999922,1,BAYxx_xxxx_20251205_062656_000.7z
2025-12-05 06:29:00,5.308725,0.005308725,8.592144,4.321560,-7.604979,768000,768000,1.000000000,1,2025-12-05 06:29:00.000000,2025-12-05 06:29:59.999922,1,BAYxx_xxxx_20251205_062656_000.7z
2025-12-05 06:30:00,3.344733,0.003344733,7.367243,3.441838,-7.464348,768000,768000,1.000000000,1,2025-12-05 06:30:00.000000,2025-12-05 06:30:59.999922,1,BAYxx_xxxx_20251205_062656_000.7z
2025-12-05 06:31:00,-4.056382,-0.004056382,1.898804,-2.874799,-3.080387,768000,768000,1.000000000,1,2025-12-05 06:31:00.000000,2025-12-05 06:31:59.999922,1,BAYxx_xxxx_20251205_062656_000.7z
2025-12-05 06:32:00,-6.713016,-0.006713016,1.014745,-3.740686,-3.987076,768000,768000,1.000000000,1,2025-12-05 06:32:00.000000,2025-12-05 06:32:59.999922,1,BAYxx_xxxx_20251205_062656_000.7z
2025-12-05 06:33:00,-9.205812,-0.009205812,0.731655,-4.886833,-5.050634,768000,768000,1.000000000,1,2025-12-05 06:33:00.000000,2025-12-05 06:33:59.999922,1,BAYxx_xxxx_20251205_062656_000.7z
2025-12-05 06:34:00,-5.942835,-0.005942835,2.224614,-1.049359,-7.118089,768000,768000,1.000000000,1,2025-12-05 06:34:00.000000,2025-12-05 06:34:59.999922,1,BAYxx_xxxx_20251205_062656_000.7z
2025-12-05 06:35:00,-2.502430,-0.002502430,4.832205,-2.469261,-4.865374,768000,768000,1.000000000,1,2025-12-05 06:35:00.000000,2025-12-05 06:35:59.999922,1,BAYxx_xxxx_20251205_062656_000.7z
2025-12-05 06:36:00,-9.828588,-0.009828588,1.442106,-6.833461,-4.437233,716895,768000,0.933457031,0,2025-12-05 06:36:00.000000,2025-12-05 06:36:56.007344,1,BAYxx_xxxx_20251205_062656_000.7z
2025-12-05 06:37:00,-6.087995,-0.006087995,-0.544518,-1.692245,-3.851232,768000,768000,1.000000000,1,2025-12-05 06:37:00.000000,2025-12-05 06:37:59.999922,1,BAYxx_xxxx_20251205_063700_000.7z
2025-12-05 06:38:00,-21.766994,-0.021766994,-8.312042,-4.495863,-8.959089,768000,768000,1.000000000,1,2025-12-05 06:38:00.000000,2025-12-05 06:38:59.999922,1,BAYxx_xxxx_20251205_063700_000.7z
2025-12-05 06:39:00,-5.233684,-0.005233684,1.012182,-2.128301,-4.117565,768000,768000,1.000000000,1,2025-12-05 06:39:00.000000,2025-12-05 06:39:59.999922,1,BAYxx_xxxx_20251205_063700_000.7z
2025-12-05 06:40:00,-6.570779,-0.006570779,1.566245,-3.875016,-4.262008,768000,768000,1.000000000,1,2025-12-05 06:40:00.000000,2025-12-05 06:40:59.999922,1,BAYxx_xxxx_20251205_063700_000.7z
2025-12-05 06:41:00,-8.107194,-0.008107194,-1.684126,-2.636549,-3.786520,768000,768000,1.000000000,1,2025-12-05 06:41:00.000000,2025-12-05 06:41:59.999922,1,BAYxx_xxxx_20251205_063700_000.7z
2025-12-05 06:42:00,-12.701280,-0.012701280,-1.863807,-5.199520,-5.637954,768000,768000,1.000000000,1,2025-12-05 06:42:00.000000,2025-12-05 06:42:59.999922,1,BAYxx_xxxx_20251205_063700_000.7z
2025-12-05 06:43:00,-7.003234,-0.007003234,0.412321,-1.343001,-6.072555,768000,768000,1.000000000,1,2025-12-05 06:43:00.000000,2025-12-05 06:43:59.999922,1,BAYxx_xxxx_20251205_063700_000.7z
2025-12-05 06:44:00,-7.593368,-0.007593368,2.563072,-2.230654,-7.925787,768000,768000,1.000000000,1,2025-12-05 06:44:00.000000,2025-12-05 06:44:59.999922,1,BAYxx_xxxx_20251205_063700_000.7z
2025-12-05 06:45:00,-9.668166,-0.009668166,-2.598804,-3.051671,-4.017691,768000,768000,1.000000000,1,2025-12-05 06:45:00.000000,2025-12-05 06:45:59.999922,1,BAYxx_xxxx_20251205_063700_000.7z
2025-12-05 06:46:00,-0.780733,-0.000780733,5.613266,-1.184824,-5.209175,768000,768000,1.000000000,1,2025-12-05 06:46:00.000000,2025-12-05 06:46:59.999922,1,BAYxx_xxxx_20251205_063700_000.7z
2025-12-05 06:47:00,7.342108,0.007342108,3.682228,9.598572,-5.938691,716862,768000,0.933414063,0,2025-12-05 06:47:00.000000,2025-12-05 06:47:59.999922,2,BAYxx_xxxx_20251205_063700_000.7z;BAYxx_xxxx_20251205_064704_000.7z
2025-12-05 06:48:00,-5.736230,-0.005736230,1.000543,0.515922,-7.252694,768000,768000,1.000000000,1,2025-12-05 06:48:00.000000,2025-12-05 06:48:59.999922,1,BAYxx_xxxx_20251205_064704_000.7z
2025-12-05 06:49:00,-3.080857,-0.003080857,1.941667,0.309022,-5.331546,768000,768000,1.000000000,1,2025-12-05 06:49:00.000000,2025-12-05 06:49:59.999922,1,BAYxx_xxxx_20251205_064704_000.7z
2025-12-05 06:50:00,7.697208,0.007697208,15.647700,5.926764,-13.877257,768000,768000,1.000000000,1,2025-12-05 06:50:00.000000,2025-12-05 06:50:59.999922,1,BAYxx_xxxx_20251205_064704_000.7z
2025-12-05 06:51:00,-2.089905,-0.002089905,5.998302,4.316906,-12.405113,768000,768000,1.000000000,1,2025-12-05 06:51:00.000000,2025-12-05 06:51:59.999922,1,BAYxx_xxxx_20251205_064704_000.7z
2025-12-05 06:52:00,0.471147,0.000471147,6.372828,1.234893,-7.136574,768000,768000,1.000000000,1,2025-12-05 06:52:00.000000,2025-12-05 06:52:59.999922,1,BAYxx_xxxx_20251205_064704_000.7z
2025-12-05 06:53:00,-4.691612,-0.004691612,1.381827,-1.725552,-4.347887,768000,768000,1.000000000,1,2025-12-05 06:53:00.000000,2025-12-05 06:53:59.999922,1,BAYxx_xxxx_20251205_064704_000.7z
2025-12-05 06:54:00,-1.522629,-0.001522629,1.789997,-2.120680,-1.191945,768000,768000,1.000000000,1,2025-12-05 06:54:00.000000,2025-12-05 06:54:59.999922,1,BAYxx_xxxx_20251205_064704_000.7z
2025-12-05 06:55:00,-4.254812,-0.004254812,2.835831,-2.711052,-4.379591,768000,768000,1.000000000,1,2025-12-05 06:55:00.000000,2025-12-05 06:55:59.999922,1,BAYxx_xxxx_20251205_064704_000.7z
2025-12-05 06:56:00,-6.258814,-0.006258814,1.696176,-2.343973,-5.611017,768000,768000,1.000000000,1,2025-12-05 06:56:00.000000,2025-12-05 06:56:59.999922,1,BAYxx_xxxx_20251205_064704_000.7z
2025-12-05 06:57:00,-12.838613,-0.012838613,0.359011,-8.567660,-4.629963,716837,768000,0.933381510,0,2025-12-05 06:57:00.000000,2025-12-05 06:57:59.999922,2,BAYxx_xxxx_20251205_064704_000.7z;BAYxx_xxxx_20251205_065708_000.7z
2025-12-05 06:58:00,-4.048124,-0.004048124,1.206165,-0.089113,-5.165177,768000,768000,1.000000000,1,2025-12-05 06:58:00.000000,2025-12-05 06:58:59.999922,1,BAYxx_xxxx_20251205_065708_000.7z
2025-12-05 06:59:00,-8.660433,-0.008660433,-1.744718,-0.834294,-6.081421,768000,768000,1.000000000,1,2025-12-05 06:59:00.000000,2025-12-05 06:59:59.999922,1,BAYxx_xxxx_20251205_065708_000.7z
2025-12-05 07:00:00,-8.086179,-0.008086179,0.680364,-1.266225,-7.500319,768000,768000,1.000000000,1,2025-12-05 07:00:00.000000,2025-12-05 07:00:59.999922,1,BAYxx_xxxx_20251205_065708_000.7z
2025-12-05 07:01:00,-64.400940,-0.064400940,-14.519901,-25.432208,-24.448831,768000,768000,1.000000000,1,2025-12-05 07:01:00.000000,2025-12-05 07:01:59.999922,1,BAYxx_xxxx_20251205_065708_000.7z
2025-12-05 07:02:00,-120.413556,-0.120413556,-37.329107,-37.353735,-45.730715,768000,768000,1.000000000,1,2025-12-05 07:02:00.000000,2025-12-05 07:02:59.999922,1,BAYxx_xxxx_20251205_065708_000.7z
2025-12-05 07:03:00,-131.011641,-0.131011641,-38.119512,-42.392088,-50.500041,768000,768000,1.000000000,1,2025-12-05 07:03:00.000000,2025-12-05 07:03:59.999922,1,BAYxx_xxxx_20251205_065708_000.7z
2025-12-05 07:04:00,-145.301915,-0.145301915,-42.729506,-48.843906,-53.728503,768000,768000,1.000000000,1,2025-12-05 07:04:00.000000,2025-12-05 07:04:59.999922,1,BAYxx_xxxx_20251205_065708_000.7z
2025-12-05 07:05:00,-146.283450,-0.146283450,-45.101800,-48.555747,-52.625904,768000,768000,1.000000000,1,2025-12-05 07:05:00.000000,2025-12-05 07:05:59.999922,1,BAYxx_xxxx_20251205_065708_000.7z
2025-12-05 07:06:00,-157.179531,-0.157179531,-49.015776,-52.787933,-55.375822,768000,768000,1.000000000,1,2025-12-05 07:06:00.000000,2025-12-05 07:06:59.999922,1,BAYxx_xxxx_20251205_065708_000.7z
2025-12-05 07:07:00,-159.175349,-0.159175349,-51.675669,-54.941458,-52.558222,716942,768000,0.933518229,0,2025-12-05 07:07:00.000000,2025-12-05 07:07:59.999922,2,BAYxx_xxxx_20251205_065708_000.7z;BAYxx_xxxx_20251205_070712_000.7z
2025-12-05 07:08:00,-133.341224,-0.133341224,-38.480695,-43.055997,-51.804531,768000,768000,1.000000000,1,2025-12-05 07:08:00.000000,2025-12-05 07:08:59.999922,1,BAYxx_xxxx_20251205_070712_000.7z
2025-12-05 07:09:00,-118.213700,-0.118213700,-34.282927,-36.549914,-47.380859,768000,768000,1.000000000,1,2025-12-05 07:09:00.000000,2025-12-05 07:09:59.999922,1,BAYxx_xxxx_20251205_070712_000.7z
2025-12-05 07:10:00,-107.623042,-0.107623042,-29.734729,-39.051595,-38.836718,768000,768000,1.000000000,1,2025-12-05 07:10:00.000000,2025-12-05 07:10:59.999922,1,BAYxx_xxxx_20251205_070712_000.7z
2025-12-05 07:11:00,-108.504348,-0.108504348,-29.265920,-38.090313,-41.148116,768000,768000,1.000000000,1,2025-12-05 07:11:00.000000,2025-12-05 07:11:59.999922,1,BAYxx_xxxx_20251205_070712_000.7z
2025-12-05 07:12:00,-118.219886,-0.118219886,-28.492566,-41.522437,-48.204882,768000,768000,1.000000000,1,2025-12-05 07:12:00.000000,2025-12-05 07:12:59.999922,1,BAYxx_xxxx_20251205_070712_000.7z
2025-12-05 07:13:00,-136.523149,-0.136523149,-35.194177,-49.164431,-52.164541,768000,768000,1.000000000,1,2025-12-05 07:13:00.000000,2025-12-05 07:13:59.999922,1,BAYxx_xxxx_20251205_070712_000.7z
2025-12-05 07:14:00,-135.838778,-0.135838778,-39.349649,-46.675047,-49.814082,768000,768000,1.000000000,1,2025-12-05 07:14:00.000000,2025-12-05 07:14:59.999922,1,BAYxx_xxxx_20251205_070712_000.7z
2025-12-05 07:15:00,-254.821659,-0.254821659,-83.864789,-83.336808,-87.620062,768000,768000,1.000000000,1,2025-12-05 07:15:00.000000,2025-12-05 07:15:59.999922,1,BAYxx_xxxx_20251205_070712_000.7z
2025-12-05 07:16:00,-366.375993,-0.366375993,-117.408379,-122.357293,-126.610321,768000,768000,1.000000000,1,2025-12-05 07:16:00.000000,2025-12-05 07:16:59.999922,1,BAYxx_xxxx_20251205_070712_000.7z
2025-12-05 07:17:00,-394.296885,-0.394296885,-125.718160,-133.700024,-134.878702,704132,768000,0.916838542,0,2025-12-05 07:17:00.000000,2025-12-05 07:17:59.999922,2,BAYxx_xxxx_20251205_070712_000.7z;BAYxx_xxxx_20251205_071717_000.7z
2025-12-05 07:18:00,-435.752231,-0.435752231,-140.897375,-147.702215,-147.152641,768000,768000,1.000000000,1,2025-12-05 07:18:00.000000,2025-12-05 07:18:59.999922,1,BAYxx_xxxx_20251205_071717_000.7z
2025-12-05 07:19:00,-459.789040,-0.459789040,-148.435059,-153.205341,-158.148640,768000,768000,1.000000000,1,2025-12-05 07:19:00.000000,2025-12-05 07:19:59.999922,1,BAYxx_xxxx_20251205_071717_000.7z
2025-12-05 07:20:00,-489.897734,-0.489897734,-158.334946,-165.139251,-166.423537,768000,768000,1.000000000,1,2025-12-05 07:20:00.000000,2025-12-05 07:20:59.999922,1,BAYxx_xxxx_20251205_071717_000.7z
2025-12-05 07:21:00,-522.763022,-0.522763022,-174.608824,-172.954857,-175.199341,768000,768000,1.000000000,1,2025-12-05 07:21:00.000000,2025-12-05 07:21:59.999922,1,BAYxx_xxxx_20251205_071717_000.7z
2025-12-05 07:22:00,-543.291123,-0.543291123,-181.743538,-179.522882,-182.024703,768000,768000,1.000000000,1,2025-12-05 07:22:00.000000,2025-12-05 07:22:59.999922,1,BAYxx_xxxx_20251205_071717_000.7z
2025-12-05 07:23:00,-575.218222,-0.575218222,-188.569856,-192.660457,-193.987909,768000,768000,1.000000000,1,2025-12-05 07:23:00.000000,2025-12-05 07:23:59.999922,1,BAYxx_xxxx_20251205_071717_000.7z
2025-12-05 07:24:00,-598.424501,-0.598424501,-193.823811,-197.604672,-206.996019,768000,768000,1.000000000,1,2025-12-05 07:24:00.000000,2025-12-05 07:24:59.999922,1,BAYxx_xxxx_20251205_071717_000.7z
2025-12-05 07:25:00,-633.456591,-0.633456591,-208.679572,-208.582700,-216.194319,768000,768000,1.000000000,1,2025-12-05 07:25:00.000000,2025-12-05 07:25:59.999922,1,BAYxx_xxxx_20251205_071717_000.7z
2025-12-05 07:26:00,-676.392669,-0.676392669,-229.069947,-220.779447,-226.543275,768000,768000,1.000000000,1,2025-12-05 07:26:00.000000,2025-12-05 07:26:59.999922,1,BAYxx_xxxx_20251205_071717_000.7z
2025-12-05 07:27:00,-720.181737,-0.720181737,-242.813719,-237.327269,-240.040749,691296,768000,0.900125000,0,2025-12-05 07:27:00.000000,2025-12-05 07:27:59.999922,2,BAYxx_xxxx_20251205_071717_000.7z;BAYxx_xxxx_20251205_072723_000.7z
2025-12-05 07:28:00,-748.573106,-0.748573106,-249.096184,-249.176457,-250.300465,768000,768000,1.000000000,1,2025-12-05 07:28:00.000000,2025-12-05 07:28:59.999922,1,BAYxx_xxxx_20251205_072723_000.7z
2025-12-05 07:29:00,-785.919906,-0.785919906,-265.877324,-254.984375,-265.058207,768000,768000,1.000000000,1,2025-12-05 07:29:00.000000,2025-12-05 07:29:59.999922,1,BAYxx_xxxx_20251205_072723_000.7z
2025-12-05 07:30:00,-831.139654,-0.831139654,-281.653833,-272.153819,-277.332003,768000,768000,1.000000000,1,2025-12-05 07:30:00.000000,2025-12-05 07:30:59.999922,1,BAYxx_xxxx_20251205_072723_000.7z
2025-12-05 07:31:00,-892.192243,-0.892192243,-297.955737,-294.503788,-299.732717,768000,768000,1.000000000,1,2025-12-05 07:31:00.000000,2025-12-05 07:31:59.999922,1,BAYxx_xxxx_20251205_072723_000.7z
2025-12-05 07:32:00,-931.679827,-0.931679827,-313.408287,-303.134625,-315.136915,768000,768000,1.000000000,1,2025-12-05 07:32:00.000000,2025-12-05 07:32:59.999922,1,BAYxx_xxxx_20251205_072723_000.7z
2025-12-05 07:33:00,-1002.080793,-1.002080793,-338.632433,-330.155542,-333.292818,768000,768000,1.000000000,1,2025-12-05 07:33:00.000000,2025-12-05 07:33:59.999922,1,BAYxx_xxxx_20251205_072723_000.7z
2025-12-05 07:34:00,-1080.835295,-1.080835295,-364.301398,-355.076759,-361.457138,768000,768000,1.000000000,1,2025-12-05 07:34:00.000000,2025-12-05 07:34:59.999922,1,BAYxx_xxxx_20251205_072723_000.7z
2025-12-05 07:35:00,-1158.935026,-1.158935026,-391.989649,-379.570161,-387.375216,768000,768000,1.000000000,1,2025-12-05 07:35:00.000000,2025-12-05 07:35:59.999922,1,BAYxx_xxxx_20251205_072723_000.7z
2025-12-05 07:36:00,-1243.544577,-1.243544577,-418.618116,-405.389697,-419.536764,768000,768000,1.000000000,1,2025-12-05 07:36:00.000000,2025-12-05 07:36:59.999922,1,BAYxx_xxxx_20251205_072723_000.7z
2025-12-05 07:37:00,-1313.461518,-1.313461518,-444.185133,-434.800769,-434.475616,704018,768000,0.916690104,0,2025-12-05 07:37:00.000000,2025-12-05 07:37:59.999922,2,BAYxx_xxxx_20251205_072723_000.7z;BAYxx_xxxx_20251205_073728_000.7z
2025-12-05 07:38:00,-1276.407215,-1.276407215,-431.731576,-418.615971,-426.059669,768000,768000,1.000000000,1,2025-12-05 07:38:00.000000,2025-12-05 07:38:59.999922,1,BAYxx_xxxx_20251205_073728_000.7z
2025-12-05 07:39:00,-1237.122153,-1.237122153,-424.119727,-404.679259,-408.323167,768000,768000,1.000000000,1,2025-12-05 07:39:00.000000,2025-12-05 07:39:59.999922,1,BAYxx_xxxx_20251205_073728_000.7z
2025-12-05 07:40:00,-1273.401069,-1.273401069,-433.499421,-416.837568,-423.064080,768000,768000,1.000000000,1,2025-12-05 07:40:00.000000,2025-12-05 07:40:59.999922,1,BAYxx_xxxx_20251205_073728_000.7z
2025-12-05 07:41:00,-1361.204024,-1.361204024,-467.631034,-443.897672,-449.675318,768000,768000,1.000000000,1,2025-12-05 07:41:00.000000,2025-12-05 07:41:59.999922,1,BAYxx_xxxx_20251205_073728_000.7z
2025-12-05 07:42:00,-1457.795163,-1.457795163,-496.298111,-477.111661,-484.385391,768000,768000,1.000000000,1,2025-12-05 07:42:00.000000,2025-12-05 07:42:59.999922,1,BAYxx_xxxx_20251205_073728_000.7z
2025-12-05 07:43:00,-1529.030651,-1.529030651,-519.271727,-502.195311,-507.563614,768000,768000,1.000000000,1,2025-12-05 07:43:00.000000,2025-12-05 07:43:59.999922,1,BAYxx_xxxx_20251205_073728_000.7z
2025-12-05 07:44:00,-1573.445004,-1.573445004,-534.495754,-518.682294,-520.266956,768000,768000,1.000000000,1,2025-12-05 07:44:00.000000,2025-12-05 07:44:59.999922,1,BAYxx_xxxx_20251205_073728_000.7z
2025-12-05 07:45:00,-1609.164809,-1.609164809,-541.697044,-534.710256,-532.757509,768000,768000,1.000000000,1,2025-12-05 07:45:00.000000,2025-12-05 07:45:59.999922,1,BAYxx_xxxx_20251205_073728_000.7z
2025-12-05 07:46:00,-1650.218359,-1.650218359,-558.471655,-543.516995,-548.229708,768000,768000,1.000000000,1,2025-12-05 07:46:00.000000,2025-12-05 07:46:59.999922,1,BAYxx_xxxx_20251205_073728_000.7z
2025-12-05 07:47:00,-1698.415990,-1.698415990,-575.543383,-559.049567,-563.823040,704050,768000,0.916731771,0,2025-12-05 07:47:00.000000,2025-12-05 07:47:59.999922,2,BAYxx_xxxx_20251205_073728_000.7z;BAYxx_xxxx_20251205_074733_000.7z
2025-12-05 07:48:00,-1719.332533,-1.719332533,-584.228879,-564.119412,-570.984242,768000,768000,1.000000000,1,2025-12-05 07:48:00.000000,2025-12-05 07:48:59.999922,1,BAYxx_xxxx_20251205_074733_000.7z
2025-12-05 07:49:00,-1744.935257,-1.744935257,-595.846578,-570.465087,-578.623592,768000,768000,1.000000000,1,2025-12-05 07:49:00.000000,2025-12-05 07:49:59.999922,1,BAYxx_xxxx_20251205_074733_000.7z
2025-12-05 07:50:00,-1773.272249,-1.773272249,-604.610704,-584.041071,-584.620474,768000,768000,1.000000000,1,2025-12-05 07:50:00.000000,2025-12-05 07:50:59.999922,1,BAYxx_xxxx_20251205_074733_000.7z
2025-12-05 07:51:00,-1816.373418,-1.816373418,-617.628547,-597.872065,-600.872806,768000,768000,1.000000000,1,2025-12-05 07:51:00.000000,2025-12-05 07:51:59.999922,1,BAYxx_xxxx_20251205_074733_000.7z
2025-12-05 07:52:00,-1816.085908,-1.816085908,-618.881204,-594.989667,-602.215037,768000,768000,1.000000000,1,2025-12-05 07:52:00.000000,2025-12-05 07:52:59.999922,1,BAYxx_xxxx_20251205_074733_000.7z
2025-12-05 07:53:00,-1799.242150,-1.799242150,-612.998699,-588.607375,-597.636076,768000,768000,1.000000000,1,2025-12-05 07:53:00.000000,2025-12-05 07:53:59.999922,1,BAYxx_xxxx_20251205_074733_000.7z
2025-12-05 07:54:00,-1819.205588,-1.819205588,-620.756256,-593.464331,-604.985001,768000,768000,1.000000000,1,2025-12-05 07:54:00.000000,2025-12-05 07:54:59.999922,1,BAYxx_xxxx_20251205_074733_000.7z
2025-12-05 07:55:00,-1900.469745,-1.900469745,-646.965439,-626.012328,-627.491978,768000,768000,1.000000000,1,2025-12-05 07:55:00.000000,2025-12-05 07:55:59.999922,1,BAYxx_xxxx_20251205_074733_000.7z
2025-12-05 07:56:00,-2000.348612,-2.000348612,-674.543483,-659.341195,-666.463934,768000,768000,1.000000000,1,2025-12-05 07:56:00.000000,2025-12-05 07:56:59.999922,1,BAYxx_xxxx_20251205_074733_000.7z
2025-12-05 07:57:00,-2096.089313,-2.096089313,-706.754740,-690.834912,-698.499662,691207,768000,0.900009115,0,2025-12-05 07:57:00.000000,2025-12-05 07:57:59.999922,2,BAYxx_xxxx_20251205_074733_000.7z;BAYxx_xxxx_20251205_075739_000.7z
2025-12-05 07:58:00,-2192.732702,-2.192732702,-739.801088,-723.518962,-729.412653,768000,768000,1.000000000,1,2025-12-05 07:58:00.000000,2025-12-05 07:58:59.999922,1,BAYxx_xxxx_20251205_075739_000.7z
2025-12-05 07:59:00,-2277.177799,-2.277177799,-771.483445,-748.288333,-757.406020,768000,768000,1.000000000,1,2025-12-05 07:59:00.000000,2025-12-05 07:59:59.999922,1,BAYxx_xxxx_20251205_075739_000.7z
2025-12-05 08:00:00,-2349.651666,-2.349651666,-794.365233,-776.758979,-778.527454,768000,768000,1.000000000,1,2025-12-05 08:00:00.000000,2025-12-05 08:00:59.999922,1,BAYxx_xxxx_20251205_075739_000.7z
2025-12-05 08:01:00,-2439.050143,-2.439050143,-821.428099,-808.116889,-809.505154,768000,768000,1.000000000,1,2025-12-05 08:01:00.000000,2025-12-05 08:01:59.999922,1,BAYxx_xxxx_20251205_075739_000.7z
2025-12-05 08:02:00,-2520.350519,-2.520350519,-852.167143,-830.220618,-837.962757,768000,768000,1.000000000,1,2025-12-05 08:02:00.000000,2025-12-05 08:02:59.999922,1,BAYxx_xxxx_20251205_075739_000.7z
2025-12-05 08:03:00,-2595.631465,-2.595631465,-879.602106,-855.500272,-860.529086,768000,768000,1.000000000,1,2025-12-05 08:03:00.000000,2025-12-05 08:03:59.999922,1,BAYxx_xxxx_20251205_075739_000.7z
2025-12-05 08:04:00,-2671.758914,-2.671758914,-901.538273,-881.558889,-888.661752,768000,768000,1.000000000,1,2025-12-05 08:04:00.000000,2025-12-05 08:04:59.999922,1,BAYxx_xxxx_20251205_075739_000.7z
2025-12-05 08:05:00,-2732.791932,-2.732791932,-922.002583,-901.934578,-908.854771,768000,768000,1.000000000,1,2025-12-05 08:05:00.000000,2025-12-05 08:05:59.999922,1,BAYxx_xxxx_20251205_075739_000.7z
2025-12-05 08:06:00,-2773.394895,-2.773394895,-940.530064,-911.135658,-921.729173,768000,768000,1.000000000,1,2025-12-05 08:06:00.000000,2025-12-05 08:06:59.999922,1,BAYxx_xxxx_20251205_075739_000.7z
2025-12-05 08:07:00,-2810.875446,-2.810875446,-948.786454,-926.981855,-935.107137,716845,768000,0.933391927,0,2025-12-05 08:07:00.000000,2025-12-05 08:07:59.999922,2,BAYxx_xxxx_20251205_075739_000.7z;BAYxx_xxxx_20251205_080743_000.7z
2025-12-05 08:08:00,-2888.334062,-2.888334062,-980.866638,-949.850630,-957.616794,768000,768000,1.000000000,1,2025-12-05 08:08:00.000000,2025-12-05 08:08:59.999922,1,BAYxx_xxxx_20251205_080743_000.7z
2025-12-05 08:09:00,-2963.232893,-2.963232893,-1004.470389,-973.565020,-985.197484,768000,768000,1.000000000,1,2025-12-05 08:09:00.000000,2025-12-05 08:09:59.999922,1,BAYxx_xxxx_20251205_080743_000.7z
2025-12-05 08:10:00,-3037.669013,-3.037669013,-1026.828082,-1001.312651,-1009.528280,768000,768000,1.000000000,1,2025-12-05 08:10:00.000000,2025-12-05 08:10:59.999922,1,BAYxx_xxxx_20251205_080743_000.7z
2025-12-05 08:11:00,-3108.148587,-3.108148587,-1048.489367,-1027.292613,-1032.366606,768000,768000,1.000000000,1,2025-12-05 08:11:00.000000,2025-12-05 08:11:59.999922,1,BAYxx_xxxx_20251205_080743_000.7z
2025-12-05 08:12:00,-3176.428810,-3.176428810,-1072.575449,-1047.411613,-1056.441748,768000,768000,1.000000000,1,2025-12-05 08:12:00.000000,2025-12-05 08:12:59.999922,1,BAYxx_xxxx_20251205_080743_000.7z
2025-12-05 08:13:00,-3246.522151,-3.246522151,-1096.371870,-1071.288134,-1078.862147,768000,768000,1.000000000,1,2025-12-05 08:13:00.000000,2025-12-05 08:13:59.999922,1,BAYxx_xxxx_20251205_080743_000.7z
2025-12-05 08:14:00,-3304.822316,-3.304822316,-1115.551418,-1090.166239,-1099.104659,768000,768000,1.000000000,1,2025-12-05 08:14:00.000000,2025-12-05 08:14:59.999922,1,BAYxx_xxxx_20251205_080743_000.7z
2025-12-05 08:15:00,-3308.458695,-3.308458695,-1112.922017,-1095.063788,-1100.472890,768000,768000,1.000000000,1,2025-12-05 08:15:00.000000,2025-12-05 08:15:59.999922,1,BAYxx_xxxx_20251205_080743_000.7z
2025-12-05 08:16:00,-3332.207625,-3.332207625,-1122.303655,-1102.725556,-1107.178414,768000,768000,1.000000000,1,2025-12-05 08:16:00.000000,2025-12-05 08:16:59.999922,1,BAYxx_xxxx_20251205_080743_000.7z
2025-12-05 08:17:00,-3360.829328,-3.360829328,-1128.380737,-1109.925275,-1122.523317,729708,768000,0.950140625,0,2025-12-05 08:17:00.000000,2025-12-05 08:17:59.999922,2,BAYxx_xxxx_20251205_080743_000.7z;BAYxx_xxxx_20251205_081746_000.7z
2025-12-05 08:18:00,-3430.292127,-3.430292127,-1155.747017,-1132.312380,-1142.232730,768000,768000,1.000000000,1,2025-12-05 08:18:00.000000,2025-12-05 08:18:59.999922,1,BAYxx_xxxx_20251205_081746_000.7z
2025-12-05 08:19:00,-3503.160373,-3.503160373,-1178.132597,-1160.806165,-1164.221611,768000,768000,1.000000000,1,2025-12-05 08:19:00.000000,2025-12-05 08:19:59.999922,1,BAYxx_xxxx_20251205_081746_000.7z
2025-12-05 08:20:00,-3581.614143,-3.581614143,-1204.580802,-1183.191658,-1193.841683,768000,768000,1.000000000,1,2025-12-05 08:20:00.000000,2025-12-05 08:20:59.999922,1,BAYxx_xxxx_20251205_081746_000.7z
2025-12-05 08:21:00,-3656.385022,-3.656385022,-1233.938028,-1209.594403,-1212.852591,768000,768000,1.000000000,1,2025-12-05 08:21:00.000000,2025-12-05 08:21:59.999922,1,BAYxx_xxxx_20251205_081746_000.7z
2025-12-05 08:22:00,-3751.174140,-3.751174140,-1263.506893,-1241.918015,-1245.749232,768000,768000,1.000000000,1,2025-12-05 08:22:00.000000,2025-12-05 08:22:59.999922,1,BAYxx_xxxx_20251205_081746_000.7z
2025-12-05 08:23:00,-3862.318079,-3.862318079,-1300.518103,-1279.763396,-1282.036580,768000,768000,1.000000000,1,2025-12-05 08:23:00.000000,2025-12-05 08:23:59.999922,1,BAYxx_xxxx_20251205_081746_000.7z
2025-12-05 08:24:00,-3977.818672,-3.977818672,-1337.419730,-1319.223100,-1321.175842,768000,768000,1.000000000,1,2025-12-05 08:24:00.000000,2025-12-05 08:24:59.999922,1,BAYxx_xxxx_20251205_081746_000.7z
2025-12-05 08:25:00,-4046.873423,-4.046873423,-1359.471671,-1342.549282,-1344.852469,768000,768000,1.000000000,1,2025-12-05 08:25:00.000000,2025-12-05 08:25:59.999922,1,BAYxx_xxxx_20251205_081746_000.7z
2025-12-05 08:26:00,-4085.760921,-4.085760921,-1373.502816,-1356.225269,-1356.032836,768000,768000,1.000000000,1,2025-12-05 08:26:00.000000,2025-12-05 08:26:59.999922,1,BAYxx_xxxx_20251205_081746_000.7z
2025-12-05 08:27:00,-4102.228863,-4.102228863,-1378.175979,-1363.378879,-1360.674005,704053,768000,0.916735677,0,2025-12-05 08:27:00.000000,2025-12-05 08:27:59.999922,2,BAYxx_xxxx_20251205_081746_000.7z;BAYxx_xxxx_20251205_082751_000.7z
2025-12-05 08:28:00,-4117.503923,-4.117503923,-1381.818639,-1368.357551,-1367.327734,768000,768000,1.000000000,1,2025-12-05 08:28:00.000000,2025-12-05 08:28:59.999922,1,BAYxx_xxxx_20251205_082751_000.7z
2025-12-05 08:29:00,-4147.587646,-4.147587646,-1397.297839,-1379.291344,-1370.998463,768000,768000,1.000000000,1,2025-12-05 08:29:00.000000,2025-12-05 08:29:59.999922,1,BAYxx_xxxx_20251205_082751_000.7z
2025-12-05 08:30:00,-4174.668217,-4.174668217,-1406.365197,-1377.891612,-1390.411409,768000,768000,1.000000000,1,2025-12-05 08:30:00.000000,2025-12-05 08:30:59.999922,1,BAYxx_xxxx_20251205_082751_000.7z
2025-12-05 08:31:00,-4194.339847,-4.194339847,-1412.253924,-1388.368509,-1393.717414,768000,768000,1.000000000,1,2025-12-05 08:31:00.000000,2025-12-05 08:31:59.999922,1,BAYxx_xxxx_20251205_082751_000.7z
2025-12-05 08:32:00,-4255.282157,-4.255282157,-1432.207229,-1409.731653,-1413.343274,768000,768000,1.000000000,1,2025-12-05 08:32:00.000000,2025-12-05 08:32:59.999922,1,BAYxx_xxxx_20251205_082751_000.7z
2025-12-05 08:33:00,-4368.532304,-4.368532304,-1468.110112,-1450.950814,-1449.471378,768000,768000,1.000000000,1,2025-12-05 08:33:00.000000,2025-12-05 08:33:59.999922,1,BAYxx_xxxx_20251205_082751_000.7z
2025-12-05 08:34:00,-4493.830907,-4.493830907,-1512.339843,-1488.211920,-1493.279144,768000,768000,1.000000000,1,2025-12-05 08:34:00.000000,2025-12-05 08:34:59.999922,1,BAYxx_xxxx_20251205_082751_000.7z
2025-12-05 08:35:00,-4655.215472,-4.655215472,-1562.381704,-1541.928491,-1550.905277,768000,768000,1.000000000,1,2025-12-05 08:35:00.000000,2025-12-05 08:35:59.999922,1,BAYxx_xxxx_20251205_082751_000.7z
2025-12-05 08:36:00,-4827.358642,-4.827358642,-1616.081887,-1606.100628,-1605.176127,768000,768000,1.000000000,1,2025-12-05 08:36:00.000000,2025-12-05 08:36:59.999922,1,BAYxx_xxxx_20251205_082751_000.7z
2025-12-05 08:37:00,-4952.602710,-4.952602710,-1662.526049,-1641.218976,-1648.857684,716932,768000,0.933505208,0,2025-12-05 08:37:00.000000,2025-12-05 08:37:59.999922,2,BAYxx_xxxx_20251205_082751_000.7z;BAYxx_xxxx_20251205_083755_000.7z
2025-12-05 08:38:00,-5069.587616,-5.069587616,-1699.054883,-1680.797735,-1689.734998,768000,768000,1.000000000,1,2025-12-05 08:38:00.000000,2025-12-05 08:38:59.999922,1,BAYxx_xxxx_20251205_083755_000.7z
2025-12-05 08:39:00,-5170.275345,-5.170275345,-1730.652530,-1718.092368,-1721.530447,768000,768000,1.000000000,1,2025-12-05 08:39:00.000000,2025-12-05 08:39:59.999922,1,BAYxx_xxxx_20251205_083755_000.7z
2025-12-05 08:40:00,-5300.680246,-5.300680246,-1773.136319,-1758.526717,-1769.017211,768000,768000,1.000000000,1,2025-12-05 08:40:00.000000,2025-12-05 08:40:59.999922,1,BAYxx_xxxx_20251205_083755_000.7z
2025-12-05 08:41:00,-5459.549799,-5.459549799,-1823.147275,-1817.101374,-1819.301149,768000,768000,1.000000000,1,2025-12-05 08:41:00.000000,2025-12-05 08:41:59.999922,1,BAYxx_xxxx_20251205_083755_000.7z
2025-12-05 08:42:00,-5600.374095,-5.600374095,-1874.304148,-1858.734199,-1867.335748,768000,768000,1.000000000,1,2025-12-05 08:42:00.000000,2025-12-05 08:42:59.999922,1,BAYxx_xxxx_20251205_083755_000.7z
2025-12-05 08:43:00,-5691.796170,-5.691796170,-1904.599059,-1892.365454,-1894.831656,768000,768000,1.000000000,1,2025-12-05 08:43:00.000000,2025-12-05 08:43:59.999922,1,BAYxx_xxxx_20251205_083755_000.7z
2025-12-05 08:44:00,-5777.254218,-5.777254218,-1937.254538,-1916.830865,-1923.168814,768000,768000,1.000000000,1,2025-12-05 08:44:00.000000,2025-12-05 08:44:59.999922,1,BAYxx_xxxx_20251205_083755_000.7z
2025-12-05 08:45:00,-5885.358529,-5.885358529,-1974.363202,-1955.374884,-1955.620443,768000,768000,1.000000000,1,2025-12-05 08:45:00.000000,2025-12-05 08:45:59.999922,1,BAYxx_xxxx_20251205_083755_000.7z
2025-12-05 08:46:00,-6018.780742,-6.018780742,-2017.975027,-1998.478066,-2002.327649,768000,768000,1.000000000,1,2025-12-05 08:46:00.000000,2025-12-05 08:46:59.999922,1,BAYxx_xxxx_20251205_083755_000.7z
2025-12-05 08:47:00,-6187.036637,-6.187036637,-2072.227978,-2052.768053,-2062.040606,704098,768000,0.916794271,0,2025-12-05 08:47:00.000000,2025-12-05 08:47:55.007578,1,BAYxx_xxxx_20251205_083755_000.7z
2025-12-05 08:48:00,-6350.999112,-6.350999112,-2128.615066,-2101.894172,-2120.489874,768000,768000,1.000000000,1,2025-12-05 08:48:00.000000,2025-12-05 08:48:59.999922,1,BAYxx_xxxx_20251205_084800_000.7z
2025-12-05 08:49:00,-6538.017819,-6.538017819,-2183.287251,-2177.266891,-2177.463677,768000,768000,1.000000000,1,2025-12-05 08:49:00.000000,2025-12-05 08:49:59.999922,1,BAYxx_xxxx_20251205_084800_000.7z
2025-12-05 08:50:00,-6712.075386,-6.712075386,-2241.400572,-2232.691674,-2237.983140,768000,768000,1.000000000,1,2025-12-05 08:50:00.000000,2025-12-05 08:50:59.999922,1,BAYxx_xxxx_20251205_084800_000.7z
2025-12-05 08:51:00,-6927.548257,-6.927548257,-2318.650404,-2301.622448,-2307.275404,768000,768000,1.000000000,1,2025-12-05 08:51:00.000000,2025-12-05 08:51:59.999922,1,BAYxx_xxxx_20251205_084800_000.7z
2025-12-05 08:52:00,-7118.366750,-7.118366750,-2378.679779,-2366.383818,-2373.303153,768000,768000,1.000000000,1,2025-12-05 08:52:00.000000,2025-12-05 08:52:59.999922,1,BAYxx_xxxx_20251205_084800_000.7z
2025-12-05 08:53:00,-7260.038892,-7.260038892,-2431.554281,-2409.722214,-2418.762397,768000,768000,1.000000000,1,2025-12-05 08:53:00.000000,2025-12-05 08:53:59.999922,1,BAYxx_xxxx_20251205_084800_000.7z
2025-12-05 08:54:00,-7324.731546,-7.324731546,-2448.163447,-2433.229085,-2443.339014,768000,768000,1.000000000,1,2025-12-05 08:54:00.000000,2025-12-05 08:54:59.999922,1,BAYxx_xxxx_20251205_084800_000.7z
2025-12-05 08:55:00,-7281.405748,-7.281405748,-2432.971117,-2416.919956,-2431.514675,768000,768000,1.000000000,1,2025-12-05 08:55:00.000000,2025-12-05 08:55:59.999922,1,BAYxx_xxxx_20251205_084800_000.7z
2025-12-05 08:56:00,-7173.371893,-7.173371893,-2404.417162,-2376.231014,-2392.723718,768000,768000,1.000000000,1,2025-12-05 08:56:00.000000,2025-12-05 08:56:59.999922,1,BAYxx_xxxx_20251205_084800_000.7z
2025-12-05 08:57:00,-7052.407505,-7.052407505,-2359.470069,-2345.764568,-2347.172868,768000,768000,1.000000000,1,2025-12-05 08:57:00.000000,2025-12-05 08:57:59.999922,1,BAYxx_xxxx_20251205_084800_000.7z
2025-12-05 08:58:00,-6972.440924,-6.972440924,-2332.551079,-2320.307918,-2319.581927,691274,768000,0.900096354,0,2025-12-05 08:58:00.000000,2025-12-05 08:58:59.999922,2,BAYxx_xxxx_20251205_084800_000.7z;BAYxx_xxxx_20251205_085806_000.7z
2025-12-05 08:59:00,-6885.407063,-6.885407063,-2301.576754,-2286.800238,-2297.030071,768000,768000,1.000000000,1,2025-12-05 08:59:00.000000,2025-12-05 08:59:59.999922,1,BAYxx_xxxx_20251205_085806_000.7z
2025-12-05 09:00:00,-6834.683588,-6.834683588,-2277.381875,-2278.635154,-2278.666559,768000,768000,1.000000000,1,2025-12-05 09:00:00.000000,2025-12-05 09:00:59.999922,1,BAYxx_xxxx_20251205_085806_000.7z
2025-12-05 09:01:00,-6858.362811,-6.858362811,-2291.298103,-2282.942497,-2284.122211,768000,768000,1.000000000,1,2025-12-05 09:01:00.000000,2025-12-05 09:01:59.999922,1,BAYxx_xxxx_20251205_085806_000.7z
2025-12-05 09:02:00,-6906.989757,-6.906989757,-2302.417036,-2299.558857,-2305.013864,768000,768000,1.000000000,1,2025-12-05 09:02:00.000000,2025-12-05 09:02:59.999922,1,BAYxx_xxxx_20251205_085806_000.7z
2025-12-05 09:03:00,-6943.450602,-6.943450602,-2316.031624,-2309.468723,-2317.950256,768000,768000,1.000000000,1,2025-12-05 09:03:00.000000,2025-12-05 09:03:59.999922,1,BAYxx_xxxx_20251205_085806_000.7z
2025-12-05 09:04:00,-6964.973342,-6.964973342,-2326.398200,-2316.114090,-2322.461051,768000,768000,1.000000000,1,2025-12-05 09:04:00.000000,2025-12-05 09:04:59.999922,1,BAYxx_xxxx_20251205_085806_000.7z
2025-12-05 09:05:00,-7005.970953,-7.005970953,-2339.756391,-2328.065653,-2338.148909,768000,768000,1.000000000,1,2025-12-05 09:05:00.000000,2025-12-05 09:05:59.999922,1,BAYxx_xxxx_20251205_085806_000.7z
2025-12-05 09:06:00,-7058.436888,-7.058436888,-2358.716762,-2343.801417,-2355.918710,768000,768000,1.000000000,1,2025-12-05 09:06:00.000000,2025-12-05 09:06:59.999922,1,BAYxx_xxxx_20251205_085806_000.7z
2025-12-05 09:07:00,-7074.336136,-7.074336136,-2360.896858,-2349.926715,-2363.512563,768000,768000,1.000000000,1,2025-12-05 09:07:00.000000,2025-12-05 09:07:59.999922,1,BAYxx_xxxx_20251205_085806_000.7z
2025-12-05 09:08:00,-7016.801791,-7.016801791,-2346.520209,-2332.579434,-2337.702149,716829,768000,0.933371094,0,2025-12-05 09:08:00.000000,2025-12-05 09:08:59.999922,2,BAYxx_xxxx_20251205_085806_000.7z;BAYxx_xxxx_20251205_090810_000.7z
2025-12-05 09:09:00,-6952.286296,-6.952286296,-2320.081916,-2314.193109,-2318.011272,768000,768000,1.000000000,1,2025-12-05 09:09:00.000000,2025-12-05 09:09:59.999922,1,BAYxx_xxxx_20251205_090810_000.7z
2025-12-05 09:10:00,-6937.673681,-6.937673681,-2324.211751,-2307.428733,-2306.033198,768000,768000,1.000000000,1,2025-12-05 09:10:00.000000,2025-12-05 09:10:59.999922,1,BAYxx_xxxx_20251205_090810_000.7z
2025-12-05 09:11:00,-6930.389555,-6.930389555,-2317.310934,-2303.294654,-2309.783967,768000,768000,1.000000000,1,2025-12-05 09:11:00.000000,2025-12-05 09:11:59.999922,1,BAYxx_xxxx_20251205_090810_000.7z
2025-12-05 09:12:00,-6903.036922,-6.903036922,-2303.824910,-2295.849975,-2303.362036,768000,768000,1.000000000,1,2025-12-05 09:12:00.000000,2025-12-05 09:12:59.999922,1,BAYxx_xxxx_20251205_090810_000.7z
2025-12-05 09:13:00,-6900.125657,-6.900125657,-2306.101470,-2290.990655,-2303.033532,768000,768000,1.000000000,1,2025-12-05 09:13:00.000000,2025-12-05 09:13:59.999922,1,BAYxx_xxxx_20251205_090810_000.7z
2025-12-05 09:14:00,-6914.674257,-6.914674257,-2311.111791,-2298.914802,-2304.647665,768000,768000,1.000000000,1,2025-12-05 09:14:00.000000,2025-12-05 09:14:59.999922,1,BAYxx_xxxx_20251205_090810_000.7z
2025-12-05 09:15:00,-6973.467761,-6.973467761,-2329.701434,-2318.066630,-2325.699697,768000,768000,1.000000000,1,2025-12-05 09:15:00.000000,2025-12-05 09:15:59.999922,1,BAYxx_xxxx_20251205_090810_000.7z
2025-12-05 09:16:00,-7049.912875,-7.049912875,-2356.046021,-2344.201518,-2349.665336,768000,768000,1.000000000,1,2025-12-05 09:16:00.000000,2025-12-05 09:16:59.999922,1,BAYxx_xxxx_20251205_090810_000.7z
2025-12-05 09:17:00,-7103.854598,-7.103854598,-2370.094110,-2366.498423,-2367.262065,768000,768000,1.000000000,1,2025-12-05 09:17:00.000000,2025-12-05 09:17:59.999922,1,BAYxx_xxxx_20251205_090810_000.7z
2025-12-05 09:18:00,-7130.422030,-7.130422030,-2384.514790,-2369.320748,-2376.586492,729716,768000,0.950151042,0,2025-12-05 09:18:00.000000,2025-12-05 09:18:59.999922,2,BAYxx_xxxx_20251205_090810_000.7z;BAYxx_xxxx_20251205_091813_000.7z
2025-12-05 09:19:00,-7129.628384,-7.129628384,-2380.177895,-2372.709588,-2376.740900,768000,768000,1.000000000,1,2025-12-05 09:19:00.000000,2025-12-05 09:19:59.999922,1,BAYxx_xxxx_20251205_091813_000.7z
2025-12-05 09:20:00,-7103.339047,-7.103339047,-2371.854425,-2363.822895,-2367.661727,768000,768000,1.000000000,1,2025-12-05 09:20:00.000000,2025-12-05 09:20:59.999922,1,BAYxx_xxxx_20251205_091813_000.7z
2025-12-05 09:21:00,-7084.837284,-7.084837284,-2363.628534,-2355.365354,-2365.843396,768000,768000,1.000000000,1,2025-12-05 09:21:00.000000,2025-12-05 09:21:59.999922,1,BAYxx_xxxx_20251205_091813_000.7z
2025-12-05 09:22:00,-7097.745398,-7.097745398,-2374.217341,-2356.537170,-2366.990887,768000,768000,1.000000000,1,2025-12-05 09:22:00.000000,2025-12-05 09:22:59.999922,1,BAYxx_xxxx_20251205_091813_000.7z
2025-12-05 09:23:00,-7162.266324,-7.162266324,-2396.461360,-2377.081830,-2388.723135,768000,768000,1.000000000,1,2025-12-05 09:23:00.000000,2025-12-05 09:23:59.999922,1,BAYxx_xxxx_20251205_091813_000.7z
2025-12-05 09:24:00,-7197.499822,-7.197499822,-2401.820420,-2394.019653,-2401.659749,768000,768000,1.000000000,1,2025-12-05 09:24:00.000000,2025-12-05 09:24:59.999922,1,BAYxx_xxxx_20251205_091813_000.7z
2025-12-05 09:25:00,-7204.879958,-7.204879958,-2402.766016,-2395.932031,-2406.181910,768000,768000,1.000000000,1,2025-12-05 09:25:00.000000,2025-12-05 09:25:59.999922,1,BAYxx_xxxx_20251205_091813_000.7z
2025-12-05 09:26:00,-7200.659534,-7.200659534,-2404.544342,-2391.732414,-2404.382779,768000,768000,1.000000000,1,2025-12-05 09:26:00.000000,2025-12-05 09:26:59.999922,1,BAYxx_xxxx_20251205_091813_000.7z
2025-12-05 09:27:00,-7231.962828,-7.231962828,-2418.732791,-2402.141892,-2411.088144,768000,768000,1.000000000,1,2025-12-05 09:27:00.000000,2025-12-05 09:27:59.999922,1,BAYxx_xxxx_20251205_091813_000.7z
2025-12-05 09:28:00,-7289.983092,-7.289983092,-2431.862015,-2423.525903,-2434.595174,716860,768000,0.933411458,0,2025-12-05 09:28:00.000000,2025-12-05 09:28:59.999922,2,BAYxx_xxxx_20251205_091813_000.7z;BAYxx_xxxx_20251205_092817_000.7z
2025-12-05 09:29:00,-7352.150889,-7.352150889,-2459.720439,-2437.205987,-2455.224464,768000,768000,1.000000000,1,2025-12-05 09:29:00.000000,2025-12-05 09:29:59.999922,1,BAYxx_xxxx_20251205_092817_000.7z
2025-12-05 09:30:00,-7405.322727,-7.405322727,-2474.809463,-2461.826553,-2468.686711,768000,768000,1.000000000,1,2025-12-05 09:30:00.000000,2025-12-05 09:30:59.999922,1,BAYxx_xxxx_20251205_092817_000.7z
2025-12-05 09:31:00,-7433.304422,-7.433304422,-2488.108097,-2467.629884,-2477.566441,768000,768000,1.000000000,1,2025-12-05 09:31:00.000000,2025-12-05 09:31:59.999922,1,BAYxx_xxxx_20251205_092817_000.7z
2025-12-05 09:32:00,-7453.760561,-7.453760561,-2492.006140,-2478.246480,-2483.507941,768000,768000,1.000000000,1,2025-12-05 09:32:00.000000,2025-12-05 09:32:59.999922,1,BAYxx_xxxx_20251205_092817_000.7z
2025-12-05 09:33:00,-7484.646272,-7.484646272,-2499.849396,-2488.264636,-2496.532240,768000,768000,1.000000000,1,2025-12-05 09:33:00.000000,2025-12-05 09:33:59.999922,1,BAYxx_xxxx_20251205_092817_000.7z
2025-12-05 09:34:00,-7523.217846,-7.523217846,-2508.714669,-2506.498520,-2508.004657,768000,768000,1.000000000,1,2025-12-05 09:34:00.000000,2025-12-05 09:34:59.999922,1,BAYxx_xxxx_20251205_092817_000.7z
2025-12-05 09:35:00,-7560.830556,-7.560830556,-2527.564657,-2511.392716,-2521.873183,768000,768000,1.000000000,1,2025-12-05 09:35:00.000000,2025-12-05 09:35:59.999922,1,BAYxx_xxxx_20251205_092817_000.7z
2025-12-05 09:36:00,-7609.166864,-7.609166864,-2541.871990,-2532.379261,-2534.915613,768000,768000,1.000000000,1,2025-12-05 09:36:00.000000,2025-12-05 09:36:59.999922,1,BAYxx_xxxx_20251205_092817_000.7z
2025-12-05 09:37:00,-7677.174739,-7.677174739,-2560.816563,-2553.068982,-2563.289194,768000,768000,1.000000000,1,2025-12-05 09:37:00.000000,2025-12-05 09:37:59.999922,1,BAYxx_xxxx_20251205_092817_000.7z
2025-12-05 09:38:00,-7763.353778,-7.763353778,-2601.036178,-2578.501432,-2583.816168,704097,768000,0.916792969,0,2025-12-05 09:38:00.000000,2025-12-05 09:38:59.999922,2,BAYxx_xxxx_20251205_092817_000.7z;BAYxx_xxxx_20251205_093822_000.7z
2025-12-05 09:39:00,-7832.102630,-7.832102630,-2619.539739,-2600.584225,-2611.978667,768000,768000,1.000000000,1,2025-12-05 09:39:00.000000,2025-12-05 09:39:59.999922,1,BAYxx_xxxx_20251205_093822_000.7z
2025-12-05 09:40:00,-7872.071369,-7.872071369,-2628.169489,-2621.114287,-2622.787592,768000,768000,1.000000000,1,2025-12-05 09:40:00.000000,2025-12-05 09:40:59.999922,1,BAYxx_xxxx_20251205_093822_000.7z
2025-12-05 09:41:00,-7910.084866,-7.910084866,-2646.468752,-2624.799155,-2638.816959,768000,768000,1.000000000,1,2025-12-05 09:41:00.000000,2025-12-05 09:41:59.999922,1,BAYxx_xxxx_20251205_093822_000.7z
2025-12-05 09:42:00,-7949.991059,-7.949991059,-2652.254741,-2644.507679,-2653.228639,768000,768000,1.000000000,1,2025-12-05 09:42:00.000000,2025-12-05 09:42:59.999922,1,BAYxx_xxxx_20251205_093822_000.7z
2025-12-05 09:43:00,-8021.437568,-8.021437568,-2678.280276,-2662.800577,-2680.356716,768000,768000,1.000000000,1,2025-12-05 09:43:00.000000,2025-12-05 09:43:59.999922,1,BAYxx_xxxx_20251205_093822_000.7z
2025-12-05 09:44:00,-8160.999080,-8.160999080,-2720.029392,-2717.462488,-2723.507199,768000,768000,1.000000000,1,2025-12-05 09:44:00.000000,2025-12-05 09:44:59.999922,1,BAYxx_xxxx_20251205_093822_000.7z
2025-12-05 09:45:00,-8361.969265,-8.361969265,-2788.531334,-2777.003025,-2796.434906,768000,768000,1.000000000,1,2025-12-05 09:45:00.000000,2025-12-05 09:45:59.999922,1,BAYxx_xxxx_20251205_093822_000.7z
2025-12-05 09:46:00,-8579.715000,-8.579715000,-2855.899752,-2853.308374,-2870.506874,768000,768000,1.000000000,1,2025-12-05 09:46:00.000000,2025-12-05 09:46:59.999922,1,BAYxx_xxxx_20251205_093822_000.7z
2025-12-05 09:47:00,-8832.322180,-8.832322180,-2944.769468,-2938.363433,-2949.189279,768000,768000,1.000000000,1,2025-12-05 09:47:00.000000,2025-12-05 09:47:59.999922,1,BAYxx_xxxx_20251205_093822_000.7z
2025-12-05 09:48:00,-9042.441581,-9.042441581,-3015.513586,-3001.475712,-3025.452283,691283,768000,0.900108073,0,2025-12-05 09:48:00.000000,2025-12-05 09:48:59.999922,2,BAYxx_xxxx_20251205_093822_000.7z;BAYxx_xxxx_20251205_094828_000.7z
2025-12-05 09:49:00,-9248.487560,-9.248487560,-3086.969438,-3071.718703,-3089.799419,768000,768000,1.000000000,1,2025-12-05 09:49:00.000000,2025-12-05 09:49:59.999922,1,BAYxx_xxxx_20251205_094828_000.7z
2025-12-05 09:50:00,-9458.696740,-9.458696740,-3154.890269,-3143.280897,-3160.525575,768000,768000,1.000000000,1,2025-12-05 09:50:00.000000,2025-12-05 09:50:59.999922,1,BAYxx_xxxx_20251205_094828_000.7z
2025-12-05 09:51:00,-9622.710017,-9.622710017,-3208.705273,-3198.098998,-3215.905745,768000,768000,1.000000000,1,2025-12-05 09:51:00.000000,2025-12-05 09:51:59.999922,1,BAYxx_xxxx_20251205_094828_000.7z
2025-12-05 09:52:00,-9692.859214,-9.692859214,-3235.768933,-3218.544132,-3238.546150,768000,768000,1.000000000,1,2025-12-05 09:52:00.000000,2025-12-05 09:52:59.999922,1,BAYxx_xxxx_20251205_094828_000.7z
2025-12-05 09:53:00,-9716.616178,-9.716616178,-3247.708755,-3223.213079,-3245.694344,768000,768000,1.000000000,1,2025-12-05 09:53:00.000000,2025-12-05 09:53:59.999922,1,BAYxx_xxxx_20251205_094828_000.7z
2025-12-05 09:54:00,-9756.500862,-9.756500862,-3253.656861,-3241.972222,-3260.871779,768000,768000,1.000000000,1,2025-12-05 09:54:00.000000,2025-12-05 09:54:59.999922,1,BAYxx_xxxx_20251205_094828_000.7z
2025-12-05 09:55:00,-9927.527212,-9.927527212,-3312.101706,-3296.282446,-3319.143060,768000,768000,1.000000000,1,2025-12-05 09:55:00.000000,2025-12-05 09:55:59.999922,1,BAYxx_xxxx_20251205_094828_000.7z
2025-12-05 09:56:00,-10211.693057,-10.211693057,-3405.357655,-3390.556341,-3415.779060,768000,768000,1.000000000,1,2025-12-05 09:56:00.000000,2025-12-05 09:56:59.999922,1,BAYxx_xxxx_20251205_094828_000.7z
2025-12-05 09:57:00,-10524.904833,-10.524904833,-3512.018741,-3495.810729,-3517.075362,768000,768000,1.000000000,1,2025-12-05 09:57:00.000000,2025-12-05 09:57:59.999922,1,BAYxx_xxxx_20251205_094828_000.7z
2025-12-05 09:58:00,-10923.917879,-10.923917879,-3641.041682,-3629.216651,-3653.659545,716935,768000,0.933509115,0,2025-12-05 09:58:00.000000,2025-12-05 09:58:59.999922,2,BAYxx_xxxx_20251205_094828_000.7z;BAYxx_xxxx_20251205_095832_000.7z
2025-12-05 09:59:00,-11030.271887,-11.030271887,-3677.167148,-3664.841764,-3688.262975,768000,768000,1.000000000,1,2025-12-05 09:59:00.000000,2025-12-05 09:59:59.999922,1,BAYxx_xxxx_20251205_095832_000.7z
2025-12-05 10:00:00,-11213.088708,-11.213088708,-3735.429376,-3723.245655,-3754.413677,768000,768000,1.000000000,1,2025-12-05 10:00:00.000000,2025-12-05 10:00:59.999922,1,BAYxx_xxxx_20251205_095832_000.7z
2025-12-05 10:01:00,-11385.850183,-11.385850183,-3792.375760,-3785.667787,-3807.806637,768000,768000,1.000000000,1,2025-12-05 10:01:00.000000,2025-12-05 10:01:59.999922,1,BAYxx_xxxx_20251205_095832_000.7z
2025-12-05 10:02:00,-11448.896914,-11.448896914,-3813.361805,-3807.437093,-3828.098016,768000,768000,1.000000000,1,2025-12-05 10:02:00.000000,2025-12-05 10:02:59.999922,1,BAYxx_xxxx_20251205_095832_000.7z
2025-12-05 10:03:00,-11402.015570,-11.402015570,-3799.686985,-3787.594318,-3814.734267,768000,768000,1.000000000,1,2025-12-05 10:03:00.000000,2025-12-05 10:03:59.999922,1,BAYxx_xxxx_20251205_095832_000.7z
2025-12-05 10:04:00,-11337.228981,-11.337228981,-3780.960594,-3768.131729,-3788.136659,768000,768000,1.000000000,1,2025-12-05 10:04:00.000000,2025-12-05 10:04:59.999922,1,BAYxx_xxxx_20251205_095832_000.7z
2025-12-05 10:05:00,-11318.312581,-11.318312581,-3776.344383,-3758.733574,-3783.234624,768000,768000,1.000000000,1,2025-12-05 10:05:00.000000,2025-12-05 10:05:59.999922,1,BAYxx_xxxx_20251205_095832_000.7z
2025-12-05 10:06:00,-11377.151075,-11.377151075,-3792.057442,-3782.838832,-3802.254801,768000,768000,1.000000000,1,2025-12-05 10:06:00.000000,2025-12-05 10:06:59.999922,1,BAYxx_xxxx_20251205_095832_000.7z
2025-12-05 10:07:00,-11364.659639,-11.364659639,-3787.417128,-3779.496115,-3797.746396,768000,768000,1.000000000,1,2025-12-05 10:07:00.000000,2025-12-05 10:07:59.999922,1,BAYxx_xxxx_20251205_095832_000.7z
2025-12-05 10:08:00,-11534.338342,-11.534338342,-3842.644341,-3836.912605,-3854.781396,729633,768000,0.950042969,0,2025-12-05 10:08:00.000000,2025-12-05 10:08:59.999922,2,BAYxx_xxxx_20251205_095832_000.7z;BAYxx_xxxx_20251205_100835_000.7z
2025-12-05 10:09:00,-11493.117606,-11.493117606,-3827.574984,-3825.783505,-3839.759118,768000,768000,1.000000000,1,2025-12-05 10:09:00.000000,2025-12-05 10:09:59.999922,1,BAYxx_xxxx_20251205_100835_000.7z
2025-12-05 10:10:00,-11601.757252,-11.601757252,-3861.421271,-3862.463070,-3877.872911,768000,768000,1.000000000,1,2025-12-05 10:10:00.000000,2025-12-05 10:10:59.999922,1,BAYxx_xxxx_20251205_100835_000.7z
2025-12-05 10:11:00,-11905.926655,-11.905926655,-3963.159252,-3962.869778,-3979.897625,768000,768000,1.000000000,1,2025-12-05 10:11:00.000000,2025-12-05 10:11:59.999922,1,BAYxx_xxxx_20251205_100835_000.7z
2025-12-05 10:12:00,-11900.478207,-11.900478207,-3964.067811,-3954.890932,-3981.519465,768000,768000,1.000000000,1,2025-12-05 10:12:00.000000,2025-12-05 10:12:59.999922,1,BAYxx_xxxx_20251205_100835_000.7z
2025-12-05 10:13:00,-12034.205360,-12.034205360,-4009.770662,-4001.481698,-4022.952999,768000,768000,1.000000000,1,2025-12-05 10:13:00.000000,2025-12-05 10:13:59.999922,1,BAYxx_xxxx_20251205_100835_000.7z
2025-12-05 10:14:00,-11903.311619,-11.903311619,-3968.084949,-3953.638349,-3981.588321,768000,768000,1.000000000,1,2025-12-05 10:14:00.000000,2025-12-05 10:14:59.999922,1,BAYxx_xxxx_20251205_100835_000.7z
2025-12-05 10:15:00,-11891.353412,-11.891353412,-3959.981525,-3952.736096,-3978.635791,768000,768000,1.000000000,1,2025-12-05 10:15:00.000000,2025-12-05 10:15:59.999922,1,BAYxx_xxxx_20251205_100835_000.7z
2025-12-05 10:16:00,-12891.258467,-12.891258467,-4298.831205,-4284.158392,-4308.268870,768000,768000,1.000000000,1,2025-12-05 10:16:00.000000,2025-12-05 10:16:59.999922,1,BAYxx_xxxx_20251205_100835_000.7z
2025-12-05 10:17:00,-13149.374105,-13.149374105,-4379.997407,-4369.662178,-4399.714520,768000,768000,1.000000000,1,2025-12-05 10:17:00.000000,2025-12-05 10:17:59.999922,1,BAYxx_xxxx_20251205_100835_000.7z
2025-12-05 10:18:00,-14738.319193,-14.738319193,-4908.241134,-4898.109085,-4931.968974,729682,768000,0.950106771,0,2025-12-05 10:18:00.000000,2025-12-05 10:18:59.999922,2,BAYxx_xxxx_20251205_100835_000.7z;BAYxx_xxxx_20251205_101838_000.7z
2025-12-05 10:19:00,-13374.318013,-13.374318013,-4456.272166,-4442.264394,-4475.781453,768000,768000,1.000000000,1,2025-12-05 10:19:00.000000,2025-12-05 10:19:59.999922,1,BAYxx_xxxx_20251205_101838_000.7z
2025-12-05 10:20:00,-16271.781845,-16.271781845,-5415.449222,-5411.198724,-5445.133899,768000,768000,1.000000000,1,2025-12-05 10:20:00.000000,2025-12-05 10:20:59.999922,1,BAYxx_xxxx_20251205_101838_000.7z
2025-12-05 10:21:00,-12709.972333,-12.709972333,-4235.157340,-4224.354911,-4250.460082,768000,768000,1.000000000,1,2025-12-05 10:21:00.000000,2025-12-05 10:21:59.999922,1,BAYxx_xxxx_20251205_101838_000.7z
2025-12-05 10:22:00,-12441.894844,-12.441894844,-4148.940183,-4132.942526,-4160.012136,768000,768000,1.000000000,1,2025-12-05 10:22:00.000000,2025-12-05 10:22:59.999922,1,BAYxx_xxxx_20251205_101838_000.7z
2025-12-05 10:23:00,-13579.427754,-13.579427754,-4523.947664,-4514.300787,-4541.179302,768000,768000,1.000000000,1,2025-12-05 10:23:00.000000,2025-12-05 10:23:59.999922,1,BAYxx_xxxx_20251205_101838_000.7z
2025-12-05 10:24:00,-12863.959780,-12.863959780,-4285.794968,-4277.064817,-4301.099995,768000,768000,1.000000000,1,2025-12-05 10:24:00.000000,2025-12-05 10:24:59.999922,1,BAYxx_xxxx_20251205_101838_000.7z
2025-12-05 10:25:00,-12321.491113,-12.321491113,-4102.757128,-4097.977150,-4120.756835,768000,768000,1.000000000,1,2025-12-05 10:25:00.000000,2025-12-05 10:25:59.999922,1,BAYxx_xxxx_20251205_101838_000.7z
2025-12-05 10:26:00,-12424.366506,-12.424366506,-4143.770547,-4132.172499,-4148.423460,768000,768000,1.000000000,1,2025-12-05 10:26:00.000000,2025-12-05 10:26:59.999922,1,BAYxx_xxxx_20251205_101838_000.7z
2025-12-05 10:27:00,-12414.525625,-12.414525625,-4135.421809,-4127.710517,-4151.393299,768000,768000,1.000000000,1,2025-12-05 10:27:00.000000,2025-12-05 10:27:59.999922,1,BAYxx_xxxx_20251205_101838_000.7z
2025-12-05 10:28:00,-12322.670404,-12.322670404,-4106.397016,-4098.078670,-4118.194718,729601,768000,0.950001302,0,2025-12-05 10:28:00.000000,2025-12-05 10:28:59.999922,2,BAYxx_xxxx_20251205_101838_000.7z;BAYxx_xxxx_20251205_102841_000.7z
2025-12-05 10:29:00,-11905.256169,-11.905256169,-3969.171803,-3958.164201,-3977.920165,768000,768000,1.000000000,1,2025-12-05 10:29:00.000000,2025-12-05 10:29:59.999922,1,BAYxx_xxxx_20251205_102841_000.7z
2025-12-05 10:30:00,-12170.796747,-12.170796747,-4051.765253,-4052.579002,-4066.452492,768000,768000,1.000000000,1,2025-12-05 10:30:00.000000,2025-12-05 10:30:59.999922,1,BAYxx_xxxx_20251205_102841_000.7z
2025-12-05 10:31:00,-13449.712889,-13.449712889,-4478.104404,-4477.957592,-4493.650892,768000,768000,1.000000000,1,2025-12-05 10:31:00.000000,2025-12-05 10:31:59.999922,1,BAYxx_xxxx_20251205_102841_000.7z
2025-12-05 10:32:00,-14219.811431,-14.219811431,-4734.779366,-4728.062550,-4756.969515,768000,768000,1.000000000,1,2025-12-05 10:32:00.000000,2025-12-05 10:32:59.999922,1,BAYxx_xxxx_20251205_102841_000.7z
2025-12-05 10:33:00,-16000.323940,-16.000323940,-5327.425286,-5322.119992,-5350.778663,768000,768000,1.000000000,1,2025-12-05 10:33:00.000000,2025-12-05 10:33:59.999922,1,BAYxx_xxxx_20251205_102841_000.7z
2025-12-05 10:34:00,-15117.969458,-15.117969458,-5033.154203,-5026.763942,-5058.051313,768000,768000,1.000000000,1,2025-12-05 10:34:00.000000,2025-12-05 10:34:59.999922,1,BAYxx_xxxx_20251205_102841_000.7z
2025-12-05 10:35:00,-13252.303433,-13.252303433,-4409.851971,-4408.455551,-4433.995911,768000,768000,1.000000000,1,2025-12-05 10:35:00.000000,2025-12-05 10:35:59.999922,1,BAYxx_xxxx_20251205_102841_000.7z
2025-12-05 10:36:00,-12976.468967,-12.976468967,-4325.716749,-4313.972047,-4336.780172,768000,768000,1.000000000,1,2025-12-05 10:36:00.000000,2025-12-05 10:36:59.999922,1,BAYxx_xxxx_20251205_102841_000.7z
2025-12-05 10:37:00,-16690.749837,-16.690749837,-5556.533384,-5549.790053,-5584.426400,768000,768000,1.000000000,1,2025-12-05 10:37:00.000000,2025-12-05 10:37:59.999922,1,BAYxx_xxxx_20251205_102841_000.7z
2025-12-05 10:38:00,-20299.110304,-20.299110304,-6755.013814,-6752.477243,-6791.619248,729651,768000,0.950066406,0,2025-12-05 10:38:00.000000,2025-12-05 10:38:59.999922,2,BAYxx_xxxx_20251205_102841_000.7z;BAYxx_xxxx_20251205_103844_000.7z
2025-12-05 10:39:00,-14444.733325,-14.444733325,-4809.959408,-4803.559548,-4831.214369,768000,768000,1.000000000,1,2025-12-05 10:39:00.000000,2025-12-05 10:39:59.999922,1,BAYxx_xxxx_20251205_103844_000.7z
2025-12-05 10:40:00,-9095.669195,-9.095669195,-3020.589255,-3035.222035,-3039.857904,768000,768000,1.000000000,1,2025-12-05 10:40:00.000000,2025-12-05 10:40:59.999922,1,BAYxx_xxxx_20251205_103844_000.7z
2025-12-05 10:41:00,-5.545666,-0.005545666,0.610771,-0.944392,-5.212045,768000,768000,1.000000000,1,2025-12-05 10:41:00.000000,2025-12-05 10:41:59.999922,1,BAYxx_xxxx_20251205_103844_000.7z
2025-12-05 10:42:00,-3.120355,-0.003120355,0.362310,-1.970919,-1.511746,768000,768000,1.000000000,1,2025-12-05 10:42:00.000000,2025-12-05 10:42:59.999922,1,BAYxx_xxxx_20251205_103844_000.7z
2025-12-05 10:43:00,-8.955754,-0.008955754,-5.586824,1.724435,-5.093365,768000,768000,1.000000000,1,2025-12-05 10:43:00.000000,2025-12-05 10:43:59.999922,1,BAYxx_xxxx_20251205_103844_000.7z
2025-12-05 10:44:00,-8868.906899,-8.868906899,-2953.949353,-2946.757818,-2968.199727,768000,768000,1.000000000,1,2025-12-05 10:44:00.000000,2025-12-05 10:44:59.999922,1,BAYxx_xxxx_20251205_103844_000.7z
2025-12-05 10:45:00,-17354.412986,-17.354412986,-5779.418817,-5771.395384,-5803.598786,768000,768000,1.000000000,1,2025-12-05 10:45:00.000000,2025-12-05 10:45:59.999922,1,BAYxx_xxxx_20251205_103844_000.7z
2025-12-05 10:46:00,-13646.821491,-13.646821491,-4540.999381,-4541.891116,-4563.930994,768000,768000,1.000000000,1,2025-12-05 10:46:00.000000,2025-12-05 10:46:59.999922,1,BAYxx_xxxx_20251205_103844_000.7z
2025-12-05 10:47:00,2.011582,0.002011582,5.582897,-1.167726,-2.403590,768000,768000,1.000000000,1,2025-12-05 10:47:00.000000,2025-12-05 10:47:59.999922,1,BAYxx_xxxx_20251205_103844_000.7z
2025-12-05 10:48:00,-3468.953357,-3.468953357,-1152.082043,-1148.452842,-1168.418472,704034,768000,0.916710937,0,2025-12-05 10:48:00.000000,2025-12-05 10:48:59.999922,2,BAYxx_xxxx_20251205_103844_000.7z;BAYxx_xxxx_20251205_104849_000.7z
2025-12-05 10:49:00,-25802.873605,-25.802873605,-8580.113125,-8593.139436,-8629.621043,768000,768000,1.000000000,1,2025-12-05 10:49:00.000000,2025-12-05 10:49:59.999922,1,BAYxx_xxxx_20251205_104849_000.7z
2025-12-05 10:50:00,-26109.578757,-26.109578757,-8677.624572,-8695.395556,-8736.558629,768000,768000,1.000000000,1,2025-12-05 10:50:00.000000,2025-12-05 10:50:59.999922,1,BAYxx_xxxx_20251205_104849_000.7z
2025-12-05 10:51:00,-22922.836743,-22.922836743,-7622.377324,-7630.208146,-7670.251273,768000,768000,1.000000000,1,2025-12-05 10:51:00.000000,2025-12-05 10:51:59.999922,1,BAYxx_xxxx_20251205_104849_000.7z
2025-12-05 10:52:00,-22654.489754,-22.654489754,-7528.371308,-7545.013012,-7581.105434,768000,768000,1.000000000,1,2025-12-05 10:52:00.000000,2025-12-05 10:52:59.999922,1,BAYxx_xxxx_20251205_104849_000.7z
2025-12-05 10:53:00,-20757.173965,-20.757173965,-6907.287895,-6905.818432,-6944.067639,768000,768000,1.000000000,1,2025-12-05 10:53:00.000000,2025-12-05 10:53:59.999922,1,BAYxx_xxxx_20251205_104849_000.7z
2025-12-05 10:54:00,-12027.700795,-12.027700795,-4004.367712,-4003.791640,-4019.541444,768000,768000,1.000000000,1,2025-12-05 10:54:00.000000,2025-12-05 10:54:59.999922,1,BAYxx_xxxx_20251205_104849_000.7z
2025-12-05 10:55:00,1.997229,0.001997229,4.095379,-0.314920,-1.783230,768000,768000,1.000000000,1,2025-12-05 10:55:00.000000,2025-12-05 10:55:59.999922,1,BAYxx_xxxx_20251205_104849_000.7z
2025-12-05 10:56:00,-7430.571605,-7.430571605,-2478.222480,-2467.058916,-2485.290209,768000,768000,1.000000000,1,2025-12-05 10:56:00.000000,2025-12-05 10:56:59.999922,1,BAYxx_xxxx_20251205_104849_000.7z
2025-12-05 10:57:00,-17622.659519,-17.622659519,-5861.311142,-5865.637855,-5895.710522,768000,768000,1.000000000,1,2025-12-05 10:57:00.000000,2025-12-05 10:57:59.999922,1,BAYxx_xxxx_20251205_104849_000.7z
2025-12-05 10:58:00,-17283.701765,-17.283701765,-5750.771925,-5752.545171,-5780.384669,716813,768000,0.933350260,0,2025-12-05 10:58:00.000000,2025-12-05 10:58:59.999922,2,BAYxx_xxxx_20251205_104849_000.7z;BAYxx_xxxx_20251205_105853_000.7z
2025-12-05 10:59:00,-16908.003286,-16.908003286,-5624.941315,-5628.688810,-5654.373161,768000,768000,1.000000000,1,2025-12-05 10:59:00.000000,2025-12-05 10:59:59.999922,1,BAYxx_xxxx_20251205_105853_000.7z
2025-12-05 11:00:00,3.323223,0.003323223,7.211604,3.295404,-7.183785,768000,768000,1.000000000,1,2025-12-05 11:00:00.000000,2025-12-05 11:00:59.999922,1,BAYxx_xxxx_20251205_105853_000.7z
2025-12-05 11:01:00,-2012.873864,-2.012873864,-674.174978,-664.457472,-674.241414,768000,768000,1.000000000,1,2025-12-05 11:01:00.000000,2025-12-05 11:01:59.999922,1,BAYxx_xxxx_20251205_105853_000.7z
2025-12-05 11:02:00,-24848.296407,-24.848296407,-8257.600134,-8280.194055,-8310.502218,768000,768000,1.000000000,1,2025-12-05 11:02:00.000000,2025-12-05 11:02:59.999922,1,BAYxx_xxxx_20251205_105853_000.7z
2025-12-05 11:03:00,-23992.368830,-23.992368830,-7964.524756,-8000.759964,-8027.084110,768000,768000,1.000000000,1,2025-12-05 11:03:00.000000,2025-12-05 11:03:59.999922,1,BAYxx_xxxx_20251205_105853_000.7z
2025-12-05 11:04:00,-21029.732019,-21.029732019,-6993.062197,-7005.237821,-7031.432001,768000,768000,1.000000000,1,2025-12-05 11:04:00.000000,2025-12-05 11:04:59.999922,1,BAYxx_xxxx_20251205_105853_000.7z
2025-12-05 11:05:00,-13465.494530,-13.465494530,-4484.322160,-4477.231301,-4503.941069,768000,768000,1.000000000,1,2025-12-05 11:05:00.000000,2025-12-05 11:05:59.999922,1,BAYxx_xxxx_20251205_105853_000.7z
2025-12-05 11:06:00,-2.878260,-0.002878260,5.326310,-7.978961,-0.225609,768000,768000,1.000000000,1,2025-12-05 11:06:00.000000,2025-12-05 11:06:59.999922,1,BAYxx_xxxx_20251205_105853_000.7z
2025-12-05 11:07:00,-16.781557,-0.016781557,-3.191454,-2.636965,-10.953138,768000,768000,1.000000000,1,2025-12-05 11:07:00.000000,2025-12-05 11:07:59.999922,1,BAYxx_xxxx_20251205_105853_000.7z
2025-12-05 11:08:00,-0.594901,-0.000594901,4.262580,-0.120320,-4.737162,716894,768000,0.933455729,0,2025-12-05 11:08:00.000000,2025-12-05 11:08:59.999922,2,BAYxx_xxxx_20251205_105853_000.7z;BAYxx_xxxx_20251205_110857_000.7z
2025-12-05 11:09:00,-5691.041836,-5.691041836,-1895.561616,-1891.676668,-1903.803552,768000,768000,1.000000000,1,2025-12-05 11:09:00.000000,2025-12-05 11:09:59.999922,1,BAYxx_xxxx_20251205_110857_000.7z
2025-12-05 11:10:00,-16255.284882,-16.255284882,-5407.178390,-5409.776122,-5438.330370,768000,768000,1.000000000,1,2025-12-05 11:10:00.000000,2025-12-05 11:10:59.999922,1,BAYxx_xxxx_20251205_110857_000.7z
2025-12-05 11:11:00,-16770.576737,-16.770576737,-5581.648658,-5580.147125,-5608.780954,768000,768000,1.000000000,1,2025-12-05 11:11:00.000000,2025-12-05 11:11:59.999922,1,BAYxx_xxxx_20251205_110857_000.7z
2025-12-05 11:12:00,-3574.970852,-3.574970852,-1187.036964,-1190.773882,-1197.160005,768000,768000,1.000000000,1,2025-12-05 11:12:00.000000,2025-12-05 11:12:59.999922,1,BAYxx_xxxx_20251205_110857_000.7z
2025-12-05 11:13:00,-0.391652,-0.000391652,5.997702,-1.198088,-5.191266,768000,768000,1.000000000,1,2025-12-05 11:13:00.000000,2025-12-05 11:13:59.999922,1,BAYxx_xxxx_20251205_110857_000.7z
2025-12-05 11:14:00,-15501.630111,-15.501630111,-5155.394703,-5162.419783,-5183.815625,768000,768000,1.000000000,1,2025-12-05 11:14:00.000000,2025-12-05 11:14:59.999922,1,BAYxx_xxxx_20251205_110857_000.7z
2025-12-05 11:15:00,-21306.588053,-21.306588053,-7093.557878,-7090.687098,-7122.343077,768000,768000,1.000000000,1,2025-12-05 11:15:00.000000,2025-12-05 11:15:59.999922,1,BAYxx_xxxx_20251205_110857_000.7z
2025-12-05 11:16:00,-24278.399725,-24.278399725,-8075.202599,-8088.349971,-8114.847155,768000,768000,1.000000000,1,2025-12-05 11:16:00.000000,2025-12-05 11:16:59.999922,1,BAYxx_xxxx_20251205_110857_000.7z
2025-12-05 11:17:00,-24412.981288,-24.412981288,-8111.006105,-8128.517220,-8173.457962,768000,768000,1.000000000,1,2025-12-05 11:17:00.000000,2025-12-05 11:17:59.999922,1,BAYxx_xxxx_20251205_110857_000.7z
2025-12-05 11:18:00,-23934.751026,-23.934751026,-7954.039109,-7971.431326,-8009.280591,729696,768000,0.950125000,0,2025-12-05 11:18:00.000000,2025-12-05 11:18:57.007422,1,BAYxx_xxxx_20251205_110857_000.7z
2025-12-05 11:19:00,-24257.065695,-24.257065695,-8058.688051,-8081.439319,-8116.938325,768000,768000,1.000000000,1,2025-12-05 11:19:00.000000,2025-12-05 11:19:59.999922,1,BAYxx_xxxx_20251205_111900_000.7z
2025-12-05 11:20:00,-24069.214940,-24.069214940,-7998.946680,-8012.918370,-8057.349890,768000,768000,1.000000000,1,2025-12-05 11:20:00.000000,2025-12-05 11:20:59.999922,1,BAYxx_xxxx_20251205_111900_000.7z
2025-12-05 11:21:00,-19931.453681,-19.931453681,-6630.286271,-6637.020390,-6664.147019,768000,768000,1.000000000,1,2025-12-05 11:21:00.000000,2025-12-05 11:21:59.999922,1,BAYxx_xxxx_20251205_111900_000.7z
2025-12-05 11:22:00,-18710.491959,-18.710491959,-6225.753138,-6232.089391,-6252.649429,768000,768000,1.000000000,1,2025-12-05 11:22:00.000000,2025-12-05 11:22:59.999922,1,BAYxx_xxxx_20251205_111900_000.7z
2025-12-05 11:23:00,-19704.592668,-19.704592668,-6560.047960,-6557.403755,-6587.140952,768000,768000,1.000000000,1,2025-12-05 11:23:00.000000,2025-12-05 11:23:59.999922,1,BAYxx_xxxx_20251205_111900_000.7z
2025-12-05 11:24:00,-18966.723175,-18.966723175,-6312.507421,-6305.203225,-6349.012529,768000,768000,1.000000000,1,2025-12-05 11:24:00.000000,2025-12-05 11:24:59.999922,1,BAYxx_xxxx_20251205_111900_000.7z
2025-12-05 11:25:00,-4622.511654,-4.622511654,-1535.075753,-1540.208461,-1547.227440,768000,768000,1.000000000,1,2025-12-05 11:25:00.000000,2025-12-05 11:25:59.999922,1,BAYxx_xxxx_20251205_111900_000.7z
2025-12-05 11:26:00,0.559152,0.000559152,4.206227,1.812858,-5.459933,768000,768000,1.000000000,1,2025-12-05 11:26:00.000000,2025-12-05 11:26:59.999922,1,BAYxx_xxxx_20251205_111900_000.7z
2025-12-05 11:27:00,-12770.742262,-12.770742262,-4251.723168,-4252.992914,-4266.026180,768000,768000,1.000000000,1,2025-12-05 11:27:00.000000,2025-12-05 11:27:59.999922,1,BAYxx_xxxx_20251205_111900_000.7z
2025-12-05 11:28:00,-21829.016646,-21.829016646,-7252.580563,-7277.999297,-7298.436785,768000,768000,1.000000000,1,2025-12-05 11:28:00.000000,2025-12-05 11:28:59.999922,1,BAYxx_xxxx_20251205_111900_000.7z
2025-12-05 11:29:00,-22458.839511,-22.458839511,-7465.317247,-7488.546959,-7504.975304,716802,768000,0.933335937,0,2025-12-05 11:29:00.000000,2025-12-05 11:29:59.999922,2,BAYxx_xxxx_20251205_111900_000.7z;BAYxx_xxxx_20251205_112904_000.7z
2025-12-05 11:30:00,-22929.078368,-22.929078368,-7624.515993,-7640.761853,-7663.800522,768000,768000,1.000000000,1,2025-12-05 11:30:00.000000,2025-12-05 11:30:59.999922,1,BAYxx_xxxx_20251205_112904_000.7z
2025-12-05 11:31:00,-22609.357296,-22.609357296,-7515.799618,-7537.832531,-7555.725147,768000,768000,1.000000000,1,2025-12-05 11:31:00.000000,2025-12-05 11:31:59.999922,1,BAYxx_xxxx_20251205_112904_000.7z
2025-12-05 11:32:00,-22740.963141,-22.740963141,-7564.143901,-7573.813767,-7603.005473,768000,768000,1.000000000,1,2025-12-05 11:32:00.000000,2025-12-05 11:32:59.999922,1,BAYxx_xxxx_20251205_112904_000.7z
2025-12-05 11:33:00,-20884.518489,-20.884518489,-6955.894115,-6954.035160,-6974.589214,768000,768000,1.000000000,1,2025-12-05 11:33:00.000000,2025-12-05 11:33:59.999922,1,BAYxx_xxxx_20251205_112904_000.7z
2025-12-05 11:34:00,-15389.088547,-15.389088547,-5122.939705,-5128.495641,-5137.653202,768000,768000,1.000000000,1,2025-12-05 11:34:00.000000,2025-12-05 11:34:59.999922,1,BAYxx_xxxx_20251205_112904_000.7z
2025-12-05 11:35:00,-13653.304189,-13.653304189,-4551.385906,-4543.819434,-4558.098850,768000,768000,1.000000000,1,2025-12-05 11:35:00.000000,2025-12-05 11:35:59.999922,1,BAYxx_xxxx_20251205_112904_000.7z
2025-12-05 11:36:00,-15333.000280,-15.333000280,-5108.827346,-5101.063111,-5123.109822,768000,768000,1.000000000,1,2025-12-05 11:36:00.000000,2025-12-05 11:36:59.999922,1,BAYxx_xxxx_20251205_112904_000.7z
2025-12-05 11:37:00,-15210.115599,-15.210115599,-5063.660818,-5067.141348,-5079.313433,768000,768000,1.000000000,1,2025-12-05 11:37:00.000000,2025-12-05 11:37:59.999922,1,BAYxx_xxxx_20251205_112904_000.7z
2025-12-05 11:38:00,-4.863537,-0.004863537,6.106346,-2.584380,-8.385504,768000,768000,1.000000000,1,2025-12-05 11:38:00.000000,2025-12-05 11:38:59.999922,1,BAYxx_xxxx_20251205_112904_000.7z
2025-12-05 11:39:00,-613.222976,-0.613222976,-205.226680,-201.192827,-206.803469,716842,768000,0.933388021,0,2025-12-05 11:39:00.000000,2025-12-05 11:39:59.999922,2,BAYxx_xxxx_20251205_112904_000.7z;BAYxx_xxxx_20251205_113908_000.7z
2025-12-05 11:40:00,-20036.472150,-20.036472150,-6661.197534,-6667.603084,-6707.671532,768000,768000,1.000000000,1,2025-12-05 11:40:00.000000,2025-12-05 11:40:59.999922,1,BAYxx_xxxx_20251205_113908_000.7z
2025-12-05 11:41:00,-20053.915847,-20.053915847,-6662.806143,-6680.151812,-6710.957893,768000,768000,1.000000000,1,2025-12-05 11:41:00.000000,2025-12-05 11:41:59.999922,1,BAYxx_xxxx_20251205_113908_000.7z
2025-12-05 11:42:00,-21008.800774,-21.008800774,-6990.856728,-6995.890657,-7022.053390,768000,768000,1.000000000,1,2025-12-05 11:42:00.000000,2025-12-05 11:42:59.999922,1,BAYxx_xxxx_20251205_113908_000.7z
2025-12-05 11:43:00,-21628.707371,-21.628707371,-7199.412593,-7196.738380,-7232.556398,768000,768000,1.000000000,1,2025-12-05 11:43:00.000000,2025-12-05 11:43:59.999922,1,BAYxx_xxxx_20251205_113908_000.7z
2025-12-05 11:44:00,-21712.041003,-21.712041003,-7220.185857,-7226.809234,-7265.045912,768000,768000,1.000000000,1,2025-12-05 11:44:00.000000,2025-12-05 11:44:59.999922,1,BAYxx_xxxx_20251205_113908_000.7z
2025-12-05 11:45:00,-21777.360304,-21.777360304,-7249.490896,-7246.519637,-7281.349771,768000,768000,1.000000000,1,2025-12-05 11:45:00.000000,2025-12-05 11:45:59.999922,1,BAYxx_xxxx_20251205_113908_000.7z
2025-12-05 11:46:00,-22258.915438,-22.258915438,-7410.544059,-7403.292635,-7445.078744,768000,768000,1.000000000,1,2025-12-05 11:46:00.000000,2025-12-05 11:46:59.999922,1,BAYxx_xxxx_20251205_113908_000.7z
2025-12-05 11:47:00,-22640.221555,-22.640221555,-7536.685082,-7532.350638,-7571.185836,768000,768000,1.000000000,1,2025-12-05 11:47:00.000000,2025-12-05 11:47:59.999922,1,BAYxx_xxxx_20251205_113908_000.7z
2025-12-05 11:48:00,-22973.094812,-22.973094812,-7640.044088,-7645.050947,-7687.999777,768000,768000,1.000000000,1,2025-12-05 11:48:00.000000,2025-12-05 11:48:59.999922,1,BAYxx_xxxx_20251205_113908_000.7z
2025-12-05 11:49:00,-23154.228965,-23.154228965,-7701.476546,-7701.384628,-7751.367791,729660,768000,0.950078125,0,2025-12-05 11:49:00.000000,2025-12-05 11:49:59.999922,2,BAYxx_xxxx_20251205_113908_000.7z;BAYxx_xxxx_20251205_114911_000.7z
2025-12-05 11:50:00,-9377.315529,-9.377315529,-3119.498127,-3122.971872,-3134.845530,768000,768000,1.000000000,1,2025-12-05 11:50:00.000000,2025-12-05 11:50:59.999922,1,BAYxx_xxxx_20251205_114911_000.7z
2025-12-05 11:51:00,-2.514809,-0.002514809,0.318633,4.128421,-6.961863,768000,768000,1.000000000,1,2025-12-05 11:51:00.000000,2025-12-05 11:51:59.999922,1,BAYxx_xxxx_20251205_114911_000.7z
2025-12-05 11:52:00,-11689.650452,-11.689650452,-3894.521155,-3879.461619,-3915.667678,768000,768000,1.000000000,1,2025-12-05 11:52:00.000000,2025-12-05 11:52:59.999922,1,BAYxx_xxxx_20251205_114911_000.7z
2025-12-05 11:53:00,-22250.470149,-22.250470149,-7410.480179,-7399.994059,-7439.995911,768000,768000,1.000000000,1,2025-12-05 11:53:00.000000,2025-12-05 11:53:59.999922,1,BAYxx_xxxx_20251205_114911_000.7z
2025-12-05 11:54:00,-22260.699309,-22.260699309,-7410.216035,-7411.863752,-7438.619521,768000,768000,1.000000000,1,2025-12-05 11:54:00.000000,2025-12-05 11:54:59.999922,1,BAYxx_xxxx_20251205_114911_000.7z
2025-12-05 11:55:00,-21587.775417,-21.587775417,-7185.466802,-7184.117900,-7218.190715,768000,768000,1.000000000,1,2025-12-05 11:55:00.000000,2025-12-05 11:55:59.999922,1,BAYxx_xxxx_20251205_114911_000.7z
2025-12-05 11:56:00,-20909.285233,-20.909285233,-6958.696484,-6959.757127,-6990.831622,768000,768000,1.000000000,1,2025-12-05 11:56:00.000000,2025-12-05 11:56:59.999922,1,BAYxx_xxxx_20251205_114911_000.7z
2025-12-05 11:57:00,-2258.548438,-2.258548438,-747.251176,-750.683466,-760.613796,768000,768000,1.000000000,1,2025-12-05 11:57:00.000000,2025-12-05 11:57:59.999922,1,BAYxx_xxxx_20251205_114911_000.7z
2025-12-05 11:58:00,-91.392651,-0.091392651,-27.672125,-27.032185,-36.688341,768000,768000,1.000000000,1,2025-12-05 11:58:00.000000,2025-12-05 11:58:59.999922,1,BAYxx_xxxx_20251205_114911_000.7z
2025-12-05 11:59:00,-17143.151023,-17.143151023,-5703.425617,-5708.660956,-5731.064449,716826,768000,0.933367188,0,2025-12-05 11:59:00.000000,2025-12-05 11:59:59.999922,2,BAYxx_xxxx_20251205_114911_000.7z;BAYxx_xxxx_20251205_115915_000.7z
2025-12-05 12:00:00,-21097.270133,-21.097270133,-7018.110345,-7028.570308,-7050.589480,768000,768000,1.000000000,1,2025-12-05 12:00:00.000000,2025-12-05 12:00:59.999922,1,BAYxx_xxxx_20251205_115915_000.7z
2025-12-05 12:01:00,-15345.953785,-15.345953785,-5107.253937,-5108.196708,-5130.503141,768000,768000,1.000000000,1,2025-12-05 12:01:00.000000,2025-12-05 12:01:59.999922,1,BAYxx_xxxx_20251205_115915_000.7z
2025-12-05 12:02:00,-11.178841,-0.011178841,-0.443065,-6.604612,-4.131164,768000,768000,1.000000000,1,2025-12-05 12:02:00.000000,2025-12-05 12:02:59.999922,1,BAYxx_xxxx_20251205_115915_000.7z
2025-12-05 12:03:00,-5075.831089,-5.075831089,-1693.794118,-1683.230262,-1698.806709,768000,768000,1.000000000,1,2025-12-05 12:03:00.000000,2025-12-05 12:03:59.999922,1,BAYxx_xxxx_20251205_115915_000.7z
2025-12-05 12:04:00,-21558.520139,-21.558520139,-7167.113000,-7186.748683,-7204.658456,768000,768000,1.000000000,1,2025-12-05 12:04:00.000000,2025-12-05 12:04:59.999922,1,BAYxx_xxxx_20251205_115915_000.7z
2025-12-05 12:05:00,-21859.686489,-21.859686489,-7274.578000,-7279.738702,-7305.369788,768000,768000,1.000000000,1,2025-12-05 12:05:00.000000,2025-12-05 12:05:59.999922,1,BAYxx_xxxx_20251205_115915_000.7z
2025-12-05 12:06:00,-22048.657965,-22.048657965,-7341.941534,-7333.970455,-7372.745976,768000,768000,1.000000000,1,2025-12-05 12:06:00.000000,2025-12-05 12:06:59.999922,1,BAYxx_xxxx_20251205_115915_000.7z
2025-12-05 12:07:00,-11371.255182,-11.371255182,-3784.125089,-3783.925791,-3803.204303,768000,768000,1.000000000,1,2025-12-05 12:07:00.000000,2025-12-05 12:07:59.999922,1,BAYxx_xxxx_20251205_115915_000.7z
2025-12-05 12:08:00,-6.474536,-0.006474536,4.383579,-3.740361,-7.117754,768000,768000,1.000000000,1,2025-12-05 12:08:00.000000,2025-12-05 12:08:59.999922,1,BAYxx_xxxx_20251205_115915_000.7z
2025-12-05 12:09:00,-8568.768024,-8.568768024,-2856.098031,-2847.326159,-2865.343834,716874,768000,0.933429687,0,2025-12-05 12:09:00.000000,2025-12-05 12:09:59.999922,2,BAYxx_xxxx_20251205_115915_000.7z;BAYxx_xxxx_20251205_120919_000.7z
2025-12-05 12:10:00,-21299.565982,-21.299565982,-7082.951024,-7100.586301,-7116.028657,768000,768000,1.000000000,1,2025-12-05 12:10:00.000000,2025-12-05 12:10:59.999922,1,BAYxx_xxxx_20251205_120919_000.7z
2025-12-05 12:11:00,-21443.856957,-21.443856957,-7135.365709,-7140.596977,-7167.894271,768000,768000,1.000000000,1,2025-12-05 12:11:00.000000,2025-12-05 12:11:59.999922,1,BAYxx_xxxx_20251205_120919_000.7z
2025-12-05 12:12:00,-21156.589620,-21.156589620,-7032.275423,-7049.444979,-7074.869217,768000,768000,1.000000000,1,2025-12-05 12:12:00.000000,2025-12-05 12:12:59.999922,1,BAYxx_xxxx_20251205_120919_000.7z
2025-12-05 12:13:00,-20832.106272,-20.832106272,-6929.208184,-6940.621650,-6962.276437,768000,768000,1.000000000,1,2025-12-05 12:13:00.000000,2025-12-05 12:13:59.999922,1,BAYxx_xxxx_20251205_120919_000.7z
2025-12-05 12:14:00,-15300.067734,-15.300067734,-5088.157005,-5098.971687,-5112.939042,768000,768000,1.000000000,1,2025-12-05 12:14:00.000000,2025-12-05 12:14:59.999922,1,BAYxx_xxxx_20251205_120919_000.7z
2025-12-05 12:15:00,-1.767320,-0.001767320,1.926047,-3.031246,-0.662122,768000,768000,1.000000000,1,2025-12-05 12:15:00.000000,2025-12-05 12:15:59.999922,1,BAYxx_xxxx_20251205_120919_000.7z
2025-12-05 12:16:00,-4866.517672,-4.866517672,-1623.874588,-1615.135430,-1627.507654,768000,768000,1.000000000,1,2025-12-05 12:16:00.000000,2025-12-05 12:16:59.999922,1,BAYxx_xxxx_20251205_120919_000.7z
2025-12-05 12:17:00,-20860.227913,-20.860227913,-6934.207980,-6955.082920,-6970.937013,768000,768000,1.000000000,1,2025-12-05 12:17:00.000000,2025-12-05 12:17:59.999922,1,BAYxx_xxxx_20251205_120919_000.7z
2025-12-05 12:18:00,-21228.584875,-21.228584875,-7061.958575,-7071.764945,-7094.861354,768000,768000,1.000000000,1,2025-12-05 12:18:00.000000,2025-12-05 12:18:59.999922,1,BAYxx_xxxx_20251205_120919_000.7z
2025-12-05 12:19:00,-21295.121447,-21.295121447,-7079.562230,-7096.957625,-7118.601592,716895,768000,0.933457031,0,2025-12-05 12:19:00.000000,2025-12-05 12:19:59.999922,2,BAYxx_xxxx_20251205_120919_000.7z;BAYxx_xxxx_20251205_121923_000.7z
2025-12-05 12:20:00,-5354.047801,-5.354047801,-1777.755691,-1786.846851,-1789.445259,768000,768000,1.000000000,1,2025-12-05 12:20:00.000000,2025-12-05 12:20:59.999922,1,BAYxx_xxxx_20251205_121923_000.7z
2025-12-05 12:21:00,-3.245250,-0.003245250,-0.630415,-1.390742,-1.224093,768000,768000,1.000000000,1,2025-12-05 12:21:00.000000,2025-12-05 12:21:59.999922,1,BAYxx_xxxx_20251205_121923_000.7z
2025-12-05 12:22:00,-14934.026600,-14.934026600,-4971.345251,-4968.757701,-4993.923648,768000,768000,1.000000000,1,2025-12-05 12:22:00.000000,2025-12-05 12:22:59.999922,1,BAYxx_xxxx_20251205_121923_000.7z
2025-12-05 12:23:00,-20464.689660,-20.464689660,-6803.712857,-6816.324041,-6844.652761,768000,768000,1.000000000,1,2025-12-05 12:23:00.000000,2025-12-05 12:23:59.999922,1,BAYxx_xxxx_20251205_121923_000.7z
2025-12-05 12:24:00,-20963.338767,-20.963338767,-6978.465740,-6978.438857,-7006.434170,768000,768000,1.000000000,1,2025-12-05 12:24:00.000000,2025-12-05 12:24:59.999922,1,BAYxx_xxxx_20251205_121923_000.7z
2025-12-05 12:25:00,-13752.717387,-13.752717387,-4576.069779,-4579.327844,-4597.319764,768000,768000,1.000000000,1,2025-12-05 12:25:00.000000,2025-12-05 12:25:59.999922,1,BAYxx_xxxx_20251205_121923_000.7z
2025-12-05 12:26:00,1.311057,0.001311057,3.150437,-0.018704,-1.820676,768000,768000,1.000000000,1,2025-12-05 12:26:00.000000,2025-12-05 12:26:59.999922,1,BAYxx_xxxx_20251205_121923_000.7z
2025-12-05 12:27:00,-6715.425086,-6.715425086,-2237.855388,-2229.473565,-2248.096133,768000,768000,1.000000000,1,2025-12-05 12:27:00.000000,2025-12-05 12:27:59.999922,1,BAYxx_xxxx_20251205_121923_000.7z
2025-12-05 12:28:00,-20276.308981,-20.276308981,-6738.377514,-6751.831541,-6786.099926,768000,768000,1.000000000,1,2025-12-05 12:28:00.000000,2025-12-05 12:28:59.999922,1,BAYxx_xxxx_20251205_121923_000.7z
2025-12-05 12:29:00,-20338.107136,-20.338107136,-6767.889731,-6778.717175,-6791.500230,691234,768000,0.900044271,0,2025-12-05 12:29:00.000000,2025-12-05 12:29:59.999922,2,BAYxx_xxxx_20251205_121923_000.7z;BAYxx_xxxx_20251205_122929_000.7z
2025-12-05 12:30:00,-20196.804105,-20.196804105,-6714.656964,-6734.335112,-6747.812028,768000,768000,1.000000000,1,2025-12-05 12:30:00.000000,2025-12-05 12:30:59.999922,1,BAYxx_xxxx_20251205_122929_000.7z
2025-12-05 12:31:00,-20029.824528,-20.029824528,-6658.809122,-6676.560010,-6694.455396,768000,768000,1.000000000,1,2025-12-05 12:31:00.000000,2025-12-05 12:31:59.999922,1,BAYxx_xxxx_20251205_122929_000.7z
2025-12-05 12:32:00,-7751.546096,-7.751546096,-2575.661686,-2583.065351,-2592.819059,768000,768000,1.000000000,1,2025-12-05 12:32:00.000000,2025-12-05 12:32:59.999922,1,BAYxx_xxxx_20251205_122929_000.7z
2025-12-05 12:33:00,-2.731884,-0.002731884,0.407690,-0.901981,-2.237592,768000,768000,1.000000000,1,2025-12-05 12:33:00.000000,2025-12-05 12:33:59.999922,1,BAYxx_xxxx_20251205_122929_000.7z
2025-12-05 12:34:00,-11654.447973,-11.654447973,-3884.014129,-3874.781583,-3895.652261,768000,768000,1.000000000,1,2025-12-05 12:34:00.000000,2025-12-05 12:34:59.999922,1,BAYxx_xxxx_20251205_122929_000.7z
2025-12-05 12:35:00,-1370.509423,-1.370509423,-446.104094,-459.158878,-465.246452,768000,768000,1.000000000,1,2025-12-05 12:35:00.000000,2025-12-05 12:35:59.999922,1,BAYxx_xxxx_20251205_122929_000.7z
2025-12-05 12:36:00,-276.039675,-0.276039675,-90.548843,-88.070620,-97.420212,768000,768000,1.000000000,1,2025-12-05 12:36:00.000000,2025-12-05 12:36:59.999922,1,BAYxx_xxxx_20251205_122929_000.7z
2025-12-05 12:37:00,-17631.920873,-17.631920873,-5865.338867,-5876.240189,-5890.341817,768000,768000,1.000000000,1,2025-12-05 12:37:00.000000,2025-12-05 12:37:59.999922,1,BAYxx_xxxx_20251205_122929_000.7z
2025-12-05 12:38:00,-1615.057721,-1.615057721,-535.885476,-539.213695,-539.958550,768000,768000,1.000000000,1,2025-12-05 12:38:00.000000,2025-12-05 12:38:59.999922,1,BAYxx_xxxx_20251205_122929_000.7z
2025-12-05 12:39:00,-10.051213,-0.010051213,-1.309110,-8.138347,-0.603756,716904,768000,0.933468750,0,2025-12-05 12:39:00.000000,2025-12-05 12:39:59.999922,2,BAYxx_xxxx_20251205_122929_000.7z;BAYxx_xxxx_20251205_123933_000.7z
2025-12-05 12:40:00,-3.391781,-0.003391781,2.726354,-0.886524,-5.231612,768000,768000,1.000000000,1,2025-12-05 12:40:00.000000,2025-12-05 12:40:59.999922,1,BAYxx_xxxx_20251205_123933_000.7z
2025-12-05 12:41:00,-1093.812603,-1.093812603,-364.961061,-360.179862,-368.671680,768000,768000,1.000000000,1,2025-12-05 12:41:00.000000,2025-12-05 12:41:59.999922,1,BAYxx_xxxx_20251205_123933_000.7z
2025-12-05 12:42:00,-14601.361904,-14.601361904,-4854.092169,-4867.811054,-4879.458681,768000,768000,1.000000000,1,2025-12-05 12:42:00.000000,2025-12-05 12:42:59.999922,1,BAYxx_xxxx_20251205_123933_000.7z
2025-12-05 12:43:00,-4.886092,-0.004886092,0.070981,-1.090089,-3.866984,768000,768000,1.000000000,1,2025-12-05 12:43:00.000000,2025-12-05 12:43:59.999922,1,BAYxx_xxxx_20251205_123933_000.7z
2025-12-05 12:44:00,-14.361041,-0.014361041,-2.825000,-4.535202,-7.000838,768000,768000,1.000000000,1,2025-12-05 12:44:00.000000,2025-12-05 12:44:59.999922,1,BAYxx_xxxx_20251205_123933_000.7z
2025-12-05 12:45:00,-3.638686,-0.003638686,-7.423603,-1.982474,5.767392,768000,768000,1.000000000,1,2025-12-05 12:45:00.000000,2025-12-05 12:45:59.999922,1,BAYxx_xxxx_20251205_123933_000.7z
2025-12-05 12:46:00,-6396.038998,-6.396038998,-2132.834814,-2123.352836,-2139.851347,768000,768000,1.000000000,1,2025-12-05 12:46:00.000000,2025-12-05 12:46:59.999922,1,BAYxx_xxxx_20251205_123933_000.7z
2025-12-05 12:47:00,15.117551,0.015117551,17.787970,-1.538233,-1.132187,768000,768000,1.000000000,1,2025-12-05 12:47:00.000000,2025-12-05 12:47:59.999922,1,BAYxx_xxxx_20251205_123933_000.7z
2025-12-05 12:48:00,-814.073150,-0.814073150,-251.647843,-276.850482,-285.574826,768000,768000,1.000000000,1,2025-12-05 12:48:00.000000,2025-12-05 12:48:59.999922,1,BAYxx_xxxx_20251205_123933_000.7z
2025-12-05 12:49:00,-17905.666376,-17.905666376,-5931.506255,-5972.401324,-6001.758798,716837,768000,0.933381510,0,2025-12-05 12:49:00.000000,2025-12-05 12:49:59.999922,2,BAYxx_xxxx_20251205_123933_000.7z;BAYxx_xxxx_20251205_124937_000.7z
2025-12-05 12:50:00,-19065.602973,-19.065602973,-6319.327677,-6358.196100,-6388.079196,768000,768000,1.000000000,1,2025-12-05 12:50:00.000000,2025-12-05 12:50:59.999922,1,BAYxx_xxxx_20251205_124937_000.7z
2025-12-05 12:51:00,-18900.663372,-18.900663372,-6261.172879,-6307.698564,-6331.791929,768000,768000,1.000000000,1,2025-12-05 12:51:00.000000,2025-12-05 12:51:59.999922,1,BAYxx_xxxx_20251205_124937_000.7z
2025-12-05 12:52:00,-18870.909758,-18.870909758,-6251.868393,-6298.237687,-6320.803678,768000,768000,1.000000000,1,2025-12-05 12:52:00.000000,2025-12-05 12:52:59.999922,1,BAYxx_xxxx_20251205_124937_000.7z
2025-12-05 12:53:00,-18457.495768,-18.457495768,-6113.008777,-6157.287111,-6187.199880,768000,768000,1.000000000,1,2025-12-05 12:53:00.000000,2025-12-05 12:53:59.999922,1,BAYxx_xxxx_20251205_124937_000.7z
2025-12-05 12:54:00,-18205.680545,-18.205680545,-6030.873123,-6077.360179,-6097.447243,768000,768000,1.000000000,1,2025-12-05 12:54:00.000000,2025-12-05 12:54:59.999922,1,BAYxx_xxxx_20251205_124937_000.7z
2025-12-05 12:55:00,-18164.517224,-18.164517224,-6022.415637,-6060.373895,-6081.727692,768000,768000,1.000000000,1,2025-12-05 12:55:00.000000,2025-12-05 12:55:59.999922,1,BAYxx_xxxx_20251205_124937_000.7z
2025-12-05 12:56:00,-18023.052881,-18.023052881,-5980.980177,-6009.340502,-6032.732201,768000,768000,1.000000000,1,2025-12-05 12:56:00.000000,2025-12-05 12:56:59.999922,1,BAYxx_xxxx_20251205_124937_000.7z
2025-12-05 12:57:00,-18210.225757,-18.210225757,-6042.133096,-6076.767952,-6091.324709,768000,768000,1.000000000,1,2025-12-05 12:57:00.000000,2025-12-05 12:57:59.999922,1,BAYxx_xxxx_20251205_124937_000.7z
2025-12-05 12:58:00,-17716.767869,-17.716767869,-5879.134897,-5909.474133,-5928.158839,768000,768000,1.000000000,1,2025-12-05 12:58:00.000000,2025-12-05 12:58:59.999922,1,BAYxx_xxxx_20251205_124937_000.7z
2025-12-05 12:59:00,-17619.965625,-17.619965625,-5849.436676,-5869.501345,-5901.027604,729628,768000,0.950036458,0,2025-12-05 12:59:00.000000,2025-12-05 12:59:59.999922,2,BAYxx_xxxx_20251205_124937_000.7z;BAYxx_xxxx_20251205_125940_000.7z
2025-12-05 13:00:00,-17356.043289,-17.356043289,-5761.109731,-5785.317900,-5809.615658,768000,768000,1.000000000,1,2025-12-05 13:00:00.000000,2025-12-05 13:00:59.999922,1,BAYxx_xxxx_20251205_125940_000.7z
2025-12-05 13:01:00,-17166.577868,-17.166577868,-5698.479821,-5725.776868,-5742.321178,768000,768000,1.000000000,1,2025-12-05 13:01:00.000000,2025-12-05 13:01:59.999922,1,BAYxx_xxxx_20251205_125940_000.7z
2025-12-05 13:02:00,-17217.968393,-17.217968393,-5712.180647,-5742.899368,-5762.888378,768000,768000,1.000000000,1,2025-12-05 13:02:00.000000,2025-12-05 13:02:59.999922,1,BAYxx_xxxx_20251205_125940_000.7z
2025-12-05 13:03:00,-17075.702214,-17.075702214,-5664.441972,-5692.664191,-5718.596050,768000,768000,1.000000000,1,2025-12-05 13:03:00.000000,2025-12-05 13:03:59.999922,1,BAYxx_xxxx_20251205_125940_000.7z
2025-12-05 13:04:00,-17027.028582,-17.027028582,-5644.731139,-5680.266495,-5702.030947,768000,768000,1.000000000,1,2025-12-05 13:04:00.000000,2025-12-05 13:04:59.999922,1,BAYxx_xxxx_20251205_125940_000.7z
2025-12-05 13:05:00,-16892.173743,-16.892173743,-5601.464514,-5639.386223,-5651.323007,768000,768000,1.000000000,1,2025-12-05 13:05:00.000000,2025-12-05 13:05:59.999922,1,BAYxx_xxxx_20251205_125940_000.7z
2025-12-05 13:06:00,-16841.275714,-16.841275714,-5585.501329,-5619.152517,-5636.621867,768000,768000,1.000000000,1,2025-12-05 13:06:00.000000,2025-12-05 13:06:59.999922,1,BAYxx_xxxx_20251205_125940_000.7z
2025-12-05 13:07:00,-16690.026049,-16.690026049,-5533.747341,-5565.098871,-5591.179836,768000,768000,1.000000000,1,2025-12-05 13:07:00.000000,2025-12-05 13:07:59.999922,1,BAYxx_xxxx_20251205_125940_000.7z
2025-12-05 13:08:00,-16715.991913,-16.715991913,-5543.442773,-5571.227739,-5601.321401,768000,768000,1.000000000,1,2025-12-05 13:08:00.000000,2025-12-05 13:08:59.999922,1,BAYxx_xxxx_20251205_125940_000.7z
2025-12-05 13:09:00,-16650.848292,-16.650848292,-5526.828619,-5552.090284,-5571.929389,716865,768000,0.933417969,0,2025-12-05 13:09:00.000000,2025-12-05 13:09:59.999922,2,BAYxx_xxxx_20251205_125940_000.7z;BAYxx_xxxx_20251205_130944_000.7z
2025-12-05 13:10:00,-16413.120639,-16.413120639,-5439.995169,-5480.643234,-5492.482236,768000,768000,1.000000000,1,2025-12-05 13:10:00.000000,2025-12-05 13:10:59.999922,1,BAYxx_xxxx_20251205_130944_000.7z
2025-12-05 13:11:00,-16190.002773,-16.190002773,-5360.567230,-5406.984336,-5422.451207,768000,768000,1.000000000,1,2025-12-05 13:11:00.000000,2025-12-05 13:11:59.999922,1,BAYxx_xxxx_20251205_130944_000.7z
2025-12-05 13:12:00,-16021.811869,-16.021811869,-5308.195805,-5355.632134,-5357.983929,768000,768000,1.000000000,1,2025-12-05 13:12:00.000000,2025-12-05 13:12:59.999922,1,BAYxx_xxxx_20251205_130944_000.7z
2025-12-05 13:13:00,-15961.470415,-15.961470415,-5298.473956,-5324.095420,-5338.901039,768000,768000,1.000000000,1,2025-12-05 13:13:00.000000,2025-12-05 13:13:59.999922,1,BAYxx_xxxx_20251205_130944_000.7z
2025-12-05 13:14:00,-16113.860398,-16.113860398,-5350.009089,-5370.698205,-5393.153104,768000,768000,1.000000000,1,2025-12-05 13:14:00.000000,2025-12-05 13:14:59.999922,1,BAYxx_xxxx_20251205_130944_000.7z
2025-12-05 13:15:00,-16276.538911,-16.276538911,-5402.229411,-5424.650051,-5449.659448,768000,768000,1.000000000,1,2025-12-05 13:15:00.000000,2025-12-05 13:15:59.999922,1,BAYxx_xxxx_20251205_130944_000.7z
2025-12-05 13:16:00,-16488.510555,-16.488510555,-5476.914529,-5496.787537,-5514.808489,768000,768000,1.000000000,1,2025-12-05 13:16:00.000000,2025-12-05 13:16:59.999922,1,BAYxx_xxxx_20251205_130944_000.7z
2025-12-05 13:17:00,-16527.478876,-16.527478876,-5488.516707,-5511.977441,-5526.984727,768000,768000,1.000000000,1,2025-12-05 13:17:00.000000,2025-12-05 13:17:59.999922,1,BAYxx_xxxx_20251205_130944_000.7z
2025-12-05 13:18:00,-16281.253747,-16.281253747,-5408.933620,-5426.531395,-5445.788732,768000,768000,1.000000000,1,2025-12-05 13:18:00.000000,2025-12-05 13:18:59.999922,1,BAYxx_xxxx_20251205_130944_000.7z
2025-12-05 13:19:00,-15883.715175,-15.883715175,-5276.898362,-5291.793792,-5315.023021,716860,768000,0.933411458,0,2025-12-05 13:19:00.000000,2025-12-05 13:19:59.999922,2,BAYxx_xxxx_20251205_130944_000.7z;BAYxx_xxxx_20251205_131948_000.7z
2025-12-05 13:20:00,-15794.006859,-15.794006859,-5250.091975,-5259.352658,-5284.562226,768000,768000,1.000000000,1,2025-12-05 13:20:00.000000,2025-12-05 13:20:59.999922,1,BAYxx_xxxx_20251205_131948_000.7z
2025-12-05 13:21:00,-15595.378903,-15.595378903,-5180.116884,-5199.852025,-5215.409994,768000,768000,1.000000000,1,2025-12-05 13:21:00.000000,2025-12-05 13:21:59.999922,1,BAYxx_xxxx_20251205_131948_000.7z
2025-12-05 13:22:00,-15301.694936,-15.301694936,-5082.330188,-5100.415931,-5118.948817,768000,768000,1.000000000,1,2025-12-05 13:22:00.000000,2025-12-05 13:22:59.999922,1,BAYxx_xxxx_20251205_131948_000.7z
2025-12-05 13:23:00,-15352.731818,-15.352731818,-5102.811372,-5113.133048,-5136.787398,768000,768000,1.000000000,1,2025-12-05 13:23:00.000000,2025-12-05 13:23:59.999922,1,BAYxx_xxxx_20251205_131948_000.7z
2025-12-05 13:24:00,-15303.322290,-15.303322290,-5085.829883,-5097.256907,-5120.235499,768000,768000,1.000000000,1,2025-12-05 13:24:00.000000,2025-12-05 13:24:59.999922,1,BAYxx_xxxx_20251205_131948_000.7z
2025-12-05 13:25:00,-15191.679145,-15.191679145,-5049.935390,-5059.982638,-5081.761117,768000,768000,1.000000000,1,2025-12-05 13:25:00.000000,2025-12-05 13:25:59.999922,1,BAYxx_xxxx_20251205_131948_000.7z
2025-12-05 13:26:00,-15076.502083,-15.076502083,-5012.013564,-5023.877395,-5040.611123,768000,768000,1.000000000,1,2025-12-05 13:26:00.000000,2025-12-05 13:26:59.999922,1,BAYxx_xxxx_20251205_131948_000.7z
2025-12-05 13:27:00,-15103.677320,-15.103677320,-5024.194065,-5030.431187,-5049.052069,768000,768000,1.000000000,1,2025-12-05 13:27:00.000000,2025-12-05 13:27:59.999922,1,BAYxx_xxxx_20251205_131948_000.7z
2025-12-05 13:28:00,-15209.760705,-15.209760705,-5061.457518,-5064.167616,-5084.135571,768000,768000,1.000000000,1,2025-12-05 13:28:00.000000,2025-12-05 13:28:59.999922,1,BAYxx_xxxx_20251205_131948_000.7z
2025-12-05 13:29:00,-15137.133427,-15.137133427,-5043.412497,-5037.733143,-5055.987787,716837,768000,0.933381510,0,2025-12-05 13:29:00.000000,2025-12-05 13:29:59.999922,2,BAYxx_xxxx_20251205_131948_000.7z;BAYxx_xxxx_20251205_132952_000.7z
2025-12-05 13:30:00,-14783.194397,-14.783194397,-4925.664061,-4923.225145,-4934.305192,768000,768000,1.000000000,1,2025-12-05 13:30:00.000000,2025-12-05 13:30:59.999922,1,BAYxx_xxxx_20251205_132952_000.7z
2025-12-05 13:31:00,-14626.727922,-14.626727922,-4868.458039,-4867.899207,-4890.370677,768000,768000,1.000000000,1,2025-12-05 13:31:00.000000,2025-12-05 13:31:59.999922,1,BAYxx_xxxx_20251205_132952_000.7z
2025-12-05 13:32:00,-3140.964973,-3.140964973,-1040.481978,-1043.900309,-1056.582686,768000,768000,1.000000000,1,2025-12-05 13:32:00.000000,2025-12-05 13:32:59.999922,1,BAYxx_xxxx_20251205_132952_000.7z
2025-12-05 13:33:00,-0.142671,-0.000142671,6.046369,5.541061,-11.730101,768000,768000,1.000000000,1,2025-12-05 13:33:00.000000,2025-12-05 13:33:59.999922,1,BAYxx_xxxx_20251205_132952_000.7z
2025-12-05 13:34:00,-10088.941194,-10.088941194,-3363.035661,-3353.533595,-3372.371938,768000,768000,1.000000000,1,2025-12-05 13:34:00.000000,2025-12-05 13:34:59.999922,1,BAYxx_xxxx_20251205_132952_000.7z
2025-12-05 13:35:00,-13023.553458,-13.023553458,-4339.131164,-4334.546714,-4349.875580,768000,768000,1.000000000,1,2025-12-05 13:35:00.000000,2025-12-05 13:35:59.999922,1,BAYxx_xxxx_20251205_132952_000.7z
2025-12-05 13:36:00,-13796.025700,-13.796025700,-4594.871053,-4589.620631,-4611.534015,768000,768000,1.000000000,1,2025-12-05 13:36:00.000000,2025-12-05 13:36:59.999922,1,BAYxx_xxxx_20251205_132952_000.7z
2025-12-05 13:37:00,-13952.539128,-13.952539128,-4651.189002,-4640.680994,-4660.669132,768000,768000,1.000000000,1,2025-12-05 13:37:00.000000,2025-12-05 13:37:59.999922,1,BAYxx_xxxx_20251205_132952_000.7z
2025-12-05 13:38:00,-9349.861012,-9.349861012,-3114.662865,-3108.575032,-3126.623114,768000,768000,1.000000000,1,2025-12-05 13:38:00.000000,2025-12-05 13:38:59.999922,1,BAYxx_xxxx_20251205_132952_000.7z
2025-12-05 13:39:00,-0.973266,-0.000973266,4.203109,3.216151,-8.392526,716941,768000,0.933516927,0,2025-12-05 13:39:00.000000,2025-12-05 13:39:59.999922,2,BAYxx_xxxx_20251205_132952_000.7z;BAYxx_xxxx_20251205_133956_000.7z
2025-12-05 13:40:00,-3690.169915,-3.690169915,-1229.277554,-1224.672443,-1236.219918,768000,768000,1.000000000,1,2025-12-05 13:40:00.000000,2025-12-05 13:40:59.999922,1,BAYxx_xxxx_20251205_133956_000.7z
2025-12-05 13:41:00,-11865.771508,-11.865771508,-3957.490244,-3950.782053,-3957.499211,768000,768000,1.000000000,1,2025-12-05 13:41:00.000000,2025-12-05 13:41:59.999922,1,BAYxx_xxxx_20251205_133956_000.7z
2025-12-05 13:42:00,-11850.640863,-11.850640863,-3952.141442,-3939.900901,-3958.598520,768000,768000,1.000000000,1,2025-12-05 13:42:00.000000,2025-12-05 13:42:59.999922,1,BAYxx_xxxx_20251205_133956_000.7z
2025-12-05 13:43:00,-11843.393967,-11.843393967,-3951.601644,-3935.886821,-3955.905503,768000,768000,1.000000000,1,2025-12-05 13:43:00.000000,2025-12-05 13:43:59.999922,1,BAYxx_xxxx_20251205_133956_000.7z
2025-12-05 13:44:00,-11896.782285,-11.896782285,-3972.048667,-3954.210466,-3970.523152,768000,768000,1.000000000,1,2025-12-05 13:44:00.000000,2025-12-05 13:44:59.999922,1,BAYxx_xxxx_20251205_133956_000.7z
2025-12-05 13:45:00,-11850.696029,-11.850696029,-3953.634364,-3939.540428,-3957.521237,768000,768000,1.000000000,1,2025-12-05 13:45:00.000000,2025-12-05 13:45:59.999922,1,BAYxx_xxxx_20251205_133956_000.7z
2025-12-05 13:46:00,-11782.974336,-11.782974336,-3925.485448,-3919.151741,-3938.337148,768000,768000,1.000000000,1,2025-12-05 13:46:00.000000,2025-12-05 13:46:59.999922,1,BAYxx_xxxx_20251205_133956_000.7z
2025-12-05 13:47:00,-11700.059152,-11.700059152,-3904.872789,-3887.992497,-3907.193865,768000,768000,1.000000000,1,2025-12-05 13:47:00.000000,2025-12-05 13:47:59.999922,1,BAYxx_xxxx_20251205_133956_000.7z
2025-12-05 13:48:00,-11632.606595,-11.632606595,-3881.846311,-3864.367081,-3886.393203,768000,768000,1.000000000,1,2025-12-05 13:48:00.000000,2025-12-05 13:48:59.999922,1,BAYxx_xxxx_20251205_133956_000.7z
2025-12-05 13:49:00,-11560.881162,-11.560881162,-3854.206493,-3843.251784,-3863.422885,716910,768000,0.933476562,0,2025-12-05 13:49:00.000000,2025-12-05 13:49:56.008516,1,BAYxx_xxxx_20251205_133956_000.7z
2025-12-05 13:50:00,-11469.834353,-11.469834353,-3823.480541,-3818.279851,-3828.073961,768000,768000,1.000000000,1,2025-12-05 13:50:00.000000,2025-12-05 13:50:59.999922,1,BAYxx_xxxx_20251205_135000_000.7z
2025-12-05 13:51:00,-11425.684097,-11.425684097,-3815.944928,-3800.605439,-3809.133730,768000,768000,1.000000000,1,2025-12-05 13:51:00.000000,2025-12-05 13:51:59.999922,1,BAYxx_xxxx_20251205_135000_000.7z
2025-12-05 13:52:00,-11317.992862,-11.317992862,-3772.360842,-3771.060610,-3774.571410,768000,768000,1.000000000,1,2025-12-05 13:52:00.000000,2025-12-05 13:52:59.999922,1,BAYxx_xxxx_20251205_135000_000.7z
2025-12-05 13:53:00,-11235.529253,-11.235529253,-3750.303829,-3733.588233,-3751.637191,768000,768000,1.000000000,1,2025-12-05 13:53:00.000000,2025-12-05 13:53:59.999922,1,BAYxx_xxxx_20251205_135000_000.7z
2025-12-05 13:54:00,-11169.087447,-11.169087447,-3731.932102,-3703.749789,-3733.405556,768000,768000,1.000000000,1,2025-12-05 13:54:00.000000,2025-12-05 13:54:59.999922,1,BAYxx_xxxx_20251205_135000_000.7z
2025-12-05 13:55:00,-11174.974045,-11.174974045,-3733.452836,-3709.698228,-3731.822981,768000,768000,1.000000000,1,2025-12-05 13:55:00.000000,2025-12-05 13:55:59.999922,1,BAYxx_xxxx_20251205_135000_000.7z
2025-12-05 13:56:00,-2991.617957,-2.991617957,-1001.500292,-992.427308,-997.690357,768000,768000,1.000000000,1,2025-12-05 13:56:00.000000,2025-12-05 13:56:59.999922,1,BAYxx_xxxx_20251205_135000_000.7z
2025-12-05 13:57:00,-2.192114,-0.002192114,1.821824,-1.217014,-2.796925,768000,768000,1.000000000,1,2025-12-05 13:57:00.000000,2025-12-05 13:57:59.999922,1,BAYxx_xxxx_20251205_135000_000.7z
2025-12-05 13:58:00,-8660.884181,-8.660884181,-2894.753434,-2875.888606,-2890.242141,768000,768000,1.000000000,1,2025-12-05 13:58:00.000000,2025-12-05 13:58:59.999922,1,BAYxx_xxxx_20251205_135000_000.7z
2025-12-05 13:59:00,-11023.542175,-11.023542175,-3685.972348,-3661.227205,-3676.342622,768000,768000,1.000000000,1,2025-12-05 13:59:00.000000,2025-12-05 13:59:59.999922,1,BAYxx_xxxx_20251205_135000_000.7z
2025-12-05 14:00:00,-11059.199999,-11.059199999,-3694.560240,-3673.038788,-3691.600971,716932,768000,0.933505208,0,2025-12-05 14:00:00.000000,2025-12-05 14:00:59.999922,2,BAYxx_xxxx_20251205_135000_000.7z;BAYxx_xxxx_20251205_140004_000.7z
2025-12-05 14:01:00,-11111.542624,-11.111542624,-3712.020149,-3689.849825,-3709.672650,768000,768000,1.000000000,1,2025-12-05 14:01:00.000000,2025-12-05 14:01:59.999922,1,BAYxx_xxxx_20251205_140004_000.7z
2025-12-05 14:02:00,-11094.263343,-11.094263343,-3710.781340,-3684.653929,-3698.828075,768000,768000,1.000000000,1,2025-12-05 14:02:00.000000,2025-12-05 14:02:59.999922,1,BAYxx_xxxx_20251205_140004_000.7z
2025-12-05 14:03:00,-10988.627682,-10.988627682,-3671.248319,-3653.960973,-3663.418390,768000,768000,1.000000000,1,2025-12-05 14:03:00.000000,2025-12-05 14:03:59.999922,1,BAYxx_xxxx_20251205_140004_000.7z
2025-12-05 14:04:00,-10880.016787,-10.880016787,-3634.902687,-3619.644512,-3625.469588,768000,768000,1.000000000,1,2025-12-05 14:04:00.000000,2025-12-05 14:04:59.999922,1,BAYxx_xxxx_20251205_140004_000.7z
2025-12-05 14:05:00,-10781.276814,-10.781276814,-3605.045064,-3583.392406,-3592.839344,768000,768000,1.000000000,1,2025-12-05 14:05:00.000000,2025-12-05 14:05:59.999922,1,BAYxx_xxxx_20251205_140004_000.7z
2025-12-05 14:06:00,-10667.148616,-10.667148616,-3558.759920,-3545.099630,-3563.289066,768000,768000,1.000000000,1,2025-12-05 14:06:00.000000,2025-12-05 14:06:59.999922,1,BAYxx_xxxx_20251205_140004_000.7z
2025-12-05 14:07:00,-10547.371583,-10.547371583,-3522.894852,-3504.658591,-3519.818140,768000,768000,1.000000000,1,2025-12-05 14:07:00.000000,2025-12-05 14:07:59.999922,1,BAYxx_xxxx_20251205_140004_000.7z
2025-12-05 14:08:00,-10456.405115,-10.456405115,-3492.131544,-3474.903027,-3489.370544,768000,768000,1.000000000,1,2025-12-05 14:08:00.000000,2025-12-05 14:08:59.999922,1,BAYxx_xxxx_20251205_140004_000.7z
2025-12-05 14:09:00,-10444.497587,-10.444497587,-3490.716751,-3470.167908,-3483.612927,768000,768000,1.000000000,1,2025-12-05 14:09:00.000000,2025-12-05 14:09:59.999922,1,BAYxx_xxxx_20251205_140004_000.7z
2025-12-05 14:10:00,-10347.939248,-10.347939248,-3454.053296,-3440.052676,-3453.833275,716906,768000,0.933471354,0,2025-12-05 14:10:00.000000,2025-12-05 14:10:59.999922,2,BAYxx_xxxx_20251205_140004_000.7z;BAYxx_xxxx_20251205_141008_000.7z
2025-12-05 14:11:00,-10314.784021,-10.314784021,-3450.777691,-3424.294400,-3439.711931,768000,768000,1.000000000,1,2025-12-05 14:11:00.000000,2025-12-05 14:11:59.999922,1,BAYxx_xxxx_20251205_141008_000.7z
2025-12-05 14:12:00,-10219.782507,-10.219782507,-3418.812964,-3392.119798,-3408.849744,768000,768000,1.000000000,1,2025-12-05 14:12:00.000000,2025-12-05 14:12:59.999922,1,BAYxx_xxxx_20251205_141008_000.7z
2025-12-05 14:13:00,-10151.454093,-10.151454093,-3390.342431,-3373.184350,-3387.927312,768000,768000,1.000000000,1,2025-12-05 14:13:00.000000,2025-12-05 14:13:59.999922,1,BAYxx_xxxx_20251205_141008_000.7z
2025-12-05 14:14:00,-10028.912076,-10.028912076,-3345.177232,-3333.407583,-3350.327262,768000,768000,1.000000000,1,2025-12-05 14:14:00.000000,2025-12-05 14:14:59.999922,1,BAYxx_xxxx_20251205_141008_000.7z
2025-12-05 14:15:00,-10018.168466,-10.018168466,-3344.720280,-3329.019603,-3344.428583,768000,768000,1.000000000,1,2025-12-05 14:15:00.000000,2025-12-05 14:15:59.999922,1,BAYxx_xxxx_20251205_141008_000.7z
2025-12-05 14:16:00,-10062.604564,-10.062604564,-3364.127906,-3339.258897,-3359.217761,768000,768000,1.000000000,1,2025-12-05 14:16:00.000000,2025-12-05 14:16:59.999922,1,BAYxx_xxxx_20251205_141008_000.7z
2025-12-05 14:17:00,-10127.893018,-10.127893018,-3383.854844,-3364.377292,-3379.660882,768000,768000,1.000000000,1,2025-12-05 14:17:00.000000,2025-12-05 14:17:59.999922,1,BAYxx_xxxx_20251205_141008_000.7z
2025-12-05 14:18:00,-9967.842053,-9.967842053,-3323.193851,-3315.996372,-3328.651831,768000,768000,1.000000000,1,2025-12-05 14:18:00.000000,2025-12-05 14:18:59.999922,1,BAYxx_xxxx_20251205_141008_000.7z
2025-12-05 14:19:00,-9857.644583,-9.857644583,-3295.685718,-3276.851033,-3285.107831,768000,768000,1.000000000,1,2025-12-05 14:19:00.000000,2025-12-05 14:19:59.999922,1,BAYxx_xxxx_20251205_141008_000.7z
2025-12-05 14:20:00,-9786.406789,-9.786406789,-3264.576897,-3258.280779,-3263.549113,729604,768000,0.950005208,0,2025-12-05 14:20:00.000000,2025-12-05 14:20:59.999922,2,BAYxx_xxxx_20251205_141008_000.7z;BAYxx_xxxx_20251205_142011_000.7z
2025-12-05 14:21:00,-9716.671280,-9.716671280,-3245.720858,-3230.581824,-3240.368598,768000,768000,1.000000000,1,2025-12-05 14:21:00.000000,2025-12-05 14:21:59.999922,1,BAYxx_xxxx_20251205_142011_000.7z
2025-12-05 14:22:00,-9646.129792,-9.646129792,-3225.492248,-3204.101310,-3216.536235,768000,768000,1.000000000,1,2025-12-05 14:22:00.000000,2025-12-05 14:22:59.999922,1,BAYxx_xxxx_20251205_142011_000.7z
2025-12-05 14:23:00,-9526.541922,-9.526541922,-3187.186094,-3158.097937,-3181.257892,768000,768000,1.000000000,1,2025-12-05 14:23:00.000000,2025-12-05 14:23:59.999922,1,BAYxx_xxxx_20251205_142011_000.7z
2025-12-05 14:24:00,-9543.406342,-9.543406342,-3192.019256,-3167.835569,-3183.551516,768000,768000,1.000000000,1,2025-12-05 14:24:00.000000,2025-12-05 14:24:59.999922,1,BAYxx_xxxx_20251205_142011_000.7z
2025-12-05 14:25:00,-9644.075432,-9.644075432,-3220.561235,-3206.992877,-3216.521320,768000,768000,1.000000000,1,2025-12-05 14:25:00.000000,2025-12-05 14:25:59.999922,1,BAYxx_xxxx_20251205_142011_000.7z
2025-12-05 14:26:00,-9905.238554,-9.905238554,-3310.199809,-3294.932540,-3300.106205,768000,768000,1.000000000,1,2025-12-05 14:26:00.000000,2025-12-05 14:26:59.999922,1,BAYxx_xxxx_20251205_142011_000.7z
2025-12-05 14:27:00,-10017.656017,-10.017656017,-3345.730016,-3335.188110,-3336.737891,768000,768000,1.000000000,1,2025-12-05 14:27:00.000000,2025-12-05 14:27:59.999922,1,BAYxx_xxxx_20251205_142011_000.7z
2025-12-05 14:28:00,-10064.432908,-10.064432908,-3358.098141,-3346.259814,-3360.074953,768000,768000,1.000000000,1,2025-12-05 14:28:00.000000,2025-12-05 14:28:59.999922,1,BAYxx_xxxx_20251205_142011_000.7z
2025-12-05 14:29:00,-10016.269713,-10.016269713,-3340.744682,-3330.833383,-3344.691648,768000,768000,1.000000000,1,2025-12-05 14:29:00.000000,2025-12-05 14:29:59.999922,1,BAYxx_xxxx_20251205_142011_000.7z
2025-12-05 14:30:00,-9929.303774,-9.929303774,-3311.766936,-3305.667672,-3311.869165,716815,768000,0.933352865,0,2025-12-05 14:30:00.000000,2025-12-05 14:30:59.999922,2,BAYxx_xxxx_20251205_142011_000.7z;BAYxx_xxxx_20251205_143015_000.7z
2025-12-05 14:31:00,-9933.513757,-9.933513757,-3311.529614,-3309.572390,-3312.411753,768000,768000,1.000000000,1,2025-12-05 14:31:00.000000,2025-12-05 14:31:59.999922,1,BAYxx_xxxx_20251205_143015_000.7z
2025-12-05 14:32:00,-9901.448386,-9.901448386,-3303.540024,-3297.191828,-3300.716534,768000,768000,1.000000000,1,2025-12-05 14:32:00.000000,2025-12-05 14:32:59.999922,1,BAYxx_xxxx_20251205_143015_000.7z
2025-12-05 14:33:00,-9866.282204,-9.866282204,-3297.643331,-3276.722068,-3291.916805,768000,768000,1.000000000,1,2025-12-05 14:33:00.000000,2025-12-05 14:33:59.999922,1,BAYxx_xxxx_20251205_143015_000.7z
2025-12-05 14:34:00,-9805.287392,-9.805287392,-3274.376373,-3263.228477,-3267.682543,768000,768000,1.000000000,1,2025-12-05 14:34:00.000000,2025-12-05 14:34:59.999922,1,BAYxx_xxxx_20251205_143015_000.7z
2025-12-05 14:35:00,-9707.850360,-9.707850360,-3243.861186,-3225.542353,-3238.446820,768000,768000,1.000000000,1,2025-12-05 14:35:00.000000,2025-12-05 14:35:59.999922,1,BAYxx_xxxx_20251205_143015_000.7z
2025-12-05 14:36:00,-9577.335755,-9.577335755,-3193.782005,-3187.426867,-3196.126883,768000,768000,1.000000000,1,2025-12-05 14:36:00.000000,2025-12-05 14:36:59.999922,1,BAYxx_xxxx_20251205_143015_000.7z
2025-12-05 14:37:00,-9463.923665,-9.463923665,-3156.065844,-3149.951090,-3157.906731,768000,768000,1.000000000,1,2025-12-05 14:37:00.000000,2025-12-05 14:37:59.999922,1,BAYxx_xxxx_20251205_143015_000.7z
2025-12-05 14:38:00,-9383.556969,-9.383556969,-3129.530874,-3123.477263,-3130.548832,768000,768000,1.000000000,1,2025-12-05 14:38:00.000000,2025-12-05 14:38:59.999922,1,BAYxx_xxxx_20251205_143015_000.7z
2025-12-05 14:39:00,-9422.685043,-9.422685043,-3145.726667,-3132.705492,-3144.252884,768000,768000,1.000000000,1,2025-12-05 14:39:00.000000,2025-12-05 14:39:59.999922,1,BAYxx_xxxx_20251205_143015_000.7z
2025-12-05 14:40:00,-9316.000228,-9.316000228,-3109.927376,-3100.892190,-3105.180661,729738,768000,0.950179688,0,2025-12-05 14:40:00.000000,2025-12-05 14:40:59.999922,2,BAYxx_xxxx_20251205_143015_000.7z;BAYxx_xxxx_20251205_144018_000.7z
2025-12-05 14:41:00,-9201.681936,-9.201681936,-3075.360215,-3061.012072,-3065.309648,768000,768000,1.000000000,1,2025-12-05 14:41:00.000000,2025-12-05 14:41:59.999922,1,BAYxx_xxxx_20251205_144018_000.7z
2025-12-05 14:42:00,-3529.554451,-3.529554451,-1181.046221,-1170.323533,-1178.184697,768000,768000,1.000000000,1,2025-12-05 14:42:00.000000,2025-12-05 14:42:59.999922,1,BAYxx_xxxx_20251205_144018_000.7z
2025-12-05 14:43:00,-4.390615,-0.004390615,2.429911,-2.935675,-3.884851,768000,768000,1.000000000,1,2025-12-05 14:43:00.000000,2025-12-05 14:43:59.999922,1,BAYxx_xxxx_20251205_144018_000.7z
2025-12-05 14:44:00,-6107.387568,-6.107387568,-2041.673025,-2028.765796,-2036.948746,768000,768000,1.000000000,1,2025-12-05 14:44:00.000000,2025-12-05 14:44:59.999922,1,BAYxx_xxxx_20251205_144018_000.7z
2025-12-05 14:45:00,-8886.052609,-8.886052609,-2960.938889,-2965.249649,-2959.864070,768000,768000,1.000000000,1,2025-12-05 14:45:00.000000,2025-12-05 14:45:59.999922,1,BAYxx_xxxx_20251205_144018_000.7z
2025-12-05 14:46:00,-8897.703840,-8.897703840,-2973.138905,-2959.616171,-2964.948764,768000,768000,1.000000000,1,2025-12-05 14:46:00.000000,2025-12-05 14:46:59.999922,1,BAYxx_xxxx_20251205_144018_000.7z
2025-12-05 14:47:00,-8824.200474,-8.824200474,-2945.342889,-2936.516728,-2942.340857,768000,768000,1.000000000,1,2025-12-05 14:47:00.000000,2025-12-05 14:47:59.999922,1,BAYxx_xxxx_20251205_144018_000.7z
2025-12-05 14:48:00,-8717.513179,-8.717513179,-2910.695819,-2897.024597,-2909.792763,768000,768000,1.000000000,1,2025-12-05 14:48:00.000000,2025-12-05 14:48:59.999922,1,BAYxx_xxxx_20251205_144018_000.7z
2025-12-05 14:49:00,-8609.938966,-8.609938966,-2873.909692,-2870.146321,-2865.882953,768000,768000,1.000000000,1,2025-12-05 14:49:00.000000,2025-12-05 14:49:59.999922,1,BAYxx_xxxx_20251205_144018_000.7z
2025-12-05 14:50:00,-8503.696914,-8.503696914,-2840.836151,-2828.514200,-2834.346563,704136,768000,0.916843750,0,2025-12-05 14:50:00.000000,2025-12-05 14:50:59.999922,2,BAYxx_xxxx_20251205_144018_000.7z;BAYxx_xxxx_20251205_145023_000.7z
2025-12-05 14:51:00,-8454.666591,-8.454666591,-2826.130665,-2813.115953,-2815.419973,768000,768000,1.000000000,1,2025-12-05 14:51:00.000000,2025-12-05 14:51:59.999922,1,BAYxx_xxxx_20251205_145023_000.7z
2025-12-05 14:52:00,-8413.274579,-8.413274579,-2811.905445,-2799.606768,-2801.762366,768000,768000,1.000000000,1,2025-12-05 14:52:00.000000,2025-12-05 14:52:59.999922,1,BAYxx_xxxx_20251205_145023_000.7z
2025-12-05 14:53:00,-8377.373059,-8.377373059,-2798.574905,-2784.113189,-2794.684965,768000,768000,1.000000000,1,2025-12-05 14:53:00.000000,2025-12-05 14:53:59.999922,1,BAYxx_xxxx_20251205_145023_000.7z
2025-12-05 14:54:00,-8362.230448,-8.362230448,-2793.938004,-2784.419143,-2783.873301,768000,768000,1.000000000,1,2025-12-05 14:54:00.000000,2025-12-05 14:54:59.999922,1,BAYxx_xxxx_20251205_145023_000.7z
2025-12-05 14:55:00,-8247.231997,-8.247231997,-2759.461733,-2738.945380,-2748.824883,768000,768000,1.000000000,1,2025-12-05 14:55:00.000000,2025-12-05 14:55:59.999922,1,BAYxx_xxxx_20251205_145023_000.7z
2025-12-05 14:56:00,-8145.449634,-8.145449634,-2721.846922,-2708.077332,-2715.525380,768000,768000,1.000000000,1,2025-12-05 14:56:00.000000,2025-12-05 14:56:59.999922,1,BAYxx_xxxx_20251205_145023_000.7z
2025-12-05 14:57:00,-8094.093263,-8.094093263,-2711.675143,-2690.522192,-2691.895929,768000,768000,1.000000000,1,2025-12-05 14:57:00.000000,2025-12-05 14:57:59.999922,1,BAYxx_xxxx_20251205_145023_000.7z
2025-12-05 14:58:00,-8034.820498,-8.034820498,-2688.926399,-2673.498652,-2672.395448,768000,768000,1.000000000,1,2025-12-05 14:58:00.000000,2025-12-05 14:58:59.999922,1,BAYxx_xxxx_20251205_145023_000.7z
2025-12-05 14:59:00,-7891.444726,-7.891444726,-2635.822523,-2624.633607,-2630.988596,768000,768000,1.000000000,1,2025-12-05 14:59:00.000000,2025-12-05 14:59:59.999922,1,BAYxx_xxxx_20251205_145023_000.7z
2025-12-05 15:00:00,-7779.791973,-7.779791973,-2594.819697,-2589.175196,-2595.797080,729602,768000,0.950002604,0,2025-12-05 15:00:00.000000,2025-12-05 15:00:59.999922,2,BAYxx_xxxx_20251205_145023_000.7z;BAYxx_xxxx_20251205_150026_000.7z
2025-12-05 15:01:00,-7550.685699,-7.550685699,-2522.714622,-2511.631724,-2516.339352,768000,768000,1.000000000,1,2025-12-05 15:01:00.000000,2025-12-05 15:01:59.999922,1,BAYxx_xxxx_20251205_150026_000.7z
2025-12-05 15:02:00,-7398.318404,-7.398318404,-2476.738602,-2463.389951,-2458.189851,768000,768000,1.000000000,1,2025-12-05 15:02:00.000000,2025-12-05 15:02:59.999922,1,BAYxx_xxxx_20251205_150026_000.7z
2025-12-05 15:03:00,-7216.279284,-7.216279284,-2412.347737,-2399.687399,-2404.244148,768000,768000,1.000000000,1,2025-12-05 15:03:00.000000,2025-12-05 15:03:59.999922,1,BAYxx_xxxx_20251205_150026_000.7z
2025-12-05 15:04:00,-7020.674188,-7.020674188,-2348.710143,-2334.717964,-2337.246081,768000,768000,1.000000000,1,2025-12-05 15:04:00.000000,2025-12-05 15:04:59.999922,1,BAYxx_xxxx_20251205_150026_000.7z
2025-12-05 15:05:00,-6887.818396,-6.887818396,-2305.476585,-2288.740576,-2293.601235,768000,768000,1.000000000,1,2025-12-05 15:05:00.000000,2025-12-05 15:05:59.999922,1,BAYxx_xxxx_20251205_150026_000.7z
2025-12-05 15:06:00,-6602.338871,-6.602338871,-2208.275381,-2194.232497,-2199.830993,768000,768000,1.000000000,1,2025-12-05 15:06:00.000000,2025-12-05 15:06:59.999922,1,BAYxx_xxxx_20251205_150026_000.7z
2025-12-05 15:07:00,-6301.262037,-6.301262037,-2103.360315,-2096.912890,-2100.988832,768000,768000,1.000000000,1,2025-12-05 15:07:00.000000,2025-12-05 15:07:59.999922,1,BAYxx_xxxx_20251205_150026_000.7z
2025-12-05 15:08:00,-6052.534491,-6.052534491,-2016.480172,-2018.548130,-2017.506188,768000,768000,1.000000000,1,2025-12-05 15:08:00.000000,2025-12-05 15:08:59.999922,1,BAYxx_xxxx_20251205_150026_000.7z
2025-12-05 15:09:00,-5887.561028,-5.887561028,-1957.712198,-1961.641475,-1968.207355,768000,768000,1.000000000,1,2025-12-05 15:09:00.000000,2025-12-05 15:09:59.999922,1,BAYxx_xxxx_20251205_150026_000.7z
2025-12-05 15:10:00,-5759.817222,-5.759817222,-1919.675336,-1920.376632,-1919.765254,716820,768000,0.933359375,0,2025-12-05 15:10:00.000000,2025-12-05 15:10:59.999922,2,BAYxx_xxxx_20251205_150026_000.7z;BAYxx_xxxx_20251205_151030_000.7z
2025-12-05 15:11:00,-5546.643633,-5.546643633,-1844.836288,-1846.120605,-1855.686740,768000,768000,1.000000000,1,2025-12-05 15:11:00.000000,2025-12-05 15:11:59.999922,1,BAYxx_xxxx_20251205_151030_000.7z
2025-12-05 15:12:00,-5375.218946,-5.375218946,-1788.989773,-1786.863902,-1799.365271,768000,768000,1.000000000,1,2025-12-05 15:12:00.000000,2025-12-05 15:12:59.999922,1,BAYxx_xxxx_20251205_151030_000.7z
2025-12-05 15:13:00,-5329.231316,-5.329231316,-1769.211519,-1774.410210,-1785.609587,768000,768000,1.000000000,1,2025-12-05 15:13:00.000000,2025-12-05 15:13:59.999922,1,BAYxx_xxxx_20251205_151030_000.7z
2025-12-05 15:14:00,-5336.663285,-5.336663285,-1778.412461,-1773.206325,-1785.044499,768000,768000,1.000000000,1,2025-12-05 15:14:00.000000,2025-12-05 15:14:59.999922,1,BAYxx_xxxx_20251205_151030_000.7z
2025-12-05 15:15:00,-5126.651794,-5.126651794,-1707.107866,-1702.240285,-1717.303643,768000,768000,1.000000000,1,2025-12-05 15:15:00.000000,2025-12-05 15:15:59.999922,1,BAYxx_xxxx_20251205_151030_000.7z
2025-12-05 15:16:00,-4896.341563,-4.896341563,-1631.779723,-1626.876761,-1637.685079,768000,768000,1.000000000,1,2025-12-05 15:16:00.000000,2025-12-05 15:16:59.999922,1,BAYxx_xxxx_20251205_151030_000.7z
2025-12-05 15:17:00,-4754.550053,-4.754550053,-1581.376001,-1581.733886,-1591.440167,768000,768000,1.000000000,1,2025-12-05 15:17:00.000000,2025-12-05 15:17:59.999922,1,BAYxx_xxxx_20251205_151030_000.7z
2025-12-05 15:18:00,-4489.020955,-4.489020955,-1493.327958,-1493.459695,-1502.233303,768000,768000,1.000000000,1,2025-12-05 15:18:00.000000,2025-12-05 15:18:59.999922,1,BAYxx_xxxx_20251205_151030_000.7z
2025-12-05 15:19:00,-4377.634986,-4.377634986,-1456.717559,-1455.399987,-1465.517441,768000,768000,1.000000000,1,2025-12-05 15:19:00.000000,2025-12-05 15:19:59.999922,1,BAYxx_xxxx_20251205_151030_000.7z
2025-12-05 15:20:00,-4153.810572,-4.153810572,-1388.185310,-1378.983601,-1386.641660,704110,768000,0.916809896,0,2025-12-05 15:20:00.000000,2025-12-05 15:20:59.999922,2,BAYxx_xxxx_20251205_151030_000.7z;BAYxx_xxxx_20251205_152035_000.7z
2025-12-05 15:21:00,-3963.891328,-3.963891328,-1323.119401,-1317.092438,-1323.679489,768000,768000,1.000000000,1,2025-12-05 15:21:00.000000,2025-12-05 15:21:59.999922,1,BAYxx_xxxx_20251205_152035_000.7z
2025-12-05 15:22:00,-3848.550614,-3.848550614,-1287.340072,-1277.779649,-1283.430893,768000,768000,1.000000000,1,2025-12-05 15:22:00.000000,2025-12-05 15:22:59.999922,1,BAYxx_xxxx_20251205_152035_000.7z
2025-12-05 15:23:00,-3712.192614,-3.712192614,-1239.493611,-1233.165838,-1239.533165,768000,768000,1.000000000,1,2025-12-05 15:23:00.000000,2025-12-05 15:23:59.999922,1,BAYxx_xxxx_20251205_152035_000.7z
2025-12-05 15:24:00,-3584.963788,-3.584963788,-1206.902640,-1186.387469,-1191.673679,768000,768000,1.000000000,1,2025-12-05 15:24:00.000000,2025-12-05 15:24:59.999922,1,BAYxx_xxxx_20251205_152035_000.7z
2025-12-05 15:25:00,-3427.757885,-3.427757885,-1154.597169,-1132.018486,-1141.142230,768000,768000,1.000000000,1,2025-12-05 15:25:00.000000,2025-12-05 15:25:59.999922,1,BAYxx_xxxx_20251205_152035_000.7z
2025-12-05 15:26:00,-3308.585862,-3.308585862,-1109.728469,-1098.733134,-1100.124260,768000,768000,1.000000000,1,2025-12-05 15:26:00.000000,2025-12-05 15:26:59.999922,1,BAYxx_xxxx_20251205_152035_000.7z
2025-12-05 15:27:00,-3123.658223,-3.123658223,-1048.937388,-1033.052432,-1041.668402,768000,768000,1.000000000,1,2025-12-05 15:27:00.000000,2025-12-05 15:27:59.999922,1,BAYxx_xxxx_20251205_152035_000.7z
2025-12-05 15:28:00,-2877.763828,-2.877763828,-970.608994,-949.803543,-957.351290,768000,768000,1.000000000,1,2025-12-05 15:28:00.000000,2025-12-05 15:28:59.999922,1,BAYxx_xxxx_20251205_152035_000.7z
2025-12-05 15:29:00,-2705.816789,-2.705816789,-905.855717,-897.070298,-902.890774,768000,768000,1.000000000,1,2025-12-05 15:29:00.000000,2025-12-05 15:29:59.999922,1,BAYxx_xxxx_20251205_152035_000.7z
2025-12-05 15:30:00,-2545.169819,-2.545169819,-850.021167,-842.852580,-852.296071,716839,768000,0.933384115,0,2025-12-05 15:30:00.000000,2025-12-05 15:30:59.999922,2,BAYxx_xxxx_20251205_152035_000.7z;BAYxx_xxxx_20251205_153039_000.7z
2025-12-05 15:31:00,-2507.026001,-2.507026001,-846.756087,-826.604810,-833.665104,768000,768000,1.000000000,1,2025-12-05 15:31:00.000000,2025-12-05 15:31:59.999922,1,BAYxx_xxxx_20251205_153039_000.7z
2025-12-05 15:32:00,-2324.661477,-2.324661477,-780.166376,-774.968673,-769.526428,768000,768000,1.000000000,1,2025-12-05 15:32:00.000000,2025-12-05 15:32:59.999922,1,BAYxx_xxxx_20251205_153039_000.7z
2025-12-05 15:33:00,-2194.804723,-2.194804723,-740.404454,-728.134674,-726.265595,768000,768000,1.000000000,1,2025-12-05 15:33:00.000000,2025-12-05 15:33:59.999922,1,BAYxx_xxxx_20251205_153039_000.7z
2025-12-05 15:34:00,-2058.892845,-2.058892845,-694.832057,-678.288070,-685.772717,768000,768000,1.000000000,1,2025-12-05 15:34:00.000000,2025-12-05 15:34:59.999922,1,BAYxx_xxxx_20251205_153039_000.7z
2025-12-05 15:35:00,-1943.856977,-1.943856977,-650.802629,-643.539767,-649.514581,768000,768000,1.000000000,1,2025-12-05 15:35:00.000000,2025-12-05 15:35:59.999922,1,BAYxx_xxxx_20251205_153039_000.7z
2025-12-05 15:36:00,-1882.892719,-1.882892719,-631.176794,-628.547450,-623.168475,768000,768000,1.000000000,1,2025-12-05 15:36:00.000000,2025-12-05 15:36:59.999922,1,BAYxx_xxxx_20251205_153039_000.7z
2025-12-05 15:37:00,-1846.848541,-1.846848541,-618.334946,-614.219646,-614.293949,768000,768000,1.000000000,1,2025-12-05 15:37:00.000000,2025-12-05 15:37:59.999922,1,BAYxx_xxxx_20251205_153039_000.7z
2025-12-05 15:38:00,-1830.467639,-1.830467639,-617.214142,-605.310609,-607.942888,768000,768000,1.000000000,1,2025-12-05 15:38:00.000000,2025-12-05 15:38:59.999922,1,BAYxx_xxxx_20251205_153039_000.7z
2025-12-05 15:39:00,-1800.539906,-1.800539906,-607.891292,-590.690500,-601.958114,768000,768000,1.000000000,1,2025-12-05 15:39:00.000000,2025-12-05 15:39:59.999922,1,BAYxx_xxxx_20251205_153039_000.7z
2025-12-05 15:40:00,-1817.877306,-1.817877306,-610.904479,-597.921182,-609.051645,729663,768000,0.950082031,0,2025-12-05 15:40:00.000000,2025-12-05 15:40:59.999922,2,BAYxx_xxxx_20251205_153039_000.7z;BAYxx_xxxx_20251205_154042_000.7z
2025-12-05 15:41:00,-1850.350752,-1.850350752,-617.980592,-611.952158,-620.418002,768000,768000,1.000000000,1,2025-12-05 15:41:00.000000,2025-12-05 15:41:59.999922,1,BAYxx_xxxx_20251205_154042_000.7z
2025-12-05 15:42:00,-1859.816809,-1.859816809,-627.248134,-612.105821,-620.462854,768000,768000,1.000000000,1,2025-12-05 15:42:00.000000,2025-12-05 15:42:59.999922,1,BAYxx_xxxx_20251205_154042_000.7z
2025-12-05 15:43:00,-1868.101187,-1.868101187,-622.451222,-620.917896,-624.732068,768000,768000,1.000000000,1,2025-12-05 15:43:00.000000,2025-12-05 15:43:59.999922,1,BAYxx_xxxx_20251205_154042_000.7z
2025-12-05 15:44:00,-1867.640178,-1.867640178,-623.851361,-619.702969,-624.085848,768000,768000,1.000000000,1,2025-12-05 15:44:00.000000,2025-12-05 15:44:59.999922,1,BAYxx_xxxx_20251205_154042_000.7z
2025-12-05 15:45:00,-1871.588417,-1.871588417,-622.908890,-623.226484,-625.453043,768000,768000,1.000000000,1,2025-12-05 15:45:00.000000,2025-12-05 15:45:59.999922,1,BAYxx_xxxx_20251205_154042_000.7z
2025-12-05 15:46:00,-1907.637999,-1.907637999,-636.281613,-633.975330,-637.381056,768000,768000,1.000000000,1,2025-12-05 15:46:00.000000,2025-12-05 15:46:59.999922,1,BAYxx_xxxx_20251205_154042_000.7z
2025-12-05 15:47:00,-1915.179741,-1.915179741,-643.714469,-634.958615,-636.506658,768000,768000,1.000000000,1,2025-12-05 15:47:00.000000,2025-12-05 15:47:59.999922,1,BAYxx_xxxx_20251205_154042_000.7z
2025-12-05 15:48:00,-1909.889083,-1.909889083,-640.756185,-632.836024,-636.296875,768000,768000,1.000000000,1,2025-12-05 15:48:00.000000,2025-12-05 15:48:59.999922,1,BAYxx_xxxx_20251205_154042_000.7z
2025-12-05 15:49:00,-1901.207878,-1.901207878,-642.705186,-626.923708,-631.578985,768000,768000,1.000000000,1,2025-12-05 15:49:00.000000,2025-12-05 15:49:59.999922,1,BAYxx_xxxx_20251205_154042_000.7z
2025-12-05 15:50:00,-1907.726948,-1.907726948,-641.356466,-633.881004,-632.489478,716944,768000,0.933520833,0,2025-12-05 15:50:00.000000,2025-12-05 15:50:59.999922,2,BAYxx_xxxx_20251205_154042_000.7z;BAYxx_xxxx_20251205_155046_000.7z
2025-12-05 15:51:00,-1898.730257,-1.898730257,-642.926672,-625.264075,-630.539510,768000,768000,1.000000000,1,2025-12-05 15:51:00.000000,2025-12-05 15:51:59.999922,1,BAYxx_xxxx_20251205_155046_000.7z
2025-12-05 15:52:00,-1882.143300,-1.882143300,-636.944631,-620.432963,-624.765706,768000,768000,1.000000000,1,2025-12-05 15:52:00.000000,2025-12-05 15:52:59.999922,1,BAYxx_xxxx_20251205_155046_000.7z
2025-12-05 15:53:00,-1870.058611,-1.870058611,-634.122908,-620.031334,-615.904370,768000,768000,1.000000000,1,2025-12-05 15:53:00.000000,2025-12-05 15:53:59.999922,1,BAYxx_xxxx_20251205_155046_000.7z
2025-12-05 15:54:00,-1857.675080,-1.857675080,-632.180683,-615.334496,-610.159902,768000,768000,1.000000000,1,2025-12-05 15:54:00.000000,2025-12-05 15:54:59.999922,1,BAYxx_xxxx_20251205_155046_000.7z
2025-12-05 15:55:00,-1851.105285,-1.851105285,-630.051494,-608.384357,-612.669433,768000,768000,1.000000000,1,2025-12-05 15:55:00.000000,2025-12-05 15:55:59.999922,1,BAYxx_xxxx_20251205_155046_000.7z
2025-12-05 15:56:00,-1833.246362,-1.833246362,-622.998232,-601.875119,-608.373012,768000,768000,1.000000000,1,2025-12-05 15:56:00.000000,2025-12-05 15:56:59.999922,1,BAYxx_xxxx_20251205_155046_000.7z
2025-12-05 15:57:00,-1830.844373,-1.830844373,-621.133874,-603.533746,-606.176753,768000,768000,1.000000000,1,2025-12-05 15:57:00.000000,2025-12-05 15:57:59.999922,1,BAYxx_xxxx_20251205_155046_000.7z
2025-12-05 15:58:00,-1836.159286,-1.836159286,-624.348475,-605.365502,-606.445308,768000,768000,1.000000000,1,2025-12-05 15:58:00.000000,2025-12-05 15:58:59.999922,1,BAYxx_xxxx_20251205_155046_000.7z
2025-12-05 15:59:00,-1831.734333,-1.831734333,-617.690876,-605.531147,-608.512310,768000,768000,1.000000000,1,2025-12-05 15:59:00.000000,2025-12-05 15:59:59.999922,1,BAYxx_xxxx_20251205_155046_000.7z
2025-12-05 16:00:00,-1812.496089,-1.812496089,-608.856079,-597.459266,-606.180743,716848,768000,0.933395833,0,2025-12-05 16:00:00.000000,2025-12-05 16:00:59.999922,2,BAYxx_xxxx_20251205_155046_000.7z;BAYxx_xxxx_20251205_160050_000.7z
2025-12-05 16:01:00,-1806.026738,-1.806026738,-613.392384,-596.391924,-596.242430,768000,768000,1.000000000,1,2025-12-05 16:01:00.000000,2025-12-05 16:01:59.999922,1,BAYxx_xxxx_20251205_160050_000.7z
2025-12-05 16:02:00,-1776.997955,-1.776997955,-598.343490,-589.013700,-589.640765,768000,768000,1.000000000,1,2025-12-05 16:02:00.000000,2025-12-05 16:02:59.999922,1,BAYxx_xxxx_20251205_160050_000.7z
2025-12-05 16:03:00,-1767.219248,-1.767219248,-602.769199,-578.808609,-585.641439,768000,768000,1.000000000,1,2025-12-05 16:03:00.000000,2025-12-05 16:03:59.999922,1,BAYxx_xxxx_20251205_160050_000.7z
2025-12-05 16:04:00,-1737.688450,-1.737688450,-588.395462,-573.432557,-575.860431,768000,768000,1.000000000,1,2025-12-05 16:04:00.000000,2025-12-05 16:04:59.999922,1,BAYxx_xxxx_20251205_160050_000.7z
2025-12-05 16:05:00,-1707.097090,-1.707097090,-573.666284,-562.723594,-570.707212,768000,768000,1.000000000,1,2025-12-05 16:05:00.000000,2025-12-05 16:05:59.999922,1,BAYxx_xxxx_20251205_160050_000.7z
2025-12-05 16:06:00,-1713.815182,-1.713815182,-583.748831,-562.491050,-567.575302,768000,768000,1.000000000,1,2025-12-05 16:06:00.000000,2025-12-05 16:06:59.999922,1,BAYxx_xxxx_20251205_160050_000.7z
2025-12-05 16:07:00,-1685.379929,-1.685379929,-568.260934,-555.821569,-561.297426,768000,768000,1.000000000,1,2025-12-05 16:07:00.000000,2025-12-05 16:07:59.999922,1,BAYxx_xxxx_20251205_160050_000.7z
2025-12-05 16:08:00,-1667.496608,-1.667496608,-560.095127,-551.770239,-555.631242,768000,768000,1.000000000,1,2025-12-05 16:08:00.000000,2025-12-05 16:08:59.999922,1,BAYxx_xxxx_20251205_160050_000.7z
2025-12-05 16:09:00,-1630.284286,-1.630284286,-551.004672,-531.020792,-548.258822,768000,768000,1.000000000,1,2025-12-05 16:09:00.000000,2025-12-05 16:09:59.999922,1,BAYxx_xxxx_20251205_160050_000.7z
2025-12-05 16:10:00,-1626.361133,-1.626361133,-542.933441,-540.109528,-543.318164,691339,768000,0.900180990,0,2025-12-05 16:10:00.000000,2025-12-05 16:10:59.999922,2,BAYxx_xxxx_20251205_160050_000.7z;BAYxx_xxxx_20251205_161056_000.7z
2025-12-05 16:11:00,-1607.933912,-1.607933912,-543.407895,-531.400403,-533.125615,768000,768000,1.000000000,1,2025-12-05 16:11:00.000000,2025-12-05 16:11:59.999922,1,BAYxx_xxxx_20251205_161056_000.7z
2025-12-05 16:12:00,-1584.254518,-1.584254518,-531.659644,-524.178414,-528.416459,768000,768000,1.000000000,1,2025-12-05 16:12:00.000000,2025-12-05 16:12:59.999922,1,BAYxx_xxxx_20251205_161056_000.7z
2025-12-05 16:13:00,-1564.881158,-1.564881158,-525.697590,-516.733626,-522.449942,768000,768000,1.000000000,1,2025-12-05 16:13:00.000000,2025-12-05 16:13:59.999922,1,BAYxx_xxxx_20251205_161056_000.7z
2025-12-05 16:14:00,-1541.361735,-1.541361735,-518.587075,-513.040428,-509.734232,768000,768000,1.000000000,1,2025-12-05 16:14:00.000000,2025-12-05 16:14:59.999922,1,BAYxx_xxxx_20251205_161056_000.7z
2025-12-05 16:15:00,-1503.529781,-1.503529781,-504.488841,-497.462396,-501.578544,768000,768000,1.000000000,1,2025-12-05 16:15:00.000000,2025-12-05 16:15:59.999922,1,BAYxx_xxxx_20251205_161056_000.7z
2025-12-05 16:16:00,-1461.809476,-1.461809476,-488.837112,-482.801159,-490.171205,768000,768000,1.000000000,1,2025-12-05 16:16:00.000000,2025-12-05 16:16:59.999922,1,BAYxx_xxxx_20251205_161056_000.7z
2025-12-05 16:17:00,-1438.853633,-1.438853633,-481.101178,-477.191850,-480.560605,768000,768000,1.000000000,1,2025-12-05 16:17:00.000000,2025-12-05 16:17:59.999922,1,BAYxx_xxxx_20251205_161056_000.7z
2025-12-05 16:18:00,-1402.321597,-1.402321597,-471.662247,-464.447875,-466.211475,768000,768000,1.000000000,1,2025-12-05 16:18:00.000000,2025-12-05 16:18:59.999922,1,BAYxx_xxxx_20251205_161056_000.7z
2025-12-05 16:19:00,-1366.911136,-1.366911136,-456.217605,-454.170045,-456.523486,768000,768000,1.000000000,1,2025-12-05 16:19:00.000000,2025-12-05 16:19:59.999922,1,BAYxx_xxxx_20251205_161056_000.7z
2025-12-05 16:20:00,-1338.937896,-1.338937896,-448.110285,-441.427688,-449.399924,716820,768000,0.933359375,0,2025-12-05 16:20:00.000000,2025-12-05 16:20:56.001484,1,BAYxx_xxxx_20251205_161056_000.7z
2025-12-05 16:21:00,-1313.376257,-1.313376257,-438.334440,-435.835733,-439.206084,768000,768000,1.000000000,1,2025-12-05 16:21:00.000000,2025-12-05 16:21:59.999922,1,BAYxx_xxxx_20251205_162100_000.7z
2025-12-05 16:22:00,-1292.973679,-1.292973679,-432.124437,-431.689585,-429.159657,768000,768000,1.000000000,1,2025-12-05 16:22:00.000000,2025-12-05 16:22:59.999922,1,BAYxx_xxxx_20251205_162100_000.7z
2025-12-05 16:23:00,-1257.555487,-1.257555487,-424.702045,-420.272638,-412.580804,768000,768000,1.000000000,1,2025-12-05 16:23:00.000000,2025-12-05 16:23:59.999922,1,BAYxx_xxxx_20251205_162100_000.7z
2025-12-05 16:24:00,-1207.476325,-1.207476325,-404.312719,-398.706913,-404.456693,768000,768000,1.000000000,1,2025-12-05 16:24:00.000000,2025-12-05 16:24:59.999922,1,BAYxx_xxxx_20251205_162100_000.7z
2025-12-05 16:25:00,-1179.658817,-1.179658817,-395.696495,-387.784486,-396.177835,768000,768000,1.000000000,1,2025-12-05 16:25:00.000000,2025-12-05 16:25:59.999922,1,BAYxx_xxxx_20251205_162100_000.7z
2025-12-05 16:26:00,-1137.937452,-1.137937452,-379.747329,-377.858903,-380.331221,768000,768000,1.000000000,1,2025-12-05 16:26:00.000000,2025-12-05 16:26:59.999922,1,BAYxx_xxxx_20251205_162100_000.7z
2025-12-05 16:27:00,-1091.770352,-1.091770352,-365.907619,-360.926888,-364.935845,768000,768000,1.000000000,1,2025-12-05 16:27:00.000000,2025-12-05 16:27:59.999922,1,BAYxx_xxxx_20251205_162100_000.7z
2025-12-05 16:28:00,-1049.776077,-1.049776077,-352.870221,-346.013056,-350.892800,768000,768000,1.000000000,1,2025-12-05 16:28:00.000000,2025-12-05 16:28:59.999922,1,BAYxx_xxxx_20251205_162100_000.7z
2025-12-05 16:29:00,-1007.399205,-1.007399205,-339.237654,-330.123280,-338.038271,768000,768000,1.000000000,1,2025-12-05 16:29:00.000000,2025-12-05 16:29:59.999922,1,BAYxx_xxxx_20251205_162100_000.7z
2025-12-05 16:30:00,-970.456282,-0.970456282,-327.276639,-317.595057,-325.584585,768000,768000,1.000000000,1,2025-12-05 16:30:00.000000,2025-12-05 16:30:59.999922,1,BAYxx_xxxx_20251205_162100_000.7z
2025-12-05 16:31:00,-933.289704,-0.933289704,-313.123771,-306.616402,-313.549531,729727,768000,0.950165365,0,2025-12-05 16:31:00.000000,2025-12-05 16:31:59.999922,2,BAYxx_xxxx_20251205_162100_000.7z;BAYxx_xxxx_20251205_163103_000.7z
2025-12-05 16:32:00,-894.906235,-0.894906235,-299.454925,-291.663796,-303.787514,768000,768000,1.000000000,1,2025-12-05 16:32:00.000000,2025-12-05 16:32:59.999922,1,BAYxx_xxxx_20251205_163103_000.7z
2025-12-05 16:33:00,-859.959751,-0.859959751,-291.369818,-282.244941,-286.344992,768000,768000,1.000000000,1,2025-12-05 16:33:00.000000,2025-12-05 16:33:59.999922,1,BAYxx_xxxx_20251205_163103_000.7z
2025-12-05 16:34:00,-829.423504,-0.829423504,-282.462199,-270.143121,-276.818184,768000,768000,1.000000000,1,2025-12-05 16:34:00.000000,2025-12-05 16:34:59.999922,1,BAYxx_xxxx_20251205_163103_000.7z
2025-12-05 16:35:00,-790.990577,-0.790990577,-260.872771,-264.302056,-265.815750,768000,768000,1.000000000,1,2025-12-05 16:35:00.000000,2025-12-05 16:35:59.999922,1,BAYxx_xxxx_20251205_163103_000.7z
2025-12-05 16:36:00,-746.623234,-0.746623234,-244.111296,-246.210595,-256.301343,768000,768000,1.000000000,1,2025-12-05 16:36:00.000000,2025-12-05 16:36:59.999922,1,BAYxx_xxxx_20251205_163103_000.7z
2025-12-05 16:37:00,-715.149155,-0.715149155,-239.085813,-237.975588,-238.087753,768000,768000,1.000000000,1,2025-12-05 16:37:00.000000,2025-12-05 16:37:59.999922,1,BAYxx_xxxx_20251205_163103_000.7z
2025-12-05 16:38:00,-670.647245,-0.670647245,-227.633074,-218.733191,-224.280980,768000,768000,1.000000000,1,2025-12-05 16:38:00.000000,2025-12-05 16:38:59.999922,1,BAYxx_xxxx_20251205_163103_000.7z
2025-12-05 16:39:00,-636.417408,-0.636417408,-212.486063,-208.523110,-215.408235,768000,768000,1.000000000,1,2025-12-05 16:39:00.000000,2025-12-05 16:39:59.999922,1,BAYxx_xxxx_20251205_163103_000.7z
2025-12-05 16:40:00,-592.858414,-0.592858414,-197.870376,-196.633617,-198.354421,768000,768000,1.000000000,1,2025-12-05 16:40:00.000000,2025-12-05 16:40:59.999922,1,BAYxx_xxxx_20251205_163103_000.7z
2025-12-05 16:41:00,-549.578657,-0.549578657,-181.669007,-182.627090,-185.282561,729619,768000,0.950024740,0,2025-12-05 16:41:00.000000,2025-12-05 16:41:59.999922,2,BAYxx_xxxx_20251205_163103_000.7z;BAYxx_xxxx_20251205_164106_000.7z
2025-12-05 16:42:00,-506.041622,-0.506041622,-168.214907,-168.251517,-169.575198,768000,768000,1.000000000,1,2025-12-05 16:42:00.000000,2025-12-05 16:42:59.999922,1,BAYxx_xxxx_20251205_164106_000.7z
2025-12-05 16:43:00,-433.358238,-0.433358238,-138.741446,-143.842771,-150.774022,768000,768000,1.000000000,1,2025-12-05 16:43:00.000000,2025-12-05 16:43:59.999922,1,BAYxx_xxxx_20251205_164106_000.7z
2025-12-05 16:44:00,-378.967464,-0.378967464,-122.936366,-126.294960,-129.736137,768000,768000,1.000000000,1,2025-12-05 16:44:00.000000,2025-12-05 16:44:59.999922,1,BAYxx_xxxx_20251205_164106_000.7z
2025-12-05 16:45:00,-319.526392,-0.319526392,-104.700640,-105.692072,-109.133679,768000,768000,1.000000000,1,2025-12-05 16:45:00.000000,2025-12-05 16:45:59.999922,1,BAYxx_xxxx_20251205_164106_000.7z
2025-12-05 16:46:00,-260.853985,-0.260853985,-83.713601,-87.174952,-89.965433,768000,768000,1.000000000,1,2025-12-05 16:46:00.000000,2025-12-05 16:46:59.999922,1,BAYxx_xxxx_20251205_164106_000.7z
2025-12-05 16:47:00,-211.378625,-0.211378625,-70.119049,-68.163457,-73.096120,768000,768000,1.000000000,1,2025-12-05 16:47:00.000000,2025-12-05 16:47:59.999922,1,BAYxx_xxxx_20251205_164106_000.7z
2025-12-05 16:48:00,-165.683237,-0.165683237,-53.163802,-54.597089,-57.922346,768000,768000,1.000000000,1,2025-12-05 16:48:00.000000,2025-12-05 16:48:59.999922,1,BAYxx_xxxx_20251205_164106_000.7z
2025-12-05 16:49:00,-144.329415,-0.144329415,-41.870198,-50.107372,-52.351845,768000,768000,1.000000000,1,2025-12-05 16:49:00.000000,2025-12-05 16:49:59.999922,1,BAYxx_xxxx_20251205_164106_000.7z
2025-12-05 16:50:00,-108.030199,-0.108030199,-28.460643,-36.524371,-43.045185,768000,768000,1.000000000,1,2025-12-05 16:50:00.000000,2025-12-05 16:50:59.999922,1,BAYxx_xxxx_20251205_164106_000.7z
2025-12-05 16:51:00,-115.986928,-0.115986928,-35.854801,-39.427387,-40.704740,704040,768000,0.916718750,0,2025-12-05 16:51:00.000000,2025-12-05 16:51:59.999922,2,BAYxx_xxxx_20251205_164106_000.7z;BAYxx_xxxx_20251205_165111_000.7z
2025-12-05 16:52:00,-104.267397,-0.104267397,-36.477220,-31.090343,-36.699834,768000,768000,1.000000000,1,2025-12-05 16:52:00.000000,2025-12-05 16:52:59.999922,1,BAYxx_xxxx_20251205_165111_000.7z
2025-12-05 16:53:00,-130.212459,-0.130212459,-40.920020,-43.854876,-45.437563,768000,768000,1.000000000,1,2025-12-05 16:53:00.000000,2025-12-05 16:53:59.999922,1,BAYxx_xxxx_20251205_165111_000.7z
2025-12-05 16:54:00,-47.337327,-0.047337327,-32.224838,-1.651905,-13.460584,768000,768000,1.000000000,1,2025-12-05 16:54:00.000000,2025-12-05 16:54:59.999922,1,BAYxx_xxxx_20251205_165111_000.7z
2025-12-05 16:55:00,-51.842516,-0.051842516,-19.017122,-13.801186,-19.024207,768000,768000,1.000000000,1,2025-12-05 16:55:00.000000,2025-12-05 16:55:59.999922,1,BAYxx_xxxx_20251205_165111_000.7z
2025-12-05 16:56:00,-50.064481,-0.050064481,-18.264449,-14.323692,-17.476341,768000,768000,1.000000000,1,2025-12-05 16:56:00.000000,2025-12-05 16:56:59.999922,1,BAYxx_xxxx_20251205_165111_000.7z
2025-12-05 16:57:00,-45.574080,-0.045574080,-9.739005,-12.980212,-22.854864,768000,768000,1.000000000,1,2025-12-05 16:57:00.000000,2025-12-05 16:57:59.999922,1,BAYxx_xxxx_20251205_165111_000.7z
2025-12-05 16:58:00,-41.126390,-0.041126390,-10.799940,-12.803648,-17.522801,768000,768000,1.000000000,1,2025-12-05 16:58:00.000000,2025-12-05 16:58:59.999922,1,BAYxx_xxxx_20251205_165111_000.7z
2025-12-05 16:59:00,-16.365213,-0.016365213,-3.668044,-5.474992,-7.222176,768000,768000,1.000000000,1,2025-12-05 16:59:00.000000,2025-12-05 16:59:59.999922,1,BAYxx_xxxx_20251205_165111_000.7z
2025-12-05 17:00:00,-9.414807,-0.009414807,0.679930,-5.112144,-4.982593,768000,768000,1.000000000,1,2025-12-05 17:00:00.000000,2025-12-05 17:00:59.999922,1,BAYxx_xxxx_20251205_165111_000.7z
2025-12-05 17:01:00,4.982227,0.004982227,-2.256582,4.357917,2.880893,716825,768000,0.933365885,0,2025-12-05 17:01:00.000000,2025-12-05 17:01:59.999922,2,BAYxx_xxxx_20251205_165111_000.7z;BAYxx_xxxx_20251205_170115_000.7z
2025-12-05 17:02:00,-8.517916,-0.008517916,-0.001777,-2.625857,-5.890282,768000,768000,1.000000000,1,2025-12-05 17:02:00.000000,2025-12-05 17:02:59.999922,1,BAYxx_xxxx_20251205_170115_000.7z
2025-12-05 17:03:00,-2.382112,-0.002382112,1.539735,0.708180,-4.630026,768000,768000,1.000000000,1,2025-12-05 17:03:00.000000,2025-12-05 17:03:59.999922,1,BAYxx_xxxx_20251205_170115_000.7z
2025-12-05 17:04:00,-6.116760,-0.006116760,-1.425875,-1.339591,-3.351294,768000,768000,1.000000000,1,2025-12-05 17:04:00.000000,2025-12-05 17:04:59.999922,1,BAYxx_xxxx_20251205_170115_000.7z
2025-12-05 17:05:00,-6.761261,-0.006761261,2.307210,-2.659955,-6.408516,768000,768000,1.000000000,1,2025-12-05 17:05:00.000000,2025-12-05 17:05:59.999922,1,BAYxx_xxxx_20251205_170115_000.7z
2025-12-05 17:06:00,-8.332950,-0.008332950,-0.118636,-0.261657,-7.952657,768000,768000,1.000000000,1,2025-12-05 17:06:00.000000,2025-12-05 17:06:59.999922,1,BAYxx_xxxx_20251205_170115_000.7z
2025-12-05 17:07:00,-4.089907,-0.004089907,0.428713,0.699160,-5.217780,768000,768000,1.000000000,1,2025-12-05 17:07:00.000000,2025-12-05 17:07:59.999922,1,BAYxx_xxxx_20251205_170115_000.7z
2025-12-05 17:08:00,-11.771344,-0.011771344,0.450554,-5.352454,-6.869444,768000,768000,1.000000000,1,2025-12-05 17:08:00.000000,2025-12-05 17:08:59.999922,1,BAYxx_xxxx_20251205_170115_000.7z
2025-12-05 17:09:00,-13.475423,-0.013475423,-3.600591,-0.057926,-9.816906,768000,768000,1.000000000,1,2025-12-05 17:09:00.000000,2025-12-05 17:09:59.999922,1,BAYxx_xxxx_20251205_170115_000.7z
2025-12-05 17:10:00,-7.280467,-0.007280467,5.039887,-7.476685,-4.843669,768000,768000,1.000000000,1,2025-12-05 17:10:00.000000,2025-12-05 17:10:59.999922,1,BAYxx_xxxx_20251205_170115_000.7z
2025-12-05 17:11:00,-5.922759,-0.005922759,-1.397149,0.457887,-4.983498,704137,768000,0.916845052,0,2025-12-05 17:11:00.000000,2025-12-05 17:11:59.999922,2,BAYxx_xxxx_20251205_170115_000.7z;BAYxx_xxxx_20251205_171120_000.7z
2025-12-05 17:12:00,-11.631447,-0.011631447,-4.356554,-2.094649,-5.180245,768000,768000,1.000000000,1,2025-12-05 17:12:00.000000,2025-12-05 17:12:59.999922,1,BAYxx_xxxx_20251205_171120_000.7z
2025-12-05 17:13:00,-14.124843,-0.014124843,-5.426169,0.666578,-9.365252,768000,768000,1.000000000,1,2025-12-05 17:13:00.000000,2025-12-05 17:13:59.999922,1,BAYxx_xxxx_20251205_171120_000.7z
2025-12-05 17:14:00,-8.210870,-0.008210870,1.904754,-2.947651,-7.167973,768000,768000,1.000000000,1,2025-12-05 17:14:00.000000,2025-12-05 17:14:59.999922,1,BAYxx_xxxx_20251205_171120_000.7z
2025-12-05 17:15:00,-3.350192,-0.003350192,5.557028,-5.574722,-3.332498,768000,768000,1.000000000,1,2025-12-05 17:15:00.000000,2025-12-05 17:15:59.999922,1,BAYxx_xxxx_20251205_171120_000.7z
2025-12-05 17:16:00,1.434990,0.001434990,3.556244,2.759790,-4.881045,768000,768000,1.000000000,1,2025-12-05 17:16:00.000000,2025-12-05 17:16:59.999922,1,BAYxx_xxxx_20251205_171120_000.7z
2025-12-05 17:17:00,-0.131620,-0.000131620,5.403636,2.687221,-8.222477,768000,768000,1.000000000,1,2025-12-05 17:17:00.000000,2025-12-05 17:17:59.999922,1,BAYxx_xxxx_20251205_171120_000.7z
2025-12-05 17:18:00,4.136234,0.004136234,7.577964,3.488369,-6.930099,768000,768000,1.000000000,1,2025-12-05 17:18:00.000000,2025-12-05 17:18:59.999922,1,BAYxx_xxxx_20251205_171120_000.7z
2025-12-05 17:19:00,4.749572,0.004749572,7.755427,4.454235,-7.460090,768000,768000,1.000000000,1,2025-12-05 17:19:00.000000,2025-12-05 17:19:59.999922,1,BAYxx_xxxx_20251205_171120_000.7z
2025-12-05 17:20:00,-0.760541,-0.000760541,7.436719,3.051263,-11.248522,768000,768000,1.000000000,1,2025-12-05 17:20:00.000000,2025-12-05 17:20:59.999922,1,BAYxx_xxxx_20251205_171120_000.7z
2025-12-05 17:21:00,-4.507131,-0.004507131,2.301409,-0.945197,-5.863343,742417,768000,0.966688802,0,2025-12-05 17:21:00.000000,2025-12-05 17:21:59.999922,2,BAYxx_xxxx_20251205_171120_000.7z;BAYxx_xxxx_20251205_172122_000.7z
2025-12-05 17:22:00,-4.297355,-0.004297355,0.284162,3.164535,-7.746052,768000,768000,1.000000000,1,2025-12-05 17:22:00.000000,2025-12-05 17:22:59.999922,1,BAYxx_xxxx_20251205_172122_000.7z
2025-12-05 17:23:00,-7.919401,-0.007919401,-0.430560,-3.442950,-4.045891,768000,768000,1.000000000,1,2025-12-05 17:23:00.000000,2025-12-05 17:23:59.999922,1,BAYxx_xxxx_20251205_172122_000.7z
2025-12-05 17:24:00,-2.617476,-0.002617476,-1.517157,0.364120,-1.464439,768000,768000,1.000000000,1,2025-12-05 17:24:00.000000,2025-12-05 17:24:59.999922,1,BAYxx_xxxx_20251205_172122_000.7z
2025-12-05 17:25:00,-8.037385,-0.008037385,1.135116,-4.244652,-4.927850,768000,768000,1.000000000,1,2025-12-05 17:25:00.000000,2025-12-05 17:25:59.999922,1,BAYxx_xxxx_20251205_172122_000.7z
2025-12-05 17:26:00,-1.575467,-0.001575467,0.894517,1.776905,-4.246889,768000,768000,1.000000000,1,2025-12-05 17:26:00.000000,2025-12-05 17:26:59.999922,1,BAYxx_xxxx_20251205_172122_000.7z
2025-12-05 17:27:00,-12.480899,-0.012480899,-7.912866,-1.658572,-2.909461,768000,768000,1.000000000,1,2025-12-05 17:27:00.000000,2025-12-05 17:27:59.999922,1,BAYxx_xxxx_20251205_172122_000.7z
2025-12-05 17:28:00,-4.386090,-0.004386090,2.818737,-1.935625,-5.269202,768000,768000,1.000000000,1,2025-12-05 17:28:00.000000,2025-12-05 17:28:59.999922,1,BAYxx_xxxx_20251205_172122_000.7z
2025-12-05 17:29:00,-8.703707,-0.008703707,1.854326,-5.235290,-5.322743,768000,768000,1.000000000,1,2025-12-05 17:29:00.000000,2025-12-05 17:29:59.999922,1,BAYxx_xxxx_20251205_172122_000.7z
2025-12-05 17:30:00,-4.014251,-0.004014251,0.199896,-0.442196,-3.771951,768000,768000,1.000000000,1,2025-12-05 17:30:00.000000,2025-12-05 17:30:59.999922,1,BAYxx_xxxx_20251205_172122_000.7z
2025-12-05 17:31:00,-7.120426,-0.007120426,0.279277,-2.627120,-4.772583,704126,768000,0.916830729,0,2025-12-05 17:31:00.000000,2025-12-05 17:31:59.999922,2,BAYxx_xxxx_20251205_172122_000.7z;BAYxx_xxxx_20251205_173127_000.7z
2025-12-05 17:32:00,-13.938555,-0.013938555,-2.619441,-3.259606,-8.059509,768000,768000,1.000000000,1,2025-12-05 17:32:00.000000,2025-12-05 17:32:59.999922,1,BAYxx_xxxx_20251205_173127_000.7z
2025-12-05 17:33:00,-2.721897,-0.002721897,-0.642660,-1.748014,-0.331224,768000,768000,1.000000000,1,2025-12-05 17:33:00.000000,2025-12-05 17:33:59.999922,1,BAYxx_xxxx_20251205_173127_000.7z
2025-12-05 17:34:00,-7.285371,-0.007285371,-0.583979,-1.405032,-5.296360,768000,768000,1.000000000,1,2025-12-05 17:34:00.000000,2025-12-05 17:34:59.999922,1,BAYxx_xxxx_20251205_173127_000.7z
2025-12-05 17:35:00,-8.047122,-0.008047122,-0.850308,0.025920,-7.222734,768000,768000,1.000000000,1,2025-12-05 17:35:00.000000,2025-12-05 17:35:59.999922,1,BAYxx_xxxx_20251205_173127_000.7z
2025-12-05 17:36:00,-2.302663,-0.002302663,2.516315,-4.746203,-0.072775,768000,768000,1.000000000,1,2025-12-05 17:36:00.000000,2025-12-05 17:36:59.999922,1,BAYxx_xxxx_20251205_173127_000.7z
2025-12-05 17:37:00,1.445797,0.001445797,7.361924,-1.516027,-4.400100,768000,768000,1.000000000,1,2025-12-05 17:37:00.000000,2025-12-05 17:37:59.999922,1,BAYxx_xxxx_20251205_173127_000.7z
2025-12-05 17:38:00,-7.863326,-0.007863326,1.375003,-3.836322,-5.402006,768000,768000,1.000000000,1,2025-12-05 17:38:00.000000,2025-12-05 17:38:59.999922,1,BAYxx_xxxx_20251205_173127_000.7z
2025-12-05 17:39:00,-15.356725,-0.015356725,0.320061,-5.488926,-10.187860,768000,768000,1.000000000,1,2025-12-05 17:39:00.000000,2025-12-05 17:39:59.999922,1,BAYxx_xxxx_20251205_173127_000.7z
2025-12-05 17:40:00,-10.867326,-0.010867326,0.954167,-3.726354,-8.095139,768000,768000,1.000000000,1,2025-12-05 17:40:00.000000,2025-12-05 17:40:59.999922,1,BAYxx_xxxx_20251205_173127_000.7z
