minute_start,active_power_w,active_power_kw,phase_a_power_w,phase_b_power_w,phase_c_power_w,sample_count,expected_samples,coverage_ratio,is_complete,first_sample_time,last_sample_time,source_archive_count,source_archives
2025-12-24 03:47:00,-112.262353,-0.112262353,3.720626,-55.413964,-60.569015,729645,768000,0.950058594,0,2025-12-24 03:47:00.000000,2025-12-24 03:47:59.999922,2,BAY01_0199_20251224_033722_000.7z;BAY01_0200_20251224_034725_000.7z
2025-12-24 03:48:00,-120.740982,-0.120740982,3.705561,-59.668325,-64.778217,768000,768000,1.000000000,1,2025-12-24 03:48:00.000000,2025-12-24 03:48:59.999922,1,BAY01_0200_20251224_034725_000.7z
2025-12-24 03:49:00,-102.866604,-0.102866604,3.762492,-50.672280,-55.956816,768000,768000,1.000000000,1,2025-12-24 03:49:00.000000,2025-12-24 03:49:59.999922,1,BAY01_0200_20251224_034725_000.7z
2025-12-24 03:50:00,-100.420225,-0.100420225,3.764382,-49.450364,-54.734243,768000,768000,1.000000000,1,2025-12-24 03:50:00.000000,2025-12-24 03:50:59.999922,1,BAY01_0200_20251224_034725_000.7z
2025-12-24 03:51:00,-100.236695,-0.100236695,3.747228,-49.339496,-54.644427,768000,768000,1.000000000,1,2025-12-24 03:51:00.000000,2025-12-24 03:51:59.999922,1,BAY01_0200_20251224_034725_000.7z
2025-12-24 03:52:00,-100.231184,-0.100231184,3.736026,-49.330464,-54.636745,768000,768000,1.000000000,1,2025-12-24 03:52:00.000000,2025-12-24 03:52:59.999922,1,BAY01_0200_20251224_034725_000.7z
2025-12-24 03:53:00,-100.217194,-0.100217194,3.709951,-49.354704,-54.572441,768000,768000,1.000000000,1,2025-12-24 03:53:00.000000,2025-12-24 03:53:59.999922,1,BAY01_0200_20251224_034725_000.7z
2025-12-24 03:54:00,-101.335301,-0.101335301,3.764993,-49.953029,-55.147265,768000,768000,1.000000000,1,2025-12-24 03:54:00.000000,2025-12-24 03:54:59.999922,1,BAY01_0200_20251224_034725_000.7z
2025-12-24 03:55:00,-103.400250,-0.103400250,3.707995,-50.901939,-56.206306,768000,768000,1.000000000,1,2025-12-24 03:55:00.000000,2025-12-24 03:55:59.999922,1,BAY01_0200_20251224_034725_000.7z
2025-12-24 03:56:00,-100.524058,-0.100524058,3.743809,-49.506603,-54.761263,768000,768000,1.000000000,1,2025-12-24 03:56:00.000000,2025-12-24 03:56:59.999922,1,BAY01_0200_20251224_034725_000.7z
2025-12-24 03:57:00,-111.057572,-0.111057572,3.745379,-54.754706,-60.048245,716883,768000,0.933441406,0,2025-12-24 03:57:00.000000,2025-12-24 03:57:59.999922,2,BAY01_0200_20251224_034725_000.7z;BAY01_0201_20251224_035729_000.7z
2025-12-24 03:58:00,-119.693909,-0.119693909,3.710318,-59.090670,-64.313557,768000,768000,1.000000000,1,2025-12-24 03:58:00.000000,2025-12-24 03:58:59.999922,1,BAY01_0201_20251224_035729_000.7z
2025-12-24 03:59:00,-103.869210,-0.103869210,3.762916,-51.122594,-56.509531,768000,768000,1.000000000,1,2025-12-24 03:59:00.000000,2025-12-24 03:59:59.999922,1,BAY01_0201_20251224_035729_000.7z
2025-12-24 04:00:00,-99.795181,-0.099795181,3.740754,-49.114506,-54.421430,768000,768000,1.000000000,1,2025-12-24 04:00:00.000000,2025-12-24 04:00:59.999922,1,BAY01_0201_20251224_035729_000.7z
2025-12-24 04:01:00,-100.524761,-0.100524761,3.730302,-49.465443,-54.789620,768000,768000,1.000000000,1,2025-12-24 04:01:00.000000,2025-12-24 04:01:59.999922,1,BAY01_0201_20251224_035729_000.7z
2025-12-24 04:02:00,-99.921324,-0.099921324,3.754063,-49.190585,-54.484802,768000,768000,1.000000000,1,2025-12-24 04:02:00.000000,2025-12-24 04:02:59.999922,1,BAY01_0201_20251224_035729_000.7z
2025-12-24 04:03:00,-100.155544,-0.100155544,3.755060,-49.282391,-54.628213,768000,768000,1.000000000,1,2025-12-24 04:03:00.000000,2025-12-24 04:03:59.999922,1,BAY01_0201_20251224_035729_000.7z
2025-12-24 04:04:00,-100.604539,-0.100604539,3.754084,-49.489899,-54.868725,768000,768000,1.000000000,1,2025-12-24 04:04:00.000000,2025-12-24 04:04:59.999922,1,BAY01_0201_20251224_035729_000.7z
2025-12-24 04:05:00,-103.329236,-0.103329236,3.821288,-50.889397,-56.261127,768000,768000,1.000000000,1,2025-12-24 04:05:00.000000,2025-12-24 04:05:59.999922,1,BAY01_0201_20251224_035729_000.7z
2025-12-24 04:06:00,-100.658727,-0.100658727,3.775107,-49.586948,-54.846886,768000,768000,1.000000000,1,2025-12-24 04:06:00.000000,2025-12-24 04:06:59.999922,1,BAY01_0201_20251224_035729_000.7z
2025-12-24 04:07:00,-109.462012,-0.109462012,3.734085,-54.011491,-59.184605,716875,768000,0.933430990,0,2025-12-24 04:07:00.000000,2025-12-24 04:07:59.999922,2,BAY01_0201_20251224_035729_000.7z;BAY01_0202_20251224_040733_000.7z
2025-12-24 04:08:00,-120.254399,-0.120254399,3.731668,-59.377146,-64.608921,768000,768000,1.000000000,1,2025-12-24 04:08:00.000000,2025-12-24 04:08:59.999922,1,BAY01_0202_20251224_040733_000.7z
2025-12-24 04:09:00,-105.783047,-0.105783047,3.782705,-52.201629,-57.364123,768000,768000,1.000000000,1,2025-12-24 04:09:00.000000,2025-12-24 04:09:59.999922,1,BAY01_0202_20251224_040733_000.7z
2025-12-24 04:10:00,-99.992717,-0.099992717,3.767940,-49.218772,-54.541886,768000,768000,1.000000000,1,2025-12-24 04:10:00.000000,2025-12-24 04:10:59.999922,1,BAY01_0202_20251224_040733_000.7z
2025-12-24 04:11:00,-99.877205,-0.099877205,3.748492,-49.165010,-54.460687,768000,768000,1.000000000,1,2025-12-24 04:11:00.000000,2025-12-24 04:11:59.999922,1,BAY01_0202_20251224_040733_000.7z
2025-12-24 04:12:00,-99.869029,-0.099869029,3.727091,-49.218585,-54.377535,768000,768000,1.000000000,1,2025-12-24 04:12:00.000000,2025-12-24 04:12:59.999922,1,BAY01_0202_20251224_040733_000.7z
2025-12-24 04:13:00,-99.752555,-0.099752555,3.759863,-49.187882,-54.324536,768000,768000,1.000000000,1,2025-12-24 04:13:00.000000,2025-12-24 04:13:59.999922,1,BAY01_0202_20251224_040733_000.7z
2025-12-24 04:14:00,-99.861161,-0.099861161,3.780261,-49.240998,-54.400424,768000,768000,1.000000000,1,2025-12-24 04:14:00.000000,2025-12-24 04:14:59.999922,1,BAY01_0202_20251224_040733_000.7z
2025-12-24 04:15:00,-101.573046,-0.101573046,3.756582,-50.062222,-55.267406,768000,768000,1.000000000,1,2025-12-24 04:15:00.000000,2025-12-24 04:15:59.999922,1,BAY01_0202_20251224_040733_000.7z
2025-12-24 04:16:00,-100.585498,-0.100585498,3.738941,-49.533121,-54.791317,768000,768000,1.000000000,1,2025-12-24 04:16:00.000000,2025-12-24 04:16:59.999922,1,BAY01_0202_20251224_040733_000.7z
2025-12-24 04:17:00,-106.978792,-0.106978792,3.754598,-52.801666,-57.931725,729687,768000,0.950113281,0,2025-12-24 04:17:00.000000,2025-12-24 04:17:59.999922,2,BAY01_0202_20251224_040733_000.7z;BAY01_0203_20251224_041736_000.7z
2025-12-24 04:18:00,-119.586086,-0.119586086,3.754697,-59.161611,-64.179172,768000,768000,1.000000000,1,2025-12-24 04:18:00.000000,2025-12-24 04:18:59.999922,1,BAY01_0203_20251224_041736_000.7z
2025-12-24 04:19:00,-106.562950,-0.106562950,3.741430,-52.601480,-57.702899,768000,768000,1.000000000,1,2025-12-24 04:19:00.000000,2025-12-24 04:19:59.999922,1,BAY01_0203_20251224_041736_000.7z
2025-12-24 04:20:00,-99.954300,-0.099954300,3.774555,-49.254698,-54.474156,768000,768000,1.000000000,1,2025-12-24 04:20:00.000000,2025-12-24 04:20:59.999922,1,BAY01_0203_20251224_041736_000.7z
2025-12-24 04:21:00,-99.928830,-0.099928830,3.726510,-49.208662,-54.446678,768000,768000,1.000000000,1,2025-12-24 04:21:00.000000,2025-12-24 04:21:59.999922,1,BAY01_0203_20251224_041736_000.7z
2025-12-24 04:22:00,-100.174308,-0.100174308,3.763015,-49.372407,-54.564915,768000,768000,1.000000000,1,2025-12-24 04:22:00.000000,2025-12-24 04:22:59.999922,1,BAY01_0203_20251224_041736_000.7z
2025-12-24 04:23:00,-100.078532,-0.100078532,3.726666,-49.302999,-54.502199,768000,768000,1.000000000,1,2025-12-24 04:23:00.000000,2025-12-24 04:23:59.999922,1,BAY01_0203_20251224_041736_000.7z
2025-12-24 04:24:00,-102.166487,-0.102166487,3.727669,-50.387740,-55.506416,768000,768000,1.000000000,1,2025-12-24 04:24:00.000000,2025-12-24 04:24:59.999922,1,BAY01_0203_20251224_041736_000.7z
2025-12-24 04:25:00,-100.067924,-0.100067924,3.776672,-49.357949,-54.486646,768000,768000,1.000000000,1,2025-12-24 04:25:00.000000,2025-12-24 04:25:59.999922,1,BAY01_0203_20251224_041736_000.7z
2025-12-24 04:26:00,-99.879733,-0.099879733,3.740366,-49.228405,-54.391693,768000,768000,1.000000000,1,2025-12-24 04:26:00.000000,2025-12-24 04:26:59.999922,1,BAY01_0203_20251224_041736_000.7z
2025-12-24 04:27:00,-106.268590,-0.106268590,3.737892,-52.419677,-57.586804,729689,768000,0.950115885,0,2025-12-24 04:27:00.000000,2025-12-24 04:27:59.999922,2,BAY01_0203_20251224_041736_000.7z;BAY01_0204_20251224_042739_000.7z
2025-12-24 04:28:00,-119.928790,-0.119928790,3.734829,-59.274709,-64.388910,768000,768000,1.000000000,1,2025-12-24 04:28:00.000000,2025-12-24 04:28:59.999922,1,BAY01_0204_20251224_042739_000.7z
2025-12-24 04:29:00,-107.102678,-0.107102678,3.720461,-52.864006,-57.959133,768000,768000,1.000000000,1,2025-12-24 04:29:00.000000,2025-12-24 04:29:59.999922,1,BAY01_0204_20251224_042739_000.7z
2025-12-24 04:30:00,-99.752527,-0.099752527,3.737696,-49.188235,-54.301988,768000,768000,1.000000000,1,2025-12-24 04:30:00.000000,2025-12-24 04:30:59.999922,1,BAY01_0204_20251224_042739_000.7z
2025-12-24 04:31:00,-99.940699,-0.099940699,3.732916,-49.262225,-54.411390,768000,768000,1.000000000,1,2025-12-24 04:31:00.000000,2025-12-24 04:31:59.999922,1,BAY01_0204_20251224_042739_000.7z
2025-12-24 04:32:00,-99.924542,-0.099924542,3.747605,-49.240355,-54.431792,768000,768000,1.000000000,1,2025-12-24 04:32:00.000000,2025-12-24 04:32:59.999922,1,BAY01_0204_20251224_042739_000.7z
2025-12-24 04:33:00,-99.956812,-0.099956812,3.715534,-49.292171,-54.380175,768000,768000,1.000000000,1,2025-12-24 04:33:00.000000,2025-12-24 04:33:59.999922,1,BAY01_0204_20251224_042739_000.7z
2025-12-24 04:34:00,-100.166696,-0.100166696,3.727773,-49.374481,-54.519988,768000,768000,1.000000000,1,2025-12-24 04:34:00.000000,2025-12-24 04:34:59.999922,1,BAY01_0204_20251224_042739_000.7z
2025-12-24 04:35:00,-100.265248,-0.100265248,3.773361,-49.444091,-54.594519,768000,768000,1.000000000,1,2025-12-24 04:35:00.000000,2025-12-24 04:35:59.999922,1,BAY01_0204_20251224_042739_000.7z
2025-12-24 04:36:00,-100.518222,-0.100518222,3.749547,-49.541081,-54.726688,768000,768000,1.000000000,1,2025-12-24 04:36:00.000000,2025-12-24 04:36:59.999922,1,BAY01_0204_20251224_042739_000.7z
2025-12-24 04:37:00,-105.368912,-0.105368912,3.762811,-52.018102,-57.113621,704123,768000,0.916826823,0,2025-12-24 04:37:00.000000,2025-12-24 04:37:59.999922,2,BAY01_0204_20251224_042739_000.7z;BAY01_0205_20251224_043744_000.7z
2025-12-24 04:38:00,-119.555140,-0.119555140,3.741402,-59.101301,-64.195241,768000,768000,1.000000000,1,2025-12-24 04:38:00.000000,2025-12-24 04:38:59.999922,1,BAY01_0205_20251224_043744_000.7z
2025-12-24 04:39:00,-108.423913,-0.108423913,3.703189,-53.525206,-58.601896,768000,768000,1.000000000,1,2025-12-24 04:39:00.000000,2025-12-24 04:39:59.999922,1,BAY01_0205_20251224_043744_000.7z
2025-12-24 04:40:00,-99.641468,-0.099641468,3.768906,-49.104519,-54.305855,768000,768000,1.000000000,1,2025-12-24 04:40:00.000000,2025-12-24 04:40:59.999922,1,BAY01_0205_20251224_043744_000.7z
2025-12-24 04:41:00,-99.723916,-0.099723916,3.742368,-49.097963,-54.368321,768000,768000,1.000000000,1,2025-12-24 04:41:00.000000,2025-12-24 04:41:59.999922,1,BAY01_0205_20251224_043744_000.7z
2025-12-24 04:42:00,-100.146266,-0.100146266,3.742749,-49.346207,-54.542808,768000,768000,1.000000000,1,2025-12-24 04:42:00.000000,2025-12-24 04:42:59.999922,1,BAY01_0205_20251224_043744_000.7z
2025-12-24 04:43:00,-100.292519,-0.100292519,3.003850,-49.022626,-54.273742,768000,768000,1.000000000,1,2025-12-24 04:43:00.000000,2025-12-24 04:43:59.999922,1,BAY01_0205_20251224_043744_000.7z
2025-12-24 04:44:00,-99.885054,-0.099885054,3.741979,-49.181988,-54.445045,768000,768000,1.000000000,1,2025-12-24 04:44:00.000000,2025-12-24 04:44:59.999922,1,BAY01_0205_20251224_043744_000.7z
2025-12-24 04:45:00,-101.357815,-0.101357815,3.762349,-49.912940,-55.207225,768000,768000,1.000000000,1,2025-12-24 04:45:00.000000,2025-12-24 04:45:59.999922,1,BAY01_0205_20251224_043744_000.7z
2025-12-24 04:46:00,-99.796486,-0.099796486,3.726964,-49.107317,-54.416132,768000,768000,1.000000000,1,2025-12-24 04:46:00.000000,2025-12-24 04:46:59.999922,1,BAY01_0205_20251224_043744_000.7z
2025-12-24 04:47:00,-104.191830,-0.104191830,3.702419,-51.269887,-56.624361,729734,768000,0.950174479,0,2025-12-24 04:47:00.000000,2025-12-24 04:47:59.999922,2,BAY01_0205_20251224_043744_000.7z;BAY01_0206_20251224_044747_000.7z
2025-12-24 04:48:00,-119.535531,-0.119535531,3.745324,-59.056174,-64.224682,768000,768000,1.000000000,1,2025-12-24 04:48:00.000000,2025-12-24 04:48:59.999922,1,BAY01_0206_20251224_044747_000.7z
2025-12-24 04:49:00,-110.477792,-0.110477792,3.722984,-54.499441,-59.701335,768000,768000,1.000000000,1,2025-12-24 04:49:00.000000,2025-12-24 04:49:59.999922,1,BAY01_0206_20251224_044747_000.7z
2025-12-24 04:50:00,-99.683738,-0.099683738,3.767856,-49.134311,-54.317283,768000,768000,1.000000000,1,2025-12-24 04:50:00.000000,2025-12-24 04:50:59.999922,1,BAY01_0206_20251224_044747_000.7z
2025-12-24 04:51:00,-99.948122,-0.099948122,3.736149,-49.196168,-54.488103,768000,768000,1.000000000,1,2025-12-24 04:51:00.000000,2025-12-24 04:51:59.999922,1,BAY01_0206_20251224_044747_000.7z
2025-12-24 04:52:00,-100.436843,-0.100436843,3.734998,-49.445971,-54.725870,768000,768000,1.000000000,1,2025-12-24 04:52:00.000000,2025-12-24 04:52:59.999922,1,BAY01_0206_20251224_044747_000.7z
2025-12-24 04:53:00,-100.022094,-0.100022094,3.743306,-49.222522,-54.542878,768000,768000,1.000000000,1,2025-12-24 04:53:00.000000,2025-12-24 04:53:59.999922,1,BAY01_0206_20251224_044747_000.7z
2025-12-24 04:54:00,-102.115087,-0.102115087,3.729433,-50.329266,-55.515254,768000,768000,1.000000000,1,2025-12-24 04:54:00.000000,2025-12-24 04:54:59.999922,1,BAY01_0206_20251224_044747_000.7z
2025-12-24 04:55:00,-102.231391,-0.102231391,3.782738,-50.371702,-55.642427,768000,768000,1.000000000,1,2025-12-24 04:55:00.000000,2025-12-24 04:55:59.999922,1,BAY01_0206_20251224_044747_000.7z
2025-12-24 04:56:00,-100.359335,-0.100359335,3.718667,-49.387123,-54.690879,768000,768000,1.000000000,1,2025-12-24 04:56:00.000000,2025-12-24 04:56:59.999922,1,BAY01_0206_20251224_044747_000.7z
2025-12-24 04:57:00,-102.924837,-0.102924837,3.726838,-50.647831,-56.003844,716865,768000,0.933417969,0,2025-12-24 04:57:00.000000,2025-12-24 04:57:59.999922,2,BAY01_0206_20251224_044747_000.7z;BAY01_0207_20251224_045751_000.7z
2025-12-24 04:58:00,-119.779533,-0.119779533,3.735013,-59.184192,-64.330354,768000,768000,1.000000000,1,2025-12-24 04:58:00.000000,2025-12-24 04:58:59.999922,1,BAY01_0207_20251224_045751_000.7z
2025-12-24 04:59:00,-110.901429,-0.110901429,3.750076,-54.715674,-59.935831,768000,768000,1.000000000,1,2025-12-24 04:59:00.000000,2025-12-24 04:59:59.999922,1,BAY01_0207_20251224_045751_000.7z
2025-12-24 05:00:00,-99.784726,-0.099784726,3.767096,-49.109022,-54.442800,768000,768000,1.000000000,1,2025-12-24 05:00:00.000000,2025-12-24 05:00:59.999922,1,BAY01_0207_20251224_045751_000.7z
2025-12-24 05:01:00,-100.019240,-0.100019240,3.745519,-49.184732,-54.580028,768000,768000,1.000000000,1,2025-12-24 05:01:00.000000,2025-12-24 05:01:59.999922,1,BAY01_0207_20251224_045751_000.7z
2025-12-24 05:02:00,-100.434310,-0.100434310,3.721987,-49.429729,-54.726568,768000,768000,1.000000000,1,2025-12-24 05:02:00.000000,2025-12-24 05:02:59.999922,1,BAY01_0207_20251224_045751_000.7z
2025-12-24 05:03:00,-100.005096,-0.100005096,3.724357,-49.242841,-54.486612,768000,768000,1.000000000,1,2025-12-24 05:03:00.000000,2025-12-24 05:03:59.999922,1,BAY01_0207_20251224_045751_000.7z
2025-12-24 05:04:00,-100.003079,-0.100003079,3.739554,-49.217298,-54.525334,768000,768000,1.000000000,1,2025-12-24 05:04:00.000000,2025-12-24 05:04:59.999922,1,BAY01_0207_20251224_045751_000.7z
2025-12-24 05:05:00,-102.011883,-0.102011883,3.777803,-50.291990,-55.497697,768000,768000,1.000000000,1,2025-12-24 05:05:00.000000,2025-12-24 05:05:59.999922,1,BAY01_0207_20251224_045751_000.7z
2025-12-24 05:06:00,-99.831259,-0.099831259,3.726758,-49.223052,-54.334965,768000,768000,1.000000000,1,2025-12-24 05:06:00.000000,2025-12-24 05:06:59.999922,1,BAY01_0207_20251224_045751_000.7z
2025-12-24 05:07:00,-102.069393,-0.102069393,3.733979,-50.373598,-55.429774,742404,768000,0.966671875,0,2025-12-24 05:07:00.000000,2025-12-24 05:07:59.999922,2,BAY01_0207_20251224_045751_000.7z;BAY01_0208_20251224_050753_000.7z
2025-12-24 05:08:00,-119.557701,-0.119557701,3.717296,-59.128965,-64.146032,768000,768000,1.000000000,1,2025-12-24 05:08:00.000000,2025-12-24 05:08:59.999922,1,BAY01_0208_20251224_050753_000.7z
2025-12-24 05:09:00,-112.736766,-0.112736766,3.374943,-55.512943,-60.598767,768000,768000,1.000000000,1,2025-12-24 05:09:00.000000,2025-12-24 05:09:59.999922,1,BAY01_0208_20251224_050753_000.7z
2025-12-24 05:10:00,-99.555516,-0.099555516,3.806868,-49.096281,-54.266103,768000,768000,1.000000000,1,2025-12-24 05:10:00.000000,2025-12-24 05:10:59.999922,1,BAY01_0208_20251224_050753_000.7z
2025-12-24 05:11:00,-99.658936,-0.099658936,3.732472,-49.105053,-54.286356,768000,768000,1.000000000,1,2025-12-24 05:11:00.000000,2025-12-24 05:11:59.999922,1,BAY01_0208_20251224_050753_000.7z
2025-12-24 05:12:00,-99.886657,-0.099886657,3.731503,-49.190826,-54.427334,768000,768000,1.000000000,1,2025-12-24 05:12:00.000000,2025-12-24 05:12:59.999922,1,BAY01_0208_20251224_050753_000.7z
2025-12-24 05:13:00,-99.889277,-0.099889277,3.742762,-49.194317,-54.437722,768000,768000,1.000000000,1,2025-12-24 05:13:00.000000,2025-12-24 05:13:59.999922,1,BAY01_0208_20251224_050753_000.7z
2025-12-24 05:14:00,-99.759394,-0.099759394,3.726002,-49.183178,-54.302218,768000,768000,1.000000000,1,2025-12-24 05:14:00.000000,2025-12-24 05:14:59.999922,1,BAY01_0208_20251224_050753_000.7z
2025-12-24 05:15:00,-101.920046,-0.101920046,3.786336,-50.247136,-55.459247,768000,768000,1.000000000,1,2025-12-24 05:15:00.000000,2025-12-24 05:15:59.999922,1,BAY01_0208_20251224_050753_000.7z
2025-12-24 05:16:00,-99.646284,-0.099646284,3.720340,-49.072946,-54.293677,768000,768000,1.000000000,1,2025-12-24 05:16:00.000000,2025-12-24 05:16:59.999922,1,BAY01_0208_20251224_050753_000.7z
2025-12-24 05:17:00,-100.738546,-0.100738546,3.743170,-49.649758,-54.831957,704040,768000,0.916718750,0,2025-12-24 05:17:00.000000,2025-12-24 05:17:59.999922,2,BAY01_0208_20251224_050753_000.7z;BAY01_0209_20251224_051758_000.7z
2025-12-24 05:18:00,-119.465955,-0.119465955,3.734723,-59.063991,-64.136687,768000,768000,1.000000000,1,2025-12-24 05:18:00.000000,2025-12-24 05:18:59.999922,1,BAY01_0209_20251224_051758_000.7z
2025-12-24 05:19:00,-113.052600,-0.113052600,3.745422,-55.808658,-60.989363,768000,768000,1.000000000,1,2025-12-24 05:19:00.000000,2025-12-24 05:19:59.999922,1,BAY01_0209_20251224_051758_000.7z
2025-12-24 05:20:00,-99.557553,-0.099557553,3.757646,-49.017776,-54.297424,768000,768000,1.000000000,1,2025-12-24 05:20:00.000000,2025-12-24 05:20:59.999922,1,BAY01_0209_20251224_051758_000.7z
2025-12-24 05:21:00,-99.722270,-0.099722270,3.722794,-49.044157,-54.400906,768000,768000,1.000000000,1,2025-12-24 05:21:00.000000,2025-12-24 05:21:59.999922,1,BAY01_0209_20251224_051758_000.7z
2025-12-24 05:22:00,-100.343825,-0.100343825,3.743652,-49.381509,-54.705968,768000,768000,1.000000000,1,2025-12-24 05:22:00.000000,2025-12-24 05:22:59.999922,1,BAY01_0209_20251224_051758_000.7z
2025-12-24 05:23:00,-99.791925,-0.099791925,3.719012,-49.082022,-54.428915,768000,768000,1.000000000,1,2025-12-24 05:23:00.000000,2025-12-24 05:23:59.999922,1,BAY01_0209_20251224_051758_000.7z
2025-12-24 05:24:00,-101.868349,-0.101868349,3.716230,-50.135361,-55.449218,768000,768000,1.000000000,1,2025-12-24 05:24:00.000000,2025-12-24 05:24:59.999922,1,BAY01_0209_20251224_051758_000.7z
2025-12-24 05:25:00,-102.086314,-0.102086314,3.764904,-50.270296,-55.580921,768000,768000,1.000000000,1,2025-12-24 05:25:00.000000,2025-12-24 05:25:59.999922,1,BAY01_0209_20251224_051758_000.7z
2025-12-24 05:26:00,-99.551351,-0.099551351,3.750678,-48.968895,-54.333134,768000,768000,1.000000000,1,2025-12-24 05:26:00.000000,2025-12-24 05:26:59.999922,1,BAY01_0209_20251224_051758_000.7z
2025-12-24 05:27:00,-99.735271,-0.099735271,3.741470,-49.062384,-54.414357,742404,768000,0.966671875,0,2025-12-24 05:27:00.000000,2025-12-24 05:27:58.000234,1,BAY01_0209_20251224_051758_000.7z
2025-12-24 05:28:00,-119.231999,-0.119231999,3.742799,-58.890929,-64.083869,742400,768000,0.966666667,0,2025-12-24 05:28:02.000000,2025-12-24 05:28:59.999922,1,BAY01_0210_20251224_052802_000.7z
2025-12-24 05:29:00,-115.617970,-0.115617970,3.740671,-57.043928,-62.314713,768000,768000,1.000000000,1,2025-12-24 05:29:00.000000,2025-12-24 05:29:59.999922,1,BAY01_0210_20251224_052802_000.7z
2025-12-24 05:30:00,-99.904188,-0.099904188,3.763625,-49.179652,-54.488161,768000,768000,1.000000000,1,2025-12-24 05:30:00.000000,2025-12-24 05:30:59.999922,1,BAY01_0210_20251224_052802_000.7z
2025-12-24 05:31:00,-99.724016,-0.099724016,3.726685,-49.124377,-54.326324,768000,768000,1.000000000,1,2025-12-24 05:31:00.000000,2025-12-24 05:31:59.999922,1,BAY01_0210_20251224_052802_000.7z
2025-12-24 05:32:00,-99.978997,-0.099978997,3.713558,-49.225614,-54.466942,768000,768000,1.000000000,1,2025-12-24 05:32:00.000000,2025-12-24 05:32:59.999922,1,BAY01_0210_20251224_052802_000.7z
2025-12-24 05:33:00,-99.838877,-0.099838877,3.728826,-49.142247,-54.425456,768000,768000,1.000000000,1,2025-12-24 05:33:00.000000,2025-12-24 05:33:59.999922,1,BAY01_0210_20251224_052802_000.7z
2025-12-24 05:34:00,-99.814055,-0.099814055,3.722592,-49.109027,-54.427620,768000,768000,1.000000000,1,2025-12-24 05:34:00.000000,2025-12-24 05:34:59.999922,1,BAY01_0210_20251224_052802_000.7z
2025-12-24 05:35:00,-101.869666,-0.101869666,3.745242,-50.210480,-55.404428,768000,768000,1.000000000,1,2025-12-24 05:35:00.000000,2025-12-24 05:35:59.999922,1,BAY01_0210_20251224_052802_000.7z
2025-12-24 05:36:00,-101.121220,-0.101121220,3.733747,-49.812579,-55.042388,768000,768000,1.000000000,1,2025-12-24 05:36:00.000000,2025-12-24 05:36:59.999922,1,BAY01_0210_20251224_052802_000.7z
2025-12-24 05:37:00,-100.010924,-0.100010924,3.749214,-49.255960,-54.504178,768000,768000,1.000000000,1,2025-12-24 05:37:00.000000,2025-12-24 05:37:59.999922,1,BAY01_0210_20251224_052802_000.7z
2025-12-24 05:38:00,-118.600810,-0.118600810,3.725577,-58.593637,-63.732751,716940,768000,0.933515625,0,2025-12-24 05:38:00.000000,2025-12-24 05:38:59.999922,2,BAY01_0210_20251224_052802_000.7z;BAY01_0211_20251224_053806_000.7z
2025-12-24 05:39:00,-116.240901,-0.116240901,3.728983,-57.386489,-62.583395,768000,768000,1.000000000,1,2025-12-24 05:39:00.000000,2025-12-24 05:39:59.999922,1,BAY01_0211_20251224_053806_000.7z
2025-12-24 05:40:00,-99.870534,-0.099870534,3.740642,-49.177356,-54.433820,768000,768000,1.000000000,1,2025-12-24 05:40:00.000000,2025-12-24 05:40:59.999922,1,BAY01_0211_20251224_053806_000.7z
2025-12-24 05:41:00,-99.751650,-0.099751650,3.753690,-49.171036,-54.334304,768000,768000,1.000000000,1,2025-12-24 05:41:00.000000,2025-12-24 05:41:59.999922,1,BAY01_0211_20251224_053806_000.7z
2025-12-24 05:42:00,-100.452870,-0.100452870,3.771500,-49.535408,-54.688962,768000,768000,1.000000000,1,2025-12-24 05:42:00.000000,2025-12-24 05:42:59.999922,1,BAY01_0211_20251224_053806_000.7z
2025-12-24 05:43:00,-99.948141,-0.099948141,3.733901,-49.263564,-54.418478,768000,768000,1.000000000,1,2025-12-24 05:43:00.000000,2025-12-24 05:43:59.999922,1,BAY01_0211_20251224_053806_000.7z
2025-12-24 05:44:00,-100.127034,-0.100127034,3.748537,-49.274204,-54.601366,768000,768000,1.000000000,1,2025-12-24 05:44:00.000000,2025-12-24 05:44:59.999922,1,BAY01_0211_20251224_053806_000.7z
2025-12-24 05:45:00,-102.296195,-0.102296195,3.752396,-50.342810,-55.705781,768000,768000,1.000000000,1,2025-12-24 05:45:00.000000,2025-12-24 05:45:59.999922,1,BAY01_0211_20251224_053806_000.7z
2025-12-24 05:46:00,-99.967097,-0.099967097,3.733349,-49.227946,-54.472499,768000,768000,1.000000000,1,2025-12-24 05:46:00.000000,2025-12-24 05:46:59.999922,1,BAY01_0211_20251224_053806_000.7z
2025-12-24 05:47:00,-99.844290,-0.099844290,3.719919,-49.225442,-54.338766,768000,768000,1.000000000,1,2025-12-24 05:47:00.000000,2025-12-24 05:47:59.999922,1,BAY01_0211_20251224_053806_000.7z
2025-12-24 05:48:00,-117.351219,-0.117351219,3.712316,-57.960950,-63.102585,729738,768000,0.950179688,0,2025-12-24 05:48:00.000000,2025-12-24 05:48:59.999922,2,BAY01_0211_20251224_053806_000.7z;BAY01_0212_20251224_054809_000.7z
2025-12-24 05:49:00,-117.056097,-0.117056097,3.739577,-57.821231,-62.974443,768000,768000,1.000000000,1,2025-12-24 05:49:00.000000,2025-12-24 05:49:59.999922,1,BAY01_0212_20251224_054809_000.7z
2025-12-24 05:50:00,-100.011594,-0.100011594,3.733734,-49.265490,-54.479838,768000,768000,1.000000000,1,2025-12-24 05:50:00.000000,2025-12-24 05:50:59.999922,1,BAY01_0212_20251224_054809_000.7z
2025-12-24 05:51:00,-99.959906,-0.099959906,3.780398,-49.245970,-54.494334,768000,768000,1.000000000,1,2025-12-24 05:51:00.000000,2025-12-24 05:51:59.999922,1,BAY01_0212_20251224_054809_000.7z
2025-12-24 05:52:00,-99.919216,-0.099919216,3.753703,-49.218672,-54.454247,768000,768000,1.000000000,1,2025-12-24 05:52:00.000000,2025-12-24 05:52:59.999922,1,BAY01_0212_20251224_054809_000.7z
2025-12-24 05:53:00,-99.990705,-0.099990705,3.752826,-49.303952,-54.439579,768000,768000,1.000000000,1,2025-12-24 05:53:00.000000,2025-12-24 05:53:59.999922,1,BAY01_0212_20251224_054809_000.7z
2025-12-24 05:54:00,-101.282373,-0.101282373,3.738534,-49.945049,-55.075858,768000,768000,1.000000000,1,2025-12-24 05:54:00.000000,2025-12-24 05:54:59.999922,1,BAY01_0212_20251224_054809_000.7z
2025-12-24 05:55:00,-102.280831,-0.102280831,3.723050,-50.383882,-55.620000,768000,768000,1.000000000,1,2025-12-24 05:55:00.000000,2025-12-24 05:55:59.999922,1,BAY01_0212_20251224_054809_000.7z
2025-12-24 05:56:00,-99.723379,-0.099723379,3.789654,-49.145346,-54.367688,768000,768000,1.000000000,1,2025-12-24 05:56:00.000000,2025-12-24 05:56:59.999922,1,BAY01_0212_20251224_054809_000.7z
2025-12-24 05:57:00,-100.430926,-0.100430926,3.752781,-49.462787,-54.720920,768000,768000,1.000000000,1,2025-12-24 05:57:00.000000,2025-12-24 05:57:59.999922,1,BAY01_0212_20251224_054809_000.7z
2025-12-24 05:58:00,-116.209563,-0.116209563,3.698795,-57.379593,-62.528765,716870,768000,0.933424479,0,2025-12-24 05:58:00.000000,2025-12-24 05:58:59.999922,2,BAY01_0212_20251224_054809_000.7z;BAY01_0213_20251224_055813_000.7z
2025-12-24 05:59:00,-117.848516,-0.117848516,3.719892,-58.218442,-63.349967,768000,768000,1.000000000,1,2025-12-24 05:59:00.000000,2025-12-24 05:59:59.999922,1,BAY01_0213_20251224_055813_000.7z
2025-12-24 06:00:00,-99.880466,-0.099880466,3.716586,-49.158132,-54.438919,768000,768000,1.000000000,1,2025-12-24 06:00:00.000000,2025-12-24 06:00:59.999922,1,BAY01_0213_20251224_055813_000.7z
2025-12-24 06:01:00,-99.836445,-0.099836445,3.784533,-49.168550,-54.452429,768000,768000,1.000000000,1,2025-12-24 06:01:00.000000,2025-12-24 06:01:59.999922,1,BAY01_0213_20251224_055813_000.7z
2025-12-24 06:02:00,-99.904352,-0.099904352,3.747581,-49.225416,-54.426517,768000,768000,1.000000000,1,2025-12-24 06:02:00.000000,2025-12-24 06:02:59.999922,1,BAY01_0213_20251224_055813_000.7z
2025-12-24 06:03:00,-100.010477,-0.100010477,3.774306,-49.270643,-54.514140,768000,768000,1.000000000,1,2025-12-24 06:03:00.000000,2025-12-24 06:03:59.999922,1,BAY01_0213_20251224_055813_000.7z
2025-12-24 06:04:00,-100.163153,-0.100163153,3.751049,-49.351668,-54.562534,768000,768000,1.000000000,1,2025-12-24 06:04:00.000000,2025-12-24 06:04:59.999922,1,BAY01_0213_20251224_055813_000.7z
2025-12-24 06:05:00,-102.081809,-0.102081809,3.726018,-50.312523,-55.495304,768000,768000,1.000000000,1,2025-12-24 06:05:00.000000,2025-12-24 06:05:59.999922,1,BAY01_0213_20251224_055813_000.7z
2025-12-24 06:06:00,-99.811740,-0.099811740,3.775246,-49.170944,-54.416042,768000,768000,1.000000000,1,2025-12-24 06:06:00.000000,2025-12-24 06:06:59.999922,1,BAY01_0213_20251224_055813_000.7z
2025-12-24 06:07:00,-100.108146,-0.100108146,3.736956,-49.342742,-54.502360,768000,768000,1.000000000,1,2025-12-24 06:07:00.000000,2025-12-24 06:07:59.999922,1,BAY01_0213_20251224_055813_000.7z
2025-12-24 06:08:00,-114.692145,-0.114692145,3.760935,-56.660396,-61.792684,704068,768000,0.916755208,0,2025-12-24 06:08:00.000000,2025-12-24 06:08:59.999922,2,BAY01_0213_20251224_055813_000.7z;BAY01_0214_20251224_060818_000.7z
2025-12-24 06:09:00,-120.131544,-0.120131544,3.746460,-59.402396,-64.475608,768000,768000,1.000000000,1,2025-12-24 06:09:00.000000,2025-12-24 06:09:59.999922,1,BAY01_0214_20251224_060818_000.7z
2025-12-24 06:10:00,-100.018539,-0.100018539,3.742228,-49.251642,-54.509126,768000,768000,1.000000000,1,2025-12-24 06:10:00.000000,2025-12-24 06:10:59.999922,1,BAY01_0214_20251224_060818_000.7z
2025-12-24 06:11:00,-99.828570,-0.099828570,3.766646,-49.211991,-54.383225,768000,768000,1.000000000,1,2025-12-24 06:11:00.000000,2025-12-24 06:11:59.999922,1,BAY01_0214_20251224_060818_000.7z
2025-12-24 06:12:00,-99.632796,-0.099632796,3.732848,-49.040462,-54.325182,768000,768000,1.000000000,1,2025-12-24 06:12:00.000000,2025-12-24 06:12:59.999922,1,BAY01_0214_20251224_060818_000.7z
2025-12-24 06:13:00,-100.016348,-0.100016348,3.774518,-49.258819,-54.532048,768000,768000,1.000000000,1,2025-12-24 06:13:00.000000,2025-12-24 06:13:59.999922,1,BAY01_0214_20251224_060818_000.7z
2025-12-24 06:14:00,-99.652524,-0.099652524,3.730645,-49.121580,-54.261589,768000,768000,1.000000000,1,2025-12-24 06:14:00.000000,2025-12-24 06:14:59.999922,1,BAY01_0214_20251224_060818_000.7z
2025-12-24 06:15:00,-102.252375,-0.102252375,3.744978,-50.442999,-55.554354,768000,768000,1.000000000,1,2025-12-24 06:15:00.000000,2025-12-24 06:15:59.999922,1,BAY01_0214_20251224_060818_000.7z
2025-12-24 06:16:00,-99.660451,-0.099660451,3.745562,-49.125617,-54.280397,768000,768000,1.000000000,1,2025-12-24 06:16:00.000000,2025-12-24 06:16:59.999922,1,BAY01_0214_20251224_060818_000.7z
2025-12-24 06:17:00,-100.164242,-0.100164242,3.710397,-49.346210,-54.528429,768000,768000,1.000000000,1,2025-12-24 06:17:00.000000,2025-12-24 06:17:59.999922,1,BAY01_0214_20251224_060818_000.7z
2025-12-24 06:18:00,-112.628708,-0.112628708,3.745435,-55.594821,-60.779322,729665,768000,0.950084635,0,2025-12-24 06:18:00.000000,2025-12-24 06:18:59.999922,2,BAY01_0214_20251224_060818_000.7z;BAY01_0215_20251224_061821_000.7z
2025-12-24 06:19:00,-119.856243,-0.119856243,3.723075,-59.203687,-64.375631,768000,768000,1.000000000,1,2025-12-24 06:19:00.000000,2025-12-24 06:19:59.999922,1,BAY01_0215_20251224_061821_000.7z
2025-12-24 06:20:00,-100.942586,-0.100942586,3.731464,-49.669139,-55.004911,768000,768000,1.000000000,1,2025-12-24 06:20:00.000000,2025-12-24 06:20:59.999922,1,BAY01_0215_20251224_061821_000.7z
2025-12-24 06:21:00,-99.839971,-0.099839971,3.733705,-49.124936,-54.448739,768000,768000,1.000000000,1,2025-12-24 06:21:00.000000,2025-12-24 06:21:59.999922,1,BAY01_0215_20251224_061821_000.7z
2025-12-24 06:22:00,-99.947555,-0.099947555,3.740326,-49.178711,-54.509170,768000,768000,1.000000000,1,2025-12-24 06:22:00.000000,2025-12-24 06:22:59.999922,1,BAY01_0215_20251224_061821_000.7z
2025-12-24 06:23:00,-100.123582,-0.100123582,3.736924,-49.240326,-54.620179,768000,768000,1.000000000,1,2025-12-24 06:23:00.000000,2025-12-24 06:23:59.999922,1,BAY01_0215_20251224_061821_000.7z
2025-12-24 06:24:00,-100.970510,-0.100970510,3.749297,-49.682434,-55.037373,768000,768000,1.000000000,1,2025-12-24 06:24:00.000000,2025-12-24 06:24:59.999922,1,BAY01_0215_20251224_061821_000.7z
2025-12-24 06:25:00,-101.050536,-0.101050536,3.738273,-49.730850,-55.057959,768000,768000,1.000000000,1,2025-12-24 06:25:00.000000,2025-12-24 06:25:59.999922,1,BAY01_0215_20251224_061821_000.7z
2025-12-24 06:26:00,-99.716093,-0.099716093,3.778087,-49.100931,-54.393249,768000,768000,1.000000000,1,2025-12-24 06:26:00.000000,2025-12-24 06:26:59.999922,1,BAY01_0215_20251224_061821_000.7z
2025-12-24 06:27:00,-99.372284,-0.099372284,3.739219,-48.891592,-54.219911,768000,768000,1.000000000,1,2025-12-24 06:27:00.000000,2025-12-24 06:27:59.999922,1,BAY01_0215_20251224_061821_000.7z
2025-12-24 06:28:00,-110.530355,-0.110530355,3.744871,-54.484888,-59.790339,704111,768000,0.916811198,0,2025-12-24 06:28:00.000000,2025-12-24 06:28:59.999922,2,BAY01_0215_20251224_061821_000.7z;BAY01_0216_20251224_062826_000.7z
2025-12-24 06:29:00,-119.064507,-0.119064507,3.741031,-58.772499,-64.033040,768000,768000,1.000000000,1,2025-12-24 06:29:00.000000,2025-12-24 06:29:59.999922,1,BAY01_0216_20251224_062826_000.7z
2025-12-24 06:30:00,-102.908183,-0.102908183,3.727398,-50.670806,-55.964775,768000,768000,1.000000000,1,2025-12-24 06:30:00.000000,2025-12-24 06:30:59.999922,1,BAY01_0216_20251224_062826_000.7z
2025-12-24 06:31:00,-99.637164,-0.099637164,3.739201,-48.989451,-54.386915,768000,768000,1.000000000,1,2025-12-24 06:31:00.000000,2025-12-24 06:31:59.999922,1,BAY01_0216_20251224_062826_000.7z
2025-12-24 06:32:00,-99.458655,-0.099458655,3.734809,-48.901948,-54.291515,768000,768000,1.000000000,1,2025-12-24 06:32:00.000000,2025-12-24 06:32:59.999922,1,BAY01_0216_20251224_062826_000.7z
2025-12-24 06:33:00,-99.307628,-0.099307628,3.722777,-48.872367,-54.158038,768000,768000,1.000000000,1,2025-12-24 06:33:00.000000,2025-12-24 06:33:59.999922,1,BAY01_0216_20251224_062826_000.7z
2025-12-24 06:34:00,-99.386182,-0.099386182,3.762194,-48.887267,-54.261110,768000,768000,1.000000000,1,2025-12-24 06:34:00.000000,2025-12-24 06:34:59.999922,1,BAY01_0216_20251224_062826_000.7z
2025-12-24 06:35:00,-100.067828,-0.100067828,3.727287,-49.235046,-54.560069,768000,768000,1.000000000,1,2025-12-24 06:35:00.000000,2025-12-24 06:35:59.999922,1,BAY01_0216_20251224_062826_000.7z
2025-12-24 06:36:00,-99.366535,-0.099366535,3.747576,-48.892762,-54.221350,768000,768000,1.000000000,1,2025-12-24 06:36:00.000000,2025-12-24 06:36:59.999922,1,BAY01_0216_20251224_062826_000.7z
2025-12-24 06:37:00,-99.435832,-0.099435832,3.735491,-48.961104,-54.210219,768000,768000,1.000000000,1,2025-12-24 06:37:00.000000,2025-12-24 06:37:59.999922,1,BAY01_0216_20251224_062826_000.7z
2025-12-24 06:38:00,-110.323975,-0.110323975,3.719371,-54.370066,-59.673280,729662,768000,0.950080729,0,2025-12-24 06:38:00.000000,2025-12-24 06:38:59.999922,2,BAY01_0216_20251224_062826_000.7z;BAY01_0217_20251224_063829_000.7z
2025-12-24 06:39:00,-119.332613,-0.119332613,3.743605,-58.942788,-64.133430,768000,768000,1.000000000,1,2025-12-24 06:39:00.000000,2025-12-24 06:39:59.999922,1,BAY01_0217_20251224_063829_000.7z
2025-12-24 06:40:00,-103.256146,-0.103256146,3.741208,-50.888776,-56.108578,768000,768000,1.000000000,1,2025-12-24 06:40:00.000000,2025-12-24 06:40:59.999922,1,BAY01_0217_20251224_063829_000.7z
2025-12-24 06:41:00,-99.529413,-0.099529413,3.771063,-49.022607,-54.277868,768000,768000,1.000000000,1,2025-12-24 06:41:00.000000,2025-12-24 06:41:59.999922,1,BAY01_0217_20251224_063829_000.7z
2025-12-24 06:42:00,-99.504020,-0.099504020,3.729354,-48.980454,-54.252920,768000,768000,1.000000000,1,2025-12-24 06:42:00.000000,2025-12-24 06:42:59.999922,1,BAY01_0217_20251224_063829_000.7z
2025-12-24 06:43:00,-99.708366,-0.099708366,3.745217,-49.126056,-54.327527,768000,768000,1.000000000,1,2025-12-24 06:43:00.000000,2025-12-24 06:43:59.999922,1,BAY01_0217_20251224_063829_000.7z
2025-12-24 06:44:00,-100.039218,-0.100039218,3.733815,-49.207918,-54.565114,768000,768000,1.000000000,1,2025-12-24 06:44:00.000000,2025-12-24 06:44:59.999922,1,BAY01_0217_20251224_063829_000.7z
2025-12-24 06:45:00,-100.003633,-0.100003633,3.741834,-49.189632,-54.555834,768000,768000,1.000000000,1,2025-12-24 06:45:00.000000,2025-12-24 06:45:59.999922,1,BAY01_0217_20251224_063829_000.7z
2025-12-24 06:46:00,-99.565459,-0.099565459,3.765580,-48.939083,-54.391956,768000,768000,1.000000000,1,2025-12-24 06:46:00.000000,2025-12-24 06:46:59.999922,1,BAY01_0217_20251224_063829_000.7z
2025-12-24 06:47:00,-100.087203,-0.100087203,3.698908,-49.145654,-54.640457,768000,768000,1.000000000,1,2025-12-24 06:47:00.000000,2025-12-24 06:47:59.999922,1,BAY01_0217_20251224_063829_000.7z
2025-12-24 06:48:00,-108.703413,-0.108703413,3.705487,-53.498180,-58.910720,704040,768000,0.916718750,0,2025-12-24 06:48:00.000000,2025-12-24 06:48:59.999922,2,BAY01_0217_20251224_063829_000.7z;BAY01_0218_20251224_064834_000.7z
2025-12-24 06:49:00,-119.328598,-0.119328598,3.729055,-58.846369,-64.211284,768000,768000,1.000000000,1,2025-12-24 06:49:00.000000,2025-12-24 06:49:59.999922,1,BAY01_0218_20251224_064834_000.7z
2025-12-24 06:50:00,-104.340727,-0.104340727,3.738374,-51.327688,-56.751413,768000,768000,1.000000000,1,2025-12-24 06:50:00.000000,2025-12-24 06:50:59.999922,1,BAY01_0218_20251224_064834_000.7z
2025-12-24 06:51:00,-99.386937,-0.099386937,3.750381,-48.869993,-54.267326,768000,768000,1.000000000,1,2025-12-24 06:51:00.000000,2025-12-24 06:51:59.999922,1,BAY01_0218_20251224_064834_000.7z
2025-12-24 06:52:00,-99.584560,-0.099584560,3.704851,-48.974137,-54.315273,768000,768000,1.000000000,1,2025-12-24 06:52:00.000000,2025-12-24 06:52:59.999922,1,BAY01_0218_20251224_064834_000.7z
2025-12-24 06:53:00,-99.551038,-0.099551038,3.709489,-48.957244,-54.303284,768000,768000,1.000000000,1,2025-12-24 06:53:00.000000,2025-12-24 06:53:59.999922,1,BAY01_0218_20251224_064834_000.7z
2025-12-24 06:54:00,-102.119353,-0.102119353,3.699822,-50.210843,-55.608333,768000,768000,1.000000000,1,2025-12-24 06:54:00.000000,2025-12-24 06:54:59.999922,1,BAY01_0218_20251224_064834_000.7z
2025-12-24 06:55:00,-101.290675,-0.101290675,3.711123,-49.790502,-55.211295,768000,768000,1.000000000,1,2025-12-24 06:55:00.000000,2025-12-24 06:55:59.999922,1,BAY01_0218_20251224_064834_000.7z
2025-12-24 06:56:00,-99.442715,-0.099442715,3.735194,-48.857042,-54.320866,768000,768000,1.000000000,1,2025-12-24 06:56:00.000000,2025-12-24 06:56:59.999922,1,BAY01_0218_20251224_064834_000.7z
2025-12-24 06:57:00,-99.428070,-0.099428070,3.708168,-48.863022,-54.273215,768000,768000,1.000000000,1,2025-12-24 06:57:00.000000,2025-12-24 06:57:59.999922,1,BAY01_0218_20251224_064834_000.7z
2025-12-24 06:58:00,-107.377067,-0.107377067,3.680442,-52.856185,-58.201324,704048,768000,0.916729167,0,2025-12-24 06:58:00.000000,2025-12-24 06:58:59.999922,2,BAY01_0218_20251224_064834_000.7z;BAY01_0219_20251224_065839_000.7z
2025-12-24 06:59:00,-119.095628,-0.119095628,3.716452,-58.812450,-63.999629,768000,768000,1.000000000,1,2025-12-24 06:59:00.000000,2025-12-24 06:59:59.999922,1,BAY01_0219_20251224_065839_000.7z
2025-12-24 07:00:00,-106.488539,-0.106488539,3.724679,-52.448866,-57.764353,768000,768000,1.000000000,1,2025-12-24 07:00:00.000000,2025-12-24 07:00:59.999922,1,BAY01_0219_20251224_065839_000.7z
2025-12-24 07:01:00,-99.534020,-0.099534020,3.729053,-48.951419,-54.311654,768000,768000,1.000000000,1,2025-12-24 07:01:00.000000,2025-12-24 07:01:59.999922,1,BAY01_0219_20251224_065839_000.7z
2025-12-24 07:02:00,-99.364774,-0.099364774,3.717649,-48.896060,-54.186363,768000,768000,1.000000000,1,2025-12-24 07:02:00.000000,2025-12-24 07:02:59.999922,1,BAY01_0219_20251224_065839_000.7z
2025-12-24 07:03:00,-99.701465,-0.099701465,3.699250,-49.080822,-54.319894,768000,768000,1.000000000,1,2025-12-24 07:03:00.000000,2025-12-24 07:03:59.999922,1,BAY01_0219_20251224_065839_000.7z
2025-12-24 07:04:00,-99.829278,-0.099829278,3.730777,-49.149221,-54.410834,768000,768000,1.000000000,1,2025-12-24 07:04:00.000000,2025-12-24 07:04:59.999922,1,BAY01_0219_20251224_065839_000.7z
2025-12-24 07:05:00,-102.073290,-0.102073290,3.737627,-50.276128,-55.534789,768000,768000,1.000000000,1,2025-12-24 07:05:00.000000,2025-12-24 07:05:59.999922,1,BAY01_0219_20251224_065839_000.7z
2025-12-24 07:06:00,-99.292085,-0.099292085,3.754150,-48.854426,-54.191809,768000,768000,1.000000000,1,2025-12-24 07:06:00.000000,2025-12-24 07:06:59.999922,1,BAY01_0219_20251224_065839_000.7z
2025-12-24 07:07:00,-99.425855,-0.099425855,3.713488,-48.914562,-54.224781,768000,768000,1.000000000,1,2025-12-24 07:07:00.000000,2025-12-24 07:07:59.999922,1,BAY01_0219_20251224_065839_000.7z
2025-12-24 07:08:00,-105.281083,-0.105281083,3.715872,-51.830171,-57.166783,716892,768000,0.933453125,0,2025-12-24 07:08:00.000000,2025-12-24 07:08:59.999922,2,BAY01_0219_20251224_065839_000.7z;BAY01_0220_20251224_070843_000.7z
2025-12-24 07:09:00,-118.947325,-0.118947325,3.710683,-58.710493,-63.947514,768000,768000,1.000000000,1,2025-12-24 07:09:00.000000,2025-12-24 07:09:59.999922,1,BAY01_0220_20251224_070843_000.7z
2025-12-24 07:10:00,-107.037631,-0.107037631,3.738256,-52.799157,-57.976731,768000,768000,1.000000000,1,2025-12-24 07:10:00.000000,2025-12-24 07:10:59.999922,1,BAY01_0220_20251224_070843_000.7z
2025-12-24 07:11:00,-99.384486,-0.099384486,3.734399,-48.923044,-54.195840,768000,768000,1.000000000,1,2025-12-24 07:11:00.000000,2025-12-24 07:11:59.999922,1,BAY01_0220_20251224_070843_000.7z
2025-12-24 07:12:00,-99.291916,-0.099291916,3.710519,-48.881391,-54.121043,768000,768000,1.000000000,1,2025-12-24 07:12:00.000000,2025-12-24 07:12:59.999922,1,BAY01_0220_20251224_070843_000.7z
2025-12-24 07:13:00,-99.509274,-0.099509274,3.738038,-48.980710,-54.266603,768000,768000,1.000000000,1,2025-12-24 07:13:00.000000,2025-12-24 07:13:59.999922,1,BAY01_0220_20251224_070843_000.7z
2025-12-24 07:14:00,-99.509932,-0.099509932,3.701211,-48.998975,-54.212168,768000,768000,1.000000000,1,2025-12-24 07:14:00.000000,2025-12-24 07:14:59.999922,1,BAY01_0220_20251224_070843_000.7z
2025-12-24 07:15:00,-102.302160,-0.102302160,3.711116,-50.413384,-55.599892,768000,768000,1.000000000,1,2025-12-24 07:15:00.000000,2025-12-24 07:15:59.999922,1,BAY01_0220_20251224_070843_000.7z
2025-12-24 07:16:00,-99.468939,-0.099468939,3.747904,-48.999949,-54.216893,768000,768000,1.000000000,1,2025-12-24 07:16:00.000000,2025-12-24 07:16:59.999922,1,BAY01_0220_20251224_070843_000.7z
2025-12-24 07:17:00,-99.525124,-0.099525124,3.725414,-49.013485,-54.237053,768000,768000,1.000000000,1,2025-12-24 07:17:00.000000,2025-12-24 07:17:59.999922,1,BAY01_0220_20251224_070843_000.7z
2025-12-24 07:18:00,-104.391066,-0.104391066,3.734606,-51.464212,-56.661459,716853,768000,0.933402344,0,2025-12-24 07:18:00.000000,2025-12-24 07:18:59.999922,2,BAY01_0220_20251224_070843_000.7z;BAY01_0221_20251224_071847_000.7z
2025-12-24 07:19:00,-119.570494,-0.119570494,3.730018,-59.052393,-64.248119,768000,768000,1.000000000,1,2025-12-24 07:19:00.000000,2025-12-24 07:19:59.999922,1,BAY01_0221_20251224_071847_000.7z
2025-12-24 07:20:00,-109.351440,-0.109351440,3.483334,-53.812089,-59.022685,768000,768000,1.000000000,1,2025-12-24 07:20:00.000000,2025-12-24 07:20:59.999922,1,BAY01_0221_20251224_071847_000.7z
2025-12-24 07:21:00,-99.867493,-0.099867493,3.448759,-49.038161,-54.278092,768000,768000,1.000000000,1,2025-12-24 07:21:00.000000,2025-12-24 07:21:59.999922,1,BAY01_0221_20251224_071847_000.7z
2025-12-24 07:22:00,-100.018040,-0.100018040,3.441552,-49.067754,-54.391837,768000,768000,1.000000000,1,2025-12-24 07:22:00.000000,2025-12-24 07:22:59.999922,1,BAY01_0221_20251224_071847_000.7z
2025-12-24 07:23:00,-100.479336,-0.100479336,3.400482,-49.337435,-54.542383,768000,768000,1.000000000,1,2025-12-24 07:23:00.000000,2025-12-24 07:23:59.999922,1,BAY01_0221_20251224_071847_000.7z
2025-12-24 07:24:00,-102.699457,-0.102699457,3.410025,-50.397794,-55.711688,768000,768000,1.000000000,1,2025-12-24 07:24:00.000000,2025-12-24 07:24:59.999922,1,BAY01_0221_20251224_071847_000.7z
2025-12-24 07:25:00,-102.456095,-0.102456095,3.410846,-50.237978,-55.628963,768000,768000,1.000000000,1,2025-12-24 07:25:00.000000,2025-12-24 07:25:59.999922,1,BAY01_0221_20251224_071847_000.7z
2025-12-24 07:26:00,-99.959816,-0.099959816,3.283983,-48.960868,-54.282930,768000,768000,1.000000000,1,2025-12-24 07:26:00.000000,2025-12-24 07:26:59.999922,1,BAY01_0221_20251224_071847_000.7z
2025-12-24 07:27:00,-99.902948,-0.099902948,3.289689,-48.957751,-54.234886,768000,768000,1.000000000,1,2025-12-24 07:27:00.000000,2025-12-24 07:27:59.999922,1,BAY01_0221_20251224_071847_000.7z
2025-12-24 07:28:00,-102.948012,-0.102948012,3.260959,-50.478320,-55.730651,704103,768000,0.916800781,0,2025-12-24 07:28:00.000000,2025-12-24 07:28:59.999922,2,BAY01_0221_20251224_071847_000.7z;BAY01_0222_20251224_072852_000.7z
2025-12-24 07:29:00,-119.893561,-0.119893561,3.255816,-58.969195,-64.180182,768000,768000,1.000000000,1,2025-12-24 07:29:00.000000,2025-12-24 07:29:59.999922,1,BAY01_0222_20251224_072852_000.7z
2025-12-24 07:30:00,-110.723494,-0.110723494,3.269290,-54.370046,-59.622739,768000,768000,1.000000000,1,2025-12-24 07:30:00.000000,2025-12-24 07:30:59.999922,1,BAY01_0222_20251224_072852_000.7z
2025-12-24 07:31:00,-100.088548,-0.100088548,3.255114,-49.081105,-54.262558,768000,768000,1.000000000,1,2025-12-24 07:31:00.000000,2025-12-24 07:31:59.999922,1,BAY01_0222_20251224_072852_000.7z
2025-12-24 07:32:00,-100.244157,-0.100244157,3.298110,-49.160752,-54.381515,768000,768000,1.000000000,1,2025-12-24 07:32:00.000000,2025-12-24 07:32:59.999922,1,BAY01_0222_20251224_072852_000.7z
2025-12-24 07:33:00,-100.042724,-0.100042724,3.269028,-49.038212,-54.273540,768000,768000,1.000000000,1,2025-12-24 07:33:00.000000,2025-12-24 07:33:59.999922,1,BAY01_0222_20251224_072852_000.7z
2025-12-24 07:34:00,-100.256141,-0.100256141,3.240129,-49.137705,-54.358565,768000,768000,1.000000000,1,2025-12-24 07:34:00.000000,2025-12-24 07:34:59.999922,1,BAY01_0222_20251224_072852_000.7z
2025-12-24 07:35:00,-102.624676,-0.102624676,3.271065,-50.352184,-55.543557,768000,768000,1.000000000,1,2025-12-24 07:35:00.000000,2025-12-24 07:35:59.999922,1,BAY01_0222_20251224_072852_000.7z
2025-12-24 07:36:00,-100.384470,-0.100384470,3.233487,-49.161418,-54.456539,768000,768000,1.000000000,1,2025-12-24 07:36:00.000000,2025-12-24 07:36:59.999922,1,BAY01_0222_20251224_072852_000.7z
2025-12-24 07:37:00,-100.531188,-0.100531188,3.265877,-49.259515,-54.537550,768000,768000,1.000000000,1,2025-12-24 07:37:00.000000,2025-12-24 07:37:59.999922,1,BAY01_0222_20251224_072852_000.7z
2025-12-24 07:38:00,-101.237041,-0.101237041,3.220872,-49.573020,-54.884893,704033,768000,0.916709635,0,2025-12-24 07:38:00.000000,2025-12-24 07:38:59.999922,2,BAY01_0222_20251224_072852_000.7z;BAY01_0223_20251224_073857_000.7z
2025-12-24 07:39:00,-119.902064,-0.119902064,3.198616,-58.905367,-64.195313,768000,768000,1.000000000,1,2025-12-24 07:39:00.000000,2025-12-24 07:39:59.999922,1,BAY01_0223_20251224_073857_000.7z
2025-12-24 07:40:00,-113.016323,-0.113016323,3.232733,-55.478150,-60.770906,768000,768000,1.000000000,1,2025-12-24 07:40:00.000000,2025-12-24 07:40:59.999922,1,BAY01_0223_20251224_073857_000.7z
2025-12-24 07:41:00,-100.318110,-0.100318110,3.158816,-49.057569,-54.419357,768000,768000,1.000000000,1,2025-12-24 07:41:00.000000,2025-12-24 07:41:59.999922,1,BAY01_0223_20251224_073857_000.7z
2025-12-24 07:42:00,-100.055730,-0.100055730,3.205047,-48.979771,-54.281005,768000,768000,1.000000000,1,2025-12-24 07:42:00.000000,2025-12-24 07:42:59.999922,1,BAY01_0223_20251224_073857_000.7z
2025-12-24 07:43:00,-100.284739,-0.100284739,3.162377,-49.047302,-54.399814,768000,768000,1.000000000,1,2025-12-24 07:43:00.000000,2025-12-24 07:43:59.999922,1,BAY01_0223_20251224_073857_000.7z
2025-12-24 07:44:00,-101.072668,-0.101072668,3.114305,-49.359146,-54.827827,768000,768000,1.000000000,1,2025-12-24 07:44:00.000000,2025-12-24 07:44:59.999922,1,BAY01_0223_20251224_073857_000.7z
2025-12-24 07:45:00,-102.789021,-0.102789021,3.115664,-50.269160,-55.635525,768000,768000,1.000000000,1,2025-12-24 07:45:00.000000,2025-12-24 07:45:59.999922,1,BAY01_0223_20251224_073857_000.7z
2025-12-24 07:46:00,-100.228908,-0.100228908,3.118824,-48.993966,-54.353766,768000,768000,1.000000000,1,2025-12-24 07:46:00.000000,2025-12-24 07:46:59.999922,1,BAY01_0223_20251224_073857_000.7z
2025-12-24 07:47:00,-100.874308,-0.100874308,3.166834,-49.334730,-54.706413,768000,768000,1.000000000,1,2025-12-24 07:47:00.000000,2025-12-24 07:47:59.999922,1,BAY01_0223_20251224_073857_000.7z
2025-12-24 07:48:00,-100.297852,-0.100297852,3.503163,-49.235073,-54.565942,729714,768000,0.950148437,0,2025-12-24 07:48:00.000000,2025-12-24 07:48:57.008828,1,BAY01_0223_20251224_073857_000.7z
2025-12-24 07:49:00,-118.832962,-0.118832962,3.952968,-58.780497,-64.005433,755200,768000,0.983333333,0,2025-12-24 07:49:01.000000,2025-12-24 07:49:59.999922,1,BAY01_0224_20251224_074901_000.7z
2025-12-24 07:50:00,-114.572858,-0.114572858,3.978118,-56.648457,-61.902519,768000,768000,1.000000000,1,2025-12-24 07:50:00.000000,2025-12-24 07:50:59.999922,1,BAY01_0224_20251224_074901_000.7z
2025-12-24 07:51:00,-99.675565,-0.099675565,3.963035,-49.144333,-54.494267,768000,768000,1.000000000,1,2025-12-24 07:51:00.000000,2025-12-24 07:51:59.999922,1,BAY01_0224_20251224_074901_000.7z
2025-12-24 07:52:00,-99.647502,-0.099647502,4.004043,-49.151533,-54.500012,768000,768000,1.000000000,1,2025-12-24 07:52:00.000000,2025-12-24 07:52:59.999922,1,BAY01_0224_20251224_074901_000.7z
2025-12-24 07:53:00,-99.444805,-0.099444805,3.957845,-48.966174,-54.436476,768000,768000,1.000000000,1,2025-12-24 07:53:00.000000,2025-12-24 07:53:59.999922,1,BAY01_0224_20251224_074901_000.7z
2025-12-24 07:54:00,-101.709028,-0.101709028,3.974536,-50.203021,-55.480542,768000,768000,1.000000000,1,2025-12-24 07:54:00.000000,2025-12-24 07:54:59.999922,1,BAY01_0224_20251224_074901_000.7z
2025-12-24 07:55:00,-101.923802,-0.101923802,3.943446,-50.251179,-55.616068,768000,768000,1.000000000,1,2025-12-24 07:55:00.000000,2025-12-24 07:55:59.999922,1,BAY01_0224_20251224_074901_000.7z
2025-12-24 07:56:00,-95.279140,-0.095279140,8.223090,-49.042935,-54.459294,768000,768000,1.000000000,1,2025-12-24 07:56:00.000000,2025-12-24 07:56:59.999922,1,BAY01_0224_20251224_074901_000.7z
2025-12-24 07:57:00,5828.649711,5.828649711,5931.802846,-48.923165,-54.229970,768000,768000,1.000000000,1,2025-12-24 07:57:00.000000,2025-12-24 07:57:59.999922,1,BAY01_0224_20251224_074901_000.7z
2025-12-24 07:58:00,7135.757714,7.135757714,7239.170059,-49.036631,-54.375714,768000,768000,1.000000000,1,2025-12-24 07:58:00.000000,2025-12-24 07:58:59.999922,1,BAY01_0224_20251224_074901_000.7z
2025-12-24 07:59:00,7095.327770,7.095327770,7218.050088,-58.697724,-64.024594,716896,768000,0.933458333,0,2025-12-24 07:59:00.000000,2025-12-24 07:59:59.999922,2,BAY01_0224_20251224_074901_000.7z;BAY01_0225_20251224_075905_000.7z
2025-12-24 08:00:00,7071.298598,7.071298598,7191.313855,-57.371285,-62.643973,768000,768000,1.000000000,1,2025-12-24 08:00:00.000000,2025-12-24 08:00:59.999922,1,BAY01_0225_20251224_075905_000.7z
2025-12-24 08:01:00,7076.457157,7.076457157,7179.657283,-48.960389,-54.239736,768000,768000,1.000000000,1,2025-12-24 08:01:00.000000,2025-12-24 08:01:59.999922,1,BAY01_0225_20251224_075905_000.7z
2025-12-24 08:02:00,7060.642709,7.060642709,7164.180329,-49.148065,-54.389556,768000,768000,1.000000000,1,2025-12-24 08:02:00.000000,2025-12-24 08:02:59.999922,1,BAY01_0225_20251224_075905_000.7z
2025-12-24 08:03:00,7060.858415,7.060858415,7164.188430,-49.027403,-54.302612,768000,768000,1.000000000,1,2025-12-24 08:03:00.000000,2025-12-24 08:03:59.999922,1,BAY01_0225_20251224_075905_000.7z
2025-12-24 08:04:00,7047.206969,7.047206969,7151.195901,-49.325728,-54.663204,768000,768000,1.000000000,1,2025-12-24 08:04:00.000000,2025-12-24 08:04:59.999922,1,BAY01_0225_20251224_075905_000.7z
2025-12-24 08:05:00,7091.583517,7.091583517,7197.404559,-50.206770,-55.614273,768000,768000,1.000000000,1,2025-12-24 08:05:00.000000,2025-12-24 08:05:59.999922,1,BAY01_0225_20251224_075905_000.7z
2025-12-24 08:06:00,7083.953265,7.083953265,7187.230835,-48.975474,-54.302096,768000,768000,1.000000000,1,2025-12-24 08:06:00.000000,2025-12-24 08:06:59.999922,1,BAY01_0225_20251224_075905_000.7z
2025-12-24 08:07:00,7084.047327,7.084047327,7187.252609,-48.962585,-54.242696,768000,768000,1.000000000,1,2025-12-24 08:07:00.000000,2025-12-24 08:07:59.999922,1,BAY01_0225_20251224_075905_000.7z
2025-12-24 08:08:00,7077.060940,7.077060940,7180.286008,-49.002252,-54.222817,768000,768000,1.000000000,1,2025-12-24 08:08:00.000000,2025-12-24 08:08:59.999922,1,BAY01_0225_20251224_075905_000.7z
2025-12-24 08:09:00,7059.555242,7.059555242,7180.778850,-58.003840,-63.219768,729641,768000,0.950053385,0,2025-12-24 08:09:00.000000,2025-12-24 08:09:59.999922,2,BAY01_0225_20251224_075905_000.7z;BAY01_0226_20251224_080908_000.7z
2025-12-24 08:10:00,7078.338904,7.078338904,7202.039306,-59.241000,-64.459402,768000,768000,1.000000000,1,2025-12-24 08:10:00.000000,2025-12-24 08:10:59.999922,1,BAY01_0226_20251224_080908_000.7z
2025-12-24 08:11:00,7113.183538,7.113183538,7216.390138,-48.943828,-54.262772,768000,768000,1.000000000,1,2025-12-24 08:11:00.000000,2025-12-24 08:11:59.999922,1,BAY01_0226_20251224_080908_000.7z
2025-12-24 08:12:00,7137.599862,7.137599862,7240.661214,-48.850133,-54.211219,768000,768000,1.000000000,1,2025-12-24 08:12:00.000000,2025-12-24 08:12:59.999922,1,BAY01_0226_20251224_080908_000.7z
2025-12-24 08:13:00,7243.133805,7.243133805,7346.198064,-48.838310,-54.225950,768000,768000,1.000000000,1,2025-12-24 08:13:00.000000,2025-12-24 08:13:59.999922,1,BAY01_0226_20251224_080908_000.7z
2025-12-24 08:14:00,7239.768209,7.239768209,7343.001769,-48.937550,-54.296011,768000,768000,1.000000000,1,2025-12-24 08:14:00.000000,2025-12-24 08:14:59.999922,1,BAY01_0226_20251224_080908_000.7z
2025-12-24 08:15:00,7231.680917,7.231680917,7337.465644,-50.271041,-55.513686,768000,768000,1.000000000,1,2025-12-24 08:15:00.000000,2025-12-24 08:15:59.999922,1,BAY01_0226_20251224_080908_000.7z
2025-12-24 08:16:00,7232.601359,7.232601359,7336.297400,-49.205909,-54.490131,768000,768000,1.000000000,1,2025-12-24 08:16:00.000000,2025-12-24 08:16:59.999922,1,BAY01_0226_20251224_080908_000.7z
2025-12-24 08:17:00,7235.536529,7.235536529,7338.891416,-49.065952,-54.288936,768000,768000,1.000000000,1,2025-12-24 08:17:00.000000,2025-12-24 08:17:59.999922,1,BAY01_0226_20251224_080908_000.7z
2025-12-24 08:18:00,7224.027998,7.224027998,7327.571510,-49.166305,-54.377207,768000,768000,1.000000000,1,2025-12-24 08:18:00.000000,2025-12-24 08:18:59.999922,1,BAY01_0226_20251224_080908_000.7z
2025-12-24 08:19:00,7213.207308,7.213207308,7333.528123,-57.543861,-62.776954,716816,768000,0.933354167,0,2025-12-24 08:19:00.000000,2025-12-24 08:19:59.999922,2,BAY01_0226_20251224_080908_000.7z;BAY01_0227_20251224_081912_000.7z
2025-12-24 08:20:00,7179.992715,7.179992715,7303.415570,-59.116371,-64.306484,768000,768000,1.000000000,1,2025-12-24 08:20:00.000000,2025-12-24 08:20:59.999922,1,BAY01_0227_20251224_081912_000.7z
2025-12-24 08:21:00,7211.199095,7.211199095,7316.022402,-49.753307,-55.070001,768000,768000,1.000000000,1,2025-12-24 08:21:00.000000,2025-12-24 08:21:59.999922,1,BAY01_0227_20251224_081912_000.7z
2025-12-24 08:22:00,7206.024865,7.206024865,7309.426227,-49.044587,-54.356775,768000,768000,1.000000000,1,2025-12-24 08:22:00.000000,2025-12-24 08:22:59.999922,1,BAY01_0227_20251224_081912_000.7z
2025-12-24 08:23:00,7196.267414,7.196267414,7299.427486,-48.952647,-54.207424,768000,768000,1.000000000,1,2025-12-24 08:23:00.000000,2025-12-24 08:23:59.999922,1,BAY01_0227_20251224_081912_000.7z
2025-12-24 08:24:00,7194.807648,7.194807648,7299.069127,-49.478688,-54.782791,768000,768000,1.000000000,1,2025-12-24 08:24:00.000000,2025-12-24 08:24:59.999922,1,BAY01_0227_20251224_081912_000.7z
2025-12-24 08:25:00,7181.913151,7.181913151,7287.739157,-50.262732,-55.563275,768000,768000,1.000000000,1,2025-12-24 08:25:00.000000,2025-12-24 08:25:59.999922,1,BAY01_0227_20251224_081912_000.7z
2025-12-24 08:26:00,7182.171260,7.182171260,7286.038261,-49.332060,-54.534941,768000,768000,1.000000000,1,2025-12-24 08:26:00.000000,2025-12-24 08:26:59.999922,1,BAY01_0227_20251224_081912_000.7z
2025-12-24 08:27:00,7174.852219,7.174852219,7278.220754,-49.063056,-54.305479,768000,768000,1.000000000,1,2025-12-24 08:27:00.000000,2025-12-24 08:27:59.999922,1,BAY01_0227_20251224_081912_000.7z
2025-12-24 08:28:00,7162.580714,7.162580714,7265.946876,-49.029142,-54.337020,768000,768000,1.000000000,1,2025-12-24 08:28:00.000000,2025-12-24 08:28:59.999922,1,BAY01_0227_20251224_081912_000.7z
2025-12-24 08:29:00,7147.427914,7.147427914,7265.433686,-56.342757,-61.663015,704109,768000,0.916808594,0,2025-12-24 08:29:00.000000,2025-12-24 08:29:59.999922,2,BAY01_0227_20251224_081912_000.7z;BAY01_0228_20251224_082917_000.7z
2025-12-24 08:30:00,7148.549701,7.148549701,7272.802776,-59.509246,-64.743830,768000,768000,1.000000000,1,2025-12-24 08:30:00.000000,2025-12-24 08:30:59.999922,1,BAY01_0228_20251224_082917_000.7z
2025-12-24 08:31:00,7158.211225,7.158211225,7264.759459,-50.624339,-55.923895,768000,768000,1.000000000,1,2025-12-24 08:31:00.000000,2025-12-24 08:31:59.999922,1,BAY01_0228_20251224_082917_000.7z
2025-12-24 08:32:00,7141.373626,7.141373626,7244.713178,-49.073555,-54.265996,768000,768000,1.000000000,1,2025-12-24 08:32:00.000000,2025-12-24 08:32:59.999922,1,BAY01_0228_20251224_082917_000.7z
2025-12-24 08:33:00,7149.377884,7.149377884,7252.905194,-49.166824,-54.360486,768000,768000,1.000000000,1,2025-12-24 08:33:00.000000,2025-12-24 08:33:59.999922,1,BAY01_0228_20251224_082917_000.7z
2025-12-24 08:34:00,7145.993897,7.145993897,7249.592551,-49.185000,-54.413654,768000,768000,1.000000000,1,2025-12-24 08:34:00.000000,2025-12-24 08:34:59.999922,1,BAY01_0228_20251224_082917_000.7z
2025-12-24 08:35:00,7153.932053,7.153932053,7259.001363,-49.885128,-55.184182,768000,768000,1.000000000,1,2025-12-24 08:35:00.000000,2025-12-24 08:35:59.999922,1,BAY01_0228_20251224_082917_000.7z
2025-12-24 08:36:00,7141.098207,7.141098207,7244.917802,-49.211974,-54.607622,768000,768000,1.000000000,1,2025-12-24 08:36:00.000000,2025-12-24 08:36:59.999922,1,BAY01_0228_20251224_082917_000.7z
2025-12-24 08:37:00,7149.877919,7.149877919,7253.797493,-49.288605,-54.630969,768000,768000,1.000000000,1,2025-12-24 08:37:00.000000,2025-12-24 08:37:59.999922,1,BAY01_0228_20251224_082917_000.7z
2025-12-24 08:38:00,7151.473375,7.151473375,7255.721309,-49.429687,-54.818247,768000,768000,1.000000000,1,2025-12-24 08:38:00.000000,2025-12-24 08:38:59.999922,1,BAY01_0228_20251224_082917_000.7z
2025-12-24 08:39:00,7140.194314,7.140194314,7256.882738,-55.692450,-60.995974,716939,768000,0.933514323,0,2025-12-24 08:39:00.000000,2025-12-24 08:39:59.999922,2,BAY01_0228_20251224_082917_000.7z;BAY01_0229_20251224_083921_000.7z
2025-12-24 08:40:00,7122.054483,7.122054483,7246.045212,-59.351012,-64.639717,768000,768000,1.000000000,1,2025-12-24 08:40:00.000000,2025-12-24 08:40:59.999922,1,BAY01_0229_20251224_083921_000.7z
2025-12-24 08:41:00,7135.917622,7.135917622,7243.909170,-51.408230,-56.583318,768000,768000,1.000000000,1,2025-12-24 08:41:00.000000,2025-12-24 08:41:59.999922,1,BAY01_0229_20251224_083921_000.7z
2025-12-24 08:42:00,7125.617978,7.125617978,7230.267219,-49.715933,-54.933307,768000,768000,1.000000000,1,2025-12-24 08:42:00.000000,2025-12-24 08:42:59.999922,1,BAY01_0229_20251224_083921_000.7z
2025-12-24 08:43:00,7121.297133,7.121297133,7225.824831,-49.691440,-54.836258,768000,768000,1.000000000,1,2025-12-24 08:43:00.000000,2025-12-24 08:43:59.999922,1,BAY01_0229_20251224_083921_000.7z
2025-12-24 08:44:00,7119.717958,7.119717958,7223.536156,-49.286001,-54.532197,768000,768000,1.000000000,1,2025-12-24 08:44:00.000000,2025-12-24 08:44:59.999922,1,BAY01_0229_20251224_083921_000.7z
2025-12-24 08:45:00,7120.639755,7.120639755,7225.380622,-49.740117,-55.000750,768000,768000,1.000000000,1,2025-12-24 08:45:00.000000,2025-12-24 08:45:59.999922,1,BAY01_0229_20251224_083921_000.7z
2025-12-24 08:46:00,7102.267898,7.102267898,7206.252523,-49.378042,-54.606584,768000,768000,1.000000000,1,2025-12-24 08:46:00.000000,2025-12-24 08:46:59.999922,1,BAY01_0229_20251224_083921_000.7z
2025-12-24 08:47:00,7110.073925,7.110073925,7214.024972,-49.356773,-54.594275,768000,768000,1.000000000,1,2025-12-24 08:47:00.000000,2025-12-24 08:47:59.999922,1,BAY01_0229_20251224_083921_000.7z
2025-12-24 08:48:00,7107.869731,7.107869731,7211.691475,-49.255428,-54.566315,768000,768000,1.000000000,1,2025-12-24 08:48:00.000000,2025-12-24 08:48:59.999922,1,BAY01_0229_20251224_083921_000.7z
2025-12-24 08:49:00,7104.669230,7.104669230,7220.332745,-55.193905,-60.469611,704116,768000,0.916817708,0,2025-12-24 08:49:00.000000,2025-12-24 08:49:59.999922,2,BAY01_0229_20251224_083921_000.7z;BAY01_0230_20251224_084926_000.7z
2025-12-24 08:50:00,7108.125012,7.108125012,7232.700879,-59.682133,-64.893734,768000,768000,1.000000000,1,2025-12-24 08:50:00.000000,2025-12-24 08:50:59.999922,1,BAY01_0230_20251224_084926_000.7z
2025-12-24 08:51:00,7055.608828,7.055608828,7165.807498,-52.471124,-57.727546,768000,768000,1.000000000,1,2025-12-24 08:51:00.000000,2025-12-24 08:51:59.999922,1,BAY01_0230_20251224_084926_000.7z
2025-12-24 08:52:00,7047.449316,7.047449316,7151.382522,-49.333686,-54.599520,768000,768000,1.000000000,1,2025-12-24 08:52:00.000000,2025-12-24 08:52:59.999922,1,BAY01_0230_20251224_084926_000.7z
2025-12-24 08:53:00,7051.714456,7.051714456,7156.515742,-49.783775,-55.017511,768000,768000,1.000000000,1,2025-12-24 08:53:00.000000,2025-12-24 08:53:59.999922,1,BAY01_0230_20251224_084926_000.7z
2025-12-24 08:54:00,7060.874924,7.060874924,7169.316074,-51.606359,-56.834792,768000,768000,1.000000000,1,2025-12-24 08:54:00.000000,2025-12-24 08:54:59.999922,1,BAY01_0230_20251224_084926_000.7z
2025-12-24 08:55:00,7075.080359,7.075080359,7180.830384,-50.222265,-55.527759,768000,768000,1.000000000,1,2025-12-24 08:55:00.000000,2025-12-24 08:55:59.999922,1,BAY01_0230_20251224_084926_000.7z
2025-12-24 08:56:00,7078.683742,7.078683742,7183.814690,-49.918211,-55.212736,768000,768000,1.000000000,1,2025-12-24 08:56:00.000000,2025-12-24 08:56:59.999922,1,BAY01_0230_20251224_084926_000.7z
2025-12-24 08:57:00,7091.717719,7.091717719,7197.337307,-50.172313,-55.447275,768000,768000,1.000000000,1,2025-12-24 08:57:00.000000,2025-12-24 08:57:59.999922,1,BAY01_0230_20251224_084926_000.7z
2025-12-24 08:58:00,7103.394369,7.103394369,7208.245624,-49.776352,-55.074903,768000,768000,1.000000000,1,2025-12-24 08:58:00.000000,2025-12-24 08:58:59.999922,1,BAY01_0230_20251224_084926_000.7z
2025-12-24 08:59:00,7091.510814,7.091510814,7207.298917,-55.280215,-60.507888,716819,768000,0.933358073,0,2025-12-24 08:59:00.000000,2025-12-24 08:59:59.999922,2,BAY01_0230_20251224_084926_000.7z;BAY01_0231_20251224_085930_000.7z
2025-12-24 09:00:00,7082.221878,7.082221878,7210.821387,-61.722097,-66.877412,768000,768000,1.000000000,1,2025-12-24 09:00:00.000000,2025-12-24 09:00:59.999922,1,BAY01_0231_20251224_085930_000.7z
2025-12-24 09:01:00,6975.112400,6.975112400,7087.889214,-53.801803,-58.975011,768000,768000,1.000000000,1,2025-12-24 09:01:00.000000,2025-12-24 09:01:59.999922,1,BAY01_0231_20251224_085930_000.7z
2025-12-24 09:02:00,6569.306899,6.569306899,6674.862536,-50.184017,-55.371619,768000,768000,1.000000000,1,2025-12-24 09:02:00.000000,2025-12-24 09:02:59.999922,1,BAY01_0231_20251224_085930_000.7z
2025-12-24 09:03:00,6189.894620,6.189894620,6295.195261,-50.045206,-55.255435,768000,768000,1.000000000,1,2025-12-24 09:03:00.000000,2025-12-24 09:03:59.999922,1,BAY01_0231_20251224_085930_000.7z
2025-12-24 09:04:00,5817.166582,5.817166582,5922.348658,-49.985706,-55.196370,768000,768000,1.000000000,1,2025-12-24 09:04:00.000000,2025-12-24 09:04:59.999922,1,BAY01_0231_20251224_085930_000.7z
2025-12-24 09:05:00,5711.449757,5.711449757,5819.085272,-51.197730,-56.437785,768000,768000,1.000000000,1,2025-12-24 09:05:00.000000,2025-12-24 09:05:59.999922,1,BAY01_0231_20251224_085930_000.7z
2025-12-24 09:06:00,5723.683936,5.723683936,5828.919473,-49.941245,-55.294293,768000,768000,1.000000000,1,2025-12-24 09:06:00.000000,2025-12-24 09:06:59.999922,1,BAY01_0231_20251224_085930_000.7z
2025-12-24 09:07:00,5745.661715,5.745661715,5850.785640,-49.886566,-55.237358,768000,768000,1.000000000,1,2025-12-24 09:07:00.000000,2025-12-24 09:07:59.999922,1,BAY01_0231_20251224_085930_000.7z
2025-12-24 09:08:00,5748.662387,5.748662387,5853.840261,-49.899788,-55.278086,768000,768000,1.000000000,1,2025-12-24 09:08:00.000000,2025-12-24 09:08:59.999922,1,BAY01_0231_20251224_085930_000.7z
2025-12-24 09:09:00,6677.230189,6.677230189,6791.818767,-54.670959,-59.917619,729658,768000,0.950075521,0,2025-12-24 09:09:00.000000,2025-12-24 09:09:59.999922,2,BAY01_0231_20251224_085930_000.7z;BAY01_0232_20251224_090933_000.7z
2025-12-24 09:10:00,7180.721675,7.180721675,7306.795130,-60.467506,-65.605949,768000,768000,1.000000000,1,2025-12-24 09:10:00.000000,2025-12-24 09:10:59.999922,1,BAY01_0232_20251224_090933_000.7z
2025-12-24 09:11:00,7186.875792,7.186875792,7300.736755,-54.346355,-59.514608,768000,768000,1.000000000,1,2025-12-24 09:11:00.000000,2025-12-24 09:11:59.999922,1,BAY01_0232_20251224_090933_000.7z
2025-12-24 09:12:00,7196.498493,7.196498493,7301.688062,-49.916605,-55.272965,768000,768000,1.000000000,1,2025-12-24 09:12:00.000000,2025-12-24 09:12:59.999922,1,BAY01_0232_20251224_090933_000.7z
2025-12-24 09:13:00,7203.081332,7.203081332,7308.427015,-50.019386,-55.326297,768000,768000,1.000000000,1,2025-12-24 09:13:00.000000,2025-12-24 09:13:59.999922,1,BAY01_0232_20251224_090933_000.7z
2025-12-24 09:14:00,7199.949638,7.199949638,7305.235439,-49.989880,-55.295922,768000,768000,1.000000000,1,2025-12-24 09:14:00.000000,2025-12-24 09:14:59.999922,1,BAY01_0232_20251224_090933_000.7z
2025-12-24 09:15:00,7198.626659,7.198626659,7307.390413,-51.699140,-57.064615,768000,768000,1.000000000,1,2025-12-24 09:15:00.000000,2025-12-24 09:15:59.999922,1,BAY01_0232_20251224_090933_000.7z
2025-12-24 09:16:00,7207.139872,7.207139872,7312.886234,-50.209145,-55.537217,768000,768000,1.000000000,1,2025-12-24 09:16:00.000000,2025-12-24 09:16:59.999922,1,BAY01_0232_20251224_090933_000.7z
2025-12-24 09:17:00,7215.977888,7.215977888,7321.478717,-50.093740,-55.407090,768000,768000,1.000000000,1,2025-12-24 09:17:00.000000,2025-12-24 09:17:59.999922,1,BAY01_0232_20251224_090933_000.7z
2025-12-24 09:18:00,7212.388810,7.212388810,7317.645275,-50.001404,-55.255061,768000,768000,1.000000000,1,2025-12-24 09:18:00.000000,2025-12-24 09:18:59.999922,1,BAY01_0232_20251224_090933_000.7z
2025-12-24 09:19:00,7209.211636,7.209211636,7322.714864,-54.105587,-59.397641,729740,768000,0.950182292,0,2025-12-24 09:19:00.000000,2025-12-24 09:19:59.999922,2,BAY01_0232_20251224_090933_000.7z;BAY01_0233_20251224_091936_000.7z
2025-12-24 09:20:00,7192.258938,7.192258938,7317.747522,-60.080420,-65.408164,768000,768000,1.000000000,1,2025-12-24 09:20:00.000000,2025-12-24 09:20:59.999922,1,BAY01_0233_20251224_091936_000.7z
2025-12-24 09:21:00,7200.581583,7.200581583,7315.704730,-54.923083,-60.200065,768000,768000,1.000000000,1,2025-12-24 09:21:00.000000,2025-12-24 09:21:59.999922,1,BAY01_0233_20251224_091936_000.7z
2025-12-24 09:22:00,7208.176549,7.208176549,7313.435356,-49.967834,-55.290973,768000,768000,1.000000000,1,2025-12-24 09:22:00.000000,2025-12-24 09:22:59.999922,1,BAY01_0233_20251224_091936_000.7z
2025-12-24 09:23:00,7045.100510,7.045100510,7150.367299,-49.975723,-55.291066,768000,768000,1.000000000,1,2025-12-24 09:23:00.000000,2025-12-24 09:23:59.999922,1,BAY01_0233_20251224_091936_000.7z
2025-12-24 09:24:00,6600.489096,6.600489096,6708.941748,-51.585567,-56.867085,768000,768000,1.000000000,1,2025-12-24 09:24:00.000000,2025-12-24 09:24:59.999922,1,BAY01_0233_20251224_091936_000.7z
2025-12-24 09:25:00,6607.394653,6.607394653,6715.998583,-51.661773,-56.942157,768000,768000,1.000000000,1,2025-12-24 09:25:00.000000,2025-12-24 09:25:59.999922,1,BAY01_0233_20251224_091936_000.7z
2025-12-24 09:26:00,6612.349113,6.612349113,6717.546246,-49.891828,-55.305304,768000,768000,1.000000000,1,2025-12-24 09:26:00.000000,2025-12-24 09:26:59.999922,1,BAY01_0233_20251224_091936_000.7z
2025-12-24 09:27:00,6612.236191,6.612236191,6717.472776,-49.931333,-55.305252,768000,768000,1.000000000,1,2025-12-24 09:27:00.000000,2025-12-24 09:27:59.999922,1,BAY01_0233_20251224_091936_000.7z
2025-12-24 09:28:00,6631.391255,6.631391255,6736.577258,-49.937729,-55.248274,768000,768000,1.000000000,1,2025-12-24 09:28:00.000000,2025-12-24 09:28:59.999922,1,BAY01_0233_20251224_091936_000.7z
2025-12-24 09:29:00,6628.653431,6.628653431,6740.470588,-53.272181,-58.544977,704089,768000,0.916782552,0,2025-12-24 09:29:00.000000,2025-12-24 09:29:59.999922,2,BAY01_0233_20251224_091936_000.7z;BAY01_0234_20251224_092941_000.7z
2025-12-24 09:30:00,6627.221540,6.627221540,6753.118123,-60.353444,-65.543139,768000,768000,1.000000000,1,2025-12-24 09:30:00.000000,2025-12-24 09:30:59.999922,1,BAY01_0234_20251224_092941_000.7z
2025-12-24 09:31:00,6651.432541,6.651432541,6768.253984,-55.809024,-61.012419,768000,768000,1.000000000,1,2025-12-24 09:31:00.000000,2025-12-24 09:31:59.999922,1,BAY01_0234_20251224_092941_000.7z
2025-12-24 09:32:00,6659.799229,6.659799229,6764.978644,-49.976353,-55.203062,768000,768000,1.000000000,1,2025-12-24 09:32:00.000000,2025-12-24 09:32:59.999922,1,BAY01_0234_20251224_092941_000.7z
2025-12-24 09:33:00,6670.698474,6.670698474,6775.948858,-49.968675,-55.281710,768000,768000,1.000000000,1,2025-12-24 09:33:00.000000,2025-12-24 09:33:59.999922,1,BAY01_0234_20251224_092941_000.7z
2025-12-24 09:34:00,6685.184879,6.685184879,6790.424439,-49.985701,-55.253859,768000,768000,1.000000000,1,2025-12-24 09:34:00.000000,2025-12-24 09:34:59.999922,1,BAY01_0234_20251224_092941_000.7z
2025-12-24 09:35:00,6696.285236,6.696285236,6804.320292,-51.426691,-56.608365,768000,768000,1.000000000,1,2025-12-24 09:35:00.000000,2025-12-24 09:35:59.999922,1,BAY01_0234_20251224_092941_000.7z
2025-12-24 09:36:00,6630.083373,6.630083373,6735.609393,-50.157838,-55.368182,768000,768000,1.000000000,1,2025-12-24 09:36:00.000000,2025-12-24 09:36:59.999922,1,BAY01_0234_20251224_092941_000.7z
2025-12-24 09:37:00,6426.773925,6.426773925,6532.195360,-50.072013,-55.349422,768000,768000,1.000000000,1,2025-12-24 09:37:00.000000,2025-12-24 09:37:59.999922,1,BAY01_0234_20251224_092941_000.7z
2025-12-24 09:38:00,6298.266167,6.298266167,6403.546779,-49.962762,-55.317850,768000,768000,1.000000000,1,2025-12-24 09:38:00.000000,2025-12-24 09:38:59.999922,1,BAY01_0234_20251224_092941_000.7z
2025-12-24 09:39:00,6288.501019,6.288501019,6399.255598,-52.748245,-58.006334,704029,768000,0.916704427,0,2025-12-24 09:39:00.000000,2025-12-24 09:39:59.999922,2,BAY01_0234_20251224_092941_000.7z;BAY01_0235_20251224_093946_000.7z
2025-12-24 09:40:00,6267.077884,6.267077884,6392.931294,-60.360461,-65.492949,768000,768000,1.000000000,1,2025-12-24 09:40:00.000000,2025-12-24 09:40:59.999922,1,BAY01_0235_20251224_093946_000.7z
2025-12-24 09:41:00,6070.891297,6.070891297,6189.626972,-56.788155,-61.947520,768000,768000,1.000000000,1,2025-12-24 09:41:00.000000,2025-12-24 09:41:59.999922,1,BAY01_0235_20251224_093946_000.7z
2025-12-24 09:42:00,5683.334624,5.683334624,5788.698368,-50.090486,-55.273258,768000,768000,1.000000000,1,2025-12-24 09:42:00.000000,2025-12-24 09:42:59.999922,1,BAY01_0235_20251224_093946_000.7z
2025-12-24 09:43:00,5683.878418,5.683878418,5789.316853,-50.114636,-55.323799,768000,768000,1.000000000,1,2025-12-24 09:43:00.000000,2025-12-24 09:43:59.999922,1,BAY01_0235_20251224_093946_000.7z
2025-12-24 09:44:00,2442.082016,2.442082016,2547.522605,-50.114138,-55.326452,768000,768000,1.000000000,1,2025-12-24 09:44:00.000000,2025-12-24 09:44:59.999922,1,BAY01_0235_20251224_093946_000.7z
2025-12-24 09:45:00,-104.315260,-0.104315260,4.581415,-51.848145,-57.048531,768000,768000,1.000000000,1,2025-12-24 09:45:00.000000,2025-12-24 09:45:59.999922,1,BAY01_0235_20251224_093946_000.7z
2025-12-24 09:46:00,-100.980277,-0.100980277,4.504928,-50.099115,-55.386090,768000,768000,1.000000000,1,2025-12-24 09:46:00.000000,2025-12-24 09:46:59.999922,1,BAY01_0235_20251224_093946_000.7z
2025-12-24 09:47:00,-100.760426,-0.100760426,4.614914,-50.087990,-55.287350,768000,768000,1.000000000,1,2025-12-24 09:47:00.000000,2025-12-24 09:47:59.999922,1,BAY01_0235_20251224_093946_000.7z
2025-12-24 09:48:00,-100.760307,-0.100760307,4.622488,-50.103752,-55.279043,768000,768000,1.000000000,1,2025-12-24 09:48:00.000000,2025-12-24 09:48:59.999922,1,BAY01_0235_20251224_093946_000.7z
2025-12-24 09:49:00,-104.011450,-0.104011450,4.562167,-51.695616,-56.878000,691244,768000,0.900057292,0,2025-12-24 09:49:00.000000,2025-12-24 09:49:59.999922,2,BAY01_0235_20251224_093946_000.7z;BAY01_0236_20251224_094952_000.7z
2025-12-24 09:50:00,-121.073892,-0.121073892,4.547269,-60.199649,-65.421512,768000,768000,1.000000000,1,2025-12-24 09:50:00.000000,2025-12-24 09:50:59.999922,1,BAY01_0236_20251224_094952_000.7z
2025-12-24 09:51:00,-114.527097,-0.114527097,4.007999,-56.616481,-61.918615,768000,768000,1.000000000,1,2025-12-24 09:51:00.000000,2025-12-24 09:51:59.999922,1,BAY01_0236_20251224_094952_000.7z
2025-12-24 09:52:00,-101.236080,-0.101236080,4.027689,-49.933813,-55.329955,768000,768000,1.000000000,1,2025-12-24 09:52:00.000000,2025-12-24 09:52:59.999922,1,BAY01_0236_20251224_094952_000.7z
2025-12-24 09:53:00,-101.400734,-0.101400734,4.041490,-50.004020,-55.438204,768000,768000,1.000000000,1,2025-12-24 09:53:00.000000,2025-12-24 09:53:59.999922,1,BAY01_0236_20251224_094952_000.7z
2025-12-24 09:54:00,-105.054360,-0.105054360,4.078237,-51.890348,-57.242249,768000,768000,1.000000000,1,2025-12-24 09:54:00.000000,2025-12-24 09:54:59.999922,1,BAY01_0236_20251224_094952_000.7z
2025-12-24 09:55:00,-104.887095,-0.104887095,3.935967,-51.733833,-57.089230,768000,768000,1.000000000,1,2025-12-24 09:55:00.000000,2025-12-24 09:55:59.999922,1,BAY01_0236_20251224_094952_000.7z
2025-12-24 09:56:00,-101.703360,-0.101703360,3.546273,-49.939705,-55.309927,768000,768000,1.000000000,1,2025-12-24 09:56:00.000000,2025-12-24 09:56:59.999922,1,BAY01_0236_20251224_094952_000.7z
2025-12-24 09:57:00,-101.870503,-0.101870503,3.508416,-49.990964,-55.387955,768000,768000,1.000000000,1,2025-12-24 09:57:00.000000,2025-12-24 09:57:59.999922,1,BAY01_0236_20251224_094952_000.7z
2025-12-24 09:58:00,-101.708893,-0.101708893,3.542974,-49.938885,-55.312982,768000,768000,1.000000000,1,2025-12-24 09:58:00.000000,2025-12-24 09:58:59.999922,1,BAY01_0236_20251224_094952_000.7z
2025-12-24 09:59:00,-103.212023,-0.103212023,3.534926,-50.685978,-56.060970,716921,768000,0.933490885,0,2025-12-24 09:59:00.000000,2025-12-24 09:59:59.999922,2,BAY01_0236_20251224_094952_000.7z;BAY01_0237_20251224_095956_000.7z
2025-12-24 10:00:00,-121.581332,-0.121581332,3.586410,-60.006063,-65.161679,768000,768000,1.000000000,1,2025-12-24 10:00:00.000000,2025-12-24 10:00:59.999922,1,BAY01_0237_20251224_095956_000.7z
2025-12-24 10:01:00,-115.566095,-0.115566095,3.535214,-56.911905,-62.189404,768000,768000,1.000000000,1,2025-12-24 10:01:00.000000,2025-12-24 10:01:59.999922,1,BAY01_0237_20251224_095956_000.7z
2025-12-24 10:02:00,-101.772626,-0.101772626,3.618412,-50.033910,-55.357129,768000,768000,1.000000000,1,2025-12-24 10:02:00.000000,2025-12-24 10:02:59.999922,1,BAY01_0237_20251224_095956_000.7z
2025-12-24 10:03:00,-101.838165,-0.101838165,3.623185,-50.073082,-55.388268,768000,768000,1.000000000,1,2025-12-24 10:03:00.000000,2025-12-24 10:03:59.999922,1,BAY01_0237_20251224_095956_000.7z
2025-12-24 10:04:00,-101.597109,-0.101597109,3.612928,-49.905759,-55.304277,768000,768000,1.000000000,1,2025-12-24 10:04:00.000000,2025-12-24 10:04:59.999922,1,BAY01_0237_20251224_095956_000.7z
2025-12-24 10:05:00,-105.238317,-0.105238317,3.578914,-51.735438,-57.081793,768000,768000,1.000000000,1,2025-12-24 10:05:00.000000,2025-12-24 10:05:59.999922,1,BAY01_0237_20251224_095956_000.7z
2025-12-24 10:06:00,-102.052329,-0.102052329,3.594227,-50.108220,-55.538336,768000,768000,1.000000000,1,2025-12-24 10:06:00.000000,2025-12-24 10:06:59.999922,1,BAY01_0237_20251224_095956_000.7z
2025-12-24 10:07:00,-102.057002,-0.102057002,3.514759,-50.072559,-55.499202,768000,768000,1.000000000,1,2025-12-24 10:07:00.000000,2025-12-24 10:07:59.999922,1,BAY01_0237_20251224_095956_000.7z
2025-12-24 10:08:00,-101.901634,-0.101901634,3.596263,-50.035900,-55.461996,768000,768000,1.000000000,1,2025-12-24 10:08:00.000000,2025-12-24 10:08:59.999922,1,BAY01_0237_20251224_095956_000.7z
2025-12-24 10:09:00,-102.204505,-0.102204505,3.596899,-50.183639,-55.617766,716875,768000,0.933430990,0,2025-12-24 10:09:00.000000,2025-12-24 10:09:56.005781,1,BAY01_0237_20251224_095956_000.7z
2025-12-24 10:10:00,-121.577928,-0.121577928,3.544772,-59.897810,-65.224891,755200,768000,0.983333333,0,2025-12-24 10:10:01.000000,2025-12-24 10:10:59.999922,1,BAY01_0238_20251224_101001_000.7z
2025-12-24 10:11:00,-116.260090,-0.116260090,3.503794,-57.196056,-62.567829,768000,768000,1.000000000,1,2025-12-24 10:11:00.000000,2025-12-24 10:11:59.999922,1,BAY01_0238_20251224_101001_000.7z
2025-12-24 10:12:00,-101.840178,-0.101840178,3.489645,-49.975548,-55.354276,768000,768000,1.000000000,1,2025-12-24 10:12:00.000000,2025-12-24 10:12:59.999922,1,BAY01_0238_20251224_101001_000.7z
2025-12-24 10:13:00,-101.843058,-0.101843058,3.450043,-49.935921,-55.357181,768000,768000,1.000000000,1,2025-12-24 10:13:00.000000,2025-12-24 10:13:59.999922,1,BAY01_0238_20251224_101001_000.7z
2025-12-24 10:14:00,-102.263650,-0.102263650,3.674241,-50.282229,-55.655662,768000,768000,1.000000000,1,2025-12-24 10:14:00.000000,2025-12-24 10:14:59.999922,1,BAY01_0238_20251224_101001_000.7z
2025-12-24 10:15:00,-105.377168,-0.105377168,3.565240,-51.777960,-57.164449,768000,768000,1.000000000,1,2025-12-24 10:15:00.000000,2025-12-24 10:15:59.999922,1,BAY01_0238_20251224_101001_000.7z
2025-12-24 10:16:00,-101.987464,-0.101987464,3.553530,-50.047548,-55.493446,768000,768000,1.000000000,1,2025-12-24 10:16:00.000000,2025-12-24 10:16:59.999922,1,BAY01_0238_20251224_101001_000.7z
2025-12-24 10:17:00,-101.942467,-0.101942467,3.493755,-50.040656,-55.395566,768000,768000,1.000000000,1,2025-12-24 10:17:00.000000,2025-12-24 10:17:59.999922,1,BAY01_0238_20251224_101001_000.7z
2025-12-24 10:18:00,-101.854661,-0.101854661,3.593688,-50.087630,-55.360719,768000,768000,1.000000000,1,2025-12-24 10:18:00.000000,2025-12-24 10:18:59.999922,1,BAY01_0238_20251224_101001_000.7z
2025-12-24 10:19:00,-101.720555,-0.101720555,3.553814,-50.012128,-55.262242,768000,768000,1.000000000,1,2025-12-24 10:19:00.000000,2025-12-24 10:19:59.999922,1,BAY01_0238_20251224_101001_000.7z
2025-12-24 10:20:00,-121.242358,-0.121242358,3.463179,-59.813896,-64.891642,716894,768000,0.933455729,0,2025-12-24 10:20:00.000000,2025-12-24 10:20:59.999922,2,BAY01_0238_20251224_101001_000.7z;BAY01_0239_20251224_102005_000.7z
2025-12-24 10:21:00,-118.404079,-0.118404079,3.546610,-58.391807,-63.558882,768000,768000,1.000000000,1,2025-12-24 10:21:00.000000,2025-12-24 10:21:59.999922,1,BAY01_0239_20251224_102005_000.7z
2025-12-24 10:22:00,-101.774697,-0.101774697,3.559860,-50.053240,-55.281317,768000,768000,1.000000000,1,2025-12-24 10:22:00.000000,2025-12-24 10:22:59.999922,1,BAY01_0239_20251224_102005_000.7z
2025-12-24 10:23:00,-101.511494,-0.101511494,3.544208,-49.887604,-55.168098,768000,768000,1.000000000,1,2025-12-24 10:23:00.000000,2025-12-24 10:23:59.999922,1,BAY01_0239_20251224_102005_000.7z
2025-12-24 10:24:00,-101.548670,-0.101548670,3.622214,-49.939876,-55.231008,768000,768000,1.000000000,1,2025-12-24 10:24:00.000000,2025-12-24 10:24:59.999922,1,BAY01_0239_20251224_102005_000.7z
2025-12-24 10:25:00,-105.409977,-0.105409977,3.669140,-51.833947,-57.245170,768000,768000,1.000000000,1,2025-12-24 10:25:00.000000,2025-12-24 10:25:59.999922,1,BAY01_0239_20251224_102005_000.7z
2025-12-24 10:26:00,-101.734390,-0.101734390,3.534005,-49.977669,-55.290726,768000,768000,1.000000000,1,2025-12-24 10:26:00.000000,2025-12-24 10:26:59.999922,1,BAY01_0239_20251224_102005_000.7z
2025-12-24 10:27:00,-101.773063,-0.101773063,3.474487,-49.982883,-55.264667,768000,768000,1.000000000,1,2025-12-24 10:27:00.000000,2025-12-24 10:27:59.999922,1,BAY01_0239_20251224_102005_000.7z
2025-12-24 10:28:00,-102.104822,-0.102104822,3.577340,-50.174071,-55.508091,768000,768000,1.000000000,1,2025-12-24 10:28:00.000000,2025-12-24 10:28:59.999922,1,BAY01_0239_20251224_102005_000.7z
2025-12-24 10:29:00,-101.880080,-0.101880080,3.555248,-50.090335,-55.344993,768000,768000,1.000000000,1,2025-12-24 10:29:00.000000,2025-12-24 10:29:59.999922,1,BAY01_0239_20251224_102005_000.7z
2025-12-24 10:30:00,-119.536366,-0.119536366,3.531907,-58.972436,-64.095838,716866,768000,0.933419271,0,2025-12-24 10:30:00.000000,2025-12-24 10:30:59.999922,2,BAY01_0239_20251224_102005_000.7z;BAY01_0240_20251224_103009_000.7z
2025-12-24 10:31:00,-119.078315,-0.119078315,3.560109,-58.736783,-63.901642,768000,768000,1.000000000,1,2025-12-24 10:31:00.000000,2025-12-24 10:31:59.999922,1,BAY01_0240_20251224_103009_000.7z
2025-12-24 10:32:00,-101.556292,-0.101556292,3.573558,-49.921776,-55.208074,768000,768000,1.000000000,1,2025-12-24 10:32:00.000000,2025-12-24 10:32:59.999922,1,BAY01_0240_20251224_103009_000.7z
2025-12-24 10:33:00,-101.638638,-0.101638638,3.565907,-49.959099,-55.245446,768000,768000,1.000000000,1,2025-12-24 10:33:00.000000,2025-12-24 10:33:59.999922,1,BAY01_0240_20251224_103009_000.7z
2025-12-24 10:34:00,-101.803472,-0.101803472,3.582807,-50.058104,-55.328174,768000,768000,1.000000000,1,2025-12-24 10:34:00.000000,2025-12-24 10:34:59.999922,1,BAY01_0240_20251224_103009_000.7z
2025-12-24 10:35:00,-105.250606,-0.105250606,3.626956,-51.814029,-57.063534,768000,768000,1.000000000,1,2025-12-24 10:35:00.000000,2025-12-24 10:35:59.999922,1,BAY01_0240_20251224_103009_000.7z
2025-12-24 10:36:00,-101.810423,-0.101810423,3.525493,-50.037938,-55.297979,768000,768000,1.000000000,1,2025-12-24 10:36:00.000000,2025-12-24 10:36:59.999922,1,BAY01_0240_20251224_103009_000.7z
2025-12-24 10:37:00,-101.629032,-0.101629032,3.595786,-49.982256,-55.242561,768000,768000,1.000000000,1,2025-12-24 10:37:00.000000,2025-12-24 10:37:59.999922,1,BAY01_0240_20251224_103009_000.7z
2025-12-24 10:38:00,-101.730196,-0.101730196,3.616884,-50.051273,-55.295807,768000,768000,1.000000000,1,2025-12-24 10:38:00.000000,2025-12-24 10:38:59.999922,1,BAY01_0240_20251224_103009_000.7z
2025-12-24 10:39:00,-101.842920,-0.101842920,3.601526,-50.046037,-55.398409,768000,768000,1.000000000,1,2025-12-24 10:39:00.000000,2025-12-24 10:39:59.999922,1,BAY01_0240_20251224_103009_000.7z
2025-12-24 10:40:00,-117.141732,-0.117141732,3.489163,-57.682427,-62.948468,716870,768000,0.933424479,0,2025-12-24 10:40:00.000000,2025-12-24 10:40:59.999922,2,BAY01_0240_20251224_103009_000.7z;BAY01_0241_20251224_104013_000.7z
2025-12-24 10:41:00,-121.181310,-0.121181310,3.504166,-59.748299,-64.937176,768000,768000,1.000000000,1,2025-12-24 10:41:00.000000,2025-12-24 10:41:59.999922,1,BAY01_0241_20251224_104013_000.7z
2025-12-24 10:42:00,-101.686938,-0.101686938,3.594662,-50.007625,-55.273975,768000,768000,1.000000000,1,2025-12-24 10:42:00.000000,2025-12-24 10:42:59.999922,1,BAY01_0241_20251224_104013_000.7z
2025-12-24 10:43:00,-101.726262,-0.101726262,3.564871,-50.012652,-55.278481,768000,768000,1.000000000,1,2025-12-24 10:43:00.000000,2025-12-24 10:43:59.999922,1,BAY01_0241_20251224_104013_000.7z
2025-12-24 10:44:00,-101.742094,-0.101742094,3.564390,-50.007949,-55.298534,768000,768000,1.000000000,1,2025-12-24 10:44:00.000000,2025-12-24 10:44:59.999922,1,BAY01_0241_20251224_104013_000.7z
2025-12-24 10:45:00,-104.561121,-0.104561121,3.473646,-51.362448,-56.672318,768000,768000,1.000000000,1,2025-12-24 10:45:00.000000,2025-12-24 10:45:59.999922,1,BAY01_0241_20251224_104013_000.7z
2025-12-24 10:46:00,-101.505286,-0.101505286,3.578117,-49.847113,-55.236290,768000,768000,1.000000000,1,2025-12-24 10:46:00.000000,2025-12-24 10:46:59.999922,1,BAY01_0241_20251224_104013_000.7z
2025-12-24 10:47:00,-101.820841,-0.101820841,3.555247,-49.998915,-55.377173,768000,768000,1.000000000,1,2025-12-24 10:47:00.000000,2025-12-24 10:47:59.999922,1,BAY01_0241_20251224_104013_000.7z
2025-12-24 10:48:00,-102.005970,-0.102005970,3.545125,-50.077024,-55.474071,768000,768000,1.000000000,1,2025-12-24 10:48:00.000000,2025-12-24 10:48:59.999922,1,BAY01_0241_20251224_104013_000.7z
2025-12-24 10:49:00,-102.120667,-0.102120667,3.570713,-50.172489,-55.518891,768000,768000,1.000000000,1,2025-12-24 10:49:00.000000,2025-12-24 10:49:59.999922,1,BAY01_0241_20251224_104013_000.7z
2025-12-24 10:50:00,-114.966067,-0.114966067,3.533293,-56.635245,-61.864115,704021,768000,0.916694010,0,2025-12-24 10:50:00.000000,2025-12-24 10:50:59.999922,2,BAY01_0241_20251224_104013_000.7z;BAY01_0242_20251224_105018_000.7z
2025-12-24 10:51:00,-121.166615,-0.121166615,3.543470,-59.716531,-64.993554,768000,768000,1.000000000,1,2025-12-24 10:51:00.000000,2025-12-24 10:51:59.999922,1,BAY01_0242_20251224_105018_000.7z
2025-12-24 10:52:00,-102.203917,-0.102203917,3.605905,-50.262412,-55.547410,768000,768000,1.000000000,1,2025-12-24 10:52:00.000000,2025-12-24 10:52:59.999922,1,BAY01_0242_20251224_105018_000.7z
2025-12-24 10:53:00,-101.467152,-0.101467152,3.501192,-49.859654,-55.108691,768000,768000,1.000000000,1,2025-12-24 10:53:00.000000,2025-12-24 10:53:59.999922,1,BAY01_0242_20251224_105018_000.7z
2025-12-24 10:54:00,-104.971031,-0.104971031,3.660059,-51.686233,-56.944857,768000,768000,1.000000000,1,2025-12-24 10:54:00.000000,2025-12-24 10:54:59.999922,1,BAY01_0242_20251224_105018_000.7z
2025-12-24 10:55:00,-102.407392,-0.102407392,3.550597,-50.300482,-55.657507,768000,768000,1.000000000,1,2025-12-24 10:55:00.000000,2025-12-24 10:55:59.999922,1,BAY01_0242_20251224_105018_000.7z
2025-12-24 10:56:00,-101.686056,-0.101686056,3.602268,-49.942786,-55.345538,768000,768000,1.000000000,1,2025-12-24 10:56:00.000000,2025-12-24 10:56:59.999922,1,BAY01_0242_20251224_105018_000.7z
2025-12-24 10:57:00,-101.893985,-0.101893985,3.504906,-50.033692,-55.365199,768000,768000,1.000000000,1,2025-12-24 10:57:00.000000,2025-12-24 10:57:59.999922,1,BAY01_0242_20251224_105018_000.7z
2025-12-24 10:58:00,-101.711898,-0.101711898,3.550338,-49.962967,-55.299269,768000,768000,1.000000000,1,2025-12-24 10:58:00.000000,2025-12-24 10:58:59.999922,1,BAY01_0242_20251224_105018_000.7z
2025-12-24 10:59:00,-101.704885,-0.101704885,3.546570,-49.959402,-55.292054,768000,768000,1.000000000,1,2025-12-24 10:59:00.000000,2025-12-24 10:59:59.999922,1,BAY01_0242_20251224_105018_000.7z
2025-12-24 11:00:00,-114.331417,-0.114331417,3.498786,-56.245624,-61.584579,691343,768000,0.900186198,0,2025-12-24 11:00:00.000000,2025-12-24 11:00:59.999922,2,BAY01_0242_20251224_105018_000.7z;BAY01_0243_20251224_110024_000.7z
2025-12-24 11:01:00,-126.016091,-0.126016091,3.618081,-62.201150,-67.433022,768000,768000,1.000000000,1,2025-12-24 11:01:00.000000,2025-12-24 11:01:59.999922,1,BAY01_0243_20251224_110024_000.7z
2025-12-24 11:02:00,-103.785688,-0.103785688,3.632478,-51.076221,-56.341944,768000,768000,1.000000000,1,2025-12-24 11:02:00.000000,2025-12-24 11:02:59.999922,1,BAY01_0243_20251224_110024_000.7z
2025-12-24 11:03:00,-101.638924,-0.101638924,3.565163,-49.968662,-55.235426,768000,768000,1.000000000,1,2025-12-24 11:03:00.000000,2025-12-24 11:03:59.999922,1,BAY01_0243_20251224_110024_000.7z
2025-12-24 11:04:00,-101.732196,-0.101732196,3.619957,-50.068953,-55.283200,768000,768000,1.000000000,1,2025-12-24 11:04:00.000000,2025-12-24 11:04:59.999922,1,BAY01_0243_20251224_110024_000.7z
2025-12-24 11:05:00,-102.925813,-0.102925813,3.491357,-50.555107,-55.862063,768000,768000,1.000000000,1,2025-12-24 11:05:00.000000,2025-12-24 11:05:59.999922,1,BAY01_0243_20251224_110024_000.7z
2025-12-24 11:06:00,-101.812175,-0.101812175,3.538239,-50.020709,-55.329705,768000,768000,1.000000000,1,2025-12-24 11:06:00.000000,2025-12-24 11:06:59.999922,1,BAY01_0243_20251224_110024_000.7z
2025-12-24 11:07:00,-101.912651,-0.101912651,3.440696,-50.057753,-55.295594,768000,768000,1.000000000,1,2025-12-24 11:07:00.000000,2025-12-24 11:07:59.999922,1,BAY01_0243_20251224_110024_000.7z
2025-12-24 11:08:00,-101.601772,-0.101601772,3.525476,-49.921080,-55.206168,768000,768000,1.000000000,1,2025-12-24 11:08:00.000000,2025-12-24 11:08:59.999922,1,BAY01_0243_20251224_110024_000.7z
2025-12-24 11:09:00,-102.072460,-0.102072460,3.567179,-50.110399,-55.529240,768000,768000,1.000000000,1,2025-12-24 11:09:00.000000,2025-12-24 11:09:59.999922,1,BAY01_0243_20251224_110024_000.7z
2025-12-24 11:10:00,-113.348945,-0.113348945,3.472549,-55.769889,-61.051606,729710,768000,0.950143229,0,2025-12-24 11:10:00.000000,2025-12-24 11:10:59.999922,2,BAY01_0243_20251224_110024_000.7z;BAY01_0244_20251224_111027_000.7z
2025-12-24 11:11:00,-121.409532,-0.121409532,3.607291,-59.866547,-65.150277,768000,768000,1.000000000,1,2025-12-24 11:11:00.000000,2025-12-24 11:11:59.999922,1,BAY01_0244_20251224_111027_000.7z
2025-12-24 11:12:00,-105.160072,-0.105160072,3.573356,-51.738911,-56.994517,768000,768000,1.000000000,1,2025-12-24 11:12:00.000000,2025-12-24 11:12:59.999922,1,BAY01_0244_20251224_111027_000.7z
2025-12-24 11:13:00,-101.891180,-0.101891180,3.558535,-50.077548,-55.372167,768000,768000,1.000000000,1,2025-12-24 11:13:00.000000,2025-12-24 11:13:59.999922,1,BAY01_0244_20251224_111027_000.7z
2025-12-24 11:14:00,-101.720816,-0.101720816,3.537065,-49.957940,-55.299941,768000,768000,1.000000000,1,2025-12-24 11:14:00.000000,2025-12-24 11:14:59.999922,1,BAY01_0244_20251224_111027_000.7z
2025-12-24 11:15:00,-104.434430,-0.104434430,3.656937,-51.401690,-56.689677,768000,768000,1.000000000,1,2025-12-24 11:15:00.000000,2025-12-24 11:15:59.999922,1,BAY01_0244_20251224_111027_000.7z
2025-12-24 11:16:00,-101.659608,-0.101659608,3.630848,-49.983558,-55.306899,768000,768000,1.000000000,1,2025-12-24 11:16:00.000000,2025-12-24 11:16:59.999922,1,BAY01_0244_20251224_111027_000.7z
2025-12-24 11:17:00,-101.901211,-0.101901211,3.579624,-50.116189,-55.364647,768000,768000,1.000000000,1,2025-12-24 11:17:00.000000,2025-12-24 11:17:59.999922,1,BAY01_0244_20251224_111027_000.7z
2025-12-24 11:18:00,-101.747236,-0.101747236,3.496482,-49.978448,-55.265269,768000,768000,1.000000000,1,2025-12-24 11:18:00.000000,2025-12-24 11:18:59.999922,1,BAY01_0244_20251224_111027_000.7z
2025-12-24 11:19:00,-101.639477,-0.101639477,3.579362,-49.953530,-55.265308,768000,768000,1.000000000,1,2025-12-24 11:19:00.000000,2025-12-24 11:19:59.999922,1,BAY01_0244_20251224_111027_000.7z
2025-12-24 11:20:00,-111.691747,-0.111691747,3.555128,-54.964306,-60.282568,716857,768000,0.933407552,0,2025-12-24 11:20:00.000000,2025-12-24 11:20:59.999922,2,BAY01_0244_20251224_111027_000.7z;BAY01_0245_20251224_112031_000.7z
2025-12-24 11:21:00,-121.947512,-0.121947512,3.458708,-60.087537,-65.318683,768000,768000,1.000000000,1,2025-12-24 11:21:00.000000,2025-12-24 11:21:59.999922,1,BAY01_0245_20251224_112031_000.7z
2025-12-24 11:22:00,-106.695643,-0.106695643,3.554125,-52.509606,-57.740163,768000,768000,1.000000000,1,2025-12-24 11:22:00.000000,2025-12-24 11:22:59.999922,1,BAY01_0245_20251224_112031_000.7z
2025-12-24 11:23:00,-101.169945,-0.101169945,3.479042,-49.645408,-55.003579,768000,768000,1.000000000,1,2025-12-24 11:23:00.000000,2025-12-24 11:23:59.999922,1,BAY01_0245_20251224_112031_000.7z
2025-12-24 11:24:00,-104.937546,-0.104937546,3.539660,-51.555193,-56.922014,768000,768000,1.000000000,1,2025-12-24 11:24:00.000000,2025-12-24 11:24:59.999922,1,BAY01_0245_20251224_112031_000.7z
2025-12-24 11:25:00,-105.077018,-0.105077018,3.522559,-51.552114,-57.047463,768000,768000,1.000000000,1,2025-12-24 11:25:00.000000,2025-12-24 11:25:59.999922,1,BAY01_0245_20251224_112031_000.7z
2025-12-24 11:26:00,-101.563030,-0.101563030,3.498849,-49.853857,-55.208022,768000,768000,1.000000000,1,2025-12-24 11:26:00.000000,2025-12-24 11:26:59.999922,1,BAY01_0245_20251224_112031_000.7z
2025-12-24 11:27:00,-102.023164,-0.102023164,3.476910,-50.125605,-55.374469,768000,768000,1.000000000,1,2025-12-24 11:27:00.000000,2025-12-24 11:27:59.999922,1,BAY01_0245_20251224_112031_000.7z
2025-12-24 11:28:00,-101.654660,-0.101654660,3.515113,-49.948647,-55.221127,768000,768000,1.000000000,1,2025-12-24 11:28:00.000000,2025-12-24 11:28:59.999922,1,BAY01_0245_20251224_112031_000.7z
2025-12-24 11:29:00,-101.984877,-0.101984877,3.528811,-50.085186,-55.428502,768000,768000,1.000000000,1,2025-12-24 11:29:00.000000,2025-12-24 11:29:59.999922,1,BAY01_0245_20251224_112031_000.7z
2025-12-24 11:30:00,-110.551711,-0.110551711,3.587956,-54.427882,-59.711786,716874,768000,0.933429687,0,2025-12-24 11:30:00.000000,2025-12-24 11:30:59.999922,2,BAY01_0245_20251224_112031_000.7z;BAY01_0246_20251224_113035_000.7z
2025-12-24 11:31:00,-121.337142,-0.121337142,3.700401,-59.902362,-65.135180,768000,768000,1.000000000,1,2025-12-24 11:31:00.000000,2025-12-24 11:31:59.999922,1,BAY01_0246_20251224_113035_000.7z
2025-12-24 11:32:00,-107.800775,-0.107800775,3.677214,-53.089128,-58.388862,768000,768000,1.000000000,1,2025-12-24 11:32:00.000000,2025-12-24 11:32:59.999922,1,BAY01_0246_20251224_113035_000.7z
2025-12-24 11:33:00,-101.227813,-0.101227813,3.780838,-49.841786,-55.166865,768000,768000,1.000000000,1,2025-12-24 11:33:00.000000,2025-12-24 11:33:59.999922,1,BAY01_0246_20251224_113035_000.7z
2025-12-24 11:34:00,-101.254196,-0.101254196,3.698688,-49.841823,-55.111061,768000,768000,1.000000000,1,2025-12-24 11:34:00.000000,2025-12-24 11:34:59.999922,1,BAY01_0246_20251224_113035_000.7z
2025-12-24 11:35:00,-105.238510,-0.105238510,3.677542,-51.808286,-57.107766,768000,768000,1.000000000,1,2025-12-24 11:35:00.000000,2025-12-24 11:35:59.999922,1,BAY01_0246_20251224_113035_000.7z
2025-12-24 11:36:00,-101.452689,-0.101452689,3.801947,-49.932395,-55.322240,768000,768000,1.000000000,1,2025-12-24 11:36:00.000000,2025-12-24 11:36:59.999922,1,BAY01_0246_20251224_113035_000.7z
2025-12-24 11:37:00,-101.575844,-0.101575844,3.727405,-49.983089,-55.320160,768000,768000,1.000000000,1,2025-12-24 11:37:00.000000,2025-12-24 11:37:59.999922,1,BAY01_0246_20251224_113035_000.7z
2025-12-24 11:38:00,-101.483832,-0.101483832,3.681763,-49.954145,-55.211450,768000,768000,1.000000000,1,2025-12-24 11:38:00.000000,2025-12-24 11:38:59.999922,1,BAY01_0246_20251224_113035_000.7z
2025-12-24 11:39:00,-100.645702,-0.100645702,3.759674,-49.596500,-54.808875,768000,768000,1.000000000,1,2025-12-24 11:39:00.000000,2025-12-24 11:39:59.999922,1,BAY01_0246_20251224_113035_000.7z
2025-12-24 11:40:00,-107.578564,-0.107578564,3.740226,-53.069431,-58.249360,716905,768000,0.933470052,0,2025-12-24 11:40:00.000000,2025-12-24 11:40:59.999922,2,BAY01_0246_20251224_113035_000.7z;BAY01_0247_20251224_114039_000.7z
2025-12-24 11:41:00,-121.165235,-0.121165235,3.701422,-59.896262,-64.970395,768000,768000,1.000000000,1,2025-12-24 11:41:00.000000,2025-12-24 11:41:59.999922,1,BAY01_0247_20251224_114039_000.7z
2025-12-24 11:42:00,-107.999676,-0.107999676,3.722459,-53.248765,-58.473370,768000,768000,1.000000000,1,2025-12-24 11:42:00.000000,2025-12-24 11:42:59.999922,1,BAY01_0247_20251224_114039_000.7z
2025-12-24 11:43:00,-100.327039,-0.100327039,3.714155,-49.387016,-54.654178,768000,768000,1.000000000,1,2025-12-24 11:43:00.000000,2025-12-24 11:43:59.999922,1,BAY01_0247_20251224_114039_000.7z
2025-12-24 11:44:00,-100.546819,-0.100546819,3.691212,-49.457050,-54.780981,768000,768000,1.000000000,1,2025-12-24 11:44:00.000000,2025-12-24 11:44:59.999922,1,BAY01_0247_20251224_114039_000.7z
2025-12-24 11:45:00,-102.714109,-0.102714109,3.681300,-50.570216,-55.825194,768000,768000,1.000000000,1,2025-12-24 11:45:00.000000,2025-12-24 11:45:59.999922,1,BAY01_0247_20251224_114039_000.7z
2025-12-24 11:46:00,-100.391995,-0.100391995,3.755096,-49.402387,-54.744704,768000,768000,1.000000000,1,2025-12-24 11:46:00.000000,2025-12-24 11:46:59.999922,1,BAY01_0247_20251224_114039_000.7z
2025-12-24 11:47:00,-100.584896,-0.100584896,3.693709,-49.506274,-54.772331,768000,768000,1.000000000,1,2025-12-24 11:47:00.000000,2025-12-24 11:47:59.999922,1,BAY01_0247_20251224_114039_000.7z
2025-12-24 11:48:00,-100.538292,-0.100538292,3.706510,-49.468931,-54.775870,768000,768000,1.000000000,1,2025-12-24 11:48:00.000000,2025-12-24 11:48:59.999922,1,BAY01_0247_20251224_114039_000.7z
2025-12-24 11:49:00,-101.109898,-0.101109898,3.746546,-49.738210,-55.118234,768000,768000,1.000000000,1,2025-12-24 11:49:00.000000,2025-12-24 11:49:59.999922,1,BAY01_0247_20251224_114039_000.7z
2025-12-24 11:50:00,-106.594620,-0.106594620,3.708998,-52.502878,-57.800739,729614,768000,0.950018229,0,2025-12-24 11:50:00.000000,2025-12-24 11:50:59.999922,2,BAY01_0247_20251224_114039_000.7z;BAY01_0248_20251224_115042_000.7z
2025-12-24 11:51:00,-120.403985,-0.120403985,3.688817,-59.405542,-64.687259,768000,768000,1.000000000,1,2025-12-24 11:51:00.000000,2025-12-24 11:51:59.999922,1,BAY01_0248_20251224_115042_000.7z
2025-12-24 11:52:00,-108.737661,-0.108737661,3.746980,-53.580604,-58.904037,768000,768000,1.000000000,1,2025-12-24 11:52:00.000000,2025-12-24 11:52:59.999922,1,BAY01_0248_20251224_115042_000.7z
2025-12-24 11:53:00,-100.727783,-0.100727783,3.720534,-49.565902,-54.882416,768000,768000,1.000000000,1,2025-12-24 11:53:00.000000,2025-12-24 11:53:59.999922,1,BAY01_0248_20251224_115042_000.7z
2025-12-24 11:54:00,-103.196206,-0.103196206,3.695537,-50.836760,-56.054982,768000,768000,1.000000000,1,2025-12-24 11:54:00.000000,2025-12-24 11:54:59.999922,1,BAY01_0248_20251224_115042_000.7z
2025-12-24 11:55:00,-103.195105,-0.103195105,3.748183,-50.821624,-56.121663,768000,768000,1.000000000,1,2025-12-24 11:55:00.000000,2025-12-24 11:55:59.999922,1,BAY01_0248_20251224_115042_000.7z
2025-12-24 11:56:00,-100.466278,-0.100466278,3.716217,-49.405470,-54.777025,768000,768000,1.000000000,1,2025-12-24 11:56:00.000000,2025-12-24 11:56:59.999922,1,BAY01_0248_20251224_115042_000.7z
2025-12-24 11:57:00,-100.584826,-0.100584826,3.679737,-49.443198,-54.821365,768000,768000,1.000000000,1,2025-12-24 11:57:00.000000,2025-12-24 11:57:59.999922,1,BAY01_0248_20251224_115042_000.7z
2025-12-24 11:58:00,-100.361487,-0.100361487,3.710529,-49.395439,-54.676577,768000,768000,1.000000000,1,2025-12-24 11:58:00.000000,2025-12-24 11:58:59.999922,1,BAY01_0248_20251224_115042_000.7z
2025-12-24 11:59:00,-100.284492,-0.100284492,3.751719,-49.325428,-54.710782,768000,768000,1.000000000,1,2025-12-24 11:59:00.000000,2025-12-24 11:59:59.999922,1,BAY01_0248_20251224_115042_000.7z
2025-12-24 12:00:00,-105.255036,-0.105255036,3.743026,-51.860159,-57.137903,716810,768000,0.933346354,0,2025-12-24 12:00:00.000000,2025-12-24 12:00:59.999922,2,BAY01_0248_20251224_115042_000.7z;BAY01_0249_20251224_120046_000.7z
2025-12-24 12:01:00,-120.545386,-0.120545386,3.682460,-59.489767,-64.738079,768000,768000,1.000000000,1,2025-12-24 12:01:00.000000,2025-12-24 12:01:59.999922,1,BAY01_0249_20251224_120046_000.7z
2025-12-24 12:02:00,-109.935932,-0.109935932,3.733485,-54.215422,-59.453995,768000,768000,1.000000000,1,2025-12-24 12:02:00.000000,2025-12-24 12:02:59.999922,1,BAY01_0249_20251224_120046_000.7z
2025-12-24 12:03:00,-100.599085,-0.100599085,3.726864,-49.504997,-54.820952,768000,768000,1.000000000,1,2025-12-24 12:03:00.000000,2025-12-24 12:03:59.999922,1,BAY01_0249_20251224_120046_000.7z
2025-12-24 12:04:00,-100.588234,-0.100588234,3.690163,-49.531696,-54.746701,768000,768000,1.000000000,1,2025-12-24 12:04:00.000000,2025-12-24 12:04:59.999922,1,BAY01_0249_20251224_120046_000.7z
2025-12-24 12:05:00,-103.061661,-0.103061661,3.751192,-50.802345,-56.010508,768000,768000,1.000000000,1,2025-12-24 12:05:00.000000,2025-12-24 12:05:59.999922,1,BAY01_0249_20251224_120046_000.7z
2025-12-24 12:06:00,-100.494513,-0.100494513,3.716167,-49.479966,-54.730714,768000,768000,1.000000000,1,2025-12-24 12:06:00.000000,2025-12-24 12:06:59.999922,1,BAY01_0249_20251224_120046_000.7z
2025-12-24 12:07:00,-100.438177,-0.100438177,3.713580,-49.413903,-54.737853,768000,768000,1.000000000,1,2025-12-24 12:07:00.000000,2025-12-24 12:07:59.999922,1,BAY01_0249_20251224_120046_000.7z
2025-12-24 12:08:00,-100.505732,-0.100505732,3.725928,-49.469916,-54.761744,768000,768000,1.000000000,1,2025-12-24 12:08:00.000000,2025-12-24 12:08:59.999922,1,BAY01_0249_20251224_120046_000.7z
2025-12-24 12:09:00,-100.863280,-0.100863280,3.731365,-49.641672,-54.952974,768000,768000,1.000000000,1,2025-12-24 12:09:00.000000,2025-12-24 12:09:59.999922,1,BAY01_0249_20251224_120046_000.7z
2025-12-24 12:10:00,-104.369732,-0.104369732,3.779613,-51.460117,-56.689228,716882,768000,0.933440104,0,2025-12-24 12:10:00.000000,2025-12-24 12:10:59.999922,2,BAY01_0249_20251224_120046_000.7z;BAY01_0250_20251224_121050_000.7z
2025-12-24 12:11:00,-120.559862,-0.120559862,3.711597,-59.568535,-64.702924,768000,768000,1.000000000,1,2025-12-24 12:11:00.000000,2025-12-24 12:11:59.999922,1,BAY01_0250_20251224_121050_000.7z
2025-12-24 12:12:00,-111.504710,-0.111504710,3.801403,-55.090487,-60.215626,768000,768000,1.000000000,1,2025-12-24 12:12:00.000000,2025-12-24 12:12:59.999922,1,BAY01_0250_20251224_121050_000.7z
2025-12-24 12:13:00,-100.459710,-0.100459710,3.794168,-49.470253,-54.783624,768000,768000,1.000000000,1,2025-12-24 12:13:00.000000,2025-12-24 12:13:59.999922,1,BAY01_0250_20251224_121050_000.7z
2025-12-24 12:14:00,-100.206749,-0.100206749,3.777542,-49.264187,-54.720103,768000,768000,1.000000000,1,2025-12-24 12:14:00.000000,2025-12-24 12:14:59.999922,1,BAY01_0250_20251224_121050_000.7z
2025-12-24 12:15:00,-103.229500,-0.103229500,3.819308,-50.844621,-56.204187,768000,768000,1.000000000,1,2025-12-24 12:15:00.000000,2025-12-24 12:15:59.999922,1,BAY01_0250_20251224_121050_000.7z
2025-12-24 12:16:00,-100.315883,-0.100315883,3.793665,-49.400859,-54.708690,768000,768000,1.000000000,1,2025-12-24 12:16:00.000000,2025-12-24 12:16:59.999922,1,BAY01_0250_20251224_121050_000.7z
2025-12-24 12:17:00,-100.535827,-0.100535827,3.757044,-49.445895,-54.846976,768000,768000,1.000000000,1,2025-12-24 12:17:00.000000,2025-12-24 12:17:59.999922,1,BAY01_0250_20251224_121050_000.7z
2025-12-24 12:18:00,-100.558874,-0.100558874,3.787520,-49.470795,-54.875599,768000,768000,1.000000000,1,2025-12-24 12:18:00.000000,2025-12-24 12:18:59.999922,1,BAY01_0250_20251224_121050_000.7z
2025-12-24 12:19:00,-100.426561,-0.100426561,3.800419,-49.427568,-54.799412,768000,768000,1.000000000,1,2025-12-24 12:19:00.000000,2025-12-24 12:19:59.999922,1,BAY01_0250_20251224_121050_000.7z
2025-12-24 12:20:00,-102.788160,-0.102788160,3.848778,-50.662537,-55.974401,729603,768000,0.950003906,0,2025-12-24 12:20:00.000000,2025-12-24 12:20:59.999922,2,BAY01_0250_20251224_121050_000.7z;BAY01_0251_20251224_122053_000.7z
2025-12-24 12:21:00,-120.436755,-0.120436755,3.783046,-59.438428,-64.781373,768000,768000,1.000000000,1,2025-12-24 12:21:00.000000,2025-12-24 12:21:59.999922,1,BAY01_0251_20251224_122053_000.7z
2025-12-24 12:22:00,-112.584056,-0.112584056,3.840600,-55.484812,-60.939844,768000,768000,1.000000000,1,2025-12-24 12:22:00.000000,2025-12-24 12:22:59.999922,1,BAY01_0251_20251224_122053_000.7z
2025-12-24 12:23:00,-100.484343,-0.100484343,3.794217,-49.420757,-54.857803,768000,768000,1.000000000,1,2025-12-24 12:23:00.000000,2025-12-24 12:23:59.999922,1,BAY01_0251_20251224_122053_000.7z
2025-12-24 12:24:00,-101.703219,-0.101703219,3.776571,-50.036675,-55.443114,768000,768000,1.000000000,1,2025-12-24 12:24:00.000000,2025-12-24 12:24:59.999922,1,BAY01_0251_20251224_122053_000.7z
2025-12-24 12:25:00,-102.661098,-0.102661098,3.853125,-50.551465,-55.962757,768000,768000,1.000000000,1,2025-12-24 12:25:00.000000,2025-12-24 12:25:59.999922,1,BAY01_0251_20251224_122053_000.7z
2025-12-24 12:26:00,-100.417338,-0.100417338,3.802876,-49.419054,-54.801159,768000,768000,1.000000000,1,2025-12-24 12:26:00.000000,2025-12-24 12:26:59.999922,1,BAY01_0251_20251224_122053_000.7z
2025-12-24 12:27:00,-100.450050,-0.100450050,3.771058,-49.418710,-54.802398,768000,768000,1.000000000,1,2025-12-24 12:27:00.000000,2025-12-24 12:27:59.999922,1,BAY01_0251_20251224_122053_000.7z
2025-12-24 12:28:00,-100.528305,-0.100528305,3.812220,-49.512783,-54.827742,768000,768000,1.000000000,1,2025-12-24 12:28:00.000000,2025-12-24 12:28:59.999922,1,BAY01_0251_20251224_122053_000.7z
2025-12-24 12:29:00,-100.720007,-0.100720007,3.805114,-49.617281,-54.907840,768000,768000,1.000000000,1,2025-12-24 12:29:00.000000,2025-12-24 12:29:59.999922,1,BAY01_0251_20251224_122053_000.7z
2025-12-24 12:30:00,-100.651617,-0.100651617,3.834837,-49.547112,-54.939342,691217,768000,0.900022135,0,2025-12-24 12:30:00.000000,2025-12-24 12:30:59.999922,2,BAY01_0251_20251224_122053_000.7z;BAY01_0252_20251224_123059_000.7z
2025-12-24 12:31:00,-120.072921,-0.120072921,3.790170,-59.255777,-64.607314,768000,768000,1.000000000,1,2025-12-24 12:31:00.000000,2025-12-24 12:31:59.999922,1,BAY01_0252_20251224_123059_000.7z
2025-12-24 12:32:00,-114.747364,-0.114747364,3.820954,-56.649731,-61.918587,768000,768000,1.000000000,1,2025-12-24 12:32:00.000000,2025-12-24 12:32:59.999922,1,BAY01_0252_20251224_123059_000.7z
2025-12-24 12:33:00,-100.467483,-0.100467483,3.810642,-49.503473,-54.774653,768000,768000,1.000000000,1,2025-12-24 12:33:00.000000,2025-12-24 12:33:59.999922,1,BAY01_0252_20251224_123059_000.7z
2025-12-24 12:34:00,-100.403082,-0.100403082,3.820594,-49.437900,-54.785776,768000,768000,1.000000000,1,2025-12-24 12:34:00.000000,2025-12-24 12:34:59.999922,1,BAY01_0252_20251224_123059_000.7z
2025-12-24 12:35:00,-102.900056,-0.102900056,3.845167,-50.704569,-56.040654,768000,768000,1.000000000,1,2025-12-24 12:35:00.000000,2025-12-24 12:35:59.999922,1,BAY01_0252_20251224_123059_000.7z
2025-12-24 12:36:00,-100.275359,-0.100275359,3.798855,-49.375164,-54.699049,768000,768000,1.000000000,1,2025-12-24 12:36:00.000000,2025-12-24 12:36:59.999922,1,BAY01_0252_20251224_123059_000.7z
2025-12-24 12:37:00,-100.511590,-0.100511590,3.750044,-49.463106,-54.798528,768000,768000,1.000000000,1,2025-12-24 12:37:00.000000,2025-12-24 12:37:59.999922,1,BAY01_0252_20251224_123059_000.7z
2025-12-24 12:38:00,-100.401840,-0.100401840,3.807032,-49.457843,-54.751029,768000,768000,1.000000000,1,2025-12-24 12:38:00.000000,2025-12-24 12:38:59.999922,1,BAY01_0252_20251224_123059_000.7z
2025-12-24 12:39:00,-100.361282,-0.100361282,3.807146,-49.405155,-54.763274,768000,768000,1.000000000,1,2025-12-24 12:39:00.000000,2025-12-24 12:39:59.999922,1,BAY01_0252_20251224_123059_000.7z
2025-12-24 12:40:00,-100.206254,-0.100206254,3.776921,-49.304532,-54.678643,755268,768000,0.983421875,0,2025-12-24 12:40:00.000000,2025-12-24 12:40:59.005234,1,BAY01_0252_20251224_123059_000.7z
2025-12-24 12:41:00,-119.268618,-0.119268618,3.794092,-58.912714,-64.149996,729600,768000,0.950000000,0,2025-12-24 12:41:03.000000,2025-12-24 12:41:59.999922,1,BAY01_0253_20251224_124103_000.7z
2025-12-24 12:42:00,-116.072115,-0.116072115,3.825442,-57.316105,-62.581452,768000,768000,1.000000000,1,2025-12-24 12:42:00.000000,2025-12-24 12:42:59.999922,1,BAY01_0253_20251224_124103_000.7z
2025-12-24 12:43:00,-100.221092,-0.100221092,3.781528,-49.377287,-54.625333,768000,768000,1.000000000,1,2025-12-24 12:43:00.000000,2025-12-24 12:43:59.999922,1,BAY01_0253_20251224_124103_000.7z
2025-12-24 12:44:00,-100.401146,-0.100401146,3.780974,-49.453421,-54.728699,768000,768000,1.000000000,1,2025-12-24 12:44:00.000000,2025-12-24 12:44:59.999922,1,BAY01_0253_20251224_124103_000.7z
2025-12-24 12:45:00,-102.859011,-0.102859011,3.821605,-50.679135,-56.001481,768000,768000,1.000000000,1,2025-12-24 12:45:00.000000,2025-12-24 12:45:59.999922,1,BAY01_0253_20251224_124103_000.7z
2025-12-24 12:46:00,-100.289855,-0.100289855,3.791534,-49.367843,-54.713546,768000,768000,1.000000000,1,2025-12-24 12:46:00.000000,2025-12-24 12:46:59.999922,1,BAY01_0253_20251224_124103_000.7z
2025-12-24 12:47:00,-100.378309,-0.100378309,3.777142,-49.431341,-54.724110,768000,768000,1.000000000,1,2025-12-24 12:47:00.000000,2025-12-24 12:47:59.999922,1,BAY01_0253_20251224_124103_000.7z
2025-12-24 12:48:00,-100.398675,-0.100398675,3.810489,-49.413721,-54.795443,768000,768000,1.000000000,1,2025-12-24 12:48:00.000000,2025-12-24 12:48:59.999922,1,BAY01_0253_20251224_124103_000.7z
2025-12-24 12:49:00,-100.392434,-0.100392434,3.814956,-49.404131,-54.803258,768000,768000,1.000000000,1,2025-12-24 12:49:00.000000,2025-12-24 12:49:59.999922,1,BAY01_0253_20251224_124103_000.7z
2025-12-24 12:50:00,-100.745795,-0.100745795,3.822527,-49.580000,-54.988322,768000,768000,1.000000000,1,2025-12-24 12:50:00.000000,2025-12-24 12:50:59.999922,1,BAY01_0253_20251224_124103_000.7z
2025-12-24 12:51:00,-117.805496,-0.117805496,3.817129,-58.154786,-63.467839,704140,768000,0.916848958,0,2025-12-24 12:51:00.000000,2025-12-24 12:51:59.999922,2,BAY01_0253_20251224_124103_000.7z;BAY01_0254_20251224_125108_000.7z
2025-12-24 12:52:00,-117.296395,-0.117296395,3.824754,-57.924547,-63.196602,768000,768000,1.000000000,1,2025-12-24 12:52:00.000000,2025-12-24 12:52:59.999922,1,BAY01_0254_20251224_125108_000.7z
2025-12-24 12:53:00,-100.331715,-0.100331715,3.788930,-49.390690,-54.729955,768000,768000,1.000000000,1,2025-12-24 12:53:00.000000,2025-12-24 12:53:59.999922,1,BAY01_0254_20251224_125108_000.7z
2025-12-24 12:54:00,-102.661804,-0.102661804,3.813744,-50.544502,-55.931045,768000,768000,1.000000000,1,2025-12-24 12:54:00.000000,2025-12-24 12:54:59.999922,1,BAY01_0254_20251224_125108_000.7z
2025-12-24 12:55:00,-102.784647,-0.102784647,3.862527,-50.598356,-56.048818,768000,768000,1.000000000,1,2025-12-24 12:55:00.000000,2025-12-24 12:55:59.999922,1,BAY01_0254_20251224_125108_000.7z
2025-12-24 12:56:00,-100.284553,-0.100284553,3.793016,-49.351342,-54.726227,768000,768000,1.000000000,1,2025-12-24 12:56:00.000000,2025-12-24 12:56:59.999922,1,BAY01_0254_20251224_125108_000.7z
2025-12-24 12:57:00,-100.227170,-0.100227170,3.781020,-49.315566,-54.692623,768000,768000,1.000000000,1,2025-12-24 12:57:00.000000,2025-12-24 12:57:59.999922,1,BAY01_0254_20251224_125108_000.7z
2025-12-24 12:58:00,-100.243148,-0.100243148,3.819364,-49.299501,-54.763011,768000,768000,1.000000000,1,2025-12-24 12:58:00.000000,2025-12-24 12:58:59.999922,1,BAY01_0254_20251224_125108_000.7z
2025-12-24 12:59:00,-100.478231,-0.100478231,3.793964,-49.467739,-54.804457,768000,768000,1.000000000,1,2025-12-24 12:59:00.000000,2025-12-24 12:59:59.999922,1,BAY01_0254_20251224_125108_000.7z
2025-12-24 13:00:00,-100.370115,-0.100370115,3.799716,-49.407278,-54.762553,768000,768000,1.000000000,1,2025-12-24 13:00:00.000000,2025-12-24 13:00:59.999922,1,BAY01_0254_20251224_125108_000.7z
2025-12-24 13:01:00,-116.730473,-0.116730473,3.775342,-57.568775,-62.937040,729725,768000,0.950162760,0,2025-12-24 13:01:00.000000,2025-12-24 13:01:59.999922,2,BAY01_0254_20251224_125108_000.7z;BAY01_0255_20251224_130111_000.7z
2025-12-24 13:02:00,-118.487436,-0.118487436,3.823428,-58.483992,-63.826872,768000,768000,1.000000000,1,2025-12-24 13:02:00.000000,2025-12-24 13:02:59.999922,1,BAY01_0255_20251224_130111_000.7z
2025-12-24 13:03:00,-100.551830,-0.100551830,3.782310,-49.487950,-54.846191,768000,768000,1.000000000,1,2025-12-24 13:03:00.000000,2025-12-24 13:03:59.999922,1,BAY01_0255_20251224_130111_000.7z
2025-12-24 13:04:00,-100.422496,-0.100422496,3.782554,-49.441048,-54.764003,768000,768000,1.000000000,1,2025-12-24 13:04:00.000000,2025-12-24 13:04:59.999922,1,BAY01_0255_20251224_130111_000.7z
2025-12-24 13:05:00,-100.887213,-0.100887213,3.819595,-49.608413,-55.098395,768000,768000,1.000000000,1,2025-12-24 13:05:00.000000,2025-12-24 13:05:59.999922,1,BAY01_0255_20251224_130111_000.7z
2025-12-24 13:06:00,-100.339798,-0.100339798,3.784552,-49.345193,-54.779157,768000,768000,1.000000000,1,2025-12-24 13:06:00.000000,2025-12-24 13:06:59.999922,1,BAY01_0255_20251224_130111_000.7z
2025-12-24 13:07:00,-100.306005,-0.100306005,3.794567,-49.316219,-54.784353,768000,768000,1.000000000,1,2025-12-24 13:07:00.000000,2025-12-24 13:07:59.999922,1,BAY01_0255_20251224_130111_000.7z
2025-12-24 13:08:00,-100.103669,-0.100103669,3.823963,-49.201852,-54.725780,768000,768000,1.000000000,1,2025-12-24 13:08:00.000000,2025-12-24 13:08:59.999922,1,BAY01_0255_20251224_130111_000.7z
2025-12-24 13:09:00,-100.655805,-0.100655805,3.814696,-49.517935,-54.952566,768000,768000,1.000000000,1,2025-12-24 13:09:00.000000,2025-12-24 13:09:59.999922,1,BAY01_0255_20251224_130111_000.7z
2025-12-24 13:10:00,-100.247066,-0.100247066,3.828225,-49.324734,-54.750557,768000,768000,1.000000000,1,2025-12-24 13:10:00.000000,2025-12-24 13:10:59.999922,1,BAY01_0255_20251224_130111_000.7z
2025-12-24 13:11:00,-116.260710,-0.116260710,3.794880,-57.305830,-62.749759,704141,768000,0.916850260,0,2025-12-24 13:11:00.000000,2025-12-24 13:11:59.999922,2,BAY01_0255_20251224_130111_000.7z;BAY01_0256_20251224_131116_000.7z
2025-12-24 13:12:00,-119.509295,-0.119509295,3.809574,-58.992741,-64.326128,768000,768000,1.000000000,1,2025-12-24 13:12:00.000000,2025-12-24 13:12:59.999922,1,BAY01_0256_20251224_131116_000.7z
2025-12-24 13:13:00,-100.217346,-0.100217346,3.811777,-49.308437,-54.720686,768000,768000,1.000000000,1,2025-12-24 13:13:00.000000,2025-12-24 13:13:59.999922,1,BAY01_0256_20251224_131116_000.7z
2025-12-24 13:14:00,-100.173408,-0.100173408,3.803372,-49.234300,-54.742480,768000,768000,1.000000000,1,2025-12-24 13:14:00.000000,2025-12-24 13:14:59.999922,1,BAY01_0256_20251224_131116_000.7z
2025-12-24 13:15:00,-100.782567,-0.100782567,3.846239,-49.591010,-55.037797,768000,768000,1.000000000,1,2025-12-24 13:15:00.000000,2025-12-24 13:15:59.999922,1,BAY01_0256_20251224_131116_000.7z
2025-12-24 13:16:00,-100.729039,-0.100729039,3.802774,-49.588344,-54.943468,768000,768000,1.000000000,1,2025-12-24 13:16:00.000000,2025-12-24 13:16:59.999922,1,BAY01_0256_20251224_131116_000.7z
2025-12-24 13:17:00,-100.336670,-0.100336670,3.782508,-49.350932,-54.768246,768000,768000,1.000000000,1,2025-12-24 13:17:00.000000,2025-12-24 13:17:59.999922,1,BAY01_0256_20251224_131116_000.7z
2025-12-24 13:18:00,-100.398926,-0.100398926,3.790382,-49.386110,-54.803198,768000,768000,1.000000000,1,2025-12-24 13:18:00.000000,2025-12-24 13:18:59.999922,1,BAY01_0256_20251224_131116_000.7z
2025-12-24 13:19:00,-100.285975,-0.100285975,3.776065,-49.305511,-54.756530,768000,768000,1.000000000,1,2025-12-24 13:19:00.000000,2025-12-24 13:19:59.999922,1,BAY01_0256_20251224_131116_000.7z
2025-12-24 13:20:00,-100.360612,-0.100360612,3.775217,-49.359754,-54.776075,768000,768000,1.000000000,1,2025-12-24 13:20:00.000000,2025-12-24 13:20:59.999922,1,BAY01_0256_20251224_131116_000.7z
2025-12-24 13:21:00,-114.385004,-0.114385004,3.751348,-56.420147,-61.716205,742418,768000,0.966690104,0,2025-12-24 13:21:00.000000,2025-12-24 13:21:59.999922,2,BAY01_0256_20251224_131116_000.7z;BAY01_0257_20251224_132118_000.7z
2025-12-24 13:22:00,-120.514759,-0.120514759,3.779483,-59.524536,-64.769706,768000,768000,1.000000000,1,2025-12-24 13:22:00.000000,2025-12-24 13:22:59.999922,1,BAY01_0257_20251224_132118_000.7z
2025-12-24 13:23:00,-100.443975,-0.100443975,3.752764,-49.398265,-54.798475,768000,768000,1.000000000,1,2025-12-24 13:23:00.000000,2025-12-24 13:23:59.999922,1,BAY01_0257_20251224_132118_000.7z
2025-12-24 13:24:00,-102.774056,-0.102774056,3.761754,-50.508128,-56.027681,768000,768000,1.000000000,1,2025-12-24 13:24:00.000000,2025-12-24 13:24:59.999922,1,BAY01_0257_20251224_132118_000.7z
2025-12-24 13:25:00,-101.816389,-0.101816389,3.804544,-50.084071,-55.536862,768000,768000,1.000000000,1,2025-12-24 13:25:00.000000,2025-12-24 13:25:59.999922,1,BAY01_0257_20251224_132118_000.7z
2025-12-24 13:26:00,-99.904464,-0.099904464,4.028064,-49.243955,-54.688573,768000,768000,1.000000000,1,2025-12-24 13:26:00.000000,2025-12-24 13:26:59.999922,1,BAY01_0257_20251224_132118_000.7z
2025-12-24 13:27:00,-99.471198,-0.099471198,4.577045,-49.272659,-54.775583,768000,768000,1.000000000,1,2025-12-24 13:27:00.000000,2025-12-24 13:27:59.999922,1,BAY01_0257_20251224_132118_000.7z
2025-12-24 13:28:00,-99.518123,-0.099518123,4.586279,-49.375393,-54.729009,768000,768000,1.000000000,1,2025-12-24 13:28:00.000000,2025-12-24 13:28:59.999922,1,BAY01_0257_20251224_132118_000.7z
2025-12-24 13:29:00,-99.418489,-0.099418489,4.577603,-49.351337,-54.644755,768000,768000,1.000000000,1,2025-12-24 13:29:00.000000,2025-12-24 13:29:59.999922,1,BAY01_0257_20251224_132118_000.7z
2025-12-24 13:30:00,-99.469585,-0.099469585,4.559117,-49.354358,-54.674344,768000,768000,1.000000000,1,2025-12-24 13:30:00.000000,2025-12-24 13:30:59.999922,1,BAY01_0257_20251224_132118_000.7z
2025-12-24 13:31:00,-112.361407,-0.112361407,4.589551,-55.856569,-61.094390,704032,768000,0.916708333,0,2025-12-24 13:31:00.000000,2025-12-24 13:31:59.999922,2,BAY01_0257_20251224_132118_000.7z;BAY01_0258_20251224_133123_000.7z
2025-12-24 13:32:00,-119.420632,-0.119420632,4.558700,-59.367218,-64.612114,768000,768000,1.000000000,1,2025-12-24 13:32:00.000000,2025-12-24 13:32:59.999922,1,BAY01_0258_20251224_133123_000.7z
2025-12-24 13:33:00,-101.851174,-0.101851174,4.532526,-50.525291,-55.858409,768000,768000,1.000000000,1,2025-12-24 13:33:00.000000,2025-12-24 13:33:59.999922,1,BAY01_0258_20251224_133123_000.7z
2025-12-24 13:34:00,-99.531672,-0.099531672,4.536843,-49.356364,-54.712150,768000,768000,1.000000000,1,2025-12-24 13:34:00.000000,2025-12-24 13:34:59.999922,1,BAY01_0258_20251224_133123_000.7z
2025-12-24 13:35:00,-101.928620,-0.101928620,4.554273,-50.551132,-55.931761,768000,768000,1.000000000,1,2025-12-24 13:35:00.000000,2025-12-24 13:35:59.999922,1,BAY01_0258_20251224_133123_000.7z
2025-12-24 13:36:00,-99.986493,-0.099986493,4.576591,-49.584243,-54.978841,768000,768000,1.000000000,1,2025-12-24 13:36:00.000000,2025-12-24 13:36:59.999922,1,BAY01_0258_20251224_133123_000.7z
2025-12-24 13:37:00,-99.754828,-0.099754828,4.516796,-49.444903,-54.826721,768000,768000,1.000000000,1,2025-12-24 13:37:00.000000,2025-12-24 13:37:59.999922,1,BAY01_0258_20251224_133123_000.7z
2025-12-24 13:38:00,-99.614419,-0.099614419,4.538054,-49.350200,-54.802274,768000,768000,1.000000000,1,2025-12-24 13:38:00.000000,2025-12-24 13:38:59.999922,1,BAY01_0258_20251224_133123_000.7z
2025-12-24 13:39:00,-99.482095,-0.099482095,4.552451,-49.256602,-54.777944,768000,768000,1.000000000,1,2025-12-24 13:39:00.000000,2025-12-24 13:39:59.999922,1,BAY01_0258_20251224_133123_000.7z
2025-12-24 13:40:00,-99.309482,-0.099309482,4.533295,-49.155481,-54.687296,768000,768000,1.000000000,1,2025-12-24 13:40:00.000000,2025-12-24 13:40:59.999922,1,BAY01_0258_20251224_133123_000.7z
2025-12-24 13:41:00,-110.636014,-0.110636014,4.586495,-54.868187,-60.354321,729622,768000,0.950028646,0,2025-12-24 13:41:00.000000,2025-12-24 13:41:59.999922,2,BAY01_0258_20251224_133123_000.7z;BAY01_0259_20251224_134126_000.7z
2025-12-24 13:42:00,-119.350519,-0.119350519,4.606254,-59.256858,-64.699915,768000,768000,1.000000000,1,2025-12-24 13:42:00.000000,2025-12-24 13:42:59.999922,1,BAY01_0259_20251224_134126_000.7z
2025-12-24 13:43:00,-103.271252,-0.103271252,4.552565,-51.173573,-56.650244,768000,768000,1.000000000,1,2025-12-24 13:43:00.000000,2025-12-24 13:43:59.999922,1,BAY01_0259_20251224_134126_000.7z
2025-12-24 13:44:00,-99.404438,-0.099404438,4.558268,-49.245585,-54.717120,768000,768000,1.000000000,1,2025-12-24 13:44:00.000000,2025-12-24 13:44:59.999922,1,BAY01_0259_20251224_134126_000.7z
2025-12-24 13:45:00,-101.815478,-0.101815478,4.568052,-50.439157,-55.944374,768000,768000,1.000000000,1,2025-12-24 13:45:00.000000,2025-12-24 13:45:59.999922,1,BAY01_0259_20251224_134126_000.7z
2025-12-24 13:46:00,-99.355682,-0.099355682,4.603889,-49.214496,-54.745076,768000,768000,1.000000000,1,2025-12-24 13:46:00.000000,2025-12-24 13:46:59.999922,1,BAY01_0259_20251224_134126_000.7z
2025-12-24 13:47:00,-99.665038,-0.099665038,4.539847,-49.363576,-54.841309,768000,768000,1.000000000,1,2025-12-24 13:47:00.000000,2025-12-24 13:47:59.999922,1,BAY01_0259_20251224_134126_000.7z
2025-12-24 13:48:00,-99.664265,-0.099664265,4.574328,-49.378456,-54.860137,768000,768000,1.000000000,1,2025-12-24 13:48:00.000000,2025-12-24 13:48:59.999922,1,BAY01_0259_20251224_134126_000.7z
2025-12-24 13:49:00,-100.036551,-0.100036551,4.511652,-49.524996,-55.023207,768000,768000,1.000000000,1,2025-12-24 13:49:00.000000,2025-12-24 13:49:59.999922,1,BAY01_0259_20251224_134126_000.7z
2025-12-24 13:50:00,-99.479639,-0.099479639,4.563388,-49.290287,-54.752740,768000,768000,1.000000000,1,2025-12-24 13:50:00.000000,2025-12-24 13:50:59.999922,1,BAY01_0259_20251224_134126_000.7z
2025-12-24 13:51:00,-110.077945,-0.110077945,4.619088,-54.667274,-60.029759,716812,768000,0.933348958,0,2025-12-24 13:51:00.000000,2025-12-24 13:51:59.999922,2,BAY01_0259_20251224_134126_000.7z;BAY01_0260_20251224_135130_000.7z
2025-12-24 13:52:00,-119.832875,-0.119832875,4.623325,-59.566273,-64.889927,768000,768000,1.000000000,1,2025-12-24 13:52:00.000000,2025-12-24 13:52:59.999922,1,BAY01_0260_20251224_135130_000.7z
2025-12-24 13:53:00,-104.451939,-0.104451939,4.539158,-51.802275,-57.188822,768000,768000,1.000000000,1,2025-12-24 13:53:00.000000,2025-12-24 13:53:59.999922,1,BAY01_0260_20251224_135130_000.7z
2025-12-24 13:54:00,-102.647328,-0.102647328,4.473464,-50.868014,-56.252777,768000,768000,1.000000000,1,2025-12-24 13:54:00.000000,2025-12-24 13:54:59.999922,1,BAY01_0260_20251224_135130_000.7z
2025-12-24 13:55:00,-102.902042,-0.102902042,4.528020,-51.039396,-56.390666,768000,768000,1.000000000,1,2025-12-24 13:55:00.000000,2025-12-24 13:55:59.999922,1,BAY01_0260_20251224_135130_000.7z
2025-12-24 13:56:00,-100.521825,-0.100521825,4.675642,-49.967015,-55.230453,768000,768000,1.000000000,1,2025-12-24 13:56:00.000000,2025-12-24 13:56:59.999922,1,BAY01_0260_20251224_135130_000.7z
2025-12-24 13:57:00,-99.943464,-0.099943464,4.580076,-49.605551,-54.917988,768000,768000,1.000000000,1,2025-12-24 13:57:00.000000,2025-12-24 13:57:59.999922,1,BAY01_0260_20251224_135130_000.7z
2025-12-24 13:58:00,-99.972587,-0.099972587,4.544129,-49.608264,-54.908452,768000,768000,1.000000000,1,2025-12-24 13:58:00.000000,2025-12-24 13:58:59.999922,1,BAY01_0260_20251224_135130_000.7z
2025-12-24 13:59:00,-98.639231,-0.098639231,4.576374,-48.971042,-54.244562,768000,768000,1.000000000,1,2025-12-24 13:59:00.000000,2025-12-24 13:59:59.999922,1,BAY01_0260_20251224_135130_000.7z
2025-12-24 14:00:00,-99.763816,-0.099763816,4.535638,-49.417108,-54.882345,768000,768000,1.000000000,1,2025-12-24 14:00:00.000000,2025-12-24 14:00:59.999922,1,BAY01_0260_20251224_135130_000.7z
2025-12-24 14:01:00,-108.882752,-0.108882752,4.625069,-54.048198,-59.459623,716939,768000,0.933514323,0,2025-12-24 14:01:00.000000,2025-12-24 14:01:59.999922,2,BAY01_0260_20251224_135130_000.7z;BAY01_0261_20251224_140134_000.7z
2025-12-24 14:02:00,-119.657640,-0.119657640,4.555124,-59.432111,-64.780652,768000,768000,1.000000000,1,2025-12-24 14:02:00.000000,2025-12-24 14:02:59.999922,1,BAY01_0261_20251224_140134_000.7z
2025-12-24 14:03:00,-105.956446,-0.105956446,4.516513,-52.523163,-57.949796,768000,768000,1.000000000,1,2025-12-24 14:03:00.000000,2025-12-24 14:03:59.999922,1,BAY01_0261_20251224_140134_000.7z
2025-12-24 14:04:00,-99.901166,-0.099901166,4.518106,-49.529362,-54.889910,768000,768000,1.000000000,1,2025-12-24 14:04:00.000000,2025-12-24 14:04:59.999922,1,BAY01_0261_20251224_140134_000.7z
2025-12-24 14:05:00,-103.022363,-0.103022363,4.526411,-51.146745,-56.402029,768000,768000,1.000000000,1,2025-12-24 14:05:00.000000,2025-12-24 14:05:59.999922,1,BAY01_0261_20251224_140134_000.7z
2025-12-24 14:06:00,-100.169847,-0.100169847,4.630862,-49.736238,-55.064470,768000,768000,1.000000000,1,2025-12-24 14:06:00.000000,2025-12-24 14:06:59.999922,1,BAY01_0261_20251224_140134_000.7z
2025-12-24 14:07:00,-99.974385,-0.099974385,4.607770,-49.611272,-54.970883,768000,768000,1.000000000,1,2025-12-24 14:07:00.000000,2025-12-24 14:07:59.999922,1,BAY01_0261_20251224_140134_000.7z
2025-12-24 14:08:00,-100.118776,-0.100118776,4.544307,-49.662751,-55.000331,768000,768000,1.000000000,1,2025-12-24 14:08:00.000000,2025-12-24 14:08:59.999922,1,BAY01_0261_20251224_140134_000.7z
2025-12-24 14:09:00,-98.447585,-0.098447585,4.550964,-48.842109,-54.156440,768000,768000,1.000000000,1,2025-12-24 14:09:00.000000,2025-12-24 14:09:59.999922,1,BAY01_0261_20251224_140134_000.7z
2025-12-24 14:10:00,-99.792705,-0.099792705,4.583533,-49.546403,-54.829836,768000,768000,1.000000000,1,2025-12-24 14:10:00.000000,2025-12-24 14:10:59.999922,1,BAY01_0261_20251224_140134_000.7z
2025-12-24 14:11:00,-107.415406,-0.107415406,4.666548,-53.407853,-58.674101,704110,768000,0.916809896,0,2025-12-24 14:11:00.000000,2025-12-24 14:11:59.999922,2,BAY01_0261_20251224_140134_000.7z;BAY01_0262_20251224_141139_000.7z
2025-12-24 14:12:00,-119.721673,-0.119721673,4.594189,-59.561164,-64.754698,768000,768000,1.000000000,1,2025-12-24 14:12:00.000000,2025-12-24 14:12:59.999922,1,BAY01_0262_20251224_141139_000.7z
2025-12-24 14:13:00,-107.316945,-0.107316945,4.545630,-53.265567,-58.597008,768000,768000,1.000000000,1,2025-12-24 14:13:00.000000,2025-12-24 14:13:59.999922,1,BAY01_0262_20251224_141139_000.7z
2025-12-24 14:14:00,-100.680292,-0.100680292,4.596023,-49.952183,-55.324132,768000,768000,1.000000000,1,2025-12-24 14:14:00.000000,2025-12-24 14:14:59.999922,1,BAY01_0262_20251224_141139_000.7z
2025-12-24 14:15:00,-102.669821,-0.102669821,4.591547,-50.932610,-56.328758,768000,768000,1.000000000,1,2025-12-24 14:15:00.000000,2025-12-24 14:15:59.999922,1,BAY01_0262_20251224_141139_000.7z
2025-12-24 14:16:00,-100.349514,-0.100349514,4.586082,-49.763900,-55.171696,768000,768000,1.000000000,1,2025-12-24 14:16:00.000000,2025-12-24 14:16:59.999922,1,BAY01_0262_20251224_141139_000.7z
2025-12-24 14:17:00,-100.321500,-0.100321500,4.553691,-49.766306,-55.108885,768000,768000,1.000000000,1,2025-12-24 14:17:00.000000,2025-12-24 14:17:59.999922,1,BAY01_0262_20251224_141139_000.7z
2025-12-24 14:18:00,-100.141876,-0.100141876,4.525768,-49.653736,-55.013908,768000,768000,1.000000000,1,2025-12-24 14:18:00.000000,2025-12-24 14:18:59.999922,1,BAY01_0262_20251224_141139_000.7z
2025-12-24 14:19:00,-100.469744,-0.100469744,4.610780,-49.848302,-55.232223,768000,768000,1.000000000,1,2025-12-24 14:19:00.000000,2025-12-24 14:19:59.999922,1,BAY01_0262_20251224_141139_000.7z
2025-12-24 14:20:00,-99.793984,-0.099793984,4.591383,-49.485845,-54.899523,768000,768000,1.000000000,1,2025-12-24 14:20:00.000000,2025-12-24 14:20:59.999922,1,BAY01_0262_20251224_141139_000.7z
2025-12-24 14:21:00,-105.720899,-0.105720899,4.598319,-52.476238,-57.842980,729693,768000,0.950121094,0,2025-12-24 14:21:00.000000,2025-12-24 14:21:59.999922,2,BAY01_0262_20251224_141139_000.7z;BAY01_0263_20251224_142142_000.7z
2025-12-24 14:22:00,-119.749574,-0.119749574,4.603083,-59.550739,-64.801918,768000,768000,1.000000000,1,2025-12-24 14:22:00.000000,2025-12-24 14:22:59.999922,1,BAY01_0263_20251224_142142_000.7z
2025-12-24 14:23:00,-109.059488,-0.109059488,4.515537,-54.080007,-59.495017,768000,768000,1.000000000,1,2025-12-24 14:23:00.000000,2025-12-24 14:23:59.999922,1,BAY01_0263_20251224_142142_000.7z
2025-12-24 14:24:00,-102.730979,-0.102730979,4.640287,-50.978690,-56.392576,768000,768000,1.000000000,1,2025-12-24 14:24:00.000000,2025-12-24 14:24:59.999922,1,BAY01_0263_20251224_142142_000.7z
2025-12-24 14:25:00,-102.934875,-0.102934875,4.629088,-51.077288,-56.486674,768000,768000,1.000000000,1,2025-12-24 14:25:00.000000,2025-12-24 14:25:59.999922,1,BAY01_0263_20251224_142142_000.7z
2025-12-24 14:26:00,-100.224725,-0.100224725,4.581206,-49.703007,-55.102925,768000,768000,1.000000000,1,2025-12-24 14:26:00.000000,2025-12-24 14:26:59.999922,1,BAY01_0263_20251224_142142_000.7z
2025-12-24 14:27:00,-100.473564,-0.100473564,4.526997,-49.821863,-55.178698,768000,768000,1.000000000,1,2025-12-24 14:27:00.000000,2025-12-24 14:27:59.999922,1,BAY01_0263_20251224_142142_000.7z
2025-12-24 14:28:00,-100.238181,-0.100238181,4.581839,-49.721855,-55.098165,768000,768000,1.000000000,1,2025-12-24 14:28:00.000000,2025-12-24 14:28:59.999922,1,BAY01_0263_20251224_142142_000.7z
2025-12-24 14:29:00,-99.819218,-0.099819218,4.564742,-49.473178,-54.910782,768000,768000,1.000000000,1,2025-12-24 14:29:00.000000,2025-12-24 14:29:59.999922,1,BAY01_0263_20251224_142142_000.7z
2025-12-24 14:30:00,-99.494362,-0.099494362,4.512819,-49.320801,-54.686380,768000,768000,1.000000000,1,2025-12-24 14:30:00.000000,2025-12-24 14:30:59.999922,1,BAY01_0263_20251224_142142_000.7z
2025-12-24 14:31:00,-104.293170,-0.104293170,4.626595,-51.775446,-57.144318,704007,768000,0.916675781,0,2025-12-24 14:31:00.000000,2025-12-24 14:31:59.999922,2,BAY01_0263_20251224_142142_000.7z;BAY01_0264_20251224_143147_000.7z
2025-12-24 14:32:00,-119.725421,-0.119725421,4.562060,-59.505575,-64.781907,768000,768000,1.000000000,1,2025-12-24 14:32:00.000000,2025-12-24 14:32:59.999922,1,BAY01_0264_20251224_143147_000.7z
2025-12-24 14:33:00,-110.525360,-0.110525360,4.492596,-54.875146,-60.142811,768000,768000,1.000000000,1,2025-12-24 14:33:00.000000,2025-12-24 14:33:59.999922,1,BAY01_0264_20251224_143147_000.7z
2025-12-24 14:34:00,-99.831335,-0.099831335,4.628900,-49.521036,-54.939199,768000,768000,1.000000000,1,2025-12-24 14:34:00.000000,2025-12-24 14:34:59.999922,1,BAY01_0264_20251224_143147_000.7z
2025-12-24 14:35:00,-101.918942,-0.101918942,4.477223,-50.462164,-55.934000,768000,768000,1.000000000,1,2025-12-24 14:35:00.000000,2025-12-24 14:35:59.999922,1,BAY01_0264_20251224_143147_000.7z
2025-12-24 14:36:00,-100.723423,-0.100723423,4.530635,-49.938874,-55.315184,768000,768000,1.000000000,1,2025-12-24 14:36:00.000000,2025-12-24 14:36:59.999922,1,BAY01_0264_20251224_143147_000.7z
2025-12-24 14:37:00,-100.050201,-0.100050201,4.450535,-49.576104,-54.924633,768000,768000,1.000000000,1,2025-12-24 14:37:00.000000,2025-12-24 14:37:59.999922,1,BAY01_0264_20251224_143147_000.7z
2025-12-24 14:38:00,-100.055519,-0.100055519,4.628659,-49.670822,-55.013356,768000,768000,1.000000000,1,2025-12-24 14:38:00.000000,2025-12-24 14:38:59.999922,1,BAY01_0264_20251224_143147_000.7z
2025-12-24 14:39:00,-99.953845,-0.099953845,4.584554,-49.583823,-54.954576,768000,768000,1.000000000,1,2025-12-24 14:39:00.000000,2025-12-24 14:39:59.999922,1,BAY01_0264_20251224_143147_000.7z
2025-12-24 14:40:00,-100.002569,-0.100002569,4.596049,-49.620932,-54.977687,768000,768000,1.000000000,1,2025-12-24 14:40:00.000000,2025-12-24 14:40:59.999922,1,BAY01_0264_20251224_143147_000.7z
2025-12-24 14:41:00,-103.836255,-0.103836255,4.647481,-51.567749,-56.915987,742520,768000,0.966822917,0,2025-12-24 14:41:00.000000,2025-12-24 14:41:59.999922,2,BAY01_0264_20251224_143147_000.7z;BAY01_0265_20251224_144149_000.7z
2025-12-24 14:42:00,-119.962494,-0.119962494,4.554931,-59.649387,-64.868037,768000,768000,1.000000000,1,2025-12-24 14:42:00.000000,2025-12-24 14:42:59.999922,1,BAY01_0265_20251224_144149_000.7z
2025-12-24 14:43:00,-111.629228,-0.111629228,4.516292,-55.425844,-60.719677,768000,768000,1.000000000,1,2025-12-24 14:43:00.000000,2025-12-24 14:43:59.999922,1,BAY01_0265_20251224_144149_000.7z
2025-12-24 14:44:00,-99.816373,-0.099816373,4.539010,-49.514476,-54.840906,768000,768000,1.000000000,1,2025-12-24 14:44:00.000000,2025-12-24 14:44:59.999922,1,BAY01_0265_20251224_144149_000.7z
2025-12-24 14:45:00,-103.566894,-0.103566894,4.500060,-51.357136,-56.709818,768000,768000,1.000000000,1,2025-12-24 14:45:00.000000,2025-12-24 14:45:59.999922,1,BAY01_0265_20251224_144149_000.7z
2025-12-24 14:46:00,-98.537791,-0.098537791,4.614729,-48.908635,-54.243885,768000,768000,1.000000000,1,2025-12-24 14:46:00.000000,2025-12-24 14:46:59.999922,1,BAY01_0265_20251224_144149_000.7z
2025-12-24 14:47:00,-98.987622,-0.098987622,4.502369,-49.072383,-54.417609,768000,768000,1.000000000,1,2025-12-24 14:47:00.000000,2025-12-24 14:47:59.999922,1,BAY01_0265_20251224_144149_000.7z
2025-12-24 14:48:00,-99.919554,-0.099919554,4.550938,-49.573793,-54.896698,768000,768000,1.000000000,1,2025-12-24 14:48:00.000000,2025-12-24 14:48:59.999922,1,BAY01_0265_20251224_144149_000.7z
2025-12-24 14:49:00,-99.745514,-0.099745514,4.555039,-49.456043,-54.844509,768000,768000,1.000000000,1,2025-12-24 14:49:00.000000,2025-12-24 14:49:59.999922,1,BAY01_0265_20251224_144149_000.7z
2025-12-24 14:50:00,-99.765010,-0.099765010,4.561210,-49.470422,-54.855798,768000,768000,1.000000000,1,2025-12-24 14:50:00.000000,2025-12-24 14:50:59.999922,1,BAY01_0265_20251224_144149_000.7z
2025-12-24 14:51:00,-101.112424,-0.101112424,4.621277,-50.229250,-55.504451,704091,768000,0.916785156,0,2025-12-24 14:51:00.000000,2025-12-24 14:51:59.999922,2,BAY01_0265_20251224_144149_000.7z;BAY01_0266_20251224_145154_000.7z
2025-12-24 14:52:00,-119.670005,-0.119670005,4.551115,-59.508913,-64.712207,768000,768000,1.000000000,1,2025-12-24 14:52:00.000000,2025-12-24 14:52:59.999922,1,BAY01_0266_20251224_145154_000.7z
2025-12-24 14:53:00,-111.929588,-0.111929588,4.564073,-55.597037,-60.896624,768000,768000,1.000000000,1,2025-12-24 14:53:00.000000,2025-12-24 14:53:59.999922,1,BAY01_0266_20251224_145154_000.7z
2025-12-24 14:54:00,-101.345659,-0.101345659,4.562378,-50.260603,-55.647435,768000,768000,1.000000000,1,2025-12-24 14:54:00.000000,2025-12-24 14:54:59.999922,1,BAY01_0266_20251224_145154_000.7z
2025-12-24 14:55:00,-102.643700,-0.102643700,4.553583,-50.932133,-56.265150,768000,768000,1.000000000,1,2025-12-24 14:55:00.000000,2025-12-24 14:55:59.999922,1,BAY01_0266_20251224_145154_000.7z
2025-12-24 14:56:00,-101.906861,-0.101906861,4.535761,-50.575547,-55.867075,768000,768000,1.000000000,1,2025-12-24 14:56:00.000000,2025-12-24 14:56:59.999922,1,BAY01_0266_20251224_145154_000.7z
2025-12-24 14:57:00,-100.474737,-0.100474737,4.566821,-49.845250,-55.196308,768000,768000,1.000000000,1,2025-12-24 14:57:00.000000,2025-12-24 14:57:59.999922,1,BAY01_0266_20251224_145154_000.7z
2025-12-24 14:58:00,-99.374552,-0.099374552,4.590406,-49.343722,-54.621236,768000,768000,1.000000000,1,2025-12-24 14:58:00.000000,2025-12-24 14:58:59.999922,1,BAY01_0266_20251224_145154_000.7z
2025-12-24 14:59:00,-99.686137,-0.099686137,4.552873,-49.447613,-54.791398,768000,768000,1.000000000,1,2025-12-24 14:59:00.000000,2025-12-24 14:59:59.999922,1,BAY01_0266_20251224_145154_000.7z
2025-12-24 15:00:00,-99.747801,-0.099747801,4.571399,-49.423906,-54.895294,768000,768000,1.000000000,1,2025-12-24 15:00:00.000000,2025-12-24 15:00:59.999922,1,BAY01_0266_20251224_145154_000.7z
2025-12-24 15:01:00,-98.677891,-0.098677891,4.612965,-48.947208,-54.343649,704119,768000,0.916821615,0,2025-12-24 15:01:00.000000,2025-12-24 15:01:59.999922,2,BAY01_0266_20251224_145154_000.7z;BAY01_0267_20251224_150159_000.7z
2025-12-24 15:02:00,-119.283112,-0.119283112,4.586239,-59.324201,-64.545150,768000,768000,1.000000000,1,2025-12-24 15:02:00.000000,2025-12-24 15:02:59.999922,1,BAY01_0267_20251224_150159_000.7z
2025-12-24 15:03:00,-114.541894,-0.114541894,4.557080,-56.909584,-62.189391,768000,768000,1.000000000,1,2025-12-24 15:03:00.000000,2025-12-24 15:03:59.999922,1,BAY01_0267_20251224_150159_000.7z
2025-12-24 15:04:00,-99.719841,-0.099719841,4.544746,-49.498112,-54.766475,768000,768000,1.000000000,1,2025-12-24 15:04:00.000000,2025-12-24 15:04:59.999922,1,BAY01_0267_20251224_150159_000.7z
2025-12-24 15:05:00,-101.767899,-0.101767899,4.565124,-50.485575,-55.847449,768000,768000,1.000000000,1,2025-12-24 15:05:00.000000,2025-12-24 15:05:59.999922,1,BAY01_0267_20251224_150159_000.7z
2025-12-24 15:06:00,-99.616368,-0.099616368,4.558523,-49.439370,-54.735522,768000,768000,1.000000000,1,2025-12-24 15:06:00.000000,2025-12-24 15:06:59.999922,1,BAY01_0267_20251224_150159_000.7z
2025-12-24 15:07:00,-99.538922,-0.099538922,4.623664,-49.426977,-54.735609,768000,768000,1.000000000,1,2025-12-24 15:07:00.000000,2025-12-24 15:07:59.999922,1,BAY01_0267_20251224_150159_000.7z
2025-12-24 15:08:00,-99.828745,-0.099828745,4.566663,-49.551413,-54.843995,768000,768000,1.000000000,1,2025-12-24 15:08:00.000000,2025-12-24 15:08:59.999922,1,BAY01_0267_20251224_150159_000.7z
2025-12-24 15:09:00,-99.776588,-0.099776588,4.545224,-49.529556,-54.792256,768000,768000,1.000000000,1,2025-12-24 15:09:00.000000,2025-12-24 15:09:59.999922,1,BAY01_0267_20251224_150159_000.7z
2025-12-24 15:10:00,-99.689866,-0.099689866,4.536043,-49.475327,-54.750582,768000,768000,1.000000000,1,2025-12-24 15:10:00.000000,2025-12-24 15:10:59.999922,1,BAY01_0267_20251224_150159_000.7z
2025-12-24 15:11:00,-99.888039,-0.099888039,4.580225,-49.577114,-54.891150,755339,768000,0.983514323,0,2025-12-24 15:11:00.000000,2025-12-24 15:11:59.010781,1,BAY01_0267_20251224_150159_000.7z
2025-12-24 15:12:00,-118.685820,-0.118685820,4.598031,-59.052208,-64.231643,716800,768000,0.933333333,0,2025-12-24 15:12:04.000000,2025-12-24 15:12:59.999922,1,BAY01_0268_20251224_151204_000.7z
2025-12-24 15:13:00,-115.483318,-0.115483318,4.537068,-57.401993,-62.618393,768000,768000,1.000000000,1,2025-12-24 15:13:00.000000,2025-12-24 15:13:59.999922,1,BAY01_0268_20251224_151204_000.7z
2025-12-24 15:14:00,-100.265620,-0.100265620,4.531925,-49.750077,-55.047468,768000,768000,1.000000000,1,2025-12-24 15:14:00.000000,2025-12-24 15:14:59.999922,1,BAY01_0268_20251224_151204_000.7z
2025-12-24 15:15:00,-100.711726,-0.100711726,4.562433,-50.046546,-55.227614,768000,768000,1.000000000,1,2025-12-24 15:15:00.000000,2025-12-24 15:15:59.999922,1,BAY01_0268_20251224_151204_000.7z
2025-12-24 15:16:00,-100.296016,-0.100296016,4.561979,-49.837879,-55.020117,768000,768000,1.000000000,1,2025-12-24 15:16:00.000000,2025-12-24 15:16:59.999922,1,BAY01_0268_20251224_151204_000.7z
2025-12-24 15:17:00,-99.597525,-0.099597525,4.621924,-49.500491,-54.718958,768000,768000,1.000000000,1,2025-12-24 15:17:00.000000,2025-12-24 15:17:59.999922,1,BAY01_0268_20251224_151204_000.7z
2025-12-24 15:18:00,-99.639588,-0.099639588,4.516613,-49.442862,-54.713339,768000,768000,1.000000000,1,2025-12-24 15:18:00.000000,2025-12-24 15:18:59.999922,1,BAY01_0268_20251224_151204_000.7z
2025-12-24 15:19:00,-99.645272,-0.099645272,4.547957,-49.469918,-54.723310,768000,768000,1.000000000,1,2025-12-24 15:19:00.000000,2025-12-24 15:19:59.999922,1,BAY01_0268_20251224_151204_000.7z
2025-12-24 15:20:00,-99.731914,-0.099731914,4.559151,-49.558951,-54.732114,768000,768000,1.000000000,1,2025-12-24 15:20:00.000000,2025-12-24 15:20:59.999922,1,BAY01_0268_20251224_151204_000.7z
2025-12-24 15:21:00,-99.480148,-0.099480148,4.581122,-49.439311,-54.621958,768000,768000,1.000000000,1,2025-12-24 15:21:00.000000,2025-12-24 15:21:59.999922,1,BAY01_0268_20251224_151204_000.7z
2025-12-24 15:22:00,-118.813610,-0.118813610,4.525264,-59.122601,-64.216273,729699,768000,0.950128906,0,2025-12-24 15:22:00.000000,2025-12-24 15:22:59.999922,2,BAY01_0268_20251224_151204_000.7z;BAY01_0269_20251224_152207_000.7z
2025-12-24 15:23:00,-116.283534,-0.116283534,4.541793,-57.842883,-62.982444,768000,768000,1.000000000,1,2025-12-24 15:23:00.000000,2025-12-24 15:23:59.999922,1,BAY01_0269_20251224_152207_000.7z
2025-12-24 15:24:00,-102.439748,-0.102439748,4.552775,-50.903166,-56.089357,768000,768000,1.000000000,1,2025-12-24 15:24:00.000000,2025-12-24 15:24:59.999922,1,BAY01_0269_20251224_152207_000.7z
2025-12-24 15:25:00,-99.553881,-0.099553881,4.574527,-49.459602,-54.668805,768000,768000,1.000000000,1,2025-12-24 15:25:00.000000,2025-12-24 15:25:59.999922,1,BAY01_0269_20251224_152207_000.7z
2025-12-24 15:26:00,-98.275120,-0.098275120,4.496745,-48.796272,-53.975593,768000,768000,1.000000000,1,2025-12-24 15:26:00.000000,2025-12-24 15:26:59.999922,1,BAY01_0269_20251224_152207_000.7z
2025-12-24 15:27:00,-97.961668,-0.097961668,4.648266,-48.667296,-53.942639,768000,768000,1.000000000,1,2025-12-24 15:27:00.000000,2025-12-24 15:27:59.999922,1,BAY01_0269_20251224_152207_000.7z
2025-12-24 15:28:00,-98.657365,-0.098657365,4.655095,-48.994833,-54.317627,768000,768000,1.000000000,1,2025-12-24 15:28:00.000000,2025-12-24 15:28:59.999922,1,BAY01_0269_20251224_152207_000.7z
2025-12-24 15:29:00,-99.749125,-0.099749125,4.588294,-49.510374,-54.827045,768000,768000,1.000000000,1,2025-12-24 15:29:00.000000,2025-12-24 15:29:59.999922,1,BAY01_0269_20251224_152207_000.7z
2025-12-24 15:30:00,-98.341484,-0.098341484,4.558895,-48.804455,-54.095924,768000,768000,1.000000000,1,2025-12-24 15:30:00.000000,2025-12-24 15:30:59.999922,1,BAY01_0269_20251224_152207_000.7z
2025-12-24 15:31:00,-99.594312,-0.099594312,4.601367,-49.483411,-54.712268,768000,768000,1.000000000,1,2025-12-24 15:31:00.000000,2025-12-24 15:31:59.999922,1,BAY01_0269_20251224_152207_000.7z
2025-12-24 15:32:00,-115.868090,-0.115868090,4.547254,-57.587778,-62.827566,691292,768000,0.900119792,0,2025-12-24 15:32:00.000000,2025-12-24 15:32:59.999922,2,BAY01_0269_20251224_152207_000.7z;BAY01_0270_20251224_153213_000.7z
2025-12-24 15:33:00,-117.060697,-0.117060697,4.655969,-58.226616,-63.490050,768000,768000,1.000000000,1,2025-12-24 15:33:00.000000,2025-12-24 15:33:59.999922,1,BAY01_0270_20251224_153213_000.7z
2025-12-24 15:34:00,-98.537363,-0.098537363,4.591871,-48.941303,-54.187930,768000,768000,1.000000000,1,2025-12-24 15:34:00.000000,2025-12-24 15:34:59.999922,1,BAY01_0270_20251224_153213_000.7z
2025-12-24 15:35:00,-99.685745,-0.099685745,4.462042,-49.434231,-54.713556,768000,768000,1.000000000,1,2025-12-24 15:35:00.000000,2025-12-24 15:35:59.999922,1,BAY01_0270_20251224_153213_000.7z
2025-12-24 15:36:00,-98.384859,-0.098384859,4.632112,-48.834043,-54.182928,768000,768000,1.000000000,1,2025-12-24 15:36:00.000000,2025-12-24 15:36:59.999922,1,BAY01_0270_20251224_153213_000.7z
2025-12-24 15:37:00,-98.571844,-0.098571844,4.550358,-48.916519,-54.205684,768000,768000,1.000000000,1,2025-12-24 15:37:00.000000,2025-12-24 15:37:59.999922,1,BAY01_0270_20251224_153213_000.7z
2025-12-24 15:38:00,-98.470426,-0.098470426,4.515304,-48.872523,-54.113207,768000,768000,1.000000000,1,2025-12-24 15:38:00.000000,2025-12-24 15:38:59.999922,1,BAY01_0270_20251224_153213_000.7z
2025-12-24 15:39:00,-98.237913,-0.098237913,4.633843,-48.808940,-54.062815,768000,768000,1.000000000,1,2025-12-24 15:39:00.000000,2025-12-24 15:39:59.999922,1,BAY01_0270_20251224_153213_000.7z
2025-12-24 15:40:00,-98.649375,-0.098649375,4.534002,-48.965715,-54.217662,768000,768000,1.000000000,1,2025-12-24 15:40:00.000000,2025-12-24 15:40:59.999922,1,BAY01_0270_20251224_153213_000.7z
2025-12-24 15:41:00,-101.423627,-0.101423627,4.531205,-50.328403,-55.626429,768000,768000,1.000000000,1,2025-12-24 15:41:00.000000,2025-12-24 15:41:59.999922,1,BAY01_0270_20251224_153213_000.7z
2025-12-24 15:42:00,-113.665527,-0.113665527,4.687563,-56.594659,-61.758431,704124,768000,0.916828125,0,2025-12-24 15:42:00.000000,2025-12-24 15:42:59.999922,2,BAY01_0270_20251224_153213_000.7z;BAY01_0271_20251224_154218_000.7z
2025-12-24 15:43:00,-118.536801,-0.118536801,4.615814,-58.949888,-64.202727,768000,768000,1.000000000,1,2025-12-24 15:43:00.000000,2025-12-24 15:43:59.999922,1,BAY01_0271_20251224_154218_000.7z
2025-12-24 15:44:00,-98.815408,-0.098815408,4.510777,-49.064968,-54.261217,768000,768000,1.000000000,1,2025-12-24 15:44:00.000000,2025-12-24 15:44:59.999922,1,BAY01_0271_20251224_154218_000.7z
2025-12-24 15:45:00,-99.868846,-0.099868846,4.612428,-49.637679,-54.843596,768000,768000,1.000000000,1,2025-12-24 15:45:00.000000,2025-12-24 15:45:59.999922,1,BAY01_0271_20251224_154218_000.7z
2025-12-24 15:46:00,-99.952197,-0.099952197,4.645606,-49.731543,-54.866260,768000,768000,1.000000000,1,2025-12-24 15:46:00.000000,2025-12-24 15:46:59.999922,1,BAY01_0271_20251224_154218_000.7z
2025-12-24 15:47:00,-99.648468,-0.099648468,4.668906,-49.525191,-54.792183,768000,768000,1.000000000,1,2025-12-24 15:47:00.000000,2025-12-24 15:47:59.999922,1,BAY01_0271_20251224_154218_000.7z
2025-12-24 15:48:00,-100.406231,-0.100406231,4.513436,-49.829276,-55.090391,768000,768000,1.000000000,1,2025-12-24 15:48:00.000000,2025-12-24 15:48:59.999922,1,BAY01_0271_20251224_154218_000.7z
2025-12-24 15:49:00,-98.592424,-0.098592424,4.544271,-48.910664,-54.226032,768000,768000,1.000000000,1,2025-12-24 15:49:00.000000,2025-12-24 15:49:59.999922,1,BAY01_0271_20251224_154218_000.7z
2025-12-24 15:50:00,-98.486703,-0.098486703,4.673307,-48.888644,-54.271366,768000,768000,1.000000000,1,2025-12-24 15:50:00.000000,2025-12-24 15:50:59.999922,1,BAY01_0271_20251224_154218_000.7z
2025-12-24 15:51:00,-98.439364,-0.098439364,4.629558,-48.924690,-54.144232,768000,768000,1.000000000,1,2025-12-24 15:51:00.000000,2025-12-24 15:51:59.999922,1,BAY01_0271_20251224_154218_000.7z
2025-12-24 15:52:00,-111.459887,-0.111459887,4.563578,-55.446647,-60.576818,704108,768000,0.916807292,0,2025-12-24 15:52:00.000000,2025-12-24 15:52:59.999922,2,BAY01_0271_20251224_154218_000.7z;BAY01_0272_20251224_155223_000.7z
2025-12-24 15:53:00,-117.912329,-0.117912329,4.646475,-58.713697,-63.845107,768000,768000,1.000000000,1,2025-12-24 15:53:00.000000,2025-12-24 15:53:59.999922,1,BAY01_0272_20251224_155223_000.7z
2025-12-24 15:54:00,-102.906265,-0.102906265,4.496069,-51.101253,-56.301081,768000,768000,1.000000000,1,2025-12-24 15:54:00.000000,2025-12-24 15:54:59.999922,1,BAY01_0272_20251224_155223_000.7z
2025-12-24 15:55:00,-99.991051,-0.099991051,4.526643,-49.601514,-54.916179,768000,768000,1.000000000,1,2025-12-24 15:55:00.000000,2025-12-24 15:55:59.999922,1,BAY01_0272_20251224_155223_000.7z
2025-12-24 15:56:00,-100.303285,-0.100303285,4.611981,-49.828735,-55.086531,768000,768000,1.000000000,1,2025-12-24 15:56:00.000000,2025-12-24 15:56:59.999922,1,BAY01_0272_20251224_155223_000.7z
2025-12-24 15:57:00,-98.124533,-0.098124533,4.645642,-48.722002,-54.048174,768000,768000,1.000000000,1,2025-12-24 15:57:00.000000,2025-12-24 15:57:59.999922,1,BAY01_0272_20251224_155223_000.7z
2025-12-24 15:58:00,-98.906641,-0.098906641,4.547480,-49.046116,-54.408005,768000,768000,1.000000000,1,2025-12-24 15:58:00.000000,2025-12-24 15:58:59.999922,1,BAY01_0272_20251224_155223_000.7z
2025-12-24 15:59:00,-98.823348,-0.098823348,4.473447,-48.934556,-54.362239,768000,768000,1.000000000,1,2025-12-24 15:59:00.000000,2025-12-24 15:59:59.999922,1,BAY01_0272_20251224_155223_000.7z
2025-12-24 16:00:00,-98.464044,-0.098464044,4.664582,-48.877378,-54.251248,768000,768000,1.000000000,1,2025-12-24 16:00:00.000000,2025-12-24 16:00:59.999922,1,BAY01_0272_20251224_155223_000.7z
2025-12-24 16:01:00,-98.466049,-0.098466049,4.634152,-48.907543,-54.192658,768000,768000,1.000000000,1,2025-12-24 16:01:00.000000,2025-12-24 16:01:59.999922,1,BAY01_0272_20251224_155223_000.7z
2025-12-24 16:02:00,-109.361864,-0.109361864,4.666125,-54.374509,-59.653479,691323,768000,0.900160156,0,2025-12-24 16:02:00.000000,2025-12-24 16:02:59.999922,2,BAY01_0272_20251224_155223_000.7z;BAY01_0273_20251224_160229_000.7z
2025-12-24 16:03:00,-118.918810,-0.118918810,4.631938,-59.188125,-64.362623,768000,768000,1.000000000,1,2025-12-24 16:03:00.000000,2025-12-24 16:03:59.999922,1,BAY01_0273_20251224_160229_000.7z
2025-12-24 16:04:00,-103.021730,-0.103021730,4.691695,-51.193496,-56.519930,768000,768000,1.000000000,1,2025-12-24 16:04:00.000000,2025-12-24 16:04:59.999922,1,BAY01_0273_20251224_160229_000.7z
2025-12-24 16:05:00,-100.122573,-0.100122573,4.500439,-49.678450,-54.944562,768000,768000,1.000000000,1,2025-12-24 16:05:00.000000,2025-12-24 16:05:59.999922,1,BAY01_0273_20251224_160229_000.7z
2025-12-24 16:06:00,-98.517451,-0.098517451,4.556425,-48.939794,-54.134082,768000,768000,1.000000000,1,2025-12-24 16:06:00.000000,2025-12-24 16:06:59.999922,1,BAY01_0273_20251224_160229_000.7z
2025-12-24 16:07:00,-98.575647,-0.098575647,4.638066,-48.969811,-54.243901,768000,768000,1.000000000,1,2025-12-24 16:07:00.000000,2025-12-24 16:07:59.999922,1,BAY01_0273_20251224_160229_000.7z
2025-12-24 16:08:00,-98.611107,-0.098611107,4.511404,-48.894503,-54.228008,768000,768000,1.000000000,1,2025-12-24 16:08:00.000000,2025-12-24 16:08:59.999922,1,BAY01_0273_20251224_160229_000.7z
2025-12-24 16:09:00,-98.534011,-0.098534011,4.534351,-48.885592,-54.182770,768000,768000,1.000000000,1,2025-12-24 16:09:00.000000,2025-12-24 16:09:59.999922,1,BAY01_0273_20251224_160229_000.7z
2025-12-24 16:10:00,-98.535266,-0.098535266,4.513686,-48.892473,-54.156479,768000,768000,1.000000000,1,2025-12-24 16:10:00.000000,2025-12-24 16:10:59.999922,1,BAY01_0273_20251224_160229_000.7z
2025-12-24 16:11:00,-98.937639,-0.098937639,4.510116,-49.111177,-54.336579,768000,768000,1.000000000,1,2025-12-24 16:11:00.000000,2025-12-24 16:11:59.999922,1,BAY01_0273_20251224_160229_000.7z
2025-12-24 16:12:00,-108.029549,-0.108029549,4.607454,-53.666205,-58.970798,704092,768000,0.916786458,0,2025-12-24 16:12:00.000000,2025-12-24 16:12:59.999922,2,BAY01_0273_20251224_160229_000.7z;BAY01_0274_20251224_161234_000.7z
2025-12-24 16:13:00,-118.714062,-0.118714062,4.560346,-59.076850,-64.197558,768000,768000,1.000000000,1,2025-12-24 16:13:00.000000,2025-12-24 16:13:59.999922,1,BAY01_0274_20251224_161234_000.7z
2025-12-24 16:14:00,-103.847860,-0.103847860,4.524266,-51.554403,-56.817723,768000,768000,1.000000000,1,2025-12-24 16:14:00.000000,2025-12-24 16:14:59.999922,1,BAY01_0274_20251224_161234_000.7z
2025-12-24 16:15:00,-99.945686,-0.099945686,4.477956,-49.612087,-54.811555,768000,768000,1.000000000,1,2025-12-24 16:15:00.000000,2025-12-24 16:15:59.999922,1,BAY01_0274_20251224_161234_000.7z
2025-12-24 16:16:00,-98.594762,-0.098594762,4.535660,-48.962961,-54.167462,768000,768000,1.000000000,1,2025-12-24 16:16:00.000000,2025-12-24 16:16:59.999922,1,BAY01_0274_20251224_161234_000.7z
2025-12-24 16:17:00,-99.137210,-0.099137210,4.514655,-49.196040,-54.455825,768000,768000,1.000000000,1,2025-12-24 16:17:00.000000,2025-12-24 16:17:59.999922,1,BAY01_0274_20251224_161234_000.7z
2025-12-24 16:18:00,-98.802109,-0.098802109,4.531456,-49.089461,-54.244104,768000,768000,1.000000000,1,2025-12-24 16:18:00.000000,2025-12-24 16:18:59.999922,1,BAY01_0274_20251224_161234_000.7z
2025-12-24 16:19:00,-98.498422,-0.098498422,4.628420,-48.983855,-54.142987,768000,768000,1.000000000,1,2025-12-24 16:19:00.000000,2025-12-24 16:19:59.999922,1,BAY01_0274_20251224_161234_000.7z
2025-12-24 16:20:00,-98.815261,-0.098815261,4.662250,-49.122916,-54.354595,768000,768000,1.000000000,1,2025-12-24 16:20:00.000000,2025-12-24 16:20:59.999922,1,BAY01_0274_20251224_161234_000.7z
2025-12-24 16:21:00,-98.462798,-0.098462798,4.586275,-48.856152,-54.192922,768000,768000,1.000000000,1,2025-12-24 16:21:00.000000,2025-12-24 16:21:59.999922,1,BAY01_0274_20251224_161234_000.7z
2025-12-24 16:22:00,-105.925934,-0.105925934,4.545197,-52.608186,-57.862946,704094,768000,0.916789063,0,2025-12-24 16:22:00.000000,2025-12-24 16:22:59.999922,2,BAY01_0274_20251224_161234_000.7z;BAY01_0275_20251224_162239_000.7z
2025-12-24 16:23:00,-118.173718,-0.118173718,4.616115,-58.805008,-63.984825,768000,768000,1.000000000,1,2025-12-24 16:23:00.000000,2025-12-24 16:23:59.999922,1,BAY01_0275_20251224_162239_000.7z
2025-12-24 16:24:00,-108.298432,-0.108298432,4.452800,-53.776419,-58.974813,768000,768000,1.000000000,1,2025-12-24 16:24:00.000000,2025-12-24 16:24:59.999922,1,BAY01_0275_20251224_162239_000.7z
2025-12-24 16:25:00,-99.877970,-0.099877970,4.616182,-49.627342,-54.866809,768000,768000,1.000000000,1,2025-12-24 16:25:00.000000,2025-12-24 16:25:59.999922,1,BAY01_0275_20251224_162239_000.7z
2025-12-24 16:26:00,-98.511733,-0.098511733,4.669515,-48.962608,-54.218641,768000,768000,1.000000000,1,2025-12-24 16:26:00.000000,2025-12-24 16:26:59.999922,1,BAY01_0275_20251224_162239_000.7z
2025-12-24 16:27:00,-98.362496,-0.098362496,4.668488,-48.859014,-54.171969,768000,768000,1.000000000,1,2025-12-24 16:27:00.000000,2025-12-24 16:27:59.999922,1,BAY01_0275_20251224_162239_000.7z
2025-12-24 16:28:00,-98.379959,-0.098379959,4.582344,-48.850298,-54.112005,768000,768000,1.000000000,1,2025-12-24 16:28:00.000000,2025-12-24 16:28:59.999922,1,BAY01_0275_20251224_162239_000.7z
2025-12-24 16:29:00,-98.678686,-0.098678686,4.655249,-49.038355,-54.295580,768000,768000,1.000000000,1,2025-12-24 16:29:00.000000,2025-12-24 16:29:59.999922,1,BAY01_0275_20251224_162239_000.7z
2025-12-24 16:30:00,-99.978720,-0.099978720,4.572038,-49.639179,-54.911579,768000,768000,1.000000000,1,2025-12-24 16:30:00.000000,2025-12-24 16:30:59.999922,1,BAY01_0275_20251224_162239_000.7z
2025-12-24 16:31:00,-100.475288,-0.100475288,4.542918,-49.871911,-55.146295,768000,768000,1.000000000,1,2025-12-24 16:31:00.000000,2025-12-24 16:31:59.999922,1,BAY01_0275_20251224_162239_000.7z
2025-12-24 16:32:00,-106.747612,-0.106747612,4.559884,-53.041601,-58.265895,704012,768000,0.916682292,0,2025-12-24 16:32:00.000000,2025-12-24 16:32:59.999922,2,BAY01_0275_20251224_162239_000.7z;BAY01_0276_20251224_163244_000.7z
2025-12-24 16:33:00,-120.224150,-0.120224150,3.905004,-59.444463,-64.684691,768000,768000,1.000000000,1,2025-12-24 16:33:00.000000,2025-12-24 16:33:59.999922,1,BAY01_0276_20251224_163244_000.7z
2025-12-24 16:34:00,-109.489737,-0.109489737,3.738008,-53.997164,-59.230582,768000,768000,1.000000000,1,2025-12-24 16:34:00.000000,2025-12-24 16:34:59.999922,1,BAY01_0276_20251224_163244_000.7z
2025-12-24 16:35:00,-101.566424,-0.101566424,3.708199,-50.009131,-55.265492,768000,768000,1.000000000,1,2025-12-24 16:35:00.000000,2025-12-24 16:35:59.999922,1,BAY01_0276_20251224_163244_000.7z
2025-12-24 16:36:00,-103.394037,-0.103394037,4.087242,-51.113720,-56.367559,768000,768000,1.000000000,1,2025-12-24 16:36:00.000000,2025-12-24 16:36:59.999922,1,BAY01_0276_20251224_163244_000.7z
2025-12-24 16:37:00,-108.278184,-0.108278184,4.740285,-53.867667,-59.150801,768000,768000,1.000000000,1,2025-12-24 16:37:00.000000,2025-12-24 16:37:59.999922,1,BAY01_0276_20251224_163244_000.7z
2025-12-24 16:38:00,-99.702947,-0.099702947,4.735994,-49.590170,-54.848771,768000,768000,1.000000000,1,2025-12-24 16:38:00.000000,2025-12-24 16:38:59.999922,1,BAY01_0276_20251224_163244_000.7z
2025-12-24 16:39:00,-99.757105,-0.099757105,4.710929,-49.611484,-54.856551,768000,768000,1.000000000,1,2025-12-24 16:39:00.000000,2025-12-24 16:39:59.999922,1,BAY01_0276_20251224_163244_000.7z
2025-12-24 16:40:00,-99.771093,-0.099771093,4.723502,-49.627160,-54.867435,768000,768000,1.000000000,1,2025-12-24 16:40:00.000000,2025-12-24 16:40:59.999922,1,BAY01_0276_20251224_163244_000.7z
2025-12-24 16:41:00,-99.909439,-0.099909439,4.606512,-49.649761,-54.866190,768000,768000,1.000000000,1,2025-12-24 16:41:00.000000,2025-12-24 16:41:59.999922,1,BAY01_0276_20251224_163244_000.7z
2025-12-24 16:42:00,-104.457668,-0.104457668,4.140066,-51.739006,-56.858728,704056,768000,0.916739583,0,2025-12-24 16:42:00.000000,2025-12-24 16:42:59.999922,2,BAY01_0276_20251224_163244_000.7z;BAY01_0277_20251224_164249_000.7z
2025-12-24 16:43:00,-120.196045,-0.120196045,4.252224,-59.680861,-64.767408,768000,768000,1.000000000,1,2025-12-24 16:43:00.000000,2025-12-24 16:43:59.999922,1,BAY01_0277_20251224_164249_000.7z
2025-12-24 16:44:00,-111.594062,-0.111594062,4.175230,-55.318898,-60.450394,768000,768000,1.000000000,1,2025-12-24 16:44:00.000000,2025-12-24 16:44:59.999922,1,BAY01_0277_20251224_164249_000.7z
2025-12-24 16:45:00,-100.282731,-0.100282731,4.139155,-49.619413,-54.802473,768000,768000,1.000000000,1,2025-12-24 16:45:00.000000,2025-12-24 16:45:59.999922,1,BAY01_0277_20251224_164249_000.7z
2025-12-24 16:46:00,-100.303414,-0.100303414,4.120274,-49.648842,-54.774847,768000,768000,1.000000000,1,2025-12-24 16:46:00.000000,2025-12-24 16:46:59.999922,1,BAY01_0277_20251224_164249_000.7z
2025-12-24 16:47:00,-103.515139,-0.103515139,3.757093,-51.063939,-56.208293,768000,768000,1.000000000,1,2025-12-24 16:47:00.000000,2025-12-24 16:47:59.999922,1,BAY01_0277_20251224_164249_000.7z
2025-12-24 16:48:00,-100.661942,-0.100661942,3.732527,-49.605620,-54.788849,768000,768000,1.000000000,1,2025-12-24 16:48:00.000000,2025-12-24 16:48:59.999922,1,BAY01_0277_20251224_164249_000.7z
2025-12-24 16:49:00,-100.894674,-0.100894674,3.713172,-49.718097,-54.889749,768000,768000,1.000000000,1,2025-12-24 16:49:00.000000,2025-12-24 16:49:59.999922,1,BAY01_0277_20251224_164249_000.7z
2025-12-24 16:50:00,-100.432184,-0.100432184,3.736096,-49.441819,-54.726462,768000,768000,1.000000000,1,2025-12-24 16:50:00.000000,2025-12-24 16:50:59.999922,1,BAY01_0277_20251224_164249_000.7z
2025-12-24 16:51:00,-100.574882,-0.100574882,3.699880,-49.492941,-54.781822,768000,768000,1.000000000,1,2025-12-24 16:51:00.000000,2025-12-24 16:51:59.999922,1,BAY01_0277_20251224_164249_000.7z
2025-12-24 16:52:00,-102.886129,-0.102886129,3.709971,-50.697456,-55.898644,704108,768000,0.916807292,0,2025-12-24 16:52:00.000000,2025-12-24 16:52:59.999922,2,BAY01_0277_20251224_164249_000.7z;BAY01_0278_20251224_165254_000.7z
2025-12-24 16:53:00,-120.333346,-0.120333346,3.732962,-59.463777,-64.602530,768000,768000,1.000000000,1,2025-12-24 16:53:00.000000,2025-12-24 16:53:59.999922,1,BAY01_0278_20251224_165254_000.7z
2025-12-24 16:54:00,-113.587582,-0.113587582,3.714543,-56.099943,-61.202181,768000,768000,1.000000000,1,2025-12-24 16:54:00.000000,2025-12-24 16:54:59.999922,1,BAY01_0278_20251224_165254_000.7z
2025-12-24 16:55:00,-101.006992,-0.101006992,3.661114,-49.747898,-54.920208,768000,768000,1.000000000,1,2025-12-24 16:55:00.000000,2025-12-24 16:55:59.999922,1,BAY01_0278_20251224_165254_000.7z
2025-12-24 16:56:00,-100.700028,-0.100700028,3.701886,-49.588890,-54.813024,768000,768000,1.000000000,1,2025-12-24 16:56:00.000000,2025-12-24 16:56:59.999922,1,BAY01_0278_20251224_165254_000.7z
2025-12-24 16:57:00,-103.633919,-0.103633919,3.713326,-51.084366,-56.262879,768000,768000,1.000000000,1,2025-12-24 16:57:00.000000,2025-12-24 16:57:59.999922,1,BAY01_0278_20251224_165254_000.7z
2025-12-24 16:58:00,-100.922160,-0.100922160,3.713879,-49.692342,-54.943698,768000,768000,1.000000000,1,2025-12-24 16:58:00.000000,2025-12-24 16:58:59.999922,1,BAY01_0278_20251224_165254_000.7z
2025-12-24 16:59:00,-101.001615,-0.101001615,3.704788,-49.689058,-55.017345,768000,768000,1.000000000,1,2025-12-24 16:59:00.000000,2025-12-24 16:59:59.999922,1,BAY01_0278_20251224_165254_000.7z
2025-12-24 17:00:00,-100.816517,-0.100816517,3.755309,-49.570033,-55.001793,768000,768000,1.000000000,1,2025-12-24 17:00:00.000000,2025-12-24 17:00:59.999922,1,BAY01_0278_20251224_165254_000.7z
2025-12-24 17:01:00,-101.020048,-0.101020048,3.659839,-49.709804,-54.970083,768000,768000,1.000000000,1,2025-12-24 17:01:00.000000,2025-12-24 17:01:59.999922,1,BAY01_0278_20251224_165254_000.7z
2025-12-24 17:02:00,-101.103024,-0.101103024,3.709561,-49.791529,-55.021057,729665,768000,0.950084635,0,2025-12-24 17:02:00.000000,2025-12-24 17:02:59.999922,2,BAY01_0278_20251224_165254_000.7z;BAY01_0279_20251224_170257_000.7z
2025-12-24 17:03:00,-120.371119,-0.120371119,3.731410,-59.488465,-64.614065,768000,768000,1.000000000,1,2025-12-24 17:03:00.000000,2025-12-24 17:03:59.999922,1,BAY01_0279_20251224_170257_000.7z
2025-12-24 17:04:00,-115.408633,-0.115408633,3.717664,-56.983509,-62.142788,768000,768000,1.000000000,1,2025-12-24 17:04:00.000000,2025-12-24 17:04:59.999922,1,BAY01_0279_20251224_170257_000.7z
2025-12-24 17:05:00,-100.836016,-0.100836016,3.675085,-49.620073,-54.891028,768000,768000,1.000000000,1,2025-12-24 17:05:00.000000,2025-12-24 17:05:59.999922,1,BAY01_0279_20251224_170257_000.7z
2025-12-24 17:06:00,-100.887332,-0.100887332,3.711129,-49.716422,-54.882038,768000,768000,1.000000000,1,2025-12-24 17:06:00.000000,2025-12-24 17:06:59.999922,1,BAY01_0279_20251224_170257_000.7z
2025-12-24 17:07:00,-103.365314,-0.103365314,3.713863,-50.952813,-56.126364,768000,768000,1.000000000,1,2025-12-24 17:07:00.000000,2025-12-24 17:07:59.999922,1,BAY01_0279_20251224_170257_000.7z
2025-12-24 17:08:00,-100.729114,-0.100729114,3.704085,-49.604146,-54.829053,768000,768000,1.000000000,1,2025-12-24 17:08:00.000000,2025-12-24 17:08:59.999922,1,BAY01_0279_20251224_170257_000.7z
2025-12-24 17:09:00,-100.583766,-0.100583766,3.687618,-49.492054,-54.779331,768000,768000,1.000000000,1,2025-12-24 17:09:00.000000,2025-12-24 17:09:59.999922,1,BAY01_0279_20251224_170257_000.7z
2025-12-24 17:10:00,-100.515950,-0.100515950,3.727174,-49.520576,-54.722549,768000,768000,1.000000000,1,2025-12-24 17:10:00.000000,2025-12-24 17:10:59.999922,1,BAY01_0279_20251224_170257_000.7z
2025-12-24 17:11:00,-100.486375,-0.100486375,3.690744,-49.470432,-54.706687,768000,768000,1.000000000,1,2025-12-24 17:11:00.000000,2025-12-24 17:11:59.999922,1,BAY01_0279_20251224_170257_000.7z
2025-12-24 17:12:00,-100.853609,-0.100853609,3.688523,-49.610169,-54.931964,742420,768000,0.966692708,0,2025-12-24 17:12:00.000000,2025-12-24 17:12:59.999922,2,BAY01_0279_20251224_170257_000.7z;BAY01_0280_20251224_171259_000.7z
2025-12-24 17:13:00,-120.079314,-0.120079314,3.666795,-59.252843,-64.493265,768000,768000,1.000000000,1,2025-12-24 17:13:00.000000,2025-12-24 17:13:59.999922,1,BAY01_0280_20251224_171259_000.7z
2025-12-24 17:14:00,-114.386163,-0.114386163,3.732990,-56.401335,-61.717818,768000,768000,1.000000000,1,2025-12-24 17:14:00.000000,2025-12-24 17:14:59.999922,1,BAY01_0280_20251224_171259_000.7z
2025-12-24 17:15:00,-100.289942,-0.100289942,3.714175,-49.328407,-54.675710,768000,768000,1.000000000,1,2025-12-24 17:15:00.000000,2025-12-24 17:15:59.999922,1,BAY01_0280_20251224_171259_000.7z
2025-12-24 17:16:00,-100.220324,-0.100220324,3.708317,-49.303303,-54.625338,768000,768000,1.000000000,1,2025-12-24 17:16:00.000000,2025-12-24 17:16:59.999922,1,BAY01_0280_20251224_171259_000.7z
2025-12-24 17:17:00,-103.035938,-0.103035938,3.722722,-50.697481,-56.061179,768000,768000,1.000000000,1,2025-12-24 17:17:00.000000,2025-12-24 17:17:59.999922,1,BAY01_0280_20251224_171259_000.7z
2025-12-24 17:18:00,-100.716781,-0.100716781,3.746520,-49.545390,-54.917911,768000,768000,1.000000000,1,2025-12-24 17:18:00.000000,2025-12-24 17:18:59.999922,1,BAY01_0280_20251224_171259_000.7z
2025-12-24 17:19:00,-100.312537,-0.100312537,3.709758,-49.320287,-54.702008,768000,768000,1.000000000,1,2025-12-24 17:19:00.000000,2025-12-24 17:19:59.999922,1,BAY01_0280_20251224_171259_000.7z
2025-12-24 17:20:00,-100.579687,-0.100579687,3.698628,-49.422418,-54.855898,768000,768000,1.000000000,1,2025-12-24 17:20:00.000000,2025-12-24 17:20:59.999922,1,BAY01_0280_20251224_171259_000.7z
2025-12-24 17:21:00,-100.735235,-0.100735235,3.745980,-49.534887,-54.946327,768000,768000,1.000000000,1,2025-12-24 17:21:00.000000,2025-12-24 17:21:59.999922,1,BAY01_0280_20251224_171259_000.7z
2025-12-24 17:22:00,-100.529700,-0.100529700,3.713808,-49.496744,-54.746764,755291,768000,0.983451823,0,2025-12-24 17:22:00.000000,2025-12-24 17:22:59.007031,1,BAY01_0280_20251224_171259_000.7z
2025-12-24 17:23:00,-120.320135,-0.120320135,3.764147,-59.474317,-64.609965,729600,768000,0.950000000,0,2025-12-24 17:23:03.000000,2025-12-24 17:23:59.999922,1,BAY01_0281_20251224_172303_000.7z
2025-12-24 17:24:00,-118.731617,-0.118731617,3.727681,-58.665226,-63.794071,768000,768000,1.000000000,1,2025-12-24 17:24:00.000000,2025-12-24 17:24:59.999922,1,BAY01_0281_20251224_172303_000.7z
2025-12-24 17:25:00,-100.678518,-0.100678518,3.741641,-49.617640,-54.802519,768000,768000,1.000000000,1,2025-12-24 17:25:00.000000,2025-12-24 17:25:59.999922,1,BAY01_0281_20251224_172303_000.7z
2025-12-24 17:26:00,-100.402639,-0.100402639,3.765694,-49.487803,-54.680531,768000,768000,1.000000000,1,2025-12-24 17:26:00.000000,2025-12-24 17:26:59.999922,1,BAY01_0281_20251224_172303_000.7z
2025-12-24 17:27:00,-102.952111,-0.102952111,3.754542,-50.726120,-55.980533,768000,768000,1.000000000,1,2025-12-24 17:27:00.000000,2025-12-24 17:27:59.999922,1,BAY01_0281_20251224_172303_000.7z
2025-12-24 17:28:00,-100.403826,-0.100403826,3.805053,-49.467900,-54.740979,768000,768000,1.000000000,1,2025-12-24 17:28:00.000000,2025-12-24 17:28:59.999922,1,BAY01_0281_20251224_172303_000.7z
2025-12-24 17:29:00,-100.548757,-0.100548757,3.746749,-49.481046,-54.814460,768000,768000,1.000000000,1,2025-12-24 17:29:00.000000,2025-12-24 17:29:59.999922,1,BAY01_0281_20251224_172303_000.7z
2025-12-24 17:30:00,-101.168150,-0.101168150,3.778019,-49.809748,-55.136420,768000,768000,1.000000000,1,2025-12-24 17:30:00.000000,2025-12-24 17:30:59.999922,1,BAY01_0281_20251224_172303_000.7z
2025-12-24 17:31:00,-100.506695,-0.100506695,3.730782,-49.478952,-54.758526,768000,768000,1.000000000,1,2025-12-24 17:31:00.000000,2025-12-24 17:31:59.999922,1,BAY01_0281_20251224_172303_000.7z
2025-12-24 17:32:00,-100.816502,-0.100816502,3.724382,-49.602221,-54.938662,768000,768000,1.000000000,1,2025-12-24 17:32:00.000000,2025-12-24 17:32:59.999922,1,BAY01_0281_20251224_172303_000.7z
2025-12-24 17:33:00,-119.296107,-0.119296107,3.774930,-58.937178,-64.133860,704027,768000,0.916701823,0,2025-12-24 17:33:00.000000,2025-12-24 17:33:59.999922,2,BAY01_0281_20251224_172303_000.7z;BAY01_0282_20251224_173308_000.7z
2025-12-24 17:34:00,-117.456544,-0.117456544,3.752310,-58.034556,-63.174298,768000,768000,1.000000000,1,2025-12-24 17:34:00.000000,2025-12-24 17:34:59.999922,1,BAY01_0282_20251224_173308_000.7z
2025-12-24 17:35:00,-100.744899,-0.100744899,3.709232,-49.592991,-54.861140,768000,768000,1.000000000,1,2025-12-24 17:35:00.000000,2025-12-24 17:35:59.999922,1,BAY01_0282_20251224_173308_000.7z
2025-12-24 17:36:00,-100.340676,-0.100340676,3.702438,-49.379122,-54.663991,768000,768000,1.000000000,1,2025-12-24 17:36:00.000000,2025-12-24 17:36:59.999922,1,BAY01_0282_20251224_173308_000.7z
2025-12-24 17:37:00,-102.987175,-0.102987175,3.693703,-50.755238,-55.925640,768000,768000,1.000000000,1,2025-12-24 17:37:00.000000,2025-12-24 17:37:59.999922,1,BAY01_0282_20251224_173308_000.7z
2025-12-24 17:38:00,-100.534247,-0.100534247,3.764073,-49.571564,-54.726757,768000,768000,1.000000000,1,2025-12-24 17:38:00.000000,2025-12-24 17:38:59.999922,1,BAY01_0282_20251224_173308_000.7z
2025-12-24 17:39:00,-100.743182,-0.100743182,3.712987,-49.660983,-54.795186,768000,768000,1.000000000,1,2025-12-24 17:39:00.000000,2025-12-24 17:39:59.999922,1,BAY01_0282_20251224_173308_000.7z
2025-12-24 17:40:00,-100.626646,-0.100626646,3.701582,-49.621945,-54.706283,768000,768000,1.000000000,1,2025-12-24 17:40:00.000000,2025-12-24 17:40:59.999922,1,BAY01_0282_20251224_173308_000.7z
2025-12-24 17:41:00,-100.455334,-0.100455334,3.688185,-49.449000,-54.694519,768000,768000,1.000000000,1,2025-12-24 17:41:00.000000,2025-12-24 17:41:59.999922,1,BAY01_0282_20251224_173308_000.7z
2025-12-24 17:42:00,-100.352088,-0.100352088,3.681956,-49.430662,-54.603382,768000,768000,1.000000000,1,2025-12-24 17:42:00.000000,2025-12-24 17:42:59.999922,1,BAY01_0282_20251224_173308_000.7z
2025-12-24 17:43:00,-117.249176,-0.117249176,3.749886,-57.968785,-63.030277,691296,768000,0.900125000,0,2025-12-24 17:43:00.000000,2025-12-24 17:43:59.999922,2,BAY01_0282_20251224_173308_000.7z;BAY01_0283_20251224_174314_000.7z
2025-12-24 17:44:00,-119.945316,-0.119945316,3.703590,-59.306823,-64.342083,768000,768000,1.000000000,1,2025-12-24 17:44:00.000000,2025-12-24 17:44:59.999922,1,BAY01_0283_20251224_174314_000.7z
2025-12-24 17:45:00,-100.609839,-0.100609839,3.714414,-49.602947,-54.721306,768000,768000,1.000000000,1,2025-12-24 17:45:00.000000,2025-12-24 17:45:59.999922,1,BAY01_0283_20251224_174314_000.7z
2025-12-24 17:46:00,-100.612158,-0.100612158,3.674062,-49.566463,-54.719758,768000,768000,1.000000000,1,2025-12-24 17:46:00.000000,2025-12-24 17:46:59.999922,1,BAY01_0283_20251224_174314_000.7z
2025-12-24 17:47:00,-103.266760,-0.103266760,3.695531,-50.887495,-56.074796,768000,768000,1.000000000,1,2025-12-24 17:47:00.000000,2025-12-24 17:47:59.999922,1,BAY01_0283_20251224_174314_000.7z
2025-12-24 17:48:00,-100.781189,-0.100781189,3.741119,-49.683559,-54.838750,768000,768000,1.000000000,1,2025-12-24 17:48:00.000000,2025-12-24 17:48:59.999922,1,BAY01_0283_20251224_174314_000.7z
2025-12-24 17:49:00,-100.926979,-0.100926979,3.686691,-49.715123,-54.898547,768000,768000,1.000000000,1,2025-12-24 17:49:00.000000,2025-12-24 17:49:59.999922,1,BAY01_0283_20251224_174314_000.7z
2025-12-24 17:50:00,-100.783258,-0.100783258,3.702571,-49.607352,-54.878478,768000,768000,1.000000000,1,2025-12-24 17:50:00.000000,2025-12-24 17:50:59.999922,1,BAY01_0283_20251224_174314_000.7z
2025-12-24 17:51:00,-100.703218,-0.100703218,3.698202,-49.589639,-54.811781,768000,768000,1.000000000,1,2025-12-24 17:51:00.000000,2025-12-24 17:51:59.999922,1,BAY01_0283_20251224_174314_000.7z
2025-12-24 17:52:00,-100.790646,-0.100790646,3.708931,-49.608352,-54.891225,768000,768000,1.000000000,1,2025-12-24 17:52:00.000000,2025-12-24 17:52:59.999922,1,BAY01_0283_20251224_174314_000.7z
2025-12-24 17:53:00,-115.522314,-0.115522314,3.713830,-57.093534,-62.142611,716881,768000,0.933438802,0,2025-12-24 17:53:00.000000,2025-12-24 17:53:59.999922,2,BAY01_0283_20251224_174314_000.7z;BAY01_0284_20251224_175318_000.7z
2025-12-24 17:54:00,-122.785177,-0.122785177,3.692122,-60.721265,-65.756034,768000,768000,1.000000000,1,2025-12-24 17:54:00.000000,2025-12-24 17:54:59.999922,1,BAY01_0284_20251224_175318_000.7z
2025-12-24 17:55:00,-101.066992,-0.101066992,3.686864,-49.772922,-54.980934,768000,768000,1.000000000,1,2025-12-24 17:55:00.000000,2025-12-24 17:55:59.999922,1,BAY01_0284_20251224_175318_000.7z
2025-12-24 17:56:00,-100.752749,-0.100752749,3.683307,-49.595169,-54.840887,768000,768000,1.000000000,1,2025-12-24 17:56:00.000000,2025-12-24 17:56:59.999922,1,BAY01_0284_20251224_175318_000.7z
2025-12-24 17:57:00,-102.870673,-0.102870673,3.705823,-50.689137,-55.887359,768000,768000,1.000000000,1,2025-12-24 17:57:00.000000,2025-12-24 17:57:59.999922,1,BAY01_0284_20251224_175318_000.7z
2025-12-24 17:58:00,-100.842392,-0.100842392,3.722070,-49.665210,-54.899251,768000,768000,1.000000000,1,2025-12-24 17:58:00.000000,2025-12-24 17:58:59.999922,1,BAY01_0284_20251224_175318_000.7z
2025-12-24 17:59:00,-100.869886,-0.100869886,3.692418,-49.650675,-54.911629,768000,768000,1.000000000,1,2025-12-24 17:59:00.000000,2025-12-24 17:59:59.999922,1,BAY01_0284_20251224_175318_000.7z
2025-12-24 18:00:00,-100.660015,-0.100660015,3.694629,-49.619189,-54.735456,768000,768000,1.000000000,1,2025-12-24 18:00:00.000000,2025-12-24 18:00:59.999922,1,BAY01_0284_20251224_175318_000.7z
2025-12-24 18:01:00,-101.049727,-0.101049727,3.680915,-49.763566,-54.967077,768000,768000,1.000000000,1,2025-12-24 18:01:00.000000,2025-12-24 18:01:59.999922,1,BAY01_0284_20251224_175318_000.7z
2025-12-24 18:02:00,-100.614535,-0.100614535,3.717850,-49.517503,-54.814882,768000,768000,1.000000000,1,2025-12-24 18:02:00.000000,2025-12-24 18:02:59.999922,1,BAY01_0284_20251224_175318_000.7z
2025-12-24 18:03:00,-113.911672,-0.113911672,3.730105,-56.215786,-61.425991,716818,768000,0.933356771,0,2025-12-24 18:03:00.000000,2025-12-24 18:03:59.999922,2,BAY01_0284_20251224_175318_000.7z;BAY01_0285_20251224_180322_000.7z
2025-12-24 18:04:00,-120.613653,-0.120613653,3.736405,-59.602030,-64.748028,768000,768000,1.000000000,1,2025-12-24 18:04:00.000000,2025-12-24 18:04:59.999922,1,BAY01_0285_20251224_180322_000.7z
2025-12-24 18:05:00,-102.705482,-0.102705482,3.712824,-50.618264,-55.800041,768000,768000,1.000000000,1,2025-12-24 18:05:00.000000,2025-12-24 18:05:59.999922,1,BAY01_0285_20251224_180322_000.7z
2025-12-24 18:06:00,-100.723069,-0.100723069,3.689177,-49.588075,-54.824171,768000,768000,1.000000000,1,2025-12-24 18:06:00.000000,2025-12-24 18:06:59.999922,1,BAY01_0285_20251224_180322_000.7z
2025-12-24 18:07:00,-101.856515,-0.101856515,3.691652,-50.165929,-55.382238,768000,768000,1.000000000,1,2025-12-24 18:07:00.000000,2025-12-24 18:07:59.999922,1,BAY01_0285_20251224_180322_000.7z
2025-12-24 18:08:00,-100.417012,-0.100417012,3.728379,-49.471904,-54.673486,768000,768000,1.000000000,1,2025-12-24 18:08:00.000000,2025-12-24 18:08:59.999922,1,BAY01_0285_20251224_180322_000.7z
2025-12-24 18:09:00,-100.474707,-0.100474707,3.706213,-49.494839,-54.686081,768000,768000,1.000000000,1,2025-12-24 18:09:00.000000,2025-12-24 18:09:59.999922,1,BAY01_0285_20251224_180322_000.7z
2025-12-24 18:10:00,-100.338045,-0.100338045,3.698597,-49.409717,-54.626925,768000,768000,1.000000000,1,2025-12-24 18:10:00.000000,2025-12-24 18:10:59.999922,1,BAY01_0285_20251224_180322_000.7z
2025-12-24 18:11:00,-100.399272,-0.100399272,3.726261,-49.456557,-54.668976,768000,768000,1.000000000,1,2025-12-24 18:11:00.000000,2025-12-24 18:11:59.999922,1,BAY01_0285_20251224_180322_000.7z
2025-12-24 18:12:00,-100.415198,-0.100415198,3.693571,-49.441388,-54.667382,768000,768000,1.000000000,1,2025-12-24 18:12:00.000000,2025-12-24 18:12:59.999922,1,BAY01_0285_20251224_180322_000.7z
2025-12-24 18:13:00,-112.904608,-0.112904608,3.709448,-55.741873,-60.872183,704024,768000,0.916697917,0,2025-12-24 18:13:00.000000,2025-12-24 18:13:59.999922,2,BAY01_0285_20251224_180322_000.7z;BAY01_0286_20251224_181327_000.7z
2025-12-24 18:14:00,-120.278206,-0.120278206,3.747935,-59.448505,-64.577635,768000,768000,1.000000000,1,2025-12-24 18:14:00.000000,2025-12-24 18:14:59.999922,1,BAY01_0286_20251224_181327_000.7z
2025-12-24 18:15:00,-103.826956,-0.103826956,3.694395,-51.162998,-56.358354,768000,768000,1.000000000,1,2025-12-24 18:15:00.000000,2025-12-24 18:15:59.999922,1,BAY01_0286_20251224_181327_000.7z
2025-12-24 18:16:00,-100.480134,-0.100480134,3.704926,-49.525696,-54.659364,768000,768000,1.000000000,1,2025-12-24 18:16:00.000000,2025-12-24 18:16:59.999922,1,BAY01_0286_20251224_181327_000.7z
2025-12-24 18:17:00,-100.784154,-0.100784154,3.695932,-49.681034,-54.799052,768000,768000,1.000000000,1,2025-12-24 18:17:00.000000,2025-12-24 18:17:59.999922,1,BAY01_0286_20251224_181327_000.7z
2025-12-24 18:18:00,-100.210718,-0.100210718,3.712458,-49.390851,-54.532325,768000,768000,1.000000000,1,2025-12-24 18:18:00.000000,2025-12-24 18:18:59.999922,1,BAY01_0286_20251224_181327_000.7z
2025-12-24 18:19:00,-100.086227,-0.100086227,3.739745,-49.358042,-54.467930,768000,768000,1.000000000,1,2025-12-24 18:19:00.000000,2025-12-24 18:19:59.999922,1,BAY01_0286_20251224_181327_000.7z
2025-12-24 18:20:00,-100.383856,-0.100383856,3.708203,-49.454354,-54.637706,768000,768000,1.000000000,1,2025-12-24 18:20:00.000000,2025-12-24 18:20:59.999922,1,BAY01_0286_20251224_181327_000.7z
2025-12-24 18:21:00,-100.639502,-0.100639502,3.456689,-49.462642,-54.633549,768000,768000,1.000000000,1,2025-12-24 18:21:00.000000,2025-12-24 18:21:59.999922,1,BAY01_0286_20251224_181327_000.7z
2025-12-24 18:22:00,-101.004246,-0.101004246,3.388281,-49.589920,-54.802608,768000,768000,1.000000000,1,2025-12-24 18:22:00.000000,2025-12-24 18:22:59.999922,1,BAY01_0286_20251224_181327_000.7z
2025-12-24 18:23:00,-110.886007,-0.110886007,3.408492,-54.554737,-59.739762,716940,768000,0.933515625,0,2025-12-24 18:23:00.000000,2025-12-24 18:23:59.999922,2,BAY01_0286_20251224_181327_000.7z;BAY01_0287_20251224_182331_000.7z
2025-12-24 18:24:00,-122.974587,-0.122974587,3.456554,-60.699127,-65.732014,768000,768000,1.000000000,1,2025-12-24 18:24:00.000000,2025-12-24 18:24:59.999922,1,BAY01_0287_20251224_182331_000.7z
2025-12-24 18:25:00,-105.313082,-0.105313082,3.415876,-51.842728,-56.886229,768000,768000,1.000000000,1,2025-12-24 18:25:00.000000,2025-12-24 18:25:59.999922,1,BAY01_0287_20251224_182331_000.7z
2025-12-24 18:26:00,-100.607633,-0.100607633,3.412106,-49.460009,-54.559730,768000,768000,1.000000000,1,2025-12-24 18:26:00.000000,2025-12-24 18:26:59.999922,1,BAY01_0287_20251224_182331_000.7z
2025-12-24 18:27:00,-102.152909,-0.102152909,3.408660,-50.241431,-55.320137,768000,768000,1.000000000,1,2025-12-24 18:27:00.000000,2025-12-24 18:27:59.999922,1,BAY01_0287_20251224_182331_000.7z
2025-12-24 18:28:00,-100.678812,-0.100678812,3.429372,-49.483775,-54.624408,768000,768000,1.000000000,1,2025-12-24 18:28:00.000000,2025-12-24 18:28:59.999922,1,BAY01_0287_20251224_182331_000.7z
2025-12-24 18:29:00,-100.941620,-0.100941620,3.434237,-49.555405,-54.820452,768000,768000,1.000000000,1,2025-12-24 18:29:00.000000,2025-12-24 18:29:59.999922,1,BAY01_0287_20251224_182331_000.7z
2025-12-24 18:30:00,-100.961550,-0.100961550,3.404368,-49.542423,-54.823496,768000,768000,1.000000000,1,2025-12-24 18:30:00.000000,2025-12-24 18:30:59.999922,1,BAY01_0287_20251224_182331_000.7z
2025-12-24 18:31:00,-100.733429,-0.100733429,3.392402,-49.406587,-54.719244,768000,768000,1.000000000,1,2025-12-24 18:31:00.000000,2025-12-24 18:31:59.999922,1,BAY01_0287_20251224_182331_000.7z
2025-12-24 18:32:00,-100.510824,-0.100510824,3.371965,-49.288529,-54.594260,768000,768000,1.000000000,1,2025-12-24 18:32:00.000000,2025-12-24 18:32:59.999922,1,BAY01_0287_20251224_182331_000.7z
2025-12-24 18:33:00,-109.671910,-0.109671910,3.403024,-53.959165,-59.115770,691249,768000,0.900063802,0,2025-12-24 18:33:00.000000,2025-12-24 18:33:59.999922,2,BAY01_0287_20251224_182331_000.7z;BAY01_0288_20251224_183337_000.7z
2025-12-24 18:34:00,-120.645445,-0.120645445,3.393978,-59.464173,-64.575249,768000,768000,1.000000000,1,2025-12-24 18:34:00.000000,2025-12-24 18:34:59.999922,1,BAY01_0288_20251224_183337_000.7z
2025-12-24 18:35:00,-107.506518,-0.107506518,3.414260,-52.827389,-58.093389,768000,768000,1.000000000,1,2025-12-24 18:35:00.000000,2025-12-24 18:35:59.999922,1,BAY01_0288_20251224_183337_000.7z
2025-12-24 18:36:00,-100.554127,-0.100554127,3.399698,-49.333609,-54.620216,768000,768000,1.000000000,1,2025-12-24 18:36:00.000000,2025-12-24 18:36:59.999922,1,BAY01_0288_20251224_183337_000.7z
2025-12-24 18:37:00,-103.165973,-0.103165973,3.391572,-50.641710,-55.915835,768000,768000,1.000000000,1,2025-12-24 18:37:00.000000,2025-12-24 18:37:59.999922,1,BAY01_0288_20251224_183337_000.7z
2025-12-24 18:38:00,-100.587404,-0.100587404,3.365189,-49.354051,-54.598542,768000,768000,1.000000000,1,2025-12-24 18:38:00.000000,2025-12-24 18:38:59.999922,1,BAY01_0288_20251224_183337_000.7z
2025-12-24 18:39:00,-100.535869,-0.100535869,3.406775,-49.334382,-54.608262,768000,768000,1.000000000,1,2025-12-24 18:39:00.000000,2025-12-24 18:39:59.999922,1,BAY01_0288_20251224_183337_000.7z
2025-12-24 18:40:00,-100.813112,-0.100813112,3.394260,-49.485995,-54.721377,768000,768000,1.000000000,1,2025-12-24 18:40:00.000000,2025-12-24 18:40:59.999922,1,BAY01_0288_20251224_183337_000.7z
2025-12-24 18:41:00,-100.744922,-0.100744922,3.396533,-49.463624,-54.677831,768000,768000,1.000000000,1,2025-12-24 18:41:00.000000,2025-12-24 18:41:59.999922,1,BAY01_0288_20251224_183337_000.7z
2025-12-24 18:42:00,-100.680499,-0.100680499,3.376381,-49.444988,-54.611891,768000,768000,1.000000000,1,2025-12-24 18:42:00.000000,2025-12-24 18:42:59.999922,1,BAY01_0288_20251224_183337_000.7z
2025-12-24 18:43:00,-107.256828,-0.107256828,3.403173,-52.722635,-57.937366,704082,768000,0.916773437,0,2025-12-24 18:43:00.000000,2025-12-24 18:43:59.999922,2,BAY01_0288_20251224_183337_000.7z;BAY01_0289_20251224_184342_000.7z
2025-12-24 18:44:00,-120.451596,-0.120451596,3.404646,-59.355668,-64.500574,768000,768000,1.000000000,1,2025-12-24 18:44:00.000000,2025-12-24 18:44:59.999922,1,BAY01_0289_20251224_184342_000.7z
2025-12-24 18:45:00,-108.537160,-0.108537160,3.404462,-53.414861,-58.526761,768000,768000,1.000000000,1,2025-12-24 18:45:00.000000,2025-12-24 18:45:59.999922,1,BAY01_0289_20251224_184342_000.7z
2025-12-24 18:46:00,-100.529860,-0.100529860,3.399490,-49.383577,-54.545773,768000,768000,1.000000000,1,2025-12-24 18:46:00.000000,2025-12-24 18:46:59.999922,1,BAY01_0289_20251224_184342_000.7z
2025-12-24 18:47:00,-103.026942,-0.103026942,3.407022,-50.627382,-55.806582,768000,768000,1.000000000,1,2025-12-24 18:47:00.000000,2025-12-24 18:47:59.999922,1,BAY01_0289_20251224_184342_000.7z
2025-12-24 18:48:00,-100.522762,-0.100522762,3.404410,-49.319245,-54.607926,768000,768000,1.000000000,1,2025-12-24 18:48:00.000000,2025-12-24 18:48:59.999922,1,BAY01_0289_20251224_184342_000.7z
2025-12-24 18:49:00,-100.492975,-0.100492975,3.418481,-49.343271,-54.568184,768000,768000,1.000000000,1,2025-12-24 18:49:00.000000,2025-12-24 18:49:59.999922,1,BAY01_0289_20251224_184342_000.7z
2025-12-24 18:50:00,-100.714888,-0.100714888,3.398984,-49.458230,-54.655642,768000,768000,1.000000000,1,2025-12-24 18:50:00.000000,2025-12-24 18:50:59.999922,1,BAY01_0289_20251224_184342_000.7z
2025-12-24 18:51:00,-100.496846,-0.100496846,3.388839,-49.318825,-54.566860,768000,768000,1.000000000,1,2025-12-24 18:51:00.000000,2025-12-24 18:51:59.999922,1,BAY01_0289_20251224_184342_000.7z
2025-12-24 18:52:00,-100.615980,-0.100615980,3.389401,-49.416247,-54.589133,768000,768000,1.000000000,1,2025-12-24 18:52:00.000000,2025-12-24 18:52:59.999922,1,BAY01_0289_20251224_184342_000.7z
2025-12-24 18:53:00,-105.700489,-0.105700489,3.404507,-52.001205,-57.103791,704137,768000,0.916845052,0,2025-12-24 18:53:00.000000,2025-12-24 18:53:59.999922,2,BAY01_0289_20251224_184342_000.7z;BAY01_0290_20251224_185347_000.7z
2025-12-24 18:54:00,-120.837493,-0.120837493,3.420661,-59.609490,-64.648665,768000,768000,1.000000000,1,2025-12-24 18:54:00.000000,2025-12-24 18:54:59.999922,1,BAY01_0290_20251224_185347_000.7z
2025-12-24 18:55:00,-110.285650,-0.110285650,3.392031,-54.292144,-59.385537,768000,768000,1.000000000,1,2025-12-24 18:55:00.000000,2025-12-24 18:55:59.999922,1,BAY01_0290_20251224_185347_000.7z
2025-12-24 18:56:00,-100.206030,-0.100206030,3.389839,-49.258991,-54.336878,768000,768000,1.000000000,1,2025-12-24 18:56:00.000000,2025-12-24 18:56:59.999922,1,BAY01_0290_20251224_185347_000.7z
2025-12-24 18:57:00,-102.897222,-0.102897222,3.386272,-50.614219,-55.669275,768000,768000,1.000000000,1,2025-12-24 18:57:00.000000,2025-12-24 18:57:59.999922,1,BAY01_0290_20251224_185347_000.7z
2025-12-24 18:58:00,-100.360450,-0.100360450,3.416681,-49.358862,-54.418269,768000,768000,1.000000000,1,2025-12-24 18:58:00.000000,2025-12-24 18:58:59.999922,1,BAY01_0290_20251224_185347_000.7z
2025-12-24 18:59:00,-100.875015,-0.100875015,3.405166,-49.576298,-54.703882,768000,768000,1.000000000,1,2025-12-24 18:59:00.000000,2025-12-24 18:59:59.999922,1,BAY01_0290_20251224_185347_000.7z
2025-12-24 19:00:00,-100.493697,-0.100493697,3.393750,-49.402633,-54.484813,768000,768000,1.000000000,1,2025-12-24 19:00:00.000000,2025-12-24 19:00:59.999922,1,BAY01_0290_20251224_185347_000.7z
2025-12-24 19:01:00,-100.406953,-0.100406953,3.390447,-49.358805,-54.438595,768000,768000,1.000000000,1,2025-12-24 19:01:00.000000,2025-12-24 19:01:59.999922,1,BAY01_0290_20251224_185347_000.7z
2025-12-24 19:02:00,-100.645829,-0.100645829,3.401066,-49.478723,-54.568172,768000,768000,1.000000000,1,2025-12-24 19:02:00.000000,2025-12-24 19:02:59.999922,1,BAY01_0290_20251224_185347_000.7z
2025-12-24 19:03:00,-103.169320,-0.103169320,3.406397,-50.730452,-55.845265,704023,768000,0.916696615,0,2025-12-24 19:03:00.000000,2025-12-24 19:03:59.999922,2,BAY01_0290_20251224_185347_000.7z;BAY01_0291_20251224_190352_000.7z
2025-12-24 19:04:00,-120.080750,-0.120080750,3.447918,-59.259444,-64.269224,768000,768000,1.000000000,1,2025-12-24 19:04:00.000000,2025-12-24 19:04:59.999922,1,BAY01_0291_20251224_190352_000.7z
2025-12-24 19:05:00,-112.082267,-0.112082267,3.374778,-55.188446,-60.268599,768000,768000,1.000000000,1,2025-12-24 19:05:00.000000,2025-12-24 19:05:59.999922,1,BAY01_0291_20251224_190352_000.7z
2025-12-24 19:06:00,-100.525770,-0.100525770,3.375577,-49.380055,-54.521292,768000,768000,1.000000000,1,2025-12-24 19:06:00.000000,2025-12-24 19:06:59.999922,1,BAY01_0291_20251224_190352_000.7z
2025-12-24 19:07:00,-103.180562,-0.103180562,3.374937,-50.708153,-55.847346,768000,768000,1.000000000,1,2025-12-24 19:07:00.000000,2025-12-24 19:07:59.999922,1,BAY01_0291_20251224_190352_000.7z
2025-12-24 19:08:00,-100.509684,-0.100509684,3.383428,-49.373034,-54.520079,768000,768000,1.000000000,1,2025-12-24 19:08:00.000000,2025-12-24 19:08:59.999922,1,BAY01_0291_20251224_190352_000.7z
2025-12-24 19:09:00,-100.550218,-0.100550218,3.410852,-49.395610,-54.565460,768000,768000,1.000000000,1,2025-12-24 19:09:00.000000,2025-12-24 19:09:59.999922,1,BAY01_0291_20251224_190352_000.7z
2025-12-24 19:10:00,-100.571132,-0.100571132,3.407492,-49.415466,-54.563159,768000,768000,1.000000000,1,2025-12-24 19:10:00.000000,2025-12-24 19:10:59.999922,1,BAY01_0291_20251224_190352_000.7z
2025-12-24 19:11:00,-100.524495,-0.100524495,3.398906,-49.372463,-54.550937,768000,768000,1.000000000,1,2025-12-24 19:11:00.000000,2025-12-24 19:11:59.999922,1,BAY01_0291_20251224_190352_000.7z
2025-12-24 19:12:00,-100.457031,-0.100457031,3.420826,-49.370123,-54.507734,768000,768000,1.000000000,1,2025-12-24 19:12:00.000000,2025-12-24 19:12:59.999922,1,BAY01_0291_20251224_190352_000.7z
2025-12-24 19:13:00,-100.587470,-0.100587470,3.405015,-49.443721,-54.548764,691321,768000,0.900157552,0,2025-12-24 19:13:00.000000,2025-12-24 19:13:59.999922,2,BAY01_0291_20251224_190352_000.7z;BAY01_0292_20251224_191358_000.7z
2025-12-24 19:14:00,-119.973372,-0.119973372,3.433873,-59.210106,-64.197139,768000,768000,1.000000000,1,2025-12-24 19:14:00.000000,2025-12-24 19:14:59.999922,1,BAY01_0292_20251224_191358_000.7z
2025-12-24 19:15:00,-114.155372,-0.114155372,3.385079,-56.204351,-61.336100,768000,768000,1.000000000,1,2025-12-24 19:15:00.000000,2025-12-24 19:15:59.999922,1,BAY01_0292_20251224_191358_000.7z
2025-12-24 19:16:00,-100.496087,-0.100496087,3.375964,-49.343425,-54.528627,768000,768000,1.000000000,1,2025-12-24 19:16:00.000000,2025-12-24 19:16:59.999922,1,BAY01_0292_20251224_191358_000.7z
2025-12-24 19:17:00,-102.846708,-0.102846708,3.404864,-50.542733,-55.708839,768000,768000,1.000000000,1,2025-12-24 19:17:00.000000,2025-12-24 19:17:59.999922,1,BAY01_0292_20251224_191358_000.7z
2025-12-24 19:18:00,-100.457203,-0.100457203,3.385367,-49.359039,-54.483530,768000,768000,1.000000000,1,2025-12-24 19:18:00.000000,2025-12-24 19:18:59.999922,1,BAY01_0292_20251224_191358_000.7z
2025-12-24 19:19:00,-100.885665,-0.100885665,3.470638,-49.618081,-54.738222,768000,768000,1.000000000,1,2025-12-24 19:19:00.000000,2025-12-24 19:19:59.999922,1,BAY01_0292_20251224_191358_000.7z
2025-12-24 19:20:00,-100.492881,-0.100492881,3.409481,-49.399226,-54.503135,768000,768000,1.000000000,1,2025-12-24 19:20:00.000000,2025-12-24 19:20:59.999922,1,BAY01_0292_20251224_191358_000.7z
2025-12-24 19:21:00,-100.519202,-0.100519202,3.405971,-49.432670,-54.492503,768000,768000,1.000000000,1,2025-12-24 19:21:00.000000,2025-12-24 19:21:59.999922,1,BAY01_0292_20251224_191358_000.7z
2025-12-24 19:22:00,-100.439962,-0.100439962,3.388452,-49.340370,-54.488045,768000,768000,1.000000000,1,2025-12-24 19:22:00.000000,2025-12-24 19:22:59.999922,1,BAY01_0292_20251224_191358_000.7z
2025-12-24 19:23:00,-99.957841,-0.099957841,3.399184,-49.089770,-54.267255,742450,768000,0.966731771,0,2025-12-24 19:23:00.000000,2025-12-24 19:23:58.003828,1,BAY01_0292_20251224_191358_000.7z
2025-12-24 19:24:00,-122.015366,-0.122015366,3.403440,-60.140617,-65.278189,742400,768000,0.966666667,0,2025-12-24 19:24:02.000000,2025-12-24 19:24:59.999922,1,BAY01_0293_20251224_192402_000.7z
2025-12-24 19:25:00,-115.835408,-0.115835408,3.412779,-57.054255,-62.193932,768000,768000,1.000000000,1,2025-12-24 19:25:00.000000,2025-12-24 19:25:59.999922,1,BAY01_0293_20251224_192402_000.7z
2025-12-24 19:26:00,-100.269050,-0.100269050,3.404142,-49.233804,-54.439388,768000,768000,1.000000000,1,2025-12-24 19:26:00.000000,2025-12-24 19:26:59.999922,1,BAY01_0293_20251224_192402_000.7z
2025-12-24 19:27:00,-102.792032,-0.102792032,3.415579,-50.496292,-55.711318,768000,768000,1.000000000,1,2025-12-24 19:27:00.000000,2025-12-24 19:27:59.999922,1,BAY01_0293_20251224_192402_000.7z
2025-12-24 19:28:00,-112.348086,-0.112348086,3.471641,-55.301941,-60.517786,768000,768000,1.000000000,1,2025-12-24 19:28:00.000000,2025-12-24 19:28:59.999922,1,BAY01_0293_20251224_192402_000.7z
2025-12-24 19:29:00,-100.495873,-0.100495873,3.406450,-49.372849,-54.529475,768000,768000,1.000000000,1,2025-12-24 19:29:00.000000,2025-12-24 19:29:59.999922,1,BAY01_0293_20251224_192402_000.7z
2025-12-24 19:30:00,-100.411320,-0.100411320,3.424832,-49.355334,-54.480818,768000,768000,1.000000000,1,2025-12-24 19:30:00.000000,2025-12-24 19:30:59.999922,1,BAY01_0293_20251224_192402_000.7z
2025-12-24 19:31:00,-100.332122,-0.100332122,3.397261,-49.254067,-54.475316,768000,768000,1.000000000,1,2025-12-24 19:31:00.000000,2025-12-24 19:31:59.999922,1,BAY01_0293_20251224_192402_000.7z
2025-12-24 19:32:00,-100.292768,-0.100292768,3.394540,-49.234297,-54.453011,768000,768000,1.000000000,1,2025-12-24 19:32:00.000000,2025-12-24 19:32:59.999922,1,BAY01_0293_20251224_192402_000.7z
2025-12-24 19:33:00,-100.751413,-0.100751413,3.413591,-49.464224,-54.700779,768000,768000,1.000000000,1,2025-12-24 19:33:00.000000,2025-12-24 19:33:59.999922,1,BAY01_0293_20251224_192402_000.7z
2025-12-24 19:34:00,-121.644804,-0.121644804,3.382989,-59.956190,-65.071604,716836,768000,0.933380208,0,2025-12-24 19:34:00.000000,2025-12-24 19:34:59.999922,2,BAY01_0293_20251224_192402_000.7z;BAY01_0294_20251224_193406_000.7z
2025-12-24 19:35:00,-116.695183,-0.116695183,3.407257,-57.511003,-62.591437,768000,768000,1.000000000,1,2025-12-24 19:35:00.000000,2025-12-24 19:35:59.999922,1,BAY01_0294_20251224_193406_000.7z
2025-12-24 19:36:00,-100.433357,-0.100433357,3.384680,-49.334734,-54.483303,768000,768000,1.000000000,1,2025-12-24 19:36:00.000000,2025-12-24 19:36:59.999922,1,BAY01_0294_20251224_193406_000.7z
2025-12-24 19:37:00,-102.762319,-0.102762319,3.384651,-50.534985,-55.611985,768000,768000,1.000000000,1,2025-12-24 19:37:00.000000,2025-12-24 19:37:59.999922,1,BAY01_0294_20251224_193406_000.7z
2025-12-24 19:38:00,-100.445528,-0.100445528,3.415859,-49.344152,-54.517235,768000,768000,1.000000000,1,2025-12-24 19:38:00.000000,2025-12-24 19:38:59.999922,1,BAY01_0294_20251224_193406_000.7z
2025-12-24 19:39:00,-101.455097,-0.101455097,3.385447,-49.855662,-54.984882,768000,768000,1.000000000,1,2025-12-24 19:39:00.000000,2025-12-24 19:39:59.999922,1,BAY01_0294_20251224_193406_000.7z
2025-12-24 19:40:00,-100.422539,-0.100422539,3.418812,-49.370509,-54.470842,768000,768000,1.000000000,1,2025-12-24 19:40:00.000000,2025-12-24 19:40:59.999922,1,BAY01_0294_20251224_193406_000.7z
2025-12-24 19:41:00,-100.342248,-0.100342248,3.379817,-49.239212,-54.482853,768000,768000,1.000000000,1,2025-12-24 19:41:00.000000,2025-12-24 19:41:59.999922,1,BAY01_0294_20251224_193406_000.7z
2025-12-24 19:42:00,-100.357601,-0.100357601,3.437132,-49.299961,-54.494771,768000,768000,1.000000000,1,2025-12-24 19:42:00.000000,2025-12-24 19:42:59.999922,1,BAY01_0294_20251224_193406_000.7z
2025-12-24 19:43:00,-100.385373,-0.100385373,3.410493,-49.285111,-54.510755,768000,768000,1.000000000,1,2025-12-24 19:43:00.000000,2025-12-24 19:43:59.999922,1,BAY01_0294_20251224_193406_000.7z
2025-12-24 19:44:00,-118.156647,-0.118156647,3.391633,-58.243804,-63.304475,716869,768000,0.933423177,0,2025-12-24 19:44:00.000000,2025-12-24 19:44:59.999922,2,BAY01_0294_20251224_193406_000.7z;BAY01_0295_20251224_194410_000.7z
2025-12-24 19:45:00,-118.174819,-0.118174819,3.430212,-58.288153,-63.316878,768000,768000,1.000000000,1,2025-12-24 19:45:00.000000,2025-12-24 19:45:59.999922,1,BAY01_0295_20251224_194410_000.7z
2025-12-24 19:46:00,-100.353567,-0.100353567,3.386312,-49.295566,-54.444313,768000,768000,1.000000000,1,2025-12-24 19:46:00.000000,2025-12-24 19:46:59.999922,1,BAY01_0295_20251224_194410_000.7z
2025-12-24 19:47:00,-102.918611,-0.102918611,3.417567,-50.573408,-55.762770,768000,768000,1.000000000,1,2025-12-24 19:47:00.000000,2025-12-24 19:47:59.999922,1,BAY01_0295_20251224_194410_000.7z
2025-12-24 19:48:00,-100.349989,-0.100349989,3.413870,-49.311134,-54.452725,768000,768000,1.000000000,1,2025-12-24 19:48:00.000000,2025-12-24 19:48:59.999922,1,BAY01_0295_20251224_194410_000.7z
2025-12-24 19:49:00,-100.400336,-0.100400336,3.399338,-49.292774,-54.506900,768000,768000,1.000000000,1,2025-12-24 19:49:00.000000,2025-12-24 19:49:59.999922,1,BAY01_0295_20251224_194410_000.7z
2025-12-24 19:50:00,-100.514358,-0.100514358,3.445147,-49.417288,-54.542216,768000,768000,1.000000000,1,2025-12-24 19:50:00.000000,2025-12-24 19:50:59.999922,1,BAY01_0295_20251224_194410_000.7z
2025-12-24 19:51:00,-100.538047,-0.100538047,3.403546,-49.387634,-54.553959,768000,768000,1.000000000,1,2025-12-24 19:51:00.000000,2025-12-24 19:51:59.999922,1,BAY01_0295_20251224_194410_000.7z
2025-12-24 19:52:00,-100.205634,-0.100205634,3.415518,-49.195072,-54.426080,768000,768000,1.000000000,1,2025-12-24 19:52:00.000000,2025-12-24 19:52:59.999922,1,BAY01_0295_20251224_194410_000.7z
2025-12-24 19:53:00,-100.609823,-0.100609823,3.390360,-49.369504,-54.630679,768000,768000,1.000000000,1,2025-12-24 19:53:00.000000,2025-12-24 19:53:59.999922,1,BAY01_0295_20251224_194410_000.7z
2025-12-24 19:54:00,-119.325716,-0.119325716,3.411100,-58.813774,-63.923042,729703,768000,0.950134115,0,2025-12-24 19:54:00.000000,2025-12-24 19:54:59.999922,2,BAY01_0295_20251224_194410_000.7z;BAY01_0296_20251224_195413_000.7z
2025-12-24 19:55:00,-118.724950,-0.118724950,3.425828,-58.527760,-63.623018,768000,768000,1.000000000,1,2025-12-24 19:55:00.000000,2025-12-24 19:55:59.999922,1,BAY01_0296_20251224_195413_000.7z
2025-12-24 19:56:00,-100.385018,-0.100385018,3.395792,-49.250323,-54.530487,768000,768000,1.000000000,1,2025-12-24 19:56:00.000000,2025-12-24 19:56:59.999922,1,BAY01_0296_20251224_195413_000.7z
2025-12-24 19:57:00,-103.002172,-0.103002172,3.420587,-50.604898,-55.817860,768000,768000,1.000000000,1,2025-12-24 19:57:00.000000,2025-12-24 19:57:59.999922,1,BAY01_0296_20251224_195413_000.7z
2025-12-24 19:58:00,-100.542824,-0.100542824,3.414938,-49.403369,-54.554393,768000,768000,1.000000000,1,2025-12-24 19:58:00.000000,2025-12-24 19:58:59.999922,1,BAY01_0296_20251224_195413_000.7z
2025-12-24 19:59:00,-100.818333,-0.100818333,3.381703,-49.543186,-54.656850,768000,768000,1.000000000,1,2025-12-24 19:59:00.000000,2025-12-24 19:59:59.999922,1,BAY01_0296_20251224_195413_000.7z
2025-12-24 20:00:00,-100.204795,-0.100204795,3.460603,-49.258341,-54.407058,768000,768000,1.000000000,1,2025-12-24 20:00:00.000000,2025-12-24 20:00:59.999922,1,BAY01_0296_20251224_195413_000.7z
2025-12-24 20:01:00,-100.178221,-0.100178221,3.421624,-49.177440,-54.422405,768000,768000,1.000000000,1,2025-12-24 20:01:00.000000,2025-12-24 20:01:59.999922,1,BAY01_0296_20251224_195413_000.7z
2025-12-24 20:02:00,-100.267004,-0.100267004,3.401021,-49.207217,-54.460807,768000,768000,1.000000000,1,2025-12-24 20:02:00.000000,2025-12-24 20:02:59.999922,1,BAY01_0296_20251224_195413_000.7z
2025-12-24 20:03:00,-100.098497,-0.100098497,3.378956,-49.118586,-54.358868,768000,768000,1.000000000,1,2025-12-24 20:03:00.000000,2025-12-24 20:03:59.999922,1,BAY01_0296_20251224_195413_000.7z
2025-12-24 20:04:00,-115.218972,-0.115218972,3.379542,-56.733681,-61.864833,716866,768000,0.933419271,0,2025-12-24 20:04:00.000000,2025-12-24 20:04:59.999922,2,BAY01_0296_20251224_195413_000.7z;BAY01_0297_20251224_200417_000.7z
2025-12-24 20:05:00,-119.804396,-0.119804396,3.413918,-59.100806,-64.117508,768000,768000,1.000000000,1,2025-12-24 20:05:00.000000,2025-12-24 20:05:59.999922,1,BAY01_0297_20251224_200417_000.7z
2025-12-24 20:06:00,-100.190973,-0.100190973,3.400931,-49.214942,-54.376962,768000,768000,1.000000000,1,2025-12-24 20:06:00.000000,2025-12-24 20:06:59.999922,1,BAY01_0297_20251224_200417_000.7z
2025-12-24 20:07:00,-101.790503,-0.101790503,3.428570,-50.031442,-55.187631,768000,768000,1.000000000,1,2025-12-24 20:07:00.000000,2025-12-24 20:07:59.999922,1,BAY01_0297_20251224_200417_000.7z
2025-12-24 20:08:00,-100.047827,-0.100047827,3.405792,-49.153396,-54.300222,768000,768000,1.000000000,1,2025-12-24 20:08:00.000000,2025-12-24 20:08:59.999922,1,BAY01_0297_20251224_200417_000.7z
2025-12-24 20:09:00,-100.061310,-0.100061310,3.407860,-49.148664,-54.320505,768000,768000,1.000000000,1,2025-12-24 20:09:00.000000,2025-12-24 20:09:59.999922,1,BAY01_0297_20251224_200417_000.7z
2025-12-24 20:10:00,-100.012250,-0.100012250,3.459896,-49.159530,-54.312615,768000,768000,1.000000000,1,2025-12-24 20:10:00.000000,2025-12-24 20:10:59.999922,1,BAY01_0297_20251224_200417_000.7z
2025-12-24 20:11:00,-100.000987,-0.100000987,3.422652,-49.121509,-54.302130,768000,768000,1.000000000,1,2025-12-24 20:11:00.000000,2025-12-24 20:11:59.999922,1,BAY01_0297_20251224_200417_000.7z
2025-12-24 20:12:00,-100.322744,-0.100322744,3.391617,-49.260543,-54.453817,768000,768000,1.000000000,1,2025-12-24 20:12:00.000000,2025-12-24 20:12:59.999922,1,BAY01_0297_20251224_200417_000.7z
2025-12-24 20:13:00,-100.148237,-0.100148237,3.371900,-49.179336,-54.340802,768000,768000,1.000000000,1,2025-12-24 20:13:00.000000,2025-12-24 20:13:59.999922,1,BAY01_0297_20251224_200417_000.7z
2025-12-24 20:14:00,-113.091540,-0.113091540,3.408845,-55.683741,-60.816645,691313,768000,0.900147135,0,2025-12-24 20:14:00.000000,2025-12-24 20:14:59.999922,2,BAY01_0297_20251224_200417_000.7z;BAY01_0298_20251224_201423_000.7z
2025-12-24 20:15:00,-119.934769,-0.119934769,3.441030,-59.172534,-64.203266,768000,768000,1.000000000,1,2025-12-24 20:15:00.000000,2025-12-24 20:15:59.999922,1,BAY01_0298_20251224_201423_000.7z
2025-12-24 20:16:00,-102.266220,-0.102266220,3.407515,-50.273752,-55.399983,768000,768000,1.000000000,1,2025-12-24 20:16:00.000000,2025-12-24 20:16:59.999922,1,BAY01_0298_20251224_201423_000.7z
2025-12-24 20:17:00,-101.120899,-0.101120899,3.405501,-49.649902,-54.876498,768000,768000,1.000000000,1,2025-12-24 20:17:00.000000,2025-12-24 20:17:59.999922,1,BAY01_0298_20251224_201423_000.7z
2025-12-24 20:18:00,-100.160484,-0.100160484,3.387559,-49.164203,-54.383839,768000,768000,1.000000000,1,2025-12-24 20:18:00.000000,2025-12-24 20:18:59.999922,1,BAY01_0298_20251224_201423_000.7z
2025-12-24 20:19:00,-100.167774,-0.100167774,3.411147,-49.157761,-54.421161,768000,768000,1.000000000,1,2025-12-24 20:19:00.000000,2025-12-24 20:19:59.999922,1,BAY01_0298_20251224_201423_000.7z
2025-12-24 20:20:00,-100.600754,-0.100600754,3.413369,-49.377804,-54.636319,768000,768000,1.000000000,1,2025-12-24 20:20:00.000000,2025-12-24 20:20:59.999922,1,BAY01_0298_20251224_201423_000.7z
2025-12-24 20:21:00,-100.389908,-0.100389908,3.426412,-49.287229,-54.529091,768000,768000,1.000000000,1,2025-12-24 20:21:00.000000,2025-12-24 20:21:59.999922,1,BAY01_0298_20251224_201423_000.7z
2025-12-24 20:22:00,-100.238697,-0.100238697,3.421288,-49.221209,-54.438775,768000,768000,1.000000000,1,2025-12-24 20:22:00.000000,2025-12-24 20:22:59.999922,1,BAY01_0298_20251224_201423_000.7z
2025-12-24 20:23:00,-100.101183,-0.100101183,3.407364,-49.155257,-54.353290,768000,768000,1.000000000,1,2025-12-24 20:23:00.000000,2025-12-24 20:23:59.999922,1,BAY01_0298_20251224_201423_000.7z
2025-12-24 20:24:00,-114.282442,-0.114282442,3.393019,-56.294770,-61.380691,678447,768000,0.883394531,0,2025-12-24 20:24:00.000000,2025-12-24 20:24:59.999922,2,BAY01_0298_20251224_201423_000.7z;BAY01_0299_20251224_202430_000.7z
2025-12-24 20:25:00,-120.163365,-0.120163365,3.395133,-59.250558,-64.307939,768000,768000,1.000000000,1,2025-12-24 20:25:00.000000,2025-12-24 20:25:59.999922,1,BAY01_0299_20251224_202430_000.7z
2025-12-24 20:26:00,-105.172719,-0.105172719,3.440169,-51.756200,-56.856688,768000,768000,1.000000000,1,2025-12-24 20:26:00.000000,2025-12-24 20:26:59.999922,1,BAY01_0299_20251224_202430_000.7z
2025-12-24 20:27:00,-100.749891,-0.100749891,3.434129,-49.511291,-54.672729,768000,768000,1.000000000,1,2025-12-24 20:27:00.000000,2025-12-24 20:27:59.999922,1,BAY01_0299_20251224_202430_000.7z
2025-12-24 20:28:00,-101.555602,-0.101555602,3.445723,-49.874894,-55.126431,768000,768000,1.000000000,1,2025-12-24 20:28:00.000000,2025-12-24 20:28:59.999922,1,BAY01_0299_20251224_202430_000.7z
2025-12-24 20:29:00,-100.218600,-0.100218600,3.403502,-49.196848,-54.425255,768000,768000,1.000000000,1,2025-12-24 20:29:00.000000,2025-12-24 20:29:59.999922,1,BAY01_0299_20251224_202430_000.7z
2025-12-24 20:30:00,-100.200408,-0.100200408,3.438729,-49.237608,-54.401528,768000,768000,1.000000000,1,2025-12-24 20:30:00.000000,2025-12-24 20:30:59.999922,1,BAY01_0299_20251224_202430_000.7z
2025-12-24 20:31:00,-100.263315,-0.100263315,3.454729,-49.252813,-54.465230,768000,768000,1.000000000,1,2025-12-24 20:31:00.000000,2025-12-24 20:31:59.999922,1,BAY01_0299_20251224_202430_000.7z
2025-12-24 20:32:00,-100.115553,-0.100115553,3.417378,-49.162255,-54.370675,768000,768000,1.000000000,1,2025-12-24 20:32:00.000000,2025-12-24 20:32:59.999922,1,BAY01_0299_20251224_202430_000.7z
2025-12-24 20:33:00,-100.257924,-0.100257924,3.400318,-49.248908,-54.409334,768000,768000,1.000000000,1,2025-12-24 20:33:00.000000,2025-12-24 20:33:59.999922,1,BAY01_0299_20251224_202430_000.7z
