minute_start,active_power_w,active_power_kw,phase_a_power_w,phase_b_power_w,phase_c_power_w,sample_count,expected_samples,coverage_ratio,is_complete,first_sample_time,last_sample_time,source_archive_count,source_archives
2025-12-23 11:00:00,11.699291,0.011699291,9.264548,-1.342097,3.776841,729706,768000,0.950138021,0,2025-12-23 11:00:00.000000,2025-12-23 11:00:59.999922,2,BAY01_0099_20251223_105014_000.7z;BAY01_0100_20251223_110017_000.7z
2025-12-23 11:01:00,11.677812,0.011677812,9.239429,-1.344667,3.783050,768000,768000,1.000000000,1,2025-12-23 11:01:00.000000,2025-12-23 11:01:59.999922,1,BAY01_0100_20251223_110017_000.7z
2025-12-23 11:02:00,11.687035,0.011687035,9.297663,-1.365502,3.754874,768000,768000,1.000000000,1,2025-12-23 11:02:00.000000,2025-12-23 11:02:59.999922,1,BAY01_0100_20251223_110017_000.7z
2025-12-23 11:03:00,11.786227,0.011786227,9.299578,-1.304573,3.791222,768000,768000,1.000000000,1,2025-12-23 11:03:00.000000,2025-12-23 11:03:59.999922,1,BAY01_0100_20251223_110017_000.7z
2025-12-23 11:04:00,11.710528,0.011710528,9.269527,-1.306158,3.747159,768000,768000,1.000000000,1,2025-12-23 11:04:00.000000,2025-12-23 11:04:59.999922,1,BAY01_0100_20251223_110017_000.7z
2025-12-23 11:05:00,11.700314,0.011700314,9.292447,-1.344201,3.752068,768000,768000,1.000000000,1,2025-12-23 11:05:00.000000,2025-12-23 11:05:59.999922,1,BAY01_0100_20251223_110017_000.7z
2025-12-23 11:06:00,11.723911,0.011723911,9.280927,-1.341534,3.784518,768000,768000,1.000000000,1,2025-12-23 11:06:00.000000,2025-12-23 11:06:59.999922,1,BAY01_0100_20251223_110017_000.7z
2025-12-23 11:07:00,11.764028,0.011764028,9.325161,-1.343453,3.782321,768000,768000,1.000000000,1,2025-12-23 11:07:00.000000,2025-12-23 11:07:59.999922,1,BAY01_0100_20251223_110017_000.7z
2025-12-23 11:08:00,11.739623,0.011739623,9.269109,-1.321858,3.792372,768000,768000,1.000000000,1,2025-12-23 11:08:00.000000,2025-12-23 11:08:59.999922,1,BAY01_0100_20251223_110017_000.7z
2025-12-23 11:09:00,11.758597,0.011758597,9.283900,-1.337482,3.812179,768000,768000,1.000000000,1,2025-12-23 11:09:00.000000,2025-12-23 11:09:59.999922,1,BAY01_0100_20251223_110017_000.7z
2025-12-23 11:10:00,11.682416,0.011682416,9.276383,-1.359030,3.765062,704141,768000,0.916850260,0,2025-12-23 11:10:00.000000,2025-12-23 11:10:59.999922,2,BAY01_0100_20251223_110017_000.7z;BAY01_0101_20251223_111022_000.7z
2025-12-23 11:11:00,11.617150,0.011617150,9.227920,-1.363527,3.752758,768000,768000,1.000000000,1,2025-12-23 11:11:00.000000,2025-12-23 11:11:59.999922,1,BAY01_0101_20251223_111022_000.7z
2025-12-23 11:12:00,11.718796,0.011718796,9.255756,-1.360815,3.823855,768000,768000,1.000000000,1,2025-12-23 11:12:00.000000,2025-12-23 11:12:59.999922,1,BAY01_0101_20251223_111022_000.7z
2025-12-23 11:13:00,11.854470,0.011854470,9.335152,-1.311386,3.830704,768000,768000,1.000000000,1,2025-12-23 11:13:00.000000,2025-12-23 11:13:59.999922,1,BAY01_0101_20251223_111022_000.7z
2025-12-23 11:14:00,11.675888,0.011675888,9.255085,-1.357183,3.777985,768000,768000,1.000000000,1,2025-12-23 11:14:00.000000,2025-12-23 11:14:59.999922,1,BAY01_0101_20251223_111022_000.7z
2025-12-23 11:15:00,11.738196,0.011738196,9.265904,-1.333261,3.805553,768000,768000,1.000000000,1,2025-12-23 11:15:00.000000,2025-12-23 11:15:59.999922,1,BAY01_0101_20251223_111022_000.7z
2025-12-23 11:16:00,11.734907,0.011734907,9.275960,-1.366900,3.825848,768000,768000,1.000000000,1,2025-12-23 11:16:00.000000,2025-12-23 11:16:59.999922,1,BAY01_0101_20251223_111022_000.7z
2025-12-23 11:17:00,11.732294,0.011732294,9.302191,-1.328931,3.759033,768000,768000,1.000000000,1,2025-12-23 11:17:00.000000,2025-12-23 11:17:59.999922,1,BAY01_0101_20251223_111022_000.7z
2025-12-23 11:18:00,11.834552,0.011834552,9.319789,-1.294715,3.809479,768000,768000,1.000000000,1,2025-12-23 11:18:00.000000,2025-12-23 11:18:59.999922,1,BAY01_0101_20251223_111022_000.7z
2025-12-23 11:19:00,11.745428,0.011745428,9.284932,-1.323681,3.784178,768000,768000,1.000000000,1,2025-12-23 11:19:00.000000,2025-12-23 11:19:59.999922,1,BAY01_0101_20251223_111022_000.7z
2025-12-23 11:20:00,11.646106,0.011646106,9.260176,-1.360338,3.746268,716916,768000,0.933484375,0,2025-12-23 11:20:00.000000,2025-12-23 11:20:59.999922,2,BAY01_0101_20251223_111022_000.7z;BAY01_0102_20251223_112026_000.7z
2025-12-23 11:21:00,11.634250,0.011634250,9.233905,-1.374711,3.775056,768000,768000,1.000000000,1,2025-12-23 11:21:00.000000,2025-12-23 11:21:59.999922,1,BAY01_0102_20251223_112026_000.7z
2025-12-23 11:22:00,11.687338,0.011687338,9.264363,-1.351444,3.774419,768000,768000,1.000000000,1,2025-12-23 11:22:00.000000,2025-12-23 11:22:59.999922,1,BAY01_0102_20251223_112026_000.7z
2025-12-23 11:23:00,11.773517,0.011773517,9.318445,-1.350636,3.805708,768000,768000,1.000000000,1,2025-12-23 11:23:00.000000,2025-12-23 11:23:59.999922,1,BAY01_0102_20251223_112026_000.7z
2025-12-23 11:24:00,11.769447,0.011769447,9.309885,-1.319166,3.778729,768000,768000,1.000000000,1,2025-12-23 11:24:00.000000,2025-12-23 11:24:59.999922,1,BAY01_0102_20251223_112026_000.7z
2025-12-23 11:25:00,11.742854,0.011742854,9.282931,-1.316100,3.776023,768000,768000,1.000000000,1,2025-12-23 11:25:00.000000,2025-12-23 11:25:59.999922,1,BAY01_0102_20251223_112026_000.7z
2025-12-23 11:26:00,11.723181,0.011723181,9.259547,-1.331146,3.794779,768000,768000,1.000000000,1,2025-12-23 11:26:00.000000,2025-12-23 11:26:59.999922,1,BAY01_0102_20251223_112026_000.7z
2025-12-23 11:27:00,11.739541,0.011739541,9.299282,-1.329466,3.769725,768000,768000,1.000000000,1,2025-12-23 11:27:00.000000,2025-12-23 11:27:59.999922,1,BAY01_0102_20251223_112026_000.7z
2025-12-23 11:28:00,11.893704,0.011893704,9.353712,-1.308326,3.848318,768000,768000,1.000000000,1,2025-12-23 11:28:00.000000,2025-12-23 11:28:59.999922,1,BAY01_0102_20251223_112026_000.7z
2025-12-23 11:29:00,11.698980,0.011698980,9.291857,-1.348624,3.755747,768000,768000,1.000000000,1,2025-12-23 11:29:00.000000,2025-12-23 11:29:59.999922,1,BAY01_0102_20251223_112026_000.7z
2025-12-23 11:30:00,11.708813,0.011708813,9.302167,-1.347019,3.753665,716917,768000,0.933485677,0,2025-12-23 11:30:00.000000,2025-12-23 11:30:59.999922,2,BAY01_0102_20251223_112026_000.7z;BAY01_0103_20251223_113030_000.7z
2025-12-23 11:31:00,11.680763,0.011680763,9.261840,-1.356766,3.775689,768000,768000,1.000000000,1,2025-12-23 11:31:00.000000,2025-12-23 11:31:59.999922,1,BAY01_0103_20251223_113030_000.7z
2025-12-23 11:32:00,9.454302,0.009454302,6.053208,-0.154767,3.555862,768000,768000,1.000000000,1,2025-12-23 11:32:00.000000,2025-12-23 11:32:59.999922,1,BAY01_0103_20251223_113030_000.7z
2025-12-23 11:33:00,9.152797,0.009152797,5.386046,0.176840,3.589912,768000,768000,1.000000000,1,2025-12-23 11:33:00.000000,2025-12-23 11:33:59.999922,1,BAY01_0103_20251223_113030_000.7z
2025-12-23 11:34:00,9.049290,0.009049290,5.348493,0.168564,3.532233,768000,768000,1.000000000,1,2025-12-23 11:34:00.000000,2025-12-23 11:34:59.999922,1,BAY01_0103_20251223_113030_000.7z
2025-12-23 11:35:00,8.960588,0.008960588,5.338086,0.112203,3.510300,768000,768000,1.000000000,1,2025-12-23 11:35:00.000000,2025-12-23 11:35:59.999922,1,BAY01_0103_20251223_113030_000.7z
2025-12-23 11:36:00,9.016560,0.009016560,5.326146,0.169101,3.521314,768000,768000,1.000000000,1,2025-12-23 11:36:00.000000,2025-12-23 11:36:59.999922,1,BAY01_0103_20251223_113030_000.7z
2025-12-23 11:37:00,9.008246,0.009008246,5.311147,0.169015,3.528084,768000,768000,1.000000000,1,2025-12-23 11:37:00.000000,2025-12-23 11:37:59.999922,1,BAY01_0103_20251223_113030_000.7z
2025-12-23 11:38:00,9.037019,0.009037019,5.347037,0.131911,3.558071,768000,768000,1.000000000,1,2025-12-23 11:38:00.000000,2025-12-23 11:38:59.999922,1,BAY01_0103_20251223_113030_000.7z
2025-12-23 11:39:00,8.999280,0.008999280,5.331050,0.152579,3.515651,768000,768000,1.000000000,1,2025-12-23 11:39:00.000000,2025-12-23 11:39:59.999922,1,BAY01_0103_20251223_113030_000.7z
2025-12-23 11:40:00,8.949373,0.008949373,5.324436,0.133141,3.491796,704090,768000,0.916783854,0,2025-12-23 11:40:00.000000,2025-12-23 11:40:59.999922,2,BAY01_0103_20251223_113030_000.7z;BAY01_0104_20251223_114035_000.7z
2025-12-23 11:41:00,8.893482,0.008893482,5.294474,0.102326,3.496682,768000,768000,1.000000000,1,2025-12-23 11:41:00.000000,2025-12-23 11:41:59.999922,1,BAY01_0104_20251223_114035_000.7z
2025-12-23 11:42:00,8.993353,0.008993353,5.345588,0.104962,3.542803,768000,768000,1.000000000,1,2025-12-23 11:42:00.000000,2025-12-23 11:42:59.999922,1,BAY01_0104_20251223_114035_000.7z
2025-12-23 11:43:00,9.089347,0.009089347,5.367589,0.163423,3.558335,768000,768000,1.000000000,1,2025-12-23 11:43:00.000000,2025-12-23 11:43:59.999922,1,BAY01_0104_20251223_114035_000.7z
2025-12-23 11:44:00,8.966831,0.008966831,5.301547,0.150930,3.514353,768000,768000,1.000000000,1,2025-12-23 11:44:00.000000,2025-12-23 11:44:59.999922,1,BAY01_0104_20251223_114035_000.7z
2025-12-23 11:45:00,8.959772,0.008959772,5.320597,0.121901,3.517274,768000,768000,1.000000000,1,2025-12-23 11:45:00.000000,2025-12-23 11:45:59.999922,1,BAY01_0104_20251223_114035_000.7z
2025-12-23 11:46:00,8.944575,0.008944575,5.337385,0.104997,3.502192,768000,768000,1.000000000,1,2025-12-23 11:46:00.000000,2025-12-23 11:46:59.999922,1,BAY01_0104_20251223_114035_000.7z
2025-12-23 11:47:00,8.977818,0.008977818,5.363258,0.105469,3.509091,768000,768000,1.000000000,1,2025-12-23 11:47:00.000000,2025-12-23 11:47:59.999922,1,BAY01_0104_20251223_114035_000.7z
2025-12-23 11:48:00,9.070371,0.009070371,5.349273,0.165207,3.555891,768000,768000,1.000000000,1,2025-12-23 11:48:00.000000,2025-12-23 11:48:59.999922,1,BAY01_0104_20251223_114035_000.7z
2025-12-23 11:49:00,8.952208,0.008952208,5.306178,0.112697,3.533333,768000,768000,1.000000000,1,2025-12-23 11:49:00.000000,2025-12-23 11:49:59.999922,1,BAY01_0104_20251223_114035_000.7z
2025-12-23 11:50:00,8.930620,0.008930620,5.318591,0.110753,3.501276,704006,768000,0.916674479,0,2025-12-23 11:50:00.000000,2025-12-23 11:50:59.999922,2,BAY01_0104_20251223_114035_000.7z;BAY01_0105_20251223_115040_000.7z
2025-12-23 11:51:00,8.913585,0.008913585,5.328664,0.086001,3.498920,768000,768000,1.000000000,1,2025-12-23 11:51:00.000000,2025-12-23 11:51:59.999922,1,BAY01_0105_20251223_115040_000.7z
2025-12-23 11:52:00,8.929586,0.008929586,5.306567,0.121321,3.501698,768000,768000,1.000000000,1,2025-12-23 11:52:00.000000,2025-12-23 11:52:59.999922,1,BAY01_0105_20251223_115040_000.7z
2025-12-23 11:53:00,9.017800,0.009017800,5.365274,0.136165,3.516362,768000,768000,1.000000000,1,2025-12-23 11:53:00.000000,2025-12-23 11:53:59.999922,1,BAY01_0105_20251223_115040_000.7z
2025-12-23 11:54:00,9.008677,0.009008677,5.352495,0.158936,3.497246,768000,768000,1.000000000,1,2025-12-23 11:54:00.000000,2025-12-23 11:54:59.999922,1,BAY01_0105_20251223_115040_000.7z
2025-12-23 11:55:00,8.920397,0.008920397,5.319966,0.101730,3.498701,768000,768000,1.000000000,1,2025-12-23 11:55:00.000000,2025-12-23 11:55:59.999922,1,BAY01_0105_20251223_115040_000.7z
2025-12-23 11:56:00,8.938008,0.008938008,5.340165,0.107963,3.489880,768000,768000,1.000000000,1,2025-12-23 11:56:00.000000,2025-12-23 11:56:59.999922,1,BAY01_0105_20251223_115040_000.7z
2025-12-23 11:57:00,8.969330,0.008969330,5.325813,0.116980,3.526536,768000,768000,1.000000000,1,2025-12-23 11:57:00.000000,2025-12-23 11:57:59.999922,1,BAY01_0105_20251223_115040_000.7z
2025-12-23 11:58:00,8.968566,0.008968566,5.344218,0.131917,3.492431,768000,768000,1.000000000,1,2025-12-23 11:58:00.000000,2025-12-23 11:58:59.999922,1,BAY01_0105_20251223_115040_000.7z
2025-12-23 11:59:00,8.964209,0.008964209,5.330531,0.106744,3.526934,768000,768000,1.000000000,1,2025-12-23 11:59:00.000000,2025-12-23 11:59:59.999922,1,BAY01_0105_20251223_115040_000.7z
2025-12-23 12:00:00,8.960547,0.008960547,5.326834,0.117740,3.515973,704016,768000,0.916687500,0,2025-12-23 12:00:00.000000,2025-12-23 12:00:59.999922,2,BAY01_0105_20251223_115040_000.7z;BAY01_0106_20251223_120045_000.7z
2025-12-23 12:01:00,8.880643,0.008880643,5.304850,0.081012,3.494781,768000,768000,1.000000000,1,2025-12-23 12:01:00.000000,2025-12-23 12:01:59.999922,1,BAY01_0106_20251223_120045_000.7z
2025-12-23 12:02:00,8.907814,0.008907814,5.354234,0.061705,3.491875,768000,768000,1.000000000,1,2025-12-23 12:02:00.000000,2025-12-23 12:02:59.999922,1,BAY01_0106_20251223_120045_000.7z
2025-12-23 12:03:00,8.994394,0.008994394,5.349331,0.136323,3.508741,768000,768000,1.000000000,1,2025-12-23 12:03:00.000000,2025-12-23 12:03:59.999922,1,BAY01_0106_20251223_120045_000.7z
2025-12-23 12:04:00,8.962272,0.008962272,5.338091,0.120377,3.503804,768000,768000,1.000000000,1,2025-12-23 12:04:00.000000,2025-12-23 12:04:59.999922,1,BAY01_0106_20251223_120045_000.7z
2025-12-23 12:05:00,8.935708,0.008935708,5.370713,0.075986,3.489009,768000,768000,1.000000000,1,2025-12-23 12:05:00.000000,2025-12-23 12:05:59.999922,1,BAY01_0106_20251223_120045_000.7z
2025-12-23 12:06:00,8.955618,0.008955618,5.358560,0.084792,3.512266,768000,768000,1.000000000,1,2025-12-23 12:06:00.000000,2025-12-23 12:06:59.999922,1,BAY01_0106_20251223_120045_000.7z
2025-12-23 12:07:00,8.945082,0.008945082,5.316034,0.102849,3.526199,768000,768000,1.000000000,1,2025-12-23 12:07:00.000000,2025-12-23 12:07:59.999922,1,BAY01_0106_20251223_120045_000.7z
2025-12-23 12:08:00,8.973517,0.008973517,5.370278,0.085154,3.518085,768000,768000,1.000000000,1,2025-12-23 12:08:00.000000,2025-12-23 12:08:59.999922,1,BAY01_0106_20251223_120045_000.7z
2025-12-23 12:09:00,9.006201,0.009006201,5.372758,0.096643,3.536800,768000,768000,1.000000000,1,2025-12-23 12:09:00.000000,2025-12-23 12:09:59.999922,1,BAY01_0106_20251223_120045_000.7z
2025-12-23 12:10:00,8.879138,0.008879138,5.356411,0.045039,3.477688,704122,768000,0.916825521,0,2025-12-23 12:10:00.000000,2025-12-23 12:10:59.999922,2,BAY01_0106_20251223_120045_000.7z;BAY01_0107_20251223_121050_000.7z
2025-12-23 12:11:00,8.867717,0.008867717,5.329318,0.040548,3.497851,768000,768000,1.000000000,1,2025-12-23 12:11:00.000000,2025-12-23 12:11:59.999922,1,BAY01_0107_20251223_121050_000.7z
2025-12-23 12:12:00,8.936018,0.008936018,5.358188,0.071510,3.506320,768000,768000,1.000000000,1,2025-12-23 12:12:00.000000,2025-12-23 12:12:59.999922,1,BAY01_0107_20251223_121050_000.7z
2025-12-23 12:13:00,9.003681,0.009003681,5.389588,0.108102,3.505991,768000,768000,1.000000000,1,2025-12-23 12:13:00.000000,2025-12-23 12:13:59.999922,1,BAY01_0107_20251223_121050_000.7z
2025-12-23 12:14:00,8.989274,0.008989274,5.335378,0.129568,3.524328,768000,768000,1.000000000,1,2025-12-23 12:14:00.000000,2025-12-23 12:14:59.999922,1,BAY01_0107_20251223_121050_000.7z
2025-12-23 12:15:00,8.947198,0.008947198,5.352003,0.087476,3.507719,768000,768000,1.000000000,1,2025-12-23 12:15:00.000000,2025-12-23 12:15:59.999922,1,BAY01_0107_20251223_121050_000.7z
2025-12-23 12:16:00,8.930539,0.008930539,5.365745,0.068714,3.496080,768000,768000,1.000000000,1,2025-12-23 12:16:00.000000,2025-12-23 12:16:59.999922,1,BAY01_0107_20251223_121050_000.7z
2025-12-23 12:17:00,8.950358,0.008950358,5.371281,0.079506,3.499572,768000,768000,1.000000000,1,2025-12-23 12:17:00.000000,2025-12-23 12:17:59.999922,1,BAY01_0107_20251223_121050_000.7z
2025-12-23 12:18:00,9.036523,0.009036523,5.412897,0.108549,3.515076,768000,768000,1.000000000,1,2025-12-23 12:18:00.000000,2025-12-23 12:18:59.999922,1,BAY01_0107_20251223_121050_000.7z
2025-12-23 12:19:00,9.026677,0.009026677,5.362720,0.125146,3.538811,768000,768000,1.000000000,1,2025-12-23 12:19:00.000000,2025-12-23 12:19:59.999922,1,BAY01_0107_20251223_121050_000.7z
2025-12-23 12:20:00,8.925153,0.008925153,5.363185,0.071287,3.490681,729608,768000,0.950010417,0,2025-12-23 12:20:00.000000,2025-12-23 12:20:59.999922,2,BAY01_0107_20251223_121050_000.7z;BAY01_0108_20251223_122053_000.7z
2025-12-23 12:21:00,9.259766,0.009259766,4.956416,0.732688,3.570662,768000,768000,1.000000000,1,2025-12-23 12:21:00.000000,2025-12-23 12:21:59.999922,1,BAY01_0108_20251223_122053_000.7z
2025-12-23 12:22:00,11.864083,0.011864083,3.522695,5.868675,2.472712,768000,768000,1.000000000,1,2025-12-23 12:22:00.000000,2025-12-23 12:22:59.999922,1,BAY01_0108_20251223_122053_000.7z
2025-12-23 12:23:00,13.700752,0.013700752,3.182546,8.273359,2.244846,768000,768000,1.000000000,1,2025-12-23 12:23:00.000000,2025-12-23 12:23:59.999922,1,BAY01_0108_20251223_122053_000.7z
2025-12-23 12:24:00,14.159974,0.014159974,2.837591,8.859273,2.463111,768000,768000,1.000000000,1,2025-12-23 12:24:00.000000,2025-12-23 12:24:59.999922,1,BAY01_0108_20251223_122053_000.7z
2025-12-23 12:25:00,14.002992,0.014002992,2.827040,8.781640,2.394312,768000,768000,1.000000000,1,2025-12-23 12:25:00.000000,2025-12-23 12:25:59.999922,1,BAY01_0108_20251223_122053_000.7z
2025-12-23 12:26:00,14.080494,0.014080494,2.870027,8.778627,2.431841,768000,768000,1.000000000,1,2025-12-23 12:26:00.000000,2025-12-23 12:26:59.999922,1,BAY01_0108_20251223_122053_000.7z
2025-12-23 12:27:00,14.067290,0.014067290,2.829846,8.828676,2.408768,768000,768000,1.000000000,1,2025-12-23 12:27:00.000000,2025-12-23 12:27:59.999922,1,BAY01_0108_20251223_122053_000.7z
2025-12-23 12:28:00,14.060238,0.014060238,2.870364,8.799465,2.390408,768000,768000,1.000000000,1,2025-12-23 12:28:00.000000,2025-12-23 12:28:59.999922,1,BAY01_0108_20251223_122053_000.7z
2025-12-23 12:29:00,14.158540,0.014158540,2.833637,8.860300,2.464603,768000,768000,1.000000000,1,2025-12-23 12:29:00.000000,2025-12-23 12:29:59.999922,1,BAY01_0108_20251223_122053_000.7z
2025-12-23 12:30:00,14.045409,0.014045409,2.834958,8.820179,2.390273,716925,768000,0.933496094,0,2025-12-23 12:30:00.000000,2025-12-23 12:30:59.999922,2,BAY01_0108_20251223_122053_000.7z;BAY01_0109_20251223_123057_000.7z
2025-12-23 12:31:00,13.934038,0.013934038,2.813610,8.741182,2.379246,768000,768000,1.000000000,1,2025-12-23 12:31:00.000000,2025-12-23 12:31:59.999922,1,BAY01_0109_20251223_123057_000.7z
2025-12-23 12:32:00,14.002304,0.014002304,2.835668,8.757242,2.409395,768000,768000,1.000000000,1,2025-12-23 12:32:00.000000,2025-12-23 12:32:59.999922,1,BAY01_0109_20251223_123057_000.7z
2025-12-23 12:33:00,14.026499,0.014026499,2.876002,8.782974,2.367523,768000,768000,1.000000000,1,2025-12-23 12:33:00.000000,2025-12-23 12:33:59.999922,1,BAY01_0109_20251223_123057_000.7z
2025-12-23 12:34:00,14.077105,0.014077105,2.800181,8.817301,2.459622,768000,768000,1.000000000,1,2025-12-23 12:34:00.000000,2025-12-23 12:34:59.999922,1,BAY01_0109_20251223_123057_000.7z
2025-12-23 12:35:00,14.082099,0.014082099,2.845462,8.808569,2.428068,768000,768000,1.000000000,1,2025-12-23 12:35:00.000000,2025-12-23 12:35:59.999922,1,BAY01_0109_20251223_123057_000.7z
2025-12-23 12:36:00,14.035875,0.014035875,2.833285,8.792782,2.409809,768000,768000,1.000000000,1,2025-12-23 12:36:00.000000,2025-12-23 12:36:59.999922,1,BAY01_0109_20251223_123057_000.7z
2025-12-23 12:37:00,14.019552,0.014019552,2.834014,8.777648,2.407890,768000,768000,1.000000000,1,2025-12-23 12:37:00.000000,2025-12-23 12:37:59.999922,1,BAY01_0109_20251223_123057_000.7z
2025-12-23 12:38:00,14.085426,0.014085426,2.877567,8.819004,2.388855,768000,768000,1.000000000,1,2025-12-23 12:38:00.000000,2025-12-23 12:38:59.999922,1,BAY01_0109_20251223_123057_000.7z
2025-12-23 12:39:00,14.070489,0.014070489,2.801357,8.847472,2.421659,768000,768000,1.000000000,1,2025-12-23 12:39:00.000000,2025-12-23 12:39:59.999922,1,BAY01_0109_20251223_123057_000.7z
2025-12-23 12:40:00,13.992992,0.013992992,2.824014,8.768202,2.400776,729692,768000,0.950119792,0,2025-12-23 12:40:00.000000,2025-12-23 12:40:57.007109,1,BAY01_0109_20251223_123057_000.7z
2025-12-23 12:41:00,14.000770,0.014000770,2.821312,8.776423,2.403036,742400,768000,0.966666667,0,2025-12-23 12:41:02.000000,2025-12-23 12:41:59.999922,1,BAY01_0110_20251223_124102_000.7z
2025-12-23 12:42:00,13.944072,0.013944072,2.795053,8.779730,2.369289,768000,768000,1.000000000,1,2025-12-23 12:42:00.000000,2025-12-23 12:42:59.999922,1,BAY01_0110_20251223_124102_000.7z
2025-12-23 12:43:00,14.017720,0.014017720,2.810074,8.815783,2.391864,768000,768000,1.000000000,1,2025-12-23 12:43:00.000000,2025-12-23 12:43:59.999922,1,BAY01_0110_20251223_124102_000.7z
2025-12-23 12:44:00,14.093417,0.014093417,2.829935,8.830281,2.433201,768000,768000,1.000000000,1,2025-12-23 12:44:00.000000,2025-12-23 12:44:59.999922,1,BAY01_0110_20251223_124102_000.7z
2025-12-23 12:45:00,14.003618,0.014003618,2.801588,8.809314,2.392717,768000,768000,1.000000000,1,2025-12-23 12:45:00.000000,2025-12-23 12:45:59.999922,1,BAY01_0110_20251223_124102_000.7z
2025-12-23 12:46:00,14.082794,0.014082794,2.832628,8.820481,2.429685,768000,768000,1.000000000,1,2025-12-23 12:46:00.000000,2025-12-23 12:46:59.999922,1,BAY01_0110_20251223_124102_000.7z
2025-12-23 12:47:00,14.098492,0.014098492,2.877643,8.820117,2.400733,768000,768000,1.000000000,1,2025-12-23 12:47:00.000000,2025-12-23 12:47:59.999922,1,BAY01_0110_20251223_124102_000.7z
2025-12-23 12:48:00,14.028978,0.014028978,2.831477,8.793792,2.403709,768000,768000,1.000000000,1,2025-12-23 12:48:00.000000,2025-12-23 12:48:59.999922,1,BAY01_0110_20251223_124102_000.7z
2025-12-23 12:49:00,14.111065,0.014111065,2.831589,8.848764,2.430711,768000,768000,1.000000000,1,2025-12-23 12:49:00.000000,2025-12-23 12:49:59.999922,1,BAY01_0110_20251223_124102_000.7z
2025-12-23 12:50:00,14.081156,0.014081156,2.808192,8.869314,2.403649,768000,768000,1.000000000,1,2025-12-23 12:50:00.000000,2025-12-23 12:50:59.999922,1,BAY01_0110_20251223_124102_000.7z
2025-12-23 12:51:00,15.935431,0.015935431,1.567303,12.933973,1.434154,691302,768000,0.900132812,0,2025-12-23 12:51:00.000000,2025-12-23 12:51:59.999922,2,BAY01_0110_20251223_124102_000.7z;BAY01_0111_20251223_125108_000.7z
2025-12-23 12:52:00,16.153832,0.016153832,1.508279,13.208576,1.436976,768000,768000,1.000000000,1,2025-12-23 12:52:00.000000,2025-12-23 12:52:59.999922,1,BAY01_0111_20251223_125108_000.7z
2025-12-23 12:53:00,16.219795,0.016219795,1.568482,13.227264,1.424048,768000,768000,1.000000000,1,2025-12-23 12:53:00.000000,2025-12-23 12:53:59.999922,1,BAY01_0111_20251223_125108_000.7z
2025-12-23 12:54:00,16.214064,0.016214064,1.555422,13.233156,1.425486,768000,768000,1.000000000,1,2025-12-23 12:54:00.000000,2025-12-23 12:54:59.999922,1,BAY01_0111_20251223_125108_000.7z
2025-12-23 12:55:00,16.243841,0.016243841,1.588076,13.252170,1.403595,768000,768000,1.000000000,1,2025-12-23 12:55:00.000000,2025-12-23 12:55:59.999922,1,BAY01_0111_20251223_125108_000.7z
2025-12-23 12:56:00,16.210428,0.016210428,1.581159,13.230092,1.399177,768000,768000,1.000000000,1,2025-12-23 12:56:00.000000,2025-12-23 12:56:59.999922,1,BAY01_0111_20251223_125108_000.7z
2025-12-23 12:57:00,16.158688,0.016158688,1.541705,13.206291,1.410692,768000,768000,1.000000000,1,2025-12-23 12:57:00.000000,2025-12-23 12:57:59.999922,1,BAY01_0111_20251223_125108_000.7z
2025-12-23 12:58:00,16.229827,0.016229827,1.563699,13.250133,1.415994,768000,768000,1.000000000,1,2025-12-23 12:58:00.000000,2025-12-23 12:58:59.999922,1,BAY01_0111_20251223_125108_000.7z
2025-12-23 12:59:00,16.261130,0.016261130,1.569020,13.233902,1.458208,768000,768000,1.000000000,1,2025-12-23 12:59:00.000000,2025-12-23 12:59:59.999922,1,BAY01_0111_20251223_125108_000.7z
2025-12-23 13:00:00,16.207136,0.016207136,1.538196,13.259401,1.409539,768000,768000,1.000000000,1,2025-12-23 13:00:00.000000,2025-12-23 13:00:59.999922,1,BAY01_0111_20251223_125108_000.7z
2025-12-23 13:01:00,16.150260,0.016150260,1.549208,13.228048,1.373004,704116,768000,0.916817708,0,2025-12-23 13:01:00.000000,2025-12-23 13:01:59.999922,2,BAY01_0111_20251223_125108_000.7z;BAY01_0112_20251223_130113_000.7z
2025-12-23 13:02:00,16.146618,0.016146618,1.533258,13.229580,1.383780,768000,768000,1.000000000,1,2025-12-23 13:02:00.000000,2025-12-23 13:02:59.999922,1,BAY01_0112_20251223_130113_000.7z
2025-12-23 13:03:00,16.249044,0.016249044,1.559906,13.240765,1.448373,768000,768000,1.000000000,1,2025-12-23 13:03:00.000000,2025-12-23 13:03:59.999922,1,BAY01_0112_20251223_130113_000.7z
2025-12-23 13:04:00,16.337495,0.016337495,1.619107,13.262504,1.455884,768000,768000,1.000000000,1,2025-12-23 13:04:00.000000,2025-12-23 13:04:59.999922,1,BAY01_0112_20251223_130113_000.7z
2025-12-23 13:05:00,16.227158,0.016227158,1.560055,13.237531,1.429572,768000,768000,1.000000000,1,2025-12-23 13:05:00.000000,2025-12-23 13:05:59.999922,1,BAY01_0112_20251223_130113_000.7z
2025-12-23 13:06:00,16.218749,0.016218749,1.576165,13.262533,1.380051,768000,768000,1.000000000,1,2025-12-23 13:06:00.000000,2025-12-23 13:06:59.999922,1,BAY01_0112_20251223_130113_000.7z
2025-12-23 13:07:00,16.236627,0.016236627,1.596267,13.234388,1.405972,768000,768000,1.000000000,1,2025-12-23 13:07:00.000000,2025-12-23 13:07:59.999922,1,BAY01_0112_20251223_130113_000.7z
2025-12-23 13:08:00,16.187199,0.016187199,1.569108,13.231359,1.386731,768000,768000,1.000000000,1,2025-12-23 13:08:00.000000,2025-12-23 13:08:59.999922,1,BAY01_0112_20251223_130113_000.7z
2025-12-23 13:09:00,16.302874,0.016302874,1.582666,13.284945,1.435263,768000,768000,1.000000000,1,2025-12-23 13:09:00.000000,2025-12-23 13:09:59.999922,1,BAY01_0112_20251223_130113_000.7z
2025-12-23 13:10:00,16.269760,0.016269760,1.560282,13.260659,1.448819,768000,768000,1.000000000,1,2025-12-23 13:10:00.000000,2025-12-23 13:10:59.999922,1,BAY01_0112_20251223_130113_000.7z
2025-12-23 13:11:00,16.168136,0.016168136,1.546349,13.229563,1.392223,704137,768000,0.916845052,0,2025-12-23 13:11:00.000000,2025-12-23 13:11:59.999922,2,BAY01_0112_20251223_130113_000.7z;BAY01_0113_20251223_131118_000.7z
2025-12-23 13:12:00,16.144213,0.016144213,1.516690,13.258600,1.368923,768000,768000,1.000000000,1,2025-12-23 13:12:00.000000,2025-12-23 13:12:59.999922,1,BAY01_0113_20251223_131118_000.7z
2025-12-23 13:13:00,16.280727,0.016280727,1.572043,13.283196,1.425488,768000,768000,1.000000000,1,2025-12-23 13:13:00.000000,2025-12-23 13:13:59.999922,1,BAY01_0113_20251223_131118_000.7z
2025-12-23 13:14:00,16.319105,0.016319105,1.621814,13.283406,1.413884,768000,768000,1.000000000,1,2025-12-23 13:14:00.000000,2025-12-23 13:14:59.999922,1,BAY01_0113_20251223_131118_000.7z
2025-12-23 13:15:00,16.221346,0.016221346,1.554519,13.275422,1.391405,768000,768000,1.000000000,1,2025-12-23 13:15:00.000000,2025-12-23 13:15:59.999922,1,BAY01_0113_20251223_131118_000.7z
2025-12-23 13:16:00,16.278766,0.016278766,1.578580,13.282946,1.417240,768000,768000,1.000000000,1,2025-12-23 13:16:00.000000,2025-12-23 13:16:59.999922,1,BAY01_0113_20251223_131118_000.7z
2025-12-23 13:17:00,16.246374,0.016246374,1.563243,13.279982,1.403149,768000,768000,1.000000000,1,2025-12-23 13:17:00.000000,2025-12-23 13:17:59.999922,1,BAY01_0113_20251223_131118_000.7z
2025-12-23 13:18:00,16.218099,0.016218099,1.574904,13.257110,1.386085,768000,768000,1.000000000,1,2025-12-23 13:18:00.000000,2025-12-23 13:18:59.999922,1,BAY01_0113_20251223_131118_000.7z
2025-12-23 13:19:00,16.376669,0.016376669,1.606185,13.327430,1.443054,768000,768000,1.000000000,1,2025-12-23 13:19:00.000000,2025-12-23 13:19:59.999922,1,BAY01_0113_20251223_131118_000.7z
2025-12-23 13:20:00,16.246360,0.016246360,1.561838,13.276103,1.408420,768000,768000,1.000000000,1,2025-12-23 13:20:00.000000,2025-12-23 13:20:59.999922,1,BAY01_0113_20251223_131118_000.7z
2025-12-23 13:21:00,16.181274,0.016181274,1.510692,13.288278,1.382304,716876,768000,0.933432292,0,2025-12-23 13:21:00.000000,2025-12-23 13:21:59.999922,2,BAY01_0113_20251223_131118_000.7z;BAY01_0114_20251223_132122_000.7z
2025-12-23 13:22:00,16.220446,0.016220446,1.543883,13.257575,1.418988,768000,768000,1.000000000,1,2025-12-23 13:22:00.000000,2025-12-23 13:22:59.999922,1,BAY01_0114_20251223_132122_000.7z
2025-12-23 13:23:00,16.192308,0.016192308,1.544636,13.269690,1.377982,768000,768000,1.000000000,1,2025-12-23 13:23:00.000000,2025-12-23 13:23:59.999922,1,BAY01_0114_20251223_132122_000.7z
2025-12-23 13:24:00,16.350092,0.016350092,1.616047,13.301532,1.432513,768000,768000,1.000000000,1,2025-12-23 13:24:00.000000,2025-12-23 13:24:59.999922,1,BAY01_0114_20251223_132122_000.7z
2025-12-23 13:25:00,17.008728,0.017008728,2.659236,12.882823,1.466669,768000,768000,1.000000000,1,2025-12-23 13:25:00.000000,2025-12-23 13:25:59.999922,1,BAY01_0114_20251223_132122_000.7z
2025-12-23 13:26:00,19.060176,0.019060176,5.591314,11.809116,1.659746,768000,768000,1.000000000,1,2025-12-23 13:26:00.000000,2025-12-23 13:26:59.999922,1,BAY01_0114_20251223_132122_000.7z
2025-12-23 13:27:00,19.060501,0.019060501,5.571576,11.804537,1.684389,768000,768000,1.000000000,1,2025-12-23 13:27:00.000000,2025-12-23 13:27:59.999922,1,BAY01_0114_20251223_132122_000.7z
2025-12-23 13:28:00,19.103958,0.019103958,5.541264,11.844724,1.717970,768000,768000,1.000000000,1,2025-12-23 13:28:00.000000,2025-12-23 13:28:59.999922,1,BAY01_0114_20251223_132122_000.7z
2025-12-23 13:29:00,19.118560,0.019118560,5.564720,11.842656,1.711184,768000,768000,1.000000000,1,2025-12-23 13:29:00.000000,2025-12-23 13:29:59.999922,1,BAY01_0114_20251223_132122_000.7z
2025-12-23 13:30:00,19.077208,0.019077208,5.577621,11.825140,1.674447,768000,768000,1.000000000,1,2025-12-23 13:30:00.000000,2025-12-23 13:30:59.999922,1,BAY01_0114_20251223_132122_000.7z
2025-12-23 13:31:00,19.021387,0.019021387,5.534189,11.817929,1.669269,729659,768000,0.950076823,0,2025-12-23 13:31:00.000000,2025-12-23 13:31:59.999922,2,BAY01_0114_20251223_132122_000.7z;BAY01_0115_20251223_133125_000.7z
2025-12-23 13:32:00,18.967107,0.018967107,5.526161,11.806403,1.634543,768000,768000,1.000000000,1,2025-12-23 13:32:00.000000,2025-12-23 13:32:59.999922,1,BAY01_0115_20251223_133125_000.7z
2025-12-23 13:33:00,19.009852,0.019009852,5.529381,11.806333,1.674139,768000,768000,1.000000000,1,2025-12-23 13:33:00.000000,2025-12-23 13:33:59.999922,1,BAY01_0115_20251223_133125_000.7z
2025-12-23 13:34:00,19.131616,0.019131616,5.593697,11.839941,1.697978,768000,768000,1.000000000,1,2025-12-23 13:34:00.000000,2025-12-23 13:34:59.999922,1,BAY01_0115_20251223_133125_000.7z
2025-12-23 13:35:00,19.039646,0.019039646,5.518870,11.868304,1.652473,768000,768000,1.000000000,1,2025-12-23 13:35:00.000000,2025-12-23 13:35:59.999922,1,BAY01_0115_20251223_133125_000.7z
2025-12-23 13:36:00,19.054596,0.019054596,5.557891,11.813937,1.682768,768000,768000,1.000000000,1,2025-12-23 13:36:00.000000,2025-12-23 13:36:59.999922,1,BAY01_0115_20251223_133125_000.7z
2025-12-23 13:37:00,19.059080,0.019059080,5.545402,11.816804,1.696875,768000,768000,1.000000000,1,2025-12-23 13:37:00.000000,2025-12-23 13:37:59.999922,1,BAY01_0115_20251223_133125_000.7z
2025-12-23 13:38:00,19.023432,0.019023432,5.534625,11.828250,1.660558,768000,768000,1.000000000,1,2025-12-23 13:38:00.000000,2025-12-23 13:38:59.999922,1,BAY01_0115_20251223_133125_000.7z
2025-12-23 13:39:00,19.067841,0.019067841,5.552466,11.824881,1.690494,768000,768000,1.000000000,1,2025-12-23 13:39:00.000000,2025-12-23 13:39:59.999922,1,BAY01_0115_20251223_133125_000.7z
2025-12-23 13:40:00,19.081474,0.019081474,5.526945,11.849108,1.705421,768000,768000,1.000000000,1,2025-12-23 13:40:00.000000,2025-12-23 13:40:59.999922,1,BAY01_0115_20251223_133125_000.7z
2025-12-23 13:41:00,18.982502,0.018982502,5.521469,11.796266,1.664767,742440,768000,0.966718750,0,2025-12-23 13:41:00.000000,2025-12-23 13:41:59.999922,2,BAY01_0115_20251223_133125_000.7z;BAY01_0116_20251223_134127_000.7z
2025-12-23 13:42:00,18.998774,0.018998774,5.524234,11.802492,1.672048,768000,768000,1.000000000,1,2025-12-23 13:42:00.000000,2025-12-23 13:42:59.999922,1,BAY01_0116_20251223_134127_000.7z
2025-12-23 13:43:00,18.980431,0.018980431,5.502568,11.814210,1.663653,768000,768000,1.000000000,1,2025-12-23 13:43:00.000000,2025-12-23 13:43:59.999922,1,BAY01_0116_20251223_134127_000.7z
2025-12-23 13:44:00,19.041359,0.019041359,5.518957,11.837593,1.684809,768000,768000,1.000000000,1,2025-12-23 13:44:00.000000,2025-12-23 13:44:59.999922,1,BAY01_0116_20251223_134127_000.7z
2025-12-23 13:45:00,19.132664,0.019132664,5.573600,11.853286,1.705778,768000,768000,1.000000000,1,2025-12-23 13:45:00.000000,2025-12-23 13:45:59.999922,1,BAY01_0116_20251223_134127_000.7z
2025-12-23 13:46:00,19.036907,0.019036907,5.531937,11.820833,1.684136,768000,768000,1.000000000,1,2025-12-23 13:46:00.000000,2025-12-23 13:46:59.999922,1,BAY01_0116_20251223_134127_000.7z
2025-12-23 13:47:00,19.000193,0.019000193,5.497219,11.830973,1.672001,768000,768000,1.000000000,1,2025-12-23 13:47:00.000000,2025-12-23 13:47:59.999922,1,BAY01_0116_20251223_134127_000.7z
2025-12-23 13:48:00,19.043685,0.019043685,5.541121,11.813881,1.688683,768000,768000,1.000000000,1,2025-12-23 13:48:00.000000,2025-12-23 13:48:59.999922,1,BAY01_0116_20251223_134127_000.7z
2025-12-23 13:49:00,19.064726,0.019064726,5.573840,11.822888,1.667998,768000,768000,1.000000000,1,2025-12-23 13:49:00.000000,2025-12-23 13:49:59.999922,1,BAY01_0116_20251223_134127_000.7z
2025-12-23 13:50:00,19.065023,0.019065023,5.530659,11.829597,1.704767,768000,768000,1.000000000,1,2025-12-23 13:50:00.000000,2025-12-23 13:50:59.999922,1,BAY01_0116_20251223_134127_000.7z
2025-12-23 13:51:00,19.006305,0.019006305,5.494764,11.802951,1.708589,691342,768000,0.900184896,0,2025-12-23 13:51:00.000000,2025-12-23 13:51:59.999922,2,BAY01_0116_20251223_134127_000.7z;BAY01_0117_20251223_135133_000.7z
2025-12-23 13:52:00,18.979699,0.018979699,5.519444,11.781216,1.679039,768000,768000,1.000000000,1,2025-12-23 13:52:00.000000,2025-12-23 13:52:59.999922,1,BAY01_0117_20251223_135133_000.7z
2025-12-23 13:53:00,18.967849,0.018967849,5.542305,11.768032,1.657512,768000,768000,1.000000000,1,2025-12-23 13:53:00.000000,2025-12-23 13:53:59.999922,1,BAY01_0117_20251223_135133_000.7z
2025-12-23 13:54:00,19.073150,0.019073150,5.551383,11.790849,1.730918,768000,768000,1.000000000,1,2025-12-23 13:54:00.000000,2025-12-23 13:54:59.999922,1,BAY01_0117_20251223_135133_000.7z
2025-12-23 13:55:00,19.073924,0.019073924,5.540152,11.821171,1.712601,768000,768000,1.000000000,1,2025-12-23 13:55:00.000000,2025-12-23 13:55:59.999922,1,BAY01_0117_20251223_135133_000.7z
2025-12-23 13:56:00,19.065763,0.019065763,5.546051,11.802213,1.717500,768000,768000,1.000000000,1,2025-12-23 13:56:00.000000,2025-12-23 13:56:59.999922,1,BAY01_0117_20251223_135133_000.7z
2025-12-23 13:57:00,19.046634,0.019046634,5.525359,11.821311,1.699965,768000,768000,1.000000000,1,2025-12-23 13:57:00.000000,2025-12-23 13:57:59.999922,1,BAY01_0117_20251223_135133_000.7z
2025-12-23 13:58:00,19.040043,0.019040043,5.536654,11.787395,1.715994,768000,768000,1.000000000,1,2025-12-23 13:58:00.000000,2025-12-23 13:58:59.999922,1,BAY01_0117_20251223_135133_000.7z
2025-12-23 13:59:00,19.055539,0.019055539,5.579557,11.791067,1.684914,768000,768000,1.000000000,1,2025-12-23 13:59:00.000000,2025-12-23 13:59:59.999922,1,BAY01_0117_20251223_135133_000.7z
2025-12-23 14:00:00,19.174412,0.019174412,5.551095,11.840149,1.783167,768000,768000,1.000000000,1,2025-12-23 14:00:00.000000,2025-12-23 14:00:59.999922,1,BAY01_0117_20251223_135133_000.7z
2025-12-23 14:01:00,18.957473,0.018957473,5.486101,11.811529,1.659843,704099,768000,0.916795573,0,2025-12-23 14:01:00.000000,2025-12-23 14:01:59.999922,2,BAY01_0117_20251223_135133_000.7z;BAY01_0118_20251223_140138_000.7z
2025-12-23 14:02:00,18.973064,0.018973064,5.508559,11.778016,1.686489,768000,768000,1.000000000,1,2025-12-23 14:02:00.000000,2025-12-23 14:02:59.999922,1,BAY01_0118_20251223_140138_000.7z
2025-12-23 14:03:00,19.027845,0.019027845,5.547727,11.768175,1.711942,768000,768000,1.000000000,1,2025-12-23 14:03:00.000000,2025-12-23 14:03:59.999922,1,BAY01_0118_20251223_140138_000.7z
2025-12-23 14:04:00,19.099891,0.019099891,5.599454,11.807949,1.692487,768000,768000,1.000000000,1,2025-12-23 14:04:00.000000,2025-12-23 14:04:59.999922,1,BAY01_0118_20251223_140138_000.7z
2025-12-23 14:05:00,19.097558,0.019097558,5.518948,11.824516,1.754094,768000,768000,1.000000000,1,2025-12-23 14:05:00.000000,2025-12-23 14:05:59.999922,1,BAY01_0118_20251223_140138_000.7z
2025-12-23 14:06:00,19.059810,0.019059810,5.530254,11.810072,1.719484,768000,768000,1.000000000,1,2025-12-23 14:06:00.000000,2025-12-23 14:06:59.999922,1,BAY01_0118_20251223_140138_000.7z
2025-12-23 14:07:00,19.071348,0.019071348,5.532514,11.819854,1.718980,768000,768000,1.000000000,1,2025-12-23 14:07:00.000000,2025-12-23 14:07:59.999922,1,BAY01_0118_20251223_140138_000.7z
2025-12-23 14:08:00,19.041069,0.019041069,5.534614,11.802003,1.704452,768000,768000,1.000000000,1,2025-12-23 14:08:00.000000,2025-12-23 14:08:59.999922,1,BAY01_0118_20251223_140138_000.7z
2025-12-23 14:09:00,19.125646,0.019125646,5.595960,11.831358,1.698328,768000,768000,1.000000000,1,2025-12-23 14:09:00.000000,2025-12-23 14:09:59.999922,1,BAY01_0118_20251223_140138_000.7z
2025-12-23 14:10:00,19.120336,0.019120336,5.505191,11.850074,1.765071,768000,768000,1.000000000,1,2025-12-23 14:10:00.000000,2025-12-23 14:10:59.999922,1,BAY01_0118_20251223_140138_000.7z
2025-12-23 14:11:00,19.026988,0.019026988,5.527844,11.791927,1.707216,704040,768000,0.916718750,0,2025-12-23 14:11:00.000000,2025-12-23 14:11:59.999922,2,BAY01_0118_20251223_140138_000.7z;BAY01_0119_20251223_141143_000.7z
2025-12-23 14:12:00,18.981382,0.018981382,5.495422,11.759400,1.726560,768000,768000,1.000000000,1,2025-12-23 14:12:00.000000,2025-12-23 14:12:59.999922,1,BAY01_0119_20251223_141143_000.7z
2025-12-23 14:13:00,19.030563,0.019030563,5.539263,11.766144,1.725156,768000,768000,1.000000000,1,2025-12-23 14:13:00.000000,2025-12-23 14:13:59.999922,1,BAY01_0119_20251223_141143_000.7z
2025-12-23 14:14:00,19.080149,0.019080149,5.548591,11.799362,1.732195,768000,768000,1.000000000,1,2025-12-23 14:14:00.000000,2025-12-23 14:14:59.999922,1,BAY01_0119_20251223_141143_000.7z
2025-12-23 14:15:00,19.124476,0.019124476,5.523193,11.838995,1.762289,768000,768000,1.000000000,1,2025-12-23 14:15:00.000000,2025-12-23 14:15:59.999922,1,BAY01_0119_20251223_141143_000.7z
2025-12-23 14:16:00,19.025457,0.019025457,5.527743,11.798061,1.699652,768000,768000,1.000000000,1,2025-12-23 14:16:00.000000,2025-12-23 14:16:59.999922,1,BAY01_0119_20251223_141143_000.7z
2025-12-23 14:17:00,19.030786,0.019030786,5.533581,11.791275,1.705930,768000,768000,1.000000000,1,2025-12-23 14:17:00.000000,2025-12-23 14:17:59.999922,1,BAY01_0119_20251223_141143_000.7z
2025-12-23 14:18:00,19.071126,0.019071126,5.556606,11.791220,1.723299,768000,768000,1.000000000,1,2025-12-23 14:18:00.000000,2025-12-23 14:18:59.999922,1,BAY01_0119_20251223_141143_000.7z
2025-12-23 14:19:00,19.083174,0.019083174,5.568701,11.787311,1.727162,768000,768000,1.000000000,1,2025-12-23 14:19:00.000000,2025-12-23 14:19:59.999922,1,BAY01_0119_20251223_141143_000.7z
2025-12-23 14:20:00,19.103625,0.019103625,5.556347,11.822307,1.724971,768000,768000,1.000000000,1,2025-12-23 14:20:00.000000,2025-12-23 14:20:59.999922,1,BAY01_0119_20251223_141143_000.7z
2025-12-23 14:21:00,19.024620,0.019024620,5.524815,11.793861,1.705945,678446,768000,0.883393229,0,2025-12-23 14:21:00.000000,2025-12-23 14:21:59.999922,2,BAY01_0119_20251223_141143_000.7z;BAY01_0120_20251223_142150_000.7z
2025-12-23 14:22:00,18.950007,0.018950007,5.514849,11.752041,1.683117,768000,768000,1.000000000,1,2025-12-23 14:22:00.000000,2025-12-23 14:22:59.999922,1,BAY01_0120_20251223_142150_000.7z
2025-12-23 14:23:00,18.956341,0.018956341,5.510446,11.772347,1.673548,768000,768000,1.000000000,1,2025-12-23 14:23:00.000000,2025-12-23 14:23:59.999922,1,BAY01_0120_20251223_142150_000.7z
2025-12-23 14:24:00,19.051162,0.019051162,5.560419,11.791585,1.699158,768000,768000,1.000000000,1,2025-12-23 14:24:00.000000,2025-12-23 14:24:59.999922,1,BAY01_0120_20251223_142150_000.7z
2025-12-23 14:25:00,19.083980,0.019083980,5.555637,11.808912,1.719431,768000,768000,1.000000000,1,2025-12-23 14:25:00.000000,2025-12-23 14:25:59.999922,1,BAY01_0120_20251223_142150_000.7z
2025-12-23 14:26:00,19.040613,0.019040613,5.549399,11.777359,1.713855,768000,768000,1.000000000,1,2025-12-23 14:26:00.000000,2025-12-23 14:26:59.999922,1,BAY01_0120_20251223_142150_000.7z
2025-12-23 14:27:00,19.053755,0.019053755,5.533693,11.811019,1.709042,768000,768000,1.000000000,1,2025-12-23 14:27:00.000000,2025-12-23 14:27:59.999922,1,BAY01_0120_20251223_142150_000.7z
2025-12-23 14:28:00,19.504910,0.019504910,5.505660,12.292081,1.707168,768000,768000,1.000000000,1,2025-12-23 14:28:00.000000,2025-12-23 14:28:59.999922,1,BAY01_0120_20251223_142150_000.7z
2025-12-23 14:29:00,20.012877,0.020012877,5.578270,12.733584,1.701023,768000,768000,1.000000000,1,2025-12-23 14:29:00.000000,2025-12-23 14:29:59.999922,1,BAY01_0120_20251223_142150_000.7z
2025-12-23 14:30:00,20.052752,0.020052752,5.563205,12.732172,1.757375,768000,768000,1.000000000,1,2025-12-23 14:30:00.000000,2025-12-23 14:30:59.999922,1,BAY01_0120_20251223_142150_000.7z
2025-12-23 14:31:00,19.932434,0.019932434,5.518002,12.722645,1.691787,691296,768000,0.900125000,0,2025-12-23 14:31:00.000000,2025-12-23 14:31:59.999922,2,BAY01_0120_20251223_142150_000.7z;BAY01_0121_20251223_143156_000.7z
2025-12-23 14:32:00,19.895463,0.019895463,5.505085,12.682356,1.708023,768000,768000,1.000000000,1,2025-12-23 14:32:00.000000,2025-12-23 14:32:59.999922,1,BAY01_0121_20251223_143156_000.7z
2025-12-23 14:33:00,19.795168,0.019795168,5.509549,12.543201,1.742417,768000,768000,1.000000000,1,2025-12-23 14:33:00.000000,2025-12-23 14:33:59.999922,1,BAY01_0121_20251223_143156_000.7z
2025-12-23 14:34:00,19.451079,0.019451079,5.553719,12.175074,1.722286,768000,768000,1.000000000,1,2025-12-23 14:34:00.000000,2025-12-23 14:34:59.999922,1,BAY01_0121_20251223_143156_000.7z
2025-12-23 14:35:00,19.475300,0.019475300,5.551045,12.217013,1.707242,768000,768000,1.000000000,1,2025-12-23 14:35:00.000000,2025-12-23 14:35:59.999922,1,BAY01_0121_20251223_143156_000.7z
2025-12-23 14:36:00,19.455549,0.019455549,5.549990,12.190357,1.715202,768000,768000,1.000000000,1,2025-12-23 14:36:00.000000,2025-12-23 14:36:59.999922,1,BAY01_0121_20251223_143156_000.7z
2025-12-23 14:37:00,19.461828,0.019461828,5.544040,12.208443,1.709345,768000,768000,1.000000000,1,2025-12-23 14:37:00.000000,2025-12-23 14:37:59.999922,1,BAY01_0121_20251223_143156_000.7z
2025-12-23 14:38:00,19.315254,0.019315254,5.536801,12.058151,1.720302,768000,768000,1.000000000,1,2025-12-23 14:38:00.000000,2025-12-23 14:38:59.999922,1,BAY01_0121_20251223_143156_000.7z
2025-12-23 14:39:00,19.021436,0.019021436,5.537751,11.753131,1.730554,768000,768000,1.000000000,1,2025-12-23 14:39:00.000000,2025-12-23 14:39:59.999922,1,BAY01_0121_20251223_143156_000.7z
2025-12-23 14:40:00,19.099899,0.019099899,5.565288,11.761385,1.773226,768000,768000,1.000000000,1,2025-12-23 14:40:00.000000,2025-12-23 14:40:59.999922,1,BAY01_0121_20251223_143156_000.7z
2025-12-23 14:41:00,19.032793,0.019032793,5.542856,11.776491,1.713446,716912,768000,0.933479167,0,2025-12-23 14:41:00.000000,2025-12-23 14:41:56.008672,1,BAY01_0121_20251223_143156_000.7z
2025-12-23 14:42:00,19.005861,0.019005861,5.487714,11.800938,1.717209,742400,768000,0.966666667,0,2025-12-23 14:42:02.000000,2025-12-23 14:42:59.999922,1,BAY01_0122_20251223_144202_000.7z
2025-12-23 14:43:00,1144.478729,1.144478729,5.745131,1136.625476,2.108122,768000,768000,1.000000000,1,2025-12-23 14:43:00.000000,2025-12-23 14:43:59.999922,1,BAY01_0122_20251223_144202_000.7z
2025-12-23 14:44:00,6179.333191,6.179333191,6.031209,6170.809863,2.492119,768000,768000,1.000000000,1,2025-12-23 14:44:00.000000,2025-12-23 14:44:59.999922,1,BAY01_0122_20251223_144202_000.7z
2025-12-23 14:45:00,7169.967500,7.169967500,5.985137,7161.469007,2.513356,768000,768000,1.000000000,1,2025-12-23 14:45:00.000000,2025-12-23 14:45:59.999922,1,BAY01_0122_20251223_144202_000.7z
2025-12-23 14:46:00,7168.263090,7.168263090,5.942339,7159.868503,2.452247,768000,768000,1.000000000,1,2025-12-23 14:46:00.000000,2025-12-23 14:46:59.999922,1,BAY01_0122_20251223_144202_000.7z
2025-12-23 14:47:00,7181.784672,7.181784672,5.952898,7173.389756,2.442019,768000,768000,1.000000000,1,2025-12-23 14:47:00.000000,2025-12-23 14:47:59.999922,1,BAY01_0122_20251223_144202_000.7z
2025-12-23 14:48:00,7181.552802,7.181552802,5.945165,7173.143650,2.463987,768000,768000,1.000000000,1,2025-12-23 14:48:00.000000,2025-12-23 14:48:59.999922,1,BAY01_0122_20251223_144202_000.7z
2025-12-23 14:49:00,7185.553754,7.185553754,5.904371,7177.191999,2.457383,768000,768000,1.000000000,1,2025-12-23 14:49:00.000000,2025-12-23 14:49:59.999922,1,BAY01_0122_20251223_144202_000.7z
2025-12-23 14:50:00,7194.003585,7.194003585,5.986406,7185.507117,2.510061,768000,768000,1.000000000,1,2025-12-23 14:50:00.000000,2025-12-23 14:50:59.999922,1,BAY01_0122_20251223_144202_000.7z
2025-12-23 14:51:00,7203.879327,7.203879327,5.950929,7195.485000,2.443399,768000,768000,1.000000000,1,2025-12-23 14:51:00.000000,2025-12-23 14:51:59.999922,1,BAY01_0122_20251223_144202_000.7z
2025-12-23 14:52:00,7211.270492,7.211270492,5.928529,7202.911804,2.430160,691253,768000,0.900069010,0,2025-12-23 14:52:00.000000,2025-12-23 14:52:59.999922,2,BAY01_0122_20251223_144202_000.7z;BAY01_0123_20251223_145208_000.7z
2025-12-23 14:53:00,7209.735938,7.209735938,5.899826,7201.399461,2.436651,768000,768000,1.000000000,1,2025-12-23 14:53:00.000000,2025-12-23 14:53:59.999922,1,BAY01_0123_20251223_145208_000.7z
2025-12-23 14:54:00,7206.874282,7.206874282,5.925720,7198.497617,2.450945,768000,768000,1.000000000,1,2025-12-23 14:54:00.000000,2025-12-23 14:54:59.999922,1,BAY01_0123_20251223_145208_000.7z
2025-12-23 14:55:00,7214.938322,7.214938322,5.941427,7206.503807,2.493088,768000,768000,1.000000000,1,2025-12-23 14:55:00.000000,2025-12-23 14:55:59.999922,1,BAY01_0123_20251223_145208_000.7z
2025-12-23 14:56:00,7218.938938,7.218938938,5.942228,7210.550760,2.445950,768000,768000,1.000000000,1,2025-12-23 14:56:00.000000,2025-12-23 14:56:59.999922,1,BAY01_0123_20251223_145208_000.7z
2025-12-23 14:57:00,7220.669318,7.220669318,5.911226,7212.293024,2.465067,768000,768000,1.000000000,1,2025-12-23 14:57:00.000000,2025-12-23 14:57:59.999922,1,BAY01_0123_20251223_145208_000.7z
2025-12-23 14:58:00,7223.622273,7.223622273,5.899438,7215.257782,2.465054,768000,768000,1.000000000,1,2025-12-23 14:58:00.000000,2025-12-23 14:58:59.999922,1,BAY01_0123_20251223_145208_000.7z
2025-12-23 14:59:00,7230.413252,7.230413252,5.907634,7222.037229,2.468388,768000,768000,1.000000000,1,2025-12-23 14:59:00.000000,2025-12-23 14:59:59.999922,1,BAY01_0123_20251223_145208_000.7z
2025-12-23 15:00:00,7229.781411,7.229781411,5.970669,7221.288034,2.522708,768000,768000,1.000000000,1,2025-12-23 15:00:00.000000,2025-12-23 15:00:59.999922,1,BAY01_0123_20251223_145208_000.7z
2025-12-23 15:01:00,7233.797657,7.233797657,5.891597,7225.438015,2.468044,768000,768000,1.000000000,1,2025-12-23 15:01:00.000000,2025-12-23 15:01:59.999922,1,BAY01_0123_20251223_145208_000.7z
2025-12-23 15:02:00,7243.294776,7.243294776,5.868386,7234.965444,2.460946,716814,768000,0.933351562,0,2025-12-23 15:02:00.000000,2025-12-23 15:02:59.999922,2,BAY01_0123_20251223_145208_000.7z;BAY01_0124_20251223_150212_000.7z
2025-12-23 15:03:00,7242.518572,7.242518572,5.918370,7234.092183,2.508019,768000,768000,1.000000000,1,2025-12-23 15:03:00.000000,2025-12-23 15:03:59.999922,1,BAY01_0124_20251223_150212_000.7z
2025-12-23 15:04:00,7241.533491,7.241533491,5.908206,7233.174490,2.450795,768000,768000,1.000000000,1,2025-12-23 15:04:00.000000,2025-12-23 15:04:59.999922,1,BAY01_0124_20251223_150212_000.7z
2025-12-23 15:05:00,7250.125400,7.250125400,5.949171,7241.671693,2.504536,768000,768000,1.000000000,1,2025-12-23 15:05:00.000000,2025-12-23 15:05:59.999922,1,BAY01_0124_20251223_150212_000.7z
2025-12-23 15:06:00,7246.434541,7.246434541,5.903070,7238.028190,2.503281,768000,768000,1.000000000,1,2025-12-23 15:06:00.000000,2025-12-23 15:06:59.999922,1,BAY01_0124_20251223_150212_000.7z
2025-12-23 15:07:00,7254.035693,7.254035693,5.935786,7245.589677,2.510230,768000,768000,1.000000000,1,2025-12-23 15:07:00.000000,2025-12-23 15:07:59.999922,1,BAY01_0124_20251223_150212_000.7z
2025-12-23 15:08:00,7252.805693,7.252805693,5.871244,7244.455408,2.479041,768000,768000,1.000000000,1,2025-12-23 15:08:00.000000,2025-12-23 15:08:59.999922,1,BAY01_0124_20251223_150212_000.7z
2025-12-23 15:09:00,7236.951191,7.236951191,5.906384,7228.571173,2.473634,768000,768000,1.000000000,1,2025-12-23 15:09:00.000000,2025-12-23 15:09:59.999922,1,BAY01_0124_20251223_150212_000.7z
2025-12-23 15:10:00,7244.992801,7.244992801,5.906276,7236.587668,2.498857,768000,768000,1.000000000,1,2025-12-23 15:10:00.000000,2025-12-23 15:10:59.999922,1,BAY01_0124_20251223_150212_000.7z
2025-12-23 15:11:00,7249.460413,7.249460413,5.903484,7241.065515,2.491414,768000,768000,1.000000000,1,2025-12-23 15:11:00.000000,2025-12-23 15:11:59.999922,1,BAY01_0124_20251223_150212_000.7z
2025-12-23 15:12:00,7247.449491,7.247449491,5.879096,7239.086934,2.483460,704028,768000,0.916703125,0,2025-12-23 15:12:00.000000,2025-12-23 15:12:59.999922,2,BAY01_0124_20251223_150212_000.7z;BAY01_0125_20251223_151217_000.7z
2025-12-23 15:13:00,7249.950106,7.249950106,5.864850,7241.615905,2.469351,768000,768000,1.000000000,1,2025-12-23 15:13:00.000000,2025-12-23 15:13:59.999922,1,BAY01_0125_20251223_151217_000.7z
2025-12-23 15:14:00,7253.648784,7.253648784,5.911476,7245.274025,2.463283,768000,768000,1.000000000,1,2025-12-23 15:14:00.000000,2025-12-23 15:14:59.999922,1,BAY01_0125_20251223_151217_000.7z
2025-12-23 15:15:00,7252.690136,7.252690136,5.911323,7244.279470,2.499344,768000,768000,1.000000000,1,2025-12-23 15:15:00.000000,2025-12-23 15:15:59.999922,1,BAY01_0125_20251223_151217_000.7z
2025-12-23 15:16:00,7252.575012,7.252575012,5.866772,7244.192542,2.515697,768000,768000,1.000000000,1,2025-12-23 15:16:00.000000,2025-12-23 15:16:59.999922,1,BAY01_0125_20251223_151217_000.7z
2025-12-23 15:17:00,7262.244900,7.262244900,5.877506,7253.877578,2.489816,768000,768000,1.000000000,1,2025-12-23 15:17:00.000000,2025-12-23 15:17:59.999922,1,BAY01_0125_20251223_151217_000.7z
2025-12-23 15:18:00,7254.925247,7.254925247,5.909572,7246.504341,2.511334,768000,768000,1.000000000,1,2025-12-23 15:18:00.000000,2025-12-23 15:18:59.999922,1,BAY01_0125_20251223_151217_000.7z
2025-12-23 15:19:00,7257.725215,7.257725215,5.848563,7249.367348,2.509304,768000,768000,1.000000000,1,2025-12-23 15:19:00.000000,2025-12-23 15:19:59.999922,1,BAY01_0125_20251223_151217_000.7z
2025-12-23 15:20:00,7264.108477,7.264108477,5.878707,7255.704317,2.525452,768000,768000,1.000000000,1,2025-12-23 15:20:00.000000,2025-12-23 15:20:59.999922,1,BAY01_0125_20251223_151217_000.7z
2025-12-23 15:21:00,7266.283479,7.266283479,5.887456,7257.870732,2.525292,768000,768000,1.000000000,1,2025-12-23 15:21:00.000000,2025-12-23 15:21:59.999922,1,BAY01_0125_20251223_151217_000.7z
2025-12-23 15:22:00,7271.366754,7.271366754,5.897421,7262.993835,2.475499,704067,768000,0.916753906,0,2025-12-23 15:22:00.000000,2025-12-23 15:22:59.999922,2,BAY01_0125_20251223_151217_000.7z;BAY01_0126_20251223_152222_000.7z
2025-12-23 15:23:00,7275.665190,7.275665190,5.854011,7267.342745,2.468433,768000,768000,1.000000000,1,2025-12-23 15:23:00.000000,2025-12-23 15:23:59.999922,1,BAY01_0126_20251223_152222_000.7z
2025-12-23 15:24:00,7274.439916,7.274439916,5.912265,7266.037030,2.490620,768000,768000,1.000000000,1,2025-12-23 15:24:00.000000,2025-12-23 15:24:59.999922,1,BAY01_0126_20251223_152222_000.7z
2025-12-23 15:25:00,7275.340877,7.275340877,5.893487,7266.960005,2.487384,768000,768000,1.000000000,1,2025-12-23 15:25:00.000000,2025-12-23 15:25:59.999922,1,BAY01_0126_20251223_152222_000.7z
2025-12-23 15:26:00,7276.817691,7.276817691,5.866314,7268.429577,2.521800,768000,768000,1.000000000,1,2025-12-23 15:26:00.000000,2025-12-23 15:26:59.999922,1,BAY01_0126_20251223_152222_000.7z
2025-12-23 15:27:00,7271.179972,7.271179972,5.902695,7262.780463,2.496814,768000,768000,1.000000000,1,2025-12-23 15:27:00.000000,2025-12-23 15:27:59.999922,1,BAY01_0126_20251223_152222_000.7z
2025-12-23 15:28:00,7278.858742,7.278858742,5.871919,7270.476842,2.509981,768000,768000,1.000000000,1,2025-12-23 15:28:00.000000,2025-12-23 15:28:59.999922,1,BAY01_0126_20251223_152222_000.7z
2025-12-23 15:29:00,7278.131307,7.278131307,5.881653,7269.747497,2.502157,768000,768000,1.000000000,1,2025-12-23 15:29:00.000000,2025-12-23 15:29:59.999922,1,BAY01_0126_20251223_152222_000.7z
2025-12-23 15:30:00,7273.905902,7.273905902,5.920294,7265.480685,2.504923,768000,768000,1.000000000,1,2025-12-23 15:30:00.000000,2025-12-23 15:30:59.999922,1,BAY01_0126_20251223_152222_000.7z
2025-12-23 15:31:00,7287.018850,7.287018850,5.864914,7278.625017,2.528918,768000,768000,1.000000000,1,2025-12-23 15:31:00.000000,2025-12-23 15:31:59.999922,1,BAY01_0126_20251223_152222_000.7z
2025-12-23 15:32:00,7278.187615,7.278187615,5.855392,7269.860011,2.472212,652814,768000,0.850018229,0,2025-12-23 15:32:00.000000,2025-12-23 15:32:59.999922,2,BAY01_0126_20251223_152222_000.7z;BAY01_0127_20251223_153231_000.7z
2025-12-23 15:33:00,7279.025223,7.279025223,5.868898,7270.661185,2.495140,768000,768000,1.000000000,1,2025-12-23 15:33:00.000000,2025-12-23 15:33:59.999922,1,BAY01_0127_20251223_153231_000.7z
2025-12-23 15:34:00,7287.607855,7.287607855,5.836946,7279.270756,2.500153,768000,768000,1.000000000,1,2025-12-23 15:34:00.000000,2025-12-23 15:34:59.999922,1,BAY01_0127_20251223_153231_000.7z
2025-12-23 15:35:00,7280.895210,7.280895210,5.854546,7272.503948,2.536717,768000,768000,1.000000000,1,2025-12-23 15:35:00.000000,2025-12-23 15:35:59.999922,1,BAY01_0127_20251223_153231_000.7z
2025-12-23 15:36:00,7291.835813,7.291835813,5.910088,7283.361750,2.563976,768000,768000,1.000000000,1,2025-12-23 15:36:00.000000,2025-12-23 15:36:59.999922,1,BAY01_0127_20251223_153231_000.7z
2025-12-23 15:37:00,7293.350650,7.293350650,5.846794,7284.972941,2.530915,768000,768000,1.000000000,1,2025-12-23 15:37:00.000000,2025-12-23 15:37:59.999922,1,BAY01_0127_20251223_153231_000.7z
2025-12-23 15:38:00,7288.607481,7.288607481,5.837389,7280.258623,2.511469,768000,768000,1.000000000,1,2025-12-23 15:38:00.000000,2025-12-23 15:38:59.999922,1,BAY01_0127_20251223_153231_000.7z
2025-12-23 15:39:00,7294.363459,7.294363459,5.873268,7285.939355,2.550836,768000,768000,1.000000000,1,2025-12-23 15:39:00.000000,2025-12-23 15:39:59.999922,1,BAY01_0127_20251223_153231_000.7z
2025-12-23 15:40:00,7289.164096,7.289164096,5.901193,7280.726359,2.536544,768000,768000,1.000000000,1,2025-12-23 15:40:00.000000,2025-12-23 15:40:59.999922,1,BAY01_0127_20251223_153231_000.7z
2025-12-23 15:41:00,7293.301293,7.293301293,5.856179,7284.884933,2.560182,768000,768000,1.000000000,1,2025-12-23 15:41:00.000000,2025-12-23 15:41:59.999922,1,BAY01_0127_20251223_153231_000.7z
2025-12-23 15:42:00,7280.073807,7.280073807,5.860875,7271.684360,2.528572,704032,768000,0.916708333,0,2025-12-23 15:42:00.000000,2025-12-23 15:42:59.999922,2,BAY01_0127_20251223_153231_000.7z;BAY01_0128_20251223_154236_000.7z
2025-12-23 15:43:00,7275.247130,7.275247130,5.818545,7266.946316,2.482269,768000,768000,1.000000000,1,2025-12-23 15:43:00.000000,2025-12-23 15:43:59.999922,1,BAY01_0128_20251223_154236_000.7z
2025-12-23 15:44:00,7283.032966,7.283032966,5.854457,7274.716093,2.462416,768000,768000,1.000000000,1,2025-12-23 15:44:00.000000,2025-12-23 15:44:59.999922,1,BAY01_0128_20251223_154236_000.7z
2025-12-23 15:45:00,7274.891795,7.274891795,5.893599,7266.474845,2.523351,768000,768000,1.000000000,1,2025-12-23 15:45:00.000000,2025-12-23 15:45:59.999922,1,BAY01_0128_20251223_154236_000.7z
2025-12-23 15:46:00,7276.765539,7.276765539,5.901543,7268.229004,2.634992,768000,768000,1.000000000,1,2025-12-23 15:46:00.000000,2025-12-23 15:46:59.999922,1,BAY01_0128_20251223_154236_000.7z
2025-12-23 15:47:00,7282.257108,7.282257108,5.948335,7273.667823,2.640950,768000,768000,1.000000000,1,2025-12-23 15:47:00.000000,2025-12-23 15:47:59.999922,1,BAY01_0128_20251223_154236_000.7z
2025-12-23 15:48:00,7274.578545,7.274578545,5.993424,7265.948840,2.636281,768000,768000,1.000000000,1,2025-12-23 15:48:00.000000,2025-12-23 15:48:59.999922,1,BAY01_0128_20251223_154236_000.7z
2025-12-23 15:49:00,7275.517671,7.275517671,5.961727,7266.904962,2.650982,768000,768000,1.000000000,1,2025-12-23 15:49:00.000000,2025-12-23 15:49:59.999922,1,BAY01_0128_20251223_154236_000.7z
2025-12-23 15:50:00,7283.630622,7.283630622,6.020233,7274.997173,2.613216,768000,768000,1.000000000,1,2025-12-23 15:50:00.000000,2025-12-23 15:50:59.999922,1,BAY01_0128_20251223_154236_000.7z
2025-12-23 15:51:00,7283.568651,7.283568651,5.993269,7274.894078,2.681305,768000,768000,1.000000000,1,2025-12-23 15:51:00.000000,2025-12-23 15:51:59.999922,1,BAY01_0128_20251223_154236_000.7z
2025-12-23 15:52:00,7283.600602,7.283600602,5.974235,7274.983848,2.642519,678543,768000,0.883519531,0,2025-12-23 15:52:00.000000,2025-12-23 15:52:59.999922,2,BAY01_0128_20251223_154236_000.7z;BAY01_0129_20251223_155243_000.7z
2025-12-23 15:53:00,7278.381006,7.278381006,5.914876,7269.856403,2.609727,768000,768000,1.000000000,1,2025-12-23 15:53:00.000000,2025-12-23 15:53:59.999922,1,BAY01_0129_20251223_155243_000.7z
2025-12-23 15:54:00,7281.639813,7.281639813,5.971208,7273.049057,2.619548,768000,768000,1.000000000,1,2025-12-23 15:54:00.000000,2025-12-23 15:54:59.999922,1,BAY01_0129_20251223_155243_000.7z
2025-12-23 15:55:00,7284.443954,7.284443954,6.027880,7275.773281,2.642794,768000,768000,1.000000000,1,2025-12-23 15:55:00.000000,2025-12-23 15:55:59.999922,1,BAY01_0129_20251223_155243_000.7z
2025-12-23 15:56:00,7284.570222,7.284570222,5.961661,7275.898126,2.710435,768000,768000,1.000000000,1,2025-12-23 15:56:00.000000,2025-12-23 15:56:59.999922,1,BAY01_0129_20251223_155243_000.7z
2025-12-23 15:57:00,7278.785551,7.278785551,5.958489,7270.157039,2.670022,768000,768000,1.000000000,1,2025-12-23 15:57:00.000000,2025-12-23 15:57:59.999922,1,BAY01_0129_20251223_155243_000.7z
2025-12-23 15:58:00,7272.187660,7.272187660,5.978986,7263.560440,2.648233,768000,768000,1.000000000,1,2025-12-23 15:58:00.000000,2025-12-23 15:58:59.999922,1,BAY01_0129_20251223_155243_000.7z
2025-12-23 15:59:00,7270.318684,7.270318684,5.940318,7261.766244,2.612122,768000,768000,1.000000000,1,2025-12-23 15:59:00.000000,2025-12-23 15:59:59.999922,1,BAY01_0129_20251223_155243_000.7z
2025-12-23 16:00:00,7273.155534,7.273155534,6.005068,7264.526242,2.624224,768000,768000,1.000000000,1,2025-12-23 16:00:00.000000,2025-12-23 16:00:59.999922,1,BAY01_0129_20251223_155243_000.7z
2025-12-23 16:01:00,7278.603618,7.278603618,5.985693,7269.983721,2.634204,768000,768000,1.000000000,1,2025-12-23 16:01:00.000000,2025-12-23 16:01:59.999922,1,BAY01_0129_20251223_155243_000.7z
2025-12-23 16:02:00,7282.053708,7.282053708,5.960045,7273.455683,2.637980,665654,768000,0.866736979,0,2025-12-23 16:02:00.000000,2025-12-23 16:02:59.999922,2,BAY01_0129_20251223_155243_000.7z;BAY01_0130_20251223_160251_000.7z
2025-12-23 16:03:00,7285.355421,7.285355421,5.952582,7276.802659,2.600180,768000,768000,1.000000000,1,2025-12-23 16:03:00.000000,2025-12-23 16:03:59.999922,1,BAY01_0130_20251223_160251_000.7z
2025-12-23 16:04:00,7287.389233,7.287389233,5.935499,7278.846704,2.607031,768000,768000,1.000000000,1,2025-12-23 16:04:00.000000,2025-12-23 16:04:59.999922,1,BAY01_0130_20251223_160251_000.7z
2025-12-23 16:05:00,7276.725182,7.276725182,5.966540,7268.146603,2.612039,768000,768000,1.000000000,1,2025-12-23 16:05:00.000000,2025-12-23 16:05:59.999922,1,BAY01_0130_20251223_160251_000.7z
2025-12-23 16:06:00,7280.700907,7.280700907,6.001936,7272.072324,2.626648,768000,768000,1.000000000,1,2025-12-23 16:06:00.000000,2025-12-23 16:06:59.999922,1,BAY01_0130_20251223_160251_000.7z
2025-12-23 16:07:00,7278.562246,7.278562246,5.968862,7269.975833,2.617551,768000,768000,1.000000000,1,2025-12-23 16:07:00.000000,2025-12-23 16:07:59.999922,1,BAY01_0130_20251223_160251_000.7z
2025-12-23 16:08:00,7282.180008,7.282180008,5.930496,7273.651712,2.597800,768000,768000,1.000000000,1,2025-12-23 16:08:00.000000,2025-12-23 16:08:59.999922,1,BAY01_0130_20251223_160251_000.7z
2025-12-23 16:09:00,7284.540079,7.284540079,5.949950,7275.974592,2.615537,768000,768000,1.000000000,1,2025-12-23 16:09:00.000000,2025-12-23 16:09:59.999922,1,BAY01_0130_20251223_160251_000.7z
2025-12-23 16:10:00,7284.973846,7.284973846,5.993362,7276.383746,2.596738,768000,768000,1.000000000,1,2025-12-23 16:10:00.000000,2025-12-23 16:10:59.999922,1,BAY01_0130_20251223_160251_000.7z
2025-12-23 16:11:00,7279.409641,7.279409641,5.960958,7270.816060,2.632624,768000,768000,1.000000000,1,2025-12-23 16:11:00.000000,2025-12-23 16:11:59.999922,1,BAY01_0130_20251223_160251_000.7z
2025-12-23 16:12:00,7278.146421,7.278146421,5.966815,7269.550435,2.629172,678521,768000,0.883490885,0,2025-12-23 16:12:00.000000,2025-12-23 16:12:59.999922,2,BAY01_0130_20251223_160251_000.7z;BAY01_0131_20251223_161258_000.7z
2025-12-23 16:13:00,7282.081476,7.282081476,5.982724,7273.477101,2.621651,768000,768000,1.000000000,1,2025-12-23 16:13:00.000000,2025-12-23 16:13:59.999922,1,BAY01_0131_20251223_161258_000.7z
2025-12-23 16:14:00,7288.099657,7.288099657,5.944229,7279.573260,2.582168,768000,768000,1.000000000,1,2025-12-23 16:14:00.000000,2025-12-23 16:14:59.999922,1,BAY01_0131_20251223_161258_000.7z
2025-12-23 16:15:00,7289.636616,7.289636616,5.952621,7281.085548,2.598446,768000,768000,1.000000000,1,2025-12-23 16:15:00.000000,2025-12-23 16:15:59.999922,1,BAY01_0131_20251223_161258_000.7z
2025-12-23 16:16:00,7290.667348,7.290667348,6.082938,7281.826523,2.757887,768000,768000,1.000000000,1,2025-12-23 16:16:00.000000,2025-12-23 16:16:59.999922,1,BAY01_0131_20251223_161258_000.7z
2025-12-23 16:17:00,7286.278414,7.286278414,6.649882,7276.442602,3.185930,768000,768000,1.000000000,1,2025-12-23 16:17:00.000000,2025-12-23 16:17:59.999922,1,BAY01_0131_20251223_161258_000.7z
2025-12-23 16:18:00,7288.081352,7.288081352,7.093924,7277.467729,3.519700,768000,768000,1.000000000,1,2025-12-23 16:18:00.000000,2025-12-23 16:18:59.999922,1,BAY01_0131_20251223_161258_000.7z
2025-12-23 16:19:00,7287.057710,7.287057710,7.086125,7276.448833,3.522752,768000,768000,1.000000000,1,2025-12-23 16:19:00.000000,2025-12-23 16:19:59.999922,1,BAY01_0131_20251223_161258_000.7z
2025-12-23 16:20:00,7288.346357,7.288346357,7.091739,7277.733831,3.520787,768000,768000,1.000000000,1,2025-12-23 16:20:00.000000,2025-12-23 16:20:59.999922,1,BAY01_0131_20251223_161258_000.7z
2025-12-23 16:21:00,7288.523192,7.288523192,7.137600,7277.855003,3.530590,768000,768000,1.000000000,1,2025-12-23 16:21:00.000000,2025-12-23 16:21:59.999922,1,BAY01_0131_20251223_161258_000.7z
2025-12-23 16:22:00,7291.544930,7.291544930,7.103143,7280.925665,3.516122,742497,768000,0.966792969,0,2025-12-23 16:22:00.000000,2025-12-23 16:22:58.007500,1,BAY01_0131_20251223_161258_000.7z
2025-12-23 16:23:00,7276.886773,7.276886773,7.064550,7266.336939,3.485285,716800,768000,0.933333333,0,2025-12-23 16:23:04.000000,2025-12-23 16:23:59.999922,1,BAY01_0132_20251223_162304_000.7z
2025-12-23 16:24:00,7284.368220,7.284368220,7.061640,7273.811003,3.495578,768000,768000,1.000000000,1,2025-12-23 16:24:00.000000,2025-12-23 16:24:59.999922,1,BAY01_0132_20251223_162304_000.7z
2025-12-23 16:25:00,7287.040040,7.287040040,7.124599,7276.420648,3.494793,768000,768000,1.000000000,1,2025-12-23 16:25:00.000000,2025-12-23 16:25:59.999922,1,BAY01_0132_20251223_162304_000.7z
2025-12-23 16:26:00,7291.094796,7.291094796,7.160932,7280.408444,3.525420,768000,768000,1.000000000,1,2025-12-23 16:26:00.000000,2025-12-23 16:26:59.999922,1,BAY01_0132_20251223_162304_000.7z
2025-12-23 16:27:00,7284.122880,7.284122880,7.138030,7273.502830,3.482020,768000,768000,1.000000000,1,2025-12-23 16:27:00.000000,2025-12-23 16:27:59.999922,1,BAY01_0132_20251223_162304_000.7z
2025-12-23 16:28:00,7278.589523,7.278589523,7.137873,7267.946192,3.505459,768000,768000,1.000000000,1,2025-12-23 16:28:00.000000,2025-12-23 16:28:59.999922,1,BAY01_0132_20251223_162304_000.7z
2025-12-23 16:29:00,7278.857709,7.278857709,7.122808,7268.238870,3.496030,768000,768000,1.000000000,1,2025-12-23 16:29:00.000000,2025-12-23 16:29:59.999922,1,BAY01_0132_20251223_162304_000.7z
2025-12-23 16:30:00,7276.118410,7.276118410,7.122851,7265.500292,3.495268,768000,768000,1.000000000,1,2025-12-23 16:30:00.000000,2025-12-23 16:30:59.999922,1,BAY01_0132_20251223_162304_000.7z
2025-12-23 16:31:00,7278.270818,7.278270818,7.155877,7267.542501,3.572440,768000,768000,1.000000000,1,2025-12-23 16:31:00.000000,2025-12-23 16:31:59.999922,1,BAY01_0132_20251223_162304_000.7z
2025-12-23 16:32:00,7283.131429,7.283131429,7.126885,7272.499623,3.504921,768000,768000,1.000000000,1,2025-12-23 16:32:00.000000,2025-12-23 16:32:59.999922,1,BAY01_0132_20251223_162304_000.7z
2025-12-23 16:33:00,7285.758730,7.285758730,7.102893,7275.174318,3.481519,729736,768000,0.950177083,0,2025-12-23 16:33:00.000000,2025-12-23 16:33:59.999922,2,BAY01_0132_20251223_162304_000.7z;BAY01_0133_20251223_163307_000.7z
2025-12-23 16:34:00,7289.329634,7.289329634,7.121243,7278.726344,3.482048,768000,768000,1.000000000,1,2025-12-23 16:34:00.000000,2025-12-23 16:34:59.999922,1,BAY01_0133_20251223_163307_000.7z
2025-12-23 16:35:00,7293.932513,7.293932513,7.098962,7283.324672,3.508879,768000,768000,1.000000000,1,2025-12-23 16:35:00.000000,2025-12-23 16:35:59.999922,1,BAY01_0133_20251223_163307_000.7z
2025-12-23 16:36:00,7292.248895,7.292248895,7.171072,7281.545436,3.532388,768000,768000,1.000000000,1,2025-12-23 16:36:00.000000,2025-12-23 16:36:59.999922,1,BAY01_0133_20251223_163307_000.7z
2025-12-23 16:37:00,7290.678670,7.290678670,7.098514,7280.070108,3.510048,768000,768000,1.000000000,1,2025-12-23 16:37:00.000000,2025-12-23 16:37:59.999922,1,BAY01_0133_20251223_163307_000.7z
2025-12-23 16:38:00,7293.378244,7.293378244,7.088632,7282.773323,3.516289,768000,768000,1.000000000,1,2025-12-23 16:38:00.000000,2025-12-23 16:38:59.999922,1,BAY01_0133_20251223_163307_000.7z
2025-12-23 16:39:00,7296.648565,7.296648565,7.133363,7286.017362,3.497840,768000,768000,1.000000000,1,2025-12-23 16:39:00.000000,2025-12-23 16:39:59.999922,1,BAY01_0133_20251223_163307_000.7z
2025-12-23 16:40:00,7295.276817,7.295276817,7.110194,7284.647655,3.518968,768000,768000,1.000000000,1,2025-12-23 16:40:00.000000,2025-12-23 16:40:59.999922,1,BAY01_0133_20251223_163307_000.7z
2025-12-23 16:41:00,7284.691471,7.284691471,7.150057,7274.006882,3.534532,768000,768000,1.000000000,1,2025-12-23 16:41:00.000000,2025-12-23 16:41:59.999922,1,BAY01_0133_20251223_163307_000.7z
2025-12-23 16:42:00,7286.725119,7.286725119,7.126725,7276.086971,3.511423,768000,768000,1.000000000,1,2025-12-23 16:42:00.000000,2025-12-23 16:42:59.999922,1,BAY01_0133_20251223_163307_000.7z
2025-12-23 16:43:00,7292.505117,7.292505117,7.084356,7281.916364,3.504398,704008,768000,0.916677083,0,2025-12-23 16:43:00.000000,2025-12-23 16:43:59.999922,2,BAY01_0133_20251223_163307_000.7z;BAY01_0134_20251223_164312_000.7z
2025-12-23 16:44:00,7294.584322,7.294584322,4.033441,7287.304514,3.246368,768000,768000,1.000000000,1,2025-12-23 16:44:00.000000,2025-12-23 16:44:59.999922,1,BAY01_0134_20251223_164312_000.7z
2025-12-23 16:45:00,7298.079885,7.298079885,3.197987,7291.646055,3.235843,768000,768000,1.000000000,1,2025-12-23 16:45:00.000000,2025-12-23 16:45:59.999922,1,BAY01_0134_20251223_164312_000.7z
2025-12-23 16:46:00,7290.826408,7.290826408,3.248145,7284.331765,3.246498,768000,768000,1.000000000,1,2025-12-23 16:46:00.000000,2025-12-23 16:46:59.999922,1,BAY01_0134_20251223_164312_000.7z
2025-12-23 16:47:00,7287.286433,7.287286433,3.223489,7280.831229,3.231715,768000,768000,1.000000000,1,2025-12-23 16:47:00.000000,2025-12-23 16:47:59.999922,1,BAY01_0134_20251223_164312_000.7z
2025-12-23 16:48:00,7293.828324,7.293828324,3.195741,7287.402801,3.229781,768000,768000,1.000000000,1,2025-12-23 16:48:00.000000,2025-12-23 16:48:59.999922,1,BAY01_0134_20251223_164312_000.7z
2025-12-23 16:49:00,7291.095495,7.291095495,3.225302,7284.643017,3.227177,768000,768000,1.000000000,1,2025-12-23 16:49:00.000000,2025-12-23 16:49:59.999922,1,BAY01_0134_20251223_164312_000.7z
2025-12-23 16:50:00,7288.550008,7.288550008,3.204952,7282.123126,3.221930,768000,768000,1.000000000,1,2025-12-23 16:50:00.000000,2025-12-23 16:50:59.999922,1,BAY01_0134_20251223_164312_000.7z
2025-12-23 16:51:00,7290.374292,7.290374292,3.244436,7283.880945,3.248912,768000,768000,1.000000000,1,2025-12-23 16:51:00.000000,2025-12-23 16:51:59.999922,1,BAY01_0134_20251223_164312_000.7z
2025-12-23 16:52:00,7292.677750,7.292677750,3.190613,7286.264910,3.222227,768000,768000,1.000000000,1,2025-12-23 16:52:00.000000,2025-12-23 16:52:59.999922,1,BAY01_0134_20251223_164312_000.7z
2025-12-23 16:53:00,7294.463464,7.294463464,3.206345,7288.035771,3.221348,652814,768000,0.850018229,0,2025-12-23 16:53:00.000000,2025-12-23 16:53:59.999922,2,BAY01_0134_20251223_164312_000.7z;BAY01_0135_20251223_165321_000.7z
2025-12-23 16:54:00,7286.178138,7.286178138,3.179895,7279.806914,3.191330,768000,768000,1.000000000,1,2025-12-23 16:54:00.000000,2025-12-23 16:54:59.999922,1,BAY01_0135_20251223_165321_000.7z
2025-12-23 16:55:00,7286.447258,7.286447258,3.196072,7280.031810,3.219376,768000,768000,1.000000000,1,2025-12-23 16:55:00.000000,2025-12-23 16:55:59.999922,1,BAY01_0135_20251223_165321_000.7z
2025-12-23 16:56:00,7286.579175,7.286579175,3.226975,7280.125761,3.226439,768000,768000,1.000000000,1,2025-12-23 16:56:00.000000,2025-12-23 16:56:59.999922,1,BAY01_0135_20251223_165321_000.7z
2025-12-23 16:57:00,7290.598007,7.290598007,3.203305,7284.181097,3.213606,768000,768000,1.000000000,1,2025-12-23 16:57:00.000000,2025-12-23 16:57:59.999922,1,BAY01_0135_20251223_165321_000.7z
2025-12-23 16:58:00,7294.653230,7.294653230,3.211606,7288.237813,3.203810,768000,768000,1.000000000,1,2025-12-23 16:58:00.000000,2025-12-23 16:58:59.999922,1,BAY01_0135_20251223_165321_000.7z
2025-12-23 16:59:00,7296.742646,7.296742646,3.202075,7290.325872,3.214698,768000,768000,1.000000000,1,2025-12-23 16:59:00.000000,2025-12-23 16:59:59.999922,1,BAY01_0135_20251223_165321_000.7z
2025-12-23 17:00:00,7294.968283,7.294968283,3.196233,7288.572458,3.199592,768000,768000,1.000000000,1,2025-12-23 17:00:00.000000,2025-12-23 17:00:59.999922,1,BAY01_0135_20251223_165321_000.7z
2025-12-23 17:01:00,7278.332108,7.278332108,3.229940,7271.897140,3.205029,768000,768000,1.000000000,1,2025-12-23 17:01:00.000000,2025-12-23 17:01:59.999922,1,BAY01_0135_20251223_165321_000.7z
2025-12-23 17:02:00,7286.419314,7.286419314,3.194766,7280.010078,3.214470,768000,768000,1.000000000,1,2025-12-23 17:02:00.000000,2025-12-23 17:02:59.999922,1,BAY01_0135_20251223_165321_000.7z
2025-12-23 17:03:00,7291.426965,7.291426965,3.213309,7285.015365,3.198291,678423,768000,0.883363281,0,2025-12-23 17:03:00.000000,2025-12-23 17:03:59.999922,2,BAY01_0135_20251223_165321_000.7z;BAY01_0136_20251223_170328_000.7z
2025-12-23 17:04:00,7294.060909,7.294060909,3.172802,7287.688690,3.199417,768000,768000,1.000000000,1,2025-12-23 17:04:00.000000,2025-12-23 17:04:59.999922,1,BAY01_0136_20251223_170328_000.7z
2025-12-23 17:05:00,7294.976659,7.294976659,3.181506,7288.619879,3.175274,768000,768000,1.000000000,1,2025-12-23 17:05:00.000000,2025-12-23 17:05:59.999922,1,BAY01_0136_20251223_170328_000.7z
2025-12-23 17:06:00,7298.456808,7.298456808,3.224375,7292.003375,3.229059,768000,768000,1.000000000,1,2025-12-23 17:06:00.000000,2025-12-23 17:06:59.999922,1,BAY01_0136_20251223_170328_000.7z
2025-12-23 17:07:00,7299.727455,7.299727455,3.219599,7293.285580,3.222276,768000,768000,1.000000000,1,2025-12-23 17:07:00.000000,2025-12-23 17:07:59.999922,1,BAY01_0136_20251223_170328_000.7z
2025-12-23 17:08:00,7288.034036,7.288034036,3.206436,7281.625931,3.201669,768000,768000,1.000000000,1,2025-12-23 17:08:00.000000,2025-12-23 17:08:59.999922,1,BAY01_0136_20251223_170328_000.7z
2025-12-23 17:09:00,7281.715182,7.281715182,3.200573,7275.301982,3.212627,768000,768000,1.000000000,1,2025-12-23 17:09:00.000000,2025-12-23 17:09:59.999922,1,BAY01_0136_20251223_170328_000.7z
2025-12-23 17:10:00,7284.820743,7.284820743,3.184777,7278.437287,3.198679,768000,768000,1.000000000,1,2025-12-23 17:10:00.000000,2025-12-23 17:10:59.999922,1,BAY01_0136_20251223_170328_000.7z
2025-12-23 17:11:00,7284.082313,7.284082313,3.217061,7277.665680,3.199572,768000,768000,1.000000000,1,2025-12-23 17:11:00.000000,2025-12-23 17:11:59.999922,1,BAY01_0136_20251223_170328_000.7z
2025-12-23 17:12:00,7284.913559,7.284913559,3.206288,7278.494692,3.212580,768000,768000,1.000000000,1,2025-12-23 17:12:00.000000,2025-12-23 17:12:59.999922,1,BAY01_0136_20251223_170328_000.7z
2025-12-23 17:13:00,7284.502587,7.284502587,3.238448,7278.056985,3.207154,704001,768000,0.916667969,0,2025-12-23 17:13:00.000000,2025-12-23 17:13:59.999922,2,BAY01_0136_20251223_170328_000.7z;BAY01_0137_20251223_171333_000.7z
2025-12-23 17:14:00,7285.679583,7.285679583,3.162129,7279.325552,3.191902,768000,768000,1.000000000,1,2025-12-23 17:14:00.000000,2025-12-23 17:14:59.999922,1,BAY01_0137_20251223_171333_000.7z
2025-12-23 17:15:00,7287.345235,7.287345235,3.686291,7279.671314,3.987629,768000,768000,1.000000000,1,2025-12-23 17:15:00.000000,2025-12-23 17:15:59.999922,1,BAY01_0137_20251223_171333_000.7z
2025-12-23 17:16:00,7287.403527,7.287403527,4.233967,7278.412590,4.756971,768000,768000,1.000000000,1,2025-12-23 17:16:00.000000,2025-12-23 17:16:59.999922,1,BAY01_0137_20251223_171333_000.7z
2025-12-23 17:17:00,7289.704466,7.289704466,4.211155,7280.706026,4.787285,768000,768000,1.000000000,1,2025-12-23 17:17:00.000000,2025-12-23 17:17:59.999922,1,BAY01_0137_20251223_171333_000.7z
2025-12-23 17:18:00,7290.498839,7.290498839,4.214108,7281.535432,4.749299,768000,768000,1.000000000,1,2025-12-23 17:18:00.000000,2025-12-23 17:18:59.999922,1,BAY01_0137_20251223_171333_000.7z
2025-12-23 17:19:00,7294.777594,7.294777594,4.212512,7285.812919,4.752163,768000,768000,1.000000000,1,2025-12-23 17:19:00.000000,2025-12-23 17:19:59.999922,1,BAY01_0137_20251223_171333_000.7z
2025-12-23 17:20:00,7292.884199,7.292884199,4.194147,7283.945122,4.744930,768000,768000,1.000000000,1,2025-12-23 17:20:00.000000,2025-12-23 17:20:59.999922,1,BAY01_0137_20251223_171333_000.7z
2025-12-23 17:21:00,7290.812016,7.290812016,4.230487,7281.831392,4.750138,768000,768000,1.000000000,1,2025-12-23 17:21:00.000000,2025-12-23 17:21:59.999922,1,BAY01_0137_20251223_171333_000.7z
2025-12-23 17:22:00,7290.373720,7.290373720,4.195476,7281.347060,4.831184,768000,768000,1.000000000,1,2025-12-23 17:22:00.000000,2025-12-23 17:22:59.999922,1,BAY01_0137_20251223_171333_000.7z
2025-12-23 17:23:00,7293.846025,7.293846025,4.184202,7284.889884,4.771938,678412,768000,0.883348958,0,2025-12-23 17:23:00.000000,2025-12-23 17:23:59.999922,2,BAY01_0137_20251223_171333_000.7z;BAY01_0138_20251223_172340_000.7z
2025-12-23 17:24:00,6457.796729,6.457796729,3.966604,6449.439075,4.391050,768000,768000,1.000000000,1,2025-12-23 17:24:00.000000,2025-12-23 17:24:59.999922,1,BAY01_0138_20251223_172340_000.7z
2025-12-23 17:25:00,7072.514250,7.072514250,3.179101,7065.944179,3.390969,768000,768000,1.000000000,1,2025-12-23 17:25:00.000000,2025-12-23 17:25:59.999922,1,BAY01_0138_20251223_172340_000.7z
2025-12-23 17:26:00,7076.594995,7.076594995,3.220802,7069.970376,3.403818,768000,768000,1.000000000,1,2025-12-23 17:26:00.000000,2025-12-23 17:26:59.999922,1,BAY01_0138_20251223_172340_000.7z
2025-12-23 17:27:00,7080.944423,7.080944423,3.224169,7074.282536,3.437718,768000,768000,1.000000000,1,2025-12-23 17:27:00.000000,2025-12-23 17:27:59.999922,1,BAY01_0138_20251223_172340_000.7z
2025-12-23 17:28:00,7074.952399,7.074952399,3.184047,7068.363770,3.404582,768000,768000,1.000000000,1,2025-12-23 17:28:00.000000,2025-12-23 17:28:59.999922,1,BAY01_0138_20251223_172340_000.7z
2025-12-23 17:29:00,7080.048595,7.080048595,3.216317,7073.436825,3.395454,768000,768000,1.000000000,1,2025-12-23 17:29:00.000000,2025-12-23 17:29:59.999922,1,BAY01_0138_20251223_172340_000.7z
2025-12-23 17:30:00,7074.618362,7.074618362,3.193721,7068.037082,3.387559,768000,768000,1.000000000,1,2025-12-23 17:30:00.000000,2025-12-23 17:30:59.999922,1,BAY01_0138_20251223_172340_000.7z
2025-12-23 17:31:00,7075.572529,7.075572529,3.206079,7068.954033,3.412417,768000,768000,1.000000000,1,2025-12-23 17:31:00.000000,2025-12-23 17:31:59.999922,1,BAY01_0138_20251223_172340_000.7z
2025-12-23 17:32:00,7067.540145,7.067540145,3.202692,7060.897579,3.439874,768000,768000,1.000000000,1,2025-12-23 17:32:00.000000,2025-12-23 17:32:59.999922,1,BAY01_0138_20251223_172340_000.7z
2025-12-23 17:33:00,7070.543125,7.070543125,3.186130,7063.980158,3.376837,704068,768000,0.916755208,0,2025-12-23 17:33:00.000000,2025-12-23 17:33:59.999922,2,BAY01_0138_20251223_172340_000.7z;BAY01_0139_20251223_173345_000.7z
2025-12-23 17:34:00,7111.101910,7.111101910,3.143994,7104.551648,3.406268,768000,768000,1.000000000,1,2025-12-23 17:34:00.000000,2025-12-23 17:34:59.999922,1,BAY01_0139_20251223_173345_000.7z
2025-12-23 17:35:00,7286.945697,7.286945697,3.630585,7279.905379,3.409733,768000,768000,1.000000000,1,2025-12-23 17:35:00.000000,2025-12-23 17:35:59.999922,1,BAY01_0139_20251223_173345_000.7z
2025-12-23 17:36:00,7280.777501,7.280777501,3.218038,7274.162172,3.397291,768000,768000,1.000000000,1,2025-12-23 17:36:00.000000,2025-12-23 17:36:59.999922,1,BAY01_0139_20251223_173345_000.7z
2025-12-23 17:37:00,7277.940992,7.277940992,3.182812,7271.294950,3.463230,768000,768000,1.000000000,1,2025-12-23 17:37:00.000000,2025-12-23 17:37:59.999922,1,BAY01_0139_20251223_173345_000.7z
2025-12-23 17:38:00,7278.292001,7.278292001,3.190077,7271.692438,3.409485,768000,768000,1.000000000,1,2025-12-23 17:38:00.000000,2025-12-23 17:38:59.999922,1,BAY01_0139_20251223_173345_000.7z
2025-12-23 17:39:00,7279.320281,7.279320281,3.179357,7272.727497,3.413427,768000,768000,1.000000000,1,2025-12-23 17:39:00.000000,2025-12-23 17:39:59.999922,1,BAY01_0139_20251223_173345_000.7z
2025-12-23 17:40:00,7278.516270,7.278516270,3.187455,7271.920112,3.408703,768000,768000,1.000000000,1,2025-12-23 17:40:00.000000,2025-12-23 17:40:59.999922,1,BAY01_0139_20251223_173345_000.7z
2025-12-23 17:41:00,7281.130760,7.281130760,3.211292,7274.491849,3.427618,768000,768000,1.000000000,1,2025-12-23 17:41:00.000000,2025-12-23 17:41:59.999922,1,BAY01_0139_20251223_173345_000.7z
2025-12-23 17:42:00,7295.926380,7.295926380,3.248434,7289.236991,3.440955,768000,768000,1.000000000,1,2025-12-23 17:42:00.000000,2025-12-23 17:42:59.999922,1,BAY01_0139_20251223_173345_000.7z
2025-12-23 17:43:00,7298.843081,7.298843081,3.187677,7292.234524,3.420880,678516,768000,0.883484375,0,2025-12-23 17:43:00.000000,2025-12-23 17:43:59.999922,2,BAY01_0139_20251223_173345_000.7z;BAY01_0140_20251223_174352_000.7z
2025-12-23 17:44:00,7301.950909,7.301950909,3.160963,7295.374098,3.415848,768000,768000,1.000000000,1,2025-12-23 17:44:00.000000,2025-12-23 17:44:59.999922,1,BAY01_0140_20251223_174352_000.7z
2025-12-23 17:45:00,7304.542367,7.304542367,3.154229,7297.982690,3.405448,768000,768000,1.000000000,1,2025-12-23 17:45:00.000000,2025-12-23 17:45:59.999922,1,BAY01_0140_20251223_174352_000.7z
2025-12-23 17:46:00,7301.847104,7.301847104,3.151604,7295.281834,3.413665,768000,768000,1.000000000,1,2025-12-23 17:46:00.000000,2025-12-23 17:46:59.999922,1,BAY01_0140_20251223_174352_000.7z
2025-12-23 17:47:00,7290.786277,7.290786277,3.174757,7284.201744,3.409776,768000,768000,1.000000000,1,2025-12-23 17:47:00.000000,2025-12-23 17:47:59.999922,1,BAY01_0140_20251223_174352_000.7z
2025-12-23 17:48:00,7291.609508,7.291609508,3.207018,7285.016216,3.386274,768000,768000,1.000000000,1,2025-12-23 17:48:00.000000,2025-12-23 17:48:59.999922,1,BAY01_0140_20251223_174352_000.7z
2025-12-23 17:49:00,7294.193364,7.294193364,3.198331,7287.591579,3.403454,768000,768000,1.000000000,1,2025-12-23 17:49:00.000000,2025-12-23 17:49:59.999922,1,BAY01_0140_20251223_174352_000.7z
2025-12-23 17:50:00,7297.683573,7.297683573,3.189402,7291.081106,3.413064,768000,768000,1.000000000,1,2025-12-23 17:50:00.000000,2025-12-23 17:50:59.999922,1,BAY01_0140_20251223_174352_000.7z
2025-12-23 17:51:00,7295.574506,7.295574506,3.171855,7288.988234,3.414416,768000,768000,1.000000000,1,2025-12-23 17:51:00.000000,2025-12-23 17:51:59.999922,1,BAY01_0140_20251223_174352_000.7z
2025-12-23 17:52:00,7299.428906,7.299428906,3.242937,7292.779399,3.406570,768000,768000,1.000000000,1,2025-12-23 17:52:00.000000,2025-12-23 17:52:59.999922,1,BAY01_0140_20251223_174352_000.7z
2025-12-23 17:53:00,7298.794795,7.298794795,3.189509,7292.190014,3.415273,678455,768000,0.883404948,0,2025-12-23 17:53:00.000000,2025-12-23 17:53:59.999922,2,BAY01_0140_20251223_174352_000.7z;BAY01_0141_20251223_175359_000.7z
2025-12-23 17:54:00,7298.870327,7.298870327,3.172351,7292.301522,3.396454,768000,768000,1.000000000,1,2025-12-23 17:54:00.000000,2025-12-23 17:54:59.999922,1,BAY01_0141_20251223_175359_000.7z
2025-12-23 17:55:00,7300.524066,7.300524066,3.183520,7293.944986,3.395560,768000,768000,1.000000000,1,2025-12-23 17:55:00.000000,2025-12-23 17:55:59.999922,1,BAY01_0141_20251223_175359_000.7z
2025-12-23 17:56:00,7292.470221,7.292470221,3.199301,7285.879966,3.390953,768000,768000,1.000000000,1,2025-12-23 17:56:00.000000,2025-12-23 17:56:59.999922,1,BAY01_0141_20251223_175359_000.7z
2025-12-23 17:57:00,7286.237102,7.286237102,3.196307,7279.611826,3.428969,768000,768000,1.000000000,1,2025-12-23 17:57:00.000000,2025-12-23 17:57:59.999922,1,BAY01_0141_20251223_175359_000.7z
2025-12-23 17:58:00,7287.410630,7.287410630,3.173142,7280.832018,3.405470,768000,768000,1.000000000,1,2025-12-23 17:58:00.000000,2025-12-23 17:58:59.999922,1,BAY01_0141_20251223_175359_000.7z
2025-12-23 17:59:00,7285.826997,7.285826997,3.248715,7279.189571,3.388711,768000,768000,1.000000000,1,2025-12-23 17:59:00.000000,2025-12-23 17:59:59.999922,1,BAY01_0141_20251223_175359_000.7z
2025-12-23 18:00:00,7285.257529,7.285257529,3.204166,7278.641011,3.412351,768000,768000,1.000000000,1,2025-12-23 18:00:00.000000,2025-12-23 18:00:59.999922,1,BAY01_0141_20251223_175359_000.7z
2025-12-23 18:01:00,7289.878293,7.289878293,3.203611,7283.281107,3.393575,768000,768000,1.000000000,1,2025-12-23 18:01:00.000000,2025-12-23 18:01:59.999922,1,BAY01_0141_20251223_175359_000.7z
2025-12-23 18:02:00,7295.775158,7.295775158,3.202886,7289.144807,3.427465,768000,768000,1.000000000,1,2025-12-23 18:02:00.000000,2025-12-23 18:02:59.999922,1,BAY01_0141_20251223_175359_000.7z
2025-12-23 18:03:00,4439.623638,4.439623638,3.066007,4433.455874,3.101757,755232,768000,0.983375000,0,2025-12-23 18:03:00.000000,2025-12-23 18:03:59.002422,1,BAY01_0141_20251223_175359_000.7z
2025-12-23 18:04:00,14.473527,0.014473527,2.819184,9.006669,2.647674,691200,768000,0.900000000,0,2025-12-23 18:04:06.000000,2025-12-23 18:04:59.999922,1,BAY01_0142_20251223_180406_000.7z
2025-12-23 18:05:00,14.437526,0.014437526,2.794972,9.019419,2.623136,768000,768000,1.000000000,1,2025-12-23 18:05:00.000000,2025-12-23 18:05:59.999922,1,BAY01_0142_20251223_180406_000.7z
2025-12-23 18:06:00,14.516117,0.014516117,2.814789,9.069822,2.631506,768000,768000,1.000000000,1,2025-12-23 18:06:00.000000,2025-12-23 18:06:59.999922,1,BAY01_0142_20251223_180406_000.7z
2025-12-23 18:07:00,14.591406,0.014591406,2.828904,9.099742,2.662760,768000,768000,1.000000000,1,2025-12-23 18:07:00.000000,2025-12-23 18:07:59.999922,1,BAY01_0142_20251223_180406_000.7z
2025-12-23 18:08:00,14.681064,0.014681064,2.851273,9.173550,2.656241,768000,768000,1.000000000,1,2025-12-23 18:08:00.000000,2025-12-23 18:08:59.999922,1,BAY01_0142_20251223_180406_000.7z
2025-12-23 18:09:00,14.540031,0.014540031,2.861645,9.058547,2.619839,768000,768000,1.000000000,1,2025-12-23 18:09:00.000000,2025-12-23 18:09:59.999922,1,BAY01_0142_20251223_180406_000.7z
2025-12-23 18:10:00,14.057244,0.014057244,2.825776,8.597045,2.634424,768000,768000,1.000000000,1,2025-12-23 18:10:00.000000,2025-12-23 18:10:59.999922,1,BAY01_0142_20251223_180406_000.7z
2025-12-23 18:11:00,14.122206,0.014122206,2.786915,8.686206,2.649085,768000,768000,1.000000000,1,2025-12-23 18:11:00.000000,2025-12-23 18:11:59.999922,1,BAY01_0142_20251223_180406_000.7z
2025-12-23 18:12:00,14.205859,0.014205859,2.851358,8.688314,2.666186,768000,768000,1.000000000,1,2025-12-23 18:12:00.000000,2025-12-23 18:12:59.999922,1,BAY01_0142_20251223_180406_000.7z
2025-12-23 18:13:00,14.216841,0.014216841,2.838686,8.765703,2.612453,768000,768000,1.000000000,1,2025-12-23 18:13:00.000000,2025-12-23 18:13:59.999922,1,BAY01_0142_20251223_180406_000.7z
2025-12-23 18:14:00,14.077592,0.014077592,2.812291,8.637155,2.628146,704102,768000,0.916799479,0,2025-12-23 18:14:00.000000,2025-12-23 18:14:59.999922,2,BAY01_0142_20251223_180406_000.7z;BAY01_0143_20251223_181411_000.7z
2025-12-23 18:15:00,13.599858,0.013599858,2.776800,8.202949,2.620109,768000,768000,1.000000000,1,2025-12-23 18:15:00.000000,2025-12-23 18:15:59.999922,1,BAY01_0143_20251223_181411_000.7z
2025-12-23 18:16:00,13.626685,0.013626685,2.773613,8.203446,2.649625,768000,768000,1.000000000,1,2025-12-23 18:16:00.000000,2025-12-23 18:16:59.999922,1,BAY01_0143_20251223_181411_000.7z
2025-12-23 18:17:00,13.701509,0.013701509,2.896284,8.185727,2.619497,768000,768000,1.000000000,1,2025-12-23 18:17:00.000000,2025-12-23 18:17:59.999922,1,BAY01_0143_20251223_181411_000.7z
2025-12-23 18:18:00,13.696067,0.013696067,2.853304,8.235437,2.607326,768000,768000,1.000000000,1,2025-12-23 18:18:00.000000,2025-12-23 18:18:59.999922,1,BAY01_0143_20251223_181411_000.7z
2025-12-23 18:19:00,13.712124,0.013712124,2.788381,8.306020,2.617723,768000,768000,1.000000000,1,2025-12-23 18:19:00.000000,2025-12-23 18:19:59.999922,1,BAY01_0143_20251223_181411_000.7z
2025-12-23 18:20:00,13.696815,0.013696815,2.806697,8.269160,2.620958,768000,768000,1.000000000,1,2025-12-23 18:20:00.000000,2025-12-23 18:20:59.999922,1,BAY01_0143_20251223_181411_000.7z
2025-12-23 18:21:00,13.686824,0.013686824,2.815029,8.202190,2.669605,768000,768000,1.000000000,1,2025-12-23 18:21:00.000000,2025-12-23 18:21:59.999922,1,BAY01_0143_20251223_181411_000.7z
2025-12-23 18:22:00,13.742116,0.013742116,2.867667,8.273695,2.600754,768000,768000,1.000000000,1,2025-12-23 18:22:00.000000,2025-12-23 18:22:59.999922,1,BAY01_0143_20251223_181411_000.7z
2025-12-23 18:23:00,13.787905,0.013787905,2.840081,8.330815,2.617010,768000,768000,1.000000000,1,2025-12-23 18:23:00.000000,2025-12-23 18:23:59.999922,1,BAY01_0143_20251223_181411_000.7z
2025-12-23 18:24:00,13.639254,0.013639254,2.737405,8.194859,2.706990,678464,768000,0.883416667,0,2025-12-23 18:24:00.000000,2025-12-23 18:24:59.999922,2,BAY01_0143_20251223_181411_000.7z;BAY01_0144_20251223_182418_000.7z
2025-12-23 18:25:00,13.636203,0.013636203,2.728068,8.258534,2.649601,768000,768000,1.000000000,1,2025-12-23 18:25:00.000000,2025-12-23 18:25:59.999922,1,BAY01_0144_20251223_182418_000.7z
2025-12-23 18:26:00,13.679928,0.013679928,2.831878,8.249963,2.598087,768000,768000,1.000000000,1,2025-12-23 18:26:00.000000,2025-12-23 18:26:59.999922,1,BAY01_0144_20251223_182418_000.7z
2025-12-23 18:27:00,13.748515,0.013748515,2.917514,8.252090,2.578911,768000,768000,1.000000000,1,2025-12-23 18:27:00.000000,2025-12-23 18:27:59.999922,1,BAY01_0144_20251223_182418_000.7z
2025-12-23 18:28:00,13.751633,0.013751633,2.805994,8.287049,2.658590,768000,768000,1.000000000,1,2025-12-23 18:28:00.000000,2025-12-23 18:28:59.999922,1,BAY01_0144_20251223_182418_000.7z
2025-12-23 18:29:00,13.692148,0.013692148,2.763521,8.326182,2.602445,768000,768000,1.000000000,1,2025-12-23 18:29:00.000000,2025-12-23 18:29:59.999922,1,BAY01_0144_20251223_182418_000.7z
2025-12-23 18:30:00,13.702307,0.013702307,2.794366,8.335883,2.572058,768000,768000,1.000000000,1,2025-12-23 18:30:00.000000,2025-12-23 18:30:59.999922,1,BAY01_0144_20251223_182418_000.7z
2025-12-23 18:31:00,13.715147,0.013715147,2.795808,8.351070,2.568270,768000,768000,1.000000000,1,2025-12-23 18:31:00.000000,2025-12-23 18:31:59.999922,1,BAY01_0144_20251223_182418_000.7z
2025-12-23 18:32:00,13.787872,0.013787872,2.834360,8.359259,2.594253,768000,768000,1.000000000,1,2025-12-23 18:32:00.000000,2025-12-23 18:32:59.999922,1,BAY01_0144_20251223_182418_000.7z
2025-12-23 18:33:00,13.776858,0.013776858,2.773765,8.331124,2.671968,768000,768000,1.000000000,1,2025-12-23 18:33:00.000000,2025-12-23 18:33:59.999922,1,BAY01_0144_20251223_182418_000.7z
2025-12-23 18:34:00,13.717740,0.013717740,2.763977,8.316788,2.636975,704109,768000,0.916808594,0,2025-12-23 18:34:00.000000,2025-12-23 18:34:59.999922,2,BAY01_0144_20251223_182418_000.7z;BAY01_0145_20251223_183423_000.7z
2025-12-23 18:35:00,13.686687,0.013686687,2.718402,8.314351,2.653933,768000,768000,1.000000000,1,2025-12-23 18:35:00.000000,2025-12-23 18:35:59.999922,1,BAY01_0145_20251223_183423_000.7z
2025-12-23 18:36:00,13.698087,0.013698087,2.797048,8.349580,2.551460,768000,768000,1.000000000,1,2025-12-23 18:36:00.000000,2025-12-23 18:36:59.999922,1,BAY01_0145_20251223_183423_000.7z
2025-12-23 18:37:00,13.817144,0.013817144,2.840875,8.319601,2.656668,768000,768000,1.000000000,1,2025-12-23 18:37:00.000000,2025-12-23 18:37:59.999922,1,BAY01_0145_20251223_183423_000.7z
2025-12-23 18:38:00,13.773176,0.013773176,2.771321,8.355165,2.646690,768000,768000,1.000000000,1,2025-12-23 18:38:00.000000,2025-12-23 18:38:59.999922,1,BAY01_0145_20251223_183423_000.7z
2025-12-23 18:39:00,13.738926,0.013738926,2.809886,8.373933,2.555107,768000,768000,1.000000000,1,2025-12-23 18:39:00.000000,2025-12-23 18:39:59.999922,1,BAY01_0145_20251223_183423_000.7z
2025-12-23 18:40:00,13.780218,0.013780218,2.810145,8.311664,2.658410,768000,768000,1.000000000,1,2025-12-23 18:40:00.000000,2025-12-23 18:40:59.999922,1,BAY01_0145_20251223_183423_000.7z
2025-12-23 18:41:00,13.761998,0.013761998,2.802224,8.395000,2.564775,768000,768000,1.000000000,1,2025-12-23 18:41:00.000000,2025-12-23 18:41:59.999922,1,BAY01_0145_20251223_183423_000.7z
2025-12-23 18:42:00,13.798181,0.013798181,2.865172,8.356056,2.576952,768000,768000,1.000000000,1,2025-12-23 18:42:00.000000,2025-12-23 18:42:59.999922,1,BAY01_0145_20251223_183423_000.7z
2025-12-23 18:43:00,13.807863,0.013807863,2.781607,8.367210,2.659046,768000,768000,1.000000000,1,2025-12-23 18:43:00.000000,2025-12-23 18:43:59.999922,1,BAY01_0145_20251223_183423_000.7z
2025-12-23 18:44:00,13.698440,0.013698440,2.785245,8.294052,2.619144,704038,768000,0.916716146,0,2025-12-23 18:44:00.000000,2025-12-23 18:44:59.999922,2,BAY01_0145_20251223_183423_000.7z;BAY01_0146_20251223_184428_000.7z
2025-12-23 18:45:00,13.691127,0.013691127,2.778849,8.309548,2.602730,768000,768000,1.000000000,1,2025-12-23 18:45:00.000000,2025-12-23 18:45:59.999922,1,BAY01_0146_20251223_184428_000.7z
2025-12-23 18:46:00,13.742407,0.013742407,2.793638,8.319090,2.629679,768000,768000,1.000000000,1,2025-12-23 18:46:00.000000,2025-12-23 18:46:59.999922,1,BAY01_0146_20251223_184428_000.7z
2025-12-23 18:47:00,13.814333,0.013814333,2.878510,8.375584,2.560239,768000,768000,1.000000000,1,2025-12-23 18:47:00.000000,2025-12-23 18:47:59.999922,1,BAY01_0146_20251223_184428_000.7z
2025-12-23 18:48:00,13.837853,0.013837853,2.840462,8.387293,2.610098,768000,768000,1.000000000,1,2025-12-23 18:48:00.000000,2025-12-23 18:48:59.999922,1,BAY01_0146_20251223_184428_000.7z
2025-12-23 18:49:00,13.790690,0.013790690,2.856853,8.340963,2.592874,768000,768000,1.000000000,1,2025-12-23 18:49:00.000000,2025-12-23 18:49:59.999922,1,BAY01_0146_20251223_184428_000.7z
2025-12-23 18:50:00,13.781718,0.013781718,2.793549,8.340746,2.647423,768000,768000,1.000000000,1,2025-12-23 18:50:00.000000,2025-12-23 18:50:59.999922,1,BAY01_0146_20251223_184428_000.7z
2025-12-23 18:51:00,13.775012,0.013775012,2.780071,8.429177,2.565765,768000,768000,1.000000000,1,2025-12-23 18:51:00.000000,2025-12-23 18:51:59.999922,1,BAY01_0146_20251223_184428_000.7z
2025-12-23 18:52:00,13.801303,0.013801303,2.861891,8.377585,2.561826,768000,768000,1.000000000,1,2025-12-23 18:52:00.000000,2025-12-23 18:52:59.999922,1,BAY01_0146_20251223_184428_000.7z
2025-12-23 18:53:00,13.860222,0.013860222,2.788895,8.428657,2.642670,768000,768000,1.000000000,1,2025-12-23 18:53:00.000000,2025-12-23 18:53:59.999922,1,BAY01_0146_20251223_184428_000.7z
2025-12-23 18:54:00,13.782267,0.013782267,2.831480,8.313797,2.636990,716808,768000,0.933343750,0,2025-12-23 18:54:00.000000,2025-12-23 18:54:59.999922,2,BAY01_0146_20251223_184428_000.7z;BAY01_0147_20251223_185432_000.7z
2025-12-23 18:55:00,13.744175,0.013744175,2.813277,8.340090,2.590808,768000,768000,1.000000000,1,2025-12-23 18:55:00.000000,2025-12-23 18:55:59.999922,1,BAY01_0147_20251223_185432_000.7z
2025-12-23 18:56:00,13.794709,0.013794709,2.832699,8.388988,2.573022,768000,768000,1.000000000,1,2025-12-23 18:56:00.000000,2025-12-23 18:56:59.999922,1,BAY01_0147_20251223_185432_000.7z
2025-12-23 18:57:00,13.853132,0.013853132,2.867637,8.400078,2.585416,768000,768000,1.000000000,1,2025-12-23 18:57:00.000000,2025-12-23 18:57:59.999922,1,BAY01_0147_20251223_185432_000.7z
2025-12-23 18:58:00,13.908169,0.013908169,2.774336,8.512783,2.621049,768000,768000,1.000000000,1,2025-12-23 18:58:00.000000,2025-12-23 18:58:59.999922,1,BAY01_0147_20251223_185432_000.7z
2025-12-23 18:59:00,13.837574,0.013837574,2.815441,8.456858,2.565275,768000,768000,1.000000000,1,2025-12-23 18:59:00.000000,2025-12-23 18:59:59.999922,1,BAY01_0147_20251223_185432_000.7z
2025-12-23 19:00:00,13.849107,0.013849107,2.813843,8.484066,2.551197,768000,768000,1.000000000,1,2025-12-23 19:00:00.000000,2025-12-23 19:00:59.999922,1,BAY01_0147_20251223_185432_000.7z
2025-12-23 19:01:00,13.828214,0.013828214,2.785007,8.410649,2.632557,768000,768000,1.000000000,1,2025-12-23 19:01:00.000000,2025-12-23 19:01:59.999922,1,BAY01_0147_20251223_185432_000.7z
2025-12-23 19:02:00,13.882134,0.013882134,2.799693,8.426175,2.656266,768000,768000,1.000000000,1,2025-12-23 19:02:00.000000,2025-12-23 19:02:59.999922,1,BAY01_0147_20251223_185432_000.7z
2025-12-23 19:03:00,13.957549,0.013957549,2.788756,8.471146,2.697647,768000,768000,1.000000000,1,2025-12-23 19:03:00.000000,2025-12-23 19:03:59.999922,1,BAY01_0147_20251223_185432_000.7z
2025-12-23 19:04:00,13.790345,0.013790345,2.793609,8.348356,2.648381,716821,768000,0.933360677,0,2025-12-23 19:04:00.000000,2025-12-23 19:04:59.999922,2,BAY01_0147_20251223_185432_000.7z;BAY01_0148_20251223_190436_000.7z
2025-12-23 19:05:00,13.754163,0.013754163,2.861363,8.336075,2.556726,768000,768000,1.000000000,1,2025-12-23 19:05:00.000000,2025-12-23 19:05:59.999922,1,BAY01_0148_20251223_190436_000.7z
2025-12-23 19:06:00,13.806673,0.013806673,2.776336,8.442778,2.587559,768000,768000,1.000000000,1,2025-12-23 19:06:00.000000,2025-12-23 19:06:59.999922,1,BAY01_0148_20251223_190436_000.7z
2025-12-23 19:07:00,13.834697,0.013834697,2.795209,8.411839,2.627649,768000,768000,1.000000000,1,2025-12-23 19:07:00.000000,2025-12-23 19:07:59.999922,1,BAY01_0148_20251223_190436_000.7z
2025-12-23 19:08:00,13.971388,0.013971388,2.774231,8.502344,2.694813,768000,768000,1.000000000,1,2025-12-23 19:08:00.000000,2025-12-23 19:08:59.999922,1,BAY01_0148_20251223_190436_000.7z
2025-12-23 19:09:00,13.830565,0.013830565,2.825812,8.405463,2.599289,768000,768000,1.000000000,1,2025-12-23 19:09:00.000000,2025-12-23 19:09:59.999922,1,BAY01_0148_20251223_190436_000.7z
2025-12-23 19:10:00,13.846766,0.013846766,2.778300,8.429264,2.639202,768000,768000,1.000000000,1,2025-12-23 19:10:00.000000,2025-12-23 19:10:59.999922,1,BAY01_0148_20251223_190436_000.7z
2025-12-23 19:11:00,13.849214,0.013849214,2.825607,8.402711,2.620897,768000,768000,1.000000000,1,2025-12-23 19:11:00.000000,2025-12-23 19:11:59.999922,1,BAY01_0148_20251223_190436_000.7z
2025-12-23 19:12:00,13.834884,0.013834884,2.846301,8.422651,2.565932,768000,768000,1.000000000,1,2025-12-23 19:12:00.000000,2025-12-23 19:12:59.999922,1,BAY01_0148_20251223_190436_000.7z
2025-12-23 19:13:00,13.952159,0.013952159,2.814089,8.525411,2.612659,768000,768000,1.000000000,1,2025-12-23 19:13:00.000000,2025-12-23 19:13:59.999922,1,BAY01_0148_20251223_190436_000.7z
2025-12-23 19:14:00,13.822271,0.013822271,2.750363,8.428610,2.643298,729728,768000,0.950166667,0,2025-12-23 19:14:00.000000,2025-12-23 19:14:59.999922,2,BAY01_0148_20251223_190436_000.7z;BAY01_0149_20251223_191439_000.7z
2025-12-23 19:15:00,13.790295,0.013790295,2.827066,8.397512,2.565718,768000,768000,1.000000000,1,2025-12-23 19:15:00.000000,2025-12-23 19:15:59.999922,1,BAY01_0149_20251223_191439_000.7z
2025-12-23 19:16:00,13.816923,0.013816923,2.752703,8.467868,2.596352,768000,768000,1.000000000,1,2025-12-23 19:16:00.000000,2025-12-23 19:16:59.999922,1,BAY01_0149_20251223_191439_000.7z
2025-12-23 19:17:00,13.863674,0.013863674,2.769222,8.461370,2.633082,768000,768000,1.000000000,1,2025-12-23 19:17:00.000000,2025-12-23 19:17:59.999922,1,BAY01_0149_20251223_191439_000.7z
2025-12-23 19:18:00,13.952248,0.013952248,2.800462,8.517499,2.634287,768000,768000,1.000000000,1,2025-12-23 19:18:00.000000,2025-12-23 19:18:59.999922,1,BAY01_0149_20251223_191439_000.7z
2025-12-23 19:19:00,13.888059,0.013888059,2.821423,8.423678,2.642958,768000,768000,1.000000000,1,2025-12-23 19:19:00.000000,2025-12-23 19:19:59.999922,1,BAY01_0149_20251223_191439_000.7z
2025-12-23 19:20:00,13.862614,0.013862614,2.806884,8.434608,2.621122,768000,768000,1.000000000,1,2025-12-23 19:20:00.000000,2025-12-23 19:20:59.999922,1,BAY01_0149_20251223_191439_000.7z
2025-12-23 19:21:00,13.859835,0.013859835,2.819399,8.491860,2.548576,768000,768000,1.000000000,1,2025-12-23 19:21:00.000000,2025-12-23 19:21:59.999922,1,BAY01_0149_20251223_191439_000.7z
2025-12-23 19:22:00,13.735734,0.013735734,2.882756,8.242557,2.610421,768000,768000,1.000000000,1,2025-12-23 19:22:00.000000,2025-12-23 19:22:59.999922,1,BAY01_0149_20251223_191439_000.7z
2025-12-23 19:23:00,13.505303,0.013505303,3.044376,7.623253,2.837674,768000,768000,1.000000000,1,2025-12-23 19:23:00.000000,2025-12-23 19:23:59.999922,1,BAY01_0149_20251223_191439_000.7z
2025-12-23 19:24:00,13.406492,0.013406492,2.916628,7.579305,2.910559,716926,768000,0.933497396,0,2025-12-23 19:24:00.000000,2025-12-23 19:24:59.999922,2,BAY01_0149_20251223_191439_000.7z;BAY01_0150_20251223_192443_000.7z
2025-12-23 19:25:00,13.381175,0.013381175,2.943152,7.603234,2.834789,768000,768000,1.000000000,1,2025-12-23 19:25:00.000000,2025-12-23 19:25:59.999922,1,BAY01_0150_20251223_192443_000.7z
2025-12-23 19:26:00,13.397293,0.013397293,2.943931,7.606934,2.846429,768000,768000,1.000000000,1,2025-12-23 19:26:00.000000,2025-12-23 19:26:59.999922,1,BAY01_0150_20251223_192443_000.7z
2025-12-23 19:27:00,13.492758,0.013492758,3.026682,7.585232,2.880845,768000,768000,1.000000000,1,2025-12-23 19:27:00.000000,2025-12-23 19:27:59.999922,1,BAY01_0150_20251223_192443_000.7z
2025-12-23 19:28:00,13.538524,0.013538524,3.043448,7.610408,2.884668,768000,768000,1.000000000,1,2025-12-23 19:28:00.000000,2025-12-23 19:28:59.999922,1,BAY01_0150_20251223_192443_000.7z
2025-12-23 19:29:00,13.456302,0.013456302,3.002566,7.590022,2.863714,768000,768000,1.000000000,1,2025-12-23 19:29:00.000000,2025-12-23 19:29:59.999922,1,BAY01_0150_20251223_192443_000.7z
2025-12-23 19:30:00,13.459132,0.013459132,2.956935,7.684849,2.817348,768000,768000,1.000000000,1,2025-12-23 19:30:00.000000,2025-12-23 19:30:59.999922,1,BAY01_0150_20251223_192443_000.7z
2025-12-23 19:31:00,13.481819,0.013481819,2.963133,7.625656,2.893030,768000,768000,1.000000000,1,2025-12-23 19:31:00.000000,2025-12-23 19:31:59.999922,1,BAY01_0150_20251223_192443_000.7z
2025-12-23 19:32:00,13.497642,0.013497642,3.023206,7.665717,2.808720,768000,768000,1.000000000,1,2025-12-23 19:32:00.000000,2025-12-23 19:32:59.999922,1,BAY01_0150_20251223_192443_000.7z
2025-12-23 19:33:00,13.513367,0.013513367,3.009302,7.702406,2.801659,768000,768000,1.000000000,1,2025-12-23 19:33:00.000000,2025-12-23 19:33:59.999922,1,BAY01_0150_20251223_192443_000.7z
2025-12-23 19:34:00,13.455988,0.013455988,3.018670,7.602364,2.834954,716919,768000,0.933488281,0,2025-12-23 19:34:00.000000,2025-12-23 19:34:59.999922,2,BAY01_0150_20251223_192443_000.7z;BAY01_0151_20251223_193447_000.7z
2025-12-23 19:35:00,13.400613,0.013400613,2.899499,7.645902,2.855212,768000,768000,1.000000000,1,2025-12-23 19:35:00.000000,2025-12-23 19:35:59.999922,1,BAY01_0151_20251223_193447_000.7z
2025-12-23 19:36:00,13.416791,0.013416791,2.942080,7.634156,2.840555,768000,768000,1.000000000,1,2025-12-23 19:36:00.000000,2025-12-23 19:36:59.999922,1,BAY01_0151_20251223_193447_000.7z
2025-12-23 19:37:00,13.436757,0.013436757,2.987060,7.675125,2.774572,768000,768000,1.000000000,1,2025-12-23 19:37:00.000000,2025-12-23 19:37:59.999922,1,BAY01_0151_20251223_193447_000.7z
2025-12-23 19:38:00,13.535839,0.013535839,3.015127,7.628147,2.892564,768000,768000,1.000000000,1,2025-12-23 19:38:00.000000,2025-12-23 19:38:59.999922,1,BAY01_0151_20251223_193447_000.7z
2025-12-23 19:39:00,13.488821,0.013488821,2.964047,7.638178,2.886597,768000,768000,1.000000000,1,2025-12-23 19:39:00.000000,2025-12-23 19:39:59.999922,1,BAY01_0151_20251223_193447_000.7z
2025-12-23 19:40:00,13.466082,0.013466082,2.931192,7.685156,2.849734,768000,768000,1.000000000,1,2025-12-23 19:40:00.000000,2025-12-23 19:40:59.999922,1,BAY01_0151_20251223_193447_000.7z
2025-12-23 19:41:00,13.471619,0.013471619,2.926696,7.693253,2.851670,768000,768000,1.000000000,1,2025-12-23 19:41:00.000000,2025-12-23 19:41:59.999922,1,BAY01_0151_20251223_193447_000.7z
2025-12-23 19:42:00,13.326355,0.013326355,3.240544,7.440648,2.645163,768000,768000,1.000000000,1,2025-12-23 19:42:00.000000,2025-12-23 19:42:59.999922,1,BAY01_0151_20251223_193447_000.7z
2025-12-23 19:43:00,12.031822,0.012031822,5.117159,5.237884,1.676779,768000,768000,1.000000000,1,2025-12-23 19:43:00.000000,2025-12-23 19:43:59.999922,1,BAY01_0151_20251223_193447_000.7z
2025-12-23 19:44:00,11.974862,0.011974862,5.055713,5.252769,1.666380,691231,768000,0.900040365,0,2025-12-23 19:44:00.000000,2025-12-23 19:44:59.999922,2,BAY01_0151_20251223_193447_000.7z;BAY01_0152_20251223_194453_000.7z
2025-12-23 19:45:00,11.862000,0.011862000,5.037040,5.108002,1.716959,768000,768000,1.000000000,1,2025-12-23 19:45:00.000000,2025-12-23 19:45:59.999922,1,BAY01_0152_20251223_194453_000.7z
2025-12-23 19:46:00,11.346115,0.011346115,5.251953,4.084271,2.009892,768000,768000,1.000000000,1,2025-12-23 19:46:00.000000,2025-12-23 19:46:59.999922,1,BAY01_0152_20251223_194453_000.7z
2025-12-23 19:47:00,10.833488,0.010833488,5.531309,2.974857,2.327322,768000,768000,1.000000000,1,2025-12-23 19:47:00.000000,2025-12-23 19:47:59.999922,1,BAY01_0152_20251223_194453_000.7z
2025-12-23 19:48:00,9.920945,0.009920945,5.999391,1.177410,2.744144,768000,768000,1.000000000,1,2025-12-23 19:48:00.000000,2025-12-23 19:48:59.999922,1,BAY01_0152_20251223_194453_000.7z
2025-12-23 19:49:00,9.985557,0.009985557,5.979169,1.237534,2.768855,768000,768000,1.000000000,1,2025-12-23 19:49:00.000000,2025-12-23 19:49:59.999922,1,BAY01_0152_20251223_194453_000.7z
2025-12-23 19:50:00,9.924883,0.009924883,5.927872,1.207562,2.789449,768000,768000,1.000000000,1,2025-12-23 19:50:00.000000,2025-12-23 19:50:59.999922,1,BAY01_0152_20251223_194453_000.7z
2025-12-23 19:51:00,9.936336,0.009936336,5.980640,1.189619,2.766076,768000,768000,1.000000000,1,2025-12-23 19:51:00.000000,2025-12-23 19:51:59.999922,1,BAY01_0152_20251223_194453_000.7z
2025-12-23 19:52:00,9.939822,0.009939822,6.021726,1.172959,2.745137,768000,768000,1.000000000,1,2025-12-23 19:52:00.000000,2025-12-23 19:52:59.999922,1,BAY01_0152_20251223_194453_000.7z
2025-12-23 19:53:00,10.003281,0.010003281,5.957503,1.163133,2.882645,768000,768000,1.000000000,1,2025-12-23 19:53:00.000000,2025-12-23 19:53:59.999922,1,BAY01_0152_20251223_194453_000.7z
2025-12-23 19:54:00,10.023667,0.010023667,6.038556,1.155084,2.830027,716875,768000,0.933430990,0,2025-12-23 19:54:00.000000,2025-12-23 19:54:59.999922,2,BAY01_0152_20251223_194453_000.7z;BAY01_0153_20251223_195457_000.7z
2025-12-23 19:55:00,9.883366,0.009883366,5.987555,1.069382,2.826430,768000,768000,1.000000000,1,2025-12-23 19:55:00.000000,2025-12-23 19:55:59.999922,1,BAY01_0153_20251223_195457_000.7z
2025-12-23 19:56:00,9.870993,0.009870993,5.915408,1.137514,2.818071,768000,768000,1.000000000,1,2025-12-23 19:56:00.000000,2025-12-23 19:56:59.999922,1,BAY01_0153_20251223_195457_000.7z
2025-12-23 19:57:00,9.933194,0.009933194,5.926201,1.182203,2.824791,768000,768000,1.000000000,1,2025-12-23 19:57:00.000000,2025-12-23 19:57:59.999922,1,BAY01_0153_20251223_195457_000.7z
2025-12-23 19:58:00,9.995936,0.009995936,5.976542,1.201082,2.818312,768000,768000,1.000000000,1,2025-12-23 19:58:00.000000,2025-12-23 19:58:59.999922,1,BAY01_0153_20251223_195457_000.7z
2025-12-23 19:59:00,10.065240,0.010065240,5.981188,1.252278,2.831774,768000,768000,1.000000000,1,2025-12-23 19:59:00.000000,2025-12-23 19:59:59.999922,1,BAY01_0153_20251223_195457_000.7z
2025-12-23 20:00:00,9.940233,0.009940233,5.982247,1.129197,2.828788,768000,768000,1.000000000,1,2025-12-23 20:00:00.000000,2025-12-23 20:00:59.999922,1,BAY01_0153_20251223_195457_000.7z
2025-12-23 20:01:00,9.948757,0.009948757,5.919625,1.201748,2.827384,768000,768000,1.000000000,1,2025-12-23 20:01:00.000000,2025-12-23 20:01:59.999922,1,BAY01_0153_20251223_195457_000.7z
2025-12-23 20:02:00,9.917678,0.009917678,5.935215,1.145043,2.837421,768000,768000,1.000000000,1,2025-12-23 20:02:00.000000,2025-12-23 20:02:59.999922,1,BAY01_0153_20251223_195457_000.7z
2025-12-23 20:03:00,9.957088,0.009957088,6.054071,1.127240,2.775777,768000,768000,1.000000000,1,2025-12-23 20:03:00.000000,2025-12-23 20:03:59.999922,1,BAY01_0153_20251223_195457_000.7z
2025-12-23 20:04:00,10.044622,0.010044622,5.953373,1.173607,2.917642,729659,768000,0.950076823,0,2025-12-23 20:04:00.000000,2025-12-23 20:04:57.004531,1,BAY01_0153_20251223_195457_000.7z
2025-12-23 20:05:00,9.857305,0.009857305,5.936469,1.125788,2.795049,742400,768000,0.966666667,0,2025-12-23 20:05:02.000000,2025-12-23 20:05:59.999922,1,BAY01_0154_20251223_200502_000.7z
2025-12-23 20:06:00,9.816920,0.009816920,5.935970,1.106508,2.774442,768000,768000,1.000000000,1,2025-12-23 20:06:00.000000,2025-12-23 20:06:59.999922,1,BAY01_0154_20251223_200502_000.7z
2025-12-23 20:07:00,9.954580,0.009954580,6.020392,1.126248,2.807940,768000,768000,1.000000000,1,2025-12-23 20:07:00.000000,2025-12-23 20:07:59.999922,1,BAY01_0154_20251223_200502_000.7z
2025-12-23 20:08:00,9.997028,0.009997028,6.014065,1.202086,2.780876,768000,768000,1.000000000,1,2025-12-23 20:08:00.000000,2025-12-23 20:08:59.999922,1,BAY01_0154_20251223_200502_000.7z
2025-12-23 20:09:00,9.994224,0.009994224,6.013679,1.113033,2.867513,768000,768000,1.000000000,1,2025-12-23 20:09:00.000000,2025-12-23 20:09:59.999922,1,BAY01_0154_20251223_200502_000.7z
2025-12-23 20:10:00,9.925796,0.009925796,6.006482,1.142729,2.776586,768000,768000,1.000000000,1,2025-12-23 20:10:00.000000,2025-12-23 20:10:59.999922,1,BAY01_0154_20251223_200502_000.7z
2025-12-23 20:11:00,9.894062,0.009894062,5.937338,1.120881,2.835843,768000,768000,1.000000000,1,2025-12-23 20:11:00.000000,2025-12-23 20:11:59.999922,1,BAY01_0154_20251223_200502_000.7z
2025-12-23 20:12:00,9.915391,0.009915391,6.018239,1.129223,2.767929,768000,768000,1.000000000,1,2025-12-23 20:12:00.000000,2025-12-23 20:12:59.999922,1,BAY01_0154_20251223_200502_000.7z
2025-12-23 20:13:00,9.987227,0.009987227,5.999839,1.139610,2.847778,768000,768000,1.000000000,1,2025-12-23 20:13:00.000000,2025-12-23 20:13:59.999922,1,BAY01_0154_20251223_200502_000.7z
2025-12-23 20:14:00,9.990731,0.009990731,5.997112,1.175232,2.818388,768000,768000,1.000000000,1,2025-12-23 20:14:00.000000,2025-12-23 20:14:59.999922,1,BAY01_0154_20251223_200502_000.7z
2025-12-23 20:15:00,9.866844,0.009866844,5.948573,1.118675,2.799597,716876,768000,0.933432292,0,2025-12-23 20:15:00.000000,2025-12-23 20:15:59.999922,2,BAY01_0154_20251223_200502_000.7z;BAY01_0155_20251223_201506_000.7z
2025-12-23 20:16:00,9.841708,0.009841708,5.924681,1.138003,2.779024,768000,768000,1.000000000,1,2025-12-23 20:16:00.000000,2025-12-23 20:16:59.999922,1,BAY01_0155_20251223_201506_000.7z
2025-12-23 20:17:00,9.920833,0.009920833,5.924804,1.189557,2.806473,768000,768000,1.000000000,1,2025-12-23 20:17:00.000000,2025-12-23 20:17:59.999922,1,BAY01_0155_20251223_201506_000.7z
2025-12-23 20:18:00,9.941584,0.009941584,5.986749,1.168860,2.785975,768000,768000,1.000000000,1,2025-12-23 20:18:00.000000,2025-12-23 20:18:59.999922,1,BAY01_0155_20251223_201506_000.7z
2025-12-23 20:19:00,9.933886,0.009933886,5.966299,1.138739,2.828848,768000,768000,1.000000000,1,2025-12-23 20:19:00.000000,2025-12-23 20:19:59.999922,1,BAY01_0155_20251223_201506_000.7z
2025-12-23 20:20:00,9.918709,0.009918709,5.991922,1.144317,2.782469,768000,768000,1.000000000,1,2025-12-23 20:20:00.000000,2025-12-23 20:20:59.999922,1,BAY01_0155_20251223_201506_000.7z
2025-12-23 20:21:00,9.900717,0.009900717,5.935645,1.145118,2.819954,768000,768000,1.000000000,1,2025-12-23 20:21:00.000000,2025-12-23 20:21:59.999922,1,BAY01_0155_20251223_201506_000.7z
2025-12-23 20:22:00,9.897759,0.009897759,5.979111,1.173873,2.744775,768000,768000,1.000000000,1,2025-12-23 20:22:00.000000,2025-12-23 20:22:59.999922,1,BAY01_0155_20251223_201506_000.7z
2025-12-23 20:23:00,9.978424,0.009978424,6.013527,1.191386,2.773511,768000,768000,1.000000000,1,2025-12-23 20:23:00.000000,2025-12-23 20:23:59.999922,1,BAY01_0155_20251223_201506_000.7z
2025-12-23 20:24:00,9.918588,0.009918588,5.951553,1.153036,2.813999,768000,768000,1.000000000,1,2025-12-23 20:24:00.000000,2025-12-23 20:24:59.999922,1,BAY01_0155_20251223_201506_000.7z
2025-12-23 20:25:00,9.829587,0.009829587,5.923861,1.120482,2.785244,716811,768000,0.933347656,0,2025-12-23 20:25:00.000000,2025-12-23 20:25:59.999922,2,BAY01_0155_20251223_201506_000.7z;BAY01_0156_20251223_202510_000.7z
2025-12-23 20:26:00,9.873969,0.009873969,5.950077,1.118457,2.805435,768000,768000,1.000000000,1,2025-12-23 20:26:00.000000,2025-12-23 20:26:59.999922,1,BAY01_0156_20251223_202510_000.7z
2025-12-23 20:27:00,9.920001,0.009920001,5.996936,1.173859,2.749207,768000,768000,1.000000000,1,2025-12-23 20:27:00.000000,2025-12-23 20:27:59.999922,1,BAY01_0156_20251223_202510_000.7z
2025-12-23 20:28:00,9.960794,0.009960794,6.003871,1.122279,2.834644,768000,768000,1.000000000,1,2025-12-23 20:28:00.000000,2025-12-23 20:28:59.999922,1,BAY01_0156_20251223_202510_000.7z
2025-12-23 20:29:00,9.955156,0.009955156,5.934505,1.233927,2.786724,768000,768000,1.000000000,1,2025-12-23 20:29:00.000000,2025-12-23 20:29:59.999922,1,BAY01_0156_20251223_202510_000.7z
2025-12-23 20:30:00,9.941476,0.009941476,6.007690,1.149128,2.784658,768000,768000,1.000000000,1,2025-12-23 20:30:00.000000,2025-12-23 20:30:59.999922,1,BAY01_0156_20251223_202510_000.7z
2025-12-23 20:31:00,9.931218,0.009931218,5.970787,1.203056,2.757375,768000,768000,1.000000000,1,2025-12-23 20:31:00.000000,2025-12-23 20:31:59.999922,1,BAY01_0156_20251223_202510_000.7z
2025-12-23 20:32:00,9.923653,0.009923653,5.971490,1.187860,2.764303,768000,768000,1.000000000,1,2025-12-23 20:32:00.000000,2025-12-23 20:32:59.999922,1,BAY01_0156_20251223_202510_000.7z
2025-12-23 20:33:00,9.945957,0.009945957,5.960717,1.192021,2.793219,768000,768000,1.000000000,1,2025-12-23 20:33:00.000000,2025-12-23 20:33:59.999922,1,BAY01_0156_20251223_202510_000.7z
2025-12-23 20:34:00,10.014400,0.010014400,5.934798,1.236212,2.843389,768000,768000,1.000000000,1,2025-12-23 20:34:00.000000,2025-12-23 20:34:59.999922,1,BAY01_0156_20251223_202510_000.7z
2025-12-23 20:35:00,9.842089,0.009842089,5.968073,1.061800,2.812216,716878,768000,0.933434896,0,2025-12-23 20:35:00.000000,2025-12-23 20:35:59.999922,2,BAY01_0156_20251223_202510_000.7z;BAY01_0157_20251223_203514_000.7z
2025-12-23 20:36:00,9.873670,0.009873670,5.911357,1.187073,2.775239,768000,768000,1.000000000,1,2025-12-23 20:36:00.000000,2025-12-23 20:36:59.999922,1,BAY01_0157_20251223_203514_000.7z
2025-12-23 20:37:00,9.887753,0.009887753,5.955614,1.181875,2.750263,768000,768000,1.000000000,1,2025-12-23 20:37:00.000000,2025-12-23 20:37:59.999922,1,BAY01_0157_20251223_203514_000.7z
2025-12-23 20:38:00,9.964827,0.009964827,6.012414,1.117802,2.834611,768000,768000,1.000000000,1,2025-12-23 20:38:00.000000,2025-12-23 20:38:59.999922,1,BAY01_0157_20251223_203514_000.7z
2025-12-23 20:39:00,10.009232,0.010009232,5.995714,1.221323,2.792195,768000,768000,1.000000000,1,2025-12-23 20:39:00.000000,2025-12-23 20:39:59.999922,1,BAY01_0157_20251223_203514_000.7z
2025-12-23 20:40:00,9.944116,0.009944116,5.930533,1.204847,2.808735,768000,768000,1.000000000,1,2025-12-23 20:40:00.000000,2025-12-23 20:40:59.999922,1,BAY01_0157_20251223_203514_000.7z
2025-12-23 20:41:00,9.926212,0.009926212,5.998501,1.117138,2.810574,768000,768000,1.000000000,1,2025-12-23 20:41:00.000000,2025-12-23 20:41:59.999922,1,BAY01_0157_20251223_203514_000.7z
2025-12-23 20:42:00,9.909042,0.009909042,5.933641,1.147052,2.828349,768000,768000,1.000000000,1,2025-12-23 20:42:00.000000,2025-12-23 20:42:59.999922,1,BAY01_0157_20251223_203514_000.7z
2025-12-23 20:43:00,9.888228,0.009888228,5.974091,1.175221,2.738916,768000,768000,1.000000000,1,2025-12-23 20:43:00.000000,2025-12-23 20:43:59.999922,1,BAY01_0157_20251223_203514_000.7z
2025-12-23 20:44:00,10.044895,0.010044895,6.007879,1.190429,2.846587,768000,768000,1.000000000,1,2025-12-23 20:44:00.000000,2025-12-23 20:44:59.999922,1,BAY01_0157_20251223_203514_000.7z
2025-12-23 20:45:00,9.822863,0.009822863,5.962981,1.116358,2.743525,729720,768000,0.950156250,0,2025-12-23 20:45:00.000000,2025-12-23 20:45:59.999922,2,BAY01_0157_20251223_203514_000.7z;BAY01_0158_20251223_204517_000.7z
2025-12-23 20:46:00,9.850251,0.009850251,5.968705,1.130297,2.751249,768000,768000,1.000000000,1,2025-12-23 20:46:00.000000,2025-12-23 20:46:59.999922,1,BAY01_0158_20251223_204517_000.7z
2025-12-23 20:47:00,9.891719,0.009891719,5.996621,1.112461,2.782637,768000,768000,1.000000000,1,2025-12-23 20:47:00.000000,2025-12-23 20:47:59.999922,1,BAY01_0158_20251223_204517_000.7z
2025-12-23 20:48:00,9.936674,0.009936674,5.998205,1.135152,2.803316,768000,768000,1.000000000,1,2025-12-23 20:48:00.000000,2025-12-23 20:48:59.999922,1,BAY01_0158_20251223_204517_000.7z
2025-12-23 20:49:00,10.043998,0.010043998,6.003345,1.190617,2.850036,768000,768000,1.000000000,1,2025-12-23 20:49:00.000000,2025-12-23 20:49:59.999922,1,BAY01_0158_20251223_204517_000.7z
2025-12-23 20:50:00,9.917271,0.009917271,5.969176,1.192452,2.755643,768000,768000,1.000000000,1,2025-12-23 20:50:00.000000,2025-12-23 20:50:59.999922,1,BAY01_0158_20251223_204517_000.7z
2025-12-23 20:51:00,9.922793,0.009922793,5.990065,1.134816,2.797912,768000,768000,1.000000000,1,2025-12-23 20:51:00.000000,2025-12-23 20:51:59.999922,1,BAY01_0158_20251223_204517_000.7z
2025-12-23 20:52:00,9.943121,0.009943121,5.968223,1.203889,2.771009,768000,768000,1.000000000,1,2025-12-23 20:52:00.000000,2025-12-23 20:52:59.999922,1,BAY01_0158_20251223_204517_000.7z
2025-12-23 20:53:00,9.909382,0.009909382,5.979587,1.120745,2.809050,768000,768000,1.000000000,1,2025-12-23 20:53:00.000000,2025-12-23 20:53:59.999922,1,BAY01_0158_20251223_204517_000.7z
2025-12-23 20:54:00,10.042502,0.010042502,6.000615,1.211623,2.830264,768000,768000,1.000000000,1,2025-12-23 20:54:00.000000,2025-12-23 20:54:59.999922,1,BAY01_0158_20251223_204517_000.7z
2025-12-23 20:55:00,9.864882,0.009864882,5.946925,1.078663,2.839294,729660,768000,0.950078125,0,2025-12-23 20:55:00.000000,2025-12-23 20:55:59.999922,2,BAY01_0158_20251223_204517_000.7z;BAY01_0159_20251223_205520_000.7z
2025-12-23 20:56:00,9.880954,0.009880954,5.915947,1.143890,2.821117,768000,768000,1.000000000,1,2025-12-23 20:56:00.000000,2025-12-23 20:56:59.999922,1,BAY01_0159_20251223_205520_000.7z
2025-12-23 20:57:00,9.899105,0.009899105,5.937145,1.144470,2.817490,768000,768000,1.000000000,1,2025-12-23 20:57:00.000000,2025-12-23 20:57:59.999922,1,BAY01_0159_20251223_205520_000.7z
2025-12-23 20:58:00,9.932566,0.009932566,5.973994,1.117693,2.840879,768000,768000,1.000000000,1,2025-12-23 20:58:00.000000,2025-12-23 20:58:59.999922,1,BAY01_0159_20251223_205520_000.7z
2025-12-23 20:59:00,10.036789,0.010036789,6.064447,1.133073,2.839269,768000,768000,1.000000000,1,2025-12-23 20:59:00.000000,2025-12-23 20:59:59.999922,1,BAY01_0159_20251223_205520_000.7z
2025-12-23 21:00:00,9.951771,0.009951771,6.034704,1.185826,2.731241,768000,768000,1.000000000,1,2025-12-23 21:00:00.000000,2025-12-23 21:00:59.999922,1,BAY01_0159_20251223_205520_000.7z
2025-12-23 21:01:00,9.901128,0.009901128,5.994571,1.121134,2.785423,768000,768000,1.000000000,1,2025-12-23 21:01:00.000000,2025-12-23 21:01:59.999922,1,BAY01_0159_20251223_205520_000.7z
2025-12-23 21:02:00,9.923366,0.009923366,6.013502,1.125602,2.784261,768000,768000,1.000000000,1,2025-12-23 21:02:00.000000,2025-12-23 21:02:59.999922,1,BAY01_0159_20251223_205520_000.7z
2025-12-23 21:03:00,9.925791,0.009925791,6.004110,1.155349,2.766332,768000,768000,1.000000000,1,2025-12-23 21:03:00.000000,2025-12-23 21:03:59.999922,1,BAY01_0159_20251223_205520_000.7z
2025-12-23 21:04:00,9.992355,0.009992355,6.070736,1.114790,2.806830,768000,768000,1.000000000,1,2025-12-23 21:04:00.000000,2025-12-23 21:04:59.999922,1,BAY01_0159_20251223_205520_000.7z
2025-12-23 21:05:00,9.831535,0.009831535,5.996084,1.080508,2.754943,691299,768000,0.900128906,0,2025-12-23 21:05:00.000000,2025-12-23 21:05:59.999922,2,BAY01_0159_20251223_205520_000.7z;BAY01_0160_20251223_210526_000.7z
2025-12-23 21:06:00,9.851702,0.009851702,5.932776,1.160885,2.758041,768000,768000,1.000000000,1,2025-12-23 21:06:00.000000,2025-12-23 21:06:59.999922,1,BAY01_0160_20251223_210526_000.7z
2025-12-23 21:07:00,9.857202,0.009857202,5.947170,1.107319,2.802713,768000,768000,1.000000000,1,2025-12-23 21:07:00.000000,2025-12-23 21:07:59.999922,1,BAY01_0160_20251223_210526_000.7z
2025-12-23 21:08:00,9.920577,0.009920577,6.007242,1.146741,2.766595,768000,768000,1.000000000,1,2025-12-23 21:08:00.000000,2025-12-23 21:08:59.999922,1,BAY01_0160_20251223_210526_000.7z
2025-12-23 21:09:00,9.959942,0.009959942,5.991293,1.143562,2.825087,768000,768000,1.000000000,1,2025-12-23 21:09:00.000000,2025-12-23 21:09:59.999922,1,BAY01_0160_20251223_210526_000.7z
2025-12-23 21:10:00,9.946026,0.009946026,5.968390,1.161805,2.815831,768000,768000,1.000000000,1,2025-12-23 21:10:00.000000,2025-12-23 21:10:59.999922,1,BAY01_0160_20251223_210526_000.7z
2025-12-23 21:11:00,9.914889,0.009914889,5.948524,1.147344,2.819021,768000,768000,1.000000000,1,2025-12-23 21:11:00.000000,2025-12-23 21:11:59.999922,1,BAY01_0160_20251223_210526_000.7z
2025-12-23 21:12:00,9.897077,0.009897077,5.957958,1.138550,2.800570,768000,768000,1.000000000,1,2025-12-23 21:12:00.000000,2025-12-23 21:12:59.999922,1,BAY01_0160_20251223_210526_000.7z
2025-12-23 21:13:00,9.927321,0.009927321,6.019783,1.105084,2.802454,768000,768000,1.000000000,1,2025-12-23 21:13:00.000000,2025-12-23 21:13:59.999922,1,BAY01_0160_20251223_210526_000.7z
2025-12-23 21:14:00,9.897211,0.009897211,6.005850,1.071086,2.820276,768000,768000,1.000000000,1,2025-12-23 21:14:00.000000,2025-12-23 21:14:59.999922,1,BAY01_0160_20251223_210526_000.7z
2025-12-23 21:15:00,9.852154,0.009852154,5.961044,1.123625,2.767485,716895,768000,0.933457031,0,2025-12-23 21:15:00.000000,2025-12-23 21:15:59.999922,2,BAY01_0160_20251223_210526_000.7z;BAY01_0161_20251223_211530_000.7z
2025-12-23 21:16:00,9.820869,0.009820869,5.996408,1.065098,2.759363,768000,768000,1.000000000,1,2025-12-23 21:16:00.000000,2025-12-23 21:16:59.999922,1,BAY01_0161_20251223_211530_000.7z
2025-12-23 21:17:00,9.808248,0.009808248,5.991416,1.051634,2.765198,768000,768000,1.000000000,1,2025-12-23 21:17:00.000000,2025-12-23 21:17:59.999922,1,BAY01_0161_20251223_211530_000.7z
2025-12-23 21:18:00,9.880927,0.009880927,5.977072,1.139269,2.764585,768000,768000,1.000000000,1,2025-12-23 21:18:00.000000,2025-12-23 21:18:59.999922,1,BAY01_0161_20251223_211530_000.7z
2025-12-23 21:19:00,9.921510,0.009921510,5.999161,1.090092,2.832257,768000,768000,1.000000000,1,2025-12-23 21:19:00.000000,2025-12-23 21:19:59.999922,1,BAY01_0161_20251223_211530_000.7z
2025-12-23 21:20:00,9.977861,0.009977861,5.984195,1.188562,2.805104,768000,768000,1.000000000,1,2025-12-23 21:20:00.000000,2025-12-23 21:20:59.999922,1,BAY01_0161_20251223_211530_000.7z
2025-12-23 21:21:00,9.875218,0.009875218,5.988264,1.067692,2.819262,768000,768000,1.000000000,1,2025-12-23 21:21:00.000000,2025-12-23 21:21:59.999922,1,BAY01_0161_20251223_211530_000.7z
2025-12-23 21:22:00,9.897209,0.009897209,5.999710,1.070727,2.826772,768000,768000,1.000000000,1,2025-12-23 21:22:00.000000,2025-12-23 21:22:59.999922,1,BAY01_0161_20251223_211530_000.7z
2025-12-23 21:23:00,9.873385,0.009873385,6.038854,1.067214,2.767317,768000,768000,1.000000000,1,2025-12-23 21:23:00.000000,2025-12-23 21:23:59.999922,1,BAY01_0161_20251223_211530_000.7z
2025-12-23 21:24:00,9.877314,0.009877314,5.895612,1.141615,2.840086,768000,768000,1.000000000,1,2025-12-23 21:24:00.000000,2025-12-23 21:24:59.999922,1,BAY01_0161_20251223_211530_000.7z
2025-12-23 21:25:00,9.922691,0.009922691,5.959842,1.215098,2.747751,704064,768000,0.916750000,0,2025-12-23 21:25:00.000000,2025-12-23 21:25:59.999922,2,BAY01_0161_20251223_211530_000.7z;BAY01_0162_20251223_212535_000.7z
2025-12-23 21:26:00,9.812137,0.009812137,5.997549,1.091081,2.723507,768000,768000,1.000000000,1,2025-12-23 21:26:00.000000,2025-12-23 21:26:59.999922,1,BAY01_0162_20251223_212535_000.7z
2025-12-23 21:27:00,9.846381,0.009846381,5.995193,1.099937,2.751251,768000,768000,1.000000000,1,2025-12-23 21:27:00.000000,2025-12-23 21:27:59.999922,1,BAY01_0162_20251223_212535_000.7z
2025-12-23 21:28:00,9.883704,0.009883704,6.050173,1.060015,2.773516,768000,768000,1.000000000,1,2025-12-23 21:28:00.000000,2025-12-23 21:28:59.999922,1,BAY01_0162_20251223_212535_000.7z
2025-12-23 21:29:00,9.871629,0.009871629,6.020346,1.075318,2.775965,768000,768000,1.000000000,1,2025-12-23 21:29:00.000000,2025-12-23 21:29:59.999922,1,BAY01_0162_20251223_212535_000.7z
2025-12-23 21:30:00,9.992318,0.009992318,6.020645,1.186215,2.785457,768000,768000,1.000000000,1,2025-12-23 21:30:00.000000,2025-12-23 21:30:59.999922,1,BAY01_0162_20251223_212535_000.7z
2025-12-23 21:31:00,9.885831,0.009885831,5.942889,1.110139,2.832803,768000,768000,1.000000000,1,2025-12-23 21:31:00.000000,2025-12-23 21:31:59.999922,1,BAY01_0162_20251223_212535_000.7z
2025-12-23 21:32:00,9.877930,0.009877930,5.939708,1.133922,2.804300,768000,768000,1.000000000,1,2025-12-23 21:32:00.000000,2025-12-23 21:32:59.999922,1,BAY01_0162_20251223_212535_000.7z
2025-12-23 21:33:00,9.906448,0.009906448,6.037209,1.118399,2.750840,768000,768000,1.000000000,1,2025-12-23 21:33:00.000000,2025-12-23 21:33:59.999922,1,BAY01_0162_20251223_212535_000.7z
2025-12-23 21:34:00,9.914553,0.009914553,6.004503,1.089654,2.820395,768000,768000,1.000000000,1,2025-12-23 21:34:00.000000,2025-12-23 21:34:59.999922,1,BAY01_0162_20251223_212535_000.7z
2025-12-23 21:35:00,9.949268,0.009949268,5.997456,1.093458,2.858354,704095,768000,0.916790365,0,2025-12-23 21:35:00.000000,2025-12-23 21:35:59.999922,2,BAY01_0162_20251223_212535_000.7z;BAY01_0163_20251223_213540_000.7z
2025-12-23 21:36:00,9.816079,0.009816079,5.945612,1.132536,2.737931,768000,768000,1.000000000,1,2025-12-23 21:36:00.000000,2025-12-23 21:36:59.999922,1,BAY01_0163_20251223_213540_000.7z
2025-12-23 21:37:00,9.834029,0.009834029,5.935983,1.116097,2.781950,768000,768000,1.000000000,1,2025-12-23 21:37:00.000000,2025-12-23 21:37:59.999922,1,BAY01_0163_20251223_213540_000.7z
2025-12-23 21:38:00,9.887341,0.009887341,5.974113,1.091524,2.821704,768000,768000,1.000000000,1,2025-12-23 21:38:00.000000,2025-12-23 21:38:59.999922,1,BAY01_0163_20251223_213540_000.7z
2025-12-23 21:39:00,9.944075,0.009944075,6.068780,1.076509,2.798785,768000,768000,1.000000000,1,2025-12-23 21:39:00.000000,2025-12-23 21:39:59.999922,1,BAY01_0163_20251223_213540_000.7z
2025-12-23 21:40:00,10.016402,0.010016402,6.036073,1.146086,2.834243,768000,768000,1.000000000,1,2025-12-23 21:40:00.000000,2025-12-23 21:40:59.999922,1,BAY01_0163_20251223_213540_000.7z
2025-12-23 21:41:00,9.897589,0.009897589,6.021849,1.133684,2.742055,768000,768000,1.000000000,1,2025-12-23 21:41:00.000000,2025-12-23 21:41:59.999922,1,BAY01_0163_20251223_213540_000.7z
2025-12-23 21:42:00,9.883825,0.009883825,5.988697,1.149530,2.745598,768000,768000,1.000000000,1,2025-12-23 21:42:00.000000,2025-12-23 21:42:59.999922,1,BAY01_0163_20251223_213540_000.7z
2025-12-23 21:43:00,9.891439,0.009891439,6.028535,1.088965,2.773939,768000,768000,1.000000000,1,2025-12-23 21:43:00.000000,2025-12-23 21:43:59.999922,1,BAY01_0163_20251223_213540_000.7z
2025-12-23 21:44:00,9.882173,0.009882173,5.947460,1.118061,2.816652,768000,768000,1.000000000,1,2025-12-23 21:44:00.000000,2025-12-23 21:44:59.999922,1,BAY01_0163_20251223_213540_000.7z
2025-12-23 21:45:00,9.958600,0.009958600,5.908265,1.225192,2.825142,704104,768000,0.916802083,0,2025-12-23 21:45:00.000000,2025-12-23 21:45:59.999922,2,BAY01_0163_20251223_213540_000.7z;BAY01_0164_20251223_214545_000.7z
2025-12-23 21:46:00,9.799070,0.009799070,5.960530,1.107693,2.730847,768000,768000,1.000000000,1,2025-12-23 21:46:00.000000,2025-12-23 21:46:59.999922,1,BAY01_0164_20251223_214545_000.7z
2025-12-23 21:47:00,9.830303,0.009830303,5.937692,1.081258,2.811352,768000,768000,1.000000000,1,2025-12-23 21:47:00.000000,2025-12-23 21:47:59.999922,1,BAY01_0164_20251223_214545_000.7z
2025-12-23 21:48:00,9.886747,0.009886747,6.007560,1.118920,2.760267,768000,768000,1.000000000,1,2025-12-23 21:48:00.000000,2025-12-23 21:48:59.999922,1,BAY01_0164_20251223_214545_000.7z
2025-12-23 21:49:00,9.925886,0.009925886,6.083586,1.101196,2.741104,768000,768000,1.000000000,1,2025-12-23 21:49:00.000000,2025-12-23 21:49:59.999922,1,BAY01_0164_20251223_214545_000.7z
2025-12-23 21:50:00,9.999301,0.009999301,5.973732,1.198519,2.827051,768000,768000,1.000000000,1,2025-12-23 21:50:00.000000,2025-12-23 21:50:59.999922,1,BAY01_0164_20251223_214545_000.7z
2025-12-23 21:51:00,9.874032,0.009874032,5.963228,1.079101,2.831703,768000,768000,1.000000000,1,2025-12-23 21:51:00.000000,2025-12-23 21:51:59.999922,1,BAY01_0164_20251223_214545_000.7z
2025-12-23 21:52:00,9.892470,0.009892470,5.979491,1.089721,2.823259,768000,768000,1.000000000,1,2025-12-23 21:52:00.000000,2025-12-23 21:52:59.999922,1,BAY01_0164_20251223_214545_000.7z
2025-12-23 21:53:00,9.869875,0.009869875,5.996708,1.068082,2.805085,768000,768000,1.000000000,1,2025-12-23 21:53:00.000000,2025-12-23 21:53:59.999922,1,BAY01_0164_20251223_214545_000.7z
2025-12-23 21:54:00,9.901116,0.009901116,6.063846,1.063900,2.773370,768000,768000,1.000000000,1,2025-12-23 21:54:00.000000,2025-12-23 21:54:59.999922,1,BAY01_0164_20251223_214545_000.7z
2025-12-23 21:55:00,9.891618,0.009891618,5.905376,1.181452,2.804789,716821,768000,0.933360677,0,2025-12-23 21:55:00.000000,2025-12-23 21:55:59.999922,2,BAY01_0164_20251223_214545_000.7z;BAY01_0165_20251223_215549_000.7z
2025-12-23 21:56:00,9.801395,0.009801395,5.924009,1.109219,2.768167,768000,768000,1.000000000,1,2025-12-23 21:56:00.000000,2025-12-23 21:56:59.999922,1,BAY01_0165_20251223_215549_000.7z
2025-12-23 21:57:00,9.788655,0.009788655,5.953828,1.087156,2.747671,768000,768000,1.000000000,1,2025-12-23 21:57:00.000000,2025-12-23 21:57:59.999922,1,BAY01_0165_20251223_215549_000.7z
2025-12-23 21:58:00,9.867666,0.009867666,5.977811,1.128207,2.761647,768000,768000,1.000000000,1,2025-12-23 21:58:00.000000,2025-12-23 21:58:59.999922,1,BAY01_0165_20251223_215549_000.7z
2025-12-23 21:59:00,9.890326,0.009890326,5.998677,1.091312,2.800337,768000,768000,1.000000000,1,2025-12-23 21:59:00.000000,2025-12-23 21:59:59.999922,1,BAY01_0165_20251223_215549_000.7z
2025-12-23 22:00:00,9.900144,0.009900144,6.003752,1.117922,2.778469,768000,768000,1.000000000,1,2025-12-23 22:00:00.000000,2025-12-23 22:00:59.999922,1,BAY01_0165_20251223_215549_000.7z
2025-12-23 22:01:00,9.856442,0.009856442,5.977581,1.077783,2.801078,768000,768000,1.000000000,1,2025-12-23 22:01:00.000000,2025-12-23 22:01:59.999922,1,BAY01_0165_20251223_215549_000.7z
2025-12-23 22:02:00,9.858076,0.009858076,5.980227,1.105262,2.772586,768000,768000,1.000000000,1,2025-12-23 22:02:00.000000,2025-12-23 22:02:59.999922,1,BAY01_0165_20251223_215549_000.7z
2025-12-23 22:03:00,9.849639,0.009849639,5.946371,1.104502,2.798766,768000,768000,1.000000000,1,2025-12-23 22:03:00.000000,2025-12-23 22:03:59.999922,1,BAY01_0165_20251223_215549_000.7z
2025-12-23 22:04:00,9.871859,0.009871859,6.039782,1.068874,2.763203,768000,768000,1.000000000,1,2025-12-23 22:04:00.000000,2025-12-23 22:04:59.999922,1,BAY01_0165_20251223_215549_000.7z
2025-12-23 22:05:00,9.884380,0.009884380,5.939104,1.105815,2.839461,716851,768000,0.933399740,0,2025-12-23 22:05:00.000000,2025-12-23 22:05:59.999922,2,BAY01_0165_20251223_215549_000.7z;BAY01_0166_20251223_220553_000.7z
2025-12-23 22:06:00,9.759616,0.009759616,5.992714,1.014509,2.752394,768000,768000,1.000000000,1,2025-12-23 22:06:00.000000,2025-12-23 22:06:59.999922,1,BAY01_0166_20251223_220553_000.7z
2025-12-23 22:07:00,9.779460,0.009779460,5.949895,1.046285,2.783280,768000,768000,1.000000000,1,2025-12-23 22:07:00.000000,2025-12-23 22:07:59.999922,1,BAY01_0166_20251223_220553_000.7z
2025-12-23 22:08:00,9.835018,0.009835018,5.958751,1.119742,2.756525,768000,768000,1.000000000,1,2025-12-23 22:08:00.000000,2025-12-23 22:08:59.999922,1,BAY01_0166_20251223_220553_000.7z
2025-12-23 22:09:00,9.878050,0.009878050,6.002568,1.109768,2.765714,768000,768000,1.000000000,1,2025-12-23 22:09:00.000000,2025-12-23 22:09:59.999922,1,BAY01_0166_20251223_220553_000.7z
2025-12-23 22:10:00,9.906752,0.009906752,5.990645,1.098911,2.817196,768000,768000,1.000000000,1,2025-12-23 22:10:00.000000,2025-12-23 22:10:59.999922,1,BAY01_0166_20251223_220553_000.7z
2025-12-23 22:11:00,9.838732,0.009838732,5.988692,1.099069,2.750972,768000,768000,1.000000000,1,2025-12-23 22:11:00.000000,2025-12-23 22:11:59.999922,1,BAY01_0166_20251223_220553_000.7z
2025-12-23 22:12:00,9.824013,0.009824013,6.015580,1.038748,2.769684,768000,768000,1.000000000,1,2025-12-23 22:12:00.000000,2025-12-23 22:12:59.999922,1,BAY01_0166_20251223_220553_000.7z
2025-12-23 22:13:00,9.907873,0.009907873,6.005161,1.124610,2.778102,768000,768000,1.000000000,1,2025-12-23 22:13:00.000000,2025-12-23 22:13:59.999922,1,BAY01_0166_20251223_220553_000.7z
2025-12-23 22:14:00,9.864121,0.009864121,6.056223,1.062281,2.745616,768000,768000,1.000000000,1,2025-12-23 22:14:00.000000,2025-12-23 22:14:59.999922,1,BAY01_0166_20251223_220553_000.7z
2025-12-23 22:15:00,9.937349,0.009937349,5.991712,1.116229,2.829408,729614,768000,0.950018229,0,2025-12-23 22:15:00.000000,2025-12-23 22:15:59.999922,2,BAY01_0166_20251223_220553_000.7z;BAY01_0167_20251223_221556_000.7z
2025-12-23 22:16:00,9.767347,0.009767347,5.954592,1.064427,2.748328,768000,768000,1.000000000,1,2025-12-23 22:16:00.000000,2025-12-23 22:16:59.999922,1,BAY01_0167_20251223_221556_000.7z
2025-12-23 22:17:00,9.761461,0.009761461,5.962268,1.067899,2.731295,768000,768000,1.000000000,1,2025-12-23 22:17:00.000000,2025-12-23 22:17:59.999922,1,BAY01_0167_20251223_221556_000.7z
2025-12-23 22:18:00,9.825745,0.009825745,5.950467,1.103960,2.771317,768000,768000,1.000000000,1,2025-12-23 22:18:00.000000,2025-12-23 22:18:59.999922,1,BAY01_0167_20251223_221556_000.7z
2025-12-23 22:19:00,9.878235,0.009878235,6.058445,1.051984,2.767806,768000,768000,1.000000000,1,2025-12-23 22:19:00.000000,2025-12-23 22:19:59.999922,1,BAY01_0167_20251223_221556_000.7z
2025-12-23 22:20:00,9.949185,0.009949185,5.981766,1.145913,2.821506,768000,768000,1.000000000,1,2025-12-23 22:20:00.000000,2025-12-23 22:20:59.999922,1,BAY01_0167_20251223_221556_000.7z
2025-12-23 22:21:00,9.828877,0.009828877,6.000137,1.025760,2.802980,768000,768000,1.000000000,1,2025-12-23 22:21:00.000000,2025-12-23 22:21:59.999922,1,BAY01_0167_20251223_221556_000.7z
2025-12-23 22:22:00,9.821236,0.009821236,5.992310,1.024147,2.804780,768000,768000,1.000000000,1,2025-12-23 22:22:00.000000,2025-12-23 22:22:59.999922,1,BAY01_0167_20251223_221556_000.7z
2025-12-23 22:23:00,9.827127,0.009827127,6.040924,1.058751,2.727452,768000,768000,1.000000000,1,2025-12-23 22:23:00.000000,2025-12-23 22:23:59.999922,1,BAY01_0167_20251223_221556_000.7z
2025-12-23 22:24:00,9.831289,0.009831289,5.971110,1.033718,2.826461,768000,768000,1.000000000,1,2025-12-23 22:24:00.000000,2025-12-23 22:24:59.999922,1,BAY01_0167_20251223_221556_000.7z
2025-12-23 22:25:00,9.934404,0.009934404,5.971488,1.160916,2.802000,716904,768000,0.933468750,0,2025-12-23 22:25:00.000000,2025-12-23 22:25:56.008047,1,BAY01_0167_20251223_221556_000.7z
2025-12-23 22:26:00,9.716966,0.009716966,5.944212,1.046489,2.726265,755200,768000,0.983333333,0,2025-12-23 22:26:01.000000,2025-12-23 22:26:59.999922,1,BAY01_0168_20251223_222601_000.7z
2025-12-23 22:27:00,9.727661,0.009727661,5.939206,1.027183,2.761272,768000,768000,1.000000000,1,2025-12-23 22:27:00.000000,2025-12-23 22:27:59.999922,1,BAY01_0168_20251223_222601_000.7z
2025-12-23 22:28:00,9.807877,0.009807877,5.985704,1.055756,2.766418,768000,768000,1.000000000,1,2025-12-23 22:28:00.000000,2025-12-23 22:28:59.999922,1,BAY01_0168_20251223_222601_000.7z
2025-12-23 22:29:00,9.861353,0.009861353,6.018356,1.079999,2.762998,768000,768000,1.000000000,1,2025-12-23 22:29:00.000000,2025-12-23 22:29:59.999922,1,BAY01_0168_20251223_222601_000.7z
2025-12-23 22:30:00,9.931225,0.009931225,5.992468,1.109081,2.829676,768000,768000,1.000000000,1,2025-12-23 22:30:00.000000,2025-12-23 22:30:59.999922,1,BAY01_0168_20251223_222601_000.7z
2025-12-23 22:31:00,9.829665,0.009829665,5.980873,1.059230,2.789562,768000,768000,1.000000000,1,2025-12-23 22:31:00.000000,2025-12-23 22:31:59.999922,1,BAY01_0168_20251223_222601_000.7z
2025-12-23 22:32:00,9.817047,0.009817047,6.007158,1.052333,2.757555,768000,768000,1.000000000,1,2025-12-23 22:32:00.000000,2025-12-23 22:32:59.999922,1,BAY01_0168_20251223_222601_000.7z
2025-12-23 22:33:00,9.825646,0.009825646,6.014487,1.060154,2.751006,768000,768000,1.000000000,1,2025-12-23 22:33:00.000000,2025-12-23 22:33:59.999922,1,BAY01_0168_20251223_222601_000.7z
2025-12-23 22:34:00,9.851062,0.009851062,6.046818,1.048316,2.755928,768000,768000,1.000000000,1,2025-12-23 22:34:00.000000,2025-12-23 22:34:59.999922,1,BAY01_0168_20251223_222601_000.7z
2025-12-23 22:35:00,9.970229,0.009970229,6.027217,1.125394,2.817618,768000,768000,1.000000000,1,2025-12-23 22:35:00.000000,2025-12-23 22:35:59.999922,1,BAY01_0168_20251223_222601_000.7z
2025-12-23 22:36:00,9.761137,0.009761137,5.965009,1.077773,2.718355,704105,768000,0.916803385,0,2025-12-23 22:36:00.000000,2025-12-23 22:36:59.999922,2,BAY01_0168_20251223_222601_000.7z;BAY01_0169_20251223_223606_000.7z
2025-12-23 22:37:00,9.765718,0.009765718,5.925450,1.062971,2.777297,768000,768000,1.000000000,1,2025-12-23 22:37:00.000000,2025-12-23 22:37:59.999922,1,BAY01_0169_20251223_223606_000.7z
2025-12-23 22:38:00,9.841355,0.009841355,5.966461,1.061893,2.813001,768000,768000,1.000000000,1,2025-12-23 22:38:00.000000,2025-12-23 22:38:59.999922,1,BAY01_0169_20251223_223606_000.7z
2025-12-23 22:39:00,9.832117,0.009832117,5.964347,1.110614,2.757155,768000,768000,1.000000000,1,2025-12-23 22:39:00.000000,2025-12-23 22:39:59.999922,1,BAY01_0169_20251223_223606_000.7z
2025-12-23 22:40:00,9.920063,0.009920063,6.009625,1.110106,2.800332,768000,768000,1.000000000,1,2025-12-23 22:40:00.000000,2025-12-23 22:40:59.999922,1,BAY01_0169_20251223_223606_000.7z
2025-12-23 22:41:00,9.849941,0.009849941,5.968760,1.061316,2.819866,768000,768000,1.000000000,1,2025-12-23 22:41:00.000000,2025-12-23 22:41:59.999922,1,BAY01_0169_20251223_223606_000.7z
2025-12-23 22:42:00,9.815038,0.009815038,5.982332,1.031083,2.801624,768000,768000,1.000000000,1,2025-12-23 22:42:00.000000,2025-12-23 22:42:59.999922,1,BAY01_0169_20251223_223606_000.7z
2025-12-23 22:43:00,9.819720,0.009819720,6.018706,1.086227,2.714787,768000,768000,1.000000000,1,2025-12-23 22:43:00.000000,2025-12-23 22:43:59.999922,1,BAY01_0169_20251223_223606_000.7z
2025-12-23 22:44:00,9.815083,0.009815083,5.968696,1.084740,2.761647,768000,768000,1.000000000,1,2025-12-23 22:44:00.000000,2025-12-23 22:44:59.999922,1,BAY01_0169_20251223_223606_000.7z
2025-12-23 22:45:00,9.935004,0.009935004,6.052714,1.047249,2.835041,768000,768000,1.000000000,1,2025-12-23 22:45:00.000000,2025-12-23 22:45:59.999922,1,BAY01_0169_20251223_223606_000.7z
2025-12-23 22:46:00,9.779291,0.009779291,5.911917,1.115161,2.752213,691254,768000,0.900070313,0,2025-12-23 22:46:00.000000,2025-12-23 22:46:59.999922,2,BAY01_0169_20251223_223606_000.7z;BAY01_0170_20251223_224612_000.7z
2025-12-23 22:47:00,9.759691,0.009759691,5.951090,1.071991,2.736611,768000,768000,1.000000000,1,2025-12-23 22:47:00.000000,2025-12-23 22:47:59.999922,1,BAY01_0170_20251223_224612_000.7z
2025-12-23 22:48:00,9.817346,0.009817346,6.017796,1.045405,2.754144,768000,768000,1.000000000,1,2025-12-23 22:48:00.000000,2025-12-23 22:48:59.999922,1,BAY01_0170_20251223_224612_000.7z
2025-12-23 22:49:00,9.832621,0.009832621,5.998455,1.070836,2.763330,768000,768000,1.000000000,1,2025-12-23 22:49:00.000000,2025-12-23 22:49:59.999922,1,BAY01_0170_20251223_224612_000.7z
2025-12-23 22:50:00,9.872250,0.009872250,5.997933,1.039944,2.834373,768000,768000,1.000000000,1,2025-12-23 22:50:00.000000,2025-12-23 22:50:59.999922,1,BAY01_0170_20251223_224612_000.7z
2025-12-23 22:51:00,9.850698,0.009850698,6.010728,1.124926,2.715043,768000,768000,1.000000000,1,2025-12-23 22:51:00.000000,2025-12-23 22:51:59.999922,1,BAY01_0170_20251223_224612_000.7z
2025-12-23 22:52:00,9.857416,0.009857416,6.014416,1.086633,2.756367,768000,768000,1.000000000,1,2025-12-23 22:52:00.000000,2025-12-23 22:52:59.999922,1,BAY01_0170_20251223_224612_000.7z
2025-12-23 22:53:00,9.843438,0.009843438,5.992275,1.094876,2.756287,768000,768000,1.000000000,1,2025-12-23 22:53:00.000000,2025-12-23 22:53:59.999922,1,BAY01_0170_20251223_224612_000.7z
2025-12-23 22:54:00,9.818915,0.009818915,5.969544,1.027019,2.822353,768000,768000,1.000000000,1,2025-12-23 22:54:00.000000,2025-12-23 22:54:59.999922,1,BAY01_0170_20251223_224612_000.7z
2025-12-23 22:55:00,9.884562,0.009884562,6.067748,1.061908,2.754905,768000,768000,1.000000000,1,2025-12-23 22:55:00.000000,2025-12-23 22:55:59.999922,1,BAY01_0170_20251223_224612_000.7z
2025-12-23 22:56:00,9.798749,0.009798749,5.939948,1.095748,2.763054,704123,768000,0.916826823,0,2025-12-23 22:56:00.000000,2025-12-23 22:56:59.999922,2,BAY01_0170_20251223_224612_000.7z;BAY01_0171_20251223_225617_000.7z
2025-12-23 22:57:00,9.722051,0.009722051,5.923361,1.012897,2.785793,768000,768000,1.000000000,1,2025-12-23 22:57:00.000000,2025-12-23 22:57:59.999922,1,BAY01_0171_20251223_225617_000.7z
2025-12-23 22:58:00,9.848529,0.009848529,6.297116,0.695322,2.856091,768000,768000,1.000000000,1,2025-12-23 22:58:00.000000,2025-12-23 22:58:59.999922,1,BAY01_0171_20251223_225617_000.7z
2025-12-23 22:59:00,9.833338,0.009833338,5.961707,1.066541,2.805090,768000,768000,1.000000000,1,2025-12-23 22:59:00.000000,2025-12-23 22:59:59.999922,1,BAY01_0171_20251223_225617_000.7z
2025-12-23 23:00:00,9.855782,0.009855782,5.984627,1.084801,2.786354,768000,768000,1.000000000,1,2025-12-23 23:00:00.000000,2025-12-23 23:00:59.999922,1,BAY01_0171_20251223_225617_000.7z
2025-12-23 23:01:00,9.874988,0.009874988,5.987890,1.129982,2.757116,768000,768000,1.000000000,1,2025-12-23 23:01:00.000000,2025-12-23 23:01:59.999922,1,BAY01_0171_20251223_225617_000.7z
2025-12-23 23:02:00,9.822565,0.009822565,5.964861,1.056393,2.801311,768000,768000,1.000000000,1,2025-12-23 23:02:00.000000,2025-12-23 23:02:59.999922,1,BAY01_0171_20251223_225617_000.7z
2025-12-23 23:03:00,9.817444,0.009817444,5.982312,1.105310,2.729822,768000,768000,1.000000000,1,2025-12-23 23:03:00.000000,2025-12-23 23:03:59.999922,1,BAY01_0171_20251223_225617_000.7z
2025-12-23 23:04:00,9.824710,0.009824710,5.949262,1.085568,2.789880,768000,768000,1.000000000,1,2025-12-23 23:04:00.000000,2025-12-23 23:04:59.999922,1,BAY01_0171_20251223_225617_000.7z
2025-12-23 23:05:00,9.890662,0.009890662,6.026967,1.069172,2.794523,768000,768000,1.000000000,1,2025-12-23 23:05:00.000000,2025-12-23 23:05:59.999922,1,BAY01_0171_20251223_225617_000.7z
2025-12-23 23:06:00,9.831502,0.009831502,5.971213,1.139141,2.721148,704030,768000,0.916705729,0,2025-12-23 23:06:00.000000,2025-12-23 23:06:59.999922,2,BAY01_0171_20251223_225617_000.7z;BAY01_0172_20251223_230622_000.7z
2025-12-23 23:07:00,9.740668,0.009740668,5.920432,1.004822,2.815414,768000,768000,1.000000000,1,2025-12-23 23:07:00.000000,2025-12-23 23:07:59.999922,1,BAY01_0172_20251223_230622_000.7z
2025-12-23 23:08:00,9.723963,0.009723963,5.932677,1.013857,2.777429,768000,768000,1.000000000,1,2025-12-23 23:08:00.000000,2025-12-23 23:08:59.999922,1,BAY01_0172_20251223_230622_000.7z
2025-12-23 23:09:00,9.835529,0.009835529,5.956324,1.101286,2.777918,768000,768000,1.000000000,1,2025-12-23 23:09:00.000000,2025-12-23 23:09:59.999922,1,BAY01_0172_20251223_230622_000.7z
2025-12-23 23:10:00,9.862882,0.009862882,5.975561,1.101866,2.785455,768000,768000,1.000000000,1,2025-12-23 23:10:00.000000,2025-12-23 23:10:59.999922,1,BAY01_0172_20251223_230622_000.7z
2025-12-23 23:11:00,9.923932,0.009923932,5.967866,1.158143,2.797924,768000,768000,1.000000000,1,2025-12-23 23:11:00.000000,2025-12-23 23:11:59.999922,1,BAY01_0172_20251223_230622_000.7z
2025-12-23 23:12:00,9.815807,0.009815807,5.958355,1.039690,2.817762,768000,768000,1.000000000,1,2025-12-23 23:12:00.000000,2025-12-23 23:12:59.999922,1,BAY01_0172_20251223_230622_000.7z
2025-12-23 23:13:00,9.842271,0.009842271,6.027965,1.050183,2.764123,768000,768000,1.000000000,1,2025-12-23 23:13:00.000000,2025-12-23 23:13:59.999922,1,BAY01_0172_20251223_230622_000.7z
2025-12-23 23:14:00,9.801657,0.009801657,5.946854,1.050625,2.804178,768000,768000,1.000000000,1,2025-12-23 23:14:00.000000,2025-12-23 23:14:59.999922,1,BAY01_0172_20251223_230622_000.7z
2025-12-23 23:15:00,9.863031,0.009863031,6.025676,1.132556,2.704799,768000,768000,1.000000000,1,2025-12-23 23:15:00.000000,2025-12-23 23:15:59.999922,1,BAY01_0172_20251223_230622_000.7z
2025-12-23 23:16:00,9.872950,0.009872950,5.996703,1.116516,2.759730,716939,768000,0.933514323,0,2025-12-23 23:16:00.000000,2025-12-23 23:16:59.999922,2,BAY01_0172_20251223_230622_000.7z;BAY01_0173_20251223_231626_000.7z
2025-12-23 23:17:00,9.724358,0.009724358,5.952404,0.987161,2.784793,768000,768000,1.000000000,1,2025-12-23 23:17:00.000000,2025-12-23 23:17:59.999922,1,BAY01_0173_20251223_231626_000.7z
2025-12-23 23:18:00,9.771785,0.009771785,5.984247,1.001545,2.785994,768000,768000,1.000000000,1,2025-12-23 23:18:00.000000,2025-12-23 23:18:59.999922,1,BAY01_0173_20251223_231626_000.7z
2025-12-23 23:19:00,9.812852,0.009812852,5.969247,1.065496,2.778109,768000,768000,1.000000000,1,2025-12-23 23:19:00.000000,2025-12-23 23:19:59.999922,1,BAY01_0173_20251223_231626_000.7z
2025-12-23 23:20:00,9.844648,0.009844648,5.963897,1.076987,2.803763,768000,768000,1.000000000,1,2025-12-23 23:20:00.000000,2025-12-23 23:20:59.999922,1,BAY01_0173_20251223_231626_000.7z
2025-12-23 23:21:00,9.915322,0.009915322,5.955504,1.123665,2.836152,768000,768000,1.000000000,1,2025-12-23 23:21:00.000000,2025-12-23 23:21:59.999922,1,BAY01_0173_20251223_231626_000.7z
2025-12-23 23:22:00,9.812506,0.009812506,6.036190,1.051826,2.724490,768000,768000,1.000000000,1,2025-12-23 23:22:00.000000,2025-12-23 23:22:59.999922,1,BAY01_0173_20251223_231626_000.7z
2025-12-23 23:23:00,9.816480,0.009816480,5.969938,1.029167,2.817376,768000,768000,1.000000000,1,2025-12-23 23:23:00.000000,2025-12-23 23:23:59.999922,1,BAY01_0173_20251223_231626_000.7z
2025-12-23 23:24:00,9.810262,0.009810262,6.090239,1.018422,2.701601,768000,768000,1.000000000,1,2025-12-23 23:24:00.000000,2025-12-23 23:24:59.999922,1,BAY01_0173_20251223_231626_000.7z
2025-12-23 23:25:00,9.864688,0.009864688,6.064153,1.091264,2.709270,768000,768000,1.000000000,1,2025-12-23 23:25:00.000000,2025-12-23 23:25:59.999922,1,BAY01_0173_20251223_231626_000.7z
2025-12-23 23:26:00,9.918704,0.009918704,6.053088,1.115276,2.750341,704020,768000,0.916692708,0,2025-12-23 23:26:00.000000,2025-12-23 23:26:59.999922,2,BAY01_0173_20251223_231626_000.7z;BAY01_0174_20251223_232631_000.7z
2025-12-23 23:27:00,9.740992,0.009740992,5.925370,1.023302,2.792320,768000,768000,1.000000000,1,2025-12-23 23:27:00.000000,2025-12-23 23:27:59.999922,1,BAY01_0174_20251223_232631_000.7z
2025-12-23 23:28:00,9.777578,0.009777578,5.967894,1.065758,2.743927,768000,768000,1.000000000,1,2025-12-23 23:28:00.000000,2025-12-23 23:28:59.999922,1,BAY01_0174_20251223_232631_000.7z
2025-12-23 23:29:00,9.816315,0.009816315,5.990936,1.019863,2.805516,768000,768000,1.000000000,1,2025-12-23 23:29:00.000000,2025-12-23 23:29:59.999922,1,BAY01_0174_20251223_232631_000.7z
2025-12-23 23:30:00,9.838354,0.009838354,6.030596,1.082713,2.725045,768000,768000,1.000000000,1,2025-12-23 23:30:00.000000,2025-12-23 23:30:59.999922,1,BAY01_0174_20251223_232631_000.7z
2025-12-23 23:31:00,9.925316,0.009925316,5.978126,1.144281,2.802909,768000,768000,1.000000000,1,2025-12-23 23:31:00.000000,2025-12-23 23:31:59.999922,1,BAY01_0174_20251223_232631_000.7z
2025-12-23 23:32:00,9.809720,0.009809720,6.021899,1.027792,2.760028,768000,768000,1.000000000,1,2025-12-23 23:32:00.000000,2025-12-23 23:32:59.999922,1,BAY01_0174_20251223_232631_000.7z
2025-12-23 23:33:00,9.812383,0.009812383,5.987996,1.078411,2.745976,768000,768000,1.000000000,1,2025-12-23 23:33:00.000000,2025-12-23 23:33:59.999922,1,BAY01_0174_20251223_232631_000.7z
2025-12-23 23:34:00,9.807279,0.009807279,6.001331,1.092358,2.713590,768000,768000,1.000000000,1,2025-12-23 23:34:00.000000,2025-12-23 23:34:59.999922,1,BAY01_0174_20251223_232631_000.7z
2025-12-23 23:35:00,9.881754,0.009881754,6.090090,1.027827,2.763837,768000,768000,1.000000000,1,2025-12-23 23:35:00.000000,2025-12-23 23:35:59.999922,1,BAY01_0174_20251223_232631_000.7z
2025-12-23 23:36:00,9.845038,0.009845038,6.012645,1.104846,2.727546,704103,768000,0.916800781,0,2025-12-23 23:36:00.000000,2025-12-23 23:36:59.999922,2,BAY01_0174_20251223_232631_000.7z;BAY01_0175_20251223_233636_000.7z
2025-12-23 23:37:00,9.742724,0.009742724,5.978918,0.972077,2.791730,768000,768000,1.000000000,1,2025-12-23 23:37:00.000000,2025-12-23 23:37:59.999922,1,BAY01_0175_20251223_233636_000.7z
2025-12-23 23:38:00,9.765863,0.009765863,5.958866,1.054729,2.752268,768000,768000,1.000000000,1,2025-12-23 23:38:00.000000,2025-12-23 23:38:59.999922,1,BAY01_0175_20251223_233636_000.7z
2025-12-23 23:39:00,9.830012,0.009830012,5.970751,1.089271,2.769990,768000,768000,1.000000000,1,2025-12-23 23:39:00.000000,2025-12-23 23:39:59.999922,1,BAY01_0175_20251223_233636_000.7z
2025-12-23 23:40:00,9.871167,0.009871167,6.092778,1.021745,2.756644,768000,768000,1.000000000,1,2025-12-23 23:40:00.000000,2025-12-23 23:40:59.999922,1,BAY01_0175_20251223_233636_000.7z
2025-12-23 23:41:00,9.874007,0.009874007,5.950272,1.144268,2.779467,768000,768000,1.000000000,1,2025-12-23 23:41:00.000000,2025-12-23 23:41:59.999922,1,BAY01_0175_20251223_233636_000.7z
2025-12-23 23:42:00,9.820332,0.009820332,6.012605,1.024026,2.783701,768000,768000,1.000000000,1,2025-12-23 23:42:00.000000,2025-12-23 23:42:59.999922,1,BAY01_0175_20251223_233636_000.7z
2025-12-23 23:43:00,9.824937,0.009824937,6.014542,1.071807,2.738588,768000,768000,1.000000000,1,2025-12-23 23:43:00.000000,2025-12-23 23:43:59.999922,1,BAY01_0175_20251223_233636_000.7z
2025-12-23 23:44:00,9.839758,0.009839758,6.026359,1.098515,2.714884,768000,768000,1.000000000,1,2025-12-23 23:44:00.000000,2025-12-23 23:44:59.999922,1,BAY01_0175_20251223_233636_000.7z
2025-12-23 23:45:00,9.887046,0.009887046,6.020499,1.050812,2.815736,768000,768000,1.000000000,1,2025-12-23 23:45:00.000000,2025-12-23 23:45:59.999922,1,BAY01_0175_20251223_233636_000.7z
2025-12-23 23:46:00,9.827772,0.009827772,5.997689,1.060929,2.769154,704114,768000,0.916815104,0,2025-12-23 23:46:00.000000,2025-12-23 23:46:59.999922,2,BAY01_0175_20251223_233636_000.7z;BAY01_0176_20251223_234641_000.7z
2025-12-23 23:47:00,9.743081,0.009743081,5.930344,0.993171,2.819566,768000,768000,1.000000000,1,2025-12-23 23:47:00.000000,2025-12-23 23:47:59.999922,1,BAY01_0176_20251223_234641_000.7z
2025-12-23 23:48:00,9.761102,0.009761102,5.929876,1.044797,2.786429,768000,768000,1.000000000,1,2025-12-23 23:48:00.000000,2025-12-23 23:48:59.999922,1,BAY01_0176_20251223_234641_000.7z
2025-12-23 23:49:00,9.849946,0.009849946,6.022287,1.039592,2.788067,768000,768000,1.000000000,1,2025-12-23 23:49:00.000000,2025-12-23 23:49:59.999922,1,BAY01_0176_20251223_234641_000.7z
2025-12-23 23:50:00,9.850331,0.009850331,6.051753,1.056097,2.742480,768000,768000,1.000000000,1,2025-12-23 23:50:00.000000,2025-12-23 23:50:59.999922,1,BAY01_0176_20251223_234641_000.7z
2025-12-23 23:51:00,9.894207,0.009894207,6.032093,1.076143,2.785971,768000,768000,1.000000000,1,2025-12-23 23:51:00.000000,2025-12-23 23:51:59.999922,1,BAY01_0176_20251223_234641_000.7z
2025-12-23 23:52:00,9.825518,0.009825518,6.023446,1.079174,2.722898,768000,768000,1.000000000,1,2025-12-23 23:52:00.000000,2025-12-23 23:52:59.999922,1,BAY01_0176_20251223_234641_000.7z
2025-12-23 23:53:00,9.832563,0.009832563,6.011894,1.088612,2.732057,768000,768000,1.000000000,1,2025-12-23 23:53:00.000000,2025-12-23 23:53:59.999922,1,BAY01_0176_20251223_234641_000.7z
2025-12-23 23:54:00,9.798750,0.009798750,5.990655,1.053744,2.754351,768000,768000,1.000000000,1,2025-12-23 23:54:00.000000,2025-12-23 23:54:59.999922,1,BAY01_0176_20251223_234641_000.7z
2025-12-23 23:55:00,9.857557,0.009857557,5.981702,1.132441,2.743415,768000,768000,1.000000000,1,2025-12-23 23:55:00.000000,2025-12-23 23:55:59.999922,1,BAY01_0176_20251223_234641_000.7z
2025-12-23 23:56:00,9.896686,0.009896686,6.010133,1.142955,2.743599,716805,768000,0.933339844,0,2025-12-23 23:56:00.000000,2025-12-23 23:56:59.999922,2,BAY01_0176_20251223_234641_000.7z;BAY01_0177_20251223_235645_000.7z
2025-12-23 23:57:00,9.751908,0.009751908,5.970119,1.064591,2.717198,768000,768000,1.000000000,1,2025-12-23 23:57:00.000000,2025-12-23 23:57:59.999922,1,BAY01_0177_20251223_235645_000.7z
2025-12-23 23:58:00,9.781904,0.009781904,5.974763,0.994873,2.812268,768000,768000,1.000000000,1,2025-12-23 23:58:00.000000,2025-12-23 23:58:59.999922,1,BAY01_0177_20251223_235645_000.7z
2025-12-23 23:59:00,9.814942,0.009814942,6.043358,1.015361,2.756224,768000,768000,1.000000000,1,2025-12-23 23:59:00.000000,2025-12-23 23:59:59.999922,1,BAY01_0177_20251223_235645_000.7z
2025-12-24 00:00:00,9.806468,0.009806468,5.987523,1.019583,2.799361,768000,768000,1.000000000,1,2025-12-24 00:00:00.000000,2025-12-24 00:00:59.999922,1,BAY01_0177_20251223_235645_000.7z
2025-12-24 00:01:00,9.909657,0.009909657,6.012087,1.064867,2.832704,768000,768000,1.000000000,1,2025-12-24 00:01:00.000000,2025-12-24 00:01:59.999922,1,BAY01_0177_20251223_235645_000.7z
2025-12-24 00:02:00,9.823060,0.009823060,5.969205,1.078254,2.775601,768000,768000,1.000000000,1,2025-12-24 00:02:00.000000,2025-12-24 00:02:59.999922,1,BAY01_0177_20251223_235645_000.7z
2025-12-24 00:03:00,9.798725,0.009798725,5.953217,1.050357,2.795150,768000,768000,1.000000000,1,2025-12-24 00:03:00.000000,2025-12-24 00:03:59.999922,1,BAY01_0177_20251223_235645_000.7z
2025-12-24 00:04:00,9.792390,0.009792390,5.940531,1.066344,2.785515,768000,768000,1.000000000,1,2025-12-24 00:04:00.000000,2025-12-24 00:04:59.999922,1,BAY01_0177_20251223_235645_000.7z
2025-12-24 00:05:00,9.832386,0.009832386,5.973698,1.081570,2.777118,768000,768000,1.000000000,1,2025-12-24 00:05:00.000000,2025-12-24 00:05:59.999922,1,BAY01_0177_20251223_235645_000.7z
2025-12-24 00:06:00,9.881475,0.009881475,5.974339,1.109017,2.798119,704135,768000,0.916842448,0,2025-12-24 00:06:00.000000,2025-12-24 00:06:59.999922,2,BAY01_0177_20251223_235645_000.7z;BAY01_0178_20251224_000650_000.7z
2025-12-24 00:07:00,9.793587,0.009793587,6.036358,1.046410,2.710820,768000,768000,1.000000000,1,2025-12-24 00:07:00.000000,2025-12-24 00:07:59.999922,1,BAY01_0178_20251224_000650_000.7z
2025-12-24 00:08:00,9.742511,0.009742511,6.001343,1.016666,2.724501,768000,768000,1.000000000,1,2025-12-24 00:08:00.000000,2025-12-24 00:08:59.999922,1,BAY01_0178_20251224_000650_000.7z
2025-12-24 00:09:00,9.826512,0.009826512,5.971913,1.083330,2.771268,768000,768000,1.000000000,1,2025-12-24 00:09:00.000000,2025-12-24 00:09:59.999922,1,BAY01_0178_20251224_000650_000.7z
2025-12-24 00:10:00,9.804964,0.009804964,6.005216,1.011957,2.787790,768000,768000,1.000000000,1,2025-12-24 00:10:00.000000,2025-12-24 00:10:59.999922,1,BAY01_0178_20251224_000650_000.7z
2025-12-24 00:11:00,9.941540,0.009941540,6.051320,1.037147,2.853073,768000,768000,1.000000000,1,2025-12-24 00:11:00.000000,2025-12-24 00:11:59.999922,1,BAY01_0178_20251224_000650_000.7z
2025-12-24 00:12:00,9.842126,0.009842126,5.952766,1.085909,2.803452,768000,768000,1.000000000,1,2025-12-24 00:12:00.000000,2025-12-24 00:12:59.999922,1,BAY01_0178_20251224_000650_000.7z
2025-12-24 00:13:00,9.855024,0.009855024,5.965524,1.118266,2.771234,768000,768000,1.000000000,1,2025-12-24 00:13:00.000000,2025-12-24 00:13:59.999922,1,BAY01_0178_20251224_000650_000.7z
2025-12-24 00:14:00,9.793480,0.009793480,5.954716,1.080802,2.757962,768000,768000,1.000000000,1,2025-12-24 00:14:00.000000,2025-12-24 00:14:59.999922,1,BAY01_0178_20251224_000650_000.7z
2025-12-24 00:15:00,9.829171,0.009829171,6.007475,1.007600,2.814095,768000,768000,1.000000000,1,2025-12-24 00:15:00.000000,2025-12-24 00:15:59.999922,1,BAY01_0178_20251224_000650_000.7z
2025-12-24 00:16:00,9.879376,0.009879376,6.043262,1.000243,2.835871,704014,768000,0.916684896,0,2025-12-24 00:16:00.000000,2025-12-24 00:16:59.999922,2,BAY01_0178_20251224_000650_000.7z;BAY01_0179_20251224_001655_000.7z
2025-12-24 00:17:00,9.766515,0.009766515,5.976014,1.016708,2.773794,768000,768000,1.000000000,1,2025-12-24 00:17:00.000000,2025-12-24 00:17:59.999922,1,BAY01_0179_20251224_001655_000.7z
2025-12-24 00:18:00,9.718296,0.009718296,5.984618,1.031078,2.702600,768000,768000,1.000000000,1,2025-12-24 00:18:00.000000,2025-12-24 00:18:59.999922,1,BAY01_0179_20251224_001655_000.7z
2025-12-24 00:19:00,9.800512,0.009800512,6.014554,1.062108,2.723850,768000,768000,1.000000000,1,2025-12-24 00:19:00.000000,2025-12-24 00:19:59.999922,1,BAY01_0179_20251224_001655_000.7z
2025-12-24 00:20:00,9.795042,0.009795042,6.022677,1.066965,2.705401,768000,768000,1.000000000,1,2025-12-24 00:20:00.000000,2025-12-24 00:20:59.999922,1,BAY01_0179_20251224_001655_000.7z
2025-12-24 00:21:00,9.895946,0.009895946,6.063521,1.072067,2.760358,768000,768000,1.000000000,1,2025-12-24 00:21:00.000000,2025-12-24 00:21:59.999922,1,BAY01_0179_20251224_001655_000.7z
2025-12-24 00:22:00,9.837408,0.009837408,6.025646,1.041777,2.769984,768000,768000,1.000000000,1,2025-12-24 00:22:00.000000,2025-12-24 00:22:59.999922,1,BAY01_0179_20251224_001655_000.7z
2025-12-24 00:23:00,9.793002,0.009793002,5.974114,1.036463,2.782425,768000,768000,1.000000000,1,2025-12-24 00:23:00.000000,2025-12-24 00:23:59.999922,1,BAY01_0179_20251224_001655_000.7z
2025-12-24 00:24:00,9.805216,0.009805216,5.980569,1.081949,2.742698,768000,768000,1.000000000,1,2025-12-24 00:24:00.000000,2025-12-24 00:24:59.999922,1,BAY01_0179_20251224_001655_000.7z
2025-12-24 00:25:00,9.819852,0.009819852,6.013758,1.071765,2.734329,768000,768000,1.000000000,1,2025-12-24 00:25:00.000000,2025-12-24 00:25:59.999922,1,BAY01_0179_20251224_001655_000.7z
2025-12-24 00:26:00,9.862801,0.009862801,6.007162,1.038980,2.816659,716842,768000,0.933388021,0,2025-12-24 00:26:00.000000,2025-12-24 00:26:59.999922,2,BAY01_0179_20251224_001655_000.7z;BAY01_0180_20251224_002659_000.7z
2025-12-24 00:27:00,9.768042,0.009768042,5.974460,1.017736,2.775847,768000,768000,1.000000000,1,2025-12-24 00:27:00.000000,2025-12-24 00:27:59.999922,1,BAY01_0180_20251224_002659_000.7z
2025-12-24 00:28:00,9.727693,0.009727693,5.959720,1.022313,2.745661,768000,768000,1.000000000,1,2025-12-24 00:28:00.000000,2025-12-24 00:28:59.999922,1,BAY01_0180_20251224_002659_000.7z
2025-12-24 00:29:00,9.800192,0.009800192,5.972034,1.045423,2.782736,768000,768000,1.000000000,1,2025-12-24 00:29:00.000000,2025-12-24 00:29:59.999922,1,BAY01_0180_20251224_002659_000.7z
2025-12-24 00:30:00,9.833165,0.009833165,6.018138,1.082352,2.732675,768000,768000,1.000000000,1,2025-12-24 00:30:00.000000,2025-12-24 00:30:59.999922,1,BAY01_0180_20251224_002659_000.7z
2025-12-24 00:31:00,9.858134,0.009858134,6.026337,1.031335,2.800462,768000,768000,1.000000000,1,2025-12-24 00:31:00.000000,2025-12-24 00:31:59.999922,1,BAY01_0180_20251224_002659_000.7z
2025-12-24 00:32:00,9.843811,0.009843811,6.017974,1.057178,2.768659,768000,768000,1.000000000,1,2025-12-24 00:32:00.000000,2025-12-24 00:32:59.999922,1,BAY01_0180_20251224_002659_000.7z
2025-12-24 00:33:00,9.812295,0.009812295,6.025749,1.056376,2.730170,768000,768000,1.000000000,1,2025-12-24 00:33:00.000000,2025-12-24 00:33:59.999922,1,BAY01_0180_20251224_002659_000.7z
2025-12-24 00:34:00,9.808756,0.009808756,5.990859,1.088541,2.729357,768000,768000,1.000000000,1,2025-12-24 00:34:00.000000,2025-12-24 00:34:59.999922,1,BAY01_0180_20251224_002659_000.7z
2025-12-24 00:35:00,9.803874,0.009803874,5.939318,1.105260,2.759296,768000,768000,1.000000000,1,2025-12-24 00:35:00.000000,2025-12-24 00:35:59.999922,1,BAY01_0180_20251224_002659_000.7z
2025-12-24 00:36:00,9.850138,0.009850138,6.013184,1.090365,2.746590,755329,768000,0.983501302,0,2025-12-24 00:36:00.000000,2025-12-24 00:36:59.010000,1,BAY01_0180_20251224_002659_000.7z
2025-12-24 00:37:00,9.762402,0.009762402,5.947984,1.079519,2.734898,716800,768000,0.933333333,0,2025-12-24 00:37:04.000000,2025-12-24 00:37:59.999922,1,BAY01_0181_20251224_003704_000.7z
2025-12-24 00:38:00,9.732081,0.009732081,5.985441,1.044431,2.702210,768000,768000,1.000000000,1,2025-12-24 00:38:00.000000,2025-12-24 00:38:59.999922,1,BAY01_0181_20251224_003704_000.7z
2025-12-24 00:39:00,9.805859,0.009805859,5.969142,1.058216,2.778501,768000,768000,1.000000000,1,2025-12-24 00:39:00.000000,2025-12-24 00:39:59.999922,1,BAY01_0181_20251224_003704_000.7z
2025-12-24 00:40:00,10.130254,0.010130254,6.117596,1.274635,2.738023,768000,768000,1.000000000,1,2025-12-24 00:40:00.000000,2025-12-24 00:40:59.999922,1,BAY01_0181_20251224_003704_000.7z
2025-12-24 00:41:00,9.864235,0.009864235,6.036752,1.059549,2.767934,768000,768000,1.000000000,1,2025-12-24 00:41:00.000000,2025-12-24 00:41:59.999922,1,BAY01_0181_20251224_003704_000.7z
2025-12-24 00:42:00,9.866399,0.009866399,5.984560,1.106027,2.775812,768000,768000,1.000000000,1,2025-12-24 00:42:00.000000,2025-12-24 00:42:59.999922,1,BAY01_0181_20251224_003704_000.7z
2025-12-24 00:43:00,9.810731,0.009810731,6.005624,1.029308,2.775800,768000,768000,1.000000000,1,2025-12-24 00:43:00.000000,2025-12-24 00:43:59.999922,1,BAY01_0181_20251224_003704_000.7z
2025-12-24 00:44:00,9.809447,0.009809447,6.001774,1.049558,2.758115,768000,768000,1.000000000,1,2025-12-24 00:44:00.000000,2025-12-24 00:44:59.999922,1,BAY01_0181_20251224_003704_000.7z
2025-12-24 00:45:00,9.807940,0.009807940,6.008701,1.030839,2.768399,768000,768000,1.000000000,1,2025-12-24 00:45:00.000000,2025-12-24 00:45:59.999922,1,BAY01_0181_20251224_003704_000.7z
2025-12-24 00:46:00,9.848464,0.009848464,6.011864,1.030768,2.805832,768000,768000,1.000000000,1,2025-12-24 00:46:00.000000,2025-12-24 00:46:59.999922,1,BAY01_0181_20251224_003704_000.7z
2025-12-24 00:47:00,9.840992,0.009840992,5.941569,1.072049,2.827374,704113,768000,0.916813802,0,2025-12-24 00:47:00.000000,2025-12-24 00:47:59.999922,2,BAY01_0181_20251224_003704_000.7z;BAY01_0182_20251224_004709_000.7z
2025-12-24 00:48:00,9.726210,0.009726210,5.937313,1.011916,2.776981,768000,768000,1.000000000,1,2025-12-24 00:48:00.000000,2025-12-24 00:48:59.999922,1,BAY01_0182_20251224_004709_000.7z
2025-12-24 00:49:00,9.815815,0.009815815,5.988141,1.009406,2.818268,768000,768000,1.000000000,1,2025-12-24 00:49:00.000000,2025-12-24 00:49:59.999922,1,BAY01_0182_20251224_004709_000.7z
2025-12-24 00:50:00,9.809427,0.009809427,5.955237,1.060553,2.793637,768000,768000,1.000000000,1,2025-12-24 00:50:00.000000,2025-12-24 00:50:59.999922,1,BAY01_0182_20251224_004709_000.7z
2025-12-24 00:51:00,9.863833,0.009863833,5.998927,1.060794,2.804112,768000,768000,1.000000000,1,2025-12-24 00:51:00.000000,2025-12-24 00:51:59.999922,1,BAY01_0182_20251224_004709_000.7z
2025-12-24 00:52:00,9.934868,0.009934868,5.960936,1.114819,2.859112,768000,768000,1.000000000,1,2025-12-24 00:52:00.000000,2025-12-24 00:52:59.999922,1,BAY01_0182_20251224_004709_000.7z
2025-12-24 00:53:00,9.801947,0.009801947,5.962414,1.073779,2.765753,768000,768000,1.000000000,1,2025-12-24 00:53:00.000000,2025-12-24 00:53:59.999922,1,BAY01_0182_20251224_004709_000.7z
2025-12-24 00:54:00,9.780857,0.009780857,5.944637,1.128104,2.708116,768000,768000,1.000000000,1,2025-12-24 00:54:00.000000,2025-12-24 00:54:59.999922,1,BAY01_0182_20251224_004709_000.7z
2025-12-24 00:55:00,9.795817,0.009795817,5.939316,1.036082,2.820419,768000,768000,1.000000000,1,2025-12-24 00:55:00.000000,2025-12-24 00:55:59.999922,1,BAY01_0182_20251224_004709_000.7z
2025-12-24 00:56:00,9.859844,0.009859844,6.017832,1.095054,2.746959,768000,768000,1.000000000,1,2025-12-24 00:56:00.000000,2025-12-24 00:56:59.999922,1,BAY01_0182_20251224_004709_000.7z
2025-12-24 00:57:00,9.854149,0.009854149,5.967819,1.135841,2.750489,691309,768000,0.900141927,0,2025-12-24 00:57:00.000000,2025-12-24 00:57:59.999922,2,BAY01_0182_20251224_004709_000.7z;BAY01_0183_20251224_005715_000.7z
2025-12-24 00:58:00,9.721147,0.009721147,5.944141,1.047823,2.729183,768000,768000,1.000000000,1,2025-12-24 00:58:00.000000,2025-12-24 00:58:59.999922,1,BAY01_0183_20251224_005715_000.7z
2025-12-24 00:59:00,9.781196,0.009781196,6.012687,1.024453,2.744056,768000,768000,1.000000000,1,2025-12-24 00:59:00.000000,2025-12-24 00:59:59.999922,1,BAY01_0183_20251224_005715_000.7z
2025-12-24 01:00:00,9.804282,0.009804282,6.020724,1.013473,2.770085,768000,768000,1.000000000,1,2025-12-24 01:00:00.000000,2025-12-24 01:00:59.999922,1,BAY01_0183_20251224_005715_000.7z
2025-12-24 01:01:00,9.851694,0.009851694,6.037454,1.077151,2.737089,768000,768000,1.000000000,1,2025-12-24 01:01:00.000000,2025-12-24 01:01:59.999922,1,BAY01_0183_20251224_005715_000.7z
2025-12-24 01:02:00,9.932628,0.009932628,6.016280,1.084663,2.831685,768000,768000,1.000000000,1,2025-12-24 01:02:00.000000,2025-12-24 01:02:59.999922,1,BAY01_0183_20251224_005715_000.7z
2025-12-24 01:03:00,9.802623,0.009802623,5.966559,1.077999,2.758064,768000,768000,1.000000000,1,2025-12-24 01:03:00.000000,2025-12-24 01:03:59.999922,1,BAY01_0183_20251224_005715_000.7z
2025-12-24 01:04:00,9.813421,0.009813421,5.994572,1.082541,2.736309,768000,768000,1.000000000,1,2025-12-24 01:04:00.000000,2025-12-24 01:04:59.999922,1,BAY01_0183_20251224_005715_000.7z
2025-12-24 01:05:00,9.784389,0.009784389,6.051667,1.005035,2.727688,768000,768000,1.000000000,1,2025-12-24 01:05:00.000000,2025-12-24 01:05:59.999922,1,BAY01_0183_20251224_005715_000.7z
2025-12-24 01:06:00,9.853722,0.009853722,6.047809,1.014872,2.791041,768000,768000,1.000000000,1,2025-12-24 01:06:00.000000,2025-12-24 01:06:59.999922,1,BAY01_0183_20251224_005715_000.7z
2025-12-24 01:07:00,9.853211,0.009853211,5.947330,1.111696,2.794184,729709,768000,0.950141927,0,2025-12-24 01:07:00.000000,2025-12-24 01:07:59.999922,2,BAY01_0183_20251224_005715_000.7z;BAY01_0184_20251224_010718_000.7z
2025-12-24 01:08:00,9.745405,0.009745405,5.916171,1.094011,2.735223,768000,768000,1.000000000,1,2025-12-24 01:08:00.000000,2025-12-24 01:08:59.999922,1,BAY01_0184_20251224_010718_000.7z
2025-12-24 01:09:00,9.774566,0.009774566,5.958878,1.016039,2.799649,768000,768000,1.000000000,1,2025-12-24 01:09:00.000000,2025-12-24 01:09:59.999922,1,BAY01_0184_20251224_010718_000.7z
2025-12-24 01:10:00,9.817867,0.009817867,6.063070,1.005238,2.749559,768000,768000,1.000000000,1,2025-12-24 01:10:00.000000,2025-12-24 01:10:59.999922,1,BAY01_0184_20251224_010718_000.7z
2025-12-24 01:11:00,9.830646,0.009830646,5.991458,1.124033,2.715155,768000,768000,1.000000000,1,2025-12-24 01:11:00.000000,2025-12-24 01:11:59.999922,1,BAY01_0184_20251224_010718_000.7z
2025-12-24 01:12:00,9.882926,0.009882926,6.013840,1.094503,2.774583,768000,768000,1.000000000,1,2025-12-24 01:12:00.000000,2025-12-24 01:12:59.999922,1,BAY01_0184_20251224_010718_000.7z
2025-12-24 01:13:00,9.864339,0.009864339,5.955162,1.109610,2.799567,768000,768000,1.000000000,1,2025-12-24 01:13:00.000000,2025-12-24 01:13:59.999922,1,BAY01_0184_20251224_010718_000.7z
2025-12-24 01:14:00,9.800700,0.009800700,6.027411,1.063294,2.709996,768000,768000,1.000000000,1,2025-12-24 01:14:00.000000,2025-12-24 01:14:59.999922,1,BAY01_0184_20251224_010718_000.7z
2025-12-24 01:15:00,9.816417,0.009816417,5.994057,1.094006,2.728354,768000,768000,1.000000000,1,2025-12-24 01:15:00.000000,2025-12-24 01:15:59.999922,1,BAY01_0184_20251224_010718_000.7z
2025-12-24 01:16:00,9.835631,0.009835631,5.992271,1.034181,2.809180,768000,768000,1.000000000,1,2025-12-24 01:16:00.000000,2025-12-24 01:16:59.999922,1,BAY01_0184_20251224_010718_000.7z
2025-12-24 01:17:00,9.805697,0.009805697,5.980429,1.010885,2.814384,704056,768000,0.916739583,0,2025-12-24 01:17:00.000000,2025-12-24 01:17:59.999922,2,BAY01_0184_20251224_010718_000.7z;BAY01_0185_20251224_011723_000.7z
2025-12-24 01:18:00,9.731427,0.009731427,5.942651,1.002650,2.786126,768000,768000,1.000000000,1,2025-12-24 01:18:00.000000,2025-12-24 01:18:59.999922,1,BAY01_0185_20251224_011723_000.7z
2025-12-24 01:19:00,9.771799,0.009771799,5.958641,1.054154,2.759004,768000,768000,1.000000000,1,2025-12-24 01:19:00.000000,2025-12-24 01:19:59.999922,1,BAY01_0185_20251224_011723_000.7z
2025-12-24 01:20:00,9.790153,0.009790153,6.037717,1.033041,2.719395,768000,768000,1.000000000,1,2025-12-24 01:20:00.000000,2025-12-24 01:20:59.999922,1,BAY01_0185_20251224_011723_000.7z
2025-12-24 01:21:00,9.808049,0.009808049,6.003669,1.089544,2.714836,768000,768000,1.000000000,1,2025-12-24 01:21:00.000000,2025-12-24 01:21:59.999922,1,BAY01_0185_20251224_011723_000.7z
2025-12-24 01:22:00,9.851160,0.009851160,5.944173,1.096866,2.810122,768000,768000,1.000000000,1,2025-12-24 01:22:00.000000,2025-12-24 01:22:59.999922,1,BAY01_0185_20251224_011723_000.7z
2025-12-24 01:23:00,9.809332,0.009809332,5.927061,1.088283,2.793988,768000,768000,1.000000000,1,2025-12-24 01:23:00.000000,2025-12-24 01:23:59.999922,1,BAY01_0185_20251224_011723_000.7z
2025-12-24 01:24:00,9.783094,0.009783094,5.947545,1.079214,2.756334,768000,768000,1.000000000,1,2025-12-24 01:24:00.000000,2025-12-24 01:24:59.999922,1,BAY01_0185_20251224_011723_000.7z
2025-12-24 01:25:00,9.806057,0.009806057,5.967596,1.094345,2.744117,768000,768000,1.000000000,1,2025-12-24 01:25:00.000000,2025-12-24 01:25:59.999922,1,BAY01_0185_20251224_011723_000.7z
2025-12-24 01:26:00,9.813988,0.009813988,5.986153,1.046344,2.781492,768000,768000,1.000000000,1,2025-12-24 01:26:00.000000,2025-12-24 01:26:59.999922,1,BAY01_0185_20251224_011723_000.7z
2025-12-24 01:27:00,9.806405,0.009806405,5.915544,1.076032,2.814830,704076,768000,0.916765625,0,2025-12-24 01:27:00.000000,2025-12-24 01:27:59.999922,2,BAY01_0185_20251224_011723_000.7z;BAY01_0186_20251224_012728_000.7z
2025-12-24 01:28:00,9.735218,0.009735218,5.922458,1.039121,2.773638,768000,768000,1.000000000,1,2025-12-24 01:28:00.000000,2025-12-24 01:28:59.999922,1,BAY01_0186_20251224_012728_000.7z
2025-12-24 01:29:00,9.784643,0.009784643,5.989564,1.099850,2.695228,768000,768000,1.000000000,1,2025-12-24 01:29:00.000000,2025-12-24 01:29:59.999922,1,BAY01_0186_20251224_012728_000.7z
2025-12-24 01:30:00,9.795164,0.009795164,5.972504,1.090548,2.732111,768000,768000,1.000000000,1,2025-12-24 01:30:00.000000,2025-12-24 01:30:59.999922,1,BAY01_0186_20251224_012728_000.7z
2025-12-24 01:31:00,9.820173,0.009820173,6.074879,0.998196,2.747098,768000,768000,1.000000000,1,2025-12-24 01:31:00.000000,2025-12-24 01:31:59.999922,1,BAY01_0186_20251224_012728_000.7z
2025-12-24 01:32:00,9.866945,0.009866945,6.026552,1.054705,2.785688,768000,768000,1.000000000,1,2025-12-24 01:32:00.000000,2025-12-24 01:32:59.999922,1,BAY01_0186_20251224_012728_000.7z
2025-12-24 01:33:00,9.806036,0.009806036,6.024999,1.029662,2.751374,768000,768000,1.000000000,1,2025-12-24 01:33:00.000000,2025-12-24 01:33:59.999922,1,BAY01_0186_20251224_012728_000.7z
2025-12-24 01:34:00,9.786628,0.009786628,6.003450,1.026095,2.757083,768000,768000,1.000000000,1,2025-12-24 01:34:00.000000,2025-12-24 01:34:59.999922,1,BAY01_0186_20251224_012728_000.7z
2025-12-24 01:35:00,9.803280,0.009803280,5.958256,1.053083,2.791941,768000,768000,1.000000000,1,2025-12-24 01:35:00.000000,2025-12-24 01:35:59.999922,1,BAY01_0186_20251224_012728_000.7z
2025-12-24 01:36:00,9.807468,0.009807468,6.062680,1.006015,2.738773,768000,768000,1.000000000,1,2025-12-24 01:36:00.000000,2025-12-24 01:36:59.999922,1,BAY01_0186_20251224_012728_000.7z
2025-12-24 01:37:00,9.813543,0.009813543,5.989760,1.078729,2.745055,716847,768000,0.933394531,0,2025-12-24 01:37:00.000000,2025-12-24 01:37:59.999922,2,BAY01_0186_20251224_012728_000.7z;BAY01_0187_20251224_013732_000.7z
2025-12-24 01:38:00,9.754296,0.009754296,6.017262,1.023675,2.713359,768000,768000,1.000000000,1,2025-12-24 01:38:00.000000,2025-12-24 01:38:59.999922,1,BAY01_0187_20251224_013732_000.7z
2025-12-24 01:39:00,9.762945,0.009762945,5.965198,1.082944,2.714803,768000,768000,1.000000000,1,2025-12-24 01:39:00.000000,2025-12-24 01:39:59.999922,1,BAY01_0187_20251224_013732_000.7z
2025-12-24 01:40:00,9.772800,0.009772800,5.985385,1.089102,2.698314,768000,768000,1.000000000,1,2025-12-24 01:40:00.000000,2025-12-24 01:40:59.999922,1,BAY01_0187_20251224_013732_000.7z
2025-12-24 01:41:00,9.786061,0.009786061,6.003390,1.082858,2.699813,768000,768000,1.000000000,1,2025-12-24 01:41:00.000000,2025-12-24 01:41:59.999922,1,BAY01_0187_20251224_013732_000.7z
2025-12-24 01:42:00,9.861582,0.009861582,6.023537,1.013835,2.824210,768000,768000,1.000000000,1,2025-12-24 01:42:00.000000,2025-12-24 01:42:59.999922,1,BAY01_0187_20251224_013732_000.7z
2025-12-24 01:43:00,9.834065,0.009834065,5.939386,1.097017,2.797662,768000,768000,1.000000000,1,2025-12-24 01:43:00.000000,2025-12-24 01:43:59.999922,1,BAY01_0187_20251224_013732_000.7z
2025-12-24 01:44:00,9.774975,0.009774975,6.021685,1.021084,2.732207,768000,768000,1.000000000,1,2025-12-24 01:44:00.000000,2025-12-24 01:44:59.999922,1,BAY01_0187_20251224_013732_000.7z
2025-12-24 01:45:00,9.798858,0.009798858,6.033013,1.098167,2.667678,768000,768000,1.000000000,1,2025-12-24 01:45:00.000000,2025-12-24 01:45:59.999922,1,BAY01_0187_20251224_013732_000.7z
2025-12-24 01:46:00,9.781471,0.009781471,6.014736,0.988557,2.778178,768000,768000,1.000000000,1,2025-12-24 01:46:00.000000,2025-12-24 01:46:59.999922,1,BAY01_0187_20251224_013732_000.7z
2025-12-24 01:47:00,9.848208,0.009848208,6.054921,1.009482,2.783805,716806,768000,0.933341146,0,2025-12-24 01:47:00.000000,2025-12-24 01:47:59.999922,2,BAY01_0187_20251224_013732_000.7z;BAY01_0188_20251224_014736_000.7z
2025-12-24 01:48:00,9.757389,0.009757389,5.932465,1.085714,2.739210,768000,768000,1.000000000,1,2025-12-24 01:48:00.000000,2025-12-24 01:48:59.999922,1,BAY01_0188_20251224_014736_000.7z
2025-12-24 01:49:00,9.775609,0.009775609,5.950430,1.080300,2.744879,768000,768000,1.000000000,1,2025-12-24 01:49:00.000000,2025-12-24 01:49:59.999922,1,BAY01_0188_20251224_014736_000.7z
2025-12-24 01:50:00,9.795331,0.009795331,5.997434,1.107431,2.690465,768000,768000,1.000000000,1,2025-12-24 01:50:00.000000,2025-12-24 01:50:59.999922,1,BAY01_0188_20251224_014736_000.7z
2025-12-24 01:51:00,9.794165,0.009794165,5.998140,1.064839,2.731187,768000,768000,1.000000000,1,2025-12-24 01:51:00.000000,2025-12-24 01:51:59.999922,1,BAY01_0188_20251224_014736_000.7z
2025-12-24 01:52:00,9.896371,0.009896371,6.069200,1.061981,2.765191,768000,768000,1.000000000,1,2025-12-24 01:52:00.000000,2025-12-24 01:52:59.999922,1,BAY01_0188_20251224_014736_000.7z
2025-12-24 01:53:00,9.832827,0.009832827,6.044017,1.048290,2.740521,768000,768000,1.000000000,1,2025-12-24 01:53:00.000000,2025-12-24 01:53:59.999922,1,BAY01_0188_20251224_014736_000.7z
2025-12-24 01:54:00,9.816282,0.009816282,6.029226,1.057291,2.729766,768000,768000,1.000000000,1,2025-12-24 01:54:00.000000,2025-12-24 01:54:59.999922,1,BAY01_0188_20251224_014736_000.7z
2025-12-24 01:55:00,9.778972,0.009778972,6.000131,1.019974,2.758867,768000,768000,1.000000000,1,2025-12-24 01:55:00.000000,2025-12-24 01:55:59.999922,1,BAY01_0188_20251224_014736_000.7z
2025-12-24 01:56:00,9.786511,0.009786511,5.984050,1.089597,2.712864,768000,768000,1.000000000,1,2025-12-24 01:56:00.000000,2025-12-24 01:56:59.999922,1,BAY01_0188_20251224_014736_000.7z
2025-12-24 01:57:00,10.179297,0.010179297,5.664802,1.553690,2.960805,716862,768000,0.933414063,0,2025-12-24 01:57:00.000000,2025-12-24 01:57:59.999922,2,BAY01_0188_20251224_014736_000.7z;BAY01_0189_20251224_015740_000.7z
2025-12-24 01:58:00,11.406932,0.011406932,3.834588,3.675121,3.897223,768000,768000,1.000000000,1,2025-12-24 01:58:00.000000,2025-12-24 01:58:59.999922,1,BAY01_0189_20251224_015740_000.7z
2025-12-24 01:59:00,11.345119,0.011345119,3.776158,3.638632,3.930329,768000,768000,1.000000000,1,2025-12-24 01:59:00.000000,2025-12-24 01:59:59.999922,1,BAY01_0189_20251224_015740_000.7z
2025-12-24 02:00:00,11.394394,0.011394394,3.838999,3.664920,3.890475,768000,768000,1.000000000,1,2025-12-24 02:00:00.000000,2025-12-24 02:00:59.999922,1,BAY01_0189_20251224_015740_000.7z
2025-12-24 02:01:00,11.415147,0.011415147,3.817143,3.692312,3.905692,768000,768000,1.000000000,1,2025-12-24 02:01:00.000000,2025-12-24 02:01:59.999922,1,BAY01_0189_20251224_015740_000.7z
2025-12-24 02:02:00,11.461229,0.011461229,3.886317,3.699005,3.875907,768000,768000,1.000000000,1,2025-12-24 02:02:00.000000,2025-12-24 02:02:59.999922,1,BAY01_0189_20251224_015740_000.7z
2025-12-24 02:03:00,11.486269,0.011486269,3.792680,3.721021,3.972567,768000,768000,1.000000000,1,2025-12-24 02:03:00.000000,2025-12-24 02:03:59.999922,1,BAY01_0189_20251224_015740_000.7z
2025-12-24 02:04:00,11.423924,0.011423924,3.861037,3.667692,3.895195,768000,768000,1.000000000,1,2025-12-24 02:04:00.000000,2025-12-24 02:04:59.999922,1,BAY01_0189_20251224_015740_000.7z
2025-12-24 02:05:00,11.403665,0.011403665,3.763230,3.652798,3.987636,768000,768000,1.000000000,1,2025-12-24 02:05:00.000000,2025-12-24 02:05:59.999922,1,BAY01_0189_20251224_015740_000.7z
2025-12-24 02:06:00,11.416429,0.011416429,3.845890,3.695430,3.875109,768000,768000,1.000000000,1,2025-12-24 02:06:00.000000,2025-12-24 02:06:59.999922,1,BAY01_0189_20251224_015740_000.7z
2025-12-24 02:07:00,11.406563,0.011406563,3.876714,3.634101,3.895748,729627,768000,0.950035156,0,2025-12-24 02:07:00.000000,2025-12-24 02:07:59.999922,2,BAY01_0189_20251224_015740_000.7z;BAY01_0190_20251224_020743_000.7z
2025-12-24 02:08:00,11.398262,0.011398262,3.812233,3.562286,4.023743,768000,768000,1.000000000,1,2025-12-24 02:08:00.000000,2025-12-24 02:08:59.999922,1,BAY01_0190_20251224_020743_000.7z
2025-12-24 02:09:00,11.345522,0.011345522,3.769997,3.626912,3.948614,768000,768000,1.000000000,1,2025-12-24 02:09:00.000000,2025-12-24 02:09:59.999922,1,BAY01_0190_20251224_020743_000.7z
2025-12-24 02:10:00,11.411532,0.011411532,3.846597,3.679087,3.885847,768000,768000,1.000000000,1,2025-12-24 02:10:00.000000,2025-12-24 02:10:59.999922,1,BAY01_0190_20251224_020743_000.7z
2025-12-24 02:11:00,11.397889,0.011397889,3.844850,3.601052,3.951987,768000,768000,1.000000000,1,2025-12-24 02:11:00.000000,2025-12-24 02:11:59.999922,1,BAY01_0190_20251224_020743_000.7z
2025-12-24 02:12:00,11.438775,0.011438775,3.901213,3.618271,3.919291,768000,768000,1.000000000,1,2025-12-24 02:12:00.000000,2025-12-24 02:12:59.999922,1,BAY01_0190_20251224_020743_000.7z
2025-12-24 02:13:00,11.481849,0.011481849,3.784575,3.670295,4.026979,768000,768000,1.000000000,1,2025-12-24 02:13:00.000000,2025-12-24 02:13:59.999922,1,BAY01_0190_20251224_020743_000.7z
2025-12-24 02:14:00,11.407321,0.011407321,3.880140,3.649490,3.877691,768000,768000,1.000000000,1,2025-12-24 02:14:00.000000,2025-12-24 02:14:59.999922,1,BAY01_0190_20251224_020743_000.7z
2025-12-24 02:15:00,11.405997,0.011405997,3.907886,3.592825,3.905286,768000,768000,1.000000000,1,2025-12-24 02:15:00.000000,2025-12-24 02:15:59.999922,1,BAY01_0190_20251224_020743_000.7z
2025-12-24 02:16:00,11.388283,0.011388283,3.882421,3.621765,3.884096,768000,768000,1.000000000,1,2025-12-24 02:16:00.000000,2025-12-24 02:16:59.999922,1,BAY01_0190_20251224_020743_000.7z
2025-12-24 02:17:00,11.413149,0.011413149,3.890715,3.582802,3.939632,716918,768000,0.933486979,0,2025-12-24 02:17:00.000000,2025-12-24 02:17:59.999922,2,BAY01_0190_20251224_020743_000.7z;BAY01_0191_20251224_021747_000.7z
2025-12-24 02:18:00,11.387641,0.011387641,3.757677,3.653023,3.976941,768000,768000,1.000000000,1,2025-12-24 02:18:00.000000,2025-12-24 02:18:59.999922,1,BAY01_0191_20251224_021747_000.7z
2025-12-24 02:19:00,11.316634,0.011316634,3.843723,3.571757,3.901154,768000,768000,1.000000000,1,2025-12-24 02:19:00.000000,2025-12-24 02:19:59.999922,1,BAY01_0191_20251224_021747_000.7z
2025-12-24 02:20:00,11.395485,0.011395485,3.795988,3.688187,3.911310,768000,768000,1.000000000,1,2025-12-24 02:20:00.000000,2025-12-24 02:20:59.999922,1,BAY01_0191_20251224_021747_000.7z
2025-12-24 02:21:00,11.421562,0.011421562,3.871131,3.593197,3.957235,768000,768000,1.000000000,1,2025-12-24 02:21:00.000000,2025-12-24 02:21:59.999922,1,BAY01_0191_20251224_021747_000.7z
2025-12-24 02:22:00,11.446367,0.011446367,3.904089,3.644425,3.897853,768000,768000,1.000000000,1,2025-12-24 02:22:00.000000,2025-12-24 02:22:59.999922,1,BAY01_0191_20251224_021747_000.7z
2025-12-24 02:23:00,11.494795,0.011494795,3.896481,3.681125,3.917189,768000,768000,1.000000000,1,2025-12-24 02:23:00.000000,2025-12-24 02:23:59.999922,1,BAY01_0191_20251224_021747_000.7z
2025-12-24 02:24:00,11.424201,0.011424201,3.843288,3.680297,3.900616,768000,768000,1.000000000,1,2025-12-24 02:24:00.000000,2025-12-24 02:24:59.999922,1,BAY01_0191_20251224_021747_000.7z
2025-12-24 02:25:00,11.399612,0.011399612,3.740663,3.691222,3.967727,768000,768000,1.000000000,1,2025-12-24 02:25:00.000000,2025-12-24 02:25:59.999922,1,BAY01_0191_20251224_021747_000.7z
2025-12-24 02:26:00,11.392772,0.011392772,3.871151,3.591560,3.930061,768000,768000,1.000000000,1,2025-12-24 02:26:00.000000,2025-12-24 02:26:59.999922,1,BAY01_0191_20251224_021747_000.7z
2025-12-24 02:27:00,11.437135,0.011437135,3.814415,3.704664,3.918056,704051,768000,0.916733073,0,2025-12-24 02:27:00.000000,2025-12-24 02:27:59.999922,2,BAY01_0191_20251224_021747_000.7z;BAY01_0192_20251224_022752_000.7z
2025-12-24 02:28:00,11.402121,0.011402121,3.792599,3.596292,4.013230,768000,768000,1.000000000,1,2025-12-24 02:28:00.000000,2025-12-24 02:28:59.999922,1,BAY01_0192_20251224_022752_000.7z
2025-12-24 02:29:00,11.340873,0.011340873,3.879652,3.552686,3.908535,768000,768000,1.000000000,1,2025-12-24 02:29:00.000000,2025-12-24 02:29:59.999922,1,BAY01_0192_20251224_022752_000.7z
2025-12-24 02:30:00,11.393128,0.011393128,3.828048,3.676144,3.888936,768000,768000,1.000000000,1,2025-12-24 02:30:00.000000,2025-12-24 02:30:59.999922,1,BAY01_0192_20251224_022752_000.7z
2025-12-24 02:31:00,11.406691,0.011406691,3.847004,3.657614,3.902072,768000,768000,1.000000000,1,2025-12-24 02:31:00.000000,2025-12-24 02:31:59.999922,1,BAY01_0192_20251224_022752_000.7z
2025-12-24 02:32:00,11.436855,0.011436855,3.895806,3.610485,3.930565,768000,768000,1.000000000,1,2025-12-24 02:32:00.000000,2025-12-24 02:32:59.999922,1,BAY01_0192_20251224_022752_000.7z
2025-12-24 02:33:00,11.510688,0.011510688,3.811083,3.657170,4.042434,768000,768000,1.000000000,1,2025-12-24 02:33:00.000000,2025-12-24 02:33:59.999922,1,BAY01_0192_20251224_022752_000.7z
2025-12-24 02:34:00,11.398023,0.011398023,3.803987,3.687908,3.906128,768000,768000,1.000000000,1,2025-12-24 02:34:00.000000,2025-12-24 02:34:59.999922,1,BAY01_0192_20251224_022752_000.7z
2025-12-24 02:35:00,11.420366,0.011420366,3.835619,3.630624,3.954123,768000,768000,1.000000000,1,2025-12-24 02:35:00.000000,2025-12-24 02:35:59.999922,1,BAY01_0192_20251224_022752_000.7z
2025-12-24 02:36:00,11.423339,0.011423339,3.864374,3.617635,3.941330,768000,768000,1.000000000,1,2025-12-24 02:36:00.000000,2025-12-24 02:36:59.999922,1,BAY01_0192_20251224_022752_000.7z
2025-12-24 02:37:00,11.451132,0.011451132,3.900367,3.636013,3.914753,691293,768000,0.900121094,0,2025-12-24 02:37:00.000000,2025-12-24 02:37:59.999922,2,BAY01_0192_20251224_022752_000.7z;BAY01_0193_20251224_023758_000.7z
2025-12-24 02:38:00,11.446884,0.011446884,3.820076,3.629126,3.997683,768000,768000,1.000000000,1,2025-12-24 02:38:00.000000,2025-12-24 02:38:59.999922,1,BAY01_0193_20251224_023758_000.7z
2025-12-24 02:39:00,11.343151,0.011343151,3.843203,3.574530,3.925418,768000,768000,1.000000000,1,2025-12-24 02:39:00.000000,2025-12-24 02:39:59.999922,1,BAY01_0193_20251224_023758_000.7z
2025-12-24 02:40:00,11.394757,0.011394757,3.837580,3.610755,3.946422,768000,768000,1.000000000,1,2025-12-24 02:40:00.000000,2025-12-24 02:40:59.999922,1,BAY01_0193_20251224_023758_000.7z
2025-12-24 02:41:00,11.397175,0.011397175,3.834838,3.677040,3.885296,768000,768000,1.000000000,1,2025-12-24 02:41:00.000000,2025-12-24 02:41:59.999922,1,BAY01_0193_20251224_023758_000.7z
2025-12-24 02:42:00,11.423519,0.011423519,3.918276,3.640966,3.864276,768000,768000,1.000000000,1,2025-12-24 02:42:00.000000,2025-12-24 02:42:59.999922,1,BAY01_0193_20251224_023758_000.7z
2025-12-24 02:43:00,11.501007,0.011501007,3.865360,3.698899,3.936748,768000,768000,1.000000000,1,2025-12-24 02:43:00.000000,2025-12-24 02:43:59.999922,1,BAY01_0193_20251224_023758_000.7z
2025-12-24 02:44:00,11.383292,0.011383292,3.864906,3.586427,3.931960,768000,768000,1.000000000,1,2025-12-24 02:44:00.000000,2025-12-24 02:44:59.999922,1,BAY01_0193_20251224_023758_000.7z
2025-12-24 02:45:00,11.396202,0.011396202,3.771478,3.697759,3.926965,768000,768000,1.000000000,1,2025-12-24 02:45:00.000000,2025-12-24 02:45:59.999922,1,BAY01_0193_20251224_023758_000.7z
2025-12-24 02:46:00,11.400811,0.011400811,3.783620,3.667652,3.949539,768000,768000,1.000000000,1,2025-12-24 02:46:00.000000,2025-12-24 02:46:59.999922,1,BAY01_0193_20251224_023758_000.7z
2025-12-24 02:47:00,11.443958,0.011443958,3.889844,3.663363,3.890751,742502,768000,0.966799479,0,2025-12-24 02:47:00.000000,2025-12-24 02:47:58.007891,1,BAY01_0193_20251224_023758_000.7z
2025-12-24 02:48:00,11.458167,0.011458167,3.854538,3.653028,3.950601,742400,768000,0.966666667,0,2025-12-24 02:48:02.000000,2025-12-24 02:48:59.999922,1,BAY01_0194_20251224_024802_000.7z
2025-12-24 02:49:00,11.328880,0.011328880,3.852607,3.595843,3.880430,768000,768000,1.000000000,1,2025-12-24 02:49:00.000000,2025-12-24 02:49:59.999922,1,BAY01_0194_20251224_024802_000.7z
2025-12-24 02:50:00,11.394491,0.011394491,3.813580,3.632257,3.948654,768000,768000,1.000000000,1,2025-12-24 02:50:00.000000,2025-12-24 02:50:59.999922,1,BAY01_0194_20251224_024802_000.7z
2025-12-24 02:51:00,11.408559,0.011408559,3.838639,3.607950,3.961970,768000,768000,1.000000000,1,2025-12-24 02:51:00.000000,2025-12-24 02:51:59.999922,1,BAY01_0194_20251224_024802_000.7z
2025-12-24 02:52:00,11.465243,0.011465243,3.852869,3.674972,3.937403,768000,768000,1.000000000,1,2025-12-24 02:52:00.000000,2025-12-24 02:52:59.999922,1,BAY01_0194_20251224_024802_000.7z
2025-12-24 02:53:00,11.499734,0.011499734,3.845940,3.664942,3.988852,768000,768000,1.000000000,1,2025-12-24 02:53:00.000000,2025-12-24 02:53:59.999922,1,BAY01_0194_20251224_024802_000.7z
2025-12-24 02:54:00,11.395697,0.011395697,3.819190,3.645617,3.930890,768000,768000,1.000000000,1,2025-12-24 02:54:00.000000,2025-12-24 02:54:59.999922,1,BAY01_0194_20251224_024802_000.7z
2025-12-24 02:55:00,11.413695,0.011413695,3.829395,3.615786,3.968514,768000,768000,1.000000000,1,2025-12-24 02:55:00.000000,2025-12-24 02:55:59.999922,1,BAY01_0194_20251224_024802_000.7z
2025-12-24 02:56:00,11.397076,0.011397076,3.815294,3.645761,3.936020,768000,768000,1.000000000,1,2025-12-24 02:56:00.000000,2025-12-24 02:56:59.999922,1,BAY01_0194_20251224_024802_000.7z
2025-12-24 02:57:00,11.413986,0.011413986,3.876411,3.609959,3.927616,768000,768000,1.000000000,1,2025-12-24 02:57:00.000000,2025-12-24 02:57:59.999922,1,BAY01_0194_20251224_024802_000.7z
2025-12-24 02:58:00,11.404474,0.011404474,3.767737,3.643121,3.993616,704059,768000,0.916743490,0,2025-12-24 02:58:00.000000,2025-12-24 02:58:59.999922,2,BAY01_0194_20251224_024802_000.7z;BAY01_0195_20251224_025807_000.7z
2025-12-24 02:59:00,11.319126,0.011319126,3.791642,3.610484,3.917000,768000,768000,1.000000000,1,2025-12-24 02:59:00.000000,2025-12-24 02:59:59.999922,1,BAY01_0195_20251224_025807_000.7z
2025-12-24 03:00:00,11.401310,0.011401310,3.909849,3.598221,3.893240,768000,768000,1.000000000,1,2025-12-24 03:00:00.000000,2025-12-24 03:00:59.999922,1,BAY01_0195_20251224_025807_000.7z
2025-12-24 03:01:00,11.390715,0.011390715,3.790294,3.630795,3.969625,768000,768000,1.000000000,1,2025-12-24 03:01:00.000000,2025-12-24 03:01:59.999922,1,BAY01_0195_20251224_025807_000.7z
2025-12-24 03:02:00,11.451172,0.011451172,3.889012,3.685988,3.876172,768000,768000,1.000000000,1,2025-12-24 03:02:00.000000,2025-12-24 03:02:59.999922,1,BAY01_0195_20251224_025807_000.7z
2025-12-24 03:03:00,11.470330,0.011470330,3.864518,3.608062,3.997750,768000,768000,1.000000000,1,2025-12-24 03:03:00.000000,2025-12-24 03:03:59.999922,1,BAY01_0195_20251224_025807_000.7z
2025-12-24 03:04:00,11.420452,0.011420452,3.839160,3.628195,3.953097,768000,768000,1.000000000,1,2025-12-24 03:04:00.000000,2025-12-24 03:04:59.999922,1,BAY01_0195_20251224_025807_000.7z
2025-12-24 03:05:00,11.398876,0.011398876,3.810044,3.689388,3.899444,768000,768000,1.000000000,1,2025-12-24 03:05:00.000000,2025-12-24 03:05:59.999922,1,BAY01_0195_20251224_025807_000.7z
2025-12-24 03:06:00,11.400058,0.011400058,3.822677,3.683825,3.893556,768000,768000,1.000000000,1,2025-12-24 03:06:00.000000,2025-12-24 03:06:59.999922,1,BAY01_0195_20251224_025807_000.7z
2025-12-24 03:07:00,11.440716,0.011440716,3.855533,3.662818,3.922365,768000,768000,1.000000000,1,2025-12-24 03:07:00.000000,2025-12-24 03:07:59.999922,1,BAY01_0195_20251224_025807_000.7z
2025-12-24 03:08:00,11.387793,0.011387793,3.800095,3.670486,3.917212,742440,768000,0.966718750,0,2025-12-24 03:08:00.000000,2025-12-24 03:08:59.999922,2,BAY01_0195_20251224_025807_000.7z;BAY01_0196_20251224_030809_000.7z
2025-12-24 03:09:00,11.437500,0.011437500,3.857806,3.662016,3.917677,768000,768000,1.000000000,1,2025-12-24 03:09:00.000000,2025-12-24 03:09:59.999922,1,BAY01_0196_20251224_030809_000.7z
2025-12-24 03:10:00,11.393853,0.011393853,3.819074,3.613963,3.960816,768000,768000,1.000000000,1,2025-12-24 03:10:00.000000,2025-12-24 03:10:59.999922,1,BAY01_0196_20251224_030809_000.7z
2025-12-24 03:11:00,11.384973,0.011384973,3.879009,3.567007,3.938957,768000,768000,1.000000000,1,2025-12-24 03:11:00.000000,2025-12-24 03:11:59.999922,1,BAY01_0196_20251224_030809_000.7z
2025-12-24 03:12:00,11.421632,0.011421632,3.817193,3.639122,3.965318,768000,768000,1.000000000,1,2025-12-24 03:12:00.000000,2025-12-24 03:12:59.999922,1,BAY01_0196_20251224_030809_000.7z
2025-12-24 03:13:00,11.510964,0.011510964,3.937790,3.632335,3.940840,768000,768000,1.000000000,1,2025-12-24 03:13:00.000000,2025-12-24 03:13:59.999922,1,BAY01_0196_20251224_030809_000.7z
2025-12-24 03:14:00,11.432619,0.011432619,3.845273,3.704010,3.883336,768000,768000,1.000000000,1,2025-12-24 03:14:00.000000,2025-12-24 03:14:59.999922,1,BAY01_0196_20251224_030809_000.7z
2025-12-24 03:15:00,11.459048,0.011459048,3.805674,3.645997,4.007377,768000,768000,1.000000000,1,2025-12-24 03:15:00.000000,2025-12-24 03:15:59.999922,1,BAY01_0196_20251224_030809_000.7z
2025-12-24 03:16:00,11.404310,0.011404310,3.854240,3.644237,3.905833,768000,768000,1.000000000,1,2025-12-24 03:16:00.000000,2025-12-24 03:16:59.999922,1,BAY01_0196_20251224_030809_000.7z
2025-12-24 03:17:00,11.469842,0.011469842,3.825965,3.653359,3.990518,768000,768000,1.000000000,1,2025-12-24 03:17:00.000000,2025-12-24 03:17:59.999922,1,BAY01_0196_20251224_030809_000.7z
2025-12-24 03:18:00,11.419883,0.011419883,3.855778,3.572788,3.991318,704026,768000,0.916700521,0,2025-12-24 03:18:00.000000,2025-12-24 03:18:59.999922,2,BAY01_0196_20251224_030809_000.7z;BAY01_0197_20251224_031814_000.7z
2025-12-24 03:19:00,11.385419,0.011385419,3.832126,3.687163,3.866130,768000,768000,1.000000000,1,2025-12-24 03:19:00.000000,2025-12-24 03:19:59.999922,1,BAY01_0197_20251224_031814_000.7z
2025-12-24 03:20:00,11.377329,0.011377329,3.813594,3.639722,3.924013,768000,768000,1.000000000,1,2025-12-24 03:20:00.000000,2025-12-24 03:20:59.999922,1,BAY01_0197_20251224_031814_000.7z
2025-12-24 03:21:00,11.387957,0.011387957,3.799337,3.634122,3.954498,768000,768000,1.000000000,1,2025-12-24 03:21:00.000000,2025-12-24 03:21:59.999922,1,BAY01_0197_20251224_031814_000.7z
2025-12-24 03:22:00,11.397009,0.011397009,3.849109,3.657503,3.890397,768000,768000,1.000000000,1,2025-12-24 03:22:00.000000,2025-12-24 03:22:59.999922,1,BAY01_0197_20251224_031814_000.7z
2025-12-24 03:23:00,11.468072,0.011468072,3.829125,3.654926,3.984021,768000,768000,1.000000000,1,2025-12-24 03:23:00.000000,2025-12-24 03:23:59.999922,1,BAY01_0197_20251224_031814_000.7z
2025-12-24 03:24:00,11.441425,0.011441425,3.784782,3.737419,3.919223,768000,768000,1.000000000,1,2025-12-24 03:24:00.000000,2025-12-24 03:24:59.999922,1,BAY01_0197_20251224_031814_000.7z
2025-12-24 03:25:00,11.366341,0.011366341,3.823211,3.623445,3.919685,768000,768000,1.000000000,1,2025-12-24 03:25:00.000000,2025-12-24 03:25:59.999922,1,BAY01_0197_20251224_031814_000.7z
2025-12-24 03:26:00,11.367113,0.011367113,3.797230,3.621279,3.948604,768000,768000,1.000000000,1,2025-12-24 03:26:00.000000,2025-12-24 03:26:59.999922,1,BAY01_0197_20251224_031814_000.7z
2025-12-24 03:27:00,11.379052,0.011379052,3.878868,3.606309,3.893876,768000,768000,1.000000000,1,2025-12-24 03:27:00.000000,2025-12-24 03:27:59.999922,1,BAY01_0197_20251224_031814_000.7z
2025-12-24 03:28:00,11.393533,0.011393533,3.809409,3.638179,3.945945,729656,768000,0.950072917,0,2025-12-24 03:28:00.000000,2025-12-24 03:28:59.999922,2,BAY01_0197_20251224_031814_000.7z;BAY01_0198_20251224_032817_000.7z
2025-12-24 03:29:00,11.399545,0.011399545,3.793517,3.678824,3.927204,768000,768000,1.000000000,1,2025-12-24 03:29:00.000000,2025-12-24 03:29:59.999922,1,BAY01_0198_20251224_032817_000.7z
2025-12-24 03:30:00,11.379687,0.011379687,3.798591,3.665199,3.915897,768000,768000,1.000000000,1,2025-12-24 03:30:00.000000,2025-12-24 03:30:59.999922,1,BAY01_0198_20251224_032817_000.7z
2025-12-24 03:31:00,11.402686,0.011402686,3.817341,3.651872,3.933472,768000,768000,1.000000000,1,2025-12-24 03:31:00.000000,2025-12-24 03:31:59.999922,1,BAY01_0198_20251224_032817_000.7z
2025-12-24 03:32:00,11.423205,0.011423205,3.888197,3.598196,3.936812,768000,768000,1.000000000,1,2025-12-24 03:32:00.000000,2025-12-24 03:32:59.999922,1,BAY01_0198_20251224_032817_000.7z
2025-12-24 03:33:00,11.478941,0.011478941,3.907428,3.564429,4.007084,768000,768000,1.000000000,1,2025-12-24 03:33:00.000000,2025-12-24 03:33:59.999922,1,BAY01_0198_20251224_032817_000.7z
2025-12-24 03:34:00,11.498563,0.011498563,3.845642,3.754682,3.898240,768000,768000,1.000000000,1,2025-12-24 03:34:00.000000,2025-12-24 03:34:59.999922,1,BAY01_0198_20251224_032817_000.7z
2025-12-24 03:35:00,11.372225,0.011372225,3.841059,3.591611,3.939555,768000,768000,1.000000000,1,2025-12-24 03:35:00.000000,2025-12-24 03:35:59.999922,1,BAY01_0198_20251224_032817_000.7z
2025-12-24 03:36:00,11.387601,0.011387601,3.880598,3.648250,3.858752,768000,768000,1.000000000,1,2025-12-24 03:36:00.000000,2025-12-24 03:36:59.999922,1,BAY01_0198_20251224_032817_000.7z
2025-12-24 03:37:00,11.403982,0.011403982,3.818131,3.676657,3.909195,768000,768000,1.000000000,1,2025-12-24 03:37:00.000000,2025-12-24 03:37:59.999922,1,BAY01_0198_20251224_032817_000.7z
2025-12-24 03:38:00,11.408903,0.011408903,3.876742,3.659473,3.872688,716801,768000,0.933334635,0,2025-12-24 03:38:00.000000,2025-12-24 03:38:59.999922,2,BAY01_0198_20251224_032817_000.7z;BAY01_0199_20251224_033821_000.7z
2025-12-24 03:39:00,11.406650,0.011406650,3.763761,3.662270,3.980619,768000,768000,1.000000000,1,2025-12-24 03:39:00.000000,2025-12-24 03:39:59.999922,1,BAY01_0199_20251224_033821_000.7z
2025-12-24 03:40:00,11.361756,0.011361756,3.818034,3.621943,3.921780,768000,768000,1.000000000,1,2025-12-24 03:40:00.000000,2025-12-24 03:40:59.999922,1,BAY01_0199_20251224_033821_000.7z
2025-12-24 03:41:00,11.392280,0.011392280,3.865847,3.570341,3.956092,768000,768000,1.000000000,1,2025-12-24 03:41:00.000000,2025-12-24 03:41:59.999922,1,BAY01_0199_20251224_033821_000.7z
2025-12-24 03:42:00,11.400604,0.011400604,3.832702,3.644387,3.923515,768000,768000,1.000000000,1,2025-12-24 03:42:00.000000,2025-12-24 03:42:59.999922,1,BAY01_0199_20251224_033821_000.7z
2025-12-24 03:43:00,11.473124,0.011473124,3.890726,3.631026,3.951372,768000,768000,1.000000000,1,2025-12-24 03:43:00.000000,2025-12-24 03:43:59.999922,1,BAY01_0199_20251224_033821_000.7z
2025-12-24 03:44:00,11.486008,0.011486008,3.876447,3.645848,3.963713,768000,768000,1.000000000,1,2025-12-24 03:44:00.000000,2025-12-24 03:44:59.999922,1,BAY01_0199_20251224_033821_000.7z
2025-12-24 03:45:00,11.412974,0.011412974,3.840185,3.662026,3.910763,768000,768000,1.000000000,1,2025-12-24 03:45:00.000000,2025-12-24 03:45:59.999922,1,BAY01_0199_20251224_033821_000.7z
2025-12-24 03:46:00,11.375465,0.011375465,3.797204,3.620995,3.957266,768000,768000,1.000000000,1,2025-12-24 03:46:00.000000,2025-12-24 03:46:59.999922,1,BAY01_0199_20251224_033821_000.7z
2025-12-24 03:47:00,11.413193,0.011413193,3.815518,3.683558,3.914117,768000,768000,1.000000000,1,2025-12-24 03:47:00.000000,2025-12-24 03:47:59.999922,1,BAY01_0199_20251224_033821_000.7z
