minute_start,active_power_w,active_power_kw,phase_a_power_w,phase_b_power_w,phase_c_power_w,sample_count,expected_samples,coverage_ratio,is_complete,first_sample_time,last_sample_time,source_archive_count,source_archives
2025-12-29 23:15:00,14.674933,0.014674933,2.791956,8.220270,3.662707,115214,768000,0.150018229,0,2025-12-29 23:15:00.000000,2025-12-29 23:15:09.001016,1,BAY01_0999_20251229_230509_000.7z
2025-12-29 23:16:00,14.685526,0.014685526,2.734993,8.443096,3.507437,179200,768000,0.233333333,0,2025-12-29 23:16:46.000000,2025-12-29 23:16:59.999922,1,BAY01_1000_20251229_231646_000.7z
2025-12-29 23:17:00,14.689475,0.014689475,2.807716,8.172013,3.709747,768000,768000,1.000000000,1,2025-12-29 23:17:00.000000,2025-12-29 23:17:59.999922,1,BAY01_1000_20251229_231646_000.7z
2025-12-29 23:18:00,14.660209,0.014660209,2.820419,8.087506,3.752284,768000,768000,1.000000000,1,2025-12-29 23:18:00.000000,2025-12-29 23:18:59.999922,1,BAY01_1000_20251229_231646_000.7z
2025-12-29 23:19:00,14.733403,0.014733403,2.807633,8.187532,3.738238,768000,768000,1.000000000,1,2025-12-29 23:19:00.000000,2025-12-29 23:19:59.999922,1,BAY01_1000_20251229_231646_000.7z
2025-12-29 23:20:00,14.393861,0.014393861,2.790317,8.224163,3.379382,768000,768000,1.000000000,1,2025-12-29 23:20:00.000000,2025-12-29 23:20:59.999922,1,BAY01_1000_20251229_231646_000.7z
2025-12-29 23:21:00,14.250053,0.014250053,2.824658,8.207759,3.217636,768000,768000,1.000000000,1,2025-12-29 23:21:00.000000,2025-12-29 23:21:59.999922,1,BAY01_1000_20251229_231646_000.7z
2025-12-29 23:22:00,14.188549,0.014188549,2.755607,8.205817,3.227125,768000,768000,1.000000000,1,2025-12-29 23:22:00.000000,2025-12-29 23:22:59.999922,1,BAY01_1000_20251229_231646_000.7z
2025-12-29 23:23:00,14.241100,0.014241100,2.750562,8.344568,3.145971,768000,768000,1.000000000,1,2025-12-29 23:23:00.000000,2025-12-29 23:23:59.999922,1,BAY01_1000_20251229_231646_000.7z
2025-12-29 23:24:00,14.229662,0.014229662,2.765082,8.164050,3.300530,768000,768000,1.000000000,1,2025-12-29 23:24:00.000000,2025-12-29 23:24:59.999922,1,BAY01_1000_20251229_231646_000.7z
2025-12-29 23:25:00,13.955033,0.013955033,2.811364,8.311489,2.832180,768000,768000,1.000000000,1,2025-12-29 23:25:00.000000,2025-12-29 23:25:59.999922,1,BAY01_1000_20251229_231646_000.7z
2025-12-29 23:26:00,13.826318,0.013826318,2.892937,8.139346,2.794035,588820,768000,0.766692708,0,2025-12-29 23:26:00.000000,2025-12-29 23:26:46.001484,1,BAY01_1000_20251229_231646_000.7z
2025-12-29 23:28:00,13.723996,0.013723996,2.778297,8.118868,2.826831,742400,768000,0.966666667,0,2025-12-29 23:28:02.000000,2025-12-29 23:28:59.999922,1,BAY01_1001_20251229_232802_000.7z
2025-12-29 23:29:00,13.734103,0.013734103,2.895945,8.150023,2.688135,768000,768000,1.000000000,1,2025-12-29 23:29:00.000000,2025-12-29 23:29:59.999922,1,BAY01_1001_20251229_232802_000.7z
2025-12-29 23:30:00,13.880662,0.013880662,2.862258,8.194942,2.823462,768000,768000,1.000000000,1,2025-12-29 23:30:00.000000,2025-12-29 23:30:59.999922,1,BAY01_1001_20251229_232802_000.7z
2025-12-29 23:31:00,13.860884,0.013860884,2.763838,8.289568,2.807477,768000,768000,1.000000000,1,2025-12-29 23:31:00.000000,2025-12-29 23:31:59.999922,1,BAY01_1001_20251229_232802_000.7z
2025-12-29 23:32:00,13.840324,0.013840324,2.911575,8.181038,2.747710,768000,768000,1.000000000,1,2025-12-29 23:32:00.000000,2025-12-29 23:32:59.999922,1,BAY01_1001_20251229_232802_000.7z
2025-12-29 23:33:00,13.867152,0.013867152,2.860782,8.210047,2.796322,768000,768000,1.000000000,1,2025-12-29 23:33:00.000000,2025-12-29 23:33:59.999922,1,BAY01_1001_20251229_232802_000.7z
2025-12-29 23:34:00,13.894438,0.013894438,2.896422,8.266879,2.731137,768000,768000,1.000000000,1,2025-12-29 23:34:00.000000,2025-12-29 23:34:59.999922,1,BAY01_1001_20251229_232802_000.7z
2025-12-29 23:35:00,13.833488,0.013833488,2.793236,8.243687,2.796565,768000,768000,1.000000000,1,2025-12-29 23:35:00.000000,2025-12-29 23:35:59.999922,1,BAY01_1001_20251229_232802_000.7z
2025-12-29 23:36:00,13.858169,0.013858169,2.878513,8.319992,2.659664,768000,768000,1.000000000,1,2025-12-29 23:36:00.000000,2025-12-29 23:36:59.999922,1,BAY01_1001_20251229_232802_000.7z
2025-12-29 23:37:00,13.824974,0.013824974,2.864757,8.294097,2.666120,768000,768000,1.000000000,1,2025-12-29 23:37:00.000000,2025-12-29 23:37:59.999922,1,BAY01_1001_20251229_232802_000.7z
2025-12-29 23:38:00,14.165630,0.014165630,2.733924,8.426381,3.005325,25739,768000,0.033514323,0,2025-12-29 23:38:00.000000,2025-12-29 23:38:02.010781,1,BAY01_1001_20251229_232802_000.7z
2025-12-29 23:39:00,13.791355,0.013791355,2.896823,8.269625,2.624907,384000,768000,0.500000000,0,2025-12-29 23:39:30.000000,2025-12-29 23:39:59.999922,1,BAY01_1002_20251229_233930_000.7z
2025-12-29 23:40:00,13.796522,0.013796522,2.801810,8.186017,2.808695,768000,768000,1.000000000,1,2025-12-29 23:40:00.000000,2025-12-29 23:40:59.999922,1,BAY01_1002_20251229_233930_000.7z
2025-12-29 23:41:00,13.859378,0.013859378,2.719975,8.372113,2.767291,768000,768000,1.000000000,1,2025-12-29 23:41:00.000000,2025-12-29 23:41:59.999922,1,BAY01_1002_20251229_233930_000.7z
2025-12-29 23:42:00,13.817404,0.013817404,2.774352,8.348080,2.694972,768000,768000,1.000000000,1,2025-12-29 23:42:00.000000,2025-12-29 23:42:59.999922,1,BAY01_1002_20251229_233930_000.7z
2025-12-29 23:43:00,13.863412,0.013863412,2.907930,8.256064,2.699417,768000,768000,1.000000000,1,2025-12-29 23:43:00.000000,2025-12-29 23:43:59.999922,1,BAY01_1002_20251229_233930_000.7z
2025-12-29 23:44:00,13.857033,0.013857033,2.781146,8.342658,2.733229,768000,768000,1.000000000,1,2025-12-29 23:44:00.000000,2025-12-29 23:44:59.999922,1,BAY01_1002_20251229_233930_000.7z
2025-12-29 23:45:00,13.819745,0.013819745,2.900750,8.344466,2.574528,768000,768000,1.000000000,1,2025-12-29 23:45:00.000000,2025-12-29 23:45:59.999922,1,BAY01_1002_20251229_233930_000.7z
2025-12-29 23:46:00,13.938859,0.013938859,2.914705,8.315216,2.708938,768000,768000,1.000000000,1,2025-12-29 23:46:00.000000,2025-12-29 23:46:59.999922,1,BAY01_1002_20251229_233930_000.7z
2025-12-29 23:47:00,13.830129,0.013830129,2.874637,8.284290,2.671202,768000,768000,1.000000000,1,2025-12-29 23:47:00.000000,2025-12-29 23:47:59.999922,1,BAY01_1002_20251229_233930_000.7z
2025-12-29 23:48:00,13.871683,0.013871683,2.871591,8.284470,2.715622,768000,768000,1.000000000,1,2025-12-29 23:48:00.000000,2025-12-29 23:48:59.999922,1,BAY01_1002_20251229_233930_000.7z
2025-12-29 23:49:00,13.837038,0.013837038,2.844529,8.202331,2.790178,384059,768000,0.500076823,0,2025-12-29 23:49:00.000000,2025-12-29 23:49:30.004531,1,BAY01_1002_20251229_233930_000.7z
2025-12-29 23:50:00,13.826625,0.013826625,2.793815,8.260668,2.772142,320000,768000,0.416666667,0,2025-12-29 23:50:35.000000,2025-12-29 23:50:59.999922,1,BAY01_1003_20251229_235035_000.7z
2025-12-29 23:51:00,13.826236,0.013826236,2.809815,8.294943,2.721478,768000,768000,1.000000000,1,2025-12-29 23:51:00.000000,2025-12-29 23:51:59.999922,1,BAY01_1003_20251229_235035_000.7z
2025-12-29 23:52:00,13.837043,0.013837043,2.859236,8.298771,2.679036,768000,768000,1.000000000,1,2025-12-29 23:52:00.000000,2025-12-29 23:52:59.999922,1,BAY01_1003_20251229_235035_000.7z
2025-12-29 23:53:00,13.867290,0.013867290,2.825895,8.367238,2.674158,768000,768000,1.000000000,1,2025-12-29 23:53:00.000000,2025-12-29 23:53:59.999922,1,BAY01_1003_20251229_235035_000.7z
2025-12-29 23:54:00,13.879336,0.013879336,2.897821,8.269313,2.712202,768000,768000,1.000000000,1,2025-12-29 23:54:00.000000,2025-12-29 23:54:59.999922,1,BAY01_1003_20251229_235035_000.7z
2025-12-29 23:55:00,13.881618,0.013881618,2.809576,8.349877,2.722165,768000,768000,1.000000000,1,2025-12-29 23:55:00.000000,2025-12-29 23:55:59.999922,1,BAY01_1003_20251229_235035_000.7z
2025-12-29 23:56:00,13.898053,0.013898053,2.760445,8.372611,2.764996,768000,768000,1.000000000,1,2025-12-29 23:56:00.000000,2025-12-29 23:56:59.999922,1,BAY01_1003_20251229_235035_000.7z
2025-12-29 23:57:00,13.842818,0.013842818,2.749401,8.425236,2.668181,768000,768000,1.000000000,1,2025-12-29 23:57:00.000000,2025-12-29 23:57:59.999922,1,BAY01_1003_20251229_235035_000.7z
2025-12-29 23:58:00,13.840340,0.013840340,2.790875,8.276979,2.772486,768000,768000,1.000000000,1,2025-12-29 23:58:00.000000,2025-12-29 23:58:59.999922,1,BAY01_1003_20251229_235035_000.7z
2025-12-29 23:59:00,13.902868,0.013902868,2.863203,8.326898,2.712767,768000,768000,1.000000000,1,2025-12-29 23:59:00.000000,2025-12-29 23:59:59.999922,1,BAY01_1003_20251229_235035_000.7z
2025-12-30 00:00:00,13.925210,0.013925210,2.835768,8.345784,2.743658,448086,768000,0.583445312,0,2025-12-30 00:00:00.000000,2025-12-30 00:00:35.006641,1,BAY01_1003_20251229_235035_000.7z
2025-12-30 00:02:00,13.770827,0.013770827,2.767508,8.281646,2.721673,652800,768000,0.850000000,0,2025-12-30 00:02:09.000000,2025-12-30 00:02:59.999922,1,BAY01_1004_20251230_000209_000.7z
2025-12-30 00:03:00,13.739367,0.013739367,2.701156,8.352002,2.686209,768000,768000,1.000000000,1,2025-12-30 00:03:00.000000,2025-12-30 00:03:59.999922,1,BAY01_1004_20251230_000209_000.7z
2025-12-30 00:04:00,13.868581,0.013868581,2.803330,8.328014,2.737237,768000,768000,1.000000000,1,2025-12-30 00:04:00.000000,2025-12-30 00:04:59.999922,1,BAY01_1004_20251230_000209_000.7z
2025-12-30 00:05:00,13.941962,0.013941962,2.840744,8.381549,2.719668,768000,768000,1.000000000,1,2025-12-30 00:05:00.000000,2025-12-30 00:05:59.999922,1,BAY01_1004_20251230_000209_000.7z
2025-12-30 00:06:00,13.856610,0.013856610,2.837136,8.390552,2.628922,768000,768000,1.000000000,1,2025-12-30 00:06:00.000000,2025-12-30 00:06:59.999922,1,BAY01_1004_20251230_000209_000.7z
2025-12-30 00:07:00,13.826070,0.013826070,2.875471,8.304602,2.645997,768000,768000,1.000000000,1,2025-12-30 00:07:00.000000,2025-12-30 00:07:59.999922,1,BAY01_1004_20251230_000209_000.7z
2025-12-30 00:08:00,13.837099,0.013837099,2.808273,8.332347,2.696479,768000,768000,1.000000000,1,2025-12-30 00:08:00.000000,2025-12-30 00:08:59.999922,1,BAY01_1004_20251230_000209_000.7z
2025-12-30 00:09:00,13.900656,0.013900656,2.901768,8.274311,2.724577,768000,768000,1.000000000,1,2025-12-30 00:09:00.000000,2025-12-30 00:09:59.999922,1,BAY01_1004_20251230_000209_000.7z
2025-12-30 00:10:00,13.889790,0.013889790,2.762819,8.428711,2.698259,768000,768000,1.000000000,1,2025-12-30 00:10:00.000000,2025-12-30 00:10:59.999922,1,BAY01_1004_20251230_000209_000.7z
2025-12-30 00:11:00,13.895728,0.013895728,2.815012,8.385753,2.694964,768000,768000,1.000000000,1,2025-12-30 00:11:00.000000,2025-12-30 00:11:59.999922,1,BAY01_1004_20251230_000209_000.7z
2025-12-30 00:12:00,13.932935,0.013932935,2.837742,8.360729,2.734464,115328,768000,0.150166667,0,2025-12-30 00:12:00.000000,2025-12-30 00:12:09.009922,1,BAY01_1004_20251230_000209_000.7z
2025-12-30 00:13:00,13.894271,0.013894271,2.794072,8.386639,2.713560,652800,768000,0.850000000,0,2025-12-30 00:13:09.000000,2025-12-30 00:13:59.999922,1,BAY01_1005_20251230_001309_000.7z
2025-12-30 00:14:00,13.834461,0.013834461,2.785723,8.363942,2.684797,768000,768000,1.000000000,1,2025-12-30 00:14:00.000000,2025-12-30 00:14:59.999922,1,BAY01_1005_20251230_001309_000.7z
2025-12-30 00:15:00,13.836724,0.013836724,2.863083,8.310462,2.663180,768000,768000,1.000000000,1,2025-12-30 00:15:00.000000,2025-12-30 00:15:59.999922,1,BAY01_1005_20251230_001309_000.7z
2025-12-30 00:16:00,13.844330,0.013844330,2.745632,8.446227,2.652471,768000,768000,1.000000000,1,2025-12-30 00:16:00.000000,2025-12-30 00:16:59.999922,1,BAY01_1005_20251230_001309_000.7z
2025-12-30 00:17:00,13.847543,0.013847543,2.769122,8.464911,2.613510,768000,768000,1.000000000,1,2025-12-30 00:17:00.000000,2025-12-30 00:17:59.999922,1,BAY01_1005_20251230_001309_000.7z
2025-12-30 00:18:00,13.867469,0.013867469,2.782110,8.359564,2.725795,768000,768000,1.000000000,1,2025-12-30 00:18:00.000000,2025-12-30 00:18:59.999922,1,BAY01_1005_20251230_001309_000.7z
2025-12-30 00:19:00,13.865143,0.013865143,2.783189,8.413313,2.668641,768000,768000,1.000000000,1,2025-12-30 00:19:00.000000,2025-12-30 00:19:59.999922,1,BAY01_1005_20251230_001309_000.7z
2025-12-30 00:20:00,13.838462,0.013838462,2.801656,8.330273,2.706533,768000,768000,1.000000000,1,2025-12-30 00:20:00.000000,2025-12-30 00:20:59.999922,1,BAY01_1005_20251230_001309_000.7z
2025-12-30 00:21:00,13.821786,0.013821786,2.841580,8.356688,2.623518,768000,768000,1.000000000,1,2025-12-30 00:21:00.000000,2025-12-30 00:21:59.999922,1,BAY01_1005_20251230_001309_000.7z
2025-12-30 00:22:00,13.860778,0.013860778,2.775260,8.434348,2.651171,768000,768000,1.000000000,1,2025-12-30 00:22:00.000000,2025-12-30 00:22:59.999922,1,BAY01_1005_20251230_001309_000.7z
2025-12-30 00:23:00,14.010147,0.014010147,2.816578,8.415049,2.778521,115293,768000,0.150121094,0,2025-12-30 00:23:00.000000,2025-12-30 00:23:09.007188,1,BAY01_1005_20251230_001309_000.7z
2025-12-30 00:24:00,13.718384,0.013718384,2.601443,8.322120,2.794821,256000,768000,0.333333333,0,2025-12-30 00:24:40.000000,2025-12-30 00:24:59.999922,1,BAY01_1006_20251230_002440_000.7z
2025-12-30 00:25:00,13.809450,0.013809450,2.826900,8.337930,2.644620,768000,768000,1.000000000,1,2025-12-30 00:25:00.000000,2025-12-30 00:25:59.999922,1,BAY01_1006_20251230_002440_000.7z
2025-12-30 00:26:00,13.822203,0.013822203,2.802297,8.332142,2.687764,768000,768000,1.000000000,1,2025-12-30 00:26:00.000000,2025-12-30 00:26:59.999922,1,BAY01_1006_20251230_002440_000.7z
2025-12-30 00:27:00,13.885875,0.013885875,2.742709,8.432741,2.710425,768000,768000,1.000000000,1,2025-12-30 00:27:00.000000,2025-12-30 00:27:59.999922,1,BAY01_1006_20251230_002440_000.7z
2025-12-30 00:28:00,13.925909,0.013925909,2.835104,8.431780,2.659024,768000,768000,1.000000000,1,2025-12-30 00:28:00.000000,2025-12-30 00:28:59.999922,1,BAY01_1006_20251230_002440_000.7z
2025-12-30 00:29:00,13.866255,0.013866255,2.815487,8.437333,2.613435,768000,768000,1.000000000,1,2025-12-30 00:29:00.000000,2025-12-30 00:29:59.999922,1,BAY01_1006_20251230_002440_000.7z
2025-12-30 00:30:00,13.879423,0.013879423,2.834569,8.427766,2.617088,768000,768000,1.000000000,1,2025-12-30 00:30:00.000000,2025-12-30 00:30:59.999922,1,BAY01_1006_20251230_002440_000.7z
2025-12-30 00:31:00,13.967468,0.013967468,2.794433,8.482643,2.690392,768000,768000,1.000000000,1,2025-12-30 00:31:00.000000,2025-12-30 00:31:59.999922,1,BAY01_1006_20251230_002440_000.7z
2025-12-30 00:32:00,13.898329,0.013898329,2.830251,8.350142,2.717936,768000,768000,1.000000000,1,2025-12-30 00:32:00.000000,2025-12-30 00:32:59.999922,1,BAY01_1006_20251230_002440_000.7z
2025-12-30 00:33:00,13.912771,0.013912771,2.853358,8.364437,2.694976,768000,768000,1.000000000,1,2025-12-30 00:33:00.000000,2025-12-30 00:33:59.999922,1,BAY01_1006_20251230_002440_000.7z
2025-12-30 00:34:00,13.875039,0.013875039,2.840966,8.482976,2.551097,512136,768000,0.666843750,0,2025-12-30 00:34:00.000000,2025-12-30 00:34:40.010547,1,BAY01_1006_20251230_002440_000.7z
2025-12-30 00:36:00,13.880186,0.013880186,2.779657,8.448459,2.652071,704000,768000,0.916666667,0,2025-12-30 00:36:05.000000,2025-12-30 00:36:59.999922,1,BAY01_1007_20251230_003605_000.7z
2025-12-30 00:37:00,13.840379,0.013840379,2.799336,8.424435,2.616608,768000,768000,1.000000000,1,2025-12-30 00:37:00.000000,2025-12-30 00:37:59.999922,1,BAY01_1007_20251230_003605_000.7z
2025-12-30 00:38:00,13.844573,0.013844573,2.796445,8.394186,2.653942,768000,768000,1.000000000,1,2025-12-30 00:38:00.000000,2025-12-30 00:38:59.999922,1,BAY01_1007_20251230_003605_000.7z
2025-12-30 00:39:00,13.860693,0.013860693,2.814688,8.395045,2.650959,768000,768000,1.000000000,1,2025-12-30 00:39:00.000000,2025-12-30 00:39:59.999922,1,BAY01_1007_20251230_003605_000.7z
2025-12-30 00:40:00,13.890987,0.013890987,2.794750,8.460139,2.636097,768000,768000,1.000000000,1,2025-12-30 00:40:00.000000,2025-12-30 00:40:59.999922,1,BAY01_1007_20251230_003605_000.7z
2025-12-30 00:41:00,13.949340,0.013949340,2.802754,8.468446,2.678141,768000,768000,1.000000000,1,2025-12-30 00:41:00.000000,2025-12-30 00:41:59.999922,1,BAY01_1007_20251230_003605_000.7z
2025-12-30 00:42:00,13.886133,0.013886133,2.804498,8.406902,2.674734,768000,768000,1.000000000,1,2025-12-30 00:42:00.000000,2025-12-30 00:42:59.999922,1,BAY01_1007_20251230_003605_000.7z
2025-12-30 00:43:00,13.857417,0.013857417,2.765575,8.437803,2.654038,768000,768000,1.000000000,1,2025-12-30 00:43:00.000000,2025-12-30 00:43:59.999922,1,BAY01_1007_20251230_003605_000.7z
2025-12-30 00:44:00,13.904514,0.013904514,2.849247,8.439252,2.616015,768000,768000,1.000000000,1,2025-12-30 00:44:00.000000,2025-12-30 00:44:59.999922,1,BAY01_1007_20251230_003605_000.7z
2025-12-30 00:45:00,13.866014,0.013866014,2.862156,8.337301,2.666556,768000,768000,1.000000000,1,2025-12-30 00:45:00.000000,2025-12-30 00:45:59.999922,1,BAY01_1007_20251230_003605_000.7z
2025-12-30 00:46:00,14.117627,0.014117627,2.076078,8.833083,3.208466,64052,768000,0.083401042,0,2025-12-30 00:46:00.000000,2025-12-30 00:46:05.003984,1,BAY01_1007_20251230_003605_000.7z
2025-12-30 00:47:00,13.794005,0.013794005,2.780677,8.401526,2.611802,320000,768000,0.416666667,0,2025-12-30 00:47:35.000000,2025-12-30 00:47:59.999922,1,BAY01_1008_20251230_004735_000.7z
2025-12-30 00:48:00,13.794739,0.013794739,2.736606,8.461771,2.596362,768000,768000,1.000000000,1,2025-12-30 00:48:00.000000,2025-12-30 00:48:59.999922,1,BAY01_1008_20251230_004735_000.7z
2025-12-30 00:49:00,13.822712,0.013822712,2.858201,8.281630,2.682881,768000,768000,1.000000000,1,2025-12-30 00:49:00.000000,2025-12-30 00:49:59.999922,1,BAY01_1008_20251230_004735_000.7z
2025-12-30 00:50:00,13.931864,0.013931864,2.814483,8.354790,2.762591,768000,768000,1.000000000,1,2025-12-30 00:50:00.000000,2025-12-30 00:50:59.999922,1,BAY01_1008_20251230_004735_000.7z
2025-12-30 00:51:00,13.894413,0.013894413,2.840970,8.359464,2.693978,768000,768000,1.000000000,1,2025-12-30 00:51:00.000000,2025-12-30 00:51:59.999922,1,BAY01_1008_20251230_004735_000.7z
2025-12-30 00:52:00,13.907331,0.013907331,2.726902,8.452448,2.727982,768000,768000,1.000000000,1,2025-12-30 00:52:00.000000,2025-12-30 00:52:59.999922,1,BAY01_1008_20251230_004735_000.7z
2025-12-30 00:53:00,13.846199,0.013846199,2.745326,8.498681,2.602191,768000,768000,1.000000000,1,2025-12-30 00:53:00.000000,2025-12-30 00:53:59.999922,1,BAY01_1008_20251230_004735_000.7z
2025-12-30 00:54:00,13.881931,0.013881931,2.861362,8.358452,2.662117,768000,768000,1.000000000,1,2025-12-30 00:54:00.000000,2025-12-30 00:54:59.999922,1,BAY01_1008_20251230_004735_000.7z
2025-12-30 00:55:00,13.935516,0.013935516,2.758495,8.538374,2.638647,768000,768000,1.000000000,1,2025-12-30 00:55:00.000000,2025-12-30 00:55:59.999922,1,BAY01_1008_20251230_004735_000.7z
2025-12-30 00:56:00,13.873672,0.013873672,2.840271,8.358026,2.675375,768000,768000,1.000000000,1,2025-12-30 00:56:00.000000,2025-12-30 00:56:59.999922,1,BAY01_1008_20251230_004735_000.7z
2025-12-30 00:57:00,13.907225,0.013907225,2.708563,8.456029,2.742632,448101,768000,0.583464844,0,2025-12-30 00:57:00.000000,2025-12-30 00:57:35.007812,1,BAY01_1008_20251230_004735_000.7z
2025-12-30 00:58:00,13.766807,0.013766807,2.756366,8.376844,2.633596,281600,768000,0.366666667,0,2025-12-30 00:58:38.000000,2025-12-30 00:58:59.999922,1,BAY01_1009_20251230_005838_000.7z
2025-12-30 00:59:00,13.822962,0.013822962,2.781728,8.443921,2.597314,768000,768000,1.000000000,1,2025-12-30 00:59:00.000000,2025-12-30 00:59:59.999922,1,BAY01_1009_20251230_005838_000.7z
2025-12-30 01:00:00,13.941810,0.013941810,2.837382,8.518631,2.585798,768000,768000,1.000000000,1,2025-12-30 01:00:00.000000,2025-12-30 01:00:59.999922,1,BAY01_1009_20251230_005838_000.7z
2025-12-30 01:01:00,13.882197,0.013882197,2.853103,8.391472,2.637622,768000,768000,1.000000000,1,2025-12-30 01:01:00.000000,2025-12-30 01:01:59.999922,1,BAY01_1009_20251230_005838_000.7z
2025-12-30 01:02:00,13.913490,0.013913490,2.724548,8.510974,2.677968,768000,768000,1.000000000,1,2025-12-30 01:02:00.000000,2025-12-30 01:02:59.999922,1,BAY01_1009_20251230_005838_000.7z
2025-12-30 01:03:00,13.912889,0.013912889,2.835646,8.370042,2.707201,768000,768000,1.000000000,1,2025-12-30 01:03:00.000000,2025-12-30 01:03:59.999922,1,BAY01_1009_20251230_005838_000.7z
2025-12-30 01:04:00,13.899996,0.013899996,2.812195,8.371824,2.715977,768000,768000,1.000000000,1,2025-12-30 01:04:00.000000,2025-12-30 01:04:59.999922,1,BAY01_1009_20251230_005838_000.7z
2025-12-30 01:05:00,13.912712,0.013912712,2.739855,8.465608,2.707249,768000,768000,1.000000000,1,2025-12-30 01:05:00.000000,2025-12-30 01:05:59.999922,1,BAY01_1009_20251230_005838_000.7z
2025-12-30 01:06:00,13.890060,0.013890060,2.804787,8.499609,2.585664,768000,768000,1.000000000,1,2025-12-30 01:06:00.000000,2025-12-30 01:06:59.999922,1,BAY01_1009_20251230_005838_000.7z
2025-12-30 01:07:00,13.873599,0.013873599,2.820493,8.458430,2.594676,768000,768000,1.000000000,1,2025-12-30 01:07:00.000000,2025-12-30 01:07:59.999922,1,BAY01_1009_20251230_005838_000.7z
2025-12-30 01:08:00,13.898543,0.013898543,2.807224,8.422222,2.669097,486448,768000,0.633395833,0,2025-12-30 01:08:00.000000,2025-12-30 01:08:38.003672,1,BAY01_1009_20251230_005838_000.7z
2025-12-30 01:10:00,13.705177,0.013705177,2.775466,8.460324,2.469387,486400,768000,0.633333333,0,2025-12-30 01:10:22.000000,2025-12-30 01:10:59.999922,1,BAY01_1010_20251230_011022_000.7z
2025-12-30 01:11:00,13.822756,0.013822756,2.905507,8.301741,2.615509,768000,768000,1.000000000,1,2025-12-30 01:11:00.000000,2025-12-30 01:11:59.999922,1,BAY01_1010_20251230_011022_000.7z
2025-12-30 01:12:00,13.849002,0.013849002,2.849579,8.445357,2.554066,768000,768000,1.000000000,1,2025-12-30 01:12:00.000000,2025-12-30 01:12:59.999922,1,BAY01_1010_20251230_011022_000.7z
2025-12-30 01:13:00,13.899069,0.013899069,2.841215,8.376377,2.681477,768000,768000,1.000000000,1,2025-12-30 01:13:00.000000,2025-12-30 01:13:59.999922,1,BAY01_1010_20251230_011022_000.7z
2025-12-30 01:14:00,13.875611,0.013875611,2.660293,8.493342,2.721975,768000,768000,1.000000000,1,2025-12-30 01:14:00.000000,2025-12-30 01:14:59.999922,1,BAY01_1010_20251230_011022_000.7z
2025-12-30 01:15:00,13.919368,0.013919368,2.749649,8.417762,2.751957,768000,768000,1.000000000,1,2025-12-30 01:15:00.000000,2025-12-30 01:15:59.999922,1,BAY01_1010_20251230_011022_000.7z
2025-12-30 01:16:00,13.893747,0.013893747,2.721844,8.476153,2.695750,768000,768000,1.000000000,1,2025-12-30 01:16:00.000000,2025-12-30 01:16:59.999922,1,BAY01_1010_20251230_011022_000.7z
2025-12-30 01:17:00,13.905198,0.013905198,2.821487,8.486443,2.597267,768000,768000,1.000000000,1,2025-12-30 01:17:00.000000,2025-12-30 01:17:59.999922,1,BAY01_1010_20251230_011022_000.7z
2025-12-30 01:18:00,13.861890,0.013861890,2.732498,8.447839,2.681552,768000,768000,1.000000000,1,2025-12-30 01:18:00.000000,2025-12-30 01:18:59.999922,1,BAY01_1010_20251230_011022_000.7z
2025-12-30 01:19:00,13.870199,0.013870199,2.830252,8.472020,2.567927,768000,768000,1.000000000,1,2025-12-30 01:19:00.000000,2025-12-30 01:19:59.999922,1,BAY01_1010_20251230_011022_000.7z
2025-12-30 01:20:00,13.962000,0.013962000,2.612039,8.541604,2.808357,281720,768000,0.366822917,0,2025-12-30 01:20:00.000000,2025-12-30 01:20:22.009297,1,BAY01_1010_20251230_011022_000.7z
2025-12-30 01:21:00,13.619371,0.013619371,2.778039,8.315497,2.525835,140800,768000,0.183333333,0,2025-12-30 01:21:49.000000,2025-12-30 01:21:59.999922,1,BAY01_1011_20251230_012149_000.7z
2025-12-30 01:22:00,13.846074,0.013846074,2.716655,8.508807,2.620613,768000,768000,1.000000000,1,2025-12-30 01:22:00.000000,2025-12-30 01:22:59.999922,1,BAY01_1011_20251230_012149_000.7z
2025-12-30 01:23:00,13.848524,0.013848524,2.796145,8.398337,2.654042,768000,768000,1.000000000,1,2025-12-30 01:23:00.000000,2025-12-30 01:23:59.999922,1,BAY01_1011_20251230_012149_000.7z
2025-12-30 01:24:00,13.836341,0.013836341,2.761965,8.386350,2.688027,768000,768000,1.000000000,1,2025-12-30 01:24:00.000000,2025-12-30 01:24:59.999922,1,BAY01_1011_20251230_012149_000.7z
2025-12-30 01:25:00,13.890920,0.013890920,2.725425,8.452869,2.712626,768000,768000,1.000000000,1,2025-12-30 01:25:00.000000,2025-12-30 01:25:59.999922,1,BAY01_1011_20251230_012149_000.7z
2025-12-30 01:26:00,13.906510,0.013906510,2.831433,8.396834,2.678243,768000,768000,1.000000000,1,2025-12-30 01:26:00.000000,2025-12-30 01:26:59.999922,1,BAY01_1011_20251230_012149_000.7z
2025-12-30 01:27:00,13.940057,0.013940057,2.815498,8.511125,2.613434,768000,768000,1.000000000,1,2025-12-30 01:27:00.000000,2025-12-30 01:27:59.999922,1,BAY01_1011_20251230_012149_000.7z
2025-12-30 01:28:00,13.866112,0.013866112,2.859953,8.384073,2.622087,768000,768000,1.000000000,1,2025-12-30 01:28:00.000000,2025-12-30 01:28:59.999922,1,BAY01_1011_20251230_012149_000.7z
2025-12-30 01:29:00,13.841664,0.013841664,2.882773,8.359723,2.599168,768000,768000,1.000000000,1,2025-12-30 01:29:00.000000,2025-12-30 01:29:59.999922,1,BAY01_1011_20251230_012149_000.7z
2025-12-30 01:30:00,13.891179,0.013891179,2.856401,8.424958,2.609820,768000,768000,1.000000000,1,2025-12-30 01:30:00.000000,2025-12-30 01:30:59.999922,1,BAY01_1011_20251230_012149_000.7z
2025-12-30 01:31:00,13.913048,0.013913048,2.850388,8.353561,2.709100,627210,768000,0.816679687,0,2025-12-30 01:31:00.000000,2025-12-30 01:31:49.000703,1,BAY01_1011_20251230_012149_000.7z
2025-12-30 01:33:00,13.903357,0.013903357,2.767950,8.471259,2.664149,588800,768000,0.766666667,0,2025-12-30 01:33:14.000000,2025-12-30 01:33:59.999922,1,BAY01_1012_20251230_013314_000.7z
2025-12-30 01:34:00,13.824263,0.013824263,2.702352,8.457937,2.663974,768000,768000,1.000000000,1,2025-12-30 01:34:00.000000,2025-12-30 01:34:59.999922,1,BAY01_1012_20251230_013314_000.7z
2025-12-30 01:35:00,13.117773,0.013117773,2.049385,8.404185,2.664203,768000,768000,1.000000000,1,2025-12-30 01:35:00.000000,2025-12-30 01:35:59.999922,1,BAY01_1012_20251230_013314_000.7z
2025-12-30 01:36:00,13.900802,0.013900802,2.769946,8.407043,2.723813,768000,768000,1.000000000,1,2025-12-30 01:36:00.000000,2025-12-30 01:36:59.999922,1,BAY01_1012_20251230_013314_000.7z
2025-12-30 01:37:00,13.875337,0.013875337,2.751630,8.544888,2.578819,768000,768000,1.000000000,1,2025-12-30 01:37:00.000000,2025-12-30 01:37:59.999922,1,BAY01_1012_20251230_013314_000.7z
2025-12-30 01:38:00,13.861143,0.013861143,2.845928,8.417391,2.597824,768000,768000,1.000000000,1,2025-12-30 01:38:00.000000,2025-12-30 01:38:59.999922,1,BAY01_1012_20251230_013314_000.7z
2025-12-30 01:39:00,13.873147,0.013873147,2.775111,8.495754,2.602282,768000,768000,1.000000000,1,2025-12-30 01:39:00.000000,2025-12-30 01:39:59.999922,1,BAY01_1012_20251230_013314_000.7z
2025-12-30 01:40:00,13.887451,0.013887451,2.833441,8.417967,2.636043,768000,768000,1.000000000,1,2025-12-30 01:40:00.000000,2025-12-30 01:40:59.999922,1,BAY01_1012_20251230_013314_000.7z
2025-12-30 01:41:00,13.826050,0.013826050,2.776732,8.503207,2.546111,768000,768000,1.000000000,1,2025-12-30 01:41:00.000000,2025-12-30 01:41:59.999922,1,BAY01_1012_20251230_013314_000.7z
2025-12-30 01:42:00,13.891561,0.013891561,2.830690,8.479381,2.581491,768000,768000,1.000000000,1,2025-12-30 01:42:00.000000,2025-12-30 01:42:59.999922,1,BAY01_1012_20251230_013314_000.7z
2025-12-30 01:43:00,13.824699,0.013824699,2.935642,8.386452,2.502605,179282,768000,0.233440104,0,2025-12-30 01:43:00.000000,2025-12-30 01:43:14.006328,1,BAY01_1012_20251230_013314_000.7z
2025-12-30 01:44:00,13.592955,0.013592955,3.513310,8.298679,1.780966,25600,768000,0.033333333,0,2025-12-30 01:44:58.000000,2025-12-30 01:44:59.999922,1,BAY01_1013_20251230_014458_000.7z
2025-12-30 01:45:00,13.834422,0.013834422,2.784719,8.364425,2.685277,768000,768000,1.000000000,1,2025-12-30 01:45:00.000000,2025-12-30 01:45:59.999922,1,BAY01_1013_20251230_014458_000.7z
2025-12-30 01:46:00,13.858181,0.013858181,2.727484,8.407476,2.723221,768000,768000,1.000000000,1,2025-12-30 01:46:00.000000,2025-12-30 01:46:59.999922,1,BAY01_1013_20251230_014458_000.7z
2025-12-30 01:47:00,13.917469,0.013917469,2.707301,8.507654,2.702514,768000,768000,1.000000000,1,2025-12-30 01:47:00.000000,2025-12-30 01:47:59.999922,1,BAY01_1013_20251230_014458_000.7z
2025-12-30 01:48:00,13.860455,0.013860455,2.848371,8.439295,2.572789,768000,768000,1.000000000,1,2025-12-30 01:48:00.000000,2025-12-30 01:48:59.999922,1,BAY01_1013_20251230_014458_000.7z
2025-12-30 01:49:00,13.862226,0.013862226,2.808513,8.498192,2.555521,768000,768000,1.000000000,1,2025-12-30 01:49:00.000000,2025-12-30 01:49:59.999922,1,BAY01_1013_20251230_014458_000.7z
2025-12-30 01:50:00,13.925564,0.013925564,2.855946,8.471456,2.598162,768000,768000,1.000000000,1,2025-12-30 01:50:00.000000,2025-12-30 01:50:59.999922,1,BAY01_1013_20251230_014458_000.7z
2025-12-30 01:51:00,13.885033,0.013885033,2.829460,8.445685,2.609888,768000,768000,1.000000000,1,2025-12-30 01:51:00.000000,2025-12-30 01:51:59.999922,1,BAY01_1013_20251230_014458_000.7z
2025-12-30 01:52:00,13.898969,0.013898969,2.775206,8.450611,2.673152,768000,768000,1.000000000,1,2025-12-30 01:52:00.000000,2025-12-30 01:52:59.999922,1,BAY01_1013_20251230_014458_000.7z
2025-12-30 01:53:00,13.884119,0.013884119,2.781223,8.481261,2.621634,768000,768000,1.000000000,1,2025-12-30 01:53:00.000000,2025-12-30 01:53:59.999922,1,BAY01_1013_20251230_014458_000.7z
2025-12-30 01:54:00,13.890359,0.013890359,2.800687,8.368609,2.721063,742512,768000,0.966812500,0,2025-12-30 01:54:00.000000,2025-12-30 01:54:58.008672,1,BAY01_1013_20251230_014458_000.7z
2025-12-30 01:56:00,13.819526,0.013819526,2.858760,8.397738,2.563028,704000,768000,0.916666667,0,2025-12-30 01:56:05.000000,2025-12-30 01:56:59.999922,1,BAY01_1014_20251230_015605_000.7z
2025-12-30 01:57:00,13.818793,0.013818793,2.681386,8.459422,2.677985,768000,768000,1.000000000,1,2025-12-30 01:57:00.000000,2025-12-30 01:57:59.999922,1,BAY01_1014_20251230_015605_000.7z
2025-12-30 01:58:00,13.860172,0.013860172,2.815653,8.386018,2.658501,768000,768000,1.000000000,1,2025-12-30 01:58:00.000000,2025-12-30 01:58:59.999922,1,BAY01_1014_20251230_015605_000.7z
2025-12-30 01:59:00,13.904968,0.013904968,2.747203,8.521199,2.636567,768000,768000,1.000000000,1,2025-12-30 01:59:00.000000,2025-12-30 01:59:59.999922,1,BAY01_1014_20251230_015605_000.7z
2025-12-30 02:00:00,13.924217,0.013924217,2.838051,8.537277,2.548889,768000,768000,1.000000000,1,2025-12-30 02:00:00.000000,2025-12-30 02:00:59.999922,1,BAY01_1014_20251230_015605_000.7z
2025-12-30 02:01:00,13.875516,0.013875516,2.745406,8.484118,2.645992,768000,768000,1.000000000,1,2025-12-30 02:01:00.000000,2025-12-30 02:01:59.999922,1,BAY01_1014_20251230_015605_000.7z
2025-12-30 02:02:00,13.964014,0.013964014,2.732969,8.584967,2.646078,768000,768000,1.000000000,1,2025-12-30 02:02:00.000000,2025-12-30 02:02:59.999922,1,BAY01_1014_20251230_015605_000.7z
2025-12-30 02:03:00,13.899061,0.013899061,2.846244,8.463013,2.589804,768000,768000,1.000000000,1,2025-12-30 02:03:00.000000,2025-12-30 02:03:59.999922,1,BAY01_1014_20251230_015605_000.7z
2025-12-30 02:04:00,13.881602,0.013881602,2.844985,8.400833,2.635783,768000,768000,1.000000000,1,2025-12-30 02:04:00.000000,2025-12-30 02:04:59.999922,1,BAY01_1014_20251230_015605_000.7z
2025-12-30 02:05:00,13.932358,0.013932358,2.859954,8.416753,2.655651,768000,768000,1.000000000,1,2025-12-30 02:05:00.000000,2025-12-30 02:05:59.999922,1,BAY01_1014_20251230_015605_000.7z
2025-12-30 02:06:00,13.999279,0.013999279,2.806463,8.456799,2.736017,64091,768000,0.083451823,0,2025-12-30 02:06:00.000000,2025-12-30 02:06:05.007031,1,BAY01_1014_20251230_015605_000.7z
2025-12-30 02:07:00,13.724347,0.013724347,2.796599,8.401595,2.526153,192000,768000,0.250000000,0,2025-12-30 02:07:45.000000,2025-12-30 02:07:59.999922,1,BAY01_1015_20251230_020745_000.7z
2025-12-30 02:08:00,13.901346,0.013901346,2.688106,8.525826,2.687414,768000,768000,1.000000000,1,2025-12-30 02:08:00.000000,2025-12-30 02:08:59.999922,1,BAY01_1015_20251230_020745_000.7z
2025-12-30 02:09:00,13.857849,0.013857849,2.839140,8.428271,2.590438,768000,768000,1.000000000,1,2025-12-30 02:09:00.000000,2025-12-30 02:09:59.999922,1,BAY01_1015_20251230_020745_000.7z
2025-12-30 02:10:00,13.921960,0.013921960,2.855851,8.426669,2.639440,768000,768000,1.000000000,1,2025-12-30 02:10:00.000000,2025-12-30 02:10:59.999922,1,BAY01_1015_20251230_020745_000.7z
2025-12-30 02:11:00,13.909102,0.013909102,2.811820,8.413244,2.684038,768000,768000,1.000000000,1,2025-12-30 02:11:00.000000,2025-12-30 02:11:59.999922,1,BAY01_1015_20251230_020745_000.7z
2025-12-30 02:12:00,13.981908,0.013981908,2.829861,8.447551,2.704495,768000,768000,1.000000000,1,2025-12-30 02:12:00.000000,2025-12-30 02:12:59.999922,1,BAY01_1015_20251230_020745_000.7z
2025-12-30 02:13:00,13.922342,0.013922342,2.833688,8.448224,2.640430,768000,768000,1.000000000,1,2025-12-30 02:13:00.000000,2025-12-30 02:13:59.999922,1,BAY01_1015_20251230_020745_000.7z
2025-12-30 02:14:00,13.887582,0.013887582,2.862324,8.394717,2.630540,768000,768000,1.000000000,1,2025-12-30 02:14:00.000000,2025-12-30 02:14:59.999922,1,BAY01_1015_20251230_020745_000.7z
2025-12-30 02:15:00,13.880702,0.013880702,2.797031,8.449234,2.634436,768000,768000,1.000000000,1,2025-12-30 02:15:00.000000,2025-12-30 02:15:59.999922,1,BAY01_1015_20251230_020745_000.7z
2025-12-30 02:16:00,13.936833,0.013936833,2.723265,8.489060,2.724508,768000,768000,1.000000000,1,2025-12-30 02:16:00.000000,2025-12-30 02:16:59.999922,1,BAY01_1015_20251230_020745_000.7z
2025-12-30 02:17:00,13.937334,0.013937334,2.862159,8.422263,2.652911,576043,768000,0.750055990,0,2025-12-30 02:17:00.000000,2025-12-30 02:17:45.003281,1,BAY01_1015_20251230_020745_000.7z
2025-12-30 02:19:00,13.823404,0.013823404,2.904122,8.316028,2.603254,768000,768000,1.000000000,1,2025-12-30 02:19:00.000000,2025-12-30 02:19:59.999922,1,BAY01_1016_20251230_021900_000.7z
2025-12-30 02:20:00,13.721382,0.013721382,2.704618,8.430855,2.585910,768000,768000,1.000000000,1,2025-12-30 02:20:00.000000,2025-12-30 02:20:59.999922,1,BAY01_1016_20251230_021900_000.7z
2025-12-30 02:21:00,13.929710,0.013929710,2.733461,8.492335,2.703914,768000,768000,1.000000000,1,2025-12-30 02:21:00.000000,2025-12-30 02:21:59.999922,1,BAY01_1016_20251230_021900_000.7z
2025-12-30 02:22:00,13.958958,0.013958958,2.857461,8.423809,2.677688,768000,768000,1.000000000,1,2025-12-30 02:22:00.000000,2025-12-30 02:22:59.999922,1,BAY01_1016_20251230_021900_000.7z
2025-12-30 02:23:00,13.882424,0.013882424,2.886465,8.394894,2.601066,768000,768000,1.000000000,1,2025-12-30 02:23:00.000000,2025-12-30 02:23:59.999922,1,BAY01_1016_20251230_021900_000.7z
2025-12-30 02:24:00,13.890046,0.013890046,2.728810,8.428343,2.732893,768000,768000,1.000000000,1,2025-12-30 02:24:00.000000,2025-12-30 02:24:59.999922,1,BAY01_1016_20251230_021900_000.7z
2025-12-30 02:25:00,13.892700,0.013892700,2.833328,8.403682,2.655691,768000,768000,1.000000000,1,2025-12-30 02:25:00.000000,2025-12-30 02:25:59.999922,1,BAY01_1016_20251230_021900_000.7z
2025-12-30 02:26:00,13.951477,0.013951477,2.823593,8.457745,2.670138,768000,768000,1.000000000,1,2025-12-30 02:26:00.000000,2025-12-30 02:26:59.999922,1,BAY01_1016_20251230_021900_000.7z
2025-12-30 02:27:00,13.878075,0.013878075,2.857302,8.463452,2.557321,768000,768000,1.000000000,1,2025-12-30 02:27:00.000000,2025-12-30 02:27:59.999922,1,BAY01_1016_20251230_021900_000.7z
2025-12-30 02:28:00,13.867935,0.013867935,2.790613,8.404996,2.672325,768000,768000,1.000000000,1,2025-12-30 02:28:00.000000,2025-12-30 02:28:59.999922,1,BAY01_1016_20251230_021900_000.7z
2025-12-30 02:29:00,12.188286,0.012188286,12.100678,4.060465,-3.972857,104,768000,0.000135417,0,2025-12-30 02:29:00.000000,2025-12-30 02:29:00.008047,1,BAY01_1016_20251230_021900_000.7z
2025-12-30 02:30:00,13.795243,0.013795243,2.774739,8.425269,2.595234,294400,768000,0.383333333,0,2025-12-30 02:30:37.000000,2025-12-30 02:30:59.999922,1,BAY01_1017_20251230_023037_000.7z
2025-12-30 02:31:00,13.851661,0.013851661,2.773953,8.464043,2.613665,768000,768000,1.000000000,1,2025-12-30 02:31:00.000000,2025-12-30 02:31:59.999922,1,BAY01_1017_20251230_023037_000.7z
2025-12-30 02:32:00,13.800776,0.013800776,2.735347,8.451776,2.613653,768000,768000,1.000000000,1,2025-12-30 02:32:00.000000,2025-12-30 02:32:59.999922,1,BAY01_1017_20251230_023037_000.7z
2025-12-30 02:33:00,13.934418,0.013934418,2.833693,8.504617,2.596108,768000,768000,1.000000000,1,2025-12-30 02:33:00.000000,2025-12-30 02:33:59.999922,1,BAY01_1017_20251230_023037_000.7z
2025-12-30 02:34:00,13.919333,0.013919333,2.706985,8.520821,2.691527,768000,768000,1.000000000,1,2025-12-30 02:34:00.000000,2025-12-30 02:34:59.999922,1,BAY01_1017_20251230_023037_000.7z
2025-12-30 02:35:00,13.968988,0.013968988,2.797321,8.580668,2.590999,768000,768000,1.000000000,1,2025-12-30 02:35:00.000000,2025-12-30 02:35:59.999922,1,BAY01_1017_20251230_023037_000.7z
2025-12-30 02:36:00,13.916715,0.013916715,2.729145,8.516891,2.670679,768000,768000,1.000000000,1,2025-12-30 02:36:00.000000,2025-12-30 02:36:59.999922,1,BAY01_1017_20251230_023037_000.7z
2025-12-30 02:37:00,13.909665,0.013909665,2.719082,8.554827,2.635756,768000,768000,1.000000000,1,2025-12-30 02:37:00.000000,2025-12-30 02:37:59.999922,1,BAY01_1017_20251230_023037_000.7z
2025-12-30 02:38:00,13.897609,0.013897609,2.742559,8.466445,2.688605,768000,768000,1.000000000,1,2025-12-30 02:38:00.000000,2025-12-30 02:38:59.999922,1,BAY01_1017_20251230_023037_000.7z
2025-12-30 02:39:00,13.892197,0.013892197,2.733062,8.603827,2.555308,768000,768000,1.000000000,1,2025-12-30 02:39:00.000000,2025-12-30 02:39:59.999922,1,BAY01_1017_20251230_023037_000.7z
2025-12-30 02:40:00,13.984430,0.013984430,2.792160,8.528556,2.663714,473698,768000,0.616794271,0,2025-12-30 02:40:00.000000,2025-12-30 02:40:37.007578,1,BAY01_1017_20251230_023037_000.7z
2025-12-30 02:42:00,13.930663,0.013930663,2.700684,8.415983,2.813995,576000,768000,0.750000000,0,2025-12-30 02:42:15.000000,2025-12-30 02:42:59.999922,1,BAY01_1018_20251230_024215_000.7z
2025-12-30 02:43:00,13.875586,0.013875586,2.754171,8.474201,2.647215,768000,768000,1.000000000,1,2025-12-30 02:43:00.000000,2025-12-30 02:43:59.999922,1,BAY01_1018_20251230_024215_000.7z
2025-12-30 02:44:00,13.915350,0.013915350,2.753316,8.448667,2.713368,768000,768000,1.000000000,1,2025-12-30 02:44:00.000000,2025-12-30 02:44:59.999922,1,BAY01_1018_20251230_024215_000.7z
2025-12-30 02:45:00,13.910813,0.013910813,2.668722,8.533733,2.708358,768000,768000,1.000000000,1,2025-12-30 02:45:00.000000,2025-12-30 02:45:59.999922,1,BAY01_1018_20251230_024215_000.7z
2025-12-30 02:46:00,13.928296,0.013928296,2.714360,8.527921,2.686015,768000,768000,1.000000000,1,2025-12-30 02:46:00.000000,2025-12-30 02:46:59.999922,1,BAY01_1018_20251230_024215_000.7z
2025-12-30 02:47:00,13.879878,0.013879878,2.747435,8.512365,2.620079,768000,768000,1.000000000,1,2025-12-30 02:47:00.000000,2025-12-30 02:47:59.999922,1,BAY01_1018_20251230_024215_000.7z
2025-12-30 02:48:00,11.408180,0.011408180,3.750869,3.619550,4.037761,768000,768000,1.000000000,1,2025-12-30 02:48:00.000000,2025-12-30 02:48:59.999922,1,BAY01_1018_20251230_024215_000.7z
2025-12-30 02:49:00,11.433149,0.011433149,3.692822,3.692786,4.047540,768000,768000,1.000000000,1,2025-12-30 02:49:00.000000,2025-12-30 02:49:59.999922,1,BAY01_1018_20251230_024215_000.7z
2025-12-30 02:50:00,11.400581,0.011400581,3.827180,3.604449,3.968952,768000,768000,1.000000000,1,2025-12-30 02:50:00.000000,2025-12-30 02:50:59.999922,1,BAY01_1018_20251230_024215_000.7z
2025-12-30 02:51:00,11.411123,0.011411123,3.693718,3.644570,4.072835,768000,768000,1.000000000,1,2025-12-30 02:51:00.000000,2025-12-30 02:51:59.999922,1,BAY01_1018_20251230_024215_000.7z
2025-12-30 02:52:00,11.425189,0.011425189,3.777107,3.496709,4.151373,192040,768000,0.250052083,0,2025-12-30 02:52:00.000000,2025-12-30 02:52:15.003047,1,BAY01_1018_20251230_024215_000.7z
2025-12-30 02:53:00,11.338391,0.011338391,3.712650,3.612508,4.013233,396800,768000,0.516666667,0,2025-12-30 02:53:29.000000,2025-12-30 02:53:59.999922,1,BAY01_1019_20251230_025329_000.7z
2025-12-30 02:54:00,11.375671,0.011375671,3.655441,3.697950,4.022280,768000,768000,1.000000000,1,2025-12-30 02:54:00.000000,2025-12-30 02:54:59.999922,1,BAY01_1019_20251230_025329_000.7z
2025-12-30 02:55:00,11.349315,0.011349315,3.693014,3.682792,3.973508,768000,768000,1.000000000,1,2025-12-30 02:55:00.000000,2025-12-30 02:55:59.999922,1,BAY01_1019_20251230_025329_000.7z
2025-12-30 02:56:00,11.476065,0.011476065,3.810711,3.691254,3.974100,768000,768000,1.000000000,1,2025-12-30 02:56:00.000000,2025-12-30 02:56:59.999922,1,BAY01_1019_20251230_025329_000.7z
2025-12-30 02:57:00,11.431250,0.011431250,3.816058,3.635151,3.980042,768000,768000,1.000000000,1,2025-12-30 02:57:00.000000,2025-12-30 02:57:59.999922,1,BAY01_1019_20251230_025329_000.7z
2025-12-30 02:58:00,11.451323,0.011451323,3.784904,3.653443,4.012976,768000,768000,1.000000000,1,2025-12-30 02:58:00.000000,2025-12-30 02:58:59.999922,1,BAY01_1019_20251230_025329_000.7z
2025-12-30 02:59:00,11.420381,0.011420381,3.798172,3.615265,4.006944,768000,768000,1.000000000,1,2025-12-30 02:59:00.000000,2025-12-30 02:59:59.999922,1,BAY01_1019_20251230_025329_000.7z
2025-12-30 03:00:00,11.428244,0.011428244,3.692748,3.725017,4.010479,768000,768000,1.000000000,1,2025-12-30 03:00:00.000000,2025-12-30 03:00:59.999922,1,BAY01_1019_20251230_025329_000.7z
2025-12-30 03:01:00,11.449411,0.011449411,3.695166,3.677864,4.076381,768000,768000,1.000000000,1,2025-12-30 03:01:00.000000,2025-12-30 03:01:59.999922,1,BAY01_1019_20251230_025329_000.7z
2025-12-30 03:02:00,11.398698,0.011398698,3.729073,3.622108,4.047517,768000,768000,1.000000000,1,2025-12-30 03:02:00.000000,2025-12-30 03:02:59.999922,1,BAY01_1019_20251230_025329_000.7z
2025-12-30 03:03:00,11.515059,0.011515059,3.909479,3.725449,3.880131,371283,768000,0.483441406,0,2025-12-30 03:03:00.000000,2025-12-30 03:03:29.006406,1,BAY01_1019_20251230_025329_000.7z
2025-12-30 03:04:00,11.456842,0.011456842,3.754986,3.643902,4.057954,179200,768000,0.233333333,0,2025-12-30 03:04:46.000000,2025-12-30 03:04:59.999922,1,BAY01_1020_20251230_030446_000.7z
2025-12-30 03:05:00,11.388015,0.011388015,3.664723,3.705020,4.018272,768000,768000,1.000000000,1,2025-12-30 03:05:00.000000,2025-12-30 03:05:59.999922,1,BAY01_1020_20251230_030446_000.7z
2025-12-30 03:06:00,11.396121,0.011396121,3.828280,3.615232,3.952609,768000,768000,1.000000000,1,2025-12-30 03:06:00.000000,2025-12-30 03:06:59.999922,1,BAY01_1020_20251230_030446_000.7z
2025-12-30 03:07:00,11.449018,0.011449018,3.729566,3.665666,4.053786,768000,768000,1.000000000,1,2025-12-30 03:07:00.000000,2025-12-30 03:07:59.999922,1,BAY01_1020_20251230_030446_000.7z
2025-12-30 03:08:00,11.502429,0.011502429,3.693451,3.781959,4.027019,768000,768000,1.000000000,1,2025-12-30 03:08:00.000000,2025-12-30 03:08:59.999922,1,BAY01_1020_20251230_030446_000.7z
2025-12-30 03:09:00,11.420611,0.011420611,3.722553,3.744360,3.953698,768000,768000,1.000000000,1,2025-12-30 03:09:00.000000,2025-12-30 03:09:59.999922,1,BAY01_1020_20251230_030446_000.7z
2025-12-30 03:10:00,11.446045,0.011446045,3.818036,3.629965,3.998044,768000,768000,1.000000000,1,2025-12-30 03:10:00.000000,2025-12-30 03:10:59.999922,1,BAY01_1020_20251230_030446_000.7z
2025-12-30 03:11:00,11.469015,0.011469015,3.715815,3.687996,4.065204,768000,768000,1.000000000,1,2025-12-30 03:11:00.000000,2025-12-30 03:11:59.999922,1,BAY01_1020_20251230_030446_000.7z
2025-12-30 03:12:00,11.455017,0.011455017,3.761326,3.713039,3.980653,768000,768000,1.000000000,1,2025-12-30 03:12:00.000000,2025-12-30 03:12:59.999922,1,BAY01_1020_20251230_030446_000.7z
2025-12-30 03:13:00,11.454223,0.011454223,3.748828,3.760253,3.945142,768000,768000,1.000000000,1,2025-12-30 03:13:00.000000,2025-12-30 03:13:59.999922,1,BAY01_1020_20251230_030446_000.7z
2025-12-30 03:14:00,11.444856,0.011444856,3.732908,3.788365,3.923582,588839,768000,0.766717448,0,2025-12-30 03:14:00.000000,2025-12-30 03:14:46.002969,1,BAY01_1020_20251230_030446_000.7z
2025-12-30 03:15:00,11.197426,0.011197426,4.343405,3.212889,3.641132,64000,768000,0.083333333,0,2025-12-30 03:15:55.000000,2025-12-30 03:15:59.999922,1,BAY01_1021_20251230_031555_000.7z
2025-12-30 03:16:00,11.382816,0.011382816,3.740004,3.683222,3.959591,768000,768000,1.000000000,1,2025-12-30 03:16:00.000000,2025-12-30 03:16:59.999922,1,BAY01_1021_20251230_031555_000.7z
2025-12-30 03:17:00,11.388826,0.011388826,3.730523,3.637449,4.020854,768000,768000,1.000000000,1,2025-12-30 03:17:00.000000,2025-12-30 03:17:59.999922,1,BAY01_1021_20251230_031555_000.7z
2025-12-30 03:18:00,11.420177,0.011420177,3.795825,3.687235,3.937117,768000,768000,1.000000000,1,2025-12-30 03:18:00.000000,2025-12-30 03:18:59.999922,1,BAY01_1021_20251230_031555_000.7z
2025-12-30 03:19:00,11.449116,0.011449116,3.751766,3.636558,4.060793,768000,768000,1.000000000,1,2025-12-30 03:19:00.000000,2025-12-30 03:19:59.999922,1,BAY01_1021_20251230_031555_000.7z
2025-12-30 03:20:00,11.418629,0.011418629,3.713945,3.739285,3.965399,768000,768000,1.000000000,1,2025-12-30 03:20:00.000000,2025-12-30 03:20:59.999922,1,BAY01_1021_20251230_031555_000.7z
2025-12-30 03:21:00,11.425563,0.011425563,3.762724,3.689167,3.973671,768000,768000,1.000000000,1,2025-12-30 03:21:00.000000,2025-12-30 03:21:59.999922,1,BAY01_1021_20251230_031555_000.7z
2025-12-30 03:22:00,11.469662,0.011469662,3.793074,3.609554,4.067034,768000,768000,1.000000000,1,2025-12-30 03:22:00.000000,2025-12-30 03:22:59.999922,1,BAY01_1021_20251230_031555_000.7z
2025-12-30 03:23:00,11.445832,0.011445832,3.788497,3.644660,4.012674,768000,768000,1.000000000,1,2025-12-30 03:23:00.000000,2025-12-30 03:23:59.999922,1,BAY01_1021_20251230_031555_000.7z
2025-12-30 03:24:00,11.418794,0.011418794,3.655588,3.768311,3.994895,768000,768000,1.000000000,1,2025-12-30 03:24:00.000000,2025-12-30 03:24:59.999922,1,BAY01_1021_20251230_031555_000.7z
2025-12-30 03:25:00,11.419551,0.011419551,3.695460,3.668617,4.055475,704041,768000,0.916720052,0,2025-12-30 03:25:00.000000,2025-12-30 03:25:55.003125,1,BAY01_1021_20251230_031555_000.7z
2025-12-30 03:26:00,11.217265,0.011217265,3.723075,3.617590,3.876600,128000,768000,0.166666667,0,2025-12-30 03:26:50.000000,2025-12-30 03:26:59.999922,1,BAY01_1022_20251230_032650_000.7z
2025-12-30 03:27:00,11.463850,0.011463850,3.803703,3.621792,4.038355,768000,768000,1.000000000,1,2025-12-30 03:27:00.000000,2025-12-30 03:27:59.999922,1,BAY01_1022_20251230_032650_000.7z
2025-12-30 03:28:00,11.301943,0.011301943,3.788713,3.567631,3.945599,768000,768000,1.000000000,1,2025-12-30 03:28:00.000000,2025-12-30 03:28:59.999922,1,BAY01_1022_20251230_032650_000.7z
2025-12-30 03:29:00,11.451141,0.011451141,3.683888,3.763503,4.003750,768000,768000,1.000000000,1,2025-12-30 03:29:00.000000,2025-12-30 03:29:59.999922,1,BAY01_1022_20251230_032650_000.7z
2025-12-30 03:30:00,11.460887,0.011460887,3.778806,3.713920,3.968161,768000,768000,1.000000000,1,2025-12-30 03:30:00.000000,2025-12-30 03:30:59.999922,1,BAY01_1022_20251230_032650_000.7z
2025-12-30 03:31:00,11.463173,0.011463173,3.634629,3.770755,4.057790,768000,768000,1.000000000,1,2025-12-30 03:31:00.000000,2025-12-30 03:31:59.999922,1,BAY01_1022_20251230_032650_000.7z
2025-12-30 03:32:00,11.437983,0.011437983,3.729913,3.674987,4.033083,768000,768000,1.000000000,1,2025-12-30 03:32:00.000000,2025-12-30 03:32:59.999922,1,BAY01_1022_20251230_032650_000.7z
2025-12-30 03:33:00,11.448241,0.011448241,3.770785,3.638517,4.038939,768000,768000,1.000000000,1,2025-12-30 03:33:00.000000,2025-12-30 03:33:59.999922,1,BAY01_1022_20251230_032650_000.7z
2025-12-30 03:34:00,11.454412,0.011454412,3.697711,3.665987,4.090714,768000,768000,1.000000000,1,2025-12-30 03:34:00.000000,2025-12-30 03:34:59.999922,1,BAY01_1022_20251230_032650_000.7z
2025-12-30 03:35:00,11.472031,0.011472031,3.698455,3.661942,4.111634,768000,768000,1.000000000,1,2025-12-30 03:35:00.000000,2025-12-30 03:35:59.999922,1,BAY01_1022_20251230_032650_000.7z
2025-12-30 03:36:00,11.473034,0.011473034,3.789725,3.709010,3.974300,640117,768000,0.833485677,0,2025-12-30 03:36:00.000000,2025-12-30 03:36:50.009062,1,BAY01_1022_20251230_032650_000.7z
2025-12-30 03:38:00,11.318365,0.011318365,3.715679,3.629267,3.973420,665600,768000,0.866666667,0,2025-12-30 03:38:08.000000,2025-12-30 03:38:59.999922,1,BAY01_1023_20251230_033808_000.7z
2025-12-30 03:39:00,11.335463,0.011335463,3.704842,3.651561,3.979061,768000,768000,1.000000000,1,2025-12-30 03:39:00.000000,2025-12-30 03:39:59.999922,1,BAY01_1023_20251230_033808_000.7z
2025-12-30 03:40:00,11.460176,0.011460176,3.787610,3.736288,3.936278,768000,768000,1.000000000,1,2025-12-30 03:40:00.000000,2025-12-30 03:40:59.999922,1,BAY01_1023_20251230_033808_000.7z
2025-12-30 03:41:00,11.426144,0.011426144,3.688278,3.743558,3.994308,768000,768000,1.000000000,1,2025-12-30 03:41:00.000000,2025-12-30 03:41:59.999922,1,BAY01_1023_20251230_033808_000.7z
2025-12-30 03:42:00,11.415117,0.011415117,3.747536,3.590636,4.076944,768000,768000,1.000000000,1,2025-12-30 03:42:00.000000,2025-12-30 03:42:59.999922,1,BAY01_1023_20251230_033808_000.7z
2025-12-30 03:43:00,11.427769,0.011427769,3.814923,3.634667,3.978179,768000,768000,1.000000000,1,2025-12-30 03:43:00.000000,2025-12-30 03:43:59.999922,1,BAY01_1023_20251230_033808_000.7z
2025-12-30 03:44:00,11.472503,0.011472503,3.697892,3.730741,4.043869,768000,768000,1.000000000,1,2025-12-30 03:44:00.000000,2025-12-30 03:44:59.999922,1,BAY01_1023_20251230_033808_000.7z
2025-12-30 03:45:00,11.426998,0.011426998,3.891608,3.563823,3.971566,768000,768000,1.000000000,1,2025-12-30 03:45:00.000000,2025-12-30 03:45:59.999922,1,BAY01_1023_20251230_033808_000.7z
2025-12-30 03:46:00,11.435694,0.011435694,3.735103,3.736560,3.964031,768000,768000,1.000000000,1,2025-12-30 03:46:00.000000,2025-12-30 03:46:59.999922,1,BAY01_1023_20251230_033808_000.7z
2025-12-30 03:47:00,11.411721,0.011411721,3.750624,3.701048,3.960049,768000,768000,1.000000000,1,2025-12-30 03:47:00.000000,2025-12-30 03:47:59.999922,1,BAY01_1023_20251230_033808_000.7z
2025-12-30 03:48:00,11.462121,0.011462121,3.747058,3.651382,4.063681,102440,768000,0.133385417,0,2025-12-30 03:48:00.000000,2025-12-30 03:48:08.003047,1,BAY01_1023_20251230_033808_000.7z
2025-12-30 03:49:00,11.365000,0.011365000,3.780387,3.678777,3.905837,512000,768000,0.666666667,0,2025-12-30 03:49:20.000000,2025-12-30 03:49:59.999922,1,BAY01_1024_20251230_034920_000.7z
2025-12-30 03:50:00,11.435524,0.011435524,3.744373,3.674128,4.017022,768000,768000,1.000000000,1,2025-12-30 03:50:00.000000,2025-12-30 03:50:59.999922,1,BAY01_1024_20251230_034920_000.7z
2025-12-30 03:51:00,11.376908,0.011376908,3.724209,3.644387,4.008312,768000,768000,1.000000000,1,2025-12-30 03:51:00.000000,2025-12-30 03:51:59.999922,1,BAY01_1024_20251230_034920_000.7z
2025-12-30 03:52:00,11.441456,0.011441456,3.778595,3.605083,4.057778,768000,768000,1.000000000,1,2025-12-30 03:52:00.000000,2025-12-30 03:52:59.999922,1,BAY01_1024_20251230_034920_000.7z
2025-12-30 03:53:00,11.449157,0.011449157,3.742305,3.665735,4.041117,768000,768000,1.000000000,1,2025-12-30 03:53:00.000000,2025-12-30 03:53:59.999922,1,BAY01_1024_20251230_034920_000.7z
2025-12-30 03:54:00,11.483750,0.011483750,3.687685,3.764660,4.031405,768000,768000,1.000000000,1,2025-12-30 03:54:00.000000,2025-12-30 03:54:59.999922,1,BAY01_1024_20251230_034920_000.7z
2025-12-30 03:55:00,11.396065,0.011396065,3.670170,3.729898,3.995997,768000,768000,1.000000000,1,2025-12-30 03:55:00.000000,2025-12-30 03:55:59.999922,1,BAY01_1024_20251230_034920_000.7z
2025-12-30 03:56:00,11.432043,0.011432043,3.740735,3.656604,4.034704,768000,768000,1.000000000,1,2025-12-30 03:56:00.000000,2025-12-30 03:56:59.999922,1,BAY01_1024_20251230_034920_000.7z
2025-12-30 03:57:00,11.485259,0.011485259,3.768658,3.739285,3.977316,768000,768000,1.000000000,1,2025-12-30 03:57:00.000000,2025-12-30 03:57:59.999922,1,BAY01_1024_20251230_034920_000.7z
2025-12-30 03:58:00,11.491602,0.011491602,3.738861,3.653253,4.099488,768000,768000,1.000000000,1,2025-12-30 03:58:00.000000,2025-12-30 03:58:59.999922,1,BAY01_1024_20251230_034920_000.7z
2025-12-30 03:59:00,11.375808,0.011375808,3.762221,3.623707,3.989879,256063,768000,0.333415365,0,2025-12-30 03:59:00.000000,2025-12-30 03:59:20.004844,1,BAY01_1024_20251230_034920_000.7z
2025-12-30 04:00:00,11.371835,0.011371835,3.658024,3.796787,3.917023,307200,768000,0.400000000,0,2025-12-30 04:00:36.000000,2025-12-30 04:00:59.999922,1,BAY01_1025_20251230_040036_000.7z
2025-12-30 04:01:00,11.337728,0.011337728,3.724436,3.694357,3.918936,768000,768000,1.000000000,1,2025-12-30 04:01:00.000000,2025-12-30 04:01:59.999922,1,BAY01_1025_20251230_040036_000.7z
2025-12-30 04:02:00,11.429367,0.011429367,3.765002,3.652511,4.011854,768000,768000,1.000000000,1,2025-12-30 04:02:00.000000,2025-12-30 04:02:59.999922,1,BAY01_1025_20251230_040036_000.7z
2025-12-30 04:03:00,11.417262,0.011417262,3.722571,3.597726,4.096965,768000,768000,1.000000000,1,2025-12-30 04:03:00.000000,2025-12-30 04:03:59.999922,1,BAY01_1025_20251230_040036_000.7z
2025-12-30 04:04:00,11.441656,0.011441656,3.774619,3.681912,3.985125,768000,768000,1.000000000,1,2025-12-30 04:04:00.000000,2025-12-30 04:04:59.999922,1,BAY01_1025_20251230_040036_000.7z
2025-12-30 04:05:00,11.435956,0.011435956,3.688243,3.688211,4.059502,768000,768000,1.000000000,1,2025-12-30 04:05:00.000000,2025-12-30 04:05:59.999922,1,BAY01_1025_20251230_040036_000.7z
2025-12-30 04:06:00,11.437486,0.011437486,3.760529,3.683743,3.993215,768000,768000,1.000000000,1,2025-12-30 04:06:00.000000,2025-12-30 04:06:59.999922,1,BAY01_1025_20251230_040036_000.7z
2025-12-30 04:07:00,11.429418,0.011429418,3.768743,3.654491,4.006184,768000,768000,1.000000000,1,2025-12-30 04:07:00.000000,2025-12-30 04:07:59.999922,1,BAY01_1025_20251230_040036_000.7z
2025-12-30 04:08:00,11.425099,0.011425099,3.774251,3.657332,3.993516,768000,768000,1.000000000,1,2025-12-30 04:08:00.000000,2025-12-30 04:08:59.999922,1,BAY01_1025_20251230_040036_000.7z
2025-12-30 04:09:00,11.433039,0.011433039,3.704101,3.728331,4.000607,768000,768000,1.000000000,1,2025-12-30 04:09:00.000000,2025-12-30 04:09:59.999922,1,BAY01_1025_20251230_040036_000.7z
2025-12-30 04:10:00,11.444825,0.011444825,3.733151,3.646212,4.065462,460819,768000,0.600024740,0,2025-12-30 04:10:00.000000,2025-12-30 04:10:36.001406,1,BAY01_1025_20251230_040036_000.7z
2025-12-30 04:11:00,11.371533,0.011371533,3.716054,3.663166,3.992313,166400,768000,0.216666667,0,2025-12-30 04:11:47.000000,2025-12-30 04:11:59.999922,1,BAY01_1026_20251230_041147_000.7z
2025-12-30 04:12:00,11.350037,0.011350037,3.739307,3.646186,3.964543,768000,768000,1.000000000,1,2025-12-30 04:12:00.000000,2025-12-30 04:12:59.999922,1,BAY01_1026_20251230_041147_000.7z
2025-12-30 04:13:00,11.476838,0.011476838,3.716604,3.692156,4.068079,768000,768000,1.000000000,1,2025-12-30 04:13:00.000000,2025-12-30 04:13:59.999922,1,BAY01_1026_20251230_041147_000.7z
2025-12-30 04:14:00,11.440454,0.011440454,3.801479,3.705545,3.933430,768000,768000,1.000000000,1,2025-12-30 04:14:00.000000,2025-12-30 04:14:59.999922,1,BAY01_1026_20251230_041147_000.7z
2025-12-30 04:15:00,11.427077,0.011427077,3.754252,3.679807,3.993019,768000,768000,1.000000000,1,2025-12-30 04:15:00.000000,2025-12-30 04:15:59.999922,1,BAY01_1026_20251230_041147_000.7z
2025-12-30 04:16:00,11.410779,0.011410779,3.708516,3.714065,3.988198,768000,768000,1.000000000,1,2025-12-30 04:16:00.000000,2025-12-30 04:16:59.999922,1,BAY01_1026_20251230_041147_000.7z
2025-12-30 04:17:00,11.495363,0.011495363,3.675950,3.730640,4.088773,768000,768000,1.000000000,1,2025-12-30 04:17:00.000000,2025-12-30 04:17:59.999922,1,BAY01_1026_20251230_041147_000.7z
2025-12-30 04:18:00,11.444659,0.011444659,3.787812,3.602150,4.054697,768000,768000,1.000000000,1,2025-12-30 04:18:00.000000,2025-12-30 04:18:59.999922,1,BAY01_1026_20251230_041147_000.7z
2025-12-30 04:19:00,11.472059,0.011472059,3.810329,3.700356,3.961373,768000,768000,1.000000000,1,2025-12-30 04:19:00.000000,2025-12-30 04:19:59.999922,1,BAY01_1026_20251230_041147_000.7z
2025-12-30 04:20:00,11.382266,0.011382266,3.768176,3.709313,3.904777,768000,768000,1.000000000,1,2025-12-30 04:20:00.000000,2025-12-30 04:20:59.999922,1,BAY01_1026_20251230_041147_000.7z
2025-12-30 04:21:00,11.463352,0.011463352,3.697947,3.753820,4.011585,601606,768000,0.783341146,0,2025-12-30 04:21:00.000000,2025-12-30 04:21:47.000391,1,BAY01_1026_20251230_041147_000.7z
2025-12-30 04:22:00,11.389721,0.011389721,3.766733,3.686462,3.936527,128000,768000,0.166666667,0,2025-12-30 04:22:50.000000,2025-12-30 04:22:59.999922,1,BAY01_1027_20251230_042250_000.7z
2025-12-30 04:23:00,11.385008,0.011385008,3.779097,3.708056,3.897856,768000,768000,1.000000000,1,2025-12-30 04:23:00.000000,2025-12-30 04:23:59.999922,1,BAY01_1027_20251230_042250_000.7z
2025-12-30 04:24:00,11.396600,0.011396600,3.732673,3.716438,3.947489,768000,768000,1.000000000,1,2025-12-30 04:24:00.000000,2025-12-30 04:24:59.999922,1,BAY01_1027_20251230_042250_000.7z
2025-12-30 04:25:00,11.465387,0.011465387,3.759724,3.653406,4.052257,768000,768000,1.000000000,1,2025-12-30 04:25:00.000000,2025-12-30 04:25:59.999922,1,BAY01_1027_20251230_042250_000.7z
2025-12-30 04:26:00,11.499055,0.011499055,3.803443,3.649329,4.046284,768000,768000,1.000000000,1,2025-12-30 04:26:00.000000,2025-12-30 04:26:59.999922,1,BAY01_1027_20251230_042250_000.7z
2025-12-30 04:27:00,11.472957,0.011472957,3.730729,3.647404,4.094824,768000,768000,1.000000000,1,2025-12-30 04:27:00.000000,2025-12-30 04:27:59.999922,1,BAY01_1027_20251230_042250_000.7z
2025-12-30 04:28:00,11.457465,0.011457465,3.663393,3.707828,4.086245,768000,768000,1.000000000,1,2025-12-30 04:28:00.000000,2025-12-30 04:28:59.999922,1,BAY01_1027_20251230_042250_000.7z
2025-12-30 04:29:00,11.450819,0.011450819,3.777687,3.716680,3.956453,768000,768000,1.000000000,1,2025-12-30 04:29:00.000000,2025-12-30 04:29:59.999922,1,BAY01_1027_20251230_042250_000.7z
2025-12-30 04:30:00,11.448329,0.011448329,3.706499,3.787246,3.954584,768000,768000,1.000000000,1,2025-12-30 04:30:00.000000,2025-12-30 04:30:59.999922,1,BAY01_1027_20251230_042250_000.7z
2025-12-30 04:31:00,11.509710,0.011509710,3.819998,3.649619,4.040093,768000,768000,1.000000000,1,2025-12-30 04:31:00.000000,2025-12-30 04:31:59.999922,1,BAY01_1027_20251230_042250_000.7z
2025-12-30 04:32:00,11.461533,0.011461533,3.804929,3.673461,3.983143,640113,768000,0.833480469,0,2025-12-30 04:32:00.000000,2025-12-30 04:32:50.008750,1,BAY01_1027_20251230_042250_000.7z
2025-12-30 04:34:00,11.362184,0.011362184,3.725362,3.627999,4.008822,524800,768000,0.683333333,0,2025-12-30 04:34:19.000000,2025-12-30 04:34:59.999922,1,BAY01_1028_20251230_043419_000.7z
2025-12-30 04:35:00,11.392333,0.011392333,3.655966,3.772109,3.964257,768000,768000,1.000000000,1,2025-12-30 04:35:00.000000,2025-12-30 04:35:59.999922,1,BAY01_1028_20251230_043419_000.7z
2025-12-30 04:36:00,11.426714,0.011426714,3.797125,3.603603,4.025987,768000,768000,1.000000000,1,2025-12-30 04:36:00.000000,2025-12-30 04:36:59.999922,1,BAY01_1028_20251230_043419_000.7z
2025-12-30 04:37:00,11.494124,0.011494124,3.777723,3.735585,3.980815,768000,768000,1.000000000,1,2025-12-30 04:37:00.000000,2025-12-30 04:37:59.999922,1,BAY01_1028_20251230_043419_000.7z
2025-12-30 04:38:00,11.475771,0.011475771,3.805348,3.650854,4.019570,768000,768000,1.000000000,1,2025-12-30 04:38:00.000000,2025-12-30 04:38:59.999922,1,BAY01_1028_20251230_043419_000.7z
2025-12-30 04:39:00,11.425371,0.011425371,3.678411,3.729884,4.017076,768000,768000,1.000000000,1,2025-12-30 04:39:00.000000,2025-12-30 04:39:59.999922,1,BAY01_1028_20251230_043419_000.7z
2025-12-30 04:40:00,11.491938,0.011491938,3.692043,3.770091,4.029804,768000,768000,1.000000000,1,2025-12-30 04:40:00.000000,2025-12-30 04:40:59.999922,1,BAY01_1028_20251230_043419_000.7z
2025-12-30 04:41:00,11.474384,0.011474384,3.771505,3.701275,4.001603,768000,768000,1.000000000,1,2025-12-30 04:41:00.000000,2025-12-30 04:41:59.999922,1,BAY01_1028_20251230_043419_000.7z
2025-12-30 04:42:00,11.469832,0.011469832,3.817951,3.622818,4.029063,768000,768000,1.000000000,1,2025-12-30 04:42:00.000000,2025-12-30 04:42:59.999922,1,BAY01_1028_20251230_043419_000.7z
2025-12-30 04:43:00,11.431336,0.011431336,3.819985,3.625340,3.986012,768000,768000,1.000000000,1,2025-12-30 04:43:00.000000,2025-12-30 04:43:59.999922,1,BAY01_1028_20251230_043419_000.7z
2025-12-30 04:44:00,11.561858,0.011561858,3.733973,3.803535,4.024350,243226,768000,0.316700521,0,2025-12-30 04:44:00.000000,2025-12-30 04:44:19.001953,1,BAY01_1028_20251230_043419_000.7z
2025-12-30 04:45:00,11.550857,0.011550857,3.543623,3.542694,4.464540,115200,768000,0.150000000,0,2025-12-30 04:45:51.000000,2025-12-30 04:45:59.999922,1,BAY01_1029_20251230_044551_000.7z
2025-12-30 04:46:00,11.314421,0.011314421,3.728366,3.651506,3.934549,768000,768000,1.000000000,1,2025-12-30 04:46:00.000000,2025-12-30 04:46:59.999922,1,BAY01_1029_20251230_044551_000.7z
2025-12-30 04:47:00,11.368688,0.011368688,3.787247,3.654233,3.927208,768000,768000,1.000000000,1,2025-12-30 04:47:00.000000,2025-12-30 04:47:59.999922,1,BAY01_1029_20251230_044551_000.7z
2025-12-30 04:48:00,11.438454,0.011438454,3.772356,3.683731,3.982367,768000,768000,1.000000000,1,2025-12-30 04:48:00.000000,2025-12-30 04:48:59.999922,1,BAY01_1029_20251230_044551_000.7z
2025-12-30 04:49:00,11.485835,0.011485835,3.775431,3.656518,4.053886,768000,768000,1.000000000,1,2025-12-30 04:49:00.000000,2025-12-30 04:49:59.999922,1,BAY01_1029_20251230_044551_000.7z
2025-12-30 04:50:00,11.447342,0.011447342,3.764400,3.685569,3.997374,768000,768000,1.000000000,1,2025-12-30 04:50:00.000000,2025-12-30 04:50:59.999922,1,BAY01_1029_20251230_044551_000.7z
2025-12-30 04:51:00,11.471210,0.011471210,3.728446,3.630847,4.111917,768000,768000,1.000000000,1,2025-12-30 04:51:00.000000,2025-12-30 04:51:59.999922,1,BAY01_1029_20251230_044551_000.7z
2025-12-30 04:52:00,11.458924,0.011458924,3.738718,3.699004,4.021203,768000,768000,1.000000000,1,2025-12-30 04:52:00.000000,2025-12-30 04:52:59.999922,1,BAY01_1029_20251230_044551_000.7z
2025-12-30 04:53:00,11.459715,0.011459715,3.674546,3.745089,4.040080,768000,768000,1.000000000,1,2025-12-30 04:53:00.000000,2025-12-30 04:53:59.999922,1,BAY01_1029_20251230_044551_000.7z
2025-12-30 04:54:00,11.475465,0.011475465,3.741700,3.666365,4.067400,768000,768000,1.000000000,1,2025-12-30 04:54:00.000000,2025-12-30 04:54:59.999922,1,BAY01_1029_20251230_044551_000.7z
2025-12-30 04:55:00,11.438903,0.011438903,3.687019,3.769171,3.982713,652819,768000,0.850024740,0,2025-12-30 04:55:00.000000,2025-12-30 04:55:51.001406,1,BAY01_1029_20251230_044551_000.7z
2025-12-30 04:57:00,11.382247,0.011382247,3.737243,3.653110,3.991893,166400,768000,0.216666667,0,2025-12-30 04:57:47.000000,2025-12-30 04:57:59.999922,1,BAY01_1030_20251230_045747_000.7z
2025-12-30 04:58:00,11.383200,0.011383200,3.697878,3.641678,4.043644,768000,768000,1.000000000,1,2025-12-30 04:58:00.000000,2025-12-30 04:58:59.999922,1,BAY01_1030_20251230_045747_000.7z
2025-12-30 04:59:00,11.370168,0.011370168,3.703898,3.696151,3.970118,768000,768000,1.000000000,1,2025-12-30 04:59:00.000000,2025-12-30 04:59:59.999922,1,BAY01_1030_20251230_045747_000.7z
2025-12-30 05:00:00,11.488325,0.011488325,3.767207,3.748042,3.973075,768000,768000,1.000000000,1,2025-12-30 05:00:00.000000,2025-12-30 05:00:59.999922,1,BAY01_1030_20251230_045747_000.7z
2025-12-30 05:01:00,11.441654,0.011441654,3.794897,3.727545,3.919213,768000,768000,1.000000000,1,2025-12-30 05:01:00.000000,2025-12-30 05:01:59.999922,1,BAY01_1030_20251230_045747_000.7z
2025-12-30 05:02:00,11.486321,0.011486321,3.688687,3.707542,4.090092,768000,768000,1.000000000,1,2025-12-30 05:02:00.000000,2025-12-30 05:02:59.999922,1,BAY01_1030_20251230_045747_000.7z
2025-12-30 05:03:00,11.427384,0.011427384,3.749910,3.659052,4.018422,768000,768000,1.000000000,1,2025-12-30 05:03:00.000000,2025-12-30 05:03:59.999922,1,BAY01_1030_20251230_045747_000.7z
2025-12-30 05:04:00,11.469221,0.011469221,3.731998,3.775268,3.961954,768000,768000,1.000000000,1,2025-12-30 05:04:00.000000,2025-12-30 05:04:59.999922,1,BAY01_1030_20251230_045747_000.7z
2025-12-30 05:05:00,11.476201,0.011476201,3.683957,3.735740,4.056504,768000,768000,1.000000000,1,2025-12-30 05:05:00.000000,2025-12-30 05:05:59.999922,1,BAY01_1030_20251230_045747_000.7z
2025-12-30 05:06:00,11.488448,0.011488448,3.847766,3.642374,3.998308,768000,768000,1.000000000,1,2025-12-30 05:06:00.000000,2025-12-30 05:06:59.999922,1,BAY01_1030_20251230_045747_000.7z
2025-12-30 05:07:00,11.524072,0.011524072,3.752340,3.685995,4.085737,601637,768000,0.783381510,0,2025-12-30 05:07:00.000000,2025-12-30 05:07:47.002812,1,BAY01_1030_20251230_045747_000.7z
2025-12-30 05:09:00,11.378962,0.011378962,3.639873,3.727950,4.011139,422400,768000,0.550000000,0,2025-12-30 05:09:27.000000,2025-12-30 05:09:59.999922,1,BAY01_1031_20251230_050927_000.7z
2025-12-30 05:10:00,11.357671,0.011357671,3.753142,3.657249,3.947280,768000,768000,1.000000000,1,2025-12-30 05:10:00.000000,2025-12-30 05:10:59.999922,1,BAY01_1031_20251230_050927_000.7z
2025-12-30 05:11:00,11.402831,0.011402831,3.778979,3.655518,3.968334,768000,768000,1.000000000,1,2025-12-30 05:11:00.000000,2025-12-30 05:11:59.999922,1,BAY01_1031_20251230_050927_000.7z
2025-12-30 05:12:00,11.472351,0.011472351,3.797464,3.650980,4.023908,768000,768000,1.000000000,1,2025-12-30 05:12:00.000000,2025-12-30 05:12:59.999922,1,BAY01_1031_20251230_050927_000.7z
2025-12-30 05:13:00,11.526900,0.011526900,3.751051,3.705642,4.070207,768000,768000,1.000000000,1,2025-12-30 05:13:00.000000,2025-12-30 05:13:59.999922,1,BAY01_1031_20251230_050927_000.7z
2025-12-30 05:14:00,11.423664,0.011423664,3.701217,3.688486,4.033961,768000,768000,1.000000000,1,2025-12-30 05:14:00.000000,2025-12-30 05:14:59.999922,1,BAY01_1031_20251230_050927_000.7z
2025-12-30 05:15:00,11.433995,0.011433995,3.706707,3.713113,4.014175,768000,768000,1.000000000,1,2025-12-30 05:15:00.000000,2025-12-30 05:15:59.999922,1,BAY01_1031_20251230_050927_000.7z
2025-12-30 05:16:00,11.445627,0.011445627,3.743091,3.698377,4.004158,768000,768000,1.000000000,1,2025-12-30 05:16:00.000000,2025-12-30 05:16:59.999922,1,BAY01_1031_20251230_050927_000.7z
2025-12-30 05:17:00,11.395853,0.011395853,3.761360,3.553896,4.080597,768000,768000,1.000000000,1,2025-12-30 05:17:00.000000,2025-12-30 05:17:59.999922,1,BAY01_1031_20251230_050927_000.7z
2025-12-30 05:18:00,11.480915,0.011480915,3.702690,3.700983,4.077242,768000,768000,1.000000000,1,2025-12-30 05:18:00.000000,2025-12-30 05:18:59.999922,1,BAY01_1031_20251230_050927_000.7z
2025-12-30 05:19:00,11.406437,0.011406437,3.869789,3.508728,4.027919,345700,768000,0.450130208,0,2025-12-30 05:19:00.000000,2025-12-30 05:19:27.007734,1,BAY01_1031_20251230_050927_000.7z
2025-12-30 05:20:00,11.469824,0.011469824,3.726543,3.743834,3.999448,204800,768000,0.266666667,0,2025-12-30 05:20:44.000000,2025-12-30 05:20:59.999922,1,BAY01_1032_20251230_052044_000.7z
2025-12-30 05:21:00,11.338263,0.011338263,3.652662,3.672057,4.013544,768000,768000,1.000000000,1,2025-12-30 05:21:00.000000,2025-12-30 05:21:59.999922,1,BAY01_1032_20251230_052044_000.7z
2025-12-30 05:22:00,11.418649,0.011418649,3.726791,3.733454,3.958404,768000,768000,1.000000000,1,2025-12-30 05:22:00.000000,2025-12-30 05:22:59.999922,1,BAY01_1032_20251230_052044_000.7z
2025-12-30 05:23:00,11.483597,0.011483597,3.681757,3.723892,4.077948,768000,768000,1.000000000,1,2025-12-30 05:23:00.000000,2025-12-30 05:23:59.999922,1,BAY01_1032_20251230_052044_000.7z
2025-12-30 05:24:00,11.424233,0.011424233,3.623917,3.759062,4.041254,768000,768000,1.000000000,1,2025-12-30 05:24:00.000000,2025-12-30 05:24:59.999922,1,BAY01_1032_20251230_052044_000.7z
2025-12-30 05:25:00,11.462533,0.011462533,3.641621,3.752208,4.068704,768000,768000,1.000000000,1,2025-12-30 05:25:00.000000,2025-12-30 05:25:59.999922,1,BAY01_1032_20251230_052044_000.7z
2025-12-30 05:26:00,11.448168,0.011448168,3.685191,3.738877,4.024099,768000,768000,1.000000000,1,2025-12-30 05:26:00.000000,2025-12-30 05:26:59.999922,1,BAY01_1032_20251230_052044_000.7z
2025-12-30 05:27:00,11.442106,0.011442106,3.767167,3.622661,4.052279,768000,768000,1.000000000,1,2025-12-30 05:27:00.000000,2025-12-30 05:27:59.999922,1,BAY01_1032_20251230_052044_000.7z
2025-12-30 05:28:00,11.464345,0.011464345,3.682998,3.726777,4.054570,768000,768000,1.000000000,1,2025-12-30 05:28:00.000000,2025-12-30 05:28:59.999922,1,BAY01_1032_20251230_052044_000.7z
2025-12-30 05:29:00,11.436075,0.011436075,3.694388,3.735139,4.006549,768000,768000,1.000000000,1,2025-12-30 05:29:00.000000,2025-12-30 05:29:59.999922,1,BAY01_1032_20251230_052044_000.7z
2025-12-30 05:30:00,11.437014,0.011437014,3.833101,3.625854,3.978060,563208,768000,0.733343750,0,2025-12-30 05:30:00.000000,2025-12-30 05:30:44.000547,1,BAY01_1032_20251230_052044_000.7z
2025-12-30 05:31:00,11.434782,0.011434782,3.678447,3.658063,4.098272,115200,768000,0.150000000,0,2025-12-30 05:31:51.000000,2025-12-30 05:31:59.999922,1,BAY01_1033_20251230_053151_000.7z
2025-12-30 05:32:00,11.386367,0.011386367,3.708182,3.632817,4.045368,768000,768000,1.000000000,1,2025-12-30 05:32:00.000000,2025-12-30 05:32:59.999922,1,BAY01_1033_20251230_053151_000.7z
2025-12-30 05:33:00,11.372826,0.011372826,3.723959,3.639835,4.009031,768000,768000,1.000000000,1,2025-12-30 05:33:00.000000,2025-12-30 05:33:59.999922,1,BAY01_1033_20251230_053151_000.7z
2025-12-30 05:34:00,11.415775,0.011415775,3.838582,3.628748,3.948446,768000,768000,1.000000000,1,2025-12-30 05:34:00.000000,2025-12-30 05:34:59.999922,1,BAY01_1033_20251230_053151_000.7z
2025-12-30 05:35:00,11.464850,0.011464850,3.921832,3.621317,3.921701,768000,768000,1.000000000,1,2025-12-30 05:35:00.000000,2025-12-30 05:35:59.999922,1,BAY01_1033_20251230_053151_000.7z
2025-12-30 05:36:00,11.466787,0.011466787,3.742458,3.781461,3.942868,768000,768000,1.000000000,1,2025-12-30 05:36:00.000000,2025-12-30 05:36:59.999922,1,BAY01_1033_20251230_053151_000.7z
2025-12-30 05:37:00,11.450923,0.011450923,3.714302,3.625788,4.110833,768000,768000,1.000000000,1,2025-12-30 05:37:00.000000,2025-12-30 05:37:59.999922,1,BAY01_1033_20251230_053151_000.7z
2025-12-30 05:38:00,11.466455,0.011466455,3.820361,3.670557,3.975537,768000,768000,1.000000000,1,2025-12-30 05:38:00.000000,2025-12-30 05:38:59.999922,1,BAY01_1033_20251230_053151_000.7z
2025-12-30 05:39:00,11.440523,0.011440523,3.796894,3.694661,3.948968,768000,768000,1.000000000,1,2025-12-30 05:39:00.000000,2025-12-30 05:39:59.999922,1,BAY01_1033_20251230_053151_000.7z
2025-12-30 05:40:00,11.503904,0.011503904,3.798177,3.738341,3.967386,768000,768000,1.000000000,1,2025-12-30 05:40:00.000000,2025-12-30 05:40:59.999922,1,BAY01_1033_20251230_053151_000.7z
2025-12-30 05:41:00,11.460009,0.011460009,3.807255,3.738451,3.914303,652856,768000,0.850072917,0,2025-12-30 05:41:00.000000,2025-12-30 05:41:51.004297,1,BAY01_1033_20251230_053151_000.7z
2025-12-30 05:42:00,11.342108,0.011342108,3.702966,3.764732,3.874411,51200,768000,0.066666667,0,2025-12-30 05:42:56.000000,2025-12-30 05:42:59.999922,1,BAY01_1034_20251230_054256_000.7z
2025-12-30 05:43:00,11.361270,0.011361270,3.708125,3.696247,3.956898,768000,768000,1.000000000,1,2025-12-30 05:43:00.000000,2025-12-30 05:43:59.999922,1,BAY01_1034_20251230_054256_000.7z
2025-12-30 05:44:00,11.368842,0.011368842,3.720159,3.627545,4.021138,768000,768000,1.000000000,1,2025-12-30 05:44:00.000000,2025-12-30 05:44:59.999922,1,BAY01_1034_20251230_054256_000.7z
2025-12-30 05:45:00,11.496625,0.011496625,3.714763,3.756630,4.025233,768000,768000,1.000000000,1,2025-12-30 05:45:00.000000,2025-12-30 05:45:59.999922,1,BAY01_1034_20251230_054256_000.7z
2025-12-30 05:46:00,11.426286,0.011426286,3.807314,3.642163,3.976809,768000,768000,1.000000000,1,2025-12-30 05:46:00.000000,2025-12-30 05:46:59.999922,1,BAY01_1034_20251230_054256_000.7z
2025-12-30 05:47:00,11.433608,0.011433608,3.748897,3.653798,4.030913,768000,768000,1.000000000,1,2025-12-30 05:47:00.000000,2025-12-30 05:47:59.999922,1,BAY01_1034_20251230_054256_000.7z
2025-12-30 05:48:00,11.437731,0.011437731,3.758223,3.621795,4.057713,768000,768000,1.000000000,1,2025-12-30 05:48:00.000000,2025-12-30 05:48:59.999922,1,BAY01_1034_20251230_054256_000.7z
2025-12-30 05:49:00,11.436266,0.011436266,3.784961,3.657060,3.994246,768000,768000,1.000000000,1,2025-12-30 05:49:00.000000,2025-12-30 05:49:59.999922,1,BAY01_1034_20251230_054256_000.7z
2025-12-30 05:50:00,11.450286,0.011450286,3.724631,3.738884,3.986770,768000,768000,1.000000000,1,2025-12-30 05:50:00.000000,2025-12-30 05:50:59.999922,1,BAY01_1034_20251230_054256_000.7z
2025-12-30 05:51:00,11.430569,0.011430569,3.751305,3.736543,3.942721,768000,768000,1.000000000,1,2025-12-30 05:51:00.000000,2025-12-30 05:51:59.999922,1,BAY01_1034_20251230_054256_000.7z
2025-12-30 05:52:00,11.419207,0.011419207,3.813981,3.592239,4.012988,716900,768000,0.933463542,0,2025-12-30 05:52:00.000000,2025-12-30 05:52:56.007734,1,BAY01_1034_20251230_054256_000.7z
2025-12-30 05:54:00,11.416883,0.011416883,3.728782,3.550218,4.137882,512000,768000,0.666666667,0,2025-12-30 05:54:20.000000,2025-12-30 05:54:59.999922,1,BAY01_1035_20251230_055420_000.7z
2025-12-30 05:55:00,11.386265,0.011386265,3.773289,3.554680,4.058296,768000,768000,1.000000000,1,2025-12-30 05:55:00.000000,2025-12-30 05:55:59.999922,1,BAY01_1035_20251230_055420_000.7z
2025-12-30 05:56:00,11.428694,0.011428694,3.764921,3.699297,3.964476,768000,768000,1.000000000,1,2025-12-30 05:56:00.000000,2025-12-30 05:56:59.999922,1,BAY01_1035_20251230_055420_000.7z
2025-12-30 05:57:00,11.498454,0.011498454,3.686671,3.717426,4.094358,768000,768000,1.000000000,1,2025-12-30 05:57:00.000000,2025-12-30 05:57:59.999922,1,BAY01_1035_20251230_055420_000.7z
2025-12-30 05:58:00,11.510798,0.011510798,3.718710,3.734582,4.057506,768000,768000,1.000000000,1,2025-12-30 05:58:00.000000,2025-12-30 05:58:59.999922,1,BAY01_1035_20251230_055420_000.7z
2025-12-30 05:59:00,11.439686,0.011439686,3.747039,3.623704,4.068944,768000,768000,1.000000000,1,2025-12-30 05:59:00.000000,2025-12-30 05:59:59.999922,1,BAY01_1035_20251230_055420_000.7z
2025-12-30 06:00:00,11.473101,0.011473101,3.712326,3.628915,4.131860,768000,768000,1.000000000,1,2025-12-30 06:00:00.000000,2025-12-30 06:00:59.999922,1,BAY01_1035_20251230_055420_000.7z
2025-12-30 06:01:00,11.432602,0.011432602,3.798934,3.669797,3.963871,768000,768000,1.000000000,1,2025-12-30 06:01:00.000000,2025-12-30 06:01:59.999922,1,BAY01_1035_20251230_055420_000.7z
2025-12-30 06:02:00,11.478300,0.011478300,3.728257,3.707887,4.042155,768000,768000,1.000000000,1,2025-12-30 06:02:00.000000,2025-12-30 06:02:59.999922,1,BAY01_1035_20251230_055420_000.7z
2025-12-30 06:03:00,11.497146,0.011497146,3.770303,3.692152,4.034692,768000,768000,1.000000000,1,2025-12-30 06:03:00.000000,2025-12-30 06:03:59.999922,1,BAY01_1035_20251230_055420_000.7z
2025-12-30 06:04:00,11.401124,0.011401124,3.750312,3.670913,3.979899,256050,768000,0.333398437,0,2025-12-30 06:04:00.000000,2025-12-30 06:04:20.003828,1,BAY01_1035_20251230_055420_000.7z
2025-12-30 06:05:00,11.393665,0.011393665,3.684678,3.714895,3.994092,256000,768000,0.333333333,0,2025-12-30 06:05:40.000000,2025-12-30 06:05:59.999922,1,BAY01_1036_20251230_060540_000.7z
2025-12-30 06:06:00,11.385741,0.011385741,3.728784,3.698207,3.958750,768000,768000,1.000000000,1,2025-12-30 06:06:00.000000,2025-12-30 06:06:59.999922,1,BAY01_1036_20251230_060540_000.7z
2025-12-30 06:07:00,11.416015,0.011416015,3.751738,3.649388,4.014890,768000,768000,1.000000000,1,2025-12-30 06:07:00.000000,2025-12-30 06:07:59.999922,1,BAY01_1036_20251230_060540_000.7z
2025-12-30 06:08:00,11.499142,0.011499142,3.802923,3.604810,4.091408,768000,768000,1.000000000,1,2025-12-30 06:08:00.000000,2025-12-30 06:08:59.999922,1,BAY01_1036_20251230_060540_000.7z
2025-12-30 06:09:00,11.445369,0.011445369,3.800537,3.631687,4.013145,768000,768000,1.000000000,1,2025-12-30 06:09:00.000000,2025-12-30 06:09:59.999922,1,BAY01_1036_20251230_060540_000.7z
2025-12-30 06:10:00,11.495320,0.011495320,3.741819,3.756552,3.996949,768000,768000,1.000000000,1,2025-12-30 06:10:00.000000,2025-12-30 06:10:59.999922,1,BAY01_1036_20251230_060540_000.7z
2025-12-30 06:11:00,11.433546,0.011433546,3.772074,3.642095,4.019377,768000,768000,1.000000000,1,2025-12-30 06:11:00.000000,2025-12-30 06:11:59.999922,1,BAY01_1036_20251230_060540_000.7z
2025-12-30 06:12:00,11.535408,0.011535408,3.785851,3.748684,4.000874,768000,768000,1.000000000,1,2025-12-30 06:12:00.000000,2025-12-30 06:12:59.999922,1,BAY01_1036_20251230_060540_000.7z
2025-12-30 06:13:00,11.490525,0.011490525,3.785243,3.665177,4.040105,768000,768000,1.000000000,1,2025-12-30 06:13:00.000000,2025-12-30 06:13:59.999922,1,BAY01_1036_20251230_060540_000.7z
2025-12-30 06:14:00,11.469331,0.011469331,3.759934,3.649959,4.059438,768000,768000,1.000000000,1,2025-12-30 06:14:00.000000,2025-12-30 06:14:59.999922,1,BAY01_1036_20251230_060540_000.7z
2025-12-30 06:15:00,11.496556,0.011496556,3.761480,3.711129,4.023947,512099,768000,0.666795573,0,2025-12-30 06:15:00.000000,2025-12-30 06:15:40.007656,1,BAY01_1036_20251230_060540_000.7z
2025-12-30 06:16:00,11.319311,0.011319311,3.650559,3.650753,4.017999,51200,768000,0.066666667,0,2025-12-30 06:16:56.000000,2025-12-30 06:16:59.999922,1,BAY01_1037_20251230_061656_000.7z
2025-12-30 06:17:00,11.360023,0.011360023,3.744265,3.581389,4.034369,768000,768000,1.000000000,1,2025-12-30 06:17:00.000000,2025-12-30 06:17:59.999922,1,BAY01_1037_20251230_061656_000.7z
2025-12-30 06:18:00,11.407316,0.011407316,3.747154,3.669763,3.990399,768000,768000,1.000000000,1,2025-12-30 06:18:00.000000,2025-12-30 06:18:59.999922,1,BAY01_1037_20251230_061656_000.7z
2025-12-30 06:19:00,11.470286,0.011470286,3.757408,3.626085,4.086793,768000,768000,1.000000000,1,2025-12-30 06:19:00.000000,2025-12-30 06:19:59.999922,1,BAY01_1037_20251230_061656_000.7z
2025-12-30 06:20:00,11.452183,0.011452183,3.750665,3.701467,4.000051,768000,768000,1.000000000,1,2025-12-30 06:20:00.000000,2025-12-30 06:20:59.999922,1,BAY01_1037_20251230_061656_000.7z
2025-12-30 06:21:00,11.457841,0.011457841,3.741274,3.679194,4.037373,768000,768000,1.000000000,1,2025-12-30 06:21:00.000000,2025-12-30 06:21:59.999922,1,BAY01_1037_20251230_061656_000.7z
2025-12-30 06:22:00,11.459351,0.011459351,3.747116,3.676530,4.035704,768000,768000,1.000000000,1,2025-12-30 06:22:00.000000,2025-12-30 06:22:59.999922,1,BAY01_1037_20251230_061656_000.7z
2025-12-30 06:23:00,11.458448,0.011458448,3.777420,3.678009,4.003019,768000,768000,1.000000000,1,2025-12-30 06:23:00.000000,2025-12-30 06:23:59.999922,1,BAY01_1037_20251230_061656_000.7z
2025-12-30 06:24:00,11.421182,0.011421182,3.768407,3.598280,4.054495,768000,768000,1.000000000,1,2025-12-30 06:24:00.000000,2025-12-30 06:24:59.999922,1,BAY01_1037_20251230_061656_000.7z
2025-12-30 06:25:00,11.514405,0.011514405,3.750735,3.736808,4.026862,768000,768000,1.000000000,1,2025-12-30 06:25:00.000000,2025-12-30 06:25:59.999922,1,BAY01_1037_20251230_061656_000.7z
2025-12-30 06:26:00,11.459990,0.011459990,3.772656,3.665623,4.021710,716900,768000,0.933463542,0,2025-12-30 06:26:00.000000,2025-12-30 06:26:56.007734,1,BAY01_1037_20251230_061656_000.7z
2025-12-30 06:28:00,11.325941,0.011325941,3.738986,3.654515,3.932440,435200,768000,0.566666667,0,2025-12-30 06:28:26.000000,2025-12-30 06:28:59.999922,1,BAY01_1038_20251230_062826_000.7z
2025-12-30 06:29:00,11.334859,0.011334859,3.768266,3.611046,3.955548,768000,768000,1.000000000,1,2025-12-30 06:29:00.000000,2025-12-30 06:29:59.999922,1,BAY01_1038_20251230_062826_000.7z
2025-12-30 06:30:00,11.396983,0.011396983,3.731885,3.659258,4.005840,768000,768000,1.000000000,1,2025-12-30 06:30:00.000000,2025-12-30 06:30:59.999922,1,BAY01_1038_20251230_062826_000.7z
2025-12-30 06:31:00,11.450781,0.011450781,3.701547,3.757732,3.991502,768000,768000,1.000000000,1,2025-12-30 06:31:00.000000,2025-12-30 06:31:59.999922,1,BAY01_1038_20251230_062826_000.7z
2025-12-30 06:32:00,11.406232,0.011406232,3.742469,3.687909,3.975854,768000,768000,1.000000000,1,2025-12-30 06:32:00.000000,2025-12-30 06:32:59.999922,1,BAY01_1038_20251230_062826_000.7z
2025-12-30 06:33:00,11.466824,0.011466824,3.699642,3.702621,4.064561,768000,768000,1.000000000,1,2025-12-30 06:33:00.000000,2025-12-30 06:33:59.999922,1,BAY01_1038_20251230_062826_000.7z
2025-12-30 06:34:00,11.453167,0.011453167,3.722490,3.711028,4.019649,768000,768000,1.000000000,1,2025-12-30 06:34:00.000000,2025-12-30 06:34:59.999922,1,BAY01_1038_20251230_062826_000.7z
2025-12-30 06:35:00,11.465878,0.011465878,3.751500,3.749461,3.964916,768000,768000,1.000000000,1,2025-12-30 06:35:00.000000,2025-12-30 06:35:59.999922,1,BAY01_1038_20251230_062826_000.7z
2025-12-30 06:36:00,11.449347,0.011449347,3.832552,3.666702,3.950094,768000,768000,1.000000000,1,2025-12-30 06:36:00.000000,2025-12-30 06:36:59.999922,1,BAY01_1038_20251230_062826_000.7z
2025-12-30 06:37:00,11.430544,0.011430544,3.683579,3.703470,4.043495,768000,768000,1.000000000,1,2025-12-30 06:37:00.000000,2025-12-30 06:37:59.999922,1,BAY01_1038_20251230_062826_000.7z
2025-12-30 06:38:00,11.502825,0.011502825,3.740150,3.716040,4.046635,332861,768000,0.433412760,0,2025-12-30 06:38:00.000000,2025-12-30 06:38:26.004688,1,BAY01_1038_20251230_062826_000.7z
2025-12-30 06:39:00,11.377860,0.011377860,3.677575,3.593610,4.106675,140800,768000,0.183333333,0,2025-12-30 06:39:49.000000,2025-12-30 06:39:59.999922,1,BAY01_1039_20251230_063949_000.7z
2025-12-30 06:40:00,11.349413,0.011349413,3.674222,3.670639,4.004553,768000,768000,1.000000000,1,2025-12-30 06:40:00.000000,2025-12-30 06:40:59.999922,1,BAY01_1039_20251230_063949_000.7z
2025-12-30 06:41:00,11.423704,0.011423704,3.730511,3.707006,3.986187,768000,768000,1.000000000,1,2025-12-30 06:41:00.000000,2025-12-30 06:41:59.999922,1,BAY01_1039_20251230_063949_000.7z
2025-12-30 06:42:00,11.427897,0.011427897,3.784312,3.674745,3.968839,768000,768000,1.000000000,1,2025-12-30 06:42:00.000000,2025-12-30 06:42:59.999922,1,BAY01_1039_20251230_063949_000.7z
2025-12-30 06:43:00,11.422490,0.011422490,3.710774,3.663464,4.048252,768000,768000,1.000000000,1,2025-12-30 06:43:00.000000,2025-12-30 06:43:59.999922,1,BAY01_1039_20251230_063949_000.7z
2025-12-30 06:44:00,11.424145,0.011424145,3.730583,3.701613,3.991949,768000,768000,1.000000000,1,2025-12-30 06:44:00.000000,2025-12-30 06:44:59.999922,1,BAY01_1039_20251230_063949_000.7z
2025-12-30 06:45:00,11.419813,0.011419813,3.731500,3.674335,4.013978,768000,768000,1.000000000,1,2025-12-30 06:45:00.000000,2025-12-30 06:45:59.999922,1,BAY01_1039_20251230_063949_000.7z
2025-12-30 06:46:00,11.436375,0.011436375,3.761834,3.652614,4.021927,768000,768000,1.000000000,1,2025-12-30 06:46:00.000000,2025-12-30 06:46:59.999922,1,BAY01_1039_20251230_063949_000.7z
2025-12-30 06:47:00,11.406096,0.011406096,3.782019,3.631035,3.993042,768000,768000,1.000000000,1,2025-12-30 06:47:00.000000,2025-12-30 06:47:59.999922,1,BAY01_1039_20251230_063949_000.7z
2025-12-30 06:48:00,11.458260,0.011458260,3.734079,3.666891,4.057289,768000,768000,1.000000000,1,2025-12-30 06:48:00.000000,2025-12-30 06:48:59.999922,1,BAY01_1039_20251230_063949_000.7z
2025-12-30 06:49:00,11.412668,0.011412668,3.715284,3.634702,4.062682,627296,768000,0.816791667,0,2025-12-30 06:49:00.000000,2025-12-30 06:49:49.007422,1,BAY01_1039_20251230_063949_000.7z
2025-12-30 06:51:00,11.332967,0.011332967,3.727169,3.599890,4.005909,678400,768000,0.883333333,0,2025-12-30 06:51:07.000000,2025-12-30 06:51:59.999922,1,BAY01_1040_20251230_065107_000.7z
2025-12-30 06:52:00,12.084763,0.012084763,4.771067,3.189268,4.124427,768000,768000,1.000000000,1,2025-12-30 06:52:00.000000,2025-12-30 06:52:59.999922,1,BAY01_1040_20251230_065107_000.7z
2025-12-30 06:53:00,14.926283,0.014926283,7.861595,2.026768,5.037920,768000,768000,1.000000000,1,2025-12-30 06:53:00.000000,2025-12-30 06:53:59.999922,1,BAY01_1040_20251230_065107_000.7z
2025-12-30 06:54:00,15.048121,0.015048121,7.842829,2.049567,5.155726,768000,768000,1.000000000,1,2025-12-30 06:54:00.000000,2025-12-30 06:54:59.999922,1,BAY01_1040_20251230_065107_000.7z
2025-12-30 06:55:00,14.963550,0.014963550,7.839594,2.023339,5.100617,768000,768000,1.000000000,1,2025-12-30 06:55:00.000000,2025-12-30 06:55:59.999922,1,BAY01_1040_20251230_065107_000.7z
2025-12-30 06:56:00,14.985630,0.014985630,7.826317,2.034075,5.125237,768000,768000,1.000000000,1,2025-12-30 06:56:00.000000,2025-12-30 06:56:59.999922,1,BAY01_1040_20251230_065107_000.7z
2025-12-30 06:57:00,14.965429,0.014965429,7.843043,2.041486,5.080901,768000,768000,1.000000000,1,2025-12-30 06:57:00.000000,2025-12-30 06:57:59.999922,1,BAY01_1040_20251230_065107_000.7z
2025-12-30 06:58:00,15.001958,0.015001958,7.845662,2.011707,5.144589,768000,768000,1.000000000,1,2025-12-30 06:58:00.000000,2025-12-30 06:58:59.999922,1,BAY01_1040_20251230_065107_000.7z
2025-12-30 06:59:00,14.742392,0.014742392,7.802816,2.073157,4.866418,768000,768000,1.000000000,1,2025-12-30 06:59:00.000000,2025-12-30 06:59:59.999922,1,BAY01_1040_20251230_065107_000.7z
2025-12-30 07:00:00,14.489615,0.014489615,7.784062,2.093969,4.611583,768000,768000,1.000000000,1,2025-12-30 07:00:00.000000,2025-12-30 07:00:59.999922,1,BAY01_1040_20251230_065107_000.7z
2025-12-30 07:01:00,14.558591,0.014558591,7.786225,2.013464,4.758902,89697,768000,0.116792969,0,2025-12-30 07:01:00.000000,2025-12-30 07:01:07.007500,1,BAY01_1040_20251230_065107_000.7z
2025-12-30 07:02:00,14.269055,0.014269055,7.722028,1.889014,4.658013,12800,768000,0.016666667,0,2025-12-30 07:02:59.000000,2025-12-30 07:02:59.999922,1,BAY01_1041_20251230_070259_000.7z
2025-12-30 07:03:00,14.292535,0.014292535,7.366664,-0.025227,6.951098,768000,768000,1.000000000,1,2025-12-30 07:03:00.000000,2025-12-30 07:03:59.999922,1,BAY01_1041_20251230_070259_000.7z
2025-12-30 07:04:00,14.278750,0.014278750,7.216236,-0.709692,7.772207,768000,768000,1.000000000,1,2025-12-30 07:04:00.000000,2025-12-30 07:04:59.999922,1,BAY01_1041_20251230_070259_000.7z
2025-12-30 07:05:00,14.285063,0.014285063,7.238277,-0.708077,7.754863,768000,768000,1.000000000,1,2025-12-30 07:05:00.000000,2025-12-30 07:05:59.999922,1,BAY01_1041_20251230_070259_000.7z
2025-12-30 07:06:00,13.979230,0.013979230,7.183978,-0.669113,7.464364,768000,768000,1.000000000,1,2025-12-30 07:06:00.000000,2025-12-30 07:06:59.999922,1,BAY01_1041_20251230_070259_000.7z
2025-12-30 07:07:00,13.977465,0.013977465,7.204237,-0.615086,7.388313,768000,768000,1.000000000,1,2025-12-30 07:07:00.000000,2025-12-30 07:07:59.999922,1,BAY01_1041_20251230_070259_000.7z
2025-12-30 07:08:00,13.982358,0.013982358,7.199483,-0.627757,7.410633,768000,768000,1.000000000,1,2025-12-30 07:08:00.000000,2025-12-30 07:08:59.999922,1,BAY01_1041_20251230_070259_000.7z
2025-12-30 07:09:00,14.010072,0.014010072,7.260592,-0.690086,7.439566,768000,768000,1.000000000,1,2025-12-30 07:09:00.000000,2025-12-30 07:09:59.999922,1,BAY01_1041_20251230_070259_000.7z
2025-12-30 07:10:00,13.952818,0.013952818,7.169265,-0.661772,7.445326,768000,768000,1.000000000,1,2025-12-30 07:10:00.000000,2025-12-30 07:10:59.999922,1,BAY01_1041_20251230_070259_000.7z
2025-12-30 07:11:00,13.977369,0.013977369,7.216482,-0.711841,7.472729,768000,768000,1.000000000,1,2025-12-30 07:11:00.000000,2025-12-30 07:11:59.999922,1,BAY01_1041_20251230_070259_000.7z
2025-12-30 07:12:00,13.989322,0.013989322,7.262465,-0.676249,7.403105,755213,768000,0.983350260,0,2025-12-30 07:12:00.000000,2025-12-30 07:12:59.000938,1,BAY01_1041_20251230_070259_000.7z
2025-12-30 07:14:00,13.903242,0.013903242,7.160187,-0.665524,7.408579,729600,768000,0.950000000,0,2025-12-30 07:14:03.000000,2025-12-30 07:14:59.999922,1,BAY01_1042_20251230_071403_000.7z
2025-12-30 07:15:00,13.863659,0.013863659,7.171711,-0.662268,7.354216,768000,768000,1.000000000,1,2025-12-30 07:15:00.000000,2025-12-30 07:15:59.999922,1,BAY01_1042_20251230_071403_000.7z
2025-12-30 07:16:00,13.967151,0.013967151,7.193739,-0.593185,7.366597,768000,768000,1.000000000,1,2025-12-30 07:16:00.000000,2025-12-30 07:16:59.999922,1,BAY01_1042_20251230_071403_000.7z
2025-12-30 07:17:00,13.977025,0.013977025,7.213254,-0.674447,7.438218,768000,768000,1.000000000,1,2025-12-30 07:17:00.000000,2025-12-30 07:17:59.999922,1,BAY01_1042_20251230_071403_000.7z
2025-12-30 07:18:00,13.937320,0.013937320,7.231042,-0.714781,7.421059,768000,768000,1.000000000,1,2025-12-30 07:18:00.000000,2025-12-30 07:18:59.999922,1,BAY01_1042_20251230_071403_000.7z
2025-12-30 07:19:00,13.917845,0.013917845,7.255493,-0.702487,7.364838,768000,768000,1.000000000,1,2025-12-30 07:19:00.000000,2025-12-30 07:19:59.999922,1,BAY01_1042_20251230_071403_000.7z
2025-12-30 07:20:00,13.952504,0.013952504,7.231170,-0.628203,7.349537,768000,768000,1.000000000,1,2025-12-30 07:20:00.000000,2025-12-30 07:20:59.999922,1,BAY01_1042_20251230_071403_000.7z
2025-12-30 07:21:00,13.918621,0.013918621,7.204984,-0.677685,7.391322,768000,768000,1.000000000,1,2025-12-30 07:21:00.000000,2025-12-30 07:21:59.999922,1,BAY01_1042_20251230_071403_000.7z
2025-12-30 07:22:00,13.888995,0.013888995,7.122615,-0.653870,7.420251,768000,768000,1.000000000,1,2025-12-30 07:22:00.000000,2025-12-30 07:22:59.999922,1,BAY01_1042_20251230_071403_000.7z
2025-12-30 07:23:00,13.928713,0.013928713,7.274701,-0.657090,7.311102,768000,768000,1.000000000,1,2025-12-30 07:23:00.000000,2025-12-30 07:23:59.999922,1,BAY01_1042_20251230_071403_000.7z
2025-12-30 07:24:00,13.722769,0.013722769,7.474022,-0.792890,7.041637,38449,768000,0.050063802,0,2025-12-30 07:24:00.000000,2025-12-30 07:24:03.003750,1,BAY01_1042_20251230_071403_000.7z
2025-12-30 07:25:00,13.859118,0.013859118,7.124169,-0.758911,7.493860,256000,768000,0.333333333,0,2025-12-30 07:25:40.000000,2025-12-30 07:25:59.999922,1,BAY01_1043_20251230_072540_000.7z
2025-12-30 07:26:00,13.807051,0.013807051,7.218810,-0.681755,7.269996,768000,768000,1.000000000,1,2025-12-30 07:26:00.000000,2025-12-30 07:26:59.999922,1,BAY01_1043_20251230_072540_000.7z
2025-12-30 07:27:00,13.829896,0.013829896,7.140323,-0.633791,7.323363,768000,768000,1.000000000,1,2025-12-30 07:27:00.000000,2025-12-30 07:27:59.999922,1,BAY01_1043_20251230_072540_000.7z
2025-12-30 07:28:00,13.921052,0.013921052,7.170423,-0.630523,7.381153,768000,768000,1.000000000,1,2025-12-30 07:28:00.000000,2025-12-30 07:28:59.999922,1,BAY01_1043_20251230_072540_000.7z
2025-12-30 07:29:00,13.930309,0.013930309,7.272893,-0.658714,7.316129,768000,768000,1.000000000,1,2025-12-30 07:29:00.000000,2025-12-30 07:29:59.999922,1,BAY01_1043_20251230_072540_000.7z
2025-12-30 07:30:00,13.906168,0.013906168,7.150569,-0.601791,7.357391,768000,768000,1.000000000,1,2025-12-30 07:30:00.000000,2025-12-30 07:30:59.999922,1,BAY01_1043_20251230_072540_000.7z
2025-12-30 07:31:00,13.897971,0.013897971,7.208585,-0.586470,7.275856,768000,768000,1.000000000,1,2025-12-30 07:31:00.000000,2025-12-30 07:31:59.999922,1,BAY01_1043_20251230_072540_000.7z
2025-12-30 07:32:00,14.130089,0.014130089,7.397017,-0.640509,7.373581,768000,768000,1.000000000,1,2025-12-30 07:32:00.000000,2025-12-30 07:32:59.999922,1,BAY01_1043_20251230_072540_000.7z
2025-12-30 07:33:00,2850.189591,2.850189591,2842.624958,0.185691,7.378942,768000,768000,1.000000000,1,2025-12-30 07:33:00.000000,2025-12-30 07:33:59.999922,1,BAY01_1043_20251230_072540_000.7z
2025-12-30 07:34:00,5941.561599,5.941561599,3532.228499,2401.582057,7.751042,768000,768000,1.000000000,1,2025-12-30 07:34:00.000000,2025-12-30 07:34:59.999922,1,BAY01_1043_20251230_072540_000.7z
2025-12-30 07:35:00,7006.522034,7.006522034,3523.918297,3472.899046,9.704691,512059,768000,0.666743490,0,2025-12-30 07:35:00.000000,2025-12-30 07:35:40.004531,1,BAY01_1043_20251230_072540_000.7z
2025-12-30 07:37:00,7951.251391,7.951251391,3525.044332,3473.204931,953.002128,345600,768000,0.450000000,0,2025-12-30 07:37:33.000000,2025-12-30 07:37:59.999922,1,BAY01_1044_20251230_073733_000.7z
2025-12-30 07:38:00,10348.059249,10.348059249,3527.149820,3481.136831,3339.772598,768000,768000,1.000000000,1,2025-12-30 07:38:00.000000,2025-12-30 07:38:59.999922,1,BAY01_1044_20251230_073733_000.7z
2025-12-30 07:39:00,10364.633654,10.364633654,3533.775640,3485.938516,3344.919498,768000,768000,1.000000000,1,2025-12-30 07:39:00.000000,2025-12-30 07:39:59.999922,1,BAY01_1044_20251230_073733_000.7z
2025-12-30 07:40:00,10372.384500,10.372384500,3536.946365,3485.810436,3349.627699,768000,768000,1.000000000,1,2025-12-30 07:40:00.000000,2025-12-30 07:40:59.999922,1,BAY01_1044_20251230_073733_000.7z
2025-12-30 07:41:00,10382.242126,10.382242126,3532.531842,3492.083643,3357.626641,768000,768000,1.000000000,1,2025-12-30 07:41:00.000000,2025-12-30 07:41:59.999922,1,BAY01_1044_20251230_073733_000.7z
2025-12-30 07:42:00,10390.699045,10.390699045,3531.386814,3492.346096,3366.966135,768000,768000,1.000000000,1,2025-12-30 07:42:00.000000,2025-12-30 07:42:59.999922,1,BAY01_1044_20251230_073733_000.7z
2025-12-30 07:43:00,10402.361804,10.402361804,3530.197037,3495.415847,3376.748921,768000,768000,1.000000000,1,2025-12-30 07:43:00.000000,2025-12-30 07:43:59.999922,1,BAY01_1044_20251230_073733_000.7z
2025-12-30 07:44:00,10403.735783,10.403735783,3522.644437,3496.489745,3384.601601,768000,768000,1.000000000,1,2025-12-30 07:44:00.000000,2025-12-30 07:44:59.999922,1,BAY01_1044_20251230_073733_000.7z
2025-12-30 07:45:00,10411.801176,10.411801176,3528.854664,3491.587042,3391.359470,768000,768000,1.000000000,1,2025-12-30 07:45:00.000000,2025-12-30 07:45:59.999922,1,BAY01_1044_20251230_073733_000.7z
2025-12-30 07:46:00,10405.439036,10.405439036,3527.217607,3491.035356,3387.186073,768000,768000,1.000000000,1,2025-12-30 07:46:00.000000,2025-12-30 07:46:59.999922,1,BAY01_1044_20251230_073733_000.7z
2025-12-30 07:47:00,10411.917982,10.411917982,3528.352590,3493.481966,3390.083426,422483,768000,0.550108073,0,2025-12-30 07:47:00.000000,2025-12-30 07:47:33.006406,1,BAY01_1044_20251230_073733_000.7z
2025-12-30 07:49:00,10421.392808,10.421392808,3532.090924,3493.232626,3396.069258,563200,768000,0.733333333,0,2025-12-30 07:49:16.000000,2025-12-30 07:49:59.999922,1,BAY01_1045_20251230_074916_000.7z
2025-12-30 07:50:00,10439.328583,10.439328583,3536.331830,3496.681236,3406.315517,768000,768000,1.000000000,1,2025-12-30 07:50:00.000000,2025-12-30 07:50:59.999922,1,BAY01_1045_20251230_074916_000.7z
2025-12-30 07:51:00,10441.433665,10.441433665,3530.537527,3494.928072,3415.968066,768000,768000,1.000000000,1,2025-12-30 07:51:00.000000,2025-12-30 07:51:59.999922,1,BAY01_1045_20251230_074916_000.7z
2025-12-30 07:52:00,10459.708061,10.459708061,3534.550996,3498.653789,3426.503275,768000,768000,1.000000000,1,2025-12-30 07:52:00.000000,2025-12-30 07:52:59.999922,1,BAY01_1045_20251230_074916_000.7z
2025-12-30 07:53:00,10456.811551,10.456811551,3538.961844,3496.090591,3421.759116,768000,768000,1.000000000,1,2025-12-30 07:53:00.000000,2025-12-30 07:53:59.999922,1,BAY01_1045_20251230_074916_000.7z
2025-12-30 07:54:00,10462.646595,10.462646595,3540.166369,3497.235515,3425.244711,768000,768000,1.000000000,1,2025-12-30 07:54:00.000000,2025-12-30 07:54:59.999922,1,BAY01_1045_20251230_074916_000.7z
2025-12-30 07:55:00,10479.235971,10.479235971,3545.287648,3500.612888,3433.335435,768000,768000,1.000000000,1,2025-12-30 07:55:00.000000,2025-12-30 07:55:59.999922,1,BAY01_1045_20251230_074916_000.7z
2025-12-30 07:56:00,10486.073368,10.486073368,3544.158698,3500.829232,3441.085438,768000,768000,1.000000000,1,2025-12-30 07:56:00.000000,2025-12-30 07:56:59.999922,1,BAY01_1045_20251230_074916_000.7z
2025-12-30 07:57:00,10498.169209,10.498169209,3549.397110,3497.059171,3451.712928,768000,768000,1.000000000,1,2025-12-30 07:57:00.000000,2025-12-30 07:57:59.999922,1,BAY01_1045_20251230_074916_000.7z
2025-12-30 07:58:00,10496.995078,10.496995078,3542.083517,3501.831624,3453.079937,768000,768000,1.000000000,1,2025-12-30 07:58:00.000000,2025-12-30 07:58:59.999922,1,BAY01_1045_20251230_074916_000.7z
2025-12-30 07:59:00,10493.520715,10.493520715,3547.286241,3499.230926,3447.003548,204802,768000,0.266669271,0,2025-12-30 07:59:00.000000,2025-12-30 07:59:16.000078,1,BAY01_1045_20251230_074916_000.7z
2025-12-30 08:00:00,10497.225519,10.497225519,3546.681458,3502.029828,3448.514233,204800,768000,0.266666667,0,2025-12-30 08:00:44.000000,2025-12-30 08:00:59.999922,1,BAY01_1046_20251230_080044_000.7z
2025-12-30 08:01:00,10507.170910,10.507170910,3550.985033,3500.040115,3456.145762,768000,768000,1.000000000,1,2025-12-30 08:01:00.000000,2025-12-30 08:01:59.999922,1,BAY01_1046_20251230_080044_000.7z
2025-12-30 08:02:00,10492.837593,10.492837593,3530.759529,3503.273932,3458.804133,768000,768000,1.000000000,1,2025-12-30 08:02:00.000000,2025-12-30 08:02:59.999922,1,BAY01_1046_20251230_080044_000.7z
2025-12-30 08:03:00,10481.912644,10.481912644,3529.387385,3498.307046,3454.218213,768000,768000,1.000000000,1,2025-12-30 08:03:00.000000,2025-12-30 08:03:59.999922,1,BAY01_1046_20251230_080044_000.7z
2025-12-30 08:04:00,10474.263782,10.474263782,3524.385238,3491.201860,3458.676684,768000,768000,1.000000000,1,2025-12-30 08:04:00.000000,2025-12-30 08:04:59.999922,1,BAY01_1046_20251230_080044_000.7z
2025-12-30 08:05:00,10478.408266,10.478408266,3526.589521,3493.463162,3458.355582,768000,768000,1.000000000,1,2025-12-30 08:05:00.000000,2025-12-30 08:05:59.999922,1,BAY01_1046_20251230_080044_000.7z
2025-12-30 08:06:00,10469.002328,10.469002328,3528.969983,3486.978641,3453.053704,768000,768000,1.000000000,1,2025-12-30 08:06:00.000000,2025-12-30 08:06:59.999922,1,BAY01_1046_20251230_080044_000.7z
2025-12-30 08:07:00,10480.002219,10.480002219,3532.356965,3490.602575,3457.042679,768000,768000,1.000000000,1,2025-12-30 08:07:00.000000,2025-12-30 08:07:59.999922,1,BAY01_1046_20251230_080044_000.7z
2025-12-30 08:08:00,10486.557360,10.486557360,3530.866437,3496.581349,3459.109574,768000,768000,1.000000000,1,2025-12-30 08:08:00.000000,2025-12-30 08:08:59.999922,1,BAY01_1046_20251230_080044_000.7z
2025-12-30 08:09:00,10481.165151,10.481165151,3533.875101,3492.623633,3454.666418,768000,768000,1.000000000,1,2025-12-30 08:09:00.000000,2025-12-30 08:09:59.999922,1,BAY01_1046_20251230_080044_000.7z
2025-12-30 08:10:00,10486.297262,10.486297262,3533.880370,3495.464385,3456.952507,563260,768000,0.733411458,0,2025-12-30 08:10:00.000000,2025-12-30 08:10:44.004609,1,BAY01_1046_20251230_080044_000.7z
2025-12-30 08:12:00,10496.070335,10.496070335,3539.182772,3501.029446,3455.858117,64000,768000,0.083333333,0,2025-12-30 08:12:55.000000,2025-12-30 08:12:59.999922,1,BAY01_1047_20251230_081255_000.7z
2025-12-30 08:13:00,10494.631728,10.494631728,3539.258445,3495.982436,3459.390847,768000,768000,1.000000000,1,2025-12-30 08:13:00.000000,2025-12-30 08:13:59.999922,1,BAY01_1047_20251230_081255_000.7z
2025-12-30 08:14:00,10488.941414,10.488941414,3535.843281,3494.318628,3458.779505,768000,768000,1.000000000,1,2025-12-30 08:14:00.000000,2025-12-30 08:14:59.999922,1,BAY01_1047_20251230_081255_000.7z
2025-12-30 08:15:00,10482.593119,10.482593119,3538.185139,3487.206066,3457.201913,768000,768000,1.000000000,1,2025-12-30 08:15:00.000000,2025-12-30 08:15:59.999922,1,BAY01_1047_20251230_081255_000.7z
2025-12-30 08:16:00,10487.228684,10.487228684,3542.067909,3488.021759,3457.139017,768000,768000,1.000000000,1,2025-12-30 08:16:00.000000,2025-12-30 08:16:59.999922,1,BAY01_1047_20251230_081255_000.7z
2025-12-30 08:17:00,10487.313080,10.487313080,3536.957909,3487.219382,3463.135789,768000,768000,1.000000000,1,2025-12-30 08:17:00.000000,2025-12-30 08:17:59.999922,1,BAY01_1047_20251230_081255_000.7z
2025-12-30 08:18:00,10494.926463,10.494926463,3542.713322,3487.635244,3464.577897,768000,768000,1.000000000,1,2025-12-30 08:18:00.000000,2025-12-30 08:18:59.999922,1,BAY01_1047_20251230_081255_000.7z
2025-12-30 08:19:00,10490.890656,10.490890656,3542.383064,3489.600413,3458.907178,768000,768000,1.000000000,1,2025-12-30 08:19:00.000000,2025-12-30 08:19:59.999922,1,BAY01_1047_20251230_081255_000.7z
2025-12-30 08:20:00,10491.839479,10.491839479,3544.381988,3486.873910,3460.583582,768000,768000,1.000000000,1,2025-12-30 08:20:00.000000,2025-12-30 08:20:59.999922,1,BAY01_1047_20251230_081255_000.7z
2025-12-30 08:21:00,10491.314877,10.491314877,3543.975422,3491.281250,3456.058204,768000,768000,1.000000000,1,2025-12-30 08:21:00.000000,2025-12-30 08:21:59.999922,1,BAY01_1047_20251230_081255_000.7z
2025-12-30 08:22:00,10496.780249,10.496780249,3541.681398,3494.537013,3460.561838,704059,768000,0.916743490,0,2025-12-30 08:22:00.000000,2025-12-30 08:22:55.004531,1,BAY01_1047_20251230_081255_000.7z
2025-12-30 08:24:00,10496.549978,10.496549978,3540.052661,3495.979651,3460.517666,230400,768000,0.300000000,0,2025-12-30 08:24:42.000000,2025-12-30 08:24:59.999922,1,BAY01_1048_20251230_082442_000.7z
2025-12-30 08:25:00,10497.905046,10.497905046,3541.894496,3495.160745,3460.849805,768000,768000,1.000000000,1,2025-12-30 08:25:00.000000,2025-12-30 08:25:59.999922,1,BAY01_1048_20251230_082442_000.7z
2025-12-30 08:26:00,10489.031853,10.489031853,3544.866631,3493.389767,3450.775455,768000,768000,1.000000000,1,2025-12-30 08:26:00.000000,2025-12-30 08:26:59.999922,1,BAY01_1048_20251230_082442_000.7z
2025-12-30 08:27:00,10503.920011,10.503920011,3546.890328,3496.895949,3460.133734,768000,768000,1.000000000,1,2025-12-30 08:27:00.000000,2025-12-30 08:27:59.999922,1,BAY01_1048_20251230_082442_000.7z
2025-12-30 08:28:00,10502.859430,10.502859430,3552.171592,3494.179471,3456.508366,768000,768000,1.000000000,1,2025-12-30 08:28:00.000000,2025-12-30 08:28:59.999922,1,BAY01_1048_20251230_082442_000.7z
2025-12-30 08:29:00,10502.324927,10.502324927,3549.931371,3499.013099,3453.380457,768000,768000,1.000000000,1,2025-12-30 08:29:00.000000,2025-12-30 08:29:59.999922,1,BAY01_1048_20251230_082442_000.7z
2025-12-30 08:30:00,10498.943378,10.498943378,3544.071031,3494.496864,3460.375483,768000,768000,1.000000000,1,2025-12-30 08:30:00.000000,2025-12-30 08:30:59.999922,1,BAY01_1048_20251230_082442_000.7z
2025-12-30 08:31:00,10506.843724,10.506843724,3546.334146,3498.209046,3462.300532,768000,768000,1.000000000,1,2025-12-30 08:31:00.000000,2025-12-30 08:31:59.999922,1,BAY01_1048_20251230_082442_000.7z
2025-12-30 08:32:00,10504.861789,10.504861789,3546.935753,3496.788009,3461.138028,768000,768000,1.000000000,1,2025-12-30 08:32:00.000000,2025-12-30 08:32:59.999922,1,BAY01_1048_20251230_082442_000.7z
2025-12-30 08:33:00,10510.561906,10.510561906,3550.343362,3500.345712,3459.872831,768000,768000,1.000000000,1,2025-12-30 08:33:00.000000,2025-12-30 08:33:59.999922,1,BAY01_1048_20251230_082442_000.7z
2025-12-30 08:34:00,10508.825863,10.508825863,3555.153945,3496.960004,3456.711913,537681,768000,0.700105469,0,2025-12-30 08:34:00.000000,2025-12-30 08:34:42.006250,1,BAY01_1048_20251230_082442_000.7z
2025-12-30 08:37:00,10503.954112,10.503954112,3551.494230,3494.055883,3458.403999,768000,768000,1.000000000,1,2025-12-30 08:37:00.000000,2025-12-30 08:37:59.999922,1,BAY01_1049_20251230_083700_000.7z
2025-12-30 08:38:00,10503.621562,10.503621562,3550.330694,3495.498158,3457.792711,768000,768000,1.000000000,1,2025-12-30 08:38:00.000000,2025-12-30 08:38:59.999922,1,BAY01_1049_20251230_083700_000.7z
2025-12-30 08:39:00,10505.501143,10.505501143,3549.813974,3497.296578,3458.390592,768000,768000,1.000000000,1,2025-12-30 08:39:00.000000,2025-12-30 08:39:59.999922,1,BAY01_1049_20251230_083700_000.7z
2025-12-30 08:40:00,10505.421618,10.505421618,3552.696565,3491.912270,3460.812783,768000,768000,1.000000000,1,2025-12-30 08:40:00.000000,2025-12-30 08:40:59.999922,1,BAY01_1049_20251230_083700_000.7z
2025-12-30 08:41:00,10510.636428,10.510636428,3553.096416,3495.069835,3462.470177,768000,768000,1.000000000,1,2025-12-30 08:41:00.000000,2025-12-30 08:41:59.999922,1,BAY01_1049_20251230_083700_000.7z
2025-12-30 08:42:00,10503.182920,10.503182920,3548.636184,3489.384934,3465.161801,768000,768000,1.000000000,1,2025-12-30 08:42:00.000000,2025-12-30 08:42:59.999922,1,BAY01_1049_20251230_083700_000.7z
2025-12-30 08:43:00,10493.606991,10.493606991,3538.862623,3490.725924,3464.018444,768000,768000,1.000000000,1,2025-12-30 08:43:00.000000,2025-12-30 08:43:59.999922,1,BAY01_1049_20251230_083700_000.7z
2025-12-30 08:44:00,10486.337215,10.486337215,3530.739140,3491.150739,3464.447337,768000,768000,1.000000000,1,2025-12-30 08:44:00.000000,2025-12-30 08:44:59.999922,1,BAY01_1049_20251230_083700_000.7z
2025-12-30 08:45:00,10481.843820,10.481843820,3532.538340,3492.512464,3456.793016,768000,768000,1.000000000,1,2025-12-30 08:45:00.000000,2025-12-30 08:45:59.999922,1,BAY01_1049_20251230_083700_000.7z
2025-12-30 08:46:00,10488.993993,10.488993993,3538.292984,3489.737333,3460.963675,768000,768000,1.000000000,1,2025-12-30 08:46:00.000000,2025-12-30 08:46:59.999922,1,BAY01_1049_20251230_083700_000.7z
2025-12-30 08:47:00,10403.769724,10.403769724,2611.162640,3804.079108,3988.527976,102,768000,0.000132813,0,2025-12-30 08:47:00.000000,2025-12-30 08:47:00.007891,1,BAY01_1049_20251230_083700_000.7z
2025-12-30 08:49:00,10485.827629,10.485827629,3533.926433,3493.244024,3458.657172,716800,768000,0.933333333,0,2025-12-30 08:49:04.000000,2025-12-30 08:49:59.999922,1,BAY01_1050_20251230_084904_000.7z
2025-12-30 08:50:00,10481.373452,10.481373452,3537.526195,3489.465516,3454.381742,768000,768000,1.000000000,1,2025-12-30 08:50:00.000000,2025-12-30 08:50:59.999922,1,BAY01_1050_20251230_084904_000.7z
2025-12-30 08:51:00,10486.380131,10.486380131,3537.483817,3490.886314,3458.010000,768000,768000,1.000000000,1,2025-12-30 08:51:00.000000,2025-12-30 08:51:59.999922,1,BAY01_1050_20251230_084904_000.7z
2025-12-30 08:52:00,10490.483234,10.490483234,3536.632915,3495.755103,3458.095216,768000,768000,1.000000000,1,2025-12-30 08:52:00.000000,2025-12-30 08:52:59.999922,1,BAY01_1050_20251230_084904_000.7z
2025-12-30 08:53:00,10491.001629,10.491001629,3542.032756,3495.178404,3453.790469,768000,768000,1.000000000,1,2025-12-30 08:53:00.000000,2025-12-30 08:53:59.999922,1,BAY01_1050_20251230_084904_000.7z
2025-12-30 08:54:00,10488.847517,10.488847517,3541.010069,3490.406159,3457.431289,768000,768000,1.000000000,1,2025-12-30 08:54:00.000000,2025-12-30 08:54:59.999922,1,BAY01_1050_20251230_084904_000.7z
2025-12-30 08:55:00,10482.848367,10.482848367,3542.207768,3484.696288,3455.944311,768000,768000,1.000000000,1,2025-12-30 08:55:00.000000,2025-12-30 08:55:59.999922,1,BAY01_1050_20251230_084904_000.7z
2025-12-30 08:56:00,10478.456741,10.478456741,3541.125384,3485.091728,3452.239629,768000,768000,1.000000000,1,2025-12-30 08:56:00.000000,2025-12-30 08:56:59.999922,1,BAY01_1050_20251230_084904_000.7z
2025-12-30 08:57:00,10485.657925,10.485657925,3539.881941,3488.434192,3457.341792,768000,768000,1.000000000,1,2025-12-30 08:57:00.000000,2025-12-30 08:57:59.999922,1,BAY01_1050_20251230_084904_000.7z
2025-12-30 08:58:00,10489.879032,10.489879032,3540.127944,3491.768691,3457.982398,768000,768000,1.000000000,1,2025-12-30 08:58:00.000000,2025-12-30 08:58:59.999922,1,BAY01_1050_20251230_084904_000.7z
2025-12-30 08:59:00,10483.925089,10.483925089,3541.278285,3494.287565,3448.359239,51342,768000,0.066851563,0,2025-12-30 08:59:00.000000,2025-12-30 08:59:04.011016,1,BAY01_1050_20251230_084904_000.7z
2025-12-30 09:00:00,10487.250780,10.487250780,3539.392282,3492.599770,3455.258727,345600,768000,0.450000000,0,2025-12-30 09:00:33.000000,2025-12-30 09:00:59.999922,1,BAY01_1051_20251230_090033_000.7z
2025-12-30 09:01:00,10487.345692,10.487345692,3539.614697,3489.194896,3458.536099,768000,768000,1.000000000,1,2025-12-30 09:01:00.000000,2025-12-30 09:01:59.999922,1,BAY01_1051_20251230_090033_000.7z
2025-12-30 09:02:00,10490.797546,10.490797546,3539.859314,3493.249762,3457.688470,768000,768000,1.000000000,1,2025-12-30 09:02:00.000000,2025-12-30 09:02:59.999922,1,BAY01_1051_20251230_090033_000.7z
2025-12-30 09:03:00,10488.210743,10.488210743,3538.660805,3491.505640,3458.044297,768000,768000,1.000000000,1,2025-12-30 09:03:00.000000,2025-12-30 09:03:59.999922,1,BAY01_1051_20251230_090033_000.7z
2025-12-30 09:04:00,10490.615320,10.490615320,3543.171087,3491.714635,3455.729598,768000,768000,1.000000000,1,2025-12-30 09:04:00.000000,2025-12-30 09:04:59.999922,1,BAY01_1051_20251230_090033_000.7z
2025-12-30 09:05:00,10493.472847,10.493472847,3545.101627,3491.746098,3456.625121,768000,768000,1.000000000,1,2025-12-30 09:05:00.000000,2025-12-30 09:05:59.999922,1,BAY01_1051_20251230_090033_000.7z
2025-12-30 09:06:00,10491.548736,10.491548736,3543.252401,3490.334641,3457.961694,768000,768000,1.000000000,1,2025-12-30 09:06:00.000000,2025-12-30 09:06:59.999922,1,BAY01_1051_20251230_090033_000.7z
2025-12-30 09:07:00,10495.121138,10.495121138,3546.411762,3488.200407,3460.508970,768000,768000,1.000000000,1,2025-12-30 09:07:00.000000,2025-12-30 09:07:59.999922,1,BAY01_1051_20251230_090033_000.7z
2025-12-30 09:08:00,10491.333287,10.491333287,3542.772479,3489.703372,3458.857436,768000,768000,1.000000000,1,2025-12-30 09:08:00.000000,2025-12-30 09:08:59.999922,1,BAY01_1051_20251230_090033_000.7z
2025-12-30 09:09:00,10482.953304,10.482953304,3540.956927,3486.415332,3455.581045,768000,768000,1.000000000,1,2025-12-30 09:09:00.000000,2025-12-30 09:09:59.999922,1,BAY01_1051_20251230_090033_000.7z
2025-12-30 09:10:00,10490.987298,10.490987298,3542.757697,3486.450188,3461.779414,422403,768000,0.550003906,0,2025-12-30 09:10:00.000000,2025-12-30 09:10:33.000156,1,BAY01_1051_20251230_090033_000.7z
2025-12-30 09:11:00,10500.178721,10.500178721,3545.882643,3489.862817,3464.433262,371200,768000,0.483333333,0,2025-12-30 09:11:31.000000,2025-12-30 09:11:59.999922,1,BAY01_1052_20251230_091131_000.7z
2025-12-30 09:12:00,10490.300925,10.490300925,3542.230178,3487.398116,3460.672630,768000,768000,1.000000000,1,2025-12-30 09:12:00.000000,2025-12-30 09:12:59.999922,1,BAY01_1052_20251230_091131_000.7z
2025-12-30 09:13:00,10490.194015,10.490194015,3542.512268,3487.603570,3460.078178,768000,768000,1.000000000,1,2025-12-30 09:13:00.000000,2025-12-30 09:13:59.999922,1,BAY01_1052_20251230_091131_000.7z
2025-12-30 09:14:00,10482.834824,10.482834824,3539.106021,3485.169019,3458.559784,768000,768000,1.000000000,1,2025-12-30 09:14:00.000000,2025-12-30 09:14:59.999922,1,BAY01_1052_20251230_091131_000.7z
2025-12-30 09:15:00,10490.147431,10.490147431,3542.407844,3489.790073,3457.949513,768000,768000,1.000000000,1,2025-12-30 09:15:00.000000,2025-12-30 09:15:59.999922,1,BAY01_1052_20251230_091131_000.7z
2025-12-30 09:16:00,10492.020275,10.492020275,3540.675933,3489.509839,3461.834503,768000,768000,1.000000000,1,2025-12-30 09:16:00.000000,2025-12-30 09:16:59.999922,1,BAY01_1052_20251230_091131_000.7z
2025-12-30 09:17:00,10497.016590,10.497016590,3545.413647,3487.855542,3463.747401,768000,768000,1.000000000,1,2025-12-30 09:17:00.000000,2025-12-30 09:17:59.999922,1,BAY01_1052_20251230_091131_000.7z
2025-12-30 09:18:00,10491.736749,10.491736749,3543.695589,3485.799096,3462.242064,768000,768000,1.000000000,1,2025-12-30 09:18:00.000000,2025-12-30 09:18:59.999922,1,BAY01_1052_20251230_091131_000.7z
2025-12-30 09:19:00,10490.628991,10.490628991,3546.302908,3484.522325,3459.803758,768000,768000,1.000000000,1,2025-12-30 09:19:00.000000,2025-12-30 09:19:59.999922,1,BAY01_1052_20251230_091131_000.7z
2025-12-30 09:20:00,10495.926895,10.495926895,3546.479659,3490.354953,3459.092283,768000,768000,1.000000000,1,2025-12-30 09:20:00.000000,2025-12-30 09:20:59.999922,1,BAY01_1052_20251230_091131_000.7z
2025-12-30 09:21:00,10493.563744,10.493563744,3544.226335,3489.792814,3459.544595,396838,768000,0.516716146,0,2025-12-30 09:21:00.000000,2025-12-30 09:21:31.002891,1,BAY01_1052_20251230_091131_000.7z
2025-12-30 09:23:00,10492.975725,10.492975725,3540.371147,3490.805746,3461.798831,460800,768000,0.600000000,0,2025-12-30 09:23:24.000000,2025-12-30 09:23:59.999922,1,BAY01_1053_20251230_092324_000.7z
2025-12-30 09:24:00,10490.402897,10.490402897,3541.379248,3489.618641,3459.405008,768000,768000,1.000000000,1,2025-12-30 09:24:00.000000,2025-12-30 09:24:59.999922,1,BAY01_1053_20251230_092324_000.7z
2025-12-30 09:25:00,10490.095572,10.490095572,3537.255788,3492.725648,3460.114135,768000,768000,1.000000000,1,2025-12-30 09:25:00.000000,2025-12-30 09:25:59.999922,1,BAY01_1053_20251230_092324_000.7z
2025-12-30 09:26:00,10488.656798,10.488656798,3536.264094,3495.753512,3456.639192,768000,768000,1.000000000,1,2025-12-30 09:26:00.000000,2025-12-30 09:26:59.999922,1,BAY01_1053_20251230_092324_000.7z
2025-12-30 09:27:00,10493.201811,10.493201811,3536.047403,3497.201094,3459.953315,768000,768000,1.000000000,1,2025-12-30 09:27:00.000000,2025-12-30 09:27:59.999922,1,BAY01_1053_20251230_092324_000.7z
2025-12-30 09:28:00,10487.612113,10.487612113,3533.594246,3493.974094,3460.043773,768000,768000,1.000000000,1,2025-12-30 09:28:00.000000,2025-12-30 09:28:59.999922,1,BAY01_1053_20251230_092324_000.7z
2025-12-30 09:29:00,10483.109985,10.483109985,3530.702324,3493.915803,3458.491857,768000,768000,1.000000000,1,2025-12-30 09:29:00.000000,2025-12-30 09:29:59.999922,1,BAY01_1053_20251230_092324_000.7z
2025-12-30 09:30:00,10489.579736,10.489579736,3535.432254,3494.408447,3459.739035,768000,768000,1.000000000,1,2025-12-30 09:30:00.000000,2025-12-30 09:30:59.999922,1,BAY01_1053_20251230_092324_000.7z
2025-12-30 09:31:00,10485.462764,10.485462764,3535.519646,3493.926582,3456.016535,768000,768000,1.000000000,1,2025-12-30 09:31:00.000000,2025-12-30 09:31:59.999922,1,BAY01_1053_20251230_092324_000.7z
2025-12-30 09:32:00,10486.739385,10.486739385,3534.011804,3492.169803,3460.557778,768000,768000,1.000000000,1,2025-12-30 09:32:00.000000,2025-12-30 09:32:59.999922,1,BAY01_1053_20251230_092324_000.7z
2025-12-30 09:33:00,10493.251603,10.493251603,3534.466537,3491.413505,3467.371560,307270,768000,0.400091146,0,2025-12-30 09:33:00.000000,2025-12-30 09:33:24.005391,1,BAY01_1053_20251230_092324_000.7z
2025-12-30 09:35:00,10488.316349,10.488316349,3537.674484,3489.172610,3461.469255,217600,768000,0.283333333,0,2025-12-30 09:35:43.000000,2025-12-30 09:35:59.999922,1,BAY01_1054_20251230_093543_000.7z
2025-12-30 09:36:00,10488.461697,10.488461697,3536.184932,3489.642407,3462.634358,768000,768000,1.000000000,1,2025-12-30 09:36:00.000000,2025-12-30 09:36:59.999922,1,BAY01_1054_20251230_093543_000.7z
2025-12-30 09:37:00,10490.850411,10.490850411,3539.405326,3492.262827,3459.182258,768000,768000,1.000000000,1,2025-12-30 09:37:00.000000,2025-12-30 09:37:59.999922,1,BAY01_1054_20251230_093543_000.7z
2025-12-30 09:38:00,10495.405842,10.495405842,3536.679080,3494.063258,3464.663504,768000,768000,1.000000000,1,2025-12-30 09:38:00.000000,2025-12-30 09:38:59.999922,1,BAY01_1054_20251230_093543_000.7z
2025-12-30 09:39:00,10489.962601,10.489962601,3535.986010,3491.704680,3462.271911,768000,768000,1.000000000,1,2025-12-30 09:39:00.000000,2025-12-30 09:39:59.999922,1,BAY01_1054_20251230_093543_000.7z
2025-12-30 09:40:00,10498.726798,10.498726798,3537.287321,3496.035537,3465.403940,768000,768000,1.000000000,1,2025-12-30 09:40:00.000000,2025-12-30 09:40:59.999922,1,BAY01_1054_20251230_093543_000.7z
2025-12-30 09:41:00,10492.428275,10.492428275,3538.996952,3492.433290,3460.998033,768000,768000,1.000000000,1,2025-12-30 09:41:00.000000,2025-12-30 09:41:59.999922,1,BAY01_1054_20251230_093543_000.7z
2025-12-30 09:42:00,10492.062678,10.492062678,3538.020771,3491.240309,3462.801598,768000,768000,1.000000000,1,2025-12-30 09:42:00.000000,2025-12-30 09:42:59.999922,1,BAY01_1054_20251230_093543_000.7z
2025-12-30 09:43:00,10487.217894,10.487217894,3535.936523,3493.008204,3458.273166,768000,768000,1.000000000,1,2025-12-30 09:43:00.000000,2025-12-30 09:43:59.999922,1,BAY01_1054_20251230_093543_000.7z
2025-12-30 09:44:00,10495.110127,10.495110127,3538.102779,3491.665936,3465.341412,768000,768000,1.000000000,1,2025-12-30 09:44:00.000000,2025-12-30 09:44:59.999922,1,BAY01_1054_20251230_093543_000.7z
2025-12-30 09:45:00,10491.250822,10.491250822,3539.915717,3494.944162,3456.390943,550520,768000,0.716822917,0,2025-12-30 09:45:00.000000,2025-12-30 09:45:43.009297,1,BAY01_1054_20251230_093543_000.7z
2025-12-30 09:47:00,10483.394700,10.483394700,3536.399809,3492.951310,3454.043581,281600,768000,0.366666667,0,2025-12-30 09:47:38.000000,2025-12-30 09:47:59.999922,1,BAY01_1055_20251230_094738_000.7z
2025-12-30 09:48:00,10491.513749,10.491513749,3540.704466,3487.679134,3463.130148,768000,768000,1.000000000,1,2025-12-30 09:48:00.000000,2025-12-30 09:48:59.999922,1,BAY01_1055_20251230_094738_000.7z
2025-12-30 09:49:00,10493.747950,10.493747950,3539.862400,3487.763706,3466.121844,768000,768000,1.000000000,1,2025-12-30 09:49:00.000000,2025-12-30 09:49:59.999922,1,BAY01_1055_20251230_094738_000.7z
2025-12-30 09:50:00,10497.388444,10.497388444,3541.250143,3492.012053,3464.126249,768000,768000,1.000000000,1,2025-12-30 09:50:00.000000,2025-12-30 09:50:59.999922,1,BAY01_1055_20251230_094738_000.7z
2025-12-30 09:51:00,10493.963826,10.493963826,3538.597944,3495.445688,3459.920194,768000,768000,1.000000000,1,2025-12-30 09:51:00.000000,2025-12-30 09:51:59.999922,1,BAY01_1055_20251230_094738_000.7z
2025-12-30 09:52:00,10500.721194,10.500721194,3539.215356,3497.760307,3463.745530,768000,768000,1.000000000,1,2025-12-30 09:52:00.000000,2025-12-30 09:52:59.999922,1,BAY01_1055_20251230_094738_000.7z
2025-12-30 09:53:00,10498.459235,10.498459235,3538.852775,3497.939575,3461.666885,768000,768000,1.000000000,1,2025-12-30 09:53:00.000000,2025-12-30 09:53:59.999922,1,BAY01_1055_20251230_094738_000.7z
2025-12-30 09:54:00,10493.176273,10.493176273,3540.292747,3495.106846,3457.776680,768000,768000,1.000000000,1,2025-12-30 09:54:00.000000,2025-12-30 09:54:59.999922,1,BAY01_1055_20251230_094738_000.7z
2025-12-30 09:55:00,10499.043068,10.499043068,3539.969637,3496.286880,3462.786551,768000,768000,1.000000000,1,2025-12-30 09:55:00.000000,2025-12-30 09:55:59.999922,1,BAY01_1055_20251230_094738_000.7z
2025-12-30 09:56:00,10494.918482,10.494918482,3536.688383,3496.341909,3461.888190,768000,768000,1.000000000,1,2025-12-30 09:56:00.000000,2025-12-30 09:56:59.999922,1,BAY01_1055_20251230_094738_000.7z
2025-12-30 09:57:00,10493.563219,10.493563219,3540.483594,3494.174549,3458.905076,486437,768000,0.633381510,0,2025-12-30 09:57:00.000000,2025-12-30 09:57:38.002812,1,BAY01_1055_20251230_094738_000.7z
2025-12-30 09:59:00,10496.560851,10.496560851,3537.729482,3499.093560,3459.737809,76800,768000,0.100000000,0,2025-12-30 09:59:54.000000,2025-12-30 09:59:59.999922,1,BAY01_1056_20251230_095954_000.7z
2025-12-30 10:00:00,10499.594699,10.499594699,3537.176005,3498.447666,3463.971027,768000,768000,1.000000000,1,2025-12-30 10:00:00.000000,2025-12-30 10:00:59.999922,1,BAY01_1056_20251230_095954_000.7z
2025-12-30 10:01:00,10501.328587,10.501328587,3538.628505,3497.868557,3464.831524,768000,768000,1.000000000,1,2025-12-30 10:01:00.000000,2025-12-30 10:01:59.999922,1,BAY01_1056_20251230_095954_000.7z
2025-12-30 10:02:00,10489.500225,10.489500225,3536.904345,3494.913126,3457.682754,768000,768000,1.000000000,1,2025-12-30 10:02:00.000000,2025-12-30 10:02:59.999922,1,BAY01_1056_20251230_095954_000.7z
2025-12-30 10:03:00,10492.097807,10.492097807,3539.048845,3497.537798,3455.511164,768000,768000,1.000000000,1,2025-12-30 10:03:00.000000,2025-12-30 10:03:59.999922,1,BAY01_1056_20251230_095954_000.7z
2025-12-30 10:04:00,10497.759920,10.497759920,3539.098771,3498.224374,3460.436776,768000,768000,1.000000000,1,2025-12-30 10:04:00.000000,2025-12-30 10:04:59.999922,1,BAY01_1056_20251230_095954_000.7z
2025-12-30 10:05:00,10502.380173,10.502380173,3538.693191,3500.083111,3463.603871,768000,768000,1.000000000,1,2025-12-30 10:05:00.000000,2025-12-30 10:05:59.999922,1,BAY01_1056_20251230_095954_000.7z
2025-12-30 10:06:00,10496.007544,10.496007544,3537.764248,3502.072963,3456.170334,768000,768000,1.000000000,1,2025-12-30 10:06:00.000000,2025-12-30 10:06:59.999922,1,BAY01_1056_20251230_095954_000.7z
2025-12-30 10:07:00,10501.018909,10.501018909,3539.852443,3499.383153,3461.783313,768000,768000,1.000000000,1,2025-12-30 10:07:00.000000,2025-12-30 10:07:59.999922,1,BAY01_1056_20251230_095954_000.7z
2025-12-30 10:08:00,10492.330144,10.492330144,3540.652791,3496.896046,3454.781307,768000,768000,1.000000000,1,2025-12-30 10:08:00.000000,2025-12-30 10:08:59.999922,1,BAY01_1056_20251230_095954_000.7z
2025-12-30 10:09:00,10501.210313,10.501210313,3538.460577,3498.985205,3463.764532,691214,768000,0.900018229,0,2025-12-30 10:09:00.000000,2025-12-30 10:09:54.001016,1,BAY01_1056_20251230_095954_000.7z
2025-12-30 10:11:00,10511.923780,10.511923780,3539.382155,3498.283130,3474.258495,115200,768000,0.150000000,0,2025-12-30 10:11:51.000000,2025-12-30 10:11:59.999922,1,BAY01_1057_20251230_101151_000.7z
2025-12-30 10:12:00,10506.271604,10.506271604,3543.148503,3498.414011,3464.709090,768000,768000,1.000000000,1,2025-12-30 10:12:00.000000,2025-12-30 10:12:59.999922,1,BAY01_1057_20251230_101151_000.7z
2025-12-30 10:13:00,10499.556432,10.499556432,3542.251002,3496.539317,3460.766114,768000,768000,1.000000000,1,2025-12-30 10:13:00.000000,2025-12-30 10:13:59.999922,1,BAY01_1057_20251230_101151_000.7z
2025-12-30 10:14:00,10497.128853,10.497128853,3541.285472,3497.512871,3458.330509,768000,768000,1.000000000,1,2025-12-30 10:14:00.000000,2025-12-30 10:14:59.999922,1,BAY01_1057_20251230_101151_000.7z
2025-12-30 10:15:00,10501.520291,10.501520291,3541.491589,3499.911910,3460.116791,768000,768000,1.000000000,1,2025-12-30 10:15:00.000000,2025-12-30 10:15:59.999922,1,BAY01_1057_20251230_101151_000.7z
2025-12-30 10:16:00,10504.113352,10.504113352,3543.228578,3497.443162,3463.441612,768000,768000,1.000000000,1,2025-12-30 10:16:00.000000,2025-12-30 10:16:59.999922,1,BAY01_1057_20251230_101151_000.7z
2025-12-30 10:17:00,10492.931921,10.492931921,3536.367946,3497.818187,3458.745788,768000,768000,1.000000000,1,2025-12-30 10:17:00.000000,2025-12-30 10:17:59.999922,1,BAY01_1057_20251230_101151_000.7z
2025-12-30 10:18:00,10497.636834,10.497636834,3536.414544,3497.763085,3463.459204,768000,768000,1.000000000,1,2025-12-30 10:18:00.000000,2025-12-30 10:18:59.999922,1,BAY01_1057_20251230_101151_000.7z
2025-12-30 10:19:00,10494.507547,10.494507547,3535.845846,3499.540878,3459.120822,768000,768000,1.000000000,1,2025-12-30 10:19:00.000000,2025-12-30 10:19:59.999922,1,BAY01_1057_20251230_101151_000.7z
2025-12-30 10:20:00,10493.169270,10.493169270,3540.918685,3498.010570,3454.240016,768000,768000,1.000000000,1,2025-12-30 10:20:00.000000,2025-12-30 10:20:59.999922,1,BAY01_1057_20251230_101151_000.7z
2025-12-30 10:21:00,10496.932237,10.496932237,3537.364281,3497.044603,3462.523352,652818,768000,0.850023437,0,2025-12-30 10:21:00.000000,2025-12-30 10:21:51.001328,1,BAY01_1057_20251230_101151_000.7z
2025-12-30 10:23:00,10486.459767,10.486459767,3534.921400,3495.476617,3456.061750,243200,768000,0.316666667,0,2025-12-30 10:23:41.000000,2025-12-30 10:23:59.999922,1,BAY01_1058_20251230_102341_000.7z
2025-12-30 10:24:00,10495.448414,10.495448414,3541.065217,3495.416125,3458.967071,768000,768000,1.000000000,1,2025-12-30 10:24:00.000000,2025-12-30 10:24:59.999922,1,BAY01_1058_20251230_102341_000.7z
2025-12-30 10:25:00,10497.630563,10.497630563,3539.643847,3496.683539,3461.303177,768000,768000,1.000000000,1,2025-12-30 10:25:00.000000,2025-12-30 10:25:59.999922,1,BAY01_1058_20251230_102341_000.7z
2025-12-30 10:26:00,10496.302198,10.496302198,3542.760661,3494.473221,3459.068316,768000,768000,1.000000000,1,2025-12-30 10:26:00.000000,2025-12-30 10:26:59.999922,1,BAY01_1058_20251230_102341_000.7z
2025-12-30 10:27:00,10491.510203,10.491510203,3540.510849,3492.983824,3458.015530,768000,768000,1.000000000,1,2025-12-30 10:27:00.000000,2025-12-30 10:27:59.999922,1,BAY01_1058_20251230_102341_000.7z
2025-12-30 10:28:00,10499.312875,10.499312875,3544.385720,3498.099230,3456.827925,768000,768000,1.000000000,1,2025-12-30 10:28:00.000000,2025-12-30 10:28:59.999922,1,BAY01_1058_20251230_102341_000.7z
2025-12-30 10:29:00,10494.354014,10.494354014,3542.293096,3496.031451,3456.029468,768000,768000,1.000000000,1,2025-12-30 10:29:00.000000,2025-12-30 10:29:59.999922,1,BAY01_1058_20251230_102341_000.7z
2025-12-30 10:30:00,10501.535410,10.501535410,3543.919521,3499.832708,3457.783181,768000,768000,1.000000000,1,2025-12-30 10:30:00.000000,2025-12-30 10:30:59.999922,1,BAY01_1058_20251230_102341_000.7z
2025-12-30 10:31:00,10497.024136,10.497024136,3542.799412,3495.796782,3458.427941,768000,768000,1.000000000,1,2025-12-30 10:31:00.000000,2025-12-30 10:31:59.999922,1,BAY01_1058_20251230_102341_000.7z
2025-12-30 10:32:00,10504.359698,10.504359698,3546.447374,3496.163884,3461.748440,768000,768000,1.000000000,1,2025-12-30 10:32:00.000000,2025-12-30 10:32:59.999922,1,BAY01_1058_20251230_102341_000.7z
2025-12-30 10:33:00,10507.007528,10.507007528,3549.791099,3497.911296,3459.305134,524802,768000,0.683335937,0,2025-12-30 10:33:00.000000,2025-12-30 10:33:41.000078,1,BAY01_1058_20251230_102341_000.7z
2025-12-30 10:36:00,10507.114472,10.507114472,3548.867892,3498.111811,3460.134769,678400,768000,0.883333333,0,2025-12-30 10:36:07.000000,2025-12-30 10:36:59.999922,1,BAY01_1059_20251230_103607_000.7z
2025-12-30 10:37:00,10502.929128,10.502929128,3546.476207,3496.841501,3459.611420,768000,768000,1.000000000,1,2025-12-30 10:37:00.000000,2025-12-30 10:37:59.999922,1,BAY01_1059_20251230_103607_000.7z
2025-12-30 10:38:00,10501.581050,10.501581050,3543.475502,3498.351275,3459.754273,768000,768000,1.000000000,1,2025-12-30 10:38:00.000000,2025-12-30 10:38:59.999922,1,BAY01_1059_20251230_103607_000.7z
2025-12-30 10:39:00,10507.735740,10.507735740,3543.404012,3501.361511,3462.970217,768000,768000,1.000000000,1,2025-12-30 10:39:00.000000,2025-12-30 10:39:59.999922,1,BAY01_1059_20251230_103607_000.7z
2025-12-30 10:40:00,10510.483058,10.510483058,3548.023887,3502.357811,3460.101359,768000,768000,1.000000000,1,2025-12-30 10:40:00.000000,2025-12-30 10:40:59.999922,1,BAY01_1059_20251230_103607_000.7z
2025-12-30 10:41:00,10513.626704,10.513626704,3549.792784,3500.480403,3463.353517,768000,768000,1.000000000,1,2025-12-30 10:41:00.000000,2025-12-30 10:41:59.999922,1,BAY01_1059_20251230_103607_000.7z
2025-12-30 10:42:00,10506.144901,10.506144901,3542.308189,3501.278975,3462.557737,768000,768000,1.000000000,1,2025-12-30 10:42:00.000000,2025-12-30 10:42:59.999922,1,BAY01_1059_20251230_103607_000.7z
2025-12-30 10:43:00,10504.494165,10.504494165,3546.739838,3498.694317,3459.060010,768000,768000,1.000000000,1,2025-12-30 10:43:00.000000,2025-12-30 10:43:59.999922,1,BAY01_1059_20251230_103607_000.7z
2025-12-30 10:44:00,10505.589631,10.505589631,3545.819616,3498.201002,3461.569014,768000,768000,1.000000000,1,2025-12-30 10:44:00.000000,2025-12-30 10:44:59.999922,1,BAY01_1059_20251230_103607_000.7z
2025-12-30 10:45:00,10502.129667,10.502129667,3542.777304,3496.336959,3463.015404,768000,768000,1.000000000,1,2025-12-30 10:45:00.000000,2025-12-30 10:45:59.999922,1,BAY01_1059_20251230_103607_000.7z
2025-12-30 10:46:00,10506.070884,10.506070884,3548.234399,3500.200334,3457.636151,89727,768000,0.116832031,0,2025-12-30 10:46:00.000000,2025-12-30 10:46:07.009844,1,BAY01_1059_20251230_103607_000.7z
2025-12-30 10:47:00,10508.887316,10.508887316,3550.384692,3497.330775,3461.171848,256000,768000,0.333333333,0,2025-12-30 10:47:40.000000,2025-12-30 10:47:59.999922,1,BAY01_1060_20251230_104740_000.7z
2025-12-30 10:48:00,10507.376488,10.507376488,3546.494607,3495.933919,3464.947962,768000,768000,1.000000000,1,2025-12-30 10:48:00.000000,2025-12-30 10:48:59.999922,1,BAY01_1060_20251230_104740_000.7z
2025-12-30 10:49:00,10509.268439,10.509268439,3549.524518,3497.812238,3461.931684,768000,768000,1.000000000,1,2025-12-30 10:49:00.000000,2025-12-30 10:49:59.999922,1,BAY01_1060_20251230_104740_000.7z
2025-12-30 10:50:00,10507.475884,10.507475884,3548.588382,3496.977439,3461.910063,768000,768000,1.000000000,1,2025-12-30 10:50:00.000000,2025-12-30 10:50:59.999922,1,BAY01_1060_20251230_104740_000.7z
2025-12-30 10:51:00,10508.315083,10.508315083,3551.399997,3498.589715,3458.325371,768000,768000,1.000000000,1,2025-12-30 10:51:00.000000,2025-12-30 10:51:59.999922,1,BAY01_1060_20251230_104740_000.7z
2025-12-30 10:52:00,10505.805231,10.505805231,3544.309286,3499.620345,3461.875600,768000,768000,1.000000000,1,2025-12-30 10:52:00.000000,2025-12-30 10:52:59.999922,1,BAY01_1060_20251230_104740_000.7z
2025-12-30 10:53:00,10506.314977,10.506314977,3544.852465,3500.994043,3460.468469,768000,768000,1.000000000,1,2025-12-30 10:53:00.000000,2025-12-30 10:53:59.999922,1,BAY01_1060_20251230_104740_000.7z
2025-12-30 10:54:00,10503.320680,10.503320680,3544.177587,3497.572530,3461.570563,768000,768000,1.000000000,1,2025-12-30 10:54:00.000000,2025-12-30 10:54:59.999922,1,BAY01_1060_20251230_104740_000.7z
2025-12-30 10:55:00,10505.567098,10.505567098,3546.782663,3499.406012,3459.378423,768000,768000,1.000000000,1,2025-12-30 10:55:00.000000,2025-12-30 10:55:59.999922,1,BAY01_1060_20251230_104740_000.7z
2025-12-30 10:56:00,10502.422764,10.502422764,3543.789548,3498.199756,3460.433460,768000,768000,1.000000000,1,2025-12-30 10:56:00.000000,2025-12-30 10:56:59.999922,1,BAY01_1060_20251230_104740_000.7z
2025-12-30 10:57:00,10507.408514,10.507408514,3544.078743,3500.046044,3463.283727,512019,768000,0.666691406,0,2025-12-30 10:57:00.000000,2025-12-30 10:57:40.001406,1,BAY01_1060_20251230_104740_000.7z
2025-12-30 10:59:00,10500.178549,10.500178549,3543.527438,3495.500805,3461.150307,537600,768000,0.700000000,0,2025-12-30 10:59:18.000000,2025-12-30 10:59:59.999922,1,BAY01_1061_20251230_105918_000.7z
2025-12-30 11:00:00,10506.972153,10.506972153,3543.872053,3502.011080,3461.089020,768000,768000,1.000000000,1,2025-12-30 11:00:00.000000,2025-12-30 11:00:59.999922,1,BAY01_1061_20251230_105918_000.7z
2025-12-30 11:01:00,10502.786902,10.502786902,3542.685653,3501.072406,3459.028844,768000,768000,1.000000000,1,2025-12-30 11:01:00.000000,2025-12-30 11:01:59.999922,1,BAY01_1061_20251230_105918_000.7z
2025-12-30 11:02:00,10504.673515,10.504673515,3538.944051,3501.007321,3464.722144,768000,768000,1.000000000,1,2025-12-30 11:02:00.000000,2025-12-30 11:02:59.999922,1,BAY01_1061_20251230_105918_000.7z
2025-12-30 11:03:00,10502.311839,10.502311839,3542.133579,3499.282679,3460.895580,768000,768000,1.000000000,1,2025-12-30 11:03:00.000000,2025-12-30 11:03:59.999922,1,BAY01_1061_20251230_105918_000.7z
2025-12-30 11:04:00,10500.473069,10.500473069,3539.319120,3499.961559,3461.192391,768000,768000,1.000000000,1,2025-12-30 11:04:00.000000,2025-12-30 11:04:59.999922,1,BAY01_1061_20251230_105918_000.7z
2025-12-30 11:05:00,10501.316267,10.501316267,3541.808004,3499.642988,3459.865275,768000,768000,1.000000000,1,2025-12-30 11:05:00.000000,2025-12-30 11:05:59.999922,1,BAY01_1061_20251230_105918_000.7z
2025-12-30 11:06:00,10497.060592,10.497060592,3539.149733,3497.918458,3459.992400,768000,768000,1.000000000,1,2025-12-30 11:06:00.000000,2025-12-30 11:06:59.999922,1,BAY01_1061_20251230_105918_000.7z
2025-12-30 11:07:00,10505.662887,10.505662887,3540.458219,3500.884152,3464.320516,768000,768000,1.000000000,1,2025-12-30 11:07:00.000000,2025-12-30 11:07:59.999922,1,BAY01_1061_20251230_105918_000.7z
2025-12-30 11:08:00,10499.687353,10.499687353,3539.874184,3500.348510,3459.464659,768000,768000,1.000000000,1,2025-12-30 11:08:00.000000,2025-12-30 11:08:59.999922,1,BAY01_1061_20251230_105918_000.7z
2025-12-30 11:09:00,10493.627803,10.493627803,3535.461813,3498.716124,3459.449867,230535,768000,0.300175781,0,2025-12-30 11:09:00.000000,2025-12-30 11:09:18.010469,1,BAY01_1061_20251230_105918_000.7z
2025-12-30 11:10:00,10497.821161,10.497821161,3534.620319,3499.645542,3463.555300,192000,768000,0.250000000,0,2025-12-30 11:10:45.000000,2025-12-30 11:10:59.999922,1,BAY01_1062_20251230_111045_000.7z
2025-12-30 11:11:00,10500.136238,10.500136238,3539.517765,3500.417071,3460.201402,768000,768000,1.000000000,1,2025-12-30 11:11:00.000000,2025-12-30 11:11:59.999922,1,BAY01_1062_20251230_111045_000.7z
2025-12-30 11:12:00,10495.226300,10.495226300,3536.813677,3500.570898,3457.841725,768000,768000,1.000000000,1,2025-12-30 11:12:00.000000,2025-12-30 11:12:59.999922,1,BAY01_1062_20251230_111045_000.7z
2025-12-30 11:13:00,10498.559798,10.498559798,3542.246675,3500.356090,3455.957033,768000,768000,1.000000000,1,2025-12-30 11:13:00.000000,2025-12-30 11:13:59.999922,1,BAY01_1062_20251230_111045_000.7z
2025-12-30 11:14:00,10495.744130,10.495744130,3538.231565,3499.401117,3458.111448,768000,768000,1.000000000,1,2025-12-30 11:14:00.000000,2025-12-30 11:14:59.999922,1,BAY01_1062_20251230_111045_000.7z
2025-12-30 11:15:00,10495.809209,10.495809209,3540.891505,3495.062127,3459.855577,768000,768000,1.000000000,1,2025-12-30 11:15:00.000000,2025-12-30 11:15:59.999922,1,BAY01_1062_20251230_111045_000.7z
2025-12-30 11:16:00,10495.997234,10.495997234,3536.661963,3498.117148,3461.218123,768000,768000,1.000000000,1,2025-12-30 11:16:00.000000,2025-12-30 11:16:59.999922,1,BAY01_1062_20251230_111045_000.7z
2025-12-30 11:17:00,10504.044056,10.504044056,3540.338829,3500.051209,3463.654019,768000,768000,1.000000000,1,2025-12-30 11:17:00.000000,2025-12-30 11:17:59.999922,1,BAY01_1062_20251230_111045_000.7z
2025-12-30 11:18:00,10495.164484,10.495164484,3536.042145,3499.456395,3459.665945,768000,768000,1.000000000,1,2025-12-30 11:18:00.000000,2025-12-30 11:18:59.999922,1,BAY01_1062_20251230_111045_000.7z
2025-12-30 11:19:00,10498.856895,10.498856895,3536.611173,3498.215367,3464.030355,768000,768000,1.000000000,1,2025-12-30 11:19:00.000000,2025-12-30 11:19:59.999922,1,BAY01_1062_20251230_111045_000.7z
2025-12-30 11:20:00,10491.169986,10.491169986,3537.060900,3495.689314,3458.419771,576015,768000,0.750019531,0,2025-12-30 11:20:00.000000,2025-12-30 11:20:45.001094,1,BAY01_1062_20251230_111045_000.7z
2025-12-30 11:22:00,10494.070893,10.494070893,3537.010151,3493.718697,3463.342045,217600,768000,0.283333333,0,2025-12-30 11:22:43.000000,2025-12-30 11:22:59.999922,1,BAY01_1063_20251230_112243_000.7z
2025-12-30 11:23:00,10490.920111,10.490920111,3532.043918,3496.377157,3462.499036,768000,768000,1.000000000,1,2025-12-30 11:23:00.000000,2025-12-30 11:23:59.999922,1,BAY01_1063_20251230_112243_000.7z
2025-12-30 11:24:00,10489.962089,10.489962089,3531.112970,3496.501496,3462.347624,768000,768000,1.000000000,1,2025-12-30 11:24:00.000000,2025-12-30 11:24:59.999922,1,BAY01_1063_20251230_112243_000.7z
2025-12-30 11:25:00,10489.186114,10.489186114,3533.752234,3491.431844,3464.002035,768000,768000,1.000000000,1,2025-12-30 11:25:00.000000,2025-12-30 11:25:59.999922,1,BAY01_1063_20251230_112243_000.7z
2025-12-30 11:26:00,10490.412489,10.490412489,3535.404481,3491.231457,3463.776551,768000,768000,1.000000000,1,2025-12-30 11:26:00.000000,2025-12-30 11:26:59.999922,1,BAY01_1063_20251230_112243_000.7z
2025-12-30 11:27:00,10489.100370,10.489100370,3534.269511,3491.640078,3463.190780,768000,768000,1.000000000,1,2025-12-30 11:27:00.000000,2025-12-30 11:27:59.999922,1,BAY01_1063_20251230_112243_000.7z
2025-12-30 11:28:00,10485.788381,10.485788381,3528.284410,3495.644419,3461.859552,768000,768000,1.000000000,1,2025-12-30 11:28:00.000000,2025-12-30 11:28:59.999922,1,BAY01_1063_20251230_112243_000.7z
2025-12-30 11:29:00,10488.133630,10.488133630,3532.015409,3493.272184,3462.846037,768000,768000,1.000000000,1,2025-12-30 11:29:00.000000,2025-12-30 11:29:59.999922,1,BAY01_1063_20251230_112243_000.7z
2025-12-30 11:30:00,10489.763608,10.489763608,3532.363634,3495.050603,3462.349371,768000,768000,1.000000000,1,2025-12-30 11:30:00.000000,2025-12-30 11:30:59.999922,1,BAY01_1063_20251230_112243_000.7z
2025-12-30 11:31:00,10482.420218,10.482420218,3531.539749,3492.319491,3458.560978,768000,768000,1.000000000,1,2025-12-30 11:31:00.000000,2025-12-30 11:31:59.999922,1,BAY01_1063_20251230_112243_000.7z
2025-12-30 11:32:00,10492.083993,10.492083993,3532.469218,3493.657384,3465.957391,550425,768000,0.716699219,0,2025-12-30 11:32:00.000000,2025-12-30 11:32:43.001875,1,BAY01_1063_20251230_112243_000.7z
2025-12-30 11:34:00,10474.739953,10.474739953,3529.999106,3487.587528,3457.153318,396800,768000,0.516666667,0,2025-12-30 11:34:29.000000,2025-12-30 11:34:59.999922,1,BAY01_1064_20251230_113429_000.7z
2025-12-30 11:35:00,10487.203636,10.487203636,3534.136012,3492.088554,3460.979070,768000,768000,1.000000000,1,2025-12-30 11:35:00.000000,2025-12-30 11:35:59.999922,1,BAY01_1064_20251230_113429_000.7z
2025-12-30 11:36:00,10492.579558,10.492579558,3534.549423,3494.506281,3463.523854,768000,768000,1.000000000,1,2025-12-30 11:36:00.000000,2025-12-30 11:36:59.999922,1,BAY01_1064_20251230_113429_000.7z
2025-12-30 11:37:00,10484.369978,10.484369978,3534.969435,3488.098010,3461.302533,768000,768000,1.000000000,1,2025-12-30 11:37:00.000000,2025-12-30 11:37:59.999922,1,BAY01_1064_20251230_113429_000.7z
2025-12-30 11:38:00,10474.677320,10.474677320,3530.546188,3480.363470,3463.767662,768000,768000,1.000000000,1,2025-12-30 11:38:00.000000,2025-12-30 11:38:59.999922,1,BAY01_1064_20251230_113429_000.7z
2025-12-30 11:39:00,10464.732070,10.464732070,3530.456130,3472.613413,3461.662527,768000,768000,1.000000000,1,2025-12-30 11:39:00.000000,2025-12-30 11:39:59.999922,1,BAY01_1064_20251230_113429_000.7z
2025-12-30 11:40:00,10471.460603,10.471460603,3527.549485,3476.406481,3467.504637,768000,768000,1.000000000,1,2025-12-30 11:40:00.000000,2025-12-30 11:40:59.999922,1,BAY01_1064_20251230_113429_000.7z
2025-12-30 11:41:00,10461.913785,10.461913785,3530.530435,3476.036361,3455.346989,768000,768000,1.000000000,1,2025-12-30 11:41:00.000000,2025-12-30 11:41:59.999922,1,BAY01_1064_20251230_113429_000.7z
2025-12-30 11:42:00,9462.330999,9.462330999,3530.512682,2470.617351,3461.200967,768000,768000,1.000000000,1,2025-12-30 11:42:00.000000,2025-12-30 11:42:59.999922,1,BAY01_1064_20251230_113429_000.7z
2025-12-30 11:43:00,6995.308033,6.995308033,3531.404208,2.102757,3461.801067,768000,768000,1.000000000,1,2025-12-30 11:43:00.000000,2025-12-30 11:43:59.999922,1,BAY01_1064_20251230_113429_000.7z
2025-12-30 11:44:00,7003.368108,7.003368108,3536.068303,2.077704,3465.222101,371242,768000,0.483388021,0,2025-12-30 11:44:00.000000,2025-12-30 11:44:29.003203,1,BAY01_1064_20251230_113429_000.7z
2025-12-30 11:46:00,6996.759516,6.996759516,3531.044009,1.990976,3463.724531,588800,768000,0.766666667,0,2025-12-30 11:46:14.000000,2025-12-30 11:46:59.999922,1,BAY01_1065_20251230_114614_000.7z
2025-12-30 11:47:00,6998.711335,6.998711335,3532.823561,2.005552,3463.882222,768000,768000,1.000000000,1,2025-12-30 11:47:00.000000,2025-12-30 11:47:59.999922,1,BAY01_1065_20251230_114614_000.7z
2025-12-30 11:48:00,6999.661987,6.999661987,3533.902180,2.032330,3463.727477,768000,768000,1.000000000,1,2025-12-30 11:48:00.000000,2025-12-30 11:48:59.999922,1,BAY01_1065_20251230_114614_000.7z
2025-12-30 11:49:00,7000.239532,7.000239532,3539.268902,1.983664,3458.986966,768000,768000,1.000000000,1,2025-12-30 11:49:00.000000,2025-12-30 11:49:59.999922,1,BAY01_1065_20251230_114614_000.7z
2025-12-30 11:50:00,7001.650325,7.001650325,3536.293049,1.497516,3463.859759,768000,768000,1.000000000,1,2025-12-30 11:50:00.000000,2025-12-30 11:50:59.999922,1,BAY01_1065_20251230_114614_000.7z
2025-12-30 11:51:00,7001.880577,7.001880577,3538.481127,1.450781,3461.948669,768000,768000,1.000000000,1,2025-12-30 11:51:00.000000,2025-12-30 11:51:59.999922,1,BAY01_1065_20251230_114614_000.7z
2025-12-30 11:52:00,7005.008308,7.005008308,3537.910389,1.477754,3465.620166,768000,768000,1.000000000,1,2025-12-30 11:52:00.000000,2025-12-30 11:52:59.999922,1,BAY01_1065_20251230_114614_000.7z
2025-12-30 11:53:00,7001.661911,7.001661911,3536.594584,1.543526,3463.523801,768000,768000,1.000000000,1,2025-12-30 11:53:00.000000,2025-12-30 11:53:59.999922,1,BAY01_1065_20251230_114614_000.7z
2025-12-30 11:54:00,7001.646770,7.001646770,3538.139044,1.283288,3462.224438,768000,768000,1.000000000,1,2025-12-30 11:54:00.000000,2025-12-30 11:54:59.999922,1,BAY01_1065_20251230_114614_000.7z
2025-12-30 11:55:00,7008.496431,7.008496431,3543.693015,1.081938,3463.721478,768000,768000,1.000000000,1,2025-12-30 11:55:00.000000,2025-12-30 11:55:59.999922,1,BAY01_1065_20251230_114614_000.7z
2025-12-30 11:56:00,7006.608787,7.006608787,3542.690495,0.907072,3463.011221,179250,768000,0.233398438,0,2025-12-30 11:56:00.000000,2025-12-30 11:56:14.003828,1,BAY01_1065_20251230_114614_000.7z
2025-12-30 11:57:00,7003.412845,7.003412845,3543.382835,0.926964,3459.103045,281600,768000,0.366666667,0,2025-12-30 11:57:38.000000,2025-12-30 11:57:59.999922,1,BAY01_1066_20251230_115738_000.7z
2025-12-30 11:58:00,7003.671775,7.003671775,3540.227487,1.025843,3462.418445,768000,768000,1.000000000,1,2025-12-30 11:58:00.000000,2025-12-30 11:58:59.999922,1,BAY01_1066_20251230_115738_000.7z
2025-12-30 11:59:00,7006.563388,7.006563388,3541.913338,1.074897,3463.575153,768000,768000,1.000000000,1,2025-12-30 11:59:00.000000,2025-12-30 11:59:59.999922,1,BAY01_1066_20251230_115738_000.7z
2025-12-30 12:00:00,7006.505429,7.006505429,3538.988665,1.001788,3466.514977,768000,768000,1.000000000,1,2025-12-30 12:00:00.000000,2025-12-30 12:00:59.999922,1,BAY01_1066_20251230_115738_000.7z
2025-12-30 12:01:00,5823.115596,5.823115596,3541.310902,1.120688,2280.684006,768000,768000,1.000000000,1,2025-12-30 12:01:00.000000,2025-12-30 12:01:59.999922,1,BAY01_1066_20251230_115738_000.7z
2025-12-30 12:02:00,3545.522426,3.545522426,3536.523894,1.220676,7.777856,768000,768000,1.000000000,1,2025-12-30 12:02:00.000000,2025-12-30 12:02:59.999922,1,BAY01_1066_20251230_115738_000.7z
2025-12-30 12:03:00,3543.377717,3.543377717,3534.384317,1.240191,7.753209,768000,768000,1.000000000,1,2025-12-30 12:03:00.000000,2025-12-30 12:03:59.999922,1,BAY01_1066_20251230_115738_000.7z
2025-12-30 12:04:00,3537.405018,3.537405018,3528.349924,1.306839,7.748255,768000,768000,1.000000000,1,2025-12-30 12:04:00.000000,2025-12-30 12:04:59.999922,1,BAY01_1066_20251230_115738_000.7z
2025-12-30 12:05:00,3542.805988,3.542805988,3533.817128,1.264355,7.724505,768000,768000,1.000000000,1,2025-12-30 12:05:00.000000,2025-12-30 12:05:59.999922,1,BAY01_1066_20251230_115738_000.7z
2025-12-30 12:06:00,3542.721201,3.542721201,3533.690310,1.238977,7.791914,768000,768000,1.000000000,1,2025-12-30 12:06:00.000000,2025-12-30 12:06:59.999922,1,BAY01_1066_20251230_115738_000.7z
2025-12-30 12:07:00,3545.715749,3.545715749,3536.739024,1.160095,7.816629,486413,768000,0.633350260,0,2025-12-30 12:07:00.000000,2025-12-30 12:07:38.000938,1,BAY01_1066_20251230_115738_000.7z
2025-12-30 12:08:00,3547.503299,3.547503299,3538.757167,1.068714,7.677418,25600,768000,0.033333333,0,2025-12-30 12:08:58.000000,2025-12-30 12:08:59.999922,1,BAY01_1067_20251230_120858_000.7z
2025-12-30 12:09:00,3545.563933,3.545563933,3537.079070,1.151927,7.332935,768000,768000,1.000000000,1,2025-12-30 12:09:00.000000,2025-12-30 12:09:59.999922,1,BAY01_1067_20251230_120858_000.7z
2025-12-30 12:10:00,3549.476183,3.549476183,3540.971867,1.195837,7.308480,768000,768000,1.000000000,1,2025-12-30 12:10:00.000000,2025-12-30 12:10:59.999922,1,BAY01_1067_20251230_120858_000.7z
2025-12-30 12:11:00,3545.217779,3.545217779,3536.671466,1.217637,7.328676,768000,768000,1.000000000,1,2025-12-30 12:11:00.000000,2025-12-30 12:11:59.999922,1,BAY01_1067_20251230_120858_000.7z
2025-12-30 12:12:00,3546.988225,3.546988225,3538.178830,1.280106,7.529289,768000,768000,1.000000000,1,2025-12-30 12:12:00.000000,2025-12-30 12:12:59.999922,1,BAY01_1067_20251230_120858_000.7z
2025-12-30 12:13:00,3548.108471,3.548108471,3539.084096,1.303405,7.720971,768000,768000,1.000000000,1,2025-12-30 12:13:00.000000,2025-12-30 12:13:59.999922,1,BAY01_1067_20251230_120858_000.7z
2025-12-30 12:14:00,3546.358943,3.546358943,3537.420155,1.220251,7.718536,768000,768000,1.000000000,1,2025-12-30 12:14:00.000000,2025-12-30 12:14:59.999922,1,BAY01_1067_20251230_120858_000.7z
2025-12-30 12:15:00,3548.143962,3.548143962,3536.099273,1.263933,10.780756,768000,768000,1.000000000,1,2025-12-30 12:15:00.000000,2025-12-30 12:15:59.999922,1,BAY01_1067_20251230_120858_000.7z
2025-12-30 12:16:00,9819.507398,9.819507398,3541.097551,0.805777,6277.604070,768000,768000,1.000000000,1,2025-12-30 12:16:00.000000,2025-12-30 12:16:59.999922,1,BAY01_1067_20251230_120858_000.7z
2025-12-30 12:17:00,10843.012887,10.843012887,3539.622572,0.835998,7302.554316,768000,768000,1.000000000,1,2025-12-30 12:17:00.000000,2025-12-30 12:17:59.999922,1,BAY01_1067_20251230_120858_000.7z
2025-12-30 12:18:00,9469.670149,9.469670149,2171.338418,0.867012,7297.464719,742488,768000,0.966781250,0,2025-12-30 12:18:00.000000,2025-12-30 12:18:58.006797,1,BAY01_1067_20251230_120858_000.7z
2025-12-30 12:20:00,7298.448028,7.298448028,2.911275,0.744470,7294.792284,371200,768000,0.483333333,0,2025-12-30 12:20:31.000000,2025-12-30 12:20:59.999922,1,BAY01_1068_20251230_122031_000.7z
2025-12-30 12:21:00,7303.418614,7.303418614,2.817095,0.816604,7299.784915,768000,768000,1.000000000,1,2025-12-30 12:21:00.000000,2025-12-30 12:21:59.999922,1,BAY01_1068_20251230_122031_000.7z
2025-12-30 12:22:00,7289.210001,7.289210001,2.908430,0.777284,7285.524287,768000,768000,1.000000000,1,2025-12-30 12:22:00.000000,2025-12-30 12:22:59.999922,1,BAY01_1068_20251230_122031_000.7z
2025-12-30 12:23:00,7281.344180,7.281344180,2.876310,0.848356,7277.619513,768000,768000,1.000000000,1,2025-12-30 12:23:00.000000,2025-12-30 12:23:59.999922,1,BAY01_1068_20251230_122031_000.7z
2025-12-30 12:24:00,7282.666089,7.282666089,2.829876,0.825020,7279.011193,768000,768000,1.000000000,1,2025-12-30 12:24:00.000000,2025-12-30 12:24:59.999922,1,BAY01_1068_20251230_122031_000.7z
2025-12-30 12:25:00,7287.643852,7.287643852,2.668500,0.853389,7284.121963,768000,768000,1.000000000,1,2025-12-30 12:25:00.000000,2025-12-30 12:25:59.999922,1,BAY01_1068_20251230_122031_000.7z
2025-12-30 12:26:00,7290.512419,7.290512419,2.357281,0.826269,7287.328869,768000,768000,1.000000000,1,2025-12-30 12:26:00.000000,2025-12-30 12:26:59.999922,1,BAY01_1068_20251230_122031_000.7z
2025-12-30 12:27:00,7294.450792,7.294450792,2.349416,0.789816,7291.311561,768000,768000,1.000000000,1,2025-12-30 12:27:00.000000,2025-12-30 12:27:59.999922,1,BAY01_1068_20251230_122031_000.7z
2025-12-30 12:28:00,7297.960328,7.297960328,2.304109,0.822864,7294.833355,768000,768000,1.000000000,1,2025-12-30 12:28:00.000000,2025-12-30 12:28:59.999922,1,BAY01_1068_20251230_122031_000.7z
2025-12-30 12:29:00,7301.064207,7.301064207,2.341017,0.843190,7297.880000,768000,768000,1.000000000,1,2025-12-30 12:29:00.000000,2025-12-30 12:29:59.999922,1,BAY01_1068_20251230_122031_000.7z
2025-12-30 12:30:00,7302.753910,7.302753910,2.228376,0.828955,7299.696579,396869,768000,0.516756510,0,2025-12-30 12:30:00.000000,2025-12-30 12:30:31.005312,1,BAY01_1068_20251230_122031_000.7z
2025-12-30 12:31:00,7303.169166,7.303169166,1.847598,0.781045,7300.540523,76800,768000,0.100000000,0,2025-12-30 12:31:54.000000,2025-12-30 12:31:59.999922,1,BAY01_1069_20251230_123154_000.7z
2025-12-30 12:32:00,7302.774667,7.302774667,1.935113,0.748237,7300.091316,768000,768000,1.000000000,1,2025-12-30 12:32:00.000000,2025-12-30 12:32:59.999922,1,BAY01_1069_20251230_123154_000.7z
2025-12-30 12:33:00,7304.904747,7.304904747,1.864351,0.741491,7302.298904,768000,768000,1.000000000,1,2025-12-30 12:33:00.000000,2025-12-30 12:33:59.999922,1,BAY01_1069_20251230_123154_000.7z
2025-12-30 12:34:00,7307.563598,7.307563598,1.842172,0.875617,7304.845810,768000,768000,1.000000000,1,2025-12-30 12:34:00.000000,2025-12-30 12:34:59.999922,1,BAY01_1069_20251230_123154_000.7z
2025-12-30 12:35:00,7309.574495,7.309574495,1.984896,0.819537,7306.770062,768000,768000,1.000000000,1,2025-12-30 12:35:00.000000,2025-12-30 12:35:59.999922,1,BAY01_1069_20251230_123154_000.7z
2025-12-30 12:36:00,7309.911700,7.309911700,1.813487,0.875737,7307.222476,768000,768000,1.000000000,1,2025-12-30 12:36:00.000000,2025-12-30 12:36:59.999922,1,BAY01_1069_20251230_123154_000.7z
2025-12-30 12:37:00,7312.314829,7.312314829,1.906402,0.768651,7309.639776,768000,768000,1.000000000,1,2025-12-30 12:37:00.000000,2025-12-30 12:37:59.999922,1,BAY01_1069_20251230_123154_000.7z
2025-12-30 12:38:00,7313.402738,7.313402738,1.864992,0.885820,7310.651926,768000,768000,1.000000000,1,2025-12-30 12:38:00.000000,2025-12-30 12:38:59.999922,1,BAY01_1069_20251230_123154_000.7z
2025-12-30 12:39:00,7309.581152,7.309581152,1.808417,0.910233,7306.862502,768000,768000,1.000000000,1,2025-12-30 12:39:00.000000,2025-12-30 12:39:59.999922,1,BAY01_1069_20251230_123154_000.7z
2025-12-30 12:40:00,7309.505140,7.309505140,1.917105,0.893981,7306.694054,768000,768000,1.000000000,1,2025-12-30 12:40:00.000000,2025-12-30 12:40:59.999922,1,BAY01_1069_20251230_123154_000.7z
2025-12-30 12:41:00,7307.911658,7.307911658,1.925516,0.812678,7305.173464,691243,768000,0.900055990,0,2025-12-30 12:41:00.000000,2025-12-30 12:41:54.003281,1,BAY01_1069_20251230_123154_000.7z
2025-12-30 12:43:00,7305.808396,7.305808396,1.941960,0.813391,7303.053044,627200,768000,0.816666667,0,2025-12-30 12:43:11.000000,2025-12-30 12:43:59.999922,1,BAY01_1070_20251230_124311_000.7z
2025-12-30 12:44:00,7304.974303,7.304974303,1.884200,0.855418,7302.234685,768000,768000,1.000000000,1,2025-12-30 12:44:00.000000,2025-12-30 12:44:59.999922,1,BAY01_1070_20251230_124311_000.7z
2025-12-30 12:45:00,7304.319112,7.304319112,1.758460,0.894974,7301.665678,768000,768000,1.000000000,1,2025-12-30 12:45:00.000000,2025-12-30 12:45:59.999922,1,BAY01_1070_20251230_124311_000.7z
2025-12-30 12:46:00,7291.946221,7.291946221,1.309069,3.952260,7286.684891,768000,768000,1.000000000,1,2025-12-30 12:46:00.000000,2025-12-30 12:46:59.999922,1,BAY01_1070_20251230_124311_000.7z
2025-12-30 12:47:00,7286.250630,7.286250630,1.039347,5.241877,7279.969406,768000,768000,1.000000000,1,2025-12-30 12:47:00.000000,2025-12-30 12:47:59.999922,1,BAY01_1070_20251230_124311_000.7z
2025-12-30 12:48:00,7280.780155,7.280780155,1.010462,5.209933,7274.559760,768000,768000,1.000000000,1,2025-12-30 12:48:00.000000,2025-12-30 12:48:59.999922,1,BAY01_1070_20251230_124311_000.7z
2025-12-30 12:49:00,7297.534006,7.297534006,1.034652,5.251755,7291.247599,768000,768000,1.000000000,1,2025-12-30 12:49:00.000000,2025-12-30 12:49:59.999922,1,BAY01_1070_20251230_124311_000.7z
2025-12-30 12:50:00,7304.138950,7.304138950,1.017657,5.161381,7297.959912,768000,768000,1.000000000,1,2025-12-30 12:50:00.000000,2025-12-30 12:50:59.999922,1,BAY01_1070_20251230_124311_000.7z
2025-12-30 12:51:00,7309.086952,7.309086952,1.041775,5.247340,7302.797837,768000,768000,1.000000000,1,2025-12-30 12:51:00.000000,2025-12-30 12:51:59.999922,1,BAY01_1070_20251230_124311_000.7z
2025-12-30 12:52:00,7311.171123,7.311171123,1.089918,5.221984,7304.859221,768000,768000,1.000000000,1,2025-12-30 12:52:00.000000,2025-12-30 12:52:59.999922,1,BAY01_1070_20251230_124311_000.7z
2025-12-30 12:53:00,7298.292168,7.298292168,1.040204,5.132324,7292.119639,140822,768000,0.183361979,0,2025-12-30 12:53:00.000000,2025-12-30 12:53:11.001641,1,BAY01_1070_20251230_124311_000.7z
2025-12-30 12:54:00,7316.686105,7.316686105,0.878584,5.418625,7310.388895,217600,768000,0.283333333,0,2025-12-30 12:54:43.000000,2025-12-30 12:54:59.999922,1,BAY01_1071_20251230_125443_000.7z
2025-12-30 12:55:00,7320.756022,7.320756022,0.973505,5.242266,7314.540251,768000,768000,1.000000000,1,2025-12-30 12:55:00.000000,2025-12-30 12:55:59.999922,1,BAY01_1071_20251230_125443_000.7z
2025-12-30 12:56:00,7323.665815,7.323665815,0.987568,5.205238,7317.473009,768000,768000,1.000000000,1,2025-12-30 12:56:00.000000,2025-12-30 12:56:59.999922,1,BAY01_1071_20251230_125443_000.7z
2025-12-30 12:57:00,7312.053580,7.312053580,1.030301,5.206209,7305.817070,768000,768000,1.000000000,1,2025-12-30 12:57:00.000000,2025-12-30 12:57:59.999922,1,BAY01_1071_20251230_125443_000.7z
2025-12-30 12:58:00,7323.594582,7.323594582,1.040761,5.217065,7317.336756,768000,768000,1.000000000,1,2025-12-30 12:58:00.000000,2025-12-30 12:58:59.999922,1,BAY01_1071_20251230_125443_000.7z
2025-12-30 12:59:00,7309.062247,7.309062247,1.002610,5.227402,7302.832235,768000,768000,1.000000000,1,2025-12-30 12:59:00.000000,2025-12-30 12:59:59.999922,1,BAY01_1071_20251230_125443_000.7z
2025-12-30 13:00:00,7319.758474,7.319758474,1.016124,5.203412,7313.538938,768000,768000,1.000000000,1,2025-12-30 13:00:00.000000,2025-12-30 13:00:59.999922,1,BAY01_1071_20251230_125443_000.7z
2025-12-30 13:01:00,7310.387753,7.310387753,1.049307,5.147186,7304.191260,768000,768000,1.000000000,1,2025-12-30 13:01:00.000000,2025-12-30 13:01:59.999922,1,BAY01_1071_20251230_125443_000.7z
2025-12-30 13:02:00,7321.158331,7.321158331,1.098379,5.181672,7314.878281,768000,768000,1.000000000,1,2025-12-30 13:02:00.000000,2025-12-30 13:02:59.999922,1,BAY01_1071_20251230_125443_000.7z
2025-12-30 13:03:00,7320.083415,7.320083415,1.025559,5.223849,7313.834007,768000,768000,1.000000000,1,2025-12-30 13:03:00.000000,2025-12-30 13:03:59.999922,1,BAY01_1071_20251230_125443_000.7z
2025-12-30 13:04:00,7327.432241,7.327432241,1.064493,5.150249,7321.217499,550518,768000,0.716820313,0,2025-12-30 13:04:00.000000,2025-12-30 13:04:43.009141,1,BAY01_1071_20251230_125443_000.7z
2025-12-30 13:06:00,7326.285097,7.326285097,1.099141,5.115686,7320.070271,704000,768000,0.916666667,0,2025-12-30 13:06:05.000000,2025-12-30 13:06:59.999922,1,BAY01_1072_20251230_130605_000.7z
2025-12-30 13:07:00,7328.792124,7.328792124,0.988941,5.161694,7322.641489,768000,768000,1.000000000,1,2025-12-30 13:07:00.000000,2025-12-30 13:07:59.999922,1,BAY01_1072_20251230_130605_000.7z
2025-12-30 13:08:00,7330.574497,7.330574497,1.079863,5.101735,7324.392898,768000,768000,1.000000000,1,2025-12-30 13:08:00.000000,2025-12-30 13:08:59.999922,1,BAY01_1072_20251230_130605_000.7z
2025-12-30 13:09:00,7331.634705,7.331634705,0.993682,5.214451,7325.426572,768000,768000,1.000000000,1,2025-12-30 13:09:00.000000,2025-12-30 13:09:59.999922,1,BAY01_1072_20251230_130605_000.7z
2025-12-30 13:10:00,7331.765048,7.331765048,1.045217,5.216867,7325.502964,768000,768000,1.000000000,1,2025-12-30 13:10:00.000000,2025-12-30 13:10:59.999922,1,BAY01_1072_20251230_130605_000.7z
2025-12-30 13:11:00,7334.890934,7.334890934,1.058796,5.230907,7328.601231,768000,768000,1.000000000,1,2025-12-30 13:11:00.000000,2025-12-30 13:11:59.999922,1,BAY01_1072_20251230_130605_000.7z
2025-12-30 13:12:00,7334.244051,7.334244051,1.606506,7.578226,7325.059318,768000,768000,1.000000000,1,2025-12-30 13:12:00.000000,2025-12-30 13:12:59.999922,1,BAY01_1072_20251230_130605_000.7z
2025-12-30 13:13:00,7336.524582,7.336524582,1.636207,7.596974,7327.291401,768000,768000,1.000000000,1,2025-12-30 13:13:00.000000,2025-12-30 13:13:59.999922,1,BAY01_1072_20251230_130605_000.7z
2025-12-30 13:14:00,7335.278087,7.335278087,1.582730,7.631562,7326.063794,768000,768000,1.000000000,1,2025-12-30 13:14:00.000000,2025-12-30 13:14:59.999922,1,BAY01_1072_20251230_130605_000.7z
2025-12-30 13:15:00,7338.295251,7.338295251,1.622283,7.583060,7329.089908,768000,768000,1.000000000,1,2025-12-30 13:15:00.000000,2025-12-30 13:15:59.999922,1,BAY01_1072_20251230_130605_000.7z
2025-12-30 13:16:00,7342.943128,7.342943128,1.532495,7.584780,7333.825853,64037,768000,0.083381510,0,2025-12-30 13:16:00.000000,2025-12-30 13:16:05.002812,1,BAY01_1072_20251230_130605_000.7z
2025-12-30 13:17:00,7340.855439,7.340855439,1.562101,7.581234,7331.712104,435200,768000,0.566666667,0,2025-12-30 13:17:26.000000,2025-12-30 13:17:59.999922,1,BAY01_1073_20251230_131726_000.7z
2025-12-30 13:18:00,7335.321996,7.335321996,1.604675,7.579504,7326.137817,768000,768000,1.000000000,1,2025-12-30 13:18:00.000000,2025-12-30 13:18:59.999922,1,BAY01_1073_20251230_131726_000.7z
2025-12-30 13:19:00,7343.296569,7.343296569,1.570671,7.576270,7334.149628,768000,768000,1.000000000,1,2025-12-30 13:19:00.000000,2025-12-30 13:19:59.999922,1,BAY01_1073_20251230_131726_000.7z
2025-12-30 13:20:00,7344.942737,7.344942737,1.613488,7.649618,7335.679630,768000,768000,1.000000000,1,2025-12-30 13:20:00.000000,2025-12-30 13:20:59.999922,1,BAY01_1073_20251230_131726_000.7z
2025-12-30 13:21:00,7347.992573,7.347992573,1.587273,7.636863,7338.768438,768000,768000,1.000000000,1,2025-12-30 13:21:00.000000,2025-12-30 13:21:59.999922,1,BAY01_1073_20251230_131726_000.7z
2025-12-30 13:22:00,7347.508812,7.347508812,1.652983,7.595371,7338.260458,768000,768000,1.000000000,1,2025-12-30 13:22:00.000000,2025-12-30 13:22:59.999922,1,BAY01_1073_20251230_131726_000.7z
2025-12-30 13:23:00,7348.208695,7.348208695,1.526926,7.619992,7339.061777,768000,768000,1.000000000,1,2025-12-30 13:23:00.000000,2025-12-30 13:23:59.999922,1,BAY01_1073_20251230_131726_000.7z
2025-12-30 13:24:00,7349.345090,7.349345090,1.573457,7.534920,7340.236713,768000,768000,1.000000000,1,2025-12-30 13:24:00.000000,2025-12-30 13:24:59.999922,1,BAY01_1073_20251230_131726_000.7z
2025-12-30 13:25:00,7351.349504,7.351349504,1.653007,7.638278,7342.058219,768000,768000,1.000000000,1,2025-12-30 13:25:00.000000,2025-12-30 13:25:59.999922,1,BAY01_1073_20251230_131726_000.7z
2025-12-30 13:26:00,7350.991101,7.350991101,1.620995,7.587510,7341.782595,768000,768000,1.000000000,1,2025-12-30 13:26:00.000000,2025-12-30 13:26:59.999922,1,BAY01_1073_20251230_131726_000.7z
2025-12-30 13:27:00,7352.762088,7.352762088,1.630242,7.603057,7343.528789,332898,768000,0.433460937,0,2025-12-30 13:27:00.000000,2025-12-30 13:27:26.007578,1,BAY01_1073_20251230_131726_000.7z
2025-12-30 13:28:00,7352.128737,7.352128737,1.745057,7.582907,7342.800773,128000,768000,0.166666667,0,2025-12-30 13:28:50.000000,2025-12-30 13:28:59.999922,1,BAY01_1074_20251230_132850_000.7z
2025-12-30 13:29:00,7353.710065,7.353710065,1.565251,7.626970,7344.517844,768000,768000,1.000000000,1,2025-12-30 13:29:00.000000,2025-12-30 13:29:59.999922,1,BAY01_1074_20251230_132850_000.7z
2025-12-30 13:30:00,7355.081157,7.355081157,1.552946,7.615570,7345.912641,768000,768000,1.000000000,1,2025-12-30 13:30:00.000000,2025-12-30 13:30:59.999922,1,BAY01_1074_20251230_132850_000.7z
2025-12-30 13:31:00,7354.007434,7.354007434,1.596443,7.601755,7344.809236,768000,768000,1.000000000,1,2025-12-30 13:31:00.000000,2025-12-30 13:31:59.999922,1,BAY01_1074_20251230_132850_000.7z
2025-12-30 13:32:00,7357.308715,7.357308715,1.621003,7.621463,7348.066249,768000,768000,1.000000000,1,2025-12-30 13:32:00.000000,2025-12-30 13:32:59.999922,1,BAY01_1074_20251230_132850_000.7z
2025-12-30 13:33:00,7350.084338,7.350084338,1.615633,7.606677,7340.862028,768000,768000,1.000000000,1,2025-12-30 13:33:00.000000,2025-12-30 13:33:59.999922,1,BAY01_1074_20251230_132850_000.7z
2025-12-30 13:34:00,7357.577479,7.357577479,1.632187,7.604221,7348.341071,768000,768000,1.000000000,1,2025-12-30 13:34:00.000000,2025-12-30 13:34:59.999922,1,BAY01_1074_20251230_132850_000.7z
2025-12-30 13:35:00,7352.007480,7.352007480,1.602228,7.663764,7342.741488,768000,768000,1.000000000,1,2025-12-30 13:35:00.000000,2025-12-30 13:35:59.999922,1,BAY01_1074_20251230_132850_000.7z
2025-12-30 13:36:00,7360.109633,7.360109633,1.587443,7.638199,7350.883991,768000,768000,1.000000000,1,2025-12-30 13:36:00.000000,2025-12-30 13:36:59.999922,1,BAY01_1074_20251230_132850_000.7z
2025-12-30 13:37:00,7360.329277,7.360329277,1.680597,7.632922,7351.015758,768000,768000,1.000000000,1,2025-12-30 13:37:00.000000,2025-12-30 13:37:59.999922,1,BAY01_1074_20251230_132850_000.7z
2025-12-30 13:38:00,7361.083652,7.361083652,1.636102,7.633562,7351.813988,640047,768000,0.833394531,0,2025-12-30 13:38:00.000000,2025-12-30 13:38:50.003594,1,BAY01_1074_20251230_132850_000.7z
2025-12-30 13:40:00,7359.840824,7.359840824,1.570973,7.559600,7350.710250,473600,768000,0.616666667,0,2025-12-30 13:40:23.000000,2025-12-30 13:40:59.999922,1,BAY01_1075_20251230_134023_000.7z
2025-12-30 13:41:00,7352.035494,7.352035494,1.599694,7.612655,7342.823145,768000,768000,1.000000000,1,2025-12-30 13:41:00.000000,2025-12-30 13:41:59.999922,1,BAY01_1075_20251230_134023_000.7z
2025-12-30 13:42:00,7359.032813,7.359032813,2.184142,6.789178,7350.059493,768000,768000,1.000000000,1,2025-12-30 13:42:00.000000,2025-12-30 13:42:59.999922,1,BAY01_1075_20251230_134023_000.7z
2025-12-30 13:43:00,7358.735050,7.358735050,3.489973,5.191394,7350.053683,768000,768000,1.000000000,1,2025-12-30 13:43:00.000000,2025-12-30 13:43:59.999922,1,BAY01_1075_20251230_134023_000.7z
2025-12-30 13:44:00,7354.416094,7.354416094,3.404922,5.225052,7345.786121,768000,768000,1.000000000,1,2025-12-30 13:44:00.000000,2025-12-30 13:44:59.999922,1,BAY01_1075_20251230_134023_000.7z
2025-12-30 13:45:00,7355.562888,7.355562888,3.427572,5.254415,7346.880902,768000,768000,1.000000000,1,2025-12-30 13:45:00.000000,2025-12-30 13:45:59.999922,1,BAY01_1075_20251230_134023_000.7z
2025-12-30 13:46:00,7354.200698,7.354200698,3.377769,5.160845,7345.662085,768000,768000,1.000000000,1,2025-12-30 13:46:00.000000,2025-12-30 13:46:59.999922,1,BAY01_1075_20251230_134023_000.7z
2025-12-30 13:47:00,7344.879803,7.344879803,2.282697,6.662211,7335.934896,768000,768000,1.000000000,1,2025-12-30 13:47:00.000000,2025-12-30 13:47:59.999922,1,BAY01_1075_20251230_134023_000.7z
2025-12-30 13:48:00,7350.698931,7.350698931,1.569743,7.582376,7341.546812,768000,768000,1.000000000,1,2025-12-30 13:48:00.000000,2025-12-30 13:48:59.999922,1,BAY01_1075_20251230_134023_000.7z
2025-12-30 13:49:00,7338.617022,7.338617022,1.579690,7.654825,7329.382508,768000,768000,1.000000000,1,2025-12-30 13:49:00.000000,2025-12-30 13:49:59.999922,1,BAY01_1075_20251230_134023_000.7z
2025-12-30 13:50:00,7349.841294,7.349841294,1.544790,7.739900,7340.556604,294537,768000,0.383511719,0,2025-12-30 13:50:00.000000,2025-12-30 13:50:23.010625,1,BAY01_1075_20251230_134023_000.7z
2025-12-30 13:51:00,7348.522704,7.348522704,1.477335,7.563741,7339.481629,51200,768000,0.066666667,0,2025-12-30 13:51:56.000000,2025-12-30 13:51:59.999922,1,BAY01_1076_20251230_135156_000.7z
2025-12-30 13:52:00,7332.237995,7.332237995,1.584054,7.580805,7323.073136,768000,768000,1.000000000,1,2025-12-30 13:52:00.000000,2025-12-30 13:52:59.999922,1,BAY01_1076_20251230_135156_000.7z
2025-12-30 13:53:00,7343.757735,7.343757735,1.515035,7.594167,7334.648533,768000,768000,1.000000000,1,2025-12-30 13:53:00.000000,2025-12-30 13:53:59.999922,1,BAY01_1076_20251230_135156_000.7z
2025-12-30 13:54:00,7338.714349,7.338714349,1.571461,7.622130,7329.520757,768000,768000,1.000000000,1,2025-12-30 13:54:00.000000,2025-12-30 13:54:59.999922,1,BAY01_1076_20251230_135156_000.7z
2025-12-30 13:55:00,7336.270762,7.336270762,1.508316,7.725452,7327.036993,768000,768000,1.000000000,1,2025-12-30 13:55:00.000000,2025-12-30 13:55:59.999922,1,BAY01_1076_20251230_135156_000.7z
2025-12-30 13:56:00,7331.787326,7.331787326,1.568241,7.584976,7322.634108,768000,768000,1.000000000,1,2025-12-30 13:56:00.000000,2025-12-30 13:56:59.999922,1,BAY01_1076_20251230_135156_000.7z
2025-12-30 13:57:00,7334.217722,7.334217722,1.671542,7.566446,7324.979735,768000,768000,1.000000000,1,2025-12-30 13:57:00.000000,2025-12-30 13:57:59.999922,1,BAY01_1076_20251230_135156_000.7z
2025-12-30 13:58:00,7332.081297,7.332081297,1.620984,7.588830,7322.871484,768000,768000,1.000000000,1,2025-12-30 13:58:00.000000,2025-12-30 13:58:59.999922,1,BAY01_1076_20251230_135156_000.7z
2025-12-30 13:59:00,7332.755641,7.332755641,1.615139,7.595417,7323.545084,768000,768000,1.000000000,1,2025-12-30 13:59:00.000000,2025-12-30 13:59:59.999922,1,BAY01_1076_20251230_135156_000.7z
2025-12-30 14:00:00,7332.940019,7.332940019,1.623725,7.624276,7323.692019,768000,768000,1.000000000,1,2025-12-30 14:00:00.000000,2025-12-30 14:00:59.999922,1,BAY01_1076_20251230_135156_000.7z
2025-12-30 14:01:00,7331.822207,7.331822207,1.570228,7.573543,7322.678435,716862,768000,0.933414063,0,2025-12-30 14:01:00.000000,2025-12-30 14:01:56.004766,1,BAY01_1076_20251230_135156_000.7z
2025-12-30 14:03:00,7330.713812,7.330713812,1.597608,7.525889,7321.590315,448000,768000,0.583333333,0,2025-12-30 14:03:25.000000,2025-12-30 14:03:59.999922,1,BAY01_1077_20251230_140325_000.7z
2025-12-30 14:04:00,7331.916263,7.331916263,1.630308,7.581143,7322.704812,768000,768000,1.000000000,1,2025-12-30 14:04:00.000000,2025-12-30 14:04:59.999922,1,BAY01_1077_20251230_140325_000.7z
2025-12-30 14:05:00,7329.736098,7.329736098,1.528899,7.581783,7320.625416,768000,768000,1.000000000,1,2025-12-30 14:05:00.000000,2025-12-30 14:05:59.999922,1,BAY01_1077_20251230_140325_000.7z
2025-12-30 14:06:00,7331.484408,7.331484408,1.622542,7.594063,7322.267802,768000,768000,1.000000000,1,2025-12-30 14:06:00.000000,2025-12-30 14:06:59.999922,1,BAY01_1077_20251230_140325_000.7z
2025-12-30 14:07:00,7331.434888,7.331434888,1.574981,7.649184,7322.210722,768000,768000,1.000000000,1,2025-12-30 14:07:00.000000,2025-12-30 14:07:59.999922,1,BAY01_1077_20251230_140325_000.7z
2025-12-30 14:08:00,7329.516755,7.329516755,1.643570,7.610753,7320.262432,768000,768000,1.000000000,1,2025-12-30 14:08:00.000000,2025-12-30 14:08:59.999922,1,BAY01_1077_20251230_140325_000.7z
2025-12-30 14:09:00,7329.152942,7.329152942,1.630332,7.653453,7319.869157,768000,768000,1.000000000,1,2025-12-30 14:09:00.000000,2025-12-30 14:09:59.999922,1,BAY01_1077_20251230_140325_000.7z
2025-12-30 14:10:00,7329.981114,7.329981114,1.550542,7.623297,7320.807275,768000,768000,1.000000000,1,2025-12-30 14:10:00.000000,2025-12-30 14:10:59.999922,1,BAY01_1077_20251230_140325_000.7z
2025-12-30 14:11:00,7331.474497,7.331474497,1.575876,7.652073,7322.246548,768000,768000,1.000000000,1,2025-12-30 14:11:00.000000,2025-12-30 14:11:59.999922,1,BAY01_1077_20251230_140325_000.7z
2025-12-30 14:12:00,7330.054185,7.330054185,1.619205,7.568235,7320.866745,768000,768000,1.000000000,1,2025-12-30 14:12:00.000000,2025-12-30 14:12:59.999922,1,BAY01_1077_20251230_140325_000.7z
2025-12-30 14:13:00,7329.018989,7.329018989,1.647933,7.635654,7319.735402,320113,768000,0.416813802,0,2025-12-30 14:13:00.000000,2025-12-30 14:13:25.008750,1,BAY01_1077_20251230_140325_000.7z
2025-12-30 14:14:00,7330.308165,7.330308165,1.533718,7.642100,7321.132347,294400,768000,0.383333333,0,2025-12-30 14:14:37.000000,2025-12-30 14:14:59.999922,1,BAY01_1078_20251230_141437_000.7z
2025-12-30 14:15:00,7329.900408,7.329900408,1.551128,7.523012,7320.826268,768000,768000,1.000000000,1,2025-12-30 14:15:00.000000,2025-12-30 14:15:59.999922,1,BAY01_1078_20251230_141437_000.7z
2025-12-30 14:16:00,7329.502796,7.329502796,1.527086,7.663692,7320.312018,768000,768000,1.000000000,1,2025-12-30 14:16:00.000000,2025-12-30 14:16:59.999922,1,BAY01_1078_20251230_141437_000.7z
2025-12-30 14:17:00,7329.895997,7.329895997,1.656888,7.599436,7320.639674,768000,768000,1.000000000,1,2025-12-30 14:17:00.000000,2025-12-30 14:17:59.999922,1,BAY01_1078_20251230_141437_000.7z
2025-12-30 14:18:00,7328.302540,7.328302540,1.640998,7.593164,7319.068377,768000,768000,1.000000000,1,2025-12-30 14:18:00.000000,2025-12-30 14:18:59.999922,1,BAY01_1078_20251230_141437_000.7z
2025-12-30 14:19:00,7327.868104,7.327868104,1.616589,7.588258,7318.663256,768000,768000,1.000000000,1,2025-12-30 14:19:00.000000,2025-12-30 14:19:59.999922,1,BAY01_1078_20251230_141437_000.7z
2025-12-30 14:20:00,7327.529110,7.327529110,1.597089,7.672556,7318.259466,768000,768000,1.000000000,1,2025-12-30 14:20:00.000000,2025-12-30 14:20:59.999922,1,BAY01_1078_20251230_141437_000.7z
2025-12-30 14:21:00,7327.594717,7.327594717,1.626078,7.634605,7318.334035,768000,768000,1.000000000,1,2025-12-30 14:21:00.000000,2025-12-30 14:21:59.999922,1,BAY01_1078_20251230_141437_000.7z
2025-12-30 14:22:00,7327.495938,7.327495938,1.640398,7.624269,7318.231272,768000,768000,1.000000000,1,2025-12-30 14:22:00.000000,2025-12-30 14:22:59.999922,1,BAY01_1078_20251230_141437_000.7z
2025-12-30 14:23:00,7327.051577,7.327051577,1.629514,7.629153,7317.792910,768000,768000,1.000000000,1,2025-12-30 14:23:00.000000,2025-12-30 14:23:59.999922,1,BAY01_1078_20251230_141437_000.7z
2025-12-30 14:24:00,7324.716996,7.324716996,1.533678,7.639746,7315.543573,473673,768000,0.616761719,0,2025-12-30 14:24:00.000000,2025-12-30 14:24:37.005625,1,BAY01_1078_20251230_141437_000.7z
2025-12-30 14:26:00,7326.429268,7.326429268,1.601662,7.628513,7317.199094,704000,768000,0.916666667,0,2025-12-30 14:26:05.000000,2025-12-30 14:26:59.999922,1,BAY01_1079_20251230_142605_000.7z
2025-12-30 14:27:00,7326.321400,7.326321400,1.587406,7.544634,7317.189360,768000,768000,1.000000000,1,2025-12-30 14:27:00.000000,2025-12-30 14:27:59.999922,1,BAY01_1079_20251230_142605_000.7z
2025-12-30 14:28:00,7326.827278,7.326827278,1.629996,7.629564,7317.567718,768000,768000,1.000000000,1,2025-12-30 14:28:00.000000,2025-12-30 14:28:59.999922,1,BAY01_1079_20251230_142605_000.7z
2025-12-30 14:29:00,7326.100801,7.326100801,1.616877,7.611494,7316.872430,768000,768000,1.000000000,1,2025-12-30 14:29:00.000000,2025-12-30 14:29:59.999922,1,BAY01_1079_20251230_142605_000.7z
2025-12-30 14:30:00,7324.390575,7.324390575,1.608670,7.634436,7315.147470,768000,768000,1.000000000,1,2025-12-30 14:30:00.000000,2025-12-30 14:30:59.999922,1,BAY01_1079_20251230_142605_000.7z
2025-12-30 14:31:00,7325.351930,7.325351930,1.631203,7.608995,7316.111732,768000,768000,1.000000000,1,2025-12-30 14:31:00.000000,2025-12-30 14:31:59.999922,1,BAY01_1079_20251230_142605_000.7z
2025-12-30 14:32:00,7326.088163,7.326088163,1.591305,7.649500,7316.847359,768000,768000,1.000000000,1,2025-12-30 14:32:00.000000,2025-12-30 14:32:59.999922,1,BAY01_1079_20251230_142605_000.7z
2025-12-30 14:33:00,7325.539570,7.325539570,1.650829,7.596121,7316.292620,768000,768000,1.000000000,1,2025-12-30 14:33:00.000000,2025-12-30 14:33:59.999922,1,BAY01_1079_20251230_142605_000.7z
2025-12-30 14:34:00,7327.006671,7.327006671,1.591865,7.584359,7317.830447,768000,768000,1.000000000,1,2025-12-30 14:34:00.000000,2025-12-30 14:34:59.999922,1,BAY01_1079_20251230_142605_000.7z
2025-12-30 14:35:00,7324.691463,7.324691463,1.603207,7.677151,7315.411105,768000,768000,1.000000000,1,2025-12-30 14:35:00.000000,2025-12-30 14:35:59.999922,1,BAY01_1079_20251230_142605_000.7z
2025-12-30 14:36:00,7326.858526,7.326858526,1.587967,7.544683,7317.725876,64054,768000,0.083403646,0,2025-12-30 14:36:00.000000,2025-12-30 14:36:05.004141,1,BAY01_1079_20251230_142605_000.7z
2025-12-30 14:37:00,7326.974599,7.326974599,1.573542,7.523637,7317.877420,217600,768000,0.283333333,0,2025-12-30 14:37:43.000000,2025-12-30 14:37:59.999922,1,BAY01_1080_20251230_143743_000.7z
2025-12-30 14:38:00,7326.654900,7.326654900,1.538690,7.583649,7317.532561,768000,768000,1.000000000,1,2025-12-30 14:38:00.000000,2025-12-30 14:38:59.999922,1,BAY01_1080_20251230_143743_000.7z
2025-12-30 14:39:00,7326.738319,7.326738319,1.585756,7.608788,7317.543775,768000,768000,1.000000000,1,2025-12-30 14:39:00.000000,2025-12-30 14:39:59.999922,1,BAY01_1080_20251230_143743_000.7z
2025-12-30 14:40:00,7327.089768,7.327089768,1.644759,7.604973,7317.840036,768000,768000,1.000000000,1,2025-12-30 14:40:00.000000,2025-12-30 14:40:59.999922,1,BAY01_1080_20251230_143743_000.7z
2025-12-30 14:41:00,7327.693507,7.327693507,1.633245,7.669300,7318.390963,768000,768000,1.000000000,1,2025-12-30 14:41:00.000000,2025-12-30 14:41:59.999922,1,BAY01_1080_20251230_143743_000.7z
2025-12-30 14:42:00,7327.680507,7.327680507,1.609078,7.679553,7318.391877,768000,768000,1.000000000,1,2025-12-30 14:42:00.000000,2025-12-30 14:42:59.999922,1,BAY01_1080_20251230_143743_000.7z
2025-12-30 14:43:00,7326.445318,7.326445318,1.659736,7.623103,7317.162478,768000,768000,1.000000000,1,2025-12-30 14:43:00.000000,2025-12-30 14:43:59.999922,1,BAY01_1080_20251230_143743_000.7z
2025-12-30 14:44:00,7326.230495,7.326230495,1.652530,7.670462,7316.907502,768000,768000,1.000000000,1,2025-12-30 14:44:00.000000,2025-12-30 14:44:59.999922,1,BAY01_1080_20251230_143743_000.7z
2025-12-30 14:45:00,7325.604439,7.325604439,1.604749,7.706343,7316.293347,768000,768000,1.000000000,1,2025-12-30 14:45:00.000000,2025-12-30 14:45:59.999922,1,BAY01_1080_20251230_143743_000.7z
2025-12-30 14:46:00,7281.427371,7.281427371,1.629425,7.564457,7272.233489,768000,768000,1.000000000,1,2025-12-30 14:46:00.000000,2025-12-30 14:46:59.999922,1,BAY01_1080_20251230_143743_000.7z
2025-12-30 14:47:00,7173.270637,7.173270637,1.661481,7.566809,7164.042347,550533,768000,0.716839844,0,2025-12-30 14:47:00.000000,2025-12-30 14:47:43.010312,1,BAY01_1080_20251230_143743_000.7z
2025-12-30 14:49:00,7174.015672,7.174015672,1.663171,7.573715,7164.778786,512000,768000,0.666666667,0,2025-12-30 14:49:20.000000,2025-12-30 14:49:59.999922,1,BAY01_1081_20251230_144920_000.7z
2025-12-30 14:50:00,7175.322359,7.175322359,1.570730,7.669569,7166.082060,768000,768000,1.000000000,1,2025-12-30 14:50:00.000000,2025-12-30 14:50:59.999922,1,BAY01_1081_20251230_144920_000.7z
2025-12-30 14:51:00,7172.913241,7.172913241,1.608264,7.607668,7163.697310,768000,768000,1.000000000,1,2025-12-30 14:51:00.000000,2025-12-30 14:51:59.999922,1,BAY01_1081_20251230_144920_000.7z
2025-12-30 14:52:00,7175.625681,7.175625681,1.643107,7.678706,7166.303868,768000,768000,1.000000000,1,2025-12-30 14:52:00.000000,2025-12-30 14:52:59.999922,1,BAY01_1081_20251230_144920_000.7z
2025-12-30 14:53:00,6530.476756,6.530476756,1.786240,7.678266,6521.012250,768000,768000,1.000000000,1,2025-12-30 14:53:00.000000,2025-12-30 14:53:59.999922,1,BAY01_1081_20251230_144920_000.7z
2025-12-30 14:54:00,6198.914976,6.198914976,1.852128,7.718156,6189.344692,768000,768000,1.000000000,1,2025-12-30 14:54:00.000000,2025-12-30 14:54:59.999922,1,BAY01_1081_20251230_144920_000.7z
2025-12-30 14:55:00,6196.661874,6.196661874,1.851142,7.731659,6187.079073,768000,768000,1.000000000,1,2025-12-30 14:55:00.000000,2025-12-30 14:55:59.999922,1,BAY01_1081_20251230_144920_000.7z
2025-12-30 14:56:00,6196.311922,6.196311922,1.854041,7.664004,6186.793878,768000,768000,1.000000000,1,2025-12-30 14:56:00.000000,2025-12-30 14:56:59.999922,1,BAY01_1081_20251230_144920_000.7z
2025-12-30 14:57:00,6195.530587,6.195530587,1.802353,7.692219,6186.036015,768000,768000,1.000000000,1,2025-12-30 14:57:00.000000,2025-12-30 14:57:59.999922,1,BAY01_1081_20251230_144920_000.7z
2025-12-30 14:58:00,6195.750676,6.195750676,1.830469,7.696114,6186.224094,768000,768000,1.000000000,1,2025-12-30 14:58:00.000000,2025-12-30 14:58:59.999922,1,BAY01_1081_20251230_144920_000.7z
2025-12-30 14:59:00,6194.789713,6.194789713,1.819055,7.755220,6185.215438,256128,768000,0.333500000,0,2025-12-30 14:59:00.000000,2025-12-30 14:59:20.009922,1,BAY01_1081_20251230_144920_000.7z
2025-12-30 15:00:00,6196.107211,6.196107211,1.400987,8.005439,6186.700784,25600,768000,0.033333333,0,2025-12-30 15:00:58.000000,2025-12-30 15:00:59.999922,1,BAY01_1082_20251230_150058_000.7z
2025-12-30 15:01:00,6195.846233,6.195846233,1.809332,7.683043,6186.353858,768000,768000,1.000000000,1,2025-12-30 15:01:00.000000,2025-12-30 15:01:59.999922,1,BAY01_1082_20251230_150058_000.7z
2025-12-30 15:02:00,6198.214048,6.198214048,1.794347,7.634972,6188.784729,768000,768000,1.000000000,1,2025-12-30 15:02:00.000000,2025-12-30 15:02:59.999922,1,BAY01_1082_20251230_150058_000.7z
2025-12-30 15:03:00,6196.109142,6.196109142,1.860995,7.737818,6186.510329,768000,768000,1.000000000,1,2025-12-30 15:03:00.000000,2025-12-30 15:03:59.999922,1,BAY01_1082_20251230_150058_000.7z
2025-12-30 15:04:00,6196.019523,6.196019523,1.790959,7.741200,6186.487364,768000,768000,1.000000000,1,2025-12-30 15:04:00.000000,2025-12-30 15:04:59.999922,1,BAY01_1082_20251230_150058_000.7z
2025-12-30 15:05:00,6196.498150,6.196498150,1.832438,7.769628,6186.896084,768000,768000,1.000000000,1,2025-12-30 15:05:00.000000,2025-12-30 15:05:59.999922,1,BAY01_1082_20251230_150058_000.7z
2025-12-30 15:06:00,6197.606798,6.197606798,1.792530,7.757116,6188.057153,768000,768000,1.000000000,1,2025-12-30 15:06:00.000000,2025-12-30 15:06:59.999922,1,BAY01_1082_20251230_150058_000.7z
2025-12-30 15:07:00,6196.360897,6.196360897,1.755264,7.756020,6186.849612,768000,768000,1.000000000,1,2025-12-30 15:07:00.000000,2025-12-30 15:07:59.999922,1,BAY01_1082_20251230_150058_000.7z
2025-12-30 15:08:00,6196.781882,6.196781882,1.789699,7.732744,6187.259439,768000,768000,1.000000000,1,2025-12-30 15:08:00.000000,2025-12-30 15:08:59.999922,1,BAY01_1082_20251230_150058_000.7z
2025-12-30 15:09:00,6196.417281,6.196417281,1.829145,7.661625,6186.926511,768000,768000,1.000000000,1,2025-12-30 15:09:00.000000,2025-12-30 15:09:59.999922,1,BAY01_1082_20251230_150058_000.7z
2025-12-30 15:10:00,6196.431353,6.196431353,1.745896,7.654045,6187.031412,742518,768000,0.966820313,0,2025-12-30 15:10:00.000000,2025-12-30 15:10:58.009141,1,BAY01_1082_20251230_150058_000.7z
2025-12-30 15:13:00,6195.985783,6.195985783,1.874901,7.415645,6186.695238,576000,768000,0.750000000,0,2025-12-30 15:13:15.000000,2025-12-30 15:13:59.999922,1,BAY01_1083_20251230_151315_000.7z
2025-12-30 15:14:00,6195.928858,6.195928858,1.922247,7.068400,6186.938212,768000,768000,1.000000000,1,2025-12-30 15:14:00.000000,2025-12-30 15:14:59.999922,1,BAY01_1083_20251230_151315_000.7z
2025-12-30 15:15:00,6197.487746,6.197487746,1.910067,7.081569,6188.496110,768000,768000,1.000000000,1,2025-12-30 15:15:00.000000,2025-12-30 15:15:59.999922,1,BAY01_1083_20251230_151315_000.7z
2025-12-30 15:16:00,6197.523541,6.197523541,1.908683,7.093444,6188.521414,768000,768000,1.000000000,1,2025-12-30 15:16:00.000000,2025-12-30 15:16:59.999922,1,BAY01_1083_20251230_151315_000.7z
2025-12-30 15:17:00,6197.073435,6.197073435,1.942451,7.111089,6188.019895,768000,768000,1.000000000,1,2025-12-30 15:17:00.000000,2025-12-30 15:17:59.999922,1,BAY01_1083_20251230_151315_000.7z
2025-12-30 15:18:00,6196.754154,6.196754154,1.948816,7.111867,6187.693471,768000,768000,1.000000000,1,2025-12-30 15:18:00.000000,2025-12-30 15:18:59.999922,1,BAY01_1083_20251230_151315_000.7z
2025-12-30 15:19:00,6197.357679,6.197357679,1.884061,6.909378,6188.564240,768000,768000,1.000000000,1,2025-12-30 15:19:00.000000,2025-12-30 15:19:59.999922,1,BAY01_1083_20251230_151315_000.7z
2025-12-30 15:20:00,6197.740961,6.197740961,1.947457,6.783695,6189.009810,768000,768000,1.000000000,1,2025-12-30 15:20:00.000000,2025-12-30 15:20:59.999922,1,BAY01_1083_20251230_151315_000.7z
2025-12-30 15:21:00,6199.429045,6.199429045,1.976660,6.889840,6190.562545,768000,768000,1.000000000,1,2025-12-30 15:21:00.000000,2025-12-30 15:21:59.999922,1,BAY01_1083_20251230_151315_000.7z
2025-12-30 15:22:00,6198.782904,6.198782904,1.909489,6.838996,6190.034418,768000,768000,1.000000000,1,2025-12-30 15:22:00.000000,2025-12-30 15:22:59.999922,1,BAY01_1083_20251230_151315_000.7z
2025-12-30 15:23:00,6198.728595,6.198728595,2.161966,6.815124,6189.751505,192063,768000,0.250082031,0,2025-12-30 15:23:00.000000,2025-12-30 15:23:15.004844,1,BAY01_1083_20251230_151315_000.7z
2025-12-30 15:24:00,6197.727411,6.197727411,2.062694,7.177192,6188.487524,76800,768000,0.100000000,0,2025-12-30 15:24:54.000000,2025-12-30 15:24:59.999922,1,BAY01_1084_20251230_152454_000.7z
2025-12-30 15:25:00,6200.084956,6.200084956,1.999423,6.743475,6191.342058,768000,768000,1.000000000,1,2025-12-30 15:25:00.000000,2025-12-30 15:25:59.999922,1,BAY01_1084_20251230_152454_000.7z
2025-12-30 15:26:00,6200.287665,6.200287665,2.028646,6.739525,6191.519494,768000,768000,1.000000000,1,2025-12-30 15:26:00.000000,2025-12-30 15:26:59.999922,1,BAY01_1084_20251230_152454_000.7z
2025-12-30 15:27:00,6200.295741,6.200295741,2.038968,6.687642,6191.569131,768000,768000,1.000000000,1,2025-12-30 15:27:00.000000,2025-12-30 15:27:59.999922,1,BAY01_1084_20251230_152454_000.7z
2025-12-30 15:28:00,6198.837156,6.198837156,2.141681,5.584430,6191.111044,768000,768000,1.000000000,1,2025-12-30 15:28:00.000000,2025-12-30 15:28:59.999922,1,BAY01_1084_20251230_152454_000.7z
2025-12-30 15:29:00,6197.735870,6.197735870,2.725925,3.333169,6191.676776,768000,768000,1.000000000,1,2025-12-30 15:29:00.000000,2025-12-30 15:29:59.999922,1,BAY01_1084_20251230_152454_000.7z
2025-12-30 15:30:00,6197.740604,6.197740604,2.724240,3.270446,6191.745917,768000,768000,1.000000000,1,2025-12-30 15:30:00.000000,2025-12-30 15:30:59.999922,1,BAY01_1084_20251230_152454_000.7z
2025-12-30 15:31:00,6197.868866,6.197868866,2.645317,3.399559,6191.823990,768000,768000,1.000000000,1,2025-12-30 15:31:00.000000,2025-12-30 15:31:59.999922,1,BAY01_1084_20251230_152454_000.7z
2025-12-30 15:32:00,6199.372916,6.199372916,2.734074,3.268833,6193.370009,768000,768000,1.000000000,1,2025-12-30 15:32:00.000000,2025-12-30 15:32:59.999922,1,BAY01_1084_20251230_152454_000.7z
2025-12-30 15:33:00,6198.988966,6.198988966,2.722814,3.301900,6192.964251,768000,768000,1.000000000,1,2025-12-30 15:33:00.000000,2025-12-30 15:33:59.999922,1,BAY01_1084_20251230_152454_000.7z
2025-12-30 15:34:00,6199.483196,6.199483196,2.653532,3.350098,6193.479566,691322,768000,0.900158854,0,2025-12-30 15:34:00.000000,2025-12-30 15:34:54.009453,1,BAY01_1084_20251230_152454_000.7z
2025-12-30 15:36:00,6198.838405,6.198838405,2.620804,3.338855,6192.878745,268800,768000,0.350000000,0,2025-12-30 15:36:39.000000,2025-12-30 15:36:59.999922,1,BAY01_1085_20251230_153639_000.7z
2025-12-30 15:37:00,6200.806267,6.200806267,2.604268,3.323069,6194.878930,768000,768000,1.000000000,1,2025-12-30 15:37:00.000000,2025-12-30 15:37:59.999922,1,BAY01_1085_20251230_153639_000.7z
2025-12-30 15:38:00,6202.607771,6.202607771,2.640537,3.351472,6196.615761,768000,768000,1.000000000,1,2025-12-30 15:38:00.000000,2025-12-30 15:38:59.999922,1,BAY01_1085_20251230_153639_000.7z
2025-12-30 15:39:00,6203.021296,6.203021296,2.650608,3.338128,6197.032560,768000,768000,1.000000000,1,2025-12-30 15:39:00.000000,2025-12-30 15:39:59.999922,1,BAY01_1085_20251230_153639_000.7z
2025-12-30 15:40:00,6201.831146,6.201831146,2.624001,3.351223,6195.855921,768000,768000,1.000000000,1,2025-12-30 15:40:00.000000,2025-12-30 15:40:59.999922,1,BAY01_1085_20251230_153639_000.7z
2025-12-30 15:41:00,6201.681272,6.201681272,2.679155,3.398638,6195.603478,768000,768000,1.000000000,1,2025-12-30 15:41:00.000000,2025-12-30 15:41:59.999922,1,BAY01_1085_20251230_153639_000.7z
2025-12-30 15:42:00,6202.039191,6.202039191,2.626752,3.396927,6196.015511,768000,768000,1.000000000,1,2025-12-30 15:42:00.000000,2025-12-30 15:42:59.999922,1,BAY01_1085_20251230_153639_000.7z
2025-12-30 15:43:00,6202.787716,6.202787716,2.684901,3.333748,6196.769068,768000,768000,1.000000000,1,2025-12-30 15:43:00.000000,2025-12-30 15:43:59.999922,1,BAY01_1085_20251230_153639_000.7z
2025-12-30 15:44:00,6204.807697,6.204807697,2.663517,3.280843,6198.863336,768000,768000,1.000000000,1,2025-12-30 15:44:00.000000,2025-12-30 15:44:59.999922,1,BAY01_1085_20251230_153639_000.7z
2025-12-30 15:45:00,6204.514473,6.204514473,2.657177,3.310026,6198.547270,768000,768000,1.000000000,1,2025-12-30 15:45:00.000000,2025-12-30 15:45:59.999922,1,BAY01_1085_20251230_153639_000.7z
2025-12-30 15:46:00,6205.996383,6.205996383,2.645694,3.365062,6199.985627,499279,768000,0.650102865,0,2025-12-30 15:46:00.000000,2025-12-30 15:46:39.006094,1,BAY01_1085_20251230_153639_000.7z
2025-12-30 15:48:00,6206.548928,6.206548928,2.588455,3.287552,6200.672921,473600,768000,0.616666667,0,2025-12-30 15:48:23.000000,2025-12-30 15:48:59.999922,1,BAY01_1086_20251230_154823_000.7z
2025-12-30 15:49:00,6206.211394,6.206211394,2.656718,3.320496,6200.234180,768000,768000,1.000000000,1,2025-12-30 15:49:00.000000,2025-12-30 15:49:59.999922,1,BAY01_1086_20251230_154823_000.7z
2025-12-30 15:50:00,6207.171359,6.207171359,2.674335,3.321220,6201.175805,768000,768000,1.000000000,1,2025-12-30 15:50:00.000000,2025-12-30 15:50:59.999922,1,BAY01_1086_20251230_154823_000.7z
2025-12-30 15:51:00,6208.412677,6.208412677,2.642252,3.311351,6202.459074,768000,768000,1.000000000,1,2025-12-30 15:51:00.000000,2025-12-30 15:51:59.999922,1,BAY01_1086_20251230_154823_000.7z
2025-12-30 15:52:00,6208.571232,6.208571232,2.676407,3.363719,6202.531105,768000,768000,1.000000000,1,2025-12-30 15:52:00.000000,2025-12-30 15:52:59.999922,1,BAY01_1086_20251230_154823_000.7z
2025-12-30 15:53:00,6208.955661,6.208955661,2.677878,3.304483,6202.973301,768000,768000,1.000000000,1,2025-12-30 15:53:00.000000,2025-12-30 15:53:59.999922,1,BAY01_1086_20251230_154823_000.7z
2025-12-30 15:54:00,6208.876789,6.208876789,2.710652,3.261331,6202.904806,768000,768000,1.000000000,1,2025-12-30 15:54:00.000000,2025-12-30 15:54:59.999922,1,BAY01_1086_20251230_154823_000.7z
2025-12-30 15:55:00,6210.315782,6.210315782,2.657857,3.351259,6204.306667,768000,768000,1.000000000,1,2025-12-30 15:55:00.000000,2025-12-30 15:55:59.999922,1,BAY01_1086_20251230_154823_000.7z
2025-12-30 15:56:00,6210.925064,6.210925064,2.561495,3.348519,6205.015050,768000,768000,1.000000000,1,2025-12-30 15:56:00.000000,2025-12-30 15:56:59.999922,1,BAY01_1086_20251230_154823_000.7z
2025-12-30 15:57:00,6211.126242,6.211126242,2.711119,3.265455,6205.149668,768000,768000,1.000000000,1,2025-12-30 15:57:00.000000,2025-12-30 15:57:59.999922,1,BAY01_1086_20251230_154823_000.7z
2025-12-30 15:58:00,6210.431552,6.210431552,2.755518,3.337069,6204.338965,294518,768000,0.383486979,0,2025-12-30 15:58:00.000000,2025-12-30 15:58:23.009141,1,BAY01_1086_20251230_154823_000.7z
2025-12-30 16:00:00,6210.907214,6.210907214,2.642802,3.233212,6205.031200,755200,768000,0.983333333,0,2025-12-30 16:00:01.000000,2025-12-30 16:00:59.999922,1,BAY01_1087_20251230_160001_000.7z
2025-12-30 16:01:00,6213.437873,6.213437873,2.585362,3.365319,6207.487192,768000,768000,1.000000000,1,2025-12-30 16:01:00.000000,2025-12-30 16:01:59.999922,1,BAY01_1087_20251230_160001_000.7z
2025-12-30 16:02:00,6213.923813,6.213923813,2.649569,3.367771,6207.906472,768000,768000,1.000000000,1,2025-12-30 16:02:00.000000,2025-12-30 16:02:59.999922,1,BAY01_1087_20251230_160001_000.7z
2025-12-30 16:03:00,6212.738795,6.212738795,2.655224,3.311176,6206.772396,768000,768000,1.000000000,1,2025-12-30 16:03:00.000000,2025-12-30 16:03:59.999922,1,BAY01_1087_20251230_160001_000.7z
2025-12-30 16:04:00,6213.258678,6.213258678,2.668802,3.259095,6207.330781,768000,768000,1.000000000,1,2025-12-30 16:04:00.000000,2025-12-30 16:04:59.999922,1,BAY01_1087_20251230_160001_000.7z
2025-12-30 16:05:00,6212.835828,6.212835828,2.661365,3.321087,6206.853375,768000,768000,1.000000000,1,2025-12-30 16:05:00.000000,2025-12-30 16:05:59.999922,1,BAY01_1087_20251230_160001_000.7z
2025-12-30 16:06:00,6214.019251,6.214019251,2.600569,3.337786,6208.080896,768000,768000,1.000000000,1,2025-12-30 16:06:00.000000,2025-12-30 16:06:59.999922,1,BAY01_1087_20251230_160001_000.7z
2025-12-30 16:07:00,6213.316172,6.213316172,2.659536,3.334545,6207.322091,768000,768000,1.000000000,1,2025-12-30 16:07:00.000000,2025-12-30 16:07:59.999922,1,BAY01_1087_20251230_160001_000.7z
2025-12-30 16:08:00,6213.566379,6.213566379,2.691988,3.350069,6207.524321,768000,768000,1.000000000,1,2025-12-30 16:08:00.000000,2025-12-30 16:08:59.999922,1,BAY01_1087_20251230_160001_000.7z
2025-12-30 16:09:00,6214.846435,6.214846435,2.768026,3.317717,6208.760691,768000,768000,1.000000000,1,2025-12-30 16:09:00.000000,2025-12-30 16:09:59.999922,1,BAY01_1087_20251230_160001_000.7z
2025-12-30 16:10:00,6216.289862,6.216289862,2.542032,3.199033,6210.548797,12918,768000,0.016820313,0,2025-12-30 16:10:00.000000,2025-12-30 16:10:01.009141,1,BAY01_1087_20251230_160001_000.7z
2025-12-30 16:11:00,6215.194672,6.215194672,2.614471,3.289410,6209.290790,524800,768000,0.683333333,0,2025-12-30 16:11:19.000000,2025-12-30 16:11:59.999922,1,BAY01_1088_20251230_161119_000.7z
2025-12-30 16:12:00,6214.342016,6.214342016,2.652213,3.327712,6208.362092,768000,768000,1.000000000,1,2025-12-30 16:12:00.000000,2025-12-30 16:12:59.999922,1,BAY01_1088_20251230_161119_000.7z
2025-12-30 16:13:00,6214.883528,6.214883528,2.676039,3.321369,6208.886120,768000,768000,1.000000000,1,2025-12-30 16:13:00.000000,2025-12-30 16:13:59.999922,1,BAY01_1088_20251230_161119_000.7z
2025-12-30 16:14:00,6216.231628,6.216231628,2.722457,3.288974,6210.220197,768000,768000,1.000000000,1,2025-12-30 16:14:00.000000,2025-12-30 16:14:59.999922,1,BAY01_1088_20251230_161119_000.7z
2025-12-30 16:15:00,6219.003702,6.219003702,2.710054,3.295531,6212.998117,768000,768000,1.000000000,1,2025-12-30 16:15:00.000000,2025-12-30 16:15:59.999922,1,BAY01_1088_20251230_161119_000.7z
2025-12-30 16:16:00,6219.960420,6.219960420,2.645111,3.390554,6213.924755,768000,768000,1.000000000,1,2025-12-30 16:16:00.000000,2025-12-30 16:16:59.999922,1,BAY01_1088_20251230_161119_000.7z
2025-12-30 16:17:00,6222.216300,6.222216300,2.663095,3.361189,6216.192017,768000,768000,1.000000000,1,2025-12-30 16:17:00.000000,2025-12-30 16:17:59.999922,1,BAY01_1088_20251230_161119_000.7z
2025-12-30 16:18:00,6222.510916,6.222510916,2.705570,3.319823,6216.485523,768000,768000,1.000000000,1,2025-12-30 16:18:00.000000,2025-12-30 16:18:59.999922,1,BAY01_1088_20251230_161119_000.7z
2025-12-30 16:19:00,6217.916797,6.217916797,2.680701,3.356779,6211.879316,768000,768000,1.000000000,1,2025-12-30 16:19:00.000000,2025-12-30 16:19:59.999922,1,BAY01_1088_20251230_161119_000.7z
2025-12-30 16:20:00,6213.229209,6.213229209,2.659921,3.350435,6207.218853,768000,768000,1.000000000,1,2025-12-30 16:20:00.000000,2025-12-30 16:20:59.999922,1,BAY01_1088_20251230_161119_000.7z
2025-12-30 16:21:00,6210.276789,6.210276789,2.659171,3.452768,6204.164850,243277,768000,0.316766927,0,2025-12-30 16:21:00.000000,2025-12-30 16:21:19.005938,1,BAY01_1088_20251230_161119_000.7z
2025-12-30 16:23:00,6204.594728,6.204594728,2.642781,3.272535,6198.679413,601600,768000,0.783333333,0,2025-12-30 16:23:13.000000,2025-12-30 16:23:59.999922,1,BAY01_1089_20251230_162313_000.7z
2025-12-30 16:24:00,6196.831818,6.196831818,2.623843,3.243322,6190.964653,768000,768000,1.000000000,1,2025-12-30 16:24:00.000000,2025-12-30 16:24:59.999922,1,BAY01_1089_20251230_162313_000.7z
2025-12-30 16:25:00,6188.479233,6.188479233,2.728986,3.252952,6182.497296,768000,768000,1.000000000,1,2025-12-30 16:25:00.000000,2025-12-30 16:25:59.999922,1,BAY01_1089_20251230_162313_000.7z
2025-12-30 16:26:00,6185.894008,6.185894008,2.695950,3.340575,6179.857482,768000,768000,1.000000000,1,2025-12-30 16:26:00.000000,2025-12-30 16:26:59.999922,1,BAY01_1089_20251230_162313_000.7z
2025-12-30 16:27:00,6182.700277,6.182700277,2.628081,3.402429,6176.669767,768000,768000,1.000000000,1,2025-12-30 16:27:00.000000,2025-12-30 16:27:59.999922,1,BAY01_1089_20251230_162313_000.7z
2025-12-30 16:28:00,6182.130035,6.182130035,2.594565,3.331135,6176.204335,768000,768000,1.000000000,1,2025-12-30 16:28:00.000000,2025-12-30 16:28:59.999922,1,BAY01_1089_20251230_162313_000.7z
2025-12-30 16:29:00,6182.143296,6.182143296,2.676380,3.309551,6176.157365,768000,768000,1.000000000,1,2025-12-30 16:29:00.000000,2025-12-30 16:29:59.999922,1,BAY01_1089_20251230_162313_000.7z
2025-12-30 16:30:00,6183.628910,6.183628910,2.664018,3.303239,6177.661653,768000,768000,1.000000000,1,2025-12-30 16:30:00.000000,2025-12-30 16:30:59.999922,1,BAY01_1089_20251230_162313_000.7z
2025-12-30 16:31:00,6182.252645,6.182252645,2.648070,3.411678,6176.192897,768000,768000,1.000000000,1,2025-12-30 16:31:00.000000,2025-12-30 16:31:59.999922,1,BAY01_1089_20251230_162313_000.7z
2025-12-30 16:32:00,6183.360447,6.183360447,2.668455,3.334589,6177.357403,768000,768000,1.000000000,1,2025-12-30 16:32:00.000000,2025-12-30 16:32:59.999922,1,BAY01_1089_20251230_162313_000.7z
2025-12-30 16:33:00,6183.347564,6.183347564,2.643797,3.452316,6177.251452,166417,768000,0.216688802,0,2025-12-30 16:33:00.000000,2025-12-30 16:33:13.001250,1,BAY01_1089_20251230_162313_000.7z
2025-12-30 16:35:00,6184.025783,6.184025783,2.593886,3.279829,6178.152068,716800,768000,0.933333333,0,2025-12-30 16:35:04.000000,2025-12-30 16:35:59.999922,1,BAY01_1090_20251230_163504_000.7z
2025-12-30 16:36:00,6184.365037,6.184365037,2.641678,3.316511,6178.406848,768000,768000,1.000000000,1,2025-12-30 16:36:00.000000,2025-12-30 16:36:59.999922,1,BAY01_1090_20251230_163504_000.7z
2025-12-30 16:37:00,6187.287946,6.187287946,2.677445,3.416122,6181.194379,768000,768000,1.000000000,1,2025-12-30 16:37:00.000000,2025-12-30 16:37:59.999922,1,BAY01_1090_20251230_163504_000.7z
2025-12-30 16:38:00,6187.888933,6.187888933,2.641795,3.344564,6181.902573,768000,768000,1.000000000,1,2025-12-30 16:38:00.000000,2025-12-30 16:38:59.999922,1,BAY01_1090_20251230_163504_000.7z
2025-12-30 16:39:00,6188.304492,6.188304492,2.893788,3.313409,6182.097294,768000,768000,1.000000000,1,2025-12-30 16:39:00.000000,2025-12-30 16:39:59.999922,1,BAY01_1090_20251230_163504_000.7z
2025-12-30 16:40:00,6188.926760,6.188926760,3.535048,3.298985,6182.092726,768000,768000,1.000000000,1,2025-12-30 16:40:00.000000,2025-12-30 16:40:59.999922,1,BAY01_1090_20251230_163504_000.7z
2025-12-30 16:41:00,6190.525786,6.190525786,3.588430,3.356756,6183.580601,768000,768000,1.000000000,1,2025-12-30 16:41:00.000000,2025-12-30 16:41:59.999922,1,BAY01_1090_20251230_163504_000.7z
2025-12-30 16:42:00,6191.898559,6.191898559,3.589963,3.378563,6184.930033,768000,768000,1.000000000,1,2025-12-30 16:42:00.000000,2025-12-30 16:42:59.999922,1,BAY01_1090_20251230_163504_000.7z
2025-12-30 16:43:00,6193.505242,6.193505242,3.543770,3.338993,6186.622480,768000,768000,1.000000000,1,2025-12-30 16:43:00.000000,2025-12-30 16:43:59.999922,1,BAY01_1090_20251230_163504_000.7z
2025-12-30 16:44:00,6194.336680,6.194336680,3.181276,3.312164,6187.843240,768000,768000,1.000000000,1,2025-12-30 16:44:00.000000,2025-12-30 16:44:59.999922,1,BAY01_1090_20251230_163504_000.7z
2025-12-30 16:45:00,6195.663702,6.195663702,2.951458,3.325240,6189.387003,51326,768000,0.066830729,0,2025-12-30 16:45:00.000000,2025-12-30 16:45:04.009766,1,BAY01_1090_20251230_163504_000.7z
2025-12-30 16:47:00,6195.186690,6.195186690,2.979261,3.388472,6188.818958,473600,768000,0.616666667,0,2025-12-30 16:47:23.000000,2025-12-30 16:47:59.999922,1,BAY01_1091_20251230_164723_000.7z
2025-12-30 16:48:00,6196.351218,6.196351218,3.062850,3.280695,6190.007673,768000,768000,1.000000000,1,2025-12-30 16:48:00.000000,2025-12-30 16:48:59.999922,1,BAY01_1091_20251230_164723_000.7z
2025-12-30 16:49:00,6197.602504,6.197602504,3.046471,3.363230,6191.192803,768000,768000,1.000000000,1,2025-12-30 16:49:00.000000,2025-12-30 16:49:59.999922,1,BAY01_1091_20251230_164723_000.7z
2025-12-30 16:50:00,6199.647404,6.199647404,2.956823,3.301780,6193.388801,768000,768000,1.000000000,1,2025-12-30 16:50:00.000000,2025-12-30 16:50:59.999922,1,BAY01_1091_20251230_164723_000.7z
2025-12-30 16:51:00,6201.002018,6.201002018,2.621902,3.367156,6195.012960,768000,768000,1.000000000,1,2025-12-30 16:51:00.000000,2025-12-30 16:51:59.999922,1,BAY01_1091_20251230_164723_000.7z
2025-12-30 16:52:00,6202.560976,6.202560976,2.634041,3.311996,6196.614939,768000,768000,1.000000000,1,2025-12-30 16:52:00.000000,2025-12-30 16:52:59.999922,1,BAY01_1091_20251230_164723_000.7z
2025-12-30 16:53:00,6203.052370,6.203052370,2.615952,3.351932,6197.084486,768000,768000,1.000000000,1,2025-12-30 16:53:00.000000,2025-12-30 16:53:59.999922,1,BAY01_1091_20251230_164723_000.7z
2025-12-30 16:54:00,6205.142517,6.205142517,2.627542,3.332668,6199.182306,768000,768000,1.000000000,1,2025-12-30 16:54:00.000000,2025-12-30 16:54:59.999922,1,BAY01_1091_20251230_164723_000.7z
2025-12-30 16:55:00,6206.290688,6.206290688,2.635592,3.350466,6200.304629,768000,768000,1.000000000,1,2025-12-30 16:55:00.000000,2025-12-30 16:55:59.999922,1,BAY01_1091_20251230_164723_000.7z
2025-12-30 16:56:00,6202.247294,6.202247294,2.616979,3.428401,6196.201913,768000,768000,1.000000000,1,2025-12-30 16:56:00.000000,2025-12-30 16:56:59.999922,1,BAY01_1091_20251230_164723_000.7z
2025-12-30 16:57:00,6190.947651,6.190947651,2.734375,3.285841,6184.927436,294436,768000,0.383380208,0,2025-12-30 16:57:00.000000,2025-12-30 16:57:23.002734,1,BAY01_1091_20251230_164723_000.7z
2025-12-30 16:59:00,6180.710187,6.180710187,2.590488,3.265032,6174.854667,691200,768000,0.900000000,0,2025-12-30 16:59:06.000000,2025-12-30 16:59:59.999922,1,BAY01_1092_20251230_165906_000.7z
2025-12-30 17:00:00,6169.313468,6.169313468,2.661648,3.288558,6163.363263,768000,768000,1.000000000,1,2025-12-30 17:00:00.000000,2025-12-30 17:00:59.999922,1,BAY01_1092_20251230_165906_000.7z
2025-12-30 17:01:00,6171.254619,6.171254619,2.603783,3.384460,6165.266376,768000,768000,1.000000000,1,2025-12-30 17:01:00.000000,2025-12-30 17:01:59.999922,1,BAY01_1092_20251230_165906_000.7z
2025-12-30 17:02:00,6174.490309,6.174490309,2.645092,3.340613,6168.504604,768000,768000,1.000000000,1,2025-12-30 17:02:00.000000,2025-12-30 17:02:59.999922,1,BAY01_1092_20251230_165906_000.7z
2025-12-30 17:03:00,6175.687288,6.175687288,2.654711,3.382874,6169.649703,768000,768000,1.000000000,1,2025-12-30 17:03:00.000000,2025-12-30 17:03:59.999922,1,BAY01_1092_20251230_165906_000.7z
2025-12-30 17:04:00,6178.264480,6.178264480,2.717776,3.265584,6172.281120,768000,768000,1.000000000,1,2025-12-30 17:04:00.000000,2025-12-30 17:04:59.999922,1,BAY01_1092_20251230_165906_000.7z
2025-12-30 17:05:00,6180.345391,6.180345391,2.611768,3.283072,6174.450551,768000,768000,1.000000000,1,2025-12-30 17:05:00.000000,2025-12-30 17:05:59.999922,1,BAY01_1092_20251230_165906_000.7z
2025-12-30 17:06:00,6185.182030,6.185182030,2.648708,3.337952,6179.195370,768000,768000,1.000000000,1,2025-12-30 17:06:00.000000,2025-12-30 17:06:59.999922,1,BAY01_1092_20251230_165906_000.7z
2025-12-30 17:07:00,6188.264089,6.188264089,2.659090,3.305682,6182.299318,768000,768000,1.000000000,1,2025-12-30 17:07:00.000000,2025-12-30 17:07:59.999922,1,BAY01_1092_20251230_165906_000.7z
2025-12-30 17:08:00,6192.108926,6.192108926,2.645730,3.282322,6186.180874,768000,768000,1.000000000,1,2025-12-30 17:08:00.000000,2025-12-30 17:08:59.999922,1,BAY01_1092_20251230_165906_000.7z
2025-12-30 17:09:00,6197.038628,6.197038628,2.793172,3.238961,6191.006495,76803,768000,0.100003906,0,2025-12-30 17:09:00.000000,2025-12-30 17:09:06.000156,1,BAY01_1092_20251230_165906_000.7z
2025-12-30 17:11:00,6197.754080,6.197754080,2.539218,3.323405,6191.891457,588800,768000,0.766666667,0,2025-12-30 17:11:14.000000,2025-12-30 17:11:59.999922,1,BAY01_1093_20251230_171114_000.7z
2025-12-30 17:12:00,6204.646228,6.204646228,2.543220,3.278774,6198.824233,768000,768000,1.000000000,1,2025-12-30 17:12:00.000000,2025-12-30 17:12:59.999922,1,BAY01_1093_20251230_171114_000.7z
2025-12-30 17:13:00,6211.523075,6.211523075,2.619548,3.369088,6205.534439,768000,768000,1.000000000,1,2025-12-30 17:13:00.000000,2025-12-30 17:13:59.999922,1,BAY01_1093_20251230_171114_000.7z
2025-12-30 17:14:00,6183.711263,6.183711263,2.574345,3.330586,6177.806332,768000,768000,1.000000000,1,2025-12-30 17:14:00.000000,2025-12-30 17:14:59.999922,1,BAY01_1093_20251230_171114_000.7z
2025-12-30 17:15:00,6181.592972,6.181592972,2.596791,3.346858,6175.649323,768000,768000,1.000000000,1,2025-12-30 17:15:00.000000,2025-12-30 17:15:59.999922,1,BAY01_1093_20251230_171114_000.7z
2025-12-30 17:16:00,6190.292441,6.190292441,2.613427,3.351235,6184.327779,768000,768000,1.000000000,1,2025-12-30 17:16:00.000000,2025-12-30 17:16:59.999922,1,BAY01_1093_20251230_171114_000.7z
2025-12-30 17:17:00,6202.228105,6.202228105,2.588432,3.399890,6196.239784,768000,768000,1.000000000,1,2025-12-30 17:17:00.000000,2025-12-30 17:17:59.999922,1,BAY01_1093_20251230_171114_000.7z
2025-12-30 17:18:00,6212.487290,6.212487290,2.590622,3.339350,6206.557317,768000,768000,1.000000000,1,2025-12-30 17:18:00.000000,2025-12-30 17:18:59.999922,1,BAY01_1093_20251230_171114_000.7z
2025-12-30 17:19:00,6183.091225,6.183091225,2.671149,3.299667,6177.120409,768000,768000,1.000000000,1,2025-12-30 17:19:00.000000,2025-12-30 17:19:59.999922,1,BAY01_1093_20251230_171114_000.7z
2025-12-30 17:20:00,6193.225398,6.193225398,2.579751,3.275047,6187.370600,768000,768000,1.000000000,1,2025-12-30 17:20:00.000000,2025-12-30 17:20:59.999922,1,BAY01_1093_20251230_171114_000.7z
2025-12-30 17:21:00,6169.371096,6.169371096,2.507997,3.420776,6163.442324,179324,768000,0.233494792,0,2025-12-30 17:21:00.000000,2025-12-30 17:21:14.009609,1,BAY01_1093_20251230_171114_000.7z
2025-12-30 17:23:00,4431.104453,4.431104453,2.898841,3.406215,4424.799396,678400,768000,0.883333333,0,2025-12-30 17:23:07.000000,2025-12-30 17:23:59.999922,1,BAY01_1094_20251230_172307_000.7z
2025-12-30 17:24:00,13.145110,0.013145110,3.815460,4.432680,4.896970,768000,768000,1.000000000,1,2025-12-30 17:24:00.000000,2025-12-30 17:24:59.999922,1,BAY01_1094_20251230_172307_000.7z
2025-12-30 17:25:00,13.272668,0.013272668,3.812848,4.655245,4.804574,768000,768000,1.000000000,1,2025-12-30 17:25:00.000000,2025-12-30 17:25:59.999922,1,BAY01_1094_20251230_172307_000.7z
2025-12-30 17:26:00,13.369387,0.013369387,3.834363,4.663001,4.872023,768000,768000,1.000000000,1,2025-12-30 17:26:00.000000,2025-12-30 17:26:59.999922,1,BAY01_1094_20251230_172307_000.7z
2025-12-30 17:27:00,13.360108,0.013360108,3.803307,4.638894,4.917907,768000,768000,1.000000000,1,2025-12-30 17:27:00.000000,2025-12-30 17:27:59.999922,1,BAY01_1094_20251230_172307_000.7z
2025-12-30 17:28:00,13.146307,0.013146307,3.770016,4.449004,4.927286,768000,768000,1.000000000,1,2025-12-30 17:28:00.000000,2025-12-30 17:28:59.999922,1,BAY01_1094_20251230_172307_000.7z
2025-12-30 17:29:00,12.504357,0.012504357,3.740312,4.115873,4.648172,768000,768000,1.000000000,1,2025-12-30 17:29:00.000000,2025-12-30 17:29:59.999922,1,BAY01_1094_20251230_172307_000.7z
2025-12-30 17:30:00,12.380817,0.012380817,3.820192,4.108839,4.451785,768000,768000,1.000000000,1,2025-12-30 17:30:00.000000,2025-12-30 17:30:59.999922,1,BAY01_1094_20251230_172307_000.7z
2025-12-30 17:31:00,12.741041,0.012741041,3.759808,4.069879,4.911354,768000,768000,1.000000000,1,2025-12-30 17:31:00.000000,2025-12-30 17:31:59.999922,1,BAY01_1094_20251230_172307_000.7z
2025-12-30 17:32:00,12.725163,0.012725163,3.763326,4.159887,4.801950,768000,768000,1.000000000,1,2025-12-30 17:32:00.000000,2025-12-30 17:32:59.999922,1,BAY01_1094_20251230_172307_000.7z
2025-12-30 17:33:00,12.726850,0.012726850,3.821777,4.176524,4.728548,89623,768000,0.116696615,0,2025-12-30 17:33:00.000000,2025-12-30 17:33:07.001719,1,BAY01_1094_20251230_172307_000.7z
2025-12-30 17:34:00,12.261650,0.012261650,3.770144,3.666337,4.825168,550400,768000,0.716666667,0,2025-12-30 17:34:17.000000,2025-12-30 17:34:59.999922,1,BAY01_1095_20251230_173417_000.7z
2025-12-30 17:35:00,12.250861,0.012250861,3.769698,3.606913,4.874250,768000,768000,1.000000000,1,2025-12-30 17:35:00.000000,2025-12-30 17:35:59.999922,1,BAY01_1095_20251230_173417_000.7z
2025-12-30 17:36:00,12.071619,0.012071619,3.769366,3.648968,4.653285,768000,768000,1.000000000,1,2025-12-30 17:36:00.000000,2025-12-30 17:36:59.999922,1,BAY01_1095_20251230_173417_000.7z
2025-12-30 17:37:00,11.819747,0.011819747,3.782721,3.708233,4.328793,768000,768000,1.000000000,1,2025-12-30 17:37:00.000000,2025-12-30 17:37:59.999922,1,BAY01_1095_20251230_173417_000.7z
2025-12-30 17:38:00,11.830957,0.011830957,3.769137,3.705573,4.356248,768000,768000,1.000000000,1,2025-12-30 17:38:00.000000,2025-12-30 17:38:59.999922,1,BAY01_1095_20251230_173417_000.7z
2025-12-30 17:39:00,11.798832,0.011798832,3.756342,3.696811,4.345679,768000,768000,1.000000000,1,2025-12-30 17:39:00.000000,2025-12-30 17:39:59.999922,1,BAY01_1095_20251230_173417_000.7z
2025-12-30 17:40:00,11.846965,0.011846965,3.815802,3.641597,4.389566,768000,768000,1.000000000,1,2025-12-30 17:40:00.000000,2025-12-30 17:40:59.999922,1,BAY01_1095_20251230_173417_000.7z
2025-12-30 17:41:00,11.495112,0.011495112,3.778455,3.685824,4.030833,768000,768000,1.000000000,1,2025-12-30 17:41:00.000000,2025-12-30 17:41:59.999922,1,BAY01_1095_20251230_173417_000.7z
2025-12-30 17:42:00,11.416232,0.011416232,3.846540,3.595984,3.973708,768000,768000,1.000000000,1,2025-12-30 17:42:00.000000,2025-12-30 17:42:59.999922,1,BAY01_1095_20251230_173417_000.7z
2025-12-30 17:43:00,11.416936,0.011416936,3.853398,3.634020,3.929518,768000,768000,1.000000000,1,2025-12-30 17:43:00.000000,2025-12-30 17:43:59.999922,1,BAY01_1095_20251230_173417_000.7z
2025-12-30 17:44:00,11.527052,0.011527052,3.838462,3.617689,4.070900,217735,768000,0.283509115,0,2025-12-30 17:44:00.000000,2025-12-30 17:44:17.010469,1,BAY01_1095_20251230_173417_000.7z
2025-12-30 17:45:00,11.328026,0.011328026,3.759970,3.600381,3.967675,345600,768000,0.450000000,0,2025-12-30 17:45:33.000000,2025-12-30 17:45:59.999922,1,BAY01_1096_20251230_174533_000.7z
2025-12-30 17:46:00,11.482149,0.011482149,3.820443,3.642625,4.019081,768000,768000,1.000000000,1,2025-12-30 17:46:00.000000,2025-12-30 17:46:59.999922,1,BAY01_1096_20251230_174533_000.7z
2025-12-30 17:47:00,11.422214,0.011422214,3.825862,3.613658,3.982694,768000,768000,1.000000000,1,2025-12-30 17:47:00.000000,2025-12-30 17:47:59.999922,1,BAY01_1096_20251230_174533_000.7z
2025-12-30 17:48:00,11.386847,0.011386847,3.772193,3.675091,3.939563,768000,768000,1.000000000,1,2025-12-30 17:48:00.000000,2025-12-30 17:48:59.999922,1,BAY01_1096_20251230_174533_000.7z
2025-12-30 17:49:00,11.438923,0.011438923,3.816208,3.695879,3.926837,768000,768000,1.000000000,1,2025-12-30 17:49:00.000000,2025-12-30 17:49:59.999922,1,BAY01_1096_20251230_174533_000.7z
2025-12-30 17:50:00,11.467420,0.011467420,3.810628,3.665216,3.991576,768000,768000,1.000000000,1,2025-12-30 17:50:00.000000,2025-12-30 17:50:59.999922,1,BAY01_1096_20251230_174533_000.7z
2025-12-30 17:51:00,11.408567,0.011408567,3.813073,3.645775,3.949719,768000,768000,1.000000000,1,2025-12-30 17:51:00.000000,2025-12-30 17:51:59.999922,1,BAY01_1096_20251230_174533_000.7z
2025-12-30 17:52:00,11.487651,0.011487651,3.855802,3.670731,3.961118,768000,768000,1.000000000,1,2025-12-30 17:52:00.000000,2025-12-30 17:52:59.999922,1,BAY01_1096_20251230_174533_000.7z
2025-12-30 17:53:00,11.409882,0.011409882,3.834094,3.646105,3.929684,768000,768000,1.000000000,1,2025-12-30 17:53:00.000000,2025-12-30 17:53:59.999922,1,BAY01_1096_20251230_174533_000.7z
2025-12-30 17:54:00,11.448739,0.011448739,3.849165,3.604816,3.994759,768000,768000,1.000000000,1,2025-12-30 17:54:00.000000,2025-12-30 17:54:59.999922,1,BAY01_1096_20251230_174533_000.7z
2025-12-30 17:55:00,11.468424,0.011468424,3.823964,3.746672,3.897788,422457,768000,0.550074219,0,2025-12-30 17:55:00.000000,2025-12-30 17:55:33.004375,1,BAY01_1096_20251230_174533_000.7z
2025-12-30 17:57:00,11.469355,0.011469355,3.791036,3.603276,4.075043,332800,768000,0.433333333,0,2025-12-30 17:57:34.000000,2025-12-30 17:57:59.999922,1,BAY01_1097_20251230_175734_000.7z
2025-12-30 17:58:00,11.397402,0.011397402,3.753100,3.678592,3.965710,768000,768000,1.000000000,1,2025-12-30 17:58:00.000000,2025-12-30 17:58:59.999922,1,BAY01_1097_20251230_175734_000.7z
2025-12-30 17:59:00,11.377667,0.011377667,3.769696,3.637314,3.970657,768000,768000,1.000000000,1,2025-12-30 17:59:00.000000,2025-12-30 17:59:59.999922,1,BAY01_1097_20251230_175734_000.7z
2025-12-30 18:00:00,11.432856,0.011432856,3.828819,3.688347,3.915690,768000,768000,1.000000000,1,2025-12-30 18:00:00.000000,2025-12-30 18:00:59.999922,1,BAY01_1097_20251230_175734_000.7z
2025-12-30 18:01:00,11.454376,0.011454376,3.844541,3.694455,3.915380,768000,768000,1.000000000,1,2025-12-30 18:01:00.000000,2025-12-30 18:01:59.999922,1,BAY01_1097_20251230_175734_000.7z
2025-12-30 18:02:00,11.483283,0.011483283,3.838364,3.679803,3.965116,768000,768000,1.000000000,1,2025-12-30 18:02:00.000000,2025-12-30 18:02:59.999922,1,BAY01_1097_20251230_175734_000.7z
2025-12-30 18:03:00,11.440156,0.011440156,3.804145,3.674791,3.961220,768000,768000,1.000000000,1,2025-12-30 18:03:00.000000,2025-12-30 18:03:59.999922,1,BAY01_1097_20251230_175734_000.7z
2025-12-30 18:04:00,11.384786,0.011384786,3.801037,3.653046,3.930704,768000,768000,1.000000000,1,2025-12-30 18:04:00.000000,2025-12-30 18:04:59.999922,1,BAY01_1097_20251230_175734_000.7z
2025-12-30 18:05:00,11.453991,0.011453991,3.844238,3.687639,3.922113,768000,768000,1.000000000,1,2025-12-30 18:05:00.000000,2025-12-30 18:05:59.999922,1,BAY01_1097_20251230_175734_000.7z
2025-12-30 18:06:00,11.435370,0.011435370,3.802226,3.706159,3.926985,768000,768000,1.000000000,1,2025-12-30 18:06:00.000000,2025-12-30 18:06:59.999922,1,BAY01_1097_20251230_175734_000.7z
2025-12-30 18:07:00,11.478794,0.011478794,3.751150,3.803879,3.923765,435228,768000,0.566703125,0,2025-12-30 18:07:00.000000,2025-12-30 18:07:34.002109,1,BAY01_1097_20251230_175734_000.7z
2025-12-30 18:09:00,11.330499,0.011330499,3.731639,3.609082,3.989778,409600,768000,0.533333333,0,2025-12-30 18:09:28.000000,2025-12-30 18:09:59.999922,1,BAY01_1098_20251230_180928_000.7z
2025-12-30 18:10:00,11.339893,0.011339893,3.733686,3.681315,3.924892,768000,768000,1.000000000,1,2025-12-30 18:10:00.000000,2025-12-30 18:10:59.999922,1,BAY01_1098_20251230_180928_000.7z
2025-12-30 18:11:00,11.403724,0.011403724,3.803503,3.646612,3.953609,768000,768000,1.000000000,1,2025-12-30 18:11:00.000000,2025-12-30 18:11:59.999922,1,BAY01_1098_20251230_180928_000.7z
2025-12-30 18:12:00,11.467489,0.011467489,3.801681,3.789899,3.875909,768000,768000,1.000000000,1,2025-12-30 18:12:00.000000,2025-12-30 18:12:59.999922,1,BAY01_1098_20251230_180928_000.7z
2025-12-30 18:13:00,11.422690,0.011422690,3.801120,3.646321,3.975249,768000,768000,1.000000000,1,2025-12-30 18:13:00.000000,2025-12-30 18:13:59.999922,1,BAY01_1098_20251230_180928_000.7z
2025-12-30 18:14:00,11.395121,0.011395121,3.781561,3.688614,3.924947,768000,768000,1.000000000,1,2025-12-30 18:14:00.000000,2025-12-30 18:14:59.999922,1,BAY01_1098_20251230_180928_000.7z
2025-12-30 18:15:00,11.434763,0.011434763,3.821480,3.634376,3.978908,768000,768000,1.000000000,1,2025-12-30 18:15:00.000000,2025-12-30 18:15:59.999922,1,BAY01_1098_20251230_180928_000.7z
2025-12-30 18:16:00,11.436326,0.011436326,3.832783,3.621029,3.982515,768000,768000,1.000000000,1,2025-12-30 18:16:00.000000,2025-12-30 18:16:59.999922,1,BAY01_1098_20251230_180928_000.7z
2025-12-30 18:17:00,11.483974,0.011483974,3.811476,3.771967,3.900532,768000,768000,1.000000000,1,2025-12-30 18:17:00.000000,2025-12-30 18:17:59.999922,1,BAY01_1098_20251230_180928_000.7z
2025-12-30 18:18:00,11.396038,0.011396038,3.804329,3.676486,3.915223,768000,768000,1.000000000,1,2025-12-30 18:18:00.000000,2025-12-30 18:18:59.999922,1,BAY01_1098_20251230_180928_000.7z
2025-12-30 18:19:00,11.363908,0.011363908,3.869632,3.591751,3.902525,358448,768000,0.466729167,0,2025-12-30 18:19:00.000000,2025-12-30 18:19:28.003672,1,BAY01_1098_20251230_180928_000.7z
2025-12-30 18:21:00,11.528092,0.011528092,3.925841,3.605682,3.996568,153600,768000,0.200000000,0,2025-12-30 18:21:48.000000,2025-12-30 18:21:59.999922,1,BAY01_1099_20251230_182148_000.7z
2025-12-30 18:22:00,11.330193,0.011330193,3.761727,3.621450,3.947016,768000,768000,1.000000000,1,2025-12-30 18:22:00.000000,2025-12-30 18:22:59.999922,1,BAY01_1099_20251230_182148_000.7z
2025-12-30 18:23:00,11.316321,0.011316321,3.779901,3.609331,3.927089,768000,768000,1.000000000,1,2025-12-30 18:23:00.000000,2025-12-30 18:23:59.999922,1,BAY01_1099_20251230_182148_000.7z
2025-12-30 18:24:00,11.366175,0.011366175,3.839405,3.638505,3.888265,768000,768000,1.000000000,1,2025-12-30 18:24:00.000000,2025-12-30 18:24:59.999922,1,BAY01_1099_20251230_182148_000.7z
2025-12-30 18:25:00,11.418791,0.011418791,3.830696,3.594457,3.993639,768000,768000,1.000000000,1,2025-12-30 18:25:00.000000,2025-12-30 18:25:59.999922,1,BAY01_1099_20251230_182148_000.7z
2025-12-30 18:26:00,11.462667,0.011462667,3.828328,3.635219,3.999119,768000,768000,1.000000000,1,2025-12-30 18:26:00.000000,2025-12-30 18:26:59.999922,1,BAY01_1099_20251230_182148_000.7z
2025-12-30 18:27:00,11.498258,0.011498258,3.811467,3.749000,3.937791,768000,768000,1.000000000,1,2025-12-30 18:27:00.000000,2025-12-30 18:27:59.999922,1,BAY01_1099_20251230_182148_000.7z
2025-12-30 18:28:00,11.535199,0.011535199,3.854358,3.811451,3.869390,768000,768000,1.000000000,1,2025-12-30 18:28:00.000000,2025-12-30 18:28:59.999922,1,BAY01_1099_20251230_182148_000.7z
2025-12-30 18:29:00,11.543886,0.011543886,3.841377,3.839055,3.863453,768000,768000,1.000000000,1,2025-12-30 18:29:00.000000,2025-12-30 18:29:59.999922,1,BAY01_1099_20251230_182148_000.7z
2025-12-30 18:30:00,11.560894,0.011560894,3.805819,3.787999,3.967076,768000,768000,1.000000000,1,2025-12-30 18:30:00.000000,2025-12-30 18:30:59.999922,1,BAY01_1099_20251230_182148_000.7z
