minute_start,active_power_w,active_power_kw,phase_a_power_w,phase_b_power_w,phase_c_power_w,sample_count,expected_samples,coverage_ratio,is_complete,first_sample_time,last_sample_time,source_archive_count,source_archives
2025-12-26 23:13:00,7717.622618,7.717622618,1.445230,0.519738,7715.657650,550410,768000,0.716679687,0,2025-12-26 23:13:00.000000,2025-12-26 23:13:43.000703,1,BAY01_0599_20251226_230343_000.7z
2025-12-26 23:14:00,7712.447607,7.712447607,1.382442,0.504999,7710.560166,601600,768000,0.783333333,0,2025-12-26 23:14:13.000000,2025-12-26 23:14:59.999922,1,BAY01_0600_20251226_231413_000.7z
2025-12-26 23:15:00,7713.292648,7.713292648,1.405713,0.415344,7711.471591,768000,768000,1.000000000,1,2025-12-26 23:15:00.000000,2025-12-26 23:15:59.999922,1,BAY01_0600_20251226_231413_000.7z
2025-12-26 23:16:00,7708.673395,7.708673395,1.440182,0.483762,7706.749452,768000,768000,1.000000000,1,2025-12-26 23:16:00.000000,2025-12-26 23:16:59.999922,1,BAY01_0600_20251226_231413_000.7z
2025-12-26 23:17:00,7711.161729,7.711161729,1.440543,0.477331,7709.243855,768000,768000,1.000000000,1,2025-12-26 23:17:00.000000,2025-12-26 23:17:59.999922,1,BAY01_0600_20251226_231413_000.7z
2025-12-26 23:18:00,7712.682631,7.712682631,1.391202,0.514078,7710.777351,768000,768000,1.000000000,1,2025-12-26 23:18:00.000000,2025-12-26 23:18:59.999922,1,BAY01_0600_20251226_231413_000.7z
2025-12-26 23:19:00,7712.790578,7.712790578,1.424383,0.505316,7710.860879,768000,768000,1.000000000,1,2025-12-26 23:19:00.000000,2025-12-26 23:19:59.999922,1,BAY01_0600_20251226_231413_000.7z
2025-12-26 23:20:00,7720.574235,7.720574235,1.412760,0.441163,7718.720312,768000,768000,1.000000000,1,2025-12-26 23:20:00.000000,2025-12-26 23:20:59.999922,1,BAY01_0600_20251226_231413_000.7z
2025-12-26 23:21:00,7712.818568,7.712818568,1.477009,0.453606,7710.887954,768000,768000,1.000000000,1,2025-12-26 23:21:00.000000,2025-12-26 23:21:59.999922,1,BAY01_0600_20251226_231413_000.7z
2025-12-26 23:22:00,7722.372644,7.722372644,1.488642,0.490438,7720.393565,768000,768000,1.000000000,1,2025-12-26 23:22:00.000000,2025-12-26 23:22:59.999922,1,BAY01_0600_20251226_231413_000.7z
2025-12-26 23:23:00,7734.041852,7.734041852,1.472165,0.490126,7732.079560,768000,768000,1.000000000,1,2025-12-26 23:23:00.000000,2025-12-26 23:23:59.999922,1,BAY01_0600_20251226_231413_000.7z
2025-12-26 23:24:00,7724.412568,7.724412568,1.449180,0.360046,7722.603342,345633,768000,0.450042969,0,2025-12-26 23:24:00.000000,2025-12-26 23:24:59.999922,2,BAY01_0600_20251226_231413_000.7z;BAY01_0601_20251226_232446_000.7z
2025-12-26 23:25:00,7733.515136,7.733515136,1.422224,0.487788,7731.605124,768000,768000,1.000000000,1,2025-12-26 23:25:00.000000,2025-12-26 23:25:59.999922,1,BAY01_0601_20251226_232446_000.7z
2025-12-26 23:26:00,7725.522730,7.725522730,1.425974,0.384700,7723.712056,768000,768000,1.000000000,1,2025-12-26 23:26:00.000000,2025-12-26 23:26:59.999922,1,BAY01_0601_20251226_232446_000.7z
2025-12-26 23:27:00,7725.350993,7.725350993,1.449017,0.447004,7723.454972,768000,768000,1.000000000,1,2025-12-26 23:27:00.000000,2025-12-26 23:27:59.999922,1,BAY01_0601_20251226_232446_000.7z
2025-12-26 23:28:00,7547.968554,7.547968554,1.492382,0.499911,7545.976260,768000,768000,1.000000000,1,2025-12-26 23:28:00.000000,2025-12-26 23:28:59.999922,1,BAY01_0601_20251226_232446_000.7z
2025-12-26 23:29:00,7557.016751,7.557016751,1.476998,0.526872,7555.012881,768000,768000,1.000000000,1,2025-12-26 23:29:00.000000,2025-12-26 23:29:59.999922,1,BAY01_0601_20251226_232446_000.7z
2025-12-26 23:30:00,7555.719518,7.555719518,1.486041,0.523002,7553.710474,768000,768000,1.000000000,1,2025-12-26 23:30:00.000000,2025-12-26 23:30:59.999922,1,BAY01_0601_20251226_232446_000.7z
2025-12-26 23:31:00,7560.032865,7.560032865,1.509216,0.480821,7558.042829,768000,768000,1.000000000,1,2025-12-26 23:31:00.000000,2025-12-26 23:31:59.999922,1,BAY01_0601_20251226_232446_000.7z
2025-12-26 23:32:00,7559.979245,7.559979245,1.514163,0.481325,7557.983757,768000,768000,1.000000000,1,2025-12-26 23:32:00.000000,2025-12-26 23:32:59.999922,1,BAY01_0601_20251226_232446_000.7z
2025-12-26 23:33:00,7556.860231,7.556860231,1.468862,0.514830,7554.876540,768000,768000,1.000000000,1,2025-12-26 23:33:00.000000,2025-12-26 23:33:59.999922,1,BAY01_0601_20251226_232446_000.7z
2025-12-26 23:34:00,7552.948291,7.552948291,1.437470,0.601500,7550.909321,588886,768000,0.766778646,0,2025-12-26 23:34:00.000000,2025-12-26 23:34:46.006641,1,BAY01_0601_20251226_232446_000.7z
2025-12-26 23:35:00,7544.849000,7.544849000,1.395532,0.477932,7542.975536,563200,768000,0.733333333,0,2025-12-26 23:35:16.000000,2025-12-26 23:35:59.999922,1,BAY01_0602_20251226_233516_000.7z
2025-12-26 23:36:00,7556.371452,7.556371452,1.458131,0.452220,7554.461101,768000,768000,1.000000000,1,2025-12-26 23:36:00.000000,2025-12-26 23:36:59.999922,1,BAY01_0602_20251226_233516_000.7z
2025-12-26 23:37:00,7565.668432,7.565668432,1.465048,0.466834,7563.736550,768000,768000,1.000000000,1,2025-12-26 23:37:00.000000,2025-12-26 23:37:59.999922,1,BAY01_0602_20251226_233516_000.7z
2025-12-26 23:38:00,7562.164130,7.562164130,1.465298,0.518385,7560.180447,768000,768000,1.000000000,1,2025-12-26 23:38:00.000000,2025-12-26 23:38:59.999922,1,BAY01_0602_20251226_233516_000.7z
2025-12-26 23:39:00,7543.804215,7.543804215,1.496287,0.527045,7541.780883,768000,768000,1.000000000,1,2025-12-26 23:39:00.000000,2025-12-26 23:39:59.999922,1,BAY01_0602_20251226_233516_000.7z
2025-12-26 23:40:00,7548.586090,7.548586090,1.472648,0.559055,7546.554387,768000,768000,1.000000000,1,2025-12-26 23:40:00.000000,2025-12-26 23:40:59.999922,1,BAY01_0602_20251226_233516_000.7z
2025-12-26 23:41:00,7555.486296,7.555486296,1.476740,0.501298,7553.508257,768000,768000,1.000000000,1,2025-12-26 23:41:00.000000,2025-12-26 23:41:59.999922,1,BAY01_0602_20251226_233516_000.7z
2025-12-26 23:42:00,7559.306251,7.559306251,1.466492,0.530727,7557.309031,768000,768000,1.000000000,1,2025-12-26 23:42:00.000000,2025-12-26 23:42:59.999922,1,BAY01_0602_20251226_233516_000.7z
2025-12-26 23:43:00,7561.572298,7.561572298,1.516932,0.552448,7559.502918,768000,768000,1.000000000,1,2025-12-26 23:43:00.000000,2025-12-26 23:43:59.999922,1,BAY01_0602_20251226_233516_000.7z
2025-12-26 23:44:00,7551.538419,7.551538419,1.474450,0.601935,7549.462034,768000,768000,1.000000000,1,2025-12-26 23:44:00.000000,2025-12-26 23:44:59.999922,1,BAY01_0602_20251226_233516_000.7z
2025-12-26 23:45:00,7534.583783,7.534583783,1.499743,0.477619,7532.606420,294498,768000,0.383460937,0,2025-12-26 23:45:00.000000,2025-12-26 23:45:59.999922,2,BAY01_0602_20251226_233516_000.7z;BAY01_0603_20251226_234553_000.7z
2025-12-26 23:46:00,7548.845450,7.548845450,1.519142,0.435687,7546.890621,768000,768000,1.000000000,1,2025-12-26 23:46:00.000000,2025-12-26 23:46:59.999922,1,BAY01_0603_20251226_234553_000.7z
2025-12-26 23:47:00,7549.773085,7.549773085,1.477825,0.533353,7547.761907,768000,768000,1.000000000,1,2025-12-26 23:47:00.000000,2025-12-26 23:47:59.999922,1,BAY01_0603_20251226_234553_000.7z
2025-12-26 23:48:00,7549.106983,7.549106983,1.459195,0.553391,7547.094397,768000,768000,1.000000000,1,2025-12-26 23:48:00.000000,2025-12-26 23:48:59.999922,1,BAY01_0603_20251226_234553_000.7z
2025-12-26 23:49:00,7555.112601,7.555112601,1.525415,0.504446,7553.082740,768000,768000,1.000000000,1,2025-12-26 23:49:00.000000,2025-12-26 23:49:59.999922,1,BAY01_0603_20251226_234553_000.7z
2025-12-26 23:50:00,7552.197746,7.552197746,1.502462,0.503910,7550.191374,768000,768000,1.000000000,1,2025-12-26 23:50:00.000000,2025-12-26 23:50:59.999922,1,BAY01_0603_20251226_234553_000.7z
2025-12-26 23:51:00,7554.926298,7.554926298,1.527654,0.504670,7552.893974,768000,768000,1.000000000,1,2025-12-26 23:51:00.000000,2025-12-26 23:51:59.999922,1,BAY01_0603_20251226_234553_000.7z
2025-12-26 23:52:00,7551.159606,7.551159606,1.528258,0.518370,7549.112979,768000,768000,1.000000000,1,2025-12-26 23:52:00.000000,2025-12-26 23:52:59.999922,1,BAY01_0603_20251226_234553_000.7z
2025-12-26 23:53:00,7552.653024,7.552653024,1.501712,0.539304,7550.612008,768000,768000,1.000000000,1,2025-12-26 23:53:00.000000,2025-12-26 23:53:59.999922,1,BAY01_0603_20251226_234553_000.7z
2025-12-26 23:54:00,7562.294470,7.562294470,1.529152,0.519548,7560.245770,768000,768000,1.000000000,1,2025-12-26 23:54:00.000000,2025-12-26 23:54:59.999922,1,BAY01_0603_20251226_234553_000.7z
2025-12-26 23:55:00,7559.097561,7.559097561,1.502328,0.468998,7557.126236,678539,768000,0.883514323,0,2025-12-26 23:55:00.000000,2025-12-26 23:55:53.010781,1,BAY01_0603_20251226_234553_000.7z
2025-12-26 23:56:00,7568.508418,7.568508418,1.423604,0.454449,7566.630364,627200,768000,0.816666667,0,2025-12-26 23:56:11.000000,2025-12-26 23:56:59.999922,1,BAY01_0604_20251226_235611_000.7z
2025-12-26 23:57:00,7568.691185,7.568691185,1.468339,0.517380,7566.705466,768000,768000,1.000000000,1,2025-12-26 23:57:00.000000,2025-12-26 23:57:59.999922,1,BAY01_0604_20251226_235611_000.7z
2025-12-26 23:58:00,7576.864428,7.576864428,1.485433,0.490006,7574.888988,768000,768000,1.000000000,1,2025-12-26 23:58:00.000000,2025-12-26 23:58:59.999922,1,BAY01_0604_20251226_235611_000.7z
2025-12-26 23:59:00,7569.124939,7.569124939,1.500005,0.577177,7567.047756,768000,768000,1.000000000,1,2025-12-26 23:59:00.000000,2025-12-26 23:59:59.999922,1,BAY01_0604_20251226_235611_000.7z
2025-12-27 00:00:00,7525.777919,7.525777919,1.486343,0.578252,7523.713323,768000,768000,1.000000000,1,2025-12-27 00:00:00.000000,2025-12-27 00:00:59.999922,1,BAY01_0604_20251226_235611_000.7z
2025-12-27 00:01:00,7518.855499,7.518855499,1.476116,0.557138,7516.822245,768000,768000,1.000000000,1,2025-12-27 00:01:00.000000,2025-12-27 00:01:59.999922,1,BAY01_0604_20251226_235611_000.7z
2025-12-27 00:02:00,7517.783326,7.517783326,1.527908,0.572296,7515.683122,768000,768000,1.000000000,1,2025-12-27 00:02:00.000000,2025-12-27 00:02:59.999922,1,BAY01_0604_20251226_235611_000.7z
2025-12-27 00:03:00,7516.421268,7.516421268,1.465224,0.571243,7514.384801,768000,768000,1.000000000,1,2025-12-27 00:03:00.000000,2025-12-27 00:03:59.999922,1,BAY01_0604_20251226_235611_000.7z
2025-12-27 00:04:00,7523.068312,7.523068312,1.451489,0.576485,7521.040338,768000,768000,1.000000000,1,2025-12-27 00:04:00.000000,2025-12-27 00:04:59.999922,1,BAY01_0604_20251226_235611_000.7z
2025-12-27 00:05:00,7515.441782,7.515441782,1.538377,0.578220,7513.325186,768000,768000,1.000000000,1,2025-12-27 00:05:00.000000,2025-12-27 00:05:59.999922,1,BAY01_0604_20251226_235611_000.7z
2025-12-27 00:06:00,7515.833900,7.515833900,1.413910,0.489342,7513.930648,332842,768000,0.433388021,0,2025-12-27 00:06:00.000000,2025-12-27 00:06:59.999922,2,BAY01_0604_20251226_235611_000.7z;BAY01_0605_20251227_000645_000.7z
2025-12-27 00:07:00,7516.298602,7.516298602,1.466467,0.464289,7514.367846,768000,768000,1.000000000,1,2025-12-27 00:07:00.000000,2025-12-27 00:07:59.999922,1,BAY01_0605_20251227_000645_000.7z
2025-12-27 00:08:00,7523.181801,7.523181801,1.431409,0.520053,7521.230340,768000,768000,1.000000000,1,2025-12-27 00:08:00.000000,2025-12-27 00:08:59.999922,1,BAY01_0605_20251227_000645_000.7z
2025-12-27 00:09:00,7522.544236,7.522544236,1.491277,0.584391,7520.468568,768000,768000,1.000000000,1,2025-12-27 00:09:00.000000,2025-12-27 00:09:59.999922,1,BAY01_0605_20251227_000645_000.7z
2025-12-27 00:10:00,7530.383770,7.530383770,1.531759,0.525839,7528.326172,768000,768000,1.000000000,1,2025-12-27 00:10:00.000000,2025-12-27 00:10:59.999922,1,BAY01_0605_20251227_000645_000.7z
2025-12-27 00:11:00,7529.022686,7.529022686,1.502967,0.497246,7527.022473,768000,768000,1.000000000,1,2025-12-27 00:11:00.000000,2025-12-27 00:11:59.999922,1,BAY01_0605_20251227_000645_000.7z
2025-12-27 00:12:00,7524.269293,7.524269293,1.490727,0.540647,7522.237919,768000,768000,1.000000000,1,2025-12-27 00:12:00.000000,2025-12-27 00:12:59.999922,1,BAY01_0605_20251227_000645_000.7z
2025-12-27 00:13:00,7525.084171,7.525084171,1.469777,0.561336,7523.053057,768000,768000,1.000000000,1,2025-12-27 00:13:00.000000,2025-12-27 00:13:59.999922,1,BAY01_0605_20251227_000645_000.7z
2025-12-27 00:14:00,7528.479161,7.528479161,1.508695,0.528348,7526.442118,768000,768000,1.000000000,1,2025-12-27 00:14:00.000000,2025-12-27 00:14:59.999922,1,BAY01_0605_20251227_000645_000.7z
2025-12-27 00:15:00,7528.536026,7.528536026,1.408502,0.491471,7526.636053,768000,768000,1.000000000,1,2025-12-27 00:15:00.000000,2025-12-27 00:15:59.999922,1,BAY01_0605_20251227_000645_000.7z
2025-12-27 00:16:00,7522.427264,7.522427264,1.440295,0.562247,7520.424722,576066,768000,0.750085937,0,2025-12-27 00:16:00.000000,2025-12-27 00:16:45.005078,1,BAY01_0605_20251227_000645_000.7z
2025-12-27 00:17:00,7521.606507,7.521606507,1.483040,0.410249,7519.713219,614400,768000,0.800000000,0,2025-12-27 00:17:12.000000,2025-12-27 00:17:59.999922,1,BAY01_0606_20251227_001712_000.7z
2025-12-27 00:18:00,7533.497823,7.533497823,1.536128,0.481444,7531.480250,768000,768000,1.000000000,1,2025-12-27 00:18:00.000000,2025-12-27 00:18:59.999922,1,BAY01_0606_20251227_001712_000.7z
2025-12-27 00:19:00,7522.267602,7.522267602,1.513663,0.478226,7520.275713,768000,768000,1.000000000,1,2025-12-27 00:19:00.000000,2025-12-27 00:19:59.999922,1,BAY01_0606_20251227_001712_000.7z
2025-12-27 00:20:00,7539.855791,7.539855791,1.455139,0.544038,7537.856613,768000,768000,1.000000000,1,2025-12-27 00:20:00.000000,2025-12-27 00:20:59.999922,1,BAY01_0606_20251227_001712_000.7z
2025-12-27 00:21:00,7549.221188,7.549221188,1.472534,0.511634,7547.237020,768000,768000,1.000000000,1,2025-12-27 00:21:00.000000,2025-12-27 00:21:59.999922,1,BAY01_0606_20251227_001712_000.7z
2025-12-27 00:22:00,7542.683148,7.542683148,1.457275,0.560680,7540.665193,768000,768000,1.000000000,1,2025-12-27 00:22:00.000000,2025-12-27 00:22:59.999922,1,BAY01_0606_20251227_001712_000.7z
2025-12-27 00:23:00,7544.986812,7.544986812,1.539355,0.484527,7542.962929,768000,768000,1.000000000,1,2025-12-27 00:23:00.000000,2025-12-27 00:23:59.999922,1,BAY01_0606_20251227_001712_000.7z
2025-12-27 00:24:00,7540.642723,7.540642723,1.550828,0.587124,7538.504771,768000,768000,1.000000000,1,2025-12-27 00:24:00.000000,2025-12-27 00:24:59.999922,1,BAY01_0606_20251227_001712_000.7z
2025-12-27 00:25:00,7537.637895,7.537637895,1.496032,0.520357,7535.621506,768000,768000,1.000000000,1,2025-12-27 00:25:00.000000,2025-12-27 00:25:59.999922,1,BAY01_0606_20251227_001712_000.7z
2025-12-27 00:26:00,7543.745559,7.543745559,1.488632,0.478796,7541.778132,768000,768000,1.000000000,1,2025-12-27 00:26:00.000000,2025-12-27 00:26:59.999922,1,BAY01_0606_20251227_001712_000.7z
2025-12-27 00:27:00,7540.204506,7.540204506,1.550334,0.388707,7538.265464,384050,768000,0.500065104,0,2025-12-27 00:27:00.000000,2025-12-27 00:27:59.999922,2,BAY01_0606_20251227_001712_000.7z;BAY01_0607_20251227_002742_000.7z
2025-12-27 00:28:00,7540.810261,7.540810261,1.408499,0.513350,7538.888412,768000,768000,1.000000000,1,2025-12-27 00:28:00.000000,2025-12-27 00:28:59.999922,1,BAY01_0607_20251227_002742_000.7z
2025-12-27 00:29:00,7529.387334,7.529387334,1.436951,0.558325,7527.392058,768000,768000,1.000000000,1,2025-12-27 00:29:00.000000,2025-12-27 00:29:59.999922,1,BAY01_0607_20251227_002742_000.7z
2025-12-27 00:30:00,7533.366553,7.533366553,1.465703,0.610621,7531.290228,768000,768000,1.000000000,1,2025-12-27 00:30:00.000000,2025-12-27 00:30:59.999922,1,BAY01_0607_20251227_002742_000.7z
2025-12-27 00:31:00,7533.675785,7.533675785,1.486656,0.577812,7531.611317,768000,768000,1.000000000,1,2025-12-27 00:31:00.000000,2025-12-27 00:31:59.999922,1,BAY01_0607_20251227_002742_000.7z
2025-12-27 00:32:00,7542.692369,7.542692369,1.575055,0.565341,7540.551974,768000,768000,1.000000000,1,2025-12-27 00:32:00.000000,2025-12-27 00:32:59.999922,1,BAY01_0607_20251227_002742_000.7z
2025-12-27 00:33:00,7536.157153,7.536157153,1.522070,0.509699,7534.125385,768000,768000,1.000000000,1,2025-12-27 00:33:00.000000,2025-12-27 00:33:59.999922,1,BAY01_0607_20251227_002742_000.7z
2025-12-27 00:34:00,7538.616988,7.538616988,1.443116,0.564743,7536.609129,768000,768000,1.000000000,1,2025-12-27 00:34:00.000000,2025-12-27 00:34:59.999922,1,BAY01_0607_20251227_002742_000.7z
2025-12-27 00:35:00,7550.832972,7.550832972,1.547711,0.477035,7548.808226,768000,768000,1.000000000,1,2025-12-27 00:35:00.000000,2025-12-27 00:35:59.999922,1,BAY01_0607_20251227_002742_000.7z
2025-12-27 00:36:00,7540.404546,7.540404546,1.486894,0.515194,7538.402458,768000,768000,1.000000000,1,2025-12-27 00:36:00.000000,2025-12-27 00:36:59.999922,1,BAY01_0607_20251227_002742_000.7z
2025-12-27 00:37:00,7538.510299,7.538510299,1.520845,0.478526,7536.510928,537618,768000,0.700023437,0,2025-12-27 00:37:00.000000,2025-12-27 00:37:42.001328,1,BAY01_0607_20251227_002742_000.7z
2025-12-27 00:38:00,7538.842261,7.538842261,1.497510,0.495497,7536.849255,691200,768000,0.900000000,0,2025-12-27 00:38:06.000000,2025-12-27 00:38:59.999922,1,BAY01_0608_20251227_003806_000.7z
2025-12-27 00:39:00,7548.786349,7.548786349,1.508708,0.465414,7546.812228,768000,768000,1.000000000,1,2025-12-27 00:39:00.000000,2025-12-27 00:39:59.999922,1,BAY01_0608_20251227_003806_000.7z
2025-12-27 00:40:00,7550.496361,7.550496361,1.519161,0.531352,7548.445848,768000,768000,1.000000000,1,2025-12-27 00:40:00.000000,2025-12-27 00:40:59.999922,1,BAY01_0608_20251227_003806_000.7z
2025-12-27 00:41:00,7550.958464,7.550958464,1.472922,0.526728,7548.958814,768000,768000,1.000000000,1,2025-12-27 00:41:00.000000,2025-12-27 00:41:59.999922,1,BAY01_0608_20251227_003806_000.7z
2025-12-27 00:42:00,7546.445629,7.546445629,1.521140,0.471408,7544.453080,768000,768000,1.000000000,1,2025-12-27 00:42:00.000000,2025-12-27 00:42:59.999922,1,BAY01_0608_20251227_003806_000.7z
2025-12-27 00:43:00,7541.385911,7.541385911,1.486401,0.529645,7539.369865,768000,768000,1.000000000,1,2025-12-27 00:43:00.000000,2025-12-27 00:43:59.999922,1,BAY01_0608_20251227_003806_000.7z
2025-12-27 00:44:00,7554.046575,7.554046575,1.487514,0.546010,7552.013051,768000,768000,1.000000000,1,2025-12-27 00:44:00.000000,2025-12-27 00:44:59.999922,1,BAY01_0608_20251227_003806_000.7z
2025-12-27 00:45:00,7551.466237,7.551466237,1.478866,0.537009,7549.450362,768000,768000,1.000000000,1,2025-12-27 00:45:00.000000,2025-12-27 00:45:59.999922,1,BAY01_0608_20251227_003806_000.7z
2025-12-27 00:46:00,7554.666901,7.554666901,1.491927,0.489188,7552.685786,768000,768000,1.000000000,1,2025-12-27 00:46:00.000000,2025-12-27 00:46:59.999922,1,BAY01_0608_20251227_003806_000.7z
2025-12-27 00:47:00,7557.351477,7.557351477,1.539509,0.494404,7555.317563,768000,768000,1.000000000,1,2025-12-27 00:47:00.000000,2025-12-27 00:47:59.999922,1,BAY01_0608_20251227_003806_000.7z
2025-12-27 00:48:00,7557.136749,7.557136749,1.457118,0.522412,7555.157219,371313,768000,0.483480469,0,2025-12-27 00:48:00.000000,2025-12-27 00:48:59.999922,2,BAY01_0608_20251227_003806_000.7z;BAY01_0609_20251227_004837_000.7z
2025-12-27 00:49:00,7553.599835,7.553599835,1.482396,0.410803,7551.706636,768000,768000,1.000000000,1,2025-12-27 00:49:00.000000,2025-12-27 00:49:59.999922,1,BAY01_0609_20251227_004837_000.7z
2025-12-27 00:50:00,7564.910375,7.564910375,1.421337,0.499448,7562.989590,768000,768000,1.000000000,1,2025-12-27 00:50:00.000000,2025-12-27 00:50:59.999922,1,BAY01_0609_20251227_004837_000.7z
2025-12-27 00:51:00,7559.056039,7.559056039,1.524460,0.496096,7557.035482,768000,768000,1.000000000,1,2025-12-27 00:51:00.000000,2025-12-27 00:51:59.999922,1,BAY01_0609_20251227_004837_000.7z
2025-12-27 00:52:00,7558.490789,7.558490789,1.541795,0.499275,7556.449719,768000,768000,1.000000000,1,2025-12-27 00:52:00.000000,2025-12-27 00:52:59.999922,1,BAY01_0609_20251227_004837_000.7z
2025-12-27 00:53:00,7559.801954,7.559801954,1.516704,0.513093,7557.772158,768000,768000,1.000000000,1,2025-12-27 00:53:00.000000,2025-12-27 00:53:59.999922,1,BAY01_0609_20251227_004837_000.7z
2025-12-27 00:54:00,7556.452900,7.556452900,1.420183,0.492521,7554.540196,768000,768000,1.000000000,1,2025-12-27 00:54:00.000000,2025-12-27 00:54:59.999922,1,BAY01_0609_20251227_004837_000.7z
2025-12-27 00:55:00,7563.802516,7.563802516,1.503412,0.526566,7561.772539,768000,768000,1.000000000,1,2025-12-27 00:55:00.000000,2025-12-27 00:55:59.999922,1,BAY01_0609_20251227_004837_000.7z
2025-12-27 00:56:00,7568.814182,7.568814182,1.464009,0.525730,7566.824444,768000,768000,1.000000000,1,2025-12-27 00:56:00.000000,2025-12-27 00:56:59.999922,1,BAY01_0609_20251227_004837_000.7z
2025-12-27 00:57:00,7564.652418,7.564652418,1.507107,0.515550,7562.629761,768000,768000,1.000000000,1,2025-12-27 00:57:00.000000,2025-12-27 00:57:59.999922,1,BAY01_0609_20251227_004837_000.7z
2025-12-27 00:58:00,7553.902010,7.553902010,1.519749,0.560977,7551.821284,473627,768000,0.616701823,0,2025-12-27 00:58:00.000000,2025-12-27 00:58:37.002031,1,BAY01_0609_20251227_004837_000.7z
2025-12-27 00:59:00,7550.189674,7.550189674,1.431721,0.478985,7548.278968,537600,768000,0.700000000,0,2025-12-27 00:59:18.000000,2025-12-27 00:59:59.999922,1,BAY01_0610_20251227_005918_000.7z
2025-12-27 01:00:00,7571.990003,7.571990003,1.448569,0.497163,7570.044271,768000,768000,1.000000000,1,2025-12-27 01:00:00.000000,2025-12-27 01:00:59.999922,1,BAY01_0610_20251227_005918_000.7z
2025-12-27 01:01:00,7566.406957,7.566406957,1.498527,0.468895,7564.439535,768000,768000,1.000000000,1,2025-12-27 01:01:00.000000,2025-12-27 01:01:59.999922,1,BAY01_0610_20251227_005918_000.7z
2025-12-27 01:02:00,7570.459764,7.570459764,1.497805,0.559963,7568.401996,768000,768000,1.000000000,1,2025-12-27 01:02:00.000000,2025-12-27 01:02:59.999922,1,BAY01_0610_20251227_005918_000.7z
2025-12-27 01:03:00,7578.394746,7.578394746,1.452441,0.546965,7576.395340,768000,768000,1.000000000,1,2025-12-27 01:03:00.000000,2025-12-27 01:03:59.999922,1,BAY01_0610_20251227_005918_000.7z
2025-12-27 01:04:00,7578.239834,7.578239834,1.499995,0.476514,7576.263325,768000,768000,1.000000000,1,2025-12-27 01:04:00.000000,2025-12-27 01:04:59.999922,1,BAY01_0610_20251227_005918_000.7z
2025-12-27 01:05:00,7578.736853,7.578736853,1.529132,0.447210,7576.760512,768000,768000,1.000000000,1,2025-12-27 01:05:00.000000,2025-12-27 01:05:59.999922,1,BAY01_0610_20251227_005918_000.7z
2025-12-27 01:06:00,7567.389978,7.567389978,1.459010,0.498179,7565.432789,768000,768000,1.000000000,1,2025-12-27 01:06:00.000000,2025-12-27 01:06:59.999922,1,BAY01_0610_20251227_005918_000.7z
2025-12-27 01:07:00,7566.014660,7.566014660,1.454391,0.537702,7564.022567,768000,768000,1.000000000,1,2025-12-27 01:07:00.000000,2025-12-27 01:07:59.999922,1,BAY01_0610_20251227_005918_000.7z
2025-12-27 01:08:00,7561.655588,7.561655588,1.463974,0.578824,7559.612789,768000,768000,1.000000000,1,2025-12-27 01:08:00.000000,2025-12-27 01:08:59.999922,1,BAY01_0610_20251227_005918_000.7z
2025-12-27 01:09:00,7577.235455,7.577235455,1.494233,0.530450,7575.210772,256039,768000,0.333384115,0,2025-12-27 01:09:00.000000,2025-12-27 01:09:59.999922,2,BAY01_0610_20251227_005918_000.7z;BAY01_0611_20251227_010958_000.7z
2025-12-27 01:10:00,7567.393426,7.567393426,1.425717,0.458321,7565.509388,768000,768000,1.000000000,1,2025-12-27 01:10:00.000000,2025-12-27 01:10:59.999922,1,BAY01_0611_20251227_010958_000.7z
2025-12-27 01:11:00,7570.863564,7.570863564,1.484508,0.393798,7568.985257,768000,768000,1.000000000,1,2025-12-27 01:11:00.000000,2025-12-27 01:11:59.999922,1,BAY01_0611_20251227_010958_000.7z
2025-12-27 01:12:00,7573.386243,7.573386243,1.459875,0.565219,7571.361148,768000,768000,1.000000000,1,2025-12-27 01:12:00.000000,2025-12-27 01:12:59.999922,1,BAY01_0611_20251227_010958_000.7z
2025-12-27 01:13:00,7566.629505,7.566629505,1.504258,0.537027,7564.588220,768000,768000,1.000000000,1,2025-12-27 01:13:00.000000,2025-12-27 01:13:59.999922,1,BAY01_0611_20251227_010958_000.7z
2025-12-27 01:14:00,7571.352481,7.571352481,1.490181,0.500391,7569.361908,768000,768000,1.000000000,1,2025-12-27 01:14:00.000000,2025-12-27 01:14:59.999922,1,BAY01_0611_20251227_010958_000.7z
2025-12-27 01:15:00,7576.407511,7.576407511,1.475100,0.524820,7574.407591,768000,768000,1.000000000,1,2025-12-27 01:15:00.000000,2025-12-27 01:15:59.999922,1,BAY01_0611_20251227_010958_000.7z
2025-12-27 01:16:00,7580.899590,7.580899590,1.494502,0.473411,7578.931677,768000,768000,1.000000000,1,2025-12-27 01:16:00.000000,2025-12-27 01:16:59.999922,1,BAY01_0611_20251227_010958_000.7z
2025-12-27 01:17:00,7578.440098,7.578440098,1.489814,0.459483,7576.490802,768000,768000,1.000000000,1,2025-12-27 01:17:00.000000,2025-12-27 01:17:59.999922,1,BAY01_0611_20251227_010958_000.7z
2025-12-27 01:18:00,7575.405236,7.575405236,1.555848,0.405262,7573.444125,768000,768000,1.000000000,1,2025-12-27 01:18:00.000000,2025-12-27 01:18:59.999922,1,BAY01_0611_20251227_010958_000.7z
2025-12-27 01:19:00,7581.238707,7.581238707,1.460100,0.527748,7579.250859,742542,768000,0.966851563,0,2025-12-27 01:19:00.000000,2025-12-27 01:19:58.011016,1,BAY01_0611_20251227_010958_000.7z
2025-12-27 01:20:00,7580.434866,7.580434866,1.463768,0.500862,7578.470236,512000,768000,0.666666667,0,2025-12-27 01:20:20.000000,2025-12-27 01:20:59.999922,1,BAY01_0612_20251227_012020_000.7z
2025-12-27 01:21:00,7579.413609,7.579413609,1.471656,0.432095,7577.509857,768000,768000,1.000000000,1,2025-12-27 01:21:00.000000,2025-12-27 01:21:59.999922,1,BAY01_0612_20251227_012020_000.7z
2025-12-27 01:22:00,7586.882442,7.586882442,1.419319,0.515033,7584.948091,768000,768000,1.000000000,1,2025-12-27 01:22:00.000000,2025-12-27 01:22:59.999922,1,BAY01_0612_20251227_012020_000.7z
2025-12-27 01:23:00,7583.825537,7.583825537,1.517156,0.506821,7581.801560,768000,768000,1.000000000,1,2025-12-27 01:23:00.000000,2025-12-27 01:23:59.999922,1,BAY01_0612_20251227_012020_000.7z
2025-12-27 01:24:00,7582.423618,7.582423618,1.458083,0.542496,7580.423038,768000,768000,1.000000000,1,2025-12-27 01:24:00.000000,2025-12-27 01:24:59.999922,1,BAY01_0612_20251227_012020_000.7z
2025-12-27 01:25:00,7587.536470,7.587536470,1.503746,0.483378,7585.549346,768000,768000,1.000000000,1,2025-12-27 01:25:00.000000,2025-12-27 01:25:59.999922,1,BAY01_0612_20251227_012020_000.7z
2025-12-27 01:26:00,7594.131071,7.594131071,1.476153,0.502840,7592.152078,768000,768000,1.000000000,1,2025-12-27 01:26:00.000000,2025-12-27 01:26:59.999922,1,BAY01_0612_20251227_012020_000.7z
2025-12-27 01:27:00,7589.323559,7.589323559,1.523759,0.472766,7587.327034,768000,768000,1.000000000,1,2025-12-27 01:27:00.000000,2025-12-27 01:27:59.999922,1,BAY01_0612_20251227_012020_000.7z
2025-12-27 01:28:00,7588.056032,7.588056032,1.457171,0.524497,7586.074365,768000,768000,1.000000000,1,2025-12-27 01:28:00.000000,2025-12-27 01:28:59.999922,1,BAY01_0612_20251227_012020_000.7z
2025-12-27 01:29:00,7591.642516,7.591642516,1.443389,0.526928,7589.672199,768000,768000,1.000000000,1,2025-12-27 01:29:00.000000,2025-12-27 01:29:59.999922,1,BAY01_0612_20251227_012020_000.7z
2025-12-27 01:30:00,7588.059448,7.588059448,1.455133,0.516363,7586.087951,473733,768000,0.616839844,0,2025-12-27 01:30:00.000000,2025-12-27 01:30:59.999922,2,BAY01_0612_20251227_012020_000.7z;BAY01_0613_20251227_013043_000.7z
2025-12-27 01:31:00,7590.445718,7.590445718,1.497465,0.411071,7588.537182,768000,768000,1.000000000,1,2025-12-27 01:31:00.000000,2025-12-27 01:31:59.999922,1,BAY01_0613_20251227_013043_000.7z
2025-12-27 01:32:00,7598.634815,7.598634815,1.490196,0.467768,7596.676851,768000,768000,1.000000000,1,2025-12-27 01:32:00.000000,2025-12-27 01:32:59.999922,1,BAY01_0613_20251227_013043_000.7z
2025-12-27 01:33:00,7591.111528,7.591111528,1.562225,0.462178,7589.087124,768000,768000,1.000000000,1,2025-12-27 01:33:00.000000,2025-12-27 01:33:59.999922,1,BAY01_0613_20251227_013043_000.7z
2025-12-27 01:34:00,7594.694328,7.594694328,1.495966,0.430949,7592.767413,768000,768000,1.000000000,1,2025-12-27 01:34:00.000000,2025-12-27 01:34:59.999922,1,BAY01_0613_20251227_013043_000.7z
2025-12-27 01:35:00,7607.513802,7.607513802,1.490477,0.459638,7605.563687,768000,768000,1.000000000,1,2025-12-27 01:35:00.000000,2025-12-27 01:35:59.999922,1,BAY01_0613_20251227_013043_000.7z
2025-12-27 01:36:00,7598.610404,7.598610404,1.453535,0.482035,7596.674834,768000,768000,1.000000000,1,2025-12-27 01:36:00.000000,2025-12-27 01:36:59.999922,1,BAY01_0613_20251227_013043_000.7z
2025-12-27 01:37:00,7603.618953,7.603618953,1.444738,0.482671,7601.691544,768000,768000,1.000000000,1,2025-12-27 01:37:00.000000,2025-12-27 01:37:59.999922,1,BAY01_0613_20251227_013043_000.7z
2025-12-27 01:38:00,7608.931807,7.608931807,1.516639,0.446625,7606.968543,768000,768000,1.000000000,1,2025-12-27 01:38:00.000000,2025-12-27 01:38:59.999922,1,BAY01_0613_20251227_013043_000.7z
2025-12-27 01:39:00,7599.714344,7.599714344,1.499239,0.483188,7597.731917,768000,768000,1.000000000,1,2025-12-27 01:39:00.000000,2025-12-27 01:39:59.999922,1,BAY01_0613_20251227_013043_000.7z
2025-12-27 01:40:00,7605.820959,7.605820959,1.491663,0.542817,7603.786479,550429,768000,0.716704427,0,2025-12-27 01:40:00.000000,2025-12-27 01:40:43.002188,1,BAY01_0613_20251227_013043_000.7z
2025-12-27 01:41:00,7605.679513,7.605679513,1.435510,0.519406,7603.724597,652800,768000,0.850000000,0,2025-12-27 01:41:09.000000,2025-12-27 01:41:59.999922,1,BAY01_0614_20251227_014109_000.7z
2025-12-27 01:42:00,7606.114007,7.606114007,1.417351,0.497976,7604.198680,768000,768000,1.000000000,1,2025-12-27 01:42:00.000000,2025-12-27 01:42:59.999922,1,BAY01_0614_20251227_014109_000.7z
2025-12-27 01:43:00,7598.859316,7.598859316,1.478119,0.553923,7596.827274,768000,768000,1.000000000,1,2025-12-27 01:43:00.000000,2025-12-27 01:43:59.999922,1,BAY01_0614_20251227_014109_000.7z
2025-12-27 01:44:00,7596.541636,7.596541636,1.489221,0.502046,7594.550369,768000,768000,1.000000000,1,2025-12-27 01:44:00.000000,2025-12-27 01:44:59.999922,1,BAY01_0614_20251227_014109_000.7z
2025-12-27 01:45:00,7603.373810,7.603373810,1.533100,0.494291,7601.346420,768000,768000,1.000000000,1,2025-12-27 01:45:00.000000,2025-12-27 01:45:59.999922,1,BAY01_0614_20251227_014109_000.7z
2025-12-27 01:46:00,7587.889748,7.587889748,1.432806,0.454545,7586.002396,768000,768000,1.000000000,1,2025-12-27 01:46:00.000000,2025-12-27 01:46:59.999922,1,BAY01_0614_20251227_014109_000.7z
2025-12-27 01:47:00,7595.402182,7.595402182,1.483227,0.520383,7593.398572,768000,768000,1.000000000,1,2025-12-27 01:47:00.000000,2025-12-27 01:47:59.999922,1,BAY01_0614_20251227_014109_000.7z
2025-12-27 01:48:00,7591.575123,7.591575123,1.450963,0.515780,7589.608381,768000,768000,1.000000000,1,2025-12-27 01:48:00.000000,2025-12-27 01:48:59.999922,1,BAY01_0614_20251227_014109_000.7z
2025-12-27 01:49:00,7598.765913,7.598765913,1.485690,0.546894,7596.733329,768000,768000,1.000000000,1,2025-12-27 01:49:00.000000,2025-12-27 01:49:59.999922,1,BAY01_0614_20251227_014109_000.7z
2025-12-27 01:50:00,7602.355618,7.602355618,1.444864,0.534776,7600.375978,768000,768000,1.000000000,1,2025-12-27 01:50:00.000000,2025-12-27 01:50:59.999922,1,BAY01_0614_20251227_014109_000.7z
2025-12-27 01:51:00,7603.868190,7.603868190,1.460507,0.473444,7601.934239,256018,768000,0.333356771,0,2025-12-27 01:51:00.000000,2025-12-27 01:51:59.999922,2,BAY01_0614_20251227_014109_000.7z;BAY01_0615_20251227_015149_000.7z
2025-12-27 01:52:00,7604.334027,7.604334027,1.444866,0.421387,7602.467774,768000,768000,1.000000000,1,2025-12-27 01:52:00.000000,2025-12-27 01:52:59.999922,1,BAY01_0615_20251227_015149_000.7z
2025-12-27 01:53:00,7605.909124,7.605909124,1.456658,0.434915,7604.017552,768000,768000,1.000000000,1,2025-12-27 01:53:00.000000,2025-12-27 01:53:59.999922,1,BAY01_0615_20251227_015149_000.7z
2025-12-27 01:54:00,7596.848737,7.596848737,1.474368,0.488238,7594.886130,768000,768000,1.000000000,1,2025-12-27 01:54:00.000000,2025-12-27 01:54:59.999922,1,BAY01_0615_20251227_015149_000.7z
2025-12-27 01:55:00,7605.477763,7.605477763,1.528593,0.445658,7603.503512,768000,768000,1.000000000,1,2025-12-27 01:55:00.000000,2025-12-27 01:55:59.999922,1,BAY01_0615_20251227_015149_000.7z
2025-12-27 01:56:00,7603.404003,7.603404003,1.507134,0.488438,7601.408430,768000,768000,1.000000000,1,2025-12-27 01:56:00.000000,2025-12-27 01:56:59.999922,1,BAY01_0615_20251227_015149_000.7z
2025-12-27 01:57:00,7605.687565,7.605687565,1.444287,0.516086,7603.727192,768000,768000,1.000000000,1,2025-12-27 01:57:00.000000,2025-12-27 01:57:59.999922,1,BAY01_0615_20251227_015149_000.7z
2025-12-27 01:58:00,7608.240290,7.608240290,1.493690,0.453550,7606.293050,768000,768000,1.000000000,1,2025-12-27 01:58:00.000000,2025-12-27 01:58:59.999922,1,BAY01_0615_20251227_015149_000.7z
2025-12-27 01:59:00,7598.205224,7.598205224,1.502262,0.466244,7596.236718,768000,768000,1.000000000,1,2025-12-27 01:59:00.000000,2025-12-27 01:59:59.999922,1,BAY01_0615_20251227_015149_000.7z
2025-12-27 02:00:00,7603.625186,7.603625186,1.461932,0.506945,7601.656310,768000,768000,1.000000000,1,2025-12-27 02:00:00.000000,2025-12-27 02:00:59.999922,1,BAY01_0615_20251227_015149_000.7z
2025-12-27 02:01:00,7599.674267,7.599674267,1.496058,0.521437,7597.656772,627294,768000,0.816789063,0,2025-12-27 02:01:00.000000,2025-12-27 02:01:49.007266,1,BAY01_0615_20251227_015149_000.7z
2025-12-27 02:02:00,7605.691102,7.605691102,1.458315,0.438842,7603.793945,473600,768000,0.616666667,0,2025-12-27 02:02:23.000000,2025-12-27 02:02:59.999922,1,BAY01_0616_20251227_020223_000.7z
2025-12-27 02:03:00,7615.433750,7.615433750,1.411176,0.449779,7613.572795,768000,768000,1.000000000,1,2025-12-27 02:03:00.000000,2025-12-27 02:03:59.999922,1,BAY01_0616_20251227_020223_000.7z
2025-12-27 02:04:00,7601.088810,7.601088810,1.506768,0.428420,7599.153622,768000,768000,1.000000000,1,2025-12-27 02:04:00.000000,2025-12-27 02:04:59.999922,1,BAY01_0616_20251227_020223_000.7z
2025-12-27 02:05:00,7604.194157,7.604194157,1.437280,0.483240,7602.273637,768000,768000,1.000000000,1,2025-12-27 02:05:00.000000,2025-12-27 02:05:59.999922,1,BAY01_0616_20251227_020223_000.7z
2025-12-27 02:06:00,7601.783387,7.601783387,1.485125,0.561676,7599.736587,768000,768000,1.000000000,1,2025-12-27 02:06:00.000000,2025-12-27 02:06:59.999922,1,BAY01_0616_20251227_020223_000.7z
2025-12-27 02:07:00,7602.889858,7.602889858,1.515165,0.466867,7600.907826,768000,768000,1.000000000,1,2025-12-27 02:07:00.000000,2025-12-27 02:07:59.999922,1,BAY01_0616_20251227_020223_000.7z
2025-12-27 02:08:00,7607.663086,7.607663086,1.455705,0.544846,7605.662534,768000,768000,1.000000000,1,2025-12-27 02:08:00.000000,2025-12-27 02:08:59.999922,1,BAY01_0616_20251227_020223_000.7z
2025-12-27 02:09:00,7608.186085,7.608186085,1.429229,0.509955,7606.246901,768000,768000,1.000000000,1,2025-12-27 02:09:00.000000,2025-12-27 02:09:59.999922,1,BAY01_0616_20251227_020223_000.7z
2025-12-27 02:10:00,7601.839356,7.601839356,1.441347,0.492037,7599.905972,768000,768000,1.000000000,1,2025-12-27 02:10:00.000000,2025-12-27 02:10:59.999922,1,BAY01_0616_20251227_020223_000.7z
2025-12-27 02:11:00,7592.370301,7.592370301,1.430581,0.523608,7590.416111,768000,768000,1.000000000,1,2025-12-27 02:11:00.000000,2025-12-27 02:11:59.999922,1,BAY01_0616_20251227_020223_000.7z
2025-12-27 02:12:00,7594.462770,7.594462770,1.412475,0.452727,7592.597567,486466,768000,0.633419271,0,2025-12-27 02:12:00.000000,2025-12-27 02:12:59.999922,2,BAY01_0616_20251227_020223_000.7z;BAY01_0617_20251227_021245_000.7z
2025-12-27 02:13:00,7601.140128,7.601140128,1.417952,0.426796,7599.295380,768000,768000,1.000000000,1,2025-12-27 02:13:00.000000,2025-12-27 02:13:59.999922,1,BAY01_0617_20251227_021245_000.7z
2025-12-27 02:14:00,7608.812207,7.608812207,1.421741,0.464717,7606.925748,768000,768000,1.000000000,1,2025-12-27 02:14:00.000000,2025-12-27 02:14:59.999922,1,BAY01_0617_20251227_021245_000.7z
2025-12-27 02:15:00,7601.436898,7.601436898,1.422506,0.539307,7599.475085,768000,768000,1.000000000,1,2025-12-27 02:15:00.000000,2025-12-27 02:15:59.999922,1,BAY01_0617_20251227_021245_000.7z
2025-12-27 02:16:00,7603.159261,7.603159261,1.414949,0.548003,7601.196309,768000,768000,1.000000000,1,2025-12-27 02:16:00.000000,2025-12-27 02:16:59.999922,1,BAY01_0617_20251227_021245_000.7z
2025-12-27 02:17:00,7609.692253,7.609692253,1.433409,0.507089,7607.751755,768000,768000,1.000000000,1,2025-12-27 02:17:00.000000,2025-12-27 02:17:59.999922,1,BAY01_0617_20251227_021245_000.7z
2025-12-27 02:18:00,7611.024186,7.611024186,1.481854,0.439005,7609.103327,768000,768000,1.000000000,1,2025-12-27 02:18:00.000000,2025-12-27 02:18:59.999922,1,BAY01_0617_20251227_021245_000.7z
2025-12-27 02:19:00,7612.296995,7.612296995,1.465612,0.512085,7610.319298,768000,768000,1.000000000,1,2025-12-27 02:19:00.000000,2025-12-27 02:19:59.999922,1,BAY01_0617_20251227_021245_000.7z
2025-12-27 02:20:00,7610.763211,7.610763211,1.462416,0.458218,7608.842577,768000,768000,1.000000000,1,2025-12-27 02:20:00.000000,2025-12-27 02:20:59.999922,1,BAY01_0617_20251227_021245_000.7z
2025-12-27 02:21:00,7603.967261,7.603967261,1.507784,0.498814,7601.960662,768000,768000,1.000000000,1,2025-12-27 02:21:00.000000,2025-12-27 02:21:59.999922,1,BAY01_0617_20251227_021245_000.7z
2025-12-27 02:22:00,7603.474368,7.603474368,1.514118,0.478195,7601.482055,576111,768000,0.750144531,0,2025-12-27 02:22:00.000000,2025-12-27 02:22:45.008594,1,BAY01_0617_20251227_021245_000.7z
2025-12-27 02:23:00,7600.736828,7.600736828,1.405287,0.429717,7598.901824,524800,768000,0.683333333,0,2025-12-27 02:23:19.000000,2025-12-27 02:23:59.999922,1,BAY01_0618_20251227_022319_000.7z
2025-12-27 02:24:00,7605.694019,7.605694019,1.506875,0.411710,7603.775434,768000,768000,1.000000000,1,2025-12-27 02:24:00.000000,2025-12-27 02:24:59.999922,1,BAY01_0618_20251227_022319_000.7z
2025-12-27 02:25:00,7605.300417,7.605300417,1.483755,0.509120,7603.307542,768000,768000,1.000000000,1,2025-12-27 02:25:00.000000,2025-12-27 02:25:59.999922,1,BAY01_0618_20251227_022319_000.7z
2025-12-27 02:26:00,7607.938388,7.607938388,1.506735,0.467987,7605.963666,768000,768000,1.000000000,1,2025-12-27 02:26:00.000000,2025-12-27 02:26:59.999922,1,BAY01_0618_20251227_022319_000.7z
2025-12-27 02:27:00,7608.153842,7.608153842,1.408661,0.510485,7606.234695,768000,768000,1.000000000,1,2025-12-27 02:27:00.000000,2025-12-27 02:27:59.999922,1,BAY01_0618_20251227_022319_000.7z
2025-12-27 02:28:00,7608.925687,7.608925687,1.497611,0.450781,7606.977295,768000,768000,1.000000000,1,2025-12-27 02:28:00.000000,2025-12-27 02:28:59.999922,1,BAY01_0618_20251227_022319_000.7z
2025-12-27 02:29:00,7616.211186,7.616211186,1.448331,0.499692,7614.263163,768000,768000,1.000000000,1,2025-12-27 02:29:00.000000,2025-12-27 02:29:59.999922,1,BAY01_0618_20251227_022319_000.7z
2025-12-27 02:30:00,7620.075187,7.620075187,1.523071,0.436820,7618.115296,768000,768000,1.000000000,1,2025-12-27 02:30:00.000000,2025-12-27 02:30:59.999922,1,BAY01_0618_20251227_022319_000.7z
2025-12-27 02:31:00,7617.693146,7.617693146,1.507066,0.509889,7615.676192,768000,768000,1.000000000,1,2025-12-27 02:31:00.000000,2025-12-27 02:31:59.999922,1,BAY01_0618_20251227_022319_000.7z
2025-12-27 02:32:00,7617.244181,7.617244181,1.487182,0.458072,7615.298927,768000,768000,1.000000000,1,2025-12-27 02:32:00.000000,2025-12-27 02:32:59.999922,1,BAY01_0618_20251227_022319_000.7z
2025-12-27 02:33:00,7614.995138,7.614995138,1.477691,0.398557,7613.118890,332872,768000,0.433427083,0,2025-12-27 02:33:00.000000,2025-12-27 02:33:59.999922,2,BAY01_0618_20251227_022319_000.7z;BAY01_0619_20251227_023353_000.7z
2025-12-27 02:34:00,7615.050286,7.615050286,1.493861,0.421847,7613.134577,768000,768000,1.000000000,1,2025-12-27 02:34:00.000000,2025-12-27 02:34:59.999922,1,BAY01_0619_20251227_023353_000.7z
2025-12-27 02:35:00,7613.425685,7.613425685,1.506835,0.427084,7611.491766,768000,768000,1.000000000,1,2025-12-27 02:35:00.000000,2025-12-27 02:35:59.999922,1,BAY01_0619_20251227_023353_000.7z
2025-12-27 02:36:00,7613.031491,7.613031491,1.458226,0.536976,7611.036289,768000,768000,1.000000000,1,2025-12-27 02:36:00.000000,2025-12-27 02:36:59.999922,1,BAY01_0619_20251227_023353_000.7z
2025-12-27 02:37:00,7613.497626,7.613497626,1.499610,0.399601,7611.598415,768000,768000,1.000000000,1,2025-12-27 02:37:00.000000,2025-12-27 02:37:59.999922,1,BAY01_0619_20251227_023353_000.7z
2025-12-27 02:38:00,7614.150507,7.614150507,1.431920,0.511932,7612.206655,768000,768000,1.000000000,1,2025-12-27 02:38:00.000000,2025-12-27 02:38:59.999922,1,BAY01_0619_20251227_023353_000.7z
2025-12-27 02:39:00,7613.229405,7.613229405,1.496785,0.467437,7611.265184,768000,768000,1.000000000,1,2025-12-27 02:39:00.000000,2025-12-27 02:39:59.999922,1,BAY01_0619_20251227_023353_000.7z
2025-12-27 02:40:00,7608.065464,7.608065464,1.479837,0.523199,7606.062429,768000,768000,1.000000000,1,2025-12-27 02:40:00.000000,2025-12-27 02:40:59.999922,1,BAY01_0619_20251227_023353_000.7z
2025-12-27 02:41:00,7600.954586,7.600954586,1.438490,0.534168,7598.981929,768000,768000,1.000000000,1,2025-12-27 02:41:00.000000,2025-12-27 02:41:59.999922,1,BAY01_0619_20251227_023353_000.7z
2025-12-27 02:42:00,7605.657870,7.605657870,1.530579,0.438802,7603.688488,768000,768000,1.000000000,1,2025-12-27 02:42:00.000000,2025-12-27 02:42:59.999922,1,BAY01_0619_20251227_023353_000.7z
2025-12-27 02:43:00,7618.070589,7.618070589,1.488351,0.455362,7616.126876,678425,768000,0.883365885,0,2025-12-27 02:43:00.000000,2025-12-27 02:43:53.001875,1,BAY01_0619_20251227_023353_000.7z
2025-12-27 02:44:00,7610.399813,7.610399813,1.504735,0.357578,7608.537500,460800,768000,0.600000000,0,2025-12-27 02:44:24.000000,2025-12-27 02:44:59.999922,1,BAY01_0620_20251227_024424_000.7z
2025-12-27 02:45:00,7609.405889,7.609405889,1.437443,0.419727,7607.548718,768000,768000,1.000000000,1,2025-12-27 02:45:00.000000,2025-12-27 02:45:59.999922,1,BAY01_0620_20251227_024424_000.7z
2025-12-27 02:46:00,7609.106789,7.609106789,1.492649,0.464960,7607.149179,768000,768000,1.000000000,1,2025-12-27 02:46:00.000000,2025-12-27 02:46:59.999922,1,BAY01_0620_20251227_024424_000.7z
2025-12-27 02:47:00,7602.494684,7.602494684,1.433223,0.459122,7600.602339,768000,768000,1.000000000,1,2025-12-27 02:47:00.000000,2025-12-27 02:47:59.999922,1,BAY01_0620_20251227_024424_000.7z
2025-12-27 02:48:00,7610.748451,7.610748451,1.506722,0.471219,7608.770510,768000,768000,1.000000000,1,2025-12-27 02:48:00.000000,2025-12-27 02:48:59.999922,1,BAY01_0620_20251227_024424_000.7z
2025-12-27 02:49:00,7615.669137,7.615669137,1.466924,0.444801,7613.757412,768000,768000,1.000000000,1,2025-12-27 02:49:00.000000,2025-12-27 02:49:59.999922,1,BAY01_0620_20251227_024424_000.7z
2025-12-27 02:50:00,7607.198664,7.607198664,1.446640,0.490850,7605.261174,768000,768000,1.000000000,1,2025-12-27 02:50:00.000000,2025-12-27 02:50:59.999922,1,BAY01_0620_20251227_024424_000.7z
2025-12-27 02:51:00,7615.111874,7.615111874,1.409722,0.520713,7613.181438,768000,768000,1.000000000,1,2025-12-27 02:51:00.000000,2025-12-27 02:51:59.999922,1,BAY01_0620_20251227_024424_000.7z
2025-12-27 02:52:00,7608.383201,7.608383201,1.433538,0.453267,7606.496396,768000,768000,1.000000000,1,2025-12-27 02:52:00.000000,2025-12-27 02:52:59.999922,1,BAY01_0620_20251227_024424_000.7z
2025-12-27 02:53:00,7610.842499,7.610842499,1.523803,0.405020,7608.913676,768000,768000,1.000000000,1,2025-12-27 02:53:00.000000,2025-12-27 02:53:59.999922,1,BAY01_0620_20251227_024424_000.7z
2025-12-27 02:54:00,7614.291383,7.614291383,1.531981,0.534702,7612.224700,332898,768000,0.433460937,0,2025-12-27 02:54:00.000000,2025-12-27 02:54:59.999922,2,BAY01_0620_20251227_024424_000.7z;BAY01_0621_20251227_025458_000.7z
2025-12-27 02:55:00,7620.600036,7.620600036,1.440071,0.468740,7618.691225,768000,768000,1.000000000,1,2025-12-27 02:55:00.000000,2025-12-27 02:55:59.999922,1,BAY01_0621_20251227_025458_000.7z
2025-12-27 02:56:00,7627.894921,7.627894921,1.419492,0.407322,7626.068108,768000,768000,1.000000000,1,2025-12-27 02:56:00.000000,2025-12-27 02:56:59.999922,1,BAY01_0621_20251227_025458_000.7z
2025-12-27 02:57:00,7619.598901,7.619598901,1.423640,0.443427,7617.731833,768000,768000,1.000000000,1,2025-12-27 02:57:00.000000,2025-12-27 02:57:59.999922,1,BAY01_0621_20251227_025458_000.7z
2025-12-27 02:58:00,7613.479092,7.613479092,1.450200,0.483576,7611.545316,768000,768000,1.000000000,1,2025-12-27 02:58:00.000000,2025-12-27 02:58:59.999922,1,BAY01_0621_20251227_025458_000.7z
2025-12-27 02:59:00,7619.445736,7.619445736,1.423024,0.512444,7617.510267,768000,768000,1.000000000,1,2025-12-27 02:59:00.000000,2025-12-27 02:59:59.999922,1,BAY01_0621_20251227_025458_000.7z
2025-12-27 03:00:00,7623.808370,7.623808370,1.434278,0.499523,7621.874569,768000,768000,1.000000000,1,2025-12-27 03:00:00.000000,2025-12-27 03:00:59.999922,1,BAY01_0621_20251227_025458_000.7z
2025-12-27 03:01:00,7629.260033,7.629260033,1.465601,0.548341,7627.246090,768000,768000,1.000000000,1,2025-12-27 03:01:00.000000,2025-12-27 03:01:59.999922,1,BAY01_0621_20251227_025458_000.7z
2025-12-27 03:02:00,7629.918244,7.629918244,1.477350,0.497028,7627.943866,768000,768000,1.000000000,1,2025-12-27 03:02:00.000000,2025-12-27 03:02:59.999922,1,BAY01_0621_20251227_025458_000.7z
2025-12-27 03:03:00,7624.202538,7.624202538,1.465244,0.446089,7622.291205,768000,768000,1.000000000,1,2025-12-27 03:03:00.000000,2025-12-27 03:03:59.999922,1,BAY01_0621_20251227_025458_000.7z
2025-12-27 03:04:00,7627.332231,7.627332231,1.539718,0.422206,7625.370308,742520,768000,0.966822917,0,2025-12-27 03:04:00.000000,2025-12-27 03:04:58.009297,1,BAY01_0621_20251227_025458_000.7z
2025-12-27 03:05:00,7627.656747,7.627656747,1.401152,0.535828,7625.719767,243200,768000,0.316666667,0,2025-12-27 03:05:41.000000,2025-12-27 03:05:59.999922,1,BAY01_0622_20251227_030541_000.7z
2025-12-27 03:06:00,7624.918785,7.624918785,1.400173,0.537817,7622.980796,768000,768000,1.000000000,1,2025-12-27 03:06:00.000000,2025-12-27 03:06:59.999922,1,BAY01_0622_20251227_030541_000.7z
2025-12-27 03:07:00,7618.787375,7.618787375,1.497380,0.397310,7616.892685,768000,768000,1.000000000,1,2025-12-27 03:07:00.000000,2025-12-27 03:07:59.999922,1,BAY01_0622_20251227_030541_000.7z
2025-12-27 03:08:00,7620.627840,7.620627840,1.452492,0.502687,7618.672661,768000,768000,1.000000000,1,2025-12-27 03:08:00.000000,2025-12-27 03:08:59.999922,1,BAY01_0622_20251227_030541_000.7z
2025-12-27 03:09:00,7613.654803,7.613654803,1.474262,0.400912,7611.779628,768000,768000,1.000000000,1,2025-12-27 03:09:00.000000,2025-12-27 03:09:59.999922,1,BAY01_0622_20251227_030541_000.7z
2025-12-27 03:10:00,7618.574171,7.618574171,1.451810,0.501187,7616.621173,768000,768000,1.000000000,1,2025-12-27 03:10:00.000000,2025-12-27 03:10:59.999922,1,BAY01_0622_20251227_030541_000.7z
2025-12-27 03:11:00,7614.904176,7.614904176,1.463538,0.541026,7612.899612,768000,768000,1.000000000,1,2025-12-27 03:11:00.000000,2025-12-27 03:11:59.999922,1,BAY01_0622_20251227_030541_000.7z
2025-12-27 03:12:00,7632.518067,7.632518067,1.432270,0.421897,7630.663900,768000,768000,1.000000000,1,2025-12-27 03:12:00.000000,2025-12-27 03:12:59.999922,1,BAY01_0622_20251227_030541_000.7z
2025-12-27 03:13:00,7631.681050,7.631681050,1.481064,0.418420,7629.781566,768000,768000,1.000000000,1,2025-12-27 03:13:00.000000,2025-12-27 03:13:59.999922,1,BAY01_0622_20251227_030541_000.7z
2025-12-27 03:14:00,7631.097340,7.631097340,1.528697,0.411113,7629.157531,768000,768000,1.000000000,1,2025-12-27 03:14:00.000000,2025-12-27 03:14:59.999922,1,BAY01_0622_20251227_030541_000.7z
2025-12-27 03:15:00,7629.203837,7.629203837,1.437413,0.450289,7627.316135,524837,768000,0.683381510,0,2025-12-27 03:15:00.000000,2025-12-27 03:15:41.002812,1,BAY01_0622_20251227_030541_000.7z
2025-12-27 03:16:00,7616.159197,7.616159197,1.458257,0.444129,7614.256811,652800,768000,0.850000000,0,2025-12-27 03:16:09.000000,2025-12-27 03:16:59.999922,1,BAY01_0623_20251227_031609_000.7z
2025-12-27 03:17:00,7615.066391,7.615066391,1.440506,0.441377,7613.184508,768000,768000,1.000000000,1,2025-12-27 03:17:00.000000,2025-12-27 03:17:59.999922,1,BAY01_0623_20251227_031609_000.7z
2025-12-27 03:18:00,7627.766799,7.627766799,1.437160,0.383783,7625.945855,768000,768000,1.000000000,1,2025-12-27 03:18:00.000000,2025-12-27 03:18:59.999922,1,BAY01_0623_20251227_031609_000.7z
2025-12-27 03:19:00,7624.976728,7.624976728,1.479404,0.488183,7623.009141,768000,768000,1.000000000,1,2025-12-27 03:19:00.000000,2025-12-27 03:19:59.999922,1,BAY01_0623_20251227_031609_000.7z
2025-12-27 03:20:00,7624.967237,7.624967237,1.462857,0.516686,7622.987694,768000,768000,1.000000000,1,2025-12-27 03:20:00.000000,2025-12-27 03:20:59.999922,1,BAY01_0623_20251227_031609_000.7z
2025-12-27 03:21:00,7623.369499,7.623369499,1.440234,0.492262,7621.437002,768000,768000,1.000000000,1,2025-12-27 03:21:00.000000,2025-12-27 03:21:59.999922,1,BAY01_0623_20251227_031609_000.7z
2025-12-27 03:22:00,7634.559475,7.634559475,1.417030,0.470195,7632.672250,768000,768000,1.000000000,1,2025-12-27 03:22:00.000000,2025-12-27 03:22:59.999922,1,BAY01_0623_20251227_031609_000.7z
2025-12-27 03:23:00,7629.086824,7.629086824,1.490384,0.448678,7627.147762,768000,768000,1.000000000,1,2025-12-27 03:23:00.000000,2025-12-27 03:23:59.999922,1,BAY01_0623_20251227_031609_000.7z
2025-12-27 03:24:00,7618.927330,7.618927330,1.434489,0.405045,7617.087795,768000,768000,1.000000000,1,2025-12-27 03:24:00.000000,2025-12-27 03:24:59.999922,1,BAY01_0623_20251227_031609_000.7z
2025-12-27 03:25:00,7624.045191,7.624045191,1.430397,0.407068,7622.207725,768000,768000,1.000000000,1,2025-12-27 03:25:00.000000,2025-12-27 03:25:59.999922,1,BAY01_0623_20251227_031609_000.7z
2025-12-27 03:26:00,7624.086596,7.624086596,1.417254,0.457668,7622.211674,307328,768000,0.400166667,0,2025-12-27 03:26:00.000000,2025-12-27 03:26:59.999922,2,BAY01_0623_20251227_031609_000.7z;BAY01_0624_20251227_032645_000.7z
2025-12-27 03:27:00,7628.494573,7.628494573,1.376279,0.503941,7626.614353,768000,768000,1.000000000,1,2025-12-27 03:27:00.000000,2025-12-27 03:27:59.999922,1,BAY01_0624_20251227_032645_000.7z
2025-12-27 03:28:00,7629.148169,7.629148169,1.426033,0.401373,7627.320764,768000,768000,1.000000000,1,2025-12-27 03:28:00.000000,2025-12-27 03:28:59.999922,1,BAY01_0624_20251227_032645_000.7z
2025-12-27 03:29:00,7627.875938,7.627875938,1.477485,0.476913,7625.921539,768000,768000,1.000000000,1,2025-12-27 03:29:00.000000,2025-12-27 03:29:59.999922,1,BAY01_0624_20251227_032645_000.7z
2025-12-27 03:30:00,7628.839378,7.628839378,1.427893,0.580794,7626.830691,768000,768000,1.000000000,1,2025-12-27 03:30:00.000000,2025-12-27 03:30:59.999922,1,BAY01_0624_20251227_032645_000.7z
2025-12-27 03:31:00,7618.910102,7.618910102,1.483253,0.450337,7616.976511,768000,768000,1.000000000,1,2025-12-27 03:31:00.000000,2025-12-27 03:31:59.999922,1,BAY01_0624_20251227_032645_000.7z
2025-12-27 03:32:00,7635.170235,7.635170235,1.437131,0.485915,7633.247189,768000,768000,1.000000000,1,2025-12-27 03:32:00.000000,2025-12-27 03:32:59.999922,1,BAY01_0624_20251227_032645_000.7z
2025-12-27 03:33:00,7641.513030,7.641513030,1.492317,0.460017,7639.560696,768000,768000,1.000000000,1,2025-12-27 03:33:00.000000,2025-12-27 03:33:59.999922,1,BAY01_0624_20251227_032645_000.7z
2025-12-27 03:34:00,7628.923299,7.628923299,1.510460,0.441452,7626.971387,768000,768000,1.000000000,1,2025-12-27 03:34:00.000000,2025-12-27 03:34:59.999922,1,BAY01_0624_20251227_032645_000.7z
2025-12-27 03:35:00,7638.869770,7.638869770,1.472889,0.458765,7636.938116,768000,768000,1.000000000,1,2025-12-27 03:35:00.000000,2025-12-27 03:35:59.999922,1,BAY01_0624_20251227_032645_000.7z
2025-12-27 03:36:00,7640.803117,7.640803117,1.437315,0.500495,7638.865308,576092,768000,0.750119792,0,2025-12-27 03:36:00.000000,2025-12-27 03:36:45.007109,1,BAY01_0624_20251227_032645_000.7z
2025-12-27 03:37:00,7632.235138,7.632235138,1.392351,0.520924,7630.321862,614400,768000,0.800000000,0,2025-12-27 03:37:12.000000,2025-12-27 03:37:59.999922,1,BAY01_0625_20251227_033712_000.7z
2025-12-27 03:38:00,7637.879280,7.637879280,1.425209,0.415056,7636.039015,768000,768000,1.000000000,1,2025-12-27 03:38:00.000000,2025-12-27 03:38:59.999922,1,BAY01_0625_20251227_033712_000.7z
2025-12-27 03:39:00,7583.885493,7.583885493,1.430698,0.487490,7581.967305,768000,768000,1.000000000,1,2025-12-27 03:39:00.000000,2025-12-27 03:39:59.999922,1,BAY01_0625_20251227_033712_000.7z
2025-12-27 03:40:00,7549.588209,7.549588209,1.484341,0.429039,7547.674829,768000,768000,1.000000000,1,2025-12-27 03:40:00.000000,2025-12-27 03:40:59.999922,1,BAY01_0625_20251227_033712_000.7z
2025-12-27 03:41:00,7551.312769,7.551312769,1.460069,0.481348,7549.371352,768000,768000,1.000000000,1,2025-12-27 03:41:00.000000,2025-12-27 03:41:59.999922,1,BAY01_0625_20251227_033712_000.7z
2025-12-27 03:42:00,7554.346927,7.554346927,1.508695,0.526585,7552.311647,768000,768000,1.000000000,1,2025-12-27 03:42:00.000000,2025-12-27 03:42:59.999922,1,BAY01_0625_20251227_033712_000.7z
2025-12-27 03:43:00,7555.581091,7.555581091,1.477560,0.512529,7553.591002,768000,768000,1.000000000,1,2025-12-27 03:43:00.000000,2025-12-27 03:43:59.999922,1,BAY01_0625_20251227_033712_000.7z
2025-12-27 03:44:00,7556.273303,7.556273303,1.467072,0.510712,7554.295519,768000,768000,1.000000000,1,2025-12-27 03:44:00.000000,2025-12-27 03:44:59.999922,1,BAY01_0625_20251227_033712_000.7z
2025-12-27 03:45:00,7553.422655,7.553422655,1.404597,0.545332,7551.472727,768000,768000,1.000000000,1,2025-12-27 03:45:00.000000,2025-12-27 03:45:59.999922,1,BAY01_0625_20251227_033712_000.7z
2025-12-27 03:46:00,7556.502564,7.556502564,1.415125,0.608502,7554.478937,768000,768000,1.000000000,1,2025-12-27 03:46:00.000000,2025-12-27 03:46:59.999922,1,BAY01_0625_20251227_033712_000.7z
2025-12-27 03:47:00,7547.196366,7.547196366,1.464401,0.492796,7545.239169,409696,768000,0.533458333,0,2025-12-27 03:47:00.000000,2025-12-27 03:47:59.999922,2,BAY01_0625_20251227_033712_000.7z;BAY01_0626_20251227_034740_000.7z
2025-12-27 03:48:00,7564.476442,7.564476442,1.424006,0.436148,7562.616288,768000,768000,1.000000000,1,2025-12-27 03:48:00.000000,2025-12-27 03:48:59.999922,1,BAY01_0626_20251227_034740_000.7z
2025-12-27 03:49:00,7556.180028,7.556180028,1.424772,0.492553,7554.262703,768000,768000,1.000000000,1,2025-12-27 03:49:00.000000,2025-12-27 03:49:59.999922,1,BAY01_0626_20251227_034740_000.7z
2025-12-27 03:50:00,7555.436600,7.555436600,1.431482,0.573007,7553.432111,768000,768000,1.000000000,1,2025-12-27 03:50:00.000000,2025-12-27 03:50:59.999922,1,BAY01_0626_20251227_034740_000.7z
2025-12-27 03:51:00,7554.425228,7.554425228,1.494700,0.442941,7552.487587,768000,768000,1.000000000,1,2025-12-27 03:51:00.000000,2025-12-27 03:51:59.999922,1,BAY01_0626_20251227_034740_000.7z
2025-12-27 03:52:00,7539.963538,7.539963538,1.424959,0.546483,7537.992097,768000,768000,1.000000000,1,2025-12-27 03:52:00.000000,2025-12-27 03:52:59.999922,1,BAY01_0626_20251227_034740_000.7z
2025-12-27 03:53:00,7548.337295,7.548337295,1.440805,0.511290,7546.385200,768000,768000,1.000000000,1,2025-12-27 03:53:00.000000,2025-12-27 03:53:59.999922,1,BAY01_0626_20251227_034740_000.7z
2025-12-27 03:54:00,7551.564456,7.551564456,1.412290,0.541944,7549.610222,768000,768000,1.000000000,1,2025-12-27 03:54:00.000000,2025-12-27 03:54:59.999922,1,BAY01_0626_20251227_034740_000.7z
2025-12-27 03:55:00,7558.379257,7.558379257,1.432938,0.512463,7556.433856,768000,768000,1.000000000,1,2025-12-27 03:55:00.000000,2025-12-27 03:55:59.999922,1,BAY01_0626_20251227_034740_000.7z
2025-12-27 03:56:00,7558.183340,7.558183340,1.496286,0.494930,7556.192124,768000,768000,1.000000000,1,2025-12-27 03:56:00.000000,2025-12-27 03:56:59.999922,1,BAY01_0626_20251227_034740_000.7z
2025-12-27 03:57:00,7545.806158,7.545806158,1.532216,0.494074,7543.779869,512031,768000,0.666707031,0,2025-12-27 03:57:00.000000,2025-12-27 03:57:40.002344,1,BAY01_0626_20251227_034740_000.7z
2025-12-27 03:58:00,7538.778000,7.538778000,1.464710,0.386854,7536.926435,627200,768000,0.816666667,0,2025-12-27 03:58:11.000000,2025-12-27 03:58:59.999922,1,BAY01_0627_20251227_035811_000.7z
2025-12-27 03:59:00,7544.192111,7.544192111,1.431235,0.475166,7542.285710,768000,768000,1.000000000,1,2025-12-27 03:59:00.000000,2025-12-27 03:59:59.999922,1,BAY01_0627_20251227_035811_000.7z
2025-12-27 04:00:00,7553.060851,7.553060851,1.479083,0.461850,7551.119918,768000,768000,1.000000000,1,2025-12-27 04:00:00.000000,2025-12-27 04:00:59.999922,1,BAY01_0627_20251227_035811_000.7z
2025-12-27 04:01:00,7545.638761,7.545638761,1.452701,0.492604,7543.693456,768000,768000,1.000000000,1,2025-12-27 04:01:00.000000,2025-12-27 04:01:59.999922,1,BAY01_0627_20251227_035811_000.7z
2025-12-27 04:02:00,7556.885949,7.556885949,1.439818,0.581270,7554.864861,768000,768000,1.000000000,1,2025-12-27 04:02:00.000000,2025-12-27 04:02:59.999922,1,BAY01_0627_20251227_035811_000.7z
2025-12-27 04:03:00,7553.061895,7.553061895,1.429599,0.526485,7551.105810,768000,768000,1.000000000,1,2025-12-27 04:03:00.000000,2025-12-27 04:03:59.999922,1,BAY01_0627_20251227_035811_000.7z
2025-12-27 04:04:00,7550.823707,7.550823707,1.484798,0.515597,7548.823312,768000,768000,1.000000000,1,2025-12-27 04:04:00.000000,2025-12-27 04:04:59.999922,1,BAY01_0627_20251227_035811_000.7z
2025-12-27 04:05:00,7537.599980,7.537599980,1.431657,0.486005,7535.682318,768000,768000,1.000000000,1,2025-12-27 04:05:00.000000,2025-12-27 04:05:59.999922,1,BAY01_0627_20251227_035811_000.7z
2025-12-27 04:06:00,7540.940849,7.540940849,1.512671,0.466047,7538.962131,768000,768000,1.000000000,1,2025-12-27 04:06:00.000000,2025-12-27 04:06:59.999922,1,BAY01_0627_20251227_035811_000.7z
2025-12-27 04:07:00,7544.457253,7.544457253,1.520349,0.503286,7542.433618,768000,768000,1.000000000,1,2025-12-27 04:07:00.000000,2025-12-27 04:07:59.999922,1,BAY01_0627_20251227_035811_000.7z
2025-12-27 04:08:00,7541.428618,7.541428618,1.482861,0.495367,7539.450391,268874,768000,0.350096354,0,2025-12-27 04:08:00.000000,2025-12-27 04:08:59.999922,2,BAY01_0627_20251227_035811_000.7z;BAY01_0628_20251227_040850_000.7z
2025-12-27 04:09:00,7200.783814,7.200783814,1.550469,0.420895,7198.812450,768000,768000,1.000000000,1,2025-12-27 04:09:00.000000,2025-12-27 04:09:59.999922,1,BAY01_0628_20251227_040850_000.7z
2025-12-27 04:10:00,3778.393308,3.778393308,2.310387,0.675326,3775.407595,768000,768000,1.000000000,1,2025-12-27 04:10:00.000000,2025-12-27 04:10:59.999922,1,BAY01_0628_20251227_040850_000.7z
2025-12-27 04:11:00,2385.576045,2.385576045,2.633003,0.698432,2382.244610,768000,768000,1.000000000,1,2025-12-27 04:11:00.000000,2025-12-27 04:11:59.999922,1,BAY01_0628_20251227_040850_000.7z
2025-12-27 04:12:00,1776.560976,1.776560976,2.732893,0.900820,1772.927263,768000,768000,1.000000000,1,2025-12-27 04:12:00.000000,2025-12-27 04:12:59.999922,1,BAY01_0628_20251227_040850_000.7z
2025-12-27 04:13:00,1392.168631,1.392168631,2.832940,0.740574,1388.595117,768000,768000,1.000000000,1,2025-12-27 04:13:00.000000,2025-12-27 04:13:59.999922,1,BAY01_0628_20251227_040850_000.7z
2025-12-27 04:14:00,1124.609348,1.124609348,2.878140,0.827943,1120.903265,768000,768000,1.000000000,1,2025-12-27 04:14:00.000000,2025-12-27 04:14:59.999922,1,BAY01_0628_20251227_040850_000.7z
2025-12-27 04:15:00,488.695853,0.488695853,3.049925,0.875400,484.770528,768000,768000,1.000000000,1,2025-12-27 04:15:00.000000,2025-12-27 04:15:59.999922,1,BAY01_0628_20251227_040850_000.7z
2025-12-27 04:16:00,11.892678,0.011892678,3.146705,0.856956,7.889018,768000,768000,1.000000000,1,2025-12-27 04:16:00.000000,2025-12-27 04:16:59.999922,1,BAY01_0628_20251227_040850_000.7z
2025-12-27 04:17:00,11.888456,0.011888456,3.112999,0.908833,7.866624,768000,768000,1.000000000,1,2025-12-27 04:17:00.000000,2025-12-27 04:17:59.999922,1,BAY01_0628_20251227_040850_000.7z
2025-12-27 04:18:00,11.888652,0.011888652,3.164024,0.835030,7.889598,640030,768000,0.833372396,0,2025-12-27 04:18:00.000000,2025-12-27 04:18:50.002266,1,BAY01_0628_20251227_040850_000.7z
2025-12-27 04:19:00,11.782323,0.011782323,3.061590,0.778291,7.942442,371200,768000,0.483333333,0,2025-12-27 04:19:31.000000,2025-12-27 04:19:59.999922,1,BAY01_0629_20251227_041931_000.7z
2025-12-27 04:20:00,11.784291,0.011784291,3.194468,0.712355,7.877468,768000,768000,1.000000000,1,2025-12-27 04:20:00.000000,2025-12-27 04:20:59.999922,1,BAY01_0629_20251227_041931_000.7z
2025-12-27 04:21:00,11.889537,0.011889537,3.124786,0.841749,7.923001,768000,768000,1.000000000,1,2025-12-27 04:21:00.000000,2025-12-27 04:21:59.999922,1,BAY01_0629_20251227_041931_000.7z
2025-12-27 04:22:00,11.538652,0.011538652,3.086432,0.843453,7.608767,768000,768000,1.000000000,1,2025-12-27 04:22:00.000000,2025-12-27 04:22:59.999922,1,BAY01_0629_20251227_041931_000.7z
2025-12-27 04:23:00,11.436536,0.011436536,3.174781,0.834133,7.427623,768000,768000,1.000000000,1,2025-12-27 04:23:00.000000,2025-12-27 04:23:59.999922,1,BAY01_0629_20251227_041931_000.7z
2025-12-27 04:24:00,11.426784,0.011426784,3.126848,0.817520,7.482415,768000,768000,1.000000000,1,2025-12-27 04:24:00.000000,2025-12-27 04:24:59.999922,1,BAY01_0629_20251227_041931_000.7z
2025-12-27 04:25:00,11.440667,0.011440667,3.108802,0.816452,7.515413,768000,768000,1.000000000,1,2025-12-27 04:25:00.000000,2025-12-27 04:25:59.999922,1,BAY01_0629_20251227_041931_000.7z
2025-12-27 04:26:00,11.430219,0.011430219,3.093508,0.811589,7.525121,768000,768000,1.000000000,1,2025-12-27 04:26:00.000000,2025-12-27 04:26:59.999922,1,BAY01_0629_20251227_041931_000.7z
2025-12-27 04:27:00,11.104862,0.011104862,3.139539,0.816564,7.148759,768000,768000,1.000000000,1,2025-12-27 04:27:00.000000,2025-12-27 04:27:59.999922,1,BAY01_0629_20251227_041931_000.7z
2025-12-27 04:28:00,11.078952,0.011078952,3.130303,0.797988,7.150661,768000,768000,1.000000000,1,2025-12-27 04:28:00.000000,2025-12-27 04:28:59.999922,1,BAY01_0629_20251227_041931_000.7z
2025-12-27 04:29:00,11.063856,0.011063856,3.179726,0.822171,7.061959,396914,768000,0.516815104,0,2025-12-27 04:29:00.000000,2025-12-27 04:29:31.008828,1,BAY01_0629_20251227_041931_000.7z
2025-12-27 04:30:00,11.014725,0.011014725,3.073537,0.787350,7.153837,665600,768000,0.866666667,0,2025-12-27 04:30:08.000000,2025-12-27 04:30:59.999922,1,BAY01_0630_20251227_043008_000.7z
2025-12-27 04:31:00,11.027554,0.011027554,3.084985,0.769179,7.173390,768000,768000,1.000000000,1,2025-12-27 04:31:00.000000,2025-12-27 04:31:59.999922,1,BAY01_0630_20251227_043008_000.7z
2025-12-27 04:32:00,11.119455,0.011119455,3.120593,0.882515,7.116348,768000,768000,1.000000000,1,2025-12-27 04:32:00.000000,2025-12-27 04:32:59.999922,1,BAY01_0630_20251227_043008_000.7z
2025-12-27 04:33:00,11.096789,0.011096789,3.090765,0.845751,7.160273,768000,768000,1.000000000,1,2025-12-27 04:33:00.000000,2025-12-27 04:33:59.999922,1,BAY01_0630_20251227_043008_000.7z
2025-12-27 04:34:00,11.100844,0.011100844,3.088455,0.808412,7.203977,768000,768000,1.000000000,1,2025-12-27 04:34:00.000000,2025-12-27 04:34:59.999922,1,BAY01_0630_20251227_043008_000.7z
2025-12-27 04:35:00,11.130907,0.011130907,3.156749,0.702541,7.271617,768000,768000,1.000000000,1,2025-12-27 04:35:00.000000,2025-12-27 04:35:59.999922,1,BAY01_0630_20251227_043008_000.7z
2025-12-27 04:36:00,11.136038,0.011136038,3.136096,0.773410,7.226532,768000,768000,1.000000000,1,2025-12-27 04:36:00.000000,2025-12-27 04:36:59.999922,1,BAY01_0630_20251227_043008_000.7z
2025-12-27 04:37:00,11.163610,0.011163610,3.133705,0.868579,7.161326,768000,768000,1.000000000,1,2025-12-27 04:37:00.000000,2025-12-27 04:37:59.999922,1,BAY01_0630_20251227_043008_000.7z
2025-12-27 04:38:00,11.135880,0.011135880,3.145672,0.818167,7.172041,768000,768000,1.000000000,1,2025-12-27 04:38:00.000000,2025-12-27 04:38:59.999922,1,BAY01_0630_20251227_043008_000.7z
2025-12-27 04:39:00,11.139978,0.011139978,3.168826,0.744286,7.226866,768000,768000,1.000000000,1,2025-12-27 04:39:00.000000,2025-12-27 04:39:59.999922,1,BAY01_0630_20251227_043008_000.7z
2025-12-27 04:40:00,11.089863,0.011089863,3.189711,0.750512,7.149640,422460,768000,0.550078125,0,2025-12-27 04:40:00.000000,2025-12-27 04:40:59.999922,2,BAY01_0630_20251227_043008_000.7z;BAY01_0631_20251227_044035_000.7z
2025-12-27 04:41:00,11.073576,0.011073576,3.086458,0.757686,7.229431,768000,768000,1.000000000,1,2025-12-27 04:41:00.000000,2025-12-27 04:41:59.999922,1,BAY01_0631_20251227_044035_000.7z
2025-12-27 04:42:00,11.123498,0.011123498,3.098204,0.807547,7.217748,768000,768000,1.000000000,1,2025-12-27 04:42:00.000000,2025-12-27 04:42:59.999922,1,BAY01_0631_20251227_044035_000.7z
2025-12-27 04:43:00,11.168592,0.011168592,3.119857,0.774371,7.274364,768000,768000,1.000000000,1,2025-12-27 04:43:00.000000,2025-12-27 04:43:59.999922,1,BAY01_0631_20251227_044035_000.7z
2025-12-27 04:44:00,11.159550,0.011159550,3.121174,0.821295,7.217082,768000,768000,1.000000000,1,2025-12-27 04:44:00.000000,2025-12-27 04:44:59.999922,1,BAY01_0631_20251227_044035_000.7z
2025-12-27 04:45:00,11.146726,0.011146726,3.135644,0.768096,7.242986,768000,768000,1.000000000,1,2025-12-27 04:45:00.000000,2025-12-27 04:45:59.999922,1,BAY01_0631_20251227_044035_000.7z
2025-12-27 04:46:00,11.220611,0.011220611,3.107491,0.765155,7.347966,768000,768000,1.000000000,1,2025-12-27 04:46:00.000000,2025-12-27 04:46:59.999922,1,BAY01_0631_20251227_044035_000.7z
2025-12-27 04:47:00,11.193575,0.011193575,3.125298,0.802816,7.265461,768000,768000,1.000000000,1,2025-12-27 04:47:00.000000,2025-12-27 04:47:59.999922,1,BAY01_0631_20251227_044035_000.7z
2025-12-27 04:48:00,11.172761,0.011172761,3.103918,0.837104,7.231738,768000,768000,1.000000000,1,2025-12-27 04:48:00.000000,2025-12-27 04:48:59.999922,1,BAY01_0631_20251227_044035_000.7z
2025-12-27 04:49:00,11.193602,0.011193602,3.143310,0.837164,7.213128,768000,768000,1.000000000,1,2025-12-27 04:49:00.000000,2025-12-27 04:49:59.999922,1,BAY01_0631_20251227_044035_000.7z
2025-12-27 04:50:00,11.157279,0.011157279,3.174231,0.821598,7.161450,448049,768000,0.583397135,0,2025-12-27 04:50:00.000000,2025-12-27 04:50:35.003750,1,BAY01_0631_20251227_044035_000.7z
2025-12-27 04:51:00,11.158178,0.011158178,3.082158,0.796023,7.279997,768000,768000,1.000000000,1,2025-12-27 04:51:00.000000,2025-12-27 04:51:59.999922,1,BAY01_0632_20251227_045100_000.7z
2025-12-27 04:52:00,11.119137,0.011119137,3.114878,0.741864,7.262395,768000,768000,1.000000000,1,2025-12-27 04:52:00.000000,2025-12-27 04:52:59.999922,1,BAY01_0632_20251227_045100_000.7z
2025-12-27 04:53:00,11.186283,0.011186283,3.060788,0.816933,7.308562,768000,768000,1.000000000,1,2025-12-27 04:53:00.000000,2025-12-27 04:53:59.999922,1,BAY01_0632_20251227_045100_000.7z
2025-12-27 04:54:00,11.191020,0.011191020,3.144173,0.821675,7.225172,768000,768000,1.000000000,1,2025-12-27 04:54:00.000000,2025-12-27 04:54:59.999922,1,BAY01_0632_20251227_045100_000.7z
2025-12-27 04:55:00,11.185203,0.011185203,3.136152,0.785239,7.263812,768000,768000,1.000000000,1,2025-12-27 04:55:00.000000,2025-12-27 04:55:59.999922,1,BAY01_0632_20251227_045100_000.7z
2025-12-27 04:56:00,11.243427,0.011243427,3.152110,0.779261,7.312056,768000,768000,1.000000000,1,2025-12-27 04:56:00.000000,2025-12-27 04:56:59.999922,1,BAY01_0632_20251227_045100_000.7z
2025-12-27 04:57:00,11.225315,0.011225315,3.085583,0.830782,7.308951,768000,768000,1.000000000,1,2025-12-27 04:57:00.000000,2025-12-27 04:57:59.999922,1,BAY01_0632_20251227_045100_000.7z
2025-12-27 04:58:00,11.182538,0.011182538,3.155331,0.737917,7.289290,768000,768000,1.000000000,1,2025-12-27 04:58:00.000000,2025-12-27 04:58:59.999922,1,BAY01_0632_20251227_045100_000.7z
2025-12-27 04:59:00,11.184462,0.011184462,3.153810,0.717472,7.313180,768000,768000,1.000000000,1,2025-12-27 04:59:00.000000,2025-12-27 04:59:59.999922,1,BAY01_0632_20251227_045100_000.7z
2025-12-27 05:00:00,11.193207,0.011193207,3.096487,0.786717,7.310003,768000,768000,1.000000000,1,2025-12-27 05:00:00.000000,2025-12-27 05:00:59.999922,1,BAY01_0632_20251227_045100_000.7z
2025-12-27 05:01:00,11.174312,0.011174312,3.097855,0.741152,7.335305,345638,768000,0.450049479,0,2025-12-27 05:01:00.000000,2025-12-27 05:01:59.999922,2,BAY01_0632_20251227_045100_000.7z;BAY01_0633_20251227_050133_000.7z
2025-12-27 05:02:00,11.116777,0.011116777,3.124731,0.756653,7.235393,768000,768000,1.000000000,1,2025-12-27 05:02:00.000000,2025-12-27 05:02:59.999922,1,BAY01_0633_20251227_050133_000.7z
2025-12-27 05:03:00,11.164343,0.011164343,3.157810,0.745650,7.260884,768000,768000,1.000000000,1,2025-12-27 05:03:00.000000,2025-12-27 05:03:59.999922,1,BAY01_0633_20251227_050133_000.7z
2025-12-27 05:04:00,11.187592,0.011187592,3.107639,0.808924,7.271030,768000,768000,1.000000000,1,2025-12-27 05:04:00.000000,2025-12-27 05:04:59.999922,1,BAY01_0633_20251227_050133_000.7z
2025-12-27 05:05:00,11.203808,0.011203808,3.192452,0.700479,7.310876,768000,768000,1.000000000,1,2025-12-27 05:05:00.000000,2025-12-27 05:05:59.999922,1,BAY01_0633_20251227_050133_000.7z
2025-12-27 05:06:00,11.273716,0.011273716,3.100927,0.753405,7.419385,768000,768000,1.000000000,1,2025-12-27 05:06:00.000000,2025-12-27 05:06:59.999922,1,BAY01_0633_20251227_050133_000.7z
2025-12-27 05:07:00,11.209252,0.011209252,3.134053,0.784907,7.290292,768000,768000,1.000000000,1,2025-12-27 05:07:00.000000,2025-12-27 05:07:59.999922,1,BAY01_0633_20251227_050133_000.7z
2025-12-27 05:08:00,11.182533,0.011182533,3.145737,0.752498,7.284298,768000,768000,1.000000000,1,2025-12-27 05:08:00.000000,2025-12-27 05:08:59.999922,1,BAY01_0633_20251227_050133_000.7z
2025-12-27 05:09:00,11.193627,0.011193627,3.166769,0.710307,7.316552,768000,768000,1.000000000,1,2025-12-27 05:09:00.000000,2025-12-27 05:09:59.999922,1,BAY01_0633_20251227_050133_000.7z
2025-12-27 05:10:00,11.210348,0.011210348,3.136405,0.710320,7.363623,768000,768000,1.000000000,1,2025-12-27 05:10:00.000000,2025-12-27 05:10:59.999922,1,BAY01_0633_20251227_050133_000.7z
2025-12-27 05:11:00,11.264551,0.011264551,3.109543,0.655751,7.499256,422425,768000,0.550032552,0,2025-12-27 05:11:00.000000,2025-12-27 05:11:33.001875,1,BAY01_0633_20251227_050133_000.7z
2025-12-27 05:12:00,11.120733,0.011120733,3.096642,0.735636,7.288455,652800,768000,0.850000000,0,2025-12-27 05:12:09.000000,2025-12-27 05:12:59.999922,1,BAY01_0634_20251227_051209_000.7z
2025-12-27 05:13:00,11.171112,0.011171112,3.110691,0.709248,7.351172,768000,768000,1.000000000,1,2025-12-27 05:13:00.000000,2025-12-27 05:13:59.999922,1,BAY01_0634_20251227_051209_000.7z
2025-12-27 05:14:00,11.206308,0.011206308,3.149433,0.721794,7.335082,768000,768000,1.000000000,1,2025-12-27 05:14:00.000000,2025-12-27 05:14:59.999922,1,BAY01_0634_20251227_051209_000.7z
2025-12-27 05:15:00,11.195783,0.011195783,3.171815,0.749936,7.274033,768000,768000,1.000000000,1,2025-12-27 05:15:00.000000,2025-12-27 05:15:59.999922,1,BAY01_0634_20251227_051209_000.7z
2025-12-27 05:16:00,11.222673,0.011222673,3.102678,0.718208,7.401787,768000,768000,1.000000000,1,2025-12-27 05:16:00.000000,2025-12-27 05:16:59.999922,1,BAY01_0634_20251227_051209_000.7z
2025-12-27 05:17:00,11.229603,0.011229603,3.112176,0.731862,7.385565,768000,768000,1.000000000,1,2025-12-27 05:17:00.000000,2025-12-27 05:17:59.999922,1,BAY01_0634_20251227_051209_000.7z
2025-12-27 05:18:00,11.223784,0.011223784,3.132961,0.766858,7.323965,768000,768000,1.000000000,1,2025-12-27 05:18:00.000000,2025-12-27 05:18:59.999922,1,BAY01_0634_20251227_051209_000.7z
2025-12-27 05:19:00,11.199569,0.011199569,3.084623,0.722225,7.392721,768000,768000,1.000000000,1,2025-12-27 05:19:00.000000,2025-12-27 05:19:59.999922,1,BAY01_0634_20251227_051209_000.7z
2025-12-27 05:20:00,11.210182,0.011210182,3.174288,0.734274,7.301620,768000,768000,1.000000000,1,2025-12-27 05:20:00.000000,2025-12-27 05:20:59.999922,1,BAY01_0634_20251227_051209_000.7z
2025-12-27 05:21:00,11.214531,0.011214531,3.132023,0.772492,7.310016,768000,768000,1.000000000,1,2025-12-27 05:21:00.000000,2025-12-27 05:21:59.999922,1,BAY01_0634_20251227_051209_000.7z
2025-12-27 05:22:00,11.132091,0.011132091,3.096530,0.721728,7.313834,409641,768000,0.533386719,0,2025-12-27 05:22:00.000000,2025-12-27 05:22:59.999922,2,BAY01_0634_20251227_051209_000.7z;BAY01_0635_20251227_052237_000.7z
2025-12-27 05:23:00,11.149197,0.011149197,3.104715,0.771044,7.273438,768000,768000,1.000000000,1,2025-12-27 05:23:00.000000,2025-12-27 05:23:59.999922,1,BAY01_0635_20251227_052237_000.7z
2025-12-27 05:24:00,11.139419,0.011139419,3.048385,0.677350,7.413685,768000,768000,1.000000000,1,2025-12-27 05:24:00.000000,2025-12-27 05:24:59.999922,1,BAY01_0635_20251227_052237_000.7z
2025-12-27 05:25:00,11.228727,0.011228727,3.111952,0.790470,7.326305,768000,768000,1.000000000,1,2025-12-27 05:25:00.000000,2025-12-27 05:25:59.999922,1,BAY01_0635_20251227_052237_000.7z
2025-12-27 05:26:00,11.221301,0.011221301,3.082293,0.798594,7.340414,768000,768000,1.000000000,1,2025-12-27 05:26:00.000000,2025-12-27 05:26:59.999922,1,BAY01_0635_20251227_052237_000.7z
2025-12-27 05:27:00,11.224877,0.011224877,3.101541,0.756660,7.366676,768000,768000,1.000000000,1,2025-12-27 05:27:00.000000,2025-12-27 05:27:59.999922,1,BAY01_0635_20251227_052237_000.7z
2025-12-27 05:28:00,11.220451,0.011220451,3.088313,0.762547,7.369591,768000,768000,1.000000000,1,2025-12-27 05:28:00.000000,2025-12-27 05:28:59.999922,1,BAY01_0635_20251227_052237_000.7z
2025-12-27 05:29:00,11.212198,0.011212198,3.148016,0.740779,7.323404,768000,768000,1.000000000,1,2025-12-27 05:29:00.000000,2025-12-27 05:29:59.999922,1,BAY01_0635_20251227_052237_000.7z
2025-12-27 05:30:00,11.226765,0.011226765,3.157945,0.740611,7.328209,768000,768000,1.000000000,1,2025-12-27 05:30:00.000000,2025-12-27 05:30:59.999922,1,BAY01_0635_20251227_052237_000.7z
2025-12-27 05:31:00,11.243857,0.011243857,3.144378,0.747046,7.352433,768000,768000,1.000000000,1,2025-12-27 05:31:00.000000,2025-12-27 05:31:59.999922,1,BAY01_0635_20251227_052237_000.7z
2025-12-27 05:32:00,11.230757,0.011230757,3.171914,0.706084,7.352760,473731,768000,0.616837240,0,2025-12-27 05:32:00.000000,2025-12-27 05:32:37.010156,1,BAY01_0635_20251227_052237_000.7z
2025-12-27 05:33:00,11.172176,0.011172176,3.114428,0.751951,7.305797,576000,768000,0.750000000,0,2025-12-27 05:33:15.000000,2025-12-27 05:33:59.999922,1,BAY01_0636_20251227_053315_000.7z
2025-12-27 05:34:00,11.142456,0.011142456,3.071913,0.711481,7.359063,768000,768000,1.000000000,1,2025-12-27 05:34:00.000000,2025-12-27 05:34:59.999922,1,BAY01_0636_20251227_053315_000.7z
2025-12-27 05:35:00,11.225575,0.011225575,3.116050,0.736341,7.373184,768000,768000,1.000000000,1,2025-12-27 05:35:00.000000,2025-12-27 05:35:59.999922,1,BAY01_0636_20251227_053315_000.7z
2025-12-27 05:36:00,11.250233,0.011250233,3.159293,0.676700,7.414240,768000,768000,1.000000000,1,2025-12-27 05:36:00.000000,2025-12-27 05:36:59.999922,1,BAY01_0636_20251227_053315_000.7z
2025-12-27 05:37:00,11.228967,0.011228967,3.140141,0.708949,7.379876,768000,768000,1.000000000,1,2025-12-27 05:37:00.000000,2025-12-27 05:37:59.999922,1,BAY01_0636_20251227_053315_000.7z
2025-12-27 05:38:00,11.241598,0.011241598,3.125550,0.741174,7.374874,768000,768000,1.000000000,1,2025-12-27 05:38:00.000000,2025-12-27 05:38:59.999922,1,BAY01_0636_20251227_053315_000.7z
2025-12-27 05:39:00,11.220780,0.011220780,3.107775,0.717201,7.395804,768000,768000,1.000000000,1,2025-12-27 05:39:00.000000,2025-12-27 05:39:59.999922,1,BAY01_0636_20251227_053315_000.7z
2025-12-27 05:40:00,11.217415,0.011217415,3.151165,0.721729,7.344522,768000,768000,1.000000000,1,2025-12-27 05:40:00.000000,2025-12-27 05:40:59.999922,1,BAY01_0636_20251227_053315_000.7z
2025-12-27 05:41:00,11.256013,0.011256013,3.120804,0.753726,7.381483,768000,768000,1.000000000,1,2025-12-27 05:41:00.000000,2025-12-27 05:41:59.999922,1,BAY01_0636_20251227_053315_000.7z
2025-12-27 05:42:00,11.221791,0.011221791,3.123173,0.764040,7.334579,768000,768000,1.000000000,1,2025-12-27 05:42:00.000000,2025-12-27 05:42:59.999922,1,BAY01_0636_20251227_053315_000.7z
2025-12-27 05:43:00,11.263757,0.011263757,3.111779,0.777258,7.374720,358404,768000,0.466671875,0,2025-12-27 05:43:00.000000,2025-12-27 05:43:59.999922,2,BAY01_0636_20251227_053315_000.7z;BAY01_0637_20251227_054347_000.7z
2025-12-27 05:44:00,11.144193,0.011144193,3.082428,0.711671,7.350095,768000,768000,1.000000000,1,2025-12-27 05:44:00.000000,2025-12-27 05:44:59.999922,1,BAY01_0637_20251227_054347_000.7z
2025-12-27 05:45:00,11.167666,0.011167666,3.064779,0.689309,7.413578,768000,768000,1.000000000,1,2025-12-27 05:45:00.000000,2025-12-27 05:45:59.999922,1,BAY01_0637_20251227_054347_000.7z
2025-12-27 05:46:00,11.207253,0.011207253,3.076643,0.757130,7.373480,768000,768000,1.000000000,1,2025-12-27 05:46:00.000000,2025-12-27 05:46:59.999922,1,BAY01_0637_20251227_054347_000.7z
2025-12-27 05:47:00,11.273799,0.011273799,3.149249,0.735692,7.388858,768000,768000,1.000000000,1,2025-12-27 05:47:00.000000,2025-12-27 05:47:59.999922,1,BAY01_0637_20251227_054347_000.7z
2025-12-27 05:48:00,11.232350,0.011232350,3.142635,0.774592,7.315123,768000,768000,1.000000000,1,2025-12-27 05:48:00.000000,2025-12-27 05:48:59.999922,1,BAY01_0637_20251227_054347_000.7z
2025-12-27 05:49:00,11.221268,0.011221268,3.145978,0.712997,7.362293,768000,768000,1.000000000,1,2025-12-27 05:49:00.000000,2025-12-27 05:49:59.999922,1,BAY01_0637_20251227_054347_000.7z
2025-12-27 05:50:00,11.223491,0.011223491,3.153499,0.696210,7.373782,768000,768000,1.000000000,1,2025-12-27 05:50:00.000000,2025-12-27 05:50:59.999922,1,BAY01_0637_20251227_054347_000.7z
2025-12-27 05:51:00,11.240301,0.011240301,3.138984,0.679291,7.422026,768000,768000,1.000000000,1,2025-12-27 05:51:00.000000,2025-12-27 05:51:59.999922,1,BAY01_0637_20251227_054347_000.7z
2025-12-27 05:52:00,11.225465,0.011225465,3.083208,0.742121,7.400136,768000,768000,1.000000000,1,2025-12-27 05:52:00.000000,2025-12-27 05:52:59.999922,1,BAY01_0637_20251227_054347_000.7z
2025-12-27 05:53:00,11.226796,0.011226796,3.119757,0.775304,7.331735,601677,768000,0.783433594,0,2025-12-27 05:53:00.000000,2025-12-27 05:53:47.005938,1,BAY01_0637_20251227_054347_000.7z
2025-12-27 05:54:00,11.126909,0.011126909,3.078901,0.777962,7.270045,384000,768000,0.500000000,0,2025-12-27 05:54:30.000000,2025-12-27 05:54:59.999922,1,BAY01_0638_20251227_055430_000.7z
2025-12-27 05:55:00,11.145080,0.011145080,3.129407,0.616603,7.399070,768000,768000,1.000000000,1,2025-12-27 05:55:00.000000,2025-12-27 05:55:59.999922,1,BAY01_0638_20251227_055430_000.7z
2025-12-27 05:56:00,11.184903,0.011184903,3.108578,0.746994,7.329331,768000,768000,1.000000000,1,2025-12-27 05:56:00.000000,2025-12-27 05:56:59.999922,1,BAY01_0638_20251227_055430_000.7z
2025-12-27 05:57:00,11.271641,0.011271641,3.082810,0.745968,7.442863,768000,768000,1.000000000,1,2025-12-27 05:57:00.000000,2025-12-27 05:57:59.999922,1,BAY01_0638_20251227_055430_000.7z
2025-12-27 05:58:00,11.254407,0.011254407,3.100178,0.787022,7.367206,768000,768000,1.000000000,1,2025-12-27 05:58:00.000000,2025-12-27 05:58:59.999922,1,BAY01_0638_20251227_055430_000.7z
2025-12-27 05:59:00,11.216827,0.011216827,3.096182,0.732043,7.388602,768000,768000,1.000000000,1,2025-12-27 05:59:00.000000,2025-12-27 05:59:59.999922,1,BAY01_0638_20251227_055430_000.7z
2025-12-27 06:00:00,11.247328,0.011247328,3.093749,0.753066,7.400513,768000,768000,1.000000000,1,2025-12-27 06:00:00.000000,2025-12-27 06:00:59.999922,1,BAY01_0638_20251227_055430_000.7z
2025-12-27 06:01:00,11.207861,0.011207861,3.129761,0.675552,7.402548,768000,768000,1.000000000,1,2025-12-27 06:01:00.000000,2025-12-27 06:01:59.999922,1,BAY01_0638_20251227_055430_000.7z
2025-12-27 06:02:00,11.254535,0.011254535,3.130310,0.749377,7.374848,768000,768000,1.000000000,1,2025-12-27 06:02:00.000000,2025-12-27 06:02:59.999922,1,BAY01_0638_20251227_055430_000.7z
2025-12-27 06:03:00,11.216806,0.011216806,3.102259,0.760065,7.354482,768000,768000,1.000000000,1,2025-12-27 06:03:00.000000,2025-12-27 06:03:59.999922,1,BAY01_0638_20251227_055430_000.7z
2025-12-27 06:04:00,11.224955,0.011224955,3.118946,0.723390,7.382619,384098,768000,0.500127604,0,2025-12-27 06:04:00.000000,2025-12-27 06:04:30.007578,1,BAY01_0638_20251227_055430_000.7z
2025-12-27 06:05:00,11.140389,0.011140389,3.103424,0.697569,7.339396,729600,768000,0.950000000,0,2025-12-27 06:05:03.000000,2025-12-27 06:05:59.999922,1,BAY01_0639_20251227_060503_000.7z
2025-12-27 06:06:00,11.136590,0.011136590,3.122345,0.704615,7.309630,768000,768000,1.000000000,1,2025-12-27 06:06:00.000000,2025-12-27 06:06:59.999922,1,BAY01_0639_20251227_060503_000.7z
2025-12-27 06:07:00,11.249101,0.011249101,3.102512,0.734469,7.412119,768000,768000,1.000000000,1,2025-12-27 06:07:00.000000,2025-12-27 06:07:59.999922,1,BAY01_0639_20251227_060503_000.7z
2025-12-27 06:08:00,11.235810,0.011235810,3.082551,0.753869,7.399389,768000,768000,1.000000000,1,2025-12-27 06:08:00.000000,2025-12-27 06:08:59.999922,1,BAY01_0639_20251227_060503_000.7z
2025-12-27 06:09:00,11.230448,0.011230448,3.122967,0.682968,7.424514,768000,768000,1.000000000,1,2025-12-27 06:09:00.000000,2025-12-27 06:09:59.999922,1,BAY01_0639_20251227_060503_000.7z
2025-12-27 06:10:00,11.241323,0.011241323,3.098531,0.728632,7.414160,768000,768000,1.000000000,1,2025-12-27 06:10:00.000000,2025-12-27 06:10:59.999922,1,BAY01_0639_20251227_060503_000.7z
2025-12-27 06:11:00,11.217261,0.011217261,3.149172,0.724526,7.343563,768000,768000,1.000000000,1,2025-12-27 06:11:00.000000,2025-12-27 06:11:59.999922,1,BAY01_0639_20251227_060503_000.7z
2025-12-27 06:12:00,11.267005,0.011267005,3.132348,0.757220,7.377437,768000,768000,1.000000000,1,2025-12-27 06:12:00.000000,2025-12-27 06:12:59.999922,1,BAY01_0639_20251227_060503_000.7z
2025-12-27 06:13:00,11.254650,0.011254650,3.102395,0.701887,7.450368,768000,768000,1.000000000,1,2025-12-27 06:13:00.000000,2025-12-27 06:13:59.999922,1,BAY01_0639_20251227_060503_000.7z
2025-12-27 06:14:00,11.224032,0.011224032,3.120351,0.766658,7.337023,768000,768000,1.000000000,1,2025-12-27 06:14:00.000000,2025-12-27 06:14:59.999922,1,BAY01_0639_20251227_060503_000.7z
2025-12-27 06:15:00,11.140481,0.011140481,3.094445,0.669638,7.376397,243247,768000,0.316727865,0,2025-12-27 06:15:00.000000,2025-12-27 06:15:59.999922,2,BAY01_0639_20251227_060503_000.7z;BAY01_0640_20251227_061544_000.7z
2025-12-27 06:16:00,11.132455,0.011132455,3.076207,0.693279,7.362969,768000,768000,1.000000000,1,2025-12-27 06:16:00.000000,2025-12-27 06:16:59.999922,1,BAY01_0640_20251227_061544_000.7z
2025-12-27 06:17:00,11.163720,0.011163720,3.060160,0.716058,7.387502,768000,768000,1.000000000,1,2025-12-27 06:17:00.000000,2025-12-27 06:17:59.999922,1,BAY01_0640_20251227_061544_000.7z
2025-12-27 06:18:00,11.249189,0.011249189,3.104031,0.718600,7.426558,768000,768000,1.000000000,1,2025-12-27 06:18:00.000000,2025-12-27 06:18:59.999922,1,BAY01_0640_20251227_061544_000.7z
2025-12-27 06:19:00,11.216923,0.011216923,3.158590,0.704926,7.353408,768000,768000,1.000000000,1,2025-12-27 06:19:00.000000,2025-12-27 06:19:59.999922,1,BAY01_0640_20251227_061544_000.7z
2025-12-27 06:20:00,11.245262,0.011245262,3.145127,0.710192,7.389943,768000,768000,1.000000000,1,2025-12-27 06:20:00.000000,2025-12-27 06:20:59.999922,1,BAY01_0640_20251227_061544_000.7z
2025-12-27 06:21:00,11.237556,0.011237556,3.165899,0.672351,7.399305,768000,768000,1.000000000,1,2025-12-27 06:21:00.000000,2025-12-27 06:21:59.999922,1,BAY01_0640_20251227_061544_000.7z
2025-12-27 06:22:00,11.242073,0.011242073,3.144631,0.664174,7.433268,768000,768000,1.000000000,1,2025-12-27 06:22:00.000000,2025-12-27 06:22:59.999922,1,BAY01_0640_20251227_061544_000.7z
2025-12-27 06:23:00,11.241337,0.011241337,3.146906,0.725547,7.368884,768000,768000,1.000000000,1,2025-12-27 06:23:00.000000,2025-12-27 06:23:59.999922,1,BAY01_0640_20251227_061544_000.7z
2025-12-27 06:24:00,11.196607,0.011196607,3.176592,0.681681,7.338335,768000,768000,1.000000000,1,2025-12-27 06:24:00.000000,2025-12-27 06:24:59.999922,1,BAY01_0640_20251227_061544_000.7z
2025-12-27 06:25:00,11.201124,0.011201124,3.175128,0.597398,7.428599,563282,768000,0.733440104,0,2025-12-27 06:25:00.000000,2025-12-27 06:25:44.006328,1,BAY01_0640_20251227_061544_000.7z
2025-12-27 06:26:00,11.149734,0.011149734,3.108428,0.637224,7.404082,576000,768000,0.750000000,0,2025-12-27 06:26:15.000000,2025-12-27 06:26:59.999922,1,BAY01_0641_20251227_062615_000.7z
2025-12-27 06:27:00,11.158925,0.011158925,3.084074,0.635503,7.439348,768000,768000,1.000000000,1,2025-12-27 06:27:00.000000,2025-12-27 06:27:59.999922,1,BAY01_0641_20251227_062615_000.7z
2025-12-27 06:28:00,11.239418,0.011239418,3.119153,0.725831,7.394434,768000,768000,1.000000000,1,2025-12-27 06:28:00.000000,2025-12-27 06:28:59.999922,1,BAY01_0641_20251227_062615_000.7z
2025-12-27 06:29:00,11.219588,0.011219588,3.122944,0.748697,7.347947,768000,768000,1.000000000,1,2025-12-27 06:29:00.000000,2025-12-27 06:29:59.999922,1,BAY01_0641_20251227_062615_000.7z
2025-12-27 06:30:00,11.212397,0.011212397,3.078867,0.766400,7.367130,768000,768000,1.000000000,1,2025-12-27 06:30:00.000000,2025-12-27 06:30:59.999922,1,BAY01_0641_20251227_062615_000.7z
2025-12-27 06:31:00,11.222743,0.011222743,3.120364,0.717387,7.384992,768000,768000,1.000000000,1,2025-12-27 06:31:00.000000,2025-12-27 06:31:59.999922,1,BAY01_0641_20251227_062615_000.7z
2025-12-27 06:32:00,11.259166,0.011259166,3.147771,0.686843,7.424553,768000,768000,1.000000000,1,2025-12-27 06:32:00.000000,2025-12-27 06:32:59.999922,1,BAY01_0641_20251227_062615_000.7z
2025-12-27 06:33:00,11.276097,0.011276097,3.137840,0.797552,7.340705,768000,768000,1.000000000,1,2025-12-27 06:33:00.000000,2025-12-27 06:33:59.999922,1,BAY01_0641_20251227_062615_000.7z
2025-12-27 06:34:00,11.214725,0.011214725,3.113895,0.712981,7.387849,768000,768000,1.000000000,1,2025-12-27 06:34:00.000000,2025-12-27 06:34:59.999922,1,BAY01_0641_20251227_062615_000.7z
2025-12-27 06:35:00,11.224141,0.011224141,3.127801,0.744120,7.352219,768000,768000,1.000000000,1,2025-12-27 06:35:00.000000,2025-12-27 06:35:59.999922,1,BAY01_0641_20251227_062615_000.7z
2025-12-27 06:36:00,11.239937,0.011239937,3.144401,0.695707,7.399829,307325,768000,0.400162760,0,2025-12-27 06:36:00.000000,2025-12-27 06:36:59.999922,2,BAY01_0641_20251227_062615_000.7z;BAY01_0642_20251227_063651_000.7z
2025-12-27 06:37:00,11.157212,0.011157212,3.104393,0.695262,7.357557,768000,768000,1.000000000,1,2025-12-27 06:37:00.000000,2025-12-27 06:37:59.999922,1,BAY01_0642_20251227_063651_000.7z
2025-12-27 06:38:00,11.141820,0.011141820,3.122552,0.685184,7.334085,768000,768000,1.000000000,1,2025-12-27 06:38:00.000000,2025-12-27 06:38:59.999922,1,BAY01_0642_20251227_063651_000.7z
2025-12-27 06:39:00,11.286192,0.011286192,3.140291,0.735320,7.410581,768000,768000,1.000000000,1,2025-12-27 06:39:00.000000,2025-12-27 06:39:59.999922,1,BAY01_0642_20251227_063651_000.7z
2025-12-27 06:40:00,11.239558,0.011239558,3.147180,0.731129,7.361249,768000,768000,1.000000000,1,2025-12-27 06:40:00.000000,2025-12-27 06:40:59.999922,1,BAY01_0642_20251227_063651_000.7z
2025-12-27 06:41:00,11.240410,0.011240410,3.084419,0.735742,7.420248,768000,768000,1.000000000,1,2025-12-27 06:41:00.000000,2025-12-27 06:41:59.999922,1,BAY01_0642_20251227_063651_000.7z
2025-12-27 06:42:00,11.260085,0.011260085,3.135840,0.675827,7.448419,768000,768000,1.000000000,1,2025-12-27 06:42:00.000000,2025-12-27 06:42:59.999922,1,BAY01_0642_20251227_063651_000.7z
2025-12-27 06:43:00,11.273205,0.011273205,3.135091,0.742433,7.395681,768000,768000,1.000000000,1,2025-12-27 06:43:00.000000,2025-12-27 06:43:59.999922,1,BAY01_0642_20251227_063651_000.7z
2025-12-27 06:44:00,11.237885,0.011237885,3.155843,0.705162,7.376880,768000,768000,1.000000000,1,2025-12-27 06:44:00.000000,2025-12-27 06:44:59.999922,1,BAY01_0642_20251227_063651_000.7z
2025-12-27 06:45:00,11.216583,0.011216583,3.068492,0.699138,7.448953,768000,768000,1.000000000,1,2025-12-27 06:45:00.000000,2025-12-27 06:45:59.999922,1,BAY01_0642_20251227_063651_000.7z
2025-12-27 06:46:00,11.268529,0.011268529,3.192930,0.656309,7.419291,652864,768000,0.850083333,0,2025-12-27 06:46:00.000000,2025-12-27 06:46:51.004922,1,BAY01_0642_20251227_063651_000.7z
2025-12-27 06:47:00,11.163983,0.011163983,3.135099,0.612012,7.416872,448000,768000,0.583333333,0,2025-12-27 06:47:25.000000,2025-12-27 06:47:59.999922,1,BAY01_0643_20251227_064725_000.7z
2025-12-27 06:48:00,11.159800,0.011159800,3.062984,0.695620,7.401196,768000,768000,1.000000000,1,2025-12-27 06:48:00.000000,2025-12-27 06:48:59.999922,1,BAY01_0643_20251227_064725_000.7z
2025-12-27 06:49:00,11.233085,0.011233085,3.154501,0.712890,7.365694,768000,768000,1.000000000,1,2025-12-27 06:49:00.000000,2025-12-27 06:49:59.999922,1,BAY01_0643_20251227_064725_000.7z
2025-12-27 06:50:00,11.238482,0.011238482,3.124504,0.729394,7.384584,768000,768000,1.000000000,1,2025-12-27 06:50:00.000000,2025-12-27 06:50:59.999922,1,BAY01_0643_20251227_064725_000.7z
2025-12-27 06:51:00,11.243491,0.011243491,3.093927,0.779355,7.370209,768000,768000,1.000000000,1,2025-12-27 06:51:00.000000,2025-12-27 06:51:59.999922,1,BAY01_0643_20251227_064725_000.7z
2025-12-27 06:52:00,11.282157,0.011282157,3.178926,0.728053,7.375178,768000,768000,1.000000000,1,2025-12-27 06:52:00.000000,2025-12-27 06:52:59.999922,1,BAY01_0643_20251227_064725_000.7z
2025-12-27 06:53:00,11.219451,0.011219451,3.072268,0.753376,7.393807,768000,768000,1.000000000,1,2025-12-27 06:53:00.000000,2025-12-27 06:53:59.999922,1,BAY01_0643_20251227_064725_000.7z
2025-12-27 06:54:00,11.245656,0.011245656,3.129908,0.820700,7.295048,768000,768000,1.000000000,1,2025-12-27 06:54:00.000000,2025-12-27 06:54:59.999922,1,BAY01_0643_20251227_064725_000.7z
2025-12-27 06:55:00,11.229409,0.011229409,3.216263,0.595690,7.417455,768000,768000,1.000000000,1,2025-12-27 06:55:00.000000,2025-12-27 06:55:59.999922,1,BAY01_0643_20251227_064725_000.7z
2025-12-27 06:56:00,11.264840,0.011264840,3.069604,0.777297,7.417939,768000,768000,1.000000000,1,2025-12-27 06:56:00.000000,2025-12-27 06:56:59.999922,1,BAY01_0643_20251227_064725_000.7z
2025-12-27 06:57:00,11.200806,0.011200806,3.200088,0.658381,7.342337,563263,768000,0.733415365,0,2025-12-27 06:57:00.000000,2025-12-27 06:57:59.999922,2,BAY01_0643_20251227_064725_000.7z;BAY01_0644_20251227_065741_000.7z
2025-12-27 06:58:00,11.151723,0.011151723,3.068987,0.646048,7.436687,768000,768000,1.000000000,1,2025-12-27 06:58:00.000000,2025-12-27 06:58:59.999922,1,BAY01_0644_20251227_065741_000.7z
2025-12-27 06:59:00,11.194140,0.011194140,3.075229,0.805726,7.313185,768000,768000,1.000000000,1,2025-12-27 06:59:00.000000,2025-12-27 06:59:59.999922,1,BAY01_0644_20251227_065741_000.7z
2025-12-27 07:00:00,11.260966,0.011260966,3.068721,0.756096,7.436149,768000,768000,1.000000000,1,2025-12-27 07:00:00.000000,2025-12-27 07:00:59.999922,1,BAY01_0644_20251227_065741_000.7z
2025-12-27 07:01:00,11.242496,0.011242496,3.099716,0.793126,7.349654,768000,768000,1.000000000,1,2025-12-27 07:01:00.000000,2025-12-27 07:01:59.999922,1,BAY01_0644_20251227_065741_000.7z
2025-12-27 07:02:00,11.240051,0.011240051,3.031565,0.748985,7.459500,768000,768000,1.000000000,1,2025-12-27 07:02:00.000000,2025-12-27 07:02:59.999922,1,BAY01_0644_20251227_065741_000.7z
2025-12-27 07:03:00,11.219619,0.011219619,3.074675,0.773787,7.371156,768000,768000,1.000000000,1,2025-12-27 07:03:00.000000,2025-12-27 07:03:59.999922,1,BAY01_0644_20251227_065741_000.7z
2025-12-27 07:04:00,11.254592,0.011254592,3.178191,0.750390,7.326011,768000,768000,1.000000000,1,2025-12-27 07:04:00.000000,2025-12-27 07:04:59.999922,1,BAY01_0644_20251227_065741_000.7z
2025-12-27 07:05:00,11.240665,0.011240665,3.135670,0.766047,7.338948,768000,768000,1.000000000,1,2025-12-27 07:05:00.000000,2025-12-27 07:05:59.999922,1,BAY01_0644_20251227_065741_000.7z
2025-12-27 07:06:00,11.269236,0.011269236,3.178882,0.760895,7.329460,768000,768000,1.000000000,1,2025-12-27 07:06:00.000000,2025-12-27 07:06:59.999922,1,BAY01_0644_20251227_065741_000.7z
2025-12-27 07:07:00,11.205060,0.011205060,3.221515,0.676328,7.307217,524825,768000,0.683365885,0,2025-12-27 07:07:00.000000,2025-12-27 07:07:41.001875,1,BAY01_0644_20251227_065741_000.7z
2025-12-27 07:08:00,11.138661,0.011138661,3.099761,0.739607,7.299294,665600,768000,0.866666667,0,2025-12-27 07:08:08.000000,2025-12-27 07:08:59.999922,1,BAY01_0645_20251227_070808_000.7z
2025-12-27 07:09:00,11.186118,0.011186118,3.048951,0.722701,7.414466,768000,768000,1.000000000,1,2025-12-27 07:09:00.000000,2025-12-27 07:09:59.999922,1,BAY01_0645_20251227_070808_000.7z
2025-12-27 07:10:00,11.221458,0.011221458,3.064739,0.790559,7.366160,768000,768000,1.000000000,1,2025-12-27 07:10:00.000000,2025-12-27 07:10:59.999922,1,BAY01_0645_20251227_070808_000.7z
2025-12-27 07:11:00,11.238783,0.011238783,3.071137,0.785320,7.382326,768000,768000,1.000000000,1,2025-12-27 07:11:00.000000,2025-12-27 07:11:59.999922,1,BAY01_0645_20251227_070808_000.7z
2025-12-27 07:12:00,11.259646,0.011259646,3.059829,0.733246,7.466571,768000,768000,1.000000000,1,2025-12-27 07:12:00.000000,2025-12-27 07:12:59.999922,1,BAY01_0645_20251227_070808_000.7z
2025-12-27 07:13:00,11.226631,0.011226631,3.159907,0.751690,7.315034,768000,768000,1.000000000,1,2025-12-27 07:13:00.000000,2025-12-27 07:13:59.999922,1,BAY01_0645_20251227_070808_000.7z
2025-12-27 07:14:00,11.258782,0.011258782,3.074985,0.742157,7.441640,768000,768000,1.000000000,1,2025-12-27 07:14:00.000000,2025-12-27 07:14:59.999922,1,BAY01_0645_20251227_070808_000.7z
2025-12-27 07:15:00,11.237276,0.011237276,3.105870,0.683736,7.447670,768000,768000,1.000000000,1,2025-12-27 07:15:00.000000,2025-12-27 07:15:59.999922,1,BAY01_0645_20251227_070808_000.7z
2025-12-27 07:16:00,11.220548,0.011220548,3.168872,0.723945,7.327732,768000,768000,1.000000000,1,2025-12-27 07:16:00.000000,2025-12-27 07:16:59.999922,1,BAY01_0645_20251227_070808_000.7z
2025-12-27 07:17:00,11.249066,0.011249066,3.077252,0.690269,7.481545,768000,768000,1.000000000,1,2025-12-27 07:17:00.000000,2025-12-27 07:17:59.999922,1,BAY01_0645_20251227_070808_000.7z
2025-12-27 07:18:00,11.171308,0.011171308,3.093386,0.816430,7.261493,320055,768000,0.416738281,0,2025-12-27 07:18:00.000000,2025-12-27 07:18:59.999922,2,BAY01_0645_20251227_070808_000.7z;BAY01_0646_20251227_071843_000.7z
2025-12-27 07:19:00,11.157595,0.011157595,3.104628,0.778507,7.274460,768000,768000,1.000000000,1,2025-12-27 07:19:00.000000,2025-12-27 07:19:59.999922,1,BAY01_0646_20251227_071843_000.7z
2025-12-27 07:20:00,11.162554,0.011162554,3.102489,0.645163,7.414902,768000,768000,1.000000000,1,2025-12-27 07:20:00.000000,2025-12-27 07:20:59.999922,1,BAY01_0646_20251227_071843_000.7z
2025-12-27 07:21:00,11.244006,0.011244006,3.095689,0.782271,7.366047,768000,768000,1.000000000,1,2025-12-27 07:21:00.000000,2025-12-27 07:21:59.999922,1,BAY01_0646_20251227_071843_000.7z
2025-12-27 07:22:00,11.220763,0.011220763,3.069372,0.728926,7.422465,768000,768000,1.000000000,1,2025-12-27 07:22:00.000000,2025-12-27 07:22:59.999922,1,BAY01_0646_20251227_071843_000.7z
2025-12-27 07:23:00,11.232996,0.011232996,3.076884,0.720077,7.436036,768000,768000,1.000000000,1,2025-12-27 07:23:00.000000,2025-12-27 07:23:59.999922,1,BAY01_0646_20251227_071843_000.7z
2025-12-27 07:24:00,11.243332,0.011243332,3.136431,0.710120,7.396781,768000,768000,1.000000000,1,2025-12-27 07:24:00.000000,2025-12-27 07:24:59.999922,1,BAY01_0646_20251227_071843_000.7z
2025-12-27 07:25:00,11.244045,0.011244045,3.042941,0.818813,7.382291,768000,768000,1.000000000,1,2025-12-27 07:25:00.000000,2025-12-27 07:25:59.999922,1,BAY01_0646_20251227_071843_000.7z
2025-12-27 07:26:00,11.235778,0.011235778,3.192606,0.793023,7.250149,768000,768000,1.000000000,1,2025-12-27 07:26:00.000000,2025-12-27 07:26:59.999922,1,BAY01_0646_20251227_071843_000.7z
2025-12-27 07:27:00,10.551149,0.010551149,4.070629,-0.264225,6.744745,768000,768000,1.000000000,1,2025-12-27 07:27:00.000000,2025-12-27 07:27:59.999922,1,BAY01_0646_20251227_071843_000.7z
2025-12-27 07:28:00,9.822664,0.009822664,5.255916,-1.576204,6.142952,550492,768000,0.716786458,0,2025-12-27 07:28:00.000000,2025-12-27 07:28:43.007109,1,BAY01_0646_20251227_071843_000.7z
2025-12-27 07:29:00,9.711652,0.009711652,5.168663,-1.386701,5.929691,576000,768000,0.750000000,0,2025-12-27 07:29:15.000000,2025-12-27 07:29:59.999922,1,BAY01_0647_20251227_072915_000.7z
2025-12-27 07:30:00,9.653852,0.009653852,5.213373,-1.494988,5.935467,768000,768000,1.000000000,1,2025-12-27 07:30:00.000000,2025-12-27 07:30:59.999922,1,BAY01_0647_20251227_072915_000.7z
2025-12-27 07:31:00,9.746993,0.009746993,5.268800,-1.477256,5.955449,768000,768000,1.000000000,1,2025-12-27 07:31:00.000000,2025-12-27 07:31:59.999922,1,BAY01_0647_20251227_072915_000.7z
2025-12-27 07:32:00,9.804383,0.009804383,5.292254,-1.526325,6.038454,768000,768000,1.000000000,1,2025-12-27 07:32:00.000000,2025-12-27 07:32:59.999922,1,BAY01_0647_20251227_072915_000.7z
2025-12-27 07:33:00,9.829694,0.009829694,5.257322,-1.502264,6.074637,768000,768000,1.000000000,1,2025-12-27 07:33:00.000000,2025-12-27 07:33:59.999922,1,BAY01_0647_20251227_072915_000.7z
2025-12-27 07:34:00,9.822214,0.009822214,5.268308,-1.488958,6.042864,768000,768000,1.000000000,1,2025-12-27 07:34:00.000000,2025-12-27 07:34:59.999922,1,BAY01_0647_20251227_072915_000.7z
2025-12-27 07:35:00,9.797092,0.009797092,5.304892,-1.541415,6.033615,768000,768000,1.000000000,1,2025-12-27 07:35:00.000000,2025-12-27 07:35:59.999922,1,BAY01_0647_20251227_072915_000.7z
2025-12-27 07:36:00,9.788193,0.009788193,5.244860,-1.497438,6.040771,768000,768000,1.000000000,1,2025-12-27 07:36:00.000000,2025-12-27 07:36:59.999922,1,BAY01_0647_20251227_072915_000.7z
2025-12-27 07:37:00,9.787478,0.009787478,5.151554,-1.387664,6.023588,768000,768000,1.000000000,1,2025-12-27 07:37:00.000000,2025-12-27 07:37:59.999922,1,BAY01_0647_20251227_072915_000.7z
2025-12-27 07:38:00,9.811360,0.009811360,5.248572,-1.526608,6.089395,768000,768000,1.000000000,1,2025-12-27 07:38:00.000000,2025-12-27 07:38:59.999922,1,BAY01_0647_20251227_072915_000.7z
2025-12-27 07:39:00,9.876193,0.009876193,5.208064,-1.363461,6.031590,332861,768000,0.433412760,0,2025-12-27 07:39:00.000000,2025-12-27 07:39:59.999922,2,BAY01_0647_20251227_072915_000.7z;BAY01_0648_20251227_073949_000.7z
2025-12-27 07:40:00,9.710177,0.009710177,5.198159,-1.497793,6.009811,768000,768000,1.000000000,1,2025-12-27 07:40:00.000000,2025-12-27 07:40:59.999922,1,BAY01_0648_20251227_073949_000.7z
2025-12-27 07:41:00,9.689752,0.009689752,5.248771,-1.531466,5.972447,768000,768000,1.000000000,1,2025-12-27 07:41:00.000000,2025-12-27 07:41:59.999922,1,BAY01_0648_20251227_073949_000.7z
2025-12-27 07:42:00,9.802260,0.009802260,5.225328,-1.441134,6.018066,768000,768000,1.000000000,1,2025-12-27 07:42:00.000000,2025-12-27 07:42:59.999922,1,BAY01_0648_20251227_073949_000.7z
2025-12-27 07:43:00,9.815136,0.009815136,5.129397,-1.412180,6.097919,768000,768000,1.000000000,1,2025-12-27 07:43:00.000000,2025-12-27 07:43:59.999922,1,BAY01_0648_20251227_073949_000.7z
2025-12-27 07:44:00,9.806223,0.009806223,5.238885,-1.398458,5.965796,768000,768000,1.000000000,1,2025-12-27 07:44:00.000000,2025-12-27 07:44:59.999922,1,BAY01_0648_20251227_073949_000.7z
2025-12-27 07:45:00,9.791465,0.009791465,5.244758,-1.466528,6.013234,768000,768000,1.000000000,1,2025-12-27 07:45:00.000000,2025-12-27 07:45:59.999922,1,BAY01_0648_20251227_073949_000.7z
2025-12-27 07:46:00,9.787051,0.009787051,5.164684,-1.415269,6.037636,768000,768000,1.000000000,1,2025-12-27 07:46:00.000000,2025-12-27 07:46:59.999922,1,BAY01_0648_20251227_073949_000.7z
2025-12-27 07:47:00,9.767738,0.009767738,5.226077,-1.513922,6.055583,768000,768000,1.000000000,1,2025-12-27 07:47:00.000000,2025-12-27 07:47:59.999922,1,BAY01_0648_20251227_073949_000.7z
2025-12-27 07:48:00,9.796308,0.009796308,5.168804,-1.395216,6.022720,768000,768000,1.000000000,1,2025-12-27 07:48:00.000000,2025-12-27 07:48:59.999922,1,BAY01_0648_20251227_073949_000.7z
2025-12-27 07:49:00,9.820081,0.009820081,5.150188,-1.332585,6.002478,627306,768000,0.816804688,0,2025-12-27 07:49:00.000000,2025-12-27 07:49:49.008203,1,BAY01_0648_20251227_073949_000.7z
2025-12-27 07:50:00,9.687850,0.009687850,5.170851,-1.499488,6.016488,512000,768000,0.666666667,0,2025-12-27 07:50:20.000000,2025-12-27 07:50:59.999922,1,BAY01_0649_20251227_075020_000.7z
2025-12-27 07:51:00,9.676919,0.009676919,5.127242,-1.447971,5.997648,768000,768000,1.000000000,1,2025-12-27 07:51:00.000000,2025-12-27 07:51:59.999922,1,BAY01_0649_20251227_075020_000.7z
2025-12-27 07:52:00,9.748384,0.009748384,5.181506,-1.429783,5.996661,768000,768000,1.000000000,1,2025-12-27 07:52:00.000000,2025-12-27 07:52:59.999922,1,BAY01_0649_20251227_075020_000.7z
2025-12-27 07:53:00,9.779289,0.009779289,5.202040,-1.441281,6.018530,768000,768000,1.000000000,1,2025-12-27 07:53:00.000000,2025-12-27 07:53:59.999922,1,BAY01_0649_20251227_075020_000.7z
2025-12-27 07:54:00,9.770226,0.009770226,5.131716,-1.409018,6.047529,768000,768000,1.000000000,1,2025-12-27 07:54:00.000000,2025-12-27 07:54:59.999922,1,BAY01_0649_20251227_075020_000.7z
2025-12-27 07:55:00,9.763152,0.009763152,5.202183,-1.443705,6.004674,768000,768000,1.000000000,1,2025-12-27 07:55:00.000000,2025-12-27 07:55:59.999922,1,BAY01_0649_20251227_075020_000.7z
2025-12-27 07:56:00,9.758236,0.009758236,5.223006,-1.450237,5.985468,768000,768000,1.000000000,1,2025-12-27 07:56:00.000000,2025-12-27 07:56:59.999922,1,BAY01_0649_20251227_075020_000.7z
2025-12-27 07:57:00,9.777248,0.009777248,5.165744,-1.420400,6.031903,768000,768000,1.000000000,1,2025-12-27 07:57:00.000000,2025-12-27 07:57:59.999922,1,BAY01_0649_20251227_075020_000.7z
2025-12-27 07:58:00,9.754003,0.009754003,5.217237,-1.482385,6.019151,768000,768000,1.000000000,1,2025-12-27 07:58:00.000000,2025-12-27 07:58:59.999922,1,BAY01_0649_20251227_075020_000.7z
2025-12-27 07:59:00,9.768262,0.009768262,5.226400,-1.486249,6.028111,768000,768000,1.000000000,1,2025-12-27 07:59:00.000000,2025-12-27 07:59:59.999922,1,BAY01_0649_20251227_075020_000.7z
2025-12-27 08:00:00,9.713292,0.009713292,5.190208,-1.456461,5.979545,422414,768000,0.550018229,0,2025-12-27 08:00:00.000000,2025-12-27 08:00:59.999922,2,BAY01_0649_20251227_075020_000.7z;BAY01_0650_20251227_080047_000.7z
2025-12-27 08:01:00,9.690871,0.009690871,5.151713,-1.472308,6.011465,768000,768000,1.000000000,1,2025-12-27 08:01:00.000000,2025-12-27 08:01:59.999922,1,BAY01_0650_20251227_080047_000.7z
2025-12-27 08:02:00,9.704707,0.009704707,5.209451,-1.435117,5.930373,768000,768000,1.000000000,1,2025-12-27 08:02:00.000000,2025-12-27 08:02:59.999922,1,BAY01_0650_20251227_080047_000.7z
2025-12-27 08:03:00,9.748027,0.009748027,5.225884,-1.459711,5.981853,768000,768000,1.000000000,1,2025-12-27 08:03:00.000000,2025-12-27 08:03:59.999922,1,BAY01_0650_20251227_080047_000.7z
2025-12-27 08:04:00,9.784775,0.009784775,5.236255,-1.401121,5.949640,768000,768000,1.000000000,1,2025-12-27 08:04:00.000000,2025-12-27 08:04:59.999922,1,BAY01_0650_20251227_080047_000.7z
2025-12-27 08:05:00,9.796830,0.009796830,5.215830,-1.351040,5.932040,768000,768000,1.000000000,1,2025-12-27 08:05:00.000000,2025-12-27 08:05:59.999922,1,BAY01_0650_20251227_080047_000.7z
2025-12-27 08:06:00,9.749281,0.009749281,5.233734,-1.492059,6.007606,768000,768000,1.000000000,1,2025-12-27 08:06:00.000000,2025-12-27 08:06:59.999922,1,BAY01_0650_20251227_080047_000.7z
2025-12-27 08:07:00,9.780946,0.009780946,5.197574,-1.381210,5.964582,768000,768000,1.000000000,1,2025-12-27 08:07:00.000000,2025-12-27 08:07:59.999922,1,BAY01_0650_20251227_080047_000.7z
2025-12-27 08:08:00,9.762325,0.009762325,5.135118,-1.418935,6.046142,768000,768000,1.000000000,1,2025-12-27 08:08:00.000000,2025-12-27 08:08:59.999922,1,BAY01_0650_20251227_080047_000.7z
2025-12-27 08:09:00,9.792750,0.009792750,5.225789,-1.405000,5.971960,768000,768000,1.000000000,1,2025-12-27 08:09:00.000000,2025-12-27 08:09:59.999922,1,BAY01_0650_20251227_080047_000.7z
2025-12-27 08:10:00,9.794791,0.009794791,5.190324,-1.363410,5.967877,601708,768000,0.783473958,0,2025-12-27 08:10:00.000000,2025-12-27 08:10:47.008359,1,BAY01_0650_20251227_080047_000.7z
2025-12-27 08:11:00,9.694634,0.009694634,5.142062,-1.459632,6.012204,537600,768000,0.700000000,0,2025-12-27 08:11:18.000000,2025-12-27 08:11:59.999922,1,BAY01_0651_20251227_081118_000.7z
2025-12-27 08:12:00,9.699565,0.009699565,5.148287,-1.361059,5.912337,768000,768000,1.000000000,1,2025-12-27 08:12:00.000000,2025-12-27 08:12:59.999922,1,BAY01_0651_20251227_081118_000.7z
2025-12-27 08:13:00,9.806431,0.009806431,5.206187,-1.388435,5.988678,768000,768000,1.000000000,1,2025-12-27 08:13:00.000000,2025-12-27 08:13:59.999922,1,BAY01_0651_20251227_081118_000.7z
2025-12-27 08:14:00,9.771410,0.009771410,5.169749,-1.368946,5.970606,768000,768000,1.000000000,1,2025-12-27 08:14:00.000000,2025-12-27 08:14:59.999922,1,BAY01_0651_20251227_081118_000.7z
2025-12-27 08:15:00,9.774057,0.009774057,5.159135,-1.398939,6.013862,768000,768000,1.000000000,1,2025-12-27 08:15:00.000000,2025-12-27 08:15:59.999922,1,BAY01_0651_20251227_081118_000.7z
2025-12-27 08:16:00,9.745079,0.009745079,5.203128,-1.423969,5.965920,768000,768000,1.000000000,1,2025-12-27 08:16:00.000000,2025-12-27 08:16:59.999922,1,BAY01_0651_20251227_081118_000.7z
2025-12-27 08:17:00,1623.242521,1.623242521,5.308661,1611.667407,6.266453,768000,768000,1.000000000,1,2025-12-27 08:17:00.000000,2025-12-27 08:17:59.999922,1,BAY01_0651_20251227_081118_000.7z
2025-12-27 08:18:00,7486.986231,7.486986231,5.622209,7474.453275,6.910747,768000,768000,1.000000000,1,2025-12-27 08:18:00.000000,2025-12-27 08:18:59.999922,1,BAY01_0651_20251227_081118_000.7z
2025-12-27 08:19:00,7489.659354,7.489659354,5.631438,7477.251874,6.776041,768000,768000,1.000000000,1,2025-12-27 08:19:00.000000,2025-12-27 08:19:59.999922,1,BAY01_0651_20251227_081118_000.7z
2025-12-27 08:20:00,7476.725300,7.476725300,5.629377,7464.264943,6.830980,768000,768000,1.000000000,1,2025-12-27 08:20:00.000000,2025-12-27 08:20:59.999922,1,BAY01_0651_20251227_081118_000.7z
2025-12-27 08:21:00,7471.117078,7.471117078,5.551031,7458.731103,6.834943,460875,768000,0.600097656,0,2025-12-27 08:21:00.000000,2025-12-27 08:21:59.999922,2,BAY01_0651_20251227_081118_000.7z;BAY01_0652_20251227_082142_000.7z
2025-12-27 08:22:00,7459.692234,7.459692234,5.549472,7447.338436,6.804326,768000,768000,1.000000000,1,2025-12-27 08:22:00.000000,2025-12-27 08:22:59.999922,1,BAY01_0652_20251227_082142_000.7z
2025-12-27 08:23:00,7483.978927,7.483978927,5.634443,7471.512640,6.831843,768000,768000,1.000000000,1,2025-12-27 08:23:00.000000,2025-12-27 08:23:59.999922,1,BAY01_0652_20251227_082142_000.7z
2025-12-27 08:24:00,7503.822650,7.503822650,5.632506,7491.360089,6.830055,768000,768000,1.000000000,1,2025-12-27 08:24:00.000000,2025-12-27 08:24:59.999922,1,BAY01_0652_20251227_082142_000.7z
2025-12-27 08:25:00,7498.836584,7.498836584,5.672095,7486.366071,6.798418,768000,768000,1.000000000,1,2025-12-27 08:25:00.000000,2025-12-27 08:25:59.999922,1,BAY01_0652_20251227_082142_000.7z
2025-12-27 08:26:00,7498.479831,7.498479831,5.655838,7485.969792,6.854200,768000,768000,1.000000000,1,2025-12-27 08:26:00.000000,2025-12-27 08:26:59.999922,1,BAY01_0652_20251227_082142_000.7z
2025-12-27 08:27:00,7498.533550,7.498533550,6.164263,7488.232611,4.136676,768000,768000,1.000000000,1,2025-12-27 08:27:00.000000,2025-12-27 08:27:59.999922,1,BAY01_0652_20251227_082142_000.7z
2025-12-27 08:28:00,7494.872411,7.494872411,6.181867,7485.006416,3.684128,768000,768000,1.000000000,1,2025-12-27 08:28:00.000000,2025-12-27 08:28:59.999922,1,BAY01_0652_20251227_082142_000.7z
2025-12-27 08:29:00,7490.181802,7.490181802,6.233254,7480.342474,3.606075,768000,768000,1.000000000,1,2025-12-27 08:29:00.000000,2025-12-27 08:29:59.999922,1,BAY01_0652_20251227_082142_000.7z
2025-12-27 08:30:00,7485.896436,7.485896436,6.218789,7476.036683,3.640964,768000,768000,1.000000000,1,2025-12-27 08:30:00.000000,2025-12-27 08:30:59.999922,1,BAY01_0652_20251227_082142_000.7z
2025-12-27 08:31:00,7485.935736,7.485935736,6.192888,7476.100754,3.642094,537623,768000,0.700029948,0,2025-12-27 08:31:00.000000,2025-12-27 08:31:42.001719,1,BAY01_0652_20251227_082142_000.7z
2025-12-27 08:32:00,7490.741809,7.490741809,6.262487,7480.932705,3.546616,422400,768000,0.550000000,0,2025-12-27 08:32:27.000000,2025-12-27 08:32:59.999922,1,BAY01_0653_20251227_083227_000.7z
2025-12-27 08:33:00,7498.681497,7.498681497,6.196705,7488.887078,3.597713,768000,768000,1.000000000,1,2025-12-27 08:33:00.000000,2025-12-27 08:33:59.999922,1,BAY01_0653_20251227_083227_000.7z
2025-12-27 08:34:00,7486.854679,7.486854679,6.101586,7477.034011,3.719082,768000,768000,1.000000000,1,2025-12-27 08:34:00.000000,2025-12-27 08:34:59.999922,1,BAY01_0653_20251227_083227_000.7z
2025-12-27 08:35:00,7495.647148,7.495647148,6.222833,7485.731266,3.693049,768000,768000,1.000000000,1,2025-12-27 08:35:00.000000,2025-12-27 08:35:59.999922,1,BAY01_0653_20251227_083227_000.7z
2025-12-27 08:36:00,7499.718363,7.499718363,6.230991,7489.882418,3.604954,768000,768000,1.000000000,1,2025-12-27 08:36:00.000000,2025-12-27 08:36:59.999922,1,BAY01_0653_20251227_083227_000.7z
2025-12-27 08:37:00,7490.898444,7.490898444,6.089283,7481.184033,3.625127,768000,768000,1.000000000,1,2025-12-27 08:37:00.000000,2025-12-27 08:37:59.999922,1,BAY01_0653_20251227_083227_000.7z
2025-12-27 08:38:00,7483.202146,7.483202146,6.094980,7473.389027,3.718139,768000,768000,1.000000000,1,2025-12-27 08:38:00.000000,2025-12-27 08:38:59.999922,1,BAY01_0653_20251227_083227_000.7z
2025-12-27 08:39:00,7485.481354,7.485481354,6.065276,7475.487324,3.928754,768000,768000,1.000000000,1,2025-12-27 08:39:00.000000,2025-12-27 08:39:59.999922,1,BAY01_0653_20251227_083227_000.7z
2025-12-27 08:40:00,7486.826222,7.486826222,5.661466,7476.386759,4.777997,768000,768000,1.000000000,1,2025-12-27 08:40:00.000000,2025-12-27 08:40:59.999922,1,BAY01_0653_20251227_083227_000.7z
2025-12-27 08:41:00,7480.493024,7.480493024,6.177064,7470.639676,3.676284,768000,768000,1.000000000,1,2025-12-27 08:41:00.000000,2025-12-27 08:41:59.999922,1,BAY01_0653_20251227_083227_000.7z
2025-12-27 08:42:00,7482.798812,7.482798812,5.559207,7472.193793,5.045812,345682,768000,0.450106771,0,2025-12-27 08:42:00.000000,2025-12-27 08:42:27.006328,1,BAY01_0653_20251227_083227_000.7z
2025-12-27 08:43:00,7489.691998,7.489691998,5.429758,7479.126796,5.135444,537600,768000,0.700000000,0,2025-12-27 08:43:18.000000,2025-12-27 08:43:59.999922,1,BAY01_0654_20251227_084318_000.7z
2025-12-27 08:44:00,7474.959165,7.474959165,5.507010,7464.337602,5.114552,768000,768000,1.000000000,1,2025-12-27 08:44:00.000000,2025-12-27 08:44:59.999922,1,BAY01_0654_20251227_084318_000.7z
2025-12-27 08:45:00,7578.214836,7.578214836,102.319535,7470.779150,5.116150,768000,768000,1.000000000,1,2025-12-27 08:45:00.000000,2025-12-27 08:45:59.999922,1,BAY01_0654_20251227_084318_000.7z
2025-12-27 08:46:00,14507.680420,14.507680420,7054.746192,7447.689950,5.244278,768000,768000,1.000000000,1,2025-12-27 08:46:00.000000,2025-12-27 08:46:59.999922,1,BAY01_0654_20251227_084318_000.7z
2025-12-27 08:47:00,14484.876468,14.484876468,7037.331412,7442.346494,5.198562,768000,768000,1.000000000,1,2025-12-27 08:47:00.000000,2025-12-27 08:47:59.999922,1,BAY01_0654_20251227_084318_000.7z
2025-12-27 08:48:00,14489.758485,14.489758485,7042.798849,7441.683752,5.275884,768000,768000,1.000000000,1,2025-12-27 08:48:00.000000,2025-12-27 08:48:59.999922,1,BAY01_0654_20251227_084318_000.7z
2025-12-27 08:49:00,14495.947440,14.495947440,7044.257878,7446.531499,5.158063,768000,768000,1.000000000,1,2025-12-27 08:49:00.000000,2025-12-27 08:49:59.999922,1,BAY01_0654_20251227_084318_000.7z
2025-12-27 08:50:00,14493.988355,14.493988355,7049.288342,7439.502782,5.197231,768000,768000,1.000000000,1,2025-12-27 08:50:00.000000,2025-12-27 08:50:59.999922,1,BAY01_0654_20251227_084318_000.7z
2025-12-27 08:51:00,14494.254902,14.494254902,7050.011364,7439.059888,5.183650,768000,768000,1.000000000,1,2025-12-27 08:51:00.000000,2025-12-27 08:51:59.999922,1,BAY01_0654_20251227_084318_000.7z
2025-12-27 08:52:00,14515.669568,14.515669568,7050.177991,7460.327904,5.163673,768000,768000,1.000000000,1,2025-12-27 08:52:00.000000,2025-12-27 08:52:59.999922,1,BAY01_0654_20251227_084318_000.7z
2025-12-27 08:53:00,14497.073474,14.497073474,7047.013889,7444.799716,5.259869,307276,768000,0.400098958,0,2025-12-27 08:53:00.000000,2025-12-27 08:53:59.999922,2,BAY01_0654_20251227_084318_000.7z;BAY01_0655_20251227_085354_000.7z
2025-12-27 08:54:00,14480.860557,14.480860557,7031.162297,7444.586875,5.111385,768000,768000,1.000000000,1,2025-12-27 08:54:00.000000,2025-12-27 08:54:59.999922,1,BAY01_0655_20251227_085354_000.7z
2025-12-27 08:55:00,14471.059006,14.471059006,7032.511882,7433.370677,5.176447,768000,768000,1.000000000,1,2025-12-27 08:55:00.000000,2025-12-27 08:55:59.999922,1,BAY01_0655_20251227_085354_000.7z
2025-12-27 08:56:00,14471.883900,14.471883900,7033.377202,7433.311800,5.194897,768000,768000,1.000000000,1,2025-12-27 08:56:00.000000,2025-12-27 08:56:59.999922,1,BAY01_0655_20251227_085354_000.7z
2025-12-27 08:57:00,14472.190291,14.472190291,7039.801200,7426.873286,5.515806,768000,768000,1.000000000,1,2025-12-27 08:57:00.000000,2025-12-27 08:57:59.999922,1,BAY01_0655_20251227_085354_000.7z
2025-12-27 08:58:00,14469.531043,14.469531043,7043.004615,7421.071135,5.455294,768000,768000,1.000000000,1,2025-12-27 08:58:00.000000,2025-12-27 08:58:59.999922,1,BAY01_0655_20251227_085354_000.7z
2025-12-27 08:59:00,14471.266330,14.471266330,7042.007044,7423.835506,5.423779,768000,768000,1.000000000,1,2025-12-27 08:59:00.000000,2025-12-27 08:59:59.999922,1,BAY01_0655_20251227_085354_000.7z
2025-12-27 09:00:00,14464.674489,14.464674489,7043.395797,7415.864830,5.413862,768000,768000,1.000000000,1,2025-12-27 09:00:00.000000,2025-12-27 09:00:59.999922,1,BAY01_0655_20251227_085354_000.7z
2025-12-27 09:01:00,14464.677118,14.464677118,7043.710377,7415.494630,5.472111,768000,768000,1.000000000,1,2025-12-27 09:01:00.000000,2025-12-27 09:01:59.999922,1,BAY01_0655_20251227_085354_000.7z
2025-12-27 09:02:00,14469.341426,14.469341426,7052.370648,7411.511908,5.458870,768000,768000,1.000000000,1,2025-12-27 09:02:00.000000,2025-12-27 09:02:59.999922,1,BAY01_0655_20251227_085354_000.7z
2025-12-27 09:03:00,14475.026396,14.475026396,7058.515844,7411.063882,5.446670,691250,768000,0.900065104,0,2025-12-27 09:03:00.000000,2025-12-27 09:03:54.003828,1,BAY01_0655_20251227_085354_000.7z
2025-12-27 09:04:00,14487.313142,14.487313142,7063.682632,7419.046304,4.584206,230400,768000,0.300000000,0,2025-12-27 09:04:42.000000,2025-12-27 09:04:59.999922,1,BAY01_0656_20251227_090442_000.7z
2025-12-27 09:05:00,14479.060828,14.479060828,7056.635359,7417.137320,5.288150,768000,768000,1.000000000,1,2025-12-27 09:05:00.000000,2025-12-27 09:05:59.999922,1,BAY01_0656_20251227_090442_000.7z
2025-12-27 09:06:00,14582.044205,14.582044205,7045.217232,7531.361401,5.465572,768000,768000,1.000000000,1,2025-12-27 09:06:00.000000,2025-12-27 09:06:59.999922,1,BAY01_0656_20251227_090442_000.7z
2025-12-27 09:07:00,14614.897944,14.614897944,7041.376038,7568.074923,5.446982,768000,768000,1.000000000,1,2025-12-27 09:07:00.000000,2025-12-27 09:07:59.999922,1,BAY01_0656_20251227_090442_000.7z
2025-12-27 09:08:00,14623.103977,14.623103977,7041.700359,7576.006744,5.396874,768000,768000,1.000000000,1,2025-12-27 09:08:00.000000,2025-12-27 09:08:59.999922,1,BAY01_0656_20251227_090442_000.7z
2025-12-27 09:09:00,14621.306319,14.621306319,7037.591655,7578.179930,5.534734,768000,768000,1.000000000,1,2025-12-27 09:09:00.000000,2025-12-27 09:09:59.999922,1,BAY01_0656_20251227_090442_000.7z
2025-12-27 09:10:00,14632.951406,14.632951406,7043.921206,7583.585178,5.445022,768000,768000,1.000000000,1,2025-12-27 09:10:00.000000,2025-12-27 09:10:59.999922,1,BAY01_0656_20251227_090442_000.7z
2025-12-27 09:11:00,14634.057333,14.634057333,7044.941918,7583.636024,5.479391,768000,768000,1.000000000,1,2025-12-27 09:11:00.000000,2025-12-27 09:11:59.999922,1,BAY01_0656_20251227_090442_000.7z
2025-12-27 09:12:00,14629.030375,14.629030375,7044.342295,7579.241205,5.446875,768000,768000,1.000000000,1,2025-12-27 09:12:00.000000,2025-12-27 09:12:59.999922,1,BAY01_0656_20251227_090442_000.7z
2025-12-27 09:13:00,14632.801980,14.632801980,7045.471038,7581.869637,5.461305,768000,768000,1.000000000,1,2025-12-27 09:13:00.000000,2025-12-27 09:13:59.999922,1,BAY01_0656_20251227_090442_000.7z
2025-12-27 09:14:00,14613.816407,14.613816407,7045.796643,7562.573451,5.446313,537648,768000,0.700062500,0,2025-12-27 09:14:00.000000,2025-12-27 09:14:42.003672,1,BAY01_0656_20251227_090442_000.7z
2025-12-27 09:15:00,14615.742978,14.615742978,7047.186766,7563.167485,5.388727,409600,768000,0.533333333,0,2025-12-27 09:15:28.000000,2025-12-27 09:15:59.999922,1,BAY01_0657_20251227_091528_000.7z
2025-12-27 09:16:00,14621.037442,14.621037442,7047.341372,7568.342675,5.353395,768000,768000,1.000000000,1,2025-12-27 09:16:00.000000,2025-12-27 09:16:59.999922,1,BAY01_0657_20251227_091528_000.7z
2025-12-27 09:17:00,14631.996847,14.631996847,7045.424674,7581.182744,5.389429,768000,768000,1.000000000,1,2025-12-27 09:17:00.000000,2025-12-27 09:17:59.999922,1,BAY01_0657_20251227_091528_000.7z
2025-12-27 09:18:00,14620.452122,14.620452122,7046.526395,7568.502778,5.422949,768000,768000,1.000000000,1,2025-12-27 09:18:00.000000,2025-12-27 09:18:59.999922,1,BAY01_0657_20251227_091528_000.7z
2025-12-27 09:19:00,14631.942553,14.631942553,7043.673920,7582.791699,5.476934,768000,768000,1.000000000,1,2025-12-27 09:19:00.000000,2025-12-27 09:19:59.999922,1,BAY01_0657_20251227_091528_000.7z
2025-12-27 09:20:00,14638.702674,14.638702674,7043.586674,7589.701487,5.414513,768000,768000,1.000000000,1,2025-12-27 09:20:00.000000,2025-12-27 09:20:59.999922,1,BAY01_0657_20251227_091528_000.7z
2025-12-27 09:21:00,14630.590483,14.630590483,7043.487207,7581.370258,5.733018,768000,768000,1.000000000,1,2025-12-27 09:21:00.000000,2025-12-27 09:21:59.999922,1,BAY01_0657_20251227_091528_000.7z
2025-12-27 09:22:00,14620.363578,14.620363578,7046.016556,7568.616281,5.730742,768000,768000,1.000000000,1,2025-12-27 09:22:00.000000,2025-12-27 09:22:59.999922,1,BAY01_0657_20251227_091528_000.7z
2025-12-27 09:23:00,14612.591661,14.612591661,7045.580541,7561.294658,5.716461,768000,768000,1.000000000,1,2025-12-27 09:23:00.000000,2025-12-27 09:23:59.999922,1,BAY01_0657_20251227_091528_000.7z
2025-12-27 09:24:00,14612.412112,14.612412112,7046.323249,7560.392455,5.696407,768000,768000,1.000000000,1,2025-12-27 09:24:00.000000,2025-12-27 09:24:59.999922,1,BAY01_0657_20251227_091528_000.7z
2025-12-27 09:25:00,14623.913284,14.623913284,7047.683424,7570.555357,5.674503,358480,768000,0.466770833,0,2025-12-27 09:25:00.000000,2025-12-27 09:25:28.006172,1,BAY01_0657_20251227_091528_000.7z
2025-12-27 09:26:00,14623.194433,14.623194433,7046.249331,7571.320419,5.624683,499200,768000,0.650000000,0,2025-12-27 09:26:21.000000,2025-12-27 09:26:59.999922,1,BAY01_0658_20251227_092621_000.7z
2025-12-27 09:27:00,14642.244229,14.642244229,7061.764252,7575.124413,5.355565,768000,768000,1.000000000,1,2025-12-27 09:27:00.000000,2025-12-27 09:27:59.999922,1,BAY01_0658_20251227_092621_000.7z
2025-12-27 09:28:00,14661.063914,14.661063914,7061.586728,7594.074467,5.402719,768000,768000,1.000000000,1,2025-12-27 09:28:00.000000,2025-12-27 09:28:59.999922,1,BAY01_0658_20251227_092621_000.7z
2025-12-27 09:29:00,14657.767434,14.657767434,7062.824917,7589.450412,5.492106,768000,768000,1.000000000,1,2025-12-27 09:29:00.000000,2025-12-27 09:29:59.999922,1,BAY01_0658_20251227_092621_000.7z
2025-12-27 09:30:00,14676.785816,14.676785816,7062.199662,7609.107925,5.478230,768000,768000,1.000000000,1,2025-12-27 09:30:00.000000,2025-12-27 09:30:59.999922,1,BAY01_0658_20251227_092621_000.7z
2025-12-27 09:31:00,14667.983275,14.667983275,7063.578765,7599.008824,5.395685,768000,768000,1.000000000,1,2025-12-27 09:31:00.000000,2025-12-27 09:31:59.999922,1,BAY01_0658_20251227_092621_000.7z
2025-12-27 09:32:00,14660.709872,14.660709872,7062.485396,7592.764862,5.459613,768000,768000,1.000000000,1,2025-12-27 09:32:00.000000,2025-12-27 09:32:59.999922,1,BAY01_0658_20251227_092621_000.7z
2025-12-27 09:33:00,14653.543712,14.653543712,7062.871364,7585.263636,5.408712,768000,768000,1.000000000,1,2025-12-27 09:33:00.000000,2025-12-27 09:33:59.999922,1,BAY01_0658_20251227_092621_000.7z
2025-12-27 09:34:00,14639.904142,14.639904142,7061.671932,7572.830889,5.401321,768000,768000,1.000000000,1,2025-12-27 09:34:00.000000,2025-12-27 09:34:59.999922,1,BAY01_0658_20251227_092621_000.7z
2025-12-27 09:35:00,14647.965443,14.647965443,7061.066527,7581.666063,5.232852,768000,768000,1.000000000,1,2025-12-27 09:35:00.000000,2025-12-27 09:35:59.999922,1,BAY01_0658_20251227_092621_000.7z
2025-12-27 09:36:00,14649.399011,14.649399011,7061.896877,7582.209962,5.292173,320085,768000,0.416777344,0,2025-12-27 09:36:00.000000,2025-12-27 09:36:59.999922,2,BAY01_0658_20251227_092621_000.7z;BAY01_0659_20251227_093656_000.7z
2025-12-27 09:37:00,14645.654383,14.645654383,7060.872649,7579.486536,5.295198,768000,768000,1.000000000,1,2025-12-27 09:37:00.000000,2025-12-27 09:37:59.999922,1,BAY01_0659_20251227_093656_000.7z
2025-12-27 09:38:00,14644.125210,14.644125210,7060.255676,7578.552574,5.316960,768000,768000,1.000000000,1,2025-12-27 09:38:00.000000,2025-12-27 09:38:59.999922,1,BAY01_0659_20251227_093656_000.7z
2025-12-27 09:39:00,14644.302962,14.644302962,7061.623248,7577.332731,5.346983,768000,768000,1.000000000,1,2025-12-27 09:39:00.000000,2025-12-27 09:39:59.999922,1,BAY01_0659_20251227_093656_000.7z
2025-12-27 09:40:00,14637.330736,14.637330736,7060.167261,7571.858198,5.305277,768000,768000,1.000000000,1,2025-12-27 09:40:00.000000,2025-12-27 09:40:59.999922,1,BAY01_0659_20251227_093656_000.7z
2025-12-27 09:41:00,14643.531391,14.643531391,7061.722058,7576.461404,5.347930,768000,768000,1.000000000,1,2025-12-27 09:41:00.000000,2025-12-27 09:41:59.999922,1,BAY01_0659_20251227_093656_000.7z
2025-12-27 09:42:00,14629.915732,14.629915732,7062.794617,7561.837236,5.283878,768000,768000,1.000000000,1,2025-12-27 09:42:00.000000,2025-12-27 09:42:59.999922,1,BAY01_0659_20251227_093656_000.7z
2025-12-27 09:43:00,14630.935826,14.630935826,7061.027689,7564.615681,5.292456,768000,768000,1.000000000,1,2025-12-27 09:43:00.000000,2025-12-27 09:43:59.999922,1,BAY01_0659_20251227_093656_000.7z
2025-12-27 09:44:00,14620.047488,14.620047488,7061.488007,7553.200709,5.358772,768000,768000,1.000000000,1,2025-12-27 09:44:00.000000,2025-12-27 09:44:59.999922,1,BAY01_0659_20251227_093656_000.7z
2025-12-27 09:45:00,14636.975120,14.636975120,7060.479029,7571.067067,5.429025,768000,768000,1.000000000,1,2025-12-27 09:45:00.000000,2025-12-27 09:45:59.999922,1,BAY01_0659_20251227_093656_000.7z
2025-12-27 09:46:00,14622.700058,14.622700058,7062.926846,7554.333059,5.440153,716931,768000,0.933503906,0,2025-12-27 09:46:00.000000,2025-12-27 09:46:56.010156,1,BAY01_0659_20251227_093656_000.7z
2025-12-27 09:47:00,14627.444520,14.627444520,7062.827182,7559.183663,5.433676,179200,768000,0.233333333,0,2025-12-27 09:47:46.000000,2025-12-27 09:47:59.999922,1,BAY01_0660_20251227_094746_000.7z
2025-12-27 09:48:00,14632.338475,14.632338475,7063.179697,7563.917822,5.240957,768000,768000,1.000000000,1,2025-12-27 09:48:00.000000,2025-12-27 09:48:59.999922,1,BAY01_0660_20251227_094746_000.7z
2025-12-27 09:49:00,14622.257173,14.622257173,7065.817454,7551.150333,5.289387,768000,768000,1.000000000,1,2025-12-27 09:49:00.000000,2025-12-27 09:49:59.999922,1,BAY01_0660_20251227_094746_000.7z
2025-12-27 09:50:00,14624.645080,14.624645080,7065.471411,7553.793757,5.379912,768000,768000,1.000000000,1,2025-12-27 09:50:00.000000,2025-12-27 09:50:59.999922,1,BAY01_0660_20251227_094746_000.7z
2025-12-27 09:51:00,14621.556215,14.621556215,7065.407234,7550.764474,5.384507,768000,768000,1.000000000,1,2025-12-27 09:51:00.000000,2025-12-27 09:51:59.999922,1,BAY01_0660_20251227_094746_000.7z
2025-12-27 09:52:00,14610.983617,14.610983617,7067.093062,7538.458523,5.432032,768000,768000,1.000000000,1,2025-12-27 09:52:00.000000,2025-12-27 09:52:59.999922,1,BAY01_0660_20251227_094746_000.7z
2025-12-27 09:53:00,14602.970987,14.602970987,7067.533443,7530.094295,5.343249,768000,768000,1.000000000,1,2025-12-27 09:53:00.000000,2025-12-27 09:53:59.999922,1,BAY01_0660_20251227_094746_000.7z
2025-12-27 09:54:00,14598.352244,14.598352244,7064.660155,7528.497972,5.194117,768000,768000,1.000000000,1,2025-12-27 09:54:00.000000,2025-12-27 09:54:59.999922,1,BAY01_0660_20251227_094746_000.7z
2025-12-27 09:55:00,14604.708501,14.604708501,7062.470667,7537.086162,5.151671,768000,768000,1.000000000,1,2025-12-27 09:55:00.000000,2025-12-27 09:55:59.999922,1,BAY01_0660_20251227_094746_000.7z
2025-12-27 09:56:00,14612.863049,14.612863049,7061.604073,7546.112316,5.146660,768000,768000,1.000000000,1,2025-12-27 09:56:00.000000,2025-12-27 09:56:59.999922,1,BAY01_0660_20251227_094746_000.7z
2025-12-27 09:57:00,14616.164227,14.616164227,7059.889602,7551.124861,5.149764,588887,768000,0.766779948,0,2025-12-27 09:57:00.000000,2025-12-27 09:57:46.006719,1,BAY01_0660_20251227_094746_000.7z
2025-12-27 09:58:00,14621.788731,14.621788731,7059.823123,7556.785998,5.179610,435200,768000,0.566666667,0,2025-12-27 09:58:26.000000,2025-12-27 09:58:59.999922,1,BAY01_0661_20251227_095826_000.7z
2025-12-27 09:59:00,14620.340934,14.620340934,7060.140236,7554.944209,5.256489,768000,768000,1.000000000,1,2025-12-27 09:59:00.000000,2025-12-27 09:59:59.999922,1,BAY01_0661_20251227_095826_000.7z
2025-12-27 10:00:00,14630.252104,14.630252104,7062.511932,7562.578968,5.161203,768000,768000,1.000000000,1,2025-12-27 10:00:00.000000,2025-12-27 10:00:59.999922,1,BAY01_0661_20251227_095826_000.7z
2025-12-27 10:01:00,14629.927547,14.629927547,7061.838156,7562.877654,5.211736,768000,768000,1.000000000,1,2025-12-27 10:01:00.000000,2025-12-27 10:01:59.999922,1,BAY01_0661_20251227_095826_000.7z
2025-12-27 10:02:00,14613.299900,14.613299900,7062.677930,7545.447564,5.174405,768000,768000,1.000000000,1,2025-12-27 10:02:00.000000,2025-12-27 10:02:59.999922,1,BAY01_0661_20251227_095826_000.7z
2025-12-27 10:03:00,14629.859532,14.629859532,7062.771344,7561.837340,5.250848,768000,768000,1.000000000,1,2025-12-27 10:03:00.000000,2025-12-27 10:03:59.999922,1,BAY01_0661_20251227_095826_000.7z
2025-12-27 10:04:00,14620.442223,14.620442223,7064.240863,7550.881916,5.319444,768000,768000,1.000000000,1,2025-12-27 10:04:00.000000,2025-12-27 10:04:59.999922,1,BAY01_0661_20251227_095826_000.7z
2025-12-27 10:05:00,14617.399237,14.617399237,7066.621789,7545.634336,5.143111,768000,768000,1.000000000,1,2025-12-27 10:05:00.000000,2025-12-27 10:05:59.999922,1,BAY01_0661_20251227_095826_000.7z
2025-12-27 10:06:00,14622.229751,14.622229751,7064.658565,7552.384171,5.187016,768000,768000,1.000000000,1,2025-12-27 10:06:00.000000,2025-12-27 10:06:59.999922,1,BAY01_0661_20251227_095826_000.7z
2025-12-27 10:07:00,14611.049287,14.611049287,7064.783122,7541.010897,5.255268,768000,768000,1.000000000,1,2025-12-27 10:07:00.000000,2025-12-27 10:07:59.999922,1,BAY01_0661_20251227_095826_000.7z
2025-12-27 10:08:00,14614.356270,14.614356270,7067.425295,7541.670941,5.260034,332828,768000,0.433369792,0,2025-12-27 10:08:00.000000,2025-12-27 10:08:26.002109,1,BAY01_0661_20251227_095826_000.7z
2025-12-27 10:09:00,14607.831959,14.607831959,7066.990068,7535.575330,5.266561,742400,768000,0.966666667,0,2025-12-27 10:09:02.000000,2025-12-27 10:09:59.999922,1,BAY01_0662_20251227_100902_000.7z
2025-12-27 10:10:00,14614.688370,14.614688370,7068.488572,7540.948846,5.250952,768000,768000,1.000000000,1,2025-12-27 10:10:00.000000,2025-12-27 10:10:59.999922,1,BAY01_0662_20251227_100902_000.7z
2025-12-27 10:11:00,14609.500263,14.609500263,7067.856838,7536.385344,5.258081,768000,768000,1.000000000,1,2025-12-27 10:11:00.000000,2025-12-27 10:11:59.999922,1,BAY01_0662_20251227_100902_000.7z
2025-12-27 10:12:00,14610.918549,14.610918549,7066.990139,7538.741012,5.187399,768000,768000,1.000000000,1,2025-12-27 10:12:00.000000,2025-12-27 10:12:59.999922,1,BAY01_0662_20251227_100902_000.7z
2025-12-27 10:13:00,14612.853307,14.612853307,7066.757734,7540.880039,5.215534,768000,768000,1.000000000,1,2025-12-27 10:13:00.000000,2025-12-27 10:13:59.999922,1,BAY01_0662_20251227_100902_000.7z
2025-12-27 10:14:00,14616.396448,14.616396448,7065.353067,7545.709279,5.334102,768000,768000,1.000000000,1,2025-12-27 10:14:00.000000,2025-12-27 10:14:59.999922,1,BAY01_0662_20251227_100902_000.7z
2025-12-27 10:15:00,14620.056200,14.620056200,7069.008659,7545.886202,5.161338,768000,768000,1.000000000,1,2025-12-27 10:15:00.000000,2025-12-27 10:15:59.999922,1,BAY01_0662_20251227_100902_000.7z
2025-12-27 10:16:00,14613.937958,14.613937958,7068.455775,7540.292564,5.189619,768000,768000,1.000000000,1,2025-12-27 10:16:00.000000,2025-12-27 10:16:59.999922,1,BAY01_0662_20251227_100902_000.7z
2025-12-27 10:17:00,14609.244590,14.609244590,7071.543326,7532.404600,5.296665,768000,768000,1.000000000,1,2025-12-27 10:17:00.000000,2025-12-27 10:17:59.999922,1,BAY01_0662_20251227_100902_000.7z
2025-12-27 10:18:00,14622.706668,14.622706668,7069.404958,7548.082287,5.219424,768000,768000,1.000000000,1,2025-12-27 10:18:00.000000,2025-12-27 10:18:59.999922,1,BAY01_0662_20251227_100902_000.7z
2025-12-27 10:19:00,14611.045508,14.611045508,7069.454645,7536.328092,5.262771,217721,768000,0.283490885,0,2025-12-27 10:19:00.000000,2025-12-27 10:19:59.999922,2,BAY01_0662_20251227_100902_000.7z;BAY01_0663_20251227_101945_000.7z
2025-12-27 10:20:00,14620.059456,14.620059456,7070.160447,7544.646526,5.252483,768000,768000,1.000000000,1,2025-12-27 10:20:00.000000,2025-12-27 10:20:59.999922,1,BAY01_0663_20251227_101945_000.7z
2025-12-27 10:21:00,14616.004087,14.616004087,7071.802480,7538.986881,5.214727,768000,768000,1.000000000,1,2025-12-27 10:21:00.000000,2025-12-27 10:21:59.999922,1,BAY01_0663_20251227_101945_000.7z
2025-12-27 10:22:00,14618.484237,14.618484237,7070.961792,7542.286460,5.235985,768000,768000,1.000000000,1,2025-12-27 10:22:00.000000,2025-12-27 10:22:59.999922,1,BAY01_0663_20251227_101945_000.7z
2025-12-27 10:23:00,14632.864937,14.632864937,7072.583385,7555.085333,5.196219,768000,768000,1.000000000,1,2025-12-27 10:23:00.000000,2025-12-27 10:23:59.999922,1,BAY01_0663_20251227_101945_000.7z
2025-12-27 10:24:00,14618.211378,14.618211378,7071.425035,7541.514141,5.272202,768000,768000,1.000000000,1,2025-12-27 10:24:00.000000,2025-12-27 10:24:59.999922,1,BAY01_0663_20251227_101945_000.7z
2025-12-27 10:25:00,14631.941896,14.631941896,7071.502230,7555.112645,5.327020,768000,768000,1.000000000,1,2025-12-27 10:25:00.000000,2025-12-27 10:25:59.999922,1,BAY01_0663_20251227_101945_000.7z
2025-12-27 10:26:00,14634.027069,14.634027069,7071.039462,7557.716845,5.270762,768000,768000,1.000000000,1,2025-12-27 10:26:00.000000,2025-12-27 10:26:59.999922,1,BAY01_0663_20251227_101945_000.7z
2025-12-27 10:27:00,14633.601015,14.633601015,7070.537832,7557.822745,5.240438,768000,768000,1.000000000,1,2025-12-27 10:27:00.000000,2025-12-27 10:27:59.999922,1,BAY01_0663_20251227_101945_000.7z
2025-12-27 10:28:00,14637.892480,14.637892480,7071.507150,7561.091520,5.293810,768000,768000,1.000000000,1,2025-12-27 10:28:00.000000,2025-12-27 10:28:59.999922,1,BAY01_0663_20251227_101945_000.7z
2025-12-27 10:29:00,14626.062145,14.626062145,7072.815392,7547.956078,5.290676,576065,768000,0.750084635,0,2025-12-27 10:29:00.000000,2025-12-27 10:29:45.005000,1,BAY01_0663_20251227_101945_000.7z
2025-12-27 10:30:00,14643.862519,14.643862519,7070.467646,7568.157520,5.237353,448000,768000,0.583333333,0,2025-12-27 10:30:25.000000,2025-12-27 10:30:59.999922,1,BAY01_0664_20251227_103025_000.7z
2025-12-27 10:31:00,14634.549620,14.634549620,7073.228088,7556.105687,5.215844,768000,768000,1.000000000,1,2025-12-27 10:31:00.000000,2025-12-27 10:31:59.999922,1,BAY01_0664_20251227_103025_000.7z
2025-12-27 10:32:00,14626.198172,14.626198172,7075.111435,7545.769908,5.316829,768000,768000,1.000000000,1,2025-12-27 10:32:00.000000,2025-12-27 10:32:59.999922,1,BAY01_0664_20251227_103025_000.7z
2025-12-27 10:33:00,14631.275070,14.631275070,7076.466488,7549.567721,5.240862,768000,768000,1.000000000,1,2025-12-27 10:33:00.000000,2025-12-27 10:33:59.999922,1,BAY01_0664_20251227_103025_000.7z
2025-12-27 10:34:00,14620.421999,14.620421999,7075.618273,7539.502176,5.301550,768000,768000,1.000000000,1,2025-12-27 10:34:00.000000,2025-12-27 10:34:59.999922,1,BAY01_0664_20251227_103025_000.7z
2025-12-27 10:35:00,14615.743991,14.615743991,7076.060077,7534.368210,5.315705,768000,768000,1.000000000,1,2025-12-27 10:35:00.000000,2025-12-27 10:35:59.999922,1,BAY01_0664_20251227_103025_000.7z
2025-12-27 10:36:00,14623.460807,14.623460807,7075.931702,7542.696487,4.832618,768000,768000,1.000000000,1,2025-12-27 10:36:00.000000,2025-12-27 10:36:59.999922,1,BAY01_0664_20251227_103025_000.7z
2025-12-27 10:37:00,14603.946075,14.603946075,7075.238590,7524.525915,4.181570,768000,768000,1.000000000,1,2025-12-27 10:37:00.000000,2025-12-27 10:37:59.999922,1,BAY01_0664_20251227_103025_000.7z
2025-12-27 10:38:00,14608.309597,14.608309597,7072.993357,7531.461401,3.854839,768000,768000,1.000000000,1,2025-12-27 10:38:00.000000,2025-12-27 10:38:59.999922,1,BAY01_0664_20251227_103025_000.7z
2025-12-27 10:39:00,14598.187209,14.598187209,7072.113702,7522.234251,3.839256,768000,768000,1.000000000,1,2025-12-27 10:39:00.000000,2025-12-27 10:39:59.999922,1,BAY01_0664_20251227_103025_000.7z
2025-12-27 10:40:00,14607.181948,14.607181948,7072.524959,7530.836041,3.820948,320078,768000,0.416768229,0,2025-12-27 10:40:00.000000,2025-12-27 10:40:25.006016,1,BAY01_0664_20251227_103025_000.7z
2025-12-27 10:41:00,14608.659563,14.608659563,7072.345874,7532.502104,3.811586,704000,768000,0.916666667,0,2025-12-27 10:41:05.000000,2025-12-27 10:41:59.999922,1,BAY01_0665_20251227_104105_000.7z
2025-12-27 10:42:00,14602.404641,14.602404641,7071.864054,7526.702058,3.838529,768000,768000,1.000000000,1,2025-12-27 10:42:00.000000,2025-12-27 10:42:59.999922,1,BAY01_0665_20251227_104105_000.7z
2025-12-27 10:43:00,14594.486334,14.594486334,7072.870732,7517.752201,3.863401,768000,768000,1.000000000,1,2025-12-27 10:43:00.000000,2025-12-27 10:43:59.999922,1,BAY01_0665_20251227_104105_000.7z
2025-12-27 10:44:00,14599.736240,14.599736240,7072.897326,7523.028190,3.810724,768000,768000,1.000000000,1,2025-12-27 10:44:00.000000,2025-12-27 10:44:59.999922,1,BAY01_0665_20251227_104105_000.7z
2025-12-27 10:45:00,14607.860347,14.607860347,7071.727588,7532.227224,3.905536,768000,768000,1.000000000,1,2025-12-27 10:45:00.000000,2025-12-27 10:45:59.999922,1,BAY01_0665_20251227_104105_000.7z
2025-12-27 10:46:00,14611.108077,14.611108077,7071.951385,7535.264181,3.892511,768000,768000,1.000000000,1,2025-12-27 10:46:00.000000,2025-12-27 10:46:59.999922,1,BAY01_0665_20251227_104105_000.7z
2025-12-27 10:47:00,14596.994040,14.596994040,7074.144920,7519.025197,3.823924,768000,768000,1.000000000,1,2025-12-27 10:47:00.000000,2025-12-27 10:47:59.999922,1,BAY01_0665_20251227_104105_000.7z
2025-12-27 10:48:00,14596.118743,14.596118743,7074.187835,7518.045888,3.885020,768000,768000,1.000000000,1,2025-12-27 10:48:00.000000,2025-12-27 10:48:59.999922,1,BAY01_0665_20251227_104105_000.7z
2025-12-27 10:49:00,14610.357866,14.610357866,7073.685567,7532.755669,3.916630,768000,768000,1.000000000,1,2025-12-27 10:49:00.000000,2025-12-27 10:49:59.999922,1,BAY01_0665_20251227_104105_000.7z
2025-12-27 10:50:00,14613.753770,14.613753770,7073.768116,7536.163980,3.821673,768000,768000,1.000000000,1,2025-12-27 10:50:00.000000,2025-12-27 10:50:59.999922,1,BAY01_0665_20251227_104105_000.7z
2025-12-27 10:51:00,14610.273718,14.610273718,7072.936479,7533.516781,3.820458,281630,768000,0.366705729,0,2025-12-27 10:51:00.000000,2025-12-27 10:51:59.999922,2,BAY01_0665_20251227_104105_000.7z;BAY01_0666_20251227_105143_000.7z
2025-12-27 10:52:00,14597.947220,14.597947220,7074.347960,7519.788204,3.811056,768000,768000,1.000000000,1,2025-12-27 10:52:00.000000,2025-12-27 10:52:59.999922,1,BAY01_0666_20251227_105143_000.7z
2025-12-27 10:53:00,14593.428718,14.593428718,7074.937738,7514.632180,3.858801,768000,768000,1.000000000,1,2025-12-27 10:53:00.000000,2025-12-27 10:53:59.999922,1,BAY01_0666_20251227_105143_000.7z
2025-12-27 10:54:00,14604.013440,14.604013440,7074.702628,7525.436015,3.874798,768000,768000,1.000000000,1,2025-12-27 10:54:00.000000,2025-12-27 10:54:59.999922,1,BAY01_0666_20251227_105143_000.7z
2025-12-27 10:55:00,14607.411719,14.607411719,7073.252889,7530.205745,3.953085,768000,768000,1.000000000,1,2025-12-27 10:55:00.000000,2025-12-27 10:55:59.999922,1,BAY01_0666_20251227_105143_000.7z
2025-12-27 10:56:00,14609.338565,14.609338565,7079.074287,7526.115622,4.148656,768000,768000,1.000000000,1,2025-12-27 10:56:00.000000,2025-12-27 10:56:59.999922,1,BAY01_0666_20251227_105143_000.7z
2025-12-27 10:57:00,14603.358750,14.603358750,7078.520105,7520.688580,4.150065,768000,768000,1.000000000,1,2025-12-27 10:57:00.000000,2025-12-27 10:57:59.999922,1,BAY01_0666_20251227_105143_000.7z
2025-12-27 10:58:00,14602.172676,14.602172676,7081.365866,7516.622532,4.184278,768000,768000,1.000000000,1,2025-12-27 10:58:00.000000,2025-12-27 10:58:59.999922,1,BAY01_0666_20251227_105143_000.7z
2025-12-27 10:59:00,14588.772115,14.588772115,7081.604590,7503.074352,4.093173,768000,768000,1.000000000,1,2025-12-27 10:59:00.000000,2025-12-27 10:59:59.999922,1,BAY01_0666_20251227_105143_000.7z
2025-12-27 11:00:00,14583.834155,14.583834155,7082.735847,7496.934274,4.164034,768000,768000,1.000000000,1,2025-12-27 11:00:00.000000,2025-12-27 11:00:59.999922,1,BAY01_0666_20251227_105143_000.7z
2025-12-27 11:01:00,14579.124563,14.579124563,7082.272024,7492.720577,4.131962,550434,768000,0.716710938,0,2025-12-27 11:01:00.000000,2025-12-27 11:01:43.002578,1,BAY01_0666_20251227_105143_000.7z
2025-12-27 11:02:00,14574.636645,14.574636645,7081.944008,7488.453714,4.238923,486400,768000,0.633333333,0,2025-12-27 11:02:22.000000,2025-12-27 11:02:59.999922,1,BAY01_0667_20251227_110222_000.7z
2025-12-27 11:03:00,14576.347789,14.576347789,7083.792128,7488.507012,4.048649,768000,768000,1.000000000,1,2025-12-27 11:03:00.000000,2025-12-27 11:03:59.999922,1,BAY01_0667_20251227_110222_000.7z
2025-12-27 11:04:00,14575.795397,14.575795397,7086.510573,7485.131223,4.153601,768000,768000,1.000000000,1,2025-12-27 11:04:00.000000,2025-12-27 11:04:59.999922,1,BAY01_0667_20251227_110222_000.7z
2025-12-27 11:05:00,14572.582812,14.572582812,7083.144561,7485.328721,4.109530,768000,768000,1.000000000,1,2025-12-27 11:05:00.000000,2025-12-27 11:05:59.999922,1,BAY01_0667_20251227_110222_000.7z
2025-12-27 11:06:00,14577.452103,14.577452103,7078.797576,7494.538805,4.115722,768000,768000,1.000000000,1,2025-12-27 11:06:00.000000,2025-12-27 11:06:59.999922,1,BAY01_0667_20251227_110222_000.7z
2025-12-27 11:07:00,14570.202485,14.570202485,7068.942571,7497.165314,4.094601,768000,768000,1.000000000,1,2025-12-27 11:07:00.000000,2025-12-27 11:07:59.999922,1,BAY01_0667_20251227_110222_000.7z
2025-12-27 11:08:00,14560.992436,14.560992436,7062.528506,7494.281043,4.182886,768000,768000,1.000000000,1,2025-12-27 11:08:00.000000,2025-12-27 11:08:59.999922,1,BAY01_0667_20251227_110222_000.7z
2025-12-27 11:09:00,14569.047221,14.569047221,7064.542034,7500.440505,4.064682,768000,768000,1.000000000,1,2025-12-27 11:09:00.000000,2025-12-27 11:09:59.999922,1,BAY01_0667_20251227_110222_000.7z
2025-12-27 11:10:00,14566.876250,14.566876250,7062.492094,7500.270292,4.113863,768000,768000,1.000000000,1,2025-12-27 11:10:00.000000,2025-12-27 11:10:59.999922,1,BAY01_0667_20251227_110222_000.7z
2025-12-27 11:11:00,14564.109036,14.564109036,7060.949294,7499.054180,4.105562,768000,768000,1.000000000,1,2025-12-27 11:11:00.000000,2025-12-27 11:11:59.999922,1,BAY01_0667_20251227_110222_000.7z
2025-12-27 11:12:00,14559.648569,14.559648569,7059.252750,7496.268557,4.127263,281601,768000,0.366667969,0,2025-12-27 11:12:00.000000,2025-12-27 11:12:22.000000,1,BAY01_0667_20251227_110222_000.7z
2025-12-27 11:13:00,14560.279059,14.560279059,7058.623623,7497.885997,3.769439,563200,768000,0.733333333,0,2025-12-27 11:13:16.000000,2025-12-27 11:13:59.999922,1,BAY01_0668_20251227_111316_000.7z
2025-12-27 11:14:00,14569.857930,14.569857930,7060.134437,7506.070989,3.652505,768000,768000,1.000000000,1,2025-12-27 11:14:00.000000,2025-12-27 11:14:59.999922,1,BAY01_0668_20251227_111316_000.7z
2025-12-27 11:15:00,14570.243340,14.570243340,7060.076130,7506.505405,3.661805,768000,768000,1.000000000,1,2025-12-27 11:15:00.000000,2025-12-27 11:15:59.999922,1,BAY01_0668_20251227_111316_000.7z
2025-12-27 11:16:00,14584.013344,14.584013344,7059.139899,7521.207287,3.666158,768000,768000,1.000000000,1,2025-12-27 11:16:00.000000,2025-12-27 11:16:59.999922,1,BAY01_0668_20251227_111316_000.7z
2025-12-27 11:17:00,14578.704247,14.578704247,7057.039953,7517.966402,3.697892,768000,768000,1.000000000,1,2025-12-27 11:17:00.000000,2025-12-27 11:17:59.999922,1,BAY01_0668_20251227_111316_000.7z
2025-12-27 11:18:00,14553.074186,14.553074186,7057.213321,7492.058456,3.802409,768000,768000,1.000000000,1,2025-12-27 11:18:00.000000,2025-12-27 11:18:59.999922,1,BAY01_0668_20251227_111316_000.7z
2025-12-27 11:19:00,14562.326988,14.562326988,7059.320088,7499.330513,3.676387,768000,768000,1.000000000,1,2025-12-27 11:19:00.000000,2025-12-27 11:19:59.999922,1,BAY01_0668_20251227_111316_000.7z
2025-12-27 11:20:00,14570.502341,14.570502341,7058.224007,7508.589452,3.688882,768000,768000,1.000000000,1,2025-12-27 11:20:00.000000,2025-12-27 11:20:59.999922,1,BAY01_0668_20251227_111316_000.7z
2025-12-27 11:21:00,14584.445329,14.584445329,7059.161382,7521.617999,3.665948,768000,768000,1.000000000,1,2025-12-27 11:21:00.000000,2025-12-27 11:21:59.999922,1,BAY01_0668_20251227_111316_000.7z
2025-12-27 11:22:00,14571.288431,14.571288431,7061.586004,7506.148355,3.554072,768000,768000,1.000000000,1,2025-12-27 11:22:00.000000,2025-12-27 11:22:59.999922,1,BAY01_0668_20251227_111316_000.7z
2025-12-27 11:23:00,14586.793601,14.586793601,7064.080229,7519.022223,3.691149,204923,768000,0.266826823,0,2025-12-27 11:23:00.000000,2025-12-27 11:23:16.009531,1,BAY01_0668_20251227_111316_000.7z
2025-12-27 11:24:00,14583.259642,14.583259642,7064.427635,7515.052311,3.779696,704000,768000,0.916666667,0,2025-12-27 11:24:05.000000,2025-12-27 11:24:59.999922,1,BAY01_0669_20251227_112405_000.7z
2025-12-27 11:25:00,14577.384042,14.577384042,7064.327997,7509.422308,3.633736,768000,768000,1.000000000,1,2025-12-27 11:25:00.000000,2025-12-27 11:25:59.999922,1,BAY01_0669_20251227_112405_000.7z
2025-12-27 11:26:00,14604.944905,14.604944905,7061.280384,7540.065616,3.598905,768000,768000,1.000000000,1,2025-12-27 11:26:00.000000,2025-12-27 11:26:59.999922,1,BAY01_0669_20251227_112405_000.7z
2025-12-27 11:27:00,14604.909814,14.604909814,7061.464924,7539.883012,3.561879,768000,768000,1.000000000,1,2025-12-27 11:27:00.000000,2025-12-27 11:27:59.999922,1,BAY01_0669_20251227_112405_000.7z
2025-12-27 11:28:00,14611.278956,14.611278956,7060.326923,7547.328025,3.624008,768000,768000,1.000000000,1,2025-12-27 11:28:00.000000,2025-12-27 11:28:59.999922,1,BAY01_0669_20251227_112405_000.7z
2025-12-27 11:29:00,14615.366833,14.615366833,7060.733260,7551.016784,3.616790,768000,768000,1.000000000,1,2025-12-27 11:29:00.000000,2025-12-27 11:29:59.999922,1,BAY01_0669_20251227_112405_000.7z
2025-12-27 11:30:00,14612.820449,14.612820449,7057.518016,7551.628848,3.673585,768000,768000,1.000000000,1,2025-12-27 11:30:00.000000,2025-12-27 11:30:59.999922,1,BAY01_0669_20251227_112405_000.7z
2025-12-27 11:31:00,14610.932540,14.610932540,7058.338884,7548.994148,3.599507,768000,768000,1.000000000,1,2025-12-27 11:31:00.000000,2025-12-27 11:31:59.999922,1,BAY01_0669_20251227_112405_000.7z
2025-12-27 11:32:00,14608.564995,14.608564995,7057.218404,7547.693778,3.652813,768000,768000,1.000000000,1,2025-12-27 11:32:00.000000,2025-12-27 11:32:59.999922,1,BAY01_0669_20251227_112405_000.7z
2025-12-27 11:33:00,14617.206789,14.617206789,7058.204666,7555.345117,3.657007,768000,768000,1.000000000,1,2025-12-27 11:33:00.000000,2025-12-27 11:33:59.999922,1,BAY01_0669_20251227_112405_000.7z
2025-12-27 11:34:00,14607.684072,14.607684072,7055.596708,7548.549411,3.537953,217641,768000,0.283386719,0,2025-12-27 11:34:00.000000,2025-12-27 11:34:59.999922,2,BAY01_0669_20251227_112405_000.7z;BAY01_0670_20251227_113448_000.7z
2025-12-27 11:35:00,14615.527365,14.615527365,7057.470322,7554.455332,3.601711,768000,768000,1.000000000,1,2025-12-27 11:35:00.000000,2025-12-27 11:35:59.999922,1,BAY01_0670_20251227_113448_000.7z
2025-12-27 11:36:00,14614.857622,14.614857622,7056.780774,7554.507637,3.569211,768000,768000,1.000000000,1,2025-12-27 11:36:00.000000,2025-12-27 11:36:59.999922,1,BAY01_0670_20251227_113448_000.7z
2025-12-27 11:37:00,14610.763230,14.610763230,7057.845955,7549.295771,3.621505,768000,768000,1.000000000,1,2025-12-27 11:37:00.000000,2025-12-27 11:37:59.999922,1,BAY01_0670_20251227_113448_000.7z
2025-12-27 11:38:00,14598.432435,14.598432435,7058.153157,7536.606081,3.673198,768000,768000,1.000000000,1,2025-12-27 11:38:00.000000,2025-12-27 11:38:59.999922,1,BAY01_0670_20251227_113448_000.7z
2025-12-27 11:39:00,14601.847233,14.601847233,7058.025857,7540.242944,3.578432,768000,768000,1.000000000,1,2025-12-27 11:39:00.000000,2025-12-27 11:39:59.999922,1,BAY01_0670_20251227_113448_000.7z
2025-12-27 11:40:00,14611.143083,14.611143083,7057.793937,7549.642876,3.706270,768000,768000,1.000000000,1,2025-12-27 11:40:00.000000,2025-12-27 11:40:59.999922,1,BAY01_0670_20251227_113448_000.7z
2025-12-27 11:41:00,14611.012184,14.611012184,7056.600837,7550.829821,3.581526,768000,768000,1.000000000,1,2025-12-27 11:41:00.000000,2025-12-27 11:41:59.999922,1,BAY01_0670_20251227_113448_000.7z
2025-12-27 11:42:00,14627.239785,14.627239785,7062.013954,7561.650103,3.575728,768000,768000,1.000000000,1,2025-12-27 11:42:00.000000,2025-12-27 11:42:59.999922,1,BAY01_0670_20251227_113448_000.7z
2025-12-27 11:43:00,14634.293936,14.634293936,7062.520711,7568.139945,3.633280,768000,768000,1.000000000,1,2025-12-27 11:43:00.000000,2025-12-27 11:43:59.999922,1,BAY01_0670_20251227_113448_000.7z
2025-12-27 11:44:00,14629.567641,14.629567641,7063.064916,7562.792352,3.710373,614505,768000,0.800136719,0,2025-12-27 11:44:00.000000,2025-12-27 11:44:48.008125,1,BAY01_0670_20251227_113448_000.7z
2025-12-27 11:45:00,14626.925951,14.626925951,7064.673488,7558.663770,3.588692,627200,768000,0.816666667,0,2025-12-27 11:45:11.000000,2025-12-27 11:45:59.999922,1,BAY01_0671_20251227_114511_000.7z
2025-12-27 11:46:00,14630.152709,14.630152709,7065.523104,7561.298953,3.330652,768000,768000,1.000000000,1,2025-12-27 11:46:00.000000,2025-12-27 11:46:59.999922,1,BAY01_0671_20251227_114511_000.7z
2025-12-27 11:47:00,14612.392781,14.612392781,7065.101620,7544.252537,3.038623,768000,768000,1.000000000,1,2025-12-27 11:47:00.000000,2025-12-27 11:47:59.999922,1,BAY01_0671_20251227_114511_000.7z
2025-12-27 11:48:00,14613.519273,14.613519273,7064.798128,7545.632213,3.088932,768000,768000,1.000000000,1,2025-12-27 11:48:00.000000,2025-12-27 11:48:59.999922,1,BAY01_0671_20251227_114511_000.7z
2025-12-27 11:49:00,14612.906882,14.612906882,7067.018261,7542.886454,3.002167,768000,768000,1.000000000,1,2025-12-27 11:49:00.000000,2025-12-27 11:49:59.999922,1,BAY01_0671_20251227_114511_000.7z
2025-12-27 11:50:00,14615.346364,14.615346364,7066.350374,7545.820626,3.175363,768000,768000,1.000000000,1,2025-12-27 11:50:00.000000,2025-12-27 11:50:59.999922,1,BAY01_0671_20251227_114511_000.7z
2025-12-27 11:51:00,14610.026176,14.610026176,7064.273785,7541.907705,3.844687,768000,768000,1.000000000,1,2025-12-27 11:51:00.000000,2025-12-27 11:51:59.999922,1,BAY01_0671_20251227_114511_000.7z
2025-12-27 11:52:00,14616.347583,14.616347583,7062.969585,7549.423816,3.954181,768000,768000,1.000000000,1,2025-12-27 11:52:00.000000,2025-12-27 11:52:59.999922,1,BAY01_0671_20251227_114511_000.7z
2025-12-27 11:53:00,14616.124325,14.616124325,7061.443227,7550.791551,3.889547,768000,768000,1.000000000,1,2025-12-27 11:53:00.000000,2025-12-27 11:53:59.999922,1,BAY01_0671_20251227_114511_000.7z
2025-12-27 11:54:00,14623.796816,14.623796816,7062.067813,7557.806198,3.922805,768000,768000,1.000000000,1,2025-12-27 11:54:00.000000,2025-12-27 11:54:59.999922,1,BAY01_0671_20251227_114511_000.7z
2025-12-27 11:55:00,14610.937329,14.610937329,7061.811954,7544.998108,4.127266,166482,768000,0.216773437,0,2025-12-27 11:55:00.000000,2025-12-27 11:55:59.999922,2,BAY01_0671_20251227_114511_000.7z;BAY01_0672_20251227_115558_000.7z
2025-12-27 11:56:00,14613.664962,14.613664962,7063.305091,7546.491051,3.868820,768000,768000,1.000000000,1,2025-12-27 11:56:00.000000,2025-12-27 11:56:59.999922,1,BAY01_0672_20251227_115558_000.7z
2025-12-27 11:57:00,14624.457201,14.624457201,7063.170461,7557.783592,3.503147,768000,768000,1.000000000,1,2025-12-27 11:57:00.000000,2025-12-27 11:57:59.999922,1,BAY01_0672_20251227_115558_000.7z
2025-12-27 11:58:00,14611.274480,14.611274480,7064.268725,7543.531162,3.474593,768000,768000,1.000000000,1,2025-12-27 11:58:00.000000,2025-12-27 11:58:59.999922,1,BAY01_0672_20251227_115558_000.7z
2025-12-27 11:59:00,14620.486908,14.620486908,7064.109902,7552.945929,3.431076,768000,768000,1.000000000,1,2025-12-27 11:59:00.000000,2025-12-27 11:59:59.999922,1,BAY01_0672_20251227_115558_000.7z
2025-12-27 12:00:00,14611.875754,14.611875754,7065.347222,7543.109181,3.419350,768000,768000,1.000000000,1,2025-12-27 12:00:00.000000,2025-12-27 12:00:59.999922,1,BAY01_0672_20251227_115558_000.7z
2025-12-27 12:01:00,14607.076996,14.607076996,7064.389798,7539.389660,3.297537,768000,768000,1.000000000,1,2025-12-27 12:01:00.000000,2025-12-27 12:01:59.999922,1,BAY01_0672_20251227_115558_000.7z
2025-12-27 12:02:00,14622.923113,14.622923113,7062.443903,7557.447453,3.031757,768000,768000,1.000000000,1,2025-12-27 12:02:00.000000,2025-12-27 12:02:59.999922,1,BAY01_0672_20251227_115558_000.7z
2025-12-27 12:03:00,14633.772952,14.633772952,7060.817447,7569.141686,3.813820,768000,768000,1.000000000,1,2025-12-27 12:03:00.000000,2025-12-27 12:03:59.999922,1,BAY01_0672_20251227_115558_000.7z
2025-12-27 12:04:00,14631.488126,14.631488126,7060.646128,7566.679816,4.162182,768000,768000,1.000000000,1,2025-12-27 12:04:00.000000,2025-12-27 12:04:59.999922,1,BAY01_0672_20251227_115558_000.7z
2025-12-27 12:05:00,14633.062035,14.633062035,7061.340377,7567.625271,4.096387,742414,768000,0.966684896,0,2025-12-27 12:05:00.000000,2025-12-27 12:05:58.001016,1,BAY01_0672_20251227_115558_000.7z
2025-12-27 12:06:00,14625.642840,14.625642840,7058.142419,7563.353939,4.146483,460800,768000,0.600000000,0,2025-12-27 12:06:24.000000,2025-12-27 12:06:59.999922,1,BAY01_0673_20251227_120624_000.7z
2025-12-27 12:07:00,14628.905536,14.628905536,7058.140146,7566.667239,4.098151,768000,768000,1.000000000,1,2025-12-27 12:07:00.000000,2025-12-27 12:07:59.999922,1,BAY01_0673_20251227_120624_000.7z
2025-12-27 12:08:00,14628.596425,14.628596425,7057.326625,7567.133805,4.135994,768000,768000,1.000000000,1,2025-12-27 12:08:00.000000,2025-12-27 12:08:59.999922,1,BAY01_0673_20251227_120624_000.7z
2025-12-27 12:09:00,14630.482693,14.630482693,7057.158688,7569.135359,4.188646,768000,768000,1.000000000,1,2025-12-27 12:09:00.000000,2025-12-27 12:09:59.999922,1,BAY01_0673_20251227_120624_000.7z
2025-12-27 12:10:00,14625.906068,14.625906068,7056.390028,7565.316924,4.199117,768000,768000,1.000000000,1,2025-12-27 12:10:00.000000,2025-12-27 12:10:59.999922,1,BAY01_0673_20251227_120624_000.7z
2025-12-27 12:11:00,14618.736378,14.618736378,7055.108920,7559.484039,4.143419,768000,768000,1.000000000,1,2025-12-27 12:11:00.000000,2025-12-27 12:11:59.999922,1,BAY01_0673_20251227_120624_000.7z
2025-12-27 12:12:00,14627.489604,14.627489604,7056.451565,7566.941633,4.096405,768000,768000,1.000000000,1,2025-12-27 12:12:00.000000,2025-12-27 12:12:59.999922,1,BAY01_0673_20251227_120624_000.7z
2025-12-27 12:13:00,14620.925201,14.620925201,7058.224474,7558.572200,4.128527,768000,768000,1.000000000,1,2025-12-27 12:13:00.000000,2025-12-27 12:13:59.999922,1,BAY01_0673_20251227_120624_000.7z
2025-12-27 12:14:00,14619.517569,14.619517569,7059.419826,7555.896061,4.201683,768000,768000,1.000000000,1,2025-12-27 12:14:00.000000,2025-12-27 12:14:59.999922,1,BAY01_0673_20251227_120624_000.7z
2025-12-27 12:15:00,14611.724184,14.611724184,7061.485404,7546.011890,4.226891,768000,768000,1.000000000,1,2025-12-27 12:15:00.000000,2025-12-27 12:15:59.999922,1,BAY01_0673_20251227_120624_000.7z
2025-12-27 12:16:00,14619.193331,14.619193331,7064.706132,7550.373223,4.113975,358437,768000,0.466714844,0,2025-12-27 12:16:00.000000,2025-12-27 12:16:59.999922,2,BAY01_0673_20251227_120624_000.7z;BAY01_0674_20251227_121656_000.7z
2025-12-27 12:17:00,14621.100786,14.621100786,7064.276303,7552.744831,4.079651,768000,768000,1.000000000,1,2025-12-27 12:17:00.000000,2025-12-27 12:17:59.999922,1,BAY01_0674_20251227_121656_000.7z
2025-12-27 12:18:00,14622.204427,14.622204427,7062.870967,7555.266195,4.067265,768000,768000,1.000000000,1,2025-12-27 12:18:00.000000,2025-12-27 12:18:59.999922,1,BAY01_0674_20251227_121656_000.7z
2025-12-27 12:19:00,14618.418823,14.618418823,7060.842301,7553.377806,4.198716,768000,768000,1.000000000,1,2025-12-27 12:19:00.000000,2025-12-27 12:19:59.999922,1,BAY01_0674_20251227_121656_000.7z
2025-12-27 12:20:00,14632.630947,14.632630947,7061.544080,7566.953974,4.132893,768000,768000,1.000000000,1,2025-12-27 12:20:00.000000,2025-12-27 12:20:59.999922,1,BAY01_0674_20251227_121656_000.7z
2025-12-27 12:21:00,14633.943801,14.633943801,7060.047321,7569.726511,4.169970,768000,768000,1.000000000,1,2025-12-27 12:21:00.000000,2025-12-27 12:21:59.999922,1,BAY01_0674_20251227_121656_000.7z
2025-12-27 12:22:00,14618.748649,14.618748649,7059.689099,7554.900338,4.159212,768000,768000,1.000000000,1,2025-12-27 12:22:00.000000,2025-12-27 12:22:59.999922,1,BAY01_0674_20251227_121656_000.7z
2025-12-27 12:23:00,14629.017948,14.629017948,7060.070086,7564.839492,4.108371,768000,768000,1.000000000,1,2025-12-27 12:23:00.000000,2025-12-27 12:23:59.999922,1,BAY01_0674_20251227_121656_000.7z
2025-12-27 12:24:00,14619.680692,14.619680692,7061.408776,7554.083756,4.188161,768000,768000,1.000000000,1,2025-12-27 12:24:00.000000,2025-12-27 12:24:59.999922,1,BAY01_0674_20251227_121656_000.7z
2025-12-27 12:25:00,14629.338931,14.629338931,7060.318154,7564.829972,4.190805,768000,768000,1.000000000,1,2025-12-27 12:25:00.000000,2025-12-27 12:25:59.999922,1,BAY01_0674_20251227_121656_000.7z
2025-12-27 12:26:00,14630.480916,14.630480916,7057.399666,7568.888968,4.192281,716923,768000,0.933493490,0,2025-12-27 12:26:00.000000,2025-12-27 12:26:56.009531,1,BAY01_0674_20251227_121656_000.7z
2025-12-27 12:27:00,14628.418742,14.628418742,7058.676763,7565.597955,4.144023,332800,768000,0.433333333,0,2025-12-27 12:27:34.000000,2025-12-27 12:27:59.999922,1,BAY01_0675_20251227_122734_000.7z
2025-12-27 12:28:00,14632.853890,14.632853890,7059.704538,7569.062887,4.086465,768000,768000,1.000000000,1,2025-12-27 12:28:00.000000,2025-12-27 12:28:59.999922,1,BAY01_0675_20251227_122734_000.7z
2025-12-27 12:29:00,14640.293978,14.640293978,7058.875972,7577.333583,4.084422,768000,768000,1.000000000,1,2025-12-27 12:29:00.000000,2025-12-27 12:29:59.999922,1,BAY01_0675_20251227_122734_000.7z
2025-12-27 12:30:00,14634.683050,14.634683050,7058.166214,7572.392860,4.123976,768000,768000,1.000000000,1,2025-12-27 12:30:00.000000,2025-12-27 12:30:59.999922,1,BAY01_0675_20251227_122734_000.7z
2025-12-27 12:31:00,14629.811232,14.629811232,7060.279685,7565.423155,4.108392,768000,768000,1.000000000,1,2025-12-27 12:31:00.000000,2025-12-27 12:31:59.999922,1,BAY01_0675_20251227_122734_000.7z
2025-12-27 12:32:00,14625.490987,14.625490987,7057.135217,7564.211152,4.144618,768000,768000,1.000000000,1,2025-12-27 12:32:00.000000,2025-12-27 12:32:59.999922,1,BAY01_0675_20251227_122734_000.7z
2025-12-27 12:33:00,14608.811127,14.608811127,7061.116027,7543.579069,4.116030,768000,768000,1.000000000,1,2025-12-27 12:33:00.000000,2025-12-27 12:33:59.999922,1,BAY01_0675_20251227_122734_000.7z
2025-12-27 12:34:00,14606.798310,14.606798310,7061.475057,7541.176101,4.147153,768000,768000,1.000000000,1,2025-12-27 12:34:00.000000,2025-12-27 12:34:59.999922,1,BAY01_0675_20251227_122734_000.7z
2025-12-27 12:35:00,14620.006000,14.620006000,7061.674714,7554.196943,4.134343,768000,768000,1.000000000,1,2025-12-27 12:35:00.000000,2025-12-27 12:35:59.999922,1,BAY01_0675_20251227_122734_000.7z
2025-12-27 12:36:00,14638.690554,14.638690554,7059.257919,7575.368161,4.064474,768000,768000,1.000000000,1,2025-12-27 12:36:00.000000,2025-12-27 12:36:59.999922,1,BAY01_0675_20251227_122734_000.7z
2025-12-27 12:37:00,14642.122730,14.642122730,7057.785477,7580.350048,3.987205,435239,768000,0.566717448,0,2025-12-27 12:37:00.000000,2025-12-27 12:37:34.002969,1,BAY01_0675_20251227_122734_000.7z
2025-12-27 12:38:00,14643.018316,14.643018316,7059.169239,7579.849702,3.999375,601600,768000,0.783333333,0,2025-12-27 12:38:13.000000,2025-12-27 12:38:59.999922,1,BAY01_0676_20251227_123813_000.7z
2025-12-27 12:39:00,14635.771410,14.635771410,7058.697183,7572.931679,4.142548,768000,768000,1.000000000,1,2025-12-27 12:39:00.000000,2025-12-27 12:39:59.999922,1,BAY01_0676_20251227_123813_000.7z
2025-12-27 12:40:00,14624.947314,14.624947314,7060.796832,7559.950254,4.200228,768000,768000,1.000000000,1,2025-12-27 12:40:00.000000,2025-12-27 12:40:59.999922,1,BAY01_0676_20251227_123813_000.7z
2025-12-27 12:41:00,14636.968001,14.636968001,7062.834983,7569.895772,4.237245,768000,768000,1.000000000,1,2025-12-27 12:41:00.000000,2025-12-27 12:41:59.999922,1,BAY01_0676_20251227_123813_000.7z
2025-12-27 12:42:00,14640.550963,14.640550963,7062.252270,7574.164362,4.134332,768000,768000,1.000000000,1,2025-12-27 12:42:00.000000,2025-12-27 12:42:59.999922,1,BAY01_0676_20251227_123813_000.7z
2025-12-27 12:43:00,14625.233333,14.625233333,7061.324051,7559.709293,4.199989,768000,768000,1.000000000,1,2025-12-27 12:43:00.000000,2025-12-27 12:43:59.999922,1,BAY01_0676_20251227_123813_000.7z
2025-12-27 12:44:00,14630.169383,14.630169383,7057.716847,7568.375647,4.076888,768000,768000,1.000000000,1,2025-12-27 12:44:00.000000,2025-12-27 12:44:59.999922,1,BAY01_0676_20251227_123813_000.7z
2025-12-27 12:45:00,14645.200266,14.645200266,7054.221800,7587.187717,3.790749,768000,768000,1.000000000,1,2025-12-27 12:45:00.000000,2025-12-27 12:45:59.999922,1,BAY01_0676_20251227_123813_000.7z
2025-12-27 12:46:00,14654.532904,14.654532904,7053.427940,7597.325679,3.779285,768000,768000,1.000000000,1,2025-12-27 12:46:00.000000,2025-12-27 12:46:59.999922,1,BAY01_0676_20251227_123813_000.7z
2025-12-27 12:47:00,14656.020905,14.656020905,7051.836491,7600.341938,3.842475,768000,768000,1.000000000,1,2025-12-27 12:47:00.000000,2025-12-27 12:47:59.999922,1,BAY01_0676_20251227_123813_000.7z
2025-12-27 12:48:00,14655.929069,14.655929069,7057.813083,7594.137703,3.978283,166501,768000,0.216798177,0,2025-12-27 12:48:00.000000,2025-12-27 12:48:13.007812,1,BAY01_0676_20251227_123813_000.7z
2025-12-27 12:49:00,14653.516247,14.653516247,7058.271397,7591.349053,3.895798,652800,768000,0.850000000,0,2025-12-27 12:49:09.000000,2025-12-27 12:49:59.999922,1,BAY01_0677_20251227_124909_000.7z
2025-12-27 12:50:00,14656.765836,14.656765836,7057.183969,7595.773105,3.808763,768000,768000,1.000000000,1,2025-12-27 12:50:00.000000,2025-12-27 12:50:59.999922,1,BAY01_0677_20251227_124909_000.7z
2025-12-27 12:51:00,14660.467811,14.660467811,7060.717739,7595.976623,3.773449,768000,768000,1.000000000,1,2025-12-27 12:51:00.000000,2025-12-27 12:51:59.999922,1,BAY01_0677_20251227_124909_000.7z
2025-12-27 12:52:00,14662.149445,14.662149445,7059.022405,7598.682587,4.444453,768000,768000,1.000000000,1,2025-12-27 12:52:00.000000,2025-12-27 12:52:59.999922,1,BAY01_0677_20251227_124909_000.7z
2025-12-27 12:53:00,16261.148448,16.261148448,7059.297840,7596.725214,1605.125395,768000,768000,1.000000000,1,2025-12-27 12:53:00.000000,2025-12-27 12:53:59.999922,1,BAY01_0677_20251227_124909_000.7z
2025-12-27 12:54:00,18013.542025,18.013542025,7060.001962,7604.720055,3348.820008,768000,768000,1.000000000,1,2025-12-27 12:54:00.000000,2025-12-27 12:54:59.999922,1,BAY01_0677_20251227_124909_000.7z
2025-12-27 12:55:00,18021.819447,18.021819447,7059.465269,7598.042915,3364.311262,768000,768000,1.000000000,1,2025-12-27 12:55:00.000000,2025-12-27 12:55:59.999922,1,BAY01_0677_20251227_124909_000.7z
2025-12-27 12:56:00,18032.730009,18.032730009,7059.820335,7598.953918,3373.955757,768000,768000,1.000000000,1,2025-12-27 12:56:00.000000,2025-12-27 12:56:59.999922,1,BAY01_0677_20251227_124909_000.7z
2025-12-27 12:57:00,18029.264567,18.029264567,7063.734106,7584.644778,3380.885683,768000,768000,1.000000000,1,2025-12-27 12:57:00.000000,2025-12-27 12:57:59.999922,1,BAY01_0677_20251227_124909_000.7z
2025-12-27 12:58:00,18046.445033,18.046445033,7063.279557,7596.763723,3386.401754,768000,768000,1.000000000,1,2025-12-27 12:58:00.000000,2025-12-27 12:58:59.999922,1,BAY01_0677_20251227_124909_000.7z
2025-12-27 12:59:00,18057.727089,18.057727089,7061.318711,7606.081878,3390.326500,217710,768000,0.283476562,0,2025-12-27 12:59:00.000000,2025-12-27 12:59:59.999922,2,BAY01_0677_20251227_124909_000.7z;BAY01_0678_20251227_125952_000.7z
2025-12-27 13:00:00,18059.031373,18.059031373,7059.408828,7599.650814,3399.971732,768000,768000,1.000000000,1,2025-12-27 13:00:00.000000,2025-12-27 13:00:59.999922,1,BAY01_0678_20251227_125952_000.7z
2025-12-27 13:01:00,18079.127518,18.079127518,7059.396721,7612.315550,3407.415247,768000,768000,1.000000000,1,2025-12-27 13:01:00.000000,2025-12-27 13:01:59.999922,1,BAY01_0678_20251227_125952_000.7z
2025-12-27 13:02:00,18088.888933,18.088888933,7059.479956,7608.877262,3420.531715,768000,768000,1.000000000,1,2025-12-27 13:02:00.000000,2025-12-27 13:02:59.999922,1,BAY01_0678_20251227_125952_000.7z
2025-12-27 13:03:00,18087.773058,18.087773058,7061.243197,7600.863055,3425.666806,768000,768000,1.000000000,1,2025-12-27 13:03:00.000000,2025-12-27 13:03:59.999922,1,BAY01_0678_20251227_125952_000.7z
2025-12-27 13:04:00,18099.683632,18.099683632,7061.126068,7606.488003,3432.069561,768000,768000,1.000000000,1,2025-12-27 13:04:00.000000,2025-12-27 13:04:59.999922,1,BAY01_0678_20251227_125952_000.7z
2025-12-27 13:05:00,18108.536480,18.108536480,7060.149562,7612.632336,3435.754583,768000,768000,1.000000000,1,2025-12-27 13:05:00.000000,2025-12-27 13:05:59.999922,1,BAY01_0678_20251227_125952_000.7z
2025-12-27 13:06:00,18105.363602,18.105363602,7062.160622,7602.783308,3440.419673,768000,768000,1.000000000,1,2025-12-27 13:06:00.000000,2025-12-27 13:06:59.999922,1,BAY01_0678_20251227_125952_000.7z
2025-12-27 13:07:00,18124.441137,18.124441137,7059.264600,7619.609712,3445.566825,768000,768000,1.000000000,1,2025-12-27 13:07:00.000000,2025-12-27 13:07:59.999922,1,BAY01_0678_20251227_125952_000.7z
2025-12-27 13:08:00,18128.971832,18.128971832,7061.470646,7616.813611,3450.687575,768000,768000,1.000000000,1,2025-12-27 13:08:00.000000,2025-12-27 13:08:59.999922,1,BAY01_0678_20251227_125952_000.7z
2025-12-27 13:09:00,18125.832582,18.125832582,7062.303528,7616.537466,3446.991588,665643,768000,0.866722656,0,2025-12-27 13:09:00.000000,2025-12-27 13:09:52.003281,1,BAY01_0678_20251227_125952_000.7z
2025-12-27 13:10:00,18132.319621,18.132319621,7059.442729,7623.470084,3449.406808,332800,768000,0.433333333,0,2025-12-27 13:10:34.000000,2025-12-27 13:10:59.999922,1,BAY01_0679_20251227_131034_000.7z
2025-12-27 13:11:00,18138.641327,18.138641327,7060.832273,7625.618225,3452.190829,768000,768000,1.000000000,1,2025-12-27 13:11:00.000000,2025-12-27 13:11:59.999922,1,BAY01_0679_20251227_131034_000.7z
2025-12-27 13:12:00,18143.820826,18.143820826,7060.144560,7622.138776,3461.537490,768000,768000,1.000000000,1,2025-12-27 13:12:00.000000,2025-12-27 13:12:59.999922,1,BAY01_0679_20251227_131034_000.7z
2025-12-27 13:13:00,18143.234219,18.143234219,7061.830017,7616.798286,3464.605916,768000,768000,1.000000000,1,2025-12-27 13:13:00.000000,2025-12-27 13:13:59.999922,1,BAY01_0679_20251227_131034_000.7z
2025-12-27 13:14:00,18137.058564,18.137058564,7060.639082,7609.540257,3466.879225,768000,768000,1.000000000,1,2025-12-27 13:14:00.000000,2025-12-27 13:14:59.999922,1,BAY01_0679_20251227_131034_000.7z
2025-12-27 13:15:00,18137.949619,18.137949619,7061.081153,7607.928172,3468.940294,768000,768000,1.000000000,1,2025-12-27 13:15:00.000000,2025-12-27 13:15:59.999922,1,BAY01_0679_20251227_131034_000.7z
2025-12-27 13:16:00,18125.303605,18.125303605,7061.654844,7595.098961,3468.549801,768000,768000,1.000000000,1,2025-12-27 13:16:00.000000,2025-12-27 13:16:59.999922,1,BAY01_0679_20251227_131034_000.7z
2025-12-27 13:17:00,18139.992190,18.139992190,7061.054765,7607.562513,3471.374912,768000,768000,1.000000000,1,2025-12-27 13:17:00.000000,2025-12-27 13:17:59.999922,1,BAY01_0679_20251227_131034_000.7z
2025-12-27 13:18:00,18138.999406,18.138999406,7063.385989,7600.296812,3475.316605,768000,768000,1.000000000,1,2025-12-27 13:18:00.000000,2025-12-27 13:18:59.999922,1,BAY01_0679_20251227_131034_000.7z
2025-12-27 13:19:00,18135.408409,18.135408409,7062.796548,7601.442112,3471.169749,768000,768000,1.000000000,1,2025-12-27 13:19:00.000000,2025-12-27 13:19:59.999922,1,BAY01_0679_20251227_131034_000.7z
2025-12-27 13:20:00,18125.348192,18.125348192,7062.159661,7591.394676,3471.793854,435214,768000,0.566684896,0,2025-12-27 13:20:00.000000,2025-12-27 13:20:34.001016,1,BAY01_0679_20251227_131034_000.7z
2025-12-27 13:21:00,18150.206365,18.150206365,7061.167809,7616.481513,3472.557044,588800,768000,0.766666667,0,2025-12-27 13:21:14.000000,2025-12-27 13:21:59.999922,1,BAY01_0680_20251227_132114_000.7z
2025-12-27 13:22:00,18151.984539,18.151984539,7062.950270,7614.577118,3474.457152,768000,768000,1.000000000,1,2025-12-27 13:22:00.000000,2025-12-27 13:22:59.999922,1,BAY01_0680_20251227_132114_000.7z
2025-12-27 13:23:00,18150.118262,18.150118262,7062.467596,7618.881687,3468.768979,768000,768000,1.000000000,1,2025-12-27 13:23:00.000000,2025-12-27 13:23:59.999922,1,BAY01_0680_20251227_132114_000.7z
2025-12-27 13:24:00,18147.619272,18.147619272,7062.841300,7615.489946,3469.288026,768000,768000,1.000000000,1,2025-12-27 13:24:00.000000,2025-12-27 13:24:59.999922,1,BAY01_0680_20251227_132114_000.7z
2025-12-27 13:25:00,18143.456978,18.143456978,7062.289213,7612.094366,3469.073399,768000,768000,1.000000000,1,2025-12-27 13:25:00.000000,2025-12-27 13:25:59.999922,1,BAY01_0680_20251227_132114_000.7z
2025-12-27 13:26:00,18145.574153,18.145574153,7061.409175,7621.388542,3462.776436,768000,768000,1.000000000,1,2025-12-27 13:26:00.000000,2025-12-27 13:26:59.999922,1,BAY01_0680_20251227_132114_000.7z
2025-12-27 13:27:00,18148.921669,18.148921669,7060.325698,7623.766832,3464.829139,768000,768000,1.000000000,1,2025-12-27 13:27:00.000000,2025-12-27 13:27:59.999922,1,BAY01_0680_20251227_132114_000.7z
2025-12-27 13:28:00,18148.906814,18.148906814,7061.488158,7624.212786,3463.205870,768000,768000,1.000000000,1,2025-12-27 13:28:00.000000,2025-12-27 13:28:59.999922,1,BAY01_0680_20251227_132114_000.7z
2025-12-27 13:29:00,18137.336906,18.137336906,7062.671508,7612.472033,3462.193365,768000,768000,1.000000000,1,2025-12-27 13:29:00.000000,2025-12-27 13:29:59.999922,1,BAY01_0680_20251227_132114_000.7z
2025-12-27 13:30:00,18154.003016,18.154003016,7061.467329,7626.526237,3466.009449,768000,768000,1.000000000,1,2025-12-27 13:30:00.000000,2025-12-27 13:30:59.999922,1,BAY01_0680_20251227_132114_000.7z
2025-12-27 13:31:00,18163.259401,18.163259401,7060.366023,7638.248751,3464.644627,179321,768000,0.233490885,0,2025-12-27 13:31:00.000000,2025-12-27 13:31:14.009375,1,BAY01_0680_20251227_132114_000.7z
2025-12-27 13:32:00,18147.368362,18.147368362,7060.239588,7620.538151,3466.590623,691200,768000,0.900000000,0,2025-12-27 13:32:06.000000,2025-12-27 13:32:59.999922,1,BAY01_0681_20251227_133206_000.7z
2025-12-27 13:33:00,18154.313344,18.154313344,7061.536402,7628.573981,3464.202961,768000,768000,1.000000000,1,2025-12-27 13:33:00.000000,2025-12-27 13:33:59.999922,1,BAY01_0681_20251227_133206_000.7z
2025-12-27 13:34:00,18154.420786,18.154420786,7062.076329,7622.681728,3469.662728,768000,768000,1.000000000,1,2025-12-27 13:34:00.000000,2025-12-27 13:34:59.999922,1,BAY01_0681_20251227_133206_000.7z
2025-12-27 13:35:00,18156.920589,18.156920589,7061.218783,7635.400914,3460.300892,768000,768000,1.000000000,1,2025-12-27 13:35:00.000000,2025-12-27 13:35:59.999922,1,BAY01_0681_20251227_133206_000.7z
2025-12-27 13:36:00,18131.010367,18.131010367,7061.546503,7611.044519,3458.419345,768000,768000,1.000000000,1,2025-12-27 13:36:00.000000,2025-12-27 13:36:59.999922,1,BAY01_0681_20251227_133206_000.7z
2025-12-27 13:37:00,18131.685747,18.131685747,7061.851144,7609.627560,3460.207042,768000,768000,1.000000000,1,2025-12-27 13:37:00.000000,2025-12-27 13:37:59.999922,1,BAY01_0681_20251227_133206_000.7z
2025-12-27 13:38:00,18144.329052,18.144329052,7061.761971,7623.837242,3458.729840,768000,768000,1.000000000,1,2025-12-27 13:38:00.000000,2025-12-27 13:38:59.999922,1,BAY01_0681_20251227_133206_000.7z
2025-12-27 13:39:00,18149.426462,18.149426462,7060.836871,7628.477655,3460.111936,768000,768000,1.000000000,1,2025-12-27 13:39:00.000000,2025-12-27 13:39:59.999922,1,BAY01_0681_20251227_133206_000.7z
2025-12-27 13:40:00,18143.066531,18.143066531,7061.450223,7615.480939,3466.135369,768000,768000,1.000000000,1,2025-12-27 13:40:00.000000,2025-12-27 13:40:59.999922,1,BAY01_0681_20251227_133206_000.7z
2025-12-27 13:41:00,18153.294377,18.153294377,7062.693117,7624.752218,3465.849042,768000,768000,1.000000000,1,2025-12-27 13:41:00.000000,2025-12-27 13:41:59.999922,1,BAY01_0681_20251227_133206_000.7z
2025-12-27 13:42:00,18153.197735,18.153197735,7059.567692,7631.896725,3461.733319,230724,768000,0.300421875,0,2025-12-27 13:42:00.000000,2025-12-27 13:42:59.999922,2,BAY01_0681_20251227_133206_000.7z;BAY01_0682_20251227_134248_000.7z
2025-12-27 13:43:00,18167.468690,18.167468690,7062.193359,7642.403354,3462.871977,768000,768000,1.000000000,1,2025-12-27 13:43:00.000000,2025-12-27 13:43:59.999922,1,BAY01_0682_20251227_134248_000.7z
2025-12-27 13:44:00,18158.257512,18.158257512,7062.278503,7635.091052,3460.887957,768000,768000,1.000000000,1,2025-12-27 13:44:00.000000,2025-12-27 13:44:59.999922,1,BAY01_0682_20251227_134248_000.7z
2025-12-27 13:45:00,18151.575170,18.151575170,7061.825354,7634.169728,3455.580088,768000,768000,1.000000000,1,2025-12-27 13:45:00.000000,2025-12-27 13:45:59.999922,1,BAY01_0682_20251227_134248_000.7z
2025-12-27 13:46:00,18178.346402,18.178346402,7061.051854,7658.022807,3459.271740,768000,768000,1.000000000,1,2025-12-27 13:46:00.000000,2025-12-27 13:46:59.999922,1,BAY01_0682_20251227_134248_000.7z
2025-12-27 13:47:00,18171.221172,18.171221172,7062.136326,7645.541447,3463.543399,768000,768000,1.000000000,1,2025-12-27 13:47:00.000000,2025-12-27 13:47:59.999922,1,BAY01_0682_20251227_134248_000.7z
2025-12-27 13:48:00,18176.736883,18.176736883,7061.737104,7654.372627,3460.627152,768000,768000,1.000000000,1,2025-12-27 13:48:00.000000,2025-12-27 13:48:59.999922,1,BAY01_0682_20251227_134248_000.7z
2025-12-27 13:49:00,18168.013264,18.168013264,7062.109791,7644.026359,3461.877113,768000,768000,1.000000000,1,2025-12-27 13:49:00.000000,2025-12-27 13:49:59.999922,1,BAY01_0682_20251227_134248_000.7z
2025-12-27 13:50:00,18183.377438,18.183377438,7063.584958,7658.371268,3461.421211,768000,768000,1.000000000,1,2025-12-27 13:50:00.000000,2025-12-27 13:50:59.999922,1,BAY01_0682_20251227_134248_000.7z
2025-12-27 13:51:00,18170.435430,18.170435430,7063.654299,7648.401204,3458.379928,768000,768000,1.000000000,1,2025-12-27 13:51:00.000000,2025-12-27 13:51:59.999922,1,BAY01_0682_20251227_134248_000.7z
2025-12-27 13:52:00,18153.809178,18.153809178,7063.500376,7632.635258,3457.673543,614426,768000,0.800033854,0,2025-12-27 13:52:00.000000,2025-12-27 13:52:48.001953,1,BAY01_0682_20251227_134248_000.7z
2025-12-27 13:53:00,18154.968597,18.154968597,7062.758564,7636.457646,3455.752387,396800,768000,0.516666667,0,2025-12-27 13:53:29.000000,2025-12-27 13:53:59.999922,1,BAY01_0683_20251227_135329_000.7z
2025-12-27 13:54:00,18156.641347,18.156641347,7063.503337,7632.802799,3460.335211,768000,768000,1.000000000,1,2025-12-27 13:54:00.000000,2025-12-27 13:54:59.999922,1,BAY01_0683_20251227_135329_000.7z
2025-12-27 13:55:00,18156.329333,18.156329333,7063.444130,7633.645131,3459.240072,768000,768000,1.000000000,1,2025-12-27 13:55:00.000000,2025-12-27 13:55:59.999922,1,BAY01_0683_20251227_135329_000.7z
2025-12-27 13:56:00,18163.438517,18.163438517,7063.810783,7640.542862,3459.084872,768000,768000,1.000000000,1,2025-12-27 13:56:00.000000,2025-12-27 13:56:59.999922,1,BAY01_0683_20251227_135329_000.7z
2025-12-27 13:57:00,18163.043822,18.163043822,7064.789439,7640.931354,3457.323029,768000,768000,1.000000000,1,2025-12-27 13:57:00.000000,2025-12-27 13:57:59.999922,1,BAY01_0683_20251227_135329_000.7z
2025-12-27 13:58:00,18133.718268,18.133718268,7063.874581,7642.006808,3427.836878,768000,768000,1.000000000,1,2025-12-27 13:58:00.000000,2025-12-27 13:58:59.999922,1,BAY01_0683_20251227_135329_000.7z
2025-12-27 13:59:00,18134.013383,18.134013383,7063.633735,7642.461335,3427.918313,768000,768000,1.000000000,1,2025-12-27 13:59:00.000000,2025-12-27 13:59:59.999922,1,BAY01_0683_20251227_135329_000.7z
2025-12-27 14:00:00,18120.384275,18.120384275,7064.034082,7636.655799,3419.694394,768000,768000,1.000000000,1,2025-12-27 14:00:00.000000,2025-12-27 14:00:59.999922,1,BAY01_0683_20251227_135329_000.7z
2025-12-27 14:01:00,18124.626661,18.124626661,7065.597552,7631.822039,3427.207070,768000,768000,1.000000000,1,2025-12-27 14:01:00.000000,2025-12-27 14:01:59.999922,1,BAY01_0683_20251227_135329_000.7z
2025-12-27 14:02:00,18118.363062,18.118363062,7063.672403,7632.669277,3422.021382,768000,768000,1.000000000,1,2025-12-27 14:02:00.000000,2025-12-27 14:02:59.999922,1,BAY01_0683_20251227_135329_000.7z
2025-12-27 14:03:00,18120.818953,18.120818953,7063.482686,7635.738857,3421.597410,371250,768000,0.483398438,0,2025-12-27 14:03:00.000000,2025-12-27 14:03:29.003828,1,BAY01_0683_20251227_135329_000.7z
2025-12-27 14:04:00,18134.005573,18.134005573,7062.236346,7631.881676,3439.887551,512000,768000,0.666666667,0,2025-12-27 14:04:20.000000,2025-12-27 14:04:59.999922,1,BAY01_0684_20251227_140420_000.7z
2025-12-27 14:05:00,18116.791829,18.116791829,7062.728587,7633.740003,3420.323239,768000,768000,1.000000000,1,2025-12-27 14:05:00.000000,2025-12-27 14:05:59.999922,1,BAY01_0684_20251227_140420_000.7z
2025-12-27 14:06:00,18153.136147,18.153136147,7063.311517,7654.281418,3435.543212,768000,768000,1.000000000,1,2025-12-27 14:06:00.000000,2025-12-27 14:06:59.999922,1,BAY01_0684_20251227_140420_000.7z
2025-12-27 14:07:00,18137.574176,18.137574176,7063.932591,7650.094294,3423.547291,768000,768000,1.000000000,1,2025-12-27 14:07:00.000000,2025-12-27 14:07:59.999922,1,BAY01_0684_20251227_140420_000.7z
2025-12-27 14:08:00,18144.273405,18.144273405,7064.661827,7650.062114,3429.549464,768000,768000,1.000000000,1,2025-12-27 14:08:00.000000,2025-12-27 14:08:59.999922,1,BAY01_0684_20251227_140420_000.7z
2025-12-27 14:09:00,18144.668975,18.144668975,7065.542938,7642.955621,3436.170416,768000,768000,1.000000000,1,2025-12-27 14:09:00.000000,2025-12-27 14:09:59.999922,1,BAY01_0684_20251227_140420_000.7z
2025-12-27 14:10:00,14734.586545,14.734586545,7065.204642,7641.816622,27.565282,768000,768000,1.000000000,1,2025-12-27 14:10:00.000000,2025-12-27 14:10:59.999922,1,BAY01_0684_20251227_140420_000.7z
2025-12-27 14:11:00,14716.692083,14.716692083,7066.021607,7645.411467,5.259009,768000,768000,1.000000000,1,2025-12-27 14:11:00.000000,2025-12-27 14:11:59.999922,1,BAY01_0684_20251227_140420_000.7z
2025-12-27 14:12:00,14704.190570,14.704190570,7067.568611,7631.400509,5.221450,768000,768000,1.000000000,1,2025-12-27 14:12:00.000000,2025-12-27 14:12:59.999922,1,BAY01_0684_20251227_140420_000.7z
2025-12-27 14:13:00,14713.966218,14.713966218,7065.309122,7643.448386,5.208711,768000,768000,1.000000000,1,2025-12-27 14:13:00.000000,2025-12-27 14:13:59.999922,1,BAY01_0684_20251227_140420_000.7z
2025-12-27 14:14:00,14713.700494,14.713700494,7066.345901,7642.229255,5.125338,256025,768000,0.333365885,0,2025-12-27 14:14:00.000000,2025-12-27 14:14:20.001875,1,BAY01_0684_20251227_140420_000.7z
2025-12-27 14:15:00,14725.256721,14.725256721,7064.779349,7654.782863,5.694509,652800,768000,0.850000000,0,2025-12-27 14:15:09.000000,2025-12-27 14:15:59.999922,1,BAY01_0685_20251227_141509_000.7z
2025-12-27 14:16:00,14715.772779,14.715772779,7066.220364,7644.064432,5.487983,768000,768000,1.000000000,1,2025-12-27 14:16:00.000000,2025-12-27 14:16:59.999922,1,BAY01_0685_20251227_141509_000.7z
2025-12-27 14:17:00,14704.600989,14.704600989,7069.726901,7629.656429,5.217659,768000,768000,1.000000000,1,2025-12-27 14:17:00.000000,2025-12-27 14:17:59.999922,1,BAY01_0685_20251227_141509_000.7z
2025-12-27 14:18:00,14703.879131,14.703879131,7068.315213,7630.361716,5.202201,768000,768000,1.000000000,1,2025-12-27 14:18:00.000000,2025-12-27 14:18:59.999922,1,BAY01_0685_20251227_141509_000.7z
2025-12-27 14:19:00,14718.319428,14.718319428,7066.896135,7646.182070,5.241223,768000,768000,1.000000000,1,2025-12-27 14:19:00.000000,2025-12-27 14:19:59.999922,1,BAY01_0685_20251227_141509_000.7z
2025-12-27 14:20:00,14719.543238,14.719543238,7067.747324,7646.570323,5.225592,768000,768000,1.000000000,1,2025-12-27 14:20:00.000000,2025-12-27 14:20:59.999922,1,BAY01_0685_20251227_141509_000.7z
2025-12-27 14:21:00,14718.452471,14.718452471,7066.917491,7646.610824,4.924156,768000,768000,1.000000000,1,2025-12-27 14:21:00.000000,2025-12-27 14:21:59.999922,1,BAY01_0685_20251227_141509_000.7z
2025-12-27 14:22:00,14714.665661,14.714665661,7066.653873,7643.092564,4.919224,768000,768000,1.000000000,1,2025-12-27 14:22:00.000000,2025-12-27 14:22:59.999922,1,BAY01_0685_20251227_141509_000.7z
2025-12-27 14:23:00,14716.836340,14.716836340,7064.810465,7647.235497,4.790377,768000,768000,1.000000000,1,2025-12-27 14:23:00.000000,2025-12-27 14:23:59.999922,1,BAY01_0685_20251227_141509_000.7z
2025-12-27 14:24:00,14722.784402,14.722784402,7065.439220,7652.431480,4.913702,768000,768000,1.000000000,1,2025-12-27 14:24:00.000000,2025-12-27 14:24:59.999922,1,BAY01_0685_20251227_141509_000.7z
2025-12-27 14:25:00,14733.742787,14.733742787,7067.345325,7661.634717,4.762744,140880,768000,0.183437500,0,2025-12-27 14:25:00.000000,2025-12-27 14:25:59.999922,2,BAY01_0685_20251227_141509_000.7z;BAY01_0686_20251227_142558_000.7z
2025-12-27 14:26:00,14731.115830,14.731115830,7065.393445,7660.887233,4.835151,768000,768000,1.000000000,1,2025-12-27 14:26:00.000000,2025-12-27 14:26:59.999922,1,BAY01_0686_20251227_142558_000.7z
2025-12-27 14:27:00,14721.685841,14.721685841,7065.447752,7651.238796,4.999293,768000,768000,1.000000000,1,2025-12-27 14:27:00.000000,2025-12-27 14:27:59.999922,1,BAY01_0686_20251227_142558_000.7z
2025-12-27 14:28:00,14695.328114,14.695328114,7070.003238,7620.475280,4.849597,768000,768000,1.000000000,1,2025-12-27 14:28:00.000000,2025-12-27 14:28:59.999922,1,BAY01_0686_20251227_142558_000.7z
2025-12-27 14:29:00,14711.806091,14.711806091,7069.637629,7637.314551,4.853911,768000,768000,1.000000000,1,2025-12-27 14:29:00.000000,2025-12-27 14:29:59.999922,1,BAY01_0686_20251227_142558_000.7z
2025-12-27 14:30:00,14716.029991,14.716029991,7067.839706,7643.444346,4.745938,768000,768000,1.000000000,1,2025-12-27 14:30:00.000000,2025-12-27 14:30:59.999922,1,BAY01_0686_20251227_142558_000.7z
2025-12-27 14:31:00,14717.488371,14.717488371,7067.097863,7645.530030,4.860478,768000,768000,1.000000000,1,2025-12-27 14:31:00.000000,2025-12-27 14:31:59.999922,1,BAY01_0686_20251227_142558_000.7z
2025-12-27 14:32:00,14714.876379,14.714876379,7069.175926,7640.870602,4.829851,768000,768000,1.000000000,1,2025-12-27 14:32:00.000000,2025-12-27 14:32:59.999922,1,BAY01_0686_20251227_142558_000.7z
2025-12-27 14:33:00,14712.678420,14.712678420,7068.599995,7639.276262,4.802163,768000,768000,1.000000000,1,2025-12-27 14:33:00.000000,2025-12-27 14:33:59.999922,1,BAY01_0686_20251227_142558_000.7z
2025-12-27 14:34:00,14717.329062,14.717329062,7069.467778,7643.044456,4.816828,768000,768000,1.000000000,1,2025-12-27 14:34:00.000000,2025-12-27 14:34:59.999922,1,BAY01_0686_20251227_142558_000.7z
2025-12-27 14:35:00,14627.087582,14.627087582,7079.579585,7542.771708,4.736289,742440,768000,0.966718750,0,2025-12-27 14:35:00.000000,2025-12-27 14:35:58.003047,1,BAY01_0686_20251227_142558_000.7z
2025-12-27 14:36:00,14578.878278,14.578878278,7087.805400,7486.285484,4.787394,396800,768000,0.516666667,0,2025-12-27 14:36:29.000000,2025-12-27 14:36:59.999922,1,BAY01_0687_20251227_143629_000.7z
2025-12-27 14:37:00,14568.114397,14.568114397,7088.295945,7475.009664,4.808788,768000,768000,1.000000000,1,2025-12-27 14:37:00.000000,2025-12-27 14:37:59.999922,1,BAY01_0687_20251227_143629_000.7z
2025-12-27 14:38:00,14569.418582,14.569418582,7088.075057,7476.519396,4.824129,768000,768000,1.000000000,1,2025-12-27 14:38:00.000000,2025-12-27 14:38:59.999922,1,BAY01_0687_20251227_143629_000.7z
2025-12-27 14:39:00,14572.276189,14.572276189,7088.138778,7479.278728,4.858684,768000,768000,1.000000000,1,2025-12-27 14:39:00.000000,2025-12-27 14:39:59.999922,1,BAY01_0687_20251227_143629_000.7z
2025-12-27 14:40:00,14566.092474,14.566092474,7089.405823,7471.917184,4.769467,768000,768000,1.000000000,1,2025-12-27 14:40:00.000000,2025-12-27 14:40:59.999922,1,BAY01_0687_20251227_143629_000.7z
2025-12-27 14:41:00,14560.304737,14.560304737,7089.474373,7466.056317,4.774046,768000,768000,1.000000000,1,2025-12-27 14:41:00.000000,2025-12-27 14:41:59.999922,1,BAY01_0687_20251227_143629_000.7z
2025-12-27 14:42:00,14563.402820,14.563402820,7089.714635,7468.897739,4.790446,768000,768000,1.000000000,1,2025-12-27 14:42:00.000000,2025-12-27 14:42:59.999922,1,BAY01_0687_20251227_143629_000.7z
2025-12-27 14:43:00,14562.171485,14.562171485,7089.728474,7467.608095,4.834916,768000,768000,1.000000000,1,2025-12-27 14:43:00.000000,2025-12-27 14:43:59.999922,1,BAY01_0687_20251227_143629_000.7z
2025-12-27 14:44:00,14547.735688,14.547735688,7091.430553,7451.475074,4.830061,768000,768000,1.000000000,1,2025-12-27 14:44:00.000000,2025-12-27 14:44:59.999922,1,BAY01_0687_20251227_143629_000.7z
2025-12-27 14:45:00,14546.143307,14.546143307,7091.980284,7449.455916,4.707107,768000,768000,1.000000000,1,2025-12-27 14:45:00.000000,2025-12-27 14:45:59.999922,1,BAY01_0687_20251227_143629_000.7z
2025-12-27 14:46:00,14550.821605,14.550821605,7091.768345,7454.240190,4.813070,371216,768000,0.483354167,0,2025-12-27 14:46:00.000000,2025-12-27 14:46:29.001172,1,BAY01_0687_20251227_143629_000.7z
2025-12-27 14:47:00,14544.990645,14.544990645,7090.934569,7449.169853,4.886223,742400,768000,0.966666667,0,2025-12-27 14:47:02.000000,2025-12-27 14:47:59.999922,1,BAY01_0688_20251227_144702_000.7z
2025-12-27 14:48:00,14536.414534,14.536414534,7089.380538,7442.177664,4.856332,768000,768000,1.000000000,1,2025-12-27 14:48:00.000000,2025-12-27 14:48:59.999922,1,BAY01_0688_20251227_144702_000.7z
2025-12-27 14:49:00,14558.412050,14.558412050,7090.566395,7462.971111,4.874544,768000,768000,1.000000000,1,2025-12-27 14:49:00.000000,2025-12-27 14:49:59.999922,1,BAY01_0688_20251227_144702_000.7z
2025-12-27 14:50:00,14559.718835,14.559718835,7088.531900,7466.346481,4.840453,768000,768000,1.000000000,1,2025-12-27 14:50:00.000000,2025-12-27 14:50:59.999922,1,BAY01_0688_20251227_144702_000.7z
2025-12-27 14:51:00,14566.489234,14.566489234,7087.401428,7474.212685,4.875121,768000,768000,1.000000000,1,2025-12-27 14:51:00.000000,2025-12-27 14:51:59.999922,1,BAY01_0688_20251227_144702_000.7z
2025-12-27 14:52:00,14565.035027,14.565035027,7086.133257,7474.068157,4.833612,768000,768000,1.000000000,1,2025-12-27 14:52:00.000000,2025-12-27 14:52:59.999922,1,BAY01_0688_20251227_144702_000.7z
2025-12-27 14:53:00,14557.381485,14.557381485,7087.880177,7464.665200,4.836107,768000,768000,1.000000000,1,2025-12-27 14:53:00.000000,2025-12-27 14:53:59.999922,1,BAY01_0688_20251227_144702_000.7z
2025-12-27 14:54:00,14571.374994,14.571374994,7086.093307,7480.456541,4.825146,768000,768000,1.000000000,1,2025-12-27 14:54:00.000000,2025-12-27 14:54:59.999922,1,BAY01_0688_20251227_144702_000.7z
2025-12-27 14:55:00,14566.099007,14.566099007,7086.474870,7474.792531,4.831607,768000,768000,1.000000000,1,2025-12-27 14:55:00.000000,2025-12-27 14:55:59.999922,1,BAY01_0688_20251227_144702_000.7z
2025-12-27 14:56:00,14569.793656,14.569793656,7086.341523,7478.579239,4.872894,768000,768000,1.000000000,1,2025-12-27 14:56:00.000000,2025-12-27 14:56:59.999922,1,BAY01_0688_20251227_144702_000.7z
2025-12-27 14:57:00,14563.181815,14.563181815,7090.503617,7467.845500,4.832699,307258,768000,0.400075521,0,2025-12-27 14:57:00.000000,2025-12-27 14:57:59.999922,2,BAY01_0688_20251227_144702_000.7z;BAY01_0689_20251227_145738_000.7z
2025-12-27 14:58:00,14554.781776,14.554781776,7088.775220,7461.160227,4.846329,768000,768000,1.000000000,1,2025-12-27 14:58:00.000000,2025-12-27 14:58:59.999922,1,BAY01_0689_20251227_145738_000.7z
2025-12-27 14:59:00,14559.098599,14.559098599,7091.488239,7462.786031,4.824329,768000,768000,1.000000000,1,2025-12-27 14:59:00.000000,2025-12-27 14:59:59.999922,1,BAY01_0689_20251227_145738_000.7z
2025-12-27 15:00:00,14555.766089,14.555766089,7092.133635,7458.860474,4.771979,768000,768000,1.000000000,1,2025-12-27 15:00:00.000000,2025-12-27 15:00:59.999922,1,BAY01_0689_20251227_145738_000.7z
2025-12-27 15:01:00,14557.040617,14.557040617,7090.339822,7461.887394,4.813400,768000,768000,1.000000000,1,2025-12-27 15:01:00.000000,2025-12-27 15:01:59.999922,1,BAY01_0689_20251227_145738_000.7z
2025-12-27 15:02:00,14556.837440,14.556837440,7090.964840,7461.046948,4.825653,768000,768000,1.000000000,1,2025-12-27 15:02:00.000000,2025-12-27 15:02:59.999922,1,BAY01_0689_20251227_145738_000.7z
2025-12-27 15:03:00,14551.009572,14.551009572,7093.369521,7452.810223,4.829828,768000,768000,1.000000000,1,2025-12-27 15:03:00.000000,2025-12-27 15:03:59.999922,1,BAY01_0689_20251227_145738_000.7z
2025-12-27 15:04:00,14556.136363,14.556136363,7092.907645,7458.339280,4.889438,768000,768000,1.000000000,1,2025-12-27 15:04:00.000000,2025-12-27 15:04:59.999922,1,BAY01_0689_20251227_145738_000.7z
2025-12-27 15:05:00,14560.271837,14.560271837,7092.451709,7462.957952,4.862176,768000,768000,1.000000000,1,2025-12-27 15:05:00.000000,2025-12-27 15:05:59.999922,1,BAY01_0689_20251227_145738_000.7z
2025-12-27 15:06:00,14551.192057,14.551192057,7092.047555,7454.307032,4.837471,768000,768000,1.000000000,1,2025-12-27 15:06:00.000000,2025-12-27 15:06:59.999922,1,BAY01_0689_20251227_145738_000.7z
2025-12-27 15:07:00,14566.224958,14.566224958,7091.580535,7469.776632,4.867791,486517,768000,0.633485677,0,2025-12-27 15:07:00.000000,2025-12-27 15:07:38.009062,1,BAY01_0689_20251227_145738_000.7z
2025-12-27 15:08:00,14566.075777,14.566075777,7091.422956,7469.851795,4.801026,729600,768000,0.950000000,0,2025-12-27 15:08:03.000000,2025-12-27 15:08:59.999922,1,BAY01_0690_20251227_150803_000.7z
2025-12-27 15:09:00,14565.681329,14.565681329,7092.120578,7468.803342,4.757409,768000,768000,1.000000000,1,2025-12-27 15:09:00.000000,2025-12-27 15:09:59.999922,1,BAY01_0690_20251227_150803_000.7z
2025-12-27 15:10:00,14565.020044,14.565020044,7092.850430,7467.266772,4.902842,768000,768000,1.000000000,1,2025-12-27 15:10:00.000000,2025-12-27 15:10:59.999922,1,BAY01_0690_20251227_150803_000.7z
2025-12-27 15:11:00,14568.108340,14.568108340,7091.707820,7471.633932,4.766588,768000,768000,1.000000000,1,2025-12-27 15:11:00.000000,2025-12-27 15:11:59.999922,1,BAY01_0690_20251227_150803_000.7z
2025-12-27 15:12:00,14560.522457,14.560522457,7093.735756,7461.967320,4.819381,768000,768000,1.000000000,1,2025-12-27 15:12:00.000000,2025-12-27 15:12:59.999922,1,BAY01_0690_20251227_150803_000.7z
2025-12-27 15:13:00,13136.807561,13.136807561,7093.187583,6038.899543,4.720435,768000,768000,1.000000000,1,2025-12-27 15:13:00.000000,2025-12-27 15:13:59.999922,1,BAY01_0690_20251227_150803_000.7z
2025-12-27 15:14:00,9434.887833,9.434887833,7093.425883,2337.177207,4.284743,768000,768000,1.000000000,1,2025-12-27 15:14:00.000000,2025-12-27 15:14:59.999922,1,BAY01_0690_20251227_150803_000.7z
2025-12-27 15:15:00,8535.155861,8.535155861,7091.323547,1439.614545,4.217769,768000,768000,1.000000000,1,2025-12-27 15:15:00.000000,2025-12-27 15:15:59.999922,1,BAY01_0690_20251227_150803_000.7z
2025-12-27 15:16:00,8135.089597,8.135089597,7094.205697,1036.748264,4.135636,768000,768000,1.000000000,1,2025-12-27 15:16:00.000000,2025-12-27 15:16:59.999922,1,BAY01_0690_20251227_150803_000.7z
2025-12-27 15:17:00,7102.103724,7.102103724,7093.463385,4.590533,4.049806,768000,768000,1.000000000,1,2025-12-27 15:17:00.000000,2025-12-27 15:17:59.999922,1,BAY01_0690_20251227_150803_000.7z
2025-12-27 15:18:00,7099.764638,7.099764638,7091.128763,4.573396,4.062479,371217,768000,0.483355469,0,2025-12-27 15:18:00.000000,2025-12-27 15:18:59.999922,2,BAY01_0690_20251227_150803_000.7z;BAY01_0691_20251227_151834_000.7z
2025-12-27 15:19:00,7101.797681,7.101797681,7093.277837,4.497082,4.022762,768000,768000,1.000000000,1,2025-12-27 15:19:00.000000,2025-12-27 15:19:59.999922,1,BAY01_0691_20251227_151834_000.7z
2025-12-27 15:20:00,7106.440766,7.106440766,7097.867766,4.595328,3.977672,768000,768000,1.000000000,1,2025-12-27 15:20:00.000000,2025-12-27 15:20:59.999922,1,BAY01_0691_20251227_151834_000.7z
2025-12-27 15:21:00,7108.135268,7.108135268,7099.569249,4.543032,4.022987,768000,768000,1.000000000,1,2025-12-27 15:21:00.000000,2025-12-27 15:21:59.999922,1,BAY01_0691_20251227_151834_000.7z
2025-12-27 15:22:00,7108.294765,7.108294765,7099.705381,4.523400,4.065983,768000,768000,1.000000000,1,2025-12-27 15:22:00.000000,2025-12-27 15:22:59.999922,1,BAY01_0691_20251227_151834_000.7z
2025-12-27 15:23:00,7107.586605,7.107586605,7099.186215,4.325969,4.074421,768000,768000,1.000000000,1,2025-12-27 15:23:00.000000,2025-12-27 15:23:59.999922,1,BAY01_0691_20251227_151834_000.7z
2025-12-27 15:24:00,7105.876263,7.105876263,7097.767960,4.100525,4.007778,768000,768000,1.000000000,1,2025-12-27 15:24:00.000000,2025-12-27 15:24:59.999922,1,BAY01_0691_20251227_151834_000.7z
2025-12-27 15:25:00,7106.759461,7.106759461,7098.638314,4.040398,4.080749,768000,768000,1.000000000,1,2025-12-27 15:25:00.000000,2025-12-27 15:25:59.999922,1,BAY01_0691_20251227_151834_000.7z
2025-12-27 15:26:00,1378.670365,1.378670365,1370.638072,4.046965,3.985327,768000,768000,1.000000000,1,2025-12-27 15:26:00.000000,2025-12-27 15:26:59.999922,1,BAY01_0691_20251227_151834_000.7z
2025-12-27 15:27:00,12.862275,0.012862275,4.798351,4.104772,3.959153,768000,768000,1.000000000,1,2025-12-27 15:27:00.000000,2025-12-27 15:27:59.999922,1,BAY01_0691_20251227_151834_000.7z
2025-12-27 15:28:00,12.827559,0.012827559,4.721936,3.962684,4.142939,435288,768000,0.566781250,0,2025-12-27 15:28:00.000000,2025-12-27 15:28:34.006797,1,BAY01_0691_20251227_151834_000.7z
2025-12-27 15:29:00,12.307742,0.012307742,4.691858,3.579240,4.036645,716800,768000,0.933333333,0,2025-12-27 15:29:04.000000,2025-12-27 15:29:59.999922,1,BAY01_0692_20251227_152904_000.7z
2025-12-27 15:30:00,12.382670,0.012382670,4.696585,3.761626,3.924458,768000,768000,1.000000000,1,2025-12-27 15:30:00.000000,2025-12-27 15:30:59.999922,1,BAY01_0692_20251227_152904_000.7z
2025-12-27 15:31:00,12.396977,0.012396977,4.674342,3.749204,3.973430,768000,768000,1.000000000,1,2025-12-27 15:31:00.000000,2025-12-27 15:31:59.999922,1,BAY01_0692_20251227_152904_000.7z
2025-12-27 15:32:00,12.325270,0.012325270,4.703225,3.610650,4.011395,768000,768000,1.000000000,1,2025-12-27 15:32:00.000000,2025-12-27 15:32:59.999922,1,BAY01_0692_20251227_152904_000.7z
2025-12-27 15:33:00,11.921479,0.011921479,4.201656,3.682601,4.037223,768000,768000,1.000000000,1,2025-12-27 15:33:00.000000,2025-12-27 15:33:59.999922,1,BAY01_0692_20251227_152904_000.7z
2025-12-27 15:34:00,11.928277,0.011928277,4.346337,3.647486,3.934455,768000,768000,1.000000000,1,2025-12-27 15:34:00.000000,2025-12-27 15:34:59.999922,1,BAY01_0692_20251227_152904_000.7z
2025-12-27 15:35:00,11.904842,0.011904842,4.176351,3.808789,3.919702,768000,768000,1.000000000,1,2025-12-27 15:35:00.000000,2025-12-27 15:35:59.999922,1,BAY01_0692_20251227_152904_000.7z
2025-12-27 15:36:00,11.864611,0.011864611,4.289982,3.642382,3.932247,768000,768000,1.000000000,1,2025-12-27 15:36:00.000000,2025-12-27 15:36:59.999922,1,BAY01_0692_20251227_152904_000.7z
2025-12-27 15:37:00,11.751445,0.011751445,4.094061,3.631117,4.026267,768000,768000,1.000000000,1,2025-12-27 15:37:00.000000,2025-12-27 15:37:59.999922,1,BAY01_0692_20251227_152904_000.7z
2025-12-27 15:38:00,11.475985,0.011475985,3.775339,3.785305,3.915341,768000,768000,1.000000000,1,2025-12-27 15:38:00.000000,2025-12-27 15:38:59.999922,1,BAY01_0692_20251227_152904_000.7z
2025-12-27 15:39:00,11.400885,0.011400885,3.806237,3.499116,4.095531,332832,768000,0.433375000,0,2025-12-27 15:39:00.000000,2025-12-27 15:39:59.999922,2,BAY01_0692_20251227_152904_000.7z;BAY01_0693_20251227_153938_000.7z
2025-12-27 15:40:00,11.434432,0.011434432,3.826550,3.676789,3.931093,768000,768000,1.000000000,1,2025-12-27 15:40:00.000000,2025-12-27 15:40:59.999922,1,BAY01_0693_20251227_153938_000.7z
2025-12-27 15:41:00,11.475012,0.011475012,3.869084,3.599952,4.005976,768000,768000,1.000000000,1,2025-12-27 15:41:00.000000,2025-12-27 15:41:59.999922,1,BAY01_0693_20251227_153938_000.7z
2025-12-27 15:42:00,11.486250,0.011486250,3.857977,3.631776,3.996497,768000,768000,1.000000000,1,2025-12-27 15:42:00.000000,2025-12-27 15:42:59.999922,1,BAY01_0693_20251227_153938_000.7z
2025-12-27 15:43:00,11.506130,0.011506130,3.828053,3.587433,4.090643,768000,768000,1.000000000,1,2025-12-27 15:43:00.000000,2025-12-27 15:43:59.999922,1,BAY01_0693_20251227_153938_000.7z
2025-12-27 15:44:00,11.508282,0.011508282,3.765566,3.737762,4.004954,768000,768000,1.000000000,1,2025-12-27 15:44:00.000000,2025-12-27 15:44:59.999922,1,BAY01_0693_20251227_153938_000.7z
2025-12-27 15:45:00,11.485537,0.011485537,3.843160,3.584066,4.058311,768000,768000,1.000000000,1,2025-12-27 15:45:00.000000,2025-12-27 15:45:59.999922,1,BAY01_0693_20251227_153938_000.7z
2025-12-27 15:46:00,11.512173,0.011512173,3.835290,3.749067,3.927816,768000,768000,1.000000000,1,2025-12-27 15:46:00.000000,2025-12-27 15:46:59.999922,1,BAY01_0693_20251227_153938_000.7z
2025-12-27 15:47:00,11.528138,0.011528138,3.914935,3.685089,3.928113,768000,768000,1.000000000,1,2025-12-27 15:47:00.000000,2025-12-27 15:47:59.999922,1,BAY01_0693_20251227_153938_000.7z
2025-12-27 15:48:00,11.531650,0.011531650,3.769491,3.775774,3.986386,768000,768000,1.000000000,1,2025-12-27 15:48:00.000000,2025-12-27 15:48:59.999922,1,BAY01_0693_20251227_153938_000.7z
2025-12-27 15:49:00,11.521964,0.011521964,3.943933,3.665695,3.912337,486443,768000,0.633389323,0,2025-12-27 15:49:00.000000,2025-12-27 15:49:38.003281,1,BAY01_0693_20251227_153938_000.7z
2025-12-27 15:50:00,11.435282,0.011435282,3.839851,3.585601,4.009829,652800,768000,0.850000000,0,2025-12-27 15:50:09.000000,2025-12-27 15:50:59.999922,1,BAY01_0694_20251227_155009_000.7z
2025-12-27 15:51:00,11.400534,0.011400534,3.851604,3.577359,3.971572,768000,768000,1.000000000,1,2025-12-27 15:51:00.000000,2025-12-27 15:51:59.999922,1,BAY01_0694_20251227_155009_000.7z
2025-12-27 15:52:00,11.513121,0.011513121,3.783955,3.669756,4.059409,768000,768000,1.000000000,1,2025-12-27 15:52:00.000000,2025-12-27 15:52:59.999922,1,BAY01_0694_20251227_155009_000.7z
2025-12-27 15:53:00,11.504416,0.011504416,3.789875,3.764968,3.949574,768000,768000,1.000000000,1,2025-12-27 15:53:00.000000,2025-12-27 15:53:59.999922,1,BAY01_0694_20251227_155009_000.7z
2025-12-27 15:54:00,11.471090,0.011471090,3.851642,3.740949,3.878500,768000,768000,1.000000000,1,2025-12-27 15:54:00.000000,2025-12-27 15:54:59.999922,1,BAY01_0694_20251227_155009_000.7z
2025-12-27 15:55:00,11.554542,0.011554542,3.950852,3.704365,3.899326,768000,768000,1.000000000,1,2025-12-27 15:55:00.000000,2025-12-27 15:55:59.999922,1,BAY01_0694_20251227_155009_000.7z
2025-12-27 15:56:00,11.503777,0.011503777,3.837434,3.640567,4.025776,768000,768000,1.000000000,1,2025-12-27 15:56:00.000000,2025-12-27 15:56:59.999922,1,BAY01_0694_20251227_155009_000.7z
2025-12-27 15:57:00,11.477887,0.011477887,3.822914,3.630363,4.024611,768000,768000,1.000000000,1,2025-12-27 15:57:00.000000,2025-12-27 15:57:59.999922,1,BAY01_0694_20251227_155009_000.7z
2025-12-27 15:58:00,11.591845,0.011591845,3.902015,3.664481,4.025349,768000,768000,1.000000000,1,2025-12-27 15:58:00.000000,2025-12-27 15:58:59.999922,1,BAY01_0694_20251227_155009_000.7z
2025-12-27 15:59:00,11.536005,0.011536005,3.881137,3.741414,3.913453,768000,768000,1.000000000,1,2025-12-27 15:59:00.000000,2025-12-27 15:59:59.999922,1,BAY01_0694_20251227_155009_000.7z
2025-12-27 16:00:00,11.433747,0.011433747,3.938151,3.582623,3.912973,243338,768000,0.316846354,0,2025-12-27 16:00:00.000000,2025-12-27 16:00:59.999922,2,BAY01_0694_20251227_155009_000.7z;BAY01_0695_20251227_160050_000.7z
2025-12-27 16:01:00,11.361449,0.011361449,3.766963,3.575902,4.018585,768000,768000,1.000000000,1,2025-12-27 16:01:00.000000,2025-12-27 16:01:59.999922,1,BAY01_0695_20251227_160050_000.7z
2025-12-27 16:02:00,11.445369,0.011445369,3.781535,3.710202,3.953632,768000,768000,1.000000000,1,2025-12-27 16:02:00.000000,2025-12-27 16:02:59.999922,1,BAY01_0695_20251227_160050_000.7z
2025-12-27 16:03:00,11.506611,0.011506611,3.775001,3.748731,3.982878,768000,768000,1.000000000,1,2025-12-27 16:03:00.000000,2025-12-27 16:03:59.999922,1,BAY01_0695_20251227_160050_000.7z
2025-12-27 16:04:00,11.463341,0.011463341,3.854821,3.633199,3.975322,768000,768000,1.000000000,1,2025-12-27 16:04:00.000000,2025-12-27 16:04:59.999922,1,BAY01_0695_20251227_160050_000.7z
2025-12-27 16:05:00,12.001112,0.012001112,3.845116,4.137499,4.018496,768000,768000,1.000000000,1,2025-12-27 16:05:00.000000,2025-12-27 16:05:59.999922,1,BAY01_0695_20251227_160050_000.7z
2025-12-27 16:06:00,12.348482,0.012348482,3.726826,4.636651,3.985005,768000,768000,1.000000000,1,2025-12-27 16:06:00.000000,2025-12-27 16:06:59.999922,1,BAY01_0695_20251227_160050_000.7z
2025-12-27 16:07:00,12.410053,0.012410053,3.909294,4.536045,3.964715,768000,768000,1.000000000,1,2025-12-27 16:07:00.000000,2025-12-27 16:07:59.999922,1,BAY01_0695_20251227_160050_000.7z
2025-12-27 16:08:00,12.471668,0.012471668,3.881967,4.594755,3.994947,768000,768000,1.000000000,1,2025-12-27 16:08:00.000000,2025-12-27 16:08:59.999922,1,BAY01_0695_20251227_160050_000.7z
2025-12-27 16:09:00,12.354884,0.012354884,3.863576,4.580905,3.910404,768000,768000,1.000000000,1,2025-12-27 16:09:00.000000,2025-12-27 16:09:59.999922,1,BAY01_0695_20251227_160050_000.7z
2025-12-27 16:10:00,12.257023,0.012257023,3.875143,4.344083,4.037797,640052,768000,0.833401042,0,2025-12-27 16:10:00.000000,2025-12-27 16:10:50.003984,1,BAY01_0695_20251227_160050_000.7z
2025-12-27 16:11:00,11.838579,0.011838579,3.935746,4.109717,3.793115,409600,768000,0.533333333,0,2025-12-27 16:11:28.000000,2025-12-27 16:11:59.999922,1,BAY01_0696_20251227_161128_000.7z
2025-12-27 16:12:00,11.791567,0.011791567,3.742757,4.064169,3.984642,768000,768000,1.000000000,1,2025-12-27 16:12:00.000000,2025-12-27 16:12:59.999922,1,BAY01_0696_20251227_161128_000.7z
2025-12-27 16:13:00,11.888306,0.011888306,3.867384,3.999718,4.021204,768000,768000,1.000000000,1,2025-12-27 16:13:00.000000,2025-12-27 16:13:59.999922,1,BAY01_0696_20251227_161128_000.7z
2025-12-27 16:14:00,11.915092,0.011915092,3.805593,4.157424,3.952075,768000,768000,1.000000000,1,2025-12-27 16:14:00.000000,2025-12-27 16:14:59.999922,1,BAY01_0696_20251227_161128_000.7z
2025-12-27 16:15:00,11.798761,0.011798761,3.949260,3.865883,3.983618,768000,768000,1.000000000,1,2025-12-27 16:15:00.000000,2025-12-27 16:15:59.999922,1,BAY01_0696_20251227_161128_000.7z
2025-12-27 16:16:00,11.430931,0.011430931,3.895862,3.654026,3.881042,768000,768000,1.000000000,1,2025-12-27 16:16:00.000000,2025-12-27 16:16:59.999922,1,BAY01_0696_20251227_161128_000.7z
2025-12-27 16:17:00,11.532186,0.011532186,3.953910,3.614340,3.963936,768000,768000,1.000000000,1,2025-12-27 16:17:00.000000,2025-12-27 16:17:59.999922,1,BAY01_0696_20251227_161128_000.7z
2025-12-27 16:18:00,11.520595,0.011520595,3.792927,3.668453,4.059215,768000,768000,1.000000000,1,2025-12-27 16:18:00.000000,2025-12-27 16:18:59.999922,1,BAY01_0696_20251227_161128_000.7z
2025-12-27 16:19:00,11.440381,0.011440381,3.879977,3.567088,3.993316,768000,768000,1.000000000,1,2025-12-27 16:19:00.000000,2025-12-27 16:19:59.999922,1,BAY01_0696_20251227_161128_000.7z
2025-12-27 16:20:00,11.492565,0.011492565,3.784656,3.736160,3.971748,768000,768000,1.000000000,1,2025-12-27 16:20:00.000000,2025-12-27 16:20:59.999922,1,BAY01_0696_20251227_161128_000.7z
2025-12-27 16:21:00,11.415642,0.011415642,3.683427,3.725207,4.007008,358444,768000,0.466723958,0,2025-12-27 16:21:00.000000,2025-12-27 16:21:28.003359,1,BAY01_0696_20251227_161128_000.7z
2025-12-27 16:22:00,11.351625,0.011351625,3.723125,3.598615,4.029885,627200,768000,0.816666667,0,2025-12-27 16:22:11.000000,2025-12-27 16:22:59.999922,1,BAY01_0697_20251227_162211_000.7z
2025-12-27 16:23:00,11.437409,0.011437409,3.806169,3.638792,3.992448,768000,768000,1.000000000,1,2025-12-27 16:23:00.000000,2025-12-27 16:23:59.999922,1,BAY01_0697_20251227_162211_000.7z
2025-12-27 16:24:00,11.454182,0.011454182,3.870693,3.635134,3.948356,768000,768000,1.000000000,1,2025-12-27 16:24:00.000000,2025-12-27 16:24:59.999922,1,BAY01_0697_20251227_162211_000.7z
2025-12-27 16:25:00,11.489922,0.011489922,3.940705,3.537277,4.011941,768000,768000,1.000000000,1,2025-12-27 16:25:00.000000,2025-12-27 16:25:59.999922,1,BAY01_0697_20251227_162211_000.7z
2025-12-27 16:26:00,11.476201,0.011476201,3.867671,3.636761,3.971769,768000,768000,1.000000000,1,2025-12-27 16:26:00.000000,2025-12-27 16:26:59.999922,1,BAY01_0697_20251227_162211_000.7z
2025-12-27 16:27:00,11.430482,0.011430482,3.806599,3.620617,4.003266,768000,768000,1.000000000,1,2025-12-27 16:27:00.000000,2025-12-27 16:27:59.999922,1,BAY01_0697_20251227_162211_000.7z
2025-12-27 16:28:00,11.489219,0.011489219,3.866206,3.637089,3.985924,768000,768000,1.000000000,1,2025-12-27 16:28:00.000000,2025-12-27 16:28:59.999922,1,BAY01_0697_20251227_162211_000.7z
2025-12-27 16:29:00,11.449373,0.011449373,3.897853,3.621792,3.929729,768000,768000,1.000000000,1,2025-12-27 16:29:00.000000,2025-12-27 16:29:59.999922,1,BAY01_0697_20251227_162211_000.7z
2025-12-27 16:30:00,11.459581,0.011459581,3.875005,3.612037,3.972538,768000,768000,1.000000000,1,2025-12-27 16:30:00.000000,2025-12-27 16:30:59.999922,1,BAY01_0697_20251227_162211_000.7z
2025-12-27 16:31:00,11.437527,0.011437527,3.888932,3.612687,3.935909,768000,768000,1.000000000,1,2025-12-27 16:31:00.000000,2025-12-27 16:31:59.999922,1,BAY01_0697_20251227_162211_000.7z
2025-12-27 16:32:00,11.438426,0.011438426,3.821958,3.578303,4.038164,294540,768000,0.383515625,0,2025-12-27 16:32:00.000000,2025-12-27 16:32:59.999922,2,BAY01_0697_20251227_162211_000.7z;BAY01_0698_20251227_163248_000.7z
2025-12-27 16:33:00,11.386212,0.011386212,3.743810,3.685351,3.957051,768000,768000,1.000000000,1,2025-12-27 16:33:00.000000,2025-12-27 16:33:59.999922,1,BAY01_0698_20251227_163248_000.7z
2025-12-27 16:34:00,11.394780,0.011394780,3.823502,3.627965,3.943312,768000,768000,1.000000000,1,2025-12-27 16:34:00.000000,2025-12-27 16:34:59.999922,1,BAY01_0698_20251227_163248_000.7z
2025-12-27 16:35:00,11.447553,0.011447553,3.762998,3.710243,3.974312,768000,768000,1.000000000,1,2025-12-27 16:35:00.000000,2025-12-27 16:35:59.999922,1,BAY01_0698_20251227_163248_000.7z
2025-12-27 16:36:00,11.440118,0.011440118,3.857489,3.534644,4.047985,768000,768000,1.000000000,1,2025-12-27 16:36:00.000000,2025-12-27 16:36:59.999922,1,BAY01_0698_20251227_163248_000.7z
2025-12-27 16:37:00,11.420870,0.011420870,3.825915,3.698983,3.895972,768000,768000,1.000000000,1,2025-12-27 16:37:00.000000,2025-12-27 16:37:59.999922,1,BAY01_0698_20251227_163248_000.7z
2025-12-27 16:38:00,11.480519,0.011480519,3.804888,3.644124,4.031507,768000,768000,1.000000000,1,2025-12-27 16:38:00.000000,2025-12-27 16:38:59.999922,1,BAY01_0698_20251227_163248_000.7z
2025-12-27 16:39:00,11.464611,0.011464611,3.862359,3.696495,3.905758,768000,768000,1.000000000,1,2025-12-27 16:39:00.000000,2025-12-27 16:39:59.999922,1,BAY01_0698_20251227_163248_000.7z
2025-12-27 16:40:00,11.457951,0.011457951,3.802051,3.722624,3.933276,768000,768000,1.000000000,1,2025-12-27 16:40:00.000000,2025-12-27 16:40:59.999922,1,BAY01_0698_20251227_163248_000.7z
2025-12-27 16:41:00,11.420893,0.011420893,3.903791,3.597341,3.919760,768000,768000,1.000000000,1,2025-12-27 16:41:00.000000,2025-12-27 16:41:59.999922,1,BAY01_0698_20251227_163248_000.7z
2025-12-27 16:42:00,11.424315,0.011424315,3.699521,3.690046,4.034748,614443,768000,0.800055990,0,2025-12-27 16:42:00.000000,2025-12-27 16:42:48.003281,1,BAY01_0698_20251227_163248_000.7z
2025-12-27 16:43:00,11.421538,0.011421538,3.829095,3.612992,3.979451,435200,768000,0.566666667,0,2025-12-27 16:43:26.000000,2025-12-27 16:43:59.999922,1,BAY01_0699_20251227_164326_000.7z
2025-12-27 16:44:00,11.410606,0.011410606,3.822307,3.661991,3.926307,768000,768000,1.000000000,1,2025-12-27 16:44:00.000000,2025-12-27 16:44:59.999922,1,BAY01_0699_20251227_164326_000.7z
2025-12-27 16:45:00,11.414026,0.011414026,3.832673,3.693420,3.887933,768000,768000,1.000000000,1,2025-12-27 16:45:00.000000,2025-12-27 16:45:59.999922,1,BAY01_0699_20251227_164326_000.7z
2025-12-27 16:46:00,11.445781,0.011445781,3.871400,3.686866,3.887515,768000,768000,1.000000000,1,2025-12-27 16:46:00.000000,2025-12-27 16:46:59.999922,1,BAY01_0699_20251227_164326_000.7z
2025-12-27 16:47:00,11.452633,0.011452633,3.807692,3.738849,3.906091,768000,768000,1.000000000,1,2025-12-27 16:47:00.000000,2025-12-27 16:47:59.999922,1,BAY01_0699_20251227_164326_000.7z
2025-12-27 16:48:00,11.513530,0.011513530,3.831124,3.644982,4.037424,768000,768000,1.000000000,1,2025-12-27 16:48:00.000000,2025-12-27 16:48:59.999922,1,BAY01_0699_20251227_164326_000.7z
2025-12-27 16:49:00,11.446548,0.011446548,3.871964,3.646915,3.927668,768000,768000,1.000000000,1,2025-12-27 16:49:00.000000,2025-12-27 16:49:59.999922,1,BAY01_0699_20251227_164326_000.7z
2025-12-27 16:50:00,11.460456,0.011460456,3.840547,3.706660,3.913248,768000,768000,1.000000000,1,2025-12-27 16:50:00.000000,2025-12-27 16:50:59.999922,1,BAY01_0699_20251227_164326_000.7z
2025-12-27 16:51:00,11.432393,0.011432393,3.768379,3.670861,3.993154,768000,768000,1.000000000,1,2025-12-27 16:51:00.000000,2025-12-27 16:51:59.999922,1,BAY01_0699_20251227_164326_000.7z
2025-12-27 16:52:00,11.466200,0.011466200,3.824930,3.707028,3.934242,768000,768000,1.000000000,1,2025-12-27 16:52:00.000000,2025-12-27 16:52:59.999922,1,BAY01_0699_20251227_164326_000.7z
