minute_start,active_power_w,active_power_kw,phase_a_power_w,phase_b_power_w,phase_c_power_w,sample_count,expected_samples,coverage_ratio,is_complete,first_sample_time,last_sample_time,source_archive_count,source_archives
2025-12-11 09:32:00,1175.552143,1.175552143,677.194793,113.946087,384.411264,524891,768000,0.683451823,0,2025-12-11 09:32:00.000000,2025-12-11 09:32:59.999922,2,BAYxx_xxxx_20251211_092205_000.7z;BAYxx_xxxx_20251211_093224_000.7z
2025-12-11 09:33:00,1186.719844,1.186719844,682.229424,113.014791,391.475628,768000,768000,1.000000000,1,2025-12-11 09:33:00.000000,2025-12-11 09:33:59.999922,1,BAYxx_xxxx_20251211_093224_000.7z
2025-12-11 09:34:00,1186.768442,1.186768442,677.218257,120.700194,388.849991,768000,768000,1.000000000,1,2025-12-11 09:34:00.000000,2025-12-11 09:34:59.999922,1,BAYxx_xxxx_20251211_093224_000.7z
2025-12-11 09:35:00,1179.126339,1.179126339,661.098953,127.529934,390.497452,768000,768000,1.000000000,1,2025-12-11 09:35:00.000000,2025-12-11 09:35:59.999922,1,BAYxx_xxxx_20251211_093224_000.7z
2025-12-11 09:36:00,1186.698215,1.186698215,664.911367,131.944920,389.841927,768000,768000,1.000000000,1,2025-12-11 09:36:00.000000,2025-12-11 09:36:59.999922,1,BAYxx_xxxx_20251211_093224_000.7z
2025-12-11 09:37:00,1189.873505,1.189873505,673.484591,129.369957,387.018957,768000,768000,1.000000000,1,2025-12-11 09:37:00.000000,2025-12-11 09:37:59.999922,1,BAYxx_xxxx_20251211_093224_000.7z
2025-12-11 09:38:00,1208.556781,1.208556781,682.038667,123.693330,402.824784,768000,768000,1.000000000,1,2025-12-11 09:38:00.000000,2025-12-11 09:38:59.999922,1,BAYxx_xxxx_20251211_093224_000.7z
2025-12-11 09:39:00,1340.876129,1.340876129,726.679755,174.258168,439.938207,768000,768000,1.000000000,1,2025-12-11 09:39:00.000000,2025-12-11 09:39:59.999922,1,BAYxx_xxxx_20251211_093224_000.7z
2025-12-11 09:40:00,1326.884618,1.326884618,718.131456,166.141047,442.612116,768000,768000,1.000000000,1,2025-12-11 09:40:00.000000,2025-12-11 09:40:59.999922,1,BAYxx_xxxx_20251211_093224_000.7z
2025-12-11 09:41:00,1249.026092,1.249026092,690.099588,148.178596,410.747907,768000,768000,1.000000000,1,2025-12-11 09:41:00.000000,2025-12-11 09:41:59.999922,1,BAYxx_xxxx_20251211_093224_000.7z
2025-12-11 09:42:00,1182.697343,1.182697343,657.913245,136.207103,388.576994,396867,768000,0.516753906,0,2025-12-11 09:42:00.000000,2025-12-11 09:42:59.999922,2,BAYxx_xxxx_20251211_093224_000.7z;BAYxx_xxxx_20251211_094253_000.7z
2025-12-11 09:43:00,1163.372243,1.163372243,651.554931,123.362761,388.454551,768000,768000,1.000000000,1,2025-12-11 09:43:00.000000,2025-12-11 09:43:59.999922,1,BAYxx_xxxx_20251211_094253_000.7z
2025-12-11 09:44:00,1135.087556,1.135087556,655.620836,108.845802,370.620918,768000,768000,1.000000000,1,2025-12-11 09:44:00.000000,2025-12-11 09:44:59.999922,1,BAYxx_xxxx_20251211_094253_000.7z
2025-12-11 09:45:00,1121.567265,1.121567265,649.027718,100.211139,372.328408,768000,768000,1.000000000,1,2025-12-11 09:45:00.000000,2025-12-11 09:45:59.999922,1,BAYxx_xxxx_20251211_094253_000.7z
2025-12-11 09:46:00,1093.550193,1.093550193,635.244803,93.162312,365.143078,768000,768000,1.000000000,1,2025-12-11 09:46:00.000000,2025-12-11 09:46:59.999922,1,BAYxx_xxxx_20251211_094253_000.7z
2025-12-11 09:47:00,1094.764813,1.094764813,639.290051,92.327989,363.146773,768000,768000,1.000000000,1,2025-12-11 09:47:00.000000,2025-12-11 09:47:59.999922,1,BAYxx_xxxx_20251211_094253_000.7z
2025-12-11 09:48:00,1100.586177,1.100586177,642.914726,97.499992,360.171459,768000,768000,1.000000000,1,2025-12-11 09:48:00.000000,2025-12-11 09:48:59.999922,1,BAYxx_xxxx_20251211_094253_000.7z
2025-12-11 09:49:00,1143.096151,1.143096151,659.949791,110.948766,372.197594,768000,768000,1.000000000,1,2025-12-11 09:49:00.000000,2025-12-11 09:49:59.999922,1,BAYxx_xxxx_20251211_094253_000.7z
2025-12-11 09:50:00,1079.821157,1.079821157,637.429908,90.111061,352.280188,768000,768000,1.000000000,1,2025-12-11 09:50:00.000000,2025-12-11 09:50:59.999922,1,BAYxx_xxxx_20251211_094253_000.7z
2025-12-11 09:51:00,1142.114801,1.142114801,657.355915,106.506423,378.252463,768000,768000,1.000000000,1,2025-12-11 09:51:00.000000,2025-12-11 09:51:59.999922,1,BAYxx_xxxx_20251211_094253_000.7z
2025-12-11 09:52:00,1104.605705,1.104605705,656.456856,88.140525,360.008324,678403,768000,0.883337240,0,2025-12-11 09:52:00.000000,2025-12-11 09:52:53.000156,1,BAYxx_xxxx_20251211_094253_000.7z
2025-12-11 09:53:00,1049.659851,1.049659851,641.038535,85.454718,323.166598,627200,768000,0.816666667,0,2025-12-11 09:53:11.000000,2025-12-11 09:53:59.999922,1,BAYxx_xxxx_20251211_095311_000.7z
2025-12-11 09:54:00,1003.066246,1.003066246,645.445354,95.656291,261.964600,768000,768000,1.000000000,1,2025-12-11 09:54:00.000000,2025-12-11 09:54:59.999922,1,BAYxx_xxxx_20251211_095311_000.7z
2025-12-11 09:55:00,986.281899,0.986281899,638.857665,90.869563,256.554671,768000,768000,1.000000000,1,2025-12-11 09:55:00.000000,2025-12-11 09:55:59.999922,1,BAYxx_xxxx_20251211_095311_000.7z
2025-12-11 09:56:00,982.474324,0.982474324,636.849680,84.397572,261.227073,768000,768000,1.000000000,1,2025-12-11 09:56:00.000000,2025-12-11 09:56:59.999922,1,BAYxx_xxxx_20251211_095311_000.7z
2025-12-11 09:57:00,982.808100,0.982808100,645.785146,79.663239,257.359716,768000,768000,1.000000000,1,2025-12-11 09:57:00.000000,2025-12-11 09:57:59.999922,1,BAYxx_xxxx_20251211_095311_000.7z
2025-12-11 09:58:00,966.405173,0.966405173,632.941035,78.235294,255.228843,768000,768000,1.000000000,1,2025-12-11 09:58:00.000000,2025-12-11 09:58:59.999922,1,BAYxx_xxxx_20251211_095311_000.7z
2025-12-11 09:59:00,1009.334939,1.009334939,650.554288,93.071499,265.709153,768000,768000,1.000000000,1,2025-12-11 09:59:00.000000,2025-12-11 09:59:59.999922,1,BAYxx_xxxx_20251211_095311_000.7z
2025-12-11 10:00:00,943.769944,0.943769944,624.930672,79.177553,239.661719,768000,768000,1.000000000,1,2025-12-11 10:00:00.000000,2025-12-11 10:00:59.999922,1,BAYxx_xxxx_20251211_095311_000.7z
2025-12-11 10:01:00,927.483755,0.927483755,614.988652,73.608030,238.887073,768000,768000,1.000000000,1,2025-12-11 10:01:00.000000,2025-12-11 10:01:59.999922,1,BAYxx_xxxx_20251211_095311_000.7z
2025-12-11 10:02:00,1001.247945,1.001247945,646.997242,87.821688,266.429014,768000,768000,1.000000000,1,2025-12-11 10:02:00.000000,2025-12-11 10:02:59.999922,1,BAYxx_xxxx_20251211_095311_000.7z
2025-12-11 10:03:00,990.526863,0.990526863,635.538004,90.827798,264.161061,256045,768000,0.333391927,0,2025-12-11 10:03:00.000000,2025-12-11 10:03:59.999922,2,BAYxx_xxxx_20251211_095311_000.7z;BAYxx_xxxx_20251211_100351_000.7z
2025-12-11 10:04:00,914.087846,0.914087846,614.172019,68.209238,231.706588,768000,768000,1.000000000,1,2025-12-11 10:04:00.000000,2025-12-11 10:04:59.999922,1,BAYxx_xxxx_20251211_100351_000.7z
2025-12-11 10:05:00,880.926537,0.880926537,609.941300,48.675216,222.310022,768000,768000,1.000000000,1,2025-12-11 10:05:00.000000,2025-12-11 10:05:59.999922,1,BAYxx_xxxx_20251211_100351_000.7z
2025-12-11 10:06:00,874.707793,0.874707793,596.358717,57.546316,220.802760,768000,768000,1.000000000,1,2025-12-11 10:06:00.000000,2025-12-11 10:06:59.999922,1,BAYxx_xxxx_20251211_100351_000.7z
2025-12-11 10:07:00,946.216336,0.946216336,618.282995,82.301312,245.632028,768000,768000,1.000000000,1,2025-12-11 10:07:00.000000,2025-12-11 10:07:59.999922,1,BAYxx_xxxx_20251211_100351_000.7z
2025-12-11 10:08:00,1186.773577,1.186773577,692.454038,147.970759,346.348779,768000,768000,1.000000000,1,2025-12-11 10:08:00.000000,2025-12-11 10:08:59.999922,1,BAYxx_xxxx_20251211_100351_000.7z
2025-12-11 10:09:00,1225.374433,1.225374433,683.889433,136.275912,405.209088,768000,768000,1.000000000,1,2025-12-11 10:09:00.000000,2025-12-11 10:09:59.999922,1,BAYxx_xxxx_20251211_100351_000.7z
2025-12-11 10:10:00,943.612222,0.943612222,585.409235,44.925774,313.277213,768000,768000,1.000000000,1,2025-12-11 10:10:00.000000,2025-12-11 10:10:59.999922,1,BAYxx_xxxx_20251211_100351_000.7z
2025-12-11 10:11:00,920.635180,0.920635180,575.121156,43.300961,302.213063,768000,768000,1.000000000,1,2025-12-11 10:11:00.000000,2025-12-11 10:11:59.999922,1,BAYxx_xxxx_20251211_100351_000.7z
2025-12-11 10:12:00,917.028599,0.917028599,578.086335,38.640223,300.302041,768000,768000,1.000000000,1,2025-12-11 10:12:00.000000,2025-12-11 10:12:59.999922,1,BAYxx_xxxx_20251211_100351_000.7z
2025-12-11 10:13:00,904.158219,0.904158219,578.683321,32.572283,292.902614,652890,768000,0.850117187,0,2025-12-11 10:13:00.000000,2025-12-11 10:13:51.006953,1,BAYxx_xxxx_20251211_100351_000.7z
2025-12-11 10:14:00,901.355914,0.901355914,584.491246,26.882880,289.981789,627200,768000,0.816666667,0,2025-12-11 10:14:11.000000,2025-12-11 10:14:59.999922,1,BAYxx_xxxx_20251211_101411_000.7z
2025-12-11 10:15:00,921.635146,0.921635146,587.687476,28.929814,305.017856,768000,768000,1.000000000,1,2025-12-11 10:15:00.000000,2025-12-11 10:15:59.999922,1,BAYxx_xxxx_20251211_101411_000.7z
2025-12-11 10:16:00,901.418016,0.901418016,575.008293,25.332416,301.077306,768000,768000,1.000000000,1,2025-12-11 10:16:00.000000,2025-12-11 10:16:59.999922,1,BAYxx_xxxx_20251211_101411_000.7z
2025-12-11 10:17:00,866.314628,0.866314628,565.208359,19.345328,281.760941,768000,768000,1.000000000,1,2025-12-11 10:17:00.000000,2025-12-11 10:17:59.999922,1,BAYxx_xxxx_20251211_101411_000.7z
2025-12-11 10:18:00,950.574895,0.950574895,592.273580,47.389471,310.911844,768000,768000,1.000000000,1,2025-12-11 10:18:00.000000,2025-12-11 10:18:59.999922,1,BAYxx_xxxx_20251211_101411_000.7z
2025-12-11 10:19:00,911.321981,0.911321981,579.130172,37.023601,295.168207,768000,768000,1.000000000,1,2025-12-11 10:19:00.000000,2025-12-11 10:19:59.999922,1,BAYxx_xxxx_20251211_101411_000.7z
2025-12-11 10:20:00,844.225772,0.844225772,568.425527,-2.506422,278.306666,768000,768000,1.000000000,1,2025-12-11 10:20:00.000000,2025-12-11 10:20:59.999922,1,BAYxx_xxxx_20251211_101411_000.7z
2025-12-11 10:21:00,820.756083,0.820756083,548.133605,1.206839,271.415639,768000,768000,1.000000000,1,2025-12-11 10:21:00.000000,2025-12-11 10:21:59.999922,1,BAYxx_xxxx_20251211_101411_000.7z
2025-12-11 10:22:00,950.955891,0.950955891,592.252279,48.583614,310.119998,768000,768000,1.000000000,1,2025-12-11 10:22:00.000000,2025-12-11 10:22:59.999922,1,BAYxx_xxxx_20251211_101411_000.7z
2025-12-11 10:23:00,807.707274,0.807707274,545.317931,1.380415,261.008929,768000,768000,1.000000000,1,2025-12-11 10:23:00.000000,2025-12-11 10:23:59.999922,1,BAYxx_xxxx_20251211_101411_000.7z
2025-12-11 10:24:00,804.994017,0.804994017,534.639121,12.906618,257.448277,345719,768000,0.450154948,0,2025-12-11 10:24:00.000000,2025-12-11 10:24:59.999922,2,BAYxx_xxxx_20251211_101411_000.7z;BAYxx_xxxx_20251211_102444_000.7z
2025-12-11 10:25:00,787.927096,0.787927096,545.611217,-9.866624,252.182503,768000,768000,1.000000000,1,2025-12-11 10:25:00.000000,2025-12-11 10:25:59.999922,1,BAYxx_xxxx_20251211_102444_000.7z
2025-12-11 10:26:00,806.441914,0.806441914,557.365926,-5.001674,254.077662,768000,768000,1.000000000,1,2025-12-11 10:26:00.000000,2025-12-11 10:26:59.999922,1,BAYxx_xxxx_20251211_102444_000.7z
2025-12-11 10:27:00,968.184712,0.968184712,600.572067,46.849306,320.763340,768000,768000,1.000000000,1,2025-12-11 10:27:00.000000,2025-12-11 10:27:59.999922,1,BAYxx_xxxx_20251211_102444_000.7z
2025-12-11 10:28:00,951.068207,0.951068207,589.175522,50.940946,310.951740,768000,768000,1.000000000,1,2025-12-11 10:28:00.000000,2025-12-11 10:28:59.999922,1,BAYxx_xxxx_20251211_102444_000.7z
2025-12-11 10:29:00,906.622064,0.906622064,576.210695,36.751043,293.660326,768000,768000,1.000000000,1,2025-12-11 10:29:00.000000,2025-12-11 10:29:59.999922,1,BAYxx_xxxx_20251211_102444_000.7z
2025-12-11 10:30:00,908.924238,0.908924238,576.308103,35.813647,296.802487,768000,768000,1.000000000,1,2025-12-11 10:30:00.000000,2025-12-11 10:30:59.999922,1,BAYxx_xxxx_20251211_102444_000.7z
2025-12-11 10:31:00,898.710131,0.898710131,576.942036,25.847153,295.920942,768000,768000,1.000000000,1,2025-12-11 10:31:00.000000,2025-12-11 10:31:59.999922,1,BAYxx_xxxx_20251211_102444_000.7z
2025-12-11 10:32:00,864.411132,0.864411132,570.209283,7.032987,287.168862,768000,768000,1.000000000,1,2025-12-11 10:32:00.000000,2025-12-11 10:32:59.999922,1,BAYxx_xxxx_20251211_102444_000.7z
2025-12-11 10:33:00,889.765469,0.889765469,571.959376,25.374475,292.431618,768000,768000,1.000000000,1,2025-12-11 10:33:00.000000,2025-12-11 10:33:59.999922,1,BAYxx_xxxx_20251211_102444_000.7z
2025-12-11 10:34:00,941.505696,0.941505696,589.727707,51.915928,299.862061,576125,768000,0.750162760,0,2025-12-11 10:34:00.000000,2025-12-11 10:34:59.999922,2,BAYxx_xxxx_20251211_102444_000.7z;BAYxx_xxxx_20251211_103459_000.7z
2025-12-11 10:35:00,978.004717,0.978004717,594.337815,65.178667,318.488235,768000,768000,1.000000000,1,2025-12-11 10:35:00.000000,2025-12-11 10:35:59.999922,1,BAYxx_xxxx_20251211_103459_000.7z
2025-12-11 10:36:00,946.503216,0.946503216,586.985567,45.495573,314.022076,768000,768000,1.000000000,1,2025-12-11 10:36:00.000000,2025-12-11 10:36:59.999922,1,BAYxx_xxxx_20251211_103459_000.7z
2025-12-11 10:37:00,837.384206,0.837384206,569.528536,-1.551022,269.406691,768000,768000,1.000000000,1,2025-12-11 10:37:00.000000,2025-12-11 10:37:59.999922,1,BAYxx_xxxx_20251211_103459_000.7z
2025-12-11 10:38:00,807.380885,0.807380885,557.759924,-13.794560,263.415521,768000,768000,1.000000000,1,2025-12-11 10:38:00.000000,2025-12-11 10:38:59.999922,1,BAYxx_xxxx_20251211_103459_000.7z
2025-12-11 10:39:00,691.611411,0.691611411,538.973208,-9.070306,161.708509,768000,768000,1.000000000,1,2025-12-11 10:39:00.000000,2025-12-11 10:39:59.999922,1,BAYxx_xxxx_20251211_103459_000.7z
2025-12-11 10:40:00,790.985876,0.790985876,563.760720,32.724003,194.501152,768000,768000,1.000000000,1,2025-12-11 10:40:00.000000,2025-12-11 10:40:59.999922,1,BAYxx_xxxx_20251211_103459_000.7z
2025-12-11 10:41:00,621.233458,0.621233458,508.186876,-19.071860,132.118442,768000,768000,1.000000000,1,2025-12-11 10:41:00.000000,2025-12-11 10:41:59.999922,1,BAYxx_xxxx_20251211_103459_000.7z
2025-12-11 10:42:00,-12869.252102,-12.869252102,-3951.939234,-4546.428612,-4370.884257,768000,768000,1.000000000,1,2025-12-11 10:42:00.000000,2025-12-11 10:42:59.999922,1,BAYxx_xxxx_20251211_103459_000.7z
2025-12-11 10:43:00,-8561.054093,-8.561054093,-2526.167428,-3104.723798,-2930.162867,768000,768000,1.000000000,1,2025-12-11 10:43:00.000000,2025-12-11 10:43:59.999922,1,BAYxx_xxxx_20251211_103459_000.7z
2025-12-11 10:44:00,801.780213,0.801780213,579.360050,20.743444,201.676719,755267,768000,0.983420573,0,2025-12-11 10:44:00.000000,2025-12-11 10:44:59.005156,1,BAYxx_xxxx_20251211_103459_000.7z
2025-12-11 10:45:00,734.877421,0.734877421,548.921451,14.220551,171.735419,435200,768000,0.566666667,0,2025-12-11 10:45:26.000000,2025-12-11 10:45:59.999922,1,BAYxx_xxxx_20251211_104526_000.7z
2025-12-11 10:46:00,821.827695,0.821827695,577.905618,41.637378,202.284699,768000,768000,1.000000000,1,2025-12-11 10:46:00.000000,2025-12-11 10:46:59.999922,1,BAYxx_xxxx_20251211_104526_000.7z
2025-12-11 10:47:00,-4605.618747,-4.605618747,-1220.648452,-1774.416584,-1610.553711,768000,768000,1.000000000,1,2025-12-11 10:47:00.000000,2025-12-11 10:47:59.999922,1,BAYxx_xxxx_20251211_104526_000.7z
2025-12-11 10:48:00,-11569.586329,-11.569586329,-3519.515883,-4115.528636,-3934.541809,768000,768000,1.000000000,1,2025-12-11 10:48:00.000000,2025-12-11 10:48:59.999922,1,BAYxx_xxxx_20251211_104526_000.7z
2025-12-11 10:49:00,-4627.170513,-4.627170513,-1223.996523,-1789.344160,-1613.829830,768000,768000,1.000000000,1,2025-12-11 10:49:00.000000,2025-12-11 10:49:59.999922,1,BAYxx_xxxx_20251211_104526_000.7z
2025-12-11 10:50:00,776.426639,0.776426639,566.826983,21.646123,187.953533,768000,768000,1.000000000,1,2025-12-11 10:50:00.000000,2025-12-11 10:50:59.999922,1,BAYxx_xxxx_20251211_104526_000.7z
2025-12-11 10:51:00,721.137290,0.721137290,543.218899,10.161800,167.756590,768000,768000,1.000000000,1,2025-12-11 10:51:00.000000,2025-12-11 10:51:59.999922,1,BAYxx_xxxx_20251211_104526_000.7z
2025-12-11 10:52:00,723.492388,0.723492388,553.442862,3.924993,166.124533,768000,768000,1.000000000,1,2025-12-11 10:52:00.000000,2025-12-11 10:52:59.999922,1,BAYxx_xxxx_20251211_104526_000.7z
2025-12-11 10:53:00,-12530.828493,-12.530828493,-3841.171725,-4436.215979,-4253.440789,768000,768000,1.000000000,1,2025-12-11 10:53:00.000000,2025-12-11 10:53:59.999922,1,BAYxx_xxxx_20251211_104526_000.7z
2025-12-11 10:54:00,-6118.002623,-6.118002623,-1742.875070,-2326.158680,-2048.968873,768000,768000,1.000000000,1,2025-12-11 10:54:00.000000,2025-12-11 10:54:59.999922,1,BAYxx_xxxx_20251211_104526_000.7z
2025-12-11 10:55:00,790.313807,0.790313807,543.437258,-9.980339,256.856888,422499,768000,0.550128906,0,2025-12-11 10:55:00.000000,2025-12-11 10:55:59.999922,2,BAYxx_xxxx_20251211_104526_000.7z;BAYxx_xxxx_20251211_105553_000.7z
2025-12-11 10:56:00,792.233957,0.792233957,538.187920,-2.471508,256.517546,768000,768000,1.000000000,1,2025-12-11 10:56:00.000000,2025-12-11 10:56:59.999922,1,BAYxx_xxxx_20251211_105553_000.7z
2025-12-11 10:57:00,808.013718,0.808013718,554.272897,-3.915116,257.655937,768000,768000,1.000000000,1,2025-12-11 10:57:00.000000,2025-12-11 10:57:59.999922,1,BAYxx_xxxx_20251211_105553_000.7z
2025-12-11 10:58:00,-7243.104246,-7.243104246,-2115.527352,-2697.884412,-2429.692482,768000,768000,1.000000000,1,2025-12-11 10:58:00.000000,2025-12-11 10:58:59.999922,1,BAYxx_xxxx_20251211_105553_000.7z
2025-12-11 10:59:00,-9831.544751,-9.831544751,-2975.240826,-3574.961464,-3281.342461,768000,768000,1.000000000,1,2025-12-11 10:59:00.000000,2025-12-11 10:59:59.999922,1,BAYxx_xxxx_20251211_105553_000.7z
2025-12-11 11:00:00,792.916617,0.792916617,541.895915,-11.205019,262.225720,768000,768000,1.000000000,1,2025-12-11 11:00:00.000000,2025-12-11 11:00:59.999922,1,BAYxx_xxxx_20251211_105553_000.7z
2025-12-11 11:01:00,778.357922,0.778357922,527.545254,-8.191949,259.004617,768000,768000,1.000000000,1,2025-12-11 11:01:00.000000,2025-12-11 11:01:59.999922,1,BAYxx_xxxx_20251211_105553_000.7z
2025-12-11 11:02:00,784.142678,0.784142678,530.334288,3.470072,250.338319,768000,768000,1.000000000,1,2025-12-11 11:02:00.000000,2025-12-11 11:02:59.999922,1,BAYxx_xxxx_20251211_105553_000.7z
2025-12-11 11:03:00,-8044.683061,-8.044683061,-2397.308561,-2959.258363,-2688.116137,768000,768000,1.000000000,1,2025-12-11 11:03:00.000000,2025-12-11 11:03:59.999922,1,BAYxx_xxxx_20251211_105553_000.7z
2025-12-11 11:04:00,-15009.662137,-15.009662137,-4698.299298,-5295.507571,-5015.855268,768000,768000,1.000000000,1,2025-12-11 11:04:00.000000,2025-12-11 11:04:59.999922,1,BAYxx_xxxx_20251211_105553_000.7z
2025-12-11 11:05:00,-785.416457,-0.785416457,19.382018,-541.970033,-262.828442,678473,768000,0.883428385,0,2025-12-11 11:05:00.000000,2025-12-11 11:05:53.005625,1,BAYxx_xxxx_20251211_105553_000.7z
2025-12-11 11:06:00,731.206590,0.731206590,517.299947,-27.448994,241.355637,550400,768000,0.716666667,0,2025-12-11 11:06:17.000000,2025-12-11 11:06:59.999922,1,BAYxx_xxxx_20251211_110617_000.7z
2025-12-11 11:07:00,747.979342,0.747979342,519.226711,-14.642813,243.395444,768000,768000,1.000000000,1,2025-12-11 11:07:00.000000,2025-12-11 11:07:59.999922,1,BAYxx_xxxx_20251211_110617_000.7z
2025-12-11 11:08:00,642.251149,0.642251149,490.957742,-51.935882,203.229288,768000,768000,1.000000000,1,2025-12-11 11:08:00.000000,2025-12-11 11:08:59.999922,1,BAYxx_xxxx_20251211_110617_000.7z
2025-12-11 11:09:00,-13882.616398,-13.882616398,-4325.777408,-4914.761483,-4642.077507,768000,768000,1.000000000,1,2025-12-11 11:09:00.000000,2025-12-11 11:09:59.999922,1,BAYxx_xxxx_20251211_110617_000.7z
2025-12-11 11:10:00,-4809.095884,-4.809095884,-1307.306088,-1886.250743,-1615.539052,768000,768000,1.000000000,1,2025-12-11 11:10:00.000000,2025-12-11 11:10:59.999922,1,BAYxx_xxxx_20251211_110617_000.7z
2025-12-11 11:11:00,671.527495,0.671527495,500.888777,-49.820683,220.459401,768000,768000,1.000000000,1,2025-12-11 11:11:00.000000,2025-12-11 11:11:59.999922,1,BAYxx_xxxx_20251211_110617_000.7z
2025-12-11 11:12:00,747.323267,0.747323267,518.770896,-17.927536,246.479907,768000,768000,1.000000000,1,2025-12-11 11:12:00.000000,2025-12-11 11:12:59.999922,1,BAYxx_xxxx_20251211_110617_000.7z
2025-12-11 11:13:00,20.266911,0.020266911,275.083357,-261.345287,6.528841,768000,768000,1.000000000,1,2025-12-11 11:13:00.000000,2025-12-11 11:13:59.999922,1,BAYxx_xxxx_20251211_110617_000.7z
2025-12-11 11:14:00,-11571.800897,-11.571800897,-3545.349626,-4152.732051,-3873.719220,768000,768000,1.000000000,1,2025-12-11 11:14:00.000000,2025-12-11 11:14:59.999922,1,BAYxx_xxxx_20251211_110617_000.7z
2025-12-11 11:15:00,-6720.528949,-6.720528949,-1956.431883,-2536.273962,-2227.823104,768000,768000,1.000000000,1,2025-12-11 11:15:00.000000,2025-12-11 11:15:59.999922,1,BAYxx_xxxx_20251211_110617_000.7z
2025-12-11 11:16:00,2217.955255,2.217955255,1013.695287,435.051309,769.208659,384085,768000,0.500110677,0,2025-12-11 11:16:00.000000,2025-12-11 11:16:59.999922,2,BAYxx_xxxx_20251211_110617_000.7z;BAYxx_xxxx_20251211_111647_000.7z
2025-12-11 11:17:00,2154.216841,2.154216841,990.510435,418.002475,745.703930,768000,768000,1.000000000,1,2025-12-11 11:17:00.000000,2025-12-11 11:17:59.999922,1,BAYxx_xxxx_20251211_111647_000.7z
2025-12-11 11:18:00,2662.575677,2.662575677,1160.718181,584.854924,917.002572,768000,768000,1.000000000,1,2025-12-11 11:18:00.000000,2025-12-11 11:18:59.999922,1,BAYxx_xxxx_20251211_111647_000.7z
2025-12-11 11:19:00,819.802178,0.819802178,269.910433,-104.171195,654.062939,768000,768000,1.000000000,1,2025-12-11 11:19:00.000000,2025-12-11 11:19:59.999922,1,BAYxx_xxxx_20251211_111647_000.7z
2025-12-11 11:20:00,8635.310186,8.635310186,2351.473557,2548.361706,3735.474922,768000,768000,1.000000000,1,2025-12-11 11:20:00.000000,2025-12-11 11:20:59.999922,1,BAYxx_xxxx_20251211_111647_000.7z
2025-12-11 11:21:00,22115.508085,22.115508085,6822.090559,7052.002050,8241.415476,768000,768000,1.000000000,1,2025-12-11 11:21:00.000000,2025-12-11 11:21:59.999922,1,BAYxx_xxxx_20251211_111647_000.7z
2025-12-11 11:22:00,20268.579043,20.268579043,6233.013864,6369.445597,7666.119581,768000,768000,1.000000000,1,2025-12-11 11:22:00.000000,2025-12-11 11:22:59.999922,1,BAYxx_xxxx_20251211_111647_000.7z
2025-12-11 11:23:00,6349.162292,6.349162292,1560.596607,1712.879481,3075.686204,768000,768000,1.000000000,1,2025-12-11 11:23:00.000000,2025-12-11 11:23:59.999922,1,BAYxx_xxxx_20251211_111647_000.7z
2025-12-11 11:24:00,5809.218881,5.809218881,1412.739651,1596.102483,2800.376746,768000,768000,1.000000000,1,2025-12-11 11:24:00.000000,2025-12-11 11:24:59.999922,1,BAYxx_xxxx_20251211_111647_000.7z
2025-12-11 11:25:00,11154.691317,11.154691317,3230.128329,3335.681400,4588.881588,768000,768000,1.000000000,1,2025-12-11 11:25:00.000000,2025-12-11 11:25:59.999922,1,BAYxx_xxxx_20251211_111647_000.7z
2025-12-11 11:26:00,25740.781935,25.740781935,8040.358111,8261.994478,9438.429346,601609,768000,0.783345052,0,2025-12-11 11:26:00.000000,2025-12-11 11:26:47.000625,1,BAYxx_xxxx_20251211_111647_000.7z
2025-12-11 11:27:00,26236.031968,26.236031968,8207.600063,8399.879202,9628.552703,550400,768000,0.716666667,0,2025-12-11 11:27:17.000000,2025-12-11 11:27:59.999922,1,BAYxx_xxxx_20251211_112717_000.7z
2025-12-11 11:28:00,14174.333474,14.174333474,4198.109315,4397.306421,5578.917738,768000,768000,1.000000000,1,2025-12-11 11:28:00.000000,2025-12-11 11:28:59.999922,1,BAYxx_xxxx_20251211_112717_000.7z
2025-12-11 11:29:00,9459.735372,9.459735372,2673.506146,2812.421950,3973.807276,768000,768000,1.000000000,1,2025-12-11 11:29:00.000000,2025-12-11 11:29:59.999922,1,BAYxx_xxxx_20251211_112717_000.7z
2025-12-11 11:30:00,12894.930884,12.894930884,3773.154563,4021.819894,5099.956428,768000,768000,1.000000000,1,2025-12-11 11:30:00.000000,2025-12-11 11:30:59.999922,1,BAYxx_xxxx_20251211_112717_000.7z
2025-12-11 11:31:00,26629.609301,26.629609301,8330.775390,8578.958550,9719.875361,768000,768000,1.000000000,1,2025-12-11 11:31:00.000000,2025-12-11 11:31:59.999922,1,BAYxx_xxxx_20251211_112717_000.7z
2025-12-11 11:32:00,29131.034265,29.131034265,9137.483996,9435.320911,10558.229357,768000,768000,1.000000000,1,2025-12-11 11:32:00.000000,2025-12-11 11:32:59.999922,1,BAYxx_xxxx_20251211_112717_000.7z
2025-12-11 11:33:00,14468.326374,14.468326374,4275.500343,4478.224333,5714.601698,768000,768000,1.000000000,1,2025-12-11 11:33:00.000000,2025-12-11 11:33:59.999922,1,BAYxx_xxxx_20251211_112717_000.7z
2025-12-11 11:34:00,970.036554,0.970036554,21.409749,-75.384122,1024.010927,768000,768000,1.000000000,1,2025-12-11 11:34:00.000000,2025-12-11 11:34:59.999922,1,BAYxx_xxxx_20251211_112717_000.7z
2025-12-11 11:35:00,-14294.696633,-14.294696633,-4775.859106,-5260.795726,-4258.041801,768000,768000,1.000000000,1,2025-12-11 11:35:00.000000,2025-12-11 11:35:59.999922,1,BAYxx_xxxx_20251211_112717_000.7z
2025-12-11 11:36:00,624.690567,0.624690567,160.845746,-266.039145,729.883965,768000,768000,1.000000000,1,2025-12-11 11:36:00.000000,2025-12-11 11:36:59.999922,1,BAYxx_xxxx_20251211_112717_000.7z
2025-12-11 11:37:00,2941.188408,2.941188408,923.541969,508.128398,1509.518041,524903,768000,0.683467448,0,2025-12-11 11:37:00.000000,2025-12-11 11:37:59.999922,2,BAYxx_xxxx_20251211_112717_000.7z;BAYxx_xxxx_20251211_113736_000.7z
2025-12-11 11:38:00,2946.388465,2.946388465,935.635402,513.588075,1497.164988,768000,768000,1.000000000,1,2025-12-11 11:38:00.000000,2025-12-11 11:38:59.999922,1,BAYxx_xxxx_20251211_113736_000.7z
2025-12-11 11:39:00,2826.755222,2.826755222,893.893126,459.592192,1473.269904,768000,768000,1.000000000,1,2025-12-11 11:39:00.000000,2025-12-11 11:39:59.999922,1,BAYxx_xxxx_20251211_113736_000.7z
2025-12-11 11:40:00,-12439.061412,-12.439061412,-4206.486926,-4656.330027,-3576.244460,768000,768000,1.000000000,1,2025-12-11 11:40:00.000000,2025-12-11 11:40:59.999922,1,BAYxx_xxxx_20251211_113736_000.7z
2025-12-11 11:41:00,-926.880597,-0.926880597,-382.022953,-813.816625,268.958980,768000,768000,1.000000000,1,2025-12-11 11:41:00.000000,2025-12-11 11:41:59.999922,1,BAYxx_xxxx_20251211_113736_000.7z
2025-12-11 11:42:00,3887.720008,3.887720008,1222.148275,793.574938,1871.996795,768000,768000,1.000000000,1,2025-12-11 11:42:00.000000,2025-12-11 11:42:59.999922,1,BAYxx_xxxx_20251211_113736_000.7z
2025-12-11 11:43:00,13161.341757,13.161341757,4133.007833,3947.652276,5080.681648,768000,768000,1.000000000,1,2025-12-11 11:43:00.000000,2025-12-11 11:43:59.999922,1,BAYxx_xxxx_20251211_113736_000.7z
2025-12-11 11:44:00,24419.157759,24.419157759,7655.560539,7738.933218,9024.664002,768000,768000,1.000000000,1,2025-12-11 11:44:00.000000,2025-12-11 11:44:59.999922,1,BAYxx_xxxx_20251211_113736_000.7z
2025-12-11 11:45:00,11180.845510,11.180845510,3276.884067,3324.899790,4579.061653,768000,768000,1.000000000,1,2025-12-11 11:45:00.000000,2025-12-11 11:45:59.999922,1,BAYxx_xxxx_20251211_113736_000.7z
2025-12-11 11:46:00,28265.630601,28.265630601,8940.265919,9034.287004,10291.077678,768000,768000,1.000000000,1,2025-12-11 11:46:00.000000,2025-12-11 11:46:59.999922,1,BAYxx_xxxx_20251211_113736_000.7z
2025-12-11 11:47:00,29197.386215,29.197386215,9297.307102,9318.483680,10581.595434,460854,768000,0.600070312,0,2025-12-11 11:47:00.000000,2025-12-11 11:47:36.004141,1,BAYxx_xxxx_20251211_113736_000.7z
2025-12-11 11:48:00,19440.075087,19.440075087,6140.978888,6055.609949,7243.486249,704000,768000,0.916666667,0,2025-12-11 11:48:05.000000,2025-12-11 11:48:59.999922,1,BAYxx_xxxx_20251211_114805_000.7z
2025-12-11 11:49:00,1140.073865,1.140073865,291.255558,-112.570926,961.389233,768000,768000,1.000000000,1,2025-12-11 11:49:00.000000,2025-12-11 11:49:59.999922,1,BAYxx_xxxx_20251211_114805_000.7z
2025-12-11 11:50:00,-14090.827463,-14.090827463,-4749.489428,-5217.206352,-4124.131683,768000,768000,1.000000000,1,2025-12-11 11:50:00.000000,2025-12-11 11:50:59.999922,1,BAYxx_xxxx_20251211_114805_000.7z
2025-12-11 11:51:00,3897.663972,3.897663972,1212.407463,799.141879,1886.114630,768000,768000,1.000000000,1,2025-12-11 11:51:00.000000,2025-12-11 11:51:59.999922,1,BAYxx_xxxx_20251211_114805_000.7z
2025-12-11 11:52:00,16544.840957,16.544840957,5156.778751,5098.911008,6289.151197,768000,768000,1.000000000,1,2025-12-11 11:52:00.000000,2025-12-11 11:52:59.999922,1,BAYxx_xxxx_20251211_114805_000.7z
2025-12-11 11:53:00,12488.763729,12.488763729,3880.877924,3722.514176,4885.371629,768000,768000,1.000000000,1,2025-12-11 11:53:00.000000,2025-12-11 11:53:59.999922,1,BAYxx_xxxx_20251211_114805_000.7z
2025-12-11 11:54:00,-2871.363235,-2.871363235,-1051.420957,-1446.162767,-373.779511,768000,768000,1.000000000,1,2025-12-11 11:54:00.000000,2025-12-11 11:54:59.999922,1,BAYxx_xxxx_20251211_114805_000.7z
2025-12-11 11:55:00,-13246.957527,-13.246957527,-4481.159120,-4928.864856,-3836.933551,768000,768000,1.000000000,1,2025-12-11 11:55:00.000000,2025-12-11 11:55:59.999922,1,BAYxx_xxxx_20251211_114805_000.7z
2025-12-11 11:56:00,2605.997394,2.605997394,786.417776,370.836854,1448.742764,768000,768000,1.000000000,1,2025-12-11 11:56:00.000000,2025-12-11 11:56:59.999922,1,BAYxx_xxxx_20251211_114805_000.7z
2025-12-11 11:57:00,1469.061970,1.469061970,403.139712,-8.399022,1074.321281,768000,768000,1.000000000,1,2025-12-11 11:57:00.000000,2025-12-11 11:57:59.999922,1,BAYxx_xxxx_20251211_114805_000.7z
2025-12-11 11:58:00,-13290.014102,-13.290014102,-4501.522775,-4932.522422,-3855.968906,409673,768000,0.533428385,0,2025-12-11 11:58:00.000000,2025-12-11 11:58:59.999922,2,BAYxx_xxxx_20251211_114805_000.7z;BAYxx_xxxx_20251211_115833_000.7z
2025-12-11 11:59:00,-13508.422710,-13.508422710,-4573.880087,-5006.304243,-3928.238380,768000,768000,1.000000000,1,2025-12-11 11:59:00.000000,2025-12-11 11:59:59.999922,1,BAYxx_xxxx_20251211_115833_000.7z
2025-12-11 12:00:00,-12328.744161,-12.328744161,-4172.634424,-4620.087122,-3536.022615,768000,768000,1.000000000,1,2025-12-11 12:00:00.000000,2025-12-11 12:00:59.999922,1,BAYxx_xxxx_20251211_115833_000.7z
2025-12-11 12:01:00,-1704.214612,-1.704214612,-647.125970,-1078.305112,21.216469,768000,768000,1.000000000,1,2025-12-11 12:01:00.000000,2025-12-11 12:01:59.999922,1,BAYxx_xxxx_20251211_115833_000.7z
2025-12-11 12:02:00,2670.259294,2.670259294,812.163246,378.630651,1479.465398,768000,768000,1.000000000,1,2025-12-11 12:02:00.000000,2025-12-11 12:02:59.999922,1,BAYxx_xxxx_20251211_115833_000.7z
2025-12-11 12:03:00,2731.068592,2.731068592,822.461052,405.308507,1503.299032,768000,768000,1.000000000,1,2025-12-11 12:03:00.000000,2025-12-11 12:03:59.999922,1,BAYxx_xxxx_20251211_115833_000.7z
2025-12-11 12:04:00,2377.465645,2.377465645,705.820846,289.228376,1382.416424,768000,768000,1.000000000,1,2025-12-11 12:04:00.000000,2025-12-11 12:04:59.999922,1,BAYxx_xxxx_20251211_115833_000.7z
2025-12-11 12:05:00,-2561.445874,-2.561445874,-933.193046,-1354.125805,-274.127023,768000,768000,1.000000000,1,2025-12-11 12:05:00.000000,2025-12-11 12:05:59.999922,1,BAYxx_xxxx_20251211_115833_000.7z
2025-12-11 12:06:00,2809.951250,2.809951250,857.033697,438.685755,1514.231798,768000,768000,1.000000000,1,2025-12-11 12:06:00.000000,2025-12-11 12:06:59.999922,1,BAYxx_xxxx_20251211_115833_000.7z
2025-12-11 12:07:00,2886.430928,2.886430928,877.381471,463.342060,1545.707397,768000,768000,1.000000000,1,2025-12-11 12:07:00.000000,2025-12-11 12:07:59.999922,1,BAYxx_xxxx_20251211_115833_000.7z
2025-12-11 12:08:00,2794.416157,2.794416157,844.273171,433.837302,1516.305683,537693,768000,0.700121094,0,2025-12-11 12:08:00.000000,2025-12-11 12:08:59.999922,2,BAYxx_xxxx_20251211_115833_000.7z;BAYxx_xxxx_20251211_120851_000.7z
2025-12-11 12:09:00,-7480.994019,-7.480994019,-2563.210998,-2994.498596,-1923.284424,768000,768000,1.000000000,1,2025-12-11 12:09:00.000000,2025-12-11 12:09:59.999922,1,BAYxx_xxxx_20251211_120851_000.7z
2025-12-11 12:10:00,-10240.818935,-10.240818935,-3450.287585,-3894.772985,-2895.758364,768000,768000,1.000000000,1,2025-12-11 12:10:00.000000,2025-12-11 12:10:59.999922,1,BAYxx_xxxx_20251211_120851_000.7z
2025-12-11 12:11:00,23520.179003,23.520179003,7268.597864,7584.320027,8667.261112,768000,768000,1.000000000,1,2025-12-11 12:11:00.000000,2025-12-11 12:11:59.999922,1,BAYxx_xxxx_20251211_120851_000.7z
2025-12-11 12:12:00,3834.387595,3.834387595,1205.894970,818.065543,1810.427083,768000,768000,1.000000000,1,2025-12-11 12:12:00.000000,2025-12-11 12:12:59.999922,1,BAYxx_xxxx_20251211_120851_000.7z
2025-12-11 12:13:00,2942.621587,2.942621587,913.480139,510.210651,1518.930796,768000,768000,1.000000000,1,2025-12-11 12:13:00.000000,2025-12-11 12:13:59.999922,1,BAYxx_xxxx_20251211_120851_000.7z
2025-12-11 12:14:00,-5272.973644,-5.272973644,-1815.143042,-2234.066098,-1223.764504,768000,768000,1.000000000,1,2025-12-11 12:14:00.000000,2025-12-11 12:14:59.999922,1,BAYxx_xxxx_20251211_120851_000.7z
2025-12-11 12:15:00,-4179.486146,-4.179486146,-1449.342150,-1868.058158,-862.085837,768000,768000,1.000000000,1,2025-12-11 12:15:00.000000,2025-12-11 12:15:59.999922,1,BAYxx_xxxx_20251211_120851_000.7z
2025-12-11 12:16:00,3897.776161,3.897776161,1245.386179,830.067509,1822.322473,768000,768000,1.000000000,1,2025-12-11 12:16:00.000000,2025-12-11 12:16:59.999922,1,BAYxx_xxxx_20251211_120851_000.7z
2025-12-11 12:17:00,15830.143356,15.830143356,5004.786501,4893.142389,5932.214465,768000,768000,1.000000000,1,2025-12-11 12:17:00.000000,2025-12-11 12:17:59.999922,1,BAYxx_xxxx_20251211_120851_000.7z
2025-12-11 12:18:00,26241.489608,26.241489608,8200.301031,8488.535221,9552.653357,652806,768000,0.850007813,0,2025-12-11 12:18:00.000000,2025-12-11 12:18:51.000391,1,BAYxx_xxxx_20251211_120851_000.7z
2025-12-11 12:19:00,20675.938924,20.675938924,6338.134774,6618.581065,7719.223085,435200,768000,0.566666667,0,2025-12-11 12:19:26.000000,2025-12-11 12:19:59.999922,1,BAYxx_xxxx_20251211_121926_000.7z
2025-12-11 12:20:00,16696.539774,16.696539774,5041.869155,5246.910684,6407.759936,768000,768000,1.000000000,1,2025-12-11 12:20:00.000000,2025-12-11 12:20:59.999922,1,BAYxx_xxxx_20251211_121926_000.7z
2025-12-11 12:21:00,29547.850297,29.547850297,9332.654653,9510.054538,10705.141107,768000,768000,1.000000000,1,2025-12-11 12:21:00.000000,2025-12-11 12:21:59.999922,1,BAYxx_xxxx_20251211_121926_000.7z
2025-12-11 12:22:00,8002.530701,8.002530701,2520.335812,2231.166424,3251.028464,768000,768000,1.000000000,1,2025-12-11 12:22:00.000000,2025-12-11 12:22:59.999922,1,BAYxx_xxxx_20251211_121926_000.7z
2025-12-11 12:23:00,3882.941992,3.882941992,1215.671326,828.324655,1838.946012,768000,768000,1.000000000,1,2025-12-11 12:23:00.000000,2025-12-11 12:23:59.999922,1,BAYxx_xxxx_20251211_121926_000.7z
2025-12-11 12:24:00,-8601.091519,-8.601091519,-2912.300466,-3358.312812,-2330.478241,768000,768000,1.000000000,1,2025-12-11 12:24:00.000000,2025-12-11 12:24:59.999922,1,BAYxx_xxxx_20251211_121926_000.7z
2025-12-11 12:25:00,4443.639654,4.443639654,1397.847985,977.811559,2067.980110,768000,768000,1.000000000,1,2025-12-11 12:25:00.000000,2025-12-11 12:25:59.999922,1,BAYxx_xxxx_20251211_121926_000.7z
2025-12-11 12:26:00,23129.122199,23.129122199,7223.240500,7318.142463,8587.739236,768000,768000,1.000000000,1,2025-12-11 12:26:00.000000,2025-12-11 12:26:59.999922,1,BAYxx_xxxx_20251211_121926_000.7z
2025-12-11 12:27:00,29041.065705,29.041065705,9076.781265,9328.490225,10635.794216,768000,768000,1.000000000,1,2025-12-11 12:27:00.000000,2025-12-11 12:27:59.999922,1,BAYxx_xxxx_20251211_121926_000.7z
2025-12-11 12:28:00,26544.365758,26.544365758,8196.445093,8545.516893,9802.403773,768000,768000,1.000000000,1,2025-12-11 12:28:00.000000,2025-12-11 12:28:59.999922,1,BAYxx_xxxx_20251211_121926_000.7z
2025-12-11 12:29:00,-11632.760150,-11.632760150,-3984.832956,-4385.829369,-3262.097826,486404,768000,0.633338542,0,2025-12-11 12:29:00.000000,2025-12-11 12:29:59.999922,2,BAYxx_xxxx_20251211_121926_000.7z;BAYxx_xxxx_20251211_122948_000.7z
2025-12-11 12:30:00,-3788.487955,-3.788487955,-1351.402878,-1773.121065,-663.964012,768000,768000,1.000000000,1,2025-12-11 12:30:00.000000,2025-12-11 12:30:59.999922,1,BAYxx_xxxx_20251211_122948_000.7z
2025-12-11 12:31:00,2936.488911,2.936488911,878.662809,481.636885,1576.189216,768000,768000,1.000000000,1,2025-12-11 12:31:00.000000,2025-12-11 12:31:59.999922,1,BAYxx_xxxx_20251211_122948_000.7z
2025-12-11 12:32:00,4409.341880,4.409341880,1359.039406,979.602427,2070.700047,768000,768000,1.000000000,1,2025-12-11 12:32:00.000000,2025-12-11 12:32:59.999922,1,BAYxx_xxxx_20251211_122948_000.7z
2025-12-11 12:33:00,21165.308067,21.165308067,6569.068033,6663.901976,7932.338058,768000,768000,1.000000000,1,2025-12-11 12:33:00.000000,2025-12-11 12:33:59.999922,1,BAYxx_xxxx_20251211_122948_000.7z
2025-12-11 12:34:00,15050.193615,15.050193615,4431.803179,4643.970996,5974.419439,768000,768000,1.000000000,1,2025-12-11 12:34:00.000000,2025-12-11 12:34:59.999922,1,BAYxx_xxxx_20251211_122948_000.7z
2025-12-11 12:35:00,25056.000465,25.056000465,7729.818347,8037.460162,9288.721956,768000,768000,1.000000000,1,2025-12-11 12:35:00.000000,2025-12-11 12:35:59.999922,1,BAYxx_xxxx_20251211_122948_000.7z
2025-12-11 12:36:00,26620.949988,26.620949988,8354.516836,8541.554907,9724.878246,768000,768000,1.000000000,1,2025-12-11 12:36:00.000000,2025-12-11 12:36:59.999922,1,BAYxx_xxxx_20251211_122948_000.7z
2025-12-11 12:37:00,-7950.357088,-7.950357088,-2735.320730,-3155.403671,-2059.632687,768000,768000,1.000000000,1,2025-12-11 12:37:00.000000,2025-12-11 12:37:59.999922,1,BAYxx_xxxx_20251211_122948_000.7z
2025-12-11 12:38:00,-7691.249907,-7.691249907,-2637.194829,-3079.767305,-1974.287773,768000,768000,1.000000000,1,2025-12-11 12:38:00.000000,2025-12-11 12:38:59.999922,1,BAYxx_xxxx_20251211_122948_000.7z
2025-12-11 12:39:00,-8694.725295,-8.694725295,-2972.034869,-3409.241018,-2313.449408,614532,768000,0.800171875,0,2025-12-11 12:39:00.000000,2025-12-11 12:39:48.010234,1,BAYxx_xxxx_20251211_122948_000.7z
2025-12-11 12:40:00,-84.172651,-0.084172651,-128.338538,-525.684268,569.850156,588800,768000,0.766666667,0,2025-12-11 12:40:14.000000,2025-12-11 12:40:59.999922,1,BAYxx_xxxx_20251211_124014_000.7z
2025-12-11 12:41:00,9650.928685,9.650928685,2980.694801,2783.491101,3886.742783,768000,768000,1.000000000,1,2025-12-11 12:41:00.000000,2025-12-11 12:41:59.999922,1,BAYxx_xxxx_20251211_124014_000.7z
2025-12-11 12:42:00,17183.936551,17.183936551,5131.689925,5376.782414,6675.464212,768000,768000,1.000000000,1,2025-12-11 12:42:00.000000,2025-12-11 12:42:59.999922,1,BAYxx_xxxx_20251211_124014_000.7z
2025-12-11 12:43:00,15774.249911,15.774249911,4666.535890,4888.347829,6219.366192,768000,768000,1.000000000,1,2025-12-11 12:43:00.000000,2025-12-11 12:43:59.999922,1,BAYxx_xxxx_20251211_124014_000.7z
2025-12-11 12:44:00,16420.247600,16.420247600,4958.749674,5103.735055,6357.762871,768000,768000,1.000000000,1,2025-12-11 12:44:00.000000,2025-12-11 12:44:59.999922,1,BAYxx_xxxx_20251211_124014_000.7z
2025-12-11 12:45:00,2971.334737,2.971334737,885.111397,495.760021,1590.463318,768000,768000,1.000000000,1,2025-12-11 12:45:00.000000,2025-12-11 12:45:59.999922,1,BAYxx_xxxx_20251211_124014_000.7z
2025-12-11 12:46:00,-2659.814539,-2.659814539,-990.628452,-1377.269363,-291.916724,768000,768000,1.000000000,1,2025-12-11 12:46:00.000000,2025-12-11 12:46:59.999922,1,BAYxx_xxxx_20251211_124014_000.7z
2025-12-11 12:47:00,-7914.082577,-7.914082577,-2724.740857,-3140.033553,-2049.308167,768000,768000,1.000000000,1,2025-12-11 12:47:00.000000,2025-12-11 12:47:59.999922,1,BAYxx_xxxx_20251211_124014_000.7z
2025-12-11 12:48:00,-1198.480250,-1.198480250,-609.885324,-865.550058,276.955132,768000,768000,1.000000000,1,2025-12-11 12:48:00.000000,2025-12-11 12:48:59.999922,1,BAYxx_xxxx_20251211_124014_000.7z
2025-12-11 12:49:00,-1258.809618,-1.258809618,-619.195434,-902.654096,263.039912,768000,768000,1.000000000,1,2025-12-11 12:49:00.000000,2025-12-11 12:49:59.999922,1,BAYxx_xxxx_20251211_124014_000.7z
2025-12-11 12:50:00,-8607.138982,-8.607138982,-2944.030478,-3382.579714,-2280.528790,179296,768000,0.233458333,0,2025-12-11 12:50:00.000000,2025-12-11 12:50:14.007422,1,BAYxx_xxxx_20251211_124014_000.7z
2025-12-11 12:51:00,-10451.747677,-10.451747677,-3561.805559,-3994.072907,-2895.869210,678400,768000,0.883333333,0,2025-12-11 12:51:07.000000,2025-12-11 12:51:59.999922,1,BAYxx_xxxx_20251211_125107_000.7z
2025-12-11 12:52:00,-9199.169090,-9.199169090,-3151.029894,-3566.665741,-2481.473455,768000,768000,1.000000000,1,2025-12-11 12:52:00.000000,2025-12-11 12:52:59.999922,1,BAYxx_xxxx_20251211_125107_000.7z
2025-12-11 12:53:00,-5596.617559,-5.596617559,-1967.434732,-2365.099809,-1264.083018,768000,768000,1.000000000,1,2025-12-11 12:53:00.000000,2025-12-11 12:53:59.999922,1,BAYxx_xxxx_20251211_125107_000.7z
2025-12-11 12:54:00,15588.302949,15.588302949,4632.331484,4848.382855,6107.588611,768000,768000,1.000000000,1,2025-12-11 12:54:00.000000,2025-12-11 12:54:59.999922,1,BAYxx_xxxx_20251211_125107_000.7z
2025-12-11 12:55:00,8265.610753,8.265610753,2421.536799,2360.497813,3483.576141,768000,768000,1.000000000,1,2025-12-11 12:55:00.000000,2025-12-11 12:55:59.999922,1,BAYxx_xxxx_20251211_125107_000.7z
2025-12-11 12:56:00,-6267.984848,-6.267984848,-2147.691831,-2551.593523,-1568.699494,768000,768000,1.000000000,1,2025-12-11 12:56:00.000000,2025-12-11 12:56:59.999922,1,BAYxx_xxxx_20251211_125107_000.7z
2025-12-11 12:57:00,-7824.227593,-7.824227593,-2667.462063,-3070.273337,-2086.492193,768000,768000,1.000000000,1,2025-12-11 12:57:00.000000,2025-12-11 12:57:59.999922,1,BAYxx_xxxx_20251211_125107_000.7z
2025-12-11 12:58:00,-9006.720744,-9.006720744,-3055.069841,-3467.751094,-2483.899809,768000,768000,1.000000000,1,2025-12-11 12:58:00.000000,2025-12-11 12:58:59.999922,1,BAYxx_xxxx_20251211_125107_000.7z
2025-12-11 12:59:00,-7042.567893,-7.042567893,-2418.854916,-2804.110907,-1819.602069,768000,768000,1.000000000,1,2025-12-11 12:59:00.000000,2025-12-11 12:59:59.999922,1,BAYxx_xxxx_20251211_125107_000.7z
2025-12-11 13:00:00,11832.179911,11.832179911,3516.607617,3623.765853,4691.806440,768000,768000,1.000000000,1,2025-12-11 13:00:00.000000,2025-12-11 13:00:59.999922,1,BAYxx_xxxx_20251211_125107_000.7z
2025-12-11 13:01:00,16827.809713,16.827809713,5104.900134,5273.968019,6448.941560,499211,768000,0.650014323,0,2025-12-11 13:01:00.000000,2025-12-11 13:01:59.999922,2,BAYxx_xxxx_20251211_125107_000.7z;BAYxx_xxxx_20251211_130128_000.7z
2025-12-11 13:02:00,16850.665970,16.850665970,5169.394134,5203.142739,6478.129097,768000,768000,1.000000000,1,2025-12-11 13:02:00.000000,2025-12-11 13:02:59.999922,1,BAYxx_xxxx_20251211_130128_000.7z
2025-12-11 13:03:00,-9024.297234,-9.024297234,-2964.708724,-3424.453763,-2635.134746,768000,768000,1.000000000,1,2025-12-11 13:03:00.000000,2025-12-11 13:03:59.999922,1,BAYxx_xxxx_20251211_130128_000.7z
2025-12-11 13:04:00,-2599.799243,-2.599799243,-586.938516,-1102.251656,-910.609071,768000,768000,1.000000000,1,2025-12-11 13:04:00.000000,2025-12-11 13:04:59.999922,1,BAYxx_xxxx_20251211_130128_000.7z
2025-12-11 13:05:00,2452.256859,2.452256859,1101.311958,589.237419,761.707481,768000,768000,1.000000000,1,2025-12-11 13:05:00.000000,2025-12-11 13:05:59.999922,1,BAYxx_xxxx_20251211_130128_000.7z
2025-12-11 13:06:00,-4080.336398,-4.080336398,-1099.121593,-1570.712543,-1410.502263,768000,768000,1.000000000,1,2025-12-11 13:06:00.000000,2025-12-11 13:06:59.999922,1,BAYxx_xxxx_20251211_130128_000.7z
2025-12-11 13:07:00,3800.407409,3.800407409,1310.568663,1105.455453,1384.383294,768000,768000,1.000000000,1,2025-12-11 13:07:00.000000,2025-12-11 13:07:59.999922,1,BAYxx_xxxx_20251211_130128_000.7z
2025-12-11 13:08:00,-9238.058938,-9.238058938,-2780.605269,-3324.003377,-3133.450292,768000,768000,1.000000000,1,2025-12-11 13:08:00.000000,2025-12-11 13:08:59.999922,1,BAYxx_xxxx_20251211_130128_000.7z
2025-12-11 13:09:00,-10878.682434,-10.878682434,-3338.324981,-3866.495425,-3673.862029,768000,768000,1.000000000,1,2025-12-11 13:09:00.000000,2025-12-11 13:09:59.999922,1,BAYxx_xxxx_20251211_130128_000.7z
2025-12-11 13:10:00,-11060.045366,-11.060045366,-3428.576786,-3954.525617,-3676.942963,768000,768000,1.000000000,1,2025-12-11 13:10:00.000000,2025-12-11 13:10:59.999922,1,BAYxx_xxxx_20251211_130128_000.7z
2025-12-11 13:11:00,-7641.706819,-7.641706819,-2347.394118,-2783.877227,-2510.435474,499264,768000,0.650083333,0,2025-12-11 13:11:00.000000,2025-12-11 13:11:59.999922,2,BAYxx_xxxx_20251211_130128_000.7z;BAYxx_xxxx_20251211_131149_000.7z
2025-12-11 13:12:00,15819.368642,15.819368642,5013.932878,5264.156348,5541.279416,768000,768000,1.000000000,1,2025-12-11 13:12:00.000000,2025-12-11 13:12:59.999922,1,BAYxx_xxxx_20251211_131149_000.7z
2025-12-11 13:13:00,19009.110702,19.009110702,6158.057740,6220.597599,6630.455363,768000,768000,1.000000000,1,2025-12-11 13:13:00.000000,2025-12-11 13:13:59.999922,1,BAYxx_xxxx_20251211_131149_000.7z
2025-12-11 13:14:00,2209.996158,2.209996158,988.957188,468.755551,752.283419,768000,768000,1.000000000,1,2025-12-11 13:14:00.000000,2025-12-11 13:14:59.999922,1,BAYxx_xxxx_20251211_131149_000.7z
2025-12-11 13:15:00,-5582.446676,-5.582446676,-1601.748475,-2142.395814,-1838.302386,768000,768000,1.000000000,1,2025-12-11 13:15:00.000000,2025-12-11 13:15:59.999922,1,BAYxx_xxxx_20251211_131149_000.7z
2025-12-11 13:16:00,-10164.012462,-10.164012462,-3117.504713,-3665.601654,-3380.906094,768000,768000,1.000000000,1,2025-12-11 13:16:00.000000,2025-12-11 13:16:59.999922,1,BAYxx_xxxx_20251211_131149_000.7z
2025-12-11 13:17:00,-10719.767208,-10.719767208,-3308.535749,-3842.276786,-3568.954672,768000,768000,1.000000000,1,2025-12-11 13:17:00.000000,2025-12-11 13:17:59.999922,1,BAYxx_xxxx_20251211_131149_000.7z
2025-12-11 13:18:00,-10286.698813,-10.286698813,-3167.682406,-3693.907020,-3425.109387,768000,768000,1.000000000,1,2025-12-11 13:18:00.000000,2025-12-11 13:18:59.999922,1,BAYxx_xxxx_20251211_131149_000.7z
2025-12-11 13:19:00,-10076.177874,-10.076177874,-3096.188256,-3625.512362,-3354.477256,768000,768000,1.000000000,1,2025-12-11 13:19:00.000000,2025-12-11 13:19:59.999922,1,BAYxx_xxxx_20251211_131149_000.7z
2025-12-11 13:20:00,-8823.263180,-8.823263180,-2674.933840,-3222.281888,-2926.047452,768000,768000,1.000000000,1,2025-12-11 13:20:00.000000,2025-12-11 13:20:59.999922,1,BAYxx_xxxx_20251211_131149_000.7z
2025-12-11 13:21:00,-10006.158947,-10.006158947,-3063.864019,-3609.001429,-3333.293499,627237,768000,0.816714844,0,2025-12-11 13:21:00.000000,2025-12-11 13:21:49.002812,1,BAYxx_xxxx_20251211_131149_000.7z
2025-12-11 13:22:00,-10105.425529,-10.105425529,-3089.399949,-3649.048949,-3366.976630,512000,768000,0.666666667,0,2025-12-11 13:22:20.000000,2025-12-11 13:22:59.999922,1,BAYxx_xxxx_20251211_132220_000.7z
2025-12-11 13:23:00,-4938.434316,-4.938434316,-1392.809754,-1905.868367,-1639.756196,768000,768000,1.000000000,1,2025-12-11 13:23:00.000000,2025-12-11 13:23:59.999922,1,BAYxx_xxxx_20251211_132220_000.7z
2025-12-11 13:24:00,10756.213066,10.756213066,3681.780574,3395.459219,3678.973273,768000,768000,1.000000000,1,2025-12-11 13:24:00.000000,2025-12-11 13:24:59.999922,1,BAYxx_xxxx_20251211_132220_000.7z
2025-12-11 13:25:00,22152.143344,22.152143344,7175.930482,7242.063816,7734.149046,768000,768000,1.000000000,1,2025-12-11 13:25:00.000000,2025-12-11 13:25:59.999922,1,BAYxx_xxxx_20251211_132220_000.7z
2025-12-11 13:26:00,17322.235421,17.322235421,5606.058590,5593.136361,6123.040470,768000,768000,1.000000000,1,2025-12-11 13:26:00.000000,2025-12-11 13:26:59.999922,1,BAYxx_xxxx_20251211_132220_000.7z
2025-12-11 13:27:00,6919.822146,6.919822146,2270.414287,2102.969392,2546.438467,768000,768000,1.000000000,1,2025-12-11 13:27:00.000000,2025-12-11 13:27:59.999922,1,BAYxx_xxxx_20251211_132220_000.7z
2025-12-11 13:28:00,-9513.652526,-9.513652526,-2915.326527,-3443.748423,-3154.577576,768000,768000,1.000000000,1,2025-12-11 13:28:00.000000,2025-12-11 13:28:59.999922,1,BAYxx_xxxx_20251211_132220_000.7z
2025-12-11 13:29:00,-7241.383002,-7.241383002,-2178.839368,-2677.485934,-2385.057700,768000,768000,1.000000000,1,2025-12-11 13:29:00.000000,2025-12-11 13:29:59.999922,1,BAYxx_xxxx_20251211_132220_000.7z
2025-12-11 13:30:00,-4735.669910,-4.735669910,-1339.019522,-1842.339486,-1554.310901,768000,768000,1.000000000,1,2025-12-11 13:30:00.000000,2025-12-11 13:30:59.999922,1,BAYxx_xxxx_20251211_132220_000.7z
2025-12-11 13:31:00,610.790067,0.610790067,317.156090,-19.196189,312.830167,768000,768000,1.000000000,1,2025-12-11 13:31:00.000000,2025-12-11 13:31:59.999922,1,BAYxx_xxxx_20251211_132220_000.7z
2025-12-11 13:32:00,20573.268230,20.573268230,6584.248689,6771.967544,7217.051997,537725,768000,0.700162760,0,2025-12-11 13:32:00.000000,2025-12-11 13:32:59.999922,2,BAYxx_xxxx_20251211_132220_000.7z;BAYxx_xxxx_20251211_133238_000.7z
2025-12-11 13:33:00,20060.079564,20.060079564,6438.085834,6588.813755,7033.179975,768000,768000,1.000000000,1,2025-12-11 13:33:00.000000,2025-12-11 13:33:59.999922,1,BAYxx_xxxx_20251211_133238_000.7z
2025-12-11 13:34:00,-962.948028,-0.962948028,-162.567930,-565.951145,-234.428954,768000,768000,1.000000000,1,2025-12-11 13:34:00.000000,2025-12-11 13:34:59.999922,1,BAYxx_xxxx_20251211_133238_000.7z
2025-12-11 13:35:00,-6070.149764,-6.070149764,-1770.584907,-2307.152428,-1992.412428,768000,768000,1.000000000,1,2025-12-11 13:35:00.000000,2025-12-11 13:35:59.999922,1,BAYxx_xxxx_20251211_133238_000.7z
2025-12-11 13:36:00,-7232.363649,-7.232363649,-2156.817081,-2688.938846,-2386.607722,768000,768000,1.000000000,1,2025-12-11 13:36:00.000000,2025-12-11 13:36:59.999922,1,BAYxx_xxxx_20251211_133238_000.7z
2025-12-11 13:37:00,-6777.428521,-6.777428521,-2011.194648,-2532.448370,-2233.785503,768000,768000,1.000000000,1,2025-12-11 13:37:00.000000,2025-12-11 13:37:59.999922,1,BAYxx_xxxx_20251211_133238_000.7z
2025-12-11 13:38:00,12057.378173,12.057378173,3908.713164,3839.361037,4309.303971,768000,768000,1.000000000,1,2025-12-11 13:38:00.000000,2025-12-11 13:38:59.999922,1,BAYxx_xxxx_20251211_133238_000.7z
2025-12-11 13:39:00,17152.575030,17.152575030,5464.972185,5568.529310,6119.073535,768000,768000,1.000000000,1,2025-12-11 13:39:00.000000,2025-12-11 13:39:59.999922,1,BAYxx_xxxx_20251211_133238_000.7z
2025-12-11 13:40:00,-3285.832062,-3.285832062,-943.577827,-1335.495929,-1006.758305,768000,768000,1.000000000,1,2025-12-11 13:40:00.000000,2025-12-11 13:40:59.999922,1,BAYxx_xxxx_20251211_133238_000.7z
2025-12-11 13:41:00,-9499.705324,-9.499705324,-2866.235621,-3415.111099,-3218.358604,768000,768000,1.000000000,1,2025-12-11 13:41:00.000000,2025-12-11 13:41:59.999922,1,BAYxx_xxxx_20251211_133238_000.7z
2025-12-11 13:42:00,-8869.701602,-8.869701602,-2664.726228,-3202.119234,-3002.856140,486479,768000,0.633436198,0,2025-12-11 13:42:00.000000,2025-12-11 13:42:38.006094,1,BAYxx_xxxx_20251211_133238_000.7z
2025-12-11 13:43:00,-7850.744976,-7.850744976,-2318.570259,-2865.519244,-2666.655473,716800,768000,0.933333333,0,2025-12-11 13:43:04.000000,2025-12-11 13:43:59.999922,1,BAYxx_xxxx_20251211_134304_000.7z
2025-12-11 13:44:00,-6512.179024,-6.512179024,-1871.605321,-2428.806037,-2211.767665,768000,768000,1.000000000,1,2025-12-11 13:44:00.000000,2025-12-11 13:44:59.999922,1,BAYxx_xxxx_20251211_134304_000.7z
2025-12-11 13:45:00,-7539.532707,-7.539532707,-2208.706571,-2767.451870,-2563.374266,768000,768000,1.000000000,1,2025-12-11 13:45:00.000000,2025-12-11 13:45:59.999922,1,BAYxx_xxxx_20251211_134304_000.7z
2025-12-11 13:46:00,-8802.212695,-8.802212695,-2637.636438,-3181.114355,-2983.461901,768000,768000,1.000000000,1,2025-12-11 13:46:00.000000,2025-12-11 13:46:59.999922,1,BAYxx_xxxx_20251211_134304_000.7z
2025-12-11 13:47:00,-7431.519744,-7.431519744,-2184.197740,-2721.020250,-2526.301755,768000,768000,1.000000000,1,2025-12-11 13:47:00.000000,2025-12-11 13:47:59.999922,1,BAYxx_xxxx_20251211_134304_000.7z
2025-12-11 13:48:00,-7465.008453,-7.465008453,-2185.301479,-2735.095454,-2544.611520,768000,768000,1.000000000,1,2025-12-11 13:48:00.000000,2025-12-11 13:48:59.999922,1,BAYxx_xxxx_20251211_134304_000.7z
2025-12-11 13:49:00,-3646.523091,-3.646523091,-966.293241,-1434.145375,-1246.084475,768000,768000,1.000000000,1,2025-12-11 13:49:00.000000,2025-12-11 13:49:59.999922,1,BAYxx_xxxx_20251211_134304_000.7z
2025-12-11 13:50:00,18453.003231,18.453003231,5967.719356,6054.904413,6430.379462,768000,768000,1.000000000,1,2025-12-11 13:50:00.000000,2025-12-11 13:50:59.999922,1,BAYxx_xxxx_20251211_134304_000.7z
2025-12-11 13:51:00,18292.297612,18.292297612,5895.446137,6035.734292,6361.117182,768000,768000,1.000000000,1,2025-12-11 13:51:00.000000,2025-12-11 13:51:59.999922,1,BAYxx_xxxx_20251211_134304_000.7z
2025-12-11 13:52:00,13591.231533,13.591231533,4428.043154,4461.390853,4701.797526,768000,768000,1.000000000,1,2025-12-11 13:52:00.000000,2025-12-11 13:52:59.999922,1,BAYxx_xxxx_20251211_134304_000.7z
2025-12-11 13:53:00,-7979.588839,-7.979588839,-2360.549630,-2907.025144,-2712.014064,358429,768000,0.466704427,0,2025-12-11 13:53:00.000000,2025-12-11 13:53:59.999922,2,BAYxx_xxxx_20251211_134304_000.7z;BAYxx_xxxx_20251211_135336_000.7z
2025-12-11 13:54:00,-7450.586551,-7.450586551,-2179.300976,-2733.844328,-2537.441247,768000,768000,1.000000000,1,2025-12-11 13:54:00.000000,2025-12-11 13:54:59.999922,1,BAYxx_xxxx_20251211_135336_000.7z
2025-12-11 13:55:00,-8213.917894,-8.213917894,-2448.390705,-2989.688031,-2775.839157,768000,768000,1.000000000,1,2025-12-11 13:55:00.000000,2025-12-11 13:55:59.999922,1,BAYxx_xxxx_20251211_135336_000.7z
2025-12-11 13:56:00,-6612.207286,-6.612207286,-1943.289818,-2477.452982,-2191.464485,768000,768000,1.000000000,1,2025-12-11 13:56:00.000000,2025-12-11 13:56:59.999922,1,BAYxx_xxxx_20251211_135336_000.7z
2025-12-11 13:57:00,9001.316840,9.001316840,2947.893872,2813.458299,3239.964670,768000,768000,1.000000000,1,2025-12-11 13:57:00.000000,2025-12-11 13:57:59.999922,1,BAYxx_xxxx_20251211_135336_000.7z
2025-12-11 13:58:00,17321.950904,17.321950904,5598.625075,5624.028699,6099.297130,768000,768000,1.000000000,1,2025-12-11 13:58:00.000000,2025-12-11 13:58:59.999922,1,BAYxx_xxxx_20251211_135336_000.7z
2025-12-11 13:59:00,1940.852830,1.940852830,763.181418,417.067837,760.603575,768000,768000,1.000000000,1,2025-12-11 13:59:00.000000,2025-12-11 13:59:59.999922,1,BAYxx_xxxx_20251211_135336_000.7z
2025-12-11 14:00:00,-8327.701276,-8.327701276,-2509.675918,-3047.232716,-2770.792643,768000,768000,1.000000000,1,2025-12-11 14:00:00.000000,2025-12-11 14:00:59.999922,1,BAYxx_xxxx_20251211_135336_000.7z
2025-12-11 14:01:00,-9613.107009,-9.613107009,-2940.490790,-3473.913183,-3198.703036,768000,768000,1.000000000,1,2025-12-11 14:01:00.000000,2025-12-11 14:01:59.999922,1,BAYxx_xxxx_20251211_135336_000.7z
2025-12-11 14:02:00,-10315.043178,-10.315043178,-3172.136956,-3707.418669,-3435.487553,768000,768000,1.000000000,1,2025-12-11 14:02:00.000000,2025-12-11 14:02:59.999922,1,BAYxx_xxxx_20251211_135336_000.7z
2025-12-11 14:03:00,-9555.450536,-9.555450536,-2900.486839,-3465.944965,-3189.018732,550414,768000,0.716684896,0,2025-12-11 14:03:00.000000,2025-12-11 14:03:59.999922,2,BAYxx_xxxx_20251211_135336_000.7z;BAYxx_xxxx_20251211_140353_000.7z
2025-12-11 14:04:00,-9204.746519,-9.204746519,-2797.730144,-3338.040332,-3068.976043,768000,768000,1.000000000,1,2025-12-11 14:04:00.000000,2025-12-11 14:04:59.999922,1,BAYxx_xxxx_20251211_140353_000.7z
2025-12-11 14:05:00,-7500.222514,-7.500222514,-2242.009508,-2771.149930,-2487.063076,768000,768000,1.000000000,1,2025-12-11 14:05:00.000000,2025-12-11 14:05:59.999922,1,BAYxx_xxxx_20251211_140353_000.7z
2025-12-11 14:06:00,-7962.807484,-7.962807484,-2399.978627,-2924.263284,-2638.565573,768000,768000,1.000000000,1,2025-12-11 14:06:00.000000,2025-12-11 14:06:59.999922,1,BAYxx_xxxx_20251211_140353_000.7z
2025-12-11 14:07:00,-8063.712602,-8.063712602,-2433.449635,-2958.009540,-2672.253427,768000,768000,1.000000000,1,2025-12-11 14:07:00.000000,2025-12-11 14:07:59.999922,1,BAYxx_xxxx_20251211_140353_000.7z
2025-12-11 14:08:00,-8089.886034,-8.089886034,-2431.715258,-2970.585491,-2687.585286,768000,768000,1.000000000,1,2025-12-11 14:08:00.000000,2025-12-11 14:08:59.999922,1,BAYxx_xxxx_20251211_140353_000.7z
2025-12-11 14:09:00,-7118.288259,-7.118288259,-2120.406010,-2638.535516,-2359.346733,768000,768000,1.000000000,1,2025-12-11 14:09:00.000000,2025-12-11 14:09:59.999922,1,BAYxx_xxxx_20251211_140353_000.7z
2025-12-11 14:10:00,10965.308248,10.965308248,3531.744487,3526.330808,3907.232952,768000,768000,1.000000000,1,2025-12-11 14:10:00.000000,2025-12-11 14:10:59.999922,1,BAYxx_xxxx_20251211_140353_000.7z
2025-12-11 14:11:00,16423.610914,16.423610914,5258.059982,5368.643265,5796.907667,768000,768000,1.000000000,1,2025-12-11 14:11:00.000000,2025-12-11 14:11:59.999922,1,BAYxx_xxxx_20251211_140353_000.7z
2025-12-11 14:12:00,19687.376848,19.687376848,6300.391351,6473.211195,6913.774302,768000,768000,1.000000000,1,2025-12-11 14:12:00.000000,2025-12-11 14:12:59.999922,1,BAYxx_xxxx_20251211_140353_000.7z
2025-12-11 14:13:00,-71.103889,-0.071103889,129.352396,-265.439214,64.982929,678506,768000,0.883471354,0,2025-12-11 14:13:00.000000,2025-12-11 14:13:53.008203,1,BAYxx_xxxx_20251211_140353_000.7z
2025-12-11 14:14:00,2317.595624,2.317595624,1038.381879,506.579760,772.633986,307200,768000,0.400000000,0,2025-12-11 14:14:36.000000,2025-12-11 14:14:59.999922,1,BAYxx_xxxx_20251211_141436_000.7z
2025-12-11 14:15:00,2230.800537,2.230800537,997.751953,483.204503,749.844081,768000,768000,1.000000000,1,2025-12-11 14:15:00.000000,2025-12-11 14:15:59.999922,1,BAYxx_xxxx_20251211_141436_000.7z
2025-12-11 14:16:00,-3904.150201,-3.904150201,-1048.263747,-1567.012426,-1288.874028,768000,768000,1.000000000,1,2025-12-11 14:16:00.000000,2025-12-11 14:16:59.999922,1,BAYxx_xxxx_20251211_141436_000.7z
2025-12-11 14:17:00,-8847.807842,-8.847807842,-2691.459535,-3219.962687,-2936.385620,768000,768000,1.000000000,1,2025-12-11 14:17:00.000000,2025-12-11 14:17:59.999922,1,BAYxx_xxxx_20251211_141436_000.7z
2025-12-11 14:18:00,-9170.984748,-9.170984748,-2800.451449,-3317.187444,-3053.345855,768000,768000,1.000000000,1,2025-12-11 14:18:00.000000,2025-12-11 14:18:59.999922,1,BAYxx_xxxx_20251211_141436_000.7z
2025-12-11 14:19:00,-8983.331640,-8.983331640,-2731.108368,-3266.833984,-2985.389288,768000,768000,1.000000000,1,2025-12-11 14:19:00.000000,2025-12-11 14:19:59.999922,1,BAYxx_xxxx_20251211_141436_000.7z
2025-12-11 14:20:00,-8183.445577,-8.183445577,-2470.287250,-2998.923613,-2714.234714,768000,768000,1.000000000,1,2025-12-11 14:20:00.000000,2025-12-11 14:20:59.999922,1,BAYxx_xxxx_20251211_141436_000.7z
2025-12-11 14:21:00,-7116.293372,-7.116293372,-2116.827235,-2638.249734,-2361.216403,768000,768000,1.000000000,1,2025-12-11 14:21:00.000000,2025-12-11 14:21:59.999922,1,BAYxx_xxxx_20251211_141436_000.7z
2025-12-11 14:22:00,-7840.451004,-7.840451004,-2351.287047,-2885.541114,-2603.622843,768000,768000,1.000000000,1,2025-12-11 14:22:00.000000,2025-12-11 14:22:59.999922,1,BAYxx_xxxx_20251211_141436_000.7z
2025-12-11 14:23:00,-1847.974756,-1.847974756,-365.736559,-884.599945,-597.638252,768000,768000,1.000000000,1,2025-12-11 14:23:00.000000,2025-12-11 14:23:59.999922,1,BAYxx_xxxx_20251211_141436_000.7z
2025-12-11 14:24:00,2351.619454,2.351619454,1043.367941,511.280362,796.971151,550406,768000,0.716674479,0,2025-12-11 14:24:00.000000,2025-12-11 14:24:59.999922,2,BAYxx_xxxx_20251211_141436_000.7z;BAYxx_xxxx_20251211_142453_000.7z
2025-12-11 14:25:00,-1460.153165,-1.460153165,-232.774671,-748.207026,-479.171468,768000,768000,1.000000000,1,2025-12-11 14:25:00.000000,2025-12-11 14:25:59.999922,1,BAYxx_xxxx_20251211_142453_000.7z
2025-12-11 14:26:00,-7062.582190,-7.062582190,-2069.139429,-2596.711434,-2396.731326,768000,768000,1.000000000,1,2025-12-11 14:26:00.000000,2025-12-11 14:26:59.999922,1,BAYxx_xxxx_20251211_142453_000.7z
2025-12-11 14:27:00,-7669.560866,-7.669560866,-2268.401137,-2800.196284,-2600.963445,768000,768000,1.000000000,1,2025-12-11 14:27:00.000000,2025-12-11 14:27:59.999922,1,BAYxx_xxxx_20251211_142453_000.7z
2025-12-11 14:28:00,-5971.362376,-5.971362376,-1707.589305,-2231.230615,-2032.542456,768000,768000,1.000000000,1,2025-12-11 14:28:00.000000,2025-12-11 14:28:59.999922,1,BAYxx_xxxx_20251211_142453_000.7z
2025-12-11 14:29:00,-6104.458872,-6.104458872,-1763.981647,-2264.090711,-2076.386514,768000,768000,1.000000000,1,2025-12-11 14:29:00.000000,2025-12-11 14:29:59.999922,1,BAYxx_xxxx_20251211_142453_000.7z
2025-12-11 14:30:00,-5720.767956,-5.720767956,-1638.777161,-2131.921116,-1950.069679,768000,768000,1.000000000,1,2025-12-11 14:30:00.000000,2025-12-11 14:30:59.999922,1,BAYxx_xxxx_20251211_142453_000.7z
2025-12-11 14:31:00,11948.704698,11.948704698,3916.556842,3880.499652,4151.648203,768000,768000,1.000000000,1,2025-12-11 14:31:00.000000,2025-12-11 14:31:59.999922,1,BAYxx_xxxx_20251211_142453_000.7z
2025-12-11 14:32:00,16562.611970,16.562611970,5366.085006,5396.975010,5799.551953,768000,768000,1.000000000,1,2025-12-11 14:32:00.000000,2025-12-11 14:32:59.999922,1,BAYxx_xxxx_20251211_142453_000.7z
2025-12-11 14:33:00,8773.142832,8.773142832,2952.478027,2720.073912,3100.590893,768000,768000,1.000000000,1,2025-12-11 14:33:00.000000,2025-12-11 14:33:59.999922,1,BAYxx_xxxx_20251211_142453_000.7z
2025-12-11 14:34:00,-7788.541231,-7.788541231,-2295.000465,-2838.248544,-2655.292222,678490,768000,0.883450521,0,2025-12-11 14:34:00.000000,2025-12-11 14:34:53.006953,1,BAYxx_xxxx_20251211_142453_000.7z
2025-12-11 14:35:00,-7785.672921,-7.785672921,-2304.677362,-2830.862473,-2650.133086,614400,768000,0.800000000,0,2025-12-11 14:35:12.000000,2025-12-11 14:35:59.999922,1,BAYxx_xxxx_20251211_143512_000.7z
2025-12-11 14:36:00,-5164.535933,-5.164535933,-1432.250576,-1963.842461,-1768.442897,768000,768000,1.000000000,1,2025-12-11 14:36:00.000000,2025-12-11 14:36:59.999922,1,BAYxx_xxxx_20251211_143512_000.7z
2025-12-11 14:37:00,-519.656887,-0.519656887,34.110694,-403.717863,-150.049717,768000,768000,1.000000000,1,2025-12-11 14:37:00.000000,2025-12-11 14:37:59.999922,1,BAYxx_xxxx_20251211_143512_000.7z
2025-12-11 14:38:00,-496.521382,-0.496521382,19.022549,-407.438611,-108.105320,768000,768000,1.000000000,1,2025-12-11 14:38:00.000000,2025-12-11 14:38:59.999922,1,BAYxx_xxxx_20251211_143512_000.7z
2025-12-11 14:39:00,-7535.632586,-7.535632586,-2219.600891,-2752.766064,-2563.265632,768000,768000,1.000000000,1,2025-12-11 14:39:00.000000,2025-12-11 14:39:59.999922,1,BAYxx_xxxx_20251211_143512_000.7z
2025-12-11 14:40:00,-4914.422324,-4.914422324,-1355.195152,-1873.675846,-1685.551325,768000,768000,1.000000000,1,2025-12-11 14:40:00.000000,2025-12-11 14:40:59.999922,1,BAYxx_xxxx_20251211_143512_000.7z
2025-12-11 14:41:00,-4941.477229,-4.941477229,-1390.272927,-1915.521491,-1635.682811,768000,768000,1.000000000,1,2025-12-11 14:41:00.000000,2025-12-11 14:41:59.999922,1,BAYxx_xxxx_20251211_143512_000.7z
2025-12-11 14:42:00,-4879.118506,-4.879118506,-1369.901410,-1902.060257,-1607.156839,768000,768000,1.000000000,1,2025-12-11 14:42:00.000000,2025-12-11 14:42:59.999922,1,BAYxx_xxxx_20251211_143512_000.7z
2025-12-11 14:43:00,-3485.081228,-3.485081228,-905.425730,-1439.949243,-1139.706255,768000,768000,1.000000000,1,2025-12-11 14:43:00.000000,2025-12-11 14:43:59.999922,1,BAYxx_xxxx_20251211_143512_000.7z
2025-12-11 14:44:00,-4835.047101,-4.835047101,-1357.891247,-1882.525258,-1594.630596,768000,768000,1.000000000,1,2025-12-11 14:44:00.000000,2025-12-11 14:44:59.999922,1,BAYxx_xxxx_20251211_143512_000.7z
2025-12-11 14:45:00,-5417.773093,-5.417773093,-1542.704170,-2074.936544,-1800.132379,435303,768000,0.566800781,0,2025-12-11 14:45:00.000000,2025-12-11 14:45:59.999922,2,BAYxx_xxxx_20251211_143512_000.7z;BAYxx_xxxx_20251211_144538_000.7z
2025-12-11 14:46:00,-4736.757429,-4.736757429,-1317.279058,-1845.666263,-1573.812108,768000,768000,1.000000000,1,2025-12-11 14:46:00.000000,2025-12-11 14:46:59.999922,1,BAYxx_xxxx_20251211_144538_000.7z
2025-12-11 14:47:00,-5280.730801,-5.280730801,-1498.557587,-2036.306101,-1745.867113,768000,768000,1.000000000,1,2025-12-11 14:47:00.000000,2025-12-11 14:47:59.999922,1,BAYxx_xxxx_20251211_144538_000.7z
2025-12-11 14:48:00,-5669.670223,-5.669670223,-1630.947626,-2159.177181,-1879.545416,768000,768000,1.000000000,1,2025-12-11 14:48:00.000000,2025-12-11 14:48:59.999922,1,BAYxx_xxxx_20251211_144538_000.7z
2025-12-11 14:49:00,-4953.600879,-4.953600879,-1386.686744,-1926.262766,-1640.651368,768000,768000,1.000000000,1,2025-12-11 14:49:00.000000,2025-12-11 14:49:59.999922,1,BAYxx_xxxx_20251211_144538_000.7z
2025-12-11 14:50:00,-1212.687914,-1.212687914,-203.286396,-641.111106,-368.290412,768000,768000,1.000000000,1,2025-12-11 14:50:00.000000,2025-12-11 14:50:59.999922,1,BAYxx_xxxx_20251211_144538_000.7z
2025-12-11 14:51:00,19246.050164,19.246050164,6277.227156,6258.335079,6710.487929,768000,768000,1.000000000,1,2025-12-11 14:51:00.000000,2025-12-11 14:51:59.999922,1,BAYxx_xxxx_20251211_144538_000.7z
2025-12-11 14:52:00,19130.254947,19.130254947,6243.712061,6208.840224,6677.702662,768000,768000,1.000000000,1,2025-12-11 14:52:00.000000,2025-12-11 14:52:59.999922,1,BAYxx_xxxx_20251211_144538_000.7z
2025-12-11 14:53:00,3743.655224,3.743655224,1379.844307,995.578381,1368.232536,768000,768000,1.000000000,1,2025-12-11 14:53:00.000000,2025-12-11 14:53:59.999922,1,BAYxx_xxxx_20251211_144538_000.7z
2025-12-11 14:54:00,-5418.862022,-5.418862022,-1543.827524,-2086.023575,-1789.010922,768000,768000,1.000000000,1,2025-12-11 14:54:00.000000,2025-12-11 14:54:59.999922,1,BAYxx_xxxx_20251211_144538_000.7z
2025-12-11 14:55:00,-6560.110253,-6.560110253,-1923.086673,-2465.022588,-2172.000992,601647,768000,0.783394531,0,2025-12-11 14:55:00.000000,2025-12-11 14:55:59.999922,2,BAYxx_xxxx_20251211_144538_000.7z;BAYxx_xxxx_20251211_145551_000.7z
2025-12-11 14:56:00,-5523.869708,-5.523869708,-1584.118495,-2114.123900,-1825.627313,768000,768000,1.000000000,1,2025-12-11 14:56:00.000000,2025-12-11 14:56:59.999922,1,BAYxx_xxxx_20251211_145551_000.7z
2025-12-11 14:57:00,-4123.171705,-4.123171705,-1108.332645,-1645.271709,-1369.567350,768000,768000,1.000000000,1,2025-12-11 14:57:00.000000,2025-12-11 14:57:59.999922,1,BAYxx_xxxx_20251211_145551_000.7z
2025-12-11 14:58:00,-3406.269194,-3.406269194,-872.756688,-1414.136994,-1119.375512,768000,768000,1.000000000,1,2025-12-11 14:58:00.000000,2025-12-11 14:58:59.999922,1,BAYxx_xxxx_20251211_145551_000.7z
2025-12-11 14:59:00,-3871.501332,-3.871501332,-1015.929741,-1576.534897,-1279.036694,768000,768000,1.000000000,1,2025-12-11 14:59:00.000000,2025-12-11 14:59:59.999922,1,BAYxx_xxxx_20251211_145551_000.7z
2025-12-11 15:00:00,-2884.649797,-2.884649797,-695.312673,-1239.672122,-949.665002,768000,768000,1.000000000,1,2025-12-11 15:00:00.000000,2025-12-11 15:00:59.999922,1,BAYxx_xxxx_20251211_145551_000.7z
2025-12-11 15:01:00,-2684.535583,-2.684535583,-632.469818,-1166.382132,-885.683633,768000,768000,1.000000000,1,2025-12-11 15:01:00.000000,2025-12-11 15:01:59.999922,1,BAYxx_xxxx_20251211_145551_000.7z
2025-12-11 15:02:00,-2419.428395,-2.419428395,-552.379459,-1078.512072,-788.536864,768000,768000,1.000000000,1,2025-12-11 15:02:00.000000,2025-12-11 15:02:59.999922,1,BAYxx_xxxx_20251211_145551_000.7z
2025-12-11 15:03:00,-3331.444695,-3.331444695,-844.283276,-1383.677653,-1103.483767,768000,768000,1.000000000,1,2025-12-11 15:03:00.000000,2025-12-11 15:03:59.999922,1,BAYxx_xxxx_20251211_145551_000.7z
2025-12-11 15:04:00,-2911.163172,-2.911163172,-705.276946,-1244.226020,-961.660206,768000,768000,1.000000000,1,2025-12-11 15:04:00.000000,2025-12-11 15:04:59.999922,1,BAYxx_xxxx_20251211_145551_000.7z
2025-12-11 15:05:00,-2378.269973,-2.378269973,-535.370288,-1063.725365,-779.174320,652914,768000,0.850148438,0,2025-12-11 15:05:00.000000,2025-12-11 15:05:51.008828,1,BAYxx_xxxx_20251211_145551_000.7z
2025-12-11 15:06:00,-3475.877745,-3.475877745,-887.048543,-1437.380532,-1151.448670,524800,768000,0.683333333,0,2025-12-11 15:06:19.000000,2025-12-11 15:06:59.999922,1,BAYxx_xxxx_20251211_150619_000.7z
2025-12-11 15:07:00,-2742.899703,-2.742899703,-653.808469,-1195.547893,-893.543341,768000,768000,1.000000000,1,2025-12-11 15:07:00.000000,2025-12-11 15:07:59.999922,1,BAYxx_xxxx_20251211_150619_000.7z
2025-12-11 15:08:00,-1342.019899,-1.342019899,-208.451358,-707.659744,-425.908797,768000,768000,1.000000000,1,2025-12-11 15:08:00.000000,2025-12-11 15:08:59.999922,1,BAYxx_xxxx_20251211_150619_000.7z
2025-12-11 15:09:00,21373.068658,21.373068658,6931.775351,7033.810398,7407.482909,768000,768000,1.000000000,1,2025-12-11 15:09:00.000000,2025-12-11 15:09:59.999922,1,BAYxx_xxxx_20251211_150619_000.7z
2025-12-11 15:10:00,22480.973597,22.480973597,7255.391653,7447.733802,7777.848143,768000,768000,1.000000000,1,2025-12-11 15:10:00.000000,2025-12-11 15:10:59.999922,1,BAYxx_xxxx_20251211_150619_000.7z
2025-12-11 15:11:00,16170.660760,16.170660760,5274.460698,5308.598708,5587.601354,768000,768000,1.000000000,1,2025-12-11 15:11:00.000000,2025-12-11 15:11:59.999922,1,BAYxx_xxxx_20251211_150619_000.7z
2025-12-11 15:12:00,-4104.148307,-4.104148307,-1077.377826,-1610.643373,-1416.127108,768000,768000,1.000000000,1,2025-12-11 15:12:00.000000,2025-12-11 15:12:59.999922,1,BAYxx_xxxx_20251211_150619_000.7z
2025-12-11 15:13:00,-2919.771302,-2.919771302,-706.642528,-1198.297787,-1014.830988,768000,768000,1.000000000,1,2025-12-11 15:13:00.000000,2025-12-11 15:13:59.999922,1,BAYxx_xxxx_20251211_150619_000.7z
2025-12-11 15:14:00,-1642.921526,-1.642921526,-268.671534,-777.766227,-596.483764,768000,768000,1.000000000,1,2025-12-11 15:14:00.000000,2025-12-11 15:14:59.999922,1,BAYxx_xxxx_20251211_150619_000.7z
2025-12-11 15:15:00,3286.665700,3.286665700,1314.407619,882.756983,1089.501097,768000,768000,1.000000000,1,2025-12-11 15:15:00.000000,2025-12-11 15:15:59.999922,1,BAYxx_xxxx_20251211_150619_000.7z
2025-12-11 15:16:00,24648.996782,24.648996782,8020.095248,8102.966223,8525.935311,422483,768000,0.550108073,0,2025-12-11 15:16:00.000000,2025-12-11 15:16:59.999922,2,BAYxx_xxxx_20251211_150619_000.7z;BAYxx_xxxx_20251211_151646_000.7z
2025-12-11 15:17:00,23699.151344,23.699151344,7660.691434,7816.147761,8222.312149,768000,768000,1.000000000,1,2025-12-11 15:17:00.000000,2025-12-11 15:17:59.999922,1,BAYxx_xxxx_20251211_151646_000.7z
2025-12-11 15:18:00,-2352.338400,-2.352338400,-496.253132,-1026.487959,-829.597309,768000,768000,1.000000000,1,2025-12-11 15:18:00.000000,2025-12-11 15:18:59.999922,1,BAYxx_xxxx_20251211_151646_000.7z
2025-12-11 15:19:00,-3204.057909,-3.204057909,-770.455011,-1306.173586,-1127.429313,768000,768000,1.000000000,1,2025-12-11 15:19:00.000000,2025-12-11 15:19:59.999922,1,BAYxx_xxxx_20251211_151646_000.7z
2025-12-11 15:20:00,-2441.502722,-2.441502722,-522.539084,-1057.501120,-861.462518,768000,768000,1.000000000,1,2025-12-11 15:20:00.000000,2025-12-11 15:20:59.999922,1,BAYxx_xxxx_20251211_151646_000.7z
2025-12-11 15:21:00,-1681.131196,-1.681131196,-274.102391,-802.825217,-604.203589,768000,768000,1.000000000,1,2025-12-11 15:21:00.000000,2025-12-11 15:21:59.999922,1,BAYxx_xxxx_20251211_151646_000.7z
2025-12-11 15:22:00,-1802.572430,-1.802572430,-314.396403,-841.877005,-646.299023,768000,768000,1.000000000,1,2025-12-11 15:22:00.000000,2025-12-11 15:22:59.999922,1,BAYxx_xxxx_20251211_151646_000.7z
2025-12-11 15:23:00,-2079.524271,-2.079524271,-395.557836,-943.802909,-740.163526,768000,768000,1.000000000,1,2025-12-11 15:23:00.000000,2025-12-11 15:23:59.999922,1,BAYxx_xxxx_20251211_151646_000.7z
2025-12-11 15:24:00,-2007.736812,-2.007736812,-380.180823,-917.211432,-710.344556,768000,768000,1.000000000,1,2025-12-11 15:24:00.000000,2025-12-11 15:24:59.999922,1,BAYxx_xxxx_20251211_151646_000.7z
2025-12-11 15:25:00,-2164.935952,-2.164935952,-434.284238,-964.809404,-765.842310,768000,768000,1.000000000,1,2025-12-11 15:25:00.000000,2025-12-11 15:25:59.999922,1,BAYxx_xxxx_20251211_151646_000.7z
2025-12-11 15:26:00,-1671.968324,-1.671968324,-294.897992,-828.102839,-548.967493,588905,768000,0.766803385,0,2025-12-11 15:26:00.000000,2025-12-11 15:26:46.008125,1,BAYxx_xxxx_20251211_151646_000.7z
2025-12-11 15:27:00,-1879.522554,-1.879522554,-373.654103,-895.034698,-610.833753,460800,768000,0.600000000,0,2025-12-11 15:27:24.000000,2025-12-11 15:27:59.999922,1,BAYxx_xxxx_20251211_152724_000.7z
2025-12-11 15:28:00,-1879.879968,-1.879879968,-369.466405,-905.581085,-604.832478,768000,768000,1.000000000,1,2025-12-11 15:28:00.000000,2025-12-11 15:28:59.999922,1,BAYxx_xxxx_20251211_152724_000.7z
2025-12-11 15:29:00,-1498.538331,-1.498538331,-256.963682,-772.031563,-469.543086,768000,768000,1.000000000,1,2025-12-11 15:29:00.000000,2025-12-11 15:29:59.999922,1,BAYxx_xxxx_20251211_152724_000.7z
2025-12-11 15:30:00,461.031425,0.461031425,398.083543,-117.595135,180.543018,768000,768000,1.000000000,1,2025-12-11 15:30:00.000000,2025-12-11 15:30:59.999922,1,BAYxx_xxxx_20251211_152724_000.7z
2025-12-11 15:31:00,22173.677659,22.173677659,7235.001056,7263.972147,7674.704455,768000,768000,1.000000000,1,2025-12-11 15:31:00.000000,2025-12-11 15:31:59.999922,1,BAYxx_xxxx_20251211_152724_000.7z
2025-12-11 15:32:00,24414.210300,24.414210300,7910.107112,8015.932729,8488.170460,768000,768000,1.000000000,1,2025-12-11 15:32:00.000000,2025-12-11 15:32:59.999922,1,BAYxx_xxxx_20251211_152724_000.7z
2025-12-11 15:33:00,13649.504203,13.649504203,4564.919652,4303.746643,4780.837908,768000,768000,1.000000000,1,2025-12-11 15:33:00.000000,2025-12-11 15:33:59.999922,1,BAYxx_xxxx_20251211_152724_000.7z
2025-12-11 15:34:00,-1380.030240,-1.380030240,-200.217229,-746.785673,-433.027339,768000,768000,1.000000000,1,2025-12-11 15:34:00.000000,2025-12-11 15:34:59.999922,1,BAYxx_xxxx_20251211_152724_000.7z
2025-12-11 15:35:00,-1501.544111,-1.501544111,-243.087326,-781.040109,-477.416676,768000,768000,1.000000000,1,2025-12-11 15:35:00.000000,2025-12-11 15:35:59.999922,1,BAYxx_xxxx_20251211_152724_000.7z
2025-12-11 15:36:00,-1250.326977,-1.250326977,-153.046719,-704.781318,-392.498940,768000,768000,1.000000000,1,2025-12-11 15:36:00.000000,2025-12-11 15:36:59.999922,1,BAYxx_xxxx_20251211_152724_000.7z
2025-12-11 15:37:00,-1208.261510,-1.208261510,-148.606421,-682.025685,-377.629404,473740,768000,0.616848958,0,2025-12-11 15:37:00.000000,2025-12-11 15:37:59.999922,2,BAYxx_xxxx_20251211_152724_000.7z;BAYxx_xxxx_20251211_153747_000.7z
2025-12-11 15:38:00,-1108.121505,-1.108121505,-122.832306,-635.513301,-349.775898,768000,768000,1.000000000,1,2025-12-11 15:38:00.000000,2025-12-11 15:38:59.999922,1,BAYxx_xxxx_20251211_153747_000.7z
2025-12-11 15:39:00,-1377.822944,-1.377822944,-212.851393,-726.086121,-438.885430,768000,768000,1.000000000,1,2025-12-11 15:39:00.000000,2025-12-11 15:39:59.999922,1,BAYxx_xxxx_20251211_153747_000.7z
2025-12-11 15:40:00,-1259.017592,-1.259017592,-157.152071,-703.968502,-397.897019,768000,768000,1.000000000,1,2025-12-11 15:40:00.000000,2025-12-11 15:40:59.999922,1,BAYxx_xxxx_20251211_153747_000.7z
2025-12-11 15:41:00,-1022.376344,-1.022376344,-91.041121,-607.631050,-323.704173,768000,768000,1.000000000,1,2025-12-11 15:41:00.000000,2025-12-11 15:41:59.999922,1,BAYxx_xxxx_20251211_153747_000.7z
2025-12-11 15:42:00,-1103.167618,-1.103167618,-117.011937,-634.640068,-351.515613,768000,768000,1.000000000,1,2025-12-11 15:42:00.000000,2025-12-11 15:42:59.999922,1,BAYxx_xxxx_20251211_153747_000.7z
2025-12-11 15:43:00,-1170.196272,-1.170196272,-134.603124,-653.650191,-381.942957,768000,768000,1.000000000,1,2025-12-11 15:43:00.000000,2025-12-11 15:43:59.999922,1,BAYxx_xxxx_20251211_153747_000.7z
2025-12-11 15:44:00,-1456.174004,-1.456174004,-233.957743,-751.692699,-470.523562,768000,768000,1.000000000,1,2025-12-11 15:44:00.000000,2025-12-11 15:44:59.999922,1,BAYxx_xxxx_20251211_153747_000.7z
2025-12-11 15:45:00,-1284.212388,-1.284212388,-166.410361,-709.873397,-407.928630,768000,768000,1.000000000,1,2025-12-11 15:45:00.000000,2025-12-11 15:45:59.999922,1,BAYxx_xxxx_20251211_153747_000.7z
2025-12-11 15:46:00,-798.083864,-0.798083864,-21.926355,-537.515440,-238.642069,768000,768000,1.000000000,1,2025-12-11 15:46:00.000000,2025-12-11 15:46:59.999922,1,BAYxx_xxxx_20251211_153747_000.7z
2025-12-11 15:47:00,-1179.302696,-1.179302696,-144.689454,-670.801425,-363.811816,601621,768000,0.783360677,0,2025-12-11 15:47:00.000000,2025-12-11 15:47:47.001562,1,BAYxx_xxxx_20251211_153747_000.7z
2025-12-11 15:48:00,-1393.858736,-1.393858736,-225.779794,-733.740807,-434.338136,371200,768000,0.483333333,0,2025-12-11 15:48:31.000000,2025-12-11 15:48:59.999922,1,BAYxx_xxxx_20251211_154831_000.7z
2025-12-11 15:49:00,-1349.666937,-1.349666937,-213.528150,-720.699080,-415.439707,768000,768000,1.000000000,1,2025-12-11 15:49:00.000000,2025-12-11 15:49:59.999922,1,BAYxx_xxxx_20251211_154831_000.7z
2025-12-11 15:50:00,720.563917,0.720563917,475.378601,-18.768752,263.954068,768000,768000,1.000000000,1,2025-12-11 15:50:00.000000,2025-12-11 15:50:59.999922,1,BAYxx_xxxx_20251211_154831_000.7z
2025-12-11 15:51:00,18786.738001,18.786738001,6119.173404,6174.412706,6493.151891,768000,768000,1.000000000,1,2025-12-11 15:51:00.000000,2025-12-11 15:51:59.999922,1,BAYxx_xxxx_20251211_154831_000.7z
2025-12-11 15:52:00,25331.194882,25.331194882,8307.229276,8271.909748,8752.055857,768000,768000,1.000000000,1,2025-12-11 15:52:00.000000,2025-12-11 15:52:59.999922,1,BAYxx_xxxx_20251211_154831_000.7z
2025-12-11 15:53:00,20393.773137,20.393773137,6738.961867,6589.660573,7065.150697,768000,768000,1.000000000,1,2025-12-11 15:53:00.000000,2025-12-11 15:53:59.999922,1,BAYxx_xxxx_20251211_154831_000.7z
2025-12-11 15:54:00,-142.595794,-0.142595794,192.539240,-309.165126,-25.969908,768000,768000,1.000000000,1,2025-12-11 15:54:00.000000,2025-12-11 15:54:59.999922,1,BAYxx_xxxx_20251211_154831_000.7z
2025-12-11 15:55:00,100.736198,0.100736198,271.235541,-226.620590,56.121248,768000,768000,1.000000000,1,2025-12-11 15:55:00.000000,2025-12-11 15:55:59.999922,1,BAYxx_xxxx_20251211_154831_000.7z
2025-12-11 15:56:00,810.819071,0.810819071,527.816635,21.364829,261.637607,768000,768000,1.000000000,1,2025-12-11 15:56:00.000000,2025-12-11 15:56:59.999922,1,BAYxx_xxxx_20251211_154831_000.7z
2025-12-11 15:57:00,5669.320373,5.669320373,2089.158928,1664.564496,1915.596949,768000,768000,1.000000000,1,2025-12-11 15:57:00.000000,2025-12-11 15:57:59.999922,1,BAYxx_xxxx_20251211_154831_000.7z
2025-12-11 15:58:00,27233.907253,27.233907253,8962.721824,8889.537941,9381.647487,473709,768000,0.616808594,0,2025-12-11 15:58:00.000000,2025-12-11 15:58:59.999922,2,BAYxx_xxxx_20251211_154831_000.7z;BAYxx_xxxx_20251211_155854_000.7z
2025-12-11 15:59:00,27178.081268,27.178081268,8921.397685,8894.208436,9362.475148,768000,768000,1.000000000,1,2025-12-11 15:59:00.000000,2025-12-11 15:59:59.999922,1,BAYxx_xxxx_20251211_155854_000.7z
2025-12-11 16:00:00,2219.192808,2.219192808,994.173545,512.351423,712.667839,768000,768000,1.000000000,1,2025-12-11 16:00:00.000000,2025-12-11 16:00:59.999922,1,BAYxx_xxxx_20251211_155854_000.7z
2025-12-11 16:01:00,484.615674,0.484615674,441.206865,-70.657694,114.066503,768000,768000,1.000000000,1,2025-12-11 16:01:00.000000,2025-12-11 16:01:59.999922,1,BAYxx_xxxx_20251211_155854_000.7z
2025-12-11 16:02:00,513.504557,0.513504557,449.428476,-62.027434,126.103514,768000,768000,1.000000000,1,2025-12-11 16:02:00.000000,2025-12-11 16:02:59.999922,1,BAYxx_xxxx_20251211_155854_000.7z
2025-12-11 16:03:00,443.124629,0.443124629,422.507444,-83.030387,103.647572,768000,768000,1.000000000,1,2025-12-11 16:03:00.000000,2025-12-11 16:03:59.999922,1,BAYxx_xxxx_20251211_155854_000.7z
2025-12-11 16:04:00,389.335368,0.389335368,408.434146,-102.090526,82.991748,768000,768000,1.000000000,1,2025-12-11 16:04:00.000000,2025-12-11 16:04:59.999922,1,BAYxx_xxxx_20251211_155854_000.7z
2025-12-11 16:05:00,52.074859,0.052074859,294.262712,-210.025996,-32.161857,768000,768000,1.000000000,1,2025-12-11 16:05:00.000000,2025-12-11 16:05:59.999922,1,BAYxx_xxxx_20251211_155854_000.7z
2025-12-11 16:06:00,78.380252,0.078380252,314.053746,-205.033553,-30.639941,768000,768000,1.000000000,1,2025-12-11 16:06:00.000000,2025-12-11 16:06:59.999922,1,BAYxx_xxxx_20251211_155854_000.7z
2025-12-11 16:07:00,488.511068,0.488511068,435.656040,-68.240012,121.095040,768000,768000,1.000000000,1,2025-12-11 16:07:00.000000,2025-12-11 16:07:59.999922,1,BAYxx_xxxx_20251211_155854_000.7z
2025-12-11 16:08:00,788.629044,0.788629044,536.926241,39.789375,211.913428,691220,768000,0.900026042,0,2025-12-11 16:08:00.000000,2025-12-11 16:08:54.001484,1,BAYxx_xxxx_20251211_155854_000.7z
2025-12-11 16:09:00,796.933894,0.796933894,553.630384,29.360745,213.942765,588800,768000,0.766666667,0,2025-12-11 16:09:14.000000,2025-12-11 16:09:59.999922,1,BAYxx_xxxx_20251211_160914_000.7z
2025-12-11 16:10:00,1072.303948,1.072303948,651.799849,129.824501,290.679598,768000,768000,1.000000000,1,2025-12-11 16:10:00.000000,2025-12-11 16:10:59.999922,1,BAYxx_xxxx_20251211_160914_000.7z
2025-12-11 16:11:00,1331.256793,1.331256793,715.893192,211.048916,404.314686,768000,768000,1.000000000,1,2025-12-11 16:11:00.000000,2025-12-11 16:11:59.999922,1,BAYxx_xxxx_20251211_160914_000.7z
2025-12-11 16:12:00,1434.510342,1.434510342,730.654437,214.839961,489.015943,768000,768000,1.000000000,1,2025-12-11 16:12:00.000000,2025-12-11 16:12:59.999922,1,BAYxx_xxxx_20251211_160914_000.7z
2025-12-11 16:13:00,1323.323894,1.323323894,691.561825,184.165844,447.596224,768000,768000,1.000000000,1,2025-12-11 16:13:00.000000,2025-12-11 16:13:59.999922,1,BAYxx_xxxx_20251211_160914_000.7z
2025-12-11 16:14:00,2046.694558,2.046694558,925.889030,426.032477,694.773052,768000,768000,1.000000000,1,2025-12-11 16:14:00.000000,2025-12-11 16:14:59.999922,1,BAYxx_xxxx_20251211_160914_000.7z
2025-12-11 16:15:00,10014.484086,10.014484086,3444.897661,3118.900006,3450.686419,768000,768000,1.000000000,1,2025-12-11 16:15:00.000000,2025-12-11 16:15:59.999922,1,BAYxx_xxxx_20251211_160914_000.7z
2025-12-11 16:16:00,27108.559267,27.108559267,8876.395591,8866.112586,9366.051090,768000,768000,1.000000000,1,2025-12-11 16:16:00.000000,2025-12-11 16:16:59.999922,1,BAYxx_xxxx_20251211_160914_000.7z
2025-12-11 16:17:00,27692.529850,27.692529850,9089.175668,9040.018584,9563.335598,768000,768000,1.000000000,1,2025-12-11 16:17:00.000000,2025-12-11 16:17:59.999922,1,BAYxx_xxxx_20251211_160914_000.7z
2025-12-11 16:18:00,8561.086117,8.561086117,3002.060593,2617.090083,2941.935441,768000,768000,1.000000000,1,2025-12-11 16:18:00.000000,2025-12-11 16:18:59.999922,1,BAYxx_xxxx_20251211_160914_000.7z
2025-12-11 16:19:00,1230.531042,1.230531042,660.321731,157.043223,413.166088,435323,768000,0.566826823,0,2025-12-11 16:19:00.000000,2025-12-11 16:19:59.999922,2,BAYxx_xxxx_20251211_160914_000.7z;BAYxx_xxxx_20251211_161940_000.7z
2025-12-11 16:20:00,1411.559681,1.411559681,720.538350,207.001715,484.019616,768000,768000,1.000000000,1,2025-12-11 16:20:00.000000,2025-12-11 16:20:59.999922,1,BAYxx_xxxx_20251211_161940_000.7z
2025-12-11 16:21:00,1650.110872,1.650110872,817.277025,276.412393,556.421453,768000,768000,1.000000000,1,2025-12-11 16:21:00.000000,2025-12-11 16:21:59.999922,1,BAYxx_xxxx_20251211_161940_000.7z
2025-12-11 16:22:00,1750.645970,1.750645970,857.437377,303.459881,589.748713,768000,768000,1.000000000,1,2025-12-11 16:22:00.000000,2025-12-11 16:22:59.999922,1,BAYxx_xxxx_20251211_161940_000.7z
2025-12-11 16:23:00,1810.308767,1.810308767,868.256844,320.965940,621.085983,768000,768000,1.000000000,1,2025-12-11 16:23:00.000000,2025-12-11 16:23:59.999922,1,BAYxx_xxxx_20251211_161940_000.7z
2025-12-11 16:24:00,1865.990273,1.865990273,890.564379,336.748660,638.677234,768000,768000,1.000000000,1,2025-12-11 16:24:00.000000,2025-12-11 16:24:59.999922,1,BAYxx_xxxx_20251211_161940_000.7z
2025-12-11 16:25:00,1934.809483,1.934809483,906.593573,368.623069,659.592841,768000,768000,1.000000000,1,2025-12-11 16:25:00.000000,2025-12-11 16:25:59.999922,1,BAYxx_xxxx_20251211_161940_000.7z
2025-12-11 16:26:00,2016.405200,2.016405200,933.410781,408.059426,674.934993,768000,768000,1.000000000,1,2025-12-11 16:26:00.000000,2025-12-11 16:26:59.999922,1,BAYxx_xxxx_20251211_161940_000.7z
2025-12-11 16:27:00,2072.871239,2.072871239,956.466142,405.501110,710.903987,768000,768000,1.000000000,1,2025-12-11 16:27:00.000000,2025-12-11 16:27:59.999922,1,BAYxx_xxxx_20251211_161940_000.7z
2025-12-11 16:28:00,2136.326411,2.136326411,978.894621,435.131130,722.300660,768000,768000,1.000000000,1,2025-12-11 16:28:00.000000,2025-12-11 16:28:59.999922,1,BAYxx_xxxx_20251211_161940_000.7z
2025-12-11 16:29:00,2195.981419,2.195981419,998.928472,455.832583,741.220364,512101,768000,0.666798177,0,2025-12-11 16:29:00.000000,2025-12-11 16:29:40.007812,1,BAYxx_xxxx_20251211_161940_000.7z
2025-12-11 16:30:00,2207.980845,2.207980845,992.778611,473.936821,741.265413,768000,768000,1.000000000,1,2025-12-11 16:30:00.000000,2025-12-11 16:30:59.999922,1,BAYxx_xxxx_20251211_163000_000.7z
2025-12-11 16:31:00,2258.808578,2.258808578,1021.371286,485.356418,752.080874,768000,768000,1.000000000,1,2025-12-11 16:31:00.000000,2025-12-11 16:31:59.999922,1,BAYxx_xxxx_20251211_163000_000.7z
2025-12-11 16:32:00,2320.359001,2.320359001,1046.687468,503.274346,770.397186,768000,768000,1.000000000,1,2025-12-11 16:32:00.000000,2025-12-11 16:32:59.999922,1,BAYxx_xxxx_20251211_163000_000.7z
2025-12-11 16:33:00,2979.864337,2.979864337,1257.464197,737.251808,985.148333,768000,768000,1.000000000,1,2025-12-11 16:33:00.000000,2025-12-11 16:33:59.999922,1,BAYxx_xxxx_20251211_163000_000.7z
2025-12-11 16:34:00,9314.406834,9.314406834,3276.774111,2889.945508,3147.687215,768000,768000,1.000000000,1,2025-12-11 16:34:00.000000,2025-12-11 16:34:59.999922,1,BAYxx_xxxx_20251211_163000_000.7z
2025-12-11 16:35:00,27875.063249,27.875063249,9179.714136,9177.389887,9517.959226,768000,768000,1.000000000,1,2025-12-11 16:35:00.000000,2025-12-11 16:35:59.999922,1,BAYxx_xxxx_20251211_163000_000.7z
2025-12-11 16:36:00,28460.838136,28.460838136,9309.804723,9333.363654,9817.669758,768000,768000,1.000000000,1,2025-12-11 16:36:00.000000,2025-12-11 16:36:59.999922,1,BAYxx_xxxx_20251211_163000_000.7z
2025-12-11 16:37:00,19459.424447,19.459424447,6512.370357,6258.797994,6688.256096,768000,768000,1.000000000,1,2025-12-11 16:37:00.000000,2025-12-11 16:37:59.999922,1,BAYxx_xxxx_20251211_163000_000.7z
2025-12-11 16:38:00,2685.904109,2.685904109,1175.120953,629.064225,881.718931,768000,768000,1.000000000,1,2025-12-11 16:38:00.000000,2025-12-11 16:38:59.999922,1,BAYxx_xxxx_20251211_163000_000.7z
2025-12-11 16:39:00,2723.113654,2.723113654,1183.570911,639.212636,900.330107,768000,768000,1.000000000,1,2025-12-11 16:39:00.000000,2025-12-11 16:39:59.999922,1,BAYxx_xxxx_20251211_163000_000.7z
2025-12-11 16:40:00,2774.430892,2.774430892,1188.867203,658.225192,927.338496,243307,768000,0.316805990,0,2025-12-11 16:40:00.000000,2025-12-11 16:40:59.999922,2,BAYxx_xxxx_20251211_163000_000.7z;BAYxx_xxxx_20251211_164041_000.7z
2025-12-11 16:41:00,4559.541520,4.559541520,1508.815540,1094.368942,1956.357038,768000,768000,1.000000000,1,2025-12-11 16:41:00.000000,2025-12-11 16:41:59.999922,1,BAYxx_xxxx_20251211_164041_000.7z
2025-12-11 16:42:00,22798.937684,22.798937684,7267.027962,7175.287261,8356.622462,768000,768000,1.000000000,1,2025-12-11 16:42:00.000000,2025-12-11 16:42:59.999922,1,BAYxx_xxxx_20251211_164041_000.7z
2025-12-11 16:43:00,30529.692952,30.529692952,9874.115210,9820.090724,10835.487017,768000,768000,1.000000000,1,2025-12-11 16:43:00.000000,2025-12-11 16:43:59.999922,1,BAYxx_xxxx_20251211_164041_000.7z
2025-12-11 16:44:00,6991.965666,6.991965666,2593.595027,2088.059428,2310.311210,768000,768000,1.000000000,1,2025-12-11 16:44:00.000000,2025-12-11 16:44:59.999922,1,BAYxx_xxxx_20251211_164041_000.7z
2025-12-11 16:45:00,2879.833650,2.879833650,1279.773465,713.838332,886.221854,768000,768000,1.000000000,1,2025-12-11 16:45:00.000000,2025-12-11 16:45:59.999922,1,BAYxx_xxxx_20251211_164041_000.7z
2025-12-11 16:46:00,2905.866505,2.905866505,1283.034164,731.540859,891.291481,768000,768000,1.000000000,1,2025-12-11 16:46:00.000000,2025-12-11 16:46:59.999922,1,BAYxx_xxxx_20251211_164041_000.7z
2025-12-11 16:47:00,2981.300180,2.981300180,1303.030492,750.132470,928.137217,768000,768000,1.000000000,1,2025-12-11 16:47:00.000000,2025-12-11 16:47:59.999922,1,BAYxx_xxxx_20251211_164041_000.7z
2025-12-11 16:48:00,3035.012948,3.035012948,1329.022086,765.374105,940.616758,768000,768000,1.000000000,1,2025-12-11 16:48:00.000000,2025-12-11 16:48:59.999922,1,BAYxx_xxxx_20251211_164041_000.7z
2025-12-11 16:49:00,3065.991912,3.065991912,1343.017429,776.974392,946.000091,768000,768000,1.000000000,1,2025-12-11 16:49:00.000000,2025-12-11 16:49:59.999922,1,BAYxx_xxxx_20251211_164041_000.7z
2025-12-11 16:50:00,3099.976137,3.099976137,1368.882514,777.930542,953.163081,524869,768000,0.683423177,0,2025-12-11 16:50:00.000000,2025-12-11 16:50:41.005312,1,BAYxx_xxxx_20251211_164041_000.7z
2025-12-11 16:51:00,3132.724719,3.132724719,1360.990569,805.779739,965.954411,678400,768000,0.883333333,0,2025-12-11 16:51:07.000000,2025-12-11 16:51:59.999922,1,BAYxx_xxxx_20251211_165107_000.7z
2025-12-11 16:52:00,3173.291286,3.173291286,1357.664102,819.621083,996.006101,768000,768000,1.000000000,1,2025-12-11 16:52:00.000000,2025-12-11 16:52:59.999922,1,BAYxx_xxxx_20251211_165107_000.7z
2025-12-11 16:53:00,3168.379280,3.168379280,1367.155027,817.758435,983.465818,768000,768000,1.000000000,1,2025-12-11 16:53:00.000000,2025-12-11 16:53:59.999922,1,BAYxx_xxxx_20251211_165107_000.7z
2025-12-11 16:54:00,4415.809985,4.415809985,1781.676761,1232.226804,1401.906420,768000,768000,1.000000000,1,2025-12-11 16:54:00.000000,2025-12-11 16:54:59.999922,1,BAYxx_xxxx_20251211_165107_000.7z
2025-12-11 16:55:00,17390.621750,17.390621750,5884.345643,5538.218462,5968.057645,768000,768000,1.000000000,1,2025-12-11 16:55:00.000000,2025-12-11 16:55:59.999922,1,BAYxx_xxxx_20251211_165107_000.7z
2025-12-11 16:56:00,28177.221982,28.177221982,9338.378970,9116.290111,9722.552901,768000,768000,1.000000000,1,2025-12-11 16:56:00.000000,2025-12-11 16:56:59.999922,1,BAYxx_xxxx_20251211_165107_000.7z
2025-12-11 16:57:00,29092.950750,29.092950750,9615.907598,9437.599901,10039.443251,768000,768000,1.000000000,1,2025-12-11 16:57:00.000000,2025-12-11 16:57:59.999922,1,BAYxx_xxxx_20251211_165107_000.7z
2025-12-11 16:58:00,26918.140354,26.918140354,8949.444494,8664.321633,9304.374226,768000,768000,1.000000000,1,2025-12-11 16:58:00.000000,2025-12-11 16:58:59.999922,1,BAYxx_xxxx_20251211_165107_000.7z
2025-12-11 16:59:00,3330.640723,3.330640723,1406.898430,830.643772,1093.098521,768000,768000,1.000000000,1,2025-12-11 16:59:00.000000,2025-12-11 16:59:59.999922,1,BAYxx_xxxx_20251211_165107_000.7z
2025-12-11 17:00:00,3313.544187,3.313544187,1397.227083,829.477159,1086.839944,768000,768000,1.000000000,1,2025-12-11 17:00:00.000000,2025-12-11 17:00:59.999922,1,BAYxx_xxxx_20251211_165107_000.7z
2025-12-11 17:01:00,3304.523772,3.304523772,1395.427939,822.406426,1086.689406,409739,768000,0.533514323,0,2025-12-11 17:01:00.000000,2025-12-11 17:01:59.999922,2,BAYxx_xxxx_20251211_165107_000.7z;BAYxx_xxxx_20251211_170135_000.7z
2025-12-11 17:02:00,3317.590858,3.317590858,1388.151682,840.495615,1088.943562,768000,768000,1.000000000,1,2025-12-11 17:02:00.000000,2025-12-11 17:02:59.999922,1,BAYxx_xxxx_20251211_170135_000.7z
2025-12-11 17:03:00,3281.346606,3.281346606,1379.387364,822.161607,1079.797635,768000,768000,1.000000000,1,2025-12-11 17:03:00.000000,2025-12-11 17:03:59.999922,1,BAYxx_xxxx_20251211_170135_000.7z
2025-12-11 17:04:00,3271.896720,3.271896720,1370.343475,814.430519,1087.122726,768000,768000,1.000000000,1,2025-12-11 17:04:00.000000,2025-12-11 17:04:59.999922,1,BAYxx_xxxx_20251211_170135_000.7z
2025-12-11 17:05:00,3257.931083,3.257931083,1364.659321,812.737513,1080.534249,768000,768000,1.000000000,1,2025-12-11 17:05:00.000000,2025-12-11 17:05:59.999922,1,BAYxx_xxxx_20251211_170135_000.7z
2025-12-11 17:06:00,3273.473516,3.273473516,1365.625869,829.920306,1077.927341,768000,768000,1.000000000,1,2025-12-11 17:06:00.000000,2025-12-11 17:06:59.999922,1,BAYxx_xxxx_20251211_170135_000.7z
2025-12-11 17:07:00,3272.839940,3.272839940,1361.559174,827.142039,1084.138727,768000,768000,1.000000000,1,2025-12-11 17:07:00.000000,2025-12-11 17:07:59.999922,1,BAYxx_xxxx_20251211_170135_000.7z
2025-12-11 17:08:00,3280.661228,3.280661228,1372.764964,825.662152,1082.234112,768000,768000,1.000000000,1,2025-12-11 17:08:00.000000,2025-12-11 17:08:59.999922,1,BAYxx_xxxx_20251211_170135_000.7z
2025-12-11 17:09:00,3719.531307,3.719531307,1513.527781,969.673192,1236.330334,768000,768000,1.000000000,1,2025-12-11 17:09:00.000000,2025-12-11 17:09:59.999922,1,BAYxx_xxxx_20251211_170135_000.7z
2025-12-11 17:10:00,6395.093167,6.395093167,2379.731333,1890.071775,2125.290059,768000,768000,1.000000000,1,2025-12-11 17:10:00.000000,2025-12-11 17:10:59.999922,1,BAYxx_xxxx_20251211_170135_000.7z
2025-12-11 17:11:00,28055.436506,28.055436506,9303.400267,9151.755808,9600.280431,448048,768000,0.583395833,0,2025-12-11 17:11:00.000000,2025-12-11 17:11:35.003672,1,BAYxx_xxxx_20251211_170135_000.7z
2025-12-11 17:12:00,28254.500240,28.254500240,9354.436694,9174.008731,9726.054815,601600,768000,0.783333333,0,2025-12-11 17:12:13.000000,2025-12-11 17:12:59.999922,1,BAYxx_xxxx_20251211_171213_000.7z
2025-12-11 17:13:00,29054.395828,29.054395828,9569.250231,9455.398965,10029.746632,768000,768000,1.000000000,1,2025-12-11 17:13:00.000000,2025-12-11 17:13:59.999922,1,BAYxx_xxxx_20251211_171213_000.7z
2025-12-11 17:14:00,30095.491145,30.095491145,9893.311580,9758.833518,10443.346047,768000,768000,1.000000000,1,2025-12-11 17:14:00.000000,2025-12-11 17:14:59.999922,1,BAYxx_xxxx_20251211_171213_000.7z
2025-12-11 17:15:00,14093.039908,14.093039908,4836.027864,4438.799198,4818.212846,768000,768000,1.000000000,1,2025-12-11 17:15:00.000000,2025-12-11 17:15:59.999922,1,BAYxx_xxxx_20251211_171213_000.7z
2025-12-11 17:16:00,3269.092317,3.269092317,1375.917247,821.121389,1072.053681,768000,768000,1.000000000,1,2025-12-11 17:16:00.000000,2025-12-11 17:16:59.999922,1,BAYxx_xxxx_20251211_171213_000.7z
2025-12-11 17:17:00,3280.931743,3.280931743,1382.061550,818.712173,1080.158019,768000,768000,1.000000000,1,2025-12-11 17:17:00.000000,2025-12-11 17:17:59.999922,1,BAYxx_xxxx_20251211_171213_000.7z
2025-12-11 17:18:00,4400.158045,4.400158045,1743.857225,1181.956894,1474.343925,768000,768000,1.000000000,1,2025-12-11 17:18:00.000000,2025-12-11 17:18:59.999922,1,BAYxx_xxxx_20251211_171213_000.7z
2025-12-11 17:19:00,16518.544885,16.518544885,5548.401483,5250.546320,5719.597082,768000,768000,1.000000000,1,2025-12-11 17:19:00.000000,2025-12-11 17:19:59.999922,1,BAYxx_xxxx_20251211_171213_000.7z
2025-12-11 17:20:00,29479.608346,29.479608346,9703.840442,9575.747060,10200.020843,768000,768000,1.000000000,1,2025-12-11 17:20:00.000000,2025-12-11 17:20:59.999922,1,BAYxx_xxxx_20251211_171213_000.7z
2025-12-11 17:21:00,23252.219833,23.252219833,7833.738855,7432.084474,7986.396504,768000,768000,1.000000000,1,2025-12-11 17:21:00.000000,2025-12-11 17:21:59.999922,1,BAYxx_xxxx_20251211_171213_000.7z
2025-12-11 17:22:00,3295.913025,3.295913025,1403.035778,812.581863,1080.295383,537614,768000,0.700018229,0,2025-12-11 17:22:00.000000,2025-12-11 17:22:59.999922,2,BAYxx_xxxx_20251211_171213_000.7z;BAYxx_xxxx_20251211_172231_000.7z
2025-12-11 17:23:00,3258.804773,3.258804773,1381.580384,811.842810,1065.381579,768000,768000,1.000000000,1,2025-12-11 17:23:00.000000,2025-12-11 17:23:59.999922,1,BAYxx_xxxx_20251211_172231_000.7z
2025-12-11 17:24:00,3545.059586,3.545059586,1477.476933,907.425766,1160.156887,768000,768000,1.000000000,1,2025-12-11 17:24:00.000000,2025-12-11 17:24:59.999922,1,BAYxx_xxxx_20251211_172231_000.7z
2025-12-11 17:25:00,4870.681107,4.870681107,1906.216626,1366.818164,1597.646317,768000,768000,1.000000000,1,2025-12-11 17:25:00.000000,2025-12-11 17:25:59.999922,1,BAYxx_xxxx_20251211_172231_000.7z
2025-12-11 17:26:00,28202.606717,28.202606717,9357.771412,9181.686656,9663.148650,768000,768000,1.000000000,1,2025-12-11 17:26:00.000000,2025-12-11 17:26:59.999922,1,BAYxx_xxxx_20251211_172231_000.7z
2025-12-11 17:27:00,29270.414372,29.270414372,9679.002066,9475.985076,10115.427231,768000,768000,1.000000000,1,2025-12-11 17:27:00.000000,2025-12-11 17:27:59.999922,1,BAYxx_xxxx_20251211_172231_000.7z
2025-12-11 17:28:00,18954.497502,18.954497502,6418.208894,6057.877487,6478.411121,768000,768000,1.000000000,1,2025-12-11 17:28:00.000000,2025-12-11 17:28:59.999922,1,BAYxx_xxxx_20251211_172231_000.7z
2025-12-11 17:29:00,3165.870049,3.165870049,1371.272675,818.368170,976.229204,768000,768000,1.000000000,1,2025-12-11 17:29:00.000000,2025-12-11 17:29:59.999922,1,BAYxx_xxxx_20251211_172231_000.7z
2025-12-11 17:30:00,3168.423228,3.168423228,1362.903138,825.671950,979.848141,768000,768000,1.000000000,1,2025-12-11 17:30:00.000000,2025-12-11 17:30:59.999922,1,BAYxx_xxxx_20251211_172231_000.7z
2025-12-11 17:31:00,3173.201927,3.173201927,1365.991380,828.909412,978.301135,768000,768000,1.000000000,1,2025-12-11 17:31:00.000000,2025-12-11 17:31:59.999922,1,BAYxx_xxxx_20251211_172231_000.7z
2025-12-11 17:32:00,3168.579614,3.168579614,1367.314918,833.099187,968.165509,396918,768000,0.516820313,0,2025-12-11 17:32:00.000000,2025-12-11 17:32:31.009141,1,BAYxx_xxxx_20251211_172231_000.7z
2025-12-11 17:33:00,3165.110566,3.165110566,1369.570887,831.793018,963.746661,716800,768000,0.933333333,0,2025-12-11 17:33:04.000000,2025-12-11 17:33:59.999922,1,BAYxx_xxxx_20251211_173304_000.7z
2025-12-11 17:34:00,3161.941140,3.161941140,1372.291690,827.688474,961.960975,768000,768000,1.000000000,1,2025-12-11 17:34:00.000000,2025-12-11 17:34:59.999922,1,BAYxx_xxxx_20251211_173304_000.7z
2025-12-11 17:35:00,3167.758175,3.167758175,1372.634318,827.274963,967.848894,768000,768000,1.000000000,1,2025-12-11 17:35:00.000000,2025-12-11 17:35:59.999922,1,BAYxx_xxxx_20251211_173304_000.7z
2025-12-11 17:36:00,3162.159964,3.162159964,1377.076032,819.753540,965.330392,768000,768000,1.000000000,1,2025-12-11 17:36:00.000000,2025-12-11 17:36:59.999922,1,BAYxx_xxxx_20251211_173304_000.7z
2025-12-11 17:37:00,3184.477785,3.184477785,1381.510188,838.352240,964.615356,768000,768000,1.000000000,1,2025-12-11 17:37:00.000000,2025-12-11 17:37:59.999922,1,BAYxx_xxxx_20251211_173304_000.7z
2025-12-11 17:38:00,4625.789844,4.625789844,1842.472010,1330.519575,1452.798260,768000,768000,1.000000000,1,2025-12-11 17:38:00.000000,2025-12-11 17:38:59.999922,1,BAYxx_xxxx_20251211_173304_000.7z
2025-12-11 17:39:00,20487.288914,20.487288914,6884.585978,6651.170183,6951.532753,768000,768000,1.000000000,1,2025-12-11 17:39:00.000000,2025-12-11 17:39:59.999922,1,BAYxx_xxxx_20251211_173304_000.7z
2025-12-11 17:40:00,28401.128890,28.401128890,9401.199657,9250.660229,9749.269004,768000,768000,1.000000000,1,2025-12-11 17:40:00.000000,2025-12-11 17:40:59.999922,1,BAYxx_xxxx_20251211_173304_000.7z
2025-12-11 17:41:00,29618.541935,29.618541935,9745.256650,9717.911624,10155.373661,768000,768000,1.000000000,1,2025-12-11 17:41:00.000000,2025-12-11 17:41:59.999922,1,BAYxx_xxxx_20251211_173304_000.7z
2025-12-11 17:42:00,8980.254643,8.980254643,3234.304060,2755.635677,2990.314906,768000,768000,1.000000000,1,2025-12-11 17:42:00.000000,2025-12-11 17:42:59.999922,1,BAYxx_xxxx_20251211_173304_000.7z
2025-12-11 17:43:00,3264.658399,3.264658399,1383.395476,830.880450,1050.382473,486408,768000,0.633343750,0,2025-12-11 17:43:00.000000,2025-12-11 17:43:59.999922,2,BAYxx_xxxx_20251211_173304_000.7z;BAYxx_xxxx_20251211_174326_000.7z
2025-12-11 17:44:00,3259.738887,3.259738887,1377.441378,823.194438,1059.103071,768000,768000,1.000000000,1,2025-12-11 17:44:00.000000,2025-12-11 17:44:59.999922,1,BAYxx_xxxx_20251211_174326_000.7z
2025-12-11 17:45:00,4166.763825,4.166763825,1678.203122,1118.622650,1369.938054,768000,768000,1.000000000,1,2025-12-11 17:45:00.000000,2025-12-11 17:45:59.999922,1,BAYxx_xxxx_20251211_174326_000.7z
2025-12-11 17:46:00,13104.804078,13.104804078,4557.859291,4083.351726,4463.593061,768000,768000,1.000000000,1,2025-12-11 17:46:00.000000,2025-12-11 17:46:59.999922,1,BAYxx_xxxx_20251211_174326_000.7z
2025-12-11 17:47:00,29716.322105,29.716322105,9929.385660,9581.298767,10205.637678,768000,768000,1.000000000,1,2025-12-11 17:47:00.000000,2025-12-11 17:47:59.999922,1,BAYxx_xxxx_20251211_174326_000.7z
2025-12-11 17:48:00,24447.020834,24.447020834,8215.483371,7873.450913,8358.086550,768000,768000,1.000000000,1,2025-12-11 17:48:00.000000,2025-12-11 17:48:59.999922,1,BAYxx_xxxx_20251211_174326_000.7z
2025-12-11 17:49:00,3241.965174,3.241965174,1363.158261,820.446511,1058.360402,768000,768000,1.000000000,1,2025-12-11 17:49:00.000000,2025-12-11 17:49:59.999922,1,BAYxx_xxxx_20251211_174326_000.7z
2025-12-11 17:50:00,3250.608270,3.250608270,1360.123811,828.904093,1061.580367,768000,768000,1.000000000,1,2025-12-11 17:50:00.000000,2025-12-11 17:50:59.999922,1,BAYxx_xxxx_20251211_174326_000.7z
2025-12-11 17:51:00,3248.346872,3.248346872,1368.662491,822.323404,1057.360976,768000,768000,1.000000000,1,2025-12-11 17:51:00.000000,2025-12-11 17:51:59.999922,1,BAYxx_xxxx_20251211_174326_000.7z
2025-12-11 17:52:00,3257.430448,3.257430448,1364.672859,829.647514,1063.110075,768000,768000,1.000000000,1,2025-12-11 17:52:00.000000,2025-12-11 17:52:59.999922,1,BAYxx_xxxx_20251211_174326_000.7z
2025-12-11 17:53:00,3266.930690,3.266930690,1371.323541,831.255263,1064.351887,588901,768000,0.766798177,0,2025-12-11 17:53:00.000000,2025-12-11 17:53:59.999922,2,BAYxx_xxxx_20251211_174326_000.7z;BAYxx_xxxx_20251211_175340_000.7z
2025-12-11 17:54:00,3249.654100,3.249654100,1367.416983,825.704893,1056.532225,768000,768000,1.000000000,1,2025-12-11 17:54:00.000000,2025-12-11 17:54:59.999922,1,BAYxx_xxxx_20251211_175340_000.7z
2025-12-11 17:55:00,3251.283409,3.251283409,1357.221638,834.932727,1059.129043,768000,768000,1.000000000,1,2025-12-11 17:55:00.000000,2025-12-11 17:55:59.999922,1,BAYxx_xxxx_20251211_175340_000.7z
2025-12-11 17:56:00,3407.014302,3.407014302,1419.999856,879.676381,1107.338064,768000,768000,1.000000000,1,2025-12-11 17:56:00.000000,2025-12-11 17:56:59.999922,1,BAYxx_xxxx_20251211_175340_000.7z
2025-12-11 17:57:00,4844.613488,4.844613488,1902.092059,1351.047862,1591.473567,768000,768000,1.000000000,1,2025-12-11 17:57:00.000000,2025-12-11 17:57:59.999922,1,BAYxx_xxxx_20251211_175340_000.7z
2025-12-11 17:58:00,25915.303971,25.915303971,8614.218235,8447.423073,8853.662663,768000,768000,1.000000000,1,2025-12-11 17:58:00.000000,2025-12-11 17:58:59.999922,1,BAYxx_xxxx_20251211_175340_000.7z
2025-12-11 17:59:00,28083.263364,28.083263364,9321.583037,9123.429912,9638.250415,768000,768000,1.000000000,1,2025-12-11 17:59:00.000000,2025-12-11 17:59:59.999922,1,BAYxx_xxxx_20251211_175340_000.7z
2025-12-11 18:00:00,29530.267671,29.530267671,9818.484518,9583.666316,10128.116837,768000,768000,1.000000000,1,2025-12-11 18:00:00.000000,2025-12-11 18:00:59.999922,1,BAYxx_xxxx_20251211_175340_000.7z
2025-12-11 18:01:00,27882.402426,27.882402426,9327.807879,8996.439734,9558.154813,768000,768000,1.000000000,1,2025-12-11 18:01:00.000000,2025-12-11 18:01:59.999922,1,BAYxx_xxxx_20251211_175340_000.7z
2025-12-11 18:02:00,3381.289646,3.381289646,1410.716491,872.211385,1098.361770,768000,768000,1.000000000,1,2025-12-11 18:02:00.000000,2025-12-11 18:02:59.999922,1,BAYxx_xxxx_20251211_175340_000.7z
2025-12-11 18:03:00,3268.496742,3.268496742,1368.125914,828.320772,1072.050056,512088,768000,0.666781250,0,2025-12-11 18:03:00.000000,2025-12-11 18:03:40.006797,1,BAYxx_xxxx_20251211_175340_000.7z
2025-12-11 18:04:00,3264.799281,3.264799281,1367.708133,830.146486,1066.944661,640000,768000,0.833333333,0,2025-12-11 18:04:10.000000,2025-12-11 18:04:59.999922,1,BAYxx_xxxx_20251211_180410_000.7z
2025-12-11 18:05:00,3257.729178,3.257729178,1364.183028,827.543612,1066.002538,768000,768000,1.000000000,1,2025-12-11 18:05:00.000000,2025-12-11 18:05:59.999922,1,BAYxx_xxxx_20251211_180410_000.7z
2025-12-11 18:06:00,3261.072449,3.261072449,1375.618020,827.263315,1058.191113,768000,768000,1.000000000,1,2025-12-11 18:06:00.000000,2025-12-11 18:06:59.999922,1,BAYxx_xxxx_20251211_180410_000.7z
2025-12-11 18:07:00,3256.623857,3.256623857,1375.484415,818.058248,1063.081195,768000,768000,1.000000000,1,2025-12-11 18:07:00.000000,2025-12-11 18:07:59.999922,1,BAYxx_xxxx_20251211_180410_000.7z
2025-12-11 18:08:00,3257.066167,3.257066167,1375.416378,821.981686,1059.668103,768000,768000,1.000000000,1,2025-12-11 18:08:00.000000,2025-12-11 18:08:59.999922,1,BAYxx_xxxx_20251211_180410_000.7z
2025-12-11 18:09:00,3259.425483,3.259425483,1383.602810,827.705960,1048.116713,768000,768000,1.000000000,1,2025-12-11 18:09:00.000000,2025-12-11 18:09:59.999922,1,BAYxx_xxxx_20251211_180410_000.7z
2025-12-11 18:10:00,3259.385279,3.259385279,1379.439494,829.229425,1050.716360,768000,768000,1.000000000,1,2025-12-11 18:10:00.000000,2025-12-11 18:10:59.999922,1,BAYxx_xxxx_20251211_180410_000.7z
2025-12-11 18:11:00,3258.054454,3.258054454,1365.140640,831.805453,1061.108361,768000,768000,1.000000000,1,2025-12-11 18:11:00.000000,2025-12-11 18:11:59.999922,1,BAYxx_xxxx_20251211_180410_000.7z
2025-12-11 18:12:00,3263.673947,3.263673947,1373.090364,834.487517,1056.096066,768000,768000,1.000000000,1,2025-12-11 18:12:00.000000,2025-12-11 18:12:59.999922,1,BAYxx_xxxx_20251211_180410_000.7z
2025-12-11 18:13:00,4453.117687,4.453117687,1801.840941,1264.219485,1387.057261,768000,768000,1.000000000,1,2025-12-11 18:13:00.000000,2025-12-11 18:13:59.999922,1,BAYxx_xxxx_20251211_180410_000.7z
2025-12-11 18:14:00,13450.370293,13.450370293,4680.298066,4278.901354,4491.170873,537610,768000,0.700013021,0,2025-12-11 18:14:00.000000,2025-12-11 18:14:59.999922,2,BAYxx_xxxx_20251211_180410_000.7z;BAYxx_xxxx_20251211_181428_000.7z
2025-12-11 18:15:00,28245.434905,28.245434905,9435.488688,9201.753096,9608.193121,768000,768000,1.000000000,1,2025-12-11 18:15:00.000000,2025-12-11 18:15:59.999922,1,BAYxx_xxxx_20251211_181428_000.7z
2025-12-11 18:16:00,28692.902732,28.692902732,9680.308662,9241.375302,9771.218768,768000,768000,1.000000000,1,2025-12-11 18:16:00.000000,2025-12-11 18:16:59.999922,1,BAYxx_xxxx_20251211_181428_000.7z
2025-12-11 18:17:00,29856.326925,29.856326925,10016.962575,9650.746405,10188.617945,768000,768000,1.000000000,1,2025-12-11 18:17:00.000000,2025-12-11 18:17:59.999922,1,BAYxx_xxxx_20251211_181428_000.7z
2025-12-11 18:18:00,20819.688925,20.819688925,7095.349001,6674.210874,7050.129049,768000,768000,1.000000000,1,2025-12-11 18:18:00.000000,2025-12-11 18:18:59.999922,1,BAYxx_xxxx_20251211_181428_000.7z
2025-12-11 18:19:00,3157.411323,3.157411323,1384.118502,829.078089,944.214731,768000,768000,1.000000000,1,2025-12-11 18:19:00.000000,2025-12-11 18:19:59.999922,1,BAYxx_xxxx_20251211_181428_000.7z
2025-12-11 18:20:00,3158.090232,3.158090232,1365.491812,832.107387,960.491033,768000,768000,1.000000000,1,2025-12-11 18:20:00.000000,2025-12-11 18:20:59.999922,1,BAYxx_xxxx_20251211_181428_000.7z
2025-12-11 18:21:00,3979.135751,3.979135751,1649.552749,1100.279108,1229.303893,768000,768000,1.000000000,1,2025-12-11 18:21:00.000000,2025-12-11 18:21:59.999922,1,BAYxx_xxxx_20251211_181428_000.7z
2025-12-11 18:22:00,11950.118596,11.950118596,4199.493572,3754.559120,3996.065903,768000,768000,1.000000000,1,2025-12-11 18:22:00.000000,2025-12-11 18:22:59.999922,1,BAYxx_xxxx_20251211_181428_000.7z
2025-12-11 18:23:00,29430.959700,29.430959700,9889.563374,9535.744359,10005.651968,768000,768000,1.000000000,1,2025-12-11 18:23:00.000000,2025-12-11 18:23:59.999922,1,BAYxx_xxxx_20251211_181428_000.7z
2025-12-11 18:24:00,29561.208059,29.561208059,9883.312455,9603.246612,10074.648992,486486,768000,0.633445313,0,2025-12-11 18:24:00.000000,2025-12-11 18:24:59.999922,2,BAYxx_xxxx_20251211_181428_000.7z;BAYxx_xxxx_20251211_182450_000.7z
2025-12-11 18:25:00,10036.520670,10.036520670,3585.059619,3124.209427,3327.251624,768000,768000,1.000000000,1,2025-12-11 18:25:00.000000,2025-12-11 18:25:59.999922,1,BAYxx_xxxx_20251211_182450_000.7z
2025-12-11 18:26:00,3156.919052,3.156919052,1367.092893,836.462624,953.363534,768000,768000,1.000000000,1,2025-12-11 18:26:00.000000,2025-12-11 18:26:59.999922,1,BAYxx_xxxx_20251211_182450_000.7z
2025-12-11 18:27:00,3165.064197,3.165064197,1384.667256,828.367967,952.028974,768000,768000,1.000000000,1,2025-12-11 18:27:00.000000,2025-12-11 18:27:59.999922,1,BAYxx_xxxx_20251211_182450_000.7z
2025-12-11 18:28:00,3259.892053,3.259892053,1381.974146,825.609869,1052.308038,768000,768000,1.000000000,1,2025-12-11 18:28:00.000000,2025-12-11 18:28:59.999922,1,BAYxx_xxxx_20251211_182450_000.7z
2025-12-11 18:29:00,3278.946284,3.278946284,1380.899037,831.318535,1066.728712,768000,768000,1.000000000,1,2025-12-11 18:29:00.000000,2025-12-11 18:29:59.999922,1,BAYxx_xxxx_20251211_182450_000.7z
2025-12-11 18:30:00,3279.007051,3.279007051,1383.786507,833.586454,1061.634089,768000,768000,1.000000000,1,2025-12-11 18:30:00.000000,2025-12-11 18:30:59.999922,1,BAYxx_xxxx_20251211_182450_000.7z
2025-12-11 18:31:00,3287.241260,3.287241260,1391.648517,835.654862,1059.937881,768000,768000,1.000000000,1,2025-12-11 18:31:00.000000,2025-12-11 18:31:59.999922,1,BAYxx_xxxx_20251211_182450_000.7z
2025-12-11 18:32:00,4057.290799,4.057290799,1636.208139,1091.676931,1329.405729,768000,768000,1.000000000,1,2025-12-11 18:32:00.000000,2025-12-11 18:32:59.999922,1,BAYxx_xxxx_20251211_182450_000.7z
2025-12-11 18:33:00,10995.675139,10.995675139,3788.692404,3452.632468,3754.350267,768000,768000,1.000000000,1,2025-12-11 18:33:00.000000,2025-12-11 18:33:59.999922,1,BAYxx_xxxx_20251211_182450_000.7z
2025-12-11 18:34:00,27970.237598,27.970237598,9154.310932,9119.491254,9696.435413,640094,768000,0.833455729,0,2025-12-11 18:34:00.000000,2025-12-11 18:34:50.007266,1,BAYxx_xxxx_20251211_182450_000.7z
2025-12-11 18:35:00,28377.488494,28.377488494,9408.324982,9215.639283,9753.524229,448000,768000,0.583333333,0,2025-12-11 18:35:25.000000,2025-12-11 18:35:59.999922,1,BAYxx_xxxx_20251211_183525_000.7z
2025-12-11 18:36:00,29605.491626,29.605491626,9865.802781,9563.436617,10176.252227,768000,768000,1.000000000,1,2025-12-11 18:36:00.000000,2025-12-11 18:36:59.999922,1,BAYxx_xxxx_20251211_183525_000.7z
2025-12-11 18:37:00,16958.591707,16.958591707,5759.617275,5360.146680,5838.827753,768000,768000,1.000000000,1,2025-12-11 18:37:00.000000,2025-12-11 18:37:59.999922,1,BAYxx_xxxx_20251211_183525_000.7z
2025-12-11 18:38:00,3268.273520,3.268273520,1377.670327,824.647242,1065.955951,768000,768000,1.000000000,1,2025-12-11 18:38:00.000000,2025-12-11 18:38:59.999922,1,BAYxx_xxxx_20251211_183525_000.7z
2025-12-11 18:39:00,3260.988120,3.260988120,1366.214484,827.930263,1066.843373,768000,768000,1.000000000,1,2025-12-11 18:39:00.000000,2025-12-11 18:39:59.999922,1,BAYxx_xxxx_20251211_183525_000.7z
2025-12-11 18:40:00,4302.007977,4.302007977,1726.922407,1175.289131,1399.796438,768000,768000,1.000000000,1,2025-12-11 18:40:00.000000,2025-12-11 18:40:59.999922,1,BAYxx_xxxx_20251211_183525_000.7z
2025-12-11 18:41:00,15551.849751,15.551849751,5334.693613,4893.335863,5323.820274,768000,768000,1.000000000,1,2025-12-11 18:41:00.000000,2025-12-11 18:41:59.999922,1,BAYxx_xxxx_20251211_183525_000.7z
2025-12-11 18:42:00,29922.862767,29.922862767,9936.026813,9672.147380,10314.688574,768000,768000,1.000000000,1,2025-12-11 18:42:00.000000,2025-12-11 18:42:59.999922,1,BAYxx_xxxx_20251211_183525_000.7z
2025-12-11 18:43:00,18938.442738,18.938442738,6387.137722,6056.580348,6494.724668,768000,768000,1.000000000,1,2025-12-11 18:43:00.000000,2025-12-11 18:43:59.999922,1,BAYxx_xxxx_20251211_183525_000.7z
2025-12-11 18:44:00,3266.966532,3.266966532,1379.792798,824.775956,1062.397779,768000,768000,1.000000000,1,2025-12-11 18:44:00.000000,2025-12-11 18:44:59.999922,1,BAYxx_xxxx_20251211_183525_000.7z
2025-12-11 18:45:00,3260.439633,3.260439633,1383.596491,817.447723,1059.395418,601673,768000,0.783428385,0,2025-12-11 18:45:00.000000,2025-12-11 18:45:59.999922,2,BAYxx_xxxx_20251211_183525_000.7z;BAYxx_xxxx_20251211_184538_000.7z
2025-12-11 18:46:00,3265.260359,3.265260359,1380.999347,819.757940,1064.503072,768000,768000,1.000000000,1,2025-12-11 18:46:00.000000,2025-12-11 18:46:59.999922,1,BAYxx_xxxx_20251211_184538_000.7z
2025-12-11 18:47:00,3260.798927,3.260798927,1382.588720,812.778357,1065.431850,768000,768000,1.000000000,1,2025-12-11 18:47:00.000000,2025-12-11 18:47:59.999922,1,BAYxx_xxxx_20251211_184538_000.7z
2025-12-11 18:48:00,3269.628146,3.269628146,1394.508954,816.947931,1058.171261,768000,768000,1.000000000,1,2025-12-11 18:48:00.000000,2025-12-11 18:48:59.999922,1,BAYxx_xxxx_20251211_184538_000.7z
2025-12-11 18:49:00,3269.045947,3.269045947,1388.444838,813.603674,1066.997435,768000,768000,1.000000000,1,2025-12-11 18:49:00.000000,2025-12-11 18:49:59.999922,1,BAYxx_xxxx_20251211_184538_000.7z
2025-12-11 18:50:00,3284.153063,3.284153063,1386.875470,828.839886,1068.437707,768000,768000,1.000000000,1,2025-12-11 18:50:00.000000,2025-12-11 18:50:59.999922,1,BAYxx_xxxx_20251211_184538_000.7z
2025-12-11 18:51:00,3279.816220,3.279816220,1387.973089,821.798780,1070.044352,768000,768000,1.000000000,1,2025-12-11 18:51:00.000000,2025-12-11 18:51:59.999922,1,BAYxx_xxxx_20251211_184538_000.7z
2025-12-11 18:52:00,3289.459750,3.289459750,1398.490409,823.519271,1067.450070,768000,768000,1.000000000,1,2025-12-11 18:52:00.000000,2025-12-11 18:52:59.999922,1,BAYxx_xxxx_20251211_184538_000.7z
2025-12-11 18:53:00,3557.244577,3.557244577,1479.765907,914.454072,1163.024598,768000,768000,1.000000000,1,2025-12-11 18:53:00.000000,2025-12-11 18:53:59.999922,1,BAYxx_xxxx_20251211_184538_000.7z
2025-12-11 18:54:00,4972.712833,4.972712833,1945.307681,1377.866491,1649.538662,768000,768000,1.000000000,1,2025-12-11 18:54:00.000000,2025-12-11 18:54:59.999922,1,BAYxx_xxxx_20251211_184538_000.7z
2025-12-11 18:55:00,26794.595551,26.794595551,8861.050132,8628.896559,9304.648861,486537,768000,0.633511719,0,2025-12-11 18:55:00.000000,2025-12-11 18:55:38.010625,1,BAYxx_xxxx_20251211_184538_000.7z
2025-12-11 18:56:00,28341.629090,28.341629090,9400.689989,9119.881492,9821.057608,640000,768000,0.833333333,0,2025-12-11 18:56:10.000000,2025-12-11 18:56:59.999922,1,BAYxx_xxxx_20251211_185610_000.7z
2025-12-11 18:57:00,29463.164972,29.463164972,9734.863435,9531.302867,10196.998669,768000,768000,1.000000000,1,2025-12-11 18:57:00.000000,2025-12-11 18:57:59.999922,1,BAYxx_xxxx_20251211_185610_000.7z
2025-12-11 18:58:00,12939.850829,12.939850829,4493.966462,4053.504527,4392.379841,768000,768000,1.000000000,1,2025-12-11 18:58:00.000000,2025-12-11 18:58:59.999922,1,BAYxx_xxxx_20251211_185610_000.7z
2025-12-11 18:59:00,3187.212397,3.187212397,1383.045461,833.207245,970.959691,768000,768000,1.000000000,1,2025-12-11 18:59:00.000000,2025-12-11 18:59:59.999922,1,BAYxx_xxxx_20251211_185610_000.7z
2025-12-11 19:00:00,3173.170026,3.173170026,1378.244867,823.874319,971.050840,768000,768000,1.000000000,1,2025-12-11 19:00:00.000000,2025-12-11 19:00:59.999922,1,BAYxx_xxxx_20251211_185610_000.7z
2025-12-11 19:01:00,3158.370374,3.158370374,1366.160412,829.257927,962.952036,768000,768000,1.000000000,1,2025-12-11 19:01:00.000000,2025-12-11 19:01:59.999922,1,BAYxx_xxxx_20251211_185610_000.7z
2025-12-11 19:02:00,3173.018508,3.173018508,1376.693112,825.083583,971.241813,768000,768000,1.000000000,1,2025-12-11 19:02:00.000000,2025-12-11 19:02:59.999922,1,BAYxx_xxxx_20251211_185610_000.7z
2025-12-11 19:03:00,3181.289341,3.181289341,1369.966740,832.639282,978.683319,768000,768000,1.000000000,1,2025-12-11 19:03:00.000000,2025-12-11 19:03:59.999922,1,BAYxx_xxxx_20251211_185610_000.7z
2025-12-11 19:04:00,3180.814590,3.180814590,1376.861374,834.903306,969.049911,768000,768000,1.000000000,1,2025-12-11 19:04:00.000000,2025-12-11 19:04:59.999922,1,BAYxx_xxxx_20251211_185610_000.7z
2025-12-11 19:05:00,3173.560247,3.173560247,1381.378788,826.634495,965.546964,768000,768000,1.000000000,1,2025-12-11 19:05:00.000000,2025-12-11 19:05:59.999922,1,BAYxx_xxxx_20251211_185610_000.7z
2025-12-11 19:06:00,3144.287436,3.144287436,1375.064092,808.604212,960.619132,448013,768000,0.583350260,0,2025-12-11 19:06:00.000000,2025-12-11 19:06:59.999922,2,BAYxx_xxxx_20251211_185610_000.7z;BAYxx_xxxx_20251211_190635_000.7z
2025-12-11 19:07:00,3166.403002,3.166403002,1369.483513,823.418127,973.501362,768000,768000,1.000000000,1,2025-12-11 19:07:00.000000,2025-12-11 19:07:59.999922,1,BAYxx_xxxx_20251211_190635_000.7z
2025-12-11 19:08:00,3172.165821,3.172165821,1372.791010,825.176053,974.198758,768000,768000,1.000000000,1,2025-12-11 19:08:00.000000,2025-12-11 19:08:59.999922,1,BAYxx_xxxx_20251211_190635_000.7z
2025-12-11 19:09:00,3186.082126,3.186082126,1387.855904,827.398212,970.828010,768000,768000,1.000000000,1,2025-12-11 19:09:00.000000,2025-12-11 19:09:59.999922,1,BAYxx_xxxx_20251211_190635_000.7z
2025-12-11 19:10:00,3195.093215,3.195093215,1392.648169,830.748475,971.696570,768000,768000,1.000000000,1,2025-12-11 19:10:00.000000,2025-12-11 19:10:59.999922,1,BAYxx_xxxx_20251211_190635_000.7z
2025-12-11 19:11:00,4075.561039,4.075561039,1683.923151,1116.924242,1274.713646,768000,768000,1.000000000,1,2025-12-11 19:11:00.000000,2025-12-11 19:11:59.999922,1,BAYxx_xxxx_20251211_190635_000.7z
2025-12-11 19:12:00,11899.365127,11.899365127,4169.445335,3697.297800,4032.621992,768000,768000,1.000000000,1,2025-12-11 19:12:00.000000,2025-12-11 19:12:59.999922,1,BAYxx_xxxx_20251211_190635_000.7z
2025-12-11 19:13:00,28342.838238,28.342838238,9412.380185,9127.766778,9802.691276,768000,768000,1.000000000,1,2025-12-11 19:13:00.000000,2025-12-11 19:13:59.999922,1,BAYxx_xxxx_20251211_190635_000.7z
2025-12-11 19:14:00,29071.519026,29.071519026,9607.631192,9415.834851,10048.052983,768000,768000,1.000000000,1,2025-12-11 19:14:00.000000,2025-12-11 19:14:59.999922,1,BAYxx_xxxx_20251211_190635_000.7z
2025-12-11 19:15:00,30338.521957,30.338521957,9917.978355,9911.820299,10508.723303,768000,768000,1.000000000,1,2025-12-11 19:15:00.000000,2025-12-11 19:15:59.999922,1,BAYxx_xxxx_20251211_190635_000.7z
2025-12-11 19:16:00,18914.260294,18.914260294,6311.995108,6072.555979,6529.709207,486414,768000,0.633351563,0,2025-12-11 19:16:00.000000,2025-12-11 19:16:59.999922,2,BAYxx_xxxx_20251211_190635_000.7z;BAYxx_xxxx_20251211_191657_000.7z
2025-12-11 19:17:00,3250.021146,3.250021146,1365.730307,826.224700,1058.066139,768000,768000,1.000000000,1,2025-12-11 19:17:00.000000,2025-12-11 19:17:59.999922,1,BAYxx_xxxx_20251211_191657_000.7z
2025-12-11 19:18:00,3258.826338,3.258826338,1370.880848,830.674413,1057.271076,768000,768000,1.000000000,1,2025-12-11 19:18:00.000000,2025-12-11 19:18:59.999922,1,BAYxx_xxxx_20251211_191657_000.7z
2025-12-11 19:19:00,4132.040514,4.132040514,1661.435275,1112.770344,1357.834895,768000,768000,1.000000000,1,2025-12-11 19:19:00.000000,2025-12-11 19:19:59.999922,1,BAYxx_xxxx_20251211_191657_000.7z
2025-12-11 19:20:00,13376.829024,13.376829024,4600.499502,4203.145649,4573.183873,768000,768000,1.000000000,1,2025-12-11 19:20:00.000000,2025-12-11 19:20:59.999922,1,BAYxx_xxxx_20251211_191657_000.7z
2025-12-11 19:21:00,29867.480569,29.867480569,9954.731461,9687.792209,10224.956899,768000,768000,1.000000000,1,2025-12-11 19:21:00.000000,2025-12-11 19:21:59.999922,1,BAYxx_xxxx_20251211_191657_000.7z
2025-12-11 19:22:00,21132.398229,21.132398229,7080.759323,6774.431364,7277.207542,768000,768000,1.000000000,1,2025-12-11 19:22:00.000000,2025-12-11 19:22:59.999922,1,BAYxx_xxxx_20251211_191657_000.7z
2025-12-11 19:23:00,3277.731625,3.277731625,1376.546382,837.943178,1063.242065,768000,768000,1.000000000,1,2025-12-11 19:23:00.000000,2025-12-11 19:23:59.999922,1,BAYxx_xxxx_20251211_191657_000.7z
2025-12-11 19:24:00,3266.041966,3.266041966,1376.463798,830.568234,1059.009934,768000,768000,1.000000000,1,2025-12-11 19:24:00.000000,2025-12-11 19:24:59.999922,1,BAYxx_xxxx_20251211_191657_000.7z
2025-12-11 19:25:00,3269.562949,3.269562949,1377.588681,834.890481,1057.083788,768000,768000,1.000000000,1,2025-12-11 19:25:00.000000,2025-12-11 19:25:59.999922,1,BAYxx_xxxx_20251211_191657_000.7z
2025-12-11 19:26:00,3271.055187,3.271055187,1374.032790,833.022122,1064.000275,729706,768000,0.950138021,0,2025-12-11 19:26:00.000000,2025-12-11 19:26:57.008203,1,BAYxx_xxxx_20251211_191657_000.7z
2025-12-11 19:27:00,3280.826315,3.280826315,1385.426762,828.007580,1067.391973,435200,768000,0.566666667,0,2025-12-11 19:27:26.000000,2025-12-11 19:27:59.999922,1,BAYxx_xxxx_20251211_192726_000.7z
2025-12-11 19:28:00,3291.219945,3.291219945,1381.804765,843.870905,1065.544276,768000,768000,1.000000000,1,2025-12-11 19:28:00.000000,2025-12-11 19:28:59.999922,1,BAYxx_xxxx_20251211_192726_000.7z
2025-12-11 19:29:00,3278.592852,3.278592852,1380.291352,836.815963,1061.485537,768000,768000,1.000000000,1,2025-12-11 19:29:00.000000,2025-12-11 19:29:59.999922,1,BAYxx_xxxx_20251211_192726_000.7z
2025-12-11 19:30:00,3284.741965,3.284741965,1382.310843,842.419929,1060.011193,768000,768000,1.000000000,1,2025-12-11 19:30:00.000000,2025-12-11 19:30:59.999922,1,BAYxx_xxxx_20251211_192726_000.7z
2025-12-11 19:31:00,3719.702288,3.719702288,1522.654839,986.834312,1210.213136,768000,768000,1.000000000,1,2025-12-11 19:31:00.000000,2025-12-11 19:31:59.999922,1,BAYxx_xxxx_20251211_192726_000.7z
2025-12-11 19:32:00,6531.684087,6.531684087,2423.467570,1921.669314,2186.547202,768000,768000,1.000000000,1,2025-12-11 19:32:00.000000,2025-12-11 19:32:59.999922,1,BAYxx_xxxx_20251211_192726_000.7z
2025-12-11 19:33:00,28147.698064,28.147698064,9351.388333,9089.025978,9707.283753,768000,768000,1.000000000,1,2025-12-11 19:33:00.000000,2025-12-11 19:33:59.999922,1,BAYxx_xxxx_20251211_192726_000.7z
2025-12-11 19:34:00,28702.104138,28.702104138,9461.777510,9298.595406,9941.731222,768000,768000,1.000000000,1,2025-12-11 19:34:00.000000,2025-12-11 19:34:59.999922,1,BAYxx_xxxx_20251211_192726_000.7z
2025-12-11 19:35:00,26063.893503,26.063893503,8658.650323,8455.928064,8949.315117,768000,768000,1.000000000,1,2025-12-11 19:35:00.000000,2025-12-11 19:35:59.999922,1,BAYxx_xxxx_20251211_192726_000.7z
2025-12-11 19:36:00,3277.789819,3.277789819,1355.577131,849.735604,1072.477084,768000,768000,1.000000000,1,2025-12-11 19:36:00.000000,2025-12-11 19:36:59.999922,1,BAYxx_xxxx_20251211_192726_000.7z
2025-12-11 19:37:00,3278.631024,3.278631024,1361.955862,847.001153,1069.674009,550523,768000,0.716826823,0,2025-12-11 19:37:00.000000,2025-12-11 19:37:59.999922,2,BAYxx_xxxx_20251211_192726_000.7z;BAYxx_xxxx_20251211_193743_000.7z
2025-12-11 19:38:00,3265.036130,3.265036130,1355.337624,837.762120,1071.936387,768000,768000,1.000000000,1,2025-12-11 19:38:00.000000,2025-12-11 19:38:59.999922,1,BAYxx_xxxx_20251211_193743_000.7z
2025-12-11 19:39:00,3272.427738,3.272427738,1349.948952,850.884438,1071.594347,768000,768000,1.000000000,1,2025-12-11 19:39:00.000000,2025-12-11 19:39:59.999922,1,BAYxx_xxxx_20251211_193743_000.7z
2025-12-11 19:40:00,3274.305160,3.274305160,1384.007125,832.460515,1057.837520,768000,768000,1.000000000,1,2025-12-11 19:40:00.000000,2025-12-11 19:40:59.999922,1,BAYxx_xxxx_20251211_193743_000.7z
2025-12-11 19:41:00,3279.471686,3.279471686,1383.430687,830.486067,1065.554933,768000,768000,1.000000000,1,2025-12-11 19:41:00.000000,2025-12-11 19:41:59.999922,1,BAYxx_xxxx_20251211_193743_000.7z
2025-12-11 19:42:00,3275.727736,3.275727736,1378.604354,832.159918,1064.963465,768000,768000,1.000000000,1,2025-12-11 19:42:00.000000,2025-12-11 19:42:59.999922,1,BAYxx_xxxx_20251211_193743_000.7z
2025-12-11 19:43:00,3248.253281,3.248253281,1379.854623,833.058198,1035.340461,768000,768000,1.000000000,1,2025-12-11 19:43:00.000000,2025-12-11 19:43:59.999922,1,BAYxx_xxxx_20251211_193743_000.7z
2025-12-11 19:44:00,3190.508106,3.190508106,1389.060900,825.720506,975.726700,768000,768000,1.000000000,1,2025-12-11 19:44:00.000000,2025-12-11 19:44:59.999922,1,BAYxx_xxxx_20251211_193743_000.7z
2025-12-11 19:45:00,3189.908863,3.189908863,1391.594193,826.440194,971.874476,768000,768000,1.000000000,1,2025-12-11 19:45:00.000000,2025-12-11 19:45:59.999922,1,BAYxx_xxxx_20251211_193743_000.7z
2025-12-11 19:46:00,3191.595166,3.191595166,1380.245014,831.049045,980.301107,768000,768000,1.000000000,1,2025-12-11 19:46:00.000000,2025-12-11 19:46:59.999922,1,BAYxx_xxxx_20251211_193743_000.7z
2025-12-11 19:47:00,3188.426261,3.188426261,1382.015038,834.494754,971.916469,550540,768000,0.716848958,0,2025-12-11 19:47:00.000000,2025-12-11 19:47:43.010859,1,BAYxx_xxxx_20251211_193743_000.7z
2025-12-11 19:48:00,3188.612251,3.188612251,1382.245519,829.895074,976.471658,576000,768000,0.750000000,0,2025-12-11 19:48:15.000000,2025-12-11 19:48:59.999922,1,BAYxx_xxxx_20251211_194815_000.7z
2025-12-11 19:49:00,3558.830648,3.558830648,1496.026249,956.825104,1105.979294,768000,768000,1.000000000,1,2025-12-11 19:49:00.000000,2025-12-11 19:49:59.999922,1,BAYxx_xxxx_20251211_194815_000.7z
2025-12-11 19:50:00,8095.243203,8.095243203,2944.043253,2471.225250,2679.974699,768000,768000,1.000000000,1,2025-12-11 19:50:00.000000,2025-12-11 19:50:59.999922,1,BAYxx_xxxx_20251211_194815_000.7z
2025-12-11 19:51:00,28236.415415,28.236415415,9324.761465,9173.206080,9738.447870,768000,768000,1.000000000,1,2025-12-11 19:51:00.000000,2025-12-11 19:51:59.999922,1,BAYxx_xxxx_20251211_194815_000.7z
2025-12-11 19:52:00,28678.480520,28.678480520,9497.102042,9314.915822,9866.462655,768000,768000,1.000000000,1,2025-12-11 19:52:00.000000,2025-12-11 19:52:59.999922,1,BAYxx_xxxx_20251211_194815_000.7z
2025-12-11 19:53:00,30085.519632,30.085519632,9914.285738,9789.468910,10381.764985,768000,768000,1.000000000,1,2025-12-11 19:53:00.000000,2025-12-11 19:53:59.999922,1,BAYxx_xxxx_20251211_194815_000.7z
2025-12-11 19:54:00,5400.976436,5.400976436,2076.528816,1573.223676,1751.223944,768000,768000,1.000000000,1,2025-12-11 19:54:00.000000,2025-12-11 19:54:59.999922,1,BAYxx_xxxx_20251211_194815_000.7z
2025-12-11 19:55:00,3181.636196,3.181636196,1377.552390,827.113825,976.969981,768000,768000,1.000000000,1,2025-12-11 19:55:00.000000,2025-12-11 19:55:59.999922,1,BAYxx_xxxx_20251211_194815_000.7z
2025-12-11 19:56:00,3264.050403,3.264050403,1402.839632,863.048704,998.162068,768000,768000,1.000000000,1,2025-12-11 19:56:00.000000,2025-12-11 19:56:59.999922,1,BAYxx_xxxx_20251211_194815_000.7z
2025-12-11 19:57:00,4801.344639,4.801344639,1907.606022,1371.964827,1521.773790,768000,768000,1.000000000,1,2025-12-11 19:57:00.000000,2025-12-11 19:57:59.999922,1,BAYxx_xxxx_20251211_194815_000.7z
2025-12-11 19:58:00,19459.826072,19.459826072,6564.804856,6221.093820,6673.927395,371288,768000,0.483447917,0,2025-12-11 19:58:00.000000,2025-12-11 19:58:59.999922,2,BAYxx_xxxx_20251211_194815_000.7z;BAYxx_xxxx_20251211_195846_000.7z
2025-12-11 19:59:00,29796.587245,29.796587245,9868.314656,9599.424956,10328.847633,768000,768000,1.000000000,1,2025-12-11 19:59:00.000000,2025-12-11 19:59:59.999922,1,BAYxx_xxxx_20251211_195846_000.7z
2025-12-11 20:00:00,26298.489082,26.298489082,8706.082983,8478.068583,9114.337515,768000,768000,1.000000000,1,2025-12-11 20:00:00.000000,2025-12-11 20:00:59.999922,1,BAYxx_xxxx_20251211_195846_000.7z
2025-12-11 20:01:00,3270.889466,3.270889466,1372.740406,823.963794,1074.185266,768000,768000,1.000000000,1,2025-12-11 20:01:00.000000,2025-12-11 20:01:59.999922,1,BAYxx_xxxx_20251211_195846_000.7z
2025-12-11 20:02:00,3275.671182,3.275671182,1378.622462,829.441436,1067.607284,768000,768000,1.000000000,1,2025-12-11 20:02:00.000000,2025-12-11 20:02:59.999922,1,BAYxx_xxxx_20251211_195846_000.7z
2025-12-11 20:03:00,3279.522837,3.279522837,1383.582866,824.450758,1071.489213,768000,768000,1.000000000,1,2025-12-11 20:03:00.000000,2025-12-11 20:03:59.999922,1,BAYxx_xxxx_20251211_195846_000.7z
2025-12-11 20:04:00,3278.464375,3.278464375,1387.644734,824.231048,1066.588593,768000,768000,1.000000000,1,2025-12-11 20:04:00.000000,2025-12-11 20:04:59.999922,1,BAYxx_xxxx_20251211_195846_000.7z
2025-12-11 20:05:00,3288.458097,3.288458097,1377.802681,840.190569,1070.464847,768000,768000,1.000000000,1,2025-12-11 20:05:00.000000,2025-12-11 20:05:59.999922,1,BAYxx_xxxx_20251211_195846_000.7z
2025-12-11 20:06:00,3269.496154,3.269496154,1372.882554,828.878932,1067.734669,768000,768000,1.000000000,1,2025-12-11 20:06:00.000000,2025-12-11 20:06:59.999922,1,BAYxx_xxxx_20251211_195846_000.7z
2025-12-11 20:07:00,3283.557766,3.283557766,1384.850405,825.013807,1073.693554,768000,768000,1.000000000,1,2025-12-11 20:07:00.000000,2025-12-11 20:07:59.999922,1,BAYxx_xxxx_20251211_195846_000.7z
2025-12-11 20:08:00,3295.272874,3.295272874,1391.254071,831.299080,1072.719723,601711,768000,0.783477865,0,2025-12-11 20:08:00.000000,2025-12-11 20:08:59.999922,2,BAYxx_xxxx_20251211_195846_000.7z;BAYxx_xxxx_20251211_200859_000.7z
2025-12-11 20:09:00,3272.126306,3.272126306,1380.103816,821.341531,1070.680959,768000,768000,1.000000000,1,2025-12-11 20:09:00.000000,2025-12-11 20:09:59.999922,1,BAYxx_xxxx_20251211_200859_000.7z
2025-12-11 20:10:00,4459.103183,4.459103183,1766.359632,1217.327120,1475.416432,768000,768000,1.000000000,1,2025-12-11 20:10:00.000000,2025-12-11 20:10:59.999922,1,BAYxx_xxxx_20251211_200859_000.7z
2025-12-11 20:11:00,16870.669397,16.870669397,5724.882128,5329.076208,5816.711061,768000,768000,1.000000000,1,2025-12-11 20:11:00.000000,2025-12-11 20:11:59.999922,1,BAYxx_xxxx_20251211_200859_000.7z
2025-12-11 20:12:00,28286.920664,28.286920664,9532.365416,9056.739834,9697.815413,768000,768000,1.000000000,1,2025-12-11 20:12:00.000000,2025-12-11 20:12:59.999922,1,BAYxx_xxxx_20251211_200859_000.7z
2025-12-11 20:13:00,29542.836285,29.542836285,9869.993264,9494.079423,10178.763599,768000,768000,1.000000000,1,2025-12-11 20:13:00.000000,2025-12-11 20:13:59.999922,1,BAYxx_xxxx_20251211_200859_000.7z
2025-12-11 20:14:00,21149.913066,21.149913066,7144.174769,6721.187465,7284.550832,768000,768000,1.000000000,1,2025-12-11 20:14:00.000000,2025-12-11 20:14:59.999922,1,BAYxx_xxxx_20251211_200859_000.7z
2025-12-11 20:15:00,3272.541798,3.272541798,1382.514801,826.465877,1063.561119,768000,768000,1.000000000,1,2025-12-11 20:15:00.000000,2025-12-11 20:15:59.999922,1,BAYxx_xxxx_20251211_200859_000.7z
2025-12-11 20:16:00,3273.850637,3.273850637,1368.747012,837.347109,1067.756516,768000,768000,1.000000000,1,2025-12-11 20:16:00.000000,2025-12-11 20:16:59.999922,1,BAYxx_xxxx_20251211_200859_000.7z
2025-12-11 20:17:00,3277.042942,3.277042942,1370.203795,836.666201,1070.172946,768000,768000,1.000000000,1,2025-12-11 20:17:00.000000,2025-12-11 20:17:59.999922,1,BAYxx_xxxx_20251211_200859_000.7z
2025-12-11 20:18:00,3278.957548,3.278957548,1377.787759,822.856554,1078.313235,755303,768000,0.983467448,0,2025-12-11 20:18:00.000000,2025-12-11 20:18:59.007969,1,BAYxx_xxxx_20251211_200859_000.7z
2025-12-11 20:19:00,3269.185715,3.269185715,1374.336244,830.057674,1064.791798,422400,768000,0.550000000,0,2025-12-11 20:19:27.000000,2025-12-11 20:19:59.999922,1,BAYxx_xxxx_20251211_201927_000.7z
2025-12-11 20:20:00,3284.782270,3.284782270,1375.268604,829.163220,1080.350446,768000,768000,1.000000000,1,2025-12-11 20:20:00.000000,2025-12-11 20:20:59.999922,1,BAYxx_xxxx_20251211_201927_000.7z
2025-12-11 20:21:00,3285.703130,3.285703130,1387.029049,820.750778,1077.923304,768000,768000,1.000000000,1,2025-12-11 20:21:00.000000,2025-12-11 20:21:59.999922,1,BAYxx_xxxx_20251211_201927_000.7z
2025-12-11 20:22:00,3283.209498,3.283209498,1386.198773,826.642932,1070.367794,768000,768000,1.000000000,1,2025-12-11 20:22:00.000000,2025-12-11 20:22:59.999922,1,BAYxx_xxxx_20251211_201927_000.7z
2025-12-11 20:23:00,3283.933722,3.283933722,1386.770540,823.007251,1074.155931,768000,768000,1.000000000,1,2025-12-11 20:23:00.000000,2025-12-11 20:23:59.999922,1,BAYxx_xxxx_20251211_201927_000.7z
2025-12-11 20:24:00,3280.240568,3.280240568,1379.801543,824.324063,1076.114961,768000,768000,1.000000000,1,2025-12-11 20:24:00.000000,2025-12-11 20:24:59.999922,1,BAYxx_xxxx_20251211_201927_000.7z
2025-12-11 20:25:00,3282.290016,3.282290016,1383.512817,818.532805,1080.244394,768000,768000,1.000000000,1,2025-12-11 20:25:00.000000,2025-12-11 20:25:59.999922,1,BAYxx_xxxx_20251211_201927_000.7z
2025-12-11 20:26:00,3287.089367,3.287089367,1382.753027,830.694464,1073.641876,768000,768000,1.000000000,1,2025-12-11 20:26:00.000000,2025-12-11 20:26:59.999922,1,BAYxx_xxxx_20251211_201927_000.7z
2025-12-11 20:27:00,4310.067335,4.310067335,1703.678022,1177.283073,1429.106240,768000,768000,1.000000000,1,2025-12-11 20:27:00.000000,2025-12-11 20:27:59.999922,1,BAYxx_xxxx_20251211_201927_000.7z
2025-12-11 20:28:00,14644.308218,14.644308218,4949.738543,4619.568012,5075.001662,768000,768000,1.000000000,1,2025-12-11 20:28:00.000000,2025-12-11 20:28:59.999922,1,BAYxx_xxxx_20251211_201927_000.7z
2025-12-11 20:29:00,28364.107880,28.364107880,9382.708461,9154.671172,9826.728247,396915,768000,0.516816406,0,2025-12-11 20:29:00.000000,2025-12-11 20:29:59.999922,2,BAYxx_xxxx_20251211_201927_000.7z;BAYxx_xxxx_20251211_202956_000.7z
2025-12-11 20:30:00,28551.816874,28.551816874,9400.627968,9297.141313,9854.047594,768000,768000,1.000000000,1,2025-12-11 20:30:00.000000,2025-12-11 20:30:59.999922,1,BAYxx_xxxx_20251211_202956_000.7z
2025-12-11 20:31:00,29981.748729,29.981748729,9922.495398,9745.575202,10313.678129,768000,768000,1.000000000,1,2025-12-11 20:31:00.000000,2025-12-11 20:31:59.999922,1,BAYxx_xxxx_20251211_202956_000.7z
2025-12-11 20:32:00,13679.850741,13.679850741,4730.385139,4311.454088,4638.011514,768000,768000,1.000000000,1,2025-12-11 20:32:00.000000,2025-12-11 20:32:59.999922,1,BAYxx_xxxx_20251211_202956_000.7z
2025-12-11 20:33:00,3185.041671,3.185041671,1378.820917,826.758800,979.461954,768000,768000,1.000000000,1,2025-12-11 20:33:00.000000,2025-12-11 20:33:59.999922,1,BAYxx_xxxx_20251211_202956_000.7z
2025-12-11 20:34:00,3179.430332,3.179430332,1367.012185,818.056128,994.362019,768000,768000,1.000000000,1,2025-12-11 20:34:00.000000,2025-12-11 20:34:59.999922,1,BAYxx_xxxx_20251211_202956_000.7z
2025-12-11 20:35:00,4267.426633,4.267426633,1726.838266,1183.553628,1357.034739,768000,768000,1.000000000,1,2025-12-11 20:35:00.000000,2025-12-11 20:35:59.999922,1,BAYxx_xxxx_20251211_202956_000.7z
2025-12-11 20:36:00,15597.081444,15.597081444,5312.487657,4915.958358,5368.635430,768000,768000,1.000000000,1,2025-12-11 20:36:00.000000,2025-12-11 20:36:59.999922,1,BAYxx_xxxx_20251211_202956_000.7z
2025-12-11 20:37:00,29778.657499,29.778657499,9797.433896,9620.167876,10361.055727,768000,768000,1.000000000,1,2025-12-11 20:37:00.000000,2025-12-11 20:37:59.999922,1,BAYxx_xxxx_20251211_202956_000.7z
2025-12-11 20:38:00,19634.592050,19.634592050,6554.133381,6283.712348,6796.746322,768000,768000,1.000000000,1,2025-12-11 20:38:00.000000,2025-12-11 20:38:59.999922,1,BAYxx_xxxx_20251211_202956_000.7z
2025-12-11 20:39:00,3197.972743,3.197972743,1378.665793,823.481008,995.825942,716942,768000,0.933518229,0,2025-12-11 20:39:00.000000,2025-12-11 20:39:56.011016,1,BAYxx_xxxx_20251211_202956_000.7z
2025-12-11 20:40:00,3162.172755,3.162172755,1367.901591,803.390169,990.880995,588800,768000,0.766666667,0,2025-12-11 20:40:14.000000,2025-12-11 20:40:59.999922,1,BAYxx_xxxx_20251211_204014_000.7z
2025-12-11 20:41:00,3176.182086,3.176182086,1368.027832,812.665096,995.489158,768000,768000,1.000000000,1,2025-12-11 20:41:00.000000,2025-12-11 20:41:59.999922,1,BAYxx_xxxx_20251211_204014_000.7z
2025-12-11 20:42:00,3179.884886,3.179884886,1369.788749,813.740227,996.355909,768000,768000,1.000000000,1,2025-12-11 20:42:00.000000,2025-12-11 20:42:59.999922,1,BAYxx_xxxx_20251211_204014_000.7z
2025-12-11 20:43:00,3190.542431,3.190542431,1371.601142,823.904939,995.036350,768000,768000,1.000000000,1,2025-12-11 20:43:00.000000,2025-12-11 20:43:59.999922,1,BAYxx_xxxx_20251211_204014_000.7z
2025-12-11 20:44:00,3275.220393,3.275220393,1373.244999,824.679650,1077.295744,768000,768000,1.000000000,1,2025-12-11 20:44:00.000000,2025-12-11 20:44:59.999922,1,BAYxx_xxxx_20251211_204014_000.7z
2025-12-11 20:45:00,3285.015376,3.285015376,1374.456958,825.496624,1085.061794,768000,768000,1.000000000,1,2025-12-11 20:45:00.000000,2025-12-11 20:45:59.999922,1,BAYxx_xxxx_20251211_204014_000.7z
2025-12-11 20:46:00,3288.395314,3.288395314,1373.761221,828.729982,1085.904111,768000,768000,1.000000000,1,2025-12-11 20:46:00.000000,2025-12-11 20:46:59.999922,1,BAYxx_xxxx_20251211_204014_000.7z
2025-12-11 20:47:00,3284.561550,3.284561550,1372.923703,826.103776,1085.534071,768000,768000,1.000000000,1,2025-12-11 20:47:00.000000,2025-12-11 20:47:59.999922,1,BAYxx_xxxx_20251211_204014_000.7z
2025-12-11 20:48:00,4259.404239,4.259404239,1711.818718,1149.025125,1398.560396,768000,768000,1.000000000,1,2025-12-11 20:48:00.000000,2025-12-11 20:48:59.999922,1,BAYxx_xxxx_20251211_204014_000.7z
2025-12-11 20:49:00,14083.422143,14.083422143,4806.068427,4385.421945,4891.931771,768000,768000,1.000000000,1,2025-12-11 20:49:00.000000,2025-12-11 20:49:59.999922,1,BAYxx_xxxx_20251211_204014_000.7z
2025-12-11 20:50:00,28237.109411,28.237109411,9302.189015,9118.708679,9816.211717,256090,768000,0.333450521,0,2025-12-11 20:50:00.000000,2025-12-11 20:50:59.999922,2,BAYxx_xxxx_20251211_204014_000.7z;BAYxx_xxxx_20251211_205054_000.7z
2025-12-11 20:51:00,28375.891321,28.375891321,9337.647414,9173.557316,9864.686591,768000,768000,1.000000000,1,2025-12-11 20:51:00.000000,2025-12-11 20:51:59.999922,1,BAYxx_xxxx_20251211_205054_000.7z
2025-12-11 20:52:00,29752.343479,29.752343479,9801.983925,9596.107485,10354.252069,768000,768000,1.000000000,1,2025-12-11 20:52:00.000000,2025-12-11 20:52:59.999922,1,BAYxx_xxxx_20251211_205054_000.7z
2025-12-11 20:53:00,10576.753696,10.576753696,3732.857456,3239.638931,3604.257309,768000,768000,1.000000000,1,2025-12-11 20:53:00.000000,2025-12-11 20:53:59.999922,1,BAYxx_xxxx_20251211_205054_000.7z
2025-12-11 20:54:00,3293.778463,3.293778463,1383.872532,821.077211,1088.828720,768000,768000,1.000000000,1,2025-12-11 20:54:00.000000,2025-12-11 20:54:59.999922,1,BAYxx_xxxx_20251211_205054_000.7z
2025-12-11 20:55:00,3274.496588,3.274496588,1381.451389,814.192970,1078.852228,768000,768000,1.000000000,1,2025-12-11 20:55:00.000000,2025-12-11 20:55:59.999922,1,BAYxx_xxxx_20251211_205054_000.7z
2025-12-11 20:56:00,3277.685385,3.277685385,1377.283647,819.313567,1081.088171,768000,768000,1.000000000,1,2025-12-11 20:56:00.000000,2025-12-11 20:56:59.999922,1,BAYxx_xxxx_20251211_205054_000.7z
2025-12-11 20:57:00,3294.367528,3.294367528,1392.157844,817.515433,1084.694252,768000,768000,1.000000000,1,2025-12-11 20:57:00.000000,2025-12-11 20:57:59.999922,1,BAYxx_xxxx_20251211_205054_000.7z
2025-12-11 20:58:00,3281.866286,3.281866286,1377.358746,816.990751,1087.516790,768000,768000,1.000000000,1,2025-12-11 20:58:00.000000,2025-12-11 20:58:59.999922,1,BAYxx_xxxx_20251211_205054_000.7z
2025-12-11 20:59:00,3287.821051,3.287821051,1369.268088,826.992212,1091.560752,768000,768000,1.000000000,1,2025-12-11 20:59:00.000000,2025-12-11 20:59:59.999922,1,BAYxx_xxxx_20251211_205054_000.7z
2025-12-11 21:00:00,3288.299128,3.288299128,1370.451753,822.972287,1094.875087,691213,768000,0.900016927,0,2025-12-11 21:00:00.000000,2025-12-11 21:00:54.000938,1,BAYxx_xxxx_20251211_205054_000.7z
2025-12-11 21:01:00,3290.372725,3.290372725,1364.630490,832.033244,1093.708991,588800,768000,0.766666667,0,2025-12-11 21:01:14.000000,2025-12-11 21:01:59.999922,1,BAYxx_xxxx_20251211_210114_000.7z
2025-12-11 21:02:00,3273.935563,3.273935563,1350.831673,835.939003,1087.164887,768000,768000,1.000000000,1,2025-12-11 21:02:00.000000,2025-12-11 21:02:59.999922,1,BAYxx_xxxx_20251211_210114_000.7z
2025-12-11 21:03:00,3297.436195,3.297436195,1371.582526,830.211003,1095.642667,768000,768000,1.000000000,1,2025-12-11 21:03:00.000000,2025-12-11 21:03:59.999922,1,BAYxx_xxxx_20251211_210114_000.7z
2025-12-11 21:04:00,3294.531257,3.294531257,1381.883421,818.923074,1093.724763,768000,768000,1.000000000,1,2025-12-11 21:04:00.000000,2025-12-11 21:04:59.999922,1,BAYxx_xxxx_20251211_210114_000.7z
2025-12-11 21:05:00,3292.285525,3.292285525,1382.947247,820.988506,1088.349771,768000,768000,1.000000000,1,2025-12-11 21:05:00.000000,2025-12-11 21:05:59.999922,1,BAYxx_xxxx_20251211_210114_000.7z
2025-12-11 21:06:00,4745.117255,4.745117255,1867.660214,1291.527993,1585.929048,768000,768000,1.000000000,1,2025-12-11 21:06:00.000000,2025-12-11 21:06:59.999922,1,BAYxx_xxxx_20251211_210114_000.7z
2025-12-11 21:07:00,21059.425099,21.059425099,6998.408543,6722.505631,7338.510925,768000,768000,1.000000000,1,2025-12-11 21:07:00.000000,2025-12-11 21:07:59.999922,1,BAYxx_xxxx_20251211_210114_000.7z
2025-12-11 21:08:00,28346.952911,28.346952911,9327.878244,9131.459055,9887.615613,768000,768000,1.000000000,1,2025-12-11 21:08:00.000000,2025-12-11 21:08:59.999922,1,BAYxx_xxxx_20251211_210114_000.7z
2025-12-11 21:09:00,29709.774374,29.709774374,9739.306220,9599.485518,10370.982636,768000,768000,1.000000000,1,2025-12-11 21:09:00.000000,2025-12-11 21:09:59.999922,1,BAYxx_xxxx_20251211_210114_000.7z
2025-12-11 21:10:00,24745.701774,24.745701774,8221.069593,7891.648682,8632.983499,768000,768000,1.000000000,1,2025-12-11 21:10:00.000000,2025-12-11 21:10:59.999922,1,BAYxx_xxxx_20251211_210114_000.7z
2025-12-11 21:11:00,3292.744795,3.292744795,1381.235371,830.402445,1081.106980,448019,768000,0.583358073,0,2025-12-11 21:11:00.000000,2025-12-11 21:11:59.999922,2,BAYxx_xxxx_20251211_210114_000.7z;BAYxx_xxxx_20251211_211139_000.7z
2025-12-11 21:12:00,3285.992563,3.285992563,1368.620403,830.273687,1087.098474,768000,768000,1.000000000,1,2025-12-11 21:12:00.000000,2025-12-11 21:12:59.999922,1,BAYxx_xxxx_20251211_211139_000.7z
2025-12-11 21:13:00,3287.638769,3.287638769,1372.302533,827.833865,1087.502371,768000,768000,1.000000000,1,2025-12-11 21:13:00.000000,2025-12-11 21:13:59.999922,1,BAYxx_xxxx_20251211_211139_000.7z
2025-12-11 21:14:00,4674.940823,4.674940823,1842.203359,1288.204593,1544.532872,768000,768000,1.000000000,1,2025-12-11 21:14:00.000000,2025-12-11 21:14:59.999922,1,BAYxx_xxxx_20251211_211139_000.7z
2025-12-11 21:15:00,21393.818021,21.393818021,7115.361904,6886.973318,7391.482798,768000,768000,1.000000000,1,2025-12-11 21:15:00.000000,2025-12-11 21:15:59.999922,1,BAYxx_xxxx_20251211_211139_000.7z
2025-12-11 21:16:00,29797.151876,29.797151876,9856.062347,9654.155476,10286.934052,768000,768000,1.000000000,1,2025-12-11 21:16:00.000000,2025-12-11 21:16:59.999922,1,BAYxx_xxxx_20251211_211139_000.7z
2025-12-11 21:17:00,13212.924251,13.212924251,4547.851609,4161.516371,4503.556271,768000,768000,1.000000000,1,2025-12-11 21:17:00.000000,2025-12-11 21:17:59.999922,1,BAYxx_xxxx_20251211_211139_000.7z
2025-12-11 21:18:00,3196.551521,3.196551521,1386.305888,820.990147,989.255486,768000,768000,1.000000000,1,2025-12-11 21:18:00.000000,2025-12-11 21:18:59.999922,1,BAYxx_xxxx_20251211_211139_000.7z
2025-12-11 21:19:00,3183.238691,3.183238691,1382.501970,812.682473,988.054248,768000,768000,1.000000000,1,2025-12-11 21:19:00.000000,2025-12-11 21:19:59.999922,1,BAYxx_xxxx_20251211_211139_000.7z
2025-12-11 21:20:00,3188.965462,3.188965462,1372.458149,818.914015,997.593298,768000,768000,1.000000000,1,2025-12-11 21:20:00.000000,2025-12-11 21:20:59.999922,1,BAYxx_xxxx_20251211_211139_000.7z
2025-12-11 21:21:00,3196.284112,3.196284112,1375.729994,817.434220,1003.119898,652939,768000,0.850180990,0,2025-12-11 21:21:00.000000,2025-12-11 21:21:59.999922,2,BAYxx_xxxx_20251211_211139_000.7z;BAYxx_xxxx_20251211_212148_000.7z
2025-12-11 21:22:00,3203.914123,3.203914123,1381.444922,818.966207,1003.502994,768000,768000,1.000000000,1,2025-12-11 21:22:00.000000,2025-12-11 21:22:59.999922,1,BAYxx_xxxx_20251211_212148_000.7z
2025-12-11 21:23:00,3207.505206,3.207505206,1378.804073,824.660290,1004.040844,768000,768000,1.000000000,1,2025-12-11 21:23:00.000000,2025-12-11 21:23:59.999922,1,BAYxx_xxxx_20251211_212148_000.7z
2025-12-11 21:24:00,3207.338472,3.207338472,1385.084176,818.190131,1004.064165,768000,768000,1.000000000,1,2025-12-11 21:24:00.000000,2025-12-11 21:24:59.999922,1,BAYxx_xxxx_20251211_212148_000.7z
2025-12-11 21:25:00,3203.471864,3.203471864,1382.583651,810.578654,1010.309559,768000,768000,1.000000000,1,2025-12-11 21:25:00.000000,2025-12-11 21:25:59.999922,1,BAYxx_xxxx_20251211_212148_000.7z
2025-12-11 21:26:00,3199.977029,3.199977029,1368.094760,819.557652,1012.324616,768000,768000,1.000000000,1,2025-12-11 21:26:00.000000,2025-12-11 21:26:59.999922,1,BAYxx_xxxx_20251211_212148_000.7z
2025-12-11 21:27:00,4348.800490,4.348800490,1751.335106,1207.466181,1389.999204,768000,768000,1.000000000,1,2025-12-11 21:27:00.000000,2025-12-11 21:27:59.999922,1,BAYxx_xxxx_20251211_212148_000.7z
2025-12-11 21:28:00,15880.541544,15.880541544,5355.949709,5060.187559,5464.404276,768000,768000,1.000000000,1,2025-12-11 21:28:00.000000,2025-12-11 21:28:59.999922,1,BAYxx_xxxx_20251211_212148_000.7z
2025-12-11 21:29:00,28173.962038,28.173962038,9204.819262,9161.583048,9807.559728,768000,768000,1.000000000,1,2025-12-11 21:29:00.000000,2025-12-11 21:29:59.999922,1,BAYxx_xxxx_20251211_212148_000.7z
2025-12-11 21:30:00,29245.107066,29.245107066,9481.516758,9502.246085,10261.344223,768000,768000,1.000000000,1,2025-12-11 21:30:00.000000,2025-12-11 21:30:59.999922,1,BAYxx_xxxx_20251211_212148_000.7z
2025-12-11 21:31:00,30498.990232,30.498990232,9893.177249,9937.700141,10668.112842,614425,768000,0.800032552,0,2025-12-11 21:31:00.000000,2025-12-11 21:31:48.001875,1,BAYxx_xxxx_20251211_212148_000.7z
2025-12-11 21:32:00,7937.357411,7.937357411,2825.297647,2385.991193,2726.068571,729600,768000,0.950000000,0,2025-12-11 21:32:03.000000,2025-12-11 21:32:59.999922,1,BAYxx_xxxx_20251211_213203_000.7z
2025-12-11 21:33:00,3292.228214,3.292228214,1362.938079,824.115056,1105.175079,768000,768000,1.000000000,1,2025-12-11 21:33:00.000000,2025-12-11 21:33:59.999922,1,BAYxx_xxxx_20251211_213203_000.7z
2025-12-11 21:34:00,3290.776833,3.290776833,1369.194867,821.473459,1100.108507,768000,768000,1.000000000,1,2025-12-11 21:34:00.000000,2025-12-11 21:34:59.999922,1,BAYxx_xxxx_20251211_213203_000.7z
2025-12-11 21:35:00,3289.901804,3.289901804,1376.993310,825.080870,1087.827625,768000,768000,1.000000000,1,2025-12-11 21:35:00.000000,2025-12-11 21:35:59.999922,1,BAYxx_xxxx_20251211_213203_000.7z
2025-12-11 21:36:00,3305.727346,3.305727346,1378.706761,827.976898,1099.043687,768000,768000,1.000000000,1,2025-12-11 21:36:00.000000,2025-12-11 21:36:59.999922,1,BAYxx_xxxx_20251211_213203_000.7z
2025-12-11 21:37:00,3303.055048,3.303055048,1371.294542,830.724243,1101.036262,768000,768000,1.000000000,1,2025-12-11 21:37:00.000000,2025-12-11 21:37:59.999922,1,BAYxx_xxxx_20251211_213203_000.7z
2025-12-11 21:38:00,3305.162802,3.305162802,1375.281393,829.153688,1100.727722,768000,768000,1.000000000,1,2025-12-11 21:38:00.000000,2025-12-11 21:38:59.999922,1,BAYxx_xxxx_20251211_213203_000.7z
2025-12-11 21:39:00,3291.391457,3.291391457,1363.871886,835.041845,1092.477727,768000,768000,1.000000000,1,2025-12-11 21:39:00.000000,2025-12-11 21:39:59.999922,1,BAYxx_xxxx_20251211_213203_000.7z
2025-12-11 21:40:00,3296.474918,3.296474918,1373.500968,836.670351,1086.303598,768000,768000,1.000000000,1,2025-12-11 21:40:00.000000,2025-12-11 21:40:59.999922,1,BAYxx_xxxx_20251211_213203_000.7z
2025-12-11 21:41:00,3291.644553,3.291644553,1367.482137,838.873758,1085.288658,768000,768000,1.000000000,1,2025-12-11 21:41:00.000000,2025-12-11 21:41:59.999922,1,BAYxx_xxxx_20251211_213203_000.7z
2025-12-11 21:42:00,3301.055390,3.301055390,1376.565461,831.790397,1092.699532,204841,768000,0.266720052,0,2025-12-11 21:42:00.000000,2025-12-11 21:42:59.999922,2,BAYxx_xxxx_20251211_213203_000.7z;BAYxx_xxxx_20251211_214247_000.7z
2025-12-11 21:43:00,3307.756591,3.307756591,1377.037163,832.962509,1097.756919,768000,768000,1.000000000,1,2025-12-11 21:43:00.000000,2025-12-11 21:43:59.999922,1,BAYxx_xxxx_20251211_214247_000.7z
2025-12-11 21:44:00,3372.605091,3.372605091,1398.271804,857.086028,1117.247259,768000,768000,1.000000000,1,2025-12-11 21:44:00.000000,2025-12-11 21:44:59.999922,1,BAYxx_xxxx_20251211_214247_000.7z
2025-12-11 21:45:00,4920.941239,4.920941239,1912.864749,1378.284599,1629.791891,768000,768000,1.000000000,1,2025-12-11 21:45:00.000000,2025-12-11 21:45:59.999922,1,BAYxx_xxxx_20251211_214247_000.7z
2025-12-11 21:46:00,26494.001644,26.494001644,8687.118077,8609.630847,9197.252719,768000,768000,1.000000000,1,2025-12-11 21:46:00.000000,2025-12-11 21:46:59.999922,1,BAYxx_xxxx_20251211_214247_000.7z
2025-12-11 21:47:00,28524.701712,28.524701712,9330.268132,9288.105789,9906.327791,768000,768000,1.000000000,1,2025-12-11 21:47:00.000000,2025-12-11 21:47:59.999922,1,BAYxx_xxxx_20251211_214247_000.7z
2025-12-11 21:48:00,29887.152915,29.887152915,9761.496633,9723.087622,10402.568660,768000,768000,1.000000000,1,2025-12-11 21:48:00.000000,2025-12-11 21:48:59.999922,1,BAYxx_xxxx_20251211_214247_000.7z
2025-12-11 21:49:00,25411.327499,25.411327499,8372.647494,8203.862608,8834.817398,768000,768000,1.000000000,1,2025-12-11 21:49:00.000000,2025-12-11 21:49:59.999922,1,BAYxx_xxxx_20251211_214247_000.7z
2025-12-11 21:50:00,3306.469702,3.306469702,1389.086524,820.001184,1097.381993,768000,768000,1.000000000,1,2025-12-11 21:50:00.000000,2025-12-11 21:50:59.999922,1,BAYxx_xxxx_20251211_214247_000.7z
2025-12-11 21:51:00,3284.529494,3.284529494,1370.927601,816.752844,1096.849050,768000,768000,1.000000000,1,2025-12-11 21:51:00.000000,2025-12-11 21:51:59.999922,1,BAYxx_xxxx_20251211_214247_000.7z
2025-12-11 21:52:00,3463.634835,3.463634835,1434.295468,877.198928,1152.140439,601698,768000,0.783460938,0,2025-12-11 21:52:00.000000,2025-12-11 21:52:47.007578,1,BAYxx_xxxx_20251211_214247_000.7z
2025-12-11 21:53:00,4904.291078,4.904291078,1899.794605,1360.740730,1643.755743,601600,768000,0.783333333,0,2025-12-11 21:53:13.000000,2025-12-11 21:53:59.999922,1,BAYxx_xxxx_20251211_215313_000.7z
2025-12-11 21:54:00,21455.186358,21.455186358,7066.016361,6904.838724,7484.331273,768000,768000,1.000000000,1,2025-12-11 21:54:00.000000,2025-12-11 21:54:59.999922,1,BAYxx_xxxx_20251211_215313_000.7z
2025-12-11 21:55:00,29868.385748,29.868385748,9791.995758,9705.154805,10371.235185,768000,768000,1.000000000,1,2025-12-11 21:55:00.000000,2025-12-11 21:55:59.999922,1,BAYxx_xxxx_20251211_215313_000.7z
2025-12-11 21:56:00,13390.150378,13.390150378,4586.312335,4195.188303,4608.649739,768000,768000,1.000000000,1,2025-12-11 21:56:00.000000,2025-12-11 21:56:59.999922,1,BAYxx_xxxx_20251211_215313_000.7z
2025-12-11 21:57:00,3288.771372,3.288771372,1373.558466,828.316890,1086.896016,768000,768000,1.000000000,1,2025-12-11 21:57:00.000000,2025-12-11 21:57:59.999922,1,BAYxx_xxxx_20251211_215313_000.7z
2025-12-11 21:58:00,3296.251901,3.296251901,1368.355832,835.834344,1092.061726,768000,768000,1.000000000,1,2025-12-11 21:58:00.000000,2025-12-11 21:58:59.999922,1,BAYxx_xxxx_20251211_215313_000.7z
2025-12-11 21:59:00,3274.622213,3.274622213,1365.300732,827.890632,1081.430848,768000,768000,1.000000000,1,2025-12-11 21:59:00.000000,2025-12-11 21:59:59.999922,1,BAYxx_xxxx_20251211_215313_000.7z
2025-12-11 22:00:00,3199.254577,3.199254577,1373.995058,829.948121,995.311398,768000,768000,1.000000000,1,2025-12-11 22:00:00.000000,2025-12-11 22:00:59.999922,1,BAYxx_xxxx_20251211_215313_000.7z
2025-12-11 22:01:00,3201.167648,3.201167648,1372.411873,831.925369,996.830406,768000,768000,1.000000000,1,2025-12-11 22:01:00.000000,2025-12-11 22:01:59.999922,1,BAYxx_xxxx_20251211_215313_000.7z
2025-12-11 22:02:00,3192.077416,3.192077416,1361.666751,838.048669,992.361996,768000,768000,1.000000000,1,2025-12-11 22:02:00.000000,2025-12-11 22:02:59.999922,1,BAYxx_xxxx_20251211_215313_000.7z
2025-12-11 22:03:00,3190.033919,3.190033919,1360.707384,838.066379,991.260155,486531,768000,0.633503906,0,2025-12-11 22:03:00.000000,2025-12-11 22:03:59.999922,2,BAYxx_xxxx_20251211_215313_000.7z;BAYxx_xxxx_20251211_220335_000.7z
2025-12-11 22:04:00,3207.039068,3.207039068,1374.295851,839.386990,993.356227,768000,768000,1.000000000,1,2025-12-11 22:04:00.000000,2025-12-11 22:04:59.999922,1,BAYxx_xxxx_20251211_220335_000.7z
2025-12-11 22:05:00,3204.171064,3.204171064,1362.983069,841.297458,999.890537,768000,768000,1.000000000,1,2025-12-11 22:05:00.000000,2025-12-11 22:05:59.999922,1,BAYxx_xxxx_20251211_220335_000.7z
2025-12-11 22:06:00,4557.946397,4.557946397,1804.354737,1296.909349,1456.682311,768000,768000,1.000000000,1,2025-12-11 22:06:00.000000,2025-12-11 22:06:59.999922,1,BAYxx_xxxx_20251211_220335_000.7z
2025-12-11 22:07:00,19313.353978,19.313353978,6443.905338,6217.853898,6651.594743,768000,768000,1.000000000,1,2025-12-11 22:07:00.000000,2025-12-11 22:07:59.999922,1,BAYxx_xxxx_20251211_220335_000.7z
2025-12-11 22:08:00,27892.418721,27.892418721,9189.011265,9071.052055,9632.355401,768000,768000,1.000000000,1,2025-12-11 22:08:00.000000,2025-12-11 22:08:59.999922,1,BAYxx_xxxx_20251211_220335_000.7z
2025-12-11 22:09:00,29118.641534,29.118641534,9520.718370,9536.616056,10061.307108,768000,768000,1.000000000,1,2025-12-11 22:09:00.000000,2025-12-11 22:09:59.999922,1,BAYxx_xxxx_20251211_220335_000.7z
2025-12-11 22:10:00,23641.753924,23.641753924,7815.004205,7701.174171,8125.575548,768000,768000,1.000000000,1,2025-12-11 22:10:00.000000,2025-12-11 22:10:59.999922,1,BAYxx_xxxx_20251211_220335_000.7z
2025-12-11 22:11:00,3188.688984,3.188688984,1368.972786,825.492019,994.224179,768000,768000,1.000000000,1,2025-12-11 22:11:00.000000,2025-12-11 22:11:59.999922,1,BAYxx_xxxx_20251211_220335_000.7z
2025-12-11 22:12:00,3189.099515,3.189099515,1359.790351,829.079288,1000.229876,768000,768000,1.000000000,1,2025-12-11 22:12:00.000000,2025-12-11 22:12:59.999922,1,BAYxx_xxxx_20251211_220335_000.7z
2025-12-11 22:13:00,3202.572420,3.202572420,1356.267470,831.859174,1014.445775,524938,768000,0.683513021,0,2025-12-11 22:13:00.000000,2025-12-11 22:13:59.999922,2,BAYxx_xxxx_20251211_220335_000.7z;BAYxx_xxxx_20251211_221354_000.7z
2025-12-11 22:14:00,3213.796061,3.213796061,1367.455021,843.795326,1002.545714,768000,768000,1.000000000,1,2025-12-11 22:14:00.000000,2025-12-11 22:14:59.999922,1,BAYxx_xxxx_20251211_221354_000.7z
2025-12-11 22:15:00,3291.540351,3.291540351,1361.833705,850.676187,1079.030459,768000,768000,1.000000000,1,2025-12-11 22:15:00.000000,2025-12-11 22:15:59.999922,1,BAYxx_xxxx_20251211_221354_000.7z
2025-12-11 22:16:00,3287.671135,3.287671135,1354.261680,835.589760,1097.819695,768000,768000,1.000000000,1,2025-12-11 22:16:00.000000,2025-12-11 22:16:59.999922,1,BAYxx_xxxx_20251211_221354_000.7z
2025-12-11 22:17:00,3289.323321,3.289323321,1359.430477,827.444761,1102.448082,768000,768000,1.000000000,1,2025-12-11 22:17:00.000000,2025-12-11 22:17:59.999922,1,BAYxx_xxxx_20251211_221354_000.7z
2025-12-11 22:18:00,3277.235677,3.277235677,1350.766652,828.335113,1098.133912,768000,768000,1.000000000,1,2025-12-11 22:18:00.000000,2025-12-11 22:18:59.999922,1,BAYxx_xxxx_20251211_221354_000.7z
2025-12-11 22:19:00,3285.110120,3.285110120,1350.559249,836.088937,1098.461935,768000,768000,1.000000000,1,2025-12-11 22:19:00.000000,2025-12-11 22:19:59.999922,1,BAYxx_xxxx_20251211_221354_000.7z
2025-12-11 22:20:00,3283.732027,3.283732027,1348.441983,839.007049,1096.282995,768000,768000,1.000000000,1,2025-12-11 22:20:00.000000,2025-12-11 22:20:59.999922,1,BAYxx_xxxx_20251211_221354_000.7z
2025-12-11 22:21:00,3294.314888,3.294314888,1363.092902,838.132948,1093.089038,768000,768000,1.000000000,1,2025-12-11 22:21:00.000000,2025-12-11 22:21:59.999922,1,BAYxx_xxxx_20251211_221354_000.7z
2025-12-11 22:22:00,4418.459894,4.418459894,1739.873388,1210.089640,1468.496866,768000,768000,1.000000000,1,2025-12-11 22:22:00.000000,2025-12-11 22:22:59.999922,1,BAYxx_xxxx_20251211_221354_000.7z
2025-12-11 22:23:00,14611.869178,14.611869178,4914.692047,4620.615238,5076.561893,691232,768000,0.900041667,0,2025-12-11 22:23:00.000000,2025-12-11 22:23:54.002422,1,BAYxx_xxxx_20251211_221354_000.7z
2025-12-11 22:24:00,28316.757248,28.316757248,9179.338835,9207.138185,9930.280228,281600,768000,0.366666667,0,2025-12-11 22:24:38.000000,2025-12-11 22:24:59.999922,1,BAYxx_xxxx_20251211_222438_000.7z
2025-12-11 22:25:00,28455.505182,28.455505182,9196.723989,9300.864300,9957.916892,768000,768000,1.000000000,1,2025-12-11 22:25:00.000000,2025-12-11 22:25:59.999922,1,BAYxx_xxxx_20251211_222438_000.7z
2025-12-11 22:26:00,29761.321189,29.761321189,9639.752287,9733.396813,10388.172089,768000,768000,1.000000000,1,2025-12-11 22:26:00.000000,2025-12-11 22:26:59.999922,1,BAYxx_xxxx_20251211_222438_000.7z
2025-12-11 22:27:00,27510.752649,27.510752649,8951.624386,8969.337498,9589.790764,768000,768000,1.000000000,1,2025-12-11 22:27:00.000000,2025-12-11 22:27:59.999922,1,BAYxx_xxxx_20251211_222438_000.7z
2025-12-11 22:28:00,3375.826024,3.375826024,1400.795882,852.826163,1122.203979,768000,768000,1.000000000,1,2025-12-11 22:28:00.000000,2025-12-11 22:28:59.999922,1,BAYxx_xxxx_20251211_222438_000.7z
2025-12-11 22:29:00,3292.884816,3.292884816,1372.441402,827.358610,1093.084805,768000,768000,1.000000000,1,2025-12-11 22:29:00.000000,2025-12-11 22:29:59.999922,1,BAYxx_xxxx_20251211_222438_000.7z
2025-12-11 22:30:00,3541.999882,3.541999882,1450.676995,911.850068,1179.472820,768000,768000,1.000000000,1,2025-12-11 22:30:00.000000,2025-12-11 22:30:59.999922,1,BAYxx_xxxx_20251211_222438_000.7z
2025-12-11 22:31:00,4909.738899,4.909738899,1898.516553,1374.565827,1636.656518,768000,768000,1.000000000,1,2025-12-11 22:31:00.000000,2025-12-11 22:31:59.999922,1,BAYxx_xxxx_20251211_222438_000.7z
2025-12-11 22:32:00,28197.927237,28.197927237,9147.115961,9166.561997,9884.249279,768000,768000,1.000000000,1,2025-12-11 22:32:00.000000,2025-12-11 22:32:59.999922,1,BAYxx_xxxx_20251211_222438_000.7z
2025-12-11 22:33:00,29863.744765,29.863744765,9712.019463,9690.874709,10460.850593,768000,768000,1.000000000,1,2025-12-11 22:33:00.000000,2025-12-11 22:33:59.999922,1,BAYxx_xxxx_20251211_222438_000.7z
2025-12-11 22:34:00,8314.898708,8.314898708,2960.234119,2500.844710,2853.819879,486417,768000,0.633355469,0,2025-12-11 22:34:00.000000,2025-12-11 22:34:38.001250,1,BAYxx_xxxx_20251211_222438_000.7z
2025-12-11 22:35:00,3299.858360,3.299858360,1370.131080,828.724177,1101.003103,704000,768000,0.916666667,0,2025-12-11 22:35:05.000000,2025-12-11 22:35:59.999922,1,BAYxx_xxxx_20251211_223505_000.7z
2025-12-11 22:36:00,3282.899417,3.282899417,1366.981343,830.735416,1085.182658,768000,768000,1.000000000,1,2025-12-11 22:36:00.000000,2025-12-11 22:36:59.999922,1,BAYxx_xxxx_20251211_223505_000.7z
2025-12-11 22:37:00,3296.829918,3.296829918,1380.391219,827.687761,1088.750938,768000,768000,1.000000000,1,2025-12-11 22:37:00.000000,2025-12-11 22:37:59.999922,1,BAYxx_xxxx_20251211_223505_000.7z
2025-12-11 22:38:00,3287.885710,3.287885710,1372.512422,825.787772,1089.585515,768000,768000,1.000000000,1,2025-12-11 22:38:00.000000,2025-12-11 22:38:59.999922,1,BAYxx_xxxx_20251211_223505_000.7z
2025-12-11 22:39:00,3306.088156,3.306088156,1375.144343,832.613955,1098.329859,768000,768000,1.000000000,1,2025-12-11 22:39:00.000000,2025-12-11 22:39:59.999922,1,BAYxx_xxxx_20251211_223505_000.7z
2025-12-11 22:40:00,3297.812668,3.297812668,1374.717490,827.678966,1095.416212,768000,768000,1.000000000,1,2025-12-11 22:40:00.000000,2025-12-11 22:40:59.999922,1,BAYxx_xxxx_20251211_223505_000.7z
2025-12-11 22:41:00,3296.647825,3.296647825,1377.100828,828.877078,1090.669919,768000,768000,1.000000000,1,2025-12-11 22:41:00.000000,2025-12-11 22:41:59.999922,1,BAYxx_xxxx_20251211_223505_000.7z
2025-12-11 22:42:00,3304.417093,3.304417093,1384.687195,825.827258,1093.902640,768000,768000,1.000000000,1,2025-12-11 22:42:00.000000,2025-12-11 22:42:59.999922,1,BAYxx_xxxx_20251211_223505_000.7z
2025-12-11 22:43:00,4852.304807,4.852304807,1889.267669,1346.488334,1616.548803,768000,768000,1.000000000,1,2025-12-11 22:43:00.000000,2025-12-11 22:43:59.999922,1,BAYxx_xxxx_20251211_223505_000.7z
2025-12-11 22:44:00,21784.514506,21.784514506,7162.944596,7054.868874,7566.701036,768000,768000,1.000000000,1,2025-12-11 22:44:00.000000,2025-12-11 22:44:59.999922,1,BAYxx_xxxx_20251211_223505_000.7z
2025-12-11 22:45:00,27913.253088,27.913253088,9129.938306,9100.390189,9682.924593,435278,768000,0.566768229,0,2025-12-11 22:45:00.000000,2025-12-11 22:45:59.999922,2,BAYxx_xxxx_20251211_223505_000.7z;BAYxx_xxxx_20251211_224531_000.7z
2025-12-11 22:46:00,28905.326462,28.905326462,9425.715754,9455.793469,10023.817239,768000,768000,1.000000000,1,2025-12-11 22:46:00.000000,2025-12-11 22:46:59.999922,1,BAYxx_xxxx_20251211_224531_000.7z
2025-12-11 22:47:00,30169.925353,30.169925353,9869.665279,9851.913995,10448.346079,768000,768000,1.000000000,1,2025-12-11 22:47:00.000000,2025-12-11 22:47:59.999922,1,BAYxx_xxxx_20251211_224531_000.7z
2025-12-11 22:48:00,4214.065828,4.214065828,1702.937870,1165.913165,1345.214792,768000,768000,1.000000000,1,2025-12-11 22:48:00.000000,2025-12-11 22:48:59.999922,1,BAYxx_xxxx_20251211_224531_000.7z
2025-12-11 22:49:00,3200.101316,3.200101316,1372.394571,830.474626,997.232119,768000,768000,1.000000000,1,2025-12-11 22:49:00.000000,2025-12-11 22:49:59.999922,1,BAYxx_xxxx_20251211_224531_000.7z
2025-12-11 22:50:00,3195.740885,3.195740885,1367.128288,832.318760,996.293838,768000,768000,1.000000000,1,2025-12-11 22:50:00.000000,2025-12-11 22:50:59.999922,1,BAYxx_xxxx_20251211_224531_000.7z
2025-12-11 22:51:00,3207.354946,3.207354946,1369.656730,837.124232,1000.573985,768000,768000,1.000000000,1,2025-12-11 22:51:00.000000,2025-12-11 22:51:59.999922,1,BAYxx_xxxx_20251211_224531_000.7z
2025-12-11 22:52:00,3204.742201,3.204742201,1372.919875,837.279176,994.543150,768000,768000,1.000000000,1,2025-12-11 22:52:00.000000,2025-12-11 22:52:59.999922,1,BAYxx_xxxx_20251211_224531_000.7z
2025-12-11 22:53:00,3202.237525,3.202237525,1366.847807,836.383567,999.006151,768000,768000,1.000000000,1,2025-12-11 22:53:00.000000,2025-12-11 22:53:59.999922,1,BAYxx_xxxx_20251211_224531_000.7z
2025-12-11 22:54:00,3194.825312,3.194825312,1370.324052,838.177486,986.323773,768000,768000,1.000000000,1,2025-12-11 22:54:00.000000,2025-12-11 22:54:59.999922,1,BAYxx_xxxx_20251211_224531_000.7z
2025-12-11 22:55:00,3204.877923,3.204877923,1383.134659,829.487467,992.255797,396865,768000,0.516751302,0,2025-12-11 22:55:00.000000,2025-12-11 22:55:31.005000,1,BAYxx_xxxx_20251211_224531_000.7z
2025-12-11 22:56:00,3207.858075,3.207858075,1389.559094,831.480588,986.818394,627200,768000,0.816666667,0,2025-12-11 22:56:11.000000,2025-12-11 22:56:59.999922,1,BAYxx_xxxx_20251211_225611_000.7z
2025-12-11 22:57:00,3200.907713,3.200907713,1383.031093,832.318197,985.558423,768000,768000,1.000000000,1,2025-12-11 22:57:00.000000,2025-12-11 22:57:59.999922,1,BAYxx_xxxx_20251211_225611_000.7z
2025-12-11 22:58:00,3209.734686,3.209734686,1373.543338,837.044244,999.147105,768000,768000,1.000000000,1,2025-12-11 22:58:00.000000,2025-12-11 22:58:59.999922,1,BAYxx_xxxx_20251211_225611_000.7z
2025-12-11 22:59:00,3208.407678,3.208407678,1377.467974,834.352195,996.587509,768000,768000,1.000000000,1,2025-12-11 22:59:00.000000,2025-12-11 22:59:59.999922,1,BAYxx_xxxx_20251211_225611_000.7z
2025-12-11 23:00:00,3232.227830,3.232227830,1370.467405,832.938866,1028.821560,768000,768000,1.000000000,1,2025-12-11 23:00:00.000000,2025-12-11 23:00:59.999922,1,BAYxx_xxxx_20251211_225611_000.7z
2025-12-11 23:01:00,4704.543389,4.704543389,1825.952698,1308.302113,1570.288578,768000,768000,1.000000000,1,2025-12-11 23:01:00.000000,2025-12-11 23:01:59.999922,1,BAYxx_xxxx_20251211_225611_000.7z
2025-12-11 23:02:00,19288.493578,19.288493578,6400.362499,6202.490287,6685.640793,768000,768000,1.000000000,1,2025-12-11 23:02:00.000000,2025-12-11 23:02:59.999922,1,BAYxx_xxxx_20251211_225611_000.7z
2025-12-11 23:03:00,28363.980910,28.363980910,9264.055400,9244.863275,9855.062235,768000,768000,1.000000000,1,2025-12-11 23:03:00.000000,2025-12-11 23:03:59.999922,1,BAYxx_xxxx_20251211_225611_000.7z
2025-12-11 23:04:00,29348.852679,29.348852679,9578.579238,9580.686524,10189.586917,768000,768000,1.000000000,1,2025-12-11 23:04:00.000000,2025-12-11 23:04:59.999922,1,BAYxx_xxxx_20251211_225611_000.7z
2025-12-11 23:05:00,30340.281415,30.340281415,9894.948789,9921.004842,10524.327784,768000,768000,1.000000000,1,2025-12-11 23:05:00.000000,2025-12-11 23:05:59.999922,1,BAYxx_xxxx_20251211_225611_000.7z
2025-12-11 23:06:00,4998.929524,4.998929524,1916.682506,1408.397431,1673.849587,627308,768000,0.816807292,0,2025-12-11 23:06:00.000000,2025-12-11 23:06:59.999922,2,BAYxx_xxxx_20251211_225611_000.7z;BAYxx_xxxx_20251211_230622_000.7z
2025-12-11 23:07:00,3299.675199,3.299675199,1382.068556,836.650678,1080.955964,768000,768000,1.000000000,1,2025-12-11 23:07:00.000000,2025-12-11 23:07:59.999922,1,BAYxx_xxxx_20251211_230622_000.7z
2025-12-11 23:08:00,3309.326858,3.309326858,1391.645044,830.086744,1087.595070,768000,768000,1.000000000,1,2025-12-11 23:08:00.000000,2025-12-11 23:08:59.999922,1,BAYxx_xxxx_20251211_230622_000.7z
2025-12-11 23:09:00,4698.427522,4.698427522,1839.423274,1302.404509,1556.599740,768000,768000,1.000000000,1,2025-12-11 23:09:00.000000,2025-12-11 23:09:59.999922,1,BAYxx_xxxx_20251211_230622_000.7z
2025-12-11 23:10:00,22206.464193,22.206464193,7308.412991,7211.050659,7687.000543,768000,768000,1.000000000,1,2025-12-11 23:10:00.000000,2025-12-11 23:10:59.999922,1,BAYxx_xxxx_20251211_230622_000.7z
2025-12-11 23:11:00,29895.901484,29.895901484,9737.774238,9793.860494,10364.266752,768000,768000,1.000000000,1,2025-12-11 23:11:00.000000,2025-12-11 23:11:59.999922,1,BAYxx_xxxx_20251211_230622_000.7z
2025-12-11 23:12:00,10669.798494,10.669798494,3704.728272,3317.761381,3647.308841,768000,768000,1.000000000,1,2025-12-11 23:12:00.000000,2025-12-11 23:12:59.999922,1,BAYxx_xxxx_20251211_230622_000.7z
2025-12-11 23:13:00,3299.950989,3.299950989,1378.861343,835.180909,1085.908737,768000,768000,1.000000000,1,2025-12-11 23:13:00.000000,2025-12-11 23:13:59.999922,1,BAYxx_xxxx_20251211_230622_000.7z
2025-12-11 23:14:00,3302.978838,3.302978838,1379.739262,838.160739,1085.078838,768000,768000,1.000000000,1,2025-12-11 23:14:00.000000,2025-12-11 23:14:59.999922,1,BAYxx_xxxx_20251211_230622_000.7z
2025-12-11 23:15:00,3302.192352,3.302192352,1376.607228,836.076335,1089.508789,768000,768000,1.000000000,1,2025-12-11 23:15:00.000000,2025-12-11 23:15:59.999922,1,BAYxx_xxxx_20251211_230622_000.7z
2025-12-11 23:16:00,3307.480263,3.307480263,1378.113722,838.238856,1091.127685,384124,768000,0.500161458,0,2025-12-11 23:16:00.000000,2025-12-11 23:16:59.999922,2,BAYxx_xxxx_20251211_230622_000.7z;BAYxx_xxxx_20251211_231652_000.7z
2025-12-11 23:17:00,3302.824219,3.302824219,1373.151002,836.844377,1092.828839,768000,768000,1.000000000,1,2025-12-11 23:17:00.000000,2025-12-11 23:17:59.999922,1,BAYxx_xxxx_20251211_231652_000.7z
2025-12-11 23:18:00,3262.884150,3.262884150,1351.970498,833.064858,1077.848795,768000,768000,1.000000000,1,2025-12-11 23:18:00.000000,2025-12-11 23:18:59.999922,1,BAYxx_xxxx_20251211_231652_000.7z
2025-12-11 23:19:00,3277.744252,3.277744252,1363.359991,837.049076,1077.335185,768000,768000,1.000000000,1,2025-12-11 23:19:00.000000,2025-12-11 23:19:59.999922,1,BAYxx_xxxx_20251211_231652_000.7z
2025-12-11 23:20:00,3261.311238,3.261311238,1354.052581,830.892248,1076.366408,768000,768000,1.000000000,1,2025-12-11 23:20:00.000000,2025-12-11 23:20:59.999922,1,BAYxx_xxxx_20251211_231652_000.7z
2025-12-11 23:21:00,4323.059548,4.323059548,1698.627049,1191.173523,1433.258975,768000,768000,1.000000000,1,2025-12-11 23:21:00.000000,2025-12-11 23:21:59.999922,1,BAYxx_xxxx_20251211_231652_000.7z
2025-12-11 23:22:00,14100.676209,14.100676209,4764.192641,4498.680248,4837.803321,768000,768000,1.000000000,1,2025-12-11 23:22:00.000000,2025-12-11 23:22:59.999922,1,BAYxx_xxxx_20251211_231652_000.7z
2025-12-11 23:23:00,27324.831075,27.324831075,8909.845872,8953.840533,9461.144670,768000,768000,1.000000000,1,2025-12-11 23:23:00.000000,2025-12-11 23:23:59.999922,1,BAYxx_xxxx_20251211_231652_000.7z
2025-12-11 23:24:00,28552.647187,28.552647187,9279.413713,9391.663337,9881.570138,768000,768000,1.000000000,1,2025-12-11 23:24:00.000000,2025-12-11 23:24:59.999922,1,BAYxx_xxxx_20251211_231652_000.7z
2025-12-11 23:25:00,29840.473390,29.840473390,9717.874915,9802.981593,10319.616882,768000,768000,1.000000000,1,2025-12-11 23:25:00.000000,2025-12-11 23:25:59.999922,1,BAYxx_xxxx_20251211_231652_000.7z
2025-12-11 23:26:00,17121.268339,17.121268339,5722.454172,5501.797059,5897.017107,665662,768000,0.866747396,0,2025-12-11 23:26:00.000000,2025-12-11 23:26:52.004766,1,BAYxx_xxxx_20251211_231652_000.7z
2025-12-11 23:27:00,3263.018021,3.263018021,1359.651728,825.388282,1077.978011,512000,768000,0.666666667,0,2025-12-11 23:27:20.000000,2025-12-11 23:27:59.999922,1,BAYxx_xxxx_20251211_232720_000.7z
2025-12-11 23:28:00,3251.817550,3.251817550,1351.865164,823.199902,1076.752484,768000,768000,1.000000000,1,2025-12-11 23:28:00.000000,2025-12-11 23:28:59.999922,1,BAYxx_xxxx_20251211_232720_000.7z
2025-12-11 23:29:00,3598.391643,3.598391643,1467.226325,940.582751,1190.582567,768000,768000,1.000000000,1,2025-12-11 23:29:00.000000,2025-12-11 23:29:59.999922,1,BAYxx_xxxx_20251211_232720_000.7z
2025-12-11 23:30:00,4953.214011,4.953214011,1899.997196,1407.559482,1645.657333,768000,768000,1.000000000,1,2025-12-11 23:30:00.000000,2025-12-11 23:30:59.999922,1,BAYxx_xxxx_20251211_232720_000.7z
2025-12-11 23:31:00,28214.715428,28.214715428,9255.738595,9266.913763,9692.063071,768000,768000,1.000000000,1,2025-12-11 23:31:00.000000,2025-12-11 23:31:59.999922,1,BAYxx_xxxx_20251211_232720_000.7z
2025-12-11 23:32:00,29610.759673,29.610759673,9709.426970,9731.168948,10170.163756,768000,768000,1.000000000,1,2025-12-11 23:32:00.000000,2025-12-11 23:32:59.999922,1,BAYxx_xxxx_20251211_232720_000.7z
2025-12-11 23:33:00,6054.107146,6.054107146,2273.949161,1806.735619,1973.422366,768000,768000,1.000000000,1,2025-12-11 23:33:00.000000,2025-12-11 23:33:59.999922,1,BAYxx_xxxx_20251211_232720_000.7z
2025-12-11 23:34:00,3167.193243,3.167193243,1348.457086,839.024448,979.711708,768000,768000,1.000000000,1,2025-12-11 23:34:00.000000,2025-12-11 23:34:59.999922,1,BAYxx_xxxx_20251211_232720_000.7z
2025-12-11 23:35:00,3161.503769,3.161503769,1350.121569,834.271651,977.110549,768000,768000,1.000000000,1,2025-12-11 23:35:00.000000,2025-12-11 23:35:59.999922,1,BAYxx_xxxx_20251211_232720_000.7z
2025-12-11 23:36:00,3160.628928,3.160628928,1351.776027,832.308817,976.544085,768000,768000,1.000000000,1,2025-12-11 23:36:00.000000,2025-12-11 23:36:59.999922,1,BAYxx_xxxx_20251211_232720_000.7z
2025-12-11 23:37:00,3174.609707,3.174609707,1361.061231,835.678947,977.869529,524871,768000,0.683425781,0,2025-12-11 23:37:00.000000,2025-12-11 23:37:59.999922,2,BAYxx_xxxx_20251211_232720_000.7z;BAYxx_xxxx_20251211_233739_000.7z
2025-12-11 23:38:00,3193.471492,3.193471492,1365.569367,845.283480,982.618644,768000,768000,1.000000000,1,2025-12-11 23:38:00.000000,2025-12-11 23:38:59.999922,1,BAYxx_xxxx_20251211_233739_000.7z
2025-12-11 23:39:00,3176.897506,3.176897506,1353.588892,836.099993,987.208621,768000,768000,1.000000000,1,2025-12-11 23:39:00.000000,2025-12-11 23:39:59.999922,1,BAYxx_xxxx_20251211_233739_000.7z
2025-12-11 23:40:00,3177.137337,3.177137337,1354.743585,838.849574,983.544177,768000,768000,1.000000000,1,2025-12-11 23:40:00.000000,2025-12-11 23:40:59.999922,1,BAYxx_xxxx_20251211_233739_000.7z
2025-12-11 23:41:00,3179.114838,3.179114838,1343.671673,842.172893,993.270272,768000,768000,1.000000000,1,2025-12-11 23:41:00.000000,2025-12-11 23:41:59.999922,1,BAYxx_xxxx_20251211_233739_000.7z
2025-12-11 23:42:00,3181.406726,3.181406726,1357.662519,834.800033,988.944174,768000,768000,1.000000000,1,2025-12-11 23:42:00.000000,2025-12-11 23:42:59.999922,1,BAYxx_xxxx_20251211_233739_000.7z
2025-12-11 23:43:00,4014.521164,4.014521164,1626.789607,1117.589056,1270.142500,768000,768000,1.000000000,1,2025-12-11 23:43:00.000000,2025-12-11 23:43:59.999922,1,BAYxx_xxxx_20251211_233739_000.7z
2025-12-11 23:44:00,11500.287510,11.500287510,3972.725783,3660.245524,3867.316203,768000,768000,1.000000000,1,2025-12-11 23:44:00.000000,2025-12-11 23:44:59.999922,1,BAYxx_xxxx_20251211_233739_000.7z
2025-12-11 23:45:00,27741.505153,27.741505153,9060.026712,9132.848568,9548.629872,768000,768000,1.000000000,1,2025-12-11 23:45:00.000000,2025-12-11 23:45:59.999922,1,BAYxx_xxxx_20251211_233739_000.7z
2025-12-11 23:46:00,28805.843898,28.805843898,9375.161879,9466.211912,9964.470106,768000,768000,1.000000000,1,2025-12-11 23:46:00.000000,2025-12-11 23:46:59.999922,1,BAYxx_xxxx_20251211_233739_000.7z
2025-12-11 23:47:00,30032.022969,30.032022969,9839.402508,9832.202043,10360.418419,499233,768000,0.650042969,0,2025-12-11 23:47:00.000000,2025-12-11 23:47:39.002500,1,BAYxx_xxxx_20251211_233739_000.7z
2025-12-11 23:48:00,17534.469465,17.534469465,5878.070507,5632.989657,6023.409301,768000,768000,1.000000000,1,2025-12-11 23:48:00.000000,2025-12-11 23:48:59.999922,1,BAYxx_xxxx_20251211_234800_000.7z
2025-12-11 23:49:00,3264.289759,3.264289759,1352.877282,835.993865,1075.418613,768000,768000,1.000000000,1,2025-12-11 23:49:00.000000,2025-12-11 23:49:59.999922,1,BAYxx_xxxx_20251211_234800_000.7z
2025-12-11 23:50:00,3262.986381,3.262986381,1359.941721,835.600552,1067.444108,768000,768000,1.000000000,1,2025-12-11 23:50:00.000000,2025-12-11 23:50:59.999922,1,BAYxx_xxxx_20251211_234800_000.7z
2025-12-11 23:51:00,3263.216651,3.263216651,1354.028482,839.438014,1069.750155,768000,768000,1.000000000,1,2025-12-11 23:51:00.000000,2025-12-11 23:51:59.999922,1,BAYxx_xxxx_20251211_234800_000.7z
2025-12-11 23:52:00,3263.516778,3.263516778,1359.612629,837.586181,1066.317968,768000,768000,1.000000000,1,2025-12-11 23:52:00.000000,2025-12-11 23:52:59.999922,1,BAYxx_xxxx_20251211_234800_000.7z
2025-12-11 23:53:00,3275.795224,3.275795224,1359.984832,840.801549,1075.008843,768000,768000,1.000000000,1,2025-12-11 23:53:00.000000,2025-12-11 23:53:59.999922,1,BAYxx_xxxx_20251211_234800_000.7z
2025-12-11 23:54:00,3258.945398,3.258945398,1363.461279,826.702266,1068.781853,768000,768000,1.000000000,1,2025-12-11 23:54:00.000000,2025-12-11 23:54:59.999922,1,BAYxx_xxxx_20251211_234800_000.7z
2025-12-11 23:55:00,3273.057884,3.273057884,1355.798610,844.453436,1072.805838,768000,768000,1.000000000,1,2025-12-11 23:55:00.000000,2025-12-11 23:55:59.999922,1,BAYxx_xxxx_20251211_234800_000.7z
2025-12-11 23:56:00,3268.189050,3.268189050,1354.605940,839.297600,1074.285511,768000,768000,1.000000000,1,2025-12-11 23:56:00.000000,2025-12-11 23:56:59.999922,1,BAYxx_xxxx_20251211_234800_000.7z
2025-12-11 23:57:00,3264.564051,3.264564051,1354.151613,836.562930,1073.849509,768000,768000,1.000000000,1,2025-12-11 23:57:00.000000,2025-12-11 23:57:59.999922,1,BAYxx_xxxx_20251211_234800_000.7z
2025-12-11 23:58:00,3187.214838,3.187214838,1324.987850,792.920963,1069.306025,64096,768000,0.083458333,0,2025-12-11 23:58:00.000000,2025-12-11 23:58:59.999922,2,BAYxx_xxxx_20251211_234800_000.7z;BAYxx_xxxx_20251211_235855_000.7z
2025-12-11 23:59:00,3273.288485,3.273288485,1352.028611,842.931673,1078.328200,768000,768000,1.000000000,1,2025-12-11 23:59:00.000000,2025-12-11 23:59:59.999922,1,BAYxx_xxxx_20251211_235855_000.7z
2025-12-12 00:00:00,3270.332485,3.270332485,1349.718454,835.293321,1085.320711,768000,768000,1.000000000,1,2025-12-12 00:00:00.000000,2025-12-12 00:00:59.999922,1,BAYxx_xxxx_20251211_235855_000.7z
2025-12-12 00:01:00,3253.888582,3.253888582,1342.327062,828.392032,1083.169487,768000,768000,1.000000000,1,2025-12-12 00:01:00.000000,2025-12-12 00:01:59.999922,1,BAYxx_xxxx_20251211_235855_000.7z
2025-12-12 00:02:00,4785.267335,4.785267335,1845.011118,1342.430629,1597.825589,768000,768000,1.000000000,1,2025-12-12 00:02:00.000000,2025-12-12 00:02:59.999922,1,BAYxx_xxxx_20251211_235855_000.7z
2025-12-12 00:03:00,21306.494389,21.306494389,7019.918542,6926.682632,7359.893214,768000,768000,1.000000000,1,2025-12-12 00:03:00.000000,2025-12-12 00:03:59.999922,1,BAYxx_xxxx_20251211_235855_000.7z
2025-12-12 00:04:00,27728.963616,27.728963616,9061.100135,9082.654128,9585.209354,768000,768000,1.000000000,1,2025-12-12 00:04:00.000000,2025-12-12 00:04:59.999922,1,BAYxx_xxxx_20251211_235855_000.7z
2025-12-12 00:05:00,28917.945739,28.917945739,9432.988537,9486.765000,9998.192202,768000,768000,1.000000000,1,2025-12-12 00:05:00.000000,2025-12-12 00:05:59.999922,1,BAYxx_xxxx_20251211_235855_000.7z
2025-12-12 00:06:00,29869.695796,29.869695796,9726.537812,9810.163965,10332.994019,768000,768000,1.000000000,1,2025-12-12 00:06:00.000000,2025-12-12 00:06:59.999922,1,BAYxx_xxxx_20251211_235855_000.7z
2025-12-12 00:07:00,10254.589057,10.254589057,3549.348112,3191.850665,3513.390279,768000,768000,1.000000000,1,2025-12-12 00:07:00.000000,2025-12-12 00:07:59.999922,1,BAYxx_xxxx_20251211_235855_000.7z
2025-12-12 00:08:00,3263.181461,3.263181461,1347.836640,830.323999,1085.020821,704014,768000,0.916684896,0,2025-12-12 00:08:00.000000,2025-12-12 00:08:55.001016,1,BAYxx_xxxx_20251211_235855_000.7z
2025-12-12 00:09:00,3243.167209,3.243167209,1336.741171,826.165550,1080.260488,524800,768000,0.683333333,0,2025-12-12 00:09:19.000000,2025-12-12 00:09:59.999922,1,BAYxx_xxxx_20251212_000919_000.7z
2025-12-12 00:10:00,4063.441740,4.063441740,1606.423191,1104.948337,1352.070212,768000,768000,1.000000000,1,2025-12-12 00:10:00.000000,2025-12-12 00:10:59.999922,1,BAYxx_xxxx_20251212_000919_000.7z
2025-12-12 00:11:00,12335.743478,12.335743478,4209.667687,3896.386839,4229.688953,768000,768000,1.000000000,1,2025-12-12 00:11:00.000000,2025-12-12 00:11:59.999922,1,BAYxx_xxxx_20251212_000919_000.7z
2025-12-12 00:12:00,29442.296035,29.442296035,9604.703348,9654.747645,10182.845042,768000,768000,1.000000000,1,2025-12-12 00:12:00.000000,2025-12-12 00:12:59.999922,1,BAYxx_xxxx_20251212_000919_000.7z
2025-12-12 00:13:00,25825.389656,25.825389656,8469.468682,8439.686821,8916.234154,768000,768000,1.000000000,1,2025-12-12 00:13:00.000000,2025-12-12 00:13:59.999922,1,BAYxx_xxxx_20251212_000919_000.7z
2025-12-12 00:14:00,3266.105153,3.266105153,1345.044039,828.138400,1092.922715,768000,768000,1.000000000,1,2025-12-12 00:14:00.000000,2025-12-12 00:14:59.999922,1,BAYxx_xxxx_20251212_000919_000.7z
2025-12-12 00:15:00,3255.643854,3.255643854,1349.463439,820.406053,1085.774361,768000,768000,1.000000000,1,2025-12-12 00:15:00.000000,2025-12-12 00:15:59.999922,1,BAYxx_xxxx_20251212_000919_000.7z
2025-12-12 00:16:00,3179.597943,3.179597943,1333.626420,829.778495,1016.193028,768000,768000,1.000000000,1,2025-12-12 00:16:00.000000,2025-12-12 00:16:59.999922,1,BAYxx_xxxx_20251212_000919_000.7z
2025-12-12 00:17:00,3164.900457,3.164900457,1336.966038,832.112058,995.822360,768000,768000,1.000000000,1,2025-12-12 00:17:00.000000,2025-12-12 00:17:59.999922,1,BAYxx_xxxx_20251212_000919_000.7z
2025-12-12 00:18:00,3166.280061,3.166280061,1338.631079,829.026783,998.622199,768000,768000,1.000000000,1,2025-12-12 00:18:00.000000,2025-12-12 00:18:59.999922,1,BAYxx_xxxx_20251212_000919_000.7z
2025-12-12 00:19:00,3160.911060,3.160911060,1336.356364,827.258731,997.295965,627241,768000,0.816720052,0,2025-12-12 00:19:00.000000,2025-12-12 00:19:59.999922,2,BAYxx_xxxx_20251212_000919_000.7z;BAYxx_xxxx_20251212_001930_000.7z
2025-12-12 00:20:00,3169.910117,3.169910117,1339.961940,828.115426,1001.832750,768000,768000,1.000000000,1,2025-12-12 00:20:00.000000,2025-12-12 00:20:59.999922,1,BAYxx_xxxx_20251212_001930_000.7z
2025-12-12 00:21:00,3173.096780,3.173096780,1344.246797,827.908988,1000.940994,768000,768000,1.000000000,1,2025-12-12 00:21:00.000000,2025-12-12 00:21:59.999922,1,BAYxx_xxxx_20251212_001930_000.7z
2025-12-12 00:22:00,3180.264379,3.180264379,1347.974785,830.974075,1001.315519,768000,768000,1.000000000,1,2025-12-12 00:22:00.000000,2025-12-12 00:22:59.999922,1,BAYxx_xxxx_20251212_001930_000.7z
2025-12-12 00:23:00,4399.391003,4.399391003,1742.022054,1245.228947,1412.140002,768000,768000,1.000000000,1,2025-12-12 00:23:00.000000,2025-12-12 00:23:59.999922,1,BAYxx_xxxx_20251212_001930_000.7z
2025-12-12 00:24:00,17151.872280,17.151872280,5733.217138,5556.773654,5861.881488,768000,768000,1.000000000,1,2025-12-12 00:24:00.000000,2025-12-12 00:24:59.999922,1,BAYxx_xxxx_20251212_001930_000.7z
2025-12-12 00:25:00,27694.357407,27.694357407,9051.994125,9111.351314,9531.011968,768000,768000,1.000000000,1,2025-12-12 00:25:00.000000,2025-12-12 00:25:59.999922,1,BAYxx_xxxx_20251212_001930_000.7z
2025-12-12 00:26:00,28898.079505,28.898079505,9422.859060,9533.196836,9942.023609,768000,768000,1.000000000,1,2025-12-12 00:26:00.000000,2025-12-12 00:26:59.999922,1,BAYxx_xxxx_20251212_001930_000.7z
2025-12-12 00:27:00,27873.126115,27.873126115,9140.541227,9171.479170,9561.105718,768000,768000,1.000000000,1,2025-12-12 00:27:00.000000,2025-12-12 00:27:59.999922,1,BAYxx_xxxx_20251212_001930_000.7z
2025-12-12 00:28:00,3289.750126,3.289750126,1386.427035,876.367286,1026.955805,768000,768000,1.000000000,1,2025-12-12 00:28:00.000000,2025-12-12 00:28:59.999922,1,BAYxx_xxxx_20251212_001930_000.7z
2025-12-12 00:29:00,3173.414529,3.173414529,1343.280556,836.441930,993.692042,384134,768000,0.500174479,0,2025-12-12 00:29:00.000000,2025-12-12 00:29:30.010391,1,BAYxx_xxxx_20251212_001930_000.7z
2025-12-12 00:30:00,3158.513044,3.158513044,1349.152128,827.500184,981.860732,768000,768000,1.000000000,1,2025-12-12 00:30:00.000000,2025-12-12 00:30:59.999922,1,BAYxx_xxxx_20251212_003000_000.7z
2025-12-12 00:31:00,3220.740528,3.220740528,1344.652919,833.897422,1042.190188,768000,768000,1.000000000,1,2025-12-12 00:31:00.000000,2025-12-12 00:31:59.999922,1,BAYxx_xxxx_20251212_003000_000.7z
2025-12-12 00:32:00,3266.245299,3.266245299,1342.419745,829.311760,1094.513794,768000,768000,1.000000000,1,2025-12-12 00:32:00.000000,2025-12-12 00:32:59.999922,1,BAYxx_xxxx_20251212_003000_000.7z
2025-12-12 00:33:00,3272.302627,3.272302627,1347.526980,833.562018,1091.213629,768000,768000,1.000000000,1,2025-12-12 00:33:00.000000,2025-12-12 00:33:59.999922,1,BAYxx_xxxx_20251212_003000_000.7z
2025-12-12 00:34:00,3273.552419,3.273552419,1349.178084,837.649958,1086.724376,768000,768000,1.000000000,1,2025-12-12 00:34:00.000000,2025-12-12 00:34:59.999922,1,BAYxx_xxxx_20251212_003000_000.7z
2025-12-12 00:35:00,3267.123087,3.267123087,1343.224399,831.404903,1092.493785,768000,768000,1.000000000,1,2025-12-12 00:35:00.000000,2025-12-12 00:35:59.999922,1,BAYxx_xxxx_20251212_003000_000.7z
2025-12-12 00:36:00,3261.830414,3.261830414,1336.387171,833.134562,1092.308681,768000,768000,1.000000000,1,2025-12-12 00:36:00.000000,2025-12-12 00:36:59.999922,1,BAYxx_xxxx_20251212_003000_000.7z
2025-12-12 00:37:00,3266.875191,3.266875191,1337.040870,835.529323,1094.304998,768000,768000,1.000000000,1,2025-12-12 00:37:00.000000,2025-12-12 00:37:59.999922,1,BAYxx_xxxx_20251212_003000_000.7z
2025-12-12 00:38:00,3259.121951,3.259121951,1342.956266,830.004642,1086.161043,768000,768000,1.000000000,1,2025-12-12 00:38:00.000000,2025-12-12 00:38:59.999922,1,BAYxx_xxxx_20251212_003000_000.7z
2025-12-12 00:39:00,3267.514998,3.267514998,1342.143203,831.771388,1093.600407,768000,768000,1.000000000,1,2025-12-12 00:39:00.000000,2025-12-12 00:39:59.999922,1,BAYxx_xxxx_20251212_003000_000.7z
2025-12-12 00:40:00,3291.699823,3.291699823,1350.845716,847.020322,1093.833784,294480,768000,0.383437500,0,2025-12-12 00:40:00.000000,2025-12-12 00:40:59.999922,2,BAYxx_xxxx_20251212_003000_000.7z;BAYxx_xxxx_20251212_004037_000.7z
2025-12-12 00:41:00,4517.707458,4.517707458,1750.503311,1255.341466,1511.862681,768000,768000,1.000000000,1,2025-12-12 00:41:00.000000,2025-12-12 00:41:59.999922,1,BAYxx_xxxx_20251212_004037_000.7z
2025-12-12 00:42:00,16802.351279,16.802351279,5589.667783,5424.706749,5787.976747,768000,768000,1.000000000,1,2025-12-12 00:42:00.000000,2025-12-12 00:42:59.999922,1,BAYxx_xxxx_20251212_004037_000.7z
2025-12-12 00:43:00,27663.296159,27.663296159,9032.385854,9073.114944,9557.795361,768000,768000,1.000000000,1,2025-12-12 00:43:00.000000,2025-12-12 00:43:59.999922,1,BAYxx_xxxx_20251212_004037_000.7z
2025-12-12 00:44:00,28420.424497,28.420424497,9286.967945,9320.837719,9812.618833,768000,768000,1.000000000,1,2025-12-12 00:44:00.000000,2025-12-12 00:44:59.999922,1,BAYxx_xxxx_20251212_004037_000.7z
2025-12-12 00:45:00,29477.530066,29.477530066,9593.686787,9703.216645,10180.626633,768000,768000,1.000000000,1,2025-12-12 00:45:00.000000,2025-12-12 00:45:59.999922,1,BAYxx_xxxx_20251212_004037_000.7z
2025-12-12 00:46:00,23198.666358,23.198666358,7625.519142,7570.479516,8002.667701,768000,768000,1.000000000,1,2025-12-12 00:46:00.000000,2025-12-12 00:46:59.999922,1,BAYxx_xxxx_20251212_004037_000.7z
2025-12-12 00:47:00,3268.706165,3.268706165,1349.402334,828.941691,1090.362140,768000,768000,1.000000000,1,2025-12-12 00:47:00.000000,2025-12-12 00:47:59.999922,1,BAYxx_xxxx_20251212_004037_000.7z
2025-12-12 00:48:00,3264.238053,3.264238053,1347.304554,824.590506,1092.342993,768000,768000,1.000000000,1,2025-12-12 00:48:00.000000,2025-12-12 00:48:59.999922,1,BAYxx_xxxx_20251212_004037_000.7z
2025-12-12 00:49:00,3837.590180,3.837590180,1535.799996,1019.981172,1281.809013,768000,768000,1.000000000,1,2025-12-12 00:49:00.000000,2025-12-12 00:49:59.999922,1,BAYxx_xxxx_20251212_004037_000.7z
2025-12-12 00:50:00,4402.582128,4.402582128,1710.457911,1213.841127,1478.283089,652832,768000,0.850041667,0,2025-12-12 00:50:00.000000,2025-12-12 00:50:59.999922,2,BAYxx_xxxx_20251212_004037_000.7z;BAYxx_xxxx_20251212_005046_000.7z
2025-12-12 00:51:00,3262.085391,3.262085391,1342.815990,828.467522,1090.801879,768000,768000,1.000000000,1,2025-12-12 00:51:00.000000,2025-12-12 00:51:59.999922,1,BAYxx_xxxx_20251212_005046_000.7z
2025-12-12 00:52:00,3268.559215,3.268559215,1344.395779,838.182826,1085.980610,768000,768000,1.000000000,1,2025-12-12 00:52:00.000000,2025-12-12 00:52:59.999922,1,BAYxx_xxxx_20251212_005046_000.7z
2025-12-12 00:53:00,3275.279788,3.275279788,1348.452769,834.079346,1092.747673,768000,768000,1.000000000,1,2025-12-12 00:53:00.000000,2025-12-12 00:53:59.999922,1,BAYxx_xxxx_20251212_005046_000.7z
2025-12-12 00:54:00,3280.201144,3.280201144,1347.772046,830.767122,1101.661976,768000,768000,1.000000000,1,2025-12-12 00:54:00.000000,2025-12-12 00:54:59.999922,1,BAYxx_xxxx_20251212_005046_000.7z
2025-12-12 00:55:00,3280.885241,3.280885241,1355.321046,831.355602,1094.208593,768000,768000,1.000000000,1,2025-12-12 00:55:00.000000,2025-12-12 00:55:59.999922,1,BAYxx_xxxx_20251212_005046_000.7z
2025-12-12 00:56:00,3280.110951,3.280110951,1349.373541,834.374618,1096.362792,768000,768000,1.000000000,1,2025-12-12 00:56:00.000000,2025-12-12 00:56:59.999922,1,BAYxx_xxxx_20251212_005046_000.7z
2025-12-12 00:57:00,3756.519026,3.756519026,1508.259785,996.904669,1251.354572,768000,768000,1.000000000,1,2025-12-12 00:57:00.000000,2025-12-12 00:57:59.999922,1,BAYxx_xxxx_20251212_005046_000.7z
2025-12-12 00:58:00,6852.578955,6.852578955,2474.107514,2058.300434,2320.171007,768000,768000,1.000000000,1,2025-12-12 00:58:00.000000,2025-12-12 00:58:59.999922,1,BAYxx_xxxx_20251212_005046_000.7z
2025-12-12 00:59:00,27410.202699,27.410202699,8914.046268,9026.000835,9470.155596,768000,768000,1.000000000,1,2025-12-12 00:59:00.000000,2025-12-12 00:59:59.999922,1,BAYxx_xxxx_20251212_005046_000.7z
2025-12-12 01:00:00,27483.354567,27.483354567,8931.258227,9063.343062,9488.753278,588936,768000,0.766843750,0,2025-12-12 01:00:00.000000,2025-12-12 01:00:46.010547,1,BAYxx_xxxx_20251212_005046_000.7z
2025-12-12 01:01:00,28343.816831,28.343816831,9226.279530,9361.551014,9755.986286,435200,768000,0.566666667,0,2025-12-12 01:01:26.000000,2025-12-12 01:01:59.999922,1,BAYxx_xxxx_20251212_010126_000.7z
2025-12-12 01:02:00,29001.808972,29.001808972,9477.703473,9593.747764,9930.357735,768000,768000,1.000000000,1,2025-12-12 01:02:00.000000,2025-12-12 01:02:59.999922,1,BAYxx_xxxx_20251212_010126_000.7z
2025-12-12 01:03:00,29892.332223,29.892332223,9781.599979,9869.459680,10241.272564,768000,768000,1.000000000,1,2025-12-12 01:03:00.000000,2025-12-12 01:03:59.999922,1,BAYxx_xxxx_20251212_010126_000.7z
2025-12-12 01:04:00,6237.662052,6.237662052,2318.065676,1869.418228,2050.178149,768000,768000,1.000000000,1,2025-12-12 01:04:00.000000,2025-12-12 01:04:59.999922,1,BAYxx_xxxx_20251212_010126_000.7z
2025-12-12 01:05:00,3171.451265,3.171451265,1346.250396,835.171630,990.029239,768000,768000,1.000000000,1,2025-12-12 01:05:00.000000,2025-12-12 01:05:59.999922,1,BAYxx_xxxx_20251212_010126_000.7z
2025-12-12 01:06:00,3162.358395,3.162358395,1341.720917,828.131014,992.506464,768000,768000,1.000000000,1,2025-12-12 01:06:00.000000,2025-12-12 01:06:59.999922,1,BAYxx_xxxx_20251212_010126_000.7z
2025-12-12 01:07:00,4789.118298,4.789118298,1870.147561,1377.740168,1541.230569,768000,768000,1.000000000,1,2025-12-12 01:07:00.000000,2025-12-12 01:07:59.999922,1,BAYxx_xxxx_20251212_010126_000.7z
2025-12-12 01:08:00,23335.747859,23.335747859,7664.264621,7683.878339,7987.604899,768000,768000,1.000000000,1,2025-12-12 01:08:00.000000,2025-12-12 01:08:59.999922,1,BAYxx_xxxx_20251212_010126_000.7z
2025-12-12 01:09:00,29259.027453,29.259027453,9507.763525,9708.436096,10042.827832,768000,768000,1.000000000,1,2025-12-12 01:09:00.000000,2025-12-12 01:09:59.999922,1,BAYxx_xxxx_20251212_010126_000.7z
2025-12-12 01:10:00,17473.203268,17.473203268,5832.200019,5690.746783,5950.256466,768000,768000,1.000000000,1,2025-12-12 01:10:00.000000,2025-12-12 01:10:59.999922,1,BAYxx_xxxx_20251212_010126_000.7z
2025-12-12 01:11:00,3168.932817,3.168932817,1350.420279,820.901776,997.610762,473641,768000,0.616720052,0,2025-12-12 01:11:00.000000,2025-12-12 01:11:59.999922,2,BAYxx_xxxx_20251212_010126_000.7z;BAYxx_xxxx_20251212_011149_000.7z
2025-12-12 01:12:00,3173.698539,3.173698539,1346.027489,828.557294,999.113755,768000,768000,1.000000000,1,2025-12-12 01:12:00.000000,2025-12-12 01:12:59.999922,1,BAYxx_xxxx_20251212_011149_000.7z
2025-12-12 01:13:00,3170.090455,3.170090455,1341.208023,831.919729,996.962704,768000,768000,1.000000000,1,2025-12-12 01:13:00.000000,2025-12-12 01:13:59.999922,1,BAYxx_xxxx_20251212_011149_000.7z
2025-12-12 01:14:00,3185.442407,3.185442407,1342.412623,841.000859,1002.028924,768000,768000,1.000000000,1,2025-12-12 01:14:00.000000,2025-12-12 01:14:59.999922,1,BAYxx_xxxx_20251212_011149_000.7z
2025-12-12 01:15:00,3174.925141,3.174925141,1339.796854,831.427943,1003.700344,768000,768000,1.000000000,1,2025-12-12 01:15:00.000000,2025-12-12 01:15:59.999922,1,BAYxx_xxxx_20251212_011149_000.7z
2025-12-12 01:16:00,3196.813158,3.196813158,1347.870139,835.972875,1012.970145,768000,768000,1.000000000,1,2025-12-12 01:16:00.000000,2025-12-12 01:16:59.999922,1,BAYxx_xxxx_20251212_011149_000.7z
2025-12-12 01:17:00,3288.113775,3.288113775,1353.646493,839.448729,1095.018552,768000,768000,1.000000000,1,2025-12-12 01:17:00.000000,2025-12-12 01:17:59.999922,1,BAYxx_xxxx_20251212_011149_000.7z
2025-12-12 01:18:00,3284.480918,3.284480918,1353.746522,833.118685,1097.615711,768000,768000,1.000000000,1,2025-12-12 01:18:00.000000,2025-12-12 01:18:59.999922,1,BAYxx_xxxx_20251212_011149_000.7z
2025-12-12 01:19:00,3285.505820,3.285505820,1345.836616,834.400738,1105.268466,768000,768000,1.000000000,1,2025-12-12 01:19:00.000000,2025-12-12 01:19:59.999922,1,BAYxx_xxxx_20251212_011149_000.7z
2025-12-12 01:20:00,4706.064080,4.706064080,1807.662381,1320.121842,1578.279857,768000,768000,1.000000000,1,2025-12-12 01:20:00.000000,2025-12-12 01:20:59.999922,1,BAYxx_xxxx_20251212_011149_000.7z
2025-12-12 01:21:00,17568.958408,17.568958408,5794.374796,5719.109100,6055.474513,627214,768000,0.816684896,0,2025-12-12 01:21:00.000000,2025-12-12 01:21:49.001016,1,BAYxx_xxxx_20251212_011149_000.7z
2025-12-12 01:22:00,27430.062305,27.430062305,8875.804009,9064.080538,9490.177758,704000,768000,0.916666667,0,2025-12-12 01:22:05.000000,2025-12-12 01:22:59.999922,1,BAYxx_xxxx_20251212_012205_000.7z
2025-12-12 01:23:00,28627.998040,28.627998040,9287.319789,9438.882022,9901.796228,768000,768000,1.000000000,1,2025-12-12 01:23:00.000000,2025-12-12 01:23:59.999922,1,BAYxx_xxxx_20251212_012205_000.7z
2025-12-12 01:24:00,29375.954495,29.375954495,9553.620038,9663.413029,10158.921428,768000,768000,1.000000000,1,2025-12-12 01:24:00.000000,2025-12-12 01:24:59.999922,1,BAYxx_xxxx_20251212_012205_000.7z
2025-12-12 01:25:00,3510.475118,3.510475118,1432.123968,906.428876,1171.922275,768000,768000,1.000000000,1,2025-12-12 01:25:00.000000,2025-12-12 01:25:59.999922,1,BAYxx_xxxx_20251212_012205_000.7z
2025-12-12 01:26:00,3279.918836,3.279918836,1356.227009,832.793335,1090.898493,768000,768000,1.000000000,1,2025-12-12 01:26:00.000000,2025-12-12 01:26:59.999922,1,BAYxx_xxxx_20251212_012205_000.7z
2025-12-12 01:27:00,3594.472575,3.594472575,1453.611564,939.441104,1201.419908,768000,768000,1.000000000,1,2025-12-12 01:27:00.000000,2025-12-12 01:27:59.999922,1,BAYxx_xxxx_20251212_012205_000.7z
2025-12-12 01:28:00,5098.172243,5.098172243,1943.152792,1444.976239,1710.043211,768000,768000,1.000000000,1,2025-12-12 01:28:00.000000,2025-12-12 01:28:59.999922,1,BAYxx_xxxx_20251212_012205_000.7z
2025-12-12 01:29:00,28840.402981,28.840402981,9422.591163,9461.493141,9956.318678,768000,768000,1.000000000,1,2025-12-12 01:29:00.000000,2025-12-12 01:29:59.999922,1,BAYxx_xxxx_20251212_012205_000.7z
2025-12-12 01:30:00,29367.122131,29.367122131,9571.387844,9655.858272,10139.876015,768000,768000,1.000000000,1,2025-12-12 01:30:00.000000,2025-12-12 01:30:59.999922,1,BAYxx_xxxx_20251212_012205_000.7z
2025-12-12 01:31:00,3491.702480,3.491702480,1423.449389,903.121073,1165.132018,768000,768000,1.000000000,1,2025-12-12 01:31:00.000000,2025-12-12 01:31:59.999922,1,BAYxx_xxxx_20251212_012205_000.7z
2025-12-12 01:32:00,3277.793132,3.277793132,1354.098295,830.328590,1093.366247,140898,768000,0.183460938,0,2025-12-12 01:32:00.000000,2025-12-12 01:32:59.999922,2,BAYxx_xxxx_20251212_012205_000.7z;BAYxx_xxxx_20251212_013254_000.7z
2025-12-12 01:33:00,3258.675135,3.258675135,1351.284288,822.066497,1085.324350,768000,768000,1.000000000,1,2025-12-12 01:33:00.000000,2025-12-12 01:33:59.999922,1,BAYxx_xxxx_20251212_013254_000.7z
2025-12-12 01:34:00,3281.569845,3.281569845,1353.763791,835.826823,1091.979230,768000,768000,1.000000000,1,2025-12-12 01:34:00.000000,2025-12-12 01:34:59.999922,1,BAYxx_xxxx_20251212_013254_000.7z
2025-12-12 01:35:00,3276.182848,3.276182848,1359.992380,823.061613,1093.128855,768000,768000,1.000000000,1,2025-12-12 01:35:00.000000,2025-12-12 01:35:59.999922,1,BAYxx_xxxx_20251212_013254_000.7z
2025-12-12 01:36:00,3285.946324,3.285946324,1359.307147,825.097871,1101.541306,768000,768000,1.000000000,1,2025-12-12 01:36:00.000000,2025-12-12 01:36:59.999922,1,BAYxx_xxxx_20251212_013254_000.7z
2025-12-12 01:37:00,3278.285936,3.278285936,1352.212523,830.965292,1095.108121,768000,768000,1.000000000,1,2025-12-12 01:37:00.000000,2025-12-12 01:37:59.999922,1,BAYxx_xxxx_20251212_013254_000.7z
2025-12-12 01:38:00,3276.949881,3.276949881,1354.780745,829.233451,1092.935686,768000,768000,1.000000000,1,2025-12-12 01:38:00.000000,2025-12-12 01:38:59.999922,1,BAYxx_xxxx_20251212_013254_000.7z
2025-12-12 01:39:00,3282.739195,3.282739195,1357.441047,832.133169,1093.164980,768000,768000,1.000000000,1,2025-12-12 01:39:00.000000,2025-12-12 01:39:59.999922,1,BAYxx_xxxx_20251212_013254_000.7z
2025-12-12 01:40:00,3288.547588,3.288547588,1356.868759,835.954787,1095.724041,768000,768000,1.000000000,1,2025-12-12 01:40:00.000000,2025-12-12 01:40:59.999922,1,BAYxx_xxxx_20251212_013254_000.7z
2025-12-12 01:41:00,3292.426568,3.292426568,1357.987438,836.038227,1098.400903,768000,768000,1.000000000,1,2025-12-12 01:41:00.000000,2025-12-12 01:41:59.999922,1,BAYxx_xxxx_20251212_013254_000.7z
2025-12-12 01:42:00,4816.436482,4.816436482,1854.664778,1354.860834,1606.910869,691207,768000,0.900009115,0,2025-12-12 01:42:00.000000,2025-12-12 01:42:54.000469,1,BAYxx_xxxx_20251212_013254_000.7z
2025-12-12 01:43:00,15247.456760,15.247456760,5082.054316,4929.061034,5236.341409,537600,768000,0.700000000,0,2025-12-12 01:43:18.000000,2025-12-12 01:43:59.999922,1,BAYxx_xxxx_20251212_014318_000.7z
2025-12-12 01:44:00,27287.592634,27.287592634,8834.986659,9033.457117,9419.148858,768000,768000,1.000000000,1,2025-12-12 01:44:00.000000,2025-12-12 01:44:59.999922,1,BAYxx_xxxx_20251212_014318_000.7z
2025-12-12 01:45:00,28193.397424,28.193397424,9142.420535,9331.560097,9719.416792,768000,768000,1.000000000,1,2025-12-12 01:45:00.000000,2025-12-12 01:45:59.999922,1,BAYxx_xxxx_20251212_014318_000.7z
2025-12-12 01:46:00,29974.539874,29.974539874,9710.855484,9928.284026,10335.400363,768000,768000,1.000000000,1,2025-12-12 01:46:00.000000,2025-12-12 01:46:59.999922,1,BAYxx_xxxx_20251212_014318_000.7z
2025-12-12 01:47:00,12675.353695,12.675353695,4324.836696,4062.978576,4287.538422,768000,768000,1.000000000,1,2025-12-12 01:47:00.000000,2025-12-12 01:47:59.999922,1,BAYxx_xxxx_20251212_014318_000.7z
2025-12-12 01:48:00,3176.208167,3.176208167,1351.664379,835.344482,989.199306,768000,768000,1.000000000,1,2025-12-12 01:48:00.000000,2025-12-12 01:48:59.999922,1,BAYxx_xxxx_20251212_014318_000.7z
2025-12-12 01:49:00,3175.227253,3.175227253,1346.263883,834.183481,994.779889,768000,768000,1.000000000,1,2025-12-12 01:49:00.000000,2025-12-12 01:49:59.999922,1,BAYxx_xxxx_20251212_014318_000.7z
2025-12-12 01:50:00,3183.956674,3.183956674,1350.065272,834.719342,999.172060,768000,768000,1.000000000,1,2025-12-12 01:50:00.000000,2025-12-12 01:50:59.999922,1,BAYxx_xxxx_20251212_014318_000.7z
2025-12-12 01:51:00,3205.513179,3.205513179,1370.342209,833.197394,1001.973576,768000,768000,1.000000000,1,2025-12-12 01:51:00.000000,2025-12-12 01:51:59.999922,1,BAYxx_xxxx_20251212_014318_000.7z
2025-12-12 01:52:00,3222.505768,3.222505768,1367.911321,846.145302,1008.449145,768000,768000,1.000000000,1,2025-12-12 01:52:00.000000,2025-12-12 01:52:59.999922,1,BAYxx_xxxx_20251212_014318_000.7z
2025-12-12 01:53:00,3192.216739,3.192216739,1355.121364,842.735257,994.360117,576027,768000,0.750035156,0,2025-12-12 01:53:00.000000,2025-12-12 01:53:59.999922,2,BAYxx_xxxx_20251212_014318_000.7z;BAYxx_xxxx_20251212_015333_000.7z
2025-12-12 01:54:00,3189.196260,3.189196260,1358.939103,833.903257,996.353899,768000,768000,1.000000000,1,2025-12-12 01:54:00.000000,2025-12-12 01:54:59.999922,1,BAYxx_xxxx_20251212_015333_000.7z
2025-12-12 01:55:00,3175.374470,3.175374470,1339.218440,835.905671,1000.250359,768000,768000,1.000000000,1,2025-12-12 01:55:00.000000,2025-12-12 01:55:59.999922,1,BAYxx_xxxx_20251212_015333_000.7z
2025-12-12 01:56:00,3195.516561,3.195516561,1356.564801,842.461089,996.490671,768000,768000,1.000000000,1,2025-12-12 01:56:00.000000,2025-12-12 01:56:59.999922,1,BAYxx_xxxx_20251212_015333_000.7z
2025-12-12 01:57:00,3200.173878,3.200173878,1364.049094,839.866061,996.258723,768000,768000,1.000000000,1,2025-12-12 01:57:00.000000,2025-12-12 01:57:59.999922,1,BAYxx_xxxx_20251212_015333_000.7z
2025-12-12 01:58:00,3193.300217,3.193300217,1355.844252,841.005013,996.450952,768000,768000,1.000000000,1,2025-12-12 01:58:00.000000,2025-12-12 01:58:59.999922,1,BAYxx_xxxx_20251212_015333_000.7z
2025-12-12 01:59:00,3545.759558,3.545759558,1473.060779,959.391731,1113.307048,768000,768000,1.000000000,1,2025-12-12 01:59:00.000000,2025-12-12 01:59:59.999922,1,BAYxx_xxxx_20251212_015333_000.7z
2025-12-12 02:00:00,5216.556195,5.216556195,2001.795723,1535.922432,1678.838040,768000,768000,1.000000000,1,2025-12-12 02:00:00.000000,2025-12-12 02:00:59.999922,1,BAYxx_xxxx_20251212_015333_000.7z
2025-12-12 02:01:00,26856.031006,26.856031006,8770.248686,8883.475280,9202.307040,768000,768000,1.000000000,1,2025-12-12 02:01:00.000000,2025-12-12 02:01:59.999922,1,BAYxx_xxxx_20251212_015333_000.7z
2025-12-12 02:02:00,27777.606757,27.777606757,9036.555427,9167.938031,9573.113299,768000,768000,1.000000000,1,2025-12-12 02:02:00.000000,2025-12-12 02:02:59.999922,1,BAYxx_xxxx_20251212_015333_000.7z
2025-12-12 02:03:00,28973.719196,28.973719196,9408.812264,9567.801248,9997.105684,422508,768000,0.550140625,0,2025-12-12 02:03:00.000000,2025-12-12 02:03:33.008359,1,BAYxx_xxxx_20251212_015333_000.7z
2025-12-12 02:04:00,29815.474286,29.815474286,9685.158642,9854.878988,10275.436656,640000,768000,0.833333333,0,2025-12-12 02:04:10.000000,2025-12-12 02:04:59.999922,1,BAYxx_xxxx_20251212_020410_000.7z
2025-12-12 02:05:00,21476.938268,21.476938268,7068.566253,7015.485471,7392.886544,768000,768000,1.000000000,1,2025-12-12 02:05:00.000000,2025-12-12 02:05:59.999922,1,BAYxx_xxxx_20251212_020410_000.7z
2025-12-12 02:06:00,3275.641980,3.275641980,1356.333318,828.806526,1090.502136,768000,768000,1.000000000,1,2025-12-12 02:06:00.000000,2025-12-12 02:06:59.999922,1,BAYxx_xxxx_20251212_020410_000.7z
2025-12-12 02:07:00,3268.583401,3.268583401,1349.121838,830.515798,1088.945765,768000,768000,1.000000000,1,2025-12-12 02:07:00.000000,2025-12-12 02:07:59.999922,1,BAYxx_xxxx_20251212_020410_000.7z
2025-12-12 02:08:00,4120.910951,4.120910951,1626.003540,1123.282544,1371.624867,768000,768000,1.000000000,1,2025-12-12 02:08:00.000000,2025-12-12 02:08:59.999922,1,BAYxx_xxxx_20251212_020410_000.7z
2025-12-12 02:09:00,11185.378188,11.185378188,3849.006200,3521.428800,3814.943188,768000,768000,1.000000000,1,2025-12-12 02:09:00.000000,2025-12-12 02:09:59.999922,1,BAYxx_xxxx_20251212_020410_000.7z
2025-12-12 02:10:00,29193.822976,29.193822976,9510.521767,9624.002041,10059.299168,768000,768000,1.000000000,1,2025-12-12 02:10:00.000000,2025-12-12 02:10:59.999922,1,BAYxx_xxxx_20251212_020410_000.7z
2025-12-12 02:11:00,29655.196896,29.655196896,9650.909819,9795.009131,10209.277945,768000,768000,1.000000000,1,2025-12-12 02:11:00.000000,2025-12-12 02:11:59.999922,1,BAYxx_xxxx_20251212_020410_000.7z
2025-12-12 02:12:00,8484.135744,8.484135744,2994.284780,2599.555859,2890.295105,768000,768000,1.000000000,1,2025-12-12 02:12:00.000000,2025-12-12 02:12:59.999922,1,BAYxx_xxxx_20251212_020410_000.7z
2025-12-12 02:13:00,3272.881514,3.272881514,1358.822153,827.185996,1086.873365,768000,768000,1.000000000,1,2025-12-12 02:13:00.000000,2025-12-12 02:13:59.999922,1,BAYxx_xxxx_20251212_020410_000.7z
2025-12-12 02:14:00,3289.375506,3.289375506,1356.131786,837.178478,1096.065242,588872,768000,0.766760417,0,2025-12-12 02:14:00.000000,2025-12-12 02:14:59.999922,2,BAYxx_xxxx_20251212_020410_000.7z;BAYxx_xxxx_20251212_021424_000.7z
2025-12-12 02:15:00,3288.736011,3.288736011,1353.712604,835.106181,1099.917226,768000,768000,1.000000000,1,2025-12-12 02:15:00.000000,2025-12-12 02:15:59.999922,1,BAYxx_xxxx_20251212_021424_000.7z
2025-12-12 02:16:00,3291.444282,3.291444282,1358.955942,834.733010,1097.755330,768000,768000,1.000000000,1,2025-12-12 02:16:00.000000,2025-12-12 02:16:59.999922,1,BAYxx_xxxx_20251212_021424_000.7z
2025-12-12 02:17:00,3297.378685,3.297378685,1362.906609,833.185846,1101.286230,768000,768000,1.000000000,1,2025-12-12 02:17:00.000000,2025-12-12 02:17:59.999922,1,BAYxx_xxxx_20251212_021424_000.7z
2025-12-12 02:18:00,3296.447168,3.296447168,1364.740603,836.271803,1095.434761,768000,768000,1.000000000,1,2025-12-12 02:18:00.000000,2025-12-12 02:18:59.999922,1,BAYxx_xxxx_20251212_021424_000.7z
2025-12-12 02:19:00,3307.635122,3.307635122,1362.417988,837.131440,1108.085694,768000,768000,1.000000000,1,2025-12-12 02:19:00.000000,2025-12-12 02:19:59.999922,1,BAYxx_xxxx_20251212_021424_000.7z
2025-12-12 02:20:00,3286.478669,3.286478669,1358.013720,828.659047,1099.805903,768000,768000,1.000000000,1,2025-12-12 02:20:00.000000,2025-12-12 02:20:59.999922,1,BAYxx_xxxx_20251212_021424_000.7z
2025-12-12 02:21:00,4303.258331,4.303258331,1690.412425,1171.476435,1441.369471,768000,768000,1.000000000,1,2025-12-12 02:21:00.000000,2025-12-12 02:21:59.999922,1,BAYxx_xxxx_20251212_021424_000.7z
2025-12-12 02:22:00,13887.470206,13.887470206,4681.655530,4450.463094,4755.351582,768000,768000,1.000000000,1,2025-12-12 02:22:00.000000,2025-12-12 02:22:59.999922,1,BAYxx_xxxx_20251212_021424_000.7z
2025-12-12 02:23:00,27326.615814,27.326615814,8907.223790,8996.933763,9422.458261,768000,768000,1.000000000,1,2025-12-12 02:23:00.000000,2025-12-12 02:23:59.999922,1,BAYxx_xxxx_20251212_021424_000.7z
2025-12-12 02:24:00,28053.754132,28.053754132,9120.650444,9258.912120,9674.191568,563307,768000,0.733472656,0,2025-12-12 02:24:00.000000,2025-12-12 02:24:59.999922,2,BAYxx_xxxx_20251212_021424_000.7z;BAYxx_xxxx_20251212_022440_000.7z
2025-12-12 02:25:00,29899.939292,29.899939292,9695.078260,9889.676108,10315.184923,768000,768000,1.000000000,1,2025-12-12 02:25:00.000000,2025-12-12 02:25:59.999922,1,BAYxx_xxxx_20251212_022440_000.7z
2025-12-12 02:26:00,14891.917233,14.891917233,4999.084494,4780.407352,5112.425386,768000,768000,1.000000000,1,2025-12-12 02:26:00.000000,2025-12-12 02:26:59.999922,1,BAYxx_xxxx_20251212_022440_000.7z
2025-12-12 02:27:00,3302.505769,3.302505769,1361.928280,844.849883,1095.727606,768000,768000,1.000000000,1,2025-12-12 02:27:00.000000,2025-12-12 02:27:59.999922,1,BAYxx_xxxx_20251212_022440_000.7z
2025-12-12 02:28:00,3278.204606,3.278204606,1356.302557,832.598310,1089.303739,768000,768000,1.000000000,1,2025-12-12 02:28:00.000000,2025-12-12 02:28:59.999922,1,BAYxx_xxxx_20251212_022440_000.7z
2025-12-12 02:29:00,3303.793979,3.303793979,1363.511551,843.459855,1096.822574,768000,768000,1.000000000,1,2025-12-12 02:29:00.000000,2025-12-12 02:29:59.999922,1,BAYxx_xxxx_20251212_022440_000.7z
2025-12-12 02:30:00,3301.856792,3.301856792,1361.291023,848.321704,1092.244065,768000,768000,1.000000000,1,2025-12-12 02:30:00.000000,2025-12-12 02:30:59.999922,1,BAYxx_xxxx_20251212_022440_000.7z
2025-12-12 02:31:00,3264.962757,3.264962757,1353.046393,836.538290,1075.378075,768000,768000,1.000000000,1,2025-12-12 02:31:00.000000,2025-12-12 02:31:59.999922,1,BAYxx_xxxx_20251212_022440_000.7z
2025-12-12 02:32:00,3173.195767,3.173195767,1352.908454,830.314334,989.972979,768000,768000,1.000000000,1,2025-12-12 02:32:00.000000,2025-12-12 02:32:59.999922,1,BAYxx_xxxx_20251212_022440_000.7z
2025-12-12 02:33:00,3174.372043,3.174372043,1349.187337,827.894239,997.290467,768000,768000,1.000000000,1,2025-12-12 02:33:00.000000,2025-12-12 02:33:59.999922,1,BAYxx_xxxx_20251212_022440_000.7z
2025-12-12 02:34:00,3176.160028,3.176160028,1354.470761,828.720951,992.968317,512031,768000,0.666707031,0,2025-12-12 02:34:00.000000,2025-12-12 02:34:40.002344,1,BAYxx_xxxx_20251212_022440_000.7z
2025-12-12 02:35:00,3178.497073,3.178497073,1356.664909,826.607034,995.225131,320000,768000,0.416666667,0,2025-12-12 02:35:35.000000,2025-12-12 02:35:59.999922,1,BAYxx_xxxx_20251212_023535_000.7z
2025-12-12 02:36:00,3183.028826,3.183028826,1364.159955,829.100379,989.768493,768000,768000,1.000000000,1,2025-12-12 02:36:00.000000,2025-12-12 02:36:59.999922,1,BAYxx_xxxx_20251212_023535_000.7z
2025-12-12 02:37:00,3177.297614,3.177297614,1351.465699,829.229382,996.602534,768000,768000,1.000000000,1,2025-12-12 02:37:00.000000,2025-12-12 02:37:59.999922,1,BAYxx_xxxx_20251212_023535_000.7z
2025-12-12 02:38:00,3201.252295,3.201252295,1361.714174,837.498914,1002.039206,768000,768000,1.000000000,1,2025-12-12 02:38:00.000000,2025-12-12 02:38:59.999922,1,BAYxx_xxxx_20251212_023535_000.7z
2025-12-12 02:39:00,4310.728572,4.310728572,1714.090431,1220.085632,1376.552510,768000,768000,1.000000000,1,2025-12-12 02:39:00.000000,2025-12-12 02:39:59.999922,1,BAYxx_xxxx_20251212_023535_000.7z
2025-12-12 02:40:00,15845.336686,15.845336686,5300.825107,5163.011517,5381.500062,768000,768000,1.000000000,1,2025-12-12 02:40:00.000000,2025-12-12 02:40:59.999922,1,BAYxx_xxxx_20251212_023535_000.7z
2025-12-12 02:41:00,27263.776365,27.263776365,8907.400546,9015.175087,9341.200732,768000,768000,1.000000000,1,2025-12-12 02:41:00.000000,2025-12-12 02:41:59.999922,1,BAYxx_xxxx_20251212_023535_000.7z
2025-12-12 02:42:00,28651.246048,28.651246048,9314.163372,9496.451839,9840.630838,768000,768000,1.000000000,1,2025-12-12 02:42:00.000000,2025-12-12 02:42:59.999922,1,BAYxx_xxxx_20251212_023535_000.7z
2025-12-12 02:43:00,29766.734417,29.766734417,9683.537656,9863.171167,10220.025593,768000,768000,1.000000000,1,2025-12-12 02:43:00.000000,2025-12-12 02:43:59.999922,1,BAYxx_xxxx_20251212_023535_000.7z
2025-12-12 02:44:00,13409.258142,13.409258142,4573.271052,4297.162869,4538.824222,768000,768000,1.000000000,1,2025-12-12 02:44:00.000000,2025-12-12 02:44:59.999922,1,BAYxx_xxxx_20251212_023535_000.7z
2025-12-12 02:45:00,3189.362094,3.189362094,1358.845565,837.118755,993.397774,448036,768000,0.583380208,0,2025-12-12 02:45:00.000000,2025-12-12 02:45:35.002734,1,BAYxx_xxxx_20251212_023535_000.7z
2025-12-12 02:46:00,3175.670124,3.175670124,1342.847660,839.511573,993.310891,704000,768000,0.916666667,0,2025-12-12 02:46:05.000000,2025-12-12 02:46:59.999922,1,BAYxx_xxxx_20251212_024605_000.7z
2025-12-12 02:47:00,3761.087595,3.761087595,1524.695706,1023.553598,1212.838291,768000,768000,1.000000000,1,2025-12-12 02:47:00.000000,2025-12-12 02:47:59.999922,1,BAYxx_xxxx_20251212_024605_000.7z
2025-12-12 02:48:00,7122.430600,7.122430600,2564.578645,2148.841400,2409.010554,768000,768000,1.000000000,1,2025-12-12 02:48:00.000000,2025-12-12 02:48:59.999922,1,BAYxx_xxxx_20251212_024605_000.7z
2025-12-12 02:49:00,28947.992051,28.947992051,9429.873128,9529.233770,9988.885153,768000,768000,1.000000000,1,2025-12-12 02:49:00.000000,2025-12-12 02:49:59.999922,1,BAYxx_xxxx_20251212_024605_000.7z
2025-12-12 02:50:00,29479.533659,29.479533659,9589.909238,9720.465065,10169.159355,768000,768000,1.000000000,1,2025-12-12 02:50:00.000000,2025-12-12 02:50:59.999922,1,BAYxx_xxxx_20251212_024605_000.7z
2025-12-12 02:51:00,11073.036132,11.073036132,3808.752846,3479.086821,3785.196464,768000,768000,1.000000000,1,2025-12-12 02:51:00.000000,2025-12-12 02:51:59.999922,1,BAYxx_xxxx_20251212_024605_000.7z
2025-12-12 02:52:00,3266.499244,3.266499244,1350.818806,827.288539,1088.391899,768000,768000,1.000000000,1,2025-12-12 02:52:00.000000,2025-12-12 02:52:59.999922,1,BAYxx_xxxx_20251212_024605_000.7z
2025-12-12 02:53:00,3272.730488,3.272730488,1353.392512,828.507071,1090.830905,768000,768000,1.000000000,1,2025-12-12 02:53:00.000000,2025-12-12 02:53:59.999922,1,BAYxx_xxxx_20251212_024605_000.7z
2025-12-12 02:54:00,3284.890774,3.284890774,1363.490205,832.293430,1089.107139,768000,768000,1.000000000,1,2025-12-12 02:54:00.000000,2025-12-12 02:54:59.999922,1,BAYxx_xxxx_20251212_024605_000.7z
2025-12-12 02:55:00,3281.837574,3.281837574,1360.466232,836.615819,1084.755522,768000,768000,1.000000000,1,2025-12-12 02:55:00.000000,2025-12-12 02:55:59.999922,1,BAYxx_xxxx_20251212_024605_000.7z
