minute_start,active_power_w,active_power_kw,phase_a_power_w,phase_b_power_w,phase_c_power_w,sample_count,expected_samples,coverage_ratio,is_complete,first_sample_time,last_sample_time,source_archive_count,source_archives
2025-12-07 03:17:00,27114.818039,27.114818039,8878.944151,8902.337195,9333.536693,716849,768000,0.933397135,0,2025-12-07 03:17:00.000000,2025-12-07 03:17:59.999922,2,BAYxx_xxxx_20251207_030718_000.7z;BAYxx_xxxx_20251207_031722_000.7z
2025-12-07 03:18:00,28303.446545,28.303446545,9256.486016,9302.476527,9744.484003,768000,768000,1.000000000,1,2025-12-07 03:18:00.000000,2025-12-07 03:18:59.999922,1,BAYxx_xxxx_20251207_031722_000.7z
2025-12-07 03:19:00,29409.794571,29.409794571,9630.330585,9663.784390,10115.679597,768000,768000,1.000000000,1,2025-12-07 03:19:00.000000,2025-12-07 03:19:59.999922,1,BAYxx_xxxx_20251207_031722_000.7z
2025-12-07 03:20:00,17828.979370,17.828979370,5966.114163,5753.320805,6109.544402,768000,768000,1.000000000,1,2025-12-07 03:20:00.000000,2025-12-07 03:20:59.999922,1,BAYxx_xxxx_20251207_031722_000.7z
2025-12-07 03:21:00,3150.592520,3.150592520,1319.684737,797.912122,1032.995661,768000,768000,1.000000000,1,2025-12-07 03:21:00.000000,2025-12-07 03:21:59.999922,1,BAYxx_xxxx_20251207_031722_000.7z
2025-12-07 03:22:00,3156.569350,3.156569350,1314.180164,806.499182,1035.890004,768000,768000,1.000000000,1,2025-12-07 03:22:00.000000,2025-12-07 03:22:59.999922,1,BAYxx_xxxx_20251207_031722_000.7z
2025-12-07 03:23:00,3144.752762,3.144752762,1314.782035,799.124171,1030.846557,768000,768000,1.000000000,1,2025-12-07 03:23:00.000000,2025-12-07 03:23:59.999922,1,BAYxx_xxxx_20251207_031722_000.7z
2025-12-07 03:24:00,3148.955887,3.148955887,1314.944375,803.146690,1030.864822,768000,768000,1.000000000,1,2025-12-07 03:24:00.000000,2025-12-07 03:24:59.999922,1,BAYxx_xxxx_20251207_031722_000.7z
2025-12-07 03:25:00,3160.099155,3.160099155,1321.096477,803.521439,1035.481238,768000,768000,1.000000000,1,2025-12-07 03:25:00.000000,2025-12-07 03:25:59.999922,1,BAYxx_xxxx_20251207_031722_000.7z
2025-12-07 03:26:00,3159.443186,3.159443186,1318.642111,801.039907,1039.761168,768000,768000,1.000000000,1,2025-12-07 03:26:00.000000,2025-12-07 03:26:59.999922,1,BAYxx_xxxx_20251207_031722_000.7z
2025-12-07 03:27:00,3172.342476,3.172342476,1314.566012,813.531347,1044.245117,716818,768000,0.933356771,0,2025-12-07 03:27:00.000000,2025-12-07 03:27:59.999922,2,BAYxx_xxxx_20251207_031722_000.7z;BAYxx_xxxx_20251207_032726_000.7z
2025-12-07 03:28:00,3175.398712,3.175398712,1322.318835,816.777282,1036.302595,768000,768000,1.000000000,1,2025-12-07 03:28:00.000000,2025-12-07 03:28:59.999922,1,BAYxx_xxxx_20251207_032726_000.7z
2025-12-07 03:29:00,3173.047799,3.173047799,1319.446604,814.063553,1039.537642,768000,768000,1.000000000,1,2025-12-07 03:29:00.000000,2025-12-07 03:29:59.999922,1,BAYxx_xxxx_20251207_032726_000.7z
2025-12-07 03:30:00,3166.443488,3.166443488,1321.850301,809.174843,1035.418345,768000,768000,1.000000000,1,2025-12-07 03:30:00.000000,2025-12-07 03:30:59.999922,1,BAYxx_xxxx_20251207_032726_000.7z
2025-12-07 03:31:00,3160.111364,3.160111364,1316.575870,807.852791,1035.682703,768000,768000,1.000000000,1,2025-12-07 03:31:00.000000,2025-12-07 03:31:59.999922,1,BAYxx_xxxx_20251207_032726_000.7z
2025-12-07 03:32:00,3159.612388,3.159612388,1310.653720,808.189373,1040.769295,768000,768000,1.000000000,1,2025-12-07 03:32:00.000000,2025-12-07 03:32:59.999922,1,BAYxx_xxxx_20251207_032726_000.7z
2025-12-07 03:33:00,3159.179226,3.159179226,1308.027395,808.027547,1043.124284,768000,768000,1.000000000,1,2025-12-07 03:33:00.000000,2025-12-07 03:33:59.999922,1,BAYxx_xxxx_20251207_032726_000.7z
2025-12-07 03:34:00,3155.346492,3.155346492,1316.050124,804.990759,1034.305610,768000,768000,1.000000000,1,2025-12-07 03:34:00.000000,2025-12-07 03:34:59.999922,1,BAYxx_xxxx_20251207_032726_000.7z
2025-12-07 03:35:00,4624.756479,4.624756479,1794.606786,1302.138289,1528.011405,768000,768000,1.000000000,1,2025-12-07 03:35:00.000000,2025-12-07 03:35:59.999922,1,BAYxx_xxxx_20251207_032726_000.7z
2025-12-07 03:36:00,18718.667756,18.718667756,6230.108517,6070.786809,6417.772430,768000,768000,1.000000000,1,2025-12-07 03:36:00.000000,2025-12-07 03:36:59.999922,1,BAYxx_xxxx_20251207_032726_000.7z
2025-12-07 03:37:00,26761.095652,26.761095652,8800.056905,8768.125962,9192.912784,729696,768000,0.950125000,0,2025-12-07 03:37:00.000000,2025-12-07 03:37:59.999922,2,BAYxx_xxxx_20251207_032726_000.7z;BAYxx_xxxx_20251207_033729_000.7z
2025-12-07 03:38:00,27406.263511,27.406263511,8976.370613,9001.688552,9428.204346,768000,768000,1.000000000,1,2025-12-07 03:38:00.000000,2025-12-07 03:38:59.999922,1,BAYxx_xxxx_20251207_033729_000.7z
2025-12-07 03:39:00,28515.246535,28.515246535,9343.108937,9365.475475,9806.662123,768000,768000,1.000000000,1,2025-12-07 03:39:00.000000,2025-12-07 03:39:59.999922,1,BAYxx_xxxx_20251207_033729_000.7z
2025-12-07 03:40:00,29525.653122,29.525653122,9670.348775,9690.078842,10165.225505,768000,768000,1.000000000,1,2025-12-07 03:40:00.000000,2025-12-07 03:40:59.999922,1,BAYxx_xxxx_20251207_033729_000.7z
2025-12-07 03:41:00,18574.741703,18.574741703,6208.536689,6000.619371,6365.585643,768000,768000,1.000000000,1,2025-12-07 03:41:00.000000,2025-12-07 03:41:59.999922,1,BAYxx_xxxx_20251207_033729_000.7z
2025-12-07 03:42:00,3145.769669,3.145769669,1317.584734,798.002859,1030.182077,768000,768000,1.000000000,1,2025-12-07 03:42:00.000000,2025-12-07 03:42:59.999922,1,BAYxx_xxxx_20251207_033729_000.7z
2025-12-07 03:43:00,3173.281958,3.173281958,1324.589929,807.203457,1041.488572,768000,768000,1.000000000,1,2025-12-07 03:43:00.000000,2025-12-07 03:43:59.999922,1,BAYxx_xxxx_20251207_033729_000.7z
2025-12-07 03:44:00,3087.871626,3.087871626,1312.172340,809.797368,965.901918,768000,768000,1.000000000,1,2025-12-07 03:44:00.000000,2025-12-07 03:44:59.999922,1,BAYxx_xxxx_20251207_033729_000.7z
2025-12-07 03:45:00,3083.600980,3.083600980,1314.975084,822.597935,946.027960,768000,768000,1.000000000,1,2025-12-07 03:45:00.000000,2025-12-07 03:45:59.999922,1,BAYxx_xxxx_20251207_033729_000.7z
2025-12-07 03:46:00,3066.235401,3.066235401,1310.055914,815.256746,940.922741,768000,768000,1.000000000,1,2025-12-07 03:46:00.000000,2025-12-07 03:46:59.999922,1,BAYxx_xxxx_20251207_033729_000.7z
2025-12-07 03:47:00,3072.252533,3.072252533,1311.651319,813.169373,947.431842,729606,768000,0.950007812,0,2025-12-07 03:47:00.000000,2025-12-07 03:47:59.999922,2,BAYxx_xxxx_20251207_033729_000.7z;BAYxx_xxxx_20251207_034732_000.7z
2025-12-07 03:48:00,3048.972498,3.048972498,1310.903904,804.729410,933.339184,768000,768000,1.000000000,1,2025-12-07 03:48:00.000000,2025-12-07 03:48:59.999922,1,BAYxx_xxxx_20251207_034732_000.7z
2025-12-07 03:49:00,3088.842353,3.088842353,1317.583079,819.935535,951.323738,768000,768000,1.000000000,1,2025-12-07 03:49:00.000000,2025-12-07 03:49:59.999922,1,BAYxx_xxxx_20251207_034732_000.7z
2025-12-07 03:50:00,3059.977039,3.059977039,1311.234198,808.463776,940.279064,768000,768000,1.000000000,1,2025-12-07 03:50:00.000000,2025-12-07 03:50:59.999922,1,BAYxx_xxxx_20251207_034732_000.7z
2025-12-07 03:51:00,3052.078689,3.052078689,1302.527570,809.199908,940.351210,768000,768000,1.000000000,1,2025-12-07 03:51:00.000000,2025-12-07 03:51:59.999922,1,BAYxx_xxxx_20251207_034732_000.7z
2025-12-07 03:52:00,3076.617723,3.076617723,1316.049936,817.392599,943.175188,768000,768000,1.000000000,1,2025-12-07 03:52:00.000000,2025-12-07 03:52:59.999922,1,BAYxx_xxxx_20251207_034732_000.7z
2025-12-07 03:53:00,3454.550013,3.454550013,1440.876326,941.440156,1072.233531,768000,768000,1.000000000,1,2025-12-07 03:53:00.000000,2025-12-07 03:53:59.999922,1,BAYxx_xxxx_20251207_034732_000.7z
2025-12-07 03:54:00,4826.379420,4.826379420,1871.701443,1416.071138,1538.606839,768000,768000,1.000000000,1,2025-12-07 03:54:00.000000,2025-12-07 03:54:59.999922,1,BAYxx_xxxx_20251207_034732_000.7z
2025-12-07 03:55:00,25036.592621,25.036592621,8233.331223,8247.558313,8555.703085,768000,768000,1.000000000,1,2025-12-07 03:55:00.000000,2025-12-07 03:55:59.999922,1,BAYxx_xxxx_20251207_034732_000.7z
2025-12-07 03:56:00,26679.360877,26.679360877,8768.206682,8793.464187,9117.690008,768000,768000,1.000000000,1,2025-12-07 03:56:00.000000,2025-12-07 03:56:59.999922,1,BAYxx_xxxx_20251207_034732_000.7z
2025-12-07 03:57:00,27309.711341,27.309711341,8976.529302,9002.414431,9330.767608,716805,768000,0.933339844,0,2025-12-07 03:57:00.000000,2025-12-07 03:57:59.999922,2,BAYxx_xxxx_20251207_034732_000.7z;BAYxx_xxxx_20251207_035736_000.7z
2025-12-07 03:58:00,28592.778892,28.592778892,9407.989809,9412.577027,9772.212056,768000,768000,1.000000000,1,2025-12-07 03:58:00.000000,2025-12-07 03:58:59.999922,1,BAYxx_xxxx_20251207_035736_000.7z
2025-12-07 03:59:00,29392.309701,29.392309701,9647.584269,9659.083868,10085.641564,768000,768000,1.000000000,1,2025-12-07 03:59:00.000000,2025-12-07 03:59:59.999922,1,BAYxx_xxxx_20251207_035736_000.7z
2025-12-07 04:00:00,14355.476512,14.355476512,4875.893570,4572.757756,4906.825186,768000,768000,1.000000000,1,2025-12-07 04:00:00.000000,2025-12-07 04:00:59.999922,1,BAYxx_xxxx_20251207_035736_000.7z
2025-12-07 04:01:00,3162.053733,3.162053733,1331.732211,797.604257,1032.717265,768000,768000,1.000000000,1,2025-12-07 04:01:00.000000,2025-12-07 04:01:59.999922,1,BAYxx_xxxx_20251207_035736_000.7z
2025-12-07 04:02:00,3168.214096,3.168214096,1321.110888,808.539994,1038.563214,768000,768000,1.000000000,1,2025-12-07 04:02:00.000000,2025-12-07 04:02:59.999922,1,BAYxx_xxxx_20251207_035736_000.7z
2025-12-07 04:03:00,3164.726511,3.164726511,1319.768630,801.554294,1043.403587,768000,768000,1.000000000,1,2025-12-07 04:03:00.000000,2025-12-07 04:03:59.999922,1,BAYxx_xxxx_20251207_035736_000.7z
2025-12-07 04:04:00,3156.957743,3.156957743,1315.399970,811.091878,1030.465895,768000,768000,1.000000000,1,2025-12-07 04:04:00.000000,2025-12-07 04:04:59.999922,1,BAYxx_xxxx_20251207_035736_000.7z
2025-12-07 04:05:00,3155.356147,3.155356147,1315.420271,805.531235,1034.404640,768000,768000,1.000000000,1,2025-12-07 04:05:00.000000,2025-12-07 04:05:59.999922,1,BAYxx_xxxx_20251207_035736_000.7z
2025-12-07 04:06:00,3175.134401,3.175134401,1321.860175,814.413331,1038.860895,768000,768000,1.000000000,1,2025-12-07 04:06:00.000000,2025-12-07 04:06:59.999922,1,BAYxx_xxxx_20251207_035736_000.7z
2025-12-07 04:07:00,3192.793138,3.192793138,1326.359342,820.549189,1045.884608,704125,768000,0.916829427,0,2025-12-07 04:07:00.000000,2025-12-07 04:07:59.999922,2,BAYxx_xxxx_20251207_035736_000.7z;BAYxx_xxxx_20251207_040741_000.7z
2025-12-07 04:08:00,3157.371214,3.157371214,1308.772436,811.207191,1037.391587,768000,768000,1.000000000,1,2025-12-07 04:08:00.000000,2025-12-07 04:08:59.999922,1,BAYxx_xxxx_20251207_040741_000.7z
2025-12-07 04:09:00,3190.979079,3.190979079,1323.582431,824.154355,1043.242293,768000,768000,1.000000000,1,2025-12-07 04:09:00.000000,2025-12-07 04:09:59.999922,1,BAYxx_xxxx_20251207_040741_000.7z
2025-12-07 04:10:00,3138.193416,3.138193416,1308.395920,803.639650,1026.157846,768000,768000,1.000000000,1,2025-12-07 04:10:00.000000,2025-12-07 04:10:59.999922,1,BAYxx_xxxx_20251207_040741_000.7z
2025-12-07 04:11:00,3146.495468,3.146495468,1308.260217,805.658404,1032.576848,768000,768000,1.000000000,1,2025-12-07 04:11:00.000000,2025-12-07 04:11:59.999922,1,BAYxx_xxxx_20251207_040741_000.7z
2025-12-07 04:12:00,3997.169895,3.997169895,1589.822363,1089.018592,1318.328940,768000,768000,1.000000000,1,2025-12-07 04:12:00.000000,2025-12-07 04:12:59.999922,1,BAYxx_xxxx_20251207_040741_000.7z
2025-12-07 04:13:00,9790.652580,9.790652580,3412.896655,3059.312819,3318.443106,768000,768000,1.000000000,1,2025-12-07 04:13:00.000000,2025-12-07 04:13:59.999922,1,BAYxx_xxxx_20251207_040741_000.7z
2025-12-07 04:14:00,26134.089514,26.134089514,8571.937086,8569.001703,8993.150725,768000,768000,1.000000000,1,2025-12-07 04:14:00.000000,2025-12-07 04:14:59.999922,1,BAYxx_xxxx_20251207_040741_000.7z
2025-12-07 04:15:00,26587.289984,26.587289984,8717.730650,8727.231910,9142.327424,768000,768000,1.000000000,1,2025-12-07 04:15:00.000000,2025-12-07 04:15:59.999922,1,BAYxx_xxxx_20251207_040741_000.7z
2025-12-07 04:16:00,27482.708596,27.482708596,9018.824118,9032.288842,9431.595635,768000,768000,1.000000000,1,2025-12-07 04:16:00.000000,2025-12-07 04:16:59.999922,1,BAYxx_xxxx_20251207_040741_000.7z
2025-12-07 04:17:00,29076.660625,29.076660625,9537.061353,9568.767596,9970.831676,729696,768000,0.950125000,0,2025-12-07 04:17:00.000000,2025-12-07 04:17:59.999922,2,BAYxx_xxxx_20251207_040741_000.7z;BAYxx_xxxx_20251207_041744_000.7z
2025-12-07 04:18:00,13129.428535,13.129428535,4489.766821,4174.569766,4465.091948,768000,768000,1.000000000,1,2025-12-07 04:18:00.000000,2025-12-07 04:18:59.999922,1,BAYxx_xxxx_20251207_041744_000.7z
2025-12-07 04:19:00,3135.550637,3.135550637,1312.096591,798.086689,1025.367357,768000,768000,1.000000000,1,2025-12-07 04:19:00.000000,2025-12-07 04:19:59.999922,1,BAYxx_xxxx_20251207_041744_000.7z
2025-12-07 04:20:00,3157.832567,3.157832567,1316.823401,810.297378,1030.711788,768000,768000,1.000000000,1,2025-12-07 04:20:00.000000,2025-12-07 04:20:59.999922,1,BAYxx_xxxx_20251207_041744_000.7z
2025-12-07 04:21:00,3178.893346,3.178893346,1328.320180,814.920654,1035.652511,768000,768000,1.000000000,1,2025-12-07 04:21:00.000000,2025-12-07 04:21:59.999922,1,BAYxx_xxxx_20251207_041744_000.7z
2025-12-07 04:22:00,3172.322226,3.172322226,1326.467892,808.872304,1036.982031,768000,768000,1.000000000,1,2025-12-07 04:22:00.000000,2025-12-07 04:22:59.999922,1,BAYxx_xxxx_20251207_041744_000.7z
2025-12-07 04:23:00,3156.588215,3.156588215,1320.181746,805.889757,1030.516712,768000,768000,1.000000000,1,2025-12-07 04:23:00.000000,2025-12-07 04:23:59.999922,1,BAYxx_xxxx_20251207_041744_000.7z
2025-12-07 04:24:00,3180.350229,3.180350229,1326.199941,815.335462,1038.814826,768000,768000,1.000000000,1,2025-12-07 04:24:00.000000,2025-12-07 04:24:59.999922,1,BAYxx_xxxx_20251207_041744_000.7z
2025-12-07 04:25:00,3183.101167,3.183101167,1321.145390,821.015687,1040.940090,768000,768000,1.000000000,1,2025-12-07 04:25:00.000000,2025-12-07 04:25:59.999922,1,BAYxx_xxxx_20251207_041744_000.7z
2025-12-07 04:26:00,3161.130432,3.161130432,1322.085951,807.619411,1031.425071,768000,768000,1.000000000,1,2025-12-07 04:26:00.000000,2025-12-07 04:26:59.999922,1,BAYxx_xxxx_20251207_041744_000.7z
2025-12-07 04:27:00,3152.624802,3.152624802,1319.907571,799.760489,1032.956743,716856,768000,0.933406250,0,2025-12-07 04:27:00.000000,2025-12-07 04:27:59.999922,2,BAYxx_xxxx_20251207_041744_000.7z;BAYxx_xxxx_20251207_042748_000.7z
2025-12-07 04:28:00,3163.417011,3.163417011,1315.615383,811.937843,1035.863785,768000,768000,1.000000000,1,2025-12-07 04:28:00.000000,2025-12-07 04:28:59.999922,1,BAYxx_xxxx_20251207_042748_000.7z
2025-12-07 04:29:00,3933.039621,3.933039621,1579.326882,1081.592578,1272.120162,768000,768000,1.000000000,1,2025-12-07 04:29:00.000000,2025-12-07 04:29:59.999922,1,BAYxx_xxxx_20251207_042748_000.7z
2025-12-07 04:30:00,9549.593560,9.549593560,3379.004502,3010.915634,3159.673424,768000,768000,1.000000000,1,2025-12-07 04:30:00.000000,2025-12-07 04:30:59.999922,1,BAYxx_xxxx_20251207_042748_000.7z
2025-12-07 04:31:00,26022.519295,26.022519295,8586.468951,8562.779840,8873.270505,768000,768000,1.000000000,1,2025-12-07 04:31:00.000000,2025-12-07 04:31:59.999922,1,BAYxx_xxxx_20251207_042748_000.7z
2025-12-07 04:32:00,26592.104447,26.592104447,8780.128001,8747.954770,9064.021676,768000,768000,1.000000000,1,2025-12-07 04:32:00.000000,2025-12-07 04:32:59.999922,1,BAYxx_xxxx_20251207_042748_000.7z
2025-12-07 04:33:00,27478.973878,27.478973878,9080.832279,9033.031583,9365.110017,768000,768000,1.000000000,1,2025-12-07 04:33:00.000000,2025-12-07 04:33:59.999922,1,BAYxx_xxxx_20251207_042748_000.7z
2025-12-07 04:34:00,29156.905362,29.156905362,9617.247392,9597.794171,9941.863798,768000,768000,1.000000000,1,2025-12-07 04:34:00.000000,2025-12-07 04:34:59.999922,1,BAYxx_xxxx_20251207_042748_000.7z
2025-12-07 04:35:00,26069.321751,26.069321751,8628.260393,8566.994247,8874.067111,768000,768000,1.000000000,1,2025-12-07 04:35:00.000000,2025-12-07 04:35:59.999922,1,BAYxx_xxxx_20251207_042748_000.7z
2025-12-07 04:36:00,3090.826141,3.090826141,1331.416321,816.186670,943.223151,768000,768000,1.000000000,1,2025-12-07 04:36:00.000000,2025-12-07 04:36:59.999922,1,BAYxx_xxxx_20251207_042748_000.7z
2025-12-07 04:37:00,3087.884162,3.087884162,1326.396789,816.591901,944.895472,691249,768000,0.900063802,0,2025-12-07 04:37:00.000000,2025-12-07 04:37:59.999922,2,BAYxx_xxxx_20251207_042748_000.7z;BAYxx_xxxx_20251207_043754_000.7z
2025-12-07 04:38:00,3231.207226,3.231207226,1376.185129,862.057590,992.964507,768000,768000,1.000000000,1,2025-12-07 04:38:00.000000,2025-12-07 04:38:59.999922,1,BAYxx_xxxx_20251207_043754_000.7z
2025-12-07 04:39:00,4542.619736,4.542619736,1805.851991,1302.846693,1433.921052,768000,768000,1.000000000,1,2025-12-07 04:39:00.000000,2025-12-07 04:39:59.999922,1,BAYxx_xxxx_20251207_043754_000.7z
2025-12-07 04:40:00,3064.775282,3.064775282,1322.308431,805.805067,936.661784,768000,768000,1.000000000,1,2025-12-07 04:40:00.000000,2025-12-07 04:40:59.999922,1,BAYxx_xxxx_20251207_043754_000.7z
2025-12-07 04:41:00,3076.386218,3.076386218,1328.906655,801.422096,946.057467,768000,768000,1.000000000,1,2025-12-07 04:41:00.000000,2025-12-07 04:41:59.999922,1,BAYxx_xxxx_20251207_043754_000.7z
2025-12-07 04:42:00,3066.155293,3.066155293,1319.686434,807.890833,938.578026,768000,768000,1.000000000,1,2025-12-07 04:42:00.000000,2025-12-07 04:42:59.999922,1,BAYxx_xxxx_20251207_043754_000.7z
2025-12-07 04:43:00,3070.378962,3.070378962,1321.008524,803.832011,945.538426,768000,768000,1.000000000,1,2025-12-07 04:43:00.000000,2025-12-07 04:43:59.999922,1,BAYxx_xxxx_20251207_043754_000.7z
2025-12-07 04:44:00,3109.600176,3.109600176,1330.748950,808.783831,970.067394,768000,768000,1.000000000,1,2025-12-07 04:44:00.000000,2025-12-07 04:44:59.999922,1,BAYxx_xxxx_20251207_043754_000.7z
2025-12-07 04:45:00,3163.247452,3.163247452,1317.759225,803.473193,1042.015035,768000,768000,1.000000000,1,2025-12-07 04:45:00.000000,2025-12-07 04:45:59.999922,1,BAYxx_xxxx_20251207_043754_000.7z
2025-12-07 04:46:00,3187.270924,3.187270924,1328.192969,813.106795,1045.971159,768000,768000,1.000000000,1,2025-12-07 04:46:00.000000,2025-12-07 04:46:59.999922,1,BAYxx_xxxx_20251207_043754_000.7z
2025-12-07 04:47:00,3164.088186,3.164088186,1319.203532,805.813338,1039.071315,716940,768000,0.933515625,0,2025-12-07 04:47:00.000000,2025-12-07 04:47:59.999922,2,BAYxx_xxxx_20251207_043754_000.7z;BAYxx_xxxx_20251207_044758_000.7z
2025-12-07 04:48:00,4401.231578,4.401231578,1729.987908,1217.838391,1453.405279,768000,768000,1.000000000,1,2025-12-07 04:48:00.000000,2025-12-07 04:48:59.999922,1,BAYxx_xxxx_20251207_044758_000.7z
2025-12-07 04:49:00,14858.381561,14.858381561,5010.765588,4750.095337,5097.520636,768000,768000,1.000000000,1,2025-12-07 04:49:00.000000,2025-12-07 04:49:59.999922,1,BAYxx_xxxx_20251207_044758_000.7z
2025-12-07 04:50:00,26358.363496,26.358363496,8625.813224,8627.082124,9105.468148,768000,768000,1.000000000,1,2025-12-07 04:50:00.000000,2025-12-07 04:50:59.999922,1,BAYxx_xxxx_20251207_044758_000.7z
2025-12-07 04:51:00,27267.152553,27.267152553,8917.505448,8949.441123,9400.205982,768000,768000,1.000000000,1,2025-12-07 04:51:00.000000,2025-12-07 04:51:59.999922,1,BAYxx_xxxx_20251207_044758_000.7z
2025-12-07 04:52:00,28360.375513,28.360375513,9260.792149,9312.747203,9786.836160,768000,768000,1.000000000,1,2025-12-07 04:52:00.000000,2025-12-07 04:52:59.999922,1,BAYxx_xxxx_20251207_044758_000.7z
2025-12-07 04:53:00,24606.795152,24.606795152,8124.439100,8014.663632,8467.692421,768000,768000,1.000000000,1,2025-12-07 04:53:00.000000,2025-12-07 04:53:59.999922,1,BAYxx_xxxx_20251207_044758_000.7z
2025-12-07 04:54:00,3164.400856,3.164400856,1322.459395,809.619873,1032.321588,768000,768000,1.000000000,1,2025-12-07 04:54:00.000000,2025-12-07 04:54:59.999922,1,BAYxx_xxxx_20251207_044758_000.7z
2025-12-07 04:55:00,3162.561904,3.162561904,1314.478311,809.087871,1038.995721,768000,768000,1.000000000,1,2025-12-07 04:55:00.000000,2025-12-07 04:55:59.999922,1,BAYxx_xxxx_20251207_044758_000.7z
2025-12-07 04:56:00,3543.020283,3.543020283,1436.630794,941.167824,1165.221665,768000,768000,1.000000000,1,2025-12-07 04:56:00.000000,2025-12-07 04:56:59.999922,1,BAYxx_xxxx_20251207_044758_000.7z
2025-12-07 04:57:00,4806.015036,4.806015036,1857.355886,1361.151782,1587.507369,742491,768000,0.966785156,0,2025-12-07 04:57:00.000000,2025-12-07 04:57:58.007031,1,BAYxx_xxxx_20251207_044758_000.7z
2025-12-07 04:58:00,26804.469996,26.804469996,8744.805824,8808.738775,9250.925397,755200,768000,0.983333333,0,2025-12-07 04:58:01.000000,2025-12-07 04:58:59.999922,1,BAYxx_xxxx_20251207_045801_000.7z
2025-12-07 04:59:00,28803.746495,28.803746495,9377.390647,9474.965954,9951.389893,768000,768000,1.000000000,1,2025-12-07 04:59:00.000000,2025-12-07 04:59:59.999922,1,BAYxx_xxxx_20251207_045801_000.7z
2025-12-07 05:00:00,29234.849681,29.234849681,9544.795901,9596.868879,10093.184901,768000,768000,1.000000000,1,2025-12-07 05:00:00.000000,2025-12-07 05:00:59.999922,1,BAYxx_xxxx_20251207_045801_000.7z
2025-12-07 05:01:00,3473.486608,3.473486608,1422.152769,911.138916,1140.194922,768000,768000,1.000000000,1,2025-12-07 05:01:00.000000,2025-12-07 05:01:59.999922,1,BAYxx_xxxx_20251207_045801_000.7z
2025-12-07 05:02:00,3173.527948,3.173527948,1321.908836,810.463813,1041.155299,768000,768000,1.000000000,1,2025-12-07 05:02:00.000000,2025-12-07 05:02:59.999922,1,BAYxx_xxxx_20251207_045801_000.7z
2025-12-07 05:03:00,3159.205306,3.159205306,1316.997918,806.099799,1036.107590,768000,768000,1.000000000,1,2025-12-07 05:03:00.000000,2025-12-07 05:03:59.999922,1,BAYxx_xxxx_20251207_045801_000.7z
2025-12-07 05:04:00,3136.874967,3.136874967,1318.732876,792.180807,1025.961284,768000,768000,1.000000000,1,2025-12-07 05:04:00.000000,2025-12-07 05:04:59.999922,1,BAYxx_xxxx_20251207_045801_000.7z
2025-12-07 05:05:00,3156.826637,3.156826637,1323.388005,804.051183,1029.387449,768000,768000,1.000000000,1,2025-12-07 05:05:00.000000,2025-12-07 05:05:59.999922,1,BAYxx_xxxx_20251207_045801_000.7z
2025-12-07 05:06:00,3135.765824,3.135765824,1300.718358,808.838543,1026.208924,768000,768000,1.000000000,1,2025-12-07 05:06:00.000000,2025-12-07 05:06:59.999922,1,BAYxx_xxxx_20251207_045801_000.7z
2025-12-07 05:07:00,3158.918986,3.158918986,1311.224936,812.868715,1034.825334,768000,768000,1.000000000,1,2025-12-07 05:07:00.000000,2025-12-07 05:07:59.999922,1,BAYxx_xxxx_20251207_045801_000.7z
2025-12-07 05:08:00,3172.529422,3.172529422,1313.354136,817.976057,1041.199228,716801,768000,0.933334635,0,2025-12-07 05:08:00.000000,2025-12-07 05:08:59.999922,2,BAYxx_xxxx_20251207_045801_000.7z;BAYxx_xxxx_20251207_050805_000.7z
2025-12-07 05:09:00,3157.165221,3.157165221,1312.226679,812.103839,1032.834704,768000,768000,1.000000000,1,2025-12-07 05:09:00.000000,2025-12-07 05:09:59.999922,1,BAYxx_xxxx_20251207_050805_000.7z
2025-12-07 05:10:00,3169.800815,3.169800815,1317.439519,814.151070,1038.210226,768000,768000,1.000000000,1,2025-12-07 05:10:00.000000,2025-12-07 05:10:59.999922,1,BAYxx_xxxx_20251207_050805_000.7z
2025-12-07 05:11:00,3165.575926,3.165575926,1316.472619,813.644920,1035.458387,768000,768000,1.000000000,1,2025-12-07 05:11:00.000000,2025-12-07 05:11:59.999922,1,BAYxx_xxxx_20251207_050805_000.7z
2025-12-07 05:12:00,4751.739286,4.751739286,1843.479192,1340.586333,1567.673761,768000,768000,1.000000000,1,2025-12-07 05:12:00.000000,2025-12-07 05:12:59.999922,1,BAYxx_xxxx_20251207_050805_000.7z
2025-12-07 05:13:00,20379.476406,20.379476406,6753.988199,6618.565252,7006.922955,768000,768000,1.000000000,1,2025-12-07 05:13:00.000000,2025-12-07 05:13:59.999922,1,BAYxx_xxxx_20251207_050805_000.7z
2025-12-07 05:14:00,27074.377389,27.074377389,8876.622537,8868.987567,9328.767285,768000,768000,1.000000000,1,2025-12-07 05:14:00.000000,2025-12-07 05:14:59.999922,1,BAYxx_xxxx_20251207_050805_000.7z
2025-12-07 05:15:00,27418.135899,27.418135899,8999.996786,9022.030792,9396.108321,768000,768000,1.000000000,1,2025-12-07 05:15:00.000000,2025-12-07 05:15:59.999922,1,BAYxx_xxxx_20251207_050805_000.7z
2025-12-07 05:16:00,28818.907499,28.818907499,9447.534653,9506.869209,9864.503637,768000,768000,1.000000000,1,2025-12-07 05:16:00.000000,2025-12-07 05:16:59.999922,1,BAYxx_xxxx_20251207_050805_000.7z
2025-12-07 05:17:00,10528.902946,10.528902946,3711.966917,3317.352839,3499.583190,768000,768000,1.000000000,1,2025-12-07 05:17:00.000000,2025-12-07 05:17:59.999922,1,BAYxx_xxxx_20251207_050805_000.7z
2025-12-07 05:18:00,14644.419027,14.644419027,4979.220254,4740.619973,4924.578799,704013,768000,0.916683594,0,2025-12-07 05:18:00.000000,2025-12-07 05:18:59.999922,2,BAYxx_xxxx_20251207_050805_000.7z;BAYxx_xxxx_20251207_051810_000.7z
2025-12-07 05:19:00,8478.854289,8.478854289,3070.595621,2623.859833,2784.398836,768000,768000,1.000000000,1,2025-12-07 05:19:00.000000,2025-12-07 05:19:59.999922,1,BAYxx_xxxx_20251207_051810_000.7z
2025-12-07 05:20:00,14761.103803,14.761103803,5012.836738,4781.631850,4966.635214,768000,768000,1.000000000,1,2025-12-07 05:20:00.000000,2025-12-07 05:20:59.999922,1,BAYxx_xxxx_20251207_051810_000.7z
2025-12-07 05:21:00,3153.768088,3.153768088,1356.136996,836.220489,961.410603,768000,768000,1.000000000,1,2025-12-07 05:21:00.000000,2025-12-07 05:21:59.999922,1,BAYxx_xxxx_20251207_051810_000.7z
2025-12-07 05:22:00,3076.344649,3.076344649,1326.833721,808.538740,940.972188,768000,768000,1.000000000,1,2025-12-07 05:22:00.000000,2025-12-07 05:22:59.999922,1,BAYxx_xxxx_20251207_051810_000.7z
2025-12-07 05:23:00,3500.963438,3.500963438,1469.979701,951.324385,1079.659352,768000,768000,1.000000000,1,2025-12-07 05:23:00.000000,2025-12-07 05:23:59.999922,1,BAYxx_xxxx_20251207_051810_000.7z
2025-12-07 05:24:00,5443.004492,5.443004492,2089.583657,1608.423891,1744.996945,768000,768000,1.000000000,1,2025-12-07 05:24:00.000000,2025-12-07 05:24:59.999922,1,BAYxx_xxxx_20251207_051810_000.7z
2025-12-07 05:25:00,26252.487616,26.252487616,8662.840538,8634.577590,8955.069487,768000,768000,1.000000000,1,2025-12-07 05:25:00.000000,2025-12-07 05:25:59.999922,1,BAYxx_xxxx_20251207_051810_000.7z
2025-12-07 05:26:00,27147.456638,27.147456638,8922.013637,8935.711276,9289.731725,768000,768000,1.000000000,1,2025-12-07 05:26:00.000000,2025-12-07 05:26:59.999922,1,BAYxx_xxxx_20251207_051810_000.7z
2025-12-07 05:27:00,27887.044502,27.887044502,9150.182600,9173.090726,9563.771176,768000,768000,1.000000000,1,2025-12-07 05:27:00.000000,2025-12-07 05:27:59.999922,1,BAYxx_xxxx_20251207_051810_000.7z
2025-12-07 05:28:00,29354.914083,29.354914083,9630.398020,9644.068815,10080.447249,678512,768000,0.883479167,0,2025-12-07 05:28:00.000000,2025-12-07 05:28:59.999922,2,BAYxx_xxxx_20251207_051810_000.7z;BAYxx_xxxx_20251207_052817_000.7z
2025-12-07 05:29:00,3361.407383,3.361407383,1423.789736,902.568638,1035.049010,768000,768000,1.000000000,1,2025-12-07 05:29:00.000000,2025-12-07 05:29:59.999922,1,BAYxx_xxxx_20251207_052817_000.7z
2025-12-07 05:30:00,3144.225605,3.144225605,1327.246920,797.856327,1019.122358,768000,768000,1.000000000,1,2025-12-07 05:30:00.000000,2025-12-07 05:30:59.999922,1,BAYxx_xxxx_20251207_052817_000.7z
2025-12-07 05:31:00,3132.434550,3.132434550,1316.785212,787.555762,1028.093576,768000,768000,1.000000000,1,2025-12-07 05:31:00.000000,2025-12-07 05:31:59.999922,1,BAYxx_xxxx_20251207_052817_000.7z
2025-12-07 05:32:00,3181.786161,3.181786161,1335.701294,807.928007,1038.156860,768000,768000,1.000000000,1,2025-12-07 05:32:00.000000,2025-12-07 05:32:59.999922,1,BAYxx_xxxx_20251207_052817_000.7z
2025-12-07 05:33:00,3167.940108,3.167940108,1331.845919,803.503469,1032.590719,768000,768000,1.000000000,1,2025-12-07 05:33:00.000000,2025-12-07 05:33:59.999922,1,BAYxx_xxxx_20251207_052817_000.7z
2025-12-07 05:34:00,3169.594034,3.169594034,1334.073128,801.485010,1034.035896,768000,768000,1.000000000,1,2025-12-07 05:34:00.000000,2025-12-07 05:34:59.999922,1,BAYxx_xxxx_20251207_052817_000.7z
2025-12-07 05:35:00,3164.070647,3.164070647,1326.535776,803.674052,1033.860818,768000,768000,1.000000000,1,2025-12-07 05:35:00.000000,2025-12-07 05:35:59.999922,1,BAYxx_xxxx_20251207_052817_000.7z
2025-12-07 05:36:00,3158.891667,3.158891667,1322.896529,799.491444,1036.503694,768000,768000,1.000000000,1,2025-12-07 05:36:00.000000,2025-12-07 05:36:59.999922,1,BAYxx_xxxx_20251207_052817_000.7z
2025-12-07 05:37:00,3188.371174,3.188371174,1332.560137,812.432754,1043.378284,768000,768000,1.000000000,1,2025-12-07 05:37:00.000000,2025-12-07 05:37:59.999922,1,BAYxx_xxxx_20251207_052817_000.7z
2025-12-07 05:38:00,3173.931490,3.173931490,1329.061463,802.730726,1042.139302,716942,768000,0.933518229,0,2025-12-07 05:38:00.000000,2025-12-07 05:38:59.999922,2,BAYxx_xxxx_20251207_052817_000.7z;BAYxx_xxxx_20251207_053821_000.7z
2025-12-07 05:39:00,3177.440982,3.177440982,1327.724209,808.637456,1041.079318,768000,768000,1.000000000,1,2025-12-07 05:39:00.000000,2025-12-07 05:39:59.999922,1,BAYxx_xxxx_20251207_053821_000.7z
2025-12-07 05:40:00,3187.003937,3.187003937,1328.570676,809.795458,1048.637803,768000,768000,1.000000000,1,2025-12-07 05:40:00.000000,2025-12-07 05:40:59.999922,1,BAYxx_xxxx_20251207_053821_000.7z
2025-12-07 05:41:00,4856.536462,4.856536462,1876.892918,1373.137727,1606.505817,768000,768000,1.000000000,1,2025-12-07 05:41:00.000000,2025-12-07 05:41:59.999922,1,BAYxx_xxxx_20251207_053821_000.7z
2025-12-07 05:42:00,21710.854294,21.710854294,7117.682185,7113.009173,7480.162936,768000,768000,1.000000000,1,2025-12-07 05:42:00.000000,2025-12-07 05:42:59.999922,1,BAYxx_xxxx_20251207_053821_000.7z
2025-12-07 05:43:00,27292.803095,27.292803095,8910.438019,8972.539952,9409.825124,768000,768000,1.000000000,1,2025-12-07 05:43:00.000000,2025-12-07 05:43:59.999922,1,BAYxx_xxxx_20251207_053821_000.7z
2025-12-07 05:44:00,27424.128192,27.424128192,8951.922497,9014.906908,9457.298786,768000,768000,1.000000000,1,2025-12-07 05:44:00.000000,2025-12-07 05:44:59.999922,1,BAYxx_xxxx_20251207_053821_000.7z
2025-12-07 05:45:00,29009.887719,29.009887719,9495.975558,9504.853884,10009.058277,768000,768000,1.000000000,1,2025-12-07 05:45:00.000000,2025-12-07 05:45:59.999922,1,BAYxx_xxxx_20251207_053821_000.7z
2025-12-07 05:46:00,29867.181710,29.867181710,9793.169526,9772.822687,10301.189497,768000,768000,1.000000000,1,2025-12-07 05:46:00.000000,2025-12-07 05:46:59.999922,1,BAYxx_xxxx_20251207_053821_000.7z
2025-12-07 05:47:00,5198.307870,5.198307870,1976.288918,1486.321747,1735.697205,768000,768000,1.000000000,1,2025-12-07 05:47:00.000000,2025-12-07 05:47:59.999922,1,BAYxx_xxxx_20251207_053821_000.7z
2025-12-07 05:48:00,3155.387100,3.155387100,1319.588620,801.523510,1034.274970,716921,768000,0.933490885,0,2025-12-07 05:48:00.000000,2025-12-07 05:48:59.999922,2,BAYxx_xxxx_20251207_053821_000.7z;BAYxx_xxxx_20251207_054825_000.7z
2025-12-07 05:49:00,3158.073442,3.158073442,1320.254736,801.332633,1036.486072,768000,768000,1.000000000,1,2025-12-07 05:49:00.000000,2025-12-07 05:49:59.999922,1,BAYxx_xxxx_20251207_054825_000.7z
2025-12-07 05:50:00,3184.820453,3.184820453,1332.268148,810.419678,1042.132628,768000,768000,1.000000000,1,2025-12-07 05:50:00.000000,2025-12-07 05:50:59.999922,1,BAYxx_xxxx_20251207_054825_000.7z
2025-12-07 05:51:00,3176.286105,3.176286105,1329.427809,805.459893,1041.398403,768000,768000,1.000000000,1,2025-12-07 05:51:00.000000,2025-12-07 05:51:59.999922,1,BAYxx_xxxx_20251207_054825_000.7z
2025-12-07 05:52:00,3140.767427,3.140767427,1323.884689,794.286596,1022.596142,768000,768000,1.000000000,1,2025-12-07 05:52:00.000000,2025-12-07 05:52:59.999922,1,BAYxx_xxxx_20251207_054825_000.7z
2025-12-07 05:53:00,3162.689385,3.162689385,1327.964149,800.612398,1034.112838,768000,768000,1.000000000,1,2025-12-07 05:53:00.000000,2025-12-07 05:53:59.999922,1,BAYxx_xxxx_20251207_054825_000.7z
2025-12-07 05:54:00,3172.472607,3.172472607,1332.768854,804.547984,1035.155769,768000,768000,1.000000000,1,2025-12-07 05:54:00.000000,2025-12-07 05:54:59.999922,1,BAYxx_xxxx_20251207_054825_000.7z
2025-12-07 05:55:00,3172.306202,3.172306202,1328.117098,807.368241,1036.820864,768000,768000,1.000000000,1,2025-12-07 05:55:00.000000,2025-12-07 05:55:59.999922,1,BAYxx_xxxx_20251207_054825_000.7z
2025-12-07 05:56:00,3172.033948,3.172033948,1325.298252,806.209379,1040.526317,768000,768000,1.000000000,1,2025-12-07 05:56:00.000000,2025-12-07 05:56:59.999922,1,BAYxx_xxxx_20251207_054825_000.7z
2025-12-07 05:57:00,3143.710295,3.143710295,1317.542968,794.532947,1031.634379,768000,768000,1.000000000,1,2025-12-07 05:57:00.000000,2025-12-07 05:57:59.999922,1,BAYxx_xxxx_20251207_054825_000.7z
2025-12-07 05:58:00,3424.147668,3.424147668,1403.825954,891.422295,1128.899419,716836,768000,0.933380208,0,2025-12-07 05:58:00.000000,2025-12-07 05:58:59.999922,2,BAYxx_xxxx_20251207_054825_000.7z;BAYxx_xxxx_20251207_055829_000.7z
2025-12-07 05:59:00,4835.173786,4.835173786,1867.973436,1364.776107,1602.424243,768000,768000,1.000000000,1,2025-12-07 05:59:00.000000,2025-12-07 05:59:59.999922,1,BAYxx_xxxx_20251207_055829_000.7z
2025-12-07 06:00:00,24962.143841,24.962143841,8179.464845,8191.667189,8591.011806,768000,768000,1.000000000,1,2025-12-07 06:00:00.000000,2025-12-07 06:00:59.999922,1,BAYxx_xxxx_20251207_055829_000.7z
2025-12-07 06:01:00,27139.816045,27.139816045,8938.325406,8891.992656,9309.497982,768000,768000,1.000000000,1,2025-12-07 06:01:00.000000,2025-12-07 06:01:59.999922,1,BAYxx_xxxx_20251207_055829_000.7z
2025-12-07 06:02:00,23988.406013,23.988406013,7978.246728,7808.405003,8201.754282,768000,768000,1.000000000,1,2025-12-07 06:02:00.000000,2025-12-07 06:02:59.999922,1,BAYxx_xxxx_20251207_055829_000.7z
2025-12-07 06:03:00,3073.788410,3.073788410,1327.739292,798.076350,947.972768,768000,768000,1.000000000,1,2025-12-07 06:03:00.000000,2025-12-07 06:03:59.999922,1,BAYxx_xxxx_20251207_055829_000.7z
2025-12-07 06:04:00,3073.621233,3.073621233,1320.837647,802.161872,950.621715,768000,768000,1.000000000,1,2025-12-07 06:04:00.000000,2025-12-07 06:04:59.999922,1,BAYxx_xxxx_20251207_055829_000.7z
2025-12-07 06:05:00,3072.881422,3.072881422,1324.146746,801.311049,947.423626,768000,768000,1.000000000,1,2025-12-07 06:05:00.000000,2025-12-07 06:05:59.999922,1,BAYxx_xxxx_20251207_055829_000.7z
2025-12-07 06:06:00,3087.655412,3.087655412,1317.088639,813.063628,957.503146,768000,768000,1.000000000,1,2025-12-07 06:06:00.000000,2025-12-07 06:06:59.999922,1,BAYxx_xxxx_20251207_055829_000.7z
2025-12-07 06:07:00,3068.783163,3.068783163,1318.591926,801.064014,949.127223,768000,768000,1.000000000,1,2025-12-07 06:07:00.000000,2025-12-07 06:07:59.999922,1,BAYxx_xxxx_20251207_055829_000.7z
2025-12-07 06:08:00,3067.446978,3.067446978,1320.974866,801.346263,945.125848,691225,768000,0.900032552,0,2025-12-07 06:08:00.000000,2025-12-07 06:08:59.999922,2,BAYxx_xxxx_20251207_055829_000.7z;BAYxx_xxxx_20251207_060835_000.7z
2025-12-07 06:09:00,3103.441226,3.103441226,1339.603742,807.598246,956.239238,768000,768000,1.000000000,1,2025-12-07 06:09:00.000000,2025-12-07 06:09:59.999922,1,BAYxx_xxxx_20251207_060835_000.7z
2025-12-07 06:10:00,3078.327330,3.078327330,1318.542298,808.966127,950.818905,768000,768000,1.000000000,1,2025-12-07 06:10:00.000000,2025-12-07 06:10:59.999922,1,BAYxx_xxxx_20251207_060835_000.7z
2025-12-07 06:11:00,3091.598698,3.091598698,1320.895547,814.529556,956.173594,768000,768000,1.000000000,1,2025-12-07 06:11:00.000000,2025-12-07 06:11:59.999922,1,BAYxx_xxxx_20251207_060835_000.7z
2025-12-07 06:12:00,4276.177112,4.276177112,1716.214558,1208.655272,1351.307282,768000,768000,1.000000000,1,2025-12-07 06:12:00.000000,2025-12-07 06:12:59.999922,1,BAYxx_xxxx_20251207_060835_000.7z
2025-12-07 06:13:00,15023.306932,15.023306932,5083.175641,4841.549855,5098.581436,768000,768000,1.000000000,1,2025-12-07 06:13:00.000000,2025-12-07 06:13:59.999922,1,BAYxx_xxxx_20251207_060835_000.7z
2025-12-07 06:14:00,26469.189756,26.469189756,8725.555571,8657.613474,9086.020711,768000,768000,1.000000000,1,2025-12-07 06:14:00.000000,2025-12-07 06:14:59.999922,1,BAYxx_xxxx_20251207_060835_000.7z
2025-12-07 06:15:00,27256.466125,27.256466125,8975.805623,8903.122560,9377.537942,768000,768000,1.000000000,1,2025-12-07 06:15:00.000000,2025-12-07 06:15:59.999922,1,BAYxx_xxxx_20251207_060835_000.7z
2025-12-07 06:16:00,28263.755958,28.263755958,9259.939710,9246.537669,9757.278580,768000,768000,1.000000000,1,2025-12-07 06:16:00.000000,2025-12-07 06:16:59.999922,1,BAYxx_xxxx_20251207_060835_000.7z
2025-12-07 06:17:00,29439.006693,29.439006693,9619.044201,9666.182352,10153.780139,768000,768000,1.000000000,1,2025-12-07 06:17:00.000000,2025-12-07 06:17:59.999922,1,BAYxx_xxxx_20251207_060835_000.7z
2025-12-07 06:18:00,11715.140365,11.715140365,4019.693749,3696.100375,3999.346241,704107,768000,0.916805990,0,2025-12-07 06:18:00.000000,2025-12-07 06:18:59.999922,2,BAYxx_xxxx_20251207_060835_000.7z;BAYxx_xxxx_20251207_061840_000.7z
2025-12-07 06:19:00,3182.755869,3.182755869,1323.485724,811.995076,1047.275069,768000,768000,1.000000000,1,2025-12-07 06:19:00.000000,2025-12-07 06:19:59.999922,1,BAYxx_xxxx_20251207_061840_000.7z
2025-12-07 06:20:00,3161.937455,3.161937455,1316.474687,806.276995,1039.185773,768000,768000,1.000000000,1,2025-12-07 06:20:00.000000,2025-12-07 06:20:59.999922,1,BAYxx_xxxx_20251207_061840_000.7z
2025-12-07 06:21:00,4334.526025,4.334526025,1696.506524,1204.526191,1433.493309,768000,768000,1.000000000,1,2025-12-07 06:21:00.000000,2025-12-07 06:21:59.999922,1,BAYxx_xxxx_20251207_061840_000.7z
2025-12-07 06:22:00,15110.447112,15.110447112,5085.172146,4836.536133,5188.738834,768000,768000,1.000000000,1,2025-12-07 06:22:00.000000,2025-12-07 06:22:59.999922,1,BAYxx_xxxx_20251207_061840_000.7z
2025-12-07 06:23:00,28901.285117,28.901285117,9461.831774,9469.043994,9970.409348,768000,768000,1.000000000,1,2025-12-07 06:23:00.000000,2025-12-07 06:23:59.999922,1,BAYxx_xxxx_20251207_061840_000.7z
2025-12-07 06:24:00,29392.627034,29.392627034,9592.357058,9658.744823,10141.525153,768000,768000,1.000000000,1,2025-12-07 06:24:00.000000,2025-12-07 06:24:59.999922,1,BAYxx_xxxx_20251207_061840_000.7z
2025-12-07 06:25:00,23307.757864,23.307757864,7655.300159,7634.349354,8018.108351,768000,768000,1.000000000,1,2025-12-07 06:25:00.000000,2025-12-07 06:25:59.999922,1,BAYxx_xxxx_20251207_061840_000.7z
2025-12-07 06:26:00,3166.960925,3.166960925,1313.272420,808.518785,1045.169720,768000,768000,1.000000000,1,2025-12-07 06:26:00.000000,2025-12-07 06:26:59.999922,1,BAYxx_xxxx_20251207_061840_000.7z
2025-12-07 06:27:00,3163.645198,3.163645198,1311.319642,808.155114,1044.170442,768000,768000,1.000000000,1,2025-12-07 06:27:00.000000,2025-12-07 06:27:59.999922,1,BAYxx_xxxx_20251207_061840_000.7z
2025-12-07 06:28:00,5934.495929,5.934495929,2225.021650,1740.376406,1969.097873,704037,768000,0.916714844,0,2025-12-07 06:28:00.000000,2025-12-07 06:28:59.999922,2,BAYxx_xxxx_20251207_061840_000.7z;BAYxx_xxxx_20251207_062845_000.7z
2025-12-07 06:29:00,26911.364971,26.911364971,8791.515437,8880.063193,9239.786341,768000,768000,1.000000000,1,2025-12-07 06:29:00.000000,2025-12-07 06:29:59.999922,1,BAYxx_xxxx_20251207_062845_000.7z
2025-12-07 06:30:00,4248.881501,4.248881501,1682.613290,1163.095464,1403.172747,768000,768000,1.000000000,1,2025-12-07 06:30:00.000000,2025-12-07 06:30:59.999922,1,BAYxx_xxxx_20251207_062845_000.7z
2025-12-07 06:31:00,3168.194115,3.168194115,1314.868747,806.486881,1046.838486,768000,768000,1.000000000,1,2025-12-07 06:31:00.000000,2025-12-07 06:31:59.999922,1,BAYxx_xxxx_20251207_062845_000.7z
2025-12-07 06:32:00,3181.773004,3.181773004,1320.042387,813.539190,1048.191427,768000,768000,1.000000000,1,2025-12-07 06:32:00.000000,2025-12-07 06:32:59.999922,1,BAYxx_xxxx_20251207_062845_000.7z
2025-12-07 06:33:00,4087.608183,4.087608183,1612.207686,1121.871769,1353.528728,768000,768000,1.000000000,1,2025-12-07 06:33:00.000000,2025-12-07 06:33:59.999922,1,BAYxx_xxxx_20251207_062845_000.7z
2025-12-07 06:34:00,11664.267191,11.664267191,3966.352585,3697.137111,4000.777495,768000,768000,1.000000000,1,2025-12-07 06:34:00.000000,2025-12-07 06:34:59.999922,1,BAYxx_xxxx_20251207_062845_000.7z
2025-12-07 06:35:00,27133.288305,27.133288305,8822.182782,8918.439631,9392.665892,768000,768000,1.000000000,1,2025-12-07 06:35:00.000000,2025-12-07 06:35:59.999922,1,BAYxx_xxxx_20251207_062845_000.7z
2025-12-07 06:36:00,27869.506292,27.869506292,9059.853438,9162.980915,9646.671939,768000,768000,1.000000000,1,2025-12-07 06:36:00.000000,2025-12-07 06:36:59.999922,1,BAYxx_xxxx_20251207_062845_000.7z
2025-12-07 06:37:00,28639.842552,28.639842552,9330.454251,9385.895713,9923.492588,768000,768000,1.000000000,1,2025-12-07 06:37:00.000000,2025-12-07 06:37:59.999922,1,BAYxx_xxxx_20251207_062845_000.7z
2025-12-07 06:38:00,22962.204336,22.962204336,7572.348740,7476.865251,7912.990344,691244,768000,0.900057292,0,2025-12-07 06:38:00.000000,2025-12-07 06:38:59.999922,2,BAYxx_xxxx_20251207_062845_000.7z;BAYxx_xxxx_20251207_063851_000.7z
2025-12-07 06:39:00,3166.626734,3.166626734,1308.611422,812.199503,1045.815808,768000,768000,1.000000000,1,2025-12-07 06:39:00.000000,2025-12-07 06:39:59.999922,1,BAYxx_xxxx_20251207_063851_000.7z
2025-12-07 06:40:00,3153.790057,3.153790057,1314.447483,799.809844,1039.532730,768000,768000,1.000000000,1,2025-12-07 06:40:00.000000,2025-12-07 06:40:59.999922,1,BAYxx_xxxx_20251207_063851_000.7z
2025-12-07 06:41:00,3612.423232,3.612423232,1456.245841,959.963515,1196.213876,768000,768000,1.000000000,1,2025-12-07 06:41:00.000000,2025-12-07 06:41:59.999922,1,BAYxx_xxxx_20251207_063851_000.7z
2025-12-07 06:42:00,6123.742664,6.123742664,2255.837055,1813.541652,2054.363957,768000,768000,1.000000000,1,2025-12-07 06:42:00.000000,2025-12-07 06:42:59.999922,1,BAYxx_xxxx_20251207_063851_000.7z
2025-12-07 06:43:00,27778.512399,27.778512399,9042.159574,9151.011968,9585.340857,768000,768000,1.000000000,1,2025-12-07 06:43:00.000000,2025-12-07 06:43:59.999922,1,BAYxx_xxxx_20251207_063851_000.7z
2025-12-07 06:44:00,29148.627878,29.148627878,9496.839602,9570.039381,10081.748895,768000,768000,1.000000000,1,2025-12-07 06:44:00.000000,2025-12-07 06:44:59.999922,1,BAYxx_xxxx_20251207_063851_000.7z
2025-12-07 06:45:00,26190.335649,26.190335649,8592.253500,8560.409466,9037.672683,768000,768000,1.000000000,1,2025-12-07 06:45:00.000000,2025-12-07 06:45:59.999922,1,BAYxx_xxxx_20251207_063851_000.7z
2025-12-07 06:46:00,3135.779611,3.135779611,1339.201515,824.569565,972.008530,768000,768000,1.000000000,1,2025-12-07 06:46:00.000000,2025-12-07 06:46:59.999922,1,BAYxx_xxxx_20251207_063851_000.7z
2025-12-07 06:47:00,3085.750973,3.085750973,1319.885581,812.538629,953.326763,768000,768000,1.000000000,1,2025-12-07 06:47:00.000000,2025-12-07 06:47:59.999922,1,BAYxx_xxxx_20251207_063851_000.7z
2025-12-07 06:48:00,3067.246460,3.067246460,1306.401809,810.890824,949.953827,716847,768000,0.933394531,0,2025-12-07 06:48:00.000000,2025-12-07 06:48:59.999922,2,BAYxx_xxxx_20251207_063851_000.7z;BAYxx_xxxx_20251207_064855_000.7z
2025-12-07 06:49:00,3065.061700,3.065061700,1304.486963,810.525099,950.049637,768000,768000,1.000000000,1,2025-12-07 06:49:00.000000,2025-12-07 06:49:59.999922,1,BAYxx_xxxx_20251207_064855_000.7z
2025-12-07 06:50:00,3071.158162,3.071158162,1306.370018,809.920268,954.867876,768000,768000,1.000000000,1,2025-12-07 06:50:00.000000,2025-12-07 06:50:59.999922,1,BAYxx_xxxx_20251207_064855_000.7z
2025-12-07 06:51:00,3059.953246,3.059953246,1307.294822,802.182074,950.476349,768000,768000,1.000000000,1,2025-12-07 06:51:00.000000,2025-12-07 06:51:59.999922,1,BAYxx_xxxx_20251207_064855_000.7z
2025-12-07 06:52:00,3057.534310,3.057534310,1303.312225,798.777830,955.444255,768000,768000,1.000000000,1,2025-12-07 06:52:00.000000,2025-12-07 06:52:59.999922,1,BAYxx_xxxx_20251207_064855_000.7z
2025-12-07 06:53:00,3049.168498,3.049168498,1303.529750,798.046637,947.592110,768000,768000,1.000000000,1,2025-12-07 06:53:00.000000,2025-12-07 06:53:59.999922,1,BAYxx_xxxx_20251207_064855_000.7z
2025-12-07 06:54:00,3038.231509,3.038231509,1294.337101,793.028270,950.866138,768000,768000,1.000000000,1,2025-12-07 06:54:00.000000,2025-12-07 06:54:59.999922,1,BAYxx_xxxx_20251207_064855_000.7z
2025-12-07 06:55:00,2917.652190,2.917652190,1252.786145,761.318962,903.547082,768000,768000,1.000000000,1,2025-12-07 06:55:00.000000,2025-12-07 06:55:59.999922,1,BAYxx_xxxx_20251207_064855_000.7z
2025-12-07 06:56:00,2870.110941,2.870110941,1243.989069,745.174418,880.947455,768000,768000,1.000000000,1,2025-12-07 06:56:00.000000,2025-12-07 06:56:59.999922,1,BAYxx_xxxx_20251207_064855_000.7z
2025-12-07 06:57:00,4165.716744,4.165716744,1673.508389,1169.599586,1322.608769,768000,768000,1.000000000,1,2025-12-07 06:57:00.000000,2025-12-07 06:57:59.999922,1,BAYxx_xxxx_20251207_064855_000.7z
2025-12-07 06:58:00,15036.025812,15.036025812,5051.967530,4838.593504,5145.464779,716877,768000,0.933433594,0,2025-12-07 06:58:00.000000,2025-12-07 06:58:59.999922,2,BAYxx_xxxx_20251207_064855_000.7z;BAYxx_xxxx_20251207_065859_000.7z
2025-12-07 06:59:00,26547.492582,26.547492582,8691.855635,8729.576639,9126.060308,768000,768000,1.000000000,1,2025-12-07 06:59:00.000000,2025-12-07 06:59:59.999922,1,BAYxx_xxxx_20251207_065859_000.7z
2025-12-07 07:00:00,27207.537065,27.207537065,8935.729095,8890.628408,9381.179562,768000,768000,1.000000000,1,2025-12-07 07:00:00.000000,2025-12-07 07:00:59.999922,1,BAYxx_xxxx_20251207_065859_000.7z
2025-12-07 07:01:00,28275.657952,28.275657952,9262.745490,9208.016593,9804.895868,768000,768000,1.000000000,1,2025-12-07 07:01:00.000000,2025-12-07 07:01:59.999922,1,BAYxx_xxxx_20251207_065859_000.7z
2025-12-07 07:02:00,20970.500189,20.970500189,6965.487031,6741.068370,7263.944788,768000,768000,1.000000000,1,2025-12-07 07:02:00.000000,2025-12-07 07:02:59.999922,1,BAYxx_xxxx_20251207_065859_000.7z
2025-12-07 07:03:00,2854.524103,2.854524103,1224.482874,692.253505,937.787724,768000,768000,1.000000000,1,2025-12-07 07:03:00.000000,2025-12-07 07:03:59.999922,1,BAYxx_xxxx_20251207_065859_000.7z
2025-12-07 07:04:00,2791.076289,2.791076289,1193.710703,677.198953,920.166633,768000,768000,1.000000000,1,2025-12-07 07:04:00.000000,2025-12-07 07:04:59.999922,1,BAYxx_xxxx_20251207_065859_000.7z
2025-12-07 07:05:00,3381.468316,3.381468316,1397.824800,866.876111,1116.767405,768000,768000,1.000000000,1,2025-12-07 07:05:00.000000,2025-12-07 07:05:59.999922,1,BAYxx_xxxx_20251207_065859_000.7z
2025-12-07 07:06:00,7326.347615,7.326347615,2646.371533,2195.792171,2484.183910,768000,768000,1.000000000,1,2025-12-07 07:06:00.000000,2025-12-07 07:06:59.999922,1,BAYxx_xxxx_20251207_065859_000.7z
2025-12-07 07:07:00,27851.509133,27.851509133,9177.743352,9033.229487,9640.536295,768000,768000,1.000000000,1,2025-12-07 07:07:00.000000,2025-12-07 07:07:59.999922,1,BAYxx_xxxx_20251207_065859_000.7z
2025-12-07 07:08:00,28807.091309,28.807091309,9472.853944,9366.347131,9967.890235,755335,768000,0.983509115,0,2025-12-07 07:08:00.000000,2025-12-07 07:08:59.010469,1,BAYxx_xxxx_20251207_065859_000.7z
2025-12-07 07:09:00,25414.992929,25.414992929,8390.156784,8249.240315,8775.595830,729600,768000,0.950000000,0,2025-12-07 07:09:03.000000,2025-12-07 07:09:59.999922,1,BAYxx_xxxx_20251207_070903_000.7z
2025-12-07 07:10:00,2680.250349,2.680250349,1162.443127,636.899361,880.907861,768000,768000,1.000000000,1,2025-12-07 07:10:00.000000,2025-12-07 07:10:59.999922,1,BAYxx_xxxx_20251207_070903_000.7z
2025-12-07 07:11:00,2531.826122,2.531826122,1112.856630,587.930058,831.039434,768000,768000,1.000000000,1,2025-12-07 07:11:00.000000,2025-12-07 07:11:59.999922,1,BAYxx_xxxx_20251207_070903_000.7z
2025-12-07 07:12:00,2519.078044,2.519078044,1107.250956,584.440756,827.386331,768000,768000,1.000000000,1,2025-12-07 07:12:00.000000,2025-12-07 07:12:59.999922,1,BAYxx_xxxx_20251207_070903_000.7z
2025-12-07 07:13:00,2482.919695,2.482919695,1085.239192,580.653099,817.027404,768000,768000,1.000000000,1,2025-12-07 07:13:00.000000,2025-12-07 07:13:59.999922,1,BAYxx_xxxx_20251207_070903_000.7z
2025-12-07 07:14:00,2428.013731,2.428013731,1072.394991,559.509450,796.109290,768000,768000,1.000000000,1,2025-12-07 07:14:00.000000,2025-12-07 07:14:59.999922,1,BAYxx_xxxx_20251207_070903_000.7z
2025-12-07 07:15:00,2381.502489,2.381502489,1065.212040,540.470100,775.820349,768000,768000,1.000000000,1,2025-12-07 07:15:00.000000,2025-12-07 07:15:59.999922,1,BAYxx_xxxx_20251207_070903_000.7z
2025-12-07 07:16:00,2339.374203,2.339374203,1048.558685,521.118640,769.696878,768000,768000,1.000000000,1,2025-12-07 07:16:00.000000,2025-12-07 07:16:59.999922,1,BAYxx_xxxx_20251207_070903_000.7z
2025-12-07 07:17:00,2278.614507,2.278614507,1028.541843,503.089119,746.983545,768000,768000,1.000000000,1,2025-12-07 07:17:00.000000,2025-12-07 07:17:59.999922,1,BAYxx_xxxx_20251207_070903_000.7z
2025-12-07 07:18:00,2224.977896,2.224977896,1024.155946,477.724623,723.097327,768000,768000,1.000000000,1,2025-12-07 07:18:00.000000,2025-12-07 07:18:59.999922,1,BAYxx_xxxx_20251207_070903_000.7z
2025-12-07 07:19:00,2215.650585,2.215650585,1013.810253,485.178061,716.662271,716802,768000,0.933335937,0,2025-12-07 07:19:00.000000,2025-12-07 07:19:59.999922,2,BAYxx_xxxx_20251207_070903_000.7z;BAYxx_xxxx_20251207_071907_000.7z
2025-12-07 07:20:00,2147.568490,2.147568490,983.105210,465.550825,698.912454,768000,768000,1.000000000,1,2025-12-07 07:20:00.000000,2025-12-07 07:20:59.999922,1,BAYxx_xxxx_20251207_071907_000.7z
2025-12-07 07:21:00,2103.410885,2.103410885,977.279638,437.998278,688.132969,768000,768000,1.000000000,1,2025-12-07 07:21:00.000000,2025-12-07 07:21:59.999922,1,BAYxx_xxxx_20251207_071907_000.7z
2025-12-07 07:22:00,2532.387587,2.532387587,1116.404539,581.121308,834.861741,768000,768000,1.000000000,1,2025-12-07 07:22:00.000000,2025-12-07 07:22:59.999922,1,BAYxx_xxxx_20251207_071907_000.7z
2025-12-07 07:23:00,4633.914937,4.633914937,1796.698993,1290.395088,1546.820856,768000,768000,1.000000000,1,2025-12-07 07:23:00.000000,2025-12-07 07:23:59.999922,1,BAYxx_xxxx_20251207_071907_000.7z
2025-12-07 07:24:00,24806.820917,24.806820917,8131.305202,8065.741919,8609.773796,768000,768000,1.000000000,1,2025-12-07 07:24:00.000000,2025-12-07 07:24:59.999922,1,BAYxx_xxxx_20251207_071907_000.7z
2025-12-07 07:25:00,25960.409401,25.960409401,8487.135947,8478.325034,8994.948421,768000,768000,1.000000000,1,2025-12-07 07:25:00.000000,2025-12-07 07:25:59.999922,1,BAYxx_xxxx_20251207_071907_000.7z
2025-12-07 07:26:00,26531.912843,26.531912843,8722.699030,8648.477546,9160.736267,768000,768000,1.000000000,1,2025-12-07 07:26:00.000000,2025-12-07 07:26:59.999922,1,BAYxx_xxxx_20251207_071907_000.7z
2025-12-07 07:27:00,27941.596282,27.941596282,9151.259384,9147.839925,9642.496972,768000,768000,1.000000000,1,2025-12-07 07:27:00.000000,2025-12-07 07:27:59.999922,1,BAYxx_xxxx_20251207_071907_000.7z
2025-12-07 07:28:00,28550.717329,28.550717329,9305.346994,9336.112988,9909.257347,768000,768000,1.000000000,1,2025-12-07 07:28:00.000000,2025-12-07 07:28:59.999922,1,BAYxx_xxxx_20251207_071907_000.7z
2025-12-07 07:29:00,16030.390399,16.030390399,5367.304553,5088.398157,5574.687688,691202,768000,0.900002604,0,2025-12-07 07:29:00.000000,2025-12-07 07:29:59.999922,2,BAYxx_xxxx_20251207_071907_000.7z;BAYxx_xxxx_20251207_072913_000.7z
2025-12-07 07:30:00,1596.090809,1.596090809,794.736304,272.649971,528.704534,768000,768000,1.000000000,1,2025-12-07 07:30:00.000000,2025-12-07 07:30:59.999922,1,BAYxx_xxxx_20251207_072913_000.7z
2025-12-07 07:31:00,1450.321950,1.450321950,760.330103,252.138258,437.853589,768000,768000,1.000000000,1,2025-12-07 07:31:00.000000,2025-12-07 07:31:59.999922,1,BAYxx_xxxx_20251207_072913_000.7z
2025-12-07 07:32:00,1365.561195,1.365561195,742.673402,239.107841,383.779953,768000,768000,1.000000000,1,2025-12-07 07:32:00.000000,2025-12-07 07:32:59.999922,1,BAYxx_xxxx_20251207_072913_000.7z
2025-12-07 07:33:00,1301.964719,1.301964719,728.961905,205.560139,367.442675,768000,768000,1.000000000,1,2025-12-07 07:33:00.000000,2025-12-07 07:33:59.999922,1,BAYxx_xxxx_20251207_072913_000.7z
2025-12-07 07:34:00,1248.496580,1.248496580,711.675008,191.158523,345.663050,768000,768000,1.000000000,1,2025-12-07 07:34:00.000000,2025-12-07 07:34:59.999922,1,BAYxx_xxxx_20251207_072913_000.7z
2025-12-07 07:35:00,1172.492793,1.172492793,681.795571,165.203742,325.493480,768000,768000,1.000000000,1,2025-12-07 07:35:00.000000,2025-12-07 07:35:59.999922,1,BAYxx_xxxx_20251207_072913_000.7z
2025-12-07 07:36:00,1099.899874,1.099899874,657.407038,142.842915,299.649921,768000,768000,1.000000000,1,2025-12-07 07:36:00.000000,2025-12-07 07:36:59.999922,1,BAYxx_xxxx_20251207_072913_000.7z
2025-12-07 07:37:00,1030.326729,1.030326729,635.474739,117.010098,277.841892,768000,768000,1.000000000,1,2025-12-07 07:37:00.000000,2025-12-07 07:37:59.999922,1,BAYxx_xxxx_20251207_072913_000.7z
2025-12-07 07:38:00,945.831948,0.945831948,601.132181,92.604762,252.095005,768000,768000,1.000000000,1,2025-12-07 07:38:00.000000,2025-12-07 07:38:59.999922,1,BAYxx_xxxx_20251207_072913_000.7z
2025-12-07 07:39:00,888.408089,0.888408089,584.461143,77.233679,226.713267,716922,768000,0.933492187,0,2025-12-07 07:39:00.000000,2025-12-07 07:39:59.999922,2,BAYxx_xxxx_20251207_072913_000.7z;BAYxx_xxxx_20251207_073917_000.7z
2025-12-07 07:40:00,767.028038,0.767028038,527.340110,46.239708,193.448220,768000,768000,1.000000000,1,2025-12-07 07:40:00.000000,2025-12-07 07:40:59.999922,1,BAYxx_xxxx_20251207_073917_000.7z
2025-12-07 07:41:00,1341.525776,1.341525776,708.379134,237.255998,395.890644,768000,768000,1.000000000,1,2025-12-07 07:41:00.000000,2025-12-07 07:41:59.999922,1,BAYxx_xxxx_20251207_073917_000.7z
2025-12-07 07:42:00,5560.467186,5.560467186,2024.847675,1670.831356,1864.788156,768000,768000,1.000000000,1,2025-12-07 07:42:00.000000,2025-12-07 07:42:59.999922,1,BAYxx_xxxx_20251207_073917_000.7z
2025-12-07 07:43:00,23983.747232,23.983747232,7799.886969,7871.225292,8312.634971,768000,768000,1.000000000,1,2025-12-07 07:43:00.000000,2025-12-07 07:43:59.999922,1,BAYxx_xxxx_20251207_073917_000.7z
2025-12-07 07:44:00,24666.660715,24.666660715,8078.334924,8058.185459,8530.140332,768000,768000,1.000000000,1,2025-12-07 07:44:00.000000,2025-12-07 07:44:59.999922,1,BAYxx_xxxx_20251207_073917_000.7z
2025-12-07 07:45:00,25340.582037,25.340582037,8288.114370,8265.427832,8787.039836,768000,768000,1.000000000,1,2025-12-07 07:45:00.000000,2025-12-07 07:45:59.999922,1,BAYxx_xxxx_20251207_073917_000.7z
2025-12-07 07:46:00,21083.409973,21.083409973,6980.327867,6802.958314,7300.123792,768000,768000,1.000000000,1,2025-12-07 07:46:00.000000,2025-12-07 07:46:59.999922,1,BAYxx_xxxx_20251207_073917_000.7z
2025-12-07 07:47:00,282.629766,0.282629766,345.298743,-153.684354,91.015377,768000,768000,1.000000000,1,2025-12-07 07:47:00.000000,2025-12-07 07:47:59.999922,1,BAYxx_xxxx_20251207_073917_000.7z
2025-12-07 07:48:00,219.995533,0.219995533,336.523631,-175.514946,58.986848,768000,768000,1.000000000,1,2025-12-07 07:48:00.000000,2025-12-07 07:48:59.999922,1,BAYxx_xxxx_20251207_073917_000.7z
2025-12-07 07:49:00,525.695402,0.525695402,429.533853,-73.368063,169.529611,729716,768000,0.950151042,0,2025-12-07 07:49:00.000000,2025-12-07 07:49:59.999922,2,BAYxx_xxxx_20251207_073917_000.7z;BAYxx_xxxx_20251207_074920_000.7z
2025-12-07 07:50:00,1785.303275,1.785303275,838.178353,353.949118,593.175804,768000,768000,1.000000000,1,2025-12-07 07:50:00.000000,2025-12-07 07:50:59.999922,1,BAYxx_xxxx_20251207_074920_000.7z
2025-12-07 07:51:00,19159.335595,19.159335595,6321.330270,6168.610283,6669.395042,768000,768000,1.000000000,1,2025-12-07 07:51:00.000000,2025-12-07 07:51:59.999922,1,BAYxx_xxxx_20251207_074920_000.7z
2025-12-07 07:52:00,-57.393005,-0.057393005,250.813623,-274.610721,-33.595907,768000,768000,1.000000000,1,2025-12-07 07:52:00.000000,2025-12-07 07:52:59.999922,1,BAYxx_xxxx_20251207_074920_000.7z
2025-12-07 07:53:00,-115.499257,-0.115499257,217.430240,-290.514400,-42.415098,768000,768000,1.000000000,1,2025-12-07 07:53:00.000000,2025-12-07 07:53:59.999922,1,BAYxx_xxxx_20251207_074920_000.7z
2025-12-07 07:54:00,-201.875829,-0.201875829,190.324643,-321.963637,-70.236836,768000,768000,1.000000000,1,2025-12-07 07:54:00.000000,2025-12-07 07:54:59.999922,1,BAYxx_xxxx_20251207_074920_000.7z
2025-12-07 07:55:00,-288.459631,-0.288459631,160.367878,-350.585364,-98.242145,768000,768000,1.000000000,1,2025-12-07 07:55:00.000000,2025-12-07 07:55:59.999922,1,BAYxx_xxxx_20251207_074920_000.7z
2025-12-07 07:56:00,-371.308478,-0.371308478,136.631043,-376.662111,-131.277410,768000,768000,1.000000000,1,2025-12-07 07:56:00.000000,2025-12-07 07:56:59.999922,1,BAYxx_xxxx_20251207_074920_000.7z
2025-12-07 07:57:00,-439.437009,-0.439437009,106.406714,-397.307592,-148.536130,768000,768000,1.000000000,1,2025-12-07 07:57:00.000000,2025-12-07 07:57:59.999922,1,BAYxx_xxxx_20251207_074920_000.7z
2025-12-07 07:58:00,-520.163338,-0.520163338,69.126908,-408.907773,-180.382473,768000,768000,1.000000000,1,2025-12-07 07:58:00.000000,2025-12-07 07:58:59.999922,1,BAYxx_xxxx_20251207_074920_000.7z
2025-12-07 07:59:00,-630.191946,-0.630191946,35.585060,-439.913343,-225.863663,704138,768000,0.916846354,0,2025-12-07 07:59:00.000000,2025-12-07 07:59:59.999922,2,BAYxx_xxxx_20251207_074920_000.7z;BAYxx_xxxx_20251207_075925_000.7z
2025-12-07 08:00:00,-733.437090,-0.733437090,11.028355,-492.230009,-252.235436,768000,768000,1.000000000,1,2025-12-07 08:00:00.000000,2025-12-07 08:00:59.999922,1,BAYxx_xxxx_20251207_075925_000.7z
2025-12-07 08:01:00,533.609565,0.533609565,418.805748,-62.601933,177.405750,768000,768000,1.000000000,1,2025-12-07 08:01:00.000000,2025-12-07 08:01:59.999922,1,BAYxx_xxxx_20251207_075925_000.7z
2025-12-07 08:02:00,13615.737764,13.615737764,4528.385059,4331.889361,4755.463345,768000,768000,1.000000000,1,2025-12-07 08:02:00.000000,2025-12-07 08:02:59.999922,1,BAYxx_xxxx_20251207_075925_000.7z
2025-12-07 08:03:00,22841.491242,22.841491242,7465.859905,7403.641178,7971.990159,768000,768000,1.000000000,1,2025-12-07 08:03:00.000000,2025-12-07 08:03:59.999922,1,BAYxx_xxxx_20251207_075925_000.7z
2025-12-07 08:04:00,21478.602973,21.478602973,7017.053053,6946.210081,7515.339839,768000,768000,1.000000000,1,2025-12-07 08:04:00.000000,2025-12-07 08:04:59.999922,1,BAYxx_xxxx_20251207_075925_000.7z
2025-12-07 08:05:00,-1146.618622,-1.146618622,-136.470943,-615.726114,-394.421565,768000,768000,1.000000000,1,2025-12-07 08:05:00.000000,2025-12-07 08:05:59.999922,1,BAYxx_xxxx_20251207_075925_000.7z
2025-12-07 08:06:00,956.106923,0.956106923,569.987048,71.832714,314.287162,768000,768000,1.000000000,1,2025-12-07 08:06:00.000000,2025-12-07 08:06:59.999922,1,BAYxx_xxxx_20251207_075925_000.7z
2025-12-07 08:07:00,13358.050150,13.358050150,4528.630386,4242.699198,4586.720565,768000,768000,1.000000000,1,2025-12-07 08:07:00.000000,2025-12-07 08:07:59.999922,1,BAYxx_xxxx_20251207_075925_000.7z
2025-12-07 08:08:00,8114.924980,8.114924980,2802.782322,2482.603866,2829.538793,768000,768000,1.000000000,1,2025-12-07 08:08:00.000000,2025-12-07 08:08:59.999922,1,BAYxx_xxxx_20251207_075925_000.7z
2025-12-07 08:09:00,-1838.375449,-1.838375449,-352.043328,-853.751240,-632.580881,716919,768000,0.933488281,0,2025-12-07 08:09:00.000000,2025-12-07 08:09:59.999922,2,BAYxx_xxxx_20251207_075925_000.7z;BAYxx_xxxx_20251207_080929_000.7z
2025-12-07 08:10:00,-1959.667467,-1.959667467,-393.434107,-904.619190,-661.614170,768000,768000,1.000000000,1,2025-12-07 08:10:00.000000,2025-12-07 08:10:59.999922,1,BAYxx_xxxx_20251207_080929_000.7z
2025-12-07 08:11:00,-2067.383711,-2.067383711,-427.204094,-943.262440,-696.917177,768000,768000,1.000000000,1,2025-12-07 08:11:00.000000,2025-12-07 08:11:59.999922,1,BAYxx_xxxx_20251207_080929_000.7z
2025-12-07 08:12:00,-2119.828491,-2.119828491,-451.159333,-951.192548,-717.476610,768000,768000,1.000000000,1,2025-12-07 08:12:00.000000,2025-12-07 08:12:59.999922,1,BAYxx_xxxx_20251207_080929_000.7z
2025-12-07 08:13:00,-2227.518856,-2.227518856,-494.457467,-989.973379,-743.088010,768000,768000,1.000000000,1,2025-12-07 08:13:00.000000,2025-12-07 08:13:59.999922,1,BAYxx_xxxx_20251207_080929_000.7z
2025-12-07 08:14:00,-1440.516250,-1.440516250,-234.929034,-732.048591,-473.538625,768000,768000,1.000000000,1,2025-12-07 08:14:00.000000,2025-12-07 08:14:59.999922,1,BAYxx_xxxx_20251207_080929_000.7z
2025-12-07 08:15:00,5053.291409,5.053291409,1825.764157,1431.830483,1795.696769,768000,768000,1.000000000,1,2025-12-07 08:15:00.000000,2025-12-07 08:15:59.999922,1,BAYxx_xxxx_20251207_080929_000.7z
2025-12-07 08:16:00,21043.639274,21.043639274,6943.475696,6806.338119,7293.825458,768000,768000,1.000000000,1,2025-12-07 08:16:00.000000,2025-12-07 08:16:59.999922,1,BAYxx_xxxx_20251207_080929_000.7z
2025-12-07 08:17:00,15813.353983,15.813353983,5253.376653,5075.892631,5484.084698,768000,768000,1.000000000,1,2025-12-07 08:17:00.000000,2025-12-07 08:17:59.999922,1,BAYxx_xxxx_20251207_080929_000.7z
2025-12-07 08:18:00,-2759.506856,-2.759506856,-631.491631,-1146.266368,-981.748857,768000,768000,1.000000000,1,2025-12-07 08:18:00.000000,2025-12-07 08:18:59.999922,1,BAYxx_xxxx_20251207_080929_000.7z
2025-12-07 08:19:00,-2834.705526,-2.834705526,-649.350980,-1174.038850,-1011.315697,729687,768000,0.950113281,0,2025-12-07 08:19:00.000000,2025-12-07 08:19:59.999922,2,BAYxx_xxxx_20251207_080929_000.7z;BAYxx_xxxx_20251207_081932_000.7z
2025-12-07 08:20:00,-2945.500436,-2.945500436,-684.929168,-1202.633973,-1057.937295,768000,768000,1.000000000,1,2025-12-07 08:20:00.000000,2025-12-07 08:20:59.999922,1,BAYxx_xxxx_20251207_081932_000.7z
2025-12-07 08:21:00,-1942.829624,-1.942829624,-356.166210,-876.337926,-710.325488,768000,768000,1.000000000,1,2025-12-07 08:21:00.000000,2025-12-07 08:21:59.999922,1,BAYxx_xxxx_20251207_081932_000.7z
2025-12-07 08:22:00,8749.963519,8.749963519,2982.892324,2732.065025,3035.006170,768000,768000,1.000000000,1,2025-12-07 08:22:00.000000,2025-12-07 08:22:59.999922,1,BAYxx_xxxx_20251207_081932_000.7z
2025-12-07 08:23:00,21234.189923,21.234189923,6940.546885,6884.962694,7408.680343,768000,768000,1.000000000,1,2025-12-07 08:23:00.000000,2025-12-07 08:23:59.999922,1,BAYxx_xxxx_20251207_081932_000.7z
2025-12-07 08:24:00,12352.378598,12.352378598,4153.532082,3941.105204,4257.741313,768000,768000,1.000000000,1,2025-12-07 08:24:00.000000,2025-12-07 08:24:59.999922,1,BAYxx_xxxx_20251207_081932_000.7z
2025-12-07 08:25:00,2836.035659,2.836035659,1224.945825,724.462428,886.627406,768000,768000,1.000000000,1,2025-12-07 08:25:00.000000,2025-12-07 08:25:59.999922,1,BAYxx_xxxx_20251207_081932_000.7z
2025-12-07 08:26:00,2848.739054,2.848739054,1228.899857,733.607823,886.231374,768000,768000,1.000000000,1,2025-12-07 08:26:00.000000,2025-12-07 08:26:59.999922,1,BAYxx_xxxx_20251207_081932_000.7z
2025-12-07 08:27:00,2844.638537,2.844638537,1231.444918,727.034032,886.159587,768000,768000,1.000000000,1,2025-12-07 08:27:00.000000,2025-12-07 08:27:59.999922,1,BAYxx_xxxx_20251207_081932_000.7z
2025-12-07 08:28:00,4279.207077,4.279207077,1705.242977,1208.369668,1365.594432,768000,768000,1.000000000,1,2025-12-07 08:28:00.000000,2025-12-07 08:28:59.999922,1,BAYxx_xxxx_20251207_081932_000.7z
2025-12-07 08:29:00,19242.016970,19.242016970,6382.777127,6258.483463,6600.756381,716845,768000,0.933391927,0,2025-12-07 08:29:00.000000,2025-12-07 08:29:59.999922,2,BAYxx_xxxx_20251207_081932_000.7z;BAYxx_xxxx_20251207_082936_000.7z
2025-12-07 08:30:00,28098.044872,28.098044872,9237.157939,9206.164944,9654.721988,768000,768000,1.000000000,1,2025-12-07 08:30:00.000000,2025-12-07 08:30:59.999922,1,BAYxx_xxxx_20251207_082936_000.7z
2025-12-07 08:31:00,10671.027351,10.671027351,3747.564566,3328.093863,3595.368923,768000,768000,1.000000000,1,2025-12-07 08:31:00.000000,2025-12-07 08:31:59.999922,1,BAYxx_xxxx_20251207_082936_000.7z
2025-12-07 08:32:00,2848.707871,2.848707871,1217.605701,678.558497,952.543674,768000,768000,1.000000000,1,2025-12-07 08:32:00.000000,2025-12-07 08:32:59.999922,1,BAYxx_xxxx_20251207_082936_000.7z
2025-12-07 08:33:00,2842.496740,2.842496740,1212.677382,680.113449,949.705909,768000,768000,1.000000000,1,2025-12-07 08:33:00.000000,2025-12-07 08:33:59.999922,1,BAYxx_xxxx_20251207_082936_000.7z
2025-12-07 08:34:00,3176.220903,3.176220903,1308.106078,805.102407,1063.012417,768000,768000,1.000000000,1,2025-12-07 08:34:00.000000,2025-12-07 08:34:59.999922,1,BAYxx_xxxx_20251207_082936_000.7z
2025-12-07 08:35:00,4527.516665,4.527516665,1760.601630,1254.716824,1512.198211,768000,768000,1.000000000,1,2025-12-07 08:35:00.000000,2025-12-07 08:35:59.999922,1,BAYxx_xxxx_20251207_082936_000.7z
2025-12-07 08:36:00,26861.899112,26.861899112,8889.761724,8672.406851,9299.730537,768000,768000,1.000000000,1,2025-12-07 08:36:00.000000,2025-12-07 08:36:59.999922,1,BAYxx_xxxx_20251207_082936_000.7z
2025-12-07 08:37:00,17094.108799,17.094108799,5729.257100,5431.585864,5933.265835,768000,768000,1.000000000,1,2025-12-07 08:37:00.000000,2025-12-07 08:37:59.999922,1,BAYxx_xxxx_20251207_082936_000.7z
2025-12-07 08:38:00,2829.567255,2.829567255,1192.179009,686.980396,950.407850,768000,768000,1.000000000,1,2025-12-07 08:38:00.000000,2025-12-07 08:38:59.999922,1,BAYxx_xxxx_20251207_082936_000.7z
2025-12-07 08:39:00,2831.660557,2.831660557,1190.113499,690.896472,950.650585,716922,768000,0.933492187,0,2025-12-07 08:39:00.000000,2025-12-07 08:39:59.999922,2,BAYxx_xxxx_20251207_082936_000.7z;BAYxx_xxxx_20251207_083940_000.7z
2025-12-07 08:40:00,2816.421608,2.816421608,1190.447444,681.522094,944.452070,768000,768000,1.000000000,1,2025-12-07 08:40:00.000000,2025-12-07 08:40:59.999922,1,BAYxx_xxxx_20251207_083940_000.7z
2025-12-07 08:41:00,4313.544475,4.313544475,1680.759023,1188.554819,1444.230633,768000,768000,1.000000000,1,2025-12-07 08:41:00.000000,2025-12-07 08:41:59.999922,1,BAYxx_xxxx_20251207_083940_000.7z
2025-12-07 08:42:00,20413.565609,20.413565609,6735.894106,6636.371003,7041.300499,768000,768000,1.000000000,1,2025-12-07 08:42:00.000000,2025-12-07 08:42:59.999922,1,BAYxx_xxxx_20251207_083940_000.7z
2025-12-07 08:43:00,27987.068925,27.987068925,9169.635621,9163.361449,9654.071855,768000,768000,1.000000000,1,2025-12-07 08:43:00.000000,2025-12-07 08:43:59.999922,1,BAYxx_xxxx_20251207_083940_000.7z
2025-12-07 08:44:00,8170.293833,8.170293833,2902.003199,2488.256590,2780.034044,768000,768000,1.000000000,1,2025-12-07 08:44:00.000000,2025-12-07 08:44:59.999922,1,BAYxx_xxxx_20251207_083940_000.7z
2025-12-07 08:45:00,2832.863360,2.832863360,1197.107956,697.682118,938.073287,768000,768000,1.000000000,1,2025-12-07 08:45:00.000000,2025-12-07 08:45:59.999922,1,BAYxx_xxxx_20251207_083940_000.7z
2025-12-07 08:46:00,2817.517601,2.817517601,1191.006855,688.924523,937.586223,768000,768000,1.000000000,1,2025-12-07 08:46:00.000000,2025-12-07 08:46:59.999922,1,BAYxx_xxxx_20251207_083940_000.7z
2025-12-07 08:47:00,3254.676005,3.254676005,1334.678880,831.126878,1088.870247,768000,768000,1.000000000,1,2025-12-07 08:47:00.000000,2025-12-07 08:47:59.999922,1,BAYxx_xxxx_20251207_083940_000.7z
2025-12-07 08:48:00,5455.585905,5.455585905,2045.249011,1570.675250,1839.661644,768000,768000,1.000000000,1,2025-12-07 08:48:00.000000,2025-12-07 08:48:59.999922,1,BAYxx_xxxx_20251207_083940_000.7z
2025-12-07 08:49:00,27628.409175,27.628409175,9027.859969,9016.743947,9583.805259,704104,768000,0.916802083,0,2025-12-07 08:49:00.000000,2025-12-07 08:49:59.999922,2,BAYxx_xxxx_20251207_083940_000.7z;BAYxx_xxxx_20251207_084945_000.7z
2025-12-07 08:50:00,22829.526452,22.829526452,7515.312970,7437.206510,7877.006972,768000,768000,1.000000000,1,2025-12-07 08:50:00.000000,2025-12-07 08:50:59.999922,1,BAYxx_xxxx_20251207_084945_000.7z
2025-12-07 08:51:00,2773.990952,2.773990952,1176.039310,671.222644,926.728997,768000,768000,1.000000000,1,2025-12-07 08:51:00.000000,2025-12-07 08:51:59.999922,1,BAYxx_xxxx_20251207_084945_000.7z
2025-12-07 08:52:00,2790.363729,2.790363729,1190.267785,685.072083,915.023861,768000,768000,1.000000000,1,2025-12-07 08:52:00.000000,2025-12-07 08:52:59.999922,1,BAYxx_xxxx_20251207_084945_000.7z
2025-12-07 08:53:00,2812.087327,2.812087327,1193.766827,688.964783,929.355717,768000,768000,1.000000000,1,2025-12-07 08:53:00.000000,2025-12-07 08:53:59.999922,1,BAYxx_xxxx_20251207_084945_000.7z
2025-12-07 08:54:00,4034.007846,4.034007846,1602.581391,1097.907344,1333.519112,768000,768000,1.000000000,1,2025-12-07 08:54:00.000000,2025-12-07 08:54:59.999922,1,BAYxx_xxxx_20251207_084945_000.7z
2025-12-07 08:55:00,16394.056421,16.394056421,5515.041684,5250.468608,5628.546129,768000,768000,1.000000000,1,2025-12-07 08:55:00.000000,2025-12-07 08:55:59.999922,1,BAYxx_xxxx_20251207_084945_000.7z
2025-12-07 08:56:00,27970.303530,27.970303530,9234.649211,9100.424202,9635.230118,768000,768000,1.000000000,1,2025-12-07 08:56:00.000000,2025-12-07 08:56:59.999922,1,BAYxx_xxxx_20251207_084945_000.7z
2025-12-07 08:57:00,23793.313153,23.793313153,7868.868574,7748.739630,8175.704950,768000,768000,1.000000000,1,2025-12-07 08:57:00.000000,2025-12-07 08:57:59.999922,1,BAYxx_xxxx_20251207_084945_000.7z
2025-12-07 08:58:00,2791.049341,2.791049341,1190.451276,677.556136,923.041929,768000,768000,1.000000000,1,2025-12-07 08:58:00.000000,2025-12-07 08:58:59.999922,1,BAYxx_xxxx_20251207_084945_000.7z
2025-12-07 08:59:00,2797.276435,2.797276435,1179.183606,685.360263,932.732566,704109,768000,0.916808594,0,2025-12-07 08:59:00.000000,2025-12-07 08:59:59.999922,2,BAYxx_xxxx_20251207_084945_000.7z;BAYxx_xxxx_20251207_085950_000.7z
2025-12-07 09:00:00,2723.666115,2.723666115,1150.105540,660.055090,913.505485,768000,768000,1.000000000,1,2025-12-07 09:00:00.000000,2025-12-07 09:00:59.999922,1,BAYxx_xxxx_20251207_085950_000.7z
2025-12-07 09:01:00,2697.644196,2.697644196,1143.218516,660.279522,894.146158,768000,768000,1.000000000,1,2025-12-07 09:01:00.000000,2025-12-07 09:01:59.999922,1,BAYxx_xxxx_20251207_085950_000.7z
2025-12-07 09:02:00,2642.646062,2.642646062,1154.417827,671.755782,816.472454,768000,768000,1.000000000,1,2025-12-07 09:02:00.000000,2025-12-07 09:02:59.999922,1,BAYxx_xxxx_20251207_085950_000.7z
2025-12-07 09:03:00,2622.895901,2.622895901,1163.417806,658.639447,800.838649,768000,768000,1.000000000,1,2025-12-07 09:03:00.000000,2025-12-07 09:03:59.999922,1,BAYxx_xxxx_20251207_085950_000.7z
2025-12-07 09:04:00,2635.601072,2.635601072,1177.672028,654.729036,803.200008,768000,768000,1.000000000,1,2025-12-07 09:04:00.000000,2025-12-07 09:04:59.999922,1,BAYxx_xxxx_20251207_085950_000.7z
2025-12-07 09:05:00,2610.872318,2.610872318,1167.258646,650.559041,793.054631,768000,768000,1.000000000,1,2025-12-07 09:05:00.000000,2025-12-07 09:05:59.999922,1,BAYxx_xxxx_20251207_085950_000.7z
2025-12-07 09:06:00,2583.502678,2.583502678,1155.875536,641.895817,785.731325,768000,768000,1.000000000,1,2025-12-07 09:06:00.000000,2025-12-07 09:06:59.999922,1,BAYxx_xxxx_20251207_085950_000.7z
2025-12-07 09:07:00,2587.665259,2.587665259,1156.820150,639.758843,791.086266,768000,768000,1.000000000,1,2025-12-07 09:07:00.000000,2025-12-07 09:07:59.999922,1,BAYxx_xxxx_20251207_085950_000.7z
2025-12-07 09:08:00,4040.190478,4.040190478,1630.284076,1127.609611,1282.296791,768000,768000,1.000000000,1,2025-12-07 09:08:00.000000,2025-12-07 09:08:59.999922,1,BAYxx_xxxx_20251207_085950_000.7z
2025-12-07 09:09:00,17377.891230,17.377891230,5843.977514,5678.393253,5855.520464,704051,768000,0.916733073,0,2025-12-07 09:09:00.000000,2025-12-07 09:09:59.999922,2,BAYxx_xxxx_20251207_085950_000.7z;BAYxx_xxxx_20251207_090955_000.7z
2025-12-07 09:10:00,26364.387268,26.364387268,8685.880381,8672.639942,9005.866945,768000,768000,1.000000000,1,2025-12-07 09:10:00.000000,2025-12-07 09:10:59.999922,1,BAYxx_xxxx_20251207_090955_000.7z
2025-12-07 09:11:00,26178.501543,26.178501543,8693.226026,8557.432960,8927.842558,768000,768000,1.000000000,1,2025-12-07 09:11:00.000000,2025-12-07 09:11:59.999922,1,BAYxx_xxxx_20251207_090955_000.7z
2025-12-07 09:12:00,2736.276122,2.736276122,1192.386886,698.906876,844.982360,768000,768000,1.000000000,1,2025-12-07 09:12:00.000000,2025-12-07 09:12:59.999922,1,BAYxx_xxxx_20251207_090955_000.7z
2025-12-07 09:13:00,2603.455836,2.603455836,1144.052172,656.707283,802.696381,768000,768000,1.000000000,1,2025-12-07 09:13:00.000000,2025-12-07 09:13:59.999922,1,BAYxx_xxxx_20251207_090955_000.7z
2025-12-07 09:14:00,2515.919995,2.515919995,1105.895448,632.732616,777.291931,768000,768000,1.000000000,1,2025-12-07 09:14:00.000000,2025-12-07 09:14:59.999922,1,BAYxx_xxxx_20251207_090955_000.7z
2025-12-07 09:15:00,2569.980955,2.569980955,1127.770262,651.969393,790.241300,768000,768000,1.000000000,1,2025-12-07 09:15:00.000000,2025-12-07 09:15:59.999922,1,BAYxx_xxxx_20251207_090955_000.7z
2025-12-07 09:16:00,2573.211336,2.573211336,1129.452422,653.307783,790.451131,768000,768000,1.000000000,1,2025-12-07 09:16:00.000000,2025-12-07 09:16:59.999922,1,BAYxx_xxxx_20251207_090955_000.7z
2025-12-07 09:17:00,2656.796490,2.656796490,1117.498400,656.310257,882.987833,768000,768000,1.000000000,1,2025-12-07 09:17:00.000000,2025-12-07 09:17:59.999922,1,BAYxx_xxxx_20251207_090955_000.7z
2025-12-07 09:18:00,2681.854521,2.681854521,1136.312515,658.709165,886.832840,768000,768000,1.000000000,1,2025-12-07 09:18:00.000000,2025-12-07 09:18:59.999922,1,BAYxx_xxxx_20251207_090955_000.7z
2025-12-07 09:19:00,2663.420726,2.663420726,1134.860804,648.150264,880.409659,716925,768000,0.933496094,0,2025-12-07 09:19:00.000000,2025-12-07 09:19:59.999922,2,BAYxx_xxxx_20251207_090955_000.7z;BAYxx_xxxx_20251207_091959_000.7z
2025-12-07 09:20:00,2669.589423,2.669589423,1123.333275,653.848631,892.407518,768000,768000,1.000000000,1,2025-12-07 09:20:00.000000,2025-12-07 09:20:59.999922,1,BAYxx_xxxx_20251207_091959_000.7z
2025-12-07 09:21:00,2656.651341,2.656651341,1109.613264,652.445443,894.592634,768000,768000,1.000000000,1,2025-12-07 09:21:00.000000,2025-12-07 09:21:59.999922,1,BAYxx_xxxx_20251207_091959_000.7z
2025-12-07 09:22:00,2678.429904,2.678429904,1128.988494,653.870031,895.571379,768000,768000,1.000000000,1,2025-12-07 09:22:00.000000,2025-12-07 09:22:59.999922,1,BAYxx_xxxx_20251207_091959_000.7z
2025-12-07 09:23:00,4117.241168,4.117241168,1621.999629,1128.805338,1366.436201,768000,768000,1.000000000,1,2025-12-07 09:23:00.000000,2025-12-07 09:23:59.999922,1,BAYxx_xxxx_20251207_091959_000.7z
2025-12-07 09:24:00,18815.719931,18.815719931,6253.013452,6089.945005,6472.761474,768000,768000,1.000000000,1,2025-12-07 09:24:00.000000,2025-12-07 09:24:59.999922,1,BAYxx_xxxx_20251207_091959_000.7z
2025-12-07 09:25:00,27007.967290,27.007967290,8845.312504,8850.910259,9311.744527,768000,768000,1.000000000,1,2025-12-07 09:25:00.000000,2025-12-07 09:25:59.999922,1,BAYxx_xxxx_20251207_091959_000.7z
2025-12-07 09:26:00,2981.195740,2.981195740,1232.716817,749.821922,998.657001,768000,768000,1.000000000,1,2025-12-07 09:26:00.000000,2025-12-07 09:26:59.999922,1,BAYxx_xxxx_20251207_091959_000.7z
2025-12-07 09:27:00,2691.122801,2.691122801,1153.443352,649.163617,888.515832,768000,768000,1.000000000,1,2025-12-07 09:27:00.000000,2025-12-07 09:27:59.999922,1,BAYxx_xxxx_20251207_091959_000.7z
2025-12-07 09:28:00,2689.082014,2.689082014,1142.596333,653.989269,892.496412,768000,768000,1.000000000,1,2025-12-07 09:28:00.000000,2025-12-07 09:28:59.999922,1,BAYxx_xxxx_20251207_091959_000.7z
2025-12-07 09:29:00,3452.518803,3.452518803,1387.752125,909.769419,1154.997259,755303,768000,0.983467448,0,2025-12-07 09:29:00.000000,2025-12-07 09:29:59.007969,1,BAYxx_xxxx_20251207_091959_000.7z
2025-12-07 09:30:00,8892.319949,8.892319949,3128.862607,2733.559516,3029.897826,729600,768000,0.950000000,0,2025-12-07 09:30:03.000000,2025-12-07 09:30:59.999922,1,BAYxx_xxxx_20251207_093003_000.7z
2025-12-07 09:31:00,27522.766853,27.522766853,9087.501708,8935.848268,9499.416877,768000,768000,1.000000000,1,2025-12-07 09:31:00.000000,2025-12-07 09:31:59.999922,1,BAYxx_xxxx_20251207_093003_000.7z
2025-12-07 09:32:00,12753.579231,12.753579231,4355.940919,4034.066826,4363.571486,768000,768000,1.000000000,1,2025-12-07 09:32:00.000000,2025-12-07 09:32:59.999922,1,BAYxx_xxxx_20251207_093003_000.7z
2025-12-07 09:33:00,2664.057887,2.664057887,1136.470332,639.510516,888.077039,768000,768000,1.000000000,1,2025-12-07 09:33:00.000000,2025-12-07 09:33:59.999922,1,BAYxx_xxxx_20251207_093003_000.7z
2025-12-07 09:34:00,2667.514397,2.667514397,1128.678358,646.709832,892.126206,768000,768000,1.000000000,1,2025-12-07 09:34:00.000000,2025-12-07 09:34:59.999922,1,BAYxx_xxxx_20251207_093003_000.7z
2025-12-07 09:35:00,2667.865704,2.667865704,1129.156663,644.356368,894.352674,768000,768000,1.000000000,1,2025-12-07 09:35:00.000000,2025-12-07 09:35:59.999922,1,BAYxx_xxxx_20251207_093003_000.7z
2025-12-07 09:36:00,2654.397633,2.654397633,1125.661979,641.320473,887.415181,768000,768000,1.000000000,1,2025-12-07 09:36:00.000000,2025-12-07 09:36:59.999922,1,BAYxx_xxxx_20251207_093003_000.7z
2025-12-07 09:37:00,2601.422431,2.601422431,1118.558915,618.921422,863.942094,768000,768000,1.000000000,1,2025-12-07 09:37:00.000000,2025-12-07 09:37:59.999922,1,BAYxx_xxxx_20251207_093003_000.7z
2025-12-07 09:38:00,2600.233562,2.600233562,1117.270519,620.337416,862.625627,768000,768000,1.000000000,1,2025-12-07 09:38:00.000000,2025-12-07 09:38:59.999922,1,BAYxx_xxxx_20251207_093003_000.7z
2025-12-07 09:39:00,2590.392651,2.590392651,1110.734969,616.607394,863.050288,768000,768000,1.000000000,1,2025-12-07 09:39:00.000000,2025-12-07 09:39:59.999922,1,BAYxx_xxxx_20251207_093003_000.7z
2025-12-07 09:40:00,2643.732795,2.643732795,1133.929821,633.582648,876.220326,691255,768000,0.900071615,0,2025-12-07 09:40:00.000000,2025-12-07 09:40:59.999922,2,BAYxx_xxxx_20251207_093003_000.7z;BAYxx_xxxx_20251207_094009_000.7z
2025-12-07 09:41:00,2668.863825,2.668863825,1132.840217,641.146389,894.877219,768000,768000,1.000000000,1,2025-12-07 09:41:00.000000,2025-12-07 09:41:59.999922,1,BAYxx_xxxx_20251207_094009_000.7z
2025-12-07 09:42:00,2658.669580,2.658669580,1125.450113,643.300250,889.919216,768000,768000,1.000000000,1,2025-12-07 09:42:00.000000,2025-12-07 09:42:59.999922,1,BAYxx_xxxx_20251207_094009_000.7z
2025-12-07 09:43:00,2594.556448,2.594556448,1103.124446,621.163447,870.268555,768000,768000,1.000000000,1,2025-12-07 09:43:00.000000,2025-12-07 09:43:59.999922,1,BAYxx_xxxx_20251207_094009_000.7z
2025-12-07 09:44:00,2639.520299,2.639520299,1121.669238,639.008231,878.842830,768000,768000,1.000000000,1,2025-12-07 09:44:00.000000,2025-12-07 09:44:59.999922,1,BAYxx_xxxx_20251207_094009_000.7z
2025-12-07 09:45:00,3767.917340,3.767917340,1478.056409,1030.146092,1259.714839,768000,768000,1.000000000,1,2025-12-07 09:45:00.000000,2025-12-07 09:45:59.999922,1,BAYxx_xxxx_20251207_094009_000.7z
2025-12-07 09:46:00,14631.921645,14.631921645,4911.388532,4738.281717,4982.251396,768000,768000,1.000000000,1,2025-12-07 09:46:00.000000,2025-12-07 09:46:59.999922,1,BAYxx_xxxx_20251207_094009_000.7z
2025-12-07 09:47:00,27071.741299,27.071741299,8943.053818,8844.612522,9284.074959,768000,768000,1.000000000,1,2025-12-07 09:47:00.000000,2025-12-07 09:47:59.999922,1,BAYxx_xxxx_20251207_094009_000.7z
2025-12-07 09:48:00,19198.178711,19.198178711,6491.667878,6188.515620,6517.995213,768000,768000,1.000000000,1,2025-12-07 09:48:00.000000,2025-12-07 09:48:59.999922,1,BAYxx_xxxx_20251207_094009_000.7z
2025-12-07 09:49:00,2551.127615,2.551127615,1126.658896,640.850354,783.618365,768000,768000,1.000000000,1,2025-12-07 09:49:00.000000,2025-12-07 09:49:59.999922,1,BAYxx_xxxx_20251207_094009_000.7z
2025-12-07 09:50:00,2521.974498,2.521974498,1115.245297,626.959445,779.769756,716852,768000,0.933401042,0,2025-12-07 09:50:00.000000,2025-12-07 09:50:59.999922,2,BAYxx_xxxx_20251207_094009_000.7z;BAYxx_xxxx_20251207_095013_000.7z
2025-12-07 09:51:00,2567.155678,2.567155678,1125.578093,639.558803,802.018783,768000,768000,1.000000000,1,2025-12-07 09:51:00.000000,2025-12-07 09:51:59.999922,1,BAYxx_xxxx_20251207_095013_000.7z
2025-12-07 09:52:00,2583.472597,2.583472597,1142.599744,644.680822,796.192030,768000,768000,1.000000000,1,2025-12-07 09:52:00.000000,2025-12-07 09:52:59.999922,1,BAYxx_xxxx_20251207_095013_000.7z
2025-12-07 09:53:00,2549.399488,2.549399488,1124.667931,630.870523,793.861034,768000,768000,1.000000000,1,2025-12-07 09:53:00.000000,2025-12-07 09:53:59.999922,1,BAYxx_xxxx_20251207_095013_000.7z
2025-12-07 09:54:00,2573.846147,2.573846147,1134.634102,630.237350,808.974695,768000,768000,1.000000000,1,2025-12-07 09:54:00.000000,2025-12-07 09:54:59.999922,1,BAYxx_xxxx_20251207_095013_000.7z
2025-12-07 09:55:00,2572.746081,2.572746081,1143.473074,622.779609,806.493398,768000,768000,1.000000000,1,2025-12-07 09:55:00.000000,2025-12-07 09:55:59.999922,1,BAYxx_xxxx_20251207_095013_000.7z
2025-12-07 09:56:00,2546.812796,2.546812796,1127.186429,620.819290,798.807077,768000,768000,1.000000000,1,2025-12-07 09:56:00.000000,2025-12-07 09:56:59.999922,1,BAYxx_xxxx_20251207_095013_000.7z
2025-12-07 09:57:00,2523.400475,2.523400475,1112.725565,627.320725,783.354185,768000,768000,1.000000000,1,2025-12-07 09:57:00.000000,2025-12-07 09:57:59.999922,1,BAYxx_xxxx_20251207_095013_000.7z
2025-12-07 09:58:00,2559.852912,2.559852912,1119.002203,637.658100,803.192609,768000,768000,1.000000000,1,2025-12-07 09:58:00.000000,2025-12-07 09:58:59.999922,1,BAYxx_xxxx_20251207_095013_000.7z
2025-12-07 09:59:00,4041.284609,4.041284609,1612.547997,1136.836525,1291.900087,768000,768000,1.000000000,1,2025-12-07 09:59:00.000000,2025-12-07 09:59:59.999922,1,BAYxx_xxxx_20251207_095013_000.7z
2025-12-07 10:00:00,22351.901683,22.351901683,7483.340929,7271.026546,7597.534207,691309,768000,0.900141927,0,2025-12-07 10:00:00.000000,2025-12-07 10:00:59.999922,2,BAYxx_xxxx_20251207_095013_000.7z;BAYxx_xxxx_20251207_100019_000.7z
2025-12-07 10:01:00,27074.097267,27.074097267,8880.828184,8910.124362,9283.144721,768000,768000,1.000000000,1,2025-12-07 10:01:00.000000,2025-12-07 10:01:59.999922,1,BAYxx_xxxx_20251207_100019_000.7z
2025-12-07 10:02:00,6446.963058,6.446963058,2331.894754,1949.134089,2165.934215,768000,768000,1.000000000,1,2025-12-07 10:02:00.000000,2025-12-07 10:02:59.999922,1,BAYxx_xxxx_20251207_100019_000.7z
2025-12-07 10:03:00,2555.644720,2.555644720,1075.162210,617.058219,863.424291,768000,768000,1.000000000,1,2025-12-07 10:03:00.000000,2025-12-07 10:03:59.999922,1,BAYxx_xxxx_20251207_100019_000.7z
2025-12-07 10:04:00,2564.228620,2.564228620,1093.035575,614.377780,856.815265,768000,768000,1.000000000,1,2025-12-07 10:04:00.000000,2025-12-07 10:04:59.999922,1,BAYxx_xxxx_20251207_100019_000.7z
2025-12-07 10:05:00,2570.548499,2.570548499,1105.393852,616.749456,848.405191,768000,768000,1.000000000,1,2025-12-07 10:05:00.000000,2025-12-07 10:05:59.999922,1,BAYxx_xxxx_20251207_100019_000.7z
2025-12-07 10:06:00,2597.225607,2.597225607,1100.897853,626.280648,870.047106,768000,768000,1.000000000,1,2025-12-07 10:06:00.000000,2025-12-07 10:06:59.999922,1,BAYxx_xxxx_20251207_100019_000.7z
2025-12-07 10:07:00,2591.726207,2.591726207,1086.141714,631.521880,874.062613,768000,768000,1.000000000,1,2025-12-07 10:07:00.000000,2025-12-07 10:07:59.999922,1,BAYxx_xxxx_20251207_100019_000.7z
2025-12-07 10:08:00,2574.239545,2.574239545,1097.820241,616.100545,860.318759,768000,768000,1.000000000,1,2025-12-07 10:08:00.000000,2025-12-07 10:08:59.999922,1,BAYxx_xxxx_20251207_100019_000.7z
2025-12-07 10:09:00,2572.243970,2.572243970,1100.541356,622.321820,849.380794,768000,768000,1.000000000,1,2025-12-07 10:09:00.000000,2025-12-07 10:09:59.999922,1,BAYxx_xxxx_20251207_100019_000.7z
2025-12-07 10:10:00,2581.804252,2.581804252,1087.217810,625.240214,869.346228,729710,768000,0.950143229,0,2025-12-07 10:10:00.000000,2025-12-07 10:10:59.999922,2,BAYxx_xxxx_20251207_100019_000.7z;BAYxx_xxxx_20251207_101022_000.7z
2025-12-07 10:11:00,2611.666408,2.611666408,1096.764327,636.716770,878.185311,768000,768000,1.000000000,1,2025-12-07 10:11:00.000000,2025-12-07 10:11:59.999922,1,BAYxx_xxxx_20251207_101022_000.7z
2025-12-07 10:12:00,2581.537183,2.581537183,1096.129710,623.823623,861.583851,768000,768000,1.000000000,1,2025-12-07 10:12:00.000000,2025-12-07 10:12:59.999922,1,BAYxx_xxxx_20251207_101022_000.7z
2025-12-07 10:13:00,2582.833088,2.582833088,1105.232816,622.314104,855.286168,768000,768000,1.000000000,1,2025-12-07 10:13:00.000000,2025-12-07 10:13:59.999922,1,BAYxx_xxxx_20251207_101022_000.7z
2025-12-07 10:14:00,3851.767304,3.851767304,1501.050270,1051.966965,1298.750068,768000,768000,1.000000000,1,2025-12-07 10:14:00.000000,2025-12-07 10:14:59.999922,1,BAYxx_xxxx_20251207_101022_000.7z
2025-12-07 10:15:00,17721.519772,17.721519772,5879.032077,5697.121561,6145.366133,768000,768000,1.000000000,1,2025-12-07 10:15:00.000000,2025-12-07 10:15:59.999922,1,BAYxx_xxxx_20251207_101022_000.7z
2025-12-07 10:16:00,26933.109934,26.933109934,8792.545222,8822.995833,9317.568880,768000,768000,1.000000000,1,2025-12-07 10:16:00.000000,2025-12-07 10:16:59.999922,1,BAYxx_xxxx_20251207_101022_000.7z
2025-12-07 10:17:00,18982.813354,18.982813354,6318.565966,6130.550075,6533.697312,768000,768000,1.000000000,1,2025-12-07 10:17:00.000000,2025-12-07 10:17:59.999922,1,BAYxx_xxxx_20251207_101022_000.7z
2025-12-07 10:18:00,2481.009237,2.481009237,1077.046851,583.907304,820.055081,768000,768000,1.000000000,1,2025-12-07 10:18:00.000000,2025-12-07 10:18:59.999922,1,BAYxx_xxxx_20251207_101022_000.7z
2025-12-07 10:19:00,2544.132508,2.544132508,1089.872400,604.973660,849.286448,768000,768000,1.000000000,1,2025-12-07 10:19:00.000000,2025-12-07 10:19:59.999922,1,BAYxx_xxxx_20251207_101022_000.7z
2025-12-07 10:20:00,2529.330336,2.529330336,1092.258326,594.275481,842.796529,691325,768000,0.900162760,0,2025-12-07 10:20:00.000000,2025-12-07 10:20:59.999922,2,BAYxx_xxxx_20251207_101022_000.7z;BAYxx_xxxx_20251207_102028_000.7z
2025-12-07 10:21:00,2548.195896,2.548195896,1095.509253,594.831956,857.854687,768000,768000,1.000000000,1,2025-12-07 10:21:00.000000,2025-12-07 10:21:59.999922,1,BAYxx_xxxx_20251207_102028_000.7z
2025-12-07 10:22:00,2563.474243,2.563474243,1099.293133,608.121739,856.059371,768000,768000,1.000000000,1,2025-12-07 10:22:00.000000,2025-12-07 10:22:59.999922,1,BAYxx_xxxx_20251207_102028_000.7z
2025-12-07 10:23:00,2557.990503,2.557990503,1098.629854,601.263651,858.096998,768000,768000,1.000000000,1,2025-12-07 10:23:00.000000,2025-12-07 10:23:59.999922,1,BAYxx_xxxx_20251207_102028_000.7z
2025-12-07 10:24:00,2572.770953,2.572770953,1101.061384,611.953142,859.756427,768000,768000,1.000000000,1,2025-12-07 10:24:00.000000,2025-12-07 10:24:59.999922,1,BAYxx_xxxx_20251207_102028_000.7z
2025-12-07 10:25:00,2547.165333,2.547165333,1090.550698,598.478854,858.135780,768000,768000,1.000000000,1,2025-12-07 10:25:00.000000,2025-12-07 10:25:59.999922,1,BAYxx_xxxx_20251207_102028_000.7z
2025-12-07 10:26:00,2549.688054,2.549688054,1095.303048,594.759586,859.625420,768000,768000,1.000000000,1,2025-12-07 10:26:00.000000,2025-12-07 10:26:59.999922,1,BAYxx_xxxx_20251207_102028_000.7z
2025-12-07 10:27:00,2528.197663,2.528197663,1085.265758,592.793092,850.138813,768000,768000,1.000000000,1,2025-12-07 10:27:00.000000,2025-12-07 10:27:59.999922,1,BAYxx_xxxx_20251207_102028_000.7z
2025-12-07 10:28:00,2555.383073,2.555383073,1085.207803,611.136098,859.039172,768000,768000,1.000000000,1,2025-12-07 10:28:00.000000,2025-12-07 10:28:59.999922,1,BAYxx_xxxx_20251207_102028_000.7z
2025-12-07 10:29:00,3195.683843,3.195683843,1293.130582,838.500693,1064.052569,768000,768000,1.000000000,1,2025-12-07 10:29:00.000000,2025-12-07 10:29:59.999922,1,BAYxx_xxxx_20251207_102028_000.7z
2025-12-07 10:30:00,6235.234979,6.235234979,2241.708968,1890.273830,2103.252180,704057,768000,0.916740885,0,2025-12-07 10:30:00.000000,2025-12-07 10:30:59.999922,2,BAYxx_xxxx_20251207_102028_000.7z;BAYxx_xxxx_20251207_103033_000.7z
2025-12-07 10:31:00,25898.909888,25.898909888,8384.235533,8649.524885,8865.149469,768000,768000,1.000000000,1,2025-12-07 10:31:00.000000,2025-12-07 10:31:59.999922,1,BAYxx_xxxx_20251207_103033_000.7z
2025-12-07 10:32:00,21587.346014,21.587346014,7072.203294,7115.358307,7399.784413,768000,768000,1.000000000,1,2025-12-07 10:32:00.000000,2025-12-07 10:32:59.999922,1,BAYxx_xxxx_20251207_103033_000.7z
2025-12-07 10:33:00,1797.313280,1.797313280,876.469908,387.264363,533.579009,768000,768000,1.000000000,1,2025-12-07 10:33:00.000000,2025-12-07 10:33:59.999922,1,BAYxx_xxxx_20251207_103033_000.7z
2025-12-07 10:34:00,1849.321817,1.849321817,889.498840,408.526924,551.296053,768000,768000,1.000000000,1,2025-12-07 10:34:00.000000,2025-12-07 10:34:59.999922,1,BAYxx_xxxx_20251207_103033_000.7z
2025-12-07 10:35:00,1905.795591,1.905795591,888.091141,431.219202,586.485247,768000,768000,1.000000000,1,2025-12-07 10:35:00.000000,2025-12-07 10:35:59.999922,1,BAYxx_xxxx_20251207_103033_000.7z
2025-12-07 10:36:00,3079.794138,3.079794138,1271.250967,830.015853,978.527318,768000,768000,1.000000000,1,2025-12-07 10:36:00.000000,2025-12-07 10:36:59.999922,1,BAYxx_xxxx_20251207_103033_000.7z
2025-12-07 10:37:00,15586.906272,15.586906272,5297.393138,5004.228292,5285.284842,768000,768000,1.000000000,1,2025-12-07 10:37:00.000000,2025-12-07 10:37:59.999922,1,BAYxx_xxxx_20251207_103033_000.7z
2025-12-07 10:38:00,23444.979470,23.444979470,7790.716269,7630.090540,8024.172662,768000,768000,1.000000000,1,2025-12-07 10:38:00.000000,2025-12-07 10:38:59.999922,1,BAYxx_xxxx_20251207_103033_000.7z
2025-12-07 10:39:00,2101.815803,2.101815803,980.246846,486.005616,635.563341,768000,768000,1.000000000,1,2025-12-07 10:39:00.000000,2025-12-07 10:39:59.999922,1,BAYxx_xxxx_20251207_103033_000.7z
2025-12-07 10:40:00,2154.702552,2.154702552,986.958428,507.956393,659.787731,704134,768000,0.916841146,0,2025-12-07 10:40:00.000000,2025-12-07 10:40:59.999922,2,BAYxx_xxxx_20251207_103033_000.7z;BAYxx_xxxx_20251207_104038_000.7z
2025-12-07 10:41:00,2215.178266,2.215178266,1011.119056,525.617889,678.441321,768000,768000,1.000000000,1,2025-12-07 10:41:00.000000,2025-12-07 10:41:59.999922,1,BAYxx_xxxx_20251207_104038_000.7z
2025-12-07 10:42:00,2254.281147,2.254281147,1023.795289,533.249923,697.235936,768000,768000,1.000000000,1,2025-12-07 10:42:00.000000,2025-12-07 10:42:59.999922,1,BAYxx_xxxx_20251207_104038_000.7z
2025-12-07 10:43:00,2268.045950,2.268045950,1031.618897,544.569852,691.857202,768000,768000,1.000000000,1,2025-12-07 10:43:00.000000,2025-12-07 10:43:59.999922,1,BAYxx_xxxx_20251207_104038_000.7z
2025-12-07 10:44:00,2305.752397,2.305752397,1042.306123,554.680450,708.765823,768000,768000,1.000000000,1,2025-12-07 10:44:00.000000,2025-12-07 10:44:59.999922,1,BAYxx_xxxx_20251207_104038_000.7z
2025-12-07 10:45:00,2365.756241,2.365756241,1066.146410,571.921100,727.688730,768000,768000,1.000000000,1,2025-12-07 10:45:00.000000,2025-12-07 10:45:59.999922,1,BAYxx_xxxx_20251207_104038_000.7z
2025-12-07 10:46:00,2363.058823,2.363058823,1049.504225,583.056742,730.497855,768000,768000,1.000000000,1,2025-12-07 10:46:00.000000,2025-12-07 10:46:59.999922,1,BAYxx_xxxx_20251207_104038_000.7z
2025-12-07 10:47:00,2420.721151,2.420721151,1065.336692,594.228462,761.155997,768000,768000,1.000000000,1,2025-12-07 10:47:00.000000,2025-12-07 10:47:59.999922,1,BAYxx_xxxx_20251207_104038_000.7z
2025-12-07 10:48:00,2471.586332,2.471586332,1054.254351,585.373089,831.958892,768000,768000,1.000000000,1,2025-12-07 10:48:00.000000,2025-12-07 10:48:59.999922,1,BAYxx_xxxx_20251207_104038_000.7z
2025-12-07 10:49:00,-464.700797,-0.464700797,96.213393,-397.536848,-163.377342,768000,768000,1.000000000,1,2025-12-07 10:49:00.000000,2025-12-07 10:49:59.999922,1,BAYxx_xxxx_20251207_104038_000.7z
2025-12-07 10:50:00,2679.798903,2.679798903,1134.733855,651.745355,893.319692,678533,768000,0.883506510,0,2025-12-07 10:50:00.000000,2025-12-07 10:50:59.999922,2,BAYxx_xxxx_20251207_104038_000.7z;BAYxx_xxxx_20251207_105045_000.7z
2025-12-07 10:51:00,2740.841900,2.740841900,1140.100536,683.227798,917.513566,768000,768000,1.000000000,1,2025-12-07 10:51:00.000000,2025-12-07 10:51:59.999922,1,BAYxx_xxxx_20251207_105045_000.7z
2025-12-07 10:52:00,5283.817421,5.283817421,1680.173518,1557.632494,2046.011409,768000,768000,1.000000000,1,2025-12-07 10:52:00.000000,2025-12-07 10:52:59.999922,1,BAYxx_xxxx_20251207_105045_000.7z
2025-12-07 10:53:00,8035.321868,8.035321868,2609.866256,2415.949892,3009.505720,768000,768000,1.000000000,1,2025-12-07 10:53:00.000000,2025-12-07 10:53:59.999922,1,BAYxx_xxxx_20251207_105045_000.7z
2025-12-07 10:54:00,-6123.297612,-6.123297612,-1877.180574,-2306.001656,-1940.115381,768000,768000,1.000000000,1,2025-12-07 10:54:00.000000,2025-12-07 10:54:59.999922,1,BAYxx_xxxx_20251207_105045_000.7z
2025-12-07 10:55:00,2331.952341,2.331952341,1020.457210,533.362275,778.132857,768000,768000,1.000000000,1,2025-12-07 10:55:00.000000,2025-12-07 10:55:59.999922,1,BAYxx_xxxx_20251207_105045_000.7z
2025-12-07 10:56:00,191.357491,0.191357491,299.976268,-174.807326,66.188549,768000,768000,1.000000000,1,2025-12-07 10:56:00.000000,2025-12-07 10:56:59.999922,1,BAYxx_xxxx_20251207_105045_000.7z
2025-12-07 10:57:00,-16936.657135,-16.936657135,-5381.100342,-5901.090922,-5654.465871,768000,768000,1.000000000,1,2025-12-07 10:57:00.000000,2025-12-07 10:57:59.999922,1,BAYxx_xxxx_20251207_105045_000.7z
2025-12-07 10:58:00,-17590.081501,-17.590081501,-5587.148182,-6121.989795,-5880.943524,768000,768000,1.000000000,1,2025-12-07 10:58:00.000000,2025-12-07 10:58:59.999922,1,BAYxx_xxxx_20251207_105045_000.7z
2025-12-07 10:59:00,-17870.053611,-17.870053611,-5685.199004,-6222.905925,-5961.948682,768000,768000,1.000000000,1,2025-12-07 10:59:00.000000,2025-12-07 10:59:59.999922,1,BAYxx_xxxx_20251207_105045_000.7z
2025-12-07 11:00:00,-10693.542792,-10.693542792,-3303.686538,-3826.079217,-3563.777036,678511,768000,0.883477865,0,2025-12-07 11:00:00.000000,2025-12-07 11:00:59.999922,2,BAYxx_xxxx_20251207_105045_000.7z;BAYxx_xxxx_20251207_110052_000.7z
2025-12-07 11:01:00,2165.758927,2.165758927,962.780999,473.573887,729.404041,768000,768000,1.000000000,1,2025-12-07 11:01:00.000000,2025-12-07 11:01:59.999922,1,BAYxx_xxxx_20251207_110052_000.7z
2025-12-07 11:02:00,-3563.054724,-3.563054724,-938.660634,-1432.436635,-1191.957455,768000,768000,1.000000000,1,2025-12-07 11:02:00.000000,2025-12-07 11:02:59.999922,1,BAYxx_xxxx_20251207_110052_000.7z
2025-12-07 11:03:00,-17238.730011,-17.238730011,-5477.769703,-6011.562667,-5749.397641,768000,768000,1.000000000,1,2025-12-07 11:03:00.000000,2025-12-07 11:03:59.999922,1,BAYxx_xxxx_20251207_110052_000.7z
2025-12-07 11:04:00,-17656.021764,-17.656021764,-5608.219440,-6153.053147,-5894.749177,768000,768000,1.000000000,1,2025-12-07 11:04:00.000000,2025-12-07 11:04:59.999922,1,BAYxx_xxxx_20251207_110052_000.7z
2025-12-07 11:05:00,-18135.526164,-18.135526164,-5777.987727,-6304.308694,-6053.229743,768000,768000,1.000000000,1,2025-12-07 11:05:00.000000,2025-12-07 11:05:59.999922,1,BAYxx_xxxx_20251207_110052_000.7z
2025-12-07 11:06:00,-2220.674544,-2.220674544,-494.511470,-991.549147,-734.613926,768000,768000,1.000000000,1,2025-12-07 11:06:00.000000,2025-12-07 11:06:59.999922,1,BAYxx_xxxx_20251207_110052_000.7z
2025-12-07 11:07:00,12538.255937,12.538255937,4245.530519,3992.198381,4300.527038,768000,768000,1.000000000,1,2025-12-07 11:07:00.000000,2025-12-07 11:07:59.999922,1,BAYxx_xxxx_20251207_110052_000.7z
2025-12-07 11:08:00,12852.884919,12.852884919,4072.990046,4178.419980,4601.474893,768000,768000,1.000000000,1,2025-12-07 11:08:00.000000,2025-12-07 11:08:59.999922,1,BAYxx_xxxx_20251207_110052_000.7z
2025-12-07 11:09:00,-11334.479061,-11.334479061,-3600.617078,-4016.093168,-3717.768816,768000,768000,1.000000000,1,2025-12-07 11:09:00.000000,2025-12-07 11:09:59.999922,1,BAYxx_xxxx_20251207_110052_000.7z
2025-12-07 11:10:00,-17842.106381,-17.842106381,-5673.694456,-6204.645954,-5963.765971,716932,768000,0.933505208,0,2025-12-07 11:10:00.000000,2025-12-07 11:10:59.999922,2,BAYxx_xxxx_20251207_110052_000.7z;BAYxx_xxxx_20251207_111056_000.7z
2025-12-07 11:11:00,-18064.716285,-18.064716285,-5753.329050,-6288.395787,-6022.991449,768000,768000,1.000000000,1,2025-12-07 11:11:00.000000,2025-12-07 11:11:59.999922,1,BAYxx_xxxx_20251207_111056_000.7z
2025-12-07 11:12:00,-1888.401334,-1.888401334,-386.129053,-885.065075,-617.207206,768000,768000,1.000000000,1,2025-12-07 11:12:00.000000,2025-12-07 11:12:59.999922,1,BAYxx_xxxx_20251207_111056_000.7z
2025-12-07 11:13:00,4059.545737,4.059545737,1561.594425,1107.764678,1390.186634,768000,768000,1.000000000,1,2025-12-07 11:13:00.000000,2025-12-07 11:13:59.999922,1,BAYxx_xxxx_20251207_111056_000.7z
2025-12-07 11:14:00,12237.819721,12.237819721,3888.465558,3957.883650,4391.470513,768000,768000,1.000000000,1,2025-12-07 11:14:00.000000,2025-12-07 11:14:59.999922,1,BAYxx_xxxx_20251207_111056_000.7z
2025-12-07 11:15:00,-4341.902287,-4.341902287,-1393.341604,-1683.428810,-1265.131873,768000,768000,1.000000000,1,2025-12-07 11:15:00.000000,2025-12-07 11:15:59.999922,1,BAYxx_xxxx_20251207_111056_000.7z
2025-12-07 11:16:00,-17957.595989,-17.957595989,-5714.439816,-6254.660612,-5988.495561,768000,768000,1.000000000,1,2025-12-07 11:16:00.000000,2025-12-07 11:16:59.999922,1,BAYxx_xxxx_20251207_111056_000.7z
2025-12-07 11:17:00,-18027.910371,-18.027910371,-5739.723068,-6277.462022,-6010.725281,768000,768000,1.000000000,1,2025-12-07 11:17:00.000000,2025-12-07 11:17:59.999922,1,BAYxx_xxxx_20251207_111056_000.7z
2025-12-07 11:18:00,2372.610344,2.372610344,1051.632707,559.794165,761.183472,768000,768000,1.000000000,1,2025-12-07 11:18:00.000000,2025-12-07 11:18:59.999922,1,BAYxx_xxxx_20251207_111056_000.7z
2025-12-07 11:19:00,1612.430535,1.612430535,800.591874,314.162320,497.676341,768000,768000,1.000000000,1,2025-12-07 11:19:00.000000,2025-12-07 11:19:59.999922,1,BAYxx_xxxx_20251207_111056_000.7z
2025-12-07 11:20:00,-16341.848612,-16.341848612,-5147.093464,-5679.334931,-5515.420217,716906,768000,0.933471354,0,2025-12-07 11:20:00.000000,2025-12-07 11:20:56.008203,1,BAYxx_xxxx_20251207_111056_000.7z
2025-12-07 11:21:00,-17889.913341,-17.889913341,-5655.552470,-6200.742623,-6033.618247,755200,768000,0.983333333,0,2025-12-07 11:21:01.000000,2025-12-07 11:21:59.999922,1,BAYxx_xxxx_20251207_112101_000.7z
2025-12-07 11:22:00,-18189.451688,-18.189451688,-5751.285435,-6301.722447,-6136.443807,768000,768000,1.000000000,1,2025-12-07 11:22:00.000000,2025-12-07 11:22:59.999922,1,BAYxx_xxxx_20251207_112101_000.7z
2025-12-07 11:23:00,-13724.518094,-13.724518094,-4275.596662,-4811.174771,-4637.746661,768000,768000,1.000000000,1,2025-12-07 11:23:00.000000,2025-12-07 11:23:59.999922,1,BAYxx_xxxx_20251207_112101_000.7z
2025-12-07 11:24:00,2078.219091,2.078219091,969.821035,465.946362,642.451694,768000,768000,1.000000000,1,2025-12-07 11:24:00.000000,2025-12-07 11:24:59.999922,1,BAYxx_xxxx_20251207_112101_000.7z
2025-12-07 11:25:00,-1905.054228,-1.905054228,-361.036949,-858.624323,-685.392956,768000,768000,1.000000000,1,2025-12-07 11:25:00.000000,2025-12-07 11:25:59.999922,1,BAYxx_xxxx_20251207_112101_000.7z
2025-12-07 11:26:00,-16605.266156,-16.605266156,-5238.003043,-5766.045316,-5601.217796,768000,768000,1.000000000,1,2025-12-07 11:26:00.000000,2025-12-07 11:26:59.999922,1,BAYxx_xxxx_20251207_112101_000.7z
2025-12-07 11:27:00,4771.126544,4.771126544,1508.864575,1474.820045,1787.441924,768000,768000,1.000000000,1,2025-12-07 11:27:00.000000,2025-12-07 11:27:59.999922,1,BAYxx_xxxx_20251207_112101_000.7z
2025-12-07 11:28:00,6556.552390,6.556552390,2113.367633,2048.786494,2394.398262,768000,768000,1.000000000,1,2025-12-07 11:28:00.000000,2025-12-07 11:28:59.999922,1,BAYxx_xxxx_20251207_112101_000.7z
2025-12-07 11:29:00,-17899.850698,-17.899850698,-5669.853679,-6198.180678,-6031.816340,768000,768000,1.000000000,1,2025-12-07 11:29:00.000000,2025-12-07 11:29:59.999922,1,BAYxx_xxxx_20251207_112101_000.7z
2025-12-07 11:30:00,-18894.540009,-18.894540009,-5988.789558,-6536.450890,-6369.299561,768000,768000,1.000000000,1,2025-12-07 11:30:00.000000,2025-12-07 11:30:59.999922,1,BAYxx_xxxx_20251207_112101_000.7z
2025-12-07 11:31:00,-18702.500387,-18.702500387,-5924.430473,-6467.775856,-6310.294058,716883,768000,0.933441406,0,2025-12-07 11:31:00.000000,2025-12-07 11:31:59.999922,2,BAYxx_xxxx_20251207_112101_000.7z;BAYxx_xxxx_20251207_113105_000.7z
2025-12-07 11:32:00,-17945.856408,-17.945856408,-5668.313095,-6215.106455,-6062.436859,768000,768000,1.000000000,1,2025-12-07 11:32:00.000000,2025-12-07 11:32:59.999922,1,BAYxx_xxxx_20251207_113105_000.7z
2025-12-07 11:33:00,-11775.902060,-11.775902060,-3716.722245,-4149.745478,-3909.434337,768000,768000,1.000000000,1,2025-12-07 11:33:00.000000,2025-12-07 11:33:59.999922,1,BAYxx_xxxx_20251207_113105_000.7z
2025-12-07 11:34:00,7275.493634,7.275493634,2344.114848,2247.058735,2684.320052,768000,768000,1.000000000,1,2025-12-07 11:34:00.000000,2025-12-07 11:34:59.999922,1,BAYxx_xxxx_20251207_113105_000.7z
2025-12-07 11:35:00,-12191.357463,-12.191357463,-3886.377341,-4301.541210,-4003.438912,768000,768000,1.000000000,1,2025-12-07 11:35:00.000000,2025-12-07 11:35:59.999922,1,BAYxx_xxxx_20251207_113105_000.7z
2025-12-07 11:36:00,1989.617541,1.989617541,908.308795,418.937917,662.370830,768000,768000,1.000000000,1,2025-12-07 11:36:00.000000,2025-12-07 11:36:59.999922,1,BAYxx_xxxx_20251207_113105_000.7z
2025-12-07 11:37:00,1576.941989,1.576941989,758.967842,287.477949,530.496198,768000,768000,1.000000000,1,2025-12-07 11:37:00.000000,2025-12-07 11:37:59.999922,1,BAYxx_xxxx_20251207_113105_000.7z
2025-12-07 11:38:00,-16682.858834,-16.682858834,-5284.094937,-5830.251211,-5568.512686,768000,768000,1.000000000,1,2025-12-07 11:38:00.000000,2025-12-07 11:38:59.999922,1,BAYxx_xxxx_20251207_113105_000.7z
2025-12-07 11:39:00,-18361.601666,-18.361601666,-5848.496565,-6388.907104,-6124.197997,768000,768000,1.000000000,1,2025-12-07 11:39:00.000000,2025-12-07 11:39:59.999922,1,BAYxx_xxxx_20251207_113105_000.7z
2025-12-07 11:40:00,-6419.424754,-6.419424754,-1879.801991,-2396.916728,-2142.706035,768000,768000,1.000000000,1,2025-12-07 11:40:00.000000,2025-12-07 11:40:59.999922,1,BAYxx_xxxx_20251207_113105_000.7z
2025-12-07 11:41:00,2402.227689,2.402227689,1046.024584,556.066891,800.136214,665679,768000,0.866769531,0,2025-12-07 11:41:00.000000,2025-12-07 11:41:59.999922,2,BAYxx_xxxx_20251207_113105_000.7z;BAYxx_xxxx_20251207_114113_000.7z
2025-12-07 11:42:00,-5797.525156,-5.797525156,-1689.407615,-2174.771200,-1933.346340,768000,768000,1.000000000,1,2025-12-07 11:42:00.000000,2025-12-07 11:42:59.999922,1,BAYxx_xxxx_20251207_114113_000.7z
2025-12-07 11:43:00,-18047.170304,-18.047170304,-5735.652663,-6287.564040,-6023.953602,768000,768000,1.000000000,1,2025-12-07 11:43:00.000000,2025-12-07 11:43:59.999922,1,BAYxx_xxxx_20251207_114113_000.7z
2025-12-07 11:44:00,-18333.835832,-18.333835832,-5828.727697,-6378.884322,-6126.223814,768000,768000,1.000000000,1,2025-12-07 11:44:00.000000,2025-12-07 11:44:59.999922,1,BAYxx_xxxx_20251207_114113_000.7z
2025-12-07 11:45:00,-18388.504807,-18.388504807,-5849.986533,-6398.192683,-6140.325591,768000,768000,1.000000000,1,2025-12-07 11:45:00.000000,2025-12-07 11:45:59.999922,1,BAYxx_xxxx_20251207_114113_000.7z
2025-12-07 11:46:00,-17445.498188,-17.445498188,-5529.299926,-6091.884283,-5824.313979,768000,768000,1.000000000,1,2025-12-07 11:46:00.000000,2025-12-07 11:46:59.999922,1,BAYxx_xxxx_20251207_114113_000.7z
2025-12-07 11:47:00,-10012.940931,-10.012940931,-3180.166456,-3577.864070,-3254.910405,768000,768000,1.000000000,1,2025-12-07 11:47:00.000000,2025-12-07 11:47:59.999922,1,BAYxx_xxxx_20251207_114113_000.7z
2025-12-07 11:48:00,5883.067679,5.883067679,1778.596293,1823.207961,2281.263424,768000,768000,1.000000000,1,2025-12-07 11:48:00.000000,2025-12-07 11:48:59.999922,1,BAYxx_xxxx_20251207_114113_000.7z
2025-12-07 11:49:00,-14162.360850,-14.162360850,-4513.564379,-4969.691058,-4679.105413,768000,768000,1.000000000,1,2025-12-07 11:49:00.000000,2025-12-07 11:49:59.999922,1,BAYxx_xxxx_20251207_114113_000.7z
2025-12-07 11:50:00,-18691.670504,-18.691670504,-5947.488671,-6497.311867,-6246.869965,768000,768000,1.000000000,1,2025-12-07 11:50:00.000000,2025-12-07 11:50:59.999922,1,BAYxx_xxxx_20251207_114113_000.7z
2025-12-07 11:51:00,-9721.990030,-9.721990030,-2972.009871,-3508.822561,-3241.157598,704094,768000,0.916789063,0,2025-12-07 11:51:00.000000,2025-12-07 11:51:59.999922,2,BAYxx_xxxx_20251207_114113_000.7z;BAYxx_xxxx_20251207_115118_000.7z
2025-12-07 11:52:00,2556.391739,2.556391739,1101.073296,590.639375,864.679068,768000,768000,1.000000000,1,2025-12-07 11:52:00.000000,2025-12-07 11:52:59.999922,1,BAYxx_xxxx_20251207_115118_000.7z
2025-12-07 11:53:00,-3755.703527,-3.755703527,-1018.559430,-1491.040619,-1246.103478,768000,768000,1.000000000,1,2025-12-07 11:53:00.000000,2025-12-07 11:53:59.999922,1,BAYxx_xxxx_20251207_115118_000.7z
2025-12-07 11:54:00,6428.855616,6.428855616,2045.892809,1951.838755,2431.124051,768000,768000,1.000000000,1,2025-12-07 11:54:00.000000,2025-12-07 11:54:59.999922,1,BAYxx_xxxx_20251207_115118_000.7z
2025-12-07 11:55:00,2320.168228,2.320168228,739.433155,554.616211,1026.118861,768000,768000,1.000000000,1,2025-12-07 11:55:00.000000,2025-12-07 11:55:59.999922,1,BAYxx_xxxx_20251207_115118_000.7z
2025-12-07 11:56:00,-19143.539941,-19.143539941,-6093.086341,-6653.936752,-6396.516848,768000,768000,1.000000000,1,2025-12-07 11:56:00.000000,2025-12-07 11:56:59.999922,1,BAYxx_xxxx_20251207_115118_000.7z
2025-12-07 11:57:00,-12984.694242,-12.984694242,-4056.025502,-4593.585012,-4335.083729,768000,768000,1.000000000,1,2025-12-07 11:57:00.000000,2025-12-07 11:57:59.999922,1,BAYxx_xxxx_20251207_115118_000.7z
2025-12-07 11:58:00,2009.314145,2.009314145,916.419140,418.762623,674.132382,768000,768000,1.000000000,1,2025-12-07 11:58:00.000000,2025-12-07 11:58:59.999922,1,BAYxx_xxxx_20251207_115118_000.7z
2025-12-07 11:59:00,-3106.091820,-3.106091820,-792.129318,-1284.084541,-1029.877962,768000,768000,1.000000000,1,2025-12-07 11:59:00.000000,2025-12-07 11:59:59.999922,1,BAYxx_xxxx_20251207_115118_000.7z
2025-12-07 12:00:00,-18496.595518,-18.496595518,-5879.621615,-6436.177510,-6180.796393,768000,768000,1.000000000,1,2025-12-07 12:00:00.000000,2025-12-07 12:00:59.999922,1,BAYxx_xxxx_20251207_115118_000.7z
2025-12-07 12:01:00,-18497.315387,-18.497315387,-5882.266293,-6437.155544,-6177.893550,678438,768000,0.883382812,0,2025-12-07 12:01:00.000000,2025-12-07 12:01:59.999922,2,BAYxx_xxxx_20251207_115118_000.7z;BAYxx_xxxx_20251207_120125_000.7z
2025-12-07 12:02:00,-13568.038556,-13.568038556,-4247.409232,-4787.578412,-4533.050913,768000,768000,1.000000000,1,2025-12-07 12:02:00.000000,2025-12-07 12:02:59.999922,1,BAYxx_xxxx_20251207_120125_000.7z
2025-12-07 12:03:00,2038.305690,2.038305690,930.537802,438.513022,669.254865,768000,768000,1.000000000,1,2025-12-07 12:03:00.000000,2025-12-07 12:03:59.999922,1,BAYxx_xxxx_20251207_120125_000.7z
2025-12-07 12:04:00,-2283.415984,-2.283415984,-464.847384,-987.015861,-831.552740,768000,768000,1.000000000,1,2025-12-07 12:04:00.000000,2025-12-07 12:04:59.999922,1,BAYxx_xxxx_20251207_120125_000.7z
2025-12-07 12:05:00,-18497.901069,-18.497901069,-5848.243089,-6402.907479,-6246.750501,768000,768000,1.000000000,1,2025-12-07 12:05:00.000000,2025-12-07 12:05:59.999922,1,BAYxx_xxxx_20251207_120125_000.7z
2025-12-07 12:06:00,-18813.569192,-18.813569192,-5951.059897,-6513.320287,-6349.189008,768000,768000,1.000000000,1,2025-12-07 12:06:00.000000,2025-12-07 12:06:59.999922,1,BAYxx_xxxx_20251207_120125_000.7z
2025-12-07 12:07:00,-17324.337630,-17.324337630,-5469.572208,-6008.546071,-5846.219351,768000,768000,1.000000000,1,2025-12-07 12:07:00.000000,2025-12-07 12:07:59.999922,1,BAYxx_xxxx_20251207_120125_000.7z
2025-12-07 12:08:00,17923.438848,17.923438848,6021.669360,5759.491448,6142.278041,768000,768000,1.000000000,1,2025-12-07 12:08:00.000000,2025-12-07 12:08:59.999922,1,BAYxx_xxxx_20251207_120125_000.7z
2025-12-07 12:09:00,24834.860857,24.834860857,8249.913964,8095.046755,8489.900139,768000,768000,1.000000000,1,2025-12-07 12:09:00.000000,2025-12-07 12:09:59.999922,1,BAYxx_xxxx_20251207_120125_000.7z
2025-12-07 12:10:00,-14575.914167,-14.575914167,-4561.007521,-5090.492996,-4924.413650,768000,768000,1.000000000,1,2025-12-07 12:10:00.000000,2025-12-07 12:10:59.999922,1,BAYxx_xxxx_20251207_120125_000.7z
2025-12-07 12:11:00,-18645.260777,-18.645260777,-5900.055165,-6454.488771,-6290.716842,716809,768000,0.933345052,0,2025-12-07 12:11:00.000000,2025-12-07 12:11:59.999922,2,BAYxx_xxxx_20251207_120125_000.7z;BAYxx_xxxx_20251207_121129_000.7z
2025-12-07 12:12:00,-18469.949324,-18.469949324,-5845.574451,-6393.016992,-6231.357881,768000,768000,1.000000000,1,2025-12-07 12:12:00.000000,2025-12-07 12:12:59.999922,1,BAYxx_xxxx_20251207_121129_000.7z
2025-12-07 12:13:00,-18173.108040,-18.173108040,-5743.357428,-6299.170962,-6130.579650,768000,768000,1.000000000,1,2025-12-07 12:13:00.000000,2025-12-07 12:13:59.999922,1,BAYxx_xxxx_20251207_121129_000.7z
2025-12-07 12:14:00,-18080.981379,-18.080981379,-5719.438914,-6264.017287,-6097.525177,768000,768000,1.000000000,1,2025-12-07 12:14:00.000000,2025-12-07 12:14:59.999922,1,BAYxx_xxxx_20251207_121129_000.7z
2025-12-07 12:15:00,-18307.837099,-18.307837099,-5788.728978,-6342.158849,-6176.949272,768000,768000,1.000000000,1,2025-12-07 12:15:00.000000,2025-12-07 12:15:59.999922,1,BAYxx_xxxx_20251207_121129_000.7z
2025-12-07 12:16:00,-18160.476683,-18.160476683,-5741.270445,-6284.377801,-6134.828438,768000,768000,1.000000000,1,2025-12-07 12:16:00.000000,2025-12-07 12:16:59.999922,1,BAYxx_xxxx_20251207_121129_000.7z
2025-12-07 12:17:00,-18098.597657,-18.098597657,-5717.969371,-6269.646146,-6110.982140,768000,768000,1.000000000,1,2025-12-07 12:17:00.000000,2025-12-07 12:17:59.999922,1,BAYxx_xxxx_20251207_121129_000.7z
2025-12-07 12:18:00,-18084.626111,-18.084626111,-5724.108442,-6275.043026,-6085.474642,768000,768000,1.000000000,1,2025-12-07 12:18:00.000000,2025-12-07 12:18:59.999922,1,BAYxx_xxxx_20251207_121129_000.7z
2025-12-07 12:19:00,426.777764,0.426777764,392.242925,-108.083501,142.618339,768000,768000,1.000000000,1,2025-12-07 12:19:00.000000,2025-12-07 12:19:59.999922,1,BAYxx_xxxx_20251207_121129_000.7z
2025-12-07 12:20:00,2309.697968,2.309697968,1024.135648,524.542879,761.019440,768000,768000,1.000000000,1,2025-12-07 12:20:00.000000,2025-12-07 12:20:59.999922,1,BAYxx_xxxx_20251207_121129_000.7z
2025-12-07 12:21:00,-12941.366624,-12.941366624,-4051.541369,-4568.432110,-4321.393144,704070,768000,0.916757812,0,2025-12-07 12:21:00.000000,2025-12-07 12:21:59.999922,2,BAYxx_xxxx_20251207_121129_000.7z;BAYxx_xxxx_20251207_122134_000.7z
2025-12-07 12:22:00,-479.364664,-0.479364664,-142.460865,-369.506464,32.602665,768000,768000,1.000000000,1,2025-12-07 12:22:00.000000,2025-12-07 12:22:59.999922,1,BAYxx_xxxx_20251207_122134_000.7z
2025-12-07 12:23:00,7044.791826,7.044791826,2271.442326,2109.058481,2664.291019,768000,768000,1.000000000,1,2025-12-07 12:23:00.000000,2025-12-07 12:23:59.999922,1,BAYxx_xxxx_20251207_122134_000.7z
2025-12-07 12:24:00,-14685.130189,-14.685130189,-4661.473319,-5157.393810,-4866.263061,768000,768000,1.000000000,1,2025-12-07 12:24:00.000000,2025-12-07 12:24:59.999922,1,BAYxx_xxxx_20251207_122134_000.7z
2025-12-07 12:25:00,1704.674004,1.704674004,826.198396,311.127251,567.348358,768000,768000,1.000000000,1,2025-12-07 12:25:00.000000,2025-12-07 12:25:59.999922,1,BAYxx_xxxx_20251207_122134_000.7z
2025-12-07 12:26:00,1512.987985,1.512987985,759.564001,250.740449,502.683535,768000,768000,1.000000000,1,2025-12-07 12:26:00.000000,2025-12-07 12:26:59.999922,1,BAYxx_xxxx_20251207_122134_000.7z
2025-12-07 12:27:00,-16378.028584,-16.378028584,-5182.020005,-5725.847469,-5470.161110,768000,768000,1.000000000,1,2025-12-07 12:27:00.000000,2025-12-07 12:27:59.999922,1,BAYxx_xxxx_20251207_122134_000.7z
2025-12-07 12:28:00,-17494.315221,-17.494315221,-5551.445083,-6098.394394,-5844.475744,768000,768000,1.000000000,1,2025-12-07 12:28:00.000000,2025-12-07 12:28:59.999922,1,BAYxx_xxxx_20251207_122134_000.7z
2025-12-07 12:29:00,-12354.103942,-12.354103942,-3851.647624,-4379.407202,-4123.049116,768000,768000,1.000000000,1,2025-12-07 12:29:00.000000,2025-12-07 12:29:59.999922,1,BAYxx_xxxx_20251207_122134_000.7z
2025-12-07 12:30:00,2512.416666,2.512416666,1084.040538,592.136730,836.239398,768000,768000,1.000000000,1,2025-12-07 12:30:00.000000,2025-12-07 12:30:59.999922,1,BAYxx_xxxx_20251207_122134_000.7z
2025-12-07 12:31:00,285.357878,0.285357878,346.944286,-155.366666,93.780258,652932,768000,0.850171875,0,2025-12-07 12:31:00.000000,2025-12-07 12:31:59.999922,2,BAYxx_xxxx_20251207_122134_000.7z;BAYxx_xxxx_20251207_123143_000.7z
2025-12-07 12:32:00,-17056.382455,-17.056382455,-5397.213593,-5955.637115,-5703.531747,768000,768000,1.000000000,1,2025-12-07 12:32:00.000000,2025-12-07 12:32:59.999922,1,BAYxx_xxxx_20251207_123143_000.7z
2025-12-07 12:33:00,-17600.808116,-17.600808116,-5584.839146,-6131.575208,-5884.393762,768000,768000,1.000000000,1,2025-12-07 12:33:00.000000,2025-12-07 12:33:59.999922,1,BAYxx_xxxx_20251207_123143_000.7z
2025-12-07 12:34:00,-17438.829405,-17.438829405,-5532.641022,-6078.481268,-5827.707115,768000,768000,1.000000000,1,2025-12-07 12:34:00.000000,2025-12-07 12:34:59.999922,1,BAYxx_xxxx_20251207_123143_000.7z
2025-12-07 12:35:00,-17407.480828,-17.407480828,-5514.961933,-6069.812225,-5822.706670,768000,768000,1.000000000,1,2025-12-07 12:35:00.000000,2025-12-07 12:35:59.999922,1,BAYxx_xxxx_20251207_123143_000.7z
2025-12-07 12:36:00,-17381.079752,-17.381079752,-5516.673225,-6058.117746,-5806.288782,768000,768000,1.000000000,1,2025-12-07 12:36:00.000000,2025-12-07 12:36:59.999922,1,BAYxx_xxxx_20251207_123143_000.7z
2025-12-07 12:37:00,-17062.861464,-17.062861464,-5399.721964,-5955.752434,-5707.387067,768000,768000,1.000000000,1,2025-12-07 12:37:00.000000,2025-12-07 12:37:59.999922,1,BAYxx_xxxx_20251207_123143_000.7z
2025-12-07 12:38:00,-648.186892,-0.648186892,37.626180,-459.503350,-226.309723,768000,768000,1.000000000,1,2025-12-07 12:38:00.000000,2025-12-07 12:38:59.999922,1,BAYxx_xxxx_20251207_123143_000.7z
2025-12-07 12:39:00,6637.286119,6.637286119,2407.678316,1978.819468,2250.788334,768000,768000,1.000000000,1,2025-12-07 12:39:00.000000,2025-12-07 12:39:59.999922,1,BAYxx_xxxx_20251207_123143_000.7z
2025-12-07 12:40:00,11665.103831,11.665103831,3757.459071,3722.994976,4184.649784,768000,768000,1.000000000,1,2025-12-07 12:40:00.000000,2025-12-07 12:40:59.999922,1,BAYxx_xxxx_20251207_123143_000.7z
2025-12-07 12:41:00,8693.864096,8.693864096,2783.907446,2737.332909,3172.623741,729740,768000,0.950182292,0,2025-12-07 12:41:00.000000,2025-12-07 12:41:59.999922,2,BAYxx_xxxx_20251207_123143_000.7z;BAYxx_xxxx_20251207_124146_000.7z
2025-12-07 12:42:00,-13231.343470,-13.231343470,-4176.289238,-4663.903932,-4391.150301,768000,768000,1.000000000,1,2025-12-07 12:42:00.000000,2025-12-07 12:42:59.999922,1,BAYxx_xxxx_20251207_124146_000.7z
2025-12-07 12:43:00,-2783.917620,-2.783917620,-657.434693,-1186.747258,-939.735669,768000,768000,1.000000000,1,2025-12-07 12:43:00.000000,2025-12-07 12:43:59.999922,1,BAYxx_xxxx_20251207_124146_000.7z
2025-12-07 12:44:00,2238.026498,2.238026498,1008.549264,493.508292,735.968942,768000,768000,1.000000000,1,2025-12-07 12:44:00.000000,2025-12-07 12:44:59.999922,1,BAYxx_xxxx_20251207_124146_000.7z
2025-12-07 12:45:00,-13346.594175,-13.346594175,-4175.207595,-4711.459788,-4459.926792,768000,768000,1.000000000,1,2025-12-07 12:45:00.000000,2025-12-07 12:45:59.999922,1,BAYxx_xxxx_20251207_124146_000.7z
2025-12-07 12:46:00,-16901.277043,-16.901277043,-5360.567848,-5899.873593,-5640.835602,768000,768000,1.000000000,1,2025-12-07 12:46:00.000000,2025-12-07 12:46:59.999922,1,BAYxx_xxxx_20251207_124146_000.7z
2025-12-07 12:47:00,-16869.852413,-16.869852413,-5353.950251,-5889.543438,-5626.358724,768000,768000,1.000000000,1,2025-12-07 12:47:00.000000,2025-12-07 12:47:59.999922,1,BAYxx_xxxx_20251207_124146_000.7z
2025-12-07 12:48:00,-13668.591390,-13.668591390,-4288.542844,-4814.321636,-4565.726911,768000,768000,1.000000000,1,2025-12-07 12:48:00.000000,2025-12-07 12:48:59.999922,1,BAYxx_xxxx_20251207_124146_000.7z
2025-12-07 12:49:00,2210.549936,2.210549936,1020.311567,509.975884,680.262484,768000,768000,1.000000000,1,2025-12-07 12:49:00.000000,2025-12-07 12:49:59.999922,1,BAYxx_xxxx_20251207_124146_000.7z
2025-12-07 12:50:00,-574.949793,-0.574949793,92.435234,-414.224501,-253.160526,768000,768000,1.000000000,1,2025-12-07 12:50:00.000000,2025-12-07 12:50:59.999922,1,BAYxx_xxxx_20251207_124146_000.7z
2025-12-07 12:51:00,-16168.706255,-16.168706255,-5075.952157,-5625.330571,-5467.423527,640078,768000,0.833434896,0,2025-12-07 12:51:00.000000,2025-12-07 12:51:59.999922,2,BAYxx_xxxx_20251207_124146_000.7z;BAYxx_xxxx_20251207_125156_000.7z
2025-12-07 12:52:00,-16274.347405,-16.274347405,-5104.906499,-5661.063997,-5508.376909,768000,768000,1.000000000,1,2025-12-07 12:52:00.000000,2025-12-07 12:52:59.999922,1,BAYxx_xxxx_20251207_125156_000.7z
2025-12-07 12:53:00,-14212.650465,-14.212650465,-4421.785942,-4972.004054,-4818.860469,768000,768000,1.000000000,1,2025-12-07 12:53:00.000000,2025-12-07 12:53:59.999922,1,BAYxx_xxxx_20251207_125156_000.7z
2025-12-07 12:54:00,2258.960566,2.258960566,1031.207171,534.349143,693.404252,768000,768000,1.000000000,1,2025-12-07 12:54:00.000000,2025-12-07 12:54:59.999922,1,BAYxx_xxxx_20251207_125156_000.7z
2025-12-07 12:55:00,285.669574,0.285669574,385.018715,-126.056072,26.706931,768000,768000,1.000000000,1,2025-12-07 12:55:00.000000,2025-12-07 12:55:59.999922,1,BAYxx_xxxx_20251207_125156_000.7z
2025-12-07 12:56:00,-14195.376080,-14.195376080,-4415.562254,-4962.301304,-4817.512521,768000,768000,1.000000000,1,2025-12-07 12:56:00.000000,2025-12-07 12:56:59.999922,1,BAYxx_xxxx_20251207_125156_000.7z
2025-12-07 12:57:00,-14430.786784,-14.430786784,-4493.541689,-5038.518197,-4898.726898,768000,768000,1.000000000,1,2025-12-07 12:57:00.000000,2025-12-07 12:57:59.999922,1,BAYxx_xxxx_20251207_125156_000.7z
2025-12-07 12:58:00,-14558.669867,-14.558669867,-4534.608546,-5086.817708,-4937.243614,768000,768000,1.000000000,1,2025-12-07 12:58:00.000000,2025-12-07 12:58:59.999922,1,BAYxx_xxxx_20251207_125156_000.7z
2025-12-07 12:59:00,-7218.368563,-7.218368563,-2096.482864,-2626.243099,-2495.642599,768000,768000,1.000000000,1,2025-12-07 12:59:00.000000,2025-12-07 12:59:59.999922,1,BAYxx_xxxx_20251207_125156_000.7z
2025-12-07 13:00:00,16705.763823,16.705763823,5709.225375,5366.591896,5629.946552,768000,768000,1.000000000,1,2025-12-07 13:00:00.000000,2025-12-07 13:00:59.999922,1,BAYxx_xxxx_20251207_125156_000.7z
2025-12-07 13:01:00,22291.314852,22.291314852,7398.458213,7276.780203,7616.076436,716942,768000,0.933518229,0,2025-12-07 13:01:00.000000,2025-12-07 13:01:56.011016,1,BAYxx_xxxx_20251207_125156_000.7z
2025-12-07 13:02:00,-13513.329011,-13.513329011,-4198.089781,-4738.697745,-4576.541485,768000,768000,1.000000000,1,2025-12-07 13:02:00.000000,2025-12-07 13:02:59.999922,1,BAYxx_xxxx_20251207_130200_000.7z
2025-12-07 13:03:00,-14854.943176,-14.854943176,-4648.791001,-5175.838105,-5030.314070,768000,768000,1.000000000,1,2025-12-07 13:03:00.000000,2025-12-07 13:03:59.999922,1,BAYxx_xxxx_20251207_130200_000.7z
2025-12-07 13:04:00,-11958.388221,-11.958388221,-3719.144313,-4230.784832,-4008.459076,768000,768000,1.000000000,1,2025-12-07 13:04:00.000000,2025-12-07 13:04:59.999922,1,BAYxx_xxxx_20251207_130200_000.7z
2025-12-07 13:05:00,2000.841033,2.000841033,909.099988,428.349083,663.391962,768000,768000,1.000000000,1,2025-12-07 13:05:00.000000,2025-12-07 13:05:59.999922,1,BAYxx_xxxx_20251207_130200_000.7z
2025-12-07 13:06:00,-443.339485,-0.443339485,95.366908,-382.609684,-156.096708,768000,768000,1.000000000,1,2025-12-07 13:06:00.000000,2025-12-07 13:06:59.999922,1,BAYxx_xxxx_20251207_130200_000.7z
2025-12-07 13:07:00,-13382.360309,-13.382360309,-4187.689437,-4721.703211,-4472.967661,768000,768000,1.000000000,1,2025-12-07 13:07:00.000000,2025-12-07 13:07:59.999922,1,BAYxx_xxxx_20251207_130200_000.7z
2025-12-07 13:08:00,-14016.754331,-14.016754331,-4400.195226,-4930.340576,-4686.218528,768000,768000,1.000000000,1,2025-12-07 13:08:00.000000,2025-12-07 13:08:59.999922,1,BAYxx_xxxx_20251207_130200_000.7z
2025-12-07 13:09:00,-11413.701309,-11.413701309,-3541.320089,-4052.372272,-3820.008948,768000,768000,1.000000000,1,2025-12-07 13:09:00.000000,2025-12-07 13:09:59.999922,1,BAYxx_xxxx_20251207_130200_000.7z
2025-12-07 13:10:00,2106.113272,2.106113272,954.208502,473.465375,678.439395,768000,768000,1.000000000,1,2025-12-07 13:10:00.000000,2025-12-07 13:10:59.999922,1,BAYxx_xxxx_20251207_130200_000.7z
2025-12-07 13:11:00,-569.468742,-0.569468742,59.211386,-418.692688,-209.987440,768000,768000,1.000000000,1,2025-12-07 13:11:00.000000,2025-12-07 13:11:59.999922,1,BAYxx_xxxx_20251207_130200_000.7z
2025-12-07 13:12:00,-13001.755857,-13.001755857,-4059.071426,-4590.687413,-4351.997018,716933,768000,0.933506510,0,2025-12-07 13:12:00.000000,2025-12-07 13:12:59.999922,2,BAYxx_xxxx_20251207_130200_000.7z;BAYxx_xxxx_20251207_131204_000.7z
2025-12-07 13:13:00,-13810.371097,-13.810371097,-4339.446486,-4856.209296,-4614.715315,768000,768000,1.000000000,1,2025-12-07 13:13:00.000000,2025-12-07 13:13:59.999922,1,BAYxx_xxxx_20251207_131204_000.7z
2025-12-07 13:14:00,-12252.716017,-12.252716017,-3818.852949,-4335.050461,-4098.812607,768000,768000,1.000000000,1,2025-12-07 13:14:00.000000,2025-12-07 13:14:59.999922,1,BAYxx_xxxx_20251207_131204_000.7z
2025-12-07 13:15:00,19629.665690,19.629665690,6549.408887,6299.238943,6781.017860,768000,768000,1.000000000,1,2025-12-07 13:15:00.000000,2025-12-07 13:15:59.999922,1,BAYxx_xxxx_20251207_131204_000.7z
2025-12-07 13:16:00,27404.500099,27.404500099,9040.553435,8932.671101,9431.275563,768000,768000,1.000000000,1,2025-12-07 13:16:00.000000,2025-12-07 13:16:59.999922,1,BAYxx_xxxx_20251207_131204_000.7z
2025-12-07 13:17:00,-8277.080953,-8.277080953,-2513.427427,-3016.293951,-2747.359576,768000,768000,1.000000000,1,2025-12-07 13:17:00.000000,2025-12-07 13:17:59.999922,1,BAYxx_xxxx_20251207_131204_000.7z
2025-12-07 13:18:00,-13021.767876,-13.021767876,-4068.081723,-4594.230701,-4359.455452,768000,768000,1.000000000,1,2025-12-07 13:18:00.000000,2025-12-07 13:18:59.999922,1,BAYxx_xxxx_20251207_131204_000.7z
2025-12-07 13:19:00,-13380.877458,-13.380877458,-4189.683900,-4712.921905,-4478.271653,768000,768000,1.000000000,1,2025-12-07 13:19:00.000000,2025-12-07 13:19:59.999922,1,BAYxx_xxxx_20251207_131204_000.7z
2025-12-07 13:20:00,-13452.917544,-13.452917544,-4209.458353,-4735.403354,-4508.055837,768000,768000,1.000000000,1,2025-12-07 13:20:00.000000,2025-12-07 13:20:59.999922,1,BAYxx_xxxx_20251207_131204_000.7z
2025-12-07 13:21:00,-13416.498343,-13.416498343,-4192.702674,-4724.309967,-4499.485702,768000,768000,1.000000000,1,2025-12-07 13:21:00.000000,2025-12-07 13:21:59.999922,1,BAYxx_xxxx_20251207_131204_000.7z
2025-12-07 13:22:00,-13516.281105,-13.516281105,-4229.466363,-4759.189695,-4527.625047,704074,768000,0.916763021,0,2025-12-07 13:22:00.000000,2025-12-07 13:22:59.999922,2,BAYxx_xxxx_20251207_131204_000.7z;BAYxx_xxxx_20251207_132209_000.7z
2025-12-07 13:23:00,-13480.658221,-13.480658221,-4218.650726,-4751.048848,-4510.958647,768000,768000,1.000000000,1,2025-12-07 13:23:00.000000,2025-12-07 13:23:59.999922,1,BAYxx_xxxx_20251207_132209_000.7z
2025-12-07 13:24:00,-13471.645221,-13.471645221,-4218.474783,-4737.118438,-4516.051999,768000,768000,1.000000000,1,2025-12-07 13:24:00.000000,2025-12-07 13:24:59.999922,1,BAYxx_xxxx_20251207_132209_000.7z
2025-12-07 13:25:00,-8161.965574,-8.161965574,-2452.196972,-2969.470919,-2740.297682,768000,768000,1.000000000,1,2025-12-07 13:25:00.000000,2025-12-07 13:25:59.999922,1,BAYxx_xxxx_20251207_132209_000.7z
2025-12-07 13:26:00,2326.994724,2.326994724,1022.196793,540.976346,763.821585,768000,768000,1.000000000,1,2025-12-07 13:26:00.000000,2025-12-07 13:26:59.999922,1,BAYxx_xxxx_20251207_132209_000.7z
2025-12-07 13:27:00,-2344.591581,-2.344591581,-537.810141,-1020.883340,-785.898099,768000,768000,1.000000000,1,2025-12-07 13:27:00.000000,2025-12-07 13:27:59.999922,1,BAYxx_xxxx_20251207_132209_000.7z
2025-12-07 13:28:00,-12035.055013,-12.035055013,-3749.171953,-4262.490001,-4023.393059,768000,768000,1.000000000,1,2025-12-07 13:28:00.000000,2025-12-07 13:28:59.999922,1,BAYxx_xxxx_20251207_132209_000.7z
2025-12-07 13:29:00,-13097.757869,-13.097757869,-4105.957863,-4617.625638,-4374.174368,768000,768000,1.000000000,1,2025-12-07 13:29:00.000000,2025-12-07 13:29:59.999922,1,BAYxx_xxxx_20251207_132209_000.7z
2025-12-07 13:30:00,-8885.323909,-8.885323909,-2713.677279,-3201.581443,-2970.065187,768000,768000,1.000000000,1,2025-12-07 13:30:00.000000,2025-12-07 13:30:59.999922,1,BAYxx_xxxx_20251207_132209_000.7z
2025-12-07 13:31:00,24028.689115,24.028689115,7847.699597,7865.067964,8315.921554,768000,768000,1.000000000,1,2025-12-07 13:31:00.000000,2025-12-07 13:31:59.999922,1,BAYxx_xxxx_20251207_132209_000.7z
2025-12-07 13:32:00,25704.864741,25.704864741,8399.490980,8395.861622,8909.512140,704045,768000,0.916725260,0,2025-12-07 13:32:00.000000,2025-12-07 13:32:59.999922,2,BAYxx_xxxx_20251207_132209_000.7z;BAYxx_xxxx_20251207_133214_000.7z
2025-12-07 13:33:00,-6605.848359,-6.605848359,-1989.232001,-2440.534075,-2176.082283,768000,768000,1.000000000,1,2025-12-07 13:33:00.000000,2025-12-07 13:33:59.999922,1,BAYxx_xxxx_20251207_133214_000.7z
2025-12-07 13:34:00,-11873.182267,-11.873182267,-3689.006841,-4180.838263,-4003.337163,768000,768000,1.000000000,1,2025-12-07 13:34:00.000000,2025-12-07 13:34:59.999922,1,BAYxx_xxxx_20251207_133214_000.7z
2025-12-07 13:35:00,-11914.198060,-11.914198060,-3701.841547,-4166.925635,-4045.430877,768000,768000,1.000000000,1,2025-12-07 13:35:00.000000,2025-12-07 13:35:59.999922,1,BAYxx_xxxx_20251207_133214_000.7z
2025-12-07 13:36:00,-11888.186801,-11.888186801,-3685.200113,-4163.741528,-4039.245160,768000,768000,1.000000000,1,2025-12-07 13:36:00.000000,2025-12-07 13:36:59.999922,1,BAYxx_xxxx_20251207_133214_000.7z
2025-12-07 13:37:00,-11882.792918,-11.882792918,-3675.479344,-4169.976261,-4037.337313,768000,768000,1.000000000,1,2025-12-07 13:37:00.000000,2025-12-07 13:37:59.999922,1,BAYxx_xxxx_20251207_133214_000.7z
2025-12-07 13:38:00,-11898.082741,-11.898082741,-3677.967971,-4171.888294,-4048.226476,768000,768000,1.000000000,1,2025-12-07 13:38:00.000000,2025-12-07 13:38:59.999922,1,BAYxx_xxxx_20251207_133214_000.7z
2025-12-07 13:39:00,-11562.375970,-11.562375970,-3561.225845,-4066.402868,-3934.747256,768000,768000,1.000000000,1,2025-12-07 13:39:00.000000,2025-12-07 13:39:59.999922,1,BAYxx_xxxx_20251207_133214_000.7z
2025-12-07 13:40:00,-11388.000283,-11.388000283,-3509.016354,-3999.895103,-3879.088826,768000,768000,1.000000000,1,2025-12-07 13:40:00.000000,2025-12-07 13:40:59.999922,1,BAYxx_xxxx_20251207_133214_000.7z
2025-12-07 13:41:00,-11133.736281,-11.133736281,-3430.418158,-3915.147363,-3788.170760,768000,768000,1.000000000,1,2025-12-07 13:41:00.000000,2025-12-07 13:41:59.999922,1,BAYxx_xxxx_20251207_133214_000.7z
2025-12-07 13:42:00,-11036.779950,-11.036779950,-3390.517488,-3880.221907,-3766.040555,691201,768000,0.900001302,0,2025-12-07 13:42:00.000000,2025-12-07 13:42:59.999922,2,BAYxx_xxxx_20251207_133214_000.7z;BAYxx_xxxx_20251207_134220_000.7z
2025-12-07 13:43:00,-11188.812257,-11.188812257,-3443.638903,-3939.804059,-3805.369295,768000,768000,1.000000000,1,2025-12-07 13:43:00.000000,2025-12-07 13:43:59.999922,1,BAYxx_xxxx_20251207_134220_000.7z
2025-12-07 13:44:00,-11408.733051,-11.408733051,-3513.079444,-4005.798601,-3889.855006,768000,768000,1.000000000,1,2025-12-07 13:44:00.000000,2025-12-07 13:44:59.999922,1,BAYxx_xxxx_20251207_134220_000.7z
2025-12-07 13:45:00,-9961.898707,-9.961898707,-3033.119216,-3525.781582,-3402.997909,768000,768000,1.000000000,1,2025-12-07 13:45:00.000000,2025-12-07 13:45:59.999922,1,BAYxx_xxxx_20251207_134220_000.7z
2025-12-07 13:46:00,5250.107948,5.250107948,1793.556618,1589.137267,1867.414063,768000,768000,1.000000000,1,2025-12-07 13:46:00.000000,2025-12-07 13:46:59.999922,1,BAYxx_xxxx_20251207_134220_000.7z
2025-12-07 13:47:00,-5302.307850,-5.302307850,-1561.895915,-1946.756101,-1793.655835,768000,768000,1.000000000,1,2025-12-07 13:47:00.000000,2025-12-07 13:47:59.999922,1,BAYxx_xxxx_20251207_134220_000.7z
2025-12-07 13:48:00,-10587.230853,-10.587230853,-3251.860776,-3735.465966,-3599.904111,768000,768000,1.000000000,1,2025-12-07 13:48:00.000000,2025-12-07 13:48:59.999922,1,BAYxx_xxxx_20251207_134220_000.7z
2025-12-07 13:49:00,-10482.785644,-10.482785644,-3212.104177,-3726.036784,-3544.644683,768000,768000,1.000000000,1,2025-12-07 13:49:00.000000,2025-12-07 13:49:59.999922,1,BAYxx_xxxx_20251207_134220_000.7z
2025-12-07 13:50:00,-10158.005359,-10.158005359,-3133.899149,-3621.592451,-3402.513759,768000,768000,1.000000000,1,2025-12-07 13:50:00.000000,2025-12-07 13:50:59.999922,1,BAYxx_xxxx_20251207_134220_000.7z
2025-12-07 13:51:00,-8233.057876,-8.233057876,-2513.829198,-2973.391010,-2745.837668,768000,768000,1.000000000,1,2025-12-07 13:51:00.000000,2025-12-07 13:51:59.999922,1,BAYxx_xxxx_20251207_134220_000.7z
2025-12-07 13:52:00,14310.091212,14.310091212,4720.371816,4570.426636,5019.292760,716886,768000,0.933445312,0,2025-12-07 13:52:00.000000,2025-12-07 13:52:59.999922,2,BAYxx_xxxx_20251207_134220_000.7z;BAYxx_xxxx_20251207_135224_000.7z
2025-12-07 13:53:00,4326.064086,4.326064086,1483.290260,1240.016690,1602.757136,768000,768000,1.000000000,1,2025-12-07 13:53:00.000000,2025-12-07 13:53:59.999922,1,BAYxx_xxxx_20251207_135224_000.7z
2025-12-07 13:54:00,-10537.410806,-10.537410806,-3253.354064,-3748.591230,-3535.465512,768000,768000,1.000000000,1,2025-12-07 13:54:00.000000,2025-12-07 13:54:59.999922,1,BAYxx_xxxx_20251207_135224_000.7z
2025-12-07 13:55:00,-10486.450945,-10.486450945,-3238.103635,-3732.187465,-3516.159844,768000,768000,1.000000000,1,2025-12-07 13:55:00.000000,2025-12-07 13:55:59.999922,1,BAYxx_xxxx_20251207_135224_000.7z
2025-12-07 13:56:00,-10266.093668,-10.266093668,-3165.403110,-3662.539199,-3438.151358,768000,768000,1.000000000,1,2025-12-07 13:56:00.000000,2025-12-07 13:56:59.999922,1,BAYxx_xxxx_20251207_135224_000.7z
2025-12-07 13:57:00,-10049.857664,-10.049857664,-3099.513107,-3584.553738,-3365.790819,768000,768000,1.000000000,1,2025-12-07 13:57:00.000000,2025-12-07 13:57:59.999922,1,BAYxx_xxxx_20251207_135224_000.7z
2025-12-07 13:58:00,-9937.551246,-9.937551246,-3048.799617,-3559.304668,-3329.446961,768000,768000,1.000000000,1,2025-12-07 13:58:00.000000,2025-12-07 13:58:59.999922,1,BAYxx_xxxx_20251207_135224_000.7z
2025-12-07 13:59:00,-9849.197948,-9.849197948,-3013.860032,-3523.768874,-3311.569042,768000,768000,1.000000000,1,2025-12-07 13:59:00.000000,2025-12-07 13:59:59.999922,1,BAYxx_xxxx_20251207_135224_000.7z
2025-12-07 14:00:00,-9851.777085,-9.851777085,-3012.099714,-3522.692757,-3316.984614,768000,768000,1.000000000,1,2025-12-07 14:00:00.000000,2025-12-07 14:00:59.999922,1,BAYxx_xxxx_20251207_135224_000.7z
2025-12-07 14:01:00,-9757.357683,-9.757357683,-2983.359075,-3489.492997,-3284.505610,768000,768000,1.000000000,1,2025-12-07 14:01:00.000000,2025-12-07 14:01:59.999922,1,BAYxx_xxxx_20251207_135224_000.7z
2025-12-07 14:02:00,-9745.451147,-9.745451147,-2977.324512,-3487.173346,-3280.953288,704035,768000,0.916712240,0,2025-12-07 14:02:00.000000,2025-12-07 14:02:59.999922,2,BAYxx_xxxx_20251207_135224_000.7z;BAYxx_xxxx_20251207_140229_000.7z
2025-12-07 14:03:00,-9733.336131,-9.733336131,-2974.799535,-3475.347647,-3283.188949,768000,768000,1.000000000,1,2025-12-07 14:03:00.000000,2025-12-07 14:03:59.999922,1,BAYxx_xxxx_20251207_140229_000.7z
2025-12-07 14:04:00,-9291.544582,-9.291544582,-2839.394904,-3326.546655,-3125.603023,768000,768000,1.000000000,1,2025-12-07 14:04:00.000000,2025-12-07 14:04:59.999922,1,BAYxx_xxxx_20251207_140229_000.7z
2025-12-07 14:05:00,-6861.810068,-6.861810068,-2065.629070,-2505.162573,-2291.018425,768000,768000,1.000000000,1,2025-12-07 14:05:00.000000,2025-12-07 14:05:59.999922,1,BAYxx_xxxx_20251207_140229_000.7z
2025-12-07 14:06:00,14885.367280,14.885367280,4891.618548,4777.543799,5216.204933,768000,768000,1.000000000,1,2025-12-07 14:06:00.000000,2025-12-07 14:06:59.999922,1,BAYxx_xxxx_20251207_140229_000.7z
2025-12-07 14:07:00,-3644.334584,-3.644334584,-1043.185290,-1437.698195,-1163.451100,768000,768000,1.000000000,1,2025-12-07 14:07:00.000000,2025-12-07 14:07:59.999922,1,BAYxx_xxxx_20251207_140229_000.7z
2025-12-07 14:08:00,-9525.794705,-9.525794705,-2919.365909,-3410.289116,-3196.139680,768000,768000,1.000000000,1,2025-12-07 14:08:00.000000,2025-12-07 14:08:59.999922,1,BAYxx_xxxx_20251207_140229_000.7z
2025-12-07 14:09:00,-9429.562718,-9.429562718,-2896.320604,-3378.922573,-3154.319540,768000,768000,1.000000000,1,2025-12-07 14:09:00.000000,2025-12-07 14:09:59.999922,1,BAYxx_xxxx_20251207_140229_000.7z
2025-12-07 14:10:00,-8814.746525,-8.814746525,-2693.202157,-3178.655054,-2942.889314,768000,768000,1.000000000,1,2025-12-07 14:10:00.000000,2025-12-07 14:10:59.999922,1,BAYxx_xxxx_20251207_140229_000.7z
2025-12-07 14:11:00,-6715.845037,-6.715845037,-2012.217421,-2465.988401,-2237.639215,768000,768000,1.000000000,1,2025-12-07 14:11:00.000000,2025-12-07 14:11:59.999922,1,BAYxx_xxxx_20251207_140229_000.7z
2025-12-07 14:12:00,16787.233188,16.787233188,5477.382317,5465.126136,5844.724735,691301,768000,0.900131510,0,2025-12-07 14:12:00.000000,2025-12-07 14:12:59.999922,2,BAYxx_xxxx_20251207_140229_000.7z;BAYxx_xxxx_20251207_141235_000.7z
2025-12-07 14:13:00,986.841316,0.986841316,438.322869,121.337431,427.181016,768000,768000,1.000000000,1,2025-12-07 14:13:00.000000,2025-12-07 14:13:59.999922,1,BAYxx_xxxx_20251207_141235_000.7z
2025-12-07 14:14:00,-8655.821057,-8.655821057,-2639.955565,-3118.380436,-2897.485056,768000,768000,1.000000000,1,2025-12-07 14:14:00.000000,2025-12-07 14:14:59.999922,1,BAYxx_xxxx_20251207_141235_000.7z
2025-12-07 14:15:00,-8737.615797,-8.737615797,-2649.353177,-3157.005593,-2931.257026,768000,768000,1.000000000,1,2025-12-07 14:15:00.000000,2025-12-07 14:15:59.999922,1,BAYxx_xxxx_20251207_141235_000.7z
2025-12-07 14:16:00,-8781.250674,-8.781250674,-2671.065374,-3164.745277,-2945.440022,768000,768000,1.000000000,1,2025-12-07 14:16:00.000000,2025-12-07 14:16:59.999922,1,BAYxx_xxxx_20251207_141235_000.7z
2025-12-07 14:17:00,-8706.632430,-8.706632430,-2645.395204,-3142.973940,-2918.263286,768000,768000,1.000000000,1,2025-12-07 14:17:00.000000,2025-12-07 14:17:59.999922,1,BAYxx_xxxx_20251207_141235_000.7z
2025-12-07 14:18:00,-8605.680468,-8.605680468,-2618.224166,-3112.806547,-2874.649754,768000,768000,1.000000000,1,2025-12-07 14:18:00.000000,2025-12-07 14:18:59.999922,1,BAYxx_xxxx_20251207_141235_000.7z
2025-12-07 14:19:00,-8472.621468,-8.472621468,-2572.234832,-3059.538495,-2840.848141,768000,768000,1.000000000,1,2025-12-07 14:19:00.000000,2025-12-07 14:19:59.999922,1,BAYxx_xxxx_20251207_141235_000.7z
2025-12-07 14:20:00,-8448.635395,-8.448635395,-2527.027667,-3022.971527,-2898.636202,768000,768000,1.000000000,1,2025-12-07 14:20:00.000000,2025-12-07 14:20:59.999922,1,BAYxx_xxxx_20251207_141235_000.7z
2025-12-07 14:21:00,-8392.266593,-8.392266593,-2511.365983,-3004.568437,-2876.332172,768000,768000,1.000000000,1,2025-12-07 14:21:00.000000,2025-12-07 14:21:59.999922,1,BAYxx_xxxx_20251207_141235_000.7z
2025-12-07 14:22:00,-8305.338078,-8.305338078,-2479.040136,-2974.477684,-2851.820258,665703,768000,0.866800781,0,2025-12-07 14:22:00.000000,2025-12-07 14:22:59.999922,2,BAYxx_xxxx_20251207_141235_000.7z;BAYxx_xxxx_20251207_142243_000.7z
2025-12-07 14:23:00,-8221.058336,-8.221058336,-2450.216787,-2951.408933,-2819.432616,768000,768000,1.000000000,1,2025-12-07 14:23:00.000000,2025-12-07 14:23:59.999922,1,BAYxx_xxxx_20251207_142243_000.7z
2025-12-07 14:24:00,-8162.596679,-8.162596679,-2422.822314,-2936.911302,-2802.863063,768000,768000,1.000000000,1,2025-12-07 14:24:00.000000,2025-12-07 14:24:59.999922,1,BAYxx_xxxx_20251207_142243_000.7z
2025-12-07 14:25:00,-7102.044958,-7.102044958,-2060.928496,-2581.471863,-2459.644599,768000,768000,1.000000000,1,2025-12-07 14:25:00.000000,2025-12-07 14:25:59.999922,1,BAYxx_xxxx_20251207_142243_000.7z
2025-12-07 14:26:00,2488.327464,2.488327464,996.492041,630.865576,860.969847,768000,768000,1.000000000,1,2025-12-07 14:26:00.000000,2025-12-07 14:26:59.999922,1,BAYxx_xxxx_20251207_142243_000.7z
2025-12-07 14:27:00,14791.084480,14.791084480,4926.846047,4714.974592,5149.263842,768000,768000,1.000000000,1,2025-12-07 14:27:00.000000,2025-12-07 14:27:59.999922,1,BAYxx_xxxx_20251207_142243_000.7z
2025-12-07 14:28:00,-8147.988635,-8.147988635,-2417.082081,-2936.501367,-2794.405187,768000,768000,1.000000000,1,2025-12-07 14:28:00.000000,2025-12-07 14:28:59.999922,1,BAYxx_xxxx_20251207_142243_000.7z
2025-12-07 14:29:00,-8399.338731,-8.399338731,-2503.677815,-3019.544701,-2876.116215,768000,768000,1.000000000,1,2025-12-07 14:29:00.000000,2025-12-07 14:29:59.999922,1,BAYxx_xxxx_20251207_142243_000.7z
2025-12-07 14:30:00,-8397.273870,-8.397273870,-2509.179187,-3013.200285,-2874.894398,768000,768000,1.000000000,1,2025-12-07 14:30:00.000000,2025-12-07 14:30:59.999922,1,BAYxx_xxxx_20251207_142243_000.7z
2025-12-07 14:31:00,-7408.123019,-7.408123019,-2175.467655,-2689.892037,-2542.763327,768000,768000,1.000000000,1,2025-12-07 14:31:00.000000,2025-12-07 14:31:59.999922,1,BAYxx_xxxx_20251207_142243_000.7z
2025-12-07 14:32:00,742.177328,0.742177328,398.724654,50.832591,292.620083,716940,768000,0.933515625,0,2025-12-07 14:32:00.000000,2025-12-07 14:32:59.999922,2,BAYxx_xxxx_20251207_142243_000.7z;BAYxx_xxxx_20251207_143247_000.7z
2025-12-07 14:33:00,17538.059115,17.538059115,5763.027559,5633.729677,6141.301879,768000,768000,1.000000000,1,2025-12-07 14:33:00.000000,2025-12-07 14:33:59.999922,1,BAYxx_xxxx_20251207_143247_000.7z
2025-12-07 14:34:00,4476.560037,4.476560037,1614.445906,1264.893767,1597.220364,768000,768000,1.000000000,1,2025-12-07 14:34:00.000000,2025-12-07 14:34:59.999922,1,BAYxx_xxxx_20251207_143247_000.7z
2025-12-07 14:35:00,-7704.319642,-7.704319642,-2293.161230,-2825.859742,-2585.298670,768000,768000,1.000000000,1,2025-12-07 14:35:00.000000,2025-12-07 14:35:59.999922,1,BAYxx_xxxx_20251207_143247_000.7z
2025-12-07 14:36:00,-7546.704336,-7.546704336,-2239.459133,-2773.945844,-2533.299359,768000,768000,1.000000000,1,2025-12-07 14:36:00.000000,2025-12-07 14:36:59.999922,1,BAYxx_xxxx_20251207_143247_000.7z
2025-12-07 14:37:00,-7350.927664,-7.350927664,-2181.486568,-2704.359195,-2465.081902,768000,768000,1.000000000,1,2025-12-07 14:37:00.000000,2025-12-07 14:37:59.999922,1,BAYxx_xxxx_20251207_143247_000.7z
2025-12-07 14:38:00,-7193.180987,-7.193180987,-2130.651837,-2656.419520,-2406.109630,768000,768000,1.000000000,1,2025-12-07 14:38:00.000000,2025-12-07 14:38:59.999922,1,BAYxx_xxxx_20251207_143247_000.7z
2025-12-07 14:39:00,-7109.314275,-7.109314275,-2106.697338,-2620.114469,-2382.502467,768000,768000,1.000000000,1,2025-12-07 14:39:00.000000,2025-12-07 14:39:59.999922,1,BAYxx_xxxx_20251207_143247_000.7z
2025-12-07 14:40:00,-6951.511163,-6.951511163,-2053.496903,-2573.019232,-2324.995028,768000,768000,1.000000000,1,2025-12-07 14:40:00.000000,2025-12-07 14:40:59.999922,1,BAYxx_xxxx_20251207_143247_000.7z
2025-12-07 14:41:00,-6854.758918,-6.854758918,-2017.221326,-2534.685079,-2302.852513,768000,768000,1.000000000,1,2025-12-07 14:41:00.000000,2025-12-07 14:41:59.999922,1,BAYxx_xxxx_20251207_143247_000.7z
2025-12-07 14:42:00,-6703.190892,-6.703190892,-1961.235066,-2496.564215,-2245.391611,704131,768000,0.916837240,0,2025-12-07 14:42:00.000000,2025-12-07 14:42:59.999922,2,BAYxx_xxxx_20251207_143247_000.7z;BAYxx_xxxx_20251207_144252_000.7z
2025-12-07 14:43:00,-6607.831250,-6.607831250,-1936.597716,-2459.561460,-2211.672073,768000,768000,1.000000000,1,2025-12-07 14:43:00.000000,2025-12-07 14:43:59.999922,1,BAYxx_xxxx_20251207_144252_000.7z
2025-12-07 14:44:00,-6458.927086,-6.458927086,-1889.101363,-2410.315779,-2159.509944,768000,768000,1.000000000,1,2025-12-07 14:44:00.000000,2025-12-07 14:44:59.999922,1,BAYxx_xxxx_20251207_144252_000.7z
2025-12-07 14:45:00,-6363.272728,-6.363272728,-1853.775365,-2373.577991,-2135.919372,768000,768000,1.000000000,1,2025-12-07 14:45:00.000000,2025-12-07 14:45:59.999922,1,BAYxx_xxxx_20251207_144252_000.7z
2025-12-07 14:46:00,-5405.022465,-5.405022465,-1530.489431,-2057.388990,-1817.144044,768000,768000,1.000000000,1,2025-12-07 14:46:00.000000,2025-12-07 14:46:59.999922,1,BAYxx_xxxx_20251207_144252_000.7z
2025-12-07 14:47:00,3445.369120,3.445369120,1245.643481,916.596799,1283.128840,768000,768000,1.000000000,1,2025-12-07 14:47:00.000000,2025-12-07 14:47:59.999922,1,BAYxx_xxxx_20251207_144252_000.7z
2025-12-07 14:48:00,16034.076647,16.034076647,5267.108555,5102.622783,5664.345309,768000,768000,1.000000000,1,2025-12-07 14:48:00.000000,2025-12-07 14:48:59.999922,1,BAYxx_xxxx_20251207_144252_000.7z
2025-12-07 14:49:00,-6072.538361,-6.072538361,-1754.811778,-2285.139132,-2032.587451,768000,768000,1.000000000,1,2025-12-07 14:49:00.000000,2025-12-07 14:49:59.999922,1,BAYxx_xxxx_20251207_144252_000.7z
2025-12-07 14:50:00,-5963.355617,-5.963355617,-1717.510573,-2241.731339,-2004.113705,768000,768000,1.000000000,1,2025-12-07 14:50:00.000000,2025-12-07 14:50:59.999922,1,BAYxx_xxxx_20251207_144252_000.7z
2025-12-07 14:51:00,-5820.196962,-5.820196962,-1674.423418,-2193.751916,-1952.021629,768000,768000,1.000000000,1,2025-12-07 14:51:00.000000,2025-12-07 14:51:59.999922,1,BAYxx_xxxx_20251207_144252_000.7z
2025-12-07 14:52:00,-4818.902337,-4.818902337,-1353.597155,-1854.981471,-1610.323711,678426,768000,0.883367187,0,2025-12-07 14:52:00.000000,2025-12-07 14:52:59.999922,2,BAYxx_xxxx_20251207_144252_000.7z;BAYxx_xxxx_20251207_145259_000.7z
2025-12-07 14:53:00,2457.720551,2.457720551,975.817016,564.540851,917.362684,768000,768000,1.000000000,1,2025-12-07 14:53:00.000000,2025-12-07 14:53:59.999922,1,BAYxx_xxxx_20251207_145259_000.7z
2025-12-07 14:54:00,20252.112223,20.252112223,6656.993879,6536.688952,7058.429392,768000,768000,1.000000000,1,2025-12-07 14:54:00.000000,2025-12-07 14:54:59.999922,1,BAYxx_xxxx_20251207_145259_000.7z
2025-12-07 14:55:00,1453.057490,1.453057490,679.652141,233.885828,539.519521,768000,768000,1.000000000,1,2025-12-07 14:55:00.000000,2025-12-07 14:55:59.999922,1,BAYxx_xxxx_20251207_145259_000.7z
2025-12-07 14:56:00,-5173.302136,-5.173302136,-1448.041715,-1974.331276,-1750.929146,768000,768000,1.000000000,1,2025-12-07 14:56:00.000000,2025-12-07 14:56:59.999922,1,BAYxx_xxxx_20251207_145259_000.7z
2025-12-07 14:57:00,-5009.627572,-5.009627572,-1396.774182,-1923.285809,-1689.567580,768000,768000,1.000000000,1,2025-12-07 14:57:00.000000,2025-12-07 14:57:59.999922,1,BAYxx_xxxx_20251207_145259_000.7z
2025-12-07 14:58:00,-4855.250481,-4.855250481,-1346.687377,-1873.951539,-1634.611564,768000,768000,1.000000000,1,2025-12-07 14:58:00.000000,2025-12-07 14:58:59.999922,1,BAYxx_xxxx_20251207_145259_000.7z
2025-12-07 14:59:00,-4755.240221,-4.755240221,-1313.500423,-1836.464556,-1605.275242,768000,768000,1.000000000,1,2025-12-07 14:59:00.000000,2025-12-07 14:59:59.999922,1,BAYxx_xxxx_20251207_145259_000.7z
2025-12-07 15:00:00,-4576.958484,-4.576958484,-1241.541549,-1782.644711,-1552.772224,768000,768000,1.000000000,1,2025-12-07 15:00:00.000000,2025-12-07 15:00:59.999922,1,BAYxx_xxxx_20251207_145259_000.7z
2025-12-07 15:01:00,-4414.941702,-4.414941702,-1195.734345,-1730.795799,-1488.411558,768000,768000,1.000000000,1,2025-12-07 15:01:00.000000,2025-12-07 15:01:59.999922,1,BAYxx_xxxx_20251207_145259_000.7z
2025-12-07 15:02:00,-4241.466136,-4.241466136,-1155.800171,-1676.022037,-1409.643928,755222,768000,0.983361979,0,2025-12-07 15:02:00.000000,2025-12-07 15:02:59.001641,1,BAYxx_xxxx_20251207_145259_000.7z
2025-12-07 15:03:00,-4131.870474,-4.131870474,-1120.588589,-1636.428001,-1374.853883,729600,768000,0.950000000,0,2025-12-07 15:03:03.000000,2025-12-07 15:03:59.999922,1,BAYxx_xxxx_20251207_150303_000.7z
2025-12-07 15:04:00,-3986.972701,-3.986972701,-1058.914161,-1584.733165,-1343.325375,768000,768000,1.000000000,1,2025-12-07 15:04:00.000000,2025-12-07 15:04:59.999922,1,BAYxx_xxxx_20251207_150303_000.7z
2025-12-07 15:05:00,-3957.673171,-3.957673171,-1033.366441,-1551.113639,-1373.193091,768000,768000,1.000000000,1,2025-12-07 15:05:00.000000,2025-12-07 15:05:59.999922,1,BAYxx_xxxx_20251207_150303_000.7z
2025-12-07 15:06:00,-3693.318239,-3.693318239,-944.177346,-1452.837455,-1296.303438,768000,768000,1.000000000,1,2025-12-07 15:06:00.000000,2025-12-07 15:06:59.999922,1,BAYxx_xxxx_20251207_150303_000.7z
2025-12-07 15:07:00,-2244.875792,-2.244875792,-465.376887,-969.140190,-810.358714,768000,768000,1.000000000,1,2025-12-07 15:07:00.000000,2025-12-07 15:07:59.999922,1,BAYxx_xxxx_20251207_150303_000.7z
2025-12-07 15:08:00,11175.119951,11.175119951,3815.398799,3547.065369,3812.655783,768000,768000,1.000000000,1,2025-12-07 15:08:00.000000,2025-12-07 15:08:59.999922,1,BAYxx_xxxx_20251207_150303_000.7z
2025-12-07 15:09:00,20885.159203,20.885159203,6868.962564,6852.628632,7163.568006,768000,768000,1.000000000,1,2025-12-07 15:09:00.000000,2025-12-07 15:09:59.999922,1,BAYxx_xxxx_20251207_150303_000.7z
2025-12-07 15:10:00,-2579.429990,-2.579429990,-554.593228,-1078.030931,-946.805831,768000,768000,1.000000000,1,2025-12-07 15:10:00.000000,2025-12-07 15:10:59.999922,1,BAYxx_xxxx_20251207_150303_000.7z
2025-12-07 15:11:00,-2484.754699,-2.484754699,-539.270137,-1040.526033,-904.958529,768000,768000,1.000000000,1,2025-12-07 15:11:00.000000,2025-12-07 15:11:59.999922,1,BAYxx_xxxx_20251207_150303_000.7z
2025-12-07 15:12:00,-2227.869260,-2.227869260,-448.404327,-961.189274,-818.275659,768000,768000,1.000000000,1,2025-12-07 15:12:00.000000,2025-12-07 15:12:59.999922,1,BAYxx_xxxx_20251207_150303_000.7z
2025-12-07 15:13:00,-2331.189322,-2.331189322,-481.827878,-999.216892,-850.144553,704010,768000,0.916679687,0,2025-12-07 15:13:00.000000,2025-12-07 15:13:59.999922,2,BAYxx_xxxx_20251207_150303_000.7z;BAYxx_xxxx_20251207_151308_000.7z
2025-12-07 15:14:00,-2186.141066,-2.186141066,-437.483291,-941.000257,-807.657518,768000,768000,1.000000000,1,2025-12-07 15:14:00.000000,2025-12-07 15:14:59.999922,1,BAYxx_xxxx_20251207_151308_000.7z
2025-12-07 15:15:00,-2051.816185,-2.051816185,-373.233515,-909.474659,-769.108012,768000,768000,1.000000000,1,2025-12-07 15:15:00.000000,2025-12-07 15:15:59.999922,1,BAYxx_xxxx_20251207_151308_000.7z
2025-12-07 15:16:00,-1860.112708,-1.860112708,-319.083247,-843.385503,-697.643957,768000,768000,1.000000000,1,2025-12-07 15:16:00.000000,2025-12-07 15:16:59.999922,1,BAYxx_xxxx_20251207_151308_000.7z
2025-12-07 15:17:00,-1721.427037,-1.721427037,-277.077773,-795.799297,-648.549967,768000,768000,1.000000000,1,2025-12-07 15:17:00.000000,2025-12-07 15:17:59.999922,1,BAYxx_xxxx_20251207_151308_000.7z
2025-12-07 15:18:00,-1594.907924,-1.594907924,-229.638709,-757.971931,-607.297283,768000,768000,1.000000000,1,2025-12-07 15:18:00.000000,2025-12-07 15:18:59.999922,1,BAYxx_xxxx_20251207_151308_000.7z
2025-12-07 15:19:00,-1374.753129,-1.374753129,-150.023879,-680.927841,-543.801409,768000,768000,1.000000000,1,2025-12-07 15:19:00.000000,2025-12-07 15:19:59.999922,1,BAYxx_xxxx_20251207_151308_000.7z
2025-12-07 15:20:00,-1234.503176,-1.234503176,-116.510217,-657.588874,-460.404086,768000,768000,1.000000000,1,2025-12-07 15:20:00.000000,2025-12-07 15:20:59.999922,1,BAYxx_xxxx_20251207_151308_000.7z
2025-12-07 15:21:00,346.265021,0.346265021,389.975564,-146.484598,102.774055,768000,768000,1.000000000,1,2025-12-07 15:21:00.000000,2025-12-07 15:21:59.999922,1,BAYxx_xxxx_20251207_151308_000.7z
2025-12-07 15:22:00,16040.771670,16.040771670,5409.488983,5076.653325,5554.629362,768000,768000,1.000000000,1,2025-12-07 15:22:00.000000,2025-12-07 15:22:59.999922,1,BAYxx_xxxx_20251207_151308_000.7z
2025-12-07 15:23:00,24323.661249,24.323661249,8004.390852,7932.108761,8387.161636,691213,768000,0.900016927,0,2025-12-07 15:23:00.000000,2025-12-07 15:23:59.999922,2,BAYxx_xxxx_20251207_151308_000.7z;BAYxx_xxxx_20251207_152314_000.7z
2025-12-07 15:24:00,4569.735402,4.569735402,1728.142079,1268.339870,1573.253453,768000,768000,1.000000000,1,2025-12-07 15:24:00.000000,2025-12-07 15:24:59.999922,1,BAYxx_xxxx_20251207_152314_000.7z
2025-12-07 15:25:00,-362.841147,-0.362841147,156.318665,-379.263597,-139.896215,768000,768000,1.000000000,1,2025-12-07 15:25:00.000000,2025-12-07 15:25:59.999922,1,BAYxx_xxxx_20251207_152314_000.7z
2025-12-07 15:26:00,-247.299141,-0.247299141,191.218738,-339.508863,-99.009016,768000,768000,1.000000000,1,2025-12-07 15:26:00.000000,2025-12-07 15:26:59.999922,1,BAYxx_xxxx_20251207_152314_000.7z
2025-12-07 15:27:00,449.266394,0.449266394,426.443776,-106.277163,129.099780,768000,768000,1.000000000,1,2025-12-07 15:27:00.000000,2025-12-07 15:27:59.999922,1,BAYxx_xxxx_20251207_152314_000.7z
2025-12-07 15:28:00,3295.790875,3.295790875,1338.998156,839.092829,1117.699890,768000,768000,1.000000000,1,2025-12-07 15:28:00.000000,2025-12-07 15:28:59.999922,1,BAYxx_xxxx_20251207_152314_000.7z
2025-12-07 15:29:00,26038.377914,26.038377914,8563.981752,8406.518654,9067.877508,768000,768000,1.000000000,1,2025-12-07 15:29:00.000000,2025-12-07 15:29:59.999922,1,BAYxx_xxxx_20251207_152314_000.7z
2025-12-07 15:30:00,21404.679216,21.404679216,7098.238991,6921.437695,7385.002530,768000,768000,1.000000000,1,2025-12-07 15:30:00.000000,2025-12-07 15:30:59.999922,1,BAYxx_xxxx_20251207_152314_000.7z
2025-12-07 15:31:00,459.481548,0.459481548,416.700375,-104.803109,147.584282,768000,768000,1.000000000,1,2025-12-07 15:31:00.000000,2025-12-07 15:31:59.999922,1,BAYxx_xxxx_20251207_152314_000.7z
2025-12-07 15:32:00,605.206713,0.605206713,462.135948,-51.436409,194.507174,768000,768000,1.000000000,1,2025-12-07 15:32:00.000000,2025-12-07 15:32:59.999922,1,BAYxx_xxxx_20251207_152314_000.7z
2025-12-07 15:33:00,688.046197,0.688046197,489.158479,-23.841182,222.728901,704127,768000,0.916832031,0,2025-12-07 15:33:00.000000,2025-12-07 15:33:59.999922,2,BAYxx_xxxx_20251207_152314_000.7z;BAYxx_xxxx_20251207_153319_000.7z
2025-12-07 15:34:00,805.227427,0.805227427,538.404391,11.465127,255.357908,768000,768000,1.000000000,1,2025-12-07 15:34:00.000000,2025-12-07 15:34:59.999922,1,BAYxx_xxxx_20251207_153319_000.7z
2025-12-07 15:35:00,1021.903645,1.021903645,611.435386,82.731415,327.736843,768000,768000,1.000000000,1,2025-12-07 15:35:00.000000,2025-12-07 15:35:59.999922,1,BAYxx_xxxx_20251207_153319_000.7z
2025-12-07 15:36:00,1139.972653,1.139972653,648.896528,122.318441,368.757683,768000,768000,1.000000000,1,2025-12-07 15:36:00.000000,2025-12-07 15:36:59.999922,1,BAYxx_xxxx_20251207_153319_000.7z
2025-12-07 15:37:00,1141.490128,1.141490128,631.712951,132.722375,377.054802,768000,768000,1.000000000,1,2025-12-07 15:37:00.000000,2025-12-07 15:37:59.999922,1,BAYxx_xxxx_20251207_153319_000.7z
2025-12-07 15:38:00,1125.649783,1.125649783,614.898732,138.687897,372.063155,768000,768000,1.000000000,1,2025-12-07 15:38:00.000000,2025-12-07 15:38:59.999922,1,BAYxx_xxxx_20251207_153319_000.7z
2025-12-07 15:39:00,1075.336288,1.075336288,600.774150,122.843906,351.718233,768000,768000,1.000000000,1,2025-12-07 15:39:00.000000,2025-12-07 15:39:59.999922,1,BAYxx_xxxx_20251207_153319_000.7z
2025-12-07 15:40:00,1091.848271,1.091848271,619.581133,118.122929,354.144209,768000,768000,1.000000000,1,2025-12-07 15:40:00.000000,2025-12-07 15:40:59.999922,1,BAYxx_xxxx_20251207_153319_000.7z
2025-12-07 15:41:00,1106.789441,1.106789441,620.686388,118.467034,367.636019,768000,768000,1.000000000,1,2025-12-07 15:41:00.000000,2025-12-07 15:41:59.999922,1,BAYxx_xxxx_20251207_153319_000.7z
2025-12-07 15:42:00,1068.096688,1.068096688,623.254923,103.338252,341.503513,768000,768000,1.000000000,1,2025-12-07 15:42:00.000000,2025-12-07 15:42:59.999922,1,BAYxx_xxxx_20251207_153319_000.7z
2025-12-07 15:43:00,1253.640612,1.253640612,680.943999,165.086124,407.610489,691341,768000,0.900183594,0,2025-12-07 15:43:00.000000,2025-12-07 15:43:59.999922,2,BAYxx_xxxx_20251207_153319_000.7z;BAYxx_xxxx_20251207_154325_000.7z
2025-12-07 15:44:00,2576.187752,2.576187752,1119.725431,609.096381,847.365940,768000,768000,1.000000000,1,2025-12-07 15:44:00.000000,2025-12-07 15:44:59.999922,1,BAYxx_xxxx_20251207_154325_000.7z
2025-12-07 15:45:00,23034.811195,23.034811195,7521.859468,7512.813837,8000.137890,768000,768000,1.000000000,1,2025-12-07 15:45:00.000000,2025-12-07 15:45:59.999922,1,BAYxx_xxxx_20251207_154325_000.7z
2025-12-07 15:46:00,8026.042598,8.026042598,2800.082699,2460.215639,2765.744260,768000,768000,1.000000000,1,2025-12-07 15:46:00.000000,2025-12-07 15:46:59.999922,1,BAYxx_xxxx_20251207_154325_000.7z
2025-12-07 15:47:00,994.600039,0.994600039,583.683883,82.725608,328.190548,768000,768000,1.000000000,1,2025-12-07 15:47:00.000000,2025-12-07 15:47:59.999922,1,BAYxx_xxxx_20251207_154325_000.7z
2025-12-07 15:48:00,993.879191,0.993879191,583.198606,77.837778,332.842807,768000,768000,1.000000000,1,2025-12-07 15:48:00.000000,2025-12-07 15:48:59.999922,1,BAYxx_xxxx_20251207_154325_000.7z
2025-12-07 15:49:00,1379.767164,1.379767164,712.223410,208.477346,459.066408,768000,768000,1.000000000,1,2025-12-07 15:49:00.000000,2025-12-07 15:49:59.999922,1,BAYxx_xxxx_20251207_154325_000.7z
2025-12-07 15:50:00,3161.314876,3.161314876,1287.211822,829.663608,1044.439446,768000,768000,1.000000000,1,2025-12-07 15:50:00.000000,2025-12-07 15:50:59.999922,1,BAYxx_xxxx_20251207_154325_000.7z
2025-12-07 15:51:00,26260.455162,26.260455162,8537.216486,8671.664465,9051.574211,768000,768000,1.000000000,1,2025-12-07 15:51:00.000000,2025-12-07 15:51:59.999922,1,BAYxx_xxxx_20251207_154325_000.7z
2025-12-07 15:52:00,3981.230115,3.981230115,1548.232430,1135.618305,1297.379380,768000,768000,1.000000000,1,2025-12-07 15:52:00.000000,2025-12-07 15:52:59.999922,1,BAYxx_xxxx_20251207_154325_000.7z
2025-12-07 15:53:00,956.625509,0.956625509,605.471423,96.966849,254.187238,652931,768000,0.850170573,0,2025-12-07 15:53:00.000000,2025-12-07 15:53:59.999922,2,BAYxx_xxxx_20251207_154325_000.7z;BAYxx_xxxx_20251207_155334_000.7z
2025-12-07 15:54:00,916.998780,0.916998780,595.802576,86.805236,234.390968,768000,768000,1.000000000,1,2025-12-07 15:54:00.000000,2025-12-07 15:54:59.999922,1,BAYxx_xxxx_20251207_155334_000.7z
2025-12-07 15:55:00,949.678779,0.949678779,607.429215,98.645931,243.603634,768000,768000,1.000000000,1,2025-12-07 15:55:00.000000,2025-12-07 15:55:59.999922,1,BAYxx_xxxx_20251207_155334_000.7z
2025-12-07 15:56:00,963.433083,0.963433083,604.486327,100.613665,258.333091,768000,768000,1.000000000,1,2025-12-07 15:56:00.000000,2025-12-07 15:56:59.999922,1,BAYxx_xxxx_20251207_155334_000.7z
2025-12-07 15:57:00,959.273933,0.959273933,599.200666,108.929539,251.143728,768000,768000,1.000000000,1,2025-12-07 15:57:00.000000,2025-12-07 15:57:59.999922,1,BAYxx_xxxx_20251207_155334_000.7z
2025-12-07 15:58:00,989.114418,0.989114418,616.910634,110.577180,261.626604,768000,768000,1.000000000,1,2025-12-07 15:58:00.000000,2025-12-07 15:58:59.999922,1,BAYxx_xxxx_20251207_155334_000.7z
2025-12-07 15:59:00,1007.784814,1.007784814,623.531512,121.700776,262.552527,768000,768000,1.000000000,1,2025-12-07 15:59:00.000000,2025-12-07 15:59:59.999922,1,BAYxx_xxxx_20251207_155334_000.7z
2025-12-07 16:00:00,1019.107994,1.019107994,627.038728,121.307537,270.761729,768000,768000,1.000000000,1,2025-12-07 16:00:00.000000,2025-12-07 16:00:59.999922,1,BAYxx_xxxx_20251207_155334_000.7z
2025-12-07 16:01:00,1027.837846,1.027837846,614.045504,130.840737,282.951605,768000,768000,1.000000000,1,2025-12-07 16:01:00.000000,2025-12-07 16:01:59.999922,1,BAYxx_xxxx_20251207_155334_000.7z
2025-12-07 16:02:00,1828.436562,1.828436562,875.244719,398.050743,555.141101,768000,768000,1.000000000,1,2025-12-07 16:02:00.000000,2025-12-07 16:02:59.999922,1,BAYxx_xxxx_20251207_155334_000.7z
2025-12-07 16:03:00,7087.280233,7.087280233,2533.927847,2167.819870,2385.532516,691333,768000,0.900173177,0,2025-12-07 16:03:00.000000,2025-12-07 16:03:59.999922,2,BAYxx_xxxx_20251207_155334_000.7z;BAYxx_xxxx_20251207_160340_000.7z
2025-12-07 16:04:00,25906.777577,25.906777577,8461.566340,8470.840430,8974.370806,768000,768000,1.000000000,1,2025-12-07 16:04:00.000000,2025-12-07 16:04:59.999922,1,BAYxx_xxxx_20251207_160340_000.7z
2025-12-07 16:05:00,3322.207005,3.322207005,1349.489920,889.067095,1083.649991,768000,768000,1.000000000,1,2025-12-07 16:05:00.000000,2025-12-07 16:05:59.999922,1,BAYxx_xxxx_20251207_160340_000.7z
2025-12-07 16:06:00,1234.797474,1.234797474,657.000982,171.841549,405.954942,768000,768000,1.000000000,1,2025-12-07 16:06:00.000000,2025-12-07 16:06:59.999922,1,BAYxx_xxxx_20251207_160340_000.7z
2025-12-07 16:07:00,1225.809995,1.225809995,634.932005,176.949022,413.928968,768000,768000,1.000000000,1,2025-12-07 16:07:00.000000,2025-12-07 16:07:59.999922,1,BAYxx_xxxx_20251207_160340_000.7z
2025-12-07 16:08:00,1892.879320,1.892879320,872.472575,391.398126,629.008620,768000,768000,1.000000000,1,2025-12-07 16:08:00.000000,2025-12-07 16:08:59.999922,1,BAYxx_xxxx_20251207_160340_000.7z
2025-12-07 16:09:00,6585.731330,6.585731330,2382.476660,1937.047615,2266.207056,768000,768000,1.000000000,1,2025-12-07 16:09:00.000000,2025-12-07 16:09:59.999922,1,BAYxx_xxxx_20251207_160340_000.7z
2025-12-07 16:10:00,27029.609852,27.029609852,8973.864450,8697.256267,9358.489135,768000,768000,1.000000000,1,2025-12-07 16:10:00.000000,2025-12-07 16:10:59.999922,1,BAYxx_xxxx_20251207_160340_000.7z
2025-12-07 16:11:00,7417.025532,7.417025532,2647.138887,2219.259456,2550.627190,768000,768000,1.000000000,1,2025-12-07 16:11:00.000000,2025-12-07 16:11:59.999922,1,BAYxx_xxxx_20251207_160340_000.7z
2025-12-07 16:12:00,1324.909954,1.324909954,685.380503,195.165529,444.363923,768000,768000,1.000000000,1,2025-12-07 16:12:00.000000,2025-12-07 16:12:59.999922,1,BAYxx_xxxx_20251207_160340_000.7z
2025-12-07 16:13:00,1361.269073,1.361269073,703.464136,205.152105,452.652832,678414,768000,0.883351563,0,2025-12-07 16:13:00.000000,2025-12-07 16:13:59.999922,2,BAYxx_xxxx_20251207_160340_000.7z;BAYxx_xxxx_20251207_161347_000.7z
2025-12-07 16:14:00,1427.659329,1.427659329,721.501536,235.920100,470.237693,768000,768000,1.000000000,1,2025-12-07 16:14:00.000000,2025-12-07 16:14:59.999922,1,BAYxx_xxxx_20251207_161347_000.7z
2025-12-07 16:15:00,1449.439971,1.449439971,728.932083,239.074768,481.433119,768000,768000,1.000000000,1,2025-12-07 16:15:00.000000,2025-12-07 16:15:59.999922,1,BAYxx_xxxx_20251207_161347_000.7z
2025-12-07 16:16:00,1527.257453,1.527257453,745.103381,271.429208,510.724865,768000,768000,1.000000000,1,2025-12-07 16:16:00.000000,2025-12-07 16:16:59.999922,1,BAYxx_xxxx_20251207_161347_000.7z
2025-12-07 16:17:00,1501.979826,1.501979826,744.758386,264.185086,493.036354,768000,768000,1.000000000,1,2025-12-07 16:17:00.000000,2025-12-07 16:17:59.999922,1,BAYxx_xxxx_20251207_161347_000.7z
2025-12-07 16:18:00,1555.565350,1.555565350,761.194256,278.801420,515.569673,768000,768000,1.000000000,1,2025-12-07 16:18:00.000000,2025-12-07 16:18:59.999922,1,BAYxx_xxxx_20251207_161347_000.7z
2025-12-07 16:19:00,1597.673272,1.597673272,752.990961,302.250287,542.432023,768000,768000,1.000000000,1,2025-12-07 16:19:00.000000,2025-12-07 16:19:59.999922,1,BAYxx_xxxx_20251207_161347_000.7z
2025-12-07 16:20:00,1645.380542,1.645380542,775.335821,309.394689,560.650032,768000,768000,1.000000000,1,2025-12-07 16:20:00.000000,2025-12-07 16:20:59.999922,1,BAYxx_xxxx_20251207_161347_000.7z
2025-12-07 16:21:00,1723.076996,1.723076996,810.675359,332.631762,579.769875,768000,768000,1.000000000,1,2025-12-07 16:21:00.000000,2025-12-07 16:21:59.999922,1,BAYxx_xxxx_20251207_161347_000.7z
2025-12-07 16:22:00,2705.272313,2.705272313,1154.874740,648.755158,901.642415,768000,768000,1.000000000,1,2025-12-07 16:22:00.000000,2025-12-07 16:22:59.999922,1,BAYxx_xxxx_20251207_161347_000.7z
2025-12-07 16:23:00,10053.326700,10.053326700,3482.435117,3098.162957,3472.728626,691337,768000,0.900178385,0,2025-12-07 16:23:00.000000,2025-12-07 16:23:59.999922,2,BAYxx_xxxx_20251207_161347_000.7z;BAYxx_xxxx_20251207_162353_000.7z
2025-12-07 16:24:00,26650.637513,26.650637513,8751.778769,8677.050523,9221.808221,768000,768000,1.000000000,1,2025-12-07 16:24:00.000000,2025-12-07 16:24:59.999922,1,BAYxx_xxxx_20251207_162353_000.7z
2025-12-07 16:25:00,2167.222830,2.167222830,972.716485,473.880380,720.625965,768000,768000,1.000000000,1,2025-12-07 16:25:00.000000,2025-12-07 16:25:59.999922,1,BAYxx_xxxx_20251207_162353_000.7z
2025-12-07 16:26:00,1975.827483,1.975827483,915.249512,405.756981,654.820990,768000,768000,1.000000000,1,2025-12-07 16:26:00.000000,2025-12-07 16:26:59.999922,1,BAYxx_xxxx_20251207_162353_000.7z
2025-12-07 16:27:00,2005.031065,2.005031065,919.008832,421.897577,664.124655,768000,768000,1.000000000,1,2025-12-07 16:27:00.000000,2025-12-07 16:27:59.999922,1,BAYxx_xxxx_20251207_162353_000.7z
2025-12-07 16:28:00,2958.023187,2.958023187,1240.035724,738.353398,979.634065,768000,768000,1.000000000,1,2025-12-07 16:28:00.000000,2025-12-07 16:28:59.999922,1,BAYxx_xxxx_20251207_162353_000.7z
2025-12-07 16:29:00,11630.079354,11.630079354,3994.826469,3637.934954,3997.317930,768000,768000,1.000000000,1,2025-12-07 16:29:00.000000,2025-12-07 16:29:59.999922,1,BAYxx_xxxx_20251207_162353_000.7z
2025-12-07 16:30:00,27668.671351,27.668671351,9107.431019,8939.409466,9621.830866,768000,768000,1.000000000,1,2025-12-07 16:30:00.000000,2025-12-07 16:30:59.999922,1,BAYxx_xxxx_20251207_162353_000.7z
2025-12-07 16:31:00,7266.164081,7.266164081,2605.567899,2172.624901,2487.971281,768000,768000,1.000000000,1,2025-12-07 16:31:00.000000,2025-12-07 16:31:59.999922,1,BAYxx_xxxx_20251207_162353_000.7z
2025-12-07 16:32:00,2191.079276,2.191079276,983.629563,486.142021,721.307691,768000,768000,1.000000000,1,2025-12-07 16:32:00.000000,2025-12-07 16:32:59.999922,1,BAYxx_xxxx_20251207_162353_000.7z
2025-12-07 16:33:00,2216.746431,2.216746431,981.420067,488.127784,747.198580,678528,768000,0.883500000,0,2025-12-07 16:33:00.000000,2025-12-07 16:33:53.009922,1,BAYxx_xxxx_20251207_162353_000.7z
2025-12-07 16:34:00,2274.882849,2.274882849,1006.201533,502.739682,765.941634,729600,768000,0.950000000,0,2025-12-07 16:34:03.000000,2025-12-07 16:34:59.999922,1,BAYxx_xxxx_20251207_163403_000.7z
2025-12-07 16:35:00,2332.683056,2.332683056,1025.810382,529.485342,777.387332,768000,768000,1.000000000,1,2025-12-07 16:35:00.000000,2025-12-07 16:35:59.999922,1,BAYxx_xxxx_20251207_163403_000.7z
2025-12-07 16:36:00,2297.780942,2.297780942,1047.407006,550.148274,700.225662,768000,768000,1.000000000,1,2025-12-07 16:36:00.000000,2025-12-07 16:36:59.999922,1,BAYxx_xxxx_20251207_163403_000.7z
2025-12-07 16:37:00,2322.814032,2.322814032,1054.110170,559.621752,709.082110,768000,768000,1.000000000,1,2025-12-07 16:37:00.000000,2025-12-07 16:37:59.999922,1,BAYxx_xxxx_20251207_163403_000.7z
2025-12-07 16:38:00,2343.026454,2.343026454,1049.687477,570.897429,722.441549,768000,768000,1.000000000,1,2025-12-07 16:38:00.000000,2025-12-07 16:38:59.999922,1,BAYxx_xxxx_20251207_163403_000.7z
2025-12-07 16:39:00,2430.481586,2.430481586,1087.029213,593.083940,750.368433,768000,768000,1.000000000,1,2025-12-07 16:39:00.000000,2025-12-07 16:39:59.999922,1,BAYxx_xxxx_20251207_163403_000.7z
2025-12-07 16:40:00,2479.675442,2.479675442,1108.639382,614.767355,756.268705,768000,768000,1.000000000,1,2025-12-07 16:40:00.000000,2025-12-07 16:40:59.999922,1,BAYxx_xxxx_20251207_163403_000.7z
2025-12-07 16:41:00,2504.850754,2.504850754,1110.749515,625.178167,768.923072,768000,768000,1.000000000,1,2025-12-07 16:41:00.000000,2025-12-07 16:41:59.999922,1,BAYxx_xxxx_20251207_163403_000.7z
2025-12-07 16:42:00,3463.169685,3.463169685,1431.607979,941.065418,1090.496288,768000,768000,1.000000000,1,2025-12-07 16:42:00.000000,2025-12-07 16:42:59.999922,1,BAYxx_xxxx_20251207_163403_000.7z
2025-12-07 16:43:00,11316.160117,11.316160117,3900.358342,3605.071804,3810.729971,768000,768000,1.000000000,1,2025-12-07 16:43:00.000000,2025-12-07 16:43:59.999922,1,BAYxx_xxxx_20251207_163403_000.7z
2025-12-07 16:44:00,27418.471969,27.418471969,8997.503546,9020.577651,9400.390772,716853,768000,0.933402344,0,2025-12-07 16:44:00.000000,2025-12-07 16:44:59.999922,2,BAYxx_xxxx_20251207_163403_000.7z;BAYxx_xxxx_20251207_164407_000.7z
2025-12-07 16:45:00,9300.510916,9.300510916,3299.874150,2901.527956,3099.108810,768000,768000,1.000000000,1,2025-12-07 16:45:00.000000,2025-12-07 16:45:59.999922,1,BAYxx_xxxx_20251207_164407_000.7z
2025-12-07 16:46:00,2759.020091,2.759020091,1212.762079,703.632337,842.625676,768000,768000,1.000000000,1,2025-12-07 16:46:00.000000,2025-12-07 16:46:59.999922,1,BAYxx_xxxx_20251207_164407_000.7z
2025-12-07 16:47:00,2700.551211,2.700551211,1186.225895,686.412042,827.913275,768000,768000,1.000000000,1,2025-12-07 16:47:00.000000,2025-12-07 16:47:59.999922,1,BAYxx_xxxx_20251207_164407_000.7z
2025-12-07 16:48:00,3122.957391,3.122957391,1324.978280,833.578423,964.400689,768000,768000,1.000000000,1,2025-12-07 16:48:00.000000,2025-12-07 16:48:59.999922,1,BAYxx_xxxx_20251207_164407_000.7z
2025-12-07 16:49:00,4560.706514,4.560706514,1826.251749,1297.601373,1436.853392,768000,768000,1.000000000,1,2025-12-07 16:49:00.000000,2025-12-07 16:49:59.999922,1,BAYxx_xxxx_20251207_164407_000.7z
2025-12-07 16:50:00,27693.103067,27.693103067,9267.437389,8976.041026,9449.624653,768000,768000,1.000000000,1,2025-12-07 16:50:00.000000,2025-12-07 16:50:59.999922,1,BAYxx_xxxx_20251207_164407_000.7z
2025-12-07 16:51:00,4882.879516,4.882879516,1879.276632,1382.657844,1620.945040,768000,768000,1.000000000,1,2025-12-07 16:51:00.000000,2025-12-07 16:51:59.999922,1,BAYxx_xxxx_20251207_164407_000.7z
2025-12-07 16:52:00,3017.292980,3.017292980,1285.209915,763.083401,968.999664,768000,768000,1.000000000,1,2025-12-07 16:52:00.000000,2025-12-07 16:52:59.999922,1,BAYxx_xxxx_20251207_164407_000.7z
2025-12-07 16:53:00,3031.340118,3.031340118,1290.703778,763.578856,977.057484,768000,768000,1.000000000,1,2025-12-07 16:53:00.000000,2025-12-07 16:53:59.999922,1,BAYxx_xxxx_20251207_164407_000.7z
2025-12-07 16:54:00,3027.393054,3.027393054,1289.662017,766.573876,971.157162,678522,768000,0.883492188,0,2025-12-07 16:54:00.000000,2025-12-07 16:54:59.999922,2,BAYxx_xxxx_20251207_164407_000.7z;BAYxx_xxxx_20251207_165414_000.7z
2025-12-07 16:55:00,3025.499698,3.025499698,1279.248026,761.539684,984.711989,768000,768000,1.000000000,1,2025-12-07 16:55:00.000000,2025-12-07 16:55:59.999922,1,BAYxx_xxxx_20251207_165414_000.7z
2025-12-07 16:56:00,3079.807654,3.079807654,1295.240448,781.629224,1002.937982,768000,768000,1.000000000,1,2025-12-07 16:56:00.000000,2025-12-07 16:56:59.999922,1,BAYxx_xxxx_20251207_165414_000.7z
2025-12-07 16:57:00,3083.619908,3.083619908,1310.576017,775.788129,997.255761,768000,768000,1.000000000,1,2025-12-07 16:57:00.000000,2025-12-07 16:57:59.999922,1,BAYxx_xxxx_20251207_165414_000.7z
2025-12-07 16:58:00,3113.986253,3.113986253,1323.125558,788.358071,1002.502623,768000,768000,1.000000000,1,2025-12-07 16:58:00.000000,2025-12-07 16:58:59.999922,1,BAYxx_xxxx_20251207_165414_000.7z
2025-12-07 16:59:00,3080.497646,3.080497646,1307.376295,775.613387,997.507963,768000,768000,1.000000000,1,2025-12-07 16:59:00.000000,2025-12-07 16:59:59.999922,1,BAYxx_xxxx_20251207_165414_000.7z
2025-12-07 17:00:00,3069.575842,3.069575842,1295.456573,780.356908,993.762361,768000,768000,1.000000000,1,2025-12-07 17:00:00.000000,2025-12-07 17:00:59.999922,1,BAYxx_xxxx_20251207_165414_000.7z
2025-12-07 17:01:00,4025.732185,4.025732185,1613.547955,1091.025745,1321.158485,768000,768000,1.000000000,1,2025-12-07 17:01:00.000000,2025-12-07 17:01:59.999922,1,BAYxx_xxxx_20251207_165414_000.7z
2025-12-07 17:02:00,12728.172535,12.728172535,4351.152204,3995.219704,4381.800627,768000,768000,1.000000000,1,2025-12-07 17:02:00.000000,2025-12-07 17:02:59.999922,1,BAYxx_xxxx_20251207_165414_000.7z
2025-12-07 17:03:00,27409.009247,27.409009247,8828.927715,8985.929219,9594.152313,768000,768000,1.000000000,1,2025-12-07 17:03:00.000000,2025-12-07 17:03:59.999922,1,BAYxx_xxxx_20251207_165414_000.7z
2025-12-07 17:04:00,14289.752643,14.289752643,4762.505284,4586.255227,4940.992131,678453,768000,0.883402344,0,2025-12-07 17:04:00.000000,2025-12-07 17:04:59.999922,2,BAYxx_xxxx_20251207_165414_000.7z;BAYxx_xxxx_20251207_170421_000.7z
2025-12-07 17:05:00,3080.021787,3.080021787,1297.884461,772.838625,1009.298701,768000,768000,1.000000000,1,2025-12-07 17:05:00.000000,2025-12-07 17:05:59.999922,1,BAYxx_xxxx_20251207_170421_000.7z
2025-12-07 17:06:00,3121.827873,3.121827873,1308.197654,793.015420,1020.614798,768000,768000,1.000000000,1,2025-12-07 17:06:00.000000,2025-12-07 17:06:59.999922,1,BAYxx_xxxx_20251207_170421_000.7z
2025-12-07 17:07:00,3026.691481,3.026691481,1272.395361,754.404713,999.891407,768000,768000,1.000000000,1,2025-12-07 17:07:00.000000,2025-12-07 17:07:59.999922,1,BAYxx_xxxx_20251207_170421_000.7z
2025-12-07 17:08:00,3031.033810,3.031033810,1264.735788,766.311943,999.986080,768000,768000,1.000000000,1,2025-12-07 17:08:00.000000,2025-12-07 17:08:59.999922,1,BAYxx_xxxx_20251207_170421_000.7z
2025-12-07 17:09:00,3132.738664,3.132738664,1312.233784,803.366155,1017.138725,768000,768000,1.000000000,1,2025-12-07 17:09:00.000000,2025-12-07 17:09:59.999922,1,BAYxx_xxxx_20251207_170421_000.7z
2025-12-07 17:10:00,3103.276084,3.103276084,1290.409603,795.930293,1016.936188,768000,768000,1.000000000,1,2025-12-07 17:10:00.000000,2025-12-07 17:10:59.999922,1,BAYxx_xxxx_20251207_170421_000.7z
2025-12-07 17:11:00,3110.955923,3.110955923,1292.408599,794.545224,1024.002100,768000,768000,1.000000000,1,2025-12-07 17:11:00.000000,2025-12-07 17:11:59.999922,1,BAYxx_xxxx_20251207_170421_000.7z
2025-12-07 17:12:00,3120.069495,3.120069495,1291.657962,795.926991,1032.484542,768000,768000,1.000000000,1,2025-12-07 17:12:00.000000,2025-12-07 17:12:59.999922,1,BAYxx_xxxx_20251207_170421_000.7z
2025-12-07 17:13:00,3100.802543,3.100802543,1290.188985,784.583698,1026.029860,768000,768000,1.000000000,1,2025-12-07 17:13:00.000000,2025-12-07 17:13:59.999922,1,BAYxx_xxxx_20251207_170421_000.7z
2025-12-07 17:14:00,3075.580362,3.075580362,1296.717921,775.240279,1003.622162,691256,768000,0.900072917,0,2025-12-07 17:14:00.000000,2025-12-07 17:14:59.999922,2,BAYxx_xxxx_20251207_170421_000.7z;BAYxx_xxxx_20251207_171427_000.7z
2025-12-07 17:15:00,3642.563840,3.642563840,1486.762846,957.743776,1198.057218,768000,768000,1.000000000,1,2025-12-07 17:15:00.000000,2025-12-07 17:15:59.999922,1,BAYxx_xxxx_20251207_171427_000.7z
2025-12-07 17:16:00,6731.523348,6.731523348,2438.032056,2013.663380,2279.827913,768000,768000,1.000000000,1,2025-12-07 17:16:00.000000,2025-12-07 17:16:59.999922,1,BAYxx_xxxx_20251207_171427_000.7z
2025-12-07 17:17:00,27491.110598,27.491110598,9016.783612,8887.972713,9586.354273,768000,768000,1.000000000,1,2025-12-07 17:17:00.000000,2025-12-07 17:17:59.999922,1,BAYxx_xxxx_20251207_171427_000.7z
2025-12-07 17:18:00,24079.882030,24.079882030,7859.944431,7775.332140,8444.605459,768000,768000,1.000000000,1,2025-12-07 17:18:00.000000,2025-12-07 17:18:59.999922,1,BAYxx_xxxx_20251207_171427_000.7z
2025-12-07 17:19:00,3108.224506,3.108224506,1297.148207,781.303877,1029.772422,768000,768000,1.000000000,1,2025-12-07 17:19:00.000000,2025-12-07 17:19:59.999922,1,BAYxx_xxxx_20251207_171427_000.7z
2025-12-07 17:20:00,3105.777751,3.105777751,1291.538533,787.323295,1026.915923,768000,768000,1.000000000,1,2025-12-07 17:20:00.000000,2025-12-07 17:20:59.999922,1,BAYxx_xxxx_20251207_171427_000.7z
2025-12-07 17:21:00,3028.523593,3.028523593,1299.153460,771.907063,957.463070,768000,768000,1.000000000,1,2025-12-07 17:21:00.000000,2025-12-07 17:21:59.999922,1,BAYxx_xxxx_20251207_171427_000.7z
2025-12-07 17:22:00,2967.389925,2.967389925,1287.980454,771.988917,907.420555,768000,768000,1.000000000,1,2025-12-07 17:22:00.000000,2025-12-07 17:22:59.999922,1,BAYxx_xxxx_20251207_171427_000.7z
2025-12-07 17:23:00,2998.890448,2.998890448,1294.809746,779.325364,924.755338,768000,768000,1.000000000,1,2025-12-07 17:23:00.000000,2025-12-07 17:23:59.999922,1,BAYxx_xxxx_20251207_171427_000.7z
2025-12-07 17:24:00,2989.002051,2.989002051,1292.967127,772.732537,923.302388,665683,768000,0.866774740,0,2025-12-07 17:24:00.000000,2025-12-07 17:24:59.999922,2,BAYxx_xxxx_20251207_171427_000.7z;BAYxx_xxxx_20251207_172435_000.7z
2025-12-07 17:25:00,2999.120183,2.999120183,1303.341855,779.488645,916.289683,768000,768000,1.000000000,1,2025-12-07 17:25:00.000000,2025-12-07 17:25:59.999922,1,BAYxx_xxxx_20251207_172435_000.7z
2025-12-07 17:26:00,2957.637022,2.957637022,1284.332171,762.864943,910.439907,768000,768000,1.000000000,1,2025-12-07 17:26:00.000000,2025-12-07 17:26:59.999922,1,BAYxx_xxxx_20251207_172435_000.7z
2025-12-07 17:27:00,2990.862082,2.990862082,1299.104870,775.275715,916.481498,768000,768000,1.000000000,1,2025-12-07 17:27:00.000000,2025-12-07 17:27:59.999922,1,BAYxx_xxxx_20251207_172435_000.7z
2025-12-07 17:28:00,3013.571503,3.013571503,1294.581909,782.556851,936.432743,768000,768000,1.000000000,1,2025-12-07 17:28:00.000000,2025-12-07 17:28:59.999922,1,BAYxx_xxxx_20251207_172435_000.7z
2025-12-07 17:29:00,3007.539593,3.007539593,1288.369380,785.074145,934.096069,768000,768000,1.000000000,1,2025-12-07 17:29:00.000000,2025-12-07 17:29:59.999922,1,BAYxx_xxxx_20251207_172435_000.7z
2025-12-07 17:30:00,4506.649511,4.506649511,1758.673360,1300.671195,1447.304956,768000,768000,1.000000000,1,2025-12-07 17:30:00.000000,2025-12-07 17:30:59.999922,1,BAYxx_xxxx_20251207_172435_000.7z
2025-12-07 17:31:00,21130.607828,21.130607828,6982.331042,6907.154511,7241.122275,768000,768000,1.000000000,1,2025-12-07 17:31:00.000000,2025-12-07 17:31:59.999922,1,BAYxx_xxxx_20251207_172435_000.7z
2025-12-07 17:32:00,27704.372576,27.704372576,9102.670943,9089.746855,9511.954778,768000,768000,1.000000000,1,2025-12-07 17:32:00.000000,2025-12-07 17:32:59.999922,1,BAYxx_xxxx_20251207_172435_000.7z
2025-12-07 17:33:00,6031.352895,6.031352895,2247.970335,1806.920058,1976.462502,768000,768000,1.000000000,1,2025-12-07 17:33:00.000000,2025-12-07 17:33:59.999922,1,BAYxx_xxxx_20251207_172435_000.7z
2025-12-07 17:34:00,3006.062614,3.006062614,1284.076993,788.109774,933.875847,691253,768000,0.900069010,0,2025-12-07 17:34:00.000000,2025-12-07 17:34:59.999922,2,BAYxx_xxxx_20251207_172435_000.7z;BAYxx_xxxx_20251207_173441_000.7z
2025-12-07 17:35:00,2984.225448,2.984225448,1282.517723,777.497361,924.210364,768000,768000,1.000000000,1,2025-12-07 17:35:00.000000,2025-12-07 17:35:59.999922,1,BAYxx_xxxx_20251207_173441_000.7z
2025-12-07 17:36:00,3547.036208,3.547036208,1459.451265,949.181096,1138.403847,768000,768000,1.000000000,1,2025-12-07 17:36:00.000000,2025-12-07 17:36:59.999922,1,BAYxx_xxxx_20251207_173441_000.7z
2025-12-07 17:37:00,7935.152763,7.935152763,2830.243163,2409.345427,2695.564172,768000,768000,1.000000000,1,2025-12-07 17:37:00.000000,2025-12-07 17:37:59.999922,1,BAYxx_xxxx_20251207_173441_000.7z
2025-12-07 17:38:00,28733.261277,28.733261277,9388.316391,9371.356649,9973.588237,768000,768000,1.000000000,1,2025-12-07 17:38:00.000000,2025-12-07 17:38:59.999922,1,BAYxx_xxxx_20251207_173441_000.7z
2025-12-07 17:39:00,28599.242510,28.599242510,9419.686117,9231.356967,9948.199427,768000,768000,1.000000000,1,2025-12-07 17:39:00.000000,2025-12-07 17:39:59.999922,1,BAYxx_xxxx_20251207_173441_000.7z
2025-12-07 17:40:00,26775.620558,26.775620558,8763.200384,8637.679751,9374.740424,768000,768000,1.000000000,1,2025-12-07 17:40:00.000000,2025-12-07 17:40:59.999922,1,BAYxx_xxxx_20251207_173441_000.7z
2025-12-07 17:41:00,3176.624034,3.176624034,1321.275402,814.080500,1041.268131,768000,768000,1.000000000,1,2025-12-07 17:41:00.000000,2025-12-07 17:41:59.999922,1,BAYxx_xxxx_20251207_173441_000.7z
2025-12-07 17:42:00,3086.742275,3.086742275,1297.608959,776.776809,1012.356507,768000,768000,1.000000000,1,2025-12-07 17:42:00.000000,2025-12-07 17:42:59.999922,1,BAYxx_xxxx_20251207_173441_000.7z
2025-12-07 17:43:00,3068.141113,3.068141113,1308.883621,763.269328,995.988163,768000,768000,1.000000000,1,2025-12-07 17:43:00.000000,2025-12-07 17:43:59.999922,1,BAYxx_xxxx_20251207_173441_000.7z
2025-12-07 17:44:00,3079.092540,3.079092540,1296.669154,778.055905,1004.367481,665683,768000,0.866774740,0,2025-12-07 17:44:00.000000,2025-12-07 17:44:59.999922,2,BAYxx_xxxx_20251207_173441_000.7z;BAYxx_xxxx_20251207_174449_000.7z
2025-12-07 17:45:00,3091.018119,3.091018119,1307.651765,774.194634,1009.171720,768000,768000,1.000000000,1,2025-12-07 17:45:00.000000,2025-12-07 17:45:59.999922,1,BAYxx_xxxx_20251207_174449_000.7z
2025-12-07 17:46:00,3107.287130,3.107287130,1316.857823,782.464520,1007.964787,768000,768000,1.000000000,1,2025-12-07 17:46:00.000000,2025-12-07 17:46:59.999922,1,BAYxx_xxxx_20251207_174449_000.7z
2025-12-07 17:47:00,3118.575255,3.118575255,1318.304721,787.678027,1012.592506,768000,768000,1.000000000,1,2025-12-07 17:47:00.000000,2025-12-07 17:47:59.999922,1,BAYxx_xxxx_20251207_174449_000.7z
2025-12-07 17:48:00,3090.600598,3.090600598,1315.007335,778.326260,997.267003,768000,768000,1.000000000,1,2025-12-07 17:48:00.000000,2025-12-07 17:48:59.999922,1,BAYxx_xxxx_20251207_174449_000.7z
2025-12-07 17:49:00,3084.820514,3.084820514,1310.983684,773.539600,1000.297230,768000,768000,1.000000000,1,2025-12-07 17:49:00.000000,2025-12-07 17:49:59.999922,1,BAYxx_xxxx_20251207_174449_000.7z
2025-12-07 17:50:00,3080.036711,3.080036711,1288.986092,777.000901,1014.049719,768000,768000,1.000000000,1,2025-12-07 17:50:00.000000,2025-12-07 17:50:59.999922,1,BAYxx_xxxx_20251207_174449_000.7z
2025-12-07 17:51:00,3107.992186,3.107992186,1310.582063,779.036136,1018.373986,768000,768000,1.000000000,1,2025-12-07 17:51:00.000000,2025-12-07 17:51:59.999922,1,BAYxx_xxxx_20251207_174449_000.7z
2025-12-07 17:52:00,3557.319487,3.557319487,1460.731426,926.953450,1169.634611,768000,768000,1.000000000,1,2025-12-07 17:52:00.000000,2025-12-07 17:52:59.999922,1,BAYxx_xxxx_20251207_174449_000.7z
2025-12-07 17:53:00,5915.828688,5.915828688,2203.928294,1735.014165,1976.886229,768000,768000,1.000000000,1,2025-12-07 17:53:00.000000,2025-12-07 17:53:59.999922,1,BAYxx_xxxx_20251207_174449_000.7z
2025-12-07 17:54:00,27130.593271,27.130593271,8933.642456,8870.452557,9326.498259,665678,768000,0.866768229,0,2025-12-07 17:54:00.000000,2025-12-07 17:54:59.999922,2,BAYxx_xxxx_20251207_174449_000.7z;BAYxx_xxxx_20251207_175457_000.7z
2025-12-07 17:55:00,16114.866224,16.114866224,5418.667690,5130.503458,5565.695076,768000,768000,1.000000000,1,2025-12-07 17:55:00.000000,2025-12-07 17:55:59.999922,1,BAYxx_xxxx_20251207_175457_000.7z
2025-12-07 17:56:00,3076.539932,3.076539932,1295.864831,772.636284,1008.038817,768000,768000,1.000000000,1,2025-12-07 17:56:00.000000,2025-12-07 17:56:59.999922,1,BAYxx_xxxx_20251207_175457_000.7z
2025-12-07 17:57:00,3075.057446,3.075057446,1311.687260,757.276481,1006.093705,768000,768000,1.000000000,1,2025-12-07 17:57:00.000000,2025-12-07 17:57:59.999922,1,BAYxx_xxxx_20251207_175457_000.7z
2025-12-07 17:58:00,3110.372405,3.110372405,1324.547023,767.448075,1018.377307,768000,768000,1.000000000,1,2025-12-07 17:58:00.000000,2025-12-07 17:58:59.999922,1,BAYxx_xxxx_20251207_175457_000.7z
2025-12-07 17:59:00,4655.115518,4.655115518,1829.461190,1280.512163,1545.142165,768000,768000,1.000000000,1,2025-12-07 17:59:00.000000,2025-12-07 17:59:59.999922,1,BAYxx_xxxx_20251207_175457_000.7z
2025-12-07 18:00:00,23303.645428,23.303645428,7797.748768,7482.159566,8023.737093,768000,768000,1.000000000,1,2025-12-07 18:00:00.000000,2025-12-07 18:00:59.999922,1,BAYxx_xxxx_20251207_175457_000.7z
2025-12-07 18:01:00,24988.704524,24.988704524,8313.677031,8047.711670,8627.315824,768000,768000,1.000000000,1,2025-12-07 18:01:00.000000,2025-12-07 18:01:59.999922,1,BAYxx_xxxx_20251207_175457_000.7z
2025-12-07 18:02:00,3134.995804,3.134995804,1327.172587,781.026324,1026.796893,768000,768000,1.000000000,1,2025-12-07 18:02:00.000000,2025-12-07 18:02:59.999922,1,BAYxx_xxxx_20251207_175457_000.7z
2025-12-07 18:03:00,3104.248838,3.104248838,1315.711981,769.717851,1018.819007,768000,768000,1.000000000,1,2025-12-07 18:03:00.000000,2025-12-07 18:03:59.999922,1,BAYxx_xxxx_20251207_175457_000.7z
2025-12-07 18:04:00,3089.032154,3.089032154,1300.644466,760.183609,1028.204079,729644,768000,0.950057292,0,2025-12-07 18:04:00.000000,2025-12-07 18:04:57.003359,1,BAYxx_xxxx_20251207_175457_000.7z
2025-12-07 18:05:00,3087.824621,3.087824621,1309.194752,757.516993,1021.112877,704000,768000,0.916666667,0,2025-12-07 18:05:05.000000,2025-12-07 18:05:59.999922,1,BAYxx_xxxx_20251207_180505_000.7z
2025-12-07 18:06:00,3086.172569,3.086172569,1311.574985,763.425306,1011.172278,768000,768000,1.000000000,1,2025-12-07 18:06:00.000000,2025-12-07 18:06:59.999922,1,BAYxx_xxxx_20251207_180505_000.7z
2025-12-07 18:07:00,3000.777451,3.000777451,1304.886096,779.127621,916.763734,768000,768000,1.000000000,1,2025-12-07 18:07:00.000000,2025-12-07 18:07:59.999922,1,BAYxx_xxxx_20251207_180505_000.7z
2025-12-07 18:08:00,2981.221598,2.981221598,1304.786265,761.734874,914.700458,768000,768000,1.000000000,1,2025-12-07 18:08:00.000000,2025-12-07 18:08:59.999922,1,BAYxx_xxxx_20251207_180505_000.7z
2025-12-07 18:09:00,2993.855420,2.993855420,1317.041384,757.618838,919.195198,768000,768000,1.000000000,1,2025-12-07 18:09:00.000000,2025-12-07 18:09:59.999922,1,BAYxx_xxxx_20251207_180505_000.7z
2025-12-07 18:10:00,2999.745235,2.999745235,1320.878444,763.441880,915.424911,768000,768000,1.000000000,1,2025-12-07 18:10:00.000000,2025-12-07 18:10:59.999922,1,BAYxx_xxxx_20251207_180505_000.7z
2025-12-07 18:11:00,3005.661593,3.005661593,1319.594557,768.512100,917.554936,768000,768000,1.000000000,1,2025-12-07 18:11:00.000000,2025-12-07 18:11:59.999922,1,BAYxx_xxxx_20251207_180505_000.7z
2025-12-07 18:12:00,2978.335206,2.978335206,1311.075711,750.768938,916.490556,768000,768000,1.000000000,1,2025-12-07 18:12:00.000000,2025-12-07 18:12:59.999922,1,BAYxx_xxxx_20251207_180505_000.7z
2025-12-07 18:13:00,4465.829858,4.465829858,1806.919958,1255.618540,1403.291360,768000,768000,1.000000000,1,2025-12-07 18:13:00.000000,2025-12-07 18:13:59.999922,1,BAYxx_xxxx_20251207_180505_000.7z
2025-12-07 18:14:00,19535.304468,19.535304468,6621.742698,6301.486745,6612.075026,768000,768000,1.000000000,1,2025-12-07 18:14:00.000000,2025-12-07 18:14:59.999922,1,BAYxx_xxxx_20251207_180505_000.7z
2025-12-07 18:15:00,27234.740219,27.234740219,9074.573336,8855.262526,9304.904357,704005,768000,0.916673177,0,2025-12-07 18:15:00.000000,2025-12-07 18:15:59.999922,2,BAYxx_xxxx_20251207_180505_000.7z;BAYxx_xxxx_20251207_181510_000.7z
2025-12-07 18:16:00,5519.379583,5.519379583,2134.907838,1585.581627,1798.890118,768000,768000,1.000000000,1,2025-12-07 18:16:00.000000,2025-12-07 18:16:59.999922,1,BAYxx_xxxx_20251207_181510_000.7z
2025-12-07 18:17:00,3014.983092,3.014983092,1323.838226,769.347819,921.797047,768000,768000,1.000000000,1,2025-12-07 18:17:00.000000,2025-12-07 18:17:59.999922,1,BAYxx_xxxx_20251207_181510_000.7z
2025-12-07 18:18:00,2977.293146,2.977293146,1322.426648,754.914038,899.952459,768000,768000,1.000000000,1,2025-12-07 18:18:00.000000,2025-12-07 18:18:59.999922,1,BAYxx_xxxx_20251207_181510_000.7z
2025-12-07 18:19:00,2985.656951,2.985656951,1320.705652,755.834481,909.116818,768000,768000,1.000000000,1,2025-12-07 18:19:00.000000,2025-12-07 18:19:59.999922,1,BAYxx_xxxx_20251207_181510_000.7z
2025-12-07 18:20:00,2984.954076,2.984954076,1308.745358,758.464527,917.744191,768000,768000,1.000000000,1,2025-12-07 18:20:00.000000,2025-12-07 18:20:59.999922,1,BAYxx_xxxx_20251207_181510_000.7z
2025-12-07 18:21:00,3004.696109,3.004696109,1322.215262,757.496627,924.984220,768000,768000,1.000000000,1,2025-12-07 18:21:00.000000,2025-12-07 18:21:59.999922,1,BAYxx_xxxx_20251207_181510_000.7z
2025-12-07 18:22:00,3088.363830,3.088363830,1330.819548,759.534151,998.010131,768000,768000,1.000000000,1,2025-12-07 18:22:00.000000,2025-12-07 18:22:59.999922,1,BAYxx_xxxx_20251207_181510_000.7z
2025-12-07 18:23:00,3079.749591,3.079749591,1319.090487,759.896132,1000.762972,768000,768000,1.000000000,1,2025-12-07 18:23:00.000000,2025-12-07 18:23:59.999922,1,BAYxx_xxxx_20251207_181510_000.7z
2025-12-07 18:24:00,3057.672989,3.057672989,1310.495291,746.831612,1000.346086,768000,768000,1.000000000,1,2025-12-07 18:24:00.000000,2025-12-07 18:24:59.999922,1,BAYxx_xxxx_20251207_181510_000.7z
2025-12-07 18:25:00,3104.974945,3.104974945,1321.665263,771.490070,1011.819611,678434,768000,0.883377604,0,2025-12-07 18:25:00.000000,2025-12-07 18:25:59.999922,2,BAYxx_xxxx_20251207_181510_000.7z;BAYxx_xxxx_20251207_182517_000.7z
2025-12-07 18:26:00,3077.828409,3.077828409,1313.596115,772.158447,992.073847,768000,768000,1.000000000,1,2025-12-07 18:26:00.000000,2025-12-07 18:26:59.999922,1,BAYxx_xxxx_20251207_182517_000.7z
2025-12-07 18:27:00,3088.181416,3.088181416,1317.765129,770.565720,999.850567,768000,768000,1.000000000,1,2025-12-07 18:27:00.000000,2025-12-07 18:27:59.999922,1,BAYxx_xxxx_20251207_182517_000.7z
2025-12-07 18:28:00,4560.453668,4.560453668,1797.062270,1274.871048,1488.520350,768000,768000,1.000000000,1,2025-12-07 18:28:00.000000,2025-12-07 18:28:59.999922,1,BAYxx_xxxx_20251207_182517_000.7z
2025-12-07 18:29:00,20272.176040,20.272176040,6814.237683,6505.733698,6952.204659,768000,768000,1.000000000,1,2025-12-07 18:29:00.000000,2025-12-07 18:29:59.999922,1,BAYxx_xxxx_20251207_182517_000.7z
2025-12-07 18:30:00,27626.423592,27.626423592,9204.700197,8921.422216,9500.301179,768000,768000,1.000000000,1,2025-12-07 18:30:00.000000,2025-12-07 18:30:59.999922,1,BAYxx_xxxx_20251207_182517_000.7z
2025-12-07 18:31:00,11147.126981,11.147126981,3902.339950,3462.804868,3781.982162,768000,768000,1.000000000,1,2025-12-07 18:31:00.000000,2025-12-07 18:31:59.999922,1,BAYxx_xxxx_20251207_182517_000.7z
2025-12-07 18:32:00,3078.511530,3.078511530,1321.317487,768.846211,988.347831,768000,768000,1.000000000,1,2025-12-07 18:32:00.000000,2025-12-07 18:32:59.999922,1,BAYxx_xxxx_20251207_182517_000.7z
2025-12-07 18:33:00,3097.536888,3.097536888,1318.139873,776.065648,1003.331367,768000,768000,1.000000000,1,2025-12-07 18:33:00.000000,2025-12-07 18:33:59.999922,1,BAYxx_xxxx_20251207_182517_000.7z
2025-12-07 18:34:00,3088.695404,3.088695404,1312.175382,774.733266,1001.786756,768000,768000,1.000000000,1,2025-12-07 18:34:00.000000,2025-12-07 18:34:59.999922,1,BAYxx_xxxx_20251207_182517_000.7z
2025-12-07 18:35:00,3037.737070,3.037737070,1288.494075,757.579117,991.663878,678538,768000,0.883513021,0,2025-12-07 18:35:00.000000,2025-12-07 18:35:59.999922,2,BAYxx_xxxx_20251207_182517_000.7z;BAYxx_xxxx_20251207_183524_000.7z
2025-12-07 18:36:00,3067.632160,3.067632160,1313.201609,765.420096,989.010455,768000,768000,1.000000000,1,2025-12-07 18:36:00.000000,2025-12-07 18:36:59.999922,1,BAYxx_xxxx_20251207_183524_000.7z
2025-12-07 18:37:00,3090.808946,3.090808946,1321.039054,774.769643,995.000249,768000,768000,1.000000000,1,2025-12-07 18:37:00.000000,2025-12-07 18:37:59.999922,1,BAYxx_xxxx_20251207_183524_000.7z
2025-12-07 18:38:00,3091.995533,3.091995533,1302.776156,772.049484,1017.169894,768000,768000,1.000000000,1,2025-12-07 18:38:00.000000,2025-12-07 18:38:59.999922,1,BAYxx_xxxx_20251207_183524_000.7z
2025-12-07 18:39:00,3104.985268,3.104985268,1314.841489,772.069221,1018.074558,768000,768000,1.000000000,1,2025-12-07 18:39:00.000000,2025-12-07 18:39:59.999922,1,BAYxx_xxxx_20251207_183524_000.7z
2025-12-07 18:40:00,3121.417891,3.121417891,1326.954530,776.361448,1018.101913,768000,768000,1.000000000,1,2025-12-07 18:40:00.000000,2025-12-07 18:40:59.999922,1,BAYxx_xxxx_20251207_183524_000.7z
2025-12-07 18:41:00,3102.543195,3.102543195,1327.214444,775.089835,1000.238916,768000,768000,1.000000000,1,2025-12-07 18:41:00.000000,2025-12-07 18:41:59.999922,1,BAYxx_xxxx_20251207_183524_000.7z
2025-12-07 18:42:00,3977.128222,3.977128222,1603.380173,1071.749570,1301.998480,768000,768000,1.000000000,1,2025-12-07 18:42:00.000000,2025-12-07 18:42:59.999922,1,BAYxx_xxxx_20251207_183524_000.7z
2025-12-07 18:43:00,11617.325784,11.617325784,4023.179618,3635.551283,3958.594883,768000,768000,1.000000000,1,2025-12-07 18:43:00.000000,2025-12-07 18:43:59.999922,1,BAYxx_xxxx_20251207_183524_000.7z
2025-12-07 18:44:00,27427.517774,27.427517774,9104.893148,8914.940239,9407.684387,768000,768000,1.000000000,1,2025-12-07 18:44:00.000000,2025-12-07 18:44:59.999922,1,BAYxx_xxxx_20251207_183524_000.7z
2025-12-07 18:45:00,8030.803793,8.030803793,2890.613959,2441.522373,2698.667462,627238,768000,0.816716146,0,2025-12-07 18:45:00.000000,2025-12-07 18:45:59.999922,2,BAYxx_xxxx_20251207_183524_000.7z;BAYxx_xxxx_20251207_184535_000.7z
2025-12-07 18:46:00,3077.336524,3.077336524,1309.034550,770.369140,997.932835,768000,768000,1.000000000,1,2025-12-07 18:46:00.000000,2025-12-07 18:46:59.999922,1,BAYxx_xxxx_20251207_184535_000.7z
2025-12-07 18:47:00,3079.426651,3.079426651,1307.372232,768.366141,1003.688279,768000,768000,1.000000000,1,2025-12-07 18:47:00.000000,2025-12-07 18:47:59.999922,1,BAYxx_xxxx_20251207_184535_000.7z
2025-12-07 18:48:00,3228.547841,3.228547841,1362.655311,820.628996,1045.263534,768000,768000,1.000000000,1,2025-12-07 18:48:00.000000,2025-12-07 18:48:59.999922,1,BAYxx_xxxx_20251207_184535_000.7z
2025-12-07 18:49:00,4672.714938,4.672714938,1852.339232,1288.759300,1531.616407,768000,768000,1.000000000,1,2025-12-07 18:49:00.000000,2025-12-07 18:49:59.999922,1,BAYxx_xxxx_20251207_184535_000.7z
2025-12-07 18:50:00,23890.684909,23.890684909,7982.975037,7659.179749,8248.530122,768000,768000,1.000000000,1,2025-12-07 18:50:00.000000,2025-12-07 18:50:59.999922,1,BAYxx_xxxx_20251207_184535_000.7z
2025-12-07 18:51:00,28285.956288,28.285956288,9400.425358,9133.279476,9752.251454,768000,768000,1.000000000,1,2025-12-07 18:51:00.000000,2025-12-07 18:51:59.999922,1,BAYxx_xxxx_20251207_184535_000.7z
2025-12-07 18:52:00,3271.917954,3.271917954,1405.881286,855.710372,1010.326296,768000,768000,1.000000000,1,2025-12-07 18:52:00.000000,2025-12-07 18:52:59.999922,1,BAYxx_xxxx_20251207_184535_000.7z
2025-12-07 18:53:00,3019.093994,3.019093994,1332.688007,767.635365,918.770622,768000,768000,1.000000000,1,2025-12-07 18:53:00.000000,2025-12-07 18:53:59.999922,1,BAYxx_xxxx_20251207_184535_000.7z
2025-12-07 18:54:00,2991.301266,2.991301266,1316.272380,764.192849,910.836038,768000,768000,1.000000000,1,2025-12-07 18:54:00.000000,2025-12-07 18:54:59.999922,1,BAYxx_xxxx_20251207_184535_000.7z
2025-12-07 18:55:00,2988.969203,2.988969203,1306.376120,773.340195,909.252887,678455,768000,0.883404948,0,2025-12-07 18:55:00.000000,2025-12-07 18:55:59.999922,2,BAYxx_xxxx_20251207_184535_000.7z;BAYxx_xxxx_20251207_185542_000.7z
2025-12-07 18:56:00,3001.337202,3.001337202,1321.831308,767.612203,911.893691,768000,768000,1.000000000,1,2025-12-07 18:56:00.000000,2025-12-07 18:56:59.999922,1,BAYxx_xxxx_20251207_185542_000.7z
2025-12-07 18:57:00,3015.337251,3.015337251,1321.836656,777.484801,916.015795,768000,768000,1.000000000,1,2025-12-07 18:57:00.000000,2025-12-07 18:57:59.999922,1,BAYxx_xxxx_20251207_185542_000.7z
2025-12-07 18:58:00,3005.634027,3.005634027,1312.564414,783.547475,909.522139,768000,768000,1.000000000,1,2025-12-07 18:58:00.000000,2025-12-07 18:58:59.999922,1,BAYxx_xxxx_20251207_185542_000.7z
2025-12-07 18:59:00,3007.083263,3.007083263,1305.145349,792.244797,909.693118,768000,768000,1.000000000,1,2025-12-07 18:59:00.000000,2025-12-07 18:59:59.999922,1,BAYxx_xxxx_20251207_185542_000.7z
2025-12-07 19:00:00,2998.170746,2.998170746,1314.829492,779.440384,903.900870,768000,768000,1.000000000,1,2025-12-07 19:00:00.000000,2025-12-07 19:00:59.999922,1,BAYxx_xxxx_20251207_185542_000.7z
2025-12-07 19:01:00,3005.133816,3.005133816,1322.100721,782.521165,900.511930,768000,768000,1.000000000,1,2025-12-07 19:01:00.000000,2025-12-07 19:01:59.999922,1,BAYxx_xxxx_20251207_185542_000.7z
2025-12-07 19:02:00,4160.571316,4.160571316,1683.666909,1183.057065,1293.847342,768000,768000,1.000000000,1,2025-12-07 19:02:00.000000,2025-12-07 19:02:59.999922,1,BAYxx_xxxx_20251207_185542_000.7z
2025-12-07 19:03:00,15186.169502,15.186169502,5212.736020,4812.384484,5161.048998,768000,768000,1.000000000,1,2025-12-07 19:03:00.000000,2025-12-07 19:03:59.999922,1,BAYxx_xxxx_20251207_185542_000.7z
2025-12-07 19:04:00,27172.844279,27.172844279,9026.014982,8751.682451,9395.146845,768000,768000,1.000000000,1,2025-12-07 19:04:00.000000,2025-12-07 19:04:59.999922,1,BAYxx_xxxx_20251207_185542_000.7z
2025-12-07 19:05:00,10057.372828,10.057372828,3596.348351,3098.848088,3362.176389,640095,768000,0.833457031,0,2025-12-07 19:05:00.000000,2025-12-07 19:05:59.999922,2,BAYxx_xxxx_20251207_185542_000.7z;BAYxx_xxxx_20251207_190552_000.7z
2025-12-07 19:06:00,2998.681000,2.998681000,1318.382907,766.042423,914.255671,768000,768000,1.000000000,1,2025-12-07 19:06:00.000000,2025-12-07 19:06:59.999922,1,BAYxx_xxxx_20251207_190552_000.7z
2025-12-07 19:07:00,3042.620465,3.042620465,1311.233884,761.737492,969.649090,768000,768000,1.000000000,1,2025-12-07 19:07:00.000000,2025-12-07 19:07:59.999922,1,BAYxx_xxxx_20251207_190552_000.7z
2025-12-07 19:08:00,3277.903586,3.277903586,1385.498837,819.210112,1073.194637,768000,768000,1.000000000,1,2025-12-07 19:08:00.000000,2025-12-07 19:08:59.999922,1,BAYxx_xxxx_20251207_190552_000.7z
2025-12-07 19:09:00,4711.302700,4.711302700,1848.924993,1300.173968,1562.203739,768000,768000,1.000000000,1,2025-12-07 19:09:00.000000,2025-12-07 19:09:59.999922,1,BAYxx_xxxx_20251207_190552_000.7z
2025-12-07 19:10:00,24569.673684,24.569673684,8239.444257,7900.359627,8429.869799,768000,768000,1.000000000,1,2025-12-07 19:10:00.000000,2025-12-07 19:10:59.999922,1,BAYxx_xxxx_20251207_190552_000.7z
2025-12-07 19:11:00,28301.065606,28.301065606,9362.012579,9202.570483,9736.482544,768000,768000,1.000000000,1,2025-12-07 19:11:00.000000,2025-12-07 19:11:59.999922,1,BAYxx_xxxx_20251207_190552_000.7z
2025-12-07 19:12:00,28844.476969,28.844476969,9531.184783,9377.708724,9935.583462,768000,768000,1.000000000,1,2025-12-07 19:12:00.000000,2025-12-07 19:12:59.999922,1,BAYxx_xxxx_20251207_190552_000.7z
2025-12-07 19:13:00,21637.232090,21.637232090,7230.828128,6963.983329,7442.420633,768000,768000,1.000000000,1,2025-12-07 19:13:00.000000,2025-12-07 19:13:59.999922,1,BAYxx_xxxx_20251207_190552_000.7z
2025-12-07 19:14:00,3087.190390,3.087190390,1309.355424,780.096288,997.738678,768000,768000,1.000000000,1,2025-12-07 19:14:00.000000,2025-12-07 19:14:59.999922,1,BAYxx_xxxx_20251207_190552_000.7z
2025-12-07 19:15:00,3097.225686,3.097225686,1304.363920,784.549838,1008.311928,665712,768000,0.866812500,0,2025-12-07 19:15:00.000000,2025-12-07 19:15:52.008672,1,BAYxx_xxxx_20251207_190552_000.7z
2025-12-07 19:16:00,3092.505696,3.092505696,1315.636679,775.126171,1001.742847,755200,768000,0.983333333,0,2025-12-07 19:16:01.000000,2025-12-07 19:16:59.999922,1,BAYxx_xxxx_20251207_191601_000.7z
2025-12-07 19:17:00,3063.417398,3.063417398,1300.774455,760.570735,1002.072208,768000,768000,1.000000000,1,2025-12-07 19:17:00.000000,2025-12-07 19:17:59.999922,1,BAYxx_xxxx_20251207_191601_000.7z
2025-12-07 19:18:00,3075.534293,3.075534293,1299.570211,772.832593,1003.131488,768000,768000,1.000000000,1,2025-12-07 19:18:00.000000,2025-12-07 19:18:59.999922,1,BAYxx_xxxx_20251207_191601_000.7z
2025-12-07 19:19:00,3076.074880,3.076074880,1304.345340,769.724205,1002.005334,768000,768000,1.000000000,1,2025-12-07 19:19:00.000000,2025-12-07 19:19:59.999922,1,BAYxx_xxxx_20251207_191601_000.7z
2025-12-07 19:20:00,3094.876462,3.094876462,1318.300825,779.868166,996.707471,768000,768000,1.000000000,1,2025-12-07 19:20:00.000000,2025-12-07 19:20:59.999922,1,BAYxx_xxxx_20251207_191601_000.7z
2025-12-07 19:21:00,3090.507934,3.090507934,1293.780123,788.392805,1008.335005,768000,768000,1.000000000,1,2025-12-07 19:21:00.000000,2025-12-07 19:21:59.999922,1,BAYxx_xxxx_20251207_191601_000.7z
2025-12-07 19:22:00,3097.511315,3.097511315,1300.230873,769.695611,1027.584832,768000,768000,1.000000000,1,2025-12-07 19:22:00.000000,2025-12-07 19:22:59.999922,1,BAYxx_xxxx_20251207_191601_000.7z
2025-12-07 19:23:00,3094.936950,3.094936950,1321.564554,762.884473,1010.487923,768000,768000,1.000000000,1,2025-12-07 19:23:00.000000,2025-12-07 19:23:59.999922,1,BAYxx_xxxx_20251207_191601_000.7z
2025-12-07 19:24:00,3107.025618,3.107025618,1330.494326,767.753684,1008.777608,768000,768000,1.000000000,1,2025-12-07 19:24:00.000000,2025-12-07 19:24:59.999922,1,BAYxx_xxxx_20251207_191601_000.7z
2025-12-07 19:25:00,3090.527344,3.090527344,1320.141891,765.841431,1004.544021,768000,768000,1.000000000,1,2025-12-07 19:25:00.000000,2025-12-07 19:25:59.999922,1,BAYxx_xxxx_20251207_191601_000.7z
2025-12-07 19:26:00,3048.698290,3.048698290,1292.579152,757.108032,999.011105,704082,768000,0.916773437,0,2025-12-07 19:26:00.000000,2025-12-07 19:26:59.999922,2,BAYxx_xxxx_20251207_191601_000.7z;BAYxx_xxxx_20251207_192606_000.7z
2025-12-07 19:27:00,3758.758364,3.758758364,1521.496644,996.016742,1241.244978,768000,768000,1.000000000,1,2025-12-07 19:27:00.000000,2025-12-07 19:27:59.999922,1,BAYxx_xxxx_20251207_192606_000.7z
2025-12-07 19:28:00,8849.540572,8.849540572,3155.934303,2688.145543,3005.460726,768000,768000,1.000000000,1,2025-12-07 19:28:00.000000,2025-12-07 19:28:59.999922,1,BAYxx_xxxx_20251207_192606_000.7z
2025-12-07 19:29:00,27512.432845,27.512432845,9163.292977,8875.748376,9473.391492,768000,768000,1.000000000,1,2025-12-07 19:29:00.000000,2025-12-07 19:29:59.999922,1,BAYxx_xxxx_20251207_192606_000.7z
2025-12-07 19:30:00,17907.371583,17.907371583,6106.638127,5628.234204,6172.499251,768000,768000,1.000000000,1,2025-12-07 19:30:00.000000,2025-12-07 19:30:59.999922,1,BAYxx_xxxx_20251207_192606_000.7z
2025-12-07 19:31:00,3097.949576,3.097949576,1320.588143,765.731123,1011.630311,768000,768000,1.000000000,1,2025-12-07 19:31:00.000000,2025-12-07 19:31:59.999922,1,BAYxx_xxxx_20251207_192606_000.7z
2025-12-07 19:32:00,3101.749209,3.101749209,1314.965809,771.239124,1015.544277,768000,768000,1.000000000,1,2025-12-07 19:32:00.000000,2025-12-07 19:32:59.999922,1,BAYxx_xxxx_20251207_192606_000.7z
2025-12-07 19:33:00,3040.234270,3.040234270,1297.274054,755.552366,987.407850,768000,768000,1.000000000,1,2025-12-07 19:33:00.000000,2025-12-07 19:33:59.999922,1,BAYxx_xxxx_20251207_192606_000.7z
2025-12-07 19:34:00,3067.952988,3.067952988,1293.724745,764.188361,1010.039882,768000,768000,1.000000000,1,2025-12-07 19:34:00.000000,2025-12-07 19:34:59.999922,1,BAYxx_xxxx_20251207_192606_000.7z
2025-12-07 19:35:00,2989.296319,2.989296319,1257.759359,738.934195,992.602765,768000,768000,1.000000000,1,2025-12-07 19:35:00.000000,2025-12-07 19:35:59.999922,1,BAYxx_xxxx_20251207_192606_000.7z
2025-12-07 19:36:00,3135.784605,3.135784605,1314.329076,780.329248,1041.126280,665705,768000,0.866803385,0,2025-12-07 19:36:00.000000,2025-12-07 19:36:59.999922,2,BAYxx_xxxx_20251207_192606_000.7z;BAYxx_xxxx_20251207_193614_000.7z
2025-12-07 19:37:00,3049.031126,3.049031126,1295.388154,764.906989,988.735983,768000,768000,1.000000000,1,2025-12-07 19:37:00.000000,2025-12-07 19:37:59.999922,1,BAYxx_xxxx_20251207_193614_000.7z
2025-12-07 19:38:00,3003.985046,3.003985046,1293.785175,774.129418,936.070452,768000,768000,1.000000000,1,2025-12-07 19:38:00.000000,2025-12-07 19:38:59.999922,1,BAYxx_xxxx_20251207_193614_000.7z
2025-12-07 19:39:00,2940.726783,2.940726783,1284.328550,750.631404,905.766829,768000,768000,1.000000000,1,2025-12-07 19:39:00.000000,2025-12-07 19:39:59.999922,1,BAYxx_xxxx_20251207_193614_000.7z
2025-12-07 19:40:00,2990.199297,2.990199297,1302.550445,769.461082,918.187770,768000,768000,1.000000000,1,2025-12-07 19:40:00.000000,2025-12-07 19:40:59.999922,1,BAYxx_xxxx_20251207_193614_000.7z
2025-12-07 19:41:00,3420.170024,3.420170024,1447.925938,905.855025,1066.389061,768000,768000,1.000000000,1,2025-12-07 19:41:00.000000,2025-12-07 19:41:59.999922,1,BAYxx_xxxx_20251207_193614_000.7z
2025-12-07 19:42:00,5490.464418,5.490464418,2120.244620,1593.724997,1776.494801,768000,768000,1.000000000,1,2025-12-07 19:42:00.000000,2025-12-07 19:42:59.999922,1,BAYxx_xxxx_20251207_193614_000.7z
2025-12-07 19:43:00,26305.580802,26.305580802,8791.643399,8442.616894,9071.320509,768000,768000,1.000000000,1,2025-12-07 19:43:00.000000,2025-12-07 19:43:59.999922,1,BAYxx_xxxx_20251207_193614_000.7z
2025-12-07 19:44:00,12410.429261,12.410429261,4341.708157,3860.150203,4208.570901,768000,768000,1.000000000,1,2025-12-07 19:44:00.000000,2025-12-07 19:44:59.999922,1,BAYxx_xxxx_20251207_193614_000.7z
2025-12-07 19:45:00,2896.784183,2.896784183,1274.365148,730.484500,891.934536,768000,768000,1.000000000,1,2025-12-07 19:45:00.000000,2025-12-07 19:45:59.999922,1,BAYxx_xxxx_20251207_193614_000.7z
2025-12-07 19:46:00,3004.419137,3.004419137,1304.340192,765.491358,934.587587,652805,768000,0.850006510,0,2025-12-07 19:46:00.000000,2025-12-07 19:46:59.999922,2,BAYxx_xxxx_20251207_193614_000.7z;BAYxx_xxxx_20251207_194623_000.7z
2025-12-07 19:47:00,3002.602602,3.002602602,1305.534925,764.117231,932.950446,768000,768000,1.000000000,1,2025-12-07 19:47:00.000000,2025-12-07 19:47:59.999922,1,BAYxx_xxxx_20251207_194623_000.7z
2025-12-07 19:48:00,4601.144633,4.601144633,1821.781242,1298.820234,1480.543157,768000,768000,1.000000000,1,2025-12-07 19:48:00.000000,2025-12-07 19:48:59.999922,1,BAYxx_xxxx_20251207_194623_000.7z
2025-12-07 19:49:00,22644.763876,22.644763876,7495.152486,7314.043598,7835.567792,768000,768000,1.000000000,1,2025-12-07 19:49:00.000000,2025-12-07 19:49:59.999922,1,BAYxx_xxxx_20251207_194623_000.7z
2025-12-07 19:50:00,28422.632935,28.422632935,9326.937292,9234.528479,9861.167165,768000,768000,1.000000000,1,2025-12-07 19:50:00.000000,2025-12-07 19:50:59.999922,1,BAYxx_xxxx_20251207_194623_000.7z
2025-12-07 19:51:00,4557.468031,4.557468031,1787.644797,1295.184730,1474.638504,768000,768000,1.000000000,1,2025-12-07 19:51:00.000000,2025-12-07 19:51:59.999922,1,BAYxx_xxxx_20251207_194623_000.7z
2025-12-07 19:52:00,3011.834602,3.011834602,1288.261778,772.509429,951.063394,768000,768000,1.000000000,1,2025-12-07 19:52:00.000000,2025-12-07 19:52:59.999922,1,BAYxx_xxxx_20251207_194623_000.7z
2025-12-07 19:53:00,3074.413375,3.074413375,1295.385534,761.210588,1017.817252,768000,768000,1.000000000,1,2025-12-07 19:53:00.000000,2025-12-07 19:53:59.999922,1,BAYxx_xxxx_20251207_194623_000.7z
2025-12-07 19:54:00,3064.000215,3.064000215,1288.987464,756.581123,1018.431629,768000,768000,1.000000000,1,2025-12-07 19:54:00.000000,2025-12-07 19:54:59.999922,1,BAYxx_xxxx_20251207_194623_000.7z
2025-12-07 19:55:00,3114.450541,3.114450541,1304.834476,773.503544,1036.112521,768000,768000,1.000000000,1,2025-12-07 19:55:00.000000,2025-12-07 19:55:59.999922,1,BAYxx_xxxx_20251207_194623_000.7z
2025-12-07 19:56:00,3089.316574,3.089316574,1293.748768,775.375878,1020.191928,652886,768000,0.850111979,0,2025-12-07 19:56:00.000000,2025-12-07 19:56:59.999922,2,BAYxx_xxxx_20251207_194623_000.7z;BAYxx_xxxx_20251207_195632_000.7z
2025-12-07 19:57:00,3080.686486,3.080686486,1296.991811,765.580427,1018.114248,768000,768000,1.000000000,1,2025-12-07 19:57:00.000000,2025-12-07 19:57:59.999922,1,BAYxx_xxxx_20251207_195632_000.7z
2025-12-07 19:58:00,3089.206521,3.089206521,1292.810929,773.359763,1023.035830,768000,768000,1.000000000,1,2025-12-07 19:58:00.000000,2025-12-07 19:58:59.999922,1,BAYxx_xxxx_20251207_195632_000.7z
2025-12-07 19:59:00,3054.062523,3.054062523,1279.015339,766.079146,1008.968037,768000,768000,1.000000000,1,2025-12-07 19:59:00.000000,2025-12-07 19:59:59.999922,1,BAYxx_xxxx_20251207_195632_000.7z
2025-12-07 20:00:00,3096.148665,3.096148665,1312.012008,768.196267,1015.940390,768000,768000,1.000000000,1,2025-12-07 20:00:00.000000,2025-12-07 20:00:59.999922,1,BAYxx_xxxx_20251207_195632_000.7z
2025-12-07 20:01:00,3091.764407,3.091764407,1315.978466,768.660383,1007.125558,768000,768000,1.000000000,1,2025-12-07 20:01:00.000000,2025-12-07 20:01:59.999922,1,BAYxx_xxxx_20251207_195632_000.7z
2025-12-07 20:02:00,4274.597926,4.274597926,1708.924712,1154.455036,1411.218178,768000,768000,1.000000000,1,2025-12-07 20:02:00.000000,2025-12-07 20:02:59.999922,1,BAYxx_xxxx_20251207_195632_000.7z
2025-12-07 20:03:00,15991.397578,15.991397578,5371.018857,5052.933708,5567.445013,768000,768000,1.000000000,1,2025-12-07 20:03:00.000000,2025-12-07 20:03:59.999922,1,BAYxx_xxxx_20251207_195632_000.7z
2025-12-07 20:04:00,27461.636368,27.461636368,9010.957531,8851.908928,9598.769909,768000,768000,1.000000000,1,2025-12-07 20:04:00.000000,2025-12-07 20:04:59.999922,1,BAYxx_xxxx_20251207_195632_000.7z
2025-12-07 20:05:00,10549.025333,10.549025333,3709.503106,3225.361887,3614.160340,768000,768000,1.000000000,1,2025-12-07 20:05:00.000000,2025-12-07 20:05:59.999922,1,BAYxx_xxxx_20251207_195632_000.7z
