minute_start,active_power_w,active_power_kw,phase_a_power_w,phase_b_power_w,phase_c_power_w,sample_count,expected_samples,coverage_ratio,is_complete,first_sample_time,last_sample_time,source_archive_count,source_archives
2025-11-28 06:17:00,-0.322396,-0.000322396,4.529067,4.487694,-9.339157,716860,768000,0.933411458,0,2025-11-28 06:17:00.000000,2025-11-28 06:17:59.999922,2,BAYxx_xxxx_20251128_060750_000.7z;BAYxx_xxxx_20251128_061754_000.7z
2025-11-28 06:18:00,5.295191,0.005295191,12.887961,0.331580,-7.924350,768000,768000,1.000000000,1,2025-11-28 06:18:00.000000,2025-11-28 06:18:59.999922,1,BAYxx_xxxx_20251128_061754_000.7z
2025-11-28 06:19:00,-4.802250,-0.004802250,5.948787,-1.929608,-8.821429,768000,768000,1.000000000,1,2025-11-28 06:19:00.000000,2025-11-28 06:19:59.999922,1,BAYxx_xxxx_20251128_061754_000.7z
2025-11-28 06:20:00,-0.517036,-0.000517036,2.668025,1.496545,-4.681606,768000,768000,1.000000000,1,2025-11-28 06:20:00.000000,2025-11-28 06:20:59.999922,1,BAYxx_xxxx_20251128_061754_000.7z
2025-11-28 06:21:00,16.621498,0.016621498,15.939907,6.254958,-5.573367,768000,768000,1.000000000,1,2025-11-28 06:21:00.000000,2025-11-28 06:21:59.999922,1,BAYxx_xxxx_20251128_061754_000.7z
2025-11-28 06:22:00,4.431030,0.004431030,6.486452,4.416086,-6.471507,768000,768000,1.000000000,1,2025-11-28 06:22:00.000000,2025-11-28 06:22:59.999922,1,BAYxx_xxxx_20251128_061754_000.7z
2025-11-28 06:23:00,-0.505896,-0.000505896,8.843364,-2.530744,-6.818516,768000,768000,1.000000000,1,2025-11-28 06:23:00.000000,2025-11-28 06:23:59.999922,1,BAYxx_xxxx_20251128_061754_000.7z
2025-11-28 06:24:00,-5.116501,-0.005116501,0.514084,-1.502911,-4.127673,768000,768000,1.000000000,1,2025-11-28 06:24:00.000000,2025-11-28 06:24:59.999922,1,BAYxx_xxxx_20251128_061754_000.7z
2025-11-28 06:25:00,-11.263913,-0.011263913,0.298178,-3.590527,-7.971564,768000,768000,1.000000000,1,2025-11-28 06:25:00.000000,2025-11-28 06:25:59.999922,1,BAYxx_xxxx_20251128_061754_000.7z
2025-11-28 06:26:00,-18.179113,-0.018179113,-9.353303,-1.772314,-7.053496,768000,768000,1.000000000,1,2025-11-28 06:26:00.000000,2025-11-28 06:26:59.999922,1,BAYxx_xxxx_20251128_061754_000.7z
2025-11-28 06:27:00,-4.488399,-0.004488399,0.497429,-3.144737,-1.841091,729698,768000,0.950127604,0,2025-11-28 06:27:00.000000,2025-11-28 06:27:59.999922,2,BAYxx_xxxx_20251128_061754_000.7z;BAYxx_xxxx_20251128_062757_000.7z
2025-11-28 06:28:00,-3.941221,-0.003941221,4.116956,-2.686725,-5.371451,768000,768000,1.000000000,1,2025-11-28 06:28:00.000000,2025-11-28 06:28:59.999922,1,BAYxx_xxxx_20251128_062757_000.7z
2025-11-28 06:29:00,-5.843976,-0.005843976,-3.810769,0.132636,-2.165843,768000,768000,1.000000000,1,2025-11-28 06:29:00.000000,2025-11-28 06:29:59.999922,1,BAYxx_xxxx_20251128_062757_000.7z
2025-11-28 06:30:00,-9.495766,-0.009495766,-2.244934,-4.513817,-2.737015,768000,768000,1.000000000,1,2025-11-28 06:30:00.000000,2025-11-28 06:30:59.999922,1,BAYxx_xxxx_20251128_062757_000.7z
2025-11-28 06:31:00,-7.623069,-0.007623069,1.215005,-3.815013,-5.023061,768000,768000,1.000000000,1,2025-11-28 06:31:00.000000,2025-11-28 06:31:59.999922,1,BAYxx_xxxx_20251128_062757_000.7z
2025-11-28 06:32:00,-5.704856,-0.005704856,4.030184,-5.554687,-4.180353,768000,768000,1.000000000,1,2025-11-28 06:32:00.000000,2025-11-28 06:32:59.999922,1,BAYxx_xxxx_20251128_062757_000.7z
2025-11-28 06:33:00,2.725831,0.002725831,5.794602,1.381080,-4.449851,768000,768000,1.000000000,1,2025-11-28 06:33:00.000000,2025-11-28 06:33:59.999922,1,BAYxx_xxxx_20251128_062757_000.7z
2025-11-28 06:34:00,-8.974888,-0.008974888,-1.938646,-1.014801,-6.021441,768000,768000,1.000000000,1,2025-11-28 06:34:00.000000,2025-11-28 06:34:59.999922,1,BAYxx_xxxx_20251128_062757_000.7z
2025-11-28 06:35:00,-2.495322,-0.002495322,3.550800,-1.015829,-5.030293,768000,768000,1.000000000,1,2025-11-28 06:35:00.000000,2025-11-28 06:35:59.999922,1,BAYxx_xxxx_20251128_062757_000.7z
2025-11-28 06:36:00,-7.259393,-0.007259393,7.191445,-0.725376,-13.725462,768000,768000,1.000000000,1,2025-11-28 06:36:00.000000,2025-11-28 06:36:59.999922,1,BAYxx_xxxx_20251128_062757_000.7z
2025-11-28 06:37:00,-2.307299,-0.002307299,7.304390,-0.022785,-9.588904,729662,768000,0.950080729,0,2025-11-28 06:37:00.000000,2025-11-28 06:37:57.004766,1,BAYxx_xxxx_20251128_062757_000.7z
2025-11-28 06:38:00,5.471147,0.005471147,13.551039,-3.692697,-4.387195,768000,768000,1.000000000,1,2025-11-28 06:38:00.000000,2025-11-28 06:38:59.999922,1,BAYxx_xxxx_20251128_063800_000.7z
2025-11-28 06:39:00,9.319702,0.009319702,5.535425,8.854270,-5.069993,768000,768000,1.000000000,1,2025-11-28 06:39:00.000000,2025-11-28 06:39:59.999922,1,BAYxx_xxxx_20251128_063800_000.7z
2025-11-28 06:40:00,4.706398,0.004706398,12.649496,-1.529981,-6.413117,768000,768000,1.000000000,1,2025-11-28 06:40:00.000000,2025-11-28 06:40:59.999922,1,BAYxx_xxxx_20251128_063800_000.7z
2025-11-28 06:41:00,0.984015,0.000984015,1.495760,3.694797,-4.206543,768000,768000,1.000000000,1,2025-11-28 06:41:00.000000,2025-11-28 06:41:59.999922,1,BAYxx_xxxx_20251128_063800_000.7z
2025-11-28 06:42:00,4.740958,0.004740958,4.737548,4.151705,-4.148295,768000,768000,1.000000000,1,2025-11-28 06:42:00.000000,2025-11-28 06:42:59.999922,1,BAYxx_xxxx_20251128_063800_000.7z
2025-11-28 06:43:00,-0.294472,-0.000294472,6.003558,1.843116,-8.141146,768000,768000,1.000000000,1,2025-11-28 06:43:00.000000,2025-11-28 06:43:59.999922,1,BAYxx_xxxx_20251128_063800_000.7z
2025-11-28 06:44:00,-4.614919,-0.004614919,2.363877,-5.436482,-1.542315,768000,768000,1.000000000,1,2025-11-28 06:44:00.000000,2025-11-28 06:44:59.999922,1,BAYxx_xxxx_20251128_063800_000.7z
2025-11-28 06:45:00,-7.832280,-0.007832280,-2.809383,-3.118337,-1.904560,768000,768000,1.000000000,1,2025-11-28 06:45:00.000000,2025-11-28 06:45:59.999922,1,BAYxx_xxxx_20251128_063800_000.7z
2025-11-28 06:46:00,-38.619694,-0.038619694,-11.544865,-10.568374,-16.506455,768000,768000,1.000000000,1,2025-11-28 06:46:00.000000,2025-11-28 06:46:59.999922,1,BAYxx_xxxx_20251128_063800_000.7z
2025-11-28 06:47:00,-114.502849,-0.114502849,-32.218469,-41.331321,-40.953058,768000,768000,1.000000000,1,2025-11-28 06:47:00.000000,2025-11-28 06:47:59.999922,1,BAYxx_xxxx_20251128_063800_000.7z
2025-11-28 06:48:00,-142.976153,-0.142976153,-39.793230,-50.460759,-52.722164,729691,768000,0.950118490,0,2025-11-28 06:48:00.000000,2025-11-28 06:48:59.999922,2,BAYxx_xxxx_20251128_063800_000.7z;BAYxx_xxxx_20251128_064803_000.7z
2025-11-28 06:49:00,-155.315641,-0.155315641,-55.540623,-48.416901,-51.358116,768000,768000,1.000000000,1,2025-11-28 06:49:00.000000,2025-11-28 06:49:59.999922,1,BAYxx_xxxx_20251128_064803_000.7z
2025-11-28 06:50:00,-151.617998,-0.151617998,-40.965527,-56.980329,-53.672143,768000,768000,1.000000000,1,2025-11-28 06:50:00.000000,2025-11-28 06:50:59.999922,1,BAYxx_xxxx_20251128_064803_000.7z
2025-11-28 06:51:00,-160.426515,-0.160426515,-57.082741,-43.761341,-59.582432,768000,768000,1.000000000,1,2025-11-28 06:51:00.000000,2025-11-28 06:51:59.999922,1,BAYxx_xxxx_20251128_064803_000.7z
2025-11-28 06:52:00,-172.684549,-0.172684549,-52.152555,-59.911660,-60.620334,768000,768000,1.000000000,1,2025-11-28 06:52:00.000000,2025-11-28 06:52:59.999922,1,BAYxx_xxxx_20251128_064803_000.7z
2025-11-28 06:53:00,-188.758485,-0.188758485,-63.011568,-58.522985,-67.223933,768000,768000,1.000000000,1,2025-11-28 06:53:00.000000,2025-11-28 06:53:59.999922,1,BAYxx_xxxx_20251128_064803_000.7z
2025-11-28 06:54:00,-191.929896,-0.191929896,-60.540606,-63.530428,-67.858862,768000,768000,1.000000000,1,2025-11-28 06:54:00.000000,2025-11-28 06:54:59.999922,1,BAYxx_xxxx_20251128_064803_000.7z
2025-11-28 06:55:00,-196.653875,-0.196653875,-66.551440,-58.978073,-71.124362,768000,768000,1.000000000,1,2025-11-28 06:55:00.000000,2025-11-28 06:55:59.999922,1,BAYxx_xxxx_20251128_064803_000.7z
2025-11-28 06:56:00,-292.978715,-0.292978715,-94.738970,-98.636151,-99.603594,768000,768000,1.000000000,1,2025-11-28 06:56:00.000000,2025-11-28 06:56:59.999922,1,BAYxx_xxxx_20251128_064803_000.7z
2025-11-28 06:57:00,-364.574323,-0.364574323,-117.679456,-120.678065,-126.216802,768000,768000,1.000000000,1,2025-11-28 06:57:00.000000,2025-11-28 06:57:59.999922,1,BAYxx_xxxx_20251128_064803_000.7z
2025-11-28 06:58:00,-409.681800,-0.409681800,-132.761882,-134.121551,-142.798367,716857,768000,0.933407552,0,2025-11-28 06:58:00.000000,2025-11-28 06:58:59.999922,2,BAYxx_xxxx_20251128_064803_000.7z;BAYxx_xxxx_20251128_065807_000.7z
2025-11-28 06:59:00,-462.933997,-0.462933997,-152.190473,-153.799968,-156.943556,768000,768000,1.000000000,1,2025-11-28 06:59:00.000000,2025-11-28 06:59:59.999922,1,BAYxx_xxxx_20251128_065807_000.7z
2025-11-28 07:00:00,-488.143251,-0.488143251,-159.104515,-157.057687,-171.981049,768000,768000,1.000000000,1,2025-11-28 07:00:00.000000,2025-11-28 07:00:59.999922,1,BAYxx_xxxx_20251128_065807_000.7z
2025-11-28 07:01:00,-541.421406,-0.541421406,-176.512609,-178.916907,-185.991890,768000,768000,1.000000000,1,2025-11-28 07:01:00.000000,2025-11-28 07:01:59.999922,1,BAYxx_xxxx_20251128_065807_000.7z
2025-11-28 07:02:00,-587.490608,-0.587490608,-191.917088,-193.499353,-202.074167,768000,768000,1.000000000,1,2025-11-28 07:02:00.000000,2025-11-28 07:02:59.999922,1,BAYxx_xxxx_20251128_065807_000.7z
2025-11-28 07:03:00,-620.099969,-0.620099969,-200.348233,-206.171508,-213.580228,768000,768000,1.000000000,1,2025-11-28 07:03:00.000000,2025-11-28 07:03:59.999922,1,BAYxx_xxxx_20251128_065807_000.7z
2025-11-28 07:04:00,-675.195236,-0.675195236,-219.030898,-223.776979,-232.387359,768000,768000,1.000000000,1,2025-11-28 07:04:00.000000,2025-11-28 07:04:59.999922,1,BAYxx_xxxx_20251128_065807_000.7z
2025-11-28 07:05:00,-725.919791,-0.725919791,-236.545578,-241.117898,-248.256315,768000,768000,1.000000000,1,2025-11-28 07:05:00.000000,2025-11-28 07:05:59.999922,1,BAYxx_xxxx_20251128_065807_000.7z
2025-11-28 07:06:00,-760.764475,-0.760764475,-251.726727,-252.764940,-256.272808,768000,768000,1.000000000,1,2025-11-28 07:06:00.000000,2025-11-28 07:06:59.999922,1,BAYxx_xxxx_20251128_065807_000.7z
2025-11-28 07:07:00,-807.886528,-0.807886528,-269.712251,-264.814230,-273.360047,768000,768000,1.000000000,1,2025-11-28 07:07:00.000000,2025-11-28 07:07:59.999922,1,BAYxx_xxxx_20251128_065807_000.7z
2025-11-28 07:08:00,-863.576253,-0.863576253,-290.612203,-283.328732,-289.635319,716865,768000,0.933417969,0,2025-11-28 07:08:00.000000,2025-11-28 07:08:59.999922,2,BAYxx_xxxx_20251128_065807_000.7z;BAYxx_xxxx_20251128_070811_000.7z
2025-11-28 07:09:00,-914.461855,-0.914461855,-303.128043,-303.778860,-307.554951,768000,768000,1.000000000,1,2025-11-28 07:09:00.000000,2025-11-28 07:09:59.999922,1,BAYxx_xxxx_20251128_070811_000.7z
2025-11-28 07:10:00,-972.853973,-0.972853973,-323.864150,-324.308515,-324.681307,768000,768000,1.000000000,1,2025-11-28 07:10:00.000000,2025-11-28 07:10:59.999922,1,BAYxx_xxxx_20251128_070811_000.7z
2025-11-28 07:11:00,-1026.215947,-1.026215947,-344.215583,-340.889458,-341.110906,768000,768000,1.000000000,1,2025-11-28 07:11:00.000000,2025-11-28 07:11:59.999922,1,BAYxx_xxxx_20251128_070811_000.7z
2025-11-28 07:12:00,-1076.938469,-1.076938469,-356.371462,-357.695082,-362.871924,768000,768000,1.000000000,1,2025-11-28 07:12:00.000000,2025-11-28 07:12:59.999922,1,BAYxx_xxxx_20251128_070811_000.7z
2025-11-28 07:13:00,-1138.830559,-1.138830559,-384.926508,-377.672463,-376.231588,768000,768000,1.000000000,1,2025-11-28 07:13:00.000000,2025-11-28 07:13:59.999922,1,BAYxx_xxxx_20251128_070811_000.7z
2025-11-28 07:14:00,-1216.822958,-1.216822958,-411.456820,-400.926970,-404.439169,768000,768000,1.000000000,1,2025-11-28 07:14:00.000000,2025-11-28 07:14:59.999922,1,BAYxx_xxxx_20251128_070811_000.7z
2025-11-28 07:15:00,-1266.187258,-1.266187258,-426.382543,-417.621452,-422.183263,768000,768000,1.000000000,1,2025-11-28 07:15:00.000000,2025-11-28 07:15:59.999922,1,BAYxx_xxxx_20251128_070811_000.7z
2025-11-28 07:16:00,-1329.416935,-1.329416935,-448.546796,-438.279430,-442.590709,768000,768000,1.000000000,1,2025-11-28 07:16:00.000000,2025-11-28 07:16:59.999922,1,BAYxx_xxxx_20251128_070811_000.7z
2025-11-28 07:17:00,-1371.144245,-1.371144245,-467.870803,-449.760462,-453.512981,768000,768000,1.000000000,1,2025-11-28 07:17:00.000000,2025-11-28 07:17:59.999922,1,BAYxx_xxxx_20251128_070811_000.7z
2025-11-28 07:18:00,-1439.479034,-1.439479034,-486.127085,-471.260276,-482.091672,716924,768000,0.933494792,0,2025-11-28 07:18:00.000000,2025-11-28 07:18:59.999922,2,BAYxx_xxxx_20251128_070811_000.7z;BAYxx_xxxx_20251128_071815_000.7z
2025-11-28 07:19:00,-1493.389621,-1.493389621,-507.818648,-488.638865,-496.932108,768000,768000,1.000000000,1,2025-11-28 07:19:00.000000,2025-11-28 07:19:59.999922,1,BAYxx_xxxx_20251128_071815_000.7z
2025-11-28 07:20:00,-1544.747666,-1.544747666,-527.059839,-502.008337,-515.679490,768000,768000,1.000000000,1,2025-11-28 07:20:00.000000,2025-11-28 07:20:59.999922,1,BAYxx_xxxx_20251128_071815_000.7z
2025-11-28 07:21:00,-1608.933458,-1.608933458,-546.144389,-527.248850,-535.540220,768000,768000,1.000000000,1,2025-11-28 07:21:00.000000,2025-11-28 07:21:59.999922,1,BAYxx_xxxx_20251128_071815_000.7z
2025-11-28 07:22:00,-1699.502542,-1.699502542,-576.745530,-557.482002,-565.275009,768000,768000,1.000000000,1,2025-11-28 07:22:00.000000,2025-11-28 07:22:59.999922,1,BAYxx_xxxx_20251128_071815_000.7z
2025-11-28 07:23:00,-1784.981778,-1.784981778,-600.412314,-588.402117,-596.167347,768000,768000,1.000000000,1,2025-11-28 07:23:00.000000,2025-11-28 07:23:59.999922,1,BAYxx_xxxx_20251128_071815_000.7z
2025-11-28 07:24:00,-1869.369291,-1.869369291,-631.329476,-615.868571,-622.171245,768000,768000,1.000000000,1,2025-11-28 07:24:00.000000,2025-11-28 07:24:59.999922,1,BAYxx_xxxx_20251128_071815_000.7z
2025-11-28 07:25:00,-1951.981556,-1.951981556,-663.847803,-638.690977,-649.442776,768000,768000,1.000000000,1,2025-11-28 07:25:00.000000,2025-11-28 07:25:59.999922,1,BAYxx_xxxx_20251128_071815_000.7z
2025-11-28 07:26:00,-2038.689955,-2.038689955,-692.930754,-668.920560,-676.838640,768000,768000,1.000000000,1,2025-11-28 07:26:00.000000,2025-11-28 07:26:59.999922,1,BAYxx_xxxx_20251128_071815_000.7z
2025-11-28 07:27:00,-2112.343271,-2.112343271,-717.271076,-698.942625,-696.129570,768000,768000,1.000000000,1,2025-11-28 07:27:00.000000,2025-11-28 07:27:59.999922,1,BAYxx_xxxx_20251128_071815_000.7z
2025-11-28 07:28:00,-2179.313721,-2.179313721,-739.173413,-717.199038,-722.941270,729666,768000,0.950085938,0,2025-11-28 07:28:00.000000,2025-11-28 07:28:59.999922,2,BAYxx_xxxx_20251128_071815_000.7z;BAYxx_xxxx_20251128_072818_000.7z
2025-11-28 07:29:00,-2260.391437,-2.260391437,-774.337128,-738.908393,-747.145915,768000,768000,1.000000000,1,2025-11-28 07:29:00.000000,2025-11-28 07:29:59.999922,1,BAYxx_xxxx_20251128_072818_000.7z
2025-11-28 07:30:00,-2346.316803,-2.346316803,-799.034728,-771.875227,-775.406848,768000,768000,1.000000000,1,2025-11-28 07:30:00.000000,2025-11-28 07:30:59.999922,1,BAYxx_xxxx_20251128_072818_000.7z
2025-11-28 07:31:00,-2433.196123,-2.433196123,-827.797747,-798.020680,-807.377696,768000,768000,1.000000000,1,2025-11-28 07:31:00.000000,2025-11-28 07:31:59.999922,1,BAYxx_xxxx_20251128_072818_000.7z
2025-11-28 07:32:00,-2513.635963,-2.513635963,-850.413799,-827.511432,-835.710732,768000,768000,1.000000000,1,2025-11-28 07:32:00.000000,2025-11-28 07:32:59.999922,1,BAYxx_xxxx_20251128_072818_000.7z
2025-11-28 07:33:00,-2589.933243,-2.589933243,-872.491285,-854.662637,-862.779320,768000,768000,1.000000000,1,2025-11-28 07:33:00.000000,2025-11-28 07:33:59.999922,1,BAYxx_xxxx_20251128_072818_000.7z
2025-11-28 07:34:00,-2665.787728,-2.665787728,-903.326116,-875.863835,-886.597776,768000,768000,1.000000000,1,2025-11-28 07:34:00.000000,2025-11-28 07:34:59.999922,1,BAYxx_xxxx_20251128_072818_000.7z
2025-11-28 07:35:00,-2737.558081,-2.737558081,-923.580840,-900.096206,-913.881035,768000,768000,1.000000000,1,2025-11-28 07:35:00.000000,2025-11-28 07:35:59.999922,1,BAYxx_xxxx_20251128_072818_000.7z
2025-11-28 07:36:00,-2836.824868,-2.836824868,-961.599284,-929.453975,-945.771609,768000,768000,1.000000000,1,2025-11-28 07:36:00.000000,2025-11-28 07:36:59.999922,1,BAYxx_xxxx_20251128_072818_000.7z
2025-11-28 07:37:00,-2929.694927,-2.929694927,-989.099447,-962.104963,-978.490518,768000,768000,1.000000000,1,2025-11-28 07:37:00.000000,2025-11-28 07:37:59.999922,1,BAYxx_xxxx_20251128_072818_000.7z
2025-11-28 07:38:00,-3006.111452,-3.006111452,-1009.951664,-988.934254,-1007.225533,716833,768000,0.933376302,0,2025-11-28 07:38:00.000000,2025-11-28 07:38:59.999922,2,BAYxx_xxxx_20251128_072818_000.7z;BAYxx_xxxx_20251128_073822_000.7z
2025-11-28 07:39:00,-3095.211565,-3.095211565,-1045.883828,-1016.132935,-1033.194803,768000,768000,1.000000000,1,2025-11-28 07:39:00.000000,2025-11-28 07:39:59.999922,1,BAYxx_xxxx_20251128_073822_000.7z
2025-11-28 07:40:00,-3185.417261,-3.185417261,-1076.599298,-1048.522520,-1060.295443,768000,768000,1.000000000,1,2025-11-28 07:40:00.000000,2025-11-28 07:40:59.999922,1,BAYxx_xxxx_20251128_073822_000.7z
2025-11-28 07:41:00,-3280.544036,-3.280544036,-1105.729544,-1084.753651,-1090.060841,768000,768000,1.000000000,1,2025-11-28 07:41:00.000000,2025-11-28 07:41:59.999922,1,BAYxx_xxxx_20251128_073822_000.7z
2025-11-28 07:42:00,-3365.786564,-3.365786564,-1127.966040,-1112.703347,-1125.117177,768000,768000,1.000000000,1,2025-11-28 07:42:00.000000,2025-11-28 07:42:59.999922,1,BAYxx_xxxx_20251128_073822_000.7z
2025-11-28 07:43:00,-3448.066334,-3.448066334,-1160.541001,-1136.534358,-1150.990975,768000,768000,1.000000000,1,2025-11-28 07:43:00.000000,2025-11-28 07:43:59.999922,1,BAYxx_xxxx_20251128_073822_000.7z
2025-11-28 07:44:00,-3538.540657,-3.538540657,-1191.972014,-1166.256441,-1180.312202,768000,768000,1.000000000,1,2025-11-28 07:44:00.000000,2025-11-28 07:44:59.999922,1,BAYxx_xxxx_20251128_073822_000.7z
2025-11-28 07:45:00,-3636.987082,-3.636987082,-1226.942823,-1199.283085,-1210.761174,768000,768000,1.000000000,1,2025-11-28 07:45:00.000000,2025-11-28 07:45:59.999922,1,BAYxx_xxxx_20251128_073822_000.7z
2025-11-28 07:46:00,-3728.704557,-3.728704557,-1257.065972,-1227.635659,-1244.002926,768000,768000,1.000000000,1,2025-11-28 07:46:00.000000,2025-11-28 07:46:59.999922,1,BAYxx_xxxx_20251128_073822_000.7z
2025-11-28 07:47:00,-3814.446086,-3.814446086,-1286.465759,-1254.561196,-1273.419132,768000,768000,1.000000000,1,2025-11-28 07:47:00.000000,2025-11-28 07:47:59.999922,1,BAYxx_xxxx_20251128_073822_000.7z
2025-11-28 07:48:00,-3898.381361,-3.898381361,-1314.314484,-1283.362988,-1300.703889,729647,768000,0.950061198,0,2025-11-28 07:48:00.000000,2025-11-28 07:48:59.999922,2,BAYxx_xxxx_20251128_073822_000.7z;BAYxx_xxxx_20251128_074825_000.7z
2025-11-28 07:49:00,-3996.117469,-3.996117469,-1352.808174,-1311.782101,-1331.527194,768000,768000,1.000000000,1,2025-11-28 07:49:00.000000,2025-11-28 07:49:59.999922,1,BAYxx_xxxx_20251128_074825_000.7z
2025-11-28 07:50:00,-4079.781278,-4.079781278,-1377.125662,-1341.771948,-1360.883668,768000,768000,1.000000000,1,2025-11-28 07:50:00.000000,2025-11-28 07:50:59.999922,1,BAYxx_xxxx_20251128_074825_000.7z
2025-11-28 07:51:00,-4189.219437,-4.189219437,-1415.088991,-1378.889935,-1395.240511,768000,768000,1.000000000,1,2025-11-28 07:51:00.000000,2025-11-28 07:51:59.999922,1,BAYxx_xxxx_20251128_074825_000.7z
2025-11-28 07:52:00,-4282.503330,-4.282503330,-1437.754313,-1406.850138,-1437.898879,768000,768000,1.000000000,1,2025-11-28 07:52:00.000000,2025-11-28 07:52:59.999922,1,BAYxx_xxxx_20251128_074825_000.7z
2025-11-28 07:53:00,-4368.351180,-4.368351180,-1461.182919,-1438.195113,-1468.973148,768000,768000,1.000000000,1,2025-11-28 07:53:00.000000,2025-11-28 07:53:59.999922,1,BAYxx_xxxx_20251128_074825_000.7z
2025-11-28 07:54:00,-4476.952421,-4.476952421,-1506.973224,-1473.680552,-1496.298644,768000,768000,1.000000000,1,2025-11-28 07:54:00.000000,2025-11-28 07:54:59.999922,1,BAYxx_xxxx_20251128_074825_000.7z
2025-11-28 07:55:00,-4552.788605,-4.552788605,-1528.486974,-1497.963103,-1526.338528,768000,768000,1.000000000,1,2025-11-28 07:55:00.000000,2025-11-28 07:55:59.999922,1,BAYxx_xxxx_20251128_074825_000.7z
2025-11-28 07:56:00,-4642.852528,-4.642852528,-1558.788593,-1526.564987,-1557.498948,768000,768000,1.000000000,1,2025-11-28 07:56:00.000000,2025-11-28 07:56:59.999922,1,BAYxx_xxxx_20251128_074825_000.7z
2025-11-28 07:57:00,-4767.453788,-4.767453788,-1599.325929,-1569.449416,-1598.678444,768000,768000,1.000000000,1,2025-11-28 07:57:00.000000,2025-11-28 07:57:59.999922,1,BAYxx_xxxx_20251128_074825_000.7z
2025-11-28 07:58:00,-4926.715687,-4.926715687,-1656.098313,-1623.194890,-1647.422484,729666,768000,0.950085938,0,2025-11-28 07:58:00.000000,2025-11-28 07:58:59.999922,2,BAYxx_xxxx_20251128_074825_000.7z;BAYxx_xxxx_20251128_075828_000.7z
2025-11-28 07:59:00,-5048.272799,-5.048272799,-1699.500596,-1663.827344,-1684.944858,768000,768000,1.000000000,1,2025-11-28 07:59:00.000000,2025-11-28 07:59:59.999922,1,BAYxx_xxxx_20251128_075828_000.7z
2025-11-28 08:00:00,-5161.427689,-5.161427689,-1729.132569,-1706.198134,-1726.096986,768000,768000,1.000000000,1,2025-11-28 08:00:00.000000,2025-11-28 08:00:59.999922,1,BAYxx_xxxx_20251128_075828_000.7z
2025-11-28 08:01:00,-5262.196930,-5.262196930,-1766.736197,-1738.499902,-1756.960831,768000,768000,1.000000000,1,2025-11-28 08:01:00.000000,2025-11-28 08:01:59.999922,1,BAYxx_xxxx_20251128_075828_000.7z
2025-11-28 08:02:00,-5359.362881,-5.359362881,-1796.398054,-1769.281388,-1793.683439,768000,768000,1.000000000,1,2025-11-28 08:02:00.000000,2025-11-28 08:02:59.999922,1,BAYxx_xxxx_20251128_075828_000.7z
2025-11-28 08:03:00,-5465.562402,-5.465562402,-1834.689547,-1806.190530,-1824.682325,768000,768000,1.000000000,1,2025-11-28 08:03:00.000000,2025-11-28 08:03:59.999922,1,BAYxx_xxxx_20251128_075828_000.7z
2025-11-28 08:04:00,-5545.770715,-5.545770715,-1860.483484,-1831.698404,-1853.588827,768000,768000,1.000000000,1,2025-11-28 08:04:00.000000,2025-11-28 08:04:59.999922,1,BAYxx_xxxx_20251128_075828_000.7z
2025-11-28 08:05:00,-5627.834744,-5.627834744,-1889.137551,-1864.317916,-1874.379277,768000,768000,1.000000000,1,2025-11-28 08:05:00.000000,2025-11-28 08:05:59.999922,1,BAYxx_xxxx_20251128_075828_000.7z
2025-11-28 08:06:00,-5719.020278,-5.719020278,-1921.465325,-1895.435644,-1902.119309,768000,768000,1.000000000,1,2025-11-28 08:06:00.000000,2025-11-28 08:06:59.999922,1,BAYxx_xxxx_20251128_075828_000.7z
2025-11-28 08:07:00,-5808.687649,-5.808687649,-1951.637111,-1923.905783,-1933.144755,768000,768000,1.000000000,1,2025-11-28 08:07:00.000000,2025-11-28 08:07:59.999922,1,BAYxx_xxxx_20251128_075828_000.7z
2025-11-28 08:08:00,-5897.194007,-5.897194007,-1985.592844,-1951.746116,-1959.855047,742535,768000,0.966842448,0,2025-11-28 08:08:00.000000,2025-11-28 08:08:59.999922,2,BAYxx_xxxx_20251128_075828_000.7z;BAYxx_xxxx_20251128_080830_000.7z
2025-11-28 08:09:00,-5988.762356,-5.988762356,-2010.937802,-1981.275483,-1996.549071,768000,768000,1.000000000,1,2025-11-28 08:09:00.000000,2025-11-28 08:09:59.999922,1,BAYxx_xxxx_20251128_080830_000.7z
2025-11-28 08:10:00,-6057.919947,-6.057919947,-2037.251215,-2006.477091,-2014.191640,768000,768000,1.000000000,1,2025-11-28 08:10:00.000000,2025-11-28 08:10:59.999922,1,BAYxx_xxxx_20251128_080830_000.7z
2025-11-28 08:11:00,-6139.010057,-6.139010057,-2060.989118,-2034.425336,-2043.595604,768000,768000,1.000000000,1,2025-11-28 08:11:00.000000,2025-11-28 08:11:59.999922,1,BAYxx_xxxx_20251128_080830_000.7z
2025-11-28 08:12:00,-6224.743326,-6.224743326,-2088.327006,-2058.916152,-2077.500167,768000,768000,1.000000000,1,2025-11-28 08:12:00.000000,2025-11-28 08:12:59.999922,1,BAYxx_xxxx_20251128_080830_000.7z
2025-11-28 08:13:00,-6326.801682,-6.326801682,-2116.711125,-2095.711537,-2114.379020,768000,768000,1.000000000,1,2025-11-28 08:13:00.000000,2025-11-28 08:13:59.999922,1,BAYxx_xxxx_20251128_080830_000.7z
2025-11-28 08:14:00,-6431.451039,-6.431451039,-2156.199070,-2127.600155,-2147.651814,768000,768000,1.000000000,1,2025-11-28 08:14:00.000000,2025-11-28 08:14:59.999922,1,BAYxx_xxxx_20251128_080830_000.7z
2025-11-28 08:15:00,-6622.346705,-6.622346705,-2219.736681,-2188.623023,-2213.987001,768000,768000,1.000000000,1,2025-11-28 08:15:00.000000,2025-11-28 08:15:59.999922,1,BAYxx_xxxx_20251128_080830_000.7z
2025-11-28 08:16:00,-6861.207741,-6.861207741,-2291.925549,-2274.108852,-2295.173340,768000,768000,1.000000000,1,2025-11-28 08:16:00.000000,2025-11-28 08:16:59.999922,1,BAYxx_xxxx_20251128_080830_000.7z
2025-11-28 08:17:00,-7047.586498,-7.047586498,-2355.294768,-2337.077424,-2355.214306,768000,768000,1.000000000,1,2025-11-28 08:17:00.000000,2025-11-28 08:17:59.999922,1,BAYxx_xxxx_20251128_080830_000.7z
2025-11-28 08:18:00,-7171.367935,-7.171367935,-2398.761758,-2376.847778,-2395.758398,716937,768000,0.933511719,0,2025-11-28 08:18:00.000000,2025-11-28 08:18:59.999922,2,BAYxx_xxxx_20251128_080830_000.7z;BAYxx_xxxx_20251128_081834_000.7z
2025-11-28 08:19:00,-7289.553290,-7.289553290,-2430.827400,-2426.395098,-2432.330792,768000,768000,1.000000000,1,2025-11-28 08:19:00.000000,2025-11-28 08:19:59.999922,1,BAYxx_xxxx_20251128_081834_000.7z
2025-11-28 08:20:00,-7409.536009,-7.409536009,-2478.265564,-2459.031413,-2472.239032,768000,768000,1.000000000,1,2025-11-28 08:20:00.000000,2025-11-28 08:20:59.999922,1,BAYxx_xxxx_20251128_081834_000.7z
2025-11-28 08:21:00,-7518.345794,-7.518345794,-2516.455362,-2488.797267,-2513.093166,768000,768000,1.000000000,1,2025-11-28 08:21:00.000000,2025-11-28 08:21:59.999922,1,BAYxx_xxxx_20251128_081834_000.7z
2025-11-28 08:22:00,-7628.882817,-7.628882817,-2554.681188,-2529.081504,-2545.120125,768000,768000,1.000000000,1,2025-11-28 08:22:00.000000,2025-11-28 08:22:59.999922,1,BAYxx_xxxx_20251128_081834_000.7z
2025-11-28 08:23:00,-7728.169396,-7.728169396,-2584.530339,-2566.270004,-2577.369052,768000,768000,1.000000000,1,2025-11-28 08:23:00.000000,2025-11-28 08:23:59.999922,1,BAYxx_xxxx_20251128_081834_000.7z
2025-11-28 08:24:00,-7841.477592,-7.841477592,-2620.376684,-2602.985915,-2618.114993,768000,768000,1.000000000,1,2025-11-28 08:24:00.000000,2025-11-28 08:24:59.999922,1,BAYxx_xxxx_20251128_081834_000.7z
2025-11-28 08:25:00,-7942.047423,-7.942047423,-2657.225292,-2643.190855,-2641.631276,768000,768000,1.000000000,1,2025-11-28 08:25:00.000000,2025-11-28 08:25:59.999922,1,BAYxx_xxxx_20251128_081834_000.7z
2025-11-28 08:26:00,-8041.778923,-8.041778923,-2692.240310,-2669.376009,-2680.162604,768000,768000,1.000000000,1,2025-11-28 08:26:00.000000,2025-11-28 08:26:59.999922,1,BAYxx_xxxx_20251128_081834_000.7z
2025-11-28 08:27:00,-8156.300263,-8.156300263,-2727.522790,-2711.218634,-2717.558838,768000,768000,1.000000000,1,2025-11-28 08:27:00.000000,2025-11-28 08:27:59.999922,1,BAYxx_xxxx_20251128_081834_000.7z
2025-11-28 08:28:00,-8269.419478,-8.269419478,-2768.151520,-2745.615040,-2755.652918,729740,768000,0.950182292,0,2025-11-28 08:28:00.000000,2025-11-28 08:28:59.999922,2,BAYxx_xxxx_20251128_081834_000.7z;BAYxx_xxxx_20251128_082837_000.7z
2025-11-28 08:29:00,-8367.657330,-8.367657330,-2796.511014,-2778.107227,-2793.039089,768000,768000,1.000000000,1,2025-11-28 08:29:00.000000,2025-11-28 08:29:59.999922,1,BAYxx_xxxx_20251128_082837_000.7z
2025-11-28 08:30:00,-8477.654510,-8.477654510,-2835.317033,-2812.457395,-2829.880082,768000,768000,1.000000000,1,2025-11-28 08:30:00.000000,2025-11-28 08:30:59.999922,1,BAYxx_xxxx_20251128_082837_000.7z
2025-11-28 08:31:00,-8557.931202,-8.557931202,-2866.640381,-2836.921671,-2854.369150,768000,768000,1.000000000,1,2025-11-28 08:31:00.000000,2025-11-28 08:31:59.999922,1,BAYxx_xxxx_20251128_082837_000.7z
2025-11-28 08:32:00,-8664.798758,-8.664798758,-2898.429913,-2874.471639,-2891.897205,768000,768000,1.000000000,1,2025-11-28 08:32:00.000000,2025-11-28 08:32:59.999922,1,BAYxx_xxxx_20251128_082837_000.7z
2025-11-28 08:33:00,-8771.304115,-8.771304115,-2936.609509,-2904.442534,-2930.252073,768000,768000,1.000000000,1,2025-11-28 08:33:00.000000,2025-11-28 08:33:59.999922,1,BAYxx_xxxx_20251128_082837_000.7z
2025-11-28 08:34:00,-8881.152273,-8.881152273,-2968.859824,-2943.152940,-2969.139509,768000,768000,1.000000000,1,2025-11-28 08:34:00.000000,2025-11-28 08:34:59.999922,1,BAYxx_xxxx_20251128_082837_000.7z
2025-11-28 08:35:00,-8998.071962,-8.998071962,-3006.008079,-2986.003456,-3006.060426,768000,768000,1.000000000,1,2025-11-28 08:35:00.000000,2025-11-28 08:35:59.999922,1,BAYxx_xxxx_20251128_082837_000.7z
2025-11-28 08:36:00,-9103.787277,-9.103787277,-3044.156856,-3021.148735,-3038.481686,768000,768000,1.000000000,1,2025-11-28 08:36:00.000000,2025-11-28 08:36:59.999922,1,BAYxx_xxxx_20251128_082837_000.7z
2025-11-28 08:37:00,-9209.337203,-9.209337203,-3078.051604,-3054.392879,-3076.892721,768000,768000,1.000000000,1,2025-11-28 08:37:00.000000,2025-11-28 08:37:59.999922,1,BAYxx_xxxx_20251128_082837_000.7z
2025-11-28 08:38:00,-9425.661164,-9.425661164,-3146.366739,-3129.522196,-3149.772229,716901,768000,0.933464844,0,2025-11-28 08:38:00.000000,2025-11-28 08:38:59.999922,2,BAYxx_xxxx_20251128_082837_000.7z;BAYxx_xxxx_20251128_083841_000.7z
2025-11-28 08:39:00,-9720.799768,-9.720799768,-3240.301238,-3233.172871,-3247.325659,768000,768000,1.000000000,1,2025-11-28 08:39:00.000000,2025-11-28 08:39:59.999922,1,BAYxx_xxxx_20251128_083841_000.7z
2025-11-28 08:40:00,-10081.907871,-10.081907871,-3370.738980,-3349.436993,-3361.731898,768000,768000,1.000000000,1,2025-11-28 08:40:00.000000,2025-11-28 08:40:59.999922,1,BAYxx_xxxx_20251128_083841_000.7z
2025-11-28 08:41:00,-10314.319712,-10.314319712,-3443.482191,-3426.759298,-3444.078222,768000,768000,1.000000000,1,2025-11-28 08:41:00.000000,2025-11-28 08:41:59.999922,1,BAYxx_xxxx_20251128_083841_000.7z
2025-11-28 08:42:00,-10438.978356,-10.438978356,-3489.955936,-3467.445426,-3481.576994,768000,768000,1.000000000,1,2025-11-28 08:42:00.000000,2025-11-28 08:42:59.999922,1,BAYxx_xxxx_20251128_083841_000.7z
2025-11-28 08:43:00,-10572.492656,-10.572492656,-3531.465244,-3512.253351,-3528.774060,768000,768000,1.000000000,1,2025-11-28 08:43:00.000000,2025-11-28 08:43:59.999922,1,BAYxx_xxxx_20251128_083841_000.7z
2025-11-28 08:44:00,-10660.185501,-10.660185501,-3561.510056,-3543.281728,-3555.393717,768000,768000,1.000000000,1,2025-11-28 08:44:00.000000,2025-11-28 08:44:59.999922,1,BAYxx_xxxx_20251128_083841_000.7z
2025-11-28 08:45:00,-10798.613208,-10.798613208,-3610.417670,-3587.741562,-3600.453976,768000,768000,1.000000000,1,2025-11-28 08:45:00.000000,2025-11-28 08:45:59.999922,1,BAYxx_xxxx_20251128_083841_000.7z
2025-11-28 08:46:00,-10933.180478,-10.933180478,-3651.932376,-3633.236727,-3648.011375,768000,768000,1.000000000,1,2025-11-28 08:46:00.000000,2025-11-28 08:46:59.999922,1,BAYxx_xxxx_20251128_083841_000.7z
2025-11-28 08:47:00,-11014.707998,-11.014707998,-3678.893059,-3659.496474,-3676.318464,768000,768000,1.000000000,1,2025-11-28 08:47:00.000000,2025-11-28 08:47:59.999922,1,BAYxx_xxxx_20251128_083841_000.7z
2025-11-28 08:48:00,-11156.069502,-11.156069502,-3728.728938,-3703.797639,-3723.542925,729628,768000,0.950036458,0,2025-11-28 08:48:00.000000,2025-11-28 08:48:59.999922,2,BAYxx_xxxx_20251128_083841_000.7z;BAYxx_xxxx_20251128_084844_000.7z
2025-11-28 08:49:00,-11279.736741,-11.279736741,-3768.349332,-3750.643589,-3760.743820,768000,768000,1.000000000,1,2025-11-28 08:49:00.000000,2025-11-28 08:49:59.999922,1,BAYxx_xxxx_20251128_084844_000.7z
2025-11-28 08:50:00,-11385.708021,-11.385708021,-3801.847316,-3785.604639,-3798.256065,768000,768000,1.000000000,1,2025-11-28 08:50:00.000000,2025-11-28 08:50:59.999922,1,BAYxx_xxxx_20251128_084844_000.7z
2025-11-28 08:51:00,-11499.563472,-11.499563472,-3835.831478,-3825.214922,-3838.517072,768000,768000,1.000000000,1,2025-11-28 08:51:00.000000,2025-11-28 08:51:59.999922,1,BAYxx_xxxx_20251128_084844_000.7z
2025-11-28 08:52:00,-11581.878280,-11.581878280,-3872.647346,-3845.359700,-3863.871234,768000,768000,1.000000000,1,2025-11-28 08:52:00.000000,2025-11-28 08:52:59.999922,1,BAYxx_xxxx_20251128_084844_000.7z
2025-11-28 08:53:00,-11681.022541,-11.681022541,-3899.451493,-3883.714360,-3897.856688,768000,768000,1.000000000,1,2025-11-28 08:53:00.000000,2025-11-28 08:53:59.999922,1,BAYxx_xxxx_20251128_084844_000.7z
2025-11-28 08:54:00,-11817.293450,-11.817293450,-3943.718060,-3928.012587,-3945.562804,768000,768000,1.000000000,1,2025-11-28 08:54:00.000000,2025-11-28 08:54:59.999922,1,BAYxx_xxxx_20251128_084844_000.7z
2025-11-28 08:55:00,-11911.038165,-11.911038165,-3975.929524,-3958.834677,-3976.273964,768000,768000,1.000000000,1,2025-11-28 08:55:00.000000,2025-11-28 08:55:59.999922,1,BAYxx_xxxx_20251128_084844_000.7z
2025-11-28 08:56:00,-11979.222583,-11.979222583,-3999.376478,-3977.037887,-4002.808217,768000,768000,1.000000000,1,2025-11-28 08:56:00.000000,2025-11-28 08:56:59.999922,1,BAYxx_xxxx_20251128_084844_000.7z
2025-11-28 08:57:00,-12102.154535,-12.102154535,-4037.016152,-4024.351657,-4040.786726,768000,768000,1.000000000,1,2025-11-28 08:57:00.000000,2025-11-28 08:57:59.999922,1,BAYxx_xxxx_20251128_084844_000.7z
2025-11-28 08:58:00,-12204.952518,-12.204952518,-4072.411805,-4052.061455,-4080.479258,729651,768000,0.950066406,0,2025-11-28 08:58:00.000000,2025-11-28 08:58:59.999922,2,BAYxx_xxxx_20251128_084844_000.7z;BAYxx_xxxx_20251128_085847_000.7z
2025-11-28 08:59:00,-12353.719455,-12.353719455,-4117.310424,-4106.894802,-4129.514229,768000,768000,1.000000000,1,2025-11-28 08:59:00.000000,2025-11-28 08:59:59.999922,1,BAYxx_xxxx_20251128_085847_000.7z
2025-11-28 09:00:00,-12459.206963,-12.459206963,-4159.161303,-4140.210924,-4159.834736,768000,768000,1.000000000,1,2025-11-28 09:00:00.000000,2025-11-28 09:00:59.999922,1,BAYxx_xxxx_20251128_085847_000.7z
2025-11-28 09:01:00,-12621.850166,-12.621850166,-4211.042417,-4196.145907,-4214.661842,768000,768000,1.000000000,1,2025-11-28 09:01:00.000000,2025-11-28 09:01:59.999922,1,BAYxx_xxxx_20251128_085847_000.7z
2025-11-28 09:02:00,-12720.625128,-12.720625128,-4246.725777,-4225.315579,-4248.583773,768000,768000,1.000000000,1,2025-11-28 09:02:00.000000,2025-11-28 09:02:59.999922,1,BAYxx_xxxx_20251128_085847_000.7z
2025-11-28 09:03:00,-12856.926606,-12.856926606,-4285.459988,-4280.999331,-4290.467287,768000,768000,1.000000000,1,2025-11-28 09:03:00.000000,2025-11-28 09:03:59.999922,1,BAYxx_xxxx_20251128_085847_000.7z
2025-11-28 09:04:00,-12986.697374,-12.986697374,-4330.966901,-4320.694383,-4335.036090,768000,768000,1.000000000,1,2025-11-28 09:04:00.000000,2025-11-28 09:04:59.999922,1,BAYxx_xxxx_20251128_085847_000.7z
2025-11-28 09:05:00,-13085.535573,-13.085535573,-4372.764598,-4342.958374,-4369.812602,768000,768000,1.000000000,1,2025-11-28 09:05:00.000000,2025-11-28 09:05:59.999922,1,BAYxx_xxxx_20251128_085847_000.7z
2025-11-28 09:06:00,-13201.949092,-13.201949092,-4413.394379,-4383.775686,-4404.779028,768000,768000,1.000000000,1,2025-11-28 09:06:00.000000,2025-11-28 09:06:59.999922,1,BAYxx_xxxx_20251128_085847_000.7z
2025-11-28 09:07:00,-13276.801350,-13.276801350,-4431.953935,-4411.412022,-4433.435393,768000,768000,1.000000000,1,2025-11-28 09:07:00.000000,2025-11-28 09:07:59.999922,1,BAYxx_xxxx_20251128_085847_000.7z
2025-11-28 09:08:00,-13397.753320,-13.397753320,-4466.270096,-4454.940384,-4476.542841,729632,768000,0.950041667,0,2025-11-28 09:08:00.000000,2025-11-28 09:08:59.999922,2,BAYxx_xxxx_20251128_085847_000.7z;BAYxx_xxxx_20251128_090850_000.7z
2025-11-28 09:09:00,-13482.644613,-13.482644613,-4497.567690,-4481.262921,-4503.814002,768000,768000,1.000000000,1,2025-11-28 09:09:00.000000,2025-11-28 09:09:59.999922,1,BAYxx_xxxx_20251128_090850_000.7z
2025-11-28 09:10:00,-13631.078349,-13.631078349,-4547.629561,-4538.662889,-4544.785899,768000,768000,1.000000000,1,2025-11-28 09:10:00.000000,2025-11-28 09:10:59.999922,1,BAYxx_xxxx_20251128_090850_000.7z
2025-11-28 09:11:00,-13700.220246,-13.700220246,-4575.629975,-4551.326276,-4573.263995,768000,768000,1.000000000,1,2025-11-28 09:11:00.000000,2025-11-28 09:11:59.999922,1,BAYxx_xxxx_20251128_090850_000.7z
2025-11-28 09:12:00,-13820.367267,-13.820367267,-4615.427872,-4593.853197,-4611.086198,768000,768000,1.000000000,1,2025-11-28 09:12:00.000000,2025-11-28 09:12:59.999922,1,BAYxx_xxxx_20251128_090850_000.7z
2025-11-28 09:13:00,-5735.634055,-5.735634055,-1904.853445,-1911.519764,-1919.260846,768000,768000,1.000000000,1,2025-11-28 09:13:00.000000,2025-11-28 09:13:59.999922,1,BAYxx_xxxx_20251128_090850_000.7z
2025-11-28 09:14:00,-5.621050,-0.005621050,0.844336,-2.223736,-4.241650,768000,768000,1.000000000,1,2025-11-28 09:14:00.000000,2025-11-28 09:14:59.999922,1,BAYxx_xxxx_20251128_090850_000.7z
2025-11-28 09:15:00,-9.726928,-0.009726928,-1.116151,-2.393580,-6.217197,768000,768000,1.000000000,1,2025-11-28 09:15:00.000000,2025-11-28 09:15:59.999922,1,BAYxx_xxxx_20251128_090850_000.7z
2025-11-28 09:16:00,-9.014311,-0.009014311,0.534767,-3.408613,-6.140464,768000,768000,1.000000000,1,2025-11-28 09:16:00.000000,2025-11-28 09:16:59.999922,1,BAYxx_xxxx_20251128_090850_000.7z
2025-11-28 09:17:00,-11211.590243,-11.211590243,-3740.808968,-3722.467246,-3748.314030,768000,768000,1.000000000,1,2025-11-28 09:17:00.000000,2025-11-28 09:17:59.999922,1,BAYxx_xxxx_20251128_090850_000.7z
2025-11-28 09:18:00,-14451.846463,-14.451846463,-4820.359259,-4802.869784,-4828.617420,729615,768000,0.950019531,0,2025-11-28 09:18:00.000000,2025-11-28 09:18:59.999922,2,BAYxx_xxxx_20251128_090850_000.7z;BAYxx_xxxx_20251128_091853_000.7z
2025-11-28 09:19:00,-14581.997943,-14.581997943,-4859.967798,-4851.265742,-4870.764403,768000,768000,1.000000000,1,2025-11-28 09:19:00.000000,2025-11-28 09:19:59.999922,1,BAYxx_xxxx_20251128_091853_000.7z
2025-11-28 09:20:00,-14663.443729,-14.663443729,-4890.620988,-4874.310009,-4898.512732,768000,768000,1.000000000,1,2025-11-28 09:20:00.000000,2025-11-28 09:20:59.999922,1,BAYxx_xxxx_20251128_091853_000.7z
2025-11-28 09:21:00,-10564.246505,-10.564246505,-3519.124588,-3515.587791,-3529.534125,768000,768000,1.000000000,1,2025-11-28 09:21:00.000000,2025-11-28 09:21:59.999922,1,BAYxx_xxxx_20251128_091853_000.7z
2025-11-28 09:22:00,-0.699406,-0.000699406,3.311642,2.012309,-6.023357,768000,768000,1.000000000,1,2025-11-28 09:22:00.000000,2025-11-28 09:22:59.999922,1,BAYxx_xxxx_20251128_091853_000.7z
2025-11-28 09:23:00,-4519.731954,-4.519731954,-1508.069609,-1494.586130,-1517.076215,768000,768000,1.000000000,1,2025-11-28 09:23:00.000000,2025-11-28 09:23:59.999922,1,BAYxx_xxxx_20251128_091853_000.7z
2025-11-28 09:24:00,-14966.533396,-14.966533396,-4980.687108,-4981.817141,-5004.029147,768000,768000,1.000000000,1,2025-11-28 09:24:00.000000,2025-11-28 09:24:59.999922,1,BAYxx_xxxx_20251128_091853_000.7z
2025-11-28 09:25:00,-15131.732643,-15.131732643,-5037.653019,-5042.454448,-5051.625175,768000,768000,1.000000000,1,2025-11-28 09:25:00.000000,2025-11-28 09:25:59.999922,1,BAYxx_xxxx_20251128_091853_000.7z
2025-11-28 09:26:00,-15247.759430,-15.247759430,-5080.036063,-5073.130126,-5094.593241,768000,768000,1.000000000,1,2025-11-28 09:26:00.000000,2025-11-28 09:26:59.999922,1,BAYxx_xxxx_20251128_091853_000.7z
2025-11-28 09:27:00,-15371.790135,-15.371790135,-5125.905952,-5107.917406,-5137.966777,768000,768000,1.000000000,1,2025-11-28 09:27:00.000000,2025-11-28 09:27:59.999922,1,BAYxx_xxxx_20251128_091853_000.7z
2025-11-28 09:28:00,-6415.792341,-6.415792341,-2137.485861,-2136.718408,-2141.588071,716866,768000,0.933419271,0,2025-11-28 09:28:00.000000,2025-11-28 09:28:59.999922,2,BAYxx_xxxx_20251128_091853_000.7z;BAYxx_xxxx_20251128_092857_000.7z
2025-11-28 09:29:00,-5.069313,-0.005069313,-0.623611,-0.242352,-4.203350,768000,768000,1.000000000,1,2025-11-28 09:29:00.000000,2025-11-28 09:29:59.999922,1,BAYxx_xxxx_20251128_092857_000.7z
2025-11-28 09:30:00,-2.310153,-0.002310153,0.916973,6.563050,-9.790176,768000,768000,1.000000000,1,2025-11-28 09:30:00.000000,2025-11-28 09:30:59.999922,1,BAYxx_xxxx_20251128_092857_000.7z
2025-11-28 09:31:00,-13.054528,-0.013054528,-2.709975,-4.510407,-5.834146,768000,768000,1.000000000,1,2025-11-28 09:31:00.000000,2025-11-28 09:31:59.999922,1,BAYxx_xxxx_20251128_092857_000.7z
2025-11-28 09:32:00,-11778.425049,-11.778425049,-3926.739418,-3911.409732,-3940.275899,768000,768000,1.000000000,1,2025-11-28 09:32:00.000000,2025-11-28 09:32:59.999922,1,BAYxx_xxxx_20251128_092857_000.7z
2025-11-28 09:33:00,-15897.545729,-15.897545729,-5292.374180,-5289.153774,-5316.017775,768000,768000,1.000000000,1,2025-11-28 09:33:00.000000,2025-11-28 09:33:59.999922,1,BAYxx_xxxx_20251128_092857_000.7z
2025-11-28 09:34:00,-16038.483479,-16.038483479,-5336.910236,-5347.252585,-5354.320659,768000,768000,1.000000000,1,2025-11-28 09:34:00.000000,2025-11-28 09:34:59.999922,1,BAYxx_xxxx_20251128_092857_000.7z
2025-11-28 09:35:00,-4797.142395,-4.797142395,-1594.130209,-1598.204921,-1604.807265,768000,768000,1.000000000,1,2025-11-28 09:35:00.000000,2025-11-28 09:35:59.999922,1,BAYxx_xxxx_20251128_092857_000.7z
2025-11-28 09:36:00,-6.963861,-0.006963861,0.749764,-3.873253,-3.840372,768000,768000,1.000000000,1,2025-11-28 09:36:00.000000,2025-11-28 09:36:59.999922,1,BAYxx_xxxx_20251128_092857_000.7z
2025-11-28 09:37:00,-3.996841,-0.003996841,-1.166925,-2.179770,-0.650146,768000,768000,1.000000000,1,2025-11-28 09:37:00.000000,2025-11-28 09:37:59.999922,1,BAYxx_xxxx_20251128_092857_000.7z
2025-11-28 09:38:00,-20.100855,-0.020100855,-3.764162,-7.160920,-9.175773,729677,768000,0.950100260,0,2025-11-28 09:38:00.000000,2025-11-28 09:38:57.005938,1,BAYxx_xxxx_20251128_092857_000.7z
2025-11-28 09:39:00,-13680.386270,-13.680386270,-4557.347882,-4548.862552,-4574.175835,768000,768000,1.000000000,1,2025-11-28 09:39:00.000000,2025-11-28 09:39:59.999922,1,BAYxx_xxxx_20251128_093900_000.7z
2025-11-28 09:40:00,-16578.528391,-16.578528391,-5527.960111,-5511.009439,-5539.558842,768000,768000,1.000000000,1,2025-11-28 09:40:00.000000,2025-11-28 09:40:59.999922,1,BAYxx_xxxx_20251128_093900_000.7z
2025-11-28 09:41:00,-16646.318422,-16.646318422,-5538.383708,-5549.492274,-5558.442440,768000,768000,1.000000000,1,2025-11-28 09:41:00.000000,2025-11-28 09:41:59.999922,1,BAYxx_xxxx_20251128_093900_000.7z
2025-11-28 09:42:00,-7641.329049,-7.641329049,-2542.366961,-2540.959425,-2558.002662,768000,768000,1.000000000,1,2025-11-28 09:42:00.000000,2025-11-28 09:42:59.999922,1,BAYxx_xxxx_20251128_093900_000.7z
2025-11-28 09:43:00,4.965927,0.004965927,7.590742,6.278193,-8.903009,768000,768000,1.000000000,1,2025-11-28 09:43:00.000000,2025-11-28 09:43:59.999922,1,BAYxx_xxxx_20251128_093900_000.7z
2025-11-28 09:44:00,-10.639718,-0.010639718,-1.303668,1.200635,-10.536684,768000,768000,1.000000000,1,2025-11-28 09:44:00.000000,2025-11-28 09:44:59.999922,1,BAYxx_xxxx_20251128_093900_000.7z
2025-11-28 09:45:00,6.906298,0.006906298,7.112204,5.841398,-6.047303,768000,768000,1.000000000,1,2025-11-28 09:45:00.000000,2025-11-28 09:45:59.999922,1,BAYxx_xxxx_20251128_093900_000.7z
2025-11-28 09:46:00,-12291.515490,-12.291515490,-4092.994827,-4092.648237,-4105.872426,768000,768000,1.000000000,1,2025-11-28 09:46:00.000000,2025-11-28 09:46:59.999922,1,BAYxx_xxxx_20251128_093900_000.7z
2025-11-28 09:47:00,-17117.071874,-17.117071874,-5696.397960,-5698.843723,-5721.830191,768000,768000,1.000000000,1,2025-11-28 09:47:00.000000,2025-11-28 09:47:59.999922,1,BAYxx_xxxx_20251128_093900_000.7z
2025-11-28 09:48:00,-17218.939630,-17.218939630,-5742.906613,-5721.954681,-5754.078336,768000,768000,1.000000000,1,2025-11-28 09:48:00.000000,2025-11-28 09:48:59.999922,1,BAYxx_xxxx_20251128_093900_000.7z
2025-11-28 09:49:00,-10140.637211,-10.140637211,-3379.593779,-3373.133043,-3387.910389,729643,768000,0.950055990,0,2025-11-28 09:49:00.000000,2025-11-28 09:49:59.999922,2,BAYxx_xxxx_20251128_093900_000.7z;BAYxx_xxxx_20251128_094903_000.7z
2025-11-28 09:50:00,2.025347,0.002025347,4.615446,0.226285,-2.816384,768000,768000,1.000000000,1,2025-11-28 09:50:00.000000,2025-11-28 09:50:59.999922,1,BAYxx_xxxx_20251128_094903_000.7z
2025-11-28 09:51:00,-16.803905,-0.016803905,-6.243189,-4.458731,-6.101985,768000,768000,1.000000000,1,2025-11-28 09:51:00.000000,2025-11-28 09:51:59.999922,1,BAYxx_xxxx_20251128_094903_000.7z
2025-11-28 09:52:00,-2.124216,-0.002124216,1.033549,-0.155305,-3.002461,768000,768000,1.000000000,1,2025-11-28 09:52:00.000000,2025-11-28 09:52:59.999922,1,BAYxx_xxxx_20251128_094903_000.7z
2025-11-28 09:53:00,-9838.470180,-9.838470180,-3285.798277,-3263.512479,-3289.159424,768000,768000,1.000000000,1,2025-11-28 09:53:00.000000,2025-11-28 09:53:59.999922,1,BAYxx_xxxx_20251128_094903_000.7z
2025-11-28 09:54:00,-17785.836505,-17.785836505,-5927.385629,-5920.190986,-5938.259890,768000,768000,1.000000000,1,2025-11-28 09:54:00.000000,2025-11-28 09:54:59.999922,1,BAYxx_xxxx_20251128_094903_000.7z
2025-11-28 09:55:00,-17923.127412,-17.923127412,-5965.247536,-5965.602454,-5992.277423,768000,768000,1.000000000,1,2025-11-28 09:55:00.000000,2025-11-28 09:55:59.999922,1,BAYxx_xxxx_20251128_094903_000.7z
2025-11-28 09:56:00,-4829.301308,-4.829301308,-1599.303100,-1610.549630,-1619.448579,768000,768000,1.000000000,1,2025-11-28 09:56:00.000000,2025-11-28 09:56:59.999922,1,BAYxx_xxxx_20251128_094903_000.7z
2025-11-28 09:57:00,-4.449351,-0.004449351,0.255571,-2.279441,-2.425480,768000,768000,1.000000000,1,2025-11-28 09:57:00.000000,2025-11-28 09:57:59.999922,1,BAYxx_xxxx_20251128_094903_000.7z
2025-11-28 09:58:00,-6.471877,-0.006471877,3.497694,-3.713571,-6.256000,768000,768000,1.000000000,1,2025-11-28 09:58:00.000000,2025-11-28 09:58:59.999922,1,BAYxx_xxxx_20251128_094903_000.7z
2025-11-28 09:59:00,-82.493693,-0.082493693,-24.477671,-28.328907,-29.687115,729710,768000,0.950143229,0,2025-11-28 09:59:00.000000,2025-11-28 09:59:59.999922,2,BAYxx_xxxx_20251128_094903_000.7z;BAYxx_xxxx_20251128_095906_000.7z
2025-11-28 10:00:00,-15717.647149,-15.717647149,-5237.075030,-5229.536697,-5251.035422,768000,768000,1.000000000,1,2025-11-28 10:00:00.000000,2025-11-28 10:00:59.999922,1,BAYxx_xxxx_20251128_095906_000.7z
2025-11-28 10:01:00,-18446.586575,-18.446586575,-6139.526773,-6145.448424,-6161.611378,768000,768000,1.000000000,1,2025-11-28 10:01:00.000000,2025-11-28 10:01:59.999922,1,BAYxx_xxxx_20251128_095906_000.7z
2025-11-28 10:02:00,-18576.991557,-18.576991557,-6175.923271,-6187.099225,-6213.969061,768000,768000,1.000000000,1,2025-11-28 10:02:00.000000,2025-11-28 10:02:59.999922,1,BAYxx_xxxx_20251128_095906_000.7z
2025-11-28 10:03:00,-956.517159,-0.956517159,-313.989383,-319.603998,-322.923777,768000,768000,1.000000000,1,2025-11-28 10:03:00.000000,2025-11-28 10:03:59.999922,1,BAYxx_xxxx_20251128_095906_000.7z
2025-11-28 10:04:00,-2.407704,-0.002407704,3.260378,0.910409,-6.578491,768000,768000,1.000000000,1,2025-11-28 10:04:00.000000,2025-11-28 10:04:59.999922,1,BAYxx_xxxx_20251128_095906_000.7z
2025-11-28 10:05:00,2.287558,0.002287558,5.023413,3.586841,-6.322697,768000,768000,1.000000000,1,2025-11-28 10:05:00.000000,2025-11-28 10:05:59.999922,1,BAYxx_xxxx_20251128_095906_000.7z
2025-11-28 10:06:00,-2201.640515,-2.201640515,-731.039346,-724.895473,-745.705695,768000,768000,1.000000000,1,2025-11-28 10:06:00.000000,2025-11-28 10:06:59.999922,1,BAYxx_xxxx_20251128_095906_000.7z
2025-11-28 10:07:00,-18704.680802,-18.704680802,-6214.717206,-6233.822001,-6256.141595,768000,768000,1.000000000,1,2025-11-28 10:07:00.000000,2025-11-28 10:07:59.999922,1,BAYxx_xxxx_20251128_095906_000.7z
2025-11-28 10:08:00,-19139.176102,-19.139176102,-6363.035399,-6379.394754,-6396.745949,768000,768000,1.000000000,1,2025-11-28 10:08:00.000000,2025-11-28 10:08:59.999922,1,BAYxx_xxxx_20251128_095906_000.7z
2025-11-28 10:09:00,-14628.484364,-14.628484364,-4869.569427,-4873.341999,-4885.572939,729696,768000,0.950125000,0,2025-11-28 10:09:00.000000,2025-11-28 10:09:59.999922,2,BAYxx_xxxx_20251128_095906_000.7z;BAYxx_xxxx_20251128_100909_000.7z
2025-11-28 10:10:00,-8.920073,-0.008920073,1.536936,-2.277450,-8.179559,768000,768000,1.000000000,1,2025-11-28 10:10:00.000000,2025-11-28 10:10:59.999922,1,BAYxx_xxxx_20251128_100909_000.7z
2025-11-28 10:11:00,-11.578713,-0.011578713,-6.052658,-1.198191,-4.327864,768000,768000,1.000000000,1,2025-11-28 10:11:00.000000,2025-11-28 10:11:59.999922,1,BAYxx_xxxx_20251128_100909_000.7z
2025-11-28 10:12:00,-6.126946,-0.006126946,5.155422,-6.535841,-4.746527,768000,768000,1.000000000,1,2025-11-28 10:12:00.000000,2025-11-28 10:12:59.999922,1,BAYxx_xxxx_20251128_100909_000.7z
2025-11-28 10:13:00,-7597.935717,-7.597935717,-2535.551924,-2520.084602,-2542.299191,768000,768000,1.000000000,1,2025-11-28 10:13:00.000000,2025-11-28 10:13:59.999922,1,BAYxx_xxxx_20251128_100909_000.7z
2025-11-28 10:14:00,-19391.564920,-19.391564920,-6453.418478,-6454.322564,-6483.823878,768000,768000,1.000000000,1,2025-11-28 10:14:00.000000,2025-11-28 10:14:59.999922,1,BAYxx_xxxx_20251128_100909_000.7z
2025-11-28 10:15:00,-19565.490856,-19.565490856,-6504.375193,-6516.440948,-6544.674715,768000,768000,1.000000000,1,2025-11-28 10:15:00.000000,2025-11-28 10:15:59.999922,1,BAYxx_xxxx_20251128_100909_000.7z
2025-11-28 10:16:00,-9591.702978,-9.591702978,-3192.725577,-3188.904437,-3210.072964,768000,768000,1.000000000,1,2025-11-28 10:16:00.000000,2025-11-28 10:16:59.999922,1,BAYxx_xxxx_20251128_100909_000.7z
2025-11-28 10:17:00,-5.256097,-0.005256097,2.043980,-1.903403,-5.396674,768000,768000,1.000000000,1,2025-11-28 10:17:00.000000,2025-11-28 10:17:59.999922,1,BAYxx_xxxx_20251128_100909_000.7z
2025-11-28 10:18:00,-6.409845,-0.006409845,-0.269652,-0.545264,-5.594928,768000,768000,1.000000000,1,2025-11-28 10:18:00.000000,2025-11-28 10:18:59.999922,1,BAYxx_xxxx_20251128_100909_000.7z
2025-11-28 10:19:00,-1.007402,-0.001007402,3.706726,-1.214548,-3.499580,729740,768000,0.950182292,0,2025-11-28 10:19:00.000000,2025-11-28 10:19:59.999922,2,BAYxx_xxxx_20251128_100909_000.7z;BAYxx_xxxx_20251128_101912_000.7z
2025-11-28 10:20:00,-11989.944230,-11.989944230,-3996.227883,-3989.914683,-4003.801664,768000,768000,1.000000000,1,2025-11-28 10:20:00.000000,2025-11-28 10:20:59.999922,1,BAYxx_xxxx_20251128_101912_000.7z
2025-11-28 10:21:00,-20001.447193,-20.001447193,-6665.789038,-6653.159162,-6682.498994,768000,768000,1.000000000,1,2025-11-28 10:21:00.000000,2025-11-28 10:21:59.999922,1,BAYxx_xxxx_20251128_101912_000.7z
2025-11-28 10:22:00,-17397.874458,-17.397874458,-5789.693698,-5791.382905,-5816.797854,768000,768000,1.000000000,1,2025-11-28 10:22:00.000000,2025-11-28 10:22:59.999922,1,BAYxx_xxxx_20251128_101912_000.7z
2025-11-28 10:23:00,-4.891029,-0.004891029,1.650924,-5.969929,-0.572024,768000,768000,1.000000000,1,2025-11-28 10:23:00.000000,2025-11-28 10:23:59.999922,1,BAYxx_xxxx_20251128_101912_000.7z
2025-11-28 10:24:00,-12.611946,-0.012611946,-0.920689,-4.814361,-6.876896,768000,768000,1.000000000,1,2025-11-28 10:24:00.000000,2025-11-28 10:24:59.999922,1,BAYxx_xxxx_20251128_101912_000.7z
2025-11-28 10:25:00,-5.590552,-0.005590552,-0.918133,-1.530017,-3.142402,768000,768000,1.000000000,1,2025-11-28 10:25:00.000000,2025-11-28 10:25:59.999922,1,BAYxx_xxxx_20251128_101912_000.7z
2025-11-28 10:26:00,-5548.499356,-5.548499356,-1847.000670,-1841.748128,-1859.750558,768000,768000,1.000000000,1,2025-11-28 10:26:00.000000,2025-11-28 10:26:59.999922,1,BAYxx_xxxx_20251128_101912_000.7z
2025-11-28 10:27:00,-20171.067930,-20.171067930,-6702.078268,-6718.678559,-6750.311103,768000,768000,1.000000000,1,2025-11-28 10:27:00.000000,2025-11-28 10:27:59.999922,1,BAYxx_xxxx_20251128_101912_000.7z
2025-11-28 10:28:00,-20441.757202,-20.441757202,-6792.266599,-6812.456272,-6837.034331,768000,768000,1.000000000,1,2025-11-28 10:28:00.000000,2025-11-28 10:28:59.999922,1,BAYxx_xxxx_20251128_101912_000.7z
2025-11-28 10:29:00,-7407.865694,-7.407865694,-2458.440654,-2466.440028,-2482.985011,729612,768000,0.950015625,0,2025-11-28 10:29:00.000000,2025-11-28 10:29:59.999922,2,BAYxx_xxxx_20251128_101912_000.7z;BAYxx_xxxx_20251128_102915_000.7z
2025-11-28 10:30:00,4.843067,0.004843067,3.595017,11.965132,-10.717082,768000,768000,1.000000000,1,2025-11-28 10:30:00.000000,2025-11-28 10:30:59.999922,1,BAYxx_xxxx_20251128_102915_000.7z
2025-11-28 10:31:00,-14.203206,-0.014203206,-3.694013,-2.602454,-7.906739,768000,768000,1.000000000,1,2025-11-28 10:31:00.000000,2025-11-28 10:31:59.999922,1,BAYxx_xxxx_20251128_102915_000.7z
2025-11-28 10:32:00,-9.905267,-0.009905267,0.239419,-6.797928,-3.346758,768000,768000,1.000000000,1,2025-11-28 10:32:00.000000,2025-11-28 10:32:59.999922,1,BAYxx_xxxx_20251128_102915_000.7z
2025-11-28 10:33:00,-15292.700090,-15.292700090,-5088.800192,-5088.331652,-5115.568246,768000,768000,1.000000000,1,2025-11-28 10:33:00.000000,2025-11-28 10:33:59.999922,1,BAYxx_xxxx_20251128_102915_000.7z
2025-11-28 10:34:00,-20743.662094,-20.743662094,-6903.170065,-6907.702046,-6932.789982,768000,768000,1.000000000,1,2025-11-28 10:34:00.000000,2025-11-28 10:34:59.999922,1,BAYxx_xxxx_20251128_102915_000.7z
2025-11-28 10:35:00,-10857.184400,-10.857184400,-3614.991599,-3612.927950,-3629.264850,768000,768000,1.000000000,1,2025-11-28 10:35:00.000000,2025-11-28 10:35:59.999922,1,BAYxx_xxxx_20251128_102915_000.7z
2025-11-28 10:36:00,-3.501809,-0.003501809,1.173540,-1.050745,-3.624603,768000,768000,1.000000000,1,2025-11-28 10:36:00.000000,2025-11-28 10:36:59.999922,1,BAYxx_xxxx_20251128_102915_000.7z
2025-11-28 10:37:00,-9099.588681,-9.099588681,-3032.559115,-3023.249834,-3043.779732,768000,768000,1.000000000,1,2025-11-28 10:37:00.000000,2025-11-28 10:37:59.999922,1,BAYxx_xxxx_20251128_102915_000.7z
2025-11-28 10:38:00,-20785.579731,-20.785579731,-6919.789916,-6919.431209,-6946.358606,768000,768000,1.000000000,1,2025-11-28 10:38:00.000000,2025-11-28 10:38:59.999922,1,BAYxx_xxxx_20251128_102915_000.7z
2025-11-28 10:39:00,-21018.999570,-21.018999570,-6995.206482,-7000.116477,-7023.676611,729645,768000,0.950058594,0,2025-11-28 10:39:00.000000,2025-11-28 10:39:59.999922,2,BAYxx_xxxx_20251128_102915_000.7z;BAYxx_xxxx_20251128_103918_000.7z
2025-11-28 10:40:00,-21058.821051,-21.058821051,-7001.455530,-7012.510941,-7044.854579,768000,768000,1.000000000,1,2025-11-28 10:40:00.000000,2025-11-28 10:40:59.999922,1,BAYxx_xxxx_20251128_103918_000.7z
2025-11-28 10:41:00,-16850.249283,-16.850249283,-5597.079225,-5618.351349,-5634.818710,768000,768000,1.000000000,1,2025-11-28 10:41:00.000000,2025-11-28 10:41:59.999922,1,BAYxx_xxxx_20251128_103918_000.7z
2025-11-28 10:42:00,6.404195,0.006404195,3.335958,2.336572,0.731664,768000,768000,1.000000000,1,2025-11-28 10:42:00.000000,2025-11-28 10:42:59.999922,1,BAYxx_xxxx_20251128_103918_000.7z
2025-11-28 10:43:00,-3555.443028,-3.555443028,-1187.939613,-1177.286562,-1190.216853,768000,768000,1.000000000,1,2025-11-28 10:43:00.000000,2025-11-28 10:43:59.999922,1,BAYxx_xxxx_20251128_103918_000.7z
2025-11-28 10:44:00,-93.064793,-0.093064793,-31.366888,-30.156807,-31.541097,768000,768000,1.000000000,1,2025-11-28 10:44:00.000000,2025-11-28 10:44:59.999922,1,BAYxx_xxxx_20251128_103918_000.7z
2025-11-28 10:45:00,-696.732193,-0.696732193,-231.862519,-225.904429,-238.965245,768000,768000,1.000000000,1,2025-11-28 10:45:00.000000,2025-11-28 10:45:59.999922,1,BAYxx_xxxx_20251128_103918_000.7z
2025-11-28 10:46:00,-19486.941178,-19.486941178,-6482.494246,-6488.874331,-6515.572600,768000,768000,1.000000000,1,2025-11-28 10:46:00.000000,2025-11-28 10:46:59.999922,1,BAYxx_xxxx_20251128_103918_000.7z
2025-11-28 10:47:00,-16214.973630,-16.214973630,-5393.357094,-5405.029428,-5416.587107,768000,768000,1.000000000,1,2025-11-28 10:47:00.000000,2025-11-28 10:47:59.999922,1,BAYxx_xxxx_20251128_103918_000.7z
2025-11-28 10:48:00,3.342892,0.003342892,6.180183,-1.085670,-1.751621,768000,768000,1.000000000,1,2025-11-28 10:48:00.000000,2025-11-28 10:48:59.999922,1,BAYxx_xxxx_20251128_103918_000.7z
2025-11-28 10:49:00,-3.176635,-0.003176635,-1.633607,1.357490,-2.900518,742491,768000,0.966785156,0,2025-11-28 10:49:00.000000,2025-11-28 10:49:59.999922,2,BAYxx_xxxx_20251128_103918_000.7z;BAYxx_xxxx_20251128_104920_000.7z
2025-11-28 10:50:00,6.827291,0.006827291,4.675365,5.238029,-3.086102,768000,768000,1.000000000,1,2025-11-28 10:50:00.000000,2025-11-28 10:50:59.999922,1,BAYxx_xxxx_20251128_104920_000.7z
2025-11-28 10:51:00,-7257.984800,-7.257984800,-2408.801268,-2413.653787,-2435.529745,768000,768000,1.000000000,1,2025-11-28 10:51:00.000000,2025-11-28 10:51:59.999922,1,BAYxx_xxxx_20251128_104920_000.7z
2025-11-28 10:52:00,-21556.558616,-21.556558616,-7156.901405,-7181.454726,-7218.202486,768000,768000,1.000000000,1,2025-11-28 10:52:00.000000,2025-11-28 10:52:59.999922,1,BAYxx_xxxx_20251128_104920_000.7z
2025-11-28 10:53:00,-21842.481809,-21.842481809,-7265.999319,-7275.891662,-7300.590828,768000,768000,1.000000000,1,2025-11-28 10:53:00.000000,2025-11-28 10:53:59.999922,1,BAYxx_xxxx_20251128_104920_000.7z
2025-11-28 10:54:00,-13231.899061,-13.231899061,-4400.382886,-4400.858024,-4430.658151,768000,768000,1.000000000,1,2025-11-28 10:54:00.000000,2025-11-28 10:54:59.999922,1,BAYxx_xxxx_20251128_104920_000.7z
2025-11-28 10:55:00,-0.825766,-0.000825766,4.013322,-0.869995,-3.969093,768000,768000,1.000000000,1,2025-11-28 10:55:00.000000,2025-11-28 10:55:59.999922,1,BAYxx_xxxx_20251128_104920_000.7z
2025-11-28 10:56:00,-4629.077931,-4.629077931,-1541.669791,-1534.411874,-1552.996266,768000,768000,1.000000000,1,2025-11-28 10:56:00.000000,2025-11-28 10:56:59.999922,1,BAYxx_xxxx_20251128_104920_000.7z
2025-11-28 10:57:00,-7.689736,-0.007689736,-0.463898,-2.780348,-4.445491,768000,768000,1.000000000,1,2025-11-28 10:57:00.000000,2025-11-28 10:57:59.999922,1,BAYxx_xxxx_20251128_104920_000.7z
2025-11-28 10:58:00,-2325.320107,-2.325320107,-778.842273,-768.053951,-778.423883,768000,768000,1.000000000,1,2025-11-28 10:58:00.000000,2025-11-28 10:58:59.999922,1,BAYxx_xxxx_20251128_104920_000.7z
2025-11-28 10:59:00,-21224.311761,-21.224311761,-7053.942841,-7074.407375,-7095.961545,742497,768000,0.966792969,0,2025-11-28 10:59:00.000000,2025-11-28 10:59:59.999922,2,BAYxx_xxxx_20251128_104920_000.7z;BAYxx_xxxx_20251128_105922_000.7z
2025-11-28 11:00:00,-16116.281863,-16.116281863,-5346.584849,-5375.114619,-5394.582395,768000,768000,1.000000000,1,2025-11-28 11:00:00.000000,2025-11-28 11:00:59.999922,1,BAYxx_xxxx_20251128_105922_000.7z
2025-11-28 11:01:00,-5.989039,-0.005989039,1.437665,-3.805528,-3.621176,768000,768000,1.000000000,1,2025-11-28 11:01:00.000000,2025-11-28 11:01:59.999922,1,BAYxx_xxxx_20251128_105922_000.7z
2025-11-28 11:02:00,-5017.056640,-5.017056640,-1674.520634,-1665.426029,-1677.109977,768000,768000,1.000000000,1,2025-11-28 11:02:00.000000,2025-11-28 11:02:59.999922,1,BAYxx_xxxx_20251128_105922_000.7z
2025-11-28 11:03:00,-21991.571769,-21.991571769,-7307.898614,-7335.418308,-7348.254847,768000,768000,1.000000000,1,2025-11-28 11:03:00.000000,2025-11-28 11:03:59.999922,1,BAYxx_xxxx_20251128_105922_000.7z
2025-11-28 11:04:00,-22274.057639,-22.274057639,-7392.172676,-7432.685846,-7449.199117,768000,768000,1.000000000,1,2025-11-28 11:04:00.000000,2025-11-28 11:04:59.999922,1,BAYxx_xxxx_20251128_105922_000.7z
2025-11-28 11:05:00,-17698.527063,-17.698527063,-5885.663575,-5892.167188,-5920.696300,768000,768000,1.000000000,1,2025-11-28 11:05:00.000000,2025-11-28 11:05:59.999922,1,BAYxx_xxxx_20251128_105922_000.7z
2025-11-28 11:06:00,-9.336695,-0.009336695,0.980414,-4.569370,-5.747739,768000,768000,1.000000000,1,2025-11-28 11:06:00.000000,2025-11-28 11:06:59.999922,1,BAYxx_xxxx_20251128_105922_000.7z
2025-11-28 11:07:00,-2.858125,-0.002858125,-0.944635,0.951680,-2.865171,768000,768000,1.000000000,1,2025-11-28 11:07:00.000000,2025-11-28 11:07:59.999922,1,BAYxx_xxxx_20251128_105922_000.7z
2025-11-28 11:08:00,-6.430709,-0.006430709,0.270846,-3.201309,-3.500246,768000,768000,1.000000000,1,2025-11-28 11:08:00.000000,2025-11-28 11:08:59.999922,1,BAYxx_xxxx_20251128_105922_000.7z
2025-11-28 11:09:00,-6762.830566,-6.762830566,-2249.397601,-2252.207928,-2261.225037,729649,768000,0.950063802,0,2025-11-28 11:09:00.000000,2025-11-28 11:09:59.999922,2,BAYxx_xxxx_20251128_105922_000.7z;BAYxx_xxxx_20251128_110925_000.7z
2025-11-28 11:10:00,-22315.609345,-22.315609345,-7430.064459,-7434.589741,-7450.955145,768000,768000,1.000000000,1,2025-11-28 11:10:00.000000,2025-11-28 11:10:59.999922,1,BAYxx_xxxx_20251128_110925_000.7z
2025-11-28 11:11:00,-20490.126578,-20.490126578,-6814.022054,-6829.521653,-6846.582871,768000,768000,1.000000000,1,2025-11-28 11:11:00.000000,2025-11-28 11:11:59.999922,1,BAYxx_xxxx_20251128_110925_000.7z
2025-11-28 11:12:00,-5.125665,-0.005125665,3.130531,0.661833,-8.918028,768000,768000,1.000000000,1,2025-11-28 11:12:00.000000,2025-11-28 11:12:59.999922,1,BAYxx_xxxx_20251128_110925_000.7z
2025-11-28 11:13:00,-1663.599089,-1.663599089,-554.758207,-546.478677,-562.362206,768000,768000,1.000000000,1,2025-11-28 11:13:00.000000,2025-11-28 11:13:59.999922,1,BAYxx_xxxx_20251128_110925_000.7z
2025-11-28 11:14:00,-21459.036971,-21.459036971,-7130.552552,-7147.223954,-7181.260465,768000,768000,1.000000000,1,2025-11-28 11:14:00.000000,2025-11-28 11:14:59.999922,1,BAYxx_xxxx_20251128_110925_000.7z
2025-11-28 11:15:00,-22693.578004,-22.693578004,-7545.695442,-7553.807543,-7594.075019,768000,768000,1.000000000,1,2025-11-28 11:15:00.000000,2025-11-28 11:15:59.999922,1,BAYxx_xxxx_20251128_110925_000.7z
2025-11-28 11:16:00,-22858.109391,-22.858109391,-7599.110188,-7610.330680,-7648.668524,768000,768000,1.000000000,1,2025-11-28 11:16:00.000000,2025-11-28 11:16:59.999922,1,BAYxx_xxxx_20251128_110925_000.7z
2025-11-28 11:17:00,-18279.257300,-18.279257300,-6073.494607,-6085.154595,-6120.608099,768000,768000,1.000000000,1,2025-11-28 11:17:00.000000,2025-11-28 11:17:59.999922,1,BAYxx_xxxx_20251128_110925_000.7z
2025-11-28 11:18:00,-3.369398,-0.003369398,3.532672,-2.148335,-4.753735,768000,768000,1.000000000,1,2025-11-28 11:18:00.000000,2025-11-28 11:18:59.999922,1,BAYxx_xxxx_20251128_110925_000.7z
2025-11-28 11:19:00,-2550.737986,-2.550737986,-856.093864,-842.242579,-852.401544,716887,768000,0.933446615,0,2025-11-28 11:19:00.000000,2025-11-28 11:19:59.999922,2,BAYxx_xxxx_20251128_110925_000.7z;BAYxx_xxxx_20251128_111929_000.7z
2025-11-28 11:20:00,-21955.782257,-21.955782257,-7303.450657,-7312.423190,-7339.908409,768000,768000,1.000000000,1,2025-11-28 11:20:00.000000,2025-11-28 11:20:59.999922,1,BAYxx_xxxx_20251128_111929_000.7z
2025-11-28 11:21:00,-22820.878608,-22.820878608,-7578.017325,-7611.881360,-7630.979923,768000,768000,1.000000000,1,2025-11-28 11:21:00.000000,2025-11-28 11:21:59.999922,1,BAYxx_xxxx_20251128_111929_000.7z
2025-11-28 11:22:00,-23060.755477,-23.060755477,-7656.153254,-7690.545295,-7714.056927,768000,768000,1.000000000,1,2025-11-28 11:22:00.000000,2025-11-28 11:22:59.999922,1,BAYxx_xxxx_20251128_111929_000.7z
2025-11-28 11:23:00,-23116.124624,-23.116124624,-7681.809690,-7705.269247,-7729.045687,768000,768000,1.000000000,1,2025-11-28 11:23:00.000000,2025-11-28 11:23:59.999922,1,BAYxx_xxxx_20251128_111929_000.7z
2025-11-28 11:24:00,-8502.395988,-8.502395988,-2827.655699,-2830.328043,-2844.412246,768000,768000,1.000000000,1,2025-11-28 11:24:00.000000,2025-11-28 11:24:59.999922,1,BAYxx_xxxx_20251128_111929_000.7z
2025-11-28 11:25:00,-7.042439,-0.007042439,1.133513,-2.066872,-6.109080,768000,768000,1.000000000,1,2025-11-28 11:25:00.000000,2025-11-28 11:25:59.999922,1,BAYxx_xxxx_20251128_111929_000.7z
2025-11-28 11:26:00,-18.274408,-0.018274408,-8.434853,-3.278675,-6.560880,768000,768000,1.000000000,1,2025-11-28 11:26:00.000000,2025-11-28 11:26:59.999922,1,BAYxx_xxxx_20251128_111929_000.7z
2025-11-28 11:27:00,-3.793776,-0.003793776,0.847702,2.065843,-6.707321,768000,768000,1.000000000,1,2025-11-28 11:27:00.000000,2025-11-28 11:27:59.999922,1,BAYxx_xxxx_20251128_111929_000.7z
2025-11-28 11:28:00,-16503.802007,-16.503802007,-5494.984305,-5492.947751,-5515.869951,768000,768000,1.000000000,1,2025-11-28 11:28:00.000000,2025-11-28 11:28:59.999922,1,BAYxx_xxxx_20251128_111929_000.7z
2025-11-28 11:29:00,-22583.166946,-22.583166946,-7506.262384,-7535.263748,-7541.640814,729637,768000,0.950048177,0,2025-11-28 11:29:00.000000,2025-11-28 11:29:59.999922,2,BAYxx_xxxx_20251128_111929_000.7z;BAYxx_xxxx_20251128_112932_000.7z
2025-11-28 11:30:00,-3.820154,-0.003820154,1.119443,-1.498536,-3.441061,768000,768000,1.000000000,1,2025-11-28 11:30:00.000000,2025-11-28 11:30:59.999922,1,BAYxx_xxxx_20251128_112932_000.7z
2025-11-28 11:31:00,-823.522878,-0.823522878,-277.520079,-269.307730,-276.695069,768000,768000,1.000000000,1,2025-11-28 11:31:00.000000,2025-11-28 11:31:59.999922,1,BAYxx_xxxx_20251128_112932_000.7z
2025-11-28 11:32:00,-20805.979301,-20.805979301,-6916.732548,-6932.946597,-6956.300156,768000,768000,1.000000000,1,2025-11-28 11:32:00.000000,2025-11-28 11:32:59.999922,1,BAYxx_xxxx_20251128_112932_000.7z
2025-11-28 11:33:00,-22963.188131,-22.963188131,-7642.172631,-7655.655697,-7665.359803,768000,768000,1.000000000,1,2025-11-28 11:33:00.000000,2025-11-28 11:33:59.999922,1,BAYxx_xxxx_20251128_112932_000.7z
2025-11-28 11:34:00,-23074.460888,-23.074460888,-7673.579988,-7698.062196,-7702.818704,768000,768000,1.000000000,1,2025-11-28 11:34:00.000000,2025-11-28 11:34:59.999922,1,BAYxx_xxxx_20251128_112932_000.7z
2025-11-28 11:35:00,-23135.632370,-23.135632370,-7693.176402,-7712.295968,-7730.160000,768000,768000,1.000000000,1,2025-11-28 11:35:00.000000,2025-11-28 11:35:59.999922,1,BAYxx_xxxx_20251128_112932_000.7z
2025-11-28 11:36:00,-8265.650685,-8.265650685,-2748.759850,-2750.863872,-2766.026963,768000,768000,1.000000000,1,2025-11-28 11:36:00.000000,2025-11-28 11:36:59.999922,1,BAYxx_xxxx_20251128_112932_000.7z
2025-11-28 11:37:00,2.849619,0.002849619,5.842217,3.089572,-6.082170,768000,768000,1.000000000,1,2025-11-28 11:37:00.000000,2025-11-28 11:37:59.999922,1,BAYxx_xxxx_20251128_112932_000.7z
2025-11-28 11:38:00,-13212.654689,-13.212654689,-4400.894801,-4394.138564,-4417.621323,768000,768000,1.000000000,1,2025-11-28 11:38:00.000000,2025-11-28 11:38:59.999922,1,BAYxx_xxxx_20251128_112932_000.7z
2025-11-28 11:39:00,-22872.030756,-22.872030756,-7611.866006,-7615.265539,-7644.899211,729739,768000,0.950180990,0,2025-11-28 11:39:00.000000,2025-11-28 11:39:59.999922,2,BAYxx_xxxx_20251128_112932_000.7z;BAYxx_xxxx_20251128_113935_000.7z
2025-11-28 11:40:00,-23127.652552,-23.127652552,-7686.427039,-7712.885368,-7728.340146,768000,768000,1.000000000,1,2025-11-28 11:40:00.000000,2025-11-28 11:40:59.999922,1,BAYxx_xxxx_20251128_113935_000.7z
2025-11-28 11:41:00,-8880.996852,-8.880996852,-2954.345163,-2958.615665,-2968.036024,768000,768000,1.000000000,1,2025-11-28 11:41:00.000000,2025-11-28 11:41:59.999922,1,BAYxx_xxxx_20251128_113935_000.7z
2025-11-28 11:42:00,-3.914417,-0.003914417,0.479339,-1.391895,-3.001860,768000,768000,1.000000000,1,2025-11-28 11:42:00.000000,2025-11-28 11:42:59.999922,1,BAYxx_xxxx_20251128_113935_000.7z
2025-11-28 11:43:00,-9.136788,-0.009136788,1.207305,-5.809145,-4.534948,768000,768000,1.000000000,1,2025-11-28 11:43:00.000000,2025-11-28 11:43:59.999922,1,BAYxx_xxxx_20251128_113935_000.7z
2025-11-28 11:44:00,0.859314,0.000859314,3.298155,3.278931,-5.717772,768000,768000,1.000000000,1,2025-11-28 11:44:00.000000,2025-11-28 11:44:59.999922,1,BAYxx_xxxx_20251128_113935_000.7z
2025-11-28 11:45:00,-17148.791902,-17.148791902,-5705.809848,-5709.271578,-5733.710475,768000,768000,1.000000000,1,2025-11-28 11:45:00.000000,2025-11-28 11:45:59.999922,1,BAYxx_xxxx_20251128_113935_000.7z
2025-11-28 11:46:00,-23027.592285,-23.027592285,-7659.264547,-7677.371029,-7690.956709,768000,768000,1.000000000,1,2025-11-28 11:46:00.000000,2025-11-28 11:46:59.999922,1,BAYxx_xxxx_20251128_113935_000.7z
2025-11-28 11:47:00,-12478.911991,-12.478911991,-4152.715811,-4155.883804,-4170.312376,768000,768000,1.000000000,1,2025-11-28 11:47:00.000000,2025-11-28 11:47:59.999922,1,BAYxx_xxxx_20251128_113935_000.7z
2025-11-28 11:48:00,-11.415079,-0.011415079,-2.404102,-5.528689,-3.482288,768000,768000,1.000000000,1,2025-11-28 11:48:00.000000,2025-11-28 11:48:59.999922,1,BAYxx_xxxx_20251128_113935_000.7z
2025-11-28 11:49:00,-5.254665,-0.005254665,2.053232,-2.075569,-5.232328,729730,768000,0.950169271,0,2025-11-28 11:49:00.000000,2025-11-28 11:49:59.999922,2,BAYxx_xxxx_20251128_113935_000.7z;BAYxx_xxxx_20251128_114938_000.7z
2025-11-28 11:50:00,-15.183099,-0.015183099,-5.282417,1.126026,-11.026708,768000,768000,1.000000000,1,2025-11-28 11:50:00.000000,2025-11-28 11:50:59.999922,1,BAYxx_xxxx_20251128_114938_000.7z
2025-11-28 11:51:00,-11966.539951,-11.966539951,-3985.010004,-3980.590865,-4000.939082,768000,768000,1.000000000,1,2025-11-28 11:51:00.000000,2025-11-28 11:51:59.999922,1,BAYxx_xxxx_20251128_114938_000.7z
2025-11-28 11:52:00,-22782.870120,-22.782870120,-7571.921102,-7589.234751,-7621.714267,768000,768000,1.000000000,1,2025-11-28 11:52:00.000000,2025-11-28 11:52:59.999922,1,BAYxx_xxxx_20251128_114938_000.7z
2025-11-28 11:53:00,-4330.967280,-4.330967280,-1436.892188,-1442.899523,-1451.175569,768000,768000,1.000000000,1,2025-11-28 11:53:00.000000,2025-11-28 11:53:59.999922,1,BAYxx_xxxx_20251128_114938_000.7z
2025-11-28 11:54:00,-10.556825,-0.010556825,-2.533201,-3.025275,-4.998349,768000,768000,1.000000000,1,2025-11-28 11:54:00.000000,2025-11-28 11:54:59.999922,1,BAYxx_xxxx_20251128_114938_000.7z
2025-11-28 11:55:00,3.175147,0.003175147,5.035365,1.453404,-3.313621,768000,768000,1.000000000,1,2025-11-28 11:55:00.000000,2025-11-28 11:55:59.999922,1,BAYxx_xxxx_20251128_114938_000.7z
2025-11-28 11:56:00,-682.915358,-0.682915358,-228.082867,-226.280733,-228.551757,768000,768000,1.000000000,1,2025-11-28 11:56:00.000000,2025-11-28 11:56:59.999922,1,BAYxx_xxxx_20251128_114938_000.7z
2025-11-28 11:57:00,-20551.450805,-20.551450805,-6835.574672,-6847.121973,-6868.754160,768000,768000,1.000000000,1,2025-11-28 11:57:00.000000,2025-11-28 11:57:59.999922,1,BAYxx_xxxx_20251128_114938_000.7z
2025-11-28 11:58:00,-23010.834814,-23.010834814,-7644.752478,-7673.460004,-7692.622332,768000,768000,1.000000000,1,2025-11-28 11:58:00.000000,2025-11-28 11:58:59.999922,1,BAYxx_xxxx_20251128_114938_000.7z
2025-11-28 11:59:00,-5197.746543,-5.197746543,-1722.951595,-1733.014801,-1741.780148,729626,768000,0.950033854,0,2025-11-28 11:59:00.000000,2025-11-28 11:59:59.999922,2,BAYxx_xxxx_20251128_114938_000.7z;BAYxx_xxxx_20251128_115941_000.7z
2025-11-28 12:00:00,-9.224045,-0.009224045,0.709902,-7.027856,-2.906092,768000,768000,1.000000000,1,2025-11-28 12:00:00.000000,2025-11-28 12:00:59.999922,1,BAYxx_xxxx_20251128_115941_000.7z
2025-11-28 12:01:00,-4574.710690,-4.574710690,-1530.953550,-1515.356443,-1528.400696,768000,768000,1.000000000,1,2025-11-28 12:01:00.000000,2025-11-28 12:01:59.999922,1,BAYxx_xxxx_20251128_115941_000.7z
2025-11-28 12:02:00,0.842712,0.000842712,3.931686,-0.878505,-2.210469,768000,768000,1.000000000,1,2025-11-28 12:02:00.000000,2025-11-28 12:02:59.999922,1,BAYxx_xxxx_20251128_115941_000.7z
2025-11-28 12:03:00,-9535.112174,-9.535112174,-3176.074285,-3171.486946,-3187.550942,768000,768000,1.000000000,1,2025-11-28 12:03:00.000000,2025-11-28 12:03:59.999922,1,BAYxx_xxxx_20251128_115941_000.7z
2025-11-28 12:04:00,-22824.831079,-22.824831079,-7580.596663,-7608.539361,-7635.695055,768000,768000,1.000000000,1,2025-11-28 12:04:00.000000,2025-11-28 12:04:59.999922,1,BAYxx_xxxx_20251128_115941_000.7z
2025-11-28 12:05:00,-7637.325156,-7.637325156,-2536.600759,-2540.246060,-2560.478337,768000,768000,1.000000000,1,2025-11-28 12:05:00.000000,2025-11-28 12:05:59.999922,1,BAYxx_xxxx_20251128_115941_000.7z
2025-11-28 12:06:00,4.701852,0.004701852,8.831308,2.140825,-6.270281,768000,768000,1.000000000,1,2025-11-28 12:06:00.000000,2025-11-28 12:06:59.999922,1,BAYxx_xxxx_20251128_115941_000.7z
2025-11-28 12:07:00,-13640.892591,-13.640892591,-4537.382920,-4540.929928,-4562.579744,768000,768000,1.000000000,1,2025-11-28 12:07:00.000000,2025-11-28 12:07:59.999922,1,BAYxx_xxxx_20251128_115941_000.7z
2025-11-28 12:08:00,-22563.044891,-22.563044891,-7499.581792,-7526.626862,-7536.836238,768000,768000,1.000000000,1,2025-11-28 12:08:00.000000,2025-11-28 12:08:59.999922,1,BAYxx_xxxx_20251128_115941_000.7z
2025-11-28 12:09:00,-22703.769187,-22.703769187,-7550.649849,-7568.751966,-7584.367372,729695,768000,0.950123698,0,2025-11-28 12:09:00.000000,2025-11-28 12:09:59.999922,2,BAYxx_xxxx_20251128_115941_000.7z;BAYxx_xxxx_20251128_120944_000.7z
2025-11-28 12:10:00,-21683.158654,-21.683158654,-7208.743518,-7227.464094,-7246.951042,768000,768000,1.000000000,1,2025-11-28 12:10:00.000000,2025-11-28 12:10:59.999922,1,BAYxx_xxxx_20251128_120944_000.7z
2025-11-28 12:11:00,-5.240596,-0.005240596,1.462203,-2.152354,-4.550445,768000,768000,1.000000000,1,2025-11-28 12:11:00.000000,2025-11-28 12:11:59.999922,1,BAYxx_xxxx_20251128_120944_000.7z
2025-11-28 12:12:00,-16.191822,-0.016191822,-2.733154,-5.141831,-8.316837,768000,768000,1.000000000,1,2025-11-28 12:12:00.000000,2025-11-28 12:12:59.999922,1,BAYxx_xxxx_20251128_120944_000.7z
2025-11-28 12:13:00,-10.353951,-0.010353951,1.775129,-5.723281,-6.405800,768000,768000,1.000000000,1,2025-11-28 12:13:00.000000,2025-11-28 12:13:59.999922,1,BAYxx_xxxx_20251128_120944_000.7z
2025-11-28 12:14:00,-3594.610292,-3.594610292,-1199.492630,-1191.394408,-1203.723254,768000,768000,1.000000000,1,2025-11-28 12:14:00.000000,2025-11-28 12:14:59.999922,1,BAYxx_xxxx_20251128_120944_000.7z
2025-11-28 12:15:00,-22159.666942,-22.159666942,-7352.891130,-7394.293509,-7412.482302,768000,768000,1.000000000,1,2025-11-28 12:15:00.000000,2025-11-28 12:15:59.999922,1,BAYxx_xxxx_20251128_120944_000.7z
2025-11-28 12:16:00,-12205.987376,-12.205987376,-4051.112518,-4070.372070,-4084.502788,768000,768000,1.000000000,1,2025-11-28 12:16:00.000000,2025-11-28 12:16:59.999922,1,BAYxx_xxxx_20251128_120944_000.7z
2025-11-28 12:17:00,-5.515400,-0.005515400,0.412495,-1.505236,-4.422659,768000,768000,1.000000000,1,2025-11-28 12:17:00.000000,2025-11-28 12:17:59.999922,1,BAYxx_xxxx_20251128_120944_000.7z
2025-11-28 12:18:00,-6.772411,-0.006772411,0.800735,-1.534613,-6.038533,768000,768000,1.000000000,1,2025-11-28 12:18:00.000000,2025-11-28 12:18:59.999922,1,BAYxx_xxxx_20251128_120944_000.7z
2025-11-28 12:19:00,2.139514,0.002139514,2.015072,1.254428,-1.129986,716927,768000,0.933498698,0,2025-11-28 12:19:00.000000,2025-11-28 12:19:59.999922,2,BAYxx_xxxx_20251128_120944_000.7z;BAYxx_xxxx_20251128_121948_000.7z
2025-11-28 12:20:00,-11677.923815,-11.677923815,-3886.052838,-3893.014745,-3898.856232,768000,768000,1.000000000,1,2025-11-28 12:20:00.000000,2025-11-28 12:20:59.999922,1,BAYxx_xxxx_20251128_121948_000.7z
2025-11-28 12:21:00,-22223.045958,-22.223045958,-7383.181856,-7416.887876,-7422.976226,768000,768000,1.000000000,1,2025-11-28 12:21:00.000000,2025-11-28 12:21:59.999922,1,BAYxx_xxxx_20251128_121948_000.7z
2025-11-28 12:22:00,-7472.949434,-7.472949434,-2487.292368,-2491.214153,-2494.442912,768000,768000,1.000000000,1,2025-11-28 12:22:00.000000,2025-11-28 12:22:59.999922,1,BAYxx_xxxx_20251128_121948_000.7z
2025-11-28 12:23:00,-4.467951,-0.004467951,2.685681,-3.025138,-4.128494,768000,768000,1.000000000,1,2025-11-28 12:23:00.000000,2025-11-28 12:23:59.999922,1,BAYxx_xxxx_20251128_121948_000.7z
2025-11-28 12:24:00,-8.520438,-0.008520438,-0.537348,-3.643107,-4.339983,768000,768000,1.000000000,1,2025-11-28 12:24:00.000000,2025-11-28 12:24:59.999922,1,BAYxx_xxxx_20251128_121948_000.7z
2025-11-28 12:25:00,-17.992116,-0.017992116,-3.673198,-2.158147,-12.160772,768000,768000,1.000000000,1,2025-11-28 12:25:00.000000,2025-11-28 12:25:59.999922,1,BAYxx_xxxx_20251128_121948_000.7z
2025-11-28 12:26:00,-17360.277190,-17.360277190,-5775.774392,-5780.429168,-5804.073630,768000,768000,1.000000000,1,2025-11-28 12:26:00.000000,2025-11-28 12:26:59.999922,1,BAYxx_xxxx_20251128_121948_000.7z
2025-11-28 12:27:00,-22129.530463,-22.129530463,-7355.800375,-7376.383639,-7397.346449,768000,768000,1.000000000,1,2025-11-28 12:27:00.000000,2025-11-28 12:27:59.999922,1,BAYxx_xxxx_20251128_121948_000.7z
2025-11-28 12:28:00,-1798.035469,-1.798035469,-596.399298,-601.363654,-600.272517,768000,768000,1.000000000,1,2025-11-28 12:28:00.000000,2025-11-28 12:28:59.999922,1,BAYxx_xxxx_20251128_121948_000.7z
2025-11-28 12:29:00,-57.658970,-0.057658970,-19.725847,-15.689954,-22.243169,729643,768000,0.950055990,0,2025-11-28 12:29:00.000000,2025-11-28 12:29:59.999922,2,BAYxx_xxxx_20251128_121948_000.7z;BAYxx_xxxx_20251128_122951_000.7z
2025-11-28 12:30:00,-17900.046341,-17.900046341,-5946.390115,-5976.072212,-5977.584014,768000,768000,1.000000000,1,2025-11-28 12:30:00.000000,2025-11-28 12:30:59.999922,1,BAYxx_xxxx_20251128_122951_000.7z
2025-11-28 12:31:00,-21952.073669,-21.952073669,-7292.975538,-7327.052320,-7332.045811,768000,768000,1.000000000,1,2025-11-28 12:31:00.000000,2025-11-28 12:31:59.999922,1,BAYxx_xxxx_20251128_122951_000.7z
2025-11-28 12:32:00,-22009.237789,-22.009237789,-7304.827706,-7355.970853,-7348.439230,768000,768000,1.000000000,1,2025-11-28 12:32:00.000000,2025-11-28 12:32:59.999922,1,BAYxx_xxxx_20251128_122951_000.7z
2025-11-28 12:33:00,-20644.473116,-20.644473116,-6863.348593,-6887.618510,-6893.506013,768000,768000,1.000000000,1,2025-11-28 12:33:00.000000,2025-11-28 12:33:59.999922,1,BAYxx_xxxx_20251128_122951_000.7z
2025-11-28 12:34:00,-13.874823,-0.013874823,-7.381814,-1.808515,-4.684494,768000,768000,1.000000000,1,2025-11-28 12:34:00.000000,2025-11-28 12:34:59.999922,1,BAYxx_xxxx_20251128_122951_000.7z
2025-11-28 12:35:00,-17.990576,-0.017990576,-6.381726,-6.663525,-4.945324,768000,768000,1.000000000,1,2025-11-28 12:35:00.000000,2025-11-28 12:35:59.999922,1,BAYxx_xxxx_20251128_122951_000.7z
2025-11-28 12:36:00,-2.715898,-0.002715898,2.772049,0.043343,-5.531290,768000,768000,1.000000000,1,2025-11-28 12:36:00.000000,2025-11-28 12:36:59.999922,1,BAYxx_xxxx_20251128_122951_000.7z
2025-11-28 12:37:00,-3708.686830,-3.708686830,-1241.647000,-1231.495410,-1235.544419,768000,768000,1.000000000,1,2025-11-28 12:37:00.000000,2025-11-28 12:37:59.999922,1,BAYxx_xxxx_20251128_122951_000.7z
2025-11-28 12:38:00,-21563.314079,-21.563314079,-7164.654286,-7195.357707,-7203.302085,768000,768000,1.000000000,1,2025-11-28 12:38:00.000000,2025-11-28 12:38:59.999922,1,BAYxx_xxxx_20251128_122951_000.7z
2025-11-28 12:39:00,-6755.599333,-6.755599333,-2241.612822,-2254.863798,-2259.122713,729651,768000,0.950066406,0,2025-11-28 12:39:00.000000,2025-11-28 12:39:59.999922,2,BAYxx_xxxx_20251128_122951_000.7z;BAYxx_xxxx_20251128_123954_000.7z
2025-11-28 12:40:00,-7.706598,-0.007706598,-0.548975,0.844017,-8.001640,768000,768000,1.000000000,1,2025-11-28 12:40:00.000000,2025-11-28 12:40:59.999922,1,BAYxx_xxxx_20251128_123954_000.7z
2025-11-28 12:41:00,-15.300995,-0.015300995,-4.022057,-5.766903,-5.512034,768000,768000,1.000000000,1,2025-11-28 12:41:00.000000,2025-11-28 12:41:59.999922,1,BAYxx_xxxx_20251128_123954_000.7z
2025-11-28 12:42:00,-28.637662,-0.028637662,-6.116863,-7.709587,-14.811212,768000,768000,1.000000000,1,2025-11-28 12:42:00.000000,2025-11-28 12:42:59.999922,1,BAYxx_xxxx_20251128_123954_000.7z
2025-11-28 12:43:00,-16895.730096,-16.895730096,-5625.004565,-5628.390250,-5642.335281,768000,768000,1.000000000,1,2025-11-28 12:43:00.000000,2025-11-28 12:43:59.999922,1,BAYxx_xxxx_20251128_123954_000.7z
2025-11-28 12:44:00,-21294.393514,-21.294393514,-7073.165435,-7100.443037,-7120.785043,768000,768000,1.000000000,1,2025-11-28 12:44:00.000000,2025-11-28 12:44:59.999922,1,BAYxx_xxxx_20251128_123954_000.7z
2025-11-28 12:45:00,-1151.082540,-1.151082540,-382.527431,-382.886996,-385.668112,768000,768000,1.000000000,1,2025-11-28 12:45:00.000000,2025-11-28 12:45:59.999922,1,BAYxx_xxxx_20251128_123954_000.7z
2025-11-28 12:46:00,-18.326629,-0.018326629,-5.820642,-6.157646,-6.348341,768000,768000,1.000000000,1,2025-11-28 12:46:00.000000,2025-11-28 12:46:59.999922,1,BAYxx_xxxx_20251128_123954_000.7z
2025-11-28 12:47:00,-8.930155,-0.008930155,-5.440381,0.081139,-3.570913,768000,768000,1.000000000,1,2025-11-28 12:47:00.000000,2025-11-28 12:47:59.999922,1,BAYxx_xxxx_20251128_123954_000.7z
2025-11-28 12:48:00,-1979.343236,-1.979343236,-663.273813,-656.011237,-660.058186,768000,768000,1.000000000,1,2025-11-28 12:48:00.000000,2025-11-28 12:48:59.999922,1,BAYxx_xxxx_20251128_123954_000.7z
2025-11-28 12:49:00,-20095.543789,-20.095543789,-6679.384298,-6703.395890,-6712.763602,729698,768000,0.950127604,0,2025-11-28 12:49:00.000000,2025-11-28 12:49:59.999922,2,BAYxx_xxxx_20251128_123954_000.7z;BAYxx_xxxx_20251128_124957_000.7z
2025-11-28 12:50:00,-11561.643908,-11.561643908,-3843.335510,-3856.658232,-3861.650166,768000,768000,1.000000000,1,2025-11-28 12:50:00.000000,2025-11-28 12:50:59.999922,1,BAYxx_xxxx_20251128_124957_000.7z
2025-11-28 12:51:00,-12.496400,-0.012496400,-3.849625,-3.319598,-5.327177,768000,768000,1.000000000,1,2025-11-28 12:51:00.000000,2025-11-28 12:51:59.999922,1,BAYxx_xxxx_20251128_124957_000.7z
2025-11-28 12:52:00,-12.582787,-0.012582787,-3.531965,1.493365,-10.544187,768000,768000,1.000000000,1,2025-11-28 12:52:00.000000,2025-11-28 12:52:59.999922,1,BAYxx_xxxx_20251128_124957_000.7z
2025-11-28 12:53:00,-4.547719,-0.004547719,-0.335630,-2.773939,-1.438150,768000,768000,1.000000000,1,2025-11-28 12:53:00.000000,2025-11-28 12:53:59.999922,1,BAYxx_xxxx_20251128_124957_000.7z
2025-11-28 12:54:00,-12007.643578,-12.007643578,-3999.480816,-3999.706108,-4008.456654,768000,768000,1.000000000,1,2025-11-28 12:54:00.000000,2025-11-28 12:54:59.999922,1,BAYxx_xxxx_20251128_124957_000.7z
2025-11-28 12:55:00,-20534.517455,-20.534517455,-6824.946547,-6849.829000,-6859.741907,768000,768000,1.000000000,1,2025-11-28 12:55:00.000000,2025-11-28 12:55:59.999922,1,BAYxx_xxxx_20251128_124957_000.7z
2025-11-28 12:56:00,-20510.228576,-20.510228576,-6828.354765,-6842.139205,-6839.734606,768000,768000,1.000000000,1,2025-11-28 12:56:00.000000,2025-11-28 12:56:59.999922,1,BAYxx_xxxx_20251128_124957_000.7z
2025-11-28 12:57:00,-247.365181,-0.247365181,-72.798813,-82.095995,-92.470374,768000,768000,1.000000000,1,2025-11-28 12:57:00.000000,2025-11-28 12:57:59.999922,1,BAYxx_xxxx_20251128_124957_000.7z
2025-11-28 12:58:00,-614.272761,-0.614272761,-202.606637,-198.656347,-213.009776,768000,768000,1.000000000,1,2025-11-28 12:58:00.000000,2025-11-28 12:58:59.999922,1,BAYxx_xxxx_20251128_124957_000.7z
2025-11-28 12:59:00,-18158.822219,-18.158822219,-6043.697116,-6052.310626,-6062.814478,729697,768000,0.950126302,0,2025-11-28 12:59:00.000000,2025-11-28 12:59:57.007500,1,BAYxx_xxxx_20251128_124957_000.7z
2025-11-28 13:00:00,-19803.272036,-19.803272036,-6588.547912,-6605.746489,-6608.977635,768000,768000,1.000000000,1,2025-11-28 13:00:00.000000,2025-11-28 13:00:59.999922,1,BAYxx_xxxx_20251128_130000_000.7z
2025-11-28 13:01:00,-19449.337042,-19.449337042,-6472.513454,-6483.664781,-6493.158807,768000,768000,1.000000000,1,2025-11-28 13:01:00.000000,2025-11-28 13:01:59.999922,1,BAYxx_xxxx_20251128_130000_000.7z
2025-11-28 13:02:00,-7951.493156,-7.951493156,-2643.916615,-2650.589538,-2656.987003,768000,768000,1.000000000,1,2025-11-28 13:02:00.000000,2025-11-28 13:02:59.999922,1,BAYxx_xxxx_20251128_130000_000.7z
2025-11-28 13:03:00,-2.829563,-0.002829563,0.397787,-0.371000,-2.856349,768000,768000,1.000000000,1,2025-11-28 13:03:00.000000,2025-11-28 13:03:59.999922,1,BAYxx_xxxx_20251128_130000_000.7z
2025-11-28 13:04:00,-10069.306078,-10.069306078,-3357.055212,-3351.135349,-3361.115517,768000,768000,1.000000000,1,2025-11-28 13:04:00.000000,2025-11-28 13:04:59.999922,1,BAYxx_xxxx_20251128_130000_000.7z
2025-11-28 13:05:00,-18202.351653,-18.202351653,-6056.656867,-6069.580247,-6076.114539,768000,768000,1.000000000,1,2025-11-28 13:05:00.000000,2025-11-28 13:05:59.999922,1,BAYxx_xxxx_20251128_130000_000.7z
2025-11-28 13:06:00,-18247.007618,-18.247007618,-6068.362844,-6088.509401,-6090.135373,768000,768000,1.000000000,1,2025-11-28 13:06:00.000000,2025-11-28 13:06:59.999922,1,BAYxx_xxxx_20251128_130000_000.7z
2025-11-28 13:07:00,-17921.450046,-17.921450046,-5952.728223,-5988.220440,-5980.501384,768000,768000,1.000000000,1,2025-11-28 13:07:00.000000,2025-11-28 13:07:59.999922,1,BAYxx_xxxx_20251128_130000_000.7z
2025-11-28 13:08:00,-3.495814,-0.003495814,5.025075,-5.820536,-2.700353,768000,768000,1.000000000,1,2025-11-28 13:08:00.000000,2025-11-28 13:08:59.999922,1,BAYxx_xxxx_20251128_130000_000.7z
2025-11-28 13:09:00,-13.110891,-0.013110891,0.258804,-6.211572,-7.158123,768000,768000,1.000000000,1,2025-11-28 13:09:00.000000,2025-11-28 13:09:59.999922,1,BAYxx_xxxx_20251128_130000_000.7z
2025-11-28 13:10:00,-16.845859,-0.016845859,-10.281658,-2.600759,-3.963442,742494,768000,0.966789062,0,2025-11-28 13:10:00.000000,2025-11-28 13:10:59.999922,2,BAYxx_xxxx_20251128_130000_000.7z;BAYxx_xxxx_20251128_131002_000.7z
2025-11-28 13:11:00,-2564.973898,-2.564973898,-852.633560,-852.588304,-859.752034,768000,768000,1.000000000,1,2025-11-28 13:11:00.000000,2025-11-28 13:11:59.999922,1,BAYxx_xxxx_20251128_131002_000.7z
2025-11-28 13:12:00,-17132.673105,-17.132673105,-5685.795784,-5723.264260,-5723.613061,768000,768000,1.000000000,1,2025-11-28 13:12:00.000000,2025-11-28 13:12:59.999922,1,BAYxx_xxxx_20251128_131002_000.7z
2025-11-28 13:13:00,-11127.365573,-11.127365573,-3702.510137,-3710.725406,-3714.130031,768000,768000,1.000000000,1,2025-11-28 13:13:00.000000,2025-11-28 13:13:59.999922,1,BAYxx_xxxx_20251128_131002_000.7z
2025-11-28 13:14:00,-6.651203,-0.006651203,1.823396,-3.668081,-4.806518,768000,768000,1.000000000,1,2025-11-28 13:14:00.000000,2025-11-28 13:14:59.999922,1,BAYxx_xxxx_20251128_131002_000.7z
2025-11-28 13:15:00,-5880.901361,-5.880901361,-1958.172348,-1954.858880,-1967.870133,768000,768000,1.000000000,1,2025-11-28 13:15:00.000000,2025-11-28 13:15:59.999922,1,BAYxx_xxxx_20251128_131002_000.7z
2025-11-28 13:16:00,-17142.801641,-17.142801641,-5701.070835,-5708.541777,-5733.189029,768000,768000,1.000000000,1,2025-11-28 13:16:00.000000,2025-11-28 13:16:59.999922,1,BAYxx_xxxx_20251128_131002_000.7z
2025-11-28 13:17:00,-17240.103017,-17.240103017,-5738.346558,-5743.678751,-5758.077707,768000,768000,1.000000000,1,2025-11-28 13:17:00.000000,2025-11-28 13:17:59.999922,1,BAYxx_xxxx_20251128_131002_000.7z
2025-11-28 13:18:00,-16682.185517,-16.682185517,-5560.258654,-5563.526461,-5558.400402,768000,768000,1.000000000,1,2025-11-28 13:18:00.000000,2025-11-28 13:18:59.999922,1,BAYxx_xxxx_20251128_131002_000.7z
2025-11-28 13:19:00,-4.802294,-0.004802294,2.134088,-2.417575,-4.518807,768000,768000,1.000000000,1,2025-11-28 13:19:00.000000,2025-11-28 13:19:59.999922,1,BAYxx_xxxx_20251128_131002_000.7z
2025-11-28 13:20:00,-555.391071,-0.555391071,-185.911574,-178.448617,-191.030881,716929,768000,0.933501302,0,2025-11-28 13:20:00.000000,2025-11-28 13:20:59.999922,2,BAYxx_xxxx_20251128_131002_000.7z;BAYxx_xxxx_20251128_132006_000.7z
2025-11-28 13:21:00,-14880.279790,-14.880279790,-4951.304647,-4961.683576,-4967.291567,768000,768000,1.000000000,1,2025-11-28 13:21:00.000000,2025-11-28 13:21:59.999922,1,BAYxx_xxxx_20251128_132006_000.7z
2025-11-28 13:22:00,-17015.717529,-17.015717529,-5656.861776,-5677.857402,-5680.998351,768000,768000,1.000000000,1,2025-11-28 13:22:00.000000,2025-11-28 13:22:59.999922,1,BAYxx_xxxx_20251128_132006_000.7z
2025-11-28 13:23:00,-16975.968872,-16.975968872,-5647.567995,-5659.673321,-5668.727555,768000,768000,1.000000000,1,2025-11-28 13:23:00.000000,2025-11-28 13:23:59.999922,1,BAYxx_xxxx_20251128_132006_000.7z
2025-11-28 13:24:00,-16856.297107,-16.856297107,-5605.541923,-5623.521353,-5627.233831,768000,768000,1.000000000,1,2025-11-28 13:24:00.000000,2025-11-28 13:24:59.999922,1,BAYxx_xxxx_20251128_132006_000.7z
2025-11-28 13:25:00,-5415.266319,-5.415266319,-1803.545333,-1803.959950,-1807.761036,768000,768000,1.000000000,1,2025-11-28 13:25:00.000000,2025-11-28 13:25:59.999922,1,BAYxx_xxxx_20251128_132006_000.7z
2025-11-28 13:26:00,-6.403738,-0.006403738,-4.172324,1.879213,-4.110627,768000,768000,1.000000000,1,2025-11-28 13:26:00.000000,2025-11-28 13:26:59.999922,1,BAYxx_xxxx_20251128_132006_000.7z
2025-11-28 13:27:00,-9761.058924,-9.761058924,-3257.948777,-3241.937204,-3261.172944,768000,768000,1.000000000,1,2025-11-28 13:27:00.000000,2025-11-28 13:27:59.999922,1,BAYxx_xxxx_20251128_132006_000.7z
2025-11-28 13:28:00,-16118.148906,-16.118148906,-5356.103121,-5376.222864,-5385.822921,768000,768000,1.000000000,1,2025-11-28 13:28:00.000000,2025-11-28 13:28:59.999922,1,BAYxx_xxxx_20251128_132006_000.7z
2025-11-28 13:29:00,-15826.500303,-15.826500303,-5268.653070,-5273.478956,-5284.368277,768000,768000,1.000000000,1,2025-11-28 13:29:00.000000,2025-11-28 13:29:59.999922,1,BAYxx_xxxx_20251128_132006_000.7z
2025-11-28 13:30:00,-13.897848,-0.013897848,-3.594441,-7.683009,-2.620398,729637,768000,0.950048177,0,2025-11-28 13:30:00.000000,2025-11-28 13:30:59.999922,2,BAYxx_xxxx_20251128_132006_000.7z;BAYxx_xxxx_20251128_133009_000.7z
2025-11-28 13:31:00,-607.341505,-0.607341505,-205.117079,-197.549368,-204.675058,768000,768000,1.000000000,1,2025-11-28 13:31:00.000000,2025-11-28 13:31:59.999922,1,BAYxx_xxxx_20251128_133009_000.7z
2025-11-28 13:32:00,-13497.237448,-13.497237448,-4494.683792,-4496.699427,-4505.854229,768000,768000,1.000000000,1,2025-11-28 13:32:00.000000,2025-11-28 13:32:59.999922,1,BAYxx_xxxx_20251128_133009_000.7z
2025-11-28 13:33:00,-15407.160682,-15.407160682,-5123.402499,-5135.346615,-5148.411568,768000,768000,1.000000000,1,2025-11-28 13:33:00.000000,2025-11-28 13:33:59.999922,1,BAYxx_xxxx_20251128_133009_000.7z
2025-11-28 13:34:00,-15487.896182,-15.487896182,-5162.949749,-5161.328555,-5163.617877,768000,768000,1.000000000,1,2025-11-28 13:34:00.000000,2025-11-28 13:34:59.999922,1,BAYxx_xxxx_20251128_133009_000.7z
2025-11-28 13:35:00,-9017.949385,-9.017949385,-3000.711722,-3008.217475,-3009.020188,768000,768000,1.000000000,1,2025-11-28 13:35:00.000000,2025-11-28 13:35:59.999922,1,BAYxx_xxxx_20251128_133009_000.7z
2025-11-28 13:36:00,-6.527133,-0.006527133,0.047155,-2.118623,-4.455665,768000,768000,1.000000000,1,2025-11-28 13:36:00.000000,2025-11-28 13:36:59.999922,1,BAYxx_xxxx_20251128_133009_000.7z
2025-11-28 13:37:00,-5835.159420,-5.835159420,-1947.898520,-1936.602141,-1950.658759,768000,768000,1.000000000,1,2025-11-28 13:37:00.000000,2025-11-28 13:37:59.999922,1,BAYxx_xxxx_20251128_133009_000.7z
2025-11-28 13:38:00,-13869.600804,-13.869600804,-4615.056748,-4617.805481,-4636.738575,768000,768000,1.000000000,1,2025-11-28 13:38:00.000000,2025-11-28 13:38:59.999922,1,BAYxx_xxxx_20251128_133009_000.7z
2025-11-28 13:39:00,-15126.104507,-15.126104507,-5039.251759,-5032.957433,-5053.895315,768000,768000,1.000000000,1,2025-11-28 13:39:00.000000,2025-11-28 13:39:59.999922,1,BAYxx_xxxx_20251128_133009_000.7z
2025-11-28 13:40:00,-15083.362928,-15.083362928,-5014.802546,-5031.184598,-5037.375783,716862,768000,0.933414063,0,2025-11-28 13:40:00.000000,2025-11-28 13:40:59.999922,2,BAYxx_xxxx_20251128_133009_000.7z;BAYxx_xxxx_20251128_134013_000.7z
2025-11-28 13:41:00,-1613.458564,-1.613458564,-532.447445,-538.690941,-542.320177,768000,768000,1.000000000,1,2025-11-28 13:41:00.000000,2025-11-28 13:41:59.999922,1,BAYxx_xxxx_20251128_134013_000.7z
2025-11-28 13:42:00,-161.040905,-0.161040905,-52.522214,-51.724088,-56.794602,768000,768000,1.000000000,1,2025-11-28 13:42:00.000000,2025-11-28 13:42:59.999922,1,BAYxx_xxxx_20251128_134013_000.7z
2025-11-28 13:43:00,-11868.166351,-11.868166351,-3954.625879,-3949.859292,-3963.681180,768000,768000,1.000000000,1,2025-11-28 13:43:00.000000,2025-11-28 13:43:59.999922,1,BAYxx_xxxx_20251128_134013_000.7z
2025-11-28 13:44:00,-14157.195450,-14.157195450,-4717.319187,-4713.606826,-4726.269437,768000,768000,1.000000000,1,2025-11-28 13:44:00.000000,2025-11-28 13:44:59.999922,1,BAYxx_xxxx_20251128_134013_000.7z
2025-11-28 13:45:00,-14652.091469,-14.652091469,-4883.110960,-4873.344912,-4895.635596,768000,768000,1.000000000,1,2025-11-28 13:45:00.000000,2025-11-28 13:45:59.999922,1,BAYxx_xxxx_20251128_134013_000.7z
2025-11-28 13:46:00,-14540.166706,-14.540166706,-4852.636016,-4834.442862,-4853.087828,768000,768000,1.000000000,1,2025-11-28 13:46:00.000000,2025-11-28 13:46:59.999922,1,BAYxx_xxxx_20251128_134013_000.7z
2025-11-28 13:47:00,-14503.522974,-14.503522974,-4835.457377,-4824.677607,-4843.387990,768000,768000,1.000000000,1,2025-11-28 13:47:00.000000,2025-11-28 13:47:59.999922,1,BAYxx_xxxx_20251128_134013_000.7z
2025-11-28 13:48:00,-14407.345124,-14.407345124,-4801.845435,-4796.291952,-4809.207738,768000,768000,1.000000000,1,2025-11-28 13:48:00.000000,2025-11-28 13:48:59.999922,1,BAYxx_xxxx_20251128_134013_000.7z
2025-11-28 13:49:00,-14363.017255,-14.363017255,-4781.585500,-4785.172198,-4796.259557,768000,768000,1.000000000,1,2025-11-28 13:49:00.000000,2025-11-28 13:49:59.999922,1,BAYxx_xxxx_20251128_134013_000.7z
2025-11-28 13:50:00,-14234.458845,-14.234458845,-4738.233265,-4744.410006,-4751.815574,729665,768000,0.950084635,0,2025-11-28 13:50:00.000000,2025-11-28 13:50:59.999922,2,BAYxx_xxxx_20251128_134013_000.7z;BAYxx_xxxx_20251128_135016_000.7z
2025-11-28 13:51:00,-14285.432772,-14.285432772,-4759.120549,-4762.356249,-4763.955974,768000,768000,1.000000000,1,2025-11-28 13:51:00.000000,2025-11-28 13:51:59.999922,1,BAYxx_xxxx_20251128_135016_000.7z
2025-11-28 13:52:00,-2823.368834,-2.823368834,-943.127050,-933.539169,-946.702615,768000,768000,1.000000000,1,2025-11-28 13:52:00.000000,2025-11-28 13:52:59.999922,1,BAYxx_xxxx_20251128_135016_000.7z
2025-11-28 13:53:00,18.955753,0.018955753,12.346701,12.558514,-5.949461,768000,768000,1.000000000,1,2025-11-28 13:53:00.000000,2025-11-28 13:53:59.999922,1,BAYxx_xxxx_20251128_135016_000.7z
2025-11-28 13:54:00,-10199.687992,-10.199687992,-3404.634781,-3394.318958,-3400.734253,768000,768000,1.000000000,1,2025-11-28 13:54:00.000000,2025-11-28 13:54:59.999922,1,BAYxx_xxxx_20251128_135016_000.7z
2025-11-28 13:55:00,-11995.296675,-11.995296675,-4001.493437,-3991.899883,-4001.903355,768000,768000,1.000000000,1,2025-11-28 13:55:00.000000,2025-11-28 13:55:59.999922,1,BAYxx_xxxx_20251128_135016_000.7z
2025-11-28 13:56:00,-11896.625535,-11.896625535,-3971.834923,-3961.004906,-3963.785706,768000,768000,1.000000000,1,2025-11-28 13:56:00.000000,2025-11-28 13:56:59.999922,1,BAYxx_xxxx_20251128_135016_000.7z
2025-11-28 13:57:00,-3245.422889,-3.245422889,-1082.965022,-1080.397912,-1082.059955,768000,768000,1.000000000,1,2025-11-28 13:57:00.000000,2025-11-28 13:57:59.999922,1,BAYxx_xxxx_20251128_135016_000.7z
2025-11-28 13:58:00,-6.456170,-0.006456170,-4.330717,-0.829083,-1.296369,768000,768000,1.000000000,1,2025-11-28 13:58:00.000000,2025-11-28 13:58:59.999922,1,BAYxx_xxxx_20251128_135016_000.7z
2025-11-28 13:59:00,-9032.471325,-9.032471325,-3016.311490,-3004.800397,-3011.359438,768000,768000,1.000000000,1,2025-11-28 13:59:00.000000,2025-11-28 13:59:59.999922,1,BAYxx_xxxx_20251128_135016_000.7z
2025-11-28 14:00:00,-11756.565146,-11.756565146,-3930.386404,-3910.512413,-3915.666328,729663,768000,0.950082031,0,2025-11-28 14:00:00.000000,2025-11-28 14:00:59.999922,2,BAYxx_xxxx_20251128_135016_000.7z;BAYxx_xxxx_20251128_140019_000.7z
2025-11-28 14:01:00,-11678.245730,-11.678245730,-3898.654136,-3881.671024,-3897.920570,768000,768000,1.000000000,1,2025-11-28 14:01:00.000000,2025-11-28 14:01:59.999922,1,BAYxx_xxxx_20251128_140019_000.7z
2025-11-28 14:02:00,-11633.302149,-11.633302149,-3878.832447,-3873.224975,-3881.244728,768000,768000,1.000000000,1,2025-11-28 14:02:00.000000,2025-11-28 14:02:59.999922,1,BAYxx_xxxx_20251128_140019_000.7z
2025-11-28 14:03:00,-11633.388539,-11.633388539,-3889.786978,-3869.548554,-3874.053006,768000,768000,1.000000000,1,2025-11-28 14:03:00.000000,2025-11-28 14:03:59.999922,1,BAYxx_xxxx_20251128_140019_000.7z
2025-11-28 14:04:00,-11564.820922,-11.564820922,-3870.252589,-3839.996467,-3854.571865,768000,768000,1.000000000,1,2025-11-28 14:04:00.000000,2025-11-28 14:04:59.999922,1,BAYxx_xxxx_20251128_140019_000.7z
2025-11-28 14:05:00,-11490.200302,-11.490200302,-3839.068659,-3823.034814,-3828.096829,768000,768000,1.000000000,1,2025-11-28 14:05:00.000000,2025-11-28 14:05:59.999922,1,BAYxx_xxxx_20251128_140019_000.7z
2025-11-28 14:06:00,-11475.874768,-11.475874768,-3826.622220,-3820.554265,-3828.698283,768000,768000,1.000000000,1,2025-11-28 14:06:00.000000,2025-11-28 14:06:59.999922,1,BAYxx_xxxx_20251128_140019_000.7z
2025-11-28 14:07:00,-11391.881959,-11.391881959,-3802.624394,-3792.043185,-3797.214380,768000,768000,1.000000000,1,2025-11-28 14:07:00.000000,2025-11-28 14:07:59.999922,1,BAYxx_xxxx_20251128_140019_000.7z
2025-11-28 14:08:00,-11277.855739,-11.277855739,-3766.732274,-3753.111671,-3758.011794,768000,768000,1.000000000,1,2025-11-28 14:08:00.000000,2025-11-28 14:08:59.999922,1,BAYxx_xxxx_20251128_140019_000.7z
2025-11-28 14:09:00,-11228.612590,-11.228612590,-3755.261647,-3730.209257,-3743.141686,768000,768000,1.000000000,1,2025-11-28 14:09:00.000000,2025-11-28 14:09:59.999922,1,BAYxx_xxxx_20251128_140019_000.7z
2025-11-28 14:10:00,-11175.907181,-11.175907181,-3735.613355,-3712.513585,-3727.780241,729671,768000,0.950092448,0,2025-11-28 14:10:00.000000,2025-11-28 14:10:59.999922,2,BAYxx_xxxx_20251128_140019_000.7z;BAYxx_xxxx_20251128_141022_000.7z
2025-11-28 14:11:00,-11052.229606,-11.052229606,-3688.037093,-3673.021307,-3691.171206,768000,768000,1.000000000,1,2025-11-28 14:11:00.000000,2025-11-28 14:11:59.999922,1,BAYxx_xxxx_20251128_141022_000.7z
2025-11-28 14:12:00,-11010.887106,-11.010887106,-3673.208860,-3665.160701,-3672.517544,768000,768000,1.000000000,1,2025-11-28 14:12:00.000000,2025-11-28 14:12:59.999922,1,BAYxx_xxxx_20251128_141022_000.7z
2025-11-28 14:13:00,-4688.479078,-4.688479078,-1556.532555,-1559.152424,-1572.794099,768000,768000,1.000000000,1,2025-11-28 14:13:00.000000,2025-11-28 14:13:59.999922,1,BAYxx_xxxx_20251128_141022_000.7z
2025-11-28 14:14:00,-4.280885,-0.004280885,0.833653,1.641837,-6.756375,768000,768000,1.000000000,1,2025-11-28 14:14:00.000000,2025-11-28 14:14:59.999922,1,BAYxx_xxxx_20251128_141022_000.7z
2025-11-28 14:15:00,-6900.979941,-6.900979941,-2302.705303,-2296.977812,-2301.296826,768000,768000,1.000000000,1,2025-11-28 14:15:00.000000,2025-11-28 14:15:59.999922,1,BAYxx_xxxx_20251128_141022_000.7z
2025-11-28 14:16:00,-10846.785099,-10.846785099,-3613.205027,-3612.615592,-3620.964480,768000,768000,1.000000000,1,2025-11-28 14:16:00.000000,2025-11-28 14:16:59.999922,1,BAYxx_xxxx_20251128_141022_000.7z
2025-11-28 14:17:00,-10859.469714,-10.859469714,-3624.261680,-3616.182100,-3619.025934,768000,768000,1.000000000,1,2025-11-28 14:17:00.000000,2025-11-28 14:17:59.999922,1,BAYxx_xxxx_20251128_141022_000.7z
2025-11-28 14:18:00,-8921.306854,-8.921306854,-2977.191559,-2977.180510,-2966.934785,768000,768000,1.000000000,1,2025-11-28 14:18:00.000000,2025-11-28 14:18:59.999922,1,BAYxx_xxxx_20251128_141022_000.7z
2025-11-28 14:19:00,-5.062018,-0.005062018,0.549559,-4.823265,-0.788312,768000,768000,1.000000000,1,2025-11-28 14:19:00.000000,2025-11-28 14:19:59.999922,1,BAYxx_xxxx_20251128_141022_000.7z
2025-11-28 14:20:00,-2258.955117,-2.258955117,-747.844466,-751.781602,-759.329049,729709,768000,0.950141927,0,2025-11-28 14:20:00.000000,2025-11-28 14:20:59.999922,2,BAYxx_xxxx_20251128_141022_000.7z;BAYxx_xxxx_20251128_142025_000.7z
2025-11-28 14:21:00,-11437.995860,-11.437995860,-3814.080845,-3810.944712,-3812.970303,768000,768000,1.000000000,1,2025-11-28 14:21:00.000000,2025-11-28 14:21:59.999922,1,BAYxx_xxxx_20251128_142025_000.7z
2025-11-28 14:22:00,-11441.965699,-11.441965699,-3818.825847,-3812.785020,-3810.354833,768000,768000,1.000000000,1,2025-11-28 14:22:00.000000,2025-11-28 14:22:59.999922,1,BAYxx_xxxx_20251128_142025_000.7z
2025-11-28 14:23:00,-11457.658120,-11.457658120,-3817.278576,-3826.929217,-3813.450327,768000,768000,1.000000000,1,2025-11-28 14:23:00.000000,2025-11-28 14:23:59.999922,1,BAYxx_xxxx_20251128_142025_000.7z
2025-11-28 14:24:00,-11431.967680,-11.431967680,-3815.175484,-3805.472422,-3811.319773,768000,768000,1.000000000,1,2025-11-28 14:24:00.000000,2025-11-28 14:24:59.999922,1,BAYxx_xxxx_20251128_142025_000.7z
2025-11-28 14:25:00,-11301.733718,-11.301733718,-3774.409823,-3767.452573,-3759.871322,768000,768000,1.000000000,1,2025-11-28 14:25:00.000000,2025-11-28 14:25:59.999922,1,BAYxx_xxxx_20251128_142025_000.7z
2025-11-28 14:26:00,-11243.838139,-11.243838139,-3748.029360,-3745.708150,-3750.100629,768000,768000,1.000000000,1,2025-11-28 14:26:00.000000,2025-11-28 14:26:59.999922,1,BAYxx_xxxx_20251128_142025_000.7z
2025-11-28 14:27:00,-11164.530995,-11.164530995,-3725.722674,-3719.124701,-3719.683619,768000,768000,1.000000000,1,2025-11-28 14:27:00.000000,2025-11-28 14:27:59.999922,1,BAYxx_xxxx_20251128_142025_000.7z
2025-11-28 14:28:00,-9702.244817,-9.702244817,-3230.027184,-3238.218966,-3233.998667,768000,768000,1.000000000,1,2025-11-28 14:28:00.000000,2025-11-28 14:28:59.999922,1,BAYxx_xxxx_20251128_142025_000.7z
2025-11-28 14:29:00,-8.238639,-0.008238639,-0.320499,-1.963742,-5.954397,768000,768000,1.000000000,1,2025-11-28 14:29:00.000000,2025-11-28 14:29:59.999922,1,BAYxx_xxxx_20251128_142025_000.7z
2025-11-28 14:30:00,-1679.141394,-1.679141394,-559.755722,-557.235437,-562.150236,742454,768000,0.966736979,0,2025-11-28 14:30:00.000000,2025-11-28 14:30:59.999922,2,BAYxx_xxxx_20251128_142025_000.7z;BAYxx_xxxx_20251128_143027_000.7z
2025-11-28 14:31:00,-10705.188711,-10.705188711,-3570.812529,-3563.554582,-3570.821600,768000,768000,1.000000000,1,2025-11-28 14:31:00.000000,2025-11-28 14:31:59.999922,1,BAYxx_xxxx_20251128_143027_000.7z
2025-11-28 14:32:00,-10687.957010,-10.687957010,-3563.712412,-3556.596169,-3567.648428,768000,768000,1.000000000,1,2025-11-28 14:32:00.000000,2025-11-28 14:32:59.999922,1,BAYxx_xxxx_20251128_143027_000.7z
2025-11-28 14:33:00,-10616.367756,-10.616367756,-3542.006474,-3535.162331,-3539.198951,768000,768000,1.000000000,1,2025-11-28 14:33:00.000000,2025-11-28 14:33:59.999922,1,BAYxx_xxxx_20251128_143027_000.7z
2025-11-28 14:34:00,-10494.609338,-10.494609338,-3500.119531,-3495.336205,-3499.153602,768000,768000,1.000000000,1,2025-11-28 14:34:00.000000,2025-11-28 14:34:59.999922,1,BAYxx_xxxx_20251128_143027_000.7z
2025-11-28 14:35:00,-10409.108094,-10.409108094,-3471.703021,-3465.751249,-3471.653824,768000,768000,1.000000000,1,2025-11-28 14:35:00.000000,2025-11-28 14:35:59.999922,1,BAYxx_xxxx_20251128_143027_000.7z
2025-11-28 14:36:00,-10348.970746,-10.348970746,-3453.389647,-3443.813234,-3451.767864,768000,768000,1.000000000,1,2025-11-28 14:36:00.000000,2025-11-28 14:36:59.999922,1,BAYxx_xxxx_20251128_143027_000.7z
2025-11-28 14:37:00,-10295.954971,-10.295954971,-3429.984764,-3429.628817,-3436.341390,768000,768000,1.000000000,1,2025-11-28 14:37:00.000000,2025-11-28 14:37:59.999922,1,BAYxx_xxxx_20251128_143027_000.7z
2025-11-28 14:38:00,-10212.862276,-10.212862276,-3407.541084,-3401.404611,-3403.916581,768000,768000,1.000000000,1,2025-11-28 14:38:00.000000,2025-11-28 14:38:59.999922,1,BAYxx_xxxx_20251128_143027_000.7z
2025-11-28 14:39:00,-10115.601529,-10.115601529,-3371.536864,-3371.112218,-3372.952448,768000,768000,1.000000000,1,2025-11-28 14:39:00.000000,2025-11-28 14:39:59.999922,1,BAYxx_xxxx_20251128_143027_000.7z
2025-11-28 14:40:00,-10044.645986,-10.044645986,-3355.608709,-3343.558157,-3345.479121,716861,768000,0.933412760,0,2025-11-28 14:40:00.000000,2025-11-28 14:40:59.999922,2,BAYxx_xxxx_20251128_143027_000.7z;BAYxx_xxxx_20251128_144031_000.7z
2025-11-28 14:41:00,-9946.223050,-9.946223050,-3314.069734,-3313.823150,-3318.330167,768000,768000,1.000000000,1,2025-11-28 14:41:00.000000,2025-11-28 14:41:59.999922,1,BAYxx_xxxx_20251128_144031_000.7z
2025-11-28 14:42:00,-9912.353849,-9.912353849,-3303.857607,-3303.323367,-3305.172875,768000,768000,1.000000000,1,2025-11-28 14:42:00.000000,2025-11-28 14:42:59.999922,1,BAYxx_xxxx_20251128_144031_000.7z
2025-11-28 14:43:00,-9799.987598,-9.799987598,-3266.587296,-3270.934219,-3262.466083,768000,768000,1.000000000,1,2025-11-28 14:43:00.000000,2025-11-28 14:43:59.999922,1,BAYxx_xxxx_20251128_144031_000.7z
2025-11-28 14:44:00,-9723.637409,-9.723637409,-3244.370654,-3240.601863,-3238.664892,768000,768000,1.000000000,1,2025-11-28 14:44:00.000000,2025-11-28 14:44:59.999922,1,BAYxx_xxxx_20251128_144031_000.7z
2025-11-28 14:45:00,-9634.661725,-9.634661725,-3214.621537,-3213.856211,-3206.183977,768000,768000,1.000000000,1,2025-11-28 14:45:00.000000,2025-11-28 14:45:59.999922,1,BAYxx_xxxx_20251128_144031_000.7z
2025-11-28 14:46:00,-9535.888544,-9.535888544,-3190.693915,-3175.698328,-3169.496301,768000,768000,1.000000000,1,2025-11-28 14:46:00.000000,2025-11-28 14:46:59.999922,1,BAYxx_xxxx_20251128_144031_000.7z
2025-11-28 14:47:00,-9424.312851,-9.424312851,-3148.787169,-3136.478404,-3139.047278,768000,768000,1.000000000,1,2025-11-28 14:47:00.000000,2025-11-28 14:47:59.999922,1,BAYxx_xxxx_20251128_144031_000.7z
2025-11-28 14:48:00,-9309.199117,-9.309199117,-3112.018464,-3095.227562,-3101.953091,768000,768000,1.000000000,1,2025-11-28 14:48:00.000000,2025-11-28 14:48:59.999922,1,BAYxx_xxxx_20251128_144031_000.7z
2025-11-28 14:49:00,-9243.223933,-9.243223933,-3089.065572,-3073.735807,-3080.422554,768000,768000,1.000000000,1,2025-11-28 14:49:00.000000,2025-11-28 14:49:59.999922,1,BAYxx_xxxx_20251128_144031_000.7z
2025-11-28 14:50:00,-9151.377375,-9.151377375,-3057.023742,-3047.515194,-3046.838439,742538,768000,0.966846354,0,2025-11-28 14:50:00.000000,2025-11-28 14:50:59.999922,2,BAYxx_xxxx_20251128_144031_000.7z;BAYxx_xxxx_20251128_145033_000.7z
2025-11-28 14:51:00,-9109.090670,-9.109090670,-3042.915510,-3032.143817,-3034.031344,768000,768000,1.000000000,1,2025-11-28 14:51:00.000000,2025-11-28 14:51:59.999922,1,BAYxx_xxxx_20251128_145033_000.7z
2025-11-28 14:52:00,-9026.742212,-9.026742212,-3013.621065,-3006.635346,-3006.485800,768000,768000,1.000000000,1,2025-11-28 14:52:00.000000,2025-11-28 14:52:59.999922,1,BAYxx_xxxx_20251128_145033_000.7z
2025-11-28 14:53:00,-8977.337501,-8.977337501,-2993.638673,-2997.938495,-2985.760333,768000,768000,1.000000000,1,2025-11-28 14:53:00.000000,2025-11-28 14:53:59.999922,1,BAYxx_xxxx_20251128_145033_000.7z
2025-11-28 14:54:00,-8870.418959,-8.870418959,-2963.423685,-2947.294430,-2959.700844,768000,768000,1.000000000,1,2025-11-28 14:54:00.000000,2025-11-28 14:54:59.999922,1,BAYxx_xxxx_20251128_145033_000.7z
2025-11-28 14:55:00,-8801.151042,-8.801151042,-2945.491120,-2924.502210,-2931.157712,768000,768000,1.000000000,1,2025-11-28 14:55:00.000000,2025-11-28 14:55:59.999922,1,BAYxx_xxxx_20251128_145033_000.7z
2025-11-28 14:56:00,-8718.558345,-8.718558345,-2913.346871,-2901.755562,-2903.455912,768000,768000,1.000000000,1,2025-11-28 14:56:00.000000,2025-11-28 14:56:59.999922,1,BAYxx_xxxx_20251128_145033_000.7z
2025-11-28 14:57:00,-8593.999009,-8.593999009,-2876.581410,-2855.707674,-2861.709925,768000,768000,1.000000000,1,2025-11-28 14:57:00.000000,2025-11-28 14:57:59.999922,1,BAYxx_xxxx_20251128_145033_000.7z
2025-11-28 14:58:00,-8496.181542,-8.496181542,-2837.736738,-2831.027803,-2827.417001,768000,768000,1.000000000,1,2025-11-28 14:58:00.000000,2025-11-28 14:58:59.999922,1,BAYxx_xxxx_20251128_145033_000.7z
2025-11-28 14:59:00,-8367.778250,-8.367778250,-2796.619782,-2785.028901,-2786.129566,768000,768000,1.000000000,1,2025-11-28 14:59:00.000000,2025-11-28 14:59:59.999922,1,BAYxx_xxxx_20251128_145033_000.7z
2025-11-28 15:00:00,-8179.083812,-8.179083812,-2732.678731,-2718.033811,-2728.371271,716831,768000,0.933373698,0,2025-11-28 15:00:00.000000,2025-11-28 15:00:59.999922,2,BAYxx_xxxx_20251128_145033_000.7z;BAYxx_xxxx_20251128_150037_000.7z
2025-11-28 15:01:00,-7848.628838,-7.848628838,-2622.159893,-2611.316666,-2615.152279,768000,768000,1.000000000,1,2025-11-28 15:01:00.000000,2025-11-28 15:01:59.999922,1,BAYxx_xxxx_20251128_150037_000.7z
2025-11-28 15:02:00,-7555.398801,-7.555398801,-2524.748237,-2515.215586,-2515.434978,768000,768000,1.000000000,1,2025-11-28 15:02:00.000000,2025-11-28 15:02:59.999922,1,BAYxx_xxxx_20251128_150037_000.7z
2025-11-28 15:03:00,-7375.106261,-7.375106261,-2466.935943,-2455.287140,-2452.883177,768000,768000,1.000000000,1,2025-11-28 15:03:00.000000,2025-11-28 15:03:59.999922,1,BAYxx_xxxx_20251128_150037_000.7z
2025-11-28 15:04:00,-7209.684183,-7.209684183,-2408.305460,-2399.853852,-2401.524870,768000,768000,1.000000000,1,2025-11-28 15:04:00.000000,2025-11-28 15:04:59.999922,1,BAYxx_xxxx_20251128_150037_000.7z
2025-11-28 15:05:00,-7064.890746,-7.064890746,-2362.891531,-2356.202212,-2345.797004,768000,768000,1.000000000,1,2025-11-28 15:05:00.000000,2025-11-28 15:05:59.999922,1,BAYxx_xxxx_20251128_150037_000.7z
2025-11-28 15:06:00,-7018.979692,-7.018979692,-2337.614425,-2341.110937,-2340.254330,768000,768000,1.000000000,1,2025-11-28 15:06:00.000000,2025-11-28 15:06:59.999922,1,BAYxx_xxxx_20251128_150037_000.7z
2025-11-28 15:07:00,-7056.191380,-7.056191380,-2349.932534,-2351.823388,-2354.435458,768000,768000,1.000000000,1,2025-11-28 15:07:00.000000,2025-11-28 15:07:59.999922,1,BAYxx_xxxx_20251128_150037_000.7z
2025-11-28 15:08:00,-6851.970244,-6.851970244,-2281.224329,-2285.732612,-2285.013304,768000,768000,1.000000000,1,2025-11-28 15:08:00.000000,2025-11-28 15:08:59.999922,1,BAYxx_xxxx_20251128_150037_000.7z
2025-11-28 15:09:00,-6557.433709,-6.557433709,-2187.785951,-2183.884611,-2185.763146,768000,768000,1.000000000,1,2025-11-28 15:09:00.000000,2025-11-28 15:09:59.999922,1,BAYxx_xxxx_20251128_150037_000.7z
2025-11-28 15:10:00,-6225.297053,-6.225297053,-2071.577330,-2076.326374,-2077.393349,755322,768000,0.983492188,0,2025-11-28 15:10:00.000000,2025-11-28 15:10:59.999922,2,BAYxx_xxxx_20251128_150037_000.7z;BAYxx_xxxx_20251128_151038_000.7z
2025-11-28 15:11:00,-5940.325296,-5.940325296,-1982.481676,-1974.163375,-1983.680245,768000,768000,1.000000000,1,2025-11-28 15:11:00.000000,2025-11-28 15:11:59.999922,1,BAYxx_xxxx_20251128_151038_000.7z
2025-11-28 15:12:00,-5696.741896,-5.696741896,-1891.306974,-1900.586397,-1904.848525,768000,768000,1.000000000,1,2025-11-28 15:12:00.000000,2025-11-28 15:12:59.999922,1,BAYxx_xxxx_20251128_151038_000.7z
2025-11-28 15:13:00,-5448.117379,-5.448117379,-1816.030465,-1817.522389,-1814.564524,768000,768000,1.000000000,1,2025-11-28 15:13:00.000000,2025-11-28 15:13:59.999922,1,BAYxx_xxxx_20251128_151038_000.7z
2025-11-28 15:14:00,-5306.372642,-5.306372642,-1766.994939,-1765.564074,-1773.813629,768000,768000,1.000000000,1,2025-11-28 15:14:00.000000,2025-11-28 15:14:59.999922,1,BAYxx_xxxx_20251128_151038_000.7z
2025-11-28 15:15:00,-5235.700524,-5.235700524,-1749.318863,-1740.489665,-1745.891996,768000,768000,1.000000000,1,2025-11-28 15:15:00.000000,2025-11-28 15:15:59.999922,1,BAYxx_xxxx_20251128_151038_000.7z
2025-11-28 15:16:00,-5424.226746,-5.424226746,-1812.686184,-1808.274335,-1803.266227,768000,768000,1.000000000,1,2025-11-28 15:16:00.000000,2025-11-28 15:16:59.999922,1,BAYxx_xxxx_20251128_151038_000.7z
2025-11-28 15:17:00,-5273.763447,-5.273763447,-1759.409685,-1754.777956,-1759.575807,768000,768000,1.000000000,1,2025-11-28 15:17:00.000000,2025-11-28 15:17:59.999922,1,BAYxx_xxxx_20251128_151038_000.7z
2025-11-28 15:18:00,-5127.592782,-5.127592782,-1712.608179,-1705.765293,-1709.219310,768000,768000,1.000000000,1,2025-11-28 15:18:00.000000,2025-11-28 15:18:59.999922,1,BAYxx_xxxx_20251128_151038_000.7z
2025-11-28 15:19:00,-4929.116196,-4.929116196,-1644.665628,-1638.289520,-1646.161048,768000,768000,1.000000000,1,2025-11-28 15:19:00.000000,2025-11-28 15:19:59.999922,1,BAYxx_xxxx_20251128_151038_000.7z
2025-11-28 15:20:00,-4743.791929,-4.743791929,-1582.148812,-1581.442940,-1580.200177,729631,768000,0.950040365,0,2025-11-28 15:20:00.000000,2025-11-28 15:20:59.999922,2,BAYxx_xxxx_20251128_151038_000.7z;BAYxx_xxxx_20251128_152041_000.7z
2025-11-28 15:21:00,-4592.944170,-4.592944170,-1529.219176,-1534.796326,-1528.928669,768000,768000,1.000000000,1,2025-11-28 15:21:00.000000,2025-11-28 15:21:59.999922,1,BAYxx_xxxx_20251128_152041_000.7z
2025-11-28 15:22:00,-4405.167439,-4.405167439,-1463.930731,-1468.877188,-1472.359520,768000,768000,1.000000000,1,2025-11-28 15:22:00.000000,2025-11-28 15:22:59.999922,1,BAYxx_xxxx_20251128_152041_000.7z
2025-11-28 15:23:00,-4218.529448,-4.218529448,-1404.078893,-1406.679561,-1407.770995,768000,768000,1.000000000,1,2025-11-28 15:23:00.000000,2025-11-28 15:23:59.999922,1,BAYxx_xxxx_20251128_152041_000.7z
2025-11-28 15:24:00,-3986.873405,-3.986873405,-1331.290101,-1326.354610,-1329.228694,768000,768000,1.000000000,1,2025-11-28 15:24:00.000000,2025-11-28 15:24:59.999922,1,BAYxx_xxxx_20251128_152041_000.7z
2025-11-28 15:25:00,-3828.558224,-3.828558224,-1276.875719,-1273.597135,-1278.085370,768000,768000,1.000000000,1,2025-11-28 15:25:00.000000,2025-11-28 15:25:59.999922,1,BAYxx_xxxx_20251128_152041_000.7z
2025-11-28 15:26:00,-3646.553052,-3.646553052,-1217.358974,-1213.316223,-1215.877856,768000,768000,1.000000000,1,2025-11-28 15:26:00.000000,2025-11-28 15:26:59.999922,1,BAYxx_xxxx_20251128_152041_000.7z
2025-11-28 15:27:00,-3428.804984,-3.428804984,-1149.172112,-1139.885066,-1139.747806,768000,768000,1.000000000,1,2025-11-28 15:27:00.000000,2025-11-28 15:27:59.999922,1,BAYxx_xxxx_20251128_152041_000.7z
2025-11-28 15:28:00,-3276.538159,-3.276538159,-1096.489824,-1087.104776,-1092.943558,768000,768000,1.000000000,1,2025-11-28 15:28:00.000000,2025-11-28 15:28:59.999922,1,BAYxx_xxxx_20251128_152041_000.7z
2025-11-28 15:29:00,-3010.051966,-3.010051966,-1010.834810,-996.624612,-1002.592544,768000,768000,1.000000000,1,2025-11-28 15:29:00.000000,2025-11-28 15:29:59.999922,1,BAYxx_xxxx_20251128_152041_000.7z
2025-11-28 15:30:00,-2739.800996,-2.739800996,-921.793136,-907.520091,-910.487768,729726,768000,0.950164062,0,2025-11-28 15:30:00.000000,2025-11-28 15:30:59.999922,2,BAYxx_xxxx_20251128_152041_000.7z;BAYxx_xxxx_20251128_153044_000.7z
2025-11-28 15:31:00,-2599.642826,-2.599642826,-872.449427,-860.615597,-866.577802,768000,768000,1.000000000,1,2025-11-28 15:31:00.000000,2025-11-28 15:31:59.999922,1,BAYxx_xxxx_20251128_153044_000.7z
2025-11-28 15:32:00,-2419.720009,-2.419720009,-813.050534,-800.768565,-805.900909,768000,768000,1.000000000,1,2025-11-28 15:32:00.000000,2025-11-28 15:32:59.999922,1,BAYxx_xxxx_20251128_153044_000.7z
2025-11-28 15:33:00,-2249.281176,-2.249281176,-754.891568,-745.179632,-749.209975,768000,768000,1.000000000,1,2025-11-28 15:33:00.000000,2025-11-28 15:33:59.999922,1,BAYxx_xxxx_20251128_153044_000.7z
2025-11-28 15:34:00,-2068.983381,-2.068983381,-698.303190,-682.824076,-687.856115,768000,768000,1.000000000,1,2025-11-28 15:34:00.000000,2025-11-28 15:34:59.999922,1,BAYxx_xxxx_20251128_153044_000.7z
2025-11-28 15:35:00,-1940.764848,-1.940764848,-653.031766,-640.343723,-647.389360,768000,768000,1.000000000,1,2025-11-28 15:35:00.000000,2025-11-28 15:35:59.999922,1,BAYxx_xxxx_20251128_153044_000.7z
2025-11-28 15:36:00,-1751.246421,-1.751246421,-588.329210,-577.308360,-585.608852,768000,768000,1.000000000,1,2025-11-28 15:36:00.000000,2025-11-28 15:36:59.999922,1,BAYxx_xxxx_20251128_153044_000.7z
2025-11-28 15:37:00,-1522.677795,-1.522677795,-517.442630,-503.292018,-501.943147,768000,768000,1.000000000,1,2025-11-28 15:37:00.000000,2025-11-28 15:37:59.999922,1,BAYxx_xxxx_20251128_153044_000.7z
2025-11-28 15:38:00,-1402.225876,-1.402225876,-481.705969,-461.539973,-458.979934,768000,768000,1.000000000,1,2025-11-28 15:38:00.000000,2025-11-28 15:38:59.999922,1,BAYxx_xxxx_20251128_153044_000.7z
2025-11-28 15:39:00,-1343.691838,-1.343691838,-457.652868,-443.463674,-442.575297,768000,768000,1.000000000,1,2025-11-28 15:39:00.000000,2025-11-28 15:39:59.999922,1,BAYxx_xxxx_20251128_153044_000.7z
2025-11-28 15:40:00,-1348.541700,-1.348541700,-459.396004,-444.372879,-444.772816,716842,768000,0.933388021,0,2025-11-28 15:40:00.000000,2025-11-28 15:40:59.999922,2,BAYxx_xxxx_20251128_153044_000.7z;BAYxx_xxxx_20251128_154048_000.7z
2025-11-28 15:41:00,-1383.720786,-1.383720786,-468.891583,-457.868904,-456.960300,768000,768000,1.000000000,1,2025-11-28 15:41:00.000000,2025-11-28 15:41:59.999922,1,BAYxx_xxxx_20251128_154048_000.7z
2025-11-28 15:42:00,-1414.176214,-1.414176214,-482.334185,-463.726130,-468.115899,768000,768000,1.000000000,1,2025-11-28 15:42:00.000000,2025-11-28 15:42:59.999922,1,BAYxx_xxxx_20251128_154048_000.7z
2025-11-28 15:43:00,-1429.271859,-1.429271859,-488.184465,-469.147051,-471.940343,768000,768000,1.000000000,1,2025-11-28 15:43:00.000000,2025-11-28 15:43:59.999922,1,BAYxx_xxxx_20251128_154048_000.7z
2025-11-28 15:44:00,-1436.461949,-1.436461949,-483.695728,-475.763525,-477.002696,768000,768000,1.000000000,1,2025-11-28 15:44:00.000000,2025-11-28 15:44:59.999922,1,BAYxx_xxxx_20251128_154048_000.7z
2025-11-28 15:45:00,-1447.766233,-1.447766233,-493.482862,-474.739670,-479.543700,768000,768000,1.000000000,1,2025-11-28 15:45:00.000000,2025-11-28 15:45:59.999922,1,BAYxx_xxxx_20251128_154048_000.7z
2025-11-28 15:46:00,-1450.451060,-1.450451060,-491.797302,-477.121015,-481.532743,768000,768000,1.000000000,1,2025-11-28 15:46:00.000000,2025-11-28 15:46:59.999922,1,BAYxx_xxxx_20251128_154048_000.7z
2025-11-28 15:47:00,-1470.988725,-1.470988725,-497.933928,-483.100297,-489.954500,768000,768000,1.000000000,1,2025-11-28 15:47:00.000000,2025-11-28 15:47:59.999922,1,BAYxx_xxxx_20251128_154048_000.7z
2025-11-28 15:48:00,-1482.026612,-1.482026612,-499.185202,-488.354032,-494.487378,768000,768000,1.000000000,1,2025-11-28 15:48:00.000000,2025-11-28 15:48:59.999922,1,BAYxx_xxxx_20251128_154048_000.7z
2025-11-28 15:49:00,-1489.703758,-1.489703758,-499.158981,-491.090185,-499.454593,768000,768000,1.000000000,1,2025-11-28 15:49:00.000000,2025-11-28 15:49:59.999922,1,BAYxx_xxxx_20251128_154048_000.7z
2025-11-28 15:50:00,-1503.004987,-1.503004987,-511.174471,-493.475856,-498.354660,742428,768000,0.966703125,0,2025-11-28 15:50:00.000000,2025-11-28 15:50:59.999922,2,BAYxx_xxxx_20251128_154048_000.7z;BAYxx_xxxx_20251128_155050_000.7z
2025-11-28 15:51:00,-1517.357516,-1.517357516,-514.163414,-497.044519,-506.149583,768000,768000,1.000000000,1,2025-11-28 15:51:00.000000,2025-11-28 15:51:59.999922,1,BAYxx_xxxx_20251128_155050_000.7z
2025-11-28 15:52:00,-1530.403536,-1.530403536,-517.520826,-505.873905,-507.008805,768000,768000,1.000000000,1,2025-11-28 15:52:00.000000,2025-11-28 15:52:59.999922,1,BAYxx_xxxx_20251128_155050_000.7z
2025-11-28 15:53:00,-1538.950158,-1.538950158,-519.699825,-508.702364,-510.547969,768000,768000,1.000000000,1,2025-11-28 15:53:00.000000,2025-11-28 15:53:59.999922,1,BAYxx_xxxx_20251128_155050_000.7z
2025-11-28 15:54:00,-1549.477230,-1.549477230,-525.262632,-510.562307,-513.652291,768000,768000,1.000000000,1,2025-11-28 15:54:00.000000,2025-11-28 15:54:59.999922,1,BAYxx_xxxx_20251128_155050_000.7z
2025-11-28 15:55:00,-1530.906563,-1.530906563,-519.395671,-499.136170,-512.374722,768000,768000,1.000000000,1,2025-11-28 15:55:00.000000,2025-11-28 15:55:59.999922,1,BAYxx_xxxx_20251128_155050_000.7z
2025-11-28 15:56:00,-1548.553279,-1.548553279,-521.675314,-511.482933,-515.395033,768000,768000,1.000000000,1,2025-11-28 15:56:00.000000,2025-11-28 15:56:59.999922,1,BAYxx_xxxx_20251128_155050_000.7z
2025-11-28 15:57:00,-1571.583560,-1.571583560,-527.654240,-521.901623,-522.027698,768000,768000,1.000000000,1,2025-11-28 15:57:00.000000,2025-11-28 15:57:59.999922,1,BAYxx_xxxx_20251128_155050_000.7z
2025-11-28 15:58:00,-1567.327414,-1.567327414,-529.762571,-516.007245,-521.557598,768000,768000,1.000000000,1,2025-11-28 15:58:00.000000,2025-11-28 15:58:59.999922,1,BAYxx_xxxx_20251128_155050_000.7z
2025-11-28 15:59:00,-1569.701036,-1.569701036,-527.463591,-521.477725,-520.759720,768000,768000,1.000000000,1,2025-11-28 15:59:00.000000,2025-11-28 15:59:59.999922,1,BAYxx_xxxx_20251128_155050_000.7z
2025-11-28 16:00:00,-1563.829334,-1.563829334,-526.899208,-515.807038,-521.123088,716908,768000,0.933473958,0,2025-11-28 16:00:00.000000,2025-11-28 16:00:59.999922,2,BAYxx_xxxx_20251128_155050_000.7z;BAYxx_xxxx_20251128_160054_000.7z
2025-11-28 16:01:00,-1561.760450,-1.561760450,-526.791099,-514.057984,-520.911367,768000,768000,1.000000000,1,2025-11-28 16:01:00.000000,2025-11-28 16:01:59.999922,1,BAYxx_xxxx_20251128_160054_000.7z
2025-11-28 16:02:00,-1558.803586,-1.558803586,-520.250859,-518.815991,-519.736736,768000,768000,1.000000000,1,2025-11-28 16:02:00.000000,2025-11-28 16:02:59.999922,1,BAYxx_xxxx_20251128_160054_000.7z
2025-11-28 16:03:00,-1555.532513,-1.555532513,-522.154602,-516.264987,-517.112924,768000,768000,1.000000000,1,2025-11-28 16:03:00.000000,2025-11-28 16:03:59.999922,1,BAYxx_xxxx_20251128_160054_000.7z
2025-11-28 16:04:00,-1546.709731,-1.546709731,-513.320245,-514.979809,-518.409676,768000,768000,1.000000000,1,2025-11-28 16:04:00.000000,2025-11-28 16:04:59.999922,1,BAYxx_xxxx_20251128_160054_000.7z
2025-11-28 16:05:00,-1544.262732,-1.544262732,-514.459203,-515.145972,-514.657558,768000,768000,1.000000000,1,2025-11-28 16:05:00.000000,2025-11-28 16:05:59.999922,1,BAYxx_xxxx_20251128_160054_000.7z
2025-11-28 16:06:00,-1534.107922,-1.534107922,-511.210740,-509.936394,-512.960788,768000,768000,1.000000000,1,2025-11-28 16:06:00.000000,2025-11-28 16:06:59.999922,1,BAYxx_xxxx_20251128_160054_000.7z
2025-11-28 16:07:00,-1514.245296,-1.514245296,-504.342899,-504.985953,-504.916444,768000,768000,1.000000000,1,2025-11-28 16:07:00.000000,2025-11-28 16:07:59.999922,1,BAYxx_xxxx_20251128_160054_000.7z
2025-11-28 16:08:00,-1504.596725,-1.504596725,-504.256628,-497.330052,-503.010045,768000,768000,1.000000000,1,2025-11-28 16:08:00.000000,2025-11-28 16:08:59.999922,1,BAYxx_xxxx_20251128_160054_000.7z
2025-11-28 16:09:00,-1508.465119,-1.508465119,-503.867878,-502.985016,-501.612226,768000,768000,1.000000000,1,2025-11-28 16:09:00.000000,2025-11-28 16:09:59.999922,1,BAYxx_xxxx_20251128_160054_000.7z
2025-11-28 16:10:00,-1489.870617,-1.489870617,-496.701659,-496.020285,-497.148673,729625,768000,0.950032552,0,2025-11-28 16:10:00.000000,2025-11-28 16:10:59.999922,2,BAYxx_xxxx_20251128_160054_000.7z;BAYxx_xxxx_20251128_161057_000.7z
2025-11-28 16:11:00,-1466.694385,-1.466694385,-484.731153,-490.580354,-491.382879,768000,768000,1.000000000,1,2025-11-28 16:11:00.000000,2025-11-28 16:11:59.999922,1,BAYxx_xxxx_20251128_161057_000.7z
2025-11-28 16:12:00,-1443.693667,-1.443693667,-480.416498,-478.365782,-484.911387,768000,768000,1.000000000,1,2025-11-28 16:12:00.000000,2025-11-28 16:12:59.999922,1,BAYxx_xxxx_20251128_161057_000.7z
2025-11-28 16:13:00,-1416.010500,-1.416010500,-467.854630,-473.498454,-474.657416,768000,768000,1.000000000,1,2025-11-28 16:13:00.000000,2025-11-28 16:13:59.999922,1,BAYxx_xxxx_20251128_161057_000.7z
2025-11-28 16:14:00,-1407.152082,-1.407152082,-471.051488,-465.593596,-470.506998,768000,768000,1.000000000,1,2025-11-28 16:14:00.000000,2025-11-28 16:14:59.999922,1,BAYxx_xxxx_20251128_161057_000.7z
2025-11-28 16:15:00,-1391.416426,-1.391416426,-461.044912,-467.801767,-462.569747,768000,768000,1.000000000,1,2025-11-28 16:15:00.000000,2025-11-28 16:15:59.999922,1,BAYxx_xxxx_20251128_161057_000.7z
2025-11-28 16:16:00,-1368.092875,-1.368092875,-457.154722,-455.072490,-455.865664,768000,768000,1.000000000,1,2025-11-28 16:16:00.000000,2025-11-28 16:16:59.999922,1,BAYxx_xxxx_20251128_161057_000.7z
2025-11-28 16:17:00,-1348.025408,-1.348025408,-450.400745,-447.077168,-450.547494,768000,768000,1.000000000,1,2025-11-28 16:17:00.000000,2025-11-28 16:17:59.999922,1,BAYxx_xxxx_20251128_161057_000.7z
2025-11-28 16:18:00,-1322.549736,-1.322549736,-442.697664,-434.746991,-445.105081,768000,768000,1.000000000,1,2025-11-28 16:18:00.000000,2025-11-28 16:18:59.999922,1,BAYxx_xxxx_20251128_161057_000.7z
2025-11-28 16:19:00,-1296.502940,-1.296502940,-438.309032,-428.079604,-430.114304,768000,768000,1.000000000,1,2025-11-28 16:19:00.000000,2025-11-28 16:19:59.999922,1,BAYxx_xxxx_20251128_161057_000.7z
2025-11-28 16:20:00,-1240.433536,-1.240433536,-418.896731,-410.594413,-410.942391,729739,768000,0.950180990,0,2025-11-28 16:20:00.000000,2025-11-28 16:20:57.010781,1,BAYxx_xxxx_20251128_161057_000.7z
2025-11-28 16:21:00,-1213.336977,-1.213336977,-403.173226,-399.064797,-411.098954,768000,768000,1.000000000,1,2025-11-28 16:21:00.000000,2025-11-28 16:21:59.999922,1,BAYxx_xxxx_20251128_162100_000.7z
2025-11-28 16:22:00,-1186.713605,-1.186713605,-403.530885,-390.545857,-392.636863,768000,768000,1.000000000,1,2025-11-28 16:22:00.000000,2025-11-28 16:22:59.999922,1,BAYxx_xxxx_20251128_162100_000.7z
2025-11-28 16:23:00,-1156.934917,-1.156934917,-394.496038,-377.476371,-384.962508,768000,768000,1.000000000,1,2025-11-28 16:23:00.000000,2025-11-28 16:23:59.999922,1,BAYxx_xxxx_20251128_162100_000.7z
2025-11-28 16:24:00,-1121.955423,-1.121955423,-384.086376,-369.610105,-368.258942,768000,768000,1.000000000,1,2025-11-28 16:24:00.000000,2025-11-28 16:24:59.999922,1,BAYxx_xxxx_20251128_162100_000.7z
2025-11-28 16:25:00,-1093.589420,-1.093589420,-374.734960,-357.575889,-361.278571,768000,768000,1.000000000,1,2025-11-28 16:25:00.000000,2025-11-28 16:25:59.999922,1,BAYxx_xxxx_20251128_162100_000.7z
2025-11-28 16:26:00,-1048.945907,-1.048945907,-360.075158,-342.449268,-346.421481,768000,768000,1.000000000,1,2025-11-28 16:26:00.000000,2025-11-28 16:26:59.999922,1,BAYxx_xxxx_20251128_162100_000.7z
2025-11-28 16:27:00,-1019.801906,-1.019801906,-350.008752,-333.502603,-336.290551,768000,768000,1.000000000,1,2025-11-28 16:27:00.000000,2025-11-28 16:27:59.999922,1,BAYxx_xxxx_20251128_162100_000.7z
2025-11-28 16:28:00,-981.077608,-0.981077608,-334.936990,-319.228695,-326.911923,768000,768000,1.000000000,1,2025-11-28 16:28:00.000000,2025-11-28 16:28:59.999922,1,BAYxx_xxxx_20251128_162100_000.7z
2025-11-28 16:29:00,-953.157074,-0.953157074,-326.635508,-313.048962,-313.472604,768000,768000,1.000000000,1,2025-11-28 16:29:00.000000,2025-11-28 16:29:59.999922,1,BAYxx_xxxx_20251128_162100_000.7z
2025-11-28 16:30:00,-932.883230,-0.932883230,-322.841398,-302.500479,-307.541353,768000,768000,1.000000000,1,2025-11-28 16:30:00.000000,2025-11-28 16:30:59.999922,1,BAYxx_xxxx_20251128_162100_000.7z
2025-11-28 16:31:00,-908.614599,-0.908614599,-307.410555,-300.749844,-300.454199,742471,768000,0.966759115,0,2025-11-28 16:31:00.000000,2025-11-28 16:31:59.999922,2,BAYxx_xxxx_20251128_162100_000.7z;BAYxx_xxxx_20251128_163102_000.7z
2025-11-28 16:32:00,-877.267184,-0.877267184,-297.397565,-285.362831,-294.506788,768000,768000,1.000000000,1,2025-11-28 16:32:00.000000,2025-11-28 16:32:59.999922,1,BAYxx_xxxx_20251128_163102_000.7z
2025-11-28 16:33:00,-850.329814,-0.850329814,-290.809844,-281.902546,-277.617423,768000,768000,1.000000000,1,2025-11-28 16:33:00.000000,2025-11-28 16:33:59.999922,1,BAYxx_xxxx_20251128_163102_000.7z
2025-11-28 16:34:00,-816.662256,-0.816662256,-275.648777,-269.530356,-271.483123,768000,768000,1.000000000,1,2025-11-28 16:34:00.000000,2025-11-28 16:34:59.999922,1,BAYxx_xxxx_20251128_163102_000.7z
2025-11-28 16:35:00,-789.289686,-0.789289686,-269.333761,-258.182972,-261.772952,768000,768000,1.000000000,1,2025-11-28 16:35:00.000000,2025-11-28 16:35:59.999922,1,BAYxx_xxxx_20251128_163102_000.7z
2025-11-28 16:36:00,-745.135374,-0.745135374,-251.148228,-246.881782,-247.105364,768000,768000,1.000000000,1,2025-11-28 16:36:00.000000,2025-11-28 16:36:59.999922,1,BAYxx_xxxx_20251128_163102_000.7z
2025-11-28 16:37:00,-715.209701,-0.715209701,-242.560263,-230.778975,-241.870462,768000,768000,1.000000000,1,2025-11-28 16:37:00.000000,2025-11-28 16:37:59.999922,1,BAYxx_xxxx_20251128_163102_000.7z
2025-11-28 16:38:00,-673.647929,-0.673647929,-230.919602,-219.350648,-223.377679,768000,768000,1.000000000,1,2025-11-28 16:38:00.000000,2025-11-28 16:38:59.999922,1,BAYxx_xxxx_20251128_163102_000.7z
2025-11-28 16:39:00,-639.173805,-0.639173805,-214.055863,-208.672372,-216.445569,768000,768000,1.000000000,1,2025-11-28 16:39:00.000000,2025-11-28 16:39:59.999922,1,BAYxx_xxxx_20251128_163102_000.7z
2025-11-28 16:40:00,-608.956601,-0.608956601,-206.269147,-197.735882,-204.951572,768000,768000,1.000000000,1,2025-11-28 16:40:00.000000,2025-11-28 16:40:59.999922,1,BAYxx_xxxx_20251128_163102_000.7z
2025-11-28 16:41:00,-590.097135,-0.590097135,-197.957883,-190.415680,-201.723571,729605,768000,0.950006510,0,2025-11-28 16:41:00.000000,2025-11-28 16:41:59.999922,2,BAYxx_xxxx_20251128_163102_000.7z;BAYxx_xxxx_20251128_164105_000.7z
2025-11-28 16:42:00,-542.980314,-0.542980314,-182.847577,-180.525932,-179.606805,768000,768000,1.000000000,1,2025-11-28 16:42:00.000000,2025-11-28 16:42:59.999922,1,BAYxx_xxxx_20251128_164105_000.7z
2025-11-28 16:43:00,-505.852932,-0.505852932,-168.694922,-165.325521,-171.832489,768000,768000,1.000000000,1,2025-11-28 16:43:00.000000,2025-11-28 16:43:59.999922,1,BAYxx_xxxx_20251128_164105_000.7z
2025-11-28 16:44:00,-471.227901,-0.471227901,-154.965195,-155.478134,-160.784573,768000,768000,1.000000000,1,2025-11-28 16:44:00.000000,2025-11-28 16:44:59.999922,1,BAYxx_xxxx_20251128_164105_000.7z
2025-11-28 16:45:00,-414.475064,-0.414475064,-134.980939,-139.917773,-139.576352,768000,768000,1.000000000,1,2025-11-28 16:45:00.000000,2025-11-28 16:45:59.999922,1,BAYxx_xxxx_20251128_164105_000.7z
2025-11-28 16:46:00,-368.774826,-0.368774826,-124.702462,-121.902117,-122.170247,768000,768000,1.000000000,1,2025-11-28 16:46:00.000000,2025-11-28 16:46:59.999922,1,BAYxx_xxxx_20251128_164105_000.7z
2025-11-28 16:47:00,-317.299813,-0.317299813,-106.480589,-103.751245,-107.067979,768000,768000,1.000000000,1,2025-11-28 16:47:00.000000,2025-11-28 16:47:59.999922,1,BAYxx_xxxx_20251128_164105_000.7z
2025-11-28 16:48:00,-268.399588,-0.268399588,-89.975843,-89.426145,-88.997599,768000,768000,1.000000000,1,2025-11-28 16:48:00.000000,2025-11-28 16:48:59.999922,1,BAYxx_xxxx_20251128_164105_000.7z
2025-11-28 16:49:00,-227.237439,-0.227237439,-76.189306,-75.006275,-76.041858,768000,768000,1.000000000,1,2025-11-28 16:49:00.000000,2025-11-28 16:49:59.999922,1,BAYxx_xxxx_20251128_164105_000.7z
2025-11-28 16:50:00,-189.492036,-0.189492036,-65.576472,-61.088563,-62.827001,768000,768000,1.000000000,1,2025-11-28 16:50:00.000000,2025-11-28 16:50:59.999922,1,BAYxx_xxxx_20251128_164105_000.7z
2025-11-28 16:51:00,-198.623231,-0.198623231,-71.640560,-63.833349,-63.149322,729688,768000,0.950114583,0,2025-11-28 16:51:00.000000,2025-11-28 16:51:59.999922,2,BAYxx_xxxx_20251128_164105_000.7z;BAYxx_xxxx_20251128_165108_000.7z
2025-11-28 16:52:00,-142.400311,-0.142400311,-54.753046,-44.689433,-42.957831,768000,768000,1.000000000,1,2025-11-28 16:52:00.000000,2025-11-28 16:52:59.999922,1,BAYxx_xxxx_20251128_165108_000.7z
2025-11-28 16:53:00,-141.552293,-0.141552293,-59.139731,-38.303668,-44.108894,768000,768000,1.000000000,1,2025-11-28 16:53:00.000000,2025-11-28 16:53:59.999922,1,BAYxx_xxxx_20251128_165108_000.7z
2025-11-28 16:54:00,-120.958300,-0.120958300,-46.420037,-32.337389,-42.200874,768000,768000,1.000000000,1,2025-11-28 16:54:00.000000,2025-11-28 16:54:59.999922,1,BAYxx_xxxx_20251128_165108_000.7z
2025-11-28 16:55:00,-98.624370,-0.098624370,-30.388551,-33.091691,-35.144128,768000,768000,1.000000000,1,2025-11-28 16:55:00.000000,2025-11-28 16:55:59.999922,1,BAYxx_xxxx_20251128_165108_000.7z
2025-11-28 16:56:00,-91.041309,-0.091041309,-30.637648,-28.564663,-31.838998,768000,768000,1.000000000,1,2025-11-28 16:56:00.000000,2025-11-28 16:56:59.999922,1,BAYxx_xxxx_20251128_165108_000.7z
2025-11-28 16:57:00,-46.725869,-0.046725869,-15.899637,-13.403809,-17.422423,768000,768000,1.000000000,1,2025-11-28 16:57:00.000000,2025-11-28 16:57:59.999922,1,BAYxx_xxxx_20251128_165108_000.7z
2025-11-28 16:58:00,-20.675110,-0.020675110,-2.324635,-11.762189,-6.588285,768000,768000,1.000000000,1,2025-11-28 16:58:00.000000,2025-11-28 16:58:59.999922,1,BAYxx_xxxx_20251128_165108_000.7z
2025-11-28 16:59:00,-15.327259,-0.015327259,-6.376465,-2.314119,-6.636675,768000,768000,1.000000000,1,2025-11-28 16:59:00.000000,2025-11-28 16:59:59.999922,1,BAYxx_xxxx_20251128_165108_000.7z
2025-11-28 17:00:00,-21.748939,-0.021748939,-5.683680,-8.288210,-7.777049,768000,768000,1.000000000,1,2025-11-28 17:00:00.000000,2025-11-28 17:00:59.999922,1,BAYxx_xxxx_20251128_165108_000.7z
2025-11-28 17:01:00,1.537802,0.001537802,3.296818,2.647184,-4.406199,729704,768000,0.950135417,0,2025-11-28 17:01:00.000000,2025-11-28 17:01:59.999922,2,BAYxx_xxxx_20251128_165108_000.7z;BAYxx_xxxx_20251128_170111_000.7z
2025-11-28 17:02:00,-1.564448,-0.001564448,4.162108,-1.348505,-4.378051,768000,768000,1.000000000,1,2025-11-28 17:02:00.000000,2025-11-28 17:02:59.999922,1,BAYxx_xxxx_20251128_170111_000.7z
2025-11-28 17:03:00,8.324200,0.008324200,6.482737,6.316458,-4.474995,768000,768000,1.000000000,1,2025-11-28 17:03:00.000000,2025-11-28 17:03:59.999922,1,BAYxx_xxxx_20251128_170111_000.7z
2025-11-28 17:04:00,22.815454,0.022815454,16.033832,7.588281,-0.806659,768000,768000,1.000000000,1,2025-11-28 17:04:00.000000,2025-11-28 17:04:59.999922,1,BAYxx_xxxx_20251128_170111_000.7z
2025-11-28 17:05:00,43.468989,0.043468989,20.296437,15.921473,7.251079,768000,768000,1.000000000,1,2025-11-28 17:05:00.000000,2025-11-28 17:05:59.999922,1,BAYxx_xxxx_20251128_170111_000.7z
2025-11-28 17:06:00,0.128998,0.000128998,10.825592,-0.349857,-10.346738,768000,768000,1.000000000,1,2025-11-28 17:06:00.000000,2025-11-28 17:06:59.999922,1,BAYxx_xxxx_20251128_170111_000.7z
2025-11-28 17:07:00,3.880516,0.003880516,4.456558,8.474629,-9.050672,768000,768000,1.000000000,1,2025-11-28 17:07:00.000000,2025-11-28 17:07:59.999922,1,BAYxx_xxxx_20251128_170111_000.7z
2025-11-28 17:08:00,-2.581985,-0.002581985,4.882290,2.932871,-10.397146,768000,768000,1.000000000,1,2025-11-28 17:08:00.000000,2025-11-28 17:08:59.999922,1,BAYxx_xxxx_20251128_170111_000.7z
2025-11-28 17:09:00,-5.171646,-0.005171646,-5.658957,1.031477,-0.544166,768000,768000,1.000000000,1,2025-11-28 17:09:00.000000,2025-11-28 17:09:59.999922,1,BAYxx_xxxx_20251128_170111_000.7z
2025-11-28 17:10:00,-5.863879,-0.005863879,2.697658,-3.781336,-4.780200,768000,768000,1.000000000,1,2025-11-28 17:10:00.000000,2025-11-28 17:10:59.999922,1,BAYxx_xxxx_20251128_170111_000.7z
2025-11-28 17:11:00,-5.675909,-0.005675909,0.590274,-0.866303,-5.399880,729669,768000,0.950089844,0,2025-11-28 17:11:00.000000,2025-11-28 17:11:59.999922,2,BAYxx_xxxx_20251128_170111_000.7z;BAYxx_xxxx_20251128_171114_000.7z
2025-11-28 17:12:00,-4.369024,-0.004369024,0.894046,-0.264581,-4.998489,768000,768000,1.000000000,1,2025-11-28 17:12:00.000000,2025-11-28 17:12:59.999922,1,BAYxx_xxxx_20251128_171114_000.7z
2025-11-28 17:13:00,-2.188332,-0.002188332,-0.512752,0.139717,-1.815297,768000,768000,1.000000000,1,2025-11-28 17:13:00.000000,2025-11-28 17:13:59.999922,1,BAYxx_xxxx_20251128_171114_000.7z
2025-11-28 17:14:00,-13.836281,-0.013836281,-2.788942,-9.364484,-1.682855,768000,768000,1.000000000,1,2025-11-28 17:14:00.000000,2025-11-28 17:14:59.999922,1,BAYxx_xxxx_20251128_171114_000.7z
2025-11-28 17:15:00,-2.107559,-0.002107559,-0.494207,3.609497,-5.222849,768000,768000,1.000000000,1,2025-11-28 17:15:00.000000,2025-11-28 17:15:59.999922,1,BAYxx_xxxx_20251128_171114_000.7z
2025-11-28 17:16:00,-13.651750,-0.013651750,3.168559,-8.000388,-8.819921,768000,768000,1.000000000,1,2025-11-28 17:16:00.000000,2025-11-28 17:16:59.999922,1,BAYxx_xxxx_20251128_171114_000.7z
2025-11-28 17:17:00,-5.863183,-0.005863183,1.770437,-3.280782,-4.352838,768000,768000,1.000000000,1,2025-11-28 17:17:00.000000,2025-11-28 17:17:59.999922,1,BAYxx_xxxx_20251128_171114_000.7z
2025-11-28 17:18:00,-6.493058,-0.006493058,1.480729,-2.656442,-5.317346,768000,768000,1.000000000,1,2025-11-28 17:18:00.000000,2025-11-28 17:18:59.999922,1,BAYxx_xxxx_20251128_171114_000.7z
2025-11-28 17:19:00,-1.459991,-0.001459991,3.259904,0.253224,-4.973120,768000,768000,1.000000000,1,2025-11-28 17:19:00.000000,2025-11-28 17:19:59.999922,1,BAYxx_xxxx_20251128_171114_000.7z
2025-11-28 17:20:00,-5.775048,-0.005775048,1.415113,-2.414025,-4.776135,768000,768000,1.000000000,1,2025-11-28 17:20:00.000000,2025-11-28 17:20:59.999922,1,BAYxx_xxxx_20251128_171114_000.7z
2025-11-28 17:21:00,-14.996284,-0.014996284,-0.215022,-4.800792,-9.980469,742431,768000,0.966707031,0,2025-11-28 17:21:00.000000,2025-11-28 17:21:59.999922,2,BAYxx_xxxx_20251128_171114_000.7z;BAYxx_xxxx_20251128_172116_000.7z
2025-11-28 17:22:00,-7.397220,-0.007397220,-6.971718,2.380884,-2.806387,768000,768000,1.000000000,1,2025-11-28 17:22:00.000000,2025-11-28 17:22:59.999922,1,BAYxx_xxxx_20251128_172116_000.7z
2025-11-28 17:23:00,-6.255222,-0.006255222,-0.844830,-0.992914,-4.417479,768000,768000,1.000000000,1,2025-11-28 17:23:00.000000,2025-11-28 17:23:59.999922,1,BAYxx_xxxx_20251128_172116_000.7z
2025-11-28 17:24:00,-2.695568,-0.002695568,0.330202,1.581024,-4.606795,768000,768000,1.000000000,1,2025-11-28 17:24:00.000000,2025-11-28 17:24:59.999922,1,BAYxx_xxxx_20251128_172116_000.7z
2025-11-28 17:25:00,0.074802,0.000074802,-0.174367,2.670311,-2.421142,768000,768000,1.000000000,1,2025-11-28 17:25:00.000000,2025-11-28 17:25:59.999922,1,BAYxx_xxxx_20251128_172116_000.7z
2025-11-28 17:26:00,3.929354,0.003929354,7.352845,5.376378,-8.799869,768000,768000,1.000000000,1,2025-11-28 17:26:00.000000,2025-11-28 17:26:59.999922,1,BAYxx_xxxx_20251128_172116_000.7z
2025-11-28 17:27:00,-1.351949,-0.001351949,2.991550,3.634894,-7.978394,768000,768000,1.000000000,1,2025-11-28 17:27:00.000000,2025-11-28 17:27:59.999922,1,BAYxx_xxxx_20251128_172116_000.7z
2025-11-28 17:28:00,0.828676,0.000828676,0.671754,4.931954,-4.775032,768000,768000,1.000000000,1,2025-11-28 17:28:00.000000,2025-11-28 17:28:59.999922,1,BAYxx_xxxx_20251128_172116_000.7z
2025-11-28 17:29:00,0.284355,0.000284355,4.957124,5.967206,-10.639975,768000,768000,1.000000000,1,2025-11-28 17:29:00.000000,2025-11-28 17:29:59.999922,1,BAYxx_xxxx_20251128_172116_000.7z
2025-11-28 17:30:00,8.864903,0.008864903,3.230823,5.581200,0.052880,768000,768000,1.000000000,1,2025-11-28 17:30:00.000000,2025-11-28 17:30:59.999922,1,BAYxx_xxxx_20251128_172116_000.7z
2025-11-28 17:31:00,-5.264053,-0.005264053,4.089724,-2.936109,-6.417668,742511,768000,0.966811198,0,2025-11-28 17:31:00.000000,2025-11-28 17:31:59.999922,2,BAYxx_xxxx_20251128_172116_000.7z;BAYxx_xxxx_20251128_173118_000.7z
2025-11-28 17:32:00,-6.286712,-0.006286712,-3.903446,2.814462,-5.197728,768000,768000,1.000000000,1,2025-11-28 17:32:00.000000,2025-11-28 17:32:59.999922,1,BAYxx_xxxx_20251128_173118_000.7z
2025-11-28 17:33:00,-4.311124,-0.004311124,5.491578,-4.647538,-5.155164,768000,768000,1.000000000,1,2025-11-28 17:33:00.000000,2025-11-28 17:33:59.999922,1,BAYxx_xxxx_20251128_173118_000.7z
2025-11-28 17:34:00,-13.319904,-0.013319904,1.700215,-7.878190,-7.141929,768000,768000,1.000000000,1,2025-11-28 17:34:00.000000,2025-11-28 17:34:59.999922,1,BAYxx_xxxx_20251128_173118_000.7z
2025-11-28 17:35:00,3.457441,0.003457441,2.519216,1.041550,-0.103325,768000,768000,1.000000000,1,2025-11-28 17:35:00.000000,2025-11-28 17:35:59.999922,1,BAYxx_xxxx_20251128_173118_000.7z
2025-11-28 17:36:00,-11.930402,-0.011930402,-0.583289,-6.007831,-5.339282,768000,768000,1.000000000,1,2025-11-28 17:36:00.000000,2025-11-28 17:36:59.999922,1,BAYxx_xxxx_20251128_173118_000.7z
2025-11-28 17:37:00,-13.621811,-0.013621811,1.796715,-3.315155,-12.103371,768000,768000,1.000000000,1,2025-11-28 17:37:00.000000,2025-11-28 17:37:59.999922,1,BAYxx_xxxx_20251128_173118_000.7z
2025-11-28 17:38:00,-9.045071,-0.009045071,-0.016785,-2.859220,-6.169067,768000,768000,1.000000000,1,2025-11-28 17:38:00.000000,2025-11-28 17:38:59.999922,1,BAYxx_xxxx_20251128_173118_000.7z
2025-11-28 17:39:00,-4.931320,-0.004931320,2.214331,-1.928179,-5.217472,768000,768000,1.000000000,1,2025-11-28 17:39:00.000000,2025-11-28 17:39:59.999922,1,BAYxx_xxxx_20251128_173118_000.7z
2025-11-28 17:40:00,-7.613399,-0.007613399,1.447721,-4.780736,-4.280384,768000,768000,1.000000000,1,2025-11-28 17:40:00.000000,2025-11-28 17:40:59.999922,1,BAYxx_xxxx_20251128_173118_000.7z
2025-11-28 17:41:00,-7.066484,-0.007066484,2.298663,-3.907200,-5.457947,716870,768000,0.933424479,0,2025-11-28 17:41:00.000000,2025-11-28 17:41:59.999922,2,BAYxx_xxxx_20251128_173118_000.7z;BAYxx_xxxx_20251128_174122_000.7z
2025-11-28 17:42:00,2.434927,0.002434927,0.477187,2.008570,-0.050830,768000,768000,1.000000000,1,2025-11-28 17:42:00.000000,2025-11-28 17:42:59.999922,1,BAYxx_xxxx_20251128_174122_000.7z
2025-11-28 17:43:00,-6.589118,-0.006589118,1.585158,-4.032775,-4.141501,768000,768000,1.000000000,1,2025-11-28 17:43:00.000000,2025-11-28 17:43:59.999922,1,BAYxx_xxxx_20251128_174122_000.7z
2025-11-28 17:44:00,-6.913688,-0.006913688,0.280284,-1.638443,-5.555529,768000,768000,1.000000000,1,2025-11-28 17:44:00.000000,2025-11-28 17:44:59.999922,1,BAYxx_xxxx_20251128_174122_000.7z
2025-11-28 17:45:00,-9.030980,-0.009030980,1.821899,-4.634905,-6.217974,768000,768000,1.000000000,1,2025-11-28 17:45:00.000000,2025-11-28 17:45:59.999922,1,BAYxx_xxxx_20251128_174122_000.7z
2025-11-28 17:46:00,-5.445385,-0.005445385,3.933794,-1.650108,-7.729070,768000,768000,1.000000000,1,2025-11-28 17:46:00.000000,2025-11-28 17:46:59.999922,1,BAYxx_xxxx_20251128_174122_000.7z
2025-11-28 17:47:00,-15.694148,-0.015694148,-4.717375,-4.567488,-6.409285,768000,768000,1.000000000,1,2025-11-28 17:47:00.000000,2025-11-28 17:47:59.999922,1,BAYxx_xxxx_20251128_174122_000.7z
2025-11-28 17:48:00,8.537249,0.008537249,7.139883,4.311250,-2.913884,768000,768000,1.000000000,1,2025-11-28 17:48:00.000000,2025-11-28 17:48:59.999922,1,BAYxx_xxxx_20251128_174122_000.7z
2025-11-28 17:49:00,3.265873,0.003265873,3.911602,6.652443,-7.298171,768000,768000,1.000000000,1,2025-11-28 17:49:00.000000,2025-11-28 17:49:59.999922,1,BAYxx_xxxx_20251128_174122_000.7z
2025-11-28 17:50:00,10.031056,0.010031056,9.757624,5.527863,-5.254431,768000,768000,1.000000000,1,2025-11-28 17:50:00.000000,2025-11-28 17:50:59.999922,1,BAYxx_xxxx_20251128_174122_000.7z
2025-11-28 17:51:00,10.476190,0.010476190,12.917038,1.308831,-3.749680,729672,768000,0.950093750,0,2025-11-28 17:51:00.000000,2025-11-28 17:51:59.999922,2,BAYxx_xxxx_20251128_174122_000.7z;BAYxx_xxxx_20251128_175125_000.7z
2025-11-28 17:52:00,0.453751,0.000453751,5.163160,2.238840,-6.948250,768000,768000,1.000000000,1,2025-11-28 17:52:00.000000,2025-11-28 17:52:59.999922,1,BAYxx_xxxx_20251128_175125_000.7z
2025-11-28 17:53:00,-7.728827,-0.007728827,-0.162027,-3.425940,-4.140859,768000,768000,1.000000000,1,2025-11-28 17:53:00.000000,2025-11-28 17:53:59.999922,1,BAYxx_xxxx_20251128_175125_000.7z
2025-11-28 17:54:00,-3.099074,-0.003099074,-0.579612,0.240678,-2.760140,768000,768000,1.000000000,1,2025-11-28 17:54:00.000000,2025-11-28 17:54:59.999922,1,BAYxx_xxxx_20251128_175125_000.7z
2025-11-28 17:55:00,-10.656268,-0.010656268,3.132514,-10.310934,-3.477848,768000,768000,1.000000000,1,2025-11-28 17:55:00.000000,2025-11-28 17:55:59.999922,1,BAYxx_xxxx_20251128_175125_000.7z
2025-11-28 17:56:00,-4.182983,-0.004182983,1.755766,-1.049349,-4.889401,768000,768000,1.000000000,1,2025-11-28 17:56:00.000000,2025-11-28 17:56:59.999922,1,BAYxx_xxxx_20251128_175125_000.7z
2025-11-28 17:57:00,-6.037560,-0.006037560,0.088976,-2.914490,-3.212046,768000,768000,1.000000000,1,2025-11-28 17:57:00.000000,2025-11-28 17:57:59.999922,1,BAYxx_xxxx_20251128_175125_000.7z
2025-11-28 17:58:00,-6.735897,-0.006735897,1.218230,-3.357790,-4.596336,768000,768000,1.000000000,1,2025-11-28 17:58:00.000000,2025-11-28 17:58:59.999922,1,BAYxx_xxxx_20251128_175125_000.7z
2025-11-28 17:59:00,-5.623739,-0.005623739,-0.728235,-3.805362,-1.090142,768000,768000,1.000000000,1,2025-11-28 17:59:00.000000,2025-11-28 17:59:59.999922,1,BAYxx_xxxx_20251128_175125_000.7z
2025-11-28 18:00:00,-3.866445,-0.003866445,1.088026,-2.103901,-2.850571,768000,768000,1.000000000,1,2025-11-28 18:00:00.000000,2025-11-28 18:00:59.999922,1,BAYxx_xxxx_20251128_175125_000.7z
2025-11-28 18:01:00,-7.145306,-0.007145306,2.258909,-1.136013,-8.268203,729601,768000,0.950001302,0,2025-11-28 18:01:00.000000,2025-11-28 18:01:59.999922,2,BAYxx_xxxx_20251128_175125_000.7z;BAYxx_xxxx_20251128_180128_000.7z
2025-11-28 18:02:00,-8.662221,-0.008662221,3.362739,-5.504900,-6.520061,768000,768000,1.000000000,1,2025-11-28 18:02:00.000000,2025-11-28 18:02:59.999922,1,BAYxx_xxxx_20251128_180128_000.7z
2025-11-28 18:03:00,-7.918061,-0.007918061,-0.520236,-2.097233,-5.300591,768000,768000,1.000000000,1,2025-11-28 18:03:00.000000,2025-11-28 18:03:59.999922,1,BAYxx_xxxx_20251128_180128_000.7z
2025-11-28 18:04:00,-2.826027,-0.002826027,0.663066,-3.224149,-0.264944,768000,768000,1.000000000,1,2025-11-28 18:04:00.000000,2025-11-28 18:04:59.999922,1,BAYxx_xxxx_20251128_180128_000.7z
2025-11-28 18:05:00,-1.849078,-0.001849078,4.312799,-2.736692,-3.425186,768000,768000,1.000000000,1,2025-11-28 18:05:00.000000,2025-11-28 18:05:59.999922,1,BAYxx_xxxx_20251128_180128_000.7z
2025-11-28 18:06:00,0.557666,0.000557666,1.911803,-1.085579,-0.268558,768000,768000,1.000000000,1,2025-11-28 18:06:00.000000,2025-11-28 18:06:59.999922,1,BAYxx_xxxx_20251128_180128_000.7z
2025-11-28 18:07:00,-6.167464,-0.006167464,4.730306,-4.061866,-6.835904,768000,768000,1.000000000,1,2025-11-28 18:07:00.000000,2025-11-28 18:07:59.999922,1,BAYxx_xxxx_20251128_180128_000.7z
2025-11-28 18:08:00,-7.982005,-0.007982005,2.323673,-6.153263,-4.152415,768000,768000,1.000000000,1,2025-11-28 18:08:00.000000,2025-11-28 18:08:59.999922,1,BAYxx_xxxx_20251128_180128_000.7z
2025-11-28 18:09:00,-1.436686,-0.001436686,4.467079,-3.227049,-2.676717,768000,768000,1.000000000,1,2025-11-28 18:09:00.000000,2025-11-28 18:09:59.999922,1,BAYxx_xxxx_20251128_180128_000.7z
2025-11-28 18:10:00,-8.762140,-0.008762140,-0.811338,-1.801491,-6.149311,768000,768000,1.000000000,1,2025-11-28 18:10:00.000000,2025-11-28 18:10:59.999922,1,BAYxx_xxxx_20251128_180128_000.7z
2025-11-28 18:11:00,-3.205840,-0.003205840,1.784165,0.310355,-5.300360,704029,768000,0.916704427,0,2025-11-28 18:11:00.000000,2025-11-28 18:11:59.999922,2,BAYxx_xxxx_20251128_180128_000.7z;BAYxx_xxxx_20251128_181133_000.7z
2025-11-28 18:12:00,5.998944,0.005998944,10.064129,5.877562,-9.942747,768000,768000,1.000000000,1,2025-11-28 18:12:00.000000,2025-11-28 18:12:59.999922,1,BAYxx_xxxx_20251128_181133_000.7z
2025-11-28 18:13:00,1.339791,0.001339791,6.800097,3.087552,-8.547858,768000,768000,1.000000000,1,2025-11-28 18:13:00.000000,2025-11-28 18:13:59.999922,1,BAYxx_xxxx_20251128_181133_000.7z
2025-11-28 18:14:00,11.670359,0.011670359,11.755534,7.862055,-7.947230,768000,768000,1.000000000,1,2025-11-28 18:14:00.000000,2025-11-28 18:14:59.999922,1,BAYxx_xxxx_20251128_181133_000.7z
2025-11-28 18:15:00,-0.527846,-0.000527846,2.104255,3.972831,-6.604931,768000,768000,1.000000000,1,2025-11-28 18:15:00.000000,2025-11-28 18:15:59.999922,1,BAYxx_xxxx_20251128_181133_000.7z
2025-11-28 18:16:00,-4.697499,-0.004697499,2.358972,-1.305161,-5.751309,768000,768000,1.000000000,1,2025-11-28 18:16:00.000000,2025-11-28 18:16:59.999922,1,BAYxx_xxxx_20251128_181133_000.7z
2025-11-28 18:17:00,-14.784426,-0.014784426,-3.877898,-6.401918,-4.504610,768000,768000,1.000000000,1,2025-11-28 18:17:00.000000,2025-11-28 18:17:59.999922,1,BAYxx_xxxx_20251128_181133_000.7z
2025-11-28 18:18:00,-8.504473,-0.008504473,-1.623905,-1.986037,-4.894531,768000,768000,1.000000000,1,2025-11-28 18:18:00.000000,2025-11-28 18:18:59.999922,1,BAYxx_xxxx_20251128_181133_000.7z
2025-11-28 18:19:00,-7.419385,-0.007419385,-1.672244,-0.499289,-5.247851,768000,768000,1.000000000,1,2025-11-28 18:19:00.000000,2025-11-28 18:19:59.999922,1,BAYxx_xxxx_20251128_181133_000.7z
2025-11-28 18:20:00,-9.335790,-0.009335790,-0.033471,-4.166054,-5.136264,768000,768000,1.000000000,1,2025-11-28 18:20:00.000000,2025-11-28 18:20:59.999922,1,BAYxx_xxxx_20251128_181133_000.7z
2025-11-28 18:21:00,-10.017627,-0.010017627,-1.339358,-3.620225,-5.058044,716839,768000,0.933384115,0,2025-11-28 18:21:00.000000,2025-11-28 18:21:59.999922,2,BAYxx_xxxx_20251128_181133_000.7z;BAYxx_xxxx_20251128_182137_000.7z
2025-11-28 18:22:00,-5.428453,-0.005428453,4.829362,-2.646597,-7.611218,768000,768000,1.000000000,1,2025-11-28 18:22:00.000000,2025-11-28 18:22:59.999922,1,BAYxx_xxxx_20251128_182137_000.7z
2025-11-28 18:23:00,-4.945180,-0.004945180,-0.194071,-4.158358,-0.592751,768000,768000,1.000000000,1,2025-11-28 18:23:00.000000,2025-11-28 18:23:59.999922,1,BAYxx_xxxx_20251128_182137_000.7z
2025-11-28 18:24:00,-16.920449,-0.016920449,-2.945137,-8.519564,-5.455747,768000,768000,1.000000000,1,2025-11-28 18:24:00.000000,2025-11-28 18:24:59.999922,1,BAYxx_xxxx_20251128_182137_000.7z
2025-11-28 18:25:00,-9.333703,-0.009333703,-0.349869,-3.346663,-5.637170,768000,768000,1.000000000,1,2025-11-28 18:25:00.000000,2025-11-28 18:25:59.999922,1,BAYxx_xxxx_20251128_182137_000.7z
2025-11-28 18:26:00,-3.480581,-0.003480581,2.482080,-0.608610,-5.354051,768000,768000,1.000000000,1,2025-11-28 18:26:00.000000,2025-11-28 18:26:59.999922,1,BAYxx_xxxx_20251128_182137_000.7z
2025-11-28 18:27:00,-1.620390,-0.001620390,-0.390978,2.864578,-4.093991,768000,768000,1.000000000,1,2025-11-28 18:27:00.000000,2025-11-28 18:27:59.999922,1,BAYxx_xxxx_20251128_182137_000.7z
2025-11-28 18:28:00,0.208705,0.000208705,4.380857,0.495725,-4.667877,768000,768000,1.000000000,1,2025-11-28 18:28:00.000000,2025-11-28 18:28:59.999922,1,BAYxx_xxxx_20251128_182137_000.7z
2025-11-28 18:29:00,-9.855189,-0.009855189,0.185693,-4.066772,-5.974111,768000,768000,1.000000000,1,2025-11-28 18:29:00.000000,2025-11-28 18:29:59.999922,1,BAYxx_xxxx_20251128_182137_000.7z
2025-11-28 18:30:00,-10.896308,-0.010896308,0.635301,-6.456746,-5.074863,768000,768000,1.000000000,1,2025-11-28 18:30:00.000000,2025-11-28 18:30:59.999922,1,BAYxx_xxxx_20251128_182137_000.7z
2025-11-28 18:31:00,-2.966117,-0.002966117,7.000774,-4.551676,-5.415215,716902,768000,0.933466146,0,2025-11-28 18:31:00.000000,2025-11-28 18:31:59.999922,2,BAYxx_xxxx_20251128_182137_000.7z;BAYxx_xxxx_20251128_183141_000.7z
2025-11-28 18:32:00,-13.339293,-0.013339293,-0.992399,-2.557902,-9.788992,768000,768000,1.000000000,1,2025-11-28 18:32:00.000000,2025-11-28 18:32:59.999922,1,BAYxx_xxxx_20251128_183141_000.7z
2025-11-28 18:33:00,-4.963604,-0.004963604,2.008486,-0.934935,-6.037156,768000,768000,1.000000000,1,2025-11-28 18:33:00.000000,2025-11-28 18:33:59.999922,1,BAYxx_xxxx_20251128_183141_000.7z
2025-11-28 18:34:00,-4.715307,-0.004715307,8.714486,-2.319225,-11.110567,768000,768000,1.000000000,1,2025-11-28 18:34:00.000000,2025-11-28 18:34:59.999922,1,BAYxx_xxxx_20251128_183141_000.7z
2025-11-28 18:35:00,11.476096,0.011476096,12.489167,4.303911,-5.316983,768000,768000,1.000000000,1,2025-11-28 18:35:00.000000,2025-11-28 18:35:59.999922,1,BAYxx_xxxx_20251128_183141_000.7z
2025-11-28 18:36:00,-2.943941,-0.002943941,6.229221,-0.474546,-8.698616,768000,768000,1.000000000,1,2025-11-28 18:36:00.000000,2025-11-28 18:36:59.999922,1,BAYxx_xxxx_20251128_183141_000.7z
2025-11-28 18:37:00,5.736458,0.005736458,5.104725,5.082399,-4.450666,768000,768000,1.000000000,1,2025-11-28 18:37:00.000000,2025-11-28 18:37:59.999922,1,BAYxx_xxxx_20251128_183141_000.7z
2025-11-28 18:38:00,5.306152,0.005306152,8.065865,6.508625,-9.268338,768000,768000,1.000000000,1,2025-11-28 18:38:00.000000,2025-11-28 18:38:59.999922,1,BAYxx_xxxx_20251128_183141_000.7z
2025-11-28 18:39:00,-5.270910,-0.005270910,1.681950,-1.796207,-5.156653,768000,768000,1.000000000,1,2025-11-28 18:39:00.000000,2025-11-28 18:39:59.999922,1,BAYxx_xxxx_20251128_183141_000.7z
2025-11-28 18:40:00,-9.960942,-0.009960942,-4.296518,-2.362706,-3.301718,768000,768000,1.000000000,1,2025-11-28 18:40:00.000000,2025-11-28 18:40:59.999922,1,BAYxx_xxxx_20251128_183141_000.7z
2025-11-28 18:41:00,-0.514341,-0.000514341,1.223943,-2.037439,0.299155,729637,768000,0.950048177,0,2025-11-28 18:41:00.000000,2025-11-28 18:41:59.999922,2,BAYxx_xxxx_20251128_183141_000.7z;BAYxx_xxxx_20251128_184144_000.7z
2025-11-28 18:42:00,-5.868896,-0.005868896,-2.177408,-2.390875,-1.300614,768000,768000,1.000000000,1,2025-11-28 18:42:00.000000,2025-11-28 18:42:59.999922,1,BAYxx_xxxx_20251128_184144_000.7z
2025-11-28 18:43:00,-4.838644,-0.004838644,5.391806,-4.831616,-5.398834,768000,768000,1.000000000,1,2025-11-28 18:43:00.000000,2025-11-28 18:43:59.999922,1,BAYxx_xxxx_20251128_184144_000.7z
2025-11-28 18:44:00,-7.853374,-0.007853374,0.756863,-3.918563,-4.691674,768000,768000,1.000000000,1,2025-11-28 18:44:00.000000,2025-11-28 18:44:59.999922,1,BAYxx_xxxx_20251128_184144_000.7z
2025-11-28 18:45:00,-12.154183,-0.012154183,-2.494160,-2.905162,-6.754861,768000,768000,1.000000000,1,2025-11-28 18:45:00.000000,2025-11-28 18:45:59.999922,1,BAYxx_xxxx_20251128_184144_000.7z
2025-11-28 18:46:00,-9.066132,-0.009066132,-0.446569,-3.532251,-5.087313,768000,768000,1.000000000,1,2025-11-28 18:46:00.000000,2025-11-28 18:46:59.999922,1,BAYxx_xxxx_20251128_184144_000.7z
2025-11-28 18:47:00,-10.197835,-0.010197835,-3.408976,-2.649753,-4.139106,768000,768000,1.000000000,1,2025-11-28 18:47:00.000000,2025-11-28 18:47:59.999922,1,BAYxx_xxxx_20251128_184144_000.7z
2025-11-28 18:48:00,-8.681338,-0.008681338,-1.888350,-1.602729,-5.190260,768000,768000,1.000000000,1,2025-11-28 18:48:00.000000,2025-11-28 18:48:59.999922,1,BAYxx_xxxx_20251128_184144_000.7z
2025-11-28 18:49:00,-2.130807,-0.002130807,1.934406,0.791116,-4.856330,768000,768000,1.000000000,1,2025-11-28 18:49:00.000000,2025-11-28 18:49:59.999922,1,BAYxx_xxxx_20251128_184144_000.7z
2025-11-28 18:50:00,-15.507786,-0.015507786,-1.559526,-4.573990,-9.374270,768000,768000,1.000000000,1,2025-11-28 18:50:00.000000,2025-11-28 18:50:59.999922,1,BAYxx_xxxx_20251128_184144_000.7z
2025-11-28 18:51:00,-7.737440,-0.007737440,2.070411,-3.034470,-6.773381,729672,768000,0.950093750,0,2025-11-28 18:51:00.000000,2025-11-28 18:51:59.999922,2,BAYxx_xxxx_20251128_184144_000.7z;BAYxx_xxxx_20251128_185147_000.7z
2025-11-28 18:52:00,-6.605633,-0.006605633,2.146437,-3.502098,-5.249972,768000,768000,1.000000000,1,2025-11-28 18:52:00.000000,2025-11-28 18:52:59.999922,1,BAYxx_xxxx_20251128_185147_000.7z
2025-11-28 18:53:00,-5.178351,-0.005178351,1.747838,-2.487963,-4.438226,768000,768000,1.000000000,1,2025-11-28 18:53:00.000000,2025-11-28 18:53:59.999922,1,BAYxx_xxxx_20251128_185147_000.7z
2025-11-28 18:54:00,4.769018,0.004769018,0.599290,-1.251634,5.421362,768000,768000,1.000000000,1,2025-11-28 18:54:00.000000,2025-11-28 18:54:59.999922,1,BAYxx_xxxx_20251128_185147_000.7z
2025-11-28 18:55:00,-11.315273,-0.011315273,-3.438271,-4.509939,-3.367063,768000,768000,1.000000000,1,2025-11-28 18:55:00.000000,2025-11-28 18:55:59.999922,1,BAYxx_xxxx_20251128_185147_000.7z
2025-11-28 18:56:00,-5.556204,-0.005556204,0.252685,-0.152392,-5.656497,768000,768000,1.000000000,1,2025-11-28 18:56:00.000000,2025-11-28 18:56:59.999922,1,BAYxx_xxxx_20251128_185147_000.7z
2025-11-28 18:57:00,-4.658488,-0.004658488,3.150355,-2.039324,-5.769519,768000,768000,1.000000000,1,2025-11-28 18:57:00.000000,2025-11-28 18:57:59.999922,1,BAYxx_xxxx_20251128_185147_000.7z
2025-11-28 18:58:00,3.772910,0.003772910,8.991277,2.102368,-7.320735,768000,768000,1.000000000,1,2025-11-28 18:58:00.000000,2025-11-28 18:58:59.999922,1,BAYxx_xxxx_20251128_185147_000.7z
2025-11-28 18:59:00,-5.301344,-0.005301344,-2.481678,10.961408,-13.781074,768000,768000,1.000000000,1,2025-11-28 18:59:00.000000,2025-11-28 18:59:59.999922,1,BAYxx_xxxx_20251128_185147_000.7z
2025-11-28 19:00:00,4.500939,0.004500939,7.182388,4.853119,-7.534568,768000,768000,1.000000000,1,2025-11-28 19:00:00.000000,2025-11-28 19:00:59.999922,1,BAYxx_xxxx_20251128_185147_000.7z
2025-11-28 19:01:00,5.126651,0.005126651,9.603918,3.332814,-7.810081,729674,768000,0.950096354,0,2025-11-28 19:01:00.000000,2025-11-28 19:01:59.999922,2,BAYxx_xxxx_20251128_185147_000.7z;BAYxx_xxxx_20251128_190150_000.7z
2025-11-28 19:02:00,5.695743,0.005695743,7.913002,4.610539,-6.827797,768000,768000,1.000000000,1,2025-11-28 19:02:00.000000,2025-11-28 19:02:59.999922,1,BAYxx_xxxx_20251128_190150_000.7z
2025-11-28 19:03:00,-4.907666,-0.004907666,2.284459,-7.682308,0.490183,768000,768000,1.000000000,1,2025-11-28 19:03:00.000000,2025-11-28 19:03:59.999922,1,BAYxx_xxxx_20251128_190150_000.7z
2025-11-28 19:04:00,-9.699501,-0.009699501,0.282067,-1.751810,-8.229758,768000,768000,1.000000000,1,2025-11-28 19:04:00.000000,2025-11-28 19:04:59.999922,1,BAYxx_xxxx_20251128_190150_000.7z
2025-11-28 19:05:00,-5.946864,-0.005946864,-1.985072,-3.224279,-0.737513,768000,768000,1.000000000,1,2025-11-28 19:05:00.000000,2025-11-28 19:05:59.999922,1,BAYxx_xxxx_20251128_190150_000.7z
2025-11-28 19:06:00,-11.466813,-0.011466813,-1.835820,-5.018097,-4.612896,768000,768000,1.000000000,1,2025-11-28 19:06:00.000000,2025-11-28 19:06:59.999922,1,BAYxx_xxxx_20251128_190150_000.7z
2025-11-28 19:07:00,11.235025,0.011235025,12.696742,4.468135,-5.929853,768000,768000,1.000000000,1,2025-11-28 19:07:00.000000,2025-11-28 19:07:59.999922,1,BAYxx_xxxx_20251128_190150_000.7z
2025-11-28 19:08:00,2.316671,0.002316671,3.354793,7.856538,-8.894659,768000,768000,1.000000000,1,2025-11-28 19:08:00.000000,2025-11-28 19:08:59.999922,1,BAYxx_xxxx_20251128_190150_000.7z
2025-11-28 19:09:00,-5.909728,-0.005909728,-0.729896,-1.131344,-4.048488,768000,768000,1.000000000,1,2025-11-28 19:09:00.000000,2025-11-28 19:09:59.999922,1,BAYxx_xxxx_20251128_190150_000.7z
2025-11-28 19:10:00,-7.402851,-0.007402851,-0.653021,-1.681512,-5.068317,768000,768000,1.000000000,1,2025-11-28 19:10:00.000000,2025-11-28 19:10:59.999922,1,BAYxx_xxxx_20251128_190150_000.7z
2025-11-28 19:11:00,-0.536187,-0.000536187,1.478703,-1.213981,-0.800908,742402,768000,0.966669271,0,2025-11-28 19:11:00.000000,2025-11-28 19:11:59.999922,2,BAYxx_xxxx_20251128_190150_000.7z;BAYxx_xxxx_20251128_191152_000.7z
2025-11-28 19:12:00,-7.973844,-0.007973844,-2.030198,-0.730486,-5.213161,768000,768000,1.000000000,1,2025-11-28 19:12:00.000000,2025-11-28 19:12:59.999922,1,BAYxx_xxxx_20251128_191152_000.7z
2025-11-28 19:13:00,-1.132669,-0.001132669,8.258771,0.017945,-9.409385,768000,768000,1.000000000,1,2025-11-28 19:13:00.000000,2025-11-28 19:13:59.999922,1,BAYxx_xxxx_20251128_191152_000.7z
2025-11-28 19:14:00,-9.232941,-0.009232941,-1.010888,-1.163078,-7.058975,768000,768000,1.000000000,1,2025-11-28 19:14:00.000000,2025-11-28 19:14:59.999922,1,BAYxx_xxxx_20251128_191152_000.7z
2025-11-28 19:15:00,-12.161255,-0.012161255,-2.666363,-2.192279,-7.302613,768000,768000,1.000000000,1,2025-11-28 19:15:00.000000,2025-11-28 19:15:59.999922,1,BAYxx_xxxx_20251128_191152_000.7z
2025-11-28 19:16:00,-10.125183,-0.010125183,1.466480,-5.311550,-6.280114,768000,768000,1.000000000,1,2025-11-28 19:16:00.000000,2025-11-28 19:16:59.999922,1,BAYxx_xxxx_20251128_191152_000.7z
2025-11-28 19:17:00,-5.913709,-0.005913709,1.135099,0.816053,-7.864862,768000,768000,1.000000000,1,2025-11-28 19:17:00.000000,2025-11-28 19:17:59.999922,1,BAYxx_xxxx_20251128_191152_000.7z
2025-11-28 19:18:00,-6.659717,-0.006659717,2.732451,-2.330740,-7.061428,768000,768000,1.000000000,1,2025-11-28 19:18:00.000000,2025-11-28 19:18:59.999922,1,BAYxx_xxxx_20251128_191152_000.7z
2025-11-28 19:19:00,-8.353633,-0.008353633,3.551959,-5.943819,-5.961773,768000,768000,1.000000000,1,2025-11-28 19:19:00.000000,2025-11-28 19:19:59.999922,1,BAYxx_xxxx_20251128_191152_000.7z
2025-11-28 19:20:00,-5.917323,-0.005917323,1.416595,-2.426168,-4.907750,768000,768000,1.000000000,1,2025-11-28 19:20:00.000000,2025-11-28 19:20:59.999922,1,BAYxx_xxxx_20251128_191152_000.7z
2025-11-28 19:21:00,-4.349280,-0.004349280,1.199604,0.979059,-6.527942,704104,768000,0.916802083,0,2025-11-28 19:21:00.000000,2025-11-28 19:21:59.999922,2,BAYxx_xxxx_20251128_191152_000.7z;BAYxx_xxxx_20251128_192157_000.7z
2025-11-28 19:22:00,-1.259505,-0.001259505,3.125219,-3.219098,-1.165626,768000,768000,1.000000000,1,2025-11-28 19:22:00.000000,2025-11-28 19:22:59.999922,1,BAYxx_xxxx_20251128_192157_000.7z
2025-11-28 19:23:00,-5.023928,-0.005023928,-0.407379,-0.423949,-4.192600,768000,768000,1.000000000,1,2025-11-28 19:23:00.000000,2025-11-28 19:23:59.999922,1,BAYxx_xxxx_20251128_192157_000.7z
2025-11-28 19:24:00,2.851305,0.002851305,7.189115,2.434594,-6.772404,768000,768000,1.000000000,1,2025-11-28 19:24:00.000000,2025-11-28 19:24:59.999922,1,BAYxx_xxxx_20251128_192157_000.7z
2025-11-28 19:25:00,3.505171,0.003505171,7.394617,3.077470,-6.966916,768000,768000,1.000000000,1,2025-11-28 19:25:00.000000,2025-11-28 19:25:59.999922,1,BAYxx_xxxx_20251128_192157_000.7z
2025-11-28 19:26:00,3.066896,0.003066896,7.622942,6.086980,-10.643025,768000,768000,1.000000000,1,2025-11-28 19:26:00.000000,2025-11-28 19:26:59.999922,1,BAYxx_xxxx_20251128_192157_000.7z
2025-11-28 19:27:00,2.464424,0.002464424,7.311358,3.055474,-7.902409,768000,768000,1.000000000,1,2025-11-28 19:27:00.000000,2025-11-28 19:27:59.999922,1,BAYxx_xxxx_20251128_192157_000.7z
2025-11-28 19:28:00,0.850428,0.000850428,4.042253,2.154196,-5.346020,768000,768000,1.000000000,1,2025-11-28 19:28:00.000000,2025-11-28 19:28:59.999922,1,BAYxx_xxxx_20251128_192157_000.7z
2025-11-28 19:29:00,-11.892864,-0.011892864,-1.373456,-5.521826,-4.997583,768000,768000,1.000000000,1,2025-11-28 19:29:00.000000,2025-11-28 19:29:59.999922,1,BAYxx_xxxx_20251128_192157_000.7z
2025-11-28 19:30:00,-10.995300,-0.010995300,3.105303,-8.811065,-5.289537,768000,768000,1.000000000,1,2025-11-28 19:30:00.000000,2025-11-28 19:30:59.999922,1,BAYxx_xxxx_20251128_192157_000.7z
2025-11-28 19:31:00,-4.143935,-0.004143935,4.174024,-2.415491,-5.902467,729714,768000,0.950148437,0,2025-11-28 19:31:00.000000,2025-11-28 19:31:57.008828,1,BAYxx_xxxx_20251128_192157_000.7z
2025-11-28 19:32:00,-8.589043,-0.008589043,0.698031,-2.508703,-6.778371,768000,768000,1.000000000,1,2025-11-28 19:32:00.000000,2025-11-28 19:32:59.999922,1,BAYxx_xxxx_20251128_193200_000.7z
2025-11-28 19:33:00,-2.230428,-0.002230428,2.447062,-0.459327,-4.218163,768000,768000,1.000000000,1,2025-11-28 19:33:00.000000,2025-11-28 19:33:59.999922,1,BAYxx_xxxx_20251128_193200_000.7z
2025-11-28 19:34:00,-5.867040,-0.005867040,2.705122,-1.169040,-7.403123,768000,768000,1.000000000,1,2025-11-28 19:34:00.000000,2025-11-28 19:34:59.999922,1,BAYxx_xxxx_20251128_193200_000.7z
2025-11-28 19:35:00,-5.570683,-0.005570683,2.642382,-3.023988,-5.189077,768000,768000,1.000000000,1,2025-11-28 19:35:00.000000,2025-11-28 19:35:59.999922,1,BAYxx_xxxx_20251128_193200_000.7z
2025-11-28 19:36:00,-7.279145,-0.007279145,2.279969,-2.542118,-7.016996,768000,768000,1.000000000,1,2025-11-28 19:36:00.000000,2025-11-28 19:36:59.999922,1,BAYxx_xxxx_20251128_193200_000.7z
2025-11-28 19:37:00,-11.390172,-0.011390172,0.194469,-4.916117,-6.668523,768000,768000,1.000000000,1,2025-11-28 19:37:00.000000,2025-11-28 19:37:59.999922,1,BAYxx_xxxx_20251128_193200_000.7z
2025-11-28 19:38:00,-7.161954,-0.007161954,1.075614,-4.588876,-3.648692,768000,768000,1.000000000,1,2025-11-28 19:38:00.000000,2025-11-28 19:38:59.999922,1,BAYxx_xxxx_20251128_193200_000.7z
2025-11-28 19:39:00,-12.580518,-0.012580518,-1.717078,-3.955431,-6.908009,768000,768000,1.000000000,1,2025-11-28 19:39:00.000000,2025-11-28 19:39:59.999922,1,BAYxx_xxxx_20251128_193200_000.7z
2025-11-28 19:40:00,-9.485681,-0.009485681,0.373176,-4.961085,-4.897771,768000,768000,1.000000000,1,2025-11-28 19:40:00.000000,2025-11-28 19:40:59.999922,1,BAYxx_xxxx_20251128_193200_000.7z
2025-11-28 19:41:00,-7.456962,-0.007456962,-0.199938,-1.742944,-5.514079,768000,768000,1.000000000,1,2025-11-28 19:41:00.000000,2025-11-28 19:41:59.999922,1,BAYxx_xxxx_20251128_193200_000.7z
2025-11-28 19:42:00,-11.134444,-0.011134444,-0.638014,-3.446363,-7.050067,729637,768000,0.950048177,0,2025-11-28 19:42:00.000000,2025-11-28 19:42:59.999922,2,BAYxx_xxxx_20251128_193200_000.7z;BAYxx_xxxx_20251128_194203_000.7z
2025-11-28 19:43:00,-7.397588,-0.007397588,-1.190655,-2.048737,-4.158195,768000,768000,1.000000000,1,2025-11-28 19:43:00.000000,2025-11-28 19:43:59.999922,1,BAYxx_xxxx_20251128_194203_000.7z
2025-11-28 19:44:00,-5.611955,-0.005611955,3.950884,-1.269167,-8.293671,768000,768000,1.000000000,1,2025-11-28 19:44:00.000000,2025-11-28 19:44:59.999922,1,BAYxx_xxxx_20251128_194203_000.7z
2025-11-28 19:45:00,-0.951050,-0.000951050,0.465967,-2.441579,1.024562,768000,768000,1.000000000,1,2025-11-28 19:45:00.000000,2025-11-28 19:45:59.999922,1,BAYxx_xxxx_20251128_194203_000.7z
2025-11-28 19:46:00,-9.418376,-0.009418376,-0.285446,-3.220749,-5.912181,768000,768000,1.000000000,1,2025-11-28 19:46:00.000000,2025-11-28 19:46:59.999922,1,BAYxx_xxxx_20251128_194203_000.7z
2025-11-28 19:47:00,-3.376521,-0.003376521,4.552541,-0.846325,-7.082737,768000,768000,1.000000000,1,2025-11-28 19:47:00.000000,2025-11-28 19:47:59.999922,1,BAYxx_xxxx_20251128_194203_000.7z
2025-11-28 19:48:00,-7.637528,-0.007637528,3.545273,-0.980378,-10.202423,768000,768000,1.000000000,1,2025-11-28 19:48:00.000000,2025-11-28 19:48:59.999922,1,BAYxx_xxxx_20251128_194203_000.7z
2025-11-28 19:49:00,-11.630457,-0.011630457,-0.467293,-0.612241,-10.550923,768000,768000,1.000000000,1,2025-11-28 19:49:00.000000,2025-11-28 19:49:59.999922,1,BAYxx_xxxx_20251128_194203_000.7z
2025-11-28 19:50:00,2.625946,0.002625946,6.541118,4.173376,-8.088549,768000,768000,1.000000000,1,2025-11-28 19:50:00.000000,2025-11-28 19:50:59.999922,1,BAYxx_xxxx_20251128_194203_000.7z
2025-11-28 19:51:00,-1.375415,-0.001375415,6.274691,5.834112,-13.484218,768000,768000,1.000000000,1,2025-11-28 19:51:00.000000,2025-11-28 19:51:59.999922,1,BAYxx_xxxx_20251128_194203_000.7z
2025-11-28 19:52:00,11.288940,0.011288940,14.085785,3.781321,-6.578165,716899,768000,0.933462240,0,2025-11-28 19:52:00.000000,2025-11-28 19:52:59.999922,2,BAYxx_xxxx_20251128_194203_000.7z;BAYxx_xxxx_20251128_195207_000.7z
2025-11-28 19:53:00,-0.195860,-0.000195860,3.813068,3.852709,-7.861637,768000,768000,1.000000000,1,2025-11-28 19:53:00.000000,2025-11-28 19:53:59.999922,1,BAYxx_xxxx_20251128_195207_000.7z
2025-11-28 19:54:00,-13.127627,-0.013127627,-8.605158,-1.262968,-3.259502,768000,768000,1.000000000,1,2025-11-28 19:54:00.000000,2025-11-28 19:54:59.999922,1,BAYxx_xxxx_20251128_195207_000.7z
2025-11-28 19:55:00,-1.696662,-0.001696662,4.366291,-2.583192,-3.479762,768000,768000,1.000000000,1,2025-11-28 19:55:00.000000,2025-11-28 19:55:59.999922,1,BAYxx_xxxx_20251128_195207_000.7z
2025-11-28 19:56:00,-4.029721,-0.004029721,1.055455,-2.908500,-2.176677,768000,768000,1.000000000,1,2025-11-28 19:56:00.000000,2025-11-28 19:56:59.999922,1,BAYxx_xxxx_20251128_195207_000.7z
2025-11-28 19:57:00,-1.116098,-0.001116098,2.445729,-0.053193,-3.508634,768000,768000,1.000000000,1,2025-11-28 19:57:00.000000,2025-11-28 19:57:59.999922,1,BAYxx_xxxx_20251128_195207_000.7z
2025-11-28 19:58:00,-8.058509,-0.008058509,-1.023848,-4.399975,-2.634687,768000,768000,1.000000000,1,2025-11-28 19:58:00.000000,2025-11-28 19:58:59.999922,1,BAYxx_xxxx_20251128_195207_000.7z
2025-11-28 19:59:00,4.619279,0.004619279,3.384541,6.510016,-5.275279,768000,768000,1.000000000,1,2025-11-28 19:59:00.000000,2025-11-28 19:59:59.999922,1,BAYxx_xxxx_20251128_195207_000.7z
2025-11-28 20:00:00,-7.352215,-0.007352215,0.460909,-2.813863,-4.999261,768000,768000,1.000000000,1,2025-11-28 20:00:00.000000,2025-11-28 20:00:59.999922,1,BAYxx_xxxx_20251128_195207_000.7z
2025-11-28 20:01:00,-22.989928,-0.022989928,1.882819,-12.317995,-12.554752,768000,768000,1.000000000,1,2025-11-28 20:01:00.000000,2025-11-28 20:01:59.999922,1,BAYxx_xxxx_20251128_195207_000.7z
2025-11-28 20:02:00,-11.019230,-0.011019230,-3.129446,-0.149583,-7.740202,729731,768000,0.950170573,0,2025-11-28 20:02:00.000000,2025-11-28 20:02:59.999922,2,BAYxx_xxxx_20251128_195207_000.7z;BAYxx_xxxx_20251128_200210_000.7z
2025-11-28 20:03:00,-4.156386,-0.004156386,0.342944,0.087375,-4.586705,768000,768000,1.000000000,1,2025-11-28 20:03:00.000000,2025-11-28 20:03:59.999922,1,BAYxx_xxxx_20251128_200210_000.7z
2025-11-28 20:04:00,-5.628792,-0.005628792,-0.002162,0.320148,-5.946778,768000,768000,1.000000000,1,2025-11-28 20:04:00.000000,2025-11-28 20:04:59.999922,1,BAYxx_xxxx_20251128_200210_000.7z
2025-11-28 20:05:00,-8.875804,-0.008875804,-1.179734,-3.437201,-4.258869,768000,768000,1.000000000,1,2025-11-28 20:05:00.000000,2025-11-28 20:05:59.999922,1,BAYxx_xxxx_20251128_200210_000.7z
2025-11-28 20:06:00,-2.020072,-0.002020072,6.121703,-4.327857,-3.813918,768000,768000,1.000000000,1,2025-11-28 20:06:00.000000,2025-11-28 20:06:59.999922,1,BAYxx_xxxx_20251128_200210_000.7z
2025-11-28 20:07:00,-3.614898,-0.003614898,-1.280916,2.063236,-4.397218,768000,768000,1.000000000,1,2025-11-28 20:07:00.000000,2025-11-28 20:07:59.999922,1,BAYxx_xxxx_20251128_200210_000.7z
2025-11-28 20:08:00,-5.689294,-0.005689294,1.576873,-0.969594,-6.296573,768000,768000,1.000000000,1,2025-11-28 20:08:00.000000,2025-11-28 20:08:59.999922,1,BAYxx_xxxx_20251128_200210_000.7z
2025-11-28 20:09:00,1.304580,0.001304580,6.453885,0.619667,-5.768972,768000,768000,1.000000000,1,2025-11-28 20:09:00.000000,2025-11-28 20:09:59.999922,1,BAYxx_xxxx_20251128_200210_000.7z
2025-11-28 20:10:00,-4.591372,-0.004591372,1.234883,1.093578,-6.919833,768000,768000,1.000000000,1,2025-11-28 20:10:00.000000,2025-11-28 20:10:59.999922,1,BAYxx_xxxx_20251128_200210_000.7z
2025-11-28 20:11:00,0.987671,0.000987671,7.050746,3.629841,-9.692916,768000,768000,1.000000000,1,2025-11-28 20:11:00.000000,2025-11-28 20:11:59.999922,1,BAYxx_xxxx_20251128_200210_000.7z
2025-11-28 20:12:00,10.051081,0.010051081,4.982870,8.743169,-3.674958,716814,768000,0.933351562,0,2025-11-28 20:12:00.000000,2025-11-28 20:12:59.999922,2,BAYxx_xxxx_20251128_200210_000.7z;BAYxx_xxxx_20251128_201214_000.7z
2025-11-28 20:13:00,-8.789642,-0.008789642,5.826642,-1.632405,-12.983879,768000,768000,1.000000000,1,2025-11-28 20:13:00.000000,2025-11-28 20:13:59.999922,1,BAYxx_xxxx_20251128_201214_000.7z
2025-11-28 20:14:00,4.002072,0.004002072,8.041794,6.239201,-10.278923,768000,768000,1.000000000,1,2025-11-28 20:14:00.000000,2025-11-28 20:14:59.999922,1,BAYxx_xxxx_20251128_201214_000.7z
2025-11-28 20:15:00,3.732712,0.003732712,5.109840,5.659881,-7.037008,768000,768000,1.000000000,1,2025-11-28 20:15:00.000000,2025-11-28 20:15:59.999922,1,BAYxx_xxxx_20251128_201214_000.7z
2025-11-28 20:16:00,-12.975477,-0.012975477,-3.723016,-4.878484,-4.373977,768000,768000,1.000000000,1,2025-11-28 20:16:00.000000,2025-11-28 20:16:59.999922,1,BAYxx_xxxx_20251128_201214_000.7z
2025-11-28 20:17:00,-3.903593,-0.003903593,3.332308,-1.648488,-5.587414,768000,768000,1.000000000,1,2025-11-28 20:17:00.000000,2025-11-28 20:17:59.999922,1,BAYxx_xxxx_20251128_201214_000.7z
2025-11-28 20:18:00,-9.285578,-0.009285578,0.908797,-9.819687,-0.374689,768000,768000,1.000000000,1,2025-11-28 20:18:00.000000,2025-11-28 20:18:59.999922,1,BAYxx_xxxx_20251128_201214_000.7z
2025-11-28 20:19:00,-2.207792,-0.002207792,-2.004655,5.526780,-5.729917,768000,768000,1.000000000,1,2025-11-28 20:19:00.000000,2025-11-28 20:19:59.999922,1,BAYxx_xxxx_20251128_201214_000.7z
2025-11-28 20:20:00,-3.373289,-0.003373289,6.388781,-4.001929,-5.760141,768000,768000,1.000000000,1,2025-11-28 20:20:00.000000,2025-11-28 20:20:59.999922,1,BAYxx_xxxx_20251128_201214_000.7z
2025-11-28 20:21:00,-6.177815,-0.006177815,0.523569,-1.212964,-5.488420,768000,768000,1.000000000,1,2025-11-28 20:21:00.000000,2025-11-28 20:21:59.999922,1,BAYxx_xxxx_20251128_201214_000.7z
2025-11-28 20:22:00,-10.315077,-0.010315077,1.449765,-3.150274,-8.614568,716929,768000,0.933501302,0,2025-11-28 20:22:00.000000,2025-11-28 20:22:59.999922,2,BAYxx_xxxx_20251128_201214_000.7z;BAYxx_xxxx_20251128_202218_000.7z
2025-11-28 20:23:00,-10.653748,-0.010653748,-3.203048,-3.314019,-4.136680,768000,768000,1.000000000,1,2025-11-28 20:23:00.000000,2025-11-28 20:23:59.999922,1,BAYxx_xxxx_20251128_202218_000.7z
2025-11-28 20:24:00,3.819133,0.003819133,14.445795,-0.420308,-10.206355,768000,768000,1.000000000,1,2025-11-28 20:24:00.000000,2025-11-28 20:24:59.999922,1,BAYxx_xxxx_20251128_202218_000.7z
2025-11-28 20:25:00,-0.159871,-0.000159871,2.467451,-0.495863,-2.131460,768000,768000,1.000000000,1,2025-11-28 20:25:00.000000,2025-11-28 20:25:59.999922,1,BAYxx_xxxx_20251128_202218_000.7z
2025-11-28 20:26:00,-3.369854,-0.003369854,4.774982,-5.088377,-3.056459,768000,768000,1.000000000,1,2025-11-28 20:26:00.000000,2025-11-28 20:26:59.999922,1,BAYxx_xxxx_20251128_202218_000.7z
2025-11-28 20:27:00,-0.161150,-0.000161150,0.498401,0.836341,-1.495892,768000,768000,1.000000000,1,2025-11-28 20:27:00.000000,2025-11-28 20:27:59.999922,1,BAYxx_xxxx_20251128_202218_000.7z
2025-11-28 20:28:00,-7.855227,-0.007855227,1.042409,-0.143523,-8.754112,768000,768000,1.000000000,1,2025-11-28 20:28:00.000000,2025-11-28 20:28:59.999922,1,BAYxx_xxxx_20251128_202218_000.7z
2025-11-28 20:29:00,-2.701519,-0.002701519,2.921679,-5.455278,-0.167920,768000,768000,1.000000000,1,2025-11-28 20:29:00.000000,2025-11-28 20:29:59.999922,1,BAYxx_xxxx_20251128_202218_000.7z
2025-11-28 20:30:00,-7.351675,-0.007351675,0.550266,-4.041186,-3.860755,768000,768000,1.000000000,1,2025-11-28 20:30:00.000000,2025-11-28 20:30:59.999922,1,BAYxx_xxxx_20251128_202218_000.7z
2025-11-28 20:31:00,-5.849858,-0.005849858,1.835326,-2.176455,-5.508728,768000,768000,1.000000000,1,2025-11-28 20:31:00.000000,2025-11-28 20:31:59.999922,1,BAYxx_xxxx_20251128_202218_000.7z
2025-11-28 20:32:00,-3.572396,-0.003572396,4.320496,-2.013657,-5.879235,729714,768000,0.950148437,0,2025-11-28 20:32:00.000000,2025-11-28 20:32:59.999922,2,BAYxx_xxxx_20251128_202218_000.7z;BAYxx_xxxx_20251128_203221_000.7z
2025-11-28 20:33:00,-5.334882,-0.005334882,1.401847,-0.344449,-6.392280,768000,768000,1.000000000,1,2025-11-28 20:33:00.000000,2025-11-28 20:33:59.999922,1,BAYxx_xxxx_20251128_203221_000.7z
2025-11-28 20:34:00,3.455980,0.003455980,6.676811,5.229621,-8.450451,768000,768000,1.000000000,1,2025-11-28 20:34:00.000000,2025-11-28 20:34:59.999922,1,BAYxx_xxxx_20251128_203221_000.7z
2025-11-28 20:35:00,5.839221,0.005839221,6.222108,5.936958,-6.319845,768000,768000,1.000000000,1,2025-11-28 20:35:00.000000,2025-11-28 20:35:59.999922,1,BAYxx_xxxx_20251128_203221_000.7z
2025-11-28 20:36:00,-1.544473,-0.001544473,4.407774,3.026533,-8.978779,768000,768000,1.000000000,1,2025-11-28 20:36:00.000000,2025-11-28 20:36:59.999922,1,BAYxx_xxxx_20251128_203221_000.7z
2025-11-28 20:37:00,8.114021,0.008114021,8.469931,4.257709,-4.613620,768000,768000,1.000000000,1,2025-11-28 20:37:00.000000,2025-11-28 20:37:59.999922,1,BAYxx_xxxx_20251128_203221_000.7z
2025-11-28 20:38:00,1.621064,0.001621064,6.165838,2.310195,-6.854969,768000,768000,1.000000000,1,2025-11-28 20:38:00.000000,2025-11-28 20:38:59.999922,1,BAYxx_xxxx_20251128_203221_000.7z
2025-11-28 20:39:00,-3.585802,-0.003585802,2.652152,-1.480723,-4.757232,768000,768000,1.000000000,1,2025-11-28 20:39:00.000000,2025-11-28 20:39:59.999922,1,BAYxx_xxxx_20251128_203221_000.7z
2025-11-28 20:40:00,-6.795561,-0.006795561,2.988840,-4.286277,-5.498125,768000,768000,1.000000000,1,2025-11-28 20:40:00.000000,2025-11-28 20:40:59.999922,1,BAYxx_xxxx_20251128_203221_000.7z
2025-11-28 20:41:00,-12.423649,-0.012423649,-5.240059,-2.202951,-4.980639,768000,768000,1.000000000,1,2025-11-28 20:41:00.000000,2025-11-28 20:41:59.999922,1,BAYxx_xxxx_20251128_203221_000.7z
2025-11-28 20:42:00,-10.440548,-0.010440548,-3.675798,-2.971126,-3.793624,729674,768000,0.950096354,0,2025-11-28 20:42:00.000000,2025-11-28 20:42:59.999922,2,BAYxx_xxxx_20251128_203221_000.7z;BAYxx_xxxx_20251128_204224_000.7z
2025-11-28 20:43:00,-7.202549,-0.007202549,-1.509556,-1.013778,-4.679216,768000,768000,1.000000000,1,2025-11-28 20:43:00.000000,2025-11-28 20:43:59.999922,1,BAYxx_xxxx_20251128_204224_000.7z
2025-11-28 20:44:00,0.458421,0.000458421,8.955498,-2.659238,-5.837838,768000,768000,1.000000000,1,2025-11-28 20:44:00.000000,2025-11-28 20:44:59.999922,1,BAYxx_xxxx_20251128_204224_000.7z
2025-11-28 20:45:00,-8.447937,-0.008447937,-0.008796,-4.575841,-3.863299,768000,768000,1.000000000,1,2025-11-28 20:45:00.000000,2025-11-28 20:45:59.999922,1,BAYxx_xxxx_20251128_204224_000.7z
2025-11-28 20:46:00,-7.016607,-0.007016607,8.982291,-8.904093,-7.094804,768000,768000,1.000000000,1,2025-11-28 20:46:00.000000,2025-11-28 20:46:59.999922,1,BAYxx_xxxx_20251128_204224_000.7z
2025-11-28 20:47:00,-5.636575,-0.005636575,0.818236,-0.741846,-5.712965,768000,768000,1.000000000,1,2025-11-28 20:47:00.000000,2025-11-28 20:47:59.999922,1,BAYxx_xxxx_20251128_204224_000.7z
2025-11-28 20:48:00,-1.794465,-0.001794465,3.848489,0.351949,-5.994903,768000,768000,1.000000000,1,2025-11-28 20:48:00.000000,2025-11-28 20:48:59.999922,1,BAYxx_xxxx_20251128_204224_000.7z
2025-11-28 20:49:00,-7.135745,-0.007135745,1.816281,-5.177559,-3.774468,768000,768000,1.000000000,1,2025-11-28 20:49:00.000000,2025-11-28 20:49:59.999922,1,BAYxx_xxxx_20251128_204224_000.7z
2025-11-28 20:50:00,1.623971,0.001623971,2.707479,3.680834,-4.764341,768000,768000,1.000000000,1,2025-11-28 20:50:00.000000,2025-11-28 20:50:59.999922,1,BAYxx_xxxx_20251128_204224_000.7z
2025-11-28 20:51:00,-14.629618,-0.014629618,-2.256973,-2.865642,-9.507003,768000,768000,1.000000000,1,2025-11-28 20:51:00.000000,2025-11-28 20:51:59.999922,1,BAYxx_xxxx_20251128_204224_000.7z
2025-11-28 20:52:00,-3.638737,-0.003638737,2.791884,-2.366908,-4.063713,729679,768000,0.950102865,0,2025-11-28 20:52:00.000000,2025-11-28 20:52:59.999922,2,BAYxx_xxxx_20251128_204224_000.7z;BAYxx_xxxx_20251128_205227_000.7z
2025-11-28 20:53:00,-8.550417,-0.008550417,-4.279413,1.480329,-5.751332,768000,768000,1.000000000,1,2025-11-28 20:53:00.000000,2025-11-28 20:53:59.999922,1,BAYxx_xxxx_20251128_205227_000.7z
2025-11-28 20:54:00,-6.109746,-0.006109746,0.273970,-1.102528,-5.281188,768000,768000,1.000000000,1,2025-11-28 20:54:00.000000,2025-11-28 20:54:59.999922,1,BAYxx_xxxx_20251128_205227_000.7z
2025-11-28 20:55:00,-2.855826,-0.002855826,1.996026,1.877058,-6.728911,768000,768000,1.000000000,1,2025-11-28 20:55:00.000000,2025-11-28 20:55:59.999922,1,BAYxx_xxxx_20251128_205227_000.7z
2025-11-28 20:56:00,5.680704,0.005680704,9.223133,4.646313,-8.188742,768000,768000,1.000000000,1,2025-11-28 20:56:00.000000,2025-11-28 20:56:59.999922,1,BAYxx_xxxx_20251128_205227_000.7z
2025-11-28 20:57:00,0.357773,0.000357773,1.442448,6.279094,-7.363769,768000,768000,1.000000000,1,2025-11-28 20:57:00.000000,2025-11-28 20:57:59.999922,1,BAYxx_xxxx_20251128_205227_000.7z
2025-11-28 20:58:00,-1.513152,-0.001513152,3.777964,4.644162,-9.935278,768000,768000,1.000000000,1,2025-11-28 20:58:00.000000,2025-11-28 20:58:59.999922,1,BAYxx_xxxx_20251128_205227_000.7z
2025-11-28 20:59:00,8.892737,0.008892737,6.869204,7.209059,-5.185525,768000,768000,1.000000000,1,2025-11-28 20:59:00.000000,2025-11-28 20:59:59.999922,1,BAYxx_xxxx_20251128_205227_000.7z
2025-11-28 21:00:00,-3.735154,-0.003735154,3.567470,0.351429,-7.654053,768000,768000,1.000000000,1,2025-11-28 21:00:00.000000,2025-11-28 21:00:59.999922,1,BAYxx_xxxx_20251128_205227_000.7z
2025-11-28 21:01:00,-1.380129,-0.001380129,2.179434,-0.660853,-2.898711,768000,768000,1.000000000,1,2025-11-28 21:01:00.000000,2025-11-28 21:01:59.999922,1,BAYxx_xxxx_20251128_205227_000.7z
2025-11-28 21:02:00,0.618239,0.000618239,3.479924,-0.815560,-2.046125,729713,768000,0.950147135,0,2025-11-28 21:02:00.000000,2025-11-28 21:02:59.999922,2,BAYxx_xxxx_20251128_205227_000.7z;BAYxx_xxxx_20251128_210230_000.7z
2025-11-28 21:03:00,-5.554801,-0.005554801,3.301469,-2.344980,-6.511290,768000,768000,1.000000000,1,2025-11-28 21:03:00.000000,2025-11-28 21:03:59.999922,1,BAYxx_xxxx_20251128_210230_000.7z
2025-11-28 21:04:00,-0.704290,-0.000704290,4.533859,-3.278452,-1.959698,768000,768000,1.000000000,1,2025-11-28 21:04:00.000000,2025-11-28 21:04:59.999922,1,BAYxx_xxxx_20251128_210230_000.7z
2025-11-28 21:05:00,-3.616301,-0.003616301,0.198085,0.127507,-3.941893,768000,768000,1.000000000,1,2025-11-28 21:05:00.000000,2025-11-28 21:05:59.999922,1,BAYxx_xxxx_20251128_210230_000.7z
2025-11-28 21:06:00,-10.591005,-0.010591005,-0.178370,-3.225652,-7.186983,768000,768000,1.000000000,1,2025-11-28 21:06:00.000000,2025-11-28 21:06:59.999922,1,BAYxx_xxxx_20251128_210230_000.7z
2025-11-28 21:07:00,-3.567300,-0.003567300,3.189694,-4.159415,-2.597579,768000,768000,1.000000000,1,2025-11-28 21:07:00.000000,2025-11-28 21:07:59.999922,1,BAYxx_xxxx_20251128_210230_000.7z
2025-11-28 21:08:00,-4.335345,-0.004335345,0.967639,1.275203,-6.578188,768000,768000,1.000000000,1,2025-11-28 21:08:00.000000,2025-11-28 21:08:59.999922,1,BAYxx_xxxx_20251128_210230_000.7z
2025-11-28 21:09:00,-1.354633,-0.001354633,2.889038,-1.881173,-2.362498,768000,768000,1.000000000,1,2025-11-28 21:09:00.000000,2025-11-28 21:09:59.999922,1,BAYxx_xxxx_20251128_210230_000.7z
2025-11-28 21:10:00,-6.819258,-0.006819258,0.876755,-2.488377,-5.207635,768000,768000,1.000000000,1,2025-11-28 21:10:00.000000,2025-11-28 21:10:59.999922,1,BAYxx_xxxx_20251128_210230_000.7z
2025-11-28 21:11:00,4.119346,0.004119346,5.026021,1.417300,-2.323975,768000,768000,1.000000000,1,2025-11-28 21:11:00.000000,2025-11-28 21:11:59.999922,1,BAYxx_xxxx_20251128_210230_000.7z
2025-11-28 21:12:00,-3.692643,-0.003692643,2.524130,-2.645452,-3.571321,729646,768000,0.950059896,0,2025-11-28 21:12:00.000000,2025-11-28 21:12:59.999922,2,BAYxx_xxxx_20251128_210230_000.7z;BAYxx_xxxx_20251128_211233_000.7z
2025-11-28 21:13:00,-7.901903,-0.007901903,1.379966,-5.238771,-4.043098,768000,768000,1.000000000,1,2025-11-28 21:13:00.000000,2025-11-28 21:13:59.999922,1,BAYxx_xxxx_20251128_211233_000.7z
2025-11-28 21:14:00,-4.996995,-0.004996995,-3.110525,-1.097893,-0.788577,768000,768000,1.000000000,1,2025-11-28 21:14:00.000000,2025-11-28 21:14:59.999922,1,BAYxx_xxxx_20251128_211233_000.7z
2025-11-28 21:15:00,-0.151365,-0.000151365,3.276846,-0.687823,-2.740388,768000,768000,1.000000000,1,2025-11-28 21:15:00.000000,2025-11-28 21:15:59.999922,1,BAYxx_xxxx_20251128_211233_000.7z
2025-11-28 21:16:00,-14.439011,-0.014439011,-4.281657,-5.957783,-4.199570,768000,768000,1.000000000,1,2025-11-28 21:16:00.000000,2025-11-28 21:16:59.999922,1,BAYxx_xxxx_20251128_211233_000.7z
2025-11-28 21:17:00,-12.622991,-0.012622991,-0.619042,-2.250882,-9.753067,768000,768000,1.000000000,1,2025-11-28 21:17:00.000000,2025-11-28 21:17:59.999922,1,BAYxx_xxxx_20251128_211233_000.7z
2025-11-28 21:18:00,-1.392414,-0.001392414,3.475655,0.607063,-5.475132,768000,768000,1.000000000,1,2025-11-28 21:18:00.000000,2025-11-28 21:18:59.999922,1,BAYxx_xxxx_20251128_211233_000.7z
2025-11-28 21:19:00,6.339797,0.006339797,9.101500,4.625129,-7.386832,768000,768000,1.000000000,1,2025-11-28 21:19:00.000000,2025-11-28 21:19:59.999922,1,BAYxx_xxxx_20251128_211233_000.7z
2025-11-28 21:20:00,5.585298,0.005585298,6.819801,4.202922,-5.437425,768000,768000,1.000000000,1,2025-11-28 21:20:00.000000,2025-11-28 21:20:59.999922,1,BAYxx_xxxx_20251128_211233_000.7z
2025-11-28 21:21:00,15.381125,0.015381125,19.555798,2.188257,-6.362929,768000,768000,1.000000000,1,2025-11-28 21:21:00.000000,2025-11-28 21:21:59.999922,1,BAYxx_xxxx_20251128_211233_000.7z
2025-11-28 21:22:00,2.903455,0.002903455,1.336008,5.260739,-3.693292,716817,768000,0.933355469,0,2025-11-28 21:22:00.000000,2025-11-28 21:22:59.999922,2,BAYxx_xxxx_20251128_211233_000.7z;BAYxx_xxxx_20251128_212237_000.7z
2025-11-28 21:23:00,-5.352624,-0.005352624,0.819573,0.955110,-7.127306,768000,768000,1.000000000,1,2025-11-28 21:23:00.000000,2025-11-28 21:23:59.999922,1,BAYxx_xxxx_20251128_212237_000.7z
2025-11-28 21:24:00,-4.433413,-0.004433413,1.245028,-4.614661,-1.063780,768000,768000,1.000000000,1,2025-11-28 21:24:00.000000,2025-11-28 21:24:59.999922,1,BAYxx_xxxx_20251128_212237_000.7z
2025-11-28 21:25:00,7.022245,0.007022245,1.861202,6.843030,-1.681987,768000,768000,1.000000000,1,2025-11-28 21:25:00.000000,2025-11-28 21:25:59.999922,1,BAYxx_xxxx_20251128_212237_000.7z
2025-11-28 21:26:00,-1.473849,-0.001473849,3.757172,-0.201024,-5.029996,768000,768000,1.000000000,1,2025-11-28 21:26:00.000000,2025-11-28 21:26:59.999922,1,BAYxx_xxxx_20251128_212237_000.7z
2025-11-28 21:27:00,-6.188377,-0.006188377,0.351838,-1.231330,-5.308886,768000,768000,1.000000000,1,2025-11-28 21:27:00.000000,2025-11-28 21:27:59.999922,1,BAYxx_xxxx_20251128_212237_000.7z
2025-11-28 21:28:00,-7.637691,-0.007637691,-0.212124,-4.208097,-3.217470,768000,768000,1.000000000,1,2025-11-28 21:28:00.000000,2025-11-28 21:28:59.999922,1,BAYxx_xxxx_20251128_212237_000.7z
2025-11-28 21:29:00,-6.434176,-0.006434176,3.843601,-2.117145,-8.160632,768000,768000,1.000000000,1,2025-11-28 21:29:00.000000,2025-11-28 21:29:59.999922,1,BAYxx_xxxx_20251128_212237_000.7z
2025-11-28 21:30:00,-6.822730,-0.006822730,1.127013,-2.267242,-5.682500,768000,768000,1.000000000,1,2025-11-28 21:30:00.000000,2025-11-28 21:30:59.999922,1,BAYxx_xxxx_20251128_212237_000.7z
2025-11-28 21:31:00,-6.268687,-0.006268687,2.571542,-3.238169,-5.602059,768000,768000,1.000000000,1,2025-11-28 21:31:00.000000,2025-11-28 21:31:59.999922,1,BAYxx_xxxx_20251128_212237_000.7z
2025-11-28 21:32:00,1.275989,0.001275989,6.765532,0.396396,-5.885938,729739,768000,0.950180990,0,2025-11-28 21:32:00.000000,2025-11-28 21:32:59.999922,2,BAYxx_xxxx_20251128_212237_000.7z;BAYxx_xxxx_20251128_213240_000.7z
2025-11-28 21:33:00,-9.235453,-0.009235453,2.263216,-6.281731,-5.216939,768000,768000,1.000000000,1,2025-11-28 21:33:00.000000,2025-11-28 21:33:59.999922,1,BAYxx_xxxx_20251128_213240_000.7z
2025-11-28 21:34:00,-9.478822,-0.009478822,-1.150146,-3.757670,-4.571006,768000,768000,1.000000000,1,2025-11-28 21:34:00.000000,2025-11-28 21:34:59.999922,1,BAYxx_xxxx_20251128_213240_000.7z
2025-11-28 21:35:00,10.846587,0.010846587,7.616402,5.510451,-2.280265,768000,768000,1.000000000,1,2025-11-28 21:35:00.000000,2025-11-28 21:35:59.999922,1,BAYxx_xxxx_20251128_213240_000.7z
2025-11-28 21:36:00,-15.869247,-0.015869247,-5.611432,-5.609931,-4.647885,768000,768000,1.000000000,1,2025-11-28 21:36:00.000000,2025-11-28 21:36:59.999922,1,BAYxx_xxxx_20251128_213240_000.7z
2025-11-28 21:37:00,6.594527,0.006594527,5.741918,5.248455,-4.395846,768000,768000,1.000000000,1,2025-11-28 21:37:00.000000,2025-11-28 21:37:59.999922,1,BAYxx_xxxx_20251128_213240_000.7z
2025-11-28 21:38:00,-6.263459,-0.006263459,0.476605,-1.689668,-5.050396,768000,768000,1.000000000,1,2025-11-28 21:38:00.000000,2025-11-28 21:38:59.999922,1,BAYxx_xxxx_20251128_213240_000.7z
2025-11-28 21:39:00,-6.011780,-0.006011780,2.346759,-2.620791,-5.737748,768000,768000,1.000000000,1,2025-11-28 21:39:00.000000,2025-11-28 21:39:59.999922,1,BAYxx_xxxx_20251128_213240_000.7z
2025-11-28 21:40:00,-1.841118,-0.001841118,-0.091263,2.111313,-3.861168,768000,768000,1.000000000,1,2025-11-28 21:40:00.000000,2025-11-28 21:40:59.999922,1,BAYxx_xxxx_20251128_213240_000.7z
2025-11-28 21:41:00,0.439871,0.000439871,7.359327,4.240961,-11.160418,768000,768000,1.000000000,1,2025-11-28 21:41:00.000000,2025-11-28 21:41:59.999922,1,BAYxx_xxxx_20251128_213240_000.7z
2025-11-28 21:42:00,2.151170,0.002151170,7.521066,4.961488,-10.331385,729612,768000,0.950015625,0,2025-11-28 21:42:00.000000,2025-11-28 21:42:59.999922,2,BAYxx_xxxx_20251128_213240_000.7z;BAYxx_xxxx_20251128_214243_000.7z
2025-11-28 21:43:00,1.095599,0.001095599,12.240118,1.791348,-12.935867,768000,768000,1.000000000,1,2025-11-28 21:43:00.000000,2025-11-28 21:43:59.999922,1,BAYxx_xxxx_20251128_214243_000.7z
2025-11-28 21:44:00,1.556037,0.001556037,7.390473,4.313751,-10.148187,768000,768000,1.000000000,1,2025-11-28 21:44:00.000000,2025-11-28 21:44:59.999922,1,BAYxx_xxxx_20251128_214243_000.7z
2025-11-28 21:45:00,18.843105,0.018843105,11.035324,12.212928,-4.405147,768000,768000,1.000000000,1,2025-11-28 21:45:00.000000,2025-11-28 21:45:59.999922,1,BAYxx_xxxx_20251128_214243_000.7z
2025-11-28 21:46:00,-2.056766,-0.002056766,2.540634,-1.135144,-3.462257,768000,768000,1.000000000,1,2025-11-28 21:46:00.000000,2025-11-28 21:46:59.999922,1,BAYxx_xxxx_20251128_214243_000.7z
2025-11-28 21:47:00,-4.764966,-0.004764966,2.837340,0.050907,-7.653213,768000,768000,1.000000000,1,2025-11-28 21:47:00.000000,2025-11-28 21:47:59.999922,1,BAYxx_xxxx_20251128_214243_000.7z
2025-11-28 21:48:00,-8.754431,-0.008754431,0.703852,-4.361063,-5.097220,768000,768000,1.000000000,1,2025-11-28 21:48:00.000000,2025-11-28 21:48:59.999922,1,BAYxx_xxxx_20251128_214243_000.7z
2025-11-28 21:49:00,-6.365588,-0.006365588,-1.586090,-1.255567,-3.523931,768000,768000,1.000000000,1,2025-11-28 21:49:00.000000,2025-11-28 21:49:59.999922,1,BAYxx_xxxx_20251128_214243_000.7z
2025-11-28 21:50:00,-12.201237,-0.012201237,-0.754104,-7.002969,-4.444164,768000,768000,1.000000000,1,2025-11-28 21:50:00.000000,2025-11-28 21:50:59.999922,1,BAYxx_xxxx_20251128_214243_000.7z
2025-11-28 21:51:00,-3.041044,-0.003041044,6.023614,-2.942073,-6.122584,768000,768000,1.000000000,1,2025-11-28 21:51:00.000000,2025-11-28 21:51:59.999922,1,BAYxx_xxxx_20251128_214243_000.7z
2025-11-28 21:52:00,0.740794,0.000740794,0.044465,-0.469122,1.165451,716917,768000,0.933485677,0,2025-11-28 21:52:00.000000,2025-11-28 21:52:59.999922,2,BAYxx_xxxx_20251128_214243_000.7z;BAYxx_xxxx_20251128_215247_000.7z
2025-11-28 21:53:00,-2.978113,-0.002978113,-0.332831,-2.895368,0.250086,768000,768000,1.000000000,1,2025-11-28 21:53:00.000000,2025-11-28 21:53:59.999922,1,BAYxx_xxxx_20251128_215247_000.7z
2025-11-28 21:54:00,-1.249353,-0.001249353,-0.610381,2.257584,-2.896556,768000,768000,1.000000000,1,2025-11-28 21:54:00.000000,2025-11-28 21:54:59.999922,1,BAYxx_xxxx_20251128_215247_000.7z
2025-11-28 21:55:00,-6.557233,-0.006557233,1.455979,-3.492196,-4.521016,768000,768000,1.000000000,1,2025-11-28 21:55:00.000000,2025-11-28 21:55:59.999922,1,BAYxx_xxxx_20251128_215247_000.7z
2025-11-28 21:56:00,-6.429260,-0.006429260,2.255314,-0.081118,-8.603456,768000,768000,1.000000000,1,2025-11-28 21:56:00.000000,2025-11-28 21:56:59.999922,1,BAYxx_xxxx_20251128_215247_000.7z
2025-11-28 21:57:00,-2.543788,-0.002543788,4.164255,-0.852541,-5.855502,768000,768000,1.000000000,1,2025-11-28 21:57:00.000000,2025-11-28 21:57:59.999922,1,BAYxx_xxxx_20251128_215247_000.7z
2025-11-28 21:58:00,-0.002599,-0.000002599,-1.462035,3.224238,-1.764801,768000,768000,1.000000000,1,2025-11-28 21:58:00.000000,2025-11-28 21:58:59.999922,1,BAYxx_xxxx_20251128_215247_000.7z
2025-11-28 21:59:00,-4.021783,-0.004021783,-0.577964,-0.362064,-3.081755,768000,768000,1.000000000,1,2025-11-28 21:59:00.000000,2025-11-28 21:59:59.999922,1,BAYxx_xxxx_20251128_215247_000.7z
2025-11-28 22:00:00,-8.554760,-0.008554760,0.783074,-4.982832,-4.355002,768000,768000,1.000000000,1,2025-11-28 22:00:00.000000,2025-11-28 22:00:59.999922,1,BAYxx_xxxx_20251128_215247_000.7z
2025-11-28 22:01:00,-13.732967,-0.013732967,-1.249700,-1.605484,-10.877783,768000,768000,1.000000000,1,2025-11-28 22:01:00.000000,2025-11-28 22:01:59.999922,1,BAYxx_xxxx_20251128_215247_000.7z
2025-11-28 22:02:00,-9.427971,-0.009427971,3.468885,-5.074786,-7.822071,716839,768000,0.933384115,0,2025-11-28 22:02:00.000000,2025-11-28 22:02:59.999922,2,BAYxx_xxxx_20251128_215247_000.7z;BAYxx_xxxx_20251128_220251_000.7z
2025-11-28 22:03:00,-1.202225,-0.001202225,2.915741,5.175519,-9.293485,768000,768000,1.000000000,1,2025-11-28 22:03:00.000000,2025-11-28 22:03:59.999922,1,BAYxx_xxxx_20251128_220251_000.7z
2025-11-28 22:04:00,0.949615,0.000949615,9.931933,2.844649,-11.826967,768000,768000,1.000000000,1,2025-11-28 22:04:00.000000,2025-11-28 22:04:59.999922,1,BAYxx_xxxx_20251128_220251_000.7z
2025-11-28 22:05:00,4.526279,0.004526279,5.057824,5.814777,-6.346322,768000,768000,1.000000000,1,2025-11-28 22:05:00.000000,2025-11-28 22:05:59.999922,1,BAYxx_xxxx_20251128_220251_000.7z
2025-11-28 22:06:00,-0.814378,-0.000814378,2.071337,5.714756,-8.600472,768000,768000,1.000000000,1,2025-11-28 22:06:00.000000,2025-11-28 22:06:59.999922,1,BAYxx_xxxx_20251128_220251_000.7z
2025-11-28 22:07:00,0.787833,0.000787833,9.052867,3.396854,-11.661888,768000,768000,1.000000000,1,2025-11-28 22:07:00.000000,2025-11-28 22:07:59.999922,1,BAYxx_xxxx_20251128_220251_000.7z
2025-11-28 22:08:00,-0.084612,-0.000084612,1.942049,-0.401042,-1.625620,768000,768000,1.000000000,1,2025-11-28 22:08:00.000000,2025-11-28 22:08:59.999922,1,BAYxx_xxxx_20251128_220251_000.7z
2025-11-28 22:09:00,-4.618360,-0.004618360,1.007032,0.258749,-5.884140,768000,768000,1.000000000,1,2025-11-28 22:09:00.000000,2025-11-28 22:09:59.999922,1,BAYxx_xxxx_20251128_220251_000.7z
2025-11-28 22:10:00,-12.365959,-0.012365959,-0.295078,-2.907577,-9.163303,768000,768000,1.000000000,1,2025-11-28 22:10:00.000000,2025-11-28 22:10:59.999922,1,BAYxx_xxxx_20251128_220251_000.7z
2025-11-28 22:11:00,-8.993210,-0.008993210,-5.339166,0.444213,-4.098257,768000,768000,1.000000000,1,2025-11-28 22:11:00.000000,2025-11-28 22:11:59.999922,1,BAYxx_xxxx_20251128_220251_000.7z
2025-11-28 22:12:00,-9.160912,-0.009160912,0.526922,-4.816174,-4.871661,729728,768000,0.950166667,0,2025-11-28 22:12:00.000000,2025-11-28 22:12:59.999922,2,BAYxx_xxxx_20251128_220251_000.7z;BAYxx_xxxx_20251128_221254_000.7z
2025-11-28 22:13:00,-9.006201,-0.009006201,1.532395,-4.929790,-5.608805,768000,768000,1.000000000,1,2025-11-28 22:13:00.000000,2025-11-28 22:13:59.999922,1,BAYxx_xxxx_20251128_221254_000.7z
2025-11-28 22:14:00,-5.554232,-0.005554232,-1.687247,0.393882,-4.260867,768000,768000,1.000000000,1,2025-11-28 22:14:00.000000,2025-11-28 22:14:59.999922,1,BAYxx_xxxx_20251128_221254_000.7z
2025-11-28 22:15:00,-12.223152,-0.012223152,-0.445962,-4.808491,-6.968698,768000,768000,1.000000000,1,2025-11-28 22:15:00.000000,2025-11-28 22:15:59.999922,1,BAYxx_xxxx_20251128_221254_000.7z
2025-11-28 22:16:00,-5.031366,-0.005031366,2.792315,-2.914471,-4.909209,768000,768000,1.000000000,1,2025-11-28 22:16:00.000000,2025-11-28 22:16:59.999922,1,BAYxx_xxxx_20251128_221254_000.7z
2025-11-28 22:17:00,-0.298924,-0.000298924,7.189923,-2.188634,-5.300214,768000,768000,1.000000000,1,2025-11-28 22:17:00.000000,2025-11-28 22:17:59.999922,1,BAYxx_xxxx_20251128_221254_000.7z
2025-11-28 22:18:00,-7.961645,-0.007961645,-0.463735,-2.412438,-5.085472,768000,768000,1.000000000,1,2025-11-28 22:18:00.000000,2025-11-28 22:18:59.999922,1,BAYxx_xxxx_20251128_221254_000.7z
2025-11-28 22:19:00,-6.596211,-0.006596211,-0.317895,-2.261657,-4.016659,768000,768000,1.000000000,1,2025-11-28 22:19:00.000000,2025-11-28 22:19:59.999922,1,BAYxx_xxxx_20251128_221254_000.7z
2025-11-28 22:20:00,-5.526976,-0.005526976,2.430460,-2.338428,-5.619009,768000,768000,1.000000000,1,2025-11-28 22:20:00.000000,2025-11-28 22:20:59.999922,1,BAYxx_xxxx_20251128_221254_000.7z
2025-11-28 22:21:00,-10.529380,-0.010529380,-3.280651,-1.790233,-5.458496,768000,768000,1.000000000,1,2025-11-28 22:21:00.000000,2025-11-28 22:21:59.999922,1,BAYxx_xxxx_20251128_221254_000.7z
2025-11-28 22:22:00,-5.199340,-0.005199340,3.597722,-3.330828,-5.466233,729711,768000,0.950144531,0,2025-11-28 22:22:00.000000,2025-11-28 22:22:59.999922,2,BAYxx_xxxx_20251128_221254_000.7z;BAYxx_xxxx_20251128_222257_000.7z
2025-11-28 22:23:00,-12.380824,-0.012380824,2.185567,-11.878223,-2.688168,768000,768000,1.000000000,1,2025-11-28 22:23:00.000000,2025-11-28 22:23:59.999922,1,BAYxx_xxxx_20251128_222257_000.7z
2025-11-28 22:24:00,-4.021398,-0.004021398,4.059453,-3.147648,-4.933203,768000,768000,1.000000000,1,2025-11-28 22:24:00.000000,2025-11-28 22:24:59.999922,1,BAYxx_xxxx_20251128_222257_000.7z
2025-11-28 22:25:00,-11.120051,-0.011120051,-3.217619,1.329259,-9.231691,768000,768000,1.000000000,1,2025-11-28 22:25:00.000000,2025-11-28 22:25:59.999922,1,BAYxx_xxxx_20251128_222257_000.7z
2025-11-28 22:26:00,2.765628,0.002765628,5.802358,5.252372,-8.289102,768000,768000,1.000000000,1,2025-11-28 22:26:00.000000,2025-11-28 22:26:59.999922,1,BAYxx_xxxx_20251128_222257_000.7z
2025-11-28 22:27:00,-0.717023,-0.000717023,5.759122,1.799952,-8.276097,768000,768000,1.000000000,1,2025-11-28 22:27:00.000000,2025-11-28 22:27:59.999922,1,BAYxx_xxxx_20251128_222257_000.7z
2025-11-28 22:28:00,3.495036,0.003495036,6.682411,4.341482,-7.528858,768000,768000,1.000000000,1,2025-11-28 22:28:00.000000,2025-11-28 22:28:59.999922,1,BAYxx_xxxx_20251128_222257_000.7z
2025-11-28 22:29:00,-7.095830,-0.007095830,5.397438,0.840391,-13.333659,768000,768000,1.000000000,1,2025-11-28 22:29:00.000000,2025-11-28 22:29:59.999922,1,BAYxx_xxxx_20251128_222257_000.7z
2025-11-28 22:30:00,-0.842413,-0.000842413,1.935860,5.960531,-8.738804,768000,768000,1.000000000,1,2025-11-28 22:30:00.000000,2025-11-28 22:30:59.999922,1,BAYxx_xxxx_20251128_222257_000.7z
2025-11-28 22:31:00,4.679102,0.004679102,5.048437,5.396139,-5.765473,768000,768000,1.000000000,1,2025-11-28 22:31:00.000000,2025-11-28 22:31:59.999922,1,BAYxx_xxxx_20251128_222257_000.7z
2025-11-28 22:32:00,7.913983,0.007913983,3.578899,5.469358,-1.134273,729603,768000,0.950003906,0,2025-11-28 22:32:00.000000,2025-11-28 22:32:57.000156,1,BAYxx_xxxx_20251128_222257_000.7z
2025-11-28 22:33:00,-5.738764,-0.005738764,2.608380,-3.798535,-4.548609,768000,768000,1.000000000,1,2025-11-28 22:33:00.000000,2025-11-28 22:33:59.999922,1,BAYxx_xxxx_20251128_223300_000.7z
2025-11-28 22:34:00,-8.420645,-0.008420645,2.033595,-5.160175,-5.294065,768000,768000,1.000000000,1,2025-11-28 22:34:00.000000,2025-11-28 22:34:59.999922,1,BAYxx_xxxx_20251128_223300_000.7z
2025-11-28 22:35:00,-12.706337,-0.012706337,-1.945873,-5.897296,-4.863168,768000,768000,1.000000000,1,2025-11-28 22:35:00.000000,2025-11-28 22:35:59.999922,1,BAYxx_xxxx_20251128_223300_000.7z
2025-11-28 22:36:00,-0.154409,-0.000154409,5.441530,-0.600083,-4.995856,768000,768000,1.000000000,1,2025-11-28 22:36:00.000000,2025-11-28 22:36:59.999922,1,BAYxx_xxxx_20251128_223300_000.7z
2025-11-28 22:37:00,-9.884031,-0.009884031,2.512864,-2.591608,-9.805287,768000,768000,1.000000000,1,2025-11-28 22:37:00.000000,2025-11-28 22:37:59.999922,1,BAYxx_xxxx_20251128_223300_000.7z
2025-11-28 22:38:00,-14.211843,-0.014211843,-1.624510,-2.420012,-10.167321,768000,768000,1.000000000,1,2025-11-28 22:38:00.000000,2025-11-28 22:38:59.999922,1,BAYxx_xxxx_20251128_223300_000.7z
2025-11-28 22:39:00,-8.217194,-0.008217194,-2.798584,-0.082503,-5.336107,768000,768000,1.000000000,1,2025-11-28 22:39:00.000000,2025-11-28 22:39:59.999922,1,BAYxx_xxxx_20251128_223300_000.7z
2025-11-28 22:40:00,-12.147550,-0.012147550,-4.810975,-3.879985,-3.456591,768000,768000,1.000000000,1,2025-11-28 22:40:00.000000,2025-11-28 22:40:59.999922,1,BAYxx_xxxx_20251128_223300_000.7z
2025-11-28 22:41:00,-8.854966,-0.008854966,-0.800977,-2.431758,-5.622231,768000,768000,1.000000000,1,2025-11-28 22:41:00.000000,2025-11-28 22:41:59.999922,1,BAYxx_xxxx_20251128_223300_000.7z
2025-11-28 22:42:00,-11.546013,-0.011546013,-0.076840,-6.479086,-4.990087,768000,768000,1.000000000,1,2025-11-28 22:42:00.000000,2025-11-28 22:42:59.999922,1,BAYxx_xxxx_20251128_223300_000.7z
2025-11-28 22:43:00,-6.591886,-0.006591886,1.065931,-2.603422,-5.054395,716835,768000,0.933378906,0,2025-11-28 22:43:00.000000,2025-11-28 22:43:59.999922,2,BAYxx_xxxx_20251128_223300_000.7z;BAYxx_xxxx_20251128_224304_000.7z
2025-11-28 22:44:00,-4.370095,-0.004370095,-0.226239,-0.748688,-3.395167,768000,768000,1.000000000,1,2025-11-28 22:44:00.000000,2025-11-28 22:44:59.999922,1,BAYxx_xxxx_20251128_224304_000.7z
2025-11-28 22:45:00,-2.444016,-0.002444016,0.854138,0.132575,-3.430729,768000,768000,1.000000000,1,2025-11-28 22:45:00.000000,2025-11-28 22:45:59.999922,1,BAYxx_xxxx_20251128_224304_000.7z
2025-11-28 22:46:00,-7.736635,-0.007736635,0.402655,-2.380878,-5.758412,768000,768000,1.000000000,1,2025-11-28 22:46:00.000000,2025-11-28 22:46:59.999922,1,BAYxx_xxxx_20251128_224304_000.7z
2025-11-28 22:47:00,-8.129280,-0.008129280,1.525528,-3.455993,-6.198816,768000,768000,1.000000000,1,2025-11-28 22:47:00.000000,2025-11-28 22:47:59.999922,1,BAYxx_xxxx_20251128_224304_000.7z
2025-11-28 22:48:00,-2.577828,-0.002577828,3.566793,-0.583157,-5.561465,768000,768000,1.000000000,1,2025-11-28 22:48:00.000000,2025-11-28 22:48:59.999922,1,BAYxx_xxxx_20251128_224304_000.7z
2025-11-28 22:49:00,-2.382243,-0.002382243,3.183249,6.163837,-11.729329,768000,768000,1.000000000,1,2025-11-28 22:49:00.000000,2025-11-28 22:49:59.999922,1,BAYxx_xxxx_20251128_224304_000.7z
2025-11-28 22:50:00,9.719083,0.009719083,9.889013,5.220157,-5.390087,768000,768000,1.000000000,1,2025-11-28 22:50:00.000000,2025-11-28 22:50:59.999922,1,BAYxx_xxxx_20251128_224304_000.7z
2025-11-28 22:51:00,5.257531,0.005257531,8.264176,6.759672,-9.766317,768000,768000,1.000000000,1,2025-11-28 22:51:00.000000,2025-11-28 22:51:59.999922,1,BAYxx_xxxx_20251128_224304_000.7z
2025-11-28 22:52:00,3.800329,0.003800329,8.359248,4.501959,-9.060879,768000,768000,1.000000000,1,2025-11-28 22:52:00.000000,2025-11-28 22:52:59.999922,1,BAYxx_xxxx_20251128_224304_000.7z
2025-11-28 22:53:00,11.495929,0.011495929,11.125301,9.861962,-9.491334,716863,768000,0.933415365,0,2025-11-28 22:53:00.000000,2025-11-28 22:53:59.999922,2,BAYxx_xxxx_20251128_224304_000.7z;BAYxx_xxxx_20251128_225308_000.7z
2025-11-28 22:54:00,3.343282,0.003343282,3.160997,8.586885,-8.404601,768000,768000,1.000000000,1,2025-11-28 22:54:00.000000,2025-11-28 22:54:59.999922,1,BAYxx_xxxx_20251128_225308_000.7z
2025-11-28 22:55:00,-0.933264,-0.000933264,-0.616711,2.231435,-2.547988,768000,768000,1.000000000,1,2025-11-28 22:55:00.000000,2025-11-28 22:55:59.999922,1,BAYxx_xxxx_20251128_225308_000.7z
2025-11-28 22:56:00,-9.888795,-0.009888795,7.087949,-7.276251,-9.700493,768000,768000,1.000000000,1,2025-11-28 22:56:00.000000,2025-11-28 22:56:59.999922,1,BAYxx_xxxx_20251128_225308_000.7z
2025-11-28 22:57:00,-11.128076,-0.011128076,2.458020,-6.073264,-7.512833,768000,768000,1.000000000,1,2025-11-28 22:57:00.000000,2025-11-28 22:57:59.999922,1,BAYxx_xxxx_20251128_225308_000.7z
2025-11-28 22:58:00,-7.239196,-0.007239196,2.477094,-6.022783,-3.693506,768000,768000,1.000000000,1,2025-11-28 22:58:00.000000,2025-11-28 22:58:59.999922,1,BAYxx_xxxx_20251128_225308_000.7z
2025-11-28 22:59:00,-4.325664,-0.004325664,0.594070,-0.191818,-4.727916,768000,768000,1.000000000,1,2025-11-28 22:59:00.000000,2025-11-28 22:59:59.999922,1,BAYxx_xxxx_20251128_225308_000.7z
2025-11-28 23:00:00,-10.974374,-0.010974374,-2.160157,-2.182439,-6.631778,768000,768000,1.000000000,1,2025-11-28 23:00:00.000000,2025-11-28 23:00:59.999922,1,BAYxx_xxxx_20251128_225308_000.7z
2025-11-28 23:01:00,-10.553440,-0.010553440,-3.392278,2.356301,-9.517462,768000,768000,1.000000000,1,2025-11-28 23:01:00.000000,2025-11-28 23:01:59.999922,1,BAYxx_xxxx_20251128_225308_000.7z
2025-11-28 23:02:00,-6.811056,-0.006811056,1.682980,-2.704771,-5.789265,768000,768000,1.000000000,1,2025-11-28 23:02:00.000000,2025-11-28 23:02:59.999922,1,BAYxx_xxxx_20251128_225308_000.7z
