minute_start,active_power_w,active_power_kw,phase_a_power_w,phase_b_power_w,phase_c_power_w,sample_count,expected_samples,coverage_ratio,is_complete,first_sample_time,last_sample_time,source_archive_count,source_archives
2025-11-26 20:47:00,-9.858866,-0.009858866,4.650166,-4.942809,-9.566222,729731,768000,0.950170573,0,2025-11-26 20:47:00.000000,2025-11-26 20:47:59.999922,2,BAYxx_xxxx_20251126_203730_000.7z;BAYxx_xxxx_20251126_204733_000.7z
2025-11-26 20:48:00,2.505550,0.002505550,2.469558,0.612585,-0.576593,768000,768000,1.000000000,1,2025-11-26 20:48:00.000000,2025-11-26 20:48:59.999922,1,BAYxx_xxxx_20251126_204733_000.7z
2025-11-26 20:49:00,3.937926,0.003937926,9.529335,1.050554,-6.641963,768000,768000,1.000000000,1,2025-11-26 20:49:00.000000,2025-11-26 20:49:59.999922,1,BAYxx_xxxx_20251126_204733_000.7z
2025-11-26 20:50:00,0.772675,0.000772675,8.879916,1.440437,-9.547678,768000,768000,1.000000000,1,2025-11-26 20:50:00.000000,2025-11-26 20:50:59.999922,1,BAYxx_xxxx_20251126_204733_000.7z
2025-11-26 20:51:00,-1.836214,-0.001836214,5.315152,1.033517,-8.184883,768000,768000,1.000000000,1,2025-11-26 20:51:00.000000,2025-11-26 20:51:59.999922,1,BAYxx_xxxx_20251126_204733_000.7z
2025-11-26 20:52:00,3.449029,0.003449029,11.686363,1.113745,-9.351078,768000,768000,1.000000000,1,2025-11-26 20:52:00.000000,2025-11-26 20:52:59.999922,1,BAYxx_xxxx_20251126_204733_000.7z
2025-11-26 20:53:00,7.279495,0.007279495,9.689885,5.472243,-7.882633,768000,768000,1.000000000,1,2025-11-26 20:53:00.000000,2025-11-26 20:53:59.999922,1,BAYxx_xxxx_20251126_204733_000.7z
2025-11-26 20:54:00,2.761499,0.002761499,11.905428,-1.390878,-7.753051,768000,768000,1.000000000,1,2025-11-26 20:54:00.000000,2025-11-26 20:54:59.999922,1,BAYxx_xxxx_20251126_204733_000.7z
2025-11-26 20:55:00,-1.673907,-0.001673907,-1.322455,7.250205,-7.601657,768000,768000,1.000000000,1,2025-11-26 20:55:00.000000,2025-11-26 20:55:59.999922,1,BAYxx_xxxx_20251126_204733_000.7z
2025-11-26 20:56:00,1.056690,0.001056690,7.931089,-1.961088,-4.913311,768000,768000,1.000000000,1,2025-11-26 20:56:00.000000,2025-11-26 20:56:59.999922,1,BAYxx_xxxx_20251126_204733_000.7z
2025-11-26 20:57:00,-9.911353,-0.009911353,3.117986,-7.067028,-5.962311,716838,768000,0.933382812,0,2025-11-26 20:57:00.000000,2025-11-26 20:57:59.999922,2,BAYxx_xxxx_20251126_204733_000.7z;BAYxx_xxxx_20251126_205737_000.7z
2025-11-26 20:58:00,4.802786,0.004802786,4.107038,-1.605814,2.301562,768000,768000,1.000000000,1,2025-11-26 20:58:00.000000,2025-11-26 20:58:59.999922,1,BAYxx_xxxx_20251126_205737_000.7z
2025-11-26 20:59:00,1.088686,0.001088686,4.400177,0.371832,-3.683323,768000,768000,1.000000000,1,2025-11-26 20:59:00.000000,2025-11-26 20:59:59.999922,1,BAYxx_xxxx_20251126_205737_000.7z
2025-11-26 21:00:00,-9.109362,-0.009109362,-2.279874,-9.348186,2.518698,768000,768000,1.000000000,1,2025-11-26 21:00:00.000000,2025-11-26 21:00:59.999922,1,BAYxx_xxxx_20251126_205737_000.7z
2025-11-26 21:01:00,-7.668807,-0.007668807,-0.063515,-2.551914,-5.053378,768000,768000,1.000000000,1,2025-11-26 21:01:00.000000,2025-11-26 21:01:59.999922,1,BAYxx_xxxx_20251126_205737_000.7z
2025-11-26 21:02:00,-1.963846,-0.001963846,4.713776,-0.322633,-6.354989,768000,768000,1.000000000,1,2025-11-26 21:02:00.000000,2025-11-26 21:02:59.999922,1,BAYxx_xxxx_20251126_205737_000.7z
2025-11-26 21:03:00,-4.477863,-0.004477863,1.452436,-1.851380,-4.078919,768000,768000,1.000000000,1,2025-11-26 21:03:00.000000,2025-11-26 21:03:59.999922,1,BAYxx_xxxx_20251126_205737_000.7z
2025-11-26 21:04:00,-12.079493,-0.012079493,1.482631,-3.045490,-10.516634,768000,768000,1.000000000,1,2025-11-26 21:04:00.000000,2025-11-26 21:04:59.999922,1,BAYxx_xxxx_20251126_205737_000.7z
2025-11-26 21:05:00,-9.654320,-0.009654320,0.982234,-2.312140,-8.324414,768000,768000,1.000000000,1,2025-11-26 21:05:00.000000,2025-11-26 21:05:59.999922,1,BAYxx_xxxx_20251126_205737_000.7z
2025-11-26 21:06:00,-7.235394,-0.007235394,-2.460095,-0.027833,-4.747466,768000,768000,1.000000000,1,2025-11-26 21:06:00.000000,2025-11-26 21:06:59.999922,1,BAYxx_xxxx_20251126_205737_000.7z
2025-11-26 21:07:00,-4.215720,-0.004215720,5.024244,-5.868135,-3.371829,716878,768000,0.933434896,0,2025-11-26 21:07:00.000000,2025-11-26 21:07:59.999922,2,BAYxx_xxxx_20251126_205737_000.7z;BAYxx_xxxx_20251126_210741_000.7z
2025-11-26 21:08:00,-4.754446,-0.004754446,0.997209,-2.143432,-3.608223,768000,768000,1.000000000,1,2025-11-26 21:08:00.000000,2025-11-26 21:08:59.999922,1,BAYxx_xxxx_20251126_210741_000.7z
2025-11-26 21:09:00,-3.063537,-0.003063537,2.374896,-0.269653,-5.168781,768000,768000,1.000000000,1,2025-11-26 21:09:00.000000,2025-11-26 21:09:59.999922,1,BAYxx_xxxx_20251126_210741_000.7z
2025-11-26 21:10:00,-1.862969,-0.001862969,2.863490,-4.083734,-0.642725,768000,768000,1.000000000,1,2025-11-26 21:10:00.000000,2025-11-26 21:10:59.999922,1,BAYxx_xxxx_20251126_210741_000.7z
2025-11-26 21:11:00,-8.280254,-0.008280254,2.370902,-6.130781,-4.520375,768000,768000,1.000000000,1,2025-11-26 21:11:00.000000,2025-11-26 21:11:59.999922,1,BAYxx_xxxx_20251126_210741_000.7z
2025-11-26 21:12:00,-12.985332,-0.012985332,4.690831,-11.328198,-6.347965,768000,768000,1.000000000,1,2025-11-26 21:12:00.000000,2025-11-26 21:12:59.999922,1,BAYxx_xxxx_20251126_210741_000.7z
2025-11-26 21:13:00,5.307935,0.005307935,10.503415,-2.136713,-3.058767,768000,768000,1.000000000,1,2025-11-26 21:13:00.000000,2025-11-26 21:13:59.999922,1,BAYxx_xxxx_20251126_210741_000.7z
2025-11-26 21:14:00,-5.748416,-0.005748416,1.384516,-1.750345,-5.382587,768000,768000,1.000000000,1,2025-11-26 21:14:00.000000,2025-11-26 21:14:59.999922,1,BAYxx_xxxx_20251126_210741_000.7z
2025-11-26 21:15:00,-1.568094,-0.001568094,2.003916,2.731972,-6.303983,768000,768000,1.000000000,1,2025-11-26 21:15:00.000000,2025-11-26 21:15:59.999922,1,BAYxx_xxxx_20251126_210741_000.7z
2025-11-26 21:16:00,5.448796,0.005448796,7.031267,6.192212,-7.774683,768000,768000,1.000000000,1,2025-11-26 21:16:00.000000,2025-11-26 21:16:59.999922,1,BAYxx_xxxx_20251126_210741_000.7z
2025-11-26 21:17:00,10.335263,0.010335263,2.726776,6.970095,0.638391,729645,768000,0.950058594,0,2025-11-26 21:17:00.000000,2025-11-26 21:17:59.999922,2,BAYxx_xxxx_20251126_210741_000.7z;BAYxx_xxxx_20251126_211744_000.7z
2025-11-26 21:18:00,12.269465,0.012269465,13.091355,4.198977,-5.020867,768000,768000,1.000000000,1,2025-11-26 21:18:00.000000,2025-11-26 21:18:59.999922,1,BAYxx_xxxx_20251126_211744_000.7z
2025-11-26 21:19:00,22.714721,0.022714721,15.975567,8.822126,-2.082972,768000,768000,1.000000000,1,2025-11-26 21:19:00.000000,2025-11-26 21:19:59.999922,1,BAYxx_xxxx_20251126_211744_000.7z
2025-11-26 21:20:00,1.832509,0.001832509,3.395569,3.906057,-5.469118,768000,768000,1.000000000,1,2025-11-26 21:20:00.000000,2025-11-26 21:20:59.999922,1,BAYxx_xxxx_20251126_211744_000.7z
2025-11-26 21:21:00,1.136658,0.001136658,2.073640,4.771899,-5.708881,768000,768000,1.000000000,1,2025-11-26 21:21:00.000000,2025-11-26 21:21:59.999922,1,BAYxx_xxxx_20251126_211744_000.7z
2025-11-26 21:22:00,-5.823502,-0.005823502,3.402901,-2.602743,-6.623660,768000,768000,1.000000000,1,2025-11-26 21:22:00.000000,2025-11-26 21:22:59.999922,1,BAYxx_xxxx_20251126_211744_000.7z
2025-11-26 21:23:00,-9.860115,-0.009860115,5.237521,-6.053334,-9.044302,768000,768000,1.000000000,1,2025-11-26 21:23:00.000000,2025-11-26 21:23:59.999922,1,BAYxx_xxxx_20251126_211744_000.7z
2025-11-26 21:24:00,-5.315682,-0.005315682,1.574959,-2.630532,-4.260109,768000,768000,1.000000000,1,2025-11-26 21:24:00.000000,2025-11-26 21:24:59.999922,1,BAYxx_xxxx_20251126_211744_000.7z
2025-11-26 21:25:00,-1.295843,-0.001295843,3.843206,-3.108033,-2.031015,768000,768000,1.000000000,1,2025-11-26 21:25:00.000000,2025-11-26 21:25:59.999922,1,BAYxx_xxxx_20251126_211744_000.7z
2025-11-26 21:26:00,1.276162,0.001276162,7.614537,-1.812045,-4.526330,768000,768000,1.000000000,1,2025-11-26 21:26:00.000000,2025-11-26 21:26:59.999922,1,BAYxx_xxxx_20251126_211744_000.7z
2025-11-26 21:27:00,-4.898456,-0.004898456,4.406887,-4.925893,-4.379450,716896,768000,0.933458333,0,2025-11-26 21:27:00.000000,2025-11-26 21:27:59.999922,2,BAYxx_xxxx_20251126_211744_000.7z;BAYxx_xxxx_20251126_212748_000.7z
2025-11-26 21:28:00,12.184199,0.012184199,10.982964,5.410900,-4.209664,768000,768000,1.000000000,1,2025-11-26 21:28:00.000000,2025-11-26 21:28:59.999922,1,BAYxx_xxxx_20251126_212748_000.7z
2025-11-26 21:29:00,1.829946,0.001829946,8.063174,-0.620877,-5.612351,768000,768000,1.000000000,1,2025-11-26 21:29:00.000000,2025-11-26 21:29:59.999922,1,BAYxx_xxxx_20251126_212748_000.7z
2025-11-26 21:30:00,-5.532308,-0.005532308,3.215324,-3.413245,-5.334387,768000,768000,1.000000000,1,2025-11-26 21:30:00.000000,2025-11-26 21:30:59.999922,1,BAYxx_xxxx_20251126_212748_000.7z
2025-11-26 21:31:00,-3.118118,-0.003118118,-2.368774,-0.624121,-0.125223,768000,768000,1.000000000,1,2025-11-26 21:31:00.000000,2025-11-26 21:31:59.999922,1,BAYxx_xxxx_20251126_212748_000.7z
2025-11-26 21:32:00,-6.546277,-0.006546277,0.784395,-0.756155,-6.574517,768000,768000,1.000000000,1,2025-11-26 21:32:00.000000,2025-11-26 21:32:59.999922,1,BAYxx_xxxx_20251126_212748_000.7z
2025-11-26 21:33:00,-3.923940,-0.003923940,3.067730,-1.120958,-5.870713,768000,768000,1.000000000,1,2025-11-26 21:33:00.000000,2025-11-26 21:33:59.999922,1,BAYxx_xxxx_20251126_212748_000.7z
2025-11-26 21:34:00,-10.421225,-0.010421225,1.909587,-4.127622,-8.203190,768000,768000,1.000000000,1,2025-11-26 21:34:00.000000,2025-11-26 21:34:59.999922,1,BAYxx_xxxx_20251126_212748_000.7z
2025-11-26 21:35:00,8.231565,0.008231565,4.090293,5.383871,-1.242598,768000,768000,1.000000000,1,2025-11-26 21:35:00.000000,2025-11-26 21:35:59.999922,1,BAYxx_xxxx_20251126_212748_000.7z
2025-11-26 21:36:00,-2.947486,-0.002947486,6.312711,0.490163,-9.750360,768000,768000,1.000000000,1,2025-11-26 21:36:00.000000,2025-11-26 21:36:59.999922,1,BAYxx_xxxx_20251126_212748_000.7z
2025-11-26 21:37:00,6.802461,0.006802461,10.042019,4.163719,-7.403277,716862,768000,0.933414063,0,2025-11-26 21:37:00.000000,2025-11-26 21:37:59.999922,2,BAYxx_xxxx_20251126_212748_000.7z;BAYxx_xxxx_20251126_213752_000.7z
2025-11-26 21:38:00,-1.007510,-0.001007510,0.521864,7.094284,-8.623658,768000,768000,1.000000000,1,2025-11-26 21:38:00.000000,2025-11-26 21:38:59.999922,1,BAYxx_xxxx_20251126_213752_000.7z
2025-11-26 21:39:00,4.417911,0.004417911,12.686727,4.401883,-12.670699,768000,768000,1.000000000,1,2025-11-26 21:39:00.000000,2025-11-26 21:39:59.999922,1,BAYxx_xxxx_20251126_213752_000.7z
2025-11-26 21:40:00,-0.476201,-0.000476201,4.611448,4.776319,-9.863968,768000,768000,1.000000000,1,2025-11-26 21:40:00.000000,2025-11-26 21:40:59.999922,1,BAYxx_xxxx_20251126_213752_000.7z
2025-11-26 21:41:00,0.393210,0.000393210,8.101561,1.356009,-9.064361,768000,768000,1.000000000,1,2025-11-26 21:41:00.000000,2025-11-26 21:41:59.999922,1,BAYxx_xxxx_20251126_213752_000.7z
2025-11-26 21:42:00,4.825214,0.004825214,4.848206,6.345807,-6.368799,768000,768000,1.000000000,1,2025-11-26 21:42:00.000000,2025-11-26 21:42:59.999922,1,BAYxx_xxxx_20251126_213752_000.7z
2025-11-26 21:43:00,-8.821928,-0.008821928,1.705624,-5.813768,-4.713783,768000,768000,1.000000000,1,2025-11-26 21:43:00.000000,2025-11-26 21:43:59.999922,1,BAYxx_xxxx_20251126_213752_000.7z
2025-11-26 21:44:00,2.347346,0.002347346,1.869690,4.119819,-3.642163,768000,768000,1.000000000,1,2025-11-26 21:44:00.000000,2025-11-26 21:44:59.999922,1,BAYxx_xxxx_20251126_213752_000.7z
2025-11-26 21:45:00,-9.236591,-0.009236591,1.447422,-4.183856,-6.500157,768000,768000,1.000000000,1,2025-11-26 21:45:00.000000,2025-11-26 21:45:59.999922,1,BAYxx_xxxx_20251126_213752_000.7z
2025-11-26 21:46:00,-0.272108,-0.000272108,4.849395,1.656558,-6.778061,768000,768000,1.000000000,1,2025-11-26 21:46:00.000000,2025-11-26 21:46:59.999922,1,BAYxx_xxxx_20251126_213752_000.7z
2025-11-26 21:47:00,-6.111242,-0.006111242,2.244030,-3.463702,-4.891570,729650,768000,0.950065104,0,2025-11-26 21:47:00.000000,2025-11-26 21:47:59.999922,2,BAYxx_xxxx_20251126_213752_000.7z;BAYxx_xxxx_20251126_214755_000.7z
2025-11-26 21:48:00,-2.688412,-0.002688412,3.041355,0.618381,-6.348147,768000,768000,1.000000000,1,2025-11-26 21:48:00.000000,2025-11-26 21:48:59.999922,1,BAYxx_xxxx_20251126_214755_000.7z
2025-11-26 21:49:00,-9.618199,-0.009618199,-0.100836,-4.589177,-4.928186,768000,768000,1.000000000,1,2025-11-26 21:49:00.000000,2025-11-26 21:49:59.999922,1,BAYxx_xxxx_20251126_214755_000.7z
2025-11-26 21:50:00,-1.515035,-0.001515035,5.207200,-3.675545,-3.046690,768000,768000,1.000000000,1,2025-11-26 21:50:00.000000,2025-11-26 21:50:59.999922,1,BAYxx_xxxx_20251126_214755_000.7z
2025-11-26 21:51:00,-8.134473,-0.008134473,2.038873,-2.321910,-7.851435,768000,768000,1.000000000,1,2025-11-26 21:51:00.000000,2025-11-26 21:51:59.999922,1,BAYxx_xxxx_20251126_214755_000.7z
2025-11-26 21:52:00,-7.842803,-0.007842803,0.085623,-1.075648,-6.852778,768000,768000,1.000000000,1,2025-11-26 21:52:00.000000,2025-11-26 21:52:59.999922,1,BAYxx_xxxx_20251126_214755_000.7z
2025-11-26 21:53:00,-1.743483,-0.001743483,3.071548,-0.036309,-4.778721,768000,768000,1.000000000,1,2025-11-26 21:53:00.000000,2025-11-26 21:53:59.999922,1,BAYxx_xxxx_20251126_214755_000.7z
2025-11-26 21:54:00,3.630216,0.003630216,4.410254,0.256502,-1.036540,768000,768000,1.000000000,1,2025-11-26 21:54:00.000000,2025-11-26 21:54:59.999922,1,BAYxx_xxxx_20251126_214755_000.7z
2025-11-26 21:55:00,-9.479648,-0.009479648,1.371046,-6.209993,-4.640701,768000,768000,1.000000000,1,2025-11-26 21:55:00.000000,2025-11-26 21:55:59.999922,1,BAYxx_xxxx_20251126_214755_000.7z
2025-11-26 21:56:00,-7.592527,-0.007592527,0.368738,-0.364259,-7.597006,768000,768000,1.000000000,1,2025-11-26 21:56:00.000000,2025-11-26 21:56:59.999922,1,BAYxx_xxxx_20251126_214755_000.7z
2025-11-26 21:57:00,-10.308572,-0.010308572,-3.307620,-3.353205,-3.647748,742417,768000,0.966688802,0,2025-11-26 21:57:00.000000,2025-11-26 21:57:59.999922,2,BAYxx_xxxx_20251126_214755_000.7z;BAYxx_xxxx_20251126_215757_000.7z
2025-11-26 21:58:00,-5.110828,-0.005110828,-0.617257,-2.141422,-2.352149,768000,768000,1.000000000,1,2025-11-26 21:58:00.000000,2025-11-26 21:58:59.999922,1,BAYxx_xxxx_20251126_215757_000.7z
2025-11-26 21:59:00,-9.863457,-0.009863457,-2.076756,-3.959475,-3.827226,768000,768000,1.000000000,1,2025-11-26 21:59:00.000000,2025-11-26 21:59:59.999922,1,BAYxx_xxxx_20251126_215757_000.7z
2025-11-26 22:00:00,-10.117635,-0.010117635,-0.140316,0.032736,-10.010054,768000,768000,1.000000000,1,2025-11-26 22:00:00.000000,2025-11-26 22:00:59.999922,1,BAYxx_xxxx_20251126_215757_000.7z
2025-11-26 22:01:00,-5.568112,-0.005568112,3.193088,-4.432619,-4.328581,768000,768000,1.000000000,1,2025-11-26 22:01:00.000000,2025-11-26 22:01:59.999922,1,BAYxx_xxxx_20251126_215757_000.7z
2025-11-26 22:02:00,-0.208052,-0.000208052,3.980579,6.043971,-10.232601,768000,768000,1.000000000,1,2025-11-26 22:02:00.000000,2025-11-26 22:02:59.999922,1,BAYxx_xxxx_20251126_215757_000.7z
2025-11-26 22:03:00,-5.571990,-0.005571990,1.611520,2.417779,-9.601288,768000,768000,1.000000000,1,2025-11-26 22:03:00.000000,2025-11-26 22:03:59.999922,1,BAYxx_xxxx_20251126_215757_000.7z
2025-11-26 22:04:00,3.131069,0.003131069,7.243961,3.948581,-8.061473,768000,768000,1.000000000,1,2025-11-26 22:04:00.000000,2025-11-26 22:04:59.999922,1,BAYxx_xxxx_20251126_215757_000.7z
2025-11-26 22:05:00,-5.465994,-0.005465994,7.279231,-1.654025,-11.091200,768000,768000,1.000000000,1,2025-11-26 22:05:00.000000,2025-11-26 22:05:59.999922,1,BAYxx_xxxx_20251126_215757_000.7z
2025-11-26 22:06:00,6.016117,0.006016117,11.127094,4.017679,-9.128655,768000,768000,1.000000000,1,2025-11-26 22:06:00.000000,2025-11-26 22:06:59.999922,1,BAYxx_xxxx_20251126_215757_000.7z
2025-11-26 22:07:00,7.577697,0.007577697,6.870479,7.289349,-6.582130,729727,768000,0.950165365,0,2025-11-26 22:07:00.000000,2025-11-26 22:07:57.009844,1,BAYxx_xxxx_20251126_215757_000.7z
2025-11-26 22:08:00,-7.103043,-0.007103043,4.225726,-3.879076,-7.449692,768000,768000,1.000000000,1,2025-11-26 22:08:00.000000,2025-11-26 22:08:59.999922,1,BAYxx_xxxx_20251126_220800_000.7z
2025-11-26 22:09:00,3.673667,0.003673667,7.962067,0.837544,-5.125944,768000,768000,1.000000000,1,2025-11-26 22:09:00.000000,2025-11-26 22:09:59.999922,1,BAYxx_xxxx_20251126_220800_000.7z
2025-11-26 22:10:00,-5.490070,-0.005490070,-0.696651,-0.458377,-4.335042,768000,768000,1.000000000,1,2025-11-26 22:10:00.000000,2025-11-26 22:10:59.999922,1,BAYxx_xxxx_20251126_220800_000.7z
2025-11-26 22:11:00,-12.246071,-0.012246071,-3.311759,-2.766084,-6.168227,768000,768000,1.000000000,1,2025-11-26 22:11:00.000000,2025-11-26 22:11:59.999922,1,BAYxx_xxxx_20251126_220800_000.7z
2025-11-26 22:12:00,-19.182829,-0.019182829,-7.390432,-2.173823,-9.618574,768000,768000,1.000000000,1,2025-11-26 22:12:00.000000,2025-11-26 22:12:59.999922,1,BAYxx_xxxx_20251126_220800_000.7z
2025-11-26 22:13:00,-5.138169,-0.005138169,0.897014,-1.018316,-5.016867,768000,768000,1.000000000,1,2025-11-26 22:13:00.000000,2025-11-26 22:13:59.999922,1,BAYxx_xxxx_20251126_220800_000.7z
2025-11-26 22:14:00,-3.991402,-0.003991402,3.642057,-2.524534,-5.108925,768000,768000,1.000000000,1,2025-11-26 22:14:00.000000,2025-11-26 22:14:59.999922,1,BAYxx_xxxx_20251126_220800_000.7z
2025-11-26 22:15:00,-0.782268,-0.000782268,0.330522,-0.062909,-1.049880,768000,768000,1.000000000,1,2025-11-26 22:15:00.000000,2025-11-26 22:15:59.999922,1,BAYxx_xxxx_20251126_220800_000.7z
2025-11-26 22:16:00,-4.900876,-0.004900876,3.847421,-1.425206,-7.323091,768000,768000,1.000000000,1,2025-11-26 22:16:00.000000,2025-11-26 22:16:59.999922,1,BAYxx_xxxx_20251126_220800_000.7z
2025-11-26 22:17:00,-10.329263,-0.010329263,-2.802335,-2.555309,-4.971618,768000,768000,1.000000000,1,2025-11-26 22:17:00.000000,2025-11-26 22:17:59.999922,1,BAYxx_xxxx_20251126_220800_000.7z
2025-11-26 22:18:00,-18.309714,-0.018309714,-4.469481,-4.040239,-9.799993,716922,768000,0.933492187,0,2025-11-26 22:18:00.000000,2025-11-26 22:18:59.999922,2,BAYxx_xxxx_20251126_220800_000.7z;BAYxx_xxxx_20251126_221804_000.7z
2025-11-26 22:19:00,-0.123082,-0.000123082,3.637295,1.289770,-5.050147,768000,768000,1.000000000,1,2025-11-26 22:19:00.000000,2025-11-26 22:19:59.999922,1,BAYxx_xxxx_20251126_221804_000.7z
2025-11-26 22:20:00,-13.361061,-0.013361061,-5.014790,-2.223010,-6.123261,768000,768000,1.000000000,1,2025-11-26 22:20:00.000000,2025-11-26 22:20:59.999922,1,BAYxx_xxxx_20251126_221804_000.7z
2025-11-26 22:21:00,-4.972075,-0.004972075,1.092525,-3.278814,-2.785787,768000,768000,1.000000000,1,2025-11-26 22:21:00.000000,2025-11-26 22:21:59.999922,1,BAYxx_xxxx_20251126_221804_000.7z
2025-11-26 22:22:00,-6.820105,-0.006820105,2.330708,-3.378492,-5.772321,768000,768000,1.000000000,1,2025-11-26 22:22:00.000000,2025-11-26 22:22:59.999922,1,BAYxx_xxxx_20251126_221804_000.7z
2025-11-26 22:23:00,-0.630581,-0.000630581,5.765951,-1.003371,-5.393161,768000,768000,1.000000000,1,2025-11-26 22:23:00.000000,2025-11-26 22:23:59.999922,1,BAYxx_xxxx_20251126_221804_000.7z
2025-11-26 22:24:00,-3.767643,-0.003767643,2.035815,-1.892665,-3.910794,768000,768000,1.000000000,1,2025-11-26 22:24:00.000000,2025-11-26 22:24:59.999922,1,BAYxx_xxxx_20251126_221804_000.7z
2025-11-26 22:25:00,5.215674,0.005215674,8.161533,4.699176,-7.645034,768000,768000,1.000000000,1,2025-11-26 22:25:00.000000,2025-11-26 22:25:59.999922,1,BAYxx_xxxx_20251126_221804_000.7z
2025-11-26 22:26:00,5.109458,0.005109458,8.456296,4.445038,-7.791876,768000,768000,1.000000000,1,2025-11-26 22:26:00.000000,2025-11-26 22:26:59.999922,1,BAYxx_xxxx_20251126_221804_000.7z
2025-11-26 22:27:00,12.707885,0.012707885,8.176456,8.660800,-4.129371,768000,768000,1.000000000,1,2025-11-26 22:27:00.000000,2025-11-26 22:27:59.999922,1,BAYxx_xxxx_20251126_221804_000.7z
2025-11-26 22:28:00,8.681776,0.008681776,9.365022,4.224748,-4.907994,716868,768000,0.933421875,0,2025-11-26 22:28:00.000000,2025-11-26 22:28:59.999922,2,BAYxx_xxxx_20251126_221804_000.7z;BAYxx_xxxx_20251126_222808_000.7z
2025-11-26 22:29:00,0.114803,0.000114803,2.788874,5.934068,-8.608139,768000,768000,1.000000000,1,2025-11-26 22:29:00.000000,2025-11-26 22:29:59.999922,1,BAYxx_xxxx_20251126_222808_000.7z
2025-11-26 22:30:00,2.529718,0.002529718,-1.061023,9.691339,-6.100598,768000,768000,1.000000000,1,2025-11-26 22:30:00.000000,2025-11-26 22:30:59.999922,1,BAYxx_xxxx_20251126_222808_000.7z
2025-11-26 22:31:00,-12.825167,-0.012825167,-3.163631,-3.592037,-6.069499,768000,768000,1.000000000,1,2025-11-26 22:31:00.000000,2025-11-26 22:31:59.999922,1,BAYxx_xxxx_20251126_222808_000.7z
2025-11-26 22:32:00,-0.849499,-0.000849499,4.924374,0.618828,-6.392702,768000,768000,1.000000000,1,2025-11-26 22:32:00.000000,2025-11-26 22:32:59.999922,1,BAYxx_xxxx_20251126_222808_000.7z
2025-11-26 22:33:00,-3.354940,-0.003354940,9.507782,-5.496922,-7.365800,768000,768000,1.000000000,1,2025-11-26 22:33:00.000000,2025-11-26 22:33:59.999922,1,BAYxx_xxxx_20251126_222808_000.7z
2025-11-26 22:34:00,-5.919050,-0.005919050,1.389893,-0.718060,-6.590883,768000,768000,1.000000000,1,2025-11-26 22:34:00.000000,2025-11-26 22:34:59.999922,1,BAYxx_xxxx_20251126_222808_000.7z
2025-11-26 22:35:00,-1.035574,-0.001035574,4.852771,-0.419003,-5.469342,768000,768000,1.000000000,1,2025-11-26 22:35:00.000000,2025-11-26 22:35:59.999922,1,BAYxx_xxxx_20251126_222808_000.7z
2025-11-26 22:36:00,-0.696102,-0.000696102,7.386537,-2.550266,-5.532373,768000,768000,1.000000000,1,2025-11-26 22:36:00.000000,2025-11-26 22:36:59.999922,1,BAYxx_xxxx_20251126_222808_000.7z
2025-11-26 22:37:00,-9.900952,-0.009900952,3.275946,-3.612664,-9.564234,768000,768000,1.000000000,1,2025-11-26 22:37:00.000000,2025-11-26 22:37:59.999922,1,BAYxx_xxxx_20251126_222808_000.7z
2025-11-26 22:38:00,-11.727886,-0.011727886,1.841114,-7.080326,-6.488674,729731,768000,0.950170573,0,2025-11-26 22:38:00.000000,2025-11-26 22:38:59.999922,2,BAYxx_xxxx_20251126_222808_000.7z;BAYxx_xxxx_20251126_223811_000.7z
2025-11-26 22:39:00,-15.912947,-0.015912947,-3.101097,-6.485010,-6.326841,768000,768000,1.000000000,1,2025-11-26 22:39:00.000000,2025-11-26 22:39:59.999922,1,BAYxx_xxxx_20251126_223811_000.7z
2025-11-26 22:40:00,-3.962065,-0.003962065,3.512133,-2.510260,-4.963939,768000,768000,1.000000000,1,2025-11-26 22:40:00.000000,2025-11-26 22:40:59.999922,1,BAYxx_xxxx_20251126_223811_000.7z
2025-11-26 22:41:00,2.507432,0.002507432,2.247288,5.691030,-5.430887,768000,768000,1.000000000,1,2025-11-26 22:41:00.000000,2025-11-26 22:41:59.999922,1,BAYxx_xxxx_20251126_223811_000.7z
2025-11-26 22:42:00,-6.802163,-0.006802163,1.968986,-3.464606,-5.306543,768000,768000,1.000000000,1,2025-11-26 22:42:00.000000,2025-11-26 22:42:59.999922,1,BAYxx_xxxx_20251126_223811_000.7z
2025-11-26 22:43:00,-4.410279,-0.004410279,6.580861,-2.433283,-8.557857,768000,768000,1.000000000,1,2025-11-26 22:43:00.000000,2025-11-26 22:43:59.999922,1,BAYxx_xxxx_20251126_223811_000.7z
2025-11-26 22:44:00,-14.216059,-0.014216059,-5.382283,-9.251502,0.417727,768000,768000,1.000000000,1,2025-11-26 22:44:00.000000,2025-11-26 22:44:59.999922,1,BAYxx_xxxx_20251126_223811_000.7z
2025-11-26 22:45:00,-14.528794,-0.014528794,-7.169784,0.947719,-8.306729,768000,768000,1.000000000,1,2025-11-26 22:45:00.000000,2025-11-26 22:45:59.999922,1,BAYxx_xxxx_20251126_223811_000.7z
2025-11-26 22:46:00,-0.428119,-0.000428119,5.193719,-2.465642,-3.156196,768000,768000,1.000000000,1,2025-11-26 22:46:00.000000,2025-11-26 22:46:59.999922,1,BAYxx_xxxx_20251126_223811_000.7z
2025-11-26 22:47:00,-3.922309,-0.003922309,4.456019,-1.963656,-6.414672,768000,768000,1.000000000,1,2025-11-26 22:47:00.000000,2025-11-26 22:47:59.999922,1,BAYxx_xxxx_20251126_223811_000.7z
2025-11-26 22:48:00,-10.989600,-0.010989600,-0.822541,-2.758859,-7.408200,729603,768000,0.950003906,0,2025-11-26 22:48:00.000000,2025-11-26 22:48:59.999922,2,BAYxx_xxxx_20251126_223811_000.7z;BAYxx_xxxx_20251126_224814_000.7z
2025-11-26 22:49:00,-5.054390,-0.005054390,-0.111814,0.474914,-5.417489,768000,768000,1.000000000,1,2025-11-26 22:49:00.000000,2025-11-26 22:49:59.999922,1,BAYxx_xxxx_20251126_224814_000.7z
2025-11-26 22:50:00,-9.017494,-0.009017494,-1.522739,-2.149043,-5.345712,768000,768000,1.000000000,1,2025-11-26 22:50:00.000000,2025-11-26 22:50:59.999922,1,BAYxx_xxxx_20251126_224814_000.7z
2025-11-26 22:51:00,-4.646663,-0.004646663,7.518384,-5.988753,-6.176295,768000,768000,1.000000000,1,2025-11-26 22:51:00.000000,2025-11-26 22:51:59.999922,1,BAYxx_xxxx_20251126_224814_000.7z
2025-11-26 22:52:00,-3.263060,-0.003263060,-0.189145,4.081974,-7.155889,768000,768000,1.000000000,1,2025-11-26 22:52:00.000000,2025-11-26 22:52:59.999922,1,BAYxx_xxxx_20251126_224814_000.7z
2025-11-26 22:53:00,5.641237,0.005641237,9.982473,3.970236,-8.311472,768000,768000,1.000000000,1,2025-11-26 22:53:00.000000,2025-11-26 22:53:59.999922,1,BAYxx_xxxx_20251126_224814_000.7z
2025-11-26 22:54:00,13.082992,0.013082992,10.686776,5.158616,-2.762400,768000,768000,1.000000000,1,2025-11-26 22:54:00.000000,2025-11-26 22:54:59.999922,1,BAYxx_xxxx_20251126_224814_000.7z
2025-11-26 22:55:00,3.930894,0.003930894,7.107783,6.935491,-10.112380,768000,768000,1.000000000,1,2025-11-26 22:55:00.000000,2025-11-26 22:55:59.999922,1,BAYxx_xxxx_20251126_224814_000.7z
2025-11-26 22:56:00,5.368591,0.005368591,7.144151,5.435634,-7.211193,768000,768000,1.000000000,1,2025-11-26 22:56:00.000000,2025-11-26 22:56:59.999922,1,BAYxx_xxxx_20251126_224814_000.7z
2025-11-26 22:57:00,0.109833,0.000109833,4.033964,-0.492170,-3.431961,768000,768000,1.000000000,1,2025-11-26 22:57:00.000000,2025-11-26 22:57:59.999922,1,BAYxx_xxxx_20251126_224814_000.7z
2025-11-26 22:58:00,-5.841656,-0.005841656,2.666405,-3.698862,-4.809199,729711,768000,0.950144531,0,2025-11-26 22:58:00.000000,2025-11-26 22:58:59.999922,2,BAYxx_xxxx_20251126_224814_000.7z;BAYxx_xxxx_20251126_225817_000.7z
2025-11-26 22:59:00,-6.848393,-0.006848393,1.752987,-2.692246,-5.909133,768000,768000,1.000000000,1,2025-11-26 22:59:00.000000,2025-11-26 22:59:59.999922,1,BAYxx_xxxx_20251126_225817_000.7z
2025-11-26 23:00:00,-2.836563,-0.002836563,5.918787,-3.135060,-5.620290,768000,768000,1.000000000,1,2025-11-26 23:00:00.000000,2025-11-26 23:00:59.999922,1,BAYxx_xxxx_20251126_225817_000.7z
2025-11-26 23:01:00,-0.052573,-0.000052573,4.963397,-0.007445,-5.008524,768000,768000,1.000000000,1,2025-11-26 23:01:00.000000,2025-11-26 23:01:59.999922,1,BAYxx_xxxx_20251126_225817_000.7z
2025-11-26 23:02:00,-9.340952,-0.009340952,1.790748,-6.602056,-4.529645,768000,768000,1.000000000,1,2025-11-26 23:02:00.000000,2025-11-26 23:02:59.999922,1,BAYxx_xxxx_20251126_225817_000.7z
2025-11-26 23:03:00,-16.228956,-0.016228956,-1.039482,-12.118228,-3.071246,768000,768000,1.000000000,1,2025-11-26 23:03:00.000000,2025-11-26 23:03:59.999922,1,BAYxx_xxxx_20251126_225817_000.7z
2025-11-26 23:04:00,-12.273729,-0.012273729,-3.610573,-1.461864,-7.201292,768000,768000,1.000000000,1,2025-11-26 23:04:00.000000,2025-11-26 23:04:59.999922,1,BAYxx_xxxx_20251126_225817_000.7z
2025-11-26 23:05:00,-4.141961,-0.004141961,1.429441,-0.562558,-5.008845,768000,768000,1.000000000,1,2025-11-26 23:05:00.000000,2025-11-26 23:05:59.999922,1,BAYxx_xxxx_20251126_225817_000.7z
2025-11-26 23:06:00,-6.143588,-0.006143588,0.780892,-6.940684,0.016204,768000,768000,1.000000000,1,2025-11-26 23:06:00.000000,2025-11-26 23:06:59.999922,1,BAYxx_xxxx_20251126_225817_000.7z
2025-11-26 23:07:00,-8.621146,-0.008621146,0.564682,-4.303453,-4.882376,768000,768000,1.000000000,1,2025-11-26 23:07:00.000000,2025-11-26 23:07:59.999922,1,BAYxx_xxxx_20251126_225817_000.7z
2025-11-26 23:08:00,-9.421656,-0.009421656,-2.998070,-1.687697,-4.735888,729686,768000,0.950111979,0,2025-11-26 23:08:00.000000,2025-11-26 23:08:59.999922,2,BAYxx_xxxx_20251126_225817_000.7z;BAYxx_xxxx_20251126_230820_000.7z
2025-11-26 23:09:00,-4.091062,-0.004091062,0.914231,-4.190436,-0.814858,768000,768000,1.000000000,1,2025-11-26 23:09:00.000000,2025-11-26 23:09:59.999922,1,BAYxx_xxxx_20251126_230820_000.7z
2025-11-26 23:10:00,-1.417542,-0.001417542,3.935212,-0.565703,-4.787051,768000,768000,1.000000000,1,2025-11-26 23:10:00.000000,2025-11-26 23:10:59.999922,1,BAYxx_xxxx_20251126_230820_000.7z
2025-11-26 23:11:00,-4.216057,-0.004216057,-0.496864,-1.771780,-1.947413,768000,768000,1.000000000,1,2025-11-26 23:11:00.000000,2025-11-26 23:11:59.999922,1,BAYxx_xxxx_20251126_230820_000.7z
2025-11-26 23:12:00,-10.146008,-0.010146008,5.655815,-7.955935,-7.845888,768000,768000,1.000000000,1,2025-11-26 23:12:00.000000,2025-11-26 23:12:59.999922,1,BAYxx_xxxx_20251126_230820_000.7z
2025-11-26 23:13:00,-2.190610,-0.002190610,2.044520,3.903341,-8.138472,768000,768000,1.000000000,1,2025-11-26 23:13:00.000000,2025-11-26 23:13:59.999922,1,BAYxx_xxxx_20251126_230820_000.7z
2025-11-26 23:14:00,2.469899,0.002469899,6.951391,3.723639,-8.205131,768000,768000,1.000000000,1,2025-11-26 23:14:00.000000,2025-11-26 23:14:59.999922,1,BAYxx_xxxx_20251126_230820_000.7z
2025-11-26 23:15:00,6.684368,0.006684368,5.009641,8.868682,-7.193955,768000,768000,1.000000000,1,2025-11-26 23:15:00.000000,2025-11-26 23:15:59.999922,1,BAYxx_xxxx_20251126_230820_000.7z
2025-11-26 23:16:00,6.925647,0.006925647,6.845215,5.943848,-5.863416,768000,768000,1.000000000,1,2025-11-26 23:16:00.000000,2025-11-26 23:16:59.999922,1,BAYxx_xxxx_20251126_230820_000.7z
2025-11-26 23:17:00,1.659145,0.001659145,6.688829,6.307037,-11.336722,768000,768000,1.000000000,1,2025-11-26 23:17:00.000000,2025-11-26 23:17:59.999922,1,BAYxx_xxxx_20251126_230820_000.7z
2025-11-26 23:18:00,-2.701336,-0.002701336,7.213575,-0.829106,-9.085805,742477,768000,0.966766927,0,2025-11-26 23:18:00.000000,2025-11-26 23:18:59.999922,2,BAYxx_xxxx_20251126_230820_000.7z;BAYxx_xxxx_20251126_231822_000.7z
2025-11-26 23:19:00,6.922940,0.006922940,11.843025,-0.249114,-4.670972,768000,768000,1.000000000,1,2025-11-26 23:19:00.000000,2025-11-26 23:19:59.999922,1,BAYxx_xxxx_20251126_231822_000.7z
2025-11-26 23:20:00,-9.659117,-0.009659117,-1.187889,-3.037952,-5.433276,768000,768000,1.000000000,1,2025-11-26 23:20:00.000000,2025-11-26 23:20:59.999922,1,BAYxx_xxxx_20251126_231822_000.7z
2025-11-26 23:21:00,8.049220,0.008049220,8.158204,-2.589727,2.480743,768000,768000,1.000000000,1,2025-11-26 23:21:00.000000,2025-11-26 23:21:59.999922,1,BAYxx_xxxx_20251126_231822_000.7z
2025-11-26 23:22:00,-3.903203,-0.003903203,1.767560,-0.317712,-5.353052,768000,768000,1.000000000,1,2025-11-26 23:22:00.000000,2025-11-26 23:22:59.999922,1,BAYxx_xxxx_20251126_231822_000.7z
2025-11-26 23:23:00,2.336901,0.002336901,6.570559,1.893651,-6.127308,768000,768000,1.000000000,1,2025-11-26 23:23:00.000000,2025-11-26 23:23:59.999922,1,BAYxx_xxxx_20251126_231822_000.7z
2025-11-26 23:24:00,-7.335072,-0.007335072,1.048861,-3.210249,-5.173684,768000,768000,1.000000000,1,2025-11-26 23:24:00.000000,2025-11-26 23:24:59.999922,1,BAYxx_xxxx_20251126_231822_000.7z
2025-11-26 23:25:00,-8.664114,-0.008664114,-1.952901,-2.124989,-4.586224,768000,768000,1.000000000,1,2025-11-26 23:25:00.000000,2025-11-26 23:25:59.999922,1,BAYxx_xxxx_20251126_231822_000.7z
2025-11-26 23:26:00,-8.401203,-0.008401203,0.824903,-0.899023,-8.327083,768000,768000,1.000000000,1,2025-11-26 23:26:00.000000,2025-11-26 23:26:59.999922,1,BAYxx_xxxx_20251126_231822_000.7z
2025-11-26 23:27:00,-6.201162,-0.006201162,1.460493,-1.645141,-6.016513,768000,768000,1.000000000,1,2025-11-26 23:27:00.000000,2025-11-26 23:27:59.999922,1,BAYxx_xxxx_20251126_231822_000.7z
2025-11-26 23:28:00,-6.629166,-0.006629166,-0.490764,0.845117,-6.983520,729702,768000,0.950132813,0,2025-11-26 23:28:00.000000,2025-11-26 23:28:59.999922,2,BAYxx_xxxx_20251126_231822_000.7z;BAYxx_xxxx_20251126_232825_000.7z
2025-11-26 23:29:00,-4.866390,-0.004866390,-0.073672,0.384381,-5.177098,768000,768000,1.000000000,1,2025-11-26 23:29:00.000000,2025-11-26 23:29:59.999922,1,BAYxx_xxxx_20251126_232825_000.7z
2025-11-26 23:30:00,-13.066673,-0.013066673,-2.556124,-5.693602,-4.816947,768000,768000,1.000000000,1,2025-11-26 23:30:00.000000,2025-11-26 23:30:59.999922,1,BAYxx_xxxx_20251126_232825_000.7z
2025-11-26 23:31:00,0.546257,0.000546257,5.001661,0.107615,-4.563019,768000,768000,1.000000000,1,2025-11-26 23:31:00.000000,2025-11-26 23:31:59.999922,1,BAYxx_xxxx_20251126_232825_000.7z
2025-11-26 23:32:00,1.053344,0.001053344,5.172624,-2.394057,-1.725223,768000,768000,1.000000000,1,2025-11-26 23:32:00.000000,2025-11-26 23:32:59.999922,1,BAYxx_xxxx_20251126_232825_000.7z
2025-11-26 23:33:00,-12.136954,-0.012136954,-9.120840,-1.978295,-1.037819,768000,768000,1.000000000,1,2025-11-26 23:33:00.000000,2025-11-26 23:33:59.999922,1,BAYxx_xxxx_20251126_232825_000.7z
2025-11-26 23:34:00,-10.154540,-0.010154540,-4.308188,-1.141319,-4.705033,768000,768000,1.000000000,1,2025-11-26 23:34:00.000000,2025-11-26 23:34:59.999922,1,BAYxx_xxxx_20251126_232825_000.7z
2025-11-26 23:35:00,-1.233775,-0.001233775,1.610188,-0.838927,-2.005037,768000,768000,1.000000000,1,2025-11-26 23:35:00.000000,2025-11-26 23:35:59.999922,1,BAYxx_xxxx_20251126_232825_000.7z
2025-11-26 23:36:00,-10.542133,-0.010542133,-2.581212,-3.223030,-4.737891,768000,768000,1.000000000,1,2025-11-26 23:36:00.000000,2025-11-26 23:36:59.999922,1,BAYxx_xxxx_20251126_232825_000.7z
2025-11-26 23:37:00,-6.634215,-0.006634215,0.486523,-1.263041,-5.857696,768000,768000,1.000000000,1,2025-11-26 23:37:00.000000,2025-11-26 23:37:59.999922,1,BAYxx_xxxx_20251126_232825_000.7z
2025-11-26 23:38:00,-4.757313,-0.004757313,-1.701000,1.552252,-4.608565,729656,768000,0.950072917,0,2025-11-26 23:38:00.000000,2025-11-26 23:38:59.999922,2,BAYxx_xxxx_20251126_232825_000.7z;BAYxx_xxxx_20251126_233828_000.7z
2025-11-26 23:39:00,5.417823,0.005417823,12.227834,-0.518754,-6.291258,768000,768000,1.000000000,1,2025-11-26 23:39:00.000000,2025-11-26 23:39:59.999922,1,BAYxx_xxxx_20251126_233828_000.7z
2025-11-26 23:40:00,-15.357868,-0.015357868,-6.421080,-5.038556,-3.898231,768000,768000,1.000000000,1,2025-11-26 23:40:00.000000,2025-11-26 23:40:59.999922,1,BAYxx_xxxx_20251126_233828_000.7z
2025-11-26 23:41:00,2.426254,0.002426254,2.444410,1.197561,-1.215717,768000,768000,1.000000000,1,2025-11-26 23:41:00.000000,2025-11-26 23:41:59.999922,1,BAYxx_xxxx_20251126_233828_000.7z
2025-11-26 23:42:00,-3.013540,-0.003013540,5.158282,-2.587921,-5.583901,768000,768000,1.000000000,1,2025-11-26 23:42:00.000000,2025-11-26 23:42:59.999922,1,BAYxx_xxxx_20251126_233828_000.7z
2025-11-26 23:43:00,-2.603937,-0.002603937,5.144574,-5.725592,-2.022918,768000,768000,1.000000000,1,2025-11-26 23:43:00.000000,2025-11-26 23:43:59.999922,1,BAYxx_xxxx_20251126_233828_000.7z
2025-11-26 23:44:00,-0.913803,-0.000913803,2.281748,-0.885781,-2.309770,768000,768000,1.000000000,1,2025-11-26 23:44:00.000000,2025-11-26 23:44:59.999922,1,BAYxx_xxxx_20251126_233828_000.7z
2025-11-26 23:45:00,3.626231,0.003626231,8.368746,-1.487805,-3.254710,768000,768000,1.000000000,1,2025-11-26 23:45:00.000000,2025-11-26 23:45:59.999922,1,BAYxx_xxxx_20251126_233828_000.7z
2025-11-26 23:46:00,-6.705965,-0.006705965,-2.023417,-0.734405,-3.948143,768000,768000,1.000000000,1,2025-11-26 23:46:00.000000,2025-11-26 23:46:59.999922,1,BAYxx_xxxx_20251126_233828_000.7z
2025-11-26 23:47:00,-9.755319,-0.009755319,3.279795,-6.605364,-6.429750,768000,768000,1.000000000,1,2025-11-26 23:47:00.000000,2025-11-26 23:47:59.999922,1,BAYxx_xxxx_20251126_233828_000.7z
2025-11-26 23:48:00,-13.314637,-0.013314637,3.583660,-3.097933,-13.800364,716830,768000,0.933372396,0,2025-11-26 23:48:00.000000,2025-11-26 23:48:59.999922,2,BAYxx_xxxx_20251126_233828_000.7z;BAYxx_xxxx_20251126_234832_000.7z
2025-11-26 23:49:00,-10.956146,-0.010956146,-1.198834,-4.644139,-5.113173,768000,768000,1.000000000,1,2025-11-26 23:49:00.000000,2025-11-26 23:49:59.999922,1,BAYxx_xxxx_20251126_234832_000.7z
2025-11-26 23:50:00,-3.925749,-0.003925749,1.406209,1.603328,-6.935287,768000,768000,1.000000000,1,2025-11-26 23:50:00.000000,2025-11-26 23:50:59.999922,1,BAYxx_xxxx_20251126_234832_000.7z
2025-11-26 23:51:00,11.380923,0.011380923,13.001842,4.209399,-5.830319,768000,768000,1.000000000,1,2025-11-26 23:51:00.000000,2025-11-26 23:51:59.999922,1,BAYxx_xxxx_20251126_234832_000.7z
2025-11-26 23:52:00,-0.491934,-0.000491934,14.138692,-5.194168,-9.436459,768000,768000,1.000000000,1,2025-11-26 23:52:00.000000,2025-11-26 23:52:59.999922,1,BAYxx_xxxx_20251126_234832_000.7z
2025-11-26 23:53:00,2.262362,0.002262362,4.448830,5.283233,-7.469701,768000,768000,1.000000000,1,2025-11-26 23:53:00.000000,2025-11-26 23:53:59.999922,1,BAYxx_xxxx_20251126_234832_000.7z
2025-11-26 23:54:00,-0.434056,-0.000434056,8.044878,2.898362,-11.377296,768000,768000,1.000000000,1,2025-11-26 23:54:00.000000,2025-11-26 23:54:59.999922,1,BAYxx_xxxx_20251126_234832_000.7z
2025-11-26 23:55:00,3.706309,0.003706309,9.075255,2.122462,-7.491407,768000,768000,1.000000000,1,2025-11-26 23:55:00.000000,2025-11-26 23:55:59.999922,1,BAYxx_xxxx_20251126_234832_000.7z
2025-11-26 23:56:00,-4.417807,-0.004417807,5.617933,-0.355092,-9.680649,768000,768000,1.000000000,1,2025-11-26 23:56:00.000000,2025-11-26 23:56:59.999922,1,BAYxx_xxxx_20251126_234832_000.7z
2025-11-26 23:57:00,1.324542,0.001324542,1.965898,4.093747,-4.735103,768000,768000,1.000000000,1,2025-11-26 23:57:00.000000,2025-11-26 23:57:59.999922,1,BAYxx_xxxx_20251126_234832_000.7z
2025-11-26 23:58:00,-8.456095,-0.008456095,1.272540,-3.975985,-5.752650,729647,768000,0.950061198,0,2025-11-26 23:58:00.000000,2025-11-26 23:58:59.999922,2,BAYxx_xxxx_20251126_234832_000.7z;BAYxx_xxxx_20251126_235835_000.7z
2025-11-26 23:59:00,-18.140483,-0.018140483,-6.413979,-3.490007,-8.236498,768000,768000,1.000000000,1,2025-11-26 23:59:00.000000,2025-11-26 23:59:59.999922,1,BAYxx_xxxx_20251126_235835_000.7z
2025-11-27 00:00:00,-3.705427,-0.003705427,5.505486,-4.489869,-4.721044,768000,768000,1.000000000,1,2025-11-27 00:00:00.000000,2025-11-27 00:00:59.999922,1,BAYxx_xxxx_20251126_235835_000.7z
2025-11-27 00:01:00,-8.965010,-0.008965010,4.237931,-7.613632,-5.589309,768000,768000,1.000000000,1,2025-11-27 00:01:00.000000,2025-11-27 00:01:59.999922,1,BAYxx_xxxx_20251126_235835_000.7z
2025-11-27 00:02:00,-6.464767,-0.006464767,1.478471,-2.816141,-5.127097,768000,768000,1.000000000,1,2025-11-27 00:02:00.000000,2025-11-27 00:02:59.999922,1,BAYxx_xxxx_20251126_235835_000.7z
2025-11-27 00:03:00,-3.592014,-0.003592014,9.305132,-4.109918,-8.787228,768000,768000,1.000000000,1,2025-11-27 00:03:00.000000,2025-11-27 00:03:59.999922,1,BAYxx_xxxx_20251126_235835_000.7z
2025-11-27 00:04:00,-5.124916,-0.005124916,1.589987,-2.593539,-4.121364,768000,768000,1.000000000,1,2025-11-27 00:04:00.000000,2025-11-27 00:04:59.999922,1,BAYxx_xxxx_20251126_235835_000.7z
2025-11-27 00:05:00,-10.359359,-0.010359359,-3.770556,-3.701758,-2.887045,768000,768000,1.000000000,1,2025-11-27 00:05:00.000000,2025-11-27 00:05:59.999922,1,BAYxx_xxxx_20251126_235835_000.7z
2025-11-27 00:06:00,-3.934595,-0.003934595,3.188756,-1.570004,-5.553347,768000,768000,1.000000000,1,2025-11-27 00:06:00.000000,2025-11-27 00:06:59.999922,1,BAYxx_xxxx_20251126_235835_000.7z
2025-11-27 00:07:00,-4.451466,-0.004451466,1.894072,-0.725720,-5.619818,768000,768000,1.000000000,1,2025-11-27 00:07:00.000000,2025-11-27 00:07:59.999922,1,BAYxx_xxxx_20251126_235835_000.7z
2025-11-27 00:08:00,-4.752814,-0.004752814,3.436712,-3.110438,-5.079089,729721,768000,0.950157552,0,2025-11-27 00:08:00.000000,2025-11-27 00:08:59.999922,2,BAYxx_xxxx_20251126_235835_000.7z;BAYxx_xxxx_20251127_000838_000.7z
2025-11-27 00:09:00,-8.927825,-0.008927825,1.727752,-1.935322,-8.720256,768000,768000,1.000000000,1,2025-11-27 00:09:00.000000,2025-11-27 00:09:59.999922,1,BAYxx_xxxx_20251127_000838_000.7z
2025-11-27 00:10:00,-3.010820,-0.003010820,2.279826,2.770944,-8.061590,768000,768000,1.000000000,1,2025-11-27 00:10:00.000000,2025-11-27 00:10:59.999922,1,BAYxx_xxxx_20251127_000838_000.7z
2025-11-27 00:11:00,-17.234835,-0.017234835,8.840723,-3.174399,-22.901160,768000,768000,1.000000000,1,2025-11-27 00:11:00.000000,2025-11-27 00:11:59.999922,1,BAYxx_xxxx_20251127_000838_000.7z
2025-11-27 00:12:00,19.392859,0.019392859,19.132330,6.448028,-6.187500,768000,768000,1.000000000,1,2025-11-27 00:12:00.000000,2025-11-27 00:12:59.999922,1,BAYxx_xxxx_20251127_000838_000.7z
2025-11-27 00:13:00,7.743429,0.007743429,7.802626,5.844697,-5.903894,768000,768000,1.000000000,1,2025-11-27 00:13:00.000000,2025-11-27 00:13:59.999922,1,BAYxx_xxxx_20251127_000838_000.7z
2025-11-27 00:14:00,5.568966,0.005568966,8.810459,1.118287,-4.359780,768000,768000,1.000000000,1,2025-11-27 00:14:00.000000,2025-11-27 00:14:59.999922,1,BAYxx_xxxx_20251127_000838_000.7z
2025-11-27 00:15:00,7.534306,0.007534306,7.698847,8.383514,-8.548055,768000,768000,1.000000000,1,2025-11-27 00:15:00.000000,2025-11-27 00:15:59.999922,1,BAYxx_xxxx_20251127_000838_000.7z
2025-11-27 00:16:00,-2.475166,-0.002475166,2.324187,-0.447630,-4.351724,768000,768000,1.000000000,1,2025-11-27 00:16:00.000000,2025-11-27 00:16:59.999922,1,BAYxx_xxxx_20251127_000838_000.7z
2025-11-27 00:17:00,-0.484322,-0.000484322,3.647795,1.302843,-5.434960,768000,768000,1.000000000,1,2025-11-27 00:17:00.000000,2025-11-27 00:17:59.999922,1,BAYxx_xxxx_20251127_000838_000.7z
2025-11-27 00:18:00,-14.716602,-0.014716602,0.471398,-5.849563,-9.338437,742454,768000,0.966736979,0,2025-11-27 00:18:00.000000,2025-11-27 00:18:59.999922,2,BAYxx_xxxx_20251127_000838_000.7z;BAYxx_xxxx_20251127_001840_000.7z
2025-11-27 00:19:00,-11.995476,-0.011995476,-1.123915,-4.269232,-6.602328,768000,768000,1.000000000,1,2025-11-27 00:19:00.000000,2025-11-27 00:19:59.999922,1,BAYxx_xxxx_20251127_001840_000.7z
2025-11-27 00:20:00,-4.159586,-0.004159586,2.601879,-1.434020,-5.327445,768000,768000,1.000000000,1,2025-11-27 00:20:00.000000,2025-11-27 00:20:59.999922,1,BAYxx_xxxx_20251127_001840_000.7z
2025-11-27 00:21:00,2.355991,0.002355991,0.389669,4.930690,-2.964368,768000,768000,1.000000000,1,2025-11-27 00:21:00.000000,2025-11-27 00:21:59.999922,1,BAYxx_xxxx_20251127_001840_000.7z
2025-11-27 00:22:00,-12.947024,-0.012947024,-2.304850,-5.315688,-5.326486,768000,768000,1.000000000,1,2025-11-27 00:22:00.000000,2025-11-27 00:22:59.999922,1,BAYxx_xxxx_20251127_001840_000.7z
2025-11-27 00:23:00,-2.437136,-0.002437136,-0.853961,-0.607339,-0.975835,768000,768000,1.000000000,1,2025-11-27 00:23:00.000000,2025-11-27 00:23:59.999922,1,BAYxx_xxxx_20251127_001840_000.7z
2025-11-27 00:24:00,-5.072032,-0.005072032,2.483387,-1.962660,-5.592759,768000,768000,1.000000000,1,2025-11-27 00:24:00.000000,2025-11-27 00:24:59.999922,1,BAYxx_xxxx_20251127_001840_000.7z
2025-11-27 00:25:00,-5.765752,-0.005765752,1.964772,-2.827981,-4.902543,768000,768000,1.000000000,1,2025-11-27 00:25:00.000000,2025-11-27 00:25:59.999922,1,BAYxx_xxxx_20251127_001840_000.7z
2025-11-27 00:26:00,-3.258822,-0.003258822,2.894073,-2.518910,-3.633984,768000,768000,1.000000000,1,2025-11-27 00:26:00.000000,2025-11-27 00:26:59.999922,1,BAYxx_xxxx_20251127_001840_000.7z
2025-11-27 00:27:00,-2.141645,-0.002141645,2.296925,-2.065307,-2.373262,768000,768000,1.000000000,1,2025-11-27 00:27:00.000000,2025-11-27 00:27:59.999922,1,BAYxx_xxxx_20251127_001840_000.7z
2025-11-27 00:28:00,-7.998042,-0.007998042,1.563984,-3.661968,-5.900059,729635,768000,0.950045573,0,2025-11-27 00:28:00.000000,2025-11-27 00:28:59.999922,2,BAYxx_xxxx_20251127_001840_000.7z;BAYxx_xxxx_20251127_002843_000.7z
2025-11-27 00:29:00,-3.061520,-0.003061520,-1.414128,1.260768,-2.908160,768000,768000,1.000000000,1,2025-11-27 00:29:00.000000,2025-11-27 00:29:59.999922,1,BAYxx_xxxx_20251127_002843_000.7z
2025-11-27 00:30:00,-9.675274,-0.009675274,-0.741937,-0.308998,-8.624338,768000,768000,1.000000000,1,2025-11-27 00:30:00.000000,2025-11-27 00:30:59.999922,1,BAYxx_xxxx_20251127_002843_000.7z
2025-11-27 00:31:00,-3.128148,-0.003128148,-0.898042,1.299986,-3.530091,768000,768000,1.000000000,1,2025-11-27 00:31:00.000000,2025-11-27 00:31:59.999922,1,BAYxx_xxxx_20251127_002843_000.7z
2025-11-27 00:32:00,-5.178539,-0.005178539,1.600689,-0.480577,-6.298651,768000,768000,1.000000000,1,2025-11-27 00:32:00.000000,2025-11-27 00:32:59.999922,1,BAYxx_xxxx_20251127_002843_000.7z
2025-11-27 00:33:00,-12.833185,-0.012833185,0.181146,-3.648534,-9.365797,768000,768000,1.000000000,1,2025-11-27 00:33:00.000000,2025-11-27 00:33:59.999922,1,BAYxx_xxxx_20251127_002843_000.7z
2025-11-27 00:34:00,-9.476779,-0.009476779,-0.079877,-6.474660,-2.922242,768000,768000,1.000000000,1,2025-11-27 00:34:00.000000,2025-11-27 00:34:59.999922,1,BAYxx_xxxx_20251127_002843_000.7z
2025-11-27 00:35:00,-3.512290,-0.003512290,0.203483,1.410417,-5.126189,768000,768000,1.000000000,1,2025-11-27 00:35:00.000000,2025-11-27 00:35:59.999922,1,BAYxx_xxxx_20251127_002843_000.7z
2025-11-27 00:36:00,-6.865863,-0.006865863,0.058078,-1.226688,-5.697253,768000,768000,1.000000000,1,2025-11-27 00:36:00.000000,2025-11-27 00:36:59.999922,1,BAYxx_xxxx_20251127_002843_000.7z
2025-11-27 00:37:00,-1.034919,-0.001034919,8.672177,2.678371,-12.385467,768000,768000,1.000000000,1,2025-11-27 00:37:00.000000,2025-11-27 00:37:59.999922,1,BAYxx_xxxx_20251127_002843_000.7z
2025-11-27 00:38:00,6.726260,0.006726260,8.596869,6.581704,-8.452313,729699,768000,0.950128906,0,2025-11-27 00:38:00.000000,2025-11-27 00:38:59.999922,2,BAYxx_xxxx_20251127_002843_000.7z;BAYxx_xxxx_20251127_003846_000.7z
2025-11-27 00:39:00,2.047381,0.002047381,13.878011,0.024609,-11.855239,768000,768000,1.000000000,1,2025-11-27 00:39:00.000000,2025-11-27 00:39:59.999922,1,BAYxx_xxxx_20251127_003846_000.7z
2025-11-27 00:40:00,-1.433607,-0.001433607,6.474546,2.831597,-10.739750,768000,768000,1.000000000,1,2025-11-27 00:40:00.000000,2025-11-27 00:40:59.999922,1,BAYxx_xxxx_20251127_003846_000.7z
2025-11-27 00:41:00,5.384111,0.005384111,15.859184,0.153803,-10.628876,768000,768000,1.000000000,1,2025-11-27 00:41:00.000000,2025-11-27 00:41:59.999922,1,BAYxx_xxxx_20251127_003846_000.7z
2025-11-27 00:42:00,4.277809,0.004277809,8.765634,1.510386,-5.998212,768000,768000,1.000000000,1,2025-11-27 00:42:00.000000,2025-11-27 00:42:59.999922,1,BAYxx_xxxx_20251127_003846_000.7z
2025-11-27 00:43:00,-1.946646,-0.001946646,0.810098,1.482260,-4.239003,768000,768000,1.000000000,1,2025-11-27 00:43:00.000000,2025-11-27 00:43:59.999922,1,BAYxx_xxxx_20251127_003846_000.7z
2025-11-27 00:44:00,0.848783,0.000848783,4.962591,0.000554,-4.114362,768000,768000,1.000000000,1,2025-11-27 00:44:00.000000,2025-11-27 00:44:59.999922,1,BAYxx_xxxx_20251127_003846_000.7z
2025-11-27 00:45:00,-8.473376,-0.008473376,1.905417,-2.203250,-8.175544,768000,768000,1.000000000,1,2025-11-27 00:45:00.000000,2025-11-27 00:45:59.999922,1,BAYxx_xxxx_20251127_003846_000.7z
2025-11-27 00:46:00,-6.050454,-0.006050454,0.638097,-1.664140,-5.024411,768000,768000,1.000000000,1,2025-11-27 00:46:00.000000,2025-11-27 00:46:59.999922,1,BAYxx_xxxx_20251127_003846_000.7z
2025-11-27 00:47:00,-12.208801,-0.012208801,-3.477254,-2.465364,-6.266183,768000,768000,1.000000000,1,2025-11-27 00:47:00.000000,2025-11-27 00:47:59.999922,1,BAYxx_xxxx_20251127_003846_000.7z
2025-11-27 00:48:00,-4.741966,-0.004741966,1.108414,0.760762,-6.611142,729634,768000,0.950044271,0,2025-11-27 00:48:00.000000,2025-11-27 00:48:59.999922,2,BAYxx_xxxx_20251127_003846_000.7z;BAYxx_xxxx_20251127_004849_000.7z
2025-11-27 00:49:00,-8.763233,-0.008763233,-5.516290,-0.432795,-2.814149,768000,768000,1.000000000,1,2025-11-27 00:49:00.000000,2025-11-27 00:49:59.999922,1,BAYxx_xxxx_20251127_004849_000.7z
2025-11-27 00:50:00,-3.313845,-0.003313845,10.635882,-6.610677,-7.339051,768000,768000,1.000000000,1,2025-11-27 00:50:00.000000,2025-11-27 00:50:59.999922,1,BAYxx_xxxx_20251127_004849_000.7z
2025-11-27 00:51:00,-3.207509,-0.003207509,-0.281818,2.778722,-5.704412,768000,768000,1.000000000,1,2025-11-27 00:51:00.000000,2025-11-27 00:51:59.999922,1,BAYxx_xxxx_20251127_004849_000.7z
2025-11-27 00:52:00,-8.322403,-0.008322403,-1.010685,-2.390007,-4.921712,768000,768000,1.000000000,1,2025-11-27 00:52:00.000000,2025-11-27 00:52:59.999922,1,BAYxx_xxxx_20251127_004849_000.7z
2025-11-27 00:53:00,-0.229173,-0.000229173,6.035820,-1.410817,-4.854177,768000,768000,1.000000000,1,2025-11-27 00:53:00.000000,2025-11-27 00:53:59.999922,1,BAYxx_xxxx_20251127_004849_000.7z
2025-11-27 00:54:00,4.919593,0.004919593,2.630728,5.938550,-3.649684,768000,768000,1.000000000,1,2025-11-27 00:54:00.000000,2025-11-27 00:54:59.999922,1,BAYxx_xxxx_20251127_004849_000.7z
2025-11-27 00:55:00,-3.919146,-0.003919146,3.001871,-4.455658,-2.465360,768000,768000,1.000000000,1,2025-11-27 00:55:00.000000,2025-11-27 00:55:59.999922,1,BAYxx_xxxx_20251127_004849_000.7z
2025-11-27 00:56:00,-6.809941,-0.006809941,0.989540,-2.366664,-5.432816,768000,768000,1.000000000,1,2025-11-27 00:56:00.000000,2025-11-27 00:56:59.999922,1,BAYxx_xxxx_20251127_004849_000.7z
2025-11-27 00:57:00,-7.173449,-0.007173449,1.605234,-4.848211,-3.930472,768000,768000,1.000000000,1,2025-11-27 00:57:00.000000,2025-11-27 00:57:59.999922,1,BAYxx_xxxx_20251127_004849_000.7z
2025-11-27 00:58:00,-1.212465,-0.001212465,5.034341,-3.038947,-3.207858,716838,768000,0.933382812,0,2025-11-27 00:58:00.000000,2025-11-27 00:58:59.999922,2,BAYxx_xxxx_20251127_004849_000.7z;BAYxx_xxxx_20251127_005853_000.7z
2025-11-27 00:59:00,-7.939440,-0.007939440,4.164993,1.363008,-13.467441,768000,768000,1.000000000,1,2025-11-27 00:59:00.000000,2025-11-27 00:59:59.999922,1,BAYxx_xxxx_20251127_005853_000.7z
2025-11-27 01:00:00,5.885852,0.005885852,6.334238,5.153862,-5.602247,768000,768000,1.000000000,1,2025-11-27 01:00:00.000000,2025-11-27 01:00:59.999922,1,BAYxx_xxxx_20251127_005853_000.7z
2025-11-27 01:01:00,10.712141,0.010712141,4.404143,8.912481,-2.604484,768000,768000,1.000000000,1,2025-11-27 01:01:00.000000,2025-11-27 01:01:59.999922,1,BAYxx_xxxx_20251127_005853_000.7z
2025-11-27 01:02:00,-1.349949,-0.001349949,5.275038,-1.505534,-5.119454,768000,768000,1.000000000,1,2025-11-27 01:02:00.000000,2025-11-27 01:02:59.999922,1,BAYxx_xxxx_20251127_005853_000.7z
2025-11-27 01:03:00,4.425300,0.004425300,8.229828,6.618463,-10.422991,768000,768000,1.000000000,1,2025-11-27 01:03:00.000000,2025-11-27 01:03:59.999922,1,BAYxx_xxxx_20251127_005853_000.7z
2025-11-27 01:04:00,-4.083547,-0.004083547,-0.823177,2.204141,-5.464511,768000,768000,1.000000000,1,2025-11-27 01:04:00.000000,2025-11-27 01:04:59.999922,1,BAYxx_xxxx_20251127_005853_000.7z
2025-11-27 01:05:00,0.638485,0.000638485,5.431655,0.968694,-5.761864,768000,768000,1.000000000,1,2025-11-27 01:05:00.000000,2025-11-27 01:05:59.999922,1,BAYxx_xxxx_20251127_005853_000.7z
2025-11-27 01:06:00,-7.117015,-0.007117015,6.552233,-8.617303,-5.051944,768000,768000,1.000000000,1,2025-11-27 01:06:00.000000,2025-11-27 01:06:59.999922,1,BAYxx_xxxx_20251127_005853_000.7z
2025-11-27 01:07:00,-4.714615,-0.004714615,0.649983,-2.623269,-2.741328,768000,768000,1.000000000,1,2025-11-27 01:07:00.000000,2025-11-27 01:07:59.999922,1,BAYxx_xxxx_20251127_005853_000.7z
2025-11-27 01:08:00,2.654327,0.002654327,3.000587,3.282355,-3.628616,742505,768000,0.966803385,0,2025-11-27 01:08:00.000000,2025-11-27 01:08:59.999922,2,BAYxx_xxxx_20251127_005853_000.7z;BAYxx_xxxx_20251127_010855_000.7z
2025-11-27 01:09:00,0.499372,0.000499372,6.511639,-3.321471,-2.690796,768000,768000,1.000000000,1,2025-11-27 01:09:00.000000,2025-11-27 01:09:59.999922,1,BAYxx_xxxx_20251127_010855_000.7z
2025-11-27 01:10:00,-7.919117,-0.007919117,-1.816718,0.277520,-6.379919,768000,768000,1.000000000,1,2025-11-27 01:10:00.000000,2025-11-27 01:10:59.999922,1,BAYxx_xxxx_20251127_010855_000.7z
2025-11-27 01:11:00,-14.304579,-0.014304579,-7.155757,-1.721656,-5.427166,768000,768000,1.000000000,1,2025-11-27 01:11:00.000000,2025-11-27 01:11:59.999922,1,BAYxx_xxxx_20251127_010855_000.7z
2025-11-27 01:12:00,-2.515306,-0.002515306,3.077848,-1.383193,-4.209962,768000,768000,1.000000000,1,2025-11-27 01:12:00.000000,2025-11-27 01:12:59.999922,1,BAYxx_xxxx_20251127_010855_000.7z
2025-11-27 01:13:00,-6.774000,-0.006774000,0.835240,-2.623831,-4.985409,768000,768000,1.000000000,1,2025-11-27 01:13:00.000000,2025-11-27 01:13:59.999922,1,BAYxx_xxxx_20251127_010855_000.7z
2025-11-27 01:14:00,-5.729411,-0.005729411,-0.821128,-1.877630,-3.030653,768000,768000,1.000000000,1,2025-11-27 01:14:00.000000,2025-11-27 01:14:59.999922,1,BAYxx_xxxx_20251127_010855_000.7z
2025-11-27 01:15:00,-6.930332,-0.006930332,3.978508,-2.304895,-8.603945,768000,768000,1.000000000,1,2025-11-27 01:15:00.000000,2025-11-27 01:15:59.999922,1,BAYxx_xxxx_20251127_010855_000.7z
2025-11-27 01:16:00,-11.447269,-0.011447269,2.147695,-7.178405,-6.416560,768000,768000,1.000000000,1,2025-11-27 01:16:00.000000,2025-11-27 01:16:59.999922,1,BAYxx_xxxx_20251127_010855_000.7z
2025-11-27 01:17:00,-6.034078,-0.006034078,-0.525944,-2.178808,-3.329326,768000,768000,1.000000000,1,2025-11-27 01:17:00.000000,2025-11-27 01:17:59.999922,1,BAYxx_xxxx_20251127_010855_000.7z
2025-11-27 01:18:00,-1.312771,-0.001312771,0.908274,-0.620036,-1.601009,716917,768000,0.933485677,0,2025-11-27 01:18:00.000000,2025-11-27 01:18:59.999922,2,BAYxx_xxxx_20251127_010855_000.7z;BAYxx_xxxx_20251127_011859_000.7z
2025-11-27 01:19:00,10.052703,0.010052703,7.463569,-1.084993,3.674127,768000,768000,1.000000000,1,2025-11-27 01:19:00.000000,2025-11-27 01:19:59.999922,1,BAYxx_xxxx_20251127_011859_000.7z
2025-11-27 01:20:00,-12.748382,-0.012748382,5.633686,-8.336766,-10.045303,768000,768000,1.000000000,1,2025-11-27 01:20:00.000000,2025-11-27 01:20:59.999922,1,BAYxx_xxxx_20251127_011859_000.7z
2025-11-27 01:21:00,-6.102056,-0.006102056,0.139338,-1.057112,-5.184283,768000,768000,1.000000000,1,2025-11-27 01:21:00.000000,2025-11-27 01:21:59.999922,1,BAYxx_xxxx_20251127_011859_000.7z
2025-11-27 01:22:00,-8.399924,-0.008399924,3.765787,-3.753941,-8.411770,768000,768000,1.000000000,1,2025-11-27 01:22:00.000000,2025-11-27 01:22:59.999922,1,BAYxx_xxxx_20251127_011859_000.7z
2025-11-27 01:23:00,-4.853884,-0.004853884,3.176978,2.106138,-10.137000,768000,768000,1.000000000,1,2025-11-27 01:23:00.000000,2025-11-27 01:23:59.999922,1,BAYxx_xxxx_20251127_011859_000.7z
2025-11-27 01:24:00,-5.482738,-0.005482738,6.912736,-5.053563,-7.341910,768000,768000,1.000000000,1,2025-11-27 01:24:00.000000,2025-11-27 01:24:59.999922,1,BAYxx_xxxx_20251127_011859_000.7z
2025-11-27 01:25:00,-5.694219,-0.005694219,0.950087,-1.418627,-5.225678,768000,768000,1.000000000,1,2025-11-27 01:25:00.000000,2025-11-27 01:25:59.999922,1,BAYxx_xxxx_20251127_011859_000.7z
2025-11-27 01:26:00,-0.818494,-0.000818494,1.353984,3.143537,-5.316014,768000,768000,1.000000000,1,2025-11-27 01:26:00.000000,2025-11-27 01:26:59.999922,1,BAYxx_xxxx_20251127_011859_000.7z
2025-11-27 01:27:00,3.267520,0.003267520,5.599184,6.097408,-8.429072,768000,768000,1.000000000,1,2025-11-27 01:27:00.000000,2025-11-27 01:27:59.999922,1,BAYxx_xxxx_20251127_011859_000.7z
2025-11-27 01:28:00,0.952375,0.000952375,6.807971,3.968424,-9.824019,755205,768000,0.983339844,0,2025-11-27 01:28:00.000000,2025-11-27 01:28:59.000312,1,BAYxx_xxxx_20251127_011859_000.7z
2025-11-27 01:29:00,9.166840,0.009166840,7.338925,9.393432,-7.565516,755200,768000,0.983333333,0,2025-11-27 01:29:01.000000,2025-11-27 01:29:59.999922,1,BAYxx_xxxx_20251127_012901_000.7z
2025-11-27 01:30:00,-6.889343,-0.006889343,6.489749,-3.495273,-9.883819,768000,768000,1.000000000,1,2025-11-27 01:30:00.000000,2025-11-27 01:30:59.999922,1,BAYxx_xxxx_20251127_012901_000.7z
2025-11-27 01:31:00,10.112023,0.010112023,10.359680,3.536777,-3.784434,768000,768000,1.000000000,1,2025-11-27 01:31:00.000000,2025-11-27 01:31:59.999922,1,BAYxx_xxxx_20251127_012901_000.7z
2025-11-27 01:32:00,-7.391741,-0.007391741,-0.145475,-2.064162,-5.182103,768000,768000,1.000000000,1,2025-11-27 01:32:00.000000,2025-11-27 01:32:59.999922,1,BAYxx_xxxx_20251127_012901_000.7z
2025-11-27 01:33:00,-7.135237,-0.007135237,0.986929,-5.284796,-2.837370,768000,768000,1.000000000,1,2025-11-27 01:33:00.000000,2025-11-27 01:33:59.999922,1,BAYxx_xxxx_20251127_012901_000.7z
2025-11-27 01:34:00,-1.409052,-0.001409052,-0.147146,1.551662,-2.813569,768000,768000,1.000000000,1,2025-11-27 01:34:00.000000,2025-11-27 01:34:59.999922,1,BAYxx_xxxx_20251127_012901_000.7z
2025-11-27 01:35:00,-4.602679,-0.004602679,5.192309,-1.463255,-8.331732,768000,768000,1.000000000,1,2025-11-27 01:35:00.000000,2025-11-27 01:35:59.999922,1,BAYxx_xxxx_20251127_012901_000.7z
2025-11-27 01:36:00,-1.183432,-0.001183432,5.509047,-1.245667,-5.446812,768000,768000,1.000000000,1,2025-11-27 01:36:00.000000,2025-11-27 01:36:59.999922,1,BAYxx_xxxx_20251127_012901_000.7z
2025-11-27 01:37:00,0.673036,0.000673036,1.419665,2.858384,-3.605013,768000,768000,1.000000000,1,2025-11-27 01:37:00.000000,2025-11-27 01:37:59.999922,1,BAYxx_xxxx_20251127_012901_000.7z
2025-11-27 01:38:00,-7.818763,-0.007818763,-0.158370,-2.312199,-5.348194,768000,768000,1.000000000,1,2025-11-27 01:38:00.000000,2025-11-27 01:38:59.999922,1,BAYxx_xxxx_20251127_012901_000.7z
2025-11-27 01:39:00,-2.664148,-0.002664148,3.555424,-3.888428,-2.331143,729704,768000,0.950135417,0,2025-11-27 01:39:00.000000,2025-11-27 01:39:59.999922,2,BAYxx_xxxx_20251127_012901_000.7z;BAYxx_xxxx_20251127_013904_000.7z
2025-11-27 01:40:00,-12.378913,-0.012378913,-5.048788,-1.558283,-5.771842,768000,768000,1.000000000,1,2025-11-27 01:40:00.000000,2025-11-27 01:40:59.999922,1,BAYxx_xxxx_20251127_013904_000.7z
2025-11-27 01:41:00,6.357110,0.006357110,12.979492,-6.992581,0.370200,768000,768000,1.000000000,1,2025-11-27 01:41:00.000000,2025-11-27 01:41:59.999922,1,BAYxx_xxxx_20251127_013904_000.7z
2025-11-27 01:42:00,8.626767,0.008626767,10.227422,3.965822,-5.566477,768000,768000,1.000000000,1,2025-11-27 01:42:00.000000,2025-11-27 01:42:59.999922,1,BAYxx_xxxx_20251127_013904_000.7z
2025-11-27 01:43:00,-15.185750,-0.015185750,-5.034921,-2.933527,-7.217302,768000,768000,1.000000000,1,2025-11-27 01:43:00.000000,2025-11-27 01:43:59.999922,1,BAYxx_xxxx_20251127_013904_000.7z
2025-11-27 01:44:00,-6.875280,-0.006875280,0.712728,-1.631362,-5.956647,768000,768000,1.000000000,1,2025-11-27 01:44:00.000000,2025-11-27 01:44:59.999922,1,BAYxx_xxxx_20251127_013904_000.7z
2025-11-27 01:45:00,-9.686785,-0.009686785,-4.052329,-1.108642,-4.525813,768000,768000,1.000000000,1,2025-11-27 01:45:00.000000,2025-11-27 01:45:59.999922,1,BAYxx_xxxx_20251127_013904_000.7z
2025-11-27 01:46:00,-23.127800,-0.023127800,-4.904308,-10.767786,-7.455705,768000,768000,1.000000000,1,2025-11-27 01:46:00.000000,2025-11-27 01:46:59.999922,1,BAYxx_xxxx_20251127_013904_000.7z
2025-11-27 01:47:00,1.225238,0.001225238,6.148132,-1.255544,-3.667350,768000,768000,1.000000000,1,2025-11-27 01:47:00.000000,2025-11-27 01:47:59.999922,1,BAYxx_xxxx_20251127_013904_000.7z
2025-11-27 01:48:00,-5.859941,-0.005859941,-1.200809,2.258420,-6.917552,768000,768000,1.000000000,1,2025-11-27 01:48:00.000000,2025-11-27 01:48:59.999922,1,BAYxx_xxxx_20251127_013904_000.7z
2025-11-27 01:49:00,-1.292424,-0.001292424,2.763269,4.276759,-8.332451,729713,768000,0.950147135,0,2025-11-27 01:49:00.000000,2025-11-27 01:49:59.999922,2,BAYxx_xxxx_20251127_013904_000.7z;BAYxx_xxxx_20251127_014907_000.7z
2025-11-27 01:50:00,-0.066457,-0.000066457,0.174554,9.596628,-9.837639,768000,768000,1.000000000,1,2025-11-27 01:50:00.000000,2025-11-27 01:50:59.999922,1,BAYxx_xxxx_20251127_014907_000.7z
2025-11-27 01:51:00,-1.723735,-0.001723735,7.038023,-0.669336,-8.092422,768000,768000,1.000000000,1,2025-11-27 01:51:00.000000,2025-11-27 01:51:59.999922,1,BAYxx_xxxx_20251127_014907_000.7z
2025-11-27 01:52:00,9.680502,0.009680502,9.304005,8.740647,-8.364150,768000,768000,1.000000000,1,2025-11-27 01:52:00.000000,2025-11-27 01:52:59.999922,1,BAYxx_xxxx_20251127_014907_000.7z
2025-11-27 01:53:00,3.455211,0.003455211,8.126223,5.122743,-9.793754,768000,768000,1.000000000,1,2025-11-27 01:53:00.000000,2025-11-27 01:53:59.999922,1,BAYxx_xxxx_20251127_014907_000.7z
2025-11-27 01:54:00,3.204780,0.003204780,8.716422,-0.786710,-4.724932,768000,768000,1.000000000,1,2025-11-27 01:54:00.000000,2025-11-27 01:54:59.999922,1,BAYxx_xxxx_20251127_014907_000.7z
2025-11-27 01:55:00,-2.016790,-0.002016790,3.252467,-0.853277,-4.415980,768000,768000,1.000000000,1,2025-11-27 01:55:00.000000,2025-11-27 01:55:59.999922,1,BAYxx_xxxx_20251127_014907_000.7z
2025-11-27 01:56:00,0.689993,0.000689993,1.976799,-1.325868,0.039061,768000,768000,1.000000000,1,2025-11-27 01:56:00.000000,2025-11-27 01:56:59.999922,1,BAYxx_xxxx_20251127_014907_000.7z
2025-11-27 01:57:00,-4.278395,-0.004278395,3.627663,-2.156801,-5.749257,768000,768000,1.000000000,1,2025-11-27 01:57:00.000000,2025-11-27 01:57:59.999922,1,BAYxx_xxxx_20251127_014907_000.7z
2025-11-27 01:58:00,-9.913351,-0.009913351,-1.616688,-2.144663,-6.152001,768000,768000,1.000000000,1,2025-11-27 01:58:00.000000,2025-11-27 01:58:59.999922,1,BAYxx_xxxx_20251127_014907_000.7z
2025-11-27 01:59:00,-6.683187,-0.006683187,-0.145395,-2.015473,-4.522319,729714,768000,0.950148437,0,2025-11-27 01:59:00.000000,2025-11-27 01:59:59.999922,2,BAYxx_xxxx_20251127_014907_000.7z;BAYxx_xxxx_20251127_015910_000.7z
2025-11-27 02:00:00,-14.230653,-0.014230653,-2.497315,-4.730594,-7.002743,768000,768000,1.000000000,1,2025-11-27 02:00:00.000000,2025-11-27 02:00:59.999922,1,BAYxx_xxxx_20251127_015910_000.7z
2025-11-27 02:01:00,1.039366,0.001039366,6.397310,-1.913974,-3.443969,768000,768000,1.000000000,1,2025-11-27 02:01:00.000000,2025-11-27 02:01:59.999922,1,BAYxx_xxxx_20251127_015910_000.7z
2025-11-27 02:02:00,-4.034541,-0.004034541,5.430201,-1.496593,-7.968149,768000,768000,1.000000000,1,2025-11-27 02:02:00.000000,2025-11-27 02:02:59.999922,1,BAYxx_xxxx_20251127_015910_000.7z
2025-11-27 02:03:00,-10.260711,-0.010260711,2.847026,-2.730105,-10.377633,768000,768000,1.000000000,1,2025-11-27 02:03:00.000000,2025-11-27 02:03:59.999922,1,BAYxx_xxxx_20251127_015910_000.7z
2025-11-27 02:04:00,-4.223519,-0.004223519,0.391629,0.149830,-4.764979,768000,768000,1.000000000,1,2025-11-27 02:04:00.000000,2025-11-27 02:04:59.999922,1,BAYxx_xxxx_20251127_015910_000.7z
2025-11-27 02:05:00,-5.566800,-0.005566800,1.014925,-1.370046,-5.211678,768000,768000,1.000000000,1,2025-11-27 02:05:00.000000,2025-11-27 02:05:59.999922,1,BAYxx_xxxx_20251127_015910_000.7z
2025-11-27 02:06:00,-11.169604,-0.011169604,0.715185,-6.692745,-5.192044,768000,768000,1.000000000,1,2025-11-27 02:06:00.000000,2025-11-27 02:06:59.999922,1,BAYxx_xxxx_20251127_015910_000.7z
2025-11-27 02:07:00,-5.341317,-0.005341317,1.556095,-0.681968,-6.215444,768000,768000,1.000000000,1,2025-11-27 02:07:00.000000,2025-11-27 02:07:59.999922,1,BAYxx_xxxx_20251127_015910_000.7z
2025-11-27 02:08:00,-1.090660,-0.001090660,0.615274,-0.996233,-0.709701,768000,768000,1.000000000,1,2025-11-27 02:08:00.000000,2025-11-27 02:08:59.999922,1,BAYxx_xxxx_20251127_015910_000.7z
2025-11-27 02:09:00,-13.230826,-0.013230826,1.032310,-4.374978,-9.888158,729740,768000,0.950182292,0,2025-11-27 02:09:00.000000,2025-11-27 02:09:59.999922,2,BAYxx_xxxx_20251127_015910_000.7z;BAYxx_xxxx_20251127_020913_000.7z
2025-11-27 02:10:00,3.125055,0.003125055,9.142859,-7.116139,1.098335,768000,768000,1.000000000,1,2025-11-27 02:10:00.000000,2025-11-27 02:10:59.999922,1,BAYxx_xxxx_20251127_020913_000.7z
2025-11-27 02:11:00,-0.926268,-0.000926268,0.789745,2.311341,-4.027355,768000,768000,1.000000000,1,2025-11-27 02:11:00.000000,2025-11-27 02:11:59.999922,1,BAYxx_xxxx_20251127_020913_000.7z
2025-11-27 02:12:00,-5.888157,-0.005888157,-0.541227,-0.838995,-4.507934,768000,768000,1.000000000,1,2025-11-27 02:12:00.000000,2025-11-27 02:12:59.999922,1,BAYxx_xxxx_20251127_020913_000.7z
2025-11-27 02:13:00,-14.175482,-0.014175482,-5.117064,1.049498,-10.107916,768000,768000,1.000000000,1,2025-11-27 02:13:00.000000,2025-11-27 02:13:59.999922,1,BAYxx_xxxx_20251127_020913_000.7z
2025-11-27 02:14:00,-7.015230,-0.007015230,-0.317029,-0.835065,-5.863135,768000,768000,1.000000000,1,2025-11-27 02:14:00.000000,2025-11-27 02:14:59.999922,1,BAYxx_xxxx_20251127_020913_000.7z
2025-11-27 02:15:00,9.465650,0.009465650,10.046495,6.398592,-6.979437,768000,768000,1.000000000,1,2025-11-27 02:15:00.000000,2025-11-27 02:15:59.999922,1,BAYxx_xxxx_20251127_020913_000.7z
2025-11-27 02:16:00,6.190559,0.006190559,6.522414,4.548302,-4.880157,768000,768000,1.000000000,1,2025-11-27 02:16:00.000000,2025-11-27 02:16:59.999922,1,BAYxx_xxxx_20251127_020913_000.7z
2025-11-27 02:17:00,9.040576,0.009040576,9.821182,7.119335,-7.899941,768000,768000,1.000000000,1,2025-11-27 02:17:00.000000,2025-11-27 02:17:59.999922,1,BAYxx_xxxx_20251127_020913_000.7z
2025-11-27 02:18:00,-3.160454,-0.003160454,4.420362,-0.080258,-7.500557,768000,768000,1.000000000,1,2025-11-27 02:18:00.000000,2025-11-27 02:18:59.999922,1,BAYxx_xxxx_20251127_020913_000.7z
2025-11-27 02:19:00,-4.079841,-0.004079841,2.678690,-0.041615,-6.716916,729612,768000,0.950015625,0,2025-11-27 02:19:00.000000,2025-11-27 02:19:59.999922,2,BAYxx_xxxx_20251127_020913_000.7z;BAYxx_xxxx_20251127_021916_000.7z
2025-11-27 02:20:00,-1.140854,-0.001140854,5.377795,-1.688091,-4.830558,768000,768000,1.000000000,1,2025-11-27 02:20:00.000000,2025-11-27 02:20:59.999922,1,BAYxx_xxxx_20251127_021916_000.7z
2025-11-27 02:21:00,-4.346562,-0.004346562,2.451753,-2.521258,-4.277056,768000,768000,1.000000000,1,2025-11-27 02:21:00.000000,2025-11-27 02:21:59.999922,1,BAYxx_xxxx_20251127_021916_000.7z
2025-11-27 02:22:00,3.452350,0.003452350,10.202036,0.555117,-7.304804,768000,768000,1.000000000,1,2025-11-27 02:22:00.000000,2025-11-27 02:22:59.999922,1,BAYxx_xxxx_20251127_021916_000.7z
2025-11-27 02:23:00,-12.371535,-0.012371535,-2.265429,-1.194550,-8.911556,768000,768000,1.000000000,1,2025-11-27 02:23:00.000000,2025-11-27 02:23:59.999922,1,BAYxx_xxxx_20251127_021916_000.7z
2025-11-27 02:24:00,-7.743156,-0.007743156,0.581622,-4.022785,-4.301993,768000,768000,1.000000000,1,2025-11-27 02:24:00.000000,2025-11-27 02:24:59.999922,1,BAYxx_xxxx_20251127_021916_000.7z
2025-11-27 02:25:00,-1.950889,-0.001950889,1.371918,0.937247,-4.260054,768000,768000,1.000000000,1,2025-11-27 02:25:00.000000,2025-11-27 02:25:59.999922,1,BAYxx_xxxx_20251127_021916_000.7z
2025-11-27 02:26:00,-14.249105,-0.014249105,-1.980216,-4.099565,-8.169324,768000,768000,1.000000000,1,2025-11-27 02:26:00.000000,2025-11-27 02:26:59.999922,1,BAYxx_xxxx_20251127_021916_000.7z
2025-11-27 02:27:00,-4.616703,-0.004616703,1.400665,-0.755105,-5.262264,768000,768000,1.000000000,1,2025-11-27 02:27:00.000000,2025-11-27 02:27:59.999922,1,BAYxx_xxxx_20251127_021916_000.7z
2025-11-27 02:28:00,-3.693873,-0.003693873,4.239931,-2.764458,-5.169345,768000,768000,1.000000000,1,2025-11-27 02:28:00.000000,2025-11-27 02:28:59.999922,1,BAYxx_xxxx_20251127_021916_000.7z
2025-11-27 02:29:00,-1.133791,-0.001133791,6.837252,-4.992656,-2.978387,742537,768000,0.966845052,0,2025-11-27 02:29:00.000000,2025-11-27 02:29:59.999922,2,BAYxx_xxxx_20251127_021916_000.7z;BAYxx_xxxx_20251127_022918_000.7z
2025-11-27 02:30:00,-19.612065,-0.019612065,7.579028,-13.992889,-13.198204,768000,768000,1.000000000,1,2025-11-27 02:30:00.000000,2025-11-27 02:30:59.999922,1,BAYxx_xxxx_20251127_022918_000.7z
2025-11-27 02:31:00,-0.639395,-0.000639395,4.520639,3.353511,-8.513545,768000,768000,1.000000000,1,2025-11-27 02:31:00.000000,2025-11-27 02:31:59.999922,1,BAYxx_xxxx_20251127_022918_000.7z
2025-11-27 02:32:00,-3.508475,-0.003508475,1.303051,-2.575403,-2.236124,768000,768000,1.000000000,1,2025-11-27 02:32:00.000000,2025-11-27 02:32:59.999922,1,BAYxx_xxxx_20251127_022918_000.7z
2025-11-27 02:33:00,-9.211292,-0.009211292,-0.261486,-3.314118,-5.635687,768000,768000,1.000000000,1,2025-11-27 02:33:00.000000,2025-11-27 02:33:59.999922,1,BAYxx_xxxx_20251127_022918_000.7z
2025-11-27 02:34:00,-8.661848,-0.008661848,-3.515692,-2.435674,-2.710482,768000,768000,1.000000000,1,2025-11-27 02:34:00.000000,2025-11-27 02:34:59.999922,1,BAYxx_xxxx_20251127_022918_000.7z
2025-11-27 02:35:00,-7.305849,-0.007305849,-0.265462,-0.764774,-6.275613,768000,768000,1.000000000,1,2025-11-27 02:35:00.000000,2025-11-27 02:35:59.999922,1,BAYxx_xxxx_20251127_022918_000.7z
2025-11-27 02:36:00,5.076862,0.005076862,10.965337,7.111861,-13.000336,768000,768000,1.000000000,1,2025-11-27 02:36:00.000000,2025-11-27 02:36:59.999922,1,BAYxx_xxxx_20251127_022918_000.7z
2025-11-27 02:37:00,4.313153,0.004313153,7.302593,5.132317,-8.121757,768000,768000,1.000000000,1,2025-11-27 02:37:00.000000,2025-11-27 02:37:59.999922,1,BAYxx_xxxx_20251127_022918_000.7z
2025-11-27 02:38:00,2.167027,0.002167027,2.879069,1.725012,-2.437054,768000,768000,1.000000000,1,2025-11-27 02:38:00.000000,2025-11-27 02:38:59.999922,1,BAYxx_xxxx_20251127_022918_000.7z
2025-11-27 02:39:00,0.648569,0.000648569,6.788858,5.226881,-11.367170,704083,768000,0.916774740,0,2025-11-27 02:39:00.000000,2025-11-27 02:39:59.999922,2,BAYxx_xxxx_20251127_022918_000.7z;BAYxx_xxxx_20251127_023923_000.7z
2025-11-27 02:40:00,11.115814,0.011115814,11.643116,8.020152,-8.547453,768000,768000,1.000000000,1,2025-11-27 02:40:00.000000,2025-11-27 02:40:59.999922,1,BAYxx_xxxx_20251127_023923_000.7z
2025-11-27 02:41:00,-0.238183,-0.000238183,3.995448,4.677544,-8.911176,768000,768000,1.000000000,1,2025-11-27 02:41:00.000000,2025-11-27 02:41:59.999922,1,BAYxx_xxxx_20251127_023923_000.7z
2025-11-27 02:42:00,-1.849910,-0.001849910,10.915185,-7.756591,-5.008504,768000,768000,1.000000000,1,2025-11-27 02:42:00.000000,2025-11-27 02:42:59.999922,1,BAYxx_xxxx_20251127_023923_000.7z
2025-11-27 02:43:00,-5.821059,-0.005821059,0.280236,-0.347752,-5.753543,768000,768000,1.000000000,1,2025-11-27 02:43:00.000000,2025-11-27 02:43:59.999922,1,BAYxx_xxxx_20251127_023923_000.7z
2025-11-27 02:44:00,-5.704142,-0.005704142,1.327998,-1.964092,-5.068047,768000,768000,1.000000000,1,2025-11-27 02:44:00.000000,2025-11-27 02:44:59.999922,1,BAYxx_xxxx_20251127_023923_000.7z
2025-11-27 02:45:00,-2.108566,-0.002108566,2.125752,-1.460932,-2.773386,768000,768000,1.000000000,1,2025-11-27 02:45:00.000000,2025-11-27 02:45:59.999922,1,BAYxx_xxxx_20251127_023923_000.7z
2025-11-27 02:46:00,-7.061796,-0.007061796,-0.158245,-3.275902,-3.627649,768000,768000,1.000000000,1,2025-11-27 02:46:00.000000,2025-11-27 02:46:59.999922,1,BAYxx_xxxx_20251127_023923_000.7z
2025-11-27 02:47:00,-7.652497,-0.007652497,0.522934,-2.978782,-5.196649,768000,768000,1.000000000,1,2025-11-27 02:47:00.000000,2025-11-27 02:47:59.999922,1,BAYxx_xxxx_20251127_023923_000.7z
2025-11-27 02:48:00,1.390752,0.001390752,4.347336,-1.763412,-1.193171,768000,768000,1.000000000,1,2025-11-27 02:48:00.000000,2025-11-27 02:48:59.999922,1,BAYxx_xxxx_20251127_023923_000.7z
2025-11-27 02:49:00,-11.833576,-0.011833576,-3.137956,-2.997343,-5.698277,729670,768000,0.950091146,0,2025-11-27 02:49:00.000000,2025-11-27 02:49:59.999922,2,BAYxx_xxxx_20251127_023923_000.7z;BAYxx_xxxx_20251127_024926_000.7z
2025-11-27 02:50:00,-2.291104,-0.002291104,2.105943,3.234194,-7.631241,768000,768000,1.000000000,1,2025-11-27 02:50:00.000000,2025-11-27 02:50:59.999922,1,BAYxx_xxxx_20251127_024926_000.7z
2025-11-27 02:51:00,-9.127741,-0.009127741,-2.735714,-0.459849,-5.932178,768000,768000,1.000000000,1,2025-11-27 02:51:00.000000,2025-11-27 02:51:59.999922,1,BAYxx_xxxx_20251127_024926_000.7z
2025-11-27 02:52:00,-5.419309,-0.005419309,0.515509,-3.472715,-2.462103,768000,768000,1.000000000,1,2025-11-27 02:52:00.000000,2025-11-27 02:52:59.999922,1,BAYxx_xxxx_20251127_024926_000.7z
2025-11-27 02:53:00,-4.334927,-0.004334927,0.630360,-0.135243,-4.830044,768000,768000,1.000000000,1,2025-11-27 02:53:00.000000,2025-11-27 02:53:59.999922,1,BAYxx_xxxx_20251127_024926_000.7z
2025-11-27 02:54:00,-4.826568,-0.004826568,1.789512,-2.127115,-4.488966,768000,768000,1.000000000,1,2025-11-27 02:54:00.000000,2025-11-27 02:54:59.999922,1,BAYxx_xxxx_20251127_024926_000.7z
2025-11-27 02:55:00,-1.143332,-0.001143332,1.181864,2.875037,-5.200232,768000,768000,1.000000000,1,2025-11-27 02:55:00.000000,2025-11-27 02:55:59.999922,1,BAYxx_xxxx_20251127_024926_000.7z
2025-11-27 02:56:00,-6.777985,-0.006777985,-0.464016,-0.622240,-5.691729,768000,768000,1.000000000,1,2025-11-27 02:56:00.000000,2025-11-27 02:56:59.999922,1,BAYxx_xxxx_20251127_024926_000.7z
2025-11-27 02:57:00,-5.980860,-0.005980860,2.399232,-2.350793,-6.029300,768000,768000,1.000000000,1,2025-11-27 02:57:00.000000,2025-11-27 02:57:59.999922,1,BAYxx_xxxx_20251127_024926_000.7z
2025-11-27 02:58:00,-13.154624,-0.013154624,3.144503,-8.938490,-7.360638,768000,768000,1.000000000,1,2025-11-27 02:58:00.000000,2025-11-27 02:58:59.999922,1,BAYxx_xxxx_20251127_024926_000.7z
2025-11-27 02:59:00,-6.881850,-0.006881850,2.975745,-4.384899,-5.472696,716882,768000,0.933440104,0,2025-11-27 02:59:00.000000,2025-11-27 02:59:59.999922,2,BAYxx_xxxx_20251127_024926_000.7z;BAYxx_xxxx_20251127_025930_000.7z
2025-11-27 03:00:00,-13.335330,-0.013335330,-1.891388,-6.945398,-4.498544,768000,768000,1.000000000,1,2025-11-27 03:00:00.000000,2025-11-27 03:00:59.999922,1,BAYxx_xxxx_20251127_025930_000.7z
2025-11-27 03:01:00,-10.323358,-0.010323358,4.344244,-6.321724,-8.345877,768000,768000,1.000000000,1,2025-11-27 03:01:00.000000,2025-11-27 03:01:59.999922,1,BAYxx_xxxx_20251127_025930_000.7z
2025-11-27 03:02:00,-0.778263,-0.000778263,0.990278,3.971207,-5.739748,768000,768000,1.000000000,1,2025-11-27 03:02:00.000000,2025-11-27 03:02:59.999922,1,BAYxx_xxxx_20251127_025930_000.7z
2025-11-27 03:03:00,-8.563487,-0.008563487,0.965183,-2.175300,-7.353369,768000,768000,1.000000000,1,2025-11-27 03:03:00.000000,2025-11-27 03:03:59.999922,1,BAYxx_xxxx_20251127_025930_000.7z
2025-11-27 03:04:00,-2.370012,-0.002370012,3.315994,-1.616114,-4.069892,768000,768000,1.000000000,1,2025-11-27 03:04:00.000000,2025-11-27 03:04:59.999922,1,BAYxx_xxxx_20251127_025930_000.7z
2025-11-27 03:05:00,-8.503823,-0.008503823,3.116639,-4.317335,-7.303127,768000,768000,1.000000000,1,2025-11-27 03:05:00.000000,2025-11-27 03:05:59.999922,1,BAYxx_xxxx_20251127_025930_000.7z
2025-11-27 03:06:00,1.397367,0.001397367,7.030035,-1.946805,-3.685863,768000,768000,1.000000000,1,2025-11-27 03:06:00.000000,2025-11-27 03:06:59.999922,1,BAYxx_xxxx_20251127_025930_000.7z
2025-11-27 03:07:00,-9.084541,-0.009084541,-0.604164,-3.056207,-5.424170,768000,768000,1.000000000,1,2025-11-27 03:07:00.000000,2025-11-27 03:07:59.999922,1,BAYxx_xxxx_20251127_025930_000.7z
2025-11-27 03:08:00,-2.480925,-0.002480925,1.792215,1.277015,-5.550155,768000,768000,1.000000000,1,2025-11-27 03:08:00.000000,2025-11-27 03:08:59.999922,1,BAYxx_xxxx_20251127_025930_000.7z
2025-11-27 03:09:00,-8.237119,-0.008237119,1.742206,-5.030664,-4.948661,729690,768000,0.950117187,0,2025-11-27 03:09:00.000000,2025-11-27 03:09:59.999922,2,BAYxx_xxxx_20251127_025930_000.7z;BAYxx_xxxx_20251127_030933_000.7z
2025-11-27 03:10:00,-7.697258,-0.007697258,1.471873,-4.562513,-4.606618,768000,768000,1.000000000,1,2025-11-27 03:10:00.000000,2025-11-27 03:10:59.999922,1,BAYxx_xxxx_20251127_030933_000.7z
2025-11-27 03:11:00,-2.497544,-0.002497544,2.701679,0.626299,-5.825522,768000,768000,1.000000000,1,2025-11-27 03:11:00.000000,2025-11-27 03:11:59.999922,1,BAYxx_xxxx_20251127_030933_000.7z
2025-11-27 03:12:00,3.906820,0.003906820,7.833266,-1.170909,-2.755537,768000,768000,1.000000000,1,2025-11-27 03:12:00.000000,2025-11-27 03:12:59.999922,1,BAYxx_xxxx_20251127_030933_000.7z
2025-11-27 03:13:00,7.384410,0.007384410,6.227209,8.388344,-7.231142,768000,768000,1.000000000,1,2025-11-27 03:13:00.000000,2025-11-27 03:13:59.999922,1,BAYxx_xxxx_20251127_030933_000.7z
2025-11-27 03:14:00,2.352066,0.002352066,6.584218,5.412440,-9.644592,768000,768000,1.000000000,1,2025-11-27 03:14:00.000000,2025-11-27 03:14:59.999922,1,BAYxx_xxxx_20251127_030933_000.7z
2025-11-27 03:15:00,5.823849,0.005823849,9.351123,-0.341268,-3.186006,768000,768000,1.000000000,1,2025-11-27 03:15:00.000000,2025-11-27 03:15:59.999922,1,BAYxx_xxxx_20251127_030933_000.7z
2025-11-27 03:16:00,5.679626,0.005679626,8.330732,4.427285,-7.078391,768000,768000,1.000000000,1,2025-11-27 03:16:00.000000,2025-11-27 03:16:59.999922,1,BAYxx_xxxx_20251127_030933_000.7z
2025-11-27 03:17:00,2.508414,0.002508414,9.081865,3.532405,-10.105857,768000,768000,1.000000000,1,2025-11-27 03:17:00.000000,2025-11-27 03:17:59.999922,1,BAYxx_xxxx_20251127_030933_000.7z
2025-11-27 03:18:00,8.135129,0.008135129,10.623200,-0.305472,-2.182598,768000,768000,1.000000000,1,2025-11-27 03:18:00.000000,2025-11-27 03:18:59.999922,1,BAYxx_xxxx_20251127_030933_000.7z
2025-11-27 03:19:00,-4.682074,-0.004682074,1.040222,-0.524707,-5.197589,742423,768000,0.966696615,0,2025-11-27 03:19:00.000000,2025-11-27 03:19:59.999922,2,BAYxx_xxxx_20251127_030933_000.7z;BAYxx_xxxx_20251127_031935_000.7z
2025-11-27 03:20:00,-5.794691,-0.005794691,-1.452351,-0.376002,-3.966338,768000,768000,1.000000000,1,2025-11-27 03:20:00.000000,2025-11-27 03:20:59.999922,1,BAYxx_xxxx_20251127_031935_000.7z
2025-11-27 03:21:00,-11.617824,-0.011617824,-6.302824,-3.212480,-2.102520,768000,768000,1.000000000,1,2025-11-27 03:21:00.000000,2025-11-27 03:21:59.999922,1,BAYxx_xxxx_20251127_031935_000.7z
2025-11-27 03:22:00,-1.880680,-0.001880680,1.659362,-3.322598,-0.217444,768000,768000,1.000000000,1,2025-11-27 03:22:00.000000,2025-11-27 03:22:59.999922,1,BAYxx_xxxx_20251127_031935_000.7z
2025-11-27 03:23:00,-7.275223,-0.007275223,2.534239,-5.162715,-4.646746,768000,768000,1.000000000,1,2025-11-27 03:23:00.000000,2025-11-27 03:23:59.999922,1,BAYxx_xxxx_20251127_031935_000.7z
2025-11-27 03:24:00,-8.547092,-0.008547092,-0.349876,-3.428119,-4.769097,768000,768000,1.000000000,1,2025-11-27 03:24:00.000000,2025-11-27 03:24:59.999922,1,BAYxx_xxxx_20251127_031935_000.7z
2025-11-27 03:25:00,-9.731580,-0.009731580,-0.915315,-2.644266,-6.171999,768000,768000,1.000000000,1,2025-11-27 03:25:00.000000,2025-11-27 03:25:59.999922,1,BAYxx_xxxx_20251127_031935_000.7z
2025-11-27 03:26:00,-2.434444,-0.002434444,7.525385,-3.662642,-6.297187,768000,768000,1.000000000,1,2025-11-27 03:26:00.000000,2025-11-27 03:26:59.999922,1,BAYxx_xxxx_20251127_031935_000.7z
2025-11-27 03:27:00,-5.737984,-0.005737984,4.283042,-4.192367,-5.828659,768000,768000,1.000000000,1,2025-11-27 03:27:00.000000,2025-11-27 03:27:59.999922,1,BAYxx_xxxx_20251127_031935_000.7z
2025-11-27 03:28:00,-3.590181,-0.003590181,-0.897501,1.986001,-4.678682,768000,768000,1.000000000,1,2025-11-27 03:28:00.000000,2025-11-27 03:28:59.999922,1,BAYxx_xxxx_20251127_031935_000.7z
2025-11-27 03:29:00,-3.378584,-0.003378584,4.492557,-4.261335,-3.609806,716828,768000,0.933369792,0,2025-11-27 03:29:00.000000,2025-11-27 03:29:59.999922,2,BAYxx_xxxx_20251127_031935_000.7z;BAYxx_xxxx_20251127_032939_000.7z
2025-11-27 03:30:00,-2.864800,-0.002864800,2.559383,-2.827352,-2.596832,768000,768000,1.000000000,1,2025-11-27 03:30:00.000000,2025-11-27 03:30:59.999922,1,BAYxx_xxxx_20251127_032939_000.7z
2025-11-27 03:31:00,-6.914113,-0.006914113,-2.182306,1.031441,-5.763247,768000,768000,1.000000000,1,2025-11-27 03:31:00.000000,2025-11-27 03:31:59.999922,1,BAYxx_xxxx_20251127_032939_000.7z
2025-11-27 03:32:00,6.817137,0.006817137,1.966641,11.310227,-6.459731,768000,768000,1.000000000,1,2025-11-27 03:32:00.000000,2025-11-27 03:32:59.999922,1,BAYxx_xxxx_20251127_032939_000.7z
2025-11-27 03:33:00,8.181588,0.008181588,11.113257,3.896500,-6.828169,768000,768000,1.000000000,1,2025-11-27 03:33:00.000000,2025-11-27 03:33:59.999922,1,BAYxx_xxxx_20251127_032939_000.7z
2025-11-27 03:34:00,4.117562,0.004117562,10.235096,3.362948,-9.480482,768000,768000,1.000000000,1,2025-11-27 03:34:00.000000,2025-11-27 03:34:59.999922,1,BAYxx_xxxx_20251127_032939_000.7z
2025-11-27 03:35:00,5.773031,0.005773031,10.116632,4.671186,-9.014787,768000,768000,1.000000000,1,2025-11-27 03:35:00.000000,2025-11-27 03:35:59.999922,1,BAYxx_xxxx_20251127_032939_000.7z
2025-11-27 03:36:00,5.582639,0.005582639,8.991425,4.712994,-8.121780,768000,768000,1.000000000,1,2025-11-27 03:36:00.000000,2025-11-27 03:36:59.999922,1,BAYxx_xxxx_20251127_032939_000.7z
2025-11-27 03:37:00,1.651022,0.001651022,8.772501,2.840834,-9.962313,768000,768000,1.000000000,1,2025-11-27 03:37:00.000000,2025-11-27 03:37:59.999922,1,BAYxx_xxxx_20251127_032939_000.7z
2025-11-27 03:38:00,-8.925722,-0.008925722,-1.282955,-4.082404,-3.560363,768000,768000,1.000000000,1,2025-11-27 03:38:00.000000,2025-11-27 03:38:59.999922,1,BAYxx_xxxx_20251127_032939_000.7z
2025-11-27 03:39:00,-2.919210,-0.002919210,2.069752,-2.057581,-2.931380,729684,768000,0.950109375,0,2025-11-27 03:39:00.000000,2025-11-27 03:39:59.999922,2,BAYxx_xxxx_20251127_032939_000.7z;BAYxx_xxxx_20251127_033942_000.7z
2025-11-27 03:40:00,-2.486897,-0.002486897,0.648579,2.010038,-5.145514,768000,768000,1.000000000,1,2025-11-27 03:40:00.000000,2025-11-27 03:40:59.999922,1,BAYxx_xxxx_20251127_033942_000.7z
2025-11-27 03:41:00,10.159613,0.010159613,11.170001,2.833012,-3.843400,768000,768000,1.000000000,1,2025-11-27 03:41:00.000000,2025-11-27 03:41:59.999922,1,BAYxx_xxxx_20251127_033942_000.7z
2025-11-27 03:42:00,-4.354575,-0.004354575,-0.142368,-1.041723,-3.170483,768000,768000,1.000000000,1,2025-11-27 03:42:00.000000,2025-11-27 03:42:59.999922,1,BAYxx_xxxx_20251127_033942_000.7z
2025-11-27 03:43:00,-14.879146,-0.014879146,-2.582685,-5.407653,-6.888808,768000,768000,1.000000000,1,2025-11-27 03:43:00.000000,2025-11-27 03:43:59.999922,1,BAYxx_xxxx_20251127_033942_000.7z
2025-11-27 03:44:00,-10.847646,-0.010847646,0.518427,-5.840591,-5.525482,768000,768000,1.000000000,1,2025-11-27 03:44:00.000000,2025-11-27 03:44:59.999922,1,BAYxx_xxxx_20251127_033942_000.7z
2025-11-27 03:45:00,-5.020197,-0.005020197,1.961704,-1.345342,-5.636559,768000,768000,1.000000000,1,2025-11-27 03:45:00.000000,2025-11-27 03:45:59.999922,1,BAYxx_xxxx_20251127_033942_000.7z
2025-11-27 03:46:00,-4.524160,-0.004524160,1.064258,0.057325,-5.645743,768000,768000,1.000000000,1,2025-11-27 03:46:00.000000,2025-11-27 03:46:59.999922,1,BAYxx_xxxx_20251127_033942_000.7z
2025-11-27 03:47:00,-3.679431,-0.003679431,4.186578,-1.909773,-5.956236,768000,768000,1.000000000,1,2025-11-27 03:47:00.000000,2025-11-27 03:47:59.999922,1,BAYxx_xxxx_20251127_033942_000.7z
2025-11-27 03:48:00,-10.389967,-0.010389967,2.079289,-3.276824,-9.192432,768000,768000,1.000000000,1,2025-11-27 03:48:00.000000,2025-11-27 03:48:59.999922,1,BAYxx_xxxx_20251127_033942_000.7z
2025-11-27 03:49:00,-4.569242,-0.004569242,-2.159856,0.127459,-2.536844,729630,768000,0.950039063,0,2025-11-27 03:49:00.000000,2025-11-27 03:49:59.999922,2,BAYxx_xxxx_20251127_033942_000.7z;BAYxx_xxxx_20251127_034945_000.7z
2025-11-27 03:50:00,-10.493415,-0.010493415,5.174694,-12.843113,-2.824995,768000,768000,1.000000000,1,2025-11-27 03:50:00.000000,2025-11-27 03:50:59.999922,1,BAYxx_xxxx_20251127_034945_000.7z
2025-11-27 03:51:00,-8.763887,-0.008763887,-3.361532,-0.489756,-4.912600,768000,768000,1.000000000,1,2025-11-27 03:51:00.000000,2025-11-27 03:51:59.999922,1,BAYxx_xxxx_20251127_034945_000.7z
2025-11-27 03:52:00,-4.846946,-0.004846946,1.897377,-0.696984,-6.047339,768000,768000,1.000000000,1,2025-11-27 03:52:00.000000,2025-11-27 03:52:59.999922,1,BAYxx_xxxx_20251127_034945_000.7z
2025-11-27 03:53:00,-16.975366,-0.016975366,-2.593604,-8.821331,-5.560431,768000,768000,1.000000000,1,2025-11-27 03:53:00.000000,2025-11-27 03:53:59.999922,1,BAYxx_xxxx_20251127_034945_000.7z
2025-11-27 03:54:00,-10.891432,-0.010891432,-2.654202,-4.287781,-3.949449,768000,768000,1.000000000,1,2025-11-27 03:54:00.000000,2025-11-27 03:54:59.999922,1,BAYxx_xxxx_20251127_034945_000.7z
2025-11-27 03:55:00,-3.247920,-0.003247920,-3.264235,5.260275,-5.243960,768000,768000,1.000000000,1,2025-11-27 03:55:00.000000,2025-11-27 03:55:59.999922,1,BAYxx_xxxx_20251127_034945_000.7z
2025-11-27 03:56:00,-5.145654,-0.005145654,1.401006,-2.019977,-4.526683,768000,768000,1.000000000,1,2025-11-27 03:56:00.000000,2025-11-27 03:56:59.999922,1,BAYxx_xxxx_20251127_034945_000.7z
2025-11-27 03:57:00,-11.542170,-0.011542170,-0.296923,-4.658653,-6.586594,768000,768000,1.000000000,1,2025-11-27 03:57:00.000000,2025-11-27 03:57:59.999922,1,BAYxx_xxxx_20251127_034945_000.7z
2025-11-27 03:58:00,-5.040288,-0.005040288,2.366912,-1.368638,-6.038563,768000,768000,1.000000000,1,2025-11-27 03:58:00.000000,2025-11-27 03:58:59.999922,1,BAYxx_xxxx_20251127_034945_000.7z
2025-11-27 03:59:00,-6.649104,-0.006649104,7.146502,2.463828,-16.259435,729740,768000,0.950182292,0,2025-11-27 03:59:00.000000,2025-11-27 03:59:59.999922,2,BAYxx_xxxx_20251127_034945_000.7z;BAYxx_xxxx_20251127_035948_000.7z
2025-11-27 04:00:00,9.589819,0.009589819,2.347940,11.774120,-4.532240,768000,768000,1.000000000,1,2025-11-27 04:00:00.000000,2025-11-27 04:00:59.999922,1,BAYxx_xxxx_20251127_035948_000.7z
2025-11-27 04:01:00,5.638033,0.005638033,12.786847,2.462437,-9.611251,768000,768000,1.000000000,1,2025-11-27 04:01:00.000000,2025-11-27 04:01:59.999922,1,BAYxx_xxxx_20251127_035948_000.7z
2025-11-27 04:02:00,-0.991195,-0.000991195,10.378093,-3.301140,-8.068148,768000,768000,1.000000000,1,2025-11-27 04:02:00.000000,2025-11-27 04:02:59.999922,1,BAYxx_xxxx_20251127_035948_000.7z
2025-11-27 04:03:00,8.859629,0.008859629,10.818806,5.780514,-7.739691,768000,768000,1.000000000,1,2025-11-27 04:03:00.000000,2025-11-27 04:03:59.999922,1,BAYxx_xxxx_20251127_035948_000.7z
2025-11-27 04:04:00,1.202919,0.001202919,4.735043,2.265754,-5.797878,768000,768000,1.000000000,1,2025-11-27 04:04:00.000000,2025-11-27 04:04:59.999922,1,BAYxx_xxxx_20251127_035948_000.7z
2025-11-27 04:05:00,-2.477871,-0.002477871,4.056868,-2.509137,-4.025602,768000,768000,1.000000000,1,2025-11-27 04:05:00.000000,2025-11-27 04:05:59.999922,1,BAYxx_xxxx_20251127_035948_000.7z
2025-11-27 04:06:00,-6.812174,-0.006812174,1.118880,-2.911175,-5.019879,768000,768000,1.000000000,1,2025-11-27 04:06:00.000000,2025-11-27 04:06:59.999922,1,BAYxx_xxxx_20251127_035948_000.7z
2025-11-27 04:07:00,-8.695609,-0.008695609,1.171622,-2.793486,-7.073745,768000,768000,1.000000000,1,2025-11-27 04:07:00.000000,2025-11-27 04:07:59.999922,1,BAYxx_xxxx_20251127_035948_000.7z
2025-11-27 04:08:00,-7.332272,-0.007332272,4.086614,-6.474922,-4.943964,768000,768000,1.000000000,1,2025-11-27 04:08:00.000000,2025-11-27 04:08:59.999922,1,BAYxx_xxxx_20251127_035948_000.7z
2025-11-27 04:09:00,-2.893662,-0.002893662,5.232976,0.201375,-8.328013,729658,768000,0.950075521,0,2025-11-27 04:09:00.000000,2025-11-27 04:09:59.999922,2,BAYxx_xxxx_20251127_035948_000.7z;BAYxx_xxxx_20251127_040951_000.7z
2025-11-27 04:10:00,-21.541964,-0.021541964,-8.216165,-4.788595,-8.537204,768000,768000,1.000000000,1,2025-11-27 04:10:00.000000,2025-11-27 04:10:59.999922,1,BAYxx_xxxx_20251127_040951_000.7z
2025-11-27 04:11:00,-0.317426,-0.000317426,2.155874,-2.376796,-0.096504,768000,768000,1.000000000,1,2025-11-27 04:11:00.000000,2025-11-27 04:11:59.999922,1,BAYxx_xxxx_20251127_040951_000.7z
2025-11-27 04:12:00,-6.078062,-0.006078062,3.786610,-4.879365,-4.985306,768000,768000,1.000000000,1,2025-11-27 04:12:00.000000,2025-11-27 04:12:59.999922,1,BAYxx_xxxx_20251127_040951_000.7z
2025-11-27 04:13:00,-13.861979,-0.013861979,2.131918,-7.992597,-8.001300,768000,768000,1.000000000,1,2025-11-27 04:13:00.000000,2025-11-27 04:13:59.999922,1,BAYxx_xxxx_20251127_040951_000.7z
2025-11-27 04:14:00,-5.238068,-0.005238068,1.233126,-7.346104,0.874910,768000,768000,1.000000000,1,2025-11-27 04:14:00.000000,2025-11-27 04:14:59.999922,1,BAYxx_xxxx_20251127_040951_000.7z
2025-11-27 04:15:00,-10.966115,-0.010966115,-0.202088,-3.531484,-7.232543,768000,768000,1.000000000,1,2025-11-27 04:15:00.000000,2025-11-27 04:15:59.999922,1,BAYxx_xxxx_20251127_040951_000.7z
2025-11-27 04:16:00,-1.356817,-0.001356817,0.883324,-1.127053,-1.113089,768000,768000,1.000000000,1,2025-11-27 04:16:00.000000,2025-11-27 04:16:59.999922,1,BAYxx_xxxx_20251127_040951_000.7z
2025-11-27 04:17:00,-9.715519,-0.009715519,3.271506,-7.377270,-5.609756,768000,768000,1.000000000,1,2025-11-27 04:17:00.000000,2025-11-27 04:17:59.999922,1,BAYxx_xxxx_20251127_040951_000.7z
2025-11-27 04:18:00,-11.187967,-0.011187967,-7.045360,2.285202,-6.427809,768000,768000,1.000000000,1,2025-11-27 04:18:00.000000,2025-11-27 04:18:59.999922,1,BAYxx_xxxx_20251127_040951_000.7z
2025-11-27 04:19:00,-2.376917,-0.002376917,-0.918362,2.049617,-3.508171,729710,768000,0.950143229,0,2025-11-27 04:19:00.000000,2025-11-27 04:19:59.999922,2,BAYxx_xxxx_20251127_040951_000.7z;BAYxx_xxxx_20251127_041954_000.7z
2025-11-27 04:20:00,5.832052,0.005832052,4.831737,4.738915,-3.738600,768000,768000,1.000000000,1,2025-11-27 04:20:00.000000,2025-11-27 04:20:59.999922,1,BAYxx_xxxx_20251127_041954_000.7z
2025-11-27 04:21:00,-1.636148,-0.001636148,2.390174,5.694976,-9.721297,768000,768000,1.000000000,1,2025-11-27 04:21:00.000000,2025-11-27 04:21:59.999922,1,BAYxx_xxxx_20251127_041954_000.7z
2025-11-27 04:22:00,4.899835,0.004899835,7.811284,4.119952,-7.031401,768000,768000,1.000000000,1,2025-11-27 04:22:00.000000,2025-11-27 04:22:59.999922,1,BAYxx_xxxx_20251127_041954_000.7z
2025-11-27 04:23:00,4.766413,0.004766413,2.991639,7.936498,-6.161725,768000,768000,1.000000000,1,2025-11-27 04:23:00.000000,2025-11-27 04:23:59.999922,1,BAYxx_xxxx_20251127_041954_000.7z
2025-11-27 04:24:00,1.989332,0.001989332,4.535744,6.143546,-8.689958,768000,768000,1.000000000,1,2025-11-27 04:24:00.000000,2025-11-27 04:24:59.999922,1,BAYxx_xxxx_20251127_041954_000.7z
2025-11-27 04:25:00,21.086667,0.021086667,14.226585,8.589290,-1.729208,768000,768000,1.000000000,1,2025-11-27 04:25:00.000000,2025-11-27 04:25:59.999922,1,BAYxx_xxxx_20251127_041954_000.7z
2025-11-27 04:26:00,-1.990459,-0.001990459,1.712161,1.337140,-5.039761,768000,768000,1.000000000,1,2025-11-27 04:26:00.000000,2025-11-27 04:26:59.999922,1,BAYxx_xxxx_20251127_041954_000.7z
2025-11-27 04:27:00,-12.921071,-0.012921071,0.062681,-4.517157,-8.466595,768000,768000,1.000000000,1,2025-11-27 04:27:00.000000,2025-11-27 04:27:59.999922,1,BAYxx_xxxx_20251127_041954_000.7z
2025-11-27 04:28:00,-5.990131,-0.005990131,3.231091,-3.501069,-5.720153,768000,768000,1.000000000,1,2025-11-27 04:28:00.000000,2025-11-27 04:28:59.999922,1,BAYxx_xxxx_20251127_041954_000.7z
2025-11-27 04:29:00,-2.886117,-0.002886117,0.776731,1.986980,-5.649827,716886,768000,0.933445312,0,2025-11-27 04:29:00.000000,2025-11-27 04:29:59.999922,2,BAYxx_xxxx_20251127_041954_000.7z;BAYxx_xxxx_20251127_042958_000.7z
2025-11-27 04:30:00,-13.453133,-0.013453133,0.521163,-6.357719,-7.616577,768000,768000,1.000000000,1,2025-11-27 04:30:00.000000,2025-11-27 04:30:59.999922,1,BAYxx_xxxx_20251127_042958_000.7z
2025-11-27 04:31:00,-3.027433,-0.003027433,4.491613,-2.296245,-5.222801,768000,768000,1.000000000,1,2025-11-27 04:31:00.000000,2025-11-27 04:31:59.999922,1,BAYxx_xxxx_20251127_042958_000.7z
2025-11-27 04:32:00,1.691807,0.001691807,8.697983,0.328475,-7.334650,768000,768000,1.000000000,1,2025-11-27 04:32:00.000000,2025-11-27 04:32:59.999922,1,BAYxx_xxxx_20251127_042958_000.7z
2025-11-27 04:33:00,-15.774237,-0.015774237,0.991121,-6.762477,-10.002881,768000,768000,1.000000000,1,2025-11-27 04:33:00.000000,2025-11-27 04:33:59.999922,1,BAYxx_xxxx_20251127_042958_000.7z
2025-11-27 04:34:00,-11.826654,-0.011826654,-4.473320,-5.991786,-1.361547,768000,768000,1.000000000,1,2025-11-27 04:34:00.000000,2025-11-27 04:34:59.999922,1,BAYxx_xxxx_20251127_042958_000.7z
2025-11-27 04:35:00,-10.838486,-0.010838486,-3.801840,-2.068293,-4.968353,768000,768000,1.000000000,1,2025-11-27 04:35:00.000000,2025-11-27 04:35:59.999922,1,BAYxx_xxxx_20251127_042958_000.7z
2025-11-27 04:36:00,-7.338640,-0.007338640,-0.251461,-3.188263,-3.898916,768000,768000,1.000000000,1,2025-11-27 04:36:00.000000,2025-11-27 04:36:59.999922,1,BAYxx_xxxx_20251127_042958_000.7z
2025-11-27 04:37:00,1.528732,0.001528732,5.388241,2.875123,-6.734633,768000,768000,1.000000000,1,2025-11-27 04:37:00.000000,2025-11-27 04:37:59.999922,1,BAYxx_xxxx_20251127_042958_000.7z
2025-11-27 04:38:00,-8.103596,-0.008103596,0.124718,-3.316457,-4.911857,768000,768000,1.000000000,1,2025-11-27 04:38:00.000000,2025-11-27 04:38:59.999922,1,BAYxx_xxxx_20251127_042958_000.7z
2025-11-27 04:39:00,-6.080715,-0.006080715,1.532475,-4.883962,-2.729228,742513,768000,0.966813802,0,2025-11-27 04:39:00.000000,2025-11-27 04:39:58.008750,1,BAYxx_xxxx_20251127_042958_000.7z
2025-11-27 04:40:00,-4.387408,-0.004387408,-3.301132,0.094548,-1.180824,755200,768000,0.983333333,0,2025-11-27 04:40:01.000000,2025-11-27 04:40:59.999922,1,BAYxx_xxxx_20251127_044001_000.7z
2025-11-27 04:41:00,-8.617095,-0.008617095,-0.422666,-4.107067,-4.087362,768000,768000,1.000000000,1,2025-11-27 04:41:00.000000,2025-11-27 04:41:59.999922,1,BAYxx_xxxx_20251127_044001_000.7z
2025-11-27 04:42:00,-10.503282,-0.010503282,-1.056974,-2.538761,-6.907547,768000,768000,1.000000000,1,2025-11-27 04:42:00.000000,2025-11-27 04:42:59.999922,1,BAYxx_xxxx_20251127_044001_000.7z
2025-11-27 04:43:00,-2.637476,-0.002637476,4.293048,-2.335900,-4.594624,768000,768000,1.000000000,1,2025-11-27 04:43:00.000000,2025-11-27 04:43:59.999922,1,BAYxx_xxxx_20251127_044001_000.7z
2025-11-27 04:44:00,0.064876,0.000064876,5.415322,0.637391,-5.987837,768000,768000,1.000000000,1,2025-11-27 04:44:00.000000,2025-11-27 04:44:59.999922,1,BAYxx_xxxx_20251127_044001_000.7z
2025-11-27 04:45:00,-10.055921,-0.010055921,-4.011919,1.572557,-7.616558,768000,768000,1.000000000,1,2025-11-27 04:45:00.000000,2025-11-27 04:45:59.999922,1,BAYxx_xxxx_20251127_044001_000.7z
2025-11-27 04:46:00,2.830967,0.002830967,5.976504,5.196278,-8.341815,768000,768000,1.000000000,1,2025-11-27 04:46:00.000000,2025-11-27 04:46:59.999922,1,BAYxx_xxxx_20251127_044001_000.7z
2025-11-27 04:47:00,3.165246,0.003165246,5.350962,5.515977,-7.701692,768000,768000,1.000000000,1,2025-11-27 04:47:00.000000,2025-11-27 04:47:59.999922,1,BAYxx_xxxx_20251127_044001_000.7z
2025-11-27 04:48:00,-2.421145,-0.002421145,9.190056,0.182945,-11.794145,768000,768000,1.000000000,1,2025-11-27 04:48:00.000000,2025-11-27 04:48:59.999922,1,BAYxx_xxxx_20251127_044001_000.7z
2025-11-27 04:49:00,3.449028,0.003449028,2.578886,10.210712,-9.340570,768000,768000,1.000000000,1,2025-11-27 04:49:00.000000,2025-11-27 04:49:59.999922,1,BAYxx_xxxx_20251127_044001_000.7z
2025-11-27 04:50:00,-0.987067,-0.000987067,6.566882,-2.909399,-4.644550,729608,768000,0.950010417,0,2025-11-27 04:50:00.000000,2025-11-27 04:50:59.999922,2,BAYxx_xxxx_20251127_044001_000.7z;BAYxx_xxxx_20251127_045004_000.7z
2025-11-27 04:51:00,-5.403295,-0.005403295,2.252063,-3.244290,-4.411067,768000,768000,1.000000000,1,2025-11-27 04:51:00.000000,2025-11-27 04:51:59.999922,1,BAYxx_xxxx_20251127_045004_000.7z
2025-11-27 04:52:00,-6.000991,-0.006000991,-0.565750,-0.722678,-4.712563,768000,768000,1.000000000,1,2025-11-27 04:52:00.000000,2025-11-27 04:52:59.999922,1,BAYxx_xxxx_20251127_045004_000.7z
2025-11-27 04:53:00,-14.009778,-0.014009778,-0.334625,-2.981546,-10.693607,768000,768000,1.000000000,1,2025-11-27 04:53:00.000000,2025-11-27 04:53:59.999922,1,BAYxx_xxxx_20251127_045004_000.7z
2025-11-27 04:54:00,-12.657433,-0.012657433,-2.165962,-5.018939,-5.472532,768000,768000,1.000000000,1,2025-11-27 04:54:00.000000,2025-11-27 04:54:59.999922,1,BAYxx_xxxx_20251127_045004_000.7z
2025-11-27 04:55:00,-4.122017,-0.004122017,2.752335,-3.011938,-3.862414,768000,768000,1.000000000,1,2025-11-27 04:55:00.000000,2025-11-27 04:55:59.999922,1,BAYxx_xxxx_20251127_045004_000.7z
2025-11-27 04:56:00,-7.106763,-0.007106763,0.563892,-2.620891,-5.049764,768000,768000,1.000000000,1,2025-11-27 04:56:00.000000,2025-11-27 04:56:59.999922,1,BAYxx_xxxx_20251127_045004_000.7z
2025-11-27 04:57:00,-6.947667,-0.006947667,1.097029,-3.499554,-4.545143,768000,768000,1.000000000,1,2025-11-27 04:57:00.000000,2025-11-27 04:57:59.999922,1,BAYxx_xxxx_20251127_045004_000.7z
2025-11-27 04:58:00,-3.615895,-0.003615895,3.304125,-0.720323,-6.199697,768000,768000,1.000000000,1,2025-11-27 04:58:00.000000,2025-11-27 04:58:59.999922,1,BAYxx_xxxx_20251127_045004_000.7z
2025-11-27 04:59:00,-5.643448,-0.005643448,1.959865,-2.102103,-5.501210,768000,768000,1.000000000,1,2025-11-27 04:59:00.000000,2025-11-27 04:59:59.999922,1,BAYxx_xxxx_20251127_045004_000.7z
2025-11-27 05:00:00,-14.815338,-0.014815338,-2.320752,-6.265120,-6.229466,729727,768000,0.950165365,0,2025-11-27 05:00:00.000000,2025-11-27 05:00:59.999922,2,BAYxx_xxxx_20251127_045004_000.7z;BAYxx_xxxx_20251127_050007_000.7z
2025-11-27 05:01:00,-13.161405,-0.013161405,-0.241287,-2.651335,-10.268784,768000,768000,1.000000000,1,2025-11-27 05:01:00.000000,2025-11-27 05:01:59.999922,1,BAYxx_xxxx_20251127_050007_000.7z
2025-11-27 05:02:00,9.290404,0.009290404,5.816963,6.628905,-3.155464,768000,768000,1.000000000,1,2025-11-27 05:02:00.000000,2025-11-27 05:02:59.999922,1,BAYxx_xxxx_20251127_050007_000.7z
2025-11-27 05:03:00,-8.882133,-0.008882133,0.165047,-3.478031,-5.569149,768000,768000,1.000000000,1,2025-11-27 05:03:00.000000,2025-11-27 05:03:59.999922,1,BAYxx_xxxx_20251127_050007_000.7z
2025-11-27 05:04:00,-5.439272,-0.005439272,1.834315,-2.542758,-4.730830,768000,768000,1.000000000,1,2025-11-27 05:04:00.000000,2025-11-27 05:04:59.999922,1,BAYxx_xxxx_20251127_050007_000.7z
2025-11-27 05:05:00,-3.285525,-0.003285525,3.908476,-0.061302,-7.132699,768000,768000,1.000000000,1,2025-11-27 05:05:00.000000,2025-11-27 05:05:59.999922,1,BAYxx_xxxx_20251127_050007_000.7z
2025-11-27 05:06:00,6.630118,0.006630118,10.364708,3.002298,-6.736888,768000,768000,1.000000000,1,2025-11-27 05:06:00.000000,2025-11-27 05:06:59.999922,1,BAYxx_xxxx_20251127_050007_000.7z
2025-11-27 05:07:00,4.588584,0.004588584,8.328352,3.877983,-7.617751,768000,768000,1.000000000,1,2025-11-27 05:07:00.000000,2025-11-27 05:07:59.999922,1,BAYxx_xxxx_20251127_050007_000.7z
2025-11-27 05:08:00,0.960007,0.000960007,4.972740,1.449058,-5.461791,768000,768000,1.000000000,1,2025-11-27 05:08:00.000000,2025-11-27 05:08:59.999922,1,BAYxx_xxxx_20251127_050007_000.7z
2025-11-27 05:09:00,0.338595,0.000338595,5.902998,5.078479,-10.642882,768000,768000,1.000000000,1,2025-11-27 05:09:00.000000,2025-11-27 05:09:59.999922,1,BAYxx_xxxx_20251127_050007_000.7z
2025-11-27 05:10:00,-0.341792,-0.000341792,7.837487,0.098804,-8.278084,729740,768000,0.950182292,0,2025-11-27 05:10:00.000000,2025-11-27 05:10:59.999922,2,BAYxx_xxxx_20251127_050007_000.7z;BAYxx_xxxx_20251127_051010_000.7z
2025-11-27 05:11:00,11.065514,0.011065514,9.715722,6.623758,-5.273965,768000,768000,1.000000000,1,2025-11-27 05:11:00.000000,2025-11-27 05:11:59.999922,1,BAYxx_xxxx_20251127_051010_000.7z
2025-11-27 05:12:00,0.890839,0.000890839,10.610276,-6.714321,-3.005115,768000,768000,1.000000000,1,2025-11-27 05:12:00.000000,2025-11-27 05:12:59.999922,1,BAYxx_xxxx_20251127_051010_000.7z
2025-11-27 05:13:00,-4.257734,-0.004257734,0.422988,1.632179,-6.312901,768000,768000,1.000000000,1,2025-11-27 05:13:00.000000,2025-11-27 05:13:59.999922,1,BAYxx_xxxx_20251127_051010_000.7z
2025-11-27 05:14:00,-6.263921,-0.006263921,1.455428,-3.558794,-4.160554,768000,768000,1.000000000,1,2025-11-27 05:14:00.000000,2025-11-27 05:14:59.999922,1,BAYxx_xxxx_20251127_051010_000.7z
2025-11-27 05:15:00,0.250356,0.000250356,2.885081,-1.720583,-0.914142,768000,768000,1.000000000,1,2025-11-27 05:15:00.000000,2025-11-27 05:15:59.999922,1,BAYxx_xxxx_20251127_051010_000.7z
2025-11-27 05:16:00,-9.617320,-0.009617320,0.282554,-3.558222,-6.341652,768000,768000,1.000000000,1,2025-11-27 05:16:00.000000,2025-11-27 05:16:59.999922,1,BAYxx_xxxx_20251127_051010_000.7z
2025-11-27 05:17:00,-8.309156,-0.008309156,0.737589,-2.242155,-6.804590,768000,768000,1.000000000,1,2025-11-27 05:17:00.000000,2025-11-27 05:17:59.999922,1,BAYxx_xxxx_20251127_051010_000.7z
2025-11-27 05:18:00,-11.933552,-0.011933552,-1.824983,-4.418235,-5.690334,768000,768000,1.000000000,1,2025-11-27 05:18:00.000000,2025-11-27 05:18:59.999922,1,BAYxx_xxxx_20251127_051010_000.7z
2025-11-27 05:19:00,-6.106196,-0.006106196,2.310030,-3.181113,-5.235113,768000,768000,1.000000000,1,2025-11-27 05:19:00.000000,2025-11-27 05:19:59.999922,1,BAYxx_xxxx_20251127_051010_000.7z
2025-11-27 05:20:00,-6.390110,-0.006390110,1.562184,-2.776108,-5.176186,716866,768000,0.933419271,0,2025-11-27 05:20:00.000000,2025-11-27 05:20:59.999922,2,BAYxx_xxxx_20251127_051010_000.7z;BAYxx_xxxx_20251127_052014_000.7z
2025-11-27 05:21:00,-0.507475,-0.000507475,5.387007,-8.679354,2.784872,768000,768000,1.000000000,1,2025-11-27 05:21:00.000000,2025-11-27 05:21:59.999922,1,BAYxx_xxxx_20251127_052014_000.7z
2025-11-27 05:22:00,-10.696640,-0.010696640,-1.777830,-0.326589,-8.592221,768000,768000,1.000000000,1,2025-11-27 05:22:00.000000,2025-11-27 05:22:59.999922,1,BAYxx_xxxx_20251127_052014_000.7z
2025-11-27 05:23:00,-0.305058,-0.000305058,-0.451994,2.391546,-2.244610,768000,768000,1.000000000,1,2025-11-27 05:23:00.000000,2025-11-27 05:23:59.999922,1,BAYxx_xxxx_20251127_052014_000.7z
2025-11-27 05:24:00,-10.950679,-0.010950679,2.531183,-6.144819,-7.337042,768000,768000,1.000000000,1,2025-11-27 05:24:00.000000,2025-11-27 05:24:59.999922,1,BAYxx_xxxx_20251127_052014_000.7z
2025-11-27 05:25:00,-7.447993,-0.007447993,1.458564,-3.060123,-5.846434,768000,768000,1.000000000,1,2025-11-27 05:25:00.000000,2025-11-27 05:25:59.999922,1,BAYxx_xxxx_20251127_052014_000.7z
2025-11-27 05:26:00,-5.223793,-0.005223793,5.535582,-6.378066,-4.381309,768000,768000,1.000000000,1,2025-11-27 05:26:00.000000,2025-11-27 05:26:59.999922,1,BAYxx_xxxx_20251127_052014_000.7z
2025-11-27 05:27:00,-8.238670,-0.008238670,-4.186010,1.390029,-5.442689,768000,768000,1.000000000,1,2025-11-27 05:27:00.000000,2025-11-27 05:27:59.999922,1,BAYxx_xxxx_20251127_052014_000.7z
2025-11-27 05:28:00,1.036050,0.001036050,4.632722,3.199554,-6.796226,768000,768000,1.000000000,1,2025-11-27 05:28:00.000000,2025-11-27 05:28:59.999922,1,BAYxx_xxxx_20251127_052014_000.7z
2025-11-27 05:29:00,-0.695802,-0.000695802,6.166665,4.731118,-11.593585,768000,768000,1.000000000,1,2025-11-27 05:29:00.000000,2025-11-27 05:29:59.999922,1,BAYxx_xxxx_20251127_052014_000.7z
2025-11-27 05:30:00,10.437577,0.010437577,7.895944,7.553323,-5.011690,729604,768000,0.950005208,0,2025-11-27 05:30:00.000000,2025-11-27 05:30:59.999922,2,BAYxx_xxxx_20251127_052014_000.7z;BAYxx_xxxx_20251127_053017_000.7z
2025-11-27 05:31:00,16.820792,0.016820792,16.804816,2.406904,-2.390928,768000,768000,1.000000000,1,2025-11-27 05:31:00.000000,2025-11-27 05:31:59.999922,1,BAYxx_xxxx_20251127_053017_000.7z
2025-11-27 05:32:00,-1.510262,-0.001510262,5.420472,3.895683,-10.826418,768000,768000,1.000000000,1,2025-11-27 05:32:00.000000,2025-11-27 05:32:59.999922,1,BAYxx_xxxx_20251127_053017_000.7z
2025-11-27 05:33:00,-2.710948,-0.002710948,6.670190,2.147461,-11.528599,768000,768000,1.000000000,1,2025-11-27 05:33:00.000000,2025-11-27 05:33:59.999922,1,BAYxx_xxxx_20251127_053017_000.7z
2025-11-27 05:34:00,-3.454807,-0.003454807,2.355657,-5.494234,-0.316229,768000,768000,1.000000000,1,2025-11-27 05:34:00.000000,2025-11-27 05:34:59.999922,1,BAYxx_xxxx_20251127_053017_000.7z
2025-11-27 05:35:00,-1.228824,-0.001228824,1.906950,1.932058,-5.067832,768000,768000,1.000000000,1,2025-11-27 05:35:00.000000,2025-11-27 05:35:59.999922,1,BAYxx_xxxx_20251127_053017_000.7z
2025-11-27 05:36:00,2.333163,0.002333163,4.391516,-1.526135,-0.532217,768000,768000,1.000000000,1,2025-11-27 05:36:00.000000,2025-11-27 05:36:59.999922,1,BAYxx_xxxx_20251127_053017_000.7z
2025-11-27 05:37:00,-10.096810,-0.010096810,-7.556563,1.542146,-4.082392,768000,768000,1.000000000,1,2025-11-27 05:37:00.000000,2025-11-27 05:37:59.999922,1,BAYxx_xxxx_20251127_053017_000.7z
2025-11-27 05:38:00,-7.595057,-0.007595057,1.178777,-5.954456,-2.819379,768000,768000,1.000000000,1,2025-11-27 05:38:00.000000,2025-11-27 05:38:59.999922,1,BAYxx_xxxx_20251127_053017_000.7z
2025-11-27 05:39:00,-6.119171,-0.006119171,2.220438,-2.800167,-5.539442,768000,768000,1.000000000,1,2025-11-27 05:39:00.000000,2025-11-27 05:39:59.999922,1,BAYxx_xxxx_20251127_053017_000.7z
2025-11-27 05:40:00,2.759667,0.002759667,2.356125,2.892117,-2.488575,716926,768000,0.933497396,0,2025-11-27 05:40:00.000000,2025-11-27 05:40:59.999922,2,BAYxx_xxxx_20251127_053017_000.7z;BAYxx_xxxx_20251127_054021_000.7z
2025-11-27 05:41:00,-6.733699,-0.006733699,-4.885128,4.026425,-5.874995,768000,768000,1.000000000,1,2025-11-27 05:41:00.000000,2025-11-27 05:41:59.999922,1,BAYxx_xxxx_20251127_054021_000.7z
2025-11-27 05:42:00,-6.605603,-0.006605603,2.954954,-5.862967,-3.697590,768000,768000,1.000000000,1,2025-11-27 05:42:00.000000,2025-11-27 05:42:59.999922,1,BAYxx_xxxx_20251127_054021_000.7z
2025-11-27 05:43:00,0.026155,0.000026155,0.918763,-0.515958,-0.376651,768000,768000,1.000000000,1,2025-11-27 05:43:00.000000,2025-11-27 05:43:59.999922,1,BAYxx_xxxx_20251127_054021_000.7z
2025-11-27 05:44:00,1.136488,0.001136488,7.536978,-2.511203,-3.889286,768000,768000,1.000000000,1,2025-11-27 05:44:00.000000,2025-11-27 05:44:59.999922,1,BAYxx_xxxx_20251127_054021_000.7z
2025-11-27 05:45:00,-10.875486,-0.010875486,-1.997515,-3.405253,-5.472717,768000,768000,1.000000000,1,2025-11-27 05:45:00.000000,2025-11-27 05:45:59.999922,1,BAYxx_xxxx_20251127_054021_000.7z
2025-11-27 05:46:00,-3.640848,-0.003640848,4.110309,-2.162556,-5.588601,768000,768000,1.000000000,1,2025-11-27 05:46:00.000000,2025-11-27 05:46:59.999922,1,BAYxx_xxxx_20251127_054021_000.7z
2025-11-27 05:47:00,-8.173327,-0.008173327,0.593190,-1.842794,-6.923722,768000,768000,1.000000000,1,2025-11-27 05:47:00.000000,2025-11-27 05:47:59.999922,1,BAYxx_xxxx_20251127_054021_000.7z
2025-11-27 05:48:00,-4.906874,-0.004906874,7.462522,-0.664859,-11.704537,768000,768000,1.000000000,1,2025-11-27 05:48:00.000000,2025-11-27 05:48:59.999922,1,BAYxx_xxxx_20251127_054021_000.7z
2025-11-27 05:49:00,-8.372195,-0.008372195,1.772554,-1.703625,-8.441124,768000,768000,1.000000000,1,2025-11-27 05:49:00.000000,2025-11-27 05:49:59.999922,1,BAYxx_xxxx_20251127_054021_000.7z
2025-11-27 05:50:00,-1.857510,-0.001857510,7.558746,-1.182099,-8.234156,716867,768000,0.933420573,0,2025-11-27 05:50:00.000000,2025-11-27 05:50:59.999922,2,BAYxx_xxxx_20251127_054021_000.7z;BAYxx_xxxx_20251127_055025_000.7z
2025-11-27 05:51:00,-0.242740,-0.000242740,4.482270,2.551712,-7.276723,768000,768000,1.000000000,1,2025-11-27 05:51:00.000000,2025-11-27 05:51:59.999922,1,BAYxx_xxxx_20251127_055025_000.7z
2025-11-27 05:52:00,-7.065636,-0.007065636,10.581327,-5.573272,-12.073690,768000,768000,1.000000000,1,2025-11-27 05:52:00.000000,2025-11-27 05:52:59.999922,1,BAYxx_xxxx_20251127_055025_000.7z
2025-11-27 05:53:00,10.955560,0.010955560,10.583085,10.310631,-9.938156,768000,768000,1.000000000,1,2025-11-27 05:53:00.000000,2025-11-27 05:53:59.999922,1,BAYxx_xxxx_20251127_055025_000.7z
2025-11-27 05:54:00,0.901398,0.000901398,8.085620,2.660388,-9.844610,768000,768000,1.000000000,1,2025-11-27 05:54:00.000000,2025-11-27 05:54:59.999922,1,BAYxx_xxxx_20251127_055025_000.7z
2025-11-27 05:55:00,5.434221,0.005434221,8.393791,3.246745,-6.206315,768000,768000,1.000000000,1,2025-11-27 05:55:00.000000,2025-11-27 05:55:59.999922,1,BAYxx_xxxx_20251127_055025_000.7z
2025-11-27 05:56:00,2.718379,0.002718379,6.978483,0.707259,-4.967363,768000,768000,1.000000000,1,2025-11-27 05:56:00.000000,2025-11-27 05:56:59.999922,1,BAYxx_xxxx_20251127_055025_000.7z
2025-11-27 05:57:00,-7.997490,-0.007997490,0.001086,-2.368003,-5.630573,768000,768000,1.000000000,1,2025-11-27 05:57:00.000000,2025-11-27 05:57:59.999922,1,BAYxx_xxxx_20251127_055025_000.7z
2025-11-27 05:58:00,-13.503262,-0.013503262,1.487910,-8.247936,-6.743236,768000,768000,1.000000000,1,2025-11-27 05:58:00.000000,2025-11-27 05:58:59.999922,1,BAYxx_xxxx_20251127_055025_000.7z
2025-11-27 05:59:00,-10.489733,-0.010489733,-3.108881,-1.786719,-5.594133,768000,768000,1.000000000,1,2025-11-27 05:59:00.000000,2025-11-27 05:59:59.999922,1,BAYxx_xxxx_20251127_055025_000.7z
2025-11-27 06:00:00,-0.069020,-0.000069020,3.324614,-0.680078,-2.713557,729627,768000,0.950035156,0,2025-11-27 06:00:00.000000,2025-11-27 06:00:59.999922,2,BAYxx_xxxx_20251127_055025_000.7z;BAYxx_xxxx_20251127_060028_000.7z
2025-11-27 06:01:00,-7.543602,-0.007543602,1.623394,-4.535670,-4.631325,768000,768000,1.000000000,1,2025-11-27 06:01:00.000000,2025-11-27 06:01:59.999922,1,BAYxx_xxxx_20251127_060028_000.7z
2025-11-27 06:02:00,-4.440433,-0.004440433,2.657085,-1.444318,-5.653200,768000,768000,1.000000000,1,2025-11-27 06:02:00.000000,2025-11-27 06:02:59.999922,1,BAYxx_xxxx_20251127_060028_000.7z
2025-11-27 06:03:00,-5.708436,-0.005708436,-0.692242,-4.404630,-0.611565,768000,768000,1.000000000,1,2025-11-27 06:03:00.000000,2025-11-27 06:03:59.999922,1,BAYxx_xxxx_20251127_060028_000.7z
2025-11-27 06:04:00,0.622415,0.000622415,6.436102,-1.947134,-3.866553,768000,768000,1.000000000,1,2025-11-27 06:04:00.000000,2025-11-27 06:04:59.999922,1,BAYxx_xxxx_20251127_060028_000.7z
2025-11-27 06:05:00,-5.790896,-0.005790896,-2.228664,1.082622,-4.644854,768000,768000,1.000000000,1,2025-11-27 06:05:00.000000,2025-11-27 06:05:59.999922,1,BAYxx_xxxx_20251127_060028_000.7z
2025-11-27 06:06:00,-15.223909,-0.015223909,-6.987385,-4.563388,-3.673136,768000,768000,1.000000000,1,2025-11-27 06:06:00.000000,2025-11-27 06:06:59.999922,1,BAYxx_xxxx_20251127_060028_000.7z
2025-11-27 06:07:00,-12.485686,-0.012485686,-0.230972,-4.444220,-7.810494,768000,768000,1.000000000,1,2025-11-27 06:07:00.000000,2025-11-27 06:07:59.999922,1,BAYxx_xxxx_20251127_060028_000.7z
2025-11-27 06:08:00,-9.206840,-0.009206840,2.192892,-3.527633,-7.872099,768000,768000,1.000000000,1,2025-11-27 06:08:00.000000,2025-11-27 06:08:59.999922,1,BAYxx_xxxx_20251127_060028_000.7z
2025-11-27 06:09:00,-0.811902,-0.000811902,6.722629,-5.157249,-2.377281,768000,768000,1.000000000,1,2025-11-27 06:09:00.000000,2025-11-27 06:09:59.999922,1,BAYxx_xxxx_20251127_060028_000.7z
2025-11-27 06:10:00,-7.809896,-0.007809896,-1.459836,-3.270452,-3.079608,742496,768000,0.966791667,0,2025-11-27 06:10:00.000000,2025-11-27 06:10:59.999922,2,BAYxx_xxxx_20251127_060028_000.7z;BAYxx_xxxx_20251127_061030_000.7z
2025-11-27 06:11:00,-5.435357,-0.005435357,3.782961,-4.476170,-4.742148,768000,768000,1.000000000,1,2025-11-27 06:11:00.000000,2025-11-27 06:11:59.999922,1,BAYxx_xxxx_20251127_061030_000.7z
2025-11-27 06:12:00,-7.407513,-0.007407513,-3.022349,0.748585,-5.133749,768000,768000,1.000000000,1,2025-11-27 06:12:00.000000,2025-11-27 06:12:59.999922,1,BAYxx_xxxx_20251127_061030_000.7z
2025-11-27 06:13:00,1.266681,0.001266681,1.502241,8.833564,-9.069123,768000,768000,1.000000000,1,2025-11-27 06:13:00.000000,2025-11-27 06:13:59.999922,1,BAYxx_xxxx_20251127_061030_000.7z
2025-11-27 06:14:00,9.042599,0.009042599,17.541990,-3.382016,-5.117375,768000,768000,1.000000000,1,2025-11-27 06:14:00.000000,2025-11-27 06:14:59.999922,1,BAYxx_xxxx_20251127_061030_000.7z
2025-11-27 06:15:00,3.557146,0.003557146,6.568479,4.758443,-7.769775,768000,768000,1.000000000,1,2025-11-27 06:15:00.000000,2025-11-27 06:15:59.999922,1,BAYxx_xxxx_20251127_061030_000.7z
2025-11-27 06:16:00,16.939537,0.016939537,13.991565,7.689210,-4.741238,768000,768000,1.000000000,1,2025-11-27 06:16:00.000000,2025-11-27 06:16:59.999922,1,BAYxx_xxxx_20251127_061030_000.7z
2025-11-27 06:17:00,-0.396918,-0.000396918,5.647735,2.189838,-8.234491,768000,768000,1.000000000,1,2025-11-27 06:17:00.000000,2025-11-27 06:17:59.999922,1,BAYxx_xxxx_20251127_061030_000.7z
2025-11-27 06:18:00,3.702405,0.003702405,7.929099,3.647640,-7.874334,768000,768000,1.000000000,1,2025-11-27 06:18:00.000000,2025-11-27 06:18:59.999922,1,BAYxx_xxxx_20251127_061030_000.7z
2025-11-27 06:19:00,0.860127,0.000860127,1.585087,-2.195613,1.470653,768000,768000,1.000000000,1,2025-11-27 06:19:00.000000,2025-11-27 06:19:59.999922,1,BAYxx_xxxx_20251127_061030_000.7z
2025-11-27 06:20:00,-3.605934,-0.003605934,4.071061,-5.141989,-2.535005,716891,768000,0.933451823,0,2025-11-27 06:20:00.000000,2025-11-27 06:20:59.999922,2,BAYxx_xxxx_20251127_061030_000.7z;BAYxx_xxxx_20251127_062034_000.7z
2025-11-27 06:21:00,-10.214294,-0.010214294,4.169597,-8.177780,-6.206111,768000,768000,1.000000000,1,2025-11-27 06:21:00.000000,2025-11-27 06:21:59.999922,1,BAYxx_xxxx_20251127_062034_000.7z
2025-11-27 06:22:00,-11.390164,-0.011390164,-2.497012,-3.571997,-5.321155,768000,768000,1.000000000,1,2025-11-27 06:22:00.000000,2025-11-27 06:22:59.999922,1,BAYxx_xxxx_20251127_062034_000.7z
2025-11-27 06:23:00,-1.206083,-0.001206083,9.198925,-5.880070,-4.524937,768000,768000,1.000000000,1,2025-11-27 06:23:00.000000,2025-11-27 06:23:59.999922,1,BAYxx_xxxx_20251127_062034_000.7z
2025-11-27 06:24:00,-3.924388,-0.003924388,2.440995,-1.819249,-4.546134,768000,768000,1.000000000,1,2025-11-27 06:24:00.000000,2025-11-27 06:24:59.999922,1,BAYxx_xxxx_20251127_062034_000.7z
2025-11-27 06:25:00,2.910244,0.002910244,6.643149,3.945114,-7.678019,768000,768000,1.000000000,1,2025-11-27 06:25:00.000000,2025-11-27 06:25:59.999922,1,BAYxx_xxxx_20251127_062034_000.7z
2025-11-27 06:26:00,-8.741705,-0.008741705,3.308068,-2.298461,-9.751312,768000,768000,1.000000000,1,2025-11-27 06:26:00.000000,2025-11-27 06:26:59.999922,1,BAYxx_xxxx_20251127_062034_000.7z
2025-11-27 06:27:00,-3.695186,-0.003695186,4.213045,-3.003388,-4.904843,768000,768000,1.000000000,1,2025-11-27 06:27:00.000000,2025-11-27 06:27:59.999922,1,BAYxx_xxxx_20251127_062034_000.7z
2025-11-27 06:28:00,-5.644428,-0.005644428,2.938799,-1.287279,-7.295948,768000,768000,1.000000000,1,2025-11-27 06:28:00.000000,2025-11-27 06:28:59.999922,1,BAYxx_xxxx_20251127_062034_000.7z
2025-11-27 06:29:00,-1.686998,-0.001686998,0.174480,0.377029,-2.238507,768000,768000,1.000000000,1,2025-11-27 06:29:00.000000,2025-11-27 06:29:59.999922,1,BAYxx_xxxx_20251127_062034_000.7z
2025-11-27 06:30:00,4.944292,0.004944292,4.381134,0.294225,0.268934,729687,768000,0.950113281,0,2025-11-27 06:30:00.000000,2025-11-27 06:30:59.999922,2,BAYxx_xxxx_20251127_062034_000.7z;BAYxx_xxxx_20251127_063037_000.7z
2025-11-27 06:31:00,-3.579579,-0.003579579,1.274144,2.227499,-7.081223,768000,768000,1.000000000,1,2025-11-27 06:31:00.000000,2025-11-27 06:31:59.999922,1,BAYxx_xxxx_20251127_063037_000.7z
2025-11-27 06:32:00,-13.032689,-0.013032689,-3.762058,-0.284001,-8.986629,768000,768000,1.000000000,1,2025-11-27 06:32:00.000000,2025-11-27 06:32:59.999922,1,BAYxx_xxxx_20251127_063037_000.7z
2025-11-27 06:33:00,-9.695140,-0.009695140,-1.834471,-4.318061,-3.542609,768000,768000,1.000000000,1,2025-11-27 06:33:00.000000,2025-11-27 06:33:59.999922,1,BAYxx_xxxx_20251127_063037_000.7z
2025-11-27 06:34:00,-10.330453,-0.010330453,-4.562328,-2.148573,-3.619551,768000,768000,1.000000000,1,2025-11-27 06:34:00.000000,2025-11-27 06:34:59.999922,1,BAYxx_xxxx_20251127_063037_000.7z
2025-11-27 06:35:00,-3.319192,-0.003319192,3.700735,1.672163,-8.692090,768000,768000,1.000000000,1,2025-11-27 06:35:00.000000,2025-11-27 06:35:59.999922,1,BAYxx_xxxx_20251127_063037_000.7z
2025-11-27 06:36:00,-1.086787,-0.001086787,6.162127,0.728599,-7.977513,768000,768000,1.000000000,1,2025-11-27 06:36:00.000000,2025-11-27 06:36:59.999922,1,BAYxx_xxxx_20251127_063037_000.7z
2025-11-27 06:37:00,3.862694,0.003862694,9.242606,5.842310,-11.222222,768000,768000,1.000000000,1,2025-11-27 06:37:00.000000,2025-11-27 06:37:59.999922,1,BAYxx_xxxx_20251127_063037_000.7z
2025-11-27 06:38:00,4.776112,0.004776112,7.550849,2.365942,-5.140678,768000,768000,1.000000000,1,2025-11-27 06:38:00.000000,2025-11-27 06:38:59.999922,1,BAYxx_xxxx_20251127_063037_000.7z
2025-11-27 06:39:00,11.955913,0.011955913,12.893655,8.394384,-9.332125,768000,768000,1.000000000,1,2025-11-27 06:39:00.000000,2025-11-27 06:39:59.999922,1,BAYxx_xxxx_20251127_063037_000.7z
2025-11-27 06:40:00,2.325548,0.002325548,3.897689,3.284174,-4.856315,729670,768000,0.950091146,0,2025-11-27 06:40:00.000000,2025-11-27 06:40:59.999922,2,BAYxx_xxxx_20251127_063037_000.7z;BAYxx_xxxx_20251127_064040_000.7z
2025-11-27 06:41:00,-2.857478,-0.002857478,3.975179,-2.918768,-3.913889,768000,768000,1.000000000,1,2025-11-27 06:41:00.000000,2025-11-27 06:41:59.999922,1,BAYxx_xxxx_20251127_064040_000.7z
2025-11-27 06:42:00,-7.359937,-0.007359937,2.003833,-2.558923,-6.804847,768000,768000,1.000000000,1,2025-11-27 06:42:00.000000,2025-11-27 06:42:59.999922,1,BAYxx_xxxx_20251127_064040_000.7z
2025-11-27 06:43:00,-10.083887,-0.010083887,-1.810307,-2.731186,-5.542394,768000,768000,1.000000000,1,2025-11-27 06:43:00.000000,2025-11-27 06:43:59.999922,1,BAYxx_xxxx_20251127_064040_000.7z
2025-11-27 06:44:00,-4.591842,-0.004591842,4.417404,-3.906736,-5.102510,768000,768000,1.000000000,1,2025-11-27 06:44:00.000000,2025-11-27 06:44:59.999922,1,BAYxx_xxxx_20251127_064040_000.7z
2025-11-27 06:45:00,-4.852679,-0.004852679,4.609184,-5.211462,-4.250402,768000,768000,1.000000000,1,2025-11-27 06:45:00.000000,2025-11-27 06:45:59.999922,1,BAYxx_xxxx_20251127_064040_000.7z
2025-11-27 06:46:00,-6.334115,-0.006334115,3.295734,-5.046984,-4.582865,768000,768000,1.000000000,1,2025-11-27 06:46:00.000000,2025-11-27 06:46:59.999922,1,BAYxx_xxxx_20251127_064040_000.7z
2025-11-27 06:47:00,-55.621399,-0.055621399,-17.893608,-19.686345,-18.041447,768000,768000,1.000000000,1,2025-11-27 06:47:00.000000,2025-11-27 06:47:59.999922,1,BAYxx_xxxx_20251127_064040_000.7z
2025-11-27 06:48:00,-158.877721,-0.158877721,-48.021995,-53.283898,-57.571828,768000,768000,1.000000000,1,2025-11-27 06:48:00.000000,2025-11-27 06:48:59.999922,1,BAYxx_xxxx_20251127_064040_000.7z
2025-11-27 06:49:00,-170.714411,-0.170714411,-52.914746,-60.079319,-57.720346,768000,768000,1.000000000,1,2025-11-27 06:49:00.000000,2025-11-27 06:49:59.999922,1,BAYxx_xxxx_20251127_064040_000.7z
2025-11-27 06:50:00,-178.561130,-0.178561130,-58.292068,-59.497929,-60.771134,729736,768000,0.950177083,0,2025-11-27 06:50:00.000000,2025-11-27 06:50:59.999922,2,BAYxx_xxxx_20251127_064040_000.7z;BAYxx_xxxx_20251127_065043_000.7z
2025-11-27 06:51:00,-176.756160,-0.176756160,-54.814010,-59.714927,-62.227223,768000,768000,1.000000000,1,2025-11-27 06:51:00.000000,2025-11-27 06:51:59.999922,1,BAYxx_xxxx_20251127_065043_000.7z
2025-11-27 06:52:00,-171.847053,-0.171847053,-58.272798,-52.314823,-61.259433,768000,768000,1.000000000,1,2025-11-27 06:52:00.000000,2025-11-27 06:52:59.999922,1,BAYxx_xxxx_20251127_065043_000.7z
2025-11-27 06:53:00,-174.632718,-0.174632718,-53.737318,-59.592790,-61.302610,768000,768000,1.000000000,1,2025-11-27 06:53:00.000000,2025-11-27 06:53:59.999922,1,BAYxx_xxxx_20251127_065043_000.7z
2025-11-27 06:54:00,-187.104653,-0.187104653,-56.984675,-64.989212,-65.130766,768000,768000,1.000000000,1,2025-11-27 06:54:00.000000,2025-11-27 06:54:59.999922,1,BAYxx_xxxx_20251127_065043_000.7z
2025-11-27 06:55:00,-202.524403,-0.202524403,-63.346532,-71.194962,-67.982909,768000,768000,1.000000000,1,2025-11-27 06:55:00.000000,2025-11-27 06:55:59.999922,1,BAYxx_xxxx_20251127_065043_000.7z
2025-11-27 06:56:00,-256.034065,-0.256034065,-78.284859,-90.654909,-87.094297,768000,768000,1.000000000,1,2025-11-27 06:56:00.000000,2025-11-27 06:56:59.999922,1,BAYxx_xxxx_20251127_065043_000.7z
2025-11-27 06:57:00,-293.049935,-0.293049935,-94.369446,-97.660303,-101.020187,768000,768000,1.000000000,1,2025-11-27 06:57:00.000000,2025-11-27 06:57:59.999922,1,BAYxx_xxxx_20251127_065043_000.7z
2025-11-27 06:58:00,-310.433420,-0.310433420,-92.025572,-109.129873,-109.277975,768000,768000,1.000000000,1,2025-11-27 06:58:00.000000,2025-11-27 06:58:59.999922,1,BAYxx_xxxx_20251127_065043_000.7z
2025-11-27 06:59:00,-343.493094,-0.343493094,-107.456963,-116.365447,-119.670684,768000,768000,1.000000000,1,2025-11-27 06:59:00.000000,2025-11-27 06:59:59.999922,1,BAYxx_xxxx_20251127_065043_000.7z
2025-11-27 07:00:00,-383.756071,-0.383756071,-126.682414,-125.462320,-131.611336,729683,768000,0.950108073,0,2025-11-27 07:00:00.000000,2025-11-27 07:00:59.999922,2,BAYxx_xxxx_20251127_065043_000.7z;BAYxx_xxxx_20251127_070046_000.7z
2025-11-27 07:01:00,-409.984866,-0.409984866,-135.791469,-133.827955,-140.365443,768000,768000,1.000000000,1,2025-11-27 07:01:00.000000,2025-11-27 07:01:59.999922,1,BAYxx_xxxx_20251127_070046_000.7z
2025-11-27 07:02:00,-463.076517,-0.463076517,-146.686976,-156.932111,-159.457430,768000,768000,1.000000000,1,2025-11-27 07:02:00.000000,2025-11-27 07:02:59.999922,1,BAYxx_xxxx_20251127_070046_000.7z
2025-11-27 07:03:00,-505.721690,-0.505721690,-165.892063,-166.509848,-173.319779,768000,768000,1.000000000,1,2025-11-27 07:03:00.000000,2025-11-27 07:03:59.999922,1,BAYxx_xxxx_20251127_070046_000.7z
2025-11-27 07:04:00,-562.600269,-0.562600269,-186.700572,-185.736020,-190.163677,768000,768000,1.000000000,1,2025-11-27 07:04:00.000000,2025-11-27 07:04:59.999922,1,BAYxx_xxxx_20251127_070046_000.7z
2025-11-27 07:05:00,-604.852251,-0.604852251,-198.131905,-202.240608,-204.479738,768000,768000,1.000000000,1,2025-11-27 07:05:00.000000,2025-11-27 07:05:59.999922,1,BAYxx_xxxx_20251127_070046_000.7z
2025-11-27 07:06:00,-648.993867,-0.648993867,-214.047898,-215.008738,-219.937230,768000,768000,1.000000000,1,2025-11-27 07:06:00.000000,2025-11-27 07:06:59.999922,1,BAYxx_xxxx_20251127_070046_000.7z
2025-11-27 07:07:00,-700.599689,-0.700599689,-229.366908,-236.207675,-235.025106,768000,768000,1.000000000,1,2025-11-27 07:07:00.000000,2025-11-27 07:07:59.999922,1,BAYxx_xxxx_20251127_070046_000.7z
2025-11-27 07:08:00,-749.723584,-0.749723584,-249.243520,-249.803397,-250.676667,768000,768000,1.000000000,1,2025-11-27 07:08:00.000000,2025-11-27 07:08:59.999922,1,BAYxx_xxxx_20251127_070046_000.7z
2025-11-27 07:09:00,-796.868359,-0.796868359,-264.940627,-264.189610,-267.738123,768000,768000,1.000000000,1,2025-11-27 07:09:00.000000,2025-11-27 07:09:59.999922,1,BAYxx_xxxx_20251127_070046_000.7z
2025-11-27 07:10:00,-865.752066,-0.865752066,-286.363696,-290.761745,-288.626625,704068,768000,0.916755208,0,2025-11-27 07:10:00.000000,2025-11-27 07:10:59.999922,2,BAYxx_xxxx_20251127_070046_000.7z;BAYxx_xxxx_20251127_071051_000.7z
2025-11-27 07:11:00,-909.463388,-0.909463388,-304.599032,-297.997440,-306.866916,768000,768000,1.000000000,1,2025-11-27 07:11:00.000000,2025-11-27 07:11:59.999922,1,BAYxx_xxxx_20251127_071051_000.7z
2025-11-27 07:12:00,-966.580974,-0.966580974,-316.014420,-320.325818,-330.240735,768000,768000,1.000000000,1,2025-11-27 07:12:00.000000,2025-11-27 07:12:59.999922,1,BAYxx_xxxx_20251127_071051_000.7z
2025-11-27 07:13:00,-1038.546200,-1.038546200,-346.997636,-346.693496,-344.855068,768000,768000,1.000000000,1,2025-11-27 07:13:00.000000,2025-11-27 07:13:59.999922,1,BAYxx_xxxx_20251127_071051_000.7z
2025-11-27 07:14:00,-1092.609447,-1.092609447,-361.670218,-363.293416,-367.645813,768000,768000,1.000000000,1,2025-11-27 07:14:00.000000,2025-11-27 07:14:59.999922,1,BAYxx_xxxx_20251127_071051_000.7z
2025-11-27 07:15:00,-1161.605638,-1.161605638,-382.418862,-391.245252,-387.941524,768000,768000,1.000000000,1,2025-11-27 07:15:00.000000,2025-11-27 07:15:59.999922,1,BAYxx_xxxx_20251127_071051_000.7z
2025-11-27 07:16:00,-1223.881610,-1.223881610,-404.819088,-410.774758,-408.287764,768000,768000,1.000000000,1,2025-11-27 07:16:00.000000,2025-11-27 07:16:59.999922,1,BAYxx_xxxx_20251127_071051_000.7z
2025-11-27 07:17:00,-1305.738713,-1.305738713,-434.714333,-435.727548,-435.296831,768000,768000,1.000000000,1,2025-11-27 07:17:00.000000,2025-11-27 07:17:59.999922,1,BAYxx_xxxx_20251127_071051_000.7z
2025-11-27 07:18:00,-1366.893844,-1.366893844,-451.893686,-455.813872,-459.186286,768000,768000,1.000000000,1,2025-11-27 07:18:00.000000,2025-11-27 07:18:59.999922,1,BAYxx_xxxx_20251127_071051_000.7z
2025-11-27 07:19:00,-1446.218599,-1.446218599,-474.072528,-485.007116,-487.138955,768000,768000,1.000000000,1,2025-11-27 07:19:00.000000,2025-11-27 07:19:59.999922,1,BAYxx_xxxx_20251127_071051_000.7z
2025-11-27 07:20:00,-1524.161480,-1.524161480,-508.508475,-505.136687,-510.516318,729613,768000,0.950016927,0,2025-11-27 07:20:00.000000,2025-11-27 07:20:59.999922,2,BAYxx_xxxx_20251127_071051_000.7z;BAYxx_xxxx_20251127_072054_000.7z
2025-11-27 07:21:00,-1606.295447,-1.606295447,-540.564429,-529.681931,-536.049087,768000,768000,1.000000000,1,2025-11-27 07:21:00.000000,2025-11-27 07:21:59.999922,1,BAYxx_xxxx_20251127_072054_000.7z
2025-11-27 07:22:00,-1700.911704,-1.700911704,-573.486653,-559.606610,-567.818441,768000,768000,1.000000000,1,2025-11-27 07:22:00.000000,2025-11-27 07:22:59.999922,1,BAYxx_xxxx_20251127_072054_000.7z
2025-11-27 07:23:00,-1777.771463,-1.777771463,-597.139184,-586.234830,-594.397449,768000,768000,1.000000000,1,2025-11-27 07:23:00.000000,2025-11-27 07:23:59.999922,1,BAYxx_xxxx_20251127_072054_000.7z
2025-11-27 07:24:00,-1869.129245,-1.869129245,-628.460105,-613.832533,-626.836607,768000,768000,1.000000000,1,2025-11-27 07:24:00.000000,2025-11-27 07:24:59.999922,1,BAYxx_xxxx_20251127_072054_000.7z
2025-11-27 07:25:00,-1945.953559,-1.945953559,-660.628073,-638.854379,-646.471107,768000,768000,1.000000000,1,2025-11-27 07:25:00.000000,2025-11-27 07:25:59.999922,1,BAYxx_xxxx_20251127_072054_000.7z
2025-11-27 07:26:00,-2023.079866,-2.023079866,-688.188620,-667.464682,-667.426565,768000,768000,1.000000000,1,2025-11-27 07:26:00.000000,2025-11-27 07:26:59.999922,1,BAYxx_xxxx_20251127_072054_000.7z
2025-11-27 07:27:00,-2101.539476,-2.101539476,-719.703735,-691.429729,-690.406012,768000,768000,1.000000000,1,2025-11-27 07:27:00.000000,2025-11-27 07:27:59.999922,1,BAYxx_xxxx_20251127_072054_000.7z
2025-11-27 07:28:00,-2164.429574,-2.164429574,-736.637070,-713.383519,-714.408985,768000,768000,1.000000000,1,2025-11-27 07:28:00.000000,2025-11-27 07:28:59.999922,1,BAYxx_xxxx_20251127_072054_000.7z
2025-11-27 07:29:00,-2250.564162,-2.250564162,-764.509643,-741.790483,-744.264036,768000,768000,1.000000000,1,2025-11-27 07:29:00.000000,2025-11-27 07:29:59.999922,1,BAYxx_xxxx_20251127_072054_000.7z
2025-11-27 07:30:00,-2327.106463,-2.327106463,-791.615450,-765.861518,-769.629495,729704,768000,0.950135417,0,2025-11-27 07:30:00.000000,2025-11-27 07:30:59.999922,2,BAYxx_xxxx_20251127_072054_000.7z;BAYxx_xxxx_20251127_073057_000.7z
2025-11-27 07:31:00,-2411.325369,-2.411325369,-816.659168,-794.530871,-800.135331,768000,768000,1.000000000,1,2025-11-27 07:31:00.000000,2025-11-27 07:31:59.999922,1,BAYxx_xxxx_20251127_073057_000.7z
2025-11-27 07:32:00,-2531.719681,-2.531719681,-861.608995,-833.829395,-836.281290,768000,768000,1.000000000,1,2025-11-27 07:32:00.000000,2025-11-27 07:32:59.999922,1,BAYxx_xxxx_20251127_073057_000.7z
2025-11-27 07:33:00,-2631.791747,-2.631791747,-896.689933,-874.043232,-861.058582,768000,768000,1.000000000,1,2025-11-27 07:33:00.000000,2025-11-27 07:33:59.999922,1,BAYxx_xxxx_20251127_073057_000.7z
2025-11-27 07:34:00,-2727.693152,-2.727693152,-921.925312,-903.464132,-902.303709,768000,768000,1.000000000,1,2025-11-27 07:34:00.000000,2025-11-27 07:34:59.999922,1,BAYxx_xxxx_20251127_073057_000.7z
2025-11-27 07:35:00,-2795.458647,-2.795458647,-946.479771,-923.302972,-925.675904,768000,768000,1.000000000,1,2025-11-27 07:35:00.000000,2025-11-27 07:35:59.999922,1,BAYxx_xxxx_20251127_073057_000.7z
2025-11-27 07:36:00,-2852.385273,-2.852385273,-966.470089,-944.199135,-941.716049,768000,768000,1.000000000,1,2025-11-27 07:36:00.000000,2025-11-27 07:36:59.999922,1,BAYxx_xxxx_20251127_073057_000.7z
2025-11-27 07:37:00,-2924.723049,-2.924723049,-993.021575,-962.116189,-969.585285,768000,768000,1.000000000,1,2025-11-27 07:37:00.000000,2025-11-27 07:37:59.999922,1,BAYxx_xxxx_20251127_073057_000.7z
2025-11-27 07:38:00,-2995.436494,-2.995436494,-1011.271647,-990.636998,-993.527849,768000,768000,1.000000000,1,2025-11-27 07:38:00.000000,2025-11-27 07:38:59.999922,1,BAYxx_xxxx_20251127_073057_000.7z
2025-11-27 07:39:00,-3084.071105,-3.084071105,-1042.895892,-1020.799539,-1020.375674,768000,768000,1.000000000,1,2025-11-27 07:39:00.000000,2025-11-27 07:39:59.999922,1,BAYxx_xxxx_20251127_073057_000.7z
2025-11-27 07:40:00,-3165.684046,-3.165684046,-1070.999912,-1047.208526,-1047.475608,742483,768000,0.966774740,0,2025-11-27 07:40:00.000000,2025-11-27 07:40:59.999922,2,BAYxx_xxxx_20251127_073057_000.7z;BAYxx_xxxx_20251127_074059_000.7z
2025-11-27 07:41:00,-3247.467404,-3.247467404,-1096.451963,-1076.980980,-1074.034461,768000,768000,1.000000000,1,2025-11-27 07:41:00.000000,2025-11-27 07:41:59.999922,1,BAYxx_xxxx_20251127_074059_000.7z
2025-11-27 07:42:00,-3299.184839,-3.299184839,-1114.470031,-1091.078512,-1093.636296,768000,768000,1.000000000,1,2025-11-27 07:42:00.000000,2025-11-27 07:42:59.999922,1,BAYxx_xxxx_20251127_074059_000.7z
2025-11-27 07:43:00,-3373.997351,-3.373997351,-1140.995576,-1113.608004,-1119.393771,768000,768000,1.000000000,1,2025-11-27 07:43:00.000000,2025-11-27 07:43:59.999922,1,BAYxx_xxxx_20251127_074059_000.7z
2025-11-27 07:44:00,-3481.399532,-3.481399532,-1178.771299,-1144.258876,-1158.369357,768000,768000,1.000000000,1,2025-11-27 07:44:00.000000,2025-11-27 07:44:59.999922,1,BAYxx_xxxx_20251127_074059_000.7z
2025-11-27 07:45:00,-3587.025960,-3.587025960,-1209.537976,-1184.224215,-1193.263769,768000,768000,1.000000000,1,2025-11-27 07:45:00.000000,2025-11-27 07:45:59.999922,1,BAYxx_xxxx_20251127_074059_000.7z
2025-11-27 07:46:00,-3672.989824,-3.672989824,-1238.541901,-1211.991484,-1222.456439,768000,768000,1.000000000,1,2025-11-27 07:46:00.000000,2025-11-27 07:46:59.999922,1,BAYxx_xxxx_20251127_074059_000.7z
2025-11-27 07:47:00,-3751.539353,-3.751539353,-1265.259027,-1240.462268,-1245.818058,768000,768000,1.000000000,1,2025-11-27 07:47:00.000000,2025-11-27 07:47:59.999922,1,BAYxx_xxxx_20251127_074059_000.7z
2025-11-27 07:48:00,-3821.533664,-3.821533664,-1286.062465,-1266.855968,-1268.615231,768000,768000,1.000000000,1,2025-11-27 07:48:00.000000,2025-11-27 07:48:59.999922,1,BAYxx_xxxx_20251127_074059_000.7z
2025-11-27 07:49:00,-3895.359876,-3.895359876,-1312.929317,-1286.916310,-1295.514250,768000,768000,1.000000000,1,2025-11-27 07:49:00.000000,2025-11-27 07:49:59.999922,1,BAYxx_xxxx_20251127_074059_000.7z
2025-11-27 07:50:00,-3991.286441,-3.991286441,-1350.115061,-1316.562375,-1324.609004,755335,768000,0.983509115,0,2025-11-27 07:50:00.000000,2025-11-27 07:50:59.010469,1,BAYxx_xxxx_20251127_074059_000.7z
2025-11-27 07:51:00,-4077.241340,-4.077241340,-1372.006580,-1348.517745,-1356.717014,729600,768000,0.950000000,0,2025-11-27 07:51:03.000000,2025-11-27 07:51:59.999922,1,BAYxx_xxxx_20251127_075103_000.7z
2025-11-27 07:52:00,-4161.120396,-4.161120396,-1401.700484,-1377.750724,-1381.669187,768000,768000,1.000000000,1,2025-11-27 07:52:00.000000,2025-11-27 07:52:59.999922,1,BAYxx_xxxx_20251127_075103_000.7z
2025-11-27 07:53:00,-4276.926248,-4.276926248,-1445.965357,-1411.577201,-1419.383690,768000,768000,1.000000000,1,2025-11-27 07:53:00.000000,2025-11-27 07:53:59.999922,1,BAYxx_xxxx_20251127_075103_000.7z
2025-11-27 07:54:00,-4366.499632,-4.366499632,-1471.742995,-1442.614133,-1452.142505,768000,768000,1.000000000,1,2025-11-27 07:54:00.000000,2025-11-27 07:54:59.999922,1,BAYxx_xxxx_20251127_075103_000.7z
2025-11-27 07:55:00,-4483.404456,-4.483404456,-1511.469537,-1481.113164,-1490.821754,768000,768000,1.000000000,1,2025-11-27 07:55:00.000000,2025-11-27 07:55:59.999922,1,BAYxx_xxxx_20251127_075103_000.7z
2025-11-27 07:56:00,-4598.159983,-4.598159983,-1551.310113,-1520.093808,-1526.756061,768000,768000,1.000000000,1,2025-11-27 07:56:00.000000,2025-11-27 07:56:59.999922,1,BAYxx_xxxx_20251127_075103_000.7z
2025-11-27 07:57:00,-4732.742594,-4.732742594,-1592.024412,-1568.282688,-1572.435494,768000,768000,1.000000000,1,2025-11-27 07:57:00.000000,2025-11-27 07:57:59.999922,1,BAYxx_xxxx_20251127_075103_000.7z
2025-11-27 07:58:00,-4849.984398,-4.849984398,-1629.830878,-1606.973584,-1613.179936,768000,768000,1.000000000,1,2025-11-27 07:58:00.000000,2025-11-27 07:58:59.999922,1,BAYxx_xxxx_20251127_075103_000.7z
2025-11-27 07:59:00,-4973.719207,-4.973719207,-1680.093498,-1638.866844,-1654.758865,768000,768000,1.000000000,1,2025-11-27 07:59:00.000000,2025-11-27 07:59:59.999922,1,BAYxx_xxxx_20251127_075103_000.7z
2025-11-27 08:00:00,-5105.879881,-5.105879881,-1715.579460,-1696.575839,-1693.724583,768000,768000,1.000000000,1,2025-11-27 08:00:00.000000,2025-11-27 08:00:59.999922,1,BAYxx_xxxx_20251127_075103_000.7z
2025-11-27 08:01:00,-5232.258392,-5.232258392,-1758.270646,-1735.043580,-1738.944166,729639,768000,0.950050781,0,2025-11-27 08:01:00.000000,2025-11-27 08:01:59.999922,2,BAYxx_xxxx_20251127_075103_000.7z;BAYxx_xxxx_20251127_080106_000.7z
2025-11-27 08:02:00,-5348.279172,-5.348279172,-1790.634212,-1776.787677,-1780.857283,768000,768000,1.000000000,1,2025-11-27 08:02:00.000000,2025-11-27 08:02:59.999922,1,BAYxx_xxxx_20251127_080106_000.7z
2025-11-27 08:03:00,-5471.365985,-5.471365985,-1836.260837,-1816.169855,-1818.935293,768000,768000,1.000000000,1,2025-11-27 08:03:00.000000,2025-11-27 08:03:59.999922,1,BAYxx_xxxx_20251127_080106_000.7z
2025-11-27 08:04:00,-5572.422672,-5.572422672,-1865.669189,-1851.612591,-1855.140892,768000,768000,1.000000000,1,2025-11-27 08:04:00.000000,2025-11-27 08:04:59.999922,1,BAYxx_xxxx_20251127_080106_000.7z
2025-11-27 08:05:00,-5645.763765,-5.645763765,-1895.826671,-1871.578193,-1878.358901,768000,768000,1.000000000,1,2025-11-27 08:05:00.000000,2025-11-27 08:05:59.999922,1,BAYxx_xxxx_20251127_080106_000.7z
2025-11-27 08:06:00,-5754.417417,-5.754417417,-1930.532181,-1905.083123,-1918.802112,768000,768000,1.000000000,1,2025-11-27 08:06:00.000000,2025-11-27 08:06:59.999922,1,BAYxx_xxxx_20251127_080106_000.7z
2025-11-27 08:07:00,-5870.180872,-5.870180872,-1967.119249,-1945.804706,-1957.256918,768000,768000,1.000000000,1,2025-11-27 08:07:00.000000,2025-11-27 08:07:59.999922,1,BAYxx_xxxx_20251127_080106_000.7z
2025-11-27 08:08:00,-6000.942087,-6.000942087,-2015.833344,-1988.794562,-1996.314181,768000,768000,1.000000000,1,2025-11-27 08:08:00.000000,2025-11-27 08:08:59.999922,1,BAYxx_xxxx_20251127_080106_000.7z
2025-11-27 08:09:00,-6141.192347,-6.141192347,-2061.340973,-2036.139108,-2043.712266,768000,768000,1.000000000,1,2025-11-27 08:09:00.000000,2025-11-27 08:09:59.999922,1,BAYxx_xxxx_20251127_080106_000.7z
2025-11-27 08:10:00,-6285.098240,-6.285098240,-2105.215866,-2085.498601,-2094.383773,768000,768000,1.000000000,1,2025-11-27 08:10:00.000000,2025-11-27 08:10:59.999922,1,BAYxx_xxxx_20251127_080106_000.7z
2025-11-27 08:11:00,-6408.252623,-6.408252623,-2142.880130,-2138.601876,-2126.770617,729742,768000,0.950184896,0,2025-11-27 08:11:00.000000,2025-11-27 08:11:59.999922,2,BAYxx_xxxx_20251127_080106_000.7z;BAYxx_xxxx_20251127_081109_000.7z
2025-11-27 08:12:00,-6436.711814,-6.436711814,-2157.569136,-2138.158251,-2140.984428,768000,768000,1.000000000,1,2025-11-27 08:12:00.000000,2025-11-27 08:12:59.999922,1,BAYxx_xxxx_20251127_081109_000.7z
2025-11-27 08:13:00,-6480.029223,-6.480029223,-2169.056117,-2155.964003,-2155.009102,768000,768000,1.000000000,1,2025-11-27 08:13:00.000000,2025-11-27 08:13:59.999922,1,BAYxx_xxxx_20251127_081109_000.7z
2025-11-27 08:14:00,-6578.323286,-6.578323286,-2211.458666,-2182.506600,-2184.358020,768000,768000,1.000000000,1,2025-11-27 08:14:00.000000,2025-11-27 08:14:59.999922,1,BAYxx_xxxx_20251127_081109_000.7z
2025-11-27 08:15:00,-6701.047126,-6.701047126,-2247.920386,-2226.257992,-2226.868749,768000,768000,1.000000000,1,2025-11-27 08:15:00.000000,2025-11-27 08:15:59.999922,1,BAYxx_xxxx_20251127_081109_000.7z
2025-11-27 08:16:00,-6871.807174,-6.871807174,-2300.987494,-2282.208858,-2288.610822,768000,768000,1.000000000,1,2025-11-27 08:16:00.000000,2025-11-27 08:16:59.999922,1,BAYxx_xxxx_20251127_081109_000.7z
2025-11-27 08:17:00,-6975.546452,-6.975546452,-2334.969693,-2317.180716,-2323.396043,768000,768000,1.000000000,1,2025-11-27 08:17:00.000000,2025-11-27 08:17:59.999922,1,BAYxx_xxxx_20251127_081109_000.7z
2025-11-27 08:18:00,-7057.259876,-7.057259876,-2362.605266,-2343.379551,-2351.275058,768000,768000,1.000000000,1,2025-11-27 08:18:00.000000,2025-11-27 08:18:59.999922,1,BAYxx_xxxx_20251127_081109_000.7z
2025-11-27 08:19:00,-7111.959845,-7.111959845,-2382.083246,-2362.620395,-2367.256205,768000,768000,1.000000000,1,2025-11-27 08:19:00.000000,2025-11-27 08:19:59.999922,1,BAYxx_xxxx_20251127_081109_000.7z
2025-11-27 08:20:00,-7140.640169,-7.140640169,-2391.944270,-2371.272356,-2377.423543,768000,768000,1.000000000,1,2025-11-27 08:20:00.000000,2025-11-27 08:20:59.999922,1,BAYxx_xxxx_20251127_081109_000.7z
2025-11-27 08:21:00,-7212.842458,-7.212842458,-2423.961384,-2393.888441,-2394.992633,729727,768000,0.950165365,0,2025-11-27 08:21:00.000000,2025-11-27 08:21:59.999922,2,BAYxx_xxxx_20251127_081109_000.7z;BAYxx_xxxx_20251127_082112_000.7z
2025-11-27 08:22:00,-7367.766550,-7.367766550,-2467.265466,-2452.752930,-2447.748154,768000,768000,1.000000000,1,2025-11-27 08:22:00.000000,2025-11-27 08:22:59.999922,1,BAYxx_xxxx_20251127_082112_000.7z
2025-11-27 08:23:00,-7484.188916,-7.484188916,-2505.036207,-2494.157028,-2484.995681,768000,768000,1.000000000,1,2025-11-27 08:23:00.000000,2025-11-27 08:23:59.999922,1,BAYxx_xxxx_20251127_082112_000.7z
2025-11-27 08:24:00,-7588.849135,-7.588849135,-2539.339569,-2525.501024,-2524.008542,768000,768000,1.000000000,1,2025-11-27 08:24:00.000000,2025-11-27 08:24:59.999922,1,BAYxx_xxxx_20251127_082112_000.7z
2025-11-27 08:25:00,-7649.028010,-7.649028010,-2551.766055,-2546.234783,-2551.027172,768000,768000,1.000000000,1,2025-11-27 08:25:00.000000,2025-11-27 08:25:59.999922,1,BAYxx_xxxx_20251127_082112_000.7z
2025-11-27 08:26:00,-7796.498036,-7.796498036,-2610.256251,-2595.319274,-2590.922511,768000,768000,1.000000000,1,2025-11-27 08:26:00.000000,2025-11-27 08:26:59.999922,1,BAYxx_xxxx_20251127_082112_000.7z
2025-11-27 08:27:00,-7918.051696,-7.918051696,-2645.580438,-2637.712543,-2634.758715,768000,768000,1.000000000,1,2025-11-27 08:27:00.000000,2025-11-27 08:27:59.999922,1,BAYxx_xxxx_20251127_082112_000.7z
2025-11-27 08:28:00,-7941.564826,-7.941564826,-2650.488436,-2644.011513,-2647.064878,768000,768000,1.000000000,1,2025-11-27 08:28:00.000000,2025-11-27 08:28:59.999922,1,BAYxx_xxxx_20251127_082112_000.7z
2025-11-27 08:29:00,-7939.086257,-7.939086257,-2652.641390,-2639.343898,-2647.100969,768000,768000,1.000000000,1,2025-11-27 08:29:00.000000,2025-11-27 08:29:59.999922,1,BAYxx_xxxx_20251127_082112_000.7z
2025-11-27 08:30:00,-8010.211116,-8.010211116,-2673.700478,-2662.138318,-2674.372319,768000,768000,1.000000000,1,2025-11-27 08:30:00.000000,2025-11-27 08:30:59.999922,1,BAYxx_xxxx_20251127_082112_000.7z
2025-11-27 08:31:00,-8062.989833,-8.062989833,-2699.515613,-2671.979804,-2691.494416,729609,768000,0.950011719,0,2025-11-27 08:31:00.000000,2025-11-27 08:31:59.999922,2,BAYxx_xxxx_20251127_082112_000.7z;BAYxx_xxxx_20251127_083115_000.7z
2025-11-27 08:32:00,-8220.492106,-8.220492106,-2748.481982,-2726.047730,-2745.962393,768000,768000,1.000000000,1,2025-11-27 08:32:00.000000,2025-11-27 08:32:59.999922,1,BAYxx_xxxx_20251127_083115_000.7z
2025-11-27 08:33:00,-8323.442222,-8.323442222,-2773.527794,-2772.714498,-2777.199930,768000,768000,1.000000000,1,2025-11-27 08:33:00.000000,2025-11-27 08:33:59.999922,1,BAYxx_xxxx_20251127_083115_000.7z
2025-11-27 08:34:00,-8459.472730,-8.459472730,-2822.852861,-2812.837986,-2823.781883,768000,768000,1.000000000,1,2025-11-27 08:34:00.000000,2025-11-27 08:34:59.999922,1,BAYxx_xxxx_20251127_083115_000.7z
2025-11-27 08:35:00,-8604.841056,-8.604841056,-2873.810631,-2861.830200,-2869.200225,768000,768000,1.000000000,1,2025-11-27 08:35:00.000000,2025-11-27 08:35:59.999922,1,BAYxx_xxxx_20251127_083115_000.7z
2025-11-27 08:36:00,-8743.355052,-8.743355052,-2925.814536,-2904.481794,-2913.058722,768000,768000,1.000000000,1,2025-11-27 08:36:00.000000,2025-11-27 08:36:59.999922,1,BAYxx_xxxx_20251127_083115_000.7z
2025-11-27 08:37:00,-8810.150467,-8.810150467,-2945.321057,-2925.296827,-2939.532583,768000,768000,1.000000000,1,2025-11-27 08:37:00.000000,2025-11-27 08:37:59.999922,1,BAYxx_xxxx_20251127_083115_000.7z
2025-11-27 08:38:00,-8900.750186,-8.900750186,-2972.465659,-2960.213553,-2968.070974,768000,768000,1.000000000,1,2025-11-27 08:38:00.000000,2025-11-27 08:38:59.999922,1,BAYxx_xxxx_20251127_083115_000.7z
2025-11-27 08:39:00,-9067.189190,-9.067189190,-3023.129019,-3019.503820,-3024.556350,768000,768000,1.000000000,1,2025-11-27 08:39:00.000000,2025-11-27 08:39:59.999922,1,BAYxx_xxxx_20251127_083115_000.7z
2025-11-27 08:40:00,-9195.270713,-9.195270713,-3069.344226,-3058.435934,-3067.490553,768000,768000,1.000000000,1,2025-11-27 08:40:00.000000,2025-11-27 08:40:59.999922,1,BAYxx_xxxx_20251127_083115_000.7z
2025-11-27 08:41:00,-9265.540160,-9.265540160,-3087.639789,-3085.379511,-3092.520859,729603,768000,0.950003906,0,2025-11-27 08:41:00.000000,2025-11-27 08:41:59.999922,2,BAYxx_xxxx_20251127_083115_000.7z;BAYxx_xxxx_20251127_084118_000.7z
2025-11-27 08:42:00,-9385.888335,-9.385888335,-3125.202281,-3128.149115,-3132.536940,768000,768000,1.000000000,1,2025-11-27 08:42:00.000000,2025-11-27 08:42:59.999922,1,BAYxx_xxxx_20251127_084118_000.7z
2025-11-27 08:43:00,-9477.342431,-9.477342431,-3162.707558,-3156.222843,-3158.412030,768000,768000,1.000000000,1,2025-11-27 08:43:00.000000,2025-11-27 08:43:59.999922,1,BAYxx_xxxx_20251127_084118_000.7z
2025-11-27 08:44:00,-9624.059672,-9.624059672,-3218.892246,-3199.740305,-3205.427122,768000,768000,1.000000000,1,2025-11-27 08:44:00.000000,2025-11-27 08:44:59.999922,1,BAYxx_xxxx_20251127_084118_000.7z
2025-11-27 08:45:00,-9731.024416,-9.731024416,-3241.634857,-3242.199123,-3247.190436,768000,768000,1.000000000,1,2025-11-27 08:45:00.000000,2025-11-27 08:45:59.999922,1,BAYxx_xxxx_20251127_084118_000.7z
2025-11-27 08:46:00,-9803.475543,-9.803475543,-3266.369565,-3264.770553,-3272.335425,768000,768000,1.000000000,1,2025-11-27 08:46:00.000000,2025-11-27 08:46:59.999922,1,BAYxx_xxxx_20251127_084118_000.7z
2025-11-27 08:47:00,-9838.143518,-9.838143518,-3283.777065,-3273.711008,-3280.655446,768000,768000,1.000000000,1,2025-11-27 08:47:00.000000,2025-11-27 08:47:59.999922,1,BAYxx_xxxx_20251127_084118_000.7z
2025-11-27 08:48:00,-9846.627117,-9.846627117,-3289.490402,-3274.844434,-3282.292281,768000,768000,1.000000000,1,2025-11-27 08:48:00.000000,2025-11-27 08:48:59.999922,1,BAYxx_xxxx_20251127_084118_000.7z
2025-11-27 08:49:00,-9946.428894,-9.946428894,-3318.858912,-3311.196117,-3316.373864,768000,768000,1.000000000,1,2025-11-27 08:49:00.000000,2025-11-27 08:49:59.999922,1,BAYxx_xxxx_20251127_084118_000.7z
2025-11-27 08:50:00,-10207.475561,-10.207475561,-3413.263776,-3393.286043,-3400.925743,768000,768000,1.000000000,1,2025-11-27 08:50:00.000000,2025-11-27 08:50:59.999922,1,BAYxx_xxxx_20251127_084118_000.7z
2025-11-27 08:51:00,-10410.491052,-10.410491052,-3473.930223,-3463.191666,-3473.369164,729707,768000,0.950139323,0,2025-11-27 08:51:00.000000,2025-11-27 08:51:59.999922,2,BAYxx_xxxx_20251127_084118_000.7z;BAYxx_xxxx_20251127_085121_000.7z
2025-11-27 08:52:00,-10504.302107,-10.504302107,-3505.103069,-3494.892163,-3504.306876,768000,768000,1.000000000,1,2025-11-27 08:52:00.000000,2025-11-27 08:52:59.999922,1,BAYxx_xxxx_20251127_085121_000.7z
2025-11-27 08:53:00,-10497.676530,-10.497676530,-3500.409784,-3497.087711,-3500.179035,768000,768000,1.000000000,1,2025-11-27 08:53:00.000000,2025-11-27 08:53:59.999922,1,BAYxx_xxxx_20251127_085121_000.7z
2025-11-27 08:54:00,-10644.387995,-10.644387995,-3546.593228,-3541.983579,-3555.811188,768000,768000,1.000000000,1,2025-11-27 08:54:00.000000,2025-11-27 08:54:59.999922,1,BAYxx_xxxx_20251127_085121_000.7z
2025-11-27 08:55:00,-10837.101623,-10.837101623,-3615.633758,-3600.821126,-3620.646739,768000,768000,1.000000000,1,2025-11-27 08:55:00.000000,2025-11-27 08:55:59.999922,1,BAYxx_xxxx_20251127_085121_000.7z
2025-11-27 08:56:00,-10879.823416,-10.879823416,-3625.110615,-3621.258642,-3633.454158,768000,768000,1.000000000,1,2025-11-27 08:56:00.000000,2025-11-27 08:56:59.999922,1,BAYxx_xxxx_20251127_085121_000.7z
2025-11-27 08:57:00,-11061.184330,-11.061184330,-3685.255818,-3683.156922,-3692.771590,768000,768000,1.000000000,1,2025-11-27 08:57:00.000000,2025-11-27 08:57:59.999922,1,BAYxx_xxxx_20251127_085121_000.7z
2025-11-27 08:58:00,-11215.203348,-11.215203348,-3743.683936,-3732.698395,-3738.821017,768000,768000,1.000000000,1,2025-11-27 08:58:00.000000,2025-11-27 08:58:59.999922,1,BAYxx_xxxx_20251127_085121_000.7z
2025-11-27 08:59:00,-11205.006461,-11.205006461,-3736.360209,-3729.784069,-3738.862183,768000,768000,1.000000000,1,2025-11-27 08:59:00.000000,2025-11-27 08:59:59.999922,1,BAYxx_xxxx_20251127_085121_000.7z
2025-11-27 09:00:00,-11558.143411,-11.558143411,-3851.085270,-3849.072031,-3857.986110,768000,768000,1.000000000,1,2025-11-27 09:00:00.000000,2025-11-27 09:00:59.999922,1,BAYxx_xxxx_20251127_085121_000.7z
2025-11-27 09:01:00,-11557.970586,-11.557970586,-3851.427254,-3851.468775,-3855.074557,729665,768000,0.950084635,0,2025-11-27 09:01:00.000000,2025-11-27 09:01:59.999922,2,BAYxx_xxxx_20251127_085121_000.7z;BAYxx_xxxx_20251127_090124_000.7z
2025-11-27 09:02:00,-11640.324735,-11.640324735,-3880.798552,-3873.462830,-3886.063353,768000,768000,1.000000000,1,2025-11-27 09:02:00.000000,2025-11-27 09:02:59.999922,1,BAYxx_xxxx_20251127_090124_000.7z
2025-11-27 09:03:00,-11753.546817,-11.753546817,-3914.319964,-3914.814526,-3924.412327,768000,768000,1.000000000,1,2025-11-27 09:03:00.000000,2025-11-27 09:03:59.999922,1,BAYxx_xxxx_20251127_090124_000.7z
2025-11-27 09:04:00,-11990.703586,-11.990703586,-3994.732062,-4000.586026,-3995.385498,768000,768000,1.000000000,1,2025-11-27 09:04:00.000000,2025-11-27 09:04:59.999922,1,BAYxx_xxxx_20251127_090124_000.7z
2025-11-27 09:05:00,-12069.894875,-12.069894875,-4025.646456,-4018.109365,-4026.139055,768000,768000,1.000000000,1,2025-11-27 09:05:00.000000,2025-11-27 09:05:59.999922,1,BAYxx_xxxx_20251127_090124_000.7z
2025-11-27 09:06:00,-11929.726241,-11.929726241,-3980.239241,-3970.941074,-3978.545927,768000,768000,1.000000000,1,2025-11-27 09:06:00.000000,2025-11-27 09:06:59.999922,1,BAYxx_xxxx_20251127_090124_000.7z
2025-11-27 09:07:00,-11917.836623,-11.917836623,-3978.293521,-3965.649916,-3973.893186,768000,768000,1.000000000,1,2025-11-27 09:07:00.000000,2025-11-27 09:07:59.999922,1,BAYxx_xxxx_20251127_090124_000.7z
2025-11-27 09:08:00,-12329.598130,-12.329598130,-4110.058119,-4101.517269,-4118.022742,768000,768000,1.000000000,1,2025-11-27 09:08:00.000000,2025-11-27 09:08:59.999922,1,BAYxx_xxxx_20251127_090124_000.7z
2025-11-27 09:09:00,-12084.696308,-12.084696308,-4033.911947,-4019.735878,-4031.048482,768000,768000,1.000000000,1,2025-11-27 09:09:00.000000,2025-11-27 09:09:59.999922,1,BAYxx_xxxx_20251127_090124_000.7z
2025-11-27 09:10:00,-12295.501031,-12.295501031,-4101.644634,-4089.898602,-4103.957795,768000,768000,1.000000000,1,2025-11-27 09:10:00.000000,2025-11-27 09:10:59.999922,1,BAYxx_xxxx_20251127_090124_000.7z
2025-11-27 09:11:00,-12589.960412,-12.589960412,-4204.196800,-4187.859488,-4197.904124,729614,768000,0.950018229,0,2025-11-27 09:11:00.000000,2025-11-27 09:11:59.999922,2,BAYxx_xxxx_20251127_090124_000.7z;BAYxx_xxxx_20251127_091127_000.7z
2025-11-27 09:12:00,-12799.334125,-12.799334125,-4271.467262,-4256.274452,-4271.592410,768000,768000,1.000000000,1,2025-11-27 09:12:00.000000,2025-11-27 09:12:59.999922,1,BAYxx_xxxx_20251127_091127_000.7z
2025-11-27 09:13:00,-12897.993375,-12.897993375,-4295.972881,-4288.321253,-4313.699241,768000,768000,1.000000000,1,2025-11-27 09:13:00.000000,2025-11-27 09:13:59.999922,1,BAYxx_xxxx_20251127_091127_000.7z
2025-11-27 09:14:00,-12729.984318,-12.729984318,-4238.668690,-4244.620097,-4246.695530,768000,768000,1.000000000,1,2025-11-27 09:14:00.000000,2025-11-27 09:14:59.999922,1,BAYxx_xxxx_20251127_091127_000.7z
2025-11-27 09:15:00,-12914.276632,-12.914276632,-4306.972246,-4296.096427,-4311.207959,768000,768000,1.000000000,1,2025-11-27 09:15:00.000000,2025-11-27 09:15:59.999922,1,BAYxx_xxxx_20251127_091127_000.7z
2025-11-27 09:16:00,-13132.264712,-13.132264712,-4375.681844,-4372.284310,-4384.298558,768000,768000,1.000000000,1,2025-11-27 09:16:00.000000,2025-11-27 09:16:59.999922,1,BAYxx_xxxx_20251127_091127_000.7z
2025-11-27 09:17:00,-13235.552067,-13.235552067,-4413.766806,-4401.021764,-4420.763497,768000,768000,1.000000000,1,2025-11-27 09:17:00.000000,2025-11-27 09:17:59.999922,1,BAYxx_xxxx_20251127_091127_000.7z
2025-11-27 09:18:00,-13517.521663,-13.517521663,-4511.064245,-4491.298286,-4515.159133,768000,768000,1.000000000,1,2025-11-27 09:18:00.000000,2025-11-27 09:18:59.999922,1,BAYxx_xxxx_20251127_091127_000.7z
2025-11-27 09:19:00,-13390.546807,-13.390546807,-4464.644656,-4454.999065,-4470.903086,768000,768000,1.000000000,1,2025-11-27 09:19:00.000000,2025-11-27 09:19:59.999922,1,BAYxx_xxxx_20251127_091127_000.7z
2025-11-27 09:20:00,-13786.892030,-13.786892030,-4590.225861,-4589.272874,-4607.393295,768000,768000,1.000000000,1,2025-11-27 09:20:00.000000,2025-11-27 09:20:59.999922,1,BAYxx_xxxx_20251127_091127_000.7z
2025-11-27 09:21:00,-13810.066806,-13.810066806,-4594.519055,-4598.034582,-4617.513170,729667,768000,0.950087240,0,2025-11-27 09:21:00.000000,2025-11-27 09:21:59.999922,2,BAYxx_xxxx_20251127_091127_000.7z;BAYxx_xxxx_20251127_092130_000.7z
2025-11-27 09:22:00,-13659.164439,-13.659164439,-4543.096071,-4553.984757,-4562.083610,768000,768000,1.000000000,1,2025-11-27 09:22:00.000000,2025-11-27 09:22:59.999922,1,BAYxx_xxxx_20251127_092130_000.7z
2025-11-27 09:23:00,-13802.250187,-13.802250187,-4595.760593,-4592.327923,-4614.161670,768000,768000,1.000000000,1,2025-11-27 09:23:00.000000,2025-11-27 09:23:59.999922,1,BAYxx_xxxx_20251127_092130_000.7z
2025-11-27 09:24:00,-13889.479254,-13.889479254,-4629.840160,-4615.173438,-4644.465655,768000,768000,1.000000000,1,2025-11-27 09:24:00.000000,2025-11-27 09:24:59.999922,1,BAYxx_xxxx_20251127_092130_000.7z
2025-11-27 09:25:00,-6534.794127,-6.534794127,-2176.222995,-2173.662523,-2184.908610,768000,768000,1.000000000,1,2025-11-27 09:25:00.000000,2025-11-27 09:25:59.999922,1,BAYxx_xxxx_20251127_092130_000.7z
2025-11-27 09:26:00,0.556399,0.000556399,-0.632291,0.101975,1.086715,768000,768000,1.000000000,1,2025-11-27 09:26:00.000000,2025-11-27 09:26:59.999922,1,BAYxx_xxxx_20251127_092130_000.7z
2025-11-27 09:27:00,-7831.069826,-7.831069826,-2609.648397,-2602.758154,-2618.663275,768000,768000,1.000000000,1,2025-11-27 09:27:00.000000,2025-11-27 09:27:59.999922,1,BAYxx_xxxx_20251127_092130_000.7z
2025-11-27 09:28:00,-14188.628911,-14.188628911,-4727.702783,-4722.287064,-4738.639064,768000,768000,1.000000000,1,2025-11-27 09:28:00.000000,2025-11-27 09:28:59.999922,1,BAYxx_xxxx_20251127_092130_000.7z
2025-11-27 09:29:00,-14356.998789,-14.356998789,-4781.708037,-4777.831054,-4797.459698,768000,768000,1.000000000,1,2025-11-27 09:29:00.000000,2025-11-27 09:29:59.999922,1,BAYxx_xxxx_20251127_092130_000.7z
2025-11-27 09:30:00,-14404.721645,-14.404721645,-4799.926039,-4791.740294,-4813.055313,768000,768000,1.000000000,1,2025-11-27 09:30:00.000000,2025-11-27 09:30:59.999922,1,BAYxx_xxxx_20251127_092130_000.7z
2025-11-27 09:31:00,-14551.228162,-14.551228162,-4843.075348,-4845.012740,-4863.140074,729738,768000,0.950179688,0,2025-11-27 09:31:00.000000,2025-11-27 09:31:59.999922,2,BAYxx_xxxx_20251127_092130_000.7z;BAYxx_xxxx_20251127_093133_000.7z
2025-11-27 09:32:00,-14599.213718,-14.599213718,-4854.328899,-4865.359855,-4879.524963,768000,768000,1.000000000,1,2025-11-27 09:32:00.000000,2025-11-27 09:32:59.999922,1,BAYxx_xxxx_20251127_093133_000.7z
2025-11-27 09:33:00,-14639.292718,-14.639292718,-4880.720653,-4875.777555,-4882.794510,768000,768000,1.000000000,1,2025-11-27 09:33:00.000000,2025-11-27 09:33:59.999922,1,BAYxx_xxxx_20251127_093133_000.7z
2025-11-27 09:34:00,-14716.111888,-14.716111888,-4909.198295,-4890.167062,-4916.746530,768000,768000,1.000000000,1,2025-11-27 09:34:00.000000,2025-11-27 09:34:59.999922,1,BAYxx_xxxx_20251127_093133_000.7z
2025-11-27 09:35:00,-14932.211812,-14.932211812,-4973.594648,-4972.268197,-4986.348967,768000,768000,1.000000000,1,2025-11-27 09:35:00.000000,2025-11-27 09:35:59.999922,1,BAYxx_xxxx_20251127_093133_000.7z
2025-11-27 09:36:00,-10114.270762,-10.114270762,-3360.499135,-3373.955858,-3379.815769,768000,768000,1.000000000,1,2025-11-27 09:36:00.000000,2025-11-27 09:36:59.999922,1,BAYxx_xxxx_20251127_093133_000.7z
2025-11-27 09:37:00,-10.557233,-0.010557233,-1.615128,-2.098988,-6.843117,768000,768000,1.000000000,1,2025-11-27 09:37:00.000000,2025-11-27 09:37:59.999922,1,BAYxx_xxxx_20251127_093133_000.7z
2025-11-27 09:38:00,-5133.305485,-5.133305485,-1712.484713,-1702.892626,-1717.928145,768000,768000,1.000000000,1,2025-11-27 09:38:00.000000,2025-11-27 09:38:59.999922,1,BAYxx_xxxx_20251127_093133_000.7z
2025-11-27 09:39:00,-15096.557161,-15.096557161,-5029.921620,-5023.779260,-5042.856281,768000,768000,1.000000000,1,2025-11-27 09:39:00.000000,2025-11-27 09:39:59.999922,1,BAYxx_xxxx_20251127_093133_000.7z
2025-11-27 09:40:00,-15217.647354,-15.217647354,-5067.437314,-5063.155950,-5087.054090,768000,768000,1.000000000,1,2025-11-27 09:40:00.000000,2025-11-27 09:40:59.999922,1,BAYxx_xxxx_20251127_093133_000.7z
2025-11-27 09:41:00,-15633.499651,-15.633499651,-5209.398275,-5197.171480,-5226.929896,729708,768000,0.950140625,0,2025-11-27 09:41:00.000000,2025-11-27 09:41:59.999922,2,BAYxx_xxxx_20251127_093133_000.7z;BAYxx_xxxx_20251127_094136_000.7z
2025-11-27 09:42:00,-12012.140906,-12.012140906,-3998.225508,-3996.201011,-4017.714386,768000,768000,1.000000000,1,2025-11-27 09:42:00.000000,2025-11-27 09:42:59.999922,1,BAYxx_xxxx_20251127_094136_000.7z
2025-11-27 09:43:00,9.648603,0.009648603,12.475778,4.784646,-7.611820,768000,768000,1.000000000,1,2025-11-27 09:43:00.000000,2025-11-27 09:43:59.999922,1,BAYxx_xxxx_20251127_094136_000.7z
2025-11-27 09:44:00,-3904.140323,-3.904140323,-1298.112959,-1292.590531,-1313.436833,768000,768000,1.000000000,1,2025-11-27 09:44:00.000000,2025-11-27 09:44:59.999922,1,BAYxx_xxxx_20251127_094136_000.7z
2025-11-27 09:45:00,-16175.309654,-16.175309654,-5381.242465,-5390.695888,-5403.371301,768000,768000,1.000000000,1,2025-11-27 09:45:00.000000,2025-11-27 09:45:59.999922,1,BAYxx_xxxx_20251127_094136_000.7z
2025-11-27 09:46:00,-16186.595392,-16.186595392,-5386.411925,-5391.769591,-5408.413876,768000,768000,1.000000000,1,2025-11-27 09:46:00.000000,2025-11-27 09:46:59.999922,1,BAYxx_xxxx_20251127_094136_000.7z
2025-11-27 09:47:00,-12375.592499,-12.375592499,-4119.034143,-4115.519892,-4141.038464,768000,768000,1.000000000,1,2025-11-27 09:47:00.000000,2025-11-27 09:47:59.999922,1,BAYxx_xxxx_20251127_094136_000.7z
2025-11-27 09:48:00,-4.535437,-0.004535437,-0.069099,-0.914139,-3.552199,768000,768000,1.000000000,1,2025-11-27 09:48:00.000000,2025-11-27 09:48:59.999922,1,BAYxx_xxxx_20251127_094136_000.7z
2025-11-27 09:49:00,-3659.048595,-3.659048595,-1220.543682,-1209.897489,-1228.607424,768000,768000,1.000000000,1,2025-11-27 09:49:00.000000,2025-11-27 09:49:59.999922,1,BAYxx_xxxx_20251127_094136_000.7z
2025-11-27 09:50:00,-16556.819452,-16.556819452,-5507.142700,-5518.164317,-5531.512435,768000,768000,1.000000000,1,2025-11-27 09:50:00.000000,2025-11-27 09:50:59.999922,1,BAYxx_xxxx_20251127_094136_000.7z
2025-11-27 09:51:00,-16869.006151,-16.869006151,-5608.355711,-5621.927258,-5638.723182,729653,768000,0.950069010,0,2025-11-27 09:51:00.000000,2025-11-27 09:51:59.999922,2,BAYxx_xxxx_20251127_094136_000.7z;BAYxx_xxxx_20251127_095139_000.7z
2025-11-27 09:52:00,-16745.465415,-16.745465415,-5579.343960,-5569.583248,-5596.538206,768000,768000,1.000000000,1,2025-11-27 09:52:00.000000,2025-11-27 09:52:59.999922,1,BAYxx_xxxx_20251127_095139_000.7z
2025-11-27 09:53:00,-494.247978,-0.494247978,-162.909452,-163.385458,-167.953068,768000,768000,1.000000000,1,2025-11-27 09:53:00.000000,2025-11-27 09:53:59.999922,1,BAYxx_xxxx_20251127_095139_000.7z
2025-11-27 09:54:00,-3.531635,-0.003531635,3.781545,-4.020652,-3.292528,768000,768000,1.000000000,1,2025-11-27 09:54:00.000000,2025-11-27 09:54:59.999922,1,BAYxx_xxxx_20251127_095139_000.7z
2025-11-27 09:55:00,1.131305,0.001131305,2.184900,0.952674,-2.006269,768000,768000,1.000000000,1,2025-11-27 09:55:00.000000,2025-11-27 09:55:59.999922,1,BAYxx_xxxx_20251127_095139_000.7z
2025-11-27 09:56:00,-2661.741881,-2.661741881,-888.053621,-878.547251,-895.141009,768000,768000,1.000000000,1,2025-11-27 09:56:00.000000,2025-11-27 09:56:59.999922,1,BAYxx_xxxx_20251127_095139_000.7z
2025-11-27 09:57:00,-16817.378358,-16.817378358,-5597.233944,-5600.142815,-5620.001598,768000,768000,1.000000000,1,2025-11-27 09:57:00.000000,2025-11-27 09:57:59.999922,1,BAYxx_xxxx_20251127_095139_000.7z
2025-11-27 09:58:00,-11795.345525,-11.795345525,-3919.881390,-3927.938046,-3947.526089,768000,768000,1.000000000,1,2025-11-27 09:58:00.000000,2025-11-27 09:58:59.999922,1,BAYxx_xxxx_20251127_095139_000.7z
2025-11-27 09:59:00,-3.521674,-0.003521674,2.412949,-1.957529,-3.977093,768000,768000,1.000000000,1,2025-11-27 09:59:00.000000,2025-11-27 09:59:59.999922,1,BAYxx_xxxx_20251127_095139_000.7z
2025-11-27 10:00:00,-6.553418,-0.006553418,-1.328717,0.203462,-5.428162,768000,768000,1.000000000,1,2025-11-27 10:00:00.000000,2025-11-27 10:00:59.999922,1,BAYxx_xxxx_20251127_095139_000.7z
2025-11-27 10:01:00,-3.590002,-0.003590002,1.650911,-2.318463,-2.922451,729665,768000,0.950084635,0,2025-11-27 10:01:00.000000,2025-11-27 10:01:59.999922,2,BAYxx_xxxx_20251127_095139_000.7z;BAYxx_xxxx_20251127_100142_000.7z
2025-11-27 10:02:00,-7475.897106,-7.475897106,-2488.832507,-2487.621325,-2499.443274,768000,768000,1.000000000,1,2025-11-27 10:02:00.000000,2025-11-27 10:02:59.999922,1,BAYxx_xxxx_20251127_100142_000.7z
2025-11-27 10:03:00,-17420.557892,-17.420557892,-5787.405189,-5807.796486,-5825.356217,768000,768000,1.000000000,1,2025-11-27 10:03:00.000000,2025-11-27 10:03:59.999922,1,BAYxx_xxxx_20251127_100142_000.7z
2025-11-27 10:04:00,-6002.902017,-6.002902017,-1992.615336,-2004.772057,-2005.514625,768000,768000,1.000000000,1,2025-11-27 10:04:00.000000,2025-11-27 10:04:59.999922,1,BAYxx_xxxx_20251127_100142_000.7z
2025-11-27 10:05:00,-6.879647,-0.006879647,1.455149,-2.410824,-5.923972,768000,768000,1.000000000,1,2025-11-27 10:05:00.000000,2025-11-27 10:05:59.999922,1,BAYxx_xxxx_20251127_100142_000.7z
2025-11-27 10:06:00,-7.818344,-0.007818344,-1.088460,-0.442759,-6.287124,768000,768000,1.000000000,1,2025-11-27 10:06:00.000000,2025-11-27 10:06:59.999922,1,BAYxx_xxxx_20251127_100142_000.7z
2025-11-27 10:07:00,-19.520962,-0.019520962,-1.477720,-8.525233,-9.518008,768000,768000,1.000000000,1,2025-11-27 10:07:00.000000,2025-11-27 10:07:59.999922,1,BAYxx_xxxx_20251127_100142_000.7z
2025-11-27 10:08:00,-14547.510790,-14.547510790,-4844.171152,-4839.129310,-4864.210327,768000,768000,1.000000000,1,2025-11-27 10:08:00.000000,2025-11-27 10:08:59.999922,1,BAYxx_xxxx_20251127_100142_000.7z
2025-11-27 10:09:00,-15561.614411,-15.561614411,-5176.886230,-5183.824462,-5200.903720,768000,768000,1.000000000,1,2025-11-27 10:09:00.000000,2025-11-27 10:09:59.999922,1,BAYxx_xxxx_20251127_100142_000.7z
2025-11-27 10:10:00,1.427676,0.001427676,0.382175,7.790638,-6.745137,768000,768000,1.000000000,1,2025-11-27 10:10:00.000000,2025-11-27 10:10:59.999922,1,BAYxx_xxxx_20251127_100142_000.7z
2025-11-27 10:11:00,-1371.353155,-1.371353155,-453.519048,-449.822514,-468.011593,729738,768000,0.950179688,0,2025-11-27 10:11:00.000000,2025-11-27 10:11:59.999922,2,BAYxx_xxxx_20251127_100142_000.7z;BAYxx_xxxx_20251127_101145_000.7z
2025-11-27 10:12:00,-17778.451753,-17.778451753,-5917.771515,-5908.751605,-5951.928632,768000,768000,1.000000000,1,2025-11-27 10:12:00.000000,2025-11-27 10:12:59.999922,1,BAYxx_xxxx_20251127_101145_000.7z
2025-11-27 10:13:00,-18634.154654,-18.634154654,-6197.944143,-6202.111150,-6234.099362,768000,768000,1.000000000,1,2025-11-27 10:13:00.000000,2025-11-27 10:13:59.999922,1,BAYxx_xxxx_20251127_101145_000.7z
2025-11-27 10:14:00,-18361.993157,-18.361993157,-6110.745245,-6106.585936,-6144.661975,768000,768000,1.000000000,1,2025-11-27 10:14:00.000000,2025-11-27 10:14:59.999922,1,BAYxx_xxxx_20251127_101145_000.7z
2025-11-27 10:15:00,-12538.059105,-12.538059105,-4175.105334,-4164.524868,-4198.428903,768000,768000,1.000000000,1,2025-11-27 10:15:00.000000,2025-11-27 10:15:59.999922,1,BAYxx_xxxx_20251127_101145_000.7z
2025-11-27 10:16:00,-13.400515,-0.013400515,-1.282891,-8.621814,-3.495810,768000,768000,1.000000000,1,2025-11-27 10:16:00.000000,2025-11-27 10:16:59.999922,1,BAYxx_xxxx_20251127_101145_000.7z
2025-11-27 10:17:00,-5660.875571,-5.660875571,-1891.194608,-1874.688497,-1894.992467,768000,768000,1.000000000,1,2025-11-27 10:17:00.000000,2025-11-27 10:17:59.999922,1,BAYxx_xxxx_20251127_101145_000.7z
2025-11-27 10:18:00,-18625.739380,-18.625739380,-6192.340212,-6204.183646,-6229.215522,768000,768000,1.000000000,1,2025-11-27 10:18:00.000000,2025-11-27 10:18:59.999922,1,BAYxx_xxxx_20251127_101145_000.7z
2025-11-27 10:19:00,-18358.115983,-18.358115983,-6111.167567,-6111.930778,-6135.017638,768000,768000,1.000000000,1,2025-11-27 10:19:00.000000,2025-11-27 10:19:59.999922,1,BAYxx_xxxx_20251127_101145_000.7z
2025-11-27 10:20:00,-17971.231576,-17.971231576,-5988.819155,-5972.635474,-6009.776947,768000,768000,1.000000000,1,2025-11-27 10:20:00.000000,2025-11-27 10:20:59.999922,1,BAYxx_xxxx_20251127_101145_000.7z
2025-11-27 10:21:00,-4.187381,-0.004187381,1.932889,-0.921099,-5.199170,729701,768000,0.950131510,0,2025-11-27 10:21:00.000000,2025-11-27 10:21:59.999922,2,BAYxx_xxxx_20251127_101145_000.7z;BAYxx_xxxx_20251127_102148_000.7z
2025-11-27 10:22:00,-14.755978,-0.014755978,-3.299895,-4.936079,-6.520004,768000,768000,1.000000000,1,2025-11-27 10:22:00.000000,2025-11-27 10:22:59.999922,1,BAYxx_xxxx_20251127_102148_000.7z
2025-11-27 10:23:00,-3.275049,-0.003275049,0.113182,0.812660,-4.200891,768000,768000,1.000000000,1,2025-11-27 10:23:00.000000,2025-11-27 10:23:59.999922,1,BAYxx_xxxx_20251127_102148_000.7z
2025-11-27 10:24:00,-2321.744552,-2.321744552,-778.702464,-765.763170,-777.278919,768000,768000,1.000000000,1,2025-11-27 10:24:00.000000,2025-11-27 10:24:59.999922,1,BAYxx_xxxx_20251127_102148_000.7z
2025-11-27 10:25:00,-18699.014304,-18.699014304,-6223.677277,-6218.574769,-6256.762259,768000,768000,1.000000000,1,2025-11-27 10:25:00.000000,2025-11-27 10:25:59.999922,1,BAYxx_xxxx_20251127_102148_000.7z
2025-11-27 10:26:00,-13259.150487,-13.259150487,-4404.285042,-4413.336082,-4441.529362,768000,768000,1.000000000,1,2025-11-27 10:26:00.000000,2025-11-27 10:26:59.999922,1,BAYxx_xxxx_20251127_102148_000.7z
2025-11-27 10:27:00,-2.448857,-0.002448857,3.386809,-5.011334,-0.824332,768000,768000,1.000000000,1,2025-11-27 10:27:00.000000,2025-11-27 10:27:59.999922,1,BAYxx_xxxx_20251127_102148_000.7z
2025-11-27 10:28:00,-4978.288004,-4.978288004,-1656.317827,-1656.124451,-1665.845726,768000,768000,1.000000000,1,2025-11-27 10:28:00.000000,2025-11-27 10:28:59.999922,1,BAYxx_xxxx_20251127_102148_000.7z
2025-11-27 10:29:00,-19047.943702,-19.047943702,-6333.862974,-6349.015822,-6365.064906,768000,768000,1.000000000,1,2025-11-27 10:29:00.000000,2025-11-27 10:29:59.999922,1,BAYxx_xxxx_20251127_102148_000.7z
2025-11-27 10:30:00,-19307.317454,-19.307317454,-6421.437584,-6432.139308,-6453.740562,768000,768000,1.000000000,1,2025-11-27 10:30:00.000000,2025-11-27 10:30:59.999922,1,BAYxx_xxxx_20251127_102148_000.7z
2025-11-27 10:31:00,-15698.380850,-15.698380850,-5214.295651,-5236.385073,-5247.700125,716919,768000,0.933488281,0,2025-11-27 10:31:00.000000,2025-11-27 10:31:59.999922,2,BAYxx_xxxx_20251127_102148_000.7z;BAYxx_xxxx_20251127_103152_000.7z
2025-11-27 10:32:00,-3.393938,-0.003393938,0.210337,-4.061150,0.456875,768000,768000,1.000000000,1,2025-11-27 10:32:00.000000,2025-11-27 10:32:59.999922,1,BAYxx_xxxx_20251127_103152_000.7z
2025-11-27 10:33:00,-5.828301,-0.005828301,-0.463274,-2.087510,-3.277517,768000,768000,1.000000000,1,2025-11-27 10:33:00.000000,2025-11-27 10:33:59.999922,1,BAYxx_xxxx_20251127_103152_000.7z
2025-11-27 10:34:00,1.044380,0.001044380,1.700830,5.122664,-5.779114,768000,768000,1.000000000,1,2025-11-27 10:34:00.000000,2025-11-27 10:34:59.999922,1,BAYxx_xxxx_20251127_103152_000.7z
2025-11-27 10:35:00,-6461.471037,-6.461471037,-2149.415988,-2142.649196,-2169.405853,768000,768000,1.000000000,1,2025-11-27 10:35:00.000000,2025-11-27 10:35:59.999922,1,BAYxx_xxxx_20251127_103152_000.7z
2025-11-27 10:36:00,-19257.131846,-19.257131846,-6407.671258,-6407.380869,-6442.079719,768000,768000,1.000000000,1,2025-11-27 10:36:00.000000,2025-11-27 10:36:59.999922,1,BAYxx_xxxx_20251127_103152_000.7z
2025-11-27 10:37:00,-6247.988603,-6.247988603,-2080.024661,-2071.645648,-2096.318293,768000,768000,1.000000000,1,2025-11-27 10:37:00.000000,2025-11-27 10:37:59.999922,1,BAYxx_xxxx_20251127_103152_000.7z
2025-11-27 10:38:00,4.124459,0.004124459,4.181024,4.799506,-4.856071,768000,768000,1.000000000,1,2025-11-27 10:38:00.000000,2025-11-27 10:38:59.999922,1,BAYxx_xxxx_20251127_103152_000.7z
2025-11-27 10:39:00,-32.966576,-0.032966576,-7.000069,-8.664486,-17.302021,768000,768000,1.000000000,1,2025-11-27 10:39:00.000000,2025-11-27 10:39:59.999922,1,BAYxx_xxxx_20251127_103152_000.7z
2025-11-27 10:40:00,-11.323369,-0.011323369,-2.052499,-2.525402,-6.745468,768000,768000,1.000000000,1,2025-11-27 10:40:00.000000,2025-11-27 10:40:59.999922,1,BAYxx_xxxx_20251127_103152_000.7z
2025-11-27 10:41:00,-15704.083448,-15.704083448,-5230.534917,-5218.579006,-5254.969525,729738,768000,0.950179688,0,2025-11-27 10:41:00.000000,2025-11-27 10:41:59.999922,2,BAYxx_xxxx_20251127_103152_000.7z;BAYxx_xxxx_20251127_104155_000.7z
2025-11-27 10:42:00,-15037.159237,-15.037159237,-5002.330137,-5006.069421,-5028.759679,768000,768000,1.000000000,1,2025-11-27 10:42:00.000000,2025-11-27 10:42:59.999922,1,BAYxx_xxxx_20251127_104155_000.7z
2025-11-27 10:43:00,-24.569549,-0.024569549,-5.603336,-7.602985,-11.363228,768000,768000,1.000000000,1,2025-11-27 10:43:00.000000,2025-11-27 10:43:59.999922,1,BAYxx_xxxx_20251127_104155_000.7z
2025-11-27 10:44:00,-4533.873555,-4.533873555,-1507.961338,-1500.034741,-1525.877476,768000,768000,1.000000000,1,2025-11-27 10:44:00.000000,2025-11-27 10:44:59.999922,1,BAYxx_xxxx_20251127_104155_000.7z
2025-11-27 10:45:00,-19751.524771,-19.751524771,-6558.814026,-6584.369193,-6608.341552,768000,768000,1.000000000,1,2025-11-27 10:45:00.000000,2025-11-27 10:45:59.999922,1,BAYxx_xxxx_20251127_104155_000.7z
2025-11-27 10:46:00,-19919.693712,-19.919693712,-6626.292180,-6634.485310,-6658.916222,768000,768000,1.000000000,1,2025-11-27 10:46:00.000000,2025-11-27 10:46:59.999922,1,BAYxx_xxxx_20251127_104155_000.7z
2025-11-27 10:47:00,-20084.088931,-20.084088931,-6677.108481,-6691.497322,-6715.483128,768000,768000,1.000000000,1,2025-11-27 10:47:00.000000,2025-11-27 10:47:59.999922,1,BAYxx_xxxx_20251127_104155_000.7z
2025-11-27 10:48:00,-3146.729288,-3.146729288,-1044.493158,-1050.131775,-1052.104355,768000,768000,1.000000000,1,2025-11-27 10:48:00.000000,2025-11-27 10:48:59.999922,1,BAYxx_xxxx_20251127_104155_000.7z
2025-11-27 10:49:00,-16.401856,-0.016401856,-3.893737,-3.937015,-8.571104,768000,768000,1.000000000,1,2025-11-27 10:49:00.000000,2025-11-27 10:49:59.999922,1,BAYxx_xxxx_20251127_104155_000.7z
2025-11-27 10:50:00,-7.788726,-0.007788726,0.730257,-3.917746,-4.601237,768000,768000,1.000000000,1,2025-11-27 10:50:00.000000,2025-11-27 10:50:59.999922,1,BAYxx_xxxx_20251127_104155_000.7z
2025-11-27 10:51:00,-627.553602,-0.627553602,-210.984422,-205.964105,-210.605075,742430,768000,0.966705729,0,2025-11-27 10:51:00.000000,2025-11-27 10:51:59.999922,2,BAYxx_xxxx_20251127_104155_000.7z;BAYxx_xxxx_20251127_105157_000.7z
2025-11-27 10:52:00,-18516.980439,-18.516980439,-6159.119295,-6162.241997,-6195.619147,768000,768000,1.000000000,1,2025-11-27 10:52:00.000000,2025-11-27 10:52:59.999922,1,BAYxx_xxxx_20251127_105157_000.7z
2025-11-27 10:53:00,-12703.589713,-12.703589713,-4219.943993,-4230.799829,-4252.845890,768000,768000,1.000000000,1,2025-11-27 10:53:00.000000,2025-11-27 10:53:59.999922,1,BAYxx_xxxx_20251127_105157_000.7z
2025-11-27 10:54:00,-1.453681,-0.001453681,5.716315,-2.226595,-4.943401,768000,768000,1.000000000,1,2025-11-27 10:54:00.000000,2025-11-27 10:54:59.999922,1,BAYxx_xxxx_20251127_105157_000.7z
2025-11-27 10:55:00,-7214.164793,-7.214164793,-2402.069270,-2396.776516,-2415.319007,768000,768000,1.000000000,1,2025-11-27 10:55:00.000000,2025-11-27 10:55:59.999922,1,BAYxx_xxxx_20251127_105157_000.7z
2025-11-27 10:56:00,-20953.093596,-20.953093596,-6968.597680,-6978.345948,-7006.149968,768000,768000,1.000000000,1,2025-11-27 10:56:00.000000,2025-11-27 10:56:59.999922,1,BAYxx_xxxx_20251127_105157_000.7z
2025-11-27 10:57:00,-21295.435605,-21.295435605,-7077.068547,-7088.113176,-7130.253882,768000,768000,1.000000000,1,2025-11-27 10:57:00.000000,2025-11-27 10:57:59.999922,1,BAYxx_xxxx_20251127_105157_000.7z
2025-11-27 10:58:00,-13868.368522,-13.868368522,-4611.065750,-4615.098621,-4642.204150,768000,768000,1.000000000,1,2025-11-27 10:58:00.000000,2025-11-27 10:58:59.999922,1,BAYxx_xxxx_20251127_105157_000.7z
2025-11-27 10:59:00,-6.584690,-0.006584690,-3.271493,5.210523,-8.523719,768000,768000,1.000000000,1,2025-11-27 10:59:00.000000,2025-11-27 10:59:59.999922,1,BAYxx_xxxx_20251127_105157_000.7z
2025-11-27 11:00:00,-28.875757,-0.028875757,-1.277914,-7.049053,-20.548790,768000,768000,1.000000000,1,2025-11-27 11:00:00.000000,2025-11-27 11:00:59.999922,1,BAYxx_xxxx_20251127_105157_000.7z
2025-11-27 11:01:00,4.521858,0.004521858,7.062374,3.714794,-6.255311,742527,768000,0.966832031,0,2025-11-27 11:01:00.000000,2025-11-27 11:01:59.999922,2,BAYxx_xxxx_20251127_105157_000.7z;BAYxx_xxxx_20251127_110159_000.7z
2025-11-27 11:02:00,-8476.700080,-8.476700080,-2820.089333,-2817.301259,-2839.309489,768000,768000,1.000000000,1,2025-11-27 11:02:00.000000,2025-11-27 11:02:59.999922,1,BAYxx_xxxx_20251127_110159_000.7z
2025-11-27 11:03:00,-20545.540719,-20.545540719,-6820.019717,-6853.124486,-6872.396516,768000,768000,1.000000000,1,2025-11-27 11:03:00.000000,2025-11-27 11:03:59.999922,1,BAYxx_xxxx_20251127_110159_000.7z
2025-11-27 11:04:00,-2066.087023,-2.066087023,-685.745945,-684.235010,-696.106068,768000,768000,1.000000000,1,2025-11-27 11:04:00.000000,2025-11-27 11:04:59.999922,1,BAYxx_xxxx_20251127_110159_000.7z
2025-11-27 11:05:00,-11.224963,-0.011224963,4.865629,-2.922460,-13.168133,768000,768000,1.000000000,1,2025-11-27 11:05:00.000000,2025-11-27 11:05:59.999922,1,BAYxx_xxxx_20251127_110159_000.7z
2025-11-27 11:06:00,0.753193,0.000753193,3.874841,1.406243,-4.527891,768000,768000,1.000000000,1,2025-11-27 11:06:00.000000,2025-11-27 11:06:59.999922,1,BAYxx_xxxx_20251127_110159_000.7z
2025-11-27 11:07:00,-1289.326341,-1.289326341,-431.063455,-427.886141,-430.376745,768000,768000,1.000000000,1,2025-11-27 11:07:00.000000,2025-11-27 11:07:59.999922,1,BAYxx_xxxx_20251127_110159_000.7z
2025-11-27 11:08:00,-20312.065942,-20.312065942,-6742.278499,-6775.022957,-6794.764486,768000,768000,1.000000000,1,2025-11-27 11:08:00.000000,2025-11-27 11:08:59.999922,1,BAYxx_xxxx_20251127_110159_000.7z
2025-11-27 11:09:00,-11190.460505,-11.190460505,-3717.501442,-3729.970054,-3742.989009,768000,768000,1.000000000,1,2025-11-27 11:09:00.000000,2025-11-27 11:09:59.999922,1,BAYxx_xxxx_20251127_110159_000.7z
2025-11-27 11:10:00,-7.565674,-0.007565674,-3.293229,-0.215393,-4.057052,768000,768000,1.000000000,1,2025-11-27 11:10:00.000000,2025-11-27 11:10:59.999922,1,BAYxx_xxxx_20251127_110159_000.7z
2025-11-27 11:11:00,-8791.610622,-8.791610622,-2938.181133,-2919.815523,-2933.613965,755201,768000,0.983334635,0,2025-11-27 11:11:00.000000,2025-11-27 11:11:59.000000,1,BAYxx_xxxx_20251127_110159_000.7z
2025-11-27 11:12:00,-20798.579279,-20.798579279,-6904.928420,-6935.814952,-6957.835906,742400,768000,0.966666667,0,2025-11-27 11:12:02.000000,2025-11-27 11:12:59.999922,1,BAYxx_xxxx_20251127_111202_000.7z
2025-11-27 11:13:00,-20894.320646,-20.894320646,-6935.770269,-6966.980445,-6991.569932,768000,768000,1.000000000,1,2025-11-27 11:13:00.000000,2025-11-27 11:13:59.999922,1,BAYxx_xxxx_20251127_111202_000.7z
2025-11-27 11:14:00,-20749.887944,-20.749887944,-6896.180319,-6909.901336,-6943.806288,768000,768000,1.000000000,1,2025-11-27 11:14:00.000000,2025-11-27 11:14:59.999922,1,BAYxx_xxxx_20251127_111202_000.7z
2025-11-27 11:15:00,3.645093,0.003645093,0.326413,2.945109,0.373571,768000,768000,1.000000000,1,2025-11-27 11:15:00.000000,2025-11-27 11:15:59.999922,1,BAYxx_xxxx_20251127_111202_000.7z
2025-11-27 11:16:00,-769.460795,-0.769460795,-253.941591,-252.480809,-263.038395,768000,768000,1.000000000,1,2025-11-27 11:16:00.000000,2025-11-27 11:16:59.999922,1,BAYxx_xxxx_20251127_111202_000.7z
2025-11-27 11:17:00,-19564.559744,-19.564559744,-6511.998868,-6509.911025,-6542.649851,768000,768000,1.000000000,1,2025-11-27 11:17:00.000000,2025-11-27 11:17:59.999922,1,BAYxx_xxxx_20251127_111202_000.7z
2025-11-27 11:18:00,-21155.199238,-21.155199238,-7032.205726,-7038.185065,-7084.808446,768000,768000,1.000000000,1,2025-11-27 11:18:00.000000,2025-11-27 11:18:59.999922,1,BAYxx_xxxx_20251127_111202_000.7z
2025-11-27 11:19:00,-20899.579620,-20.899579620,-6952.210688,-6956.269541,-6991.099391,768000,768000,1.000000000,1,2025-11-27 11:19:00.000000,2025-11-27 11:19:59.999922,1,BAYxx_xxxx_20251127_111202_000.7z
2025-11-27 11:20:00,-10502.671558,-10.502671558,-3494.672709,-3494.334217,-3513.664633,768000,768000,1.000000000,1,2025-11-27 11:20:00.000000,2025-11-27 11:20:59.999922,1,BAYxx_xxxx_20251127_111202_000.7z
2025-11-27 11:21:00,-5.194226,-0.005194226,3.172047,-2.049740,-6.316532,768000,768000,1.000000000,1,2025-11-27 11:21:00.000000,2025-11-27 11:21:59.999922,1,BAYxx_xxxx_20251127_111202_000.7z
2025-11-27 11:22:00,-9341.613415,-9.341613415,-3108.390037,-3106.879670,-3126.343707,742432,768000,0.966708333,0,2025-11-27 11:22:00.000000,2025-11-27 11:22:59.999922,2,BAYxx_xxxx_20251127_111202_000.7z;BAYxx_xxxx_20251127_112204_000.7z
2025-11-27 11:23:00,-21526.306113,-21.526306113,-7160.544809,-7170.097017,-7195.664288,768000,768000,1.000000000,1,2025-11-27 11:23:00.000000,2025-11-27 11:23:59.999922,1,BAYxx_xxxx_20251127_112204_000.7z
2025-11-27 11:24:00,-21493.671283,-21.493671283,-7151.237298,-7153.933013,-7188.500972,768000,768000,1.000000000,1,2025-11-27 11:24:00.000000,2025-11-27 11:24:59.999922,1,BAYxx_xxxx_20251127_112204_000.7z
2025-11-27 11:25:00,-3187.827536,-3.187827536,-1055.514163,-1063.010861,-1069.302512,768000,768000,1.000000000,1,2025-11-27 11:25:00.000000,2025-11-27 11:25:59.999922,1,BAYxx_xxxx_20251127_112204_000.7z
2025-11-27 11:26:00,-30.005852,-0.030005852,-10.872523,-8.625179,-10.508150,768000,768000,1.000000000,1,2025-11-27 11:26:00.000000,2025-11-27 11:26:59.999922,1,BAYxx_xxxx_20251127_112204_000.7z
2025-11-27 11:27:00,5.933666,0.005933666,7.624644,4.777792,-6.468770,768000,768000,1.000000000,1,2025-11-27 11:27:00.000000,2025-11-27 11:27:59.999922,1,BAYxx_xxxx_20251127_112204_000.7z
2025-11-27 11:28:00,-644.036658,-0.644036658,-215.585147,-208.106888,-220.344624,768000,768000,1.000000000,1,2025-11-27 11:28:00.000000,2025-11-27 11:28:59.999922,1,BAYxx_xxxx_20251127_112204_000.7z
2025-11-27 11:29:00,-19155.251909,-19.155251909,-6365.794678,-6385.178279,-6404.278952,768000,768000,1.000000000,1,2025-11-27 11:29:00.000000,2025-11-27 11:29:59.999922,1,BAYxx_xxxx_20251127_112204_000.7z
2025-11-27 11:30:00,-20907.420528,-20.907420528,-6942.616840,-6973.490418,-6991.313270,768000,768000,1.000000000,1,2025-11-27 11:30:00.000000,2025-11-27 11:30:59.999922,1,BAYxx_xxxx_20251127_112204_000.7z
2025-11-27 11:31:00,-12689.819293,-12.689819293,-4214.774098,-4225.645023,-4249.400171,768000,768000,1.000000000,1,2025-11-27 11:31:00.000000,2025-11-27 11:31:59.999922,1,BAYxx_xxxx_20251127_112204_000.7z
2025-11-27 11:32:00,3.682491,0.003682491,3.059255,4.216488,-3.593252,716829,768000,0.933371094,0,2025-11-27 11:32:00.000000,2025-11-27 11:32:59.999922,2,BAYxx_xxxx_20251127_112204_000.7z;BAYxx_xxxx_20251127_113208_000.7z
2025-11-27 11:33:00,-6039.412897,-6.039412897,-2010.442854,-2008.086680,-2020.883364,768000,768000,1.000000000,1,2025-11-27 11:33:00.000000,2025-11-27 11:33:59.999922,1,BAYxx_xxxx_20251127_113208_000.7z
2025-11-27 11:34:00,-20763.459849,-20.763459849,-6897.578148,-6922.870673,-6943.011028,768000,768000,1.000000000,1,2025-11-27 11:34:00.000000,2025-11-27 11:34:59.999922,1,BAYxx_xxxx_20251127_113208_000.7z
2025-11-27 11:35:00,-20939.595889,-20.939595889,-6961.703886,-6980.173628,-6997.718375,768000,768000,1.000000000,1,2025-11-27 11:35:00.000000,2025-11-27 11:35:59.999922,1,BAYxx_xxxx_20251127_113208_000.7z
2025-11-27 11:36:00,-6729.738858,-6.729738858,-2239.073289,-2240.203109,-2250.462460,768000,768000,1.000000000,1,2025-11-27 11:36:00.000000,2025-11-27 11:36:59.999922,1,BAYxx_xxxx_20251127_113208_000.7z
2025-11-27 11:37:00,-4.923057,-0.004923057,0.805604,-2.356426,-3.372235,768000,768000,1.000000000,1,2025-11-27 11:37:00.000000,2025-11-27 11:37:59.999922,1,BAYxx_xxxx_20251127_113208_000.7z
2025-11-27 11:38:00,-13204.144285,-13.204144285,-4401.816685,-4389.679576,-4412.648025,768000,768000,1.000000000,1,2025-11-27 11:38:00.000000,2025-11-27 11:38:59.999922,1,BAYxx_xxxx_20251127_113208_000.7z
2025-11-27 11:39:00,-21150.107302,-21.150107302,-7042.029734,-7042.648354,-7065.429214,768000,768000,1.000000000,1,2025-11-27 11:39:00.000000,2025-11-27 11:39:59.999922,1,BAYxx_xxxx_20251127_113208_000.7z
2025-11-27 11:40:00,-21696.169431,-21.696169431,-7224.818278,-7224.304330,-7247.046823,768000,768000,1.000000000,1,2025-11-27 11:40:00.000000,2025-11-27 11:40:59.999922,1,BAYxx_xxxx_20251127_113208_000.7z
2025-11-27 11:41:00,-21601.045747,-21.601045747,-7184.620731,-7194.467879,-7221.957137,768000,768000,1.000000000,1,2025-11-27 11:41:00.000000,2025-11-27 11:41:59.999922,1,BAYxx_xxxx_20251127_113208_000.7z
2025-11-27 11:42:00,-1975.530989,-1.975530989,-657.778723,-653.951640,-663.800625,729613,768000,0.950016927,0,2025-11-27 11:42:00.000000,2025-11-27 11:42:59.999922,2,BAYxx_xxxx_20251127_113208_000.7z;BAYxx_xxxx_20251127_114211_000.7z
2025-11-27 11:43:00,-41.446046,-0.041446046,-17.485995,-8.037911,-15.922141,768000,768000,1.000000000,1,2025-11-27 11:43:00.000000,2025-11-27 11:43:59.999922,1,BAYxx_xxxx_20251127_114211_000.7z
2025-11-27 11:44:00,-17188.361526,-17.188361526,-5719.473393,-5719.027423,-5749.860710,768000,768000,1.000000000,1,2025-11-27 11:44:00.000000,2025-11-27 11:44:59.999922,1,BAYxx_xxxx_20251127_114211_000.7z
2025-11-27 11:45:00,-21152.491518,-21.152491518,-7033.109943,-7041.508093,-7077.873482,768000,768000,1.000000000,1,2025-11-27 11:45:00.000000,2025-11-27 11:45:59.999922,1,BAYxx_xxxx_20251127_114211_000.7z
2025-11-27 11:46:00,-17028.484175,-17.028484175,-5670.385297,-5663.263700,-5694.835178,768000,768000,1.000000000,1,2025-11-27 11:46:00.000000,2025-11-27 11:46:59.999922,1,BAYxx_xxxx_20251127_114211_000.7z
2025-11-27 11:47:00,-3.842083,-0.003842083,2.600680,-3.182571,-3.260192,768000,768000,1.000000000,1,2025-11-27 11:47:00.000000,2025-11-27 11:47:59.999922,1,BAYxx_xxxx_20251127_114211_000.7z
2025-11-27 11:48:00,-599.729221,-0.599729221,-201.611313,-195.631531,-202.486377,768000,768000,1.000000000,1,2025-11-27 11:48:00.000000,2025-11-27 11:48:59.999922,1,BAYxx_xxxx_20251127_114211_000.7z
2025-11-27 11:49:00,-1.507649,-0.001507649,1.256462,1.694158,-4.458268,768000,768000,1.000000000,1,2025-11-27 11:49:00.000000,2025-11-27 11:49:59.999922,1,BAYxx_xxxx_20251127_114211_000.7z
2025-11-27 11:50:00,-3552.221188,-3.552221188,-1184.195812,-1180.865699,-1187.159676,768000,768000,1.000000000,1,2025-11-27 11:50:00.000000,2025-11-27 11:50:59.999922,1,BAYxx_xxxx_20251127_114211_000.7z
2025-11-27 11:51:00,-21079.225361,-21.079225361,-7014.725656,-7018.077758,-7046.421947,768000,768000,1.000000000,1,2025-11-27 11:51:00.000000,2025-11-27 11:51:59.999922,1,BAYxx_xxxx_20251127_114211_000.7z
2025-11-27 11:52:00,-1442.605425,-1.442605425,-474.914581,-481.730084,-485.960760,729698,768000,0.950127604,0,2025-11-27 11:52:00.000000,2025-11-27 11:52:59.999922,2,BAYxx_xxxx_20251127_114211_000.7z;BAYxx_xxxx_20251127_115214_000.7z
2025-11-27 11:53:00,-75.815447,-0.075815447,-21.411929,-23.225945,-31.177574,768000,768000,1.000000000,1,2025-11-27 11:53:00.000000,2025-11-27 11:53:59.999922,1,BAYxx_xxxx_20251127_115214_000.7z
2025-11-27 11:54:00,-17563.120475,-17.563120475,-5842.352318,-5854.499750,-5866.268407,768000,768000,1.000000000,1,2025-11-27 11:54:00.000000,2025-11-27 11:54:59.999922,1,BAYxx_xxxx_20251127_115214_000.7z
2025-11-27 11:55:00,-21246.719116,-21.246719116,-7056.088115,-7093.700391,-7096.930610,768000,768000,1.000000000,1,2025-11-27 11:55:00.000000,2025-11-27 11:55:59.999922,1,BAYxx_xxxx_20251127_115214_000.7z
2025-11-27 11:56:00,-21245.356295,-21.245356295,-7063.321505,-7078.011255,-7104.023534,768000,768000,1.000000000,1,2025-11-27 11:56:00.000000,2025-11-27 11:56:59.999922,1,BAYxx_xxxx_20251127_115214_000.7z
2025-11-27 11:57:00,-18909.917577,-18.909917577,-6286.096825,-6303.099369,-6320.721384,768000,768000,1.000000000,1,2025-11-27 11:57:00.000000,2025-11-27 11:57:59.999922,1,BAYxx_xxxx_20251127_115214_000.7z
2025-11-27 11:58:00,-5.865761,-0.005865761,-0.714345,-4.519859,-0.631557,768000,768000,1.000000000,1,2025-11-27 11:58:00.000000,2025-11-27 11:58:59.999922,1,BAYxx_xxxx_20251127_115214_000.7z
2025-11-27 11:59:00,-10.413652,-0.010413652,-2.662221,-2.896188,-4.855243,768000,768000,1.000000000,1,2025-11-27 11:59:00.000000,2025-11-27 11:59:59.999922,1,BAYxx_xxxx_20251127_115214_000.7z
2025-11-27 12:00:00,-13.795962,-0.013795962,-8.723743,0.081568,-5.153786,768000,768000,1.000000000,1,2025-11-27 12:00:00.000000,2025-11-27 12:00:59.999922,1,BAYxx_xxxx_20251127_115214_000.7z
2025-11-27 12:01:00,-5270.043603,-5.270043603,-1756.348414,-1752.039065,-1761.656124,768000,768000,1.000000000,1,2025-11-27 12:01:00.000000,2025-11-27 12:01:59.999922,1,BAYxx_xxxx_20251127_115214_000.7z
2025-11-27 12:02:00,-15258.743493,-15.258743493,-5076.132763,-5084.765652,-5097.845077,742476,768000,0.966765625,0,2025-11-27 12:02:00.000000,2025-11-27 12:02:59.999922,2,BAYxx_xxxx_20251127_115214_000.7z;BAYxx_xxxx_20251127_120216_000.7z
2025-11-27 12:03:00,-8.258006,-0.008258006,-1.089608,-2.445842,-4.722555,768000,768000,1.000000000,1,2025-11-27 12:03:00.000000,2025-11-27 12:03:59.999922,1,BAYxx_xxxx_20251127_120216_000.7z
2025-11-27 12:04:00,-3910.126061,-3.910126061,-1303.815055,-1294.043369,-1312.267638,768000,768000,1.000000000,1,2025-11-27 12:04:00.000000,2025-11-27 12:04:59.999922,1,BAYxx_xxxx_20251127_120216_000.7z
2025-11-27 12:05:00,-21083.921809,-21.083921809,-7019.232855,-7018.098273,-7046.590681,768000,768000,1.000000000,1,2025-11-27 12:05:00.000000,2025-11-27 12:05:59.999922,1,BAYxx_xxxx_20251127_120216_000.7z
2025-11-27 12:06:00,-21882.939562,-21.882939562,-7276.570578,-7291.277682,-7315.091302,768000,768000,1.000000000,1,2025-11-27 12:06:00.000000,2025-11-27 12:06:59.999922,1,BAYxx_xxxx_20251127_120216_000.7z
2025-11-27 12:07:00,-20215.408576,-20.215408576,-6728.570384,-6725.191512,-6761.646681,768000,768000,1.000000000,1,2025-11-27 12:07:00.000000,2025-11-27 12:07:59.999922,1,BAYxx_xxxx_20251127_120216_000.7z
2025-11-27 12:08:00,-6.552756,-0.006552756,2.517264,-3.273749,-5.796271,768000,768000,1.000000000,1,2025-11-27 12:08:00.000000,2025-11-27 12:08:59.999922,1,BAYxx_xxxx_20251127_120216_000.7z
2025-11-27 12:09:00,-1411.121956,-1.411121956,-478.295534,-462.977041,-469.849381,768000,768000,1.000000000,1,2025-11-27 12:09:00.000000,2025-11-27 12:09:59.999922,1,BAYxx_xxxx_20251127_120216_000.7z
2025-11-27 12:10:00,-20460.950678,-20.460950678,-6791.648831,-6821.495617,-6847.806231,768000,768000,1.000000000,1,2025-11-27 12:10:00.000000,2025-11-27 12:10:59.999922,1,BAYxx_xxxx_20251127_120216_000.7z
2025-11-27 12:11:00,-21366.929127,-21.366929127,-7101.419271,-7126.635826,-7138.874031,768000,768000,1.000000000,1,2025-11-27 12:11:00.000000,2025-11-27 12:11:59.999922,1,BAYxx_xxxx_20251127_120216_000.7z
2025-11-27 12:12:00,-21434.252548,-21.434252548,-7135.221306,-7139.720507,-7159.310735,729648,768000,0.950062500,0,2025-11-27 12:12:00.000000,2025-11-27 12:12:59.999922,2,BAYxx_xxxx_20251127_120216_000.7z;BAYxx_xxxx_20251127_121219_000.7z
2025-11-27 12:13:00,-5789.758768,-5.789758768,-1926.386836,-1929.270194,-1934.101739,768000,768000,1.000000000,1,2025-11-27 12:13:00.000000,2025-11-27 12:13:59.999922,1,BAYxx_xxxx_20251127_121219_000.7z
2025-11-27 12:14:00,0.808457,0.000808457,2.498219,1.940529,-3.630290,768000,768000,1.000000000,1,2025-11-27 12:14:00.000000,2025-11-27 12:14:59.999922,1,BAYxx_xxxx_20251127_121219_000.7z
2025-11-27 12:15:00,-11819.415015,-11.819415015,-3936.450755,-3935.129542,-3947.834718,768000,768000,1.000000000,1,2025-11-27 12:15:00.000000,2025-11-27 12:15:59.999922,1,BAYxx_xxxx_20251127_121219_000.7z
2025-11-27 12:16:00,-10.321197,-0.010321197,-0.752852,-3.846032,-5.722313,768000,768000,1.000000000,1,2025-11-27 12:16:00.000000,2025-11-27 12:16:59.999922,1,BAYxx_xxxx_20251127_121219_000.7z
2025-11-27 12:17:00,-1936.530758,-1.936530758,-645.512723,-642.320920,-648.697115,768000,768000,1.000000000,1,2025-11-27 12:17:00.000000,2025-11-27 12:17:59.999922,1,BAYxx_xxxx_20251127_121219_000.7z
2025-11-27 12:18:00,-9195.684043,-9.195684043,-3056.507443,-3069.630928,-3069.545672,768000,768000,1.000000000,1,2025-11-27 12:18:00.000000,2025-11-27 12:18:59.999922,1,BAYxx_xxxx_20251127_121219_000.7z
2025-11-27 12:19:00,-4.886978,-0.004886978,-0.212315,-0.451585,-4.223078,768000,768000,1.000000000,1,2025-11-27 12:19:00.000000,2025-11-27 12:19:59.999922,1,BAYxx_xxxx_20251127_121219_000.7z
2025-11-27 12:20:00,-9999.426800,-9.999426800,-3331.593212,-3324.777725,-3343.055862,768000,768000,1.000000000,1,2025-11-27 12:20:00.000000,2025-11-27 12:20:59.999922,1,BAYxx_xxxx_20251127_121219_000.7z
2025-11-27 12:21:00,-1961.544865,-1.961544865,-647.939938,-649.793317,-663.811610,768000,768000,1.000000000,1,2025-11-27 12:21:00.000000,2025-11-27 12:21:59.999922,1,BAYxx_xxxx_20251127_121219_000.7z
2025-11-27 12:22:00,-87.316068,-0.087316068,-31.705268,-24.077647,-31.533153,742479,768000,0.966769531,0,2025-11-27 12:22:00.000000,2025-11-27 12:22:59.999922,2,BAYxx_xxxx_20251127_121219_000.7z;BAYxx_xxxx_20251127_122221_000.7z
2025-11-27 12:23:00,-17042.018730,-17.042018730,-5668.058569,-5682.556519,-5691.403641,768000,768000,1.000000000,1,2025-11-27 12:23:00.000000,2025-11-27 12:23:59.999922,1,BAYxx_xxxx_20251127_122221_000.7z
2025-11-27 12:24:00,-10080.153956,-10.080153956,-3345.712744,-3361.502858,-3372.938354,768000,768000,1.000000000,1,2025-11-27 12:24:00.000000,2025-11-27 12:24:59.999922,1,BAYxx_xxxx_20251127_122221_000.7z
2025-11-27 12:25:00,1.291487,0.001291487,7.322133,-0.026804,-6.003842,768000,768000,1.000000000,1,2025-11-27 12:25:00.000000,2025-11-27 12:25:59.999922,1,BAYxx_xxxx_20251127_122221_000.7z
2025-11-27 12:26:00,-9436.862684,-9.436862684,-3143.158594,-3136.380766,-3157.323324,768000,768000,1.000000000,1,2025-11-27 12:26:00.000000,2025-11-27 12:26:59.999922,1,BAYxx_xxxx_20251127_122221_000.7z
2025-11-27 12:27:00,-20465.816769,-20.465816769,-6807.391774,-6826.302197,-6832.122797,768000,768000,1.000000000,1,2025-11-27 12:27:00.000000,2025-11-27 12:27:59.999922,1,BAYxx_xxxx_20251127_122221_000.7z
2025-11-27 12:28:00,-20688.918979,-20.688918979,-6878.645671,-6900.793150,-6909.480158,768000,768000,1.000000000,1,2025-11-27 12:28:00.000000,2025-11-27 12:28:59.999922,1,BAYxx_xxxx_20251127_122221_000.7z
2025-11-27 12:29:00,-11719.636343,-11.719636343,-3892.324009,-3911.183298,-3916.129036,768000,768000,1.000000000,1,2025-11-27 12:29:00.000000,2025-11-27 12:29:59.999922,1,BAYxx_xxxx_20251127_122221_000.7z
2025-11-27 12:30:00,-0.305803,-0.000305803,0.689461,-1.750596,0.755331,768000,768000,1.000000000,1,2025-11-27 12:30:00.000000,2025-11-27 12:30:59.999922,1,BAYxx_xxxx_20251127_122221_000.7z
2025-11-27 12:31:00,-7882.294608,-7.882294608,-2622.760361,-2624.797995,-2634.736253,768000,768000,1.000000000,1,2025-11-27 12:31:00.000000,2025-11-27 12:31:59.999922,1,BAYxx_xxxx_20251127_122221_000.7z
2025-11-27 12:32:00,-20160.037787,-20.160037787,-6705.355217,-6723.594103,-6731.088467,729733,768000,0.950173177,0,2025-11-27 12:32:00.000000,2025-11-27 12:32:59.999922,2,BAYxx_xxxx_20251127_122221_000.7z;BAYxx_xxxx_20251127_123224_000.7z
2025-11-27 12:33:00,-20202.570270,-20.202570270,-6719.902191,-6741.265557,-6741.402523,768000,768000,1.000000000,1,2025-11-27 12:33:00.000000,2025-11-27 12:33:59.999922,1,BAYxx_xxxx_20251127_123224_000.7z
2025-11-27 12:34:00,-20066.478055,-20.066478055,-6671.027267,-6692.642582,-6702.808206,768000,768000,1.000000000,1,2025-11-27 12:34:00.000000,2025-11-27 12:34:59.999922,1,BAYxx_xxxx_20251127_123224_000.7z
2025-11-27 12:35:00,-426.898737,-0.426898737,-144.254529,-138.837212,-143.806996,768000,768000,1.000000000,1,2025-11-27 12:35:00.000000,2025-11-27 12:35:59.999922,1,BAYxx_xxxx_20251127_123224_000.7z
2025-11-27 12:36:00,-583.694882,-0.583694882,-195.280766,-192.136824,-196.277293,768000,768000,1.000000000,1,2025-11-27 12:36:00.000000,2025-11-27 12:36:59.999922,1,BAYxx_xxxx_20251127_123224_000.7z
2025-11-27 12:37:00,-18237.586313,-18.237586313,-6069.386672,-6086.480783,-6081.718858,768000,768000,1.000000000,1,2025-11-27 12:37:00.000000,2025-11-27 12:37:59.999922,1,BAYxx_xxxx_20251127_123224_000.7z
2025-11-27 12:38:00,-19989.277873,-19.989277873,-6640.478026,-6672.392444,-6676.407403,768000,768000,1.000000000,1,2025-11-27 12:38:00.000000,2025-11-27 12:38:59.999922,1,BAYxx_xxxx_20251127_123224_000.7z
2025-11-27 12:39:00,-19816.811835,-19.816811835,-6582.796991,-6609.464903,-6624.549941,768000,768000,1.000000000,1,2025-11-27 12:39:00.000000,2025-11-27 12:39:59.999922,1,BAYxx_xxxx_20251127_123224_000.7z
2025-11-27 12:40:00,-3871.113528,-3.871113528,-1285.908046,-1290.865093,-1294.340389,768000,768000,1.000000000,1,2025-11-27 12:40:00.000000,2025-11-27 12:40:59.999922,1,BAYxx_xxxx_20251127_123224_000.7z
2025-11-27 12:41:00,-10.243504,-0.010243504,-4.033813,0.253432,-6.463122,768000,768000,1.000000000,1,2025-11-27 12:41:00.000000,2025-11-27 12:41:59.999922,1,BAYxx_xxxx_20251127_123224_000.7z
2025-11-27 12:42:00,-16.984821,-0.016984821,-2.901095,-7.654866,-6.428859,704131,768000,0.916837240,0,2025-11-27 12:42:00.000000,2025-11-27 12:42:59.999922,2,BAYxx_xxxx_20251127_123224_000.7z;BAYxx_xxxx_20251127_124229_000.7z
2025-11-27 12:43:00,-149.966790,-0.149966790,-46.811950,-48.135834,-55.019006,768000,768000,1.000000000,1,2025-11-27 12:43:00.000000,2025-11-27 12:43:59.999922,1,BAYxx_xxxx_20251127_124229_000.7z
2025-11-27 12:44:00,-16696.039177,-16.696039177,-5554.716849,-5563.640924,-5577.681403,768000,768000,1.000000000,1,2025-11-27 12:44:00.000000,2025-11-27 12:44:59.999922,1,BAYxx_xxxx_20251127_124229_000.7z
2025-11-27 12:45:00,-10242.190591,-10.242190591,-3406.088141,-3418.911804,-3417.190646,768000,768000,1.000000000,1,2025-11-27 12:45:00.000000,2025-11-27 12:45:59.999922,1,BAYxx_xxxx_20251127_124229_000.7z
2025-11-27 12:46:00,4.029141,0.004029141,-3.240751,4.286243,2.983649,768000,768000,1.000000000,1,2025-11-27 12:46:00.000000,2025-11-27 12:46:59.999922,1,BAYxx_xxxx_20251127_124229_000.7z
2025-11-27 12:47:00,-8920.995749,-8.920995749,-2971.611841,-2969.514303,-2979.869605,768000,768000,1.000000000,1,2025-11-27 12:47:00.000000,2025-11-27 12:47:59.999922,1,BAYxx_xxxx_20251127_124229_000.7z
2025-11-27 12:48:00,-19786.584738,-19.786584738,-6581.126891,-6592.561932,-6612.895915,768000,768000,1.000000000,1,2025-11-27 12:48:00.000000,2025-11-27 12:48:59.999922,1,BAYxx_xxxx_20251127_124229_000.7z
2025-11-27 12:49:00,-19396.555632,-19.396555632,-6443.208175,-6467.678350,-6485.669106,768000,768000,1.000000000,1,2025-11-27 12:49:00.000000,2025-11-27 12:49:59.999922,1,BAYxx_xxxx_20251127_124229_000.7z
2025-11-27 12:50:00,-16066.780344,-16.066780344,-5341.892193,-5356.455678,-5368.432472,768000,768000,1.000000000,1,2025-11-27 12:50:00.000000,2025-11-27 12:50:59.999922,1,BAYxx_xxxx_20251127_124229_000.7z
2025-11-27 12:51:00,1.560729,0.001560729,7.230834,3.481688,-9.151794,768000,768000,1.000000000,1,2025-11-27 12:51:00.000000,2025-11-27 12:51:59.999922,1,BAYxx_xxxx_20251127_124229_000.7z
2025-11-27 12:52:00,-18.394507,-0.018394507,3.875060,-3.156234,-19.113332,742492,768000,0.966786458,0,2025-11-27 12:52:00.000000,2025-11-27 12:52:59.999922,2,BAYxx_xxxx_20251127_124229_000.7z;BAYxx_xxxx_20251127_125231_000.7z
2025-11-27 12:53:00,6.387479,0.006387479,3.485056,3.682830,-0.780408,768000,768000,1.000000000,1,2025-11-27 12:53:00.000000,2025-11-27 12:53:59.999922,1,BAYxx_xxxx_20251127_125231_000.7z
2025-11-27 12:54:00,-4918.999822,-4.918999822,-1639.691307,-1635.467162,-1643.841353,768000,768000,1.000000000,1,2025-11-27 12:54:00.000000,2025-11-27 12:54:59.999922,1,BAYxx_xxxx_20251127_125231_000.7z
2025-11-27 12:55:00,-18055.254302,-18.055254302,-6008.118673,-6022.053051,-6025.082579,768000,768000,1.000000000,1,2025-11-27 12:55:00.000000,2025-11-27 12:55:59.999922,1,BAYxx_xxxx_20251127_125231_000.7z
2025-11-27 12:56:00,-1255.671483,-1.255671483,-418.526218,-414.986220,-422.159045,768000,768000,1.000000000,1,2025-11-27 12:56:00.000000,2025-11-27 12:56:59.999922,1,BAYxx_xxxx_20251127_125231_000.7z
2025-11-27 12:57:00,-16.748683,-0.016748683,-3.790789,-4.977493,-7.980402,768000,768000,1.000000000,1,2025-11-27 12:57:00.000000,2025-11-27 12:57:59.999922,1,BAYxx_xxxx_20251127_125231_000.7z
2025-11-27 12:58:00,-4.722125,-0.004722125,0.611645,-1.531618,-3.802153,768000,768000,1.000000000,1,2025-11-27 12:58:00.000000,2025-11-27 12:58:59.999922,1,BAYxx_xxxx_20251127_125231_000.7z
2025-11-27 12:59:00,-1823.805796,-1.823805796,-604.425976,-603.835904,-615.543916,768000,768000,1.000000000,1,2025-11-27 12:59:00.000000,2025-11-27 12:59:59.999922,1,BAYxx_xxxx_20251127_125231_000.7z
2025-11-27 13:00:00,-17873.211376,-17.873211376,-5944.489707,-5962.633524,-5966.088146,768000,768000,1.000000000,1,2025-11-27 13:00:00.000000,2025-11-27 13:00:59.999922,1,BAYxx_xxxx_20251127_125231_000.7z
2025-11-27 13:01:00,-6473.274333,-6.473274333,-2151.075377,-2159.703571,-2162.495385,768000,768000,1.000000000,1,2025-11-27 13:01:00.000000,2025-11-27 13:01:59.999922,1,BAYxx_xxxx_20251127_125231_000.7z
2025-11-27 13:02:00,-6.983716,-0.006983716,0.214352,-6.181016,-1.017051,729637,768000,0.950048177,0,2025-11-27 13:02:00.000000,2025-11-27 13:02:59.999922,2,BAYxx_xxxx_20251127_125231_000.7z;BAYxx_xxxx_20251127_130234_000.7z
2025-11-27 13:03:00,-27.724664,-0.027724664,-3.327459,-7.324911,-17.072294,768000,768000,1.000000000,1,2025-11-27 13:03:00.000000,2025-11-27 13:03:59.999922,1,BAYxx_xxxx_20251127_130234_000.7z
2025-11-27 13:04:00,-1.945172,-0.001945172,1.645023,1.278264,-4.868460,768000,768000,1.000000000,1,2025-11-27 13:04:00.000000,2025-11-27 13:04:59.999922,1,BAYxx_xxxx_20251127_130234_000.7z
2025-11-27 13:05:00,-12757.635463,-12.757635463,-4247.197850,-4250.418728,-4260.018885,768000,768000,1.000000000,1,2025-11-27 13:05:00.000000,2025-11-27 13:05:59.999922,1,BAYxx_xxxx_20251127_130234_000.7z
2025-11-27 13:06:00,-12188.266393,-12.188266393,-4049.072666,-4069.462485,-4069.731241,768000,768000,1.000000000,1,2025-11-27 13:06:00.000000,2025-11-27 13:06:59.999922,1,BAYxx_xxxx_20251127_130234_000.7z
2025-11-27 13:07:00,-6.856761,-0.006856761,-3.985215,-0.207826,-2.663720,768000,768000,1.000000000,1,2025-11-27 13:07:00.000000,2025-11-27 13:07:59.999922,1,BAYxx_xxxx_20251127_130234_000.7z
2025-11-27 13:08:00,-12.762785,-0.012762785,1.048938,-7.626310,-6.185413,768000,768000,1.000000000,1,2025-11-27 13:08:00.000000,2025-11-27 13:08:59.999922,1,BAYxx_xxxx_20251127_130234_000.7z
2025-11-27 13:09:00,-15.006785,-0.015006785,-0.789474,-9.216385,-5.000925,768000,768000,1.000000000,1,2025-11-27 13:09:00.000000,2025-11-27 13:09:59.999922,1,BAYxx_xxxx_20251127_130234_000.7z
2025-11-27 13:10:00,-7827.259829,-7.827259829,-2603.635224,-2605.631151,-2617.993453,768000,768000,1.000000000,1,2025-11-27 13:10:00.000000,2025-11-27 13:10:59.999922,1,BAYxx_xxxx_20251127_130234_000.7z
2025-11-27 13:11:00,-12281.361389,-12.281361389,-4080.484596,-4097.880173,-4102.996620,768000,768000,1.000000000,1,2025-11-27 13:11:00.000000,2025-11-27 13:11:59.999922,1,BAYxx_xxxx_20251127_130234_000.7z
2025-11-27 13:12:00,-9.621381,-0.009621381,-1.984233,-4.312217,-3.324931,742468,768000,0.966755208,0,2025-11-27 13:12:00.000000,2025-11-27 13:12:59.999922,2,BAYxx_xxxx_20251127_130234_000.7z;BAYxx_xxxx_20251127_131236_000.7z
2025-11-27 13:13:00,-22.430112,-0.022430112,-2.116856,-10.445171,-9.868085,768000,768000,1.000000000,1,2025-11-27 13:13:00.000000,2025-11-27 13:13:59.999922,1,BAYxx_xxxx_20251127_131236_000.7z
2025-11-27 13:14:00,-15.500289,-0.015500289,-4.271796,-5.174602,-6.053891,768000,768000,1.000000000,1,2025-11-27 13:14:00.000000,2025-11-27 13:14:59.999922,1,BAYxx_xxxx_20251127_131236_000.7z
2025-11-27 13:15:00,-6706.365587,-6.706365587,-2238.630138,-2231.247207,-2236.488241,768000,768000,1.000000000,1,2025-11-27 13:15:00.000000,2025-11-27 13:15:59.999922,1,BAYxx_xxxx_20251127_131236_000.7z
2025-11-27 13:16:00,-16171.955853,-16.171955853,-5378.013421,-5392.324942,-5401.617491,768000,768000,1.000000000,1,2025-11-27 13:16:00.000000,2025-11-27 13:16:59.999922,1,BAYxx_xxxx_20251127_131236_000.7z
2025-11-27 13:17:00,-3648.914680,-3.648914680,-1211.427491,-1213.643889,-1223.843301,768000,768000,1.000000000,1,2025-11-27 13:17:00.000000,2025-11-27 13:17:59.999922,1,BAYxx_xxxx_20251127_131236_000.7z
2025-11-27 13:18:00,2.901449,0.002901449,5.640670,4.193635,-6.932856,768000,768000,1.000000000,1,2025-11-27 13:18:00.000000,2025-11-27 13:18:59.999922,1,BAYxx_xxxx_20251127_131236_000.7z
2025-11-27 13:19:00,-12116.908080,-12.116908080,-4044.276790,-4029.602862,-4043.028429,768000,768000,1.000000000,1,2025-11-27 13:19:00.000000,2025-11-27 13:19:59.999922,1,BAYxx_xxxx_20251127_131236_000.7z
2025-11-27 13:20:00,-15762.184281,-15.762184281,-5245.404516,-5252.405614,-5264.374151,768000,768000,1.000000000,1,2025-11-27 13:20:00.000000,2025-11-27 13:20:59.999922,1,BAYxx_xxxx_20251127_131236_000.7z
2025-11-27 13:21:00,-15807.013692,-15.807013692,-5264.646209,-5268.925352,-5273.442130,768000,768000,1.000000000,1,2025-11-27 13:21:00.000000,2025-11-27 13:21:59.999922,1,BAYxx_xxxx_20251127_131236_000.7z
2025-11-27 13:22:00,-8460.245274,-8.460245274,-2818.579860,-2818.979589,-2822.685825,729617,768000,0.950022135,0,2025-11-27 13:22:00.000000,2025-11-27 13:22:59.999922,2,BAYxx_xxxx_20251127_131236_000.7z;BAYxx_xxxx_20251127_132239_000.7z
2025-11-27 13:23:00,-10.660078,-0.010660078,-0.416144,-2.943652,-7.300281,768000,768000,1.000000000,1,2025-11-27 13:23:00.000000,2025-11-27 13:23:59.999922,1,BAYxx_xxxx_20251127_132239_000.7z
2025-11-27 13:24:00,-14.231117,-0.014231117,-3.946016,-2.677002,-7.608099,768000,768000,1.000000000,1,2025-11-27 13:24:00.000000,2025-11-27 13:24:59.999922,1,BAYxx_xxxx_20251127_132239_000.7z
2025-11-27 13:25:00,-4.971024,-0.004971024,0.615708,-2.762796,-2.823937,768000,768000,1.000000000,1,2025-11-27 13:25:00.000000,2025-11-27 13:25:59.999922,1,BAYxx_xxxx_20251127_132239_000.7z
2025-11-27 13:26:00,-9163.639629,-9.163639629,-3055.950597,-3047.904656,-3059.784376,768000,768000,1.000000000,1,2025-11-27 13:26:00.000000,2025-11-27 13:26:59.999922,1,BAYxx_xxxx_20251127_132239_000.7z
2025-11-27 13:27:00,-12740.421388,-12.740421388,-4246.129677,-4235.891268,-4258.400442,768000,768000,1.000000000,1,2025-11-27 13:27:00.000000,2025-11-27 13:27:59.999922,1,BAYxx_xxxx_20251127_132239_000.7z
2025-11-27 13:28:00,-6.116663,-0.006116663,0.669971,-2.231418,-4.555216,768000,768000,1.000000000,1,2025-11-27 13:28:00.000000,2025-11-27 13:28:59.999922,1,BAYxx_xxxx_20251127_132239_000.7z
2025-11-27 13:29:00,-11.128664,-0.011128664,-4.565687,-2.244664,-4.318313,768000,768000,1.000000000,1,2025-11-27 13:29:00.000000,2025-11-27 13:29:59.999922,1,BAYxx_xxxx_20251127_132239_000.7z
2025-11-27 13:30:00,-5.839085,-0.005839085,-1.492603,-1.845346,-2.501137,768000,768000,1.000000000,1,2025-11-27 13:30:00.000000,2025-11-27 13:30:59.999922,1,BAYxx_xxxx_20251127_132239_000.7z
2025-11-27 13:31:00,-5326.736003,-5.326736003,-1772.890799,-1769.886280,-1783.958924,768000,768000,1.000000000,1,2025-11-27 13:31:00.000000,2025-11-27 13:31:59.999922,1,BAYxx_xxxx_20251127_132239_000.7z
