minute_start,active_power_w,active_power_kw,phase_a_power_w,phase_b_power_w,phase_c_power_w,sample_count,expected_samples,coverage_ratio,is_complete,first_sample_time,last_sample_time,source_archive_count,source_archives
2025-11-30 08:42:00,-7.040255,-0.007040255,-2.236203,-0.773149,-4.030904,704019,768000,0.916691406,0,2025-11-30 08:42:00.000000,2025-11-30 08:42:59.999922,2,BAYxx_xxxx_20251130_083235_000.7z;BAYxx_xxxx_20251130_084240_000.7z
2025-11-30 08:43:00,-8.066663,-0.008066663,-2.684997,-5.310633,-0.071033,768000,768000,1.000000000,1,2025-11-30 08:43:00.000000,2025-11-30 08:43:59.999922,1,BAYxx_xxxx_20251130_084240_000.7z
2025-11-30 08:44:00,-13.355909,-0.013355909,-4.940639,-4.403616,-4.011654,768000,768000,1.000000000,1,2025-11-30 08:44:00.000000,2025-11-30 08:44:59.999922,1,BAYxx_xxxx_20251130_084240_000.7z
2025-11-30 08:45:00,-5.243096,-0.005243096,-0.750678,-0.166799,-4.325620,768000,768000,1.000000000,1,2025-11-30 08:45:00.000000,2025-11-30 08:45:59.999922,1,BAYxx_xxxx_20251130_084240_000.7z
2025-11-30 08:46:00,-2.928662,-0.002928662,2.462675,-0.938450,-4.452887,768000,768000,1.000000000,1,2025-11-30 08:46:00.000000,2025-11-30 08:46:59.999922,1,BAYxx_xxxx_20251130_084240_000.7z
2025-11-30 08:47:00,-8.758696,-0.008758696,0.957833,-2.417803,-7.298726,768000,768000,1.000000000,1,2025-11-30 08:47:00.000000,2025-11-30 08:47:59.999922,1,BAYxx_xxxx_20251130_084240_000.7z
2025-11-30 08:48:00,-7.268987,-0.007268987,0.353552,-2.988913,-4.633627,768000,768000,1.000000000,1,2025-11-30 08:48:00.000000,2025-11-30 08:48:59.999922,1,BAYxx_xxxx_20251130_084240_000.7z
2025-11-30 08:49:00,-1.564946,-0.001564946,2.374758,-0.809976,-3.129728,768000,768000,1.000000000,1,2025-11-30 08:49:00.000000,2025-11-30 08:49:59.999922,1,BAYxx_xxxx_20251130_084240_000.7z
2025-11-30 08:50:00,-3.122749,-0.003122749,0.561100,3.290111,-6.973960,768000,768000,1.000000000,1,2025-11-30 08:50:00.000000,2025-11-30 08:50:59.999922,1,BAYxx_xxxx_20251130_084240_000.7z
2025-11-30 08:51:00,-4.692713,-0.004692713,0.590429,-1.586765,-3.696377,768000,768000,1.000000000,1,2025-11-30 08:51:00.000000,2025-11-30 08:51:59.999922,1,BAYxx_xxxx_20251130_084240_000.7z
2025-11-30 08:52:00,0.604985,0.000604985,8.318896,-4.125609,-3.588302,652806,768000,0.850007813,0,2025-11-30 08:52:00.000000,2025-11-30 08:52:59.999922,2,BAYxx_xxxx_20251130_084240_000.7z;BAYxx_xxxx_20251130_085249_000.7z
2025-11-30 08:53:00,-14.784269,-0.014784269,-1.892489,-3.875116,-9.016664,768000,768000,1.000000000,1,2025-11-30 08:53:00.000000,2025-11-30 08:53:59.999922,1,BAYxx_xxxx_20251130_085249_000.7z
2025-11-30 08:54:00,5.444813,0.005444813,3.609478,0.732019,1.103316,768000,768000,1.000000000,1,2025-11-30 08:54:00.000000,2025-11-30 08:54:59.999922,1,BAYxx_xxxx_20251130_085249_000.7z
2025-11-30 08:55:00,-14.581315,-0.014581315,-6.805106,-3.133739,-4.642469,768000,768000,1.000000000,1,2025-11-30 08:55:00.000000,2025-11-30 08:55:59.999922,1,BAYxx_xxxx_20251130_085249_000.7z
2025-11-30 08:56:00,-3.556862,-0.003556862,1.567611,-1.957604,-3.166869,768000,768000,1.000000000,1,2025-11-30 08:56:00.000000,2025-11-30 08:56:59.999922,1,BAYxx_xxxx_20251130_085249_000.7z
2025-11-30 08:57:00,-5.321701,-0.005321701,-1.475549,-0.319322,-3.526830,768000,768000,1.000000000,1,2025-11-30 08:57:00.000000,2025-11-30 08:57:59.999922,1,BAYxx_xxxx_20251130_085249_000.7z
2025-11-30 08:58:00,-3.759161,-0.003759161,0.383340,-0.249167,-3.893334,768000,768000,1.000000000,1,2025-11-30 08:58:00.000000,2025-11-30 08:58:59.999922,1,BAYxx_xxxx_20251130_085249_000.7z
2025-11-30 08:59:00,-12.995428,-0.012995428,-3.871818,-7.394391,-1.729219,768000,768000,1.000000000,1,2025-11-30 08:59:00.000000,2025-11-30 08:59:59.999922,1,BAYxx_xxxx_20251130_085249_000.7z
2025-11-30 09:00:00,-6.104104,-0.006104104,4.727328,-6.895132,-3.936300,768000,768000,1.000000000,1,2025-11-30 09:00:00.000000,2025-11-30 09:00:59.999922,1,BAYxx_xxxx_20251130_085249_000.7z
2025-11-30 09:01:00,-10.468273,-0.010468273,-3.463618,-2.162422,-4.842234,768000,768000,1.000000000,1,2025-11-30 09:01:00.000000,2025-11-30 09:01:59.999922,1,BAYxx_xxxx_20251130_085249_000.7z
2025-11-30 09:02:00,2.237925,0.002237925,5.061144,1.374557,-4.197777,729686,768000,0.950111979,0,2025-11-30 09:02:00.000000,2025-11-30 09:02:59.999922,2,BAYxx_xxxx_20251130_085249_000.7z;BAYxx_xxxx_20251130_090252_000.7z
2025-11-30 09:03:00,-5.469825,-0.005469825,-1.349245,-3.407613,-0.712967,768000,768000,1.000000000,1,2025-11-30 09:03:00.000000,2025-11-30 09:03:59.999922,1,BAYxx_xxxx_20251130_090252_000.7z
2025-11-30 09:04:00,6.906022,0.006906022,7.841035,3.283908,-4.218921,768000,768000,1.000000000,1,2025-11-30 09:04:00.000000,2025-11-30 09:04:59.999922,1,BAYxx_xxxx_20251130_090252_000.7z
2025-11-30 09:05:00,-3.826398,-0.003826398,-2.458735,2.073019,-3.440681,768000,768000,1.000000000,1,2025-11-30 09:05:00.000000,2025-11-30 09:05:59.999922,1,BAYxx_xxxx_20251130_090252_000.7z
2025-11-30 09:06:00,-13.517916,-0.013517916,-6.108649,-3.328722,-4.080544,768000,768000,1.000000000,1,2025-11-30 09:06:00.000000,2025-11-30 09:06:59.999922,1,BAYxx_xxxx_20251130_090252_000.7z
2025-11-30 09:07:00,1.058650,0.001058650,3.551737,0.779843,-3.272931,768000,768000,1.000000000,1,2025-11-30 09:07:00.000000,2025-11-30 09:07:59.999922,1,BAYxx_xxxx_20251130_090252_000.7z
2025-11-30 09:08:00,-0.084691,-0.000084691,3.521484,-0.385642,-3.220532,768000,768000,1.000000000,1,2025-11-30 09:08:00.000000,2025-11-30 09:08:59.999922,1,BAYxx_xxxx_20251130_090252_000.7z
2025-11-30 09:09:00,-6.303016,-0.006303016,-0.722776,-2.574064,-3.006175,768000,768000,1.000000000,1,2025-11-30 09:09:00.000000,2025-11-30 09:09:59.999922,1,BAYxx_xxxx_20251130_090252_000.7z
2025-11-30 09:10:00,-5.186525,-0.005186525,1.181340,-1.950115,-4.417750,768000,768000,1.000000000,1,2025-11-30 09:10:00.000000,2025-11-30 09:10:59.999922,1,BAYxx_xxxx_20251130_090252_000.7z
2025-11-30 09:11:00,-3.425882,-0.003425882,2.159409,-1.595787,-3.989504,768000,768000,1.000000000,1,2025-11-30 09:11:00.000000,2025-11-30 09:11:59.999922,1,BAYxx_xxxx_20251130_090252_000.7z
2025-11-30 09:12:00,-5.773078,-0.005773078,-0.907503,0.323269,-5.188843,691331,768000,0.900170573,0,2025-11-30 09:12:00.000000,2025-11-30 09:12:59.999922,2,BAYxx_xxxx_20251130_090252_000.7z;BAYxx_xxxx_20251130_091258_000.7z
2025-11-30 09:13:00,-8.027516,-0.008027516,-0.874254,-1.568065,-5.585197,768000,768000,1.000000000,1,2025-11-30 09:13:00.000000,2025-11-30 09:13:59.999922,1,BAYxx_xxxx_20251130_091258_000.7z
2025-11-30 09:14:00,-9.498478,-0.009498478,-3.901724,-1.620959,-3.975794,768000,768000,1.000000000,1,2025-11-30 09:14:00.000000,2025-11-30 09:14:59.999922,1,BAYxx_xxxx_20251130_091258_000.7z
2025-11-30 09:15:00,-10.298859,-0.010298859,-2.088879,-3.257622,-4.952359,768000,768000,1.000000000,1,2025-11-30 09:15:00.000000,2025-11-30 09:15:59.999922,1,BAYxx_xxxx_20251130_091258_000.7z
2025-11-30 09:16:00,-7.352498,-0.007352498,0.876513,-4.460328,-3.768683,768000,768000,1.000000000,1,2025-11-30 09:16:00.000000,2025-11-30 09:16:59.999922,1,BAYxx_xxxx_20251130_091258_000.7z
2025-11-30 09:17:00,1.577947,0.001577947,4.606629,-5.938309,2.909627,768000,768000,1.000000000,1,2025-11-30 09:17:00.000000,2025-11-30 09:17:59.999922,1,BAYxx_xxxx_20251130_091258_000.7z
2025-11-30 09:18:00,-5.037946,-0.005037946,3.505696,-4.973542,-3.570099,768000,768000,1.000000000,1,2025-11-30 09:18:00.000000,2025-11-30 09:18:59.999922,1,BAYxx_xxxx_20251130_091258_000.7z
2025-11-30 09:19:00,-3.245279,-0.003245279,-0.782494,1.339162,-3.801947,768000,768000,1.000000000,1,2025-11-30 09:19:00.000000,2025-11-30 09:19:59.999922,1,BAYxx_xxxx_20251130_091258_000.7z
2025-11-30 09:20:00,-2.666619,-0.002666619,0.907747,-0.607609,-2.966757,768000,768000,1.000000000,1,2025-11-30 09:20:00.000000,2025-11-30 09:20:59.999922,1,BAYxx_xxxx_20251130_091258_000.7z
2025-11-30 09:21:00,-2.947072,-0.002947072,-2.428656,0.163226,-0.681642,768000,768000,1.000000000,1,2025-11-30 09:21:00.000000,2025-11-30 09:21:59.999922,1,BAYxx_xxxx_20251130_091258_000.7z
2025-11-30 09:22:00,1.841617,0.001841617,1.744988,3.769480,-3.672851,742455,768000,0.966738281,0,2025-11-30 09:22:00.000000,2025-11-30 09:22:58.004219,1,BAYxx_xxxx_20251130_091258_000.7z
2025-11-30 09:23:00,0.902665,0.000902665,8.971500,-0.100262,-7.968574,627200,768000,0.816666667,0,2025-11-30 09:23:11.000000,2025-11-30 09:23:59.999922,1,BAYxx_xxxx_20251130_092311_000.7z
2025-11-30 09:24:00,-3.204278,-0.003204278,1.860371,-1.239695,-3.824954,768000,768000,1.000000000,1,2025-11-30 09:24:00.000000,2025-11-30 09:24:59.999922,1,BAYxx_xxxx_20251130_092311_000.7z
2025-11-30 09:25:00,-3.220076,-0.003220076,-2.667634,-1.349752,0.797310,768000,768000,1.000000000,1,2025-11-30 09:25:00.000000,2025-11-30 09:25:59.999922,1,BAYxx_xxxx_20251130_092311_000.7z
2025-11-30 09:26:00,-13.501808,-0.013501808,0.667192,-0.145244,-14.023756,768000,768000,1.000000000,1,2025-11-30 09:26:00.000000,2025-11-30 09:26:59.999922,1,BAYxx_xxxx_20251130_092311_000.7z
2025-11-30 09:27:00,-8.824485,-0.008824485,-0.832182,-1.607381,-6.384922,768000,768000,1.000000000,1,2025-11-30 09:27:00.000000,2025-11-30 09:27:59.999922,1,BAYxx_xxxx_20251130_092311_000.7z
2025-11-30 09:28:00,-7.953249,-0.007953249,-1.189146,-2.442605,-4.321498,768000,768000,1.000000000,1,2025-11-30 09:28:00.000000,2025-11-30 09:28:59.999922,1,BAYxx_xxxx_20251130_092311_000.7z
2025-11-30 09:29:00,-11.368116,-0.011368116,0.189738,-5.568743,-5.989111,768000,768000,1.000000000,1,2025-11-30 09:29:00.000000,2025-11-30 09:29:59.999922,1,BAYxx_xxxx_20251130_092311_000.7z
2025-11-30 09:30:00,-11.786019,-0.011786019,-5.365655,-2.938705,-3.481659,768000,768000,1.000000000,1,2025-11-30 09:30:00.000000,2025-11-30 09:30:59.999922,1,BAYxx_xxxx_20251130_092311_000.7z
2025-11-30 09:31:00,-5.225987,-0.005225987,-0.531297,1.256181,-5.950870,768000,768000,1.000000000,1,2025-11-30 09:31:00.000000,2025-11-30 09:31:59.999922,1,BAYxx_xxxx_20251130_092311_000.7z
2025-11-30 09:32:00,-3.502402,-0.003502402,2.001925,-1.656717,-3.847611,768000,768000,1.000000000,1,2025-11-30 09:32:00.000000,2025-11-30 09:32:59.999922,1,BAYxx_xxxx_20251130_092311_000.7z
2025-11-30 09:33:00,-4.625435,-0.004625435,-0.933759,-0.871383,-2.820293,729615,768000,0.950019531,0,2025-11-30 09:33:00.000000,2025-11-30 09:33:59.999922,2,BAYxx_xxxx_20251130_092311_000.7z;BAYxx_xxxx_20251130_093314_000.7z
2025-11-30 09:34:00,-0.692018,-0.000692018,2.687280,3.230831,-6.610128,768000,768000,1.000000000,1,2025-11-30 09:34:00.000000,2025-11-30 09:34:59.999922,1,BAYxx_xxxx_20251130_093314_000.7z
2025-11-30 09:35:00,-6.786739,-0.006786739,-0.707899,-3.571838,-2.507002,768000,768000,1.000000000,1,2025-11-30 09:35:00.000000,2025-11-30 09:35:59.999922,1,BAYxx_xxxx_20251130_093314_000.7z
2025-11-30 09:36:00,-7.273594,-0.007273594,-2.540894,-0.988356,-3.744344,768000,768000,1.000000000,1,2025-11-30 09:36:00.000000,2025-11-30 09:36:59.999922,1,BAYxx_xxxx_20251130_093314_000.7z
2025-11-30 09:37:00,-5.227066,-0.005227066,0.472681,-3.560621,-2.139127,768000,768000,1.000000000,1,2025-11-30 09:37:00.000000,2025-11-30 09:37:59.999922,1,BAYxx_xxxx_20251130_093314_000.7z
2025-11-30 09:38:00,-3.346711,-0.003346711,-0.225642,-7.133113,4.012044,768000,768000,1.000000000,1,2025-11-30 09:38:00.000000,2025-11-30 09:38:59.999922,1,BAYxx_xxxx_20251130_093314_000.7z
2025-11-30 09:39:00,-8.015713,-0.008015713,-0.835810,-2.189707,-4.990196,768000,768000,1.000000000,1,2025-11-30 09:39:00.000000,2025-11-30 09:39:59.999922,1,BAYxx_xxxx_20251130_093314_000.7z
2025-11-30 09:40:00,-7.042983,-0.007042983,-0.012400,-2.492463,-4.538120,768000,768000,1.000000000,1,2025-11-30 09:40:00.000000,2025-11-30 09:40:59.999922,1,BAYxx_xxxx_20251130_093314_000.7z
2025-11-30 09:41:00,-3.958467,-0.003958467,0.051477,0.656933,-4.666878,768000,768000,1.000000000,1,2025-11-30 09:41:00.000000,2025-11-30 09:41:59.999922,1,BAYxx_xxxx_20251130_093314_000.7z
2025-11-30 09:42:00,-4.197222,-0.004197222,-1.430009,2.318181,-5.085394,768000,768000,1.000000000,1,2025-11-30 09:42:00.000000,2025-11-30 09:42:59.999922,1,BAYxx_xxxx_20251130_093314_000.7z
2025-11-30 09:43:00,-8.926986,-0.008926986,-3.824086,3.568712,-8.671611,678507,768000,0.883472656,0,2025-11-30 09:43:00.000000,2025-11-30 09:43:59.999922,2,BAYxx_xxxx_20251130_093314_000.7z;BAYxx_xxxx_20251130_094321_000.7z
2025-11-30 09:44:00,0.431723,0.000431723,4.428342,1.495483,-5.492102,768000,768000,1.000000000,1,2025-11-30 09:44:00.000000,2025-11-30 09:44:59.999922,1,BAYxx_xxxx_20251130_094321_000.7z
2025-11-30 09:45:00,5.534341,0.005534341,6.951784,2.436274,-3.853718,768000,768000,1.000000000,1,2025-11-30 09:45:00.000000,2025-11-30 09:45:59.999922,1,BAYxx_xxxx_20251130_094321_000.7z
2025-11-30 09:46:00,-16.613153,-0.016613153,1.929910,-14.424659,-4.118404,768000,768000,1.000000000,1,2025-11-30 09:46:00.000000,2025-11-30 09:46:59.999922,1,BAYxx_xxxx_20251130_094321_000.7z
2025-11-30 09:47:00,-10.007721,-0.010007721,-2.252398,0.037004,-7.792328,768000,768000,1.000000000,1,2025-11-30 09:47:00.000000,2025-11-30 09:47:59.999922,1,BAYxx_xxxx_20251130_094321_000.7z
2025-11-30 09:48:00,1.291109,0.001291109,2.737599,0.527580,-1.974069,768000,768000,1.000000000,1,2025-11-30 09:48:00.000000,2025-11-30 09:48:59.999922,1,BAYxx_xxxx_20251130_094321_000.7z
2025-11-30 09:49:00,-4.206330,-0.004206330,1.311294,-1.785148,-3.732476,768000,768000,1.000000000,1,2025-11-30 09:49:00.000000,2025-11-30 09:49:59.999922,1,BAYxx_xxxx_20251130_094321_000.7z
2025-11-30 09:50:00,-9.410264,-0.009410264,0.227454,-3.500906,-6.136812,768000,768000,1.000000000,1,2025-11-30 09:50:00.000000,2025-11-30 09:50:59.999922,1,BAYxx_xxxx_20251130_094321_000.7z
2025-11-30 09:51:00,-6.374722,-0.006374722,-1.646885,-1.298602,-3.429235,768000,768000,1.000000000,1,2025-11-30 09:51:00.000000,2025-11-30 09:51:59.999922,1,BAYxx_xxxx_20251130_094321_000.7z
2025-11-30 09:52:00,-4.565066,-0.004565066,-0.323798,-2.431653,-1.809615,768000,768000,1.000000000,1,2025-11-30 09:52:00.000000,2025-11-30 09:52:59.999922,1,BAYxx_xxxx_20251130_094321_000.7z
2025-11-30 09:53:00,-4.367571,-0.004367571,0.984567,-1.713055,-3.639083,665666,768000,0.866752604,0,2025-11-30 09:53:00.000000,2025-11-30 09:53:59.999922,2,BAYxx_xxxx_20251130_094321_000.7z;BAYxx_xxxx_20251130_095329_000.7z
2025-11-30 09:54:00,-10.913686,-0.010913686,-2.429933,0.461299,-8.945052,768000,768000,1.000000000,1,2025-11-30 09:54:00.000000,2025-11-30 09:54:59.999922,1,BAYxx_xxxx_20251130_095329_000.7z
2025-11-30 09:55:00,-3.269192,-0.003269192,-2.284075,1.370851,-2.355968,768000,768000,1.000000000,1,2025-11-30 09:55:00.000000,2025-11-30 09:55:59.999922,1,BAYxx_xxxx_20251130_095329_000.7z
2025-11-30 09:56:00,-11.807088,-0.011807088,-2.193783,-4.693488,-4.919816,768000,768000,1.000000000,1,2025-11-30 09:56:00.000000,2025-11-30 09:56:59.999922,1,BAYxx_xxxx_20251130_095329_000.7z
2025-11-30 09:57:00,-10.151314,-0.010151314,-6.176559,0.898442,-4.873197,768000,768000,1.000000000,1,2025-11-30 09:57:00.000000,2025-11-30 09:57:59.999922,1,BAYxx_xxxx_20251130_095329_000.7z
2025-11-30 09:58:00,-4.843141,-0.004843141,1.236967,-1.911946,-4.168162,768000,768000,1.000000000,1,2025-11-30 09:58:00.000000,2025-11-30 09:58:59.999922,1,BAYxx_xxxx_20251130_095329_000.7z
2025-11-30 09:59:00,0.908241,0.000908241,1.909932,2.698045,-3.699737,768000,768000,1.000000000,1,2025-11-30 09:59:00.000000,2025-11-30 09:59:59.999922,1,BAYxx_xxxx_20251130_095329_000.7z
2025-11-30 10:00:00,-0.414657,-0.000414657,4.424121,-2.581136,-2.257642,768000,768000,1.000000000,1,2025-11-30 10:00:00.000000,2025-11-30 10:00:59.999922,1,BAYxx_xxxx_20251130_095329_000.7z
2025-11-30 10:01:00,0.101038,0.000101038,-0.019430,2.822611,-2.702143,768000,768000,1.000000000,1,2025-11-30 10:01:00.000000,2025-11-30 10:01:59.999922,1,BAYxx_xxxx_20251130_095329_000.7z
2025-11-30 10:02:00,2.590656,0.002590656,4.497453,2.850920,-4.757717,768000,768000,1.000000000,1,2025-11-30 10:02:00.000000,2025-11-30 10:02:59.999922,1,BAYxx_xxxx_20251130_095329_000.7z
2025-11-30 10:03:00,-0.525792,-0.000525792,1.634688,1.304663,-3.465143,729709,768000,0.950141927,0,2025-11-30 10:03:00.000000,2025-11-30 10:03:59.999922,2,BAYxx_xxxx_20251130_095329_000.7z;BAYxx_xxxx_20251130_100332_000.7z
2025-11-30 10:04:00,-11.970055,-0.011970055,-0.532734,-5.565919,-5.871402,768000,768000,1.000000000,1,2025-11-30 10:04:00.000000,2025-11-30 10:04:59.999922,1,BAYxx_xxxx_20251130_100332_000.7z
2025-11-30 10:05:00,-7.595526,-0.007595526,-2.277576,-1.918091,-3.399859,768000,768000,1.000000000,1,2025-11-30 10:05:00.000000,2025-11-30 10:05:59.999922,1,BAYxx_xxxx_20251130_100332_000.7z
2025-11-30 10:06:00,-2.087756,-0.002087756,-0.130796,-5.194921,3.237961,768000,768000,1.000000000,1,2025-11-30 10:06:00.000000,2025-11-30 10:06:59.999922,1,BAYxx_xxxx_20251130_100332_000.7z
2025-11-30 10:07:00,-12.902516,-0.012902516,-4.455728,-3.525807,-4.920981,768000,768000,1.000000000,1,2025-11-30 10:07:00.000000,2025-11-30 10:07:59.999922,1,BAYxx_xxxx_20251130_100332_000.7z
2025-11-30 10:08:00,-14.449236,-0.014449236,-1.913406,-1.749749,-10.786081,768000,768000,1.000000000,1,2025-11-30 10:08:00.000000,2025-11-30 10:08:59.999922,1,BAYxx_xxxx_20251130_100332_000.7z
2025-11-30 10:09:00,-5.217092,-0.005217092,-0.020135,-0.315075,-4.881882,768000,768000,1.000000000,1,2025-11-30 10:09:00.000000,2025-11-30 10:09:59.999922,1,BAYxx_xxxx_20251130_100332_000.7z
2025-11-30 10:10:00,3.618675,0.003618675,3.974069,1.334569,-1.689962,768000,768000,1.000000000,1,2025-11-30 10:10:00.000000,2025-11-30 10:10:59.999922,1,BAYxx_xxxx_20251130_100332_000.7z
2025-11-30 10:11:00,-9.527460,-0.009527460,-0.316904,-4.881558,-4.328999,768000,768000,1.000000000,1,2025-11-30 10:11:00.000000,2025-11-30 10:11:59.999922,1,BAYxx_xxxx_20251130_100332_000.7z
2025-11-30 10:12:00,-6.345212,-0.006345212,1.055858,-1.554668,-5.846402,768000,768000,1.000000000,1,2025-11-30 10:12:00.000000,2025-11-30 10:12:59.999922,1,BAYxx_xxxx_20251130_100332_000.7z
2025-11-30 10:13:00,2.932590,0.002932590,-1.602520,6.998773,-2.463663,614405,768000,0.800006510,0,2025-11-30 10:13:00.000000,2025-11-30 10:13:59.999922,2,BAYxx_xxxx_20251130_100332_000.7z;BAYxx_xxxx_20251130_101344_000.7z
2025-11-30 10:14:00,-10.355245,-0.010355245,-5.324350,-3.449956,-1.580940,768000,768000,1.000000000,1,2025-11-30 10:14:00.000000,2025-11-30 10:14:59.999922,1,BAYxx_xxxx_20251130_101344_000.7z
2025-11-30 10:15:00,-12.577438,-0.012577438,-1.428262,-7.090793,-4.058383,768000,768000,1.000000000,1,2025-11-30 10:15:00.000000,2025-11-30 10:15:59.999922,1,BAYxx_xxxx_20251130_101344_000.7z
2025-11-30 10:16:00,-5.366822,-0.005366822,-0.676960,-0.536494,-4.153368,768000,768000,1.000000000,1,2025-11-30 10:16:00.000000,2025-11-30 10:16:59.999922,1,BAYxx_xxxx_20251130_101344_000.7z
2025-11-30 10:17:00,-3.331733,-0.003331733,1.196421,-0.863949,-3.664204,768000,768000,1.000000000,1,2025-11-30 10:17:00.000000,2025-11-30 10:17:59.999922,1,BAYxx_xxxx_20251130_101344_000.7z
2025-11-30 10:18:00,-10.767119,-0.010767119,2.526698,-6.187397,-7.106421,768000,768000,1.000000000,1,2025-11-30 10:18:00.000000,2025-11-30 10:18:59.999922,1,BAYxx_xxxx_20251130_101344_000.7z
2025-11-30 10:19:00,-4.077272,-0.004077272,-2.507476,2.909595,-4.479391,768000,768000,1.000000000,1,2025-11-30 10:19:00.000000,2025-11-30 10:19:59.999922,1,BAYxx_xxxx_20251130_101344_000.7z
2025-11-30 10:20:00,0.235664,0.000235664,-0.846356,4.489915,-3.407895,768000,768000,1.000000000,1,2025-11-30 10:20:00.000000,2025-11-30 10:20:59.999922,1,BAYxx_xxxx_20251130_101344_000.7z
2025-11-30 10:21:00,3.463161,0.003463161,4.345522,3.721365,-4.603726,768000,768000,1.000000000,1,2025-11-30 10:21:00.000000,2025-11-30 10:21:59.999922,1,BAYxx_xxxx_20251130_101344_000.7z
2025-11-30 10:22:00,-2.845461,-0.002845461,0.562241,0.619734,-4.027435,768000,768000,1.000000000,1,2025-11-30 10:22:00.000000,2025-11-30 10:22:59.999922,1,BAYxx_xxxx_20251130_101344_000.7z
2025-11-30 10:23:00,-9117.710191,-9.117710191,-3041.332226,-3032.920275,-3043.457690,729631,768000,0.950040365,0,2025-11-30 10:23:00.000000,2025-11-30 10:23:59.999922,2,BAYxx_xxxx_20251130_101344_000.7z;BAYxx_xxxx_20251130_102347_000.7z
2025-11-30 10:24:00,-18803.774512,-18.803774512,-6253.042486,-6276.918232,-6273.813794,768000,768000,1.000000000,1,2025-11-30 10:24:00.000000,2025-11-30 10:24:59.999922,1,BAYxx_xxxx_20251130_102347_000.7z
2025-11-30 10:25:00,-9993.435200,-9.993435200,-3326.437001,-3333.278219,-3333.719980,768000,768000,1.000000000,1,2025-11-30 10:25:00.000000,2025-11-30 10:25:59.999922,1,BAYxx_xxxx_20251130_102347_000.7z
2025-11-30 10:26:00,-4.451724,-0.004451724,3.209976,-1.484263,-6.177437,768000,768000,1.000000000,1,2025-11-30 10:26:00.000000,2025-11-30 10:26:59.999922,1,BAYxx_xxxx_20251130_102347_000.7z
2025-11-30 10:27:00,-8004.351620,-8.004351620,-2671.437760,-2664.080542,-2668.833318,768000,768000,1.000000000,1,2025-11-30 10:27:00.000000,2025-11-30 10:27:59.999922,1,BAYxx_xxxx_20251130_102347_000.7z
2025-11-30 10:28:00,-19399.260813,-19.399260813,-6456.229266,-6473.403668,-6469.627879,768000,768000,1.000000000,1,2025-11-30 10:28:00.000000,2025-11-30 10:28:59.999922,1,BAYxx_xxxx_20251130_102347_000.7z
2025-11-30 10:29:00,-12554.482765,-12.554482765,-4180.791857,-4189.501769,-4184.189139,768000,768000,1.000000000,1,2025-11-30 10:29:00.000000,2025-11-30 10:29:59.999922,1,BAYxx_xxxx_20251130_102347_000.7z
2025-11-30 10:30:00,-12443.113362,-12.443113362,-4146.972621,-4151.360909,-4144.779832,768000,768000,1.000000000,1,2025-11-30 10:30:00.000000,2025-11-30 10:30:59.999922,1,BAYxx_xxxx_20251130_102347_000.7z
2025-11-30 10:31:00,-9.433744,-0.009433744,-1.399228,-3.918770,-4.115746,768000,768000,1.000000000,1,2025-11-30 10:31:00.000000,2025-11-30 10:31:59.999922,1,BAYxx_xxxx_20251130_102347_000.7z
2025-11-30 10:32:00,-43.195642,-0.043195642,-18.316525,-8.612547,-16.266570,768000,768000,1.000000000,1,2025-11-30 10:32:00.000000,2025-11-30 10:32:59.999922,1,BAYxx_xxxx_20251130_102347_000.7z
2025-11-30 10:33:00,-17.778480,-0.017778480,-9.629230,-0.645415,-7.503835,678426,768000,0.883367187,0,2025-11-30 10:33:00.000000,2025-11-30 10:33:59.999922,2,BAYxx_xxxx_20251130_102347_000.7z;BAYxx_xxxx_20251130_103354_000.7z
2025-11-30 10:34:00,-4824.310709,-4.824310709,-1615.326421,-1600.854883,-1608.129405,768000,768000,1.000000000,1,2025-11-30 10:34:00.000000,2025-11-30 10:34:59.999922,1,BAYxx_xxxx_20251130_103354_000.7z
2025-11-30 10:35:00,-13211.532227,-13.211532227,-4404.048073,-4401.941595,-4405.542559,768000,768000,1.000000000,1,2025-11-30 10:35:00.000000,2025-11-30 10:35:59.999922,1,BAYxx_xxxx_20251130_103354_000.7z
2025-11-30 10:36:00,-4.156132,-0.004156132,-2.359083,1.371590,-3.168639,768000,768000,1.000000000,1,2025-11-30 10:36:00.000000,2025-11-30 10:36:59.999922,1,BAYxx_xxxx_20251130_103354_000.7z
2025-11-30 10:37:00,-8.104076,-0.008104076,1.238101,-4.815133,-4.527044,768000,768000,1.000000000,1,2025-11-30 10:37:00.000000,2025-11-30 10:37:59.999922,1,BAYxx_xxxx_20251130_103354_000.7z
2025-11-30 10:38:00,-5.878822,-0.005878822,-5.555679,1.988928,-2.312071,768000,768000,1.000000000,1,2025-11-30 10:38:00.000000,2025-11-30 10:38:59.999922,1,BAYxx_xxxx_20251130_103354_000.7z
2025-11-30 10:39:00,-7604.484994,-7.604484994,-2541.374577,-2525.176265,-2537.934153,768000,768000,1.000000000,1,2025-11-30 10:39:00.000000,2025-11-30 10:39:59.999922,1,BAYxx_xxxx_20251130_103354_000.7z
2025-11-30 10:40:00,-9318.243470,-9.318243470,-3104.143327,-3104.921059,-3109.179084,768000,768000,1.000000000,1,2025-11-30 10:40:00.000000,2025-11-30 10:40:59.999922,1,BAYxx_xxxx_20251130_103354_000.7z
2025-11-30 10:41:00,-9.418207,-0.009418207,-1.484341,-4.383570,-3.550296,768000,768000,1.000000000,1,2025-11-30 10:41:00.000000,2025-11-30 10:41:59.999922,1,BAYxx_xxxx_20251130_103354_000.7z
2025-11-30 10:42:00,-6.742304,-0.006742304,-1.736968,-2.032525,-2.972812,768000,768000,1.000000000,1,2025-11-30 10:42:00.000000,2025-11-30 10:42:59.999922,1,BAYxx_xxxx_20251130_103354_000.7z
2025-11-30 10:43:00,6.476581,0.006476581,5.172776,4.082343,-2.778538,691292,768000,0.900119792,0,2025-11-30 10:43:00.000000,2025-11-30 10:43:54.007109,1,BAYxx_xxxx_20251130_103354_000.7z
2025-11-30 10:44:00,-12283.774133,-12.283774133,-4093.824342,-4086.794050,-4103.155740,768000,768000,1.000000000,1,2025-11-30 10:44:00.000000,2025-11-30 10:44:59.999922,1,BAYxx_xxxx_20251130_104400_000.7z
2025-11-30 10:45:00,-14948.837684,-14.948837684,-4974.429311,-4982.275723,-4992.132651,768000,768000,1.000000000,1,2025-11-30 10:45:00.000000,2025-11-30 10:45:59.999922,1,BAYxx_xxxx_20251130_104400_000.7z
2025-11-30 10:46:00,-16.694354,-0.016694354,-9.979559,-6.630486,-0.084309,768000,768000,1.000000000,1,2025-11-30 10:46:00.000000,2025-11-30 10:46:59.999922,1,BAYxx_xxxx_20251130_104400_000.7z
2025-11-30 10:47:00,-8178.753612,-8.178753612,-2731.839067,-2717.843651,-2729.070894,768000,768000,1.000000000,1,2025-11-30 10:47:00.000000,2025-11-30 10:47:59.999922,1,BAYxx_xxxx_20251130_104400_000.7z
2025-11-30 10:48:00,-3452.004972,-3.452004972,-1149.420129,-1153.660680,-1148.924163,768000,768000,1.000000000,1,2025-11-30 10:48:00.000000,2025-11-30 10:48:59.999922,1,BAYxx_xxxx_20251130_104400_000.7z
2025-11-30 10:49:00,-7.241194,-0.007241194,2.681589,-5.957604,-3.965178,768000,768000,1.000000000,1,2025-11-30 10:49:00.000000,2025-11-30 10:49:59.999922,1,BAYxx_xxxx_20251130_104400_000.7z
2025-11-30 10:50:00,-15720.687756,-15.720687756,-5239.731775,-5247.112782,-5233.843199,768000,768000,1.000000000,1,2025-11-30 10:50:00.000000,2025-11-30 10:50:59.999922,1,BAYxx_xxxx_20251130_104400_000.7z
2025-11-30 10:51:00,-13216.370761,-13.216370761,-4402.898407,-4407.544472,-4405.927882,768000,768000,1.000000000,1,2025-11-30 10:51:00.000000,2025-11-30 10:51:59.999922,1,BAYxx_xxxx_20251130_104400_000.7z
2025-11-30 10:52:00,1.462036,0.001462036,6.605187,-3.453273,-1.689878,768000,768000,1.000000000,1,2025-11-30 10:52:00.000000,2025-11-30 10:52:59.999922,1,BAYxx_xxxx_20251130_104400_000.7z
2025-11-30 10:53:00,-5391.449082,-5.391449082,-1802.825251,-1789.605394,-1799.018438,768000,768000,1.000000000,1,2025-11-30 10:53:00.000000,2025-11-30 10:53:59.999922,1,BAYxx_xxxx_20251130_104400_000.7z
2025-11-30 10:54:00,-18494.698517,-18.494698517,-6158.132618,-6166.431681,-6170.134218,588824,768000,0.766697917,0,2025-11-30 10:54:00.000000,2025-11-30 10:54:59.999922,2,BAYxx_xxxx_20251130_104400_000.7z;BAYxx_xxxx_20251130_105414_000.7z
2025-11-30 10:55:00,-22433.541256,-22.433541256,-7474.454050,-7486.247090,-7472.840117,768000,768000,1.000000000,1,2025-11-30 10:55:00.000000,2025-11-30 10:55:59.999922,1,BAYxx_xxxx_20251130_105414_000.7z
2025-11-30 10:56:00,-12371.579867,-12.371579867,-4128.397047,-4124.567923,-4118.614898,768000,768000,1.000000000,1,2025-11-30 10:56:00.000000,2025-11-30 10:56:59.999922,1,BAYxx_xxxx_20251130_105414_000.7z
2025-11-30 10:57:00,-7.471750,-0.007471750,-1.950821,1.950536,-7.471464,768000,768000,1.000000000,1,2025-11-30 10:57:00.000000,2025-11-30 10:57:59.999922,1,BAYxx_xxxx_20251130_105414_000.7z
2025-11-30 10:58:00,2.484141,0.002484141,2.519773,0.902410,-0.938041,768000,768000,1.000000000,1,2025-11-30 10:58:00.000000,2025-11-30 10:58:59.999922,1,BAYxx_xxxx_20251130_105414_000.7z
2025-11-30 10:59:00,2.988461,0.002988461,5.362177,0.858128,-3.231844,768000,768000,1.000000000,1,2025-11-30 10:59:00.000000,2025-11-30 10:59:59.999922,1,BAYxx_xxxx_20251130_105414_000.7z
2025-11-30 11:00:00,-12112.216067,-12.112216067,-4044.991624,-4032.989842,-4034.234602,768000,768000,1.000000000,1,2025-11-30 11:00:00.000000,2025-11-30 11:00:59.999922,1,BAYxx_xxxx_20251130_105414_000.7z
2025-11-30 11:01:00,-10558.263635,-10.558263635,-3519.347586,-3520.164446,-3518.751603,768000,768000,1.000000000,1,2025-11-30 11:01:00.000000,2025-11-30 11:01:59.999922,1,BAYxx_xxxx_20251130_105414_000.7z
2025-11-30 11:02:00,-8.602434,-0.008602434,-1.342434,-3.541597,-3.718403,768000,768000,1.000000000,1,2025-11-30 11:02:00.000000,2025-11-30 11:02:59.999922,1,BAYxx_xxxx_20251130_105414_000.7z
2025-11-30 11:03:00,-10.544744,-0.010544744,4.759539,-3.836229,-11.468054,768000,768000,1.000000000,1,2025-11-30 11:03:00.000000,2025-11-30 11:03:59.999922,1,BAYxx_xxxx_20251130_105414_000.7z
2025-11-30 11:04:00,-10.859066,-0.010859066,1.942720,-9.438412,-3.363374,729670,768000,0.950091146,0,2025-11-30 11:04:00.000000,2025-11-30 11:04:59.999922,2,BAYxx_xxxx_20251130_105414_000.7z;BAYxx_xxxx_20251130_110417_000.7z
2025-11-30 11:05:00,-8505.291542,-8.505291542,-2838.143109,-2833.266257,-2833.882175,768000,768000,1.000000000,1,2025-11-30 11:05:00.000000,2025-11-30 11:05:59.999922,1,BAYxx_xxxx_20251130_110417_000.7z
2025-11-30 11:06:00,-16227.563559,-16.227563559,-5400.072245,-5408.582517,-5418.908798,768000,768000,1.000000000,1,2025-11-30 11:06:00.000000,2025-11-30 11:06:59.999922,1,BAYxx_xxxx_20251130_110417_000.7z
2025-11-30 11:07:00,-3.578858,-0.003578858,-0.700779,1.750499,-4.628578,768000,768000,1.000000000,1,2025-11-30 11:07:00.000000,2025-11-30 11:07:59.999922,1,BAYxx_xxxx_20251130_110417_000.7z
2025-11-30 11:08:00,-3994.357012,-3.994357012,-1332.871689,-1333.699463,-1327.785860,768000,768000,1.000000000,1,2025-11-30 11:08:00.000000,2025-11-30 11:08:59.999922,1,BAYxx_xxxx_20251130_110417_000.7z
2025-11-30 11:09:00,-1213.886537,-1.213886537,-397.895720,-408.744246,-407.246571,768000,768000,1.000000000,1,2025-11-30 11:09:00.000000,2025-11-30 11:09:59.999922,1,BAYxx_xxxx_20251130_110417_000.7z
2025-11-30 11:10:00,-202.148446,-0.202148446,-62.364933,-65.027296,-74.756217,768000,768000,1.000000000,1,2025-11-30 11:10:00.000000,2025-11-30 11:10:59.999922,1,BAYxx_xxxx_20251130_110417_000.7z
2025-11-30 11:11:00,-14945.375863,-14.945375863,-4984.509283,-4978.286188,-4982.580392,768000,768000,1.000000000,1,2025-11-30 11:11:00.000000,2025-11-30 11:11:59.999922,1,BAYxx_xxxx_20251130_110417_000.7z
2025-11-30 11:12:00,-4467.304996,-4.467304996,-1483.975325,-1490.560720,-1492.768951,768000,768000,1.000000000,1,2025-11-30 11:12:00.000000,2025-11-30 11:12:59.999922,1,BAYxx_xxxx_20251130_110417_000.7z
2025-11-30 11:13:00,-24.351241,-0.024351241,-7.765902,-6.820763,-9.764576,768000,768000,1.000000000,1,2025-11-30 11:13:00.000000,2025-11-30 11:13:59.999922,1,BAYxx_xxxx_20251130_110417_000.7z
2025-11-30 11:14:00,-15408.787137,-15.408787137,-5141.082256,-5133.318134,-5134.386747,601688,768000,0.783447917,0,2025-11-30 11:14:00.000000,2025-11-30 11:14:59.999922,2,BAYxx_xxxx_20251130_110417_000.7z;BAYxx_xxxx_20251130_111430_000.7z
2025-11-30 11:15:00,-19921.867993,-19.921867993,-6642.286769,-6644.957476,-6634.623748,768000,768000,1.000000000,1,2025-11-30 11:15:00.000000,2025-11-30 11:15:59.999922,1,BAYxx_xxxx_20251130_111430_000.7z
2025-11-30 11:16:00,-21630.087916,-21.630087916,-7202.777958,-7213.352445,-7213.957513,768000,768000,1.000000000,1,2025-11-30 11:16:00.000000,2025-11-30 11:16:59.999922,1,BAYxx_xxxx_20251130_111430_000.7z
2025-11-30 11:17:00,-952.864637,-0.952864637,-312.760801,-326.211124,-313.892712,768000,768000,1.000000000,1,2025-11-30 11:17:00.000000,2025-11-30 11:17:59.999922,1,BAYxx_xxxx_20251130_111430_000.7z
2025-11-30 11:18:00,-419.589102,-0.419589102,-139.678184,-137.982046,-141.928872,768000,768000,1.000000000,1,2025-11-30 11:18:00.000000,2025-11-30 11:18:59.999922,1,BAYxx_xxxx_20251130_111430_000.7z
2025-11-30 11:19:00,-8866.683491,-8.866683491,-2958.145507,-2946.925590,-2961.612394,768000,768000,1.000000000,1,2025-11-30 11:19:00.000000,2025-11-30 11:19:59.999922,1,BAYxx_xxxx_20251130_111430_000.7z
2025-11-30 11:20:00,-1.389657,-0.001389657,-0.140089,-0.772741,-0.476827,768000,768000,1.000000000,1,2025-11-30 11:20:00.000000,2025-11-30 11:20:59.999922,1,BAYxx_xxxx_20251130_111430_000.7z
2025-11-30 11:21:00,-6332.977931,-6.332977931,-2112.247074,-2108.962876,-2111.767980,768000,768000,1.000000000,1,2025-11-30 11:21:00.000000,2025-11-30 11:21:59.999922,1,BAYxx_xxxx_20251130_111430_000.7z
2025-11-30 11:22:00,-6.478896,-0.006478896,-2.936722,-3.185385,-0.356789,768000,768000,1.000000000,1,2025-11-30 11:22:00.000000,2025-11-30 11:22:59.999922,1,BAYxx_xxxx_20251130_111430_000.7z
2025-11-30 11:23:00,-11.701554,-0.011701554,0.019334,-5.416581,-6.304307,768000,768000,1.000000000,1,2025-11-30 11:23:00.000000,2025-11-30 11:23:59.999922,1,BAYxx_xxxx_20251130_111430_000.7z
2025-11-30 11:24:00,-2.930258,-0.002930258,-1.295621,-1.950196,0.315558,601681,768000,0.783438802,0,2025-11-30 11:24:00.000000,2025-11-30 11:24:59.999922,2,BAYxx_xxxx_20251130_111430_000.7z;BAYxx_xxxx_20251130_112443_000.7z
2025-11-30 11:25:00,-4542.383379,-4.542383379,-1522.384937,-1505.045829,-1514.952614,768000,768000,1.000000000,1,2025-11-30 11:25:00.000000,2025-11-30 11:25:59.999922,1,BAYxx_xxxx_20251130_112443_000.7z
2025-11-30 11:26:00,-12164.252790,-12.164252790,-4052.534650,-4054.274036,-4057.444104,768000,768000,1.000000000,1,2025-11-30 11:26:00.000000,2025-11-30 11:26:59.999922,1,BAYxx_xxxx_20251130_112443_000.7z
2025-11-30 11:27:00,4.350017,0.004350017,-5.117478,8.766273,0.701221,768000,768000,1.000000000,1,2025-11-30 11:27:00.000000,2025-11-30 11:27:59.999922,1,BAYxx_xxxx_20251130_112443_000.7z
2025-11-30 11:28:00,-11405.952959,-11.405952959,-3801.312580,-3803.649135,-3800.991244,768000,768000,1.000000000,1,2025-11-30 11:28:00.000000,2025-11-30 11:28:59.999922,1,BAYxx_xxxx_20251130_112443_000.7z
2025-11-30 11:29:00,-21235.766514,-21.235766514,-7076.454661,-7081.359979,-7077.951874,768000,768000,1.000000000,1,2025-11-30 11:29:00.000000,2025-11-30 11:29:59.999922,1,BAYxx_xxxx_20251130_112443_000.7z
2025-11-30 11:30:00,-21416.065679,-21.416065679,-7132.659244,-7148.016388,-7135.390047,768000,768000,1.000000000,1,2025-11-30 11:30:00.000000,2025-11-30 11:30:59.999922,1,BAYxx_xxxx_20251130_112443_000.7z
2025-11-30 11:31:00,-8128.704206,-8.128704206,-2702.304676,-2715.310211,-2711.089319,768000,768000,1.000000000,1,2025-11-30 11:31:00.000000,2025-11-30 11:31:59.999922,1,BAYxx_xxxx_20251130_112443_000.7z
2025-11-30 11:32:00,-4.543330,-0.004543330,4.147583,-3.364203,-5.326709,768000,768000,1.000000000,1,2025-11-30 11:32:00.000000,2025-11-30 11:32:59.999922,1,BAYxx_xxxx_20251130_112443_000.7z
2025-11-30 11:33:00,-10.840456,-0.010840456,-3.306317,-2.438128,-5.096010,768000,768000,1.000000000,1,2025-11-30 11:33:00.000000,2025-11-30 11:33:59.999922,1,BAYxx_xxxx_20251130_112443_000.7z
2025-11-30 11:34:00,-3.711560,-0.003711560,1.530531,-1.084954,-4.157137,588905,768000,0.766803385,0,2025-11-30 11:34:00.000000,2025-11-30 11:34:59.999922,2,BAYxx_xxxx_20251130_112443_000.7z;BAYxx_xxxx_20251130_113457_000.7z
2025-11-30 11:35:00,-11295.403544,-11.295403544,-3767.819444,-3760.612463,-3766.971637,768000,768000,1.000000000,1,2025-11-30 11:35:00.000000,2025-11-30 11:35:59.999922,1,BAYxx_xxxx_20251130_113457_000.7z
2025-11-30 11:36:00,-13876.704762,-13.876704762,-4623.152861,-4623.275967,-4630.275935,768000,768000,1.000000000,1,2025-11-30 11:36:00.000000,2025-11-30 11:36:59.999922,1,BAYxx_xxxx_20251130_113457_000.7z
2025-11-30 11:37:00,3.531787,0.003531787,6.685764,-2.407333,-0.746645,768000,768000,1.000000000,1,2025-11-30 11:37:00.000000,2025-11-30 11:37:59.999922,1,BAYxx_xxxx_20251130_113457_000.7z
2025-11-30 11:38:00,-6606.825030,-6.606825030,-2206.320196,-2196.508091,-2203.996742,768000,768000,1.000000000,1,2025-11-30 11:38:00.000000,2025-11-30 11:38:59.999922,1,BAYxx_xxxx_20251130_113457_000.7z
2025-11-30 11:39:00,-21555.875345,-21.555875345,-7175.099585,-7187.229306,-7193.546453,768000,768000,1.000000000,1,2025-11-30 11:39:00.000000,2025-11-30 11:39:59.999922,1,BAYxx_xxxx_20251130_113457_000.7z
2025-11-30 11:40:00,-21725.524334,-21.725524334,-7236.041109,-7246.014257,-7243.468968,768000,768000,1.000000000,1,2025-11-30 11:40:00.000000,2025-11-30 11:40:59.999922,1,BAYxx_xxxx_20251130_113457_000.7z
2025-11-30 11:41:00,-21822.185026,-21.822185026,-7264.773726,-7282.456426,-7274.954874,768000,768000,1.000000000,1,2025-11-30 11:41:00.000000,2025-11-30 11:41:59.999922,1,BAYxx_xxxx_20251130_113457_000.7z
2025-11-30 11:42:00,-1256.811071,-1.256811071,-414.992164,-419.628304,-422.190604,768000,768000,1.000000000,1,2025-11-30 11:42:00.000000,2025-11-30 11:42:59.999922,1,BAYxx_xxxx_20251130_113457_000.7z
2025-11-30 11:43:00,-294.385750,-0.294385750,-99.728433,-94.468105,-100.189212,768000,768000,1.000000000,1,2025-11-30 11:43:00.000000,2025-11-30 11:43:59.999922,1,BAYxx_xxxx_20251130_113457_000.7z
2025-11-30 11:44:00,-18527.760421,-18.527760421,-6178.548156,-6169.351538,-6179.860727,729650,768000,0.950065104,0,2025-11-30 11:44:00.000000,2025-11-30 11:44:57.003828,1,BAYxx_xxxx_20251130_113457_000.7z
2025-11-30 11:45:00,-21608.386572,-21.608386572,-7199.012497,-7201.865965,-7207.508110,768000,768000,1.000000000,1,2025-11-30 11:45:00.000000,2025-11-30 11:45:59.999922,1,BAYxx_xxxx_20251130_114500_000.7z
2025-11-30 11:46:00,-21791.865584,-21.791865584,-7270.752363,-7256.318239,-7264.794981,768000,768000,1.000000000,1,2025-11-30 11:46:00.000000,2025-11-30 11:46:59.999922,1,BAYxx_xxxx_20251130_114500_000.7z
2025-11-30 11:47:00,-731.232369,-0.731232369,-241.574932,-243.353241,-246.304196,768000,768000,1.000000000,1,2025-11-30 11:47:00.000000,2025-11-30 11:47:59.999922,1,BAYxx_xxxx_20251130_114500_000.7z
2025-11-30 11:48:00,-508.868447,-0.508868447,-171.791475,-167.640707,-169.436265,768000,768000,1.000000000,1,2025-11-30 11:48:00.000000,2025-11-30 11:48:59.999922,1,BAYxx_xxxx_20251130_114500_000.7z
2025-11-30 11:49:00,-19391.563772,-19.391563772,-6464.328535,-6462.624472,-6464.610766,768000,768000,1.000000000,1,2025-11-30 11:49:00.000000,2025-11-30 11:49:59.999922,1,BAYxx_xxxx_20251130_114500_000.7z
2025-11-30 11:50:00,-21858.281462,-21.858281462,-7270.188610,-7290.095758,-7297.997095,768000,768000,1.000000000,1,2025-11-30 11:50:00.000000,2025-11-30 11:50:59.999922,1,BAYxx_xxxx_20251130_114500_000.7z
2025-11-30 11:51:00,-16701.710265,-16.701710265,-5559.733359,-5560.355230,-5581.621676,768000,768000,1.000000000,1,2025-11-30 11:51:00.000000,2025-11-30 11:51:59.999922,1,BAYxx_xxxx_20251130_114500_000.7z
2025-11-30 11:52:00,-8.958666,-0.008958666,-2.095105,0.431310,-7.294871,768000,768000,1.000000000,1,2025-11-30 11:52:00.000000,2025-11-30 11:52:59.999922,1,BAYxx_xxxx_20251130_114500_000.7z
2025-11-30 11:53:00,-11.831783,-0.011831783,2.876349,-6.765607,-7.942526,768000,768000,1.000000000,1,2025-11-30 11:53:00.000000,2025-11-30 11:53:59.999922,1,BAYxx_xxxx_20251130_114500_000.7z
2025-11-30 11:54:00,-12.318484,-0.012318484,-0.198457,-8.481923,-3.638104,768000,768000,1.000000000,1,2025-11-30 11:54:00.000000,2025-11-30 11:54:59.999922,1,BAYxx_xxxx_20251130_114500_000.7z
2025-11-30 11:55:00,-5651.623195,-5.651623195,-1892.077176,-1871.431170,-1888.114850,652924,768000,0.850161458,0,2025-11-30 11:55:00.000000,2025-11-30 11:55:59.999922,2,BAYxx_xxxx_20251130_114500_000.7z;BAYxx_xxxx_20251130_115509_000.7z
2025-11-30 11:56:00,-22038.588215,-22.038588215,-7343.545137,-7339.470987,-7355.572091,768000,768000,1.000000000,1,2025-11-30 11:56:00.000000,2025-11-30 11:56:59.999922,1,BAYxx_xxxx_20251130_115509_000.7z
2025-11-30 11:57:00,-6027.713067,-6.027713067,-2006.961879,-2009.501205,-2011.249982,768000,768000,1.000000000,1,2025-11-30 11:57:00.000000,2025-11-30 11:57:59.999922,1,BAYxx_xxxx_20251130_115509_000.7z
2025-11-30 11:58:00,-16.564495,-0.016564495,-3.918411,-5.690331,-6.955753,768000,768000,1.000000000,1,2025-11-30 11:58:00.000000,2025-11-30 11:58:59.999922,1,BAYxx_xxxx_20251130_115509_000.7z
2025-11-30 11:59:00,-12320.632632,-12.320632632,-4105.677380,-4104.596522,-4110.358730,768000,768000,1.000000000,1,2025-11-30 11:59:00.000000,2025-11-30 11:59:59.999922,1,BAYxx_xxxx_20251130_115509_000.7z
2025-11-30 12:00:00,-12105.988969,-12.105988969,-4033.692279,-4033.029472,-4039.267218,768000,768000,1.000000000,1,2025-11-30 12:00:00.000000,2025-11-30 12:00:59.999922,1,BAYxx_xxxx_20251130_115509_000.7z
2025-11-30 12:01:00,-17244.080013,-17.244080013,-5735.884957,-5752.423403,-5755.771652,768000,768000,1.000000000,1,2025-11-30 12:01:00.000000,2025-11-30 12:01:59.999922,1,BAYxx_xxxx_20251130_115509_000.7z
2025-11-30 12:02:00,-4342.493596,-4.342493596,-1440.181310,-1453.702134,-1448.610151,768000,768000,1.000000000,1,2025-11-30 12:02:00.000000,2025-11-30 12:02:59.999922,1,BAYxx_xxxx_20251130_115509_000.7z
2025-11-30 12:03:00,-11.801999,-0.011801999,-1.314793,-3.679725,-6.807481,768000,768000,1.000000000,1,2025-11-30 12:03:00.000000,2025-11-30 12:03:59.999922,1,BAYxx_xxxx_20251130_115509_000.7z
2025-11-30 12:04:00,-12478.384460,-12.478384460,-4163.993991,-4154.713973,-4159.676496,768000,768000,1.000000000,1,2025-11-30 12:04:00.000000,2025-11-30 12:04:59.999922,1,BAYxx_xxxx_20251130_115509_000.7z
2025-11-30 12:05:00,-20273.238617,-20.273238617,-6767.610905,-6752.574944,-6753.052768,652917,768000,0.850152344,0,2025-11-30 12:05:00.000000,2025-11-30 12:05:59.999922,2,BAYxx_xxxx_20251130_115509_000.7z;BAYxx_xxxx_20251130_120518_000.7z
2025-11-30 12:06:00,-15431.377607,-15.431377607,-5144.491786,-5146.194373,-5140.691448,768000,768000,1.000000000,1,2025-11-30 12:06:00.000000,2025-11-30 12:06:59.999922,1,BAYxx_xxxx_20251130_120518_000.7z
2025-11-30 12:07:00,-10.029292,-0.010029292,0.663877,-4.664596,-6.028573,768000,768000,1.000000000,1,2025-11-30 12:07:00.000000,2025-11-30 12:07:59.999922,1,BAYxx_xxxx_20251130_120518_000.7z
2025-11-30 12:08:00,-8726.653961,-8.726653961,-2913.531462,-2905.587137,-2907.535362,768000,768000,1.000000000,1,2025-11-30 12:08:00.000000,2025-11-30 12:08:59.999922,1,BAYxx_xxxx_20251130_120518_000.7z
2025-11-30 12:09:00,-8194.952774,-8.194952774,-2726.588991,-2733.237903,-2735.125880,768000,768000,1.000000000,1,2025-11-30 12:09:00.000000,2025-11-30 12:09:59.999922,1,BAYxx_xxxx_20251130_120518_000.7z
2025-11-30 12:10:00,-2.620348,-0.002620348,0.815773,-3.607710,0.171589,768000,768000,1.000000000,1,2025-11-30 12:10:00.000000,2025-11-30 12:10:59.999922,1,BAYxx_xxxx_20251130_120518_000.7z
2025-11-30 12:11:00,-5775.154462,-5.775154462,-1929.866148,-1918.532925,-1926.755389,768000,768000,1.000000000,1,2025-11-30 12:11:00.000000,2025-11-30 12:11:59.999922,1,BAYxx_xxxx_20251130_120518_000.7z
2025-11-30 12:12:00,-0.058966,-0.000058966,7.860996,-1.199219,-6.720743,768000,768000,1.000000000,1,2025-11-30 12:12:00.000000,2025-11-30 12:12:59.999922,1,BAYxx_xxxx_20251130_120518_000.7z
2025-11-30 12:13:00,-4698.953430,-4.698953430,-1574.230432,-1558.786620,-1565.936378,768000,768000,1.000000000,1,2025-11-30 12:13:00.000000,2025-11-30 12:13:59.999922,1,BAYxx_xxxx_20251130_120518_000.7z
2025-11-30 12:14:00,-21012.835887,-21.012835887,-6997.251793,-7014.928711,-7000.655384,768000,768000,1.000000000,1,2025-11-30 12:14:00.000000,2025-11-30 12:14:59.999922,1,BAYxx_xxxx_20251130_120518_000.7z
2025-11-30 12:15:00,-21089.505139,-21.089505139,-7010.985632,-7039.133782,-7039.385724,627234,768000,0.816710938,0,2025-11-30 12:15:00.000000,2025-11-30 12:15:59.999922,2,BAYxx_xxxx_20251130_120518_000.7z;BAYxx_xxxx_20251130_121529_000.7z
2025-11-30 12:16:00,-10203.354691,-10.203354691,-3399.917624,-3407.538905,-3395.898162,768000,768000,1.000000000,1,2025-11-30 12:16:00.000000,2025-11-30 12:16:59.999922,1,BAYxx_xxxx_20251130_121529_000.7z
2025-11-30 12:17:00,-21.427566,-0.021427566,-5.978985,-7.995359,-7.453221,768000,768000,1.000000000,1,2025-11-30 12:17:00.000000,2025-11-30 12:17:59.999922,1,BAYxx_xxxx_20251130_121529_000.7z
2025-11-30 12:18:00,-10007.779482,-10.007779482,-3346.328684,-3331.206809,-3330.243989,768000,768000,1.000000000,1,2025-11-30 12:18:00.000000,2025-11-30 12:18:59.999922,1,BAYxx_xxxx_20251130_121529_000.7z
2025-11-30 12:19:00,-21018.567646,-21.018567646,-6998.589117,-7012.566957,-7007.411572,768000,768000,1.000000000,1,2025-11-30 12:19:00.000000,2025-11-30 12:19:59.999922,1,BAYxx_xxxx_20251130_121529_000.7z
2025-11-30 12:20:00,-21169.850600,-21.169850600,-7046.132555,-7072.365592,-7051.352453,768000,768000,1.000000000,1,2025-11-30 12:20:00.000000,2025-11-30 12:20:59.999922,1,BAYxx_xxxx_20251130_121529_000.7z
2025-11-30 12:21:00,-4418.237874,-4.418237874,-1466.897011,-1480.225379,-1471.115483,768000,768000,1.000000000,1,2025-11-30 12:21:00.000000,2025-11-30 12:21:59.999922,1,BAYxx_xxxx_20251130_121529_000.7z
2025-11-30 12:22:00,-10.717328,-0.010717328,0.673424,-5.982819,-5.407933,768000,768000,1.000000000,1,2025-11-30 12:22:00.000000,2025-11-30 12:22:59.999922,1,BAYxx_xxxx_20251130_121529_000.7z
2025-11-30 12:23:00,-15340.469982,-15.340469982,-5112.733682,-5113.240822,-5114.495477,768000,768000,1.000000000,1,2025-11-30 12:23:00.000000,2025-11-30 12:23:59.999922,1,BAYxx_xxxx_20251130_121529_000.7z
2025-11-30 12:24:00,-20618.887077,-20.618887077,-6873.228824,-6873.748820,-6871.909433,768000,768000,1.000000000,1,2025-11-30 12:24:00.000000,2025-11-30 12:24:59.999922,1,BAYxx_xxxx_20251130_121529_000.7z
2025-11-30 12:25:00,-20707.289530,-20.707289530,-6903.971899,-6899.678443,-6903.639188,729697,768000,0.950126302,0,2025-11-30 12:25:00.000000,2025-11-30 12:25:59.999922,2,BAYxx_xxxx_20251130_121529_000.7z;BAYxx_xxxx_20251130_122532_000.7z
2025-11-30 12:26:00,-18978.776421,-18.978776421,-6330.827519,-6335.768895,-6312.180007,768000,768000,1.000000000,1,2025-11-30 12:26:00.000000,2025-11-30 12:26:59.999922,1,BAYxx_xxxx_20251130_122532_000.7z
2025-11-30 12:27:00,0.326466,0.000326466,-2.072358,3.581549,-1.182725,768000,768000,1.000000000,1,2025-11-30 12:27:00.000000,2025-11-30 12:27:59.999922,1,BAYxx_xxxx_20251130_122532_000.7z
2025-11-30 12:28:00,-1714.578939,-1.714578939,-579.395264,-565.655168,-569.528507,768000,768000,1.000000000,1,2025-11-30 12:28:00.000000,2025-11-30 12:28:59.999922,1,BAYxx_xxxx_20251130_122532_000.7z
2025-11-30 12:29:00,-19681.345648,-19.681345648,-6553.452248,-6564.006495,-6563.886905,768000,768000,1.000000000,1,2025-11-30 12:29:00.000000,2025-11-30 12:29:59.999922,1,BAYxx_xxxx_20251130_122532_000.7z
2025-11-30 12:30:00,-20511.928041,-20.511928041,-6831.805951,-6845.762478,-6834.359612,768000,768000,1.000000000,1,2025-11-30 12:30:00.000000,2025-11-30 12:30:59.999922,1,BAYxx_xxxx_20251130_122532_000.7z
2025-11-30 12:31:00,-15239.067474,-15.239067474,-5066.735034,-5090.282394,-5082.050046,768000,768000,1.000000000,1,2025-11-30 12:31:00.000000,2025-11-30 12:31:59.999922,1,BAYxx_xxxx_20251130_122532_000.7z
2025-11-30 12:32:00,-7.179884,-0.007179884,-3.882318,-0.410103,-2.887463,768000,768000,1.000000000,1,2025-11-30 12:32:00.000000,2025-11-30 12:32:59.999922,1,BAYxx_xxxx_20251130_122532_000.7z
2025-11-30 12:33:00,-4544.507997,-4.544507997,-1525.361656,-1508.275496,-1510.870845,768000,768000,1.000000000,1,2025-11-30 12:33:00.000000,2025-11-30 12:33:59.999922,1,BAYxx_xxxx_20251130_122532_000.7z
2025-11-30 12:34:00,-20285.265229,-20.285265229,-6758.732840,-6764.842298,-6761.690091,768000,768000,1.000000000,1,2025-11-30 12:34:00.000000,2025-11-30 12:34:59.999922,1,BAYxx_xxxx_20251130_122532_000.7z
2025-11-30 12:35:00,-20346.660531,-20.346660531,-6778.967679,-6780.353896,-6787.338956,691298,768000,0.900127604,0,2025-11-30 12:35:00.000000,2025-11-30 12:35:59.999922,2,BAYxx_xxxx_20251130_122532_000.7z;BAYxx_xxxx_20251130_123538_000.7z
2025-11-30 12:36:00,-18762.077101,-18.762077101,-6243.254205,-6265.309038,-6253.513859,768000,768000,1.000000000,1,2025-11-30 12:36:00.000000,2025-11-30 12:36:59.999922,1,BAYxx_xxxx_20251130_123538_000.7z
2025-11-30 12:37:00,-5.057763,-0.005057763,-1.380566,5.540301,-9.217497,768000,768000,1.000000000,1,2025-11-30 12:37:00.000000,2025-11-30 12:37:59.999922,1,BAYxx_xxxx_20251130_123538_000.7z
2025-11-30 12:38:00,-4453.946016,-4.453946016,-1490.074775,-1477.722001,-1486.149240,768000,768000,1.000000000,1,2025-11-30 12:38:00.000000,2025-11-30 12:38:59.999922,1,BAYxx_xxxx_20251130_123538_000.7z
2025-11-30 12:39:00,-19891.884639,-19.891884639,-6615.080873,-6639.675883,-6637.127883,768000,768000,1.000000000,1,2025-11-30 12:39:00.000000,2025-11-30 12:39:59.999922,1,BAYxx_xxxx_20251130_123538_000.7z
2025-11-30 12:40:00,-13848.050671,-13.848050671,-4610.119810,-4623.136459,-4614.794402,768000,768000,1.000000000,1,2025-11-30 12:40:00.000000,2025-11-30 12:40:59.999922,1,BAYxx_xxxx_20251130_123538_000.7z
2025-11-30 12:41:00,-1.674212,-0.001674212,3.216335,0.071686,-4.962233,768000,768000,1.000000000,1,2025-11-30 12:41:00.000000,2025-11-30 12:41:59.999922,1,BAYxx_xxxx_20251130_123538_000.7z
2025-11-30 12:42:00,-5442.525927,-5.442525927,-1822.083330,-1809.417301,-1811.025296,768000,768000,1.000000000,1,2025-11-30 12:42:00.000000,2025-11-30 12:42:59.999922,1,BAYxx_xxxx_20251130_123538_000.7z
2025-11-30 12:43:00,-19789.444057,-19.789444057,-6587.475174,-6605.682346,-6596.286537,768000,768000,1.000000000,1,2025-11-30 12:43:00.000000,2025-11-30 12:43:59.999922,1,BAYxx_xxxx_20251130_123538_000.7z
2025-11-30 12:44:00,-19955.544387,-19.955544387,-6640.526712,-6660.893852,-6654.123823,768000,768000,1.000000000,1,2025-11-30 12:44:00.000000,2025-11-30 12:44:59.999922,1,BAYxx_xxxx_20251130_123538_000.7z
2025-11-30 12:45:00,-20006.933421,-20.006933421,-6664.164098,-6674.536717,-6668.232605,588844,768000,0.766723958,0,2025-11-30 12:45:00.000000,2025-11-30 12:45:59.999922,2,BAYxx_xxxx_20251130_123538_000.7z;BAYxx_xxxx_20251130_124552_000.7z
2025-11-30 12:46:00,-20072.498391,-20.072498391,-6683.180524,-6694.569828,-6694.748038,768000,768000,1.000000000,1,2025-11-30 12:46:00.000000,2025-11-30 12:46:59.999922,1,BAYxx_xxxx_20251130_124552_000.7z
2025-11-30 12:47:00,-20063.221465,-20.063221465,-6673.990730,-6702.210702,-6687.020033,768000,768000,1.000000000,1,2025-11-30 12:47:00.000000,2025-11-30 12:47:59.999922,1,BAYxx_xxxx_20251130_124552_000.7z
2025-11-30 12:48:00,-20028.703365,-20.028703365,-6673.466578,-6683.475924,-6671.760862,768000,768000,1.000000000,1,2025-11-30 12:48:00.000000,2025-11-30 12:48:59.999922,1,BAYxx_xxxx_20251130_124552_000.7z
2025-11-30 12:49:00,-19955.466134,-19.955466134,-6647.734986,-6655.257114,-6652.474035,768000,768000,1.000000000,1,2025-11-30 12:49:00.000000,2025-11-30 12:49:59.999922,1,BAYxx_xxxx_20251130_124552_000.7z
2025-11-30 12:50:00,-10863.872322,-10.863872322,-3616.019098,-3623.258543,-3624.594681,768000,768000,1.000000000,1,2025-11-30 12:50:00.000000,2025-11-30 12:50:59.999922,1,BAYxx_xxxx_20251130_124552_000.7z
2025-11-30 12:51:00,-13.197085,-0.013197085,0.178704,-5.782377,-7.593412,768000,768000,1.000000000,1,2025-11-30 12:51:00.000000,2025-11-30 12:51:59.999922,1,BAYxx_xxxx_20251130_124552_000.7z
2025-11-30 12:52:00,-8124.423095,-8.124423095,-2714.320996,-2700.696986,-2709.405112,768000,768000,1.000000000,1,2025-11-30 12:52:00.000000,2025-11-30 12:52:59.999922,1,BAYxx_xxxx_20251130_124552_000.7z
2025-11-30 12:53:00,-19169.913276,-19.169913276,-6385.115377,-6391.668279,-6393.129621,768000,768000,1.000000000,1,2025-11-30 12:53:00.000000,2025-11-30 12:53:59.999922,1,BAYxx_xxxx_20251130_124552_000.7z
2025-11-30 12:54:00,-19037.634671,-19.037634671,-6333.470522,-6354.084763,-6350.079386,768000,768000,1.000000000,1,2025-11-30 12:54:00.000000,2025-11-30 12:54:59.999922,1,BAYxx_xxxx_20251130_124552_000.7z
2025-11-30 12:55:00,-15672.298357,-15.672298357,-5219.902034,-5233.251863,-5219.144460,665603,768000,0.866670573,0,2025-11-30 12:55:00.000000,2025-11-30 12:55:52.000156,1,BAYxx_xxxx_20251130_124552_000.7z
2025-11-30 12:56:00,-13.266570,-0.013266570,-4.992303,-5.592430,-2.681837,716800,768000,0.933333333,0,2025-11-30 12:56:04.000000,2025-11-30 12:56:59.999922,1,BAYxx_xxxx_20251130_125604_000.7z
2025-11-30 12:57:00,-1567.302467,-1.567302467,-525.516224,-524.909223,-516.877021,768000,768000,1.000000000,1,2025-11-30 12:57:00.000000,2025-11-30 12:57:59.999922,1,BAYxx_xxxx_20251130_125604_000.7z
2025-11-30 12:58:00,-17793.164719,-17.793164719,-5928.257856,-5935.225334,-5929.681529,768000,768000,1.000000000,1,2025-11-30 12:58:00.000000,2025-11-30 12:58:59.999922,1,BAYxx_xxxx_20251130_125604_000.7z
2025-11-30 12:59:00,-18315.190975,-18.315190975,-6105.348222,-6110.113020,-6099.729733,768000,768000,1.000000000,1,2025-11-30 12:59:00.000000,2025-11-30 12:59:59.999922,1,BAYxx_xxxx_20251130_125604_000.7z
2025-11-30 13:00:00,-18097.955358,-18.097955358,-6027.027411,-6042.817550,-6028.110397,768000,768000,1.000000000,1,2025-11-30 13:00:00.000000,2025-11-30 13:00:59.999922,1,BAYxx_xxxx_20251130_125604_000.7z
2025-11-30 13:01:00,-17872.316828,-17.872316828,-5958.402245,-5961.624199,-5952.290384,768000,768000,1.000000000,1,2025-11-30 13:01:00.000000,2025-11-30 13:01:59.999922,1,BAYxx_xxxx_20251130_125604_000.7z
2025-11-30 13:02:00,-17632.074886,-17.632074886,-5871.702444,-5876.733542,-5883.638900,768000,768000,1.000000000,1,2025-11-30 13:02:00.000000,2025-11-30 13:02:59.999922,1,BAYxx_xxxx_20251130_125604_000.7z
2025-11-30 13:03:00,-17444.624033,-17.444624033,-5808.781569,-5817.206034,-5818.636430,768000,768000,1.000000000,1,2025-11-30 13:03:00.000000,2025-11-30 13:03:59.999922,1,BAYxx_xxxx_20251130_125604_000.7z
2025-11-30 13:04:00,-17300.189765,-17.300189765,-5765.257944,-5768.576369,-5766.355452,768000,768000,1.000000000,1,2025-11-30 13:04:00.000000,2025-11-30 13:04:59.999922,1,BAYxx_xxxx_20251130_125604_000.7z
2025-11-30 13:05:00,-5648.435635,-5.648435635,-1880.287880,-1881.613824,-1886.533930,768000,768000,1.000000000,1,2025-11-30 13:05:00.000000,2025-11-30 13:05:59.999922,1,BAYxx_xxxx_20251130_125604_000.7z
2025-11-30 13:06:00,-3.194962,-0.003194962,5.414258,-5.549185,-3.060035,729682,768000,0.950106771,0,2025-11-30 13:06:00.000000,2025-11-30 13:06:59.999922,2,BAYxx_xxxx_20251130_125604_000.7z;BAYxx_xxxx_20251130_130607_000.7z
2025-11-30 13:07:00,-9793.227796,-9.793227796,-3264.740033,-3267.771528,-3260.716234,768000,768000,1.000000000,1,2025-11-30 13:07:00.000000,2025-11-30 13:07:59.999922,1,BAYxx_xxxx_20251130_130607_000.7z
2025-11-30 13:08:00,-16648.016003,-16.648016003,-5548.696902,-5555.870958,-5543.448142,768000,768000,1.000000000,1,2025-11-30 13:08:00.000000,2025-11-30 13:08:59.999922,1,BAYxx_xxxx_20251130_130607_000.7z
2025-11-30 13:09:00,-16628.143057,-16.628143057,-5540.637846,-5548.776899,-5538.728312,768000,768000,1.000000000,1,2025-11-30 13:09:00.000000,2025-11-30 13:09:59.999922,1,BAYxx_xxxx_20251130_130607_000.7z
2025-11-30 13:10:00,-16575.163936,-16.575163936,-5520.837222,-5531.951699,-5522.375015,768000,768000,1.000000000,1,2025-11-30 13:10:00.000000,2025-11-30 13:10:59.999922,1,BAYxx_xxxx_20251130_130607_000.7z
2025-11-30 13:11:00,-4111.322013,-4.111322013,-1368.950032,-1371.353810,-1371.018172,768000,768000,1.000000000,1,2025-11-30 13:11:00.000000,2025-11-30 13:11:59.999922,1,BAYxx_xxxx_20251130_130607_000.7z
2025-11-30 13:12:00,-244.092149,-0.244092149,-79.684603,-78.423816,-85.983731,768000,768000,1.000000000,1,2025-11-30 13:12:00.000000,2025-11-30 13:12:59.999922,1,BAYxx_xxxx_20251130_130607_000.7z
2025-11-30 13:13:00,-14086.783362,-14.086783362,-4693.442678,-4693.253253,-4700.087430,768000,768000,1.000000000,1,2025-11-30 13:13:00.000000,2025-11-30 13:13:59.999922,1,BAYxx_xxxx_20251130_130607_000.7z
2025-11-30 13:14:00,-16326.021267,-16.326021267,-5433.847935,-5443.540354,-5448.632978,768000,768000,1.000000000,1,2025-11-30 13:14:00.000000,2025-11-30 13:14:59.999922,1,BAYxx_xxxx_20251130_130607_000.7z
2025-11-30 13:15:00,-10059.346102,-10.059346102,-3349.820576,-3354.950807,-3354.574719,768000,768000,1.000000000,1,2025-11-30 13:15:00.000000,2025-11-30 13:15:59.999922,1,BAYxx_xxxx_20251130_130607_000.7z
2025-11-30 13:16:00,-8.434209,-0.008434209,6.382961,-9.048927,-5.768243,601615,768000,0.783352865,0,2025-11-30 13:16:00.000000,2025-11-30 13:16:59.999922,2,BAYxx_xxxx_20251130_130607_000.7z;BAYxx_xxxx_20251130_131620_000.7z
2025-11-30 13:17:00,-2553.416714,-2.553416714,-854.291111,-845.493655,-853.631948,768000,768000,1.000000000,1,2025-11-30 13:17:00.000000,2025-11-30 13:17:59.999922,1,BAYxx_xxxx_20251130_131620_000.7z
2025-11-30 13:18:00,-15032.807204,-15.032807204,-5007.887705,-5013.389645,-5011.529855,768000,768000,1.000000000,1,2025-11-30 13:18:00.000000,2025-11-30 13:18:59.999922,1,BAYxx_xxxx_20251130_131620_000.7z
2025-11-30 13:19:00,-15892.901543,-15.892901543,-5312.080597,-5293.794123,-5287.026823,768000,768000,1.000000000,1,2025-11-30 13:19:00.000000,2025-11-30 13:19:59.999922,1,BAYxx_xxxx_20251130_131620_000.7z
2025-11-30 13:20:00,-15800.768759,-15.800768759,-5270.899532,-5268.133506,-5261.735721,768000,768000,1.000000000,1,2025-11-30 13:20:00.000000,2025-11-30 13:20:59.999922,1,BAYxx_xxxx_20251130_131620_000.7z
2025-11-30 13:21:00,-15733.877473,-15.733877473,-5251.865727,-5240.890228,-5241.121518,768000,768000,1.000000000,1,2025-11-30 13:21:00.000000,2025-11-30 13:21:59.999922,1,BAYxx_xxxx_20251130_131620_000.7z
2025-11-30 13:22:00,-15605.435415,-15.605435415,-5203.615623,-5201.327836,-5200.491957,768000,768000,1.000000000,1,2025-11-30 13:22:00.000000,2025-11-30 13:22:59.999922,1,BAYxx_xxxx_20251130_131620_000.7z
2025-11-30 13:23:00,-15701.201802,-15.701201802,-5237.314591,-5240.688117,-5223.199094,768000,768000,1.000000000,1,2025-11-30 13:23:00.000000,2025-11-30 13:23:59.999922,1,BAYxx_xxxx_20251130_131620_000.7z
2025-11-30 13:24:00,-14431.087582,-14.431087582,-4825.158811,-4807.557189,-4798.371582,768000,768000,1.000000000,1,2025-11-30 13:24:00.000000,2025-11-30 13:24:59.999922,1,BAYxx_xxxx_20251130_131620_000.7z
2025-11-30 13:25:00,-10.233364,-0.010233364,3.194496,-9.285374,-4.142486,768000,768000,1.000000000,1,2025-11-30 13:25:00.000000,2025-11-30 13:25:59.999922,1,BAYxx_xxxx_20251130_131620_000.7z
2025-11-30 13:26:00,-490.532936,-0.490532936,-168.225197,-158.840279,-163.467461,678455,768000,0.883404948,0,2025-11-30 13:26:00.000000,2025-11-30 13:26:59.999922,2,BAYxx_xxxx_20251130_131620_000.7z;BAYxx_xxxx_20251130_132627_000.7z
2025-11-30 13:27:00,-12760.321056,-12.760321056,-4254.496458,-4253.520756,-4252.303842,768000,768000,1.000000000,1,2025-11-30 13:27:00.000000,2025-11-30 13:27:59.999922,1,BAYxx_xxxx_20251130_132627_000.7z
2025-11-30 13:28:00,-15211.155207,-15.211155207,-5078.062072,-5065.269168,-5067.823967,768000,768000,1.000000000,1,2025-11-30 13:28:00.000000,2025-11-30 13:28:59.999922,1,BAYxx_xxxx_20251130_132627_000.7z
2025-11-30 13:29:00,-15396.310301,-15.396310301,-5137.431826,-5135.016842,-5123.861633,768000,768000,1.000000000,1,2025-11-30 13:29:00.000000,2025-11-30 13:29:59.999922,1,BAYxx_xxxx_20251130_132627_000.7z
2025-11-30 13:30:00,-5672.090687,-5.672090687,-1889.751536,-1893.750488,-1888.588664,768000,768000,1.000000000,1,2025-11-30 13:30:00.000000,2025-11-30 13:30:59.999922,1,BAYxx_xxxx_20251130_132627_000.7z
2025-11-30 13:31:00,-6.466505,-0.006466505,0.012277,-2.368781,-4.110001,768000,768000,1.000000000,1,2025-11-30 13:31:00.000000,2025-11-30 13:31:59.999922,1,BAYxx_xxxx_20251130_132627_000.7z
2025-11-30 13:32:00,-8420.618163,-8.420618163,-2810.625320,-2804.678477,-2805.314366,768000,768000,1.000000000,1,2025-11-30 13:32:00.000000,2025-11-30 13:32:59.999922,1,BAYxx_xxxx_20251130_132627_000.7z
2025-11-30 13:33:00,-13596.420044,-13.596420044,-4534.170319,-4535.486391,-4526.763335,768000,768000,1.000000000,1,2025-11-30 13:33:00.000000,2025-11-30 13:33:59.999922,1,BAYxx_xxxx_20251130_132627_000.7z
2025-11-30 13:34:00,-14339.210659,-14.339210659,-4785.978390,-4779.063538,-4774.168732,768000,768000,1.000000000,1,2025-11-30 13:34:00.000000,2025-11-30 13:34:59.999922,1,BAYxx_xxxx_20251130_132627_000.7z
2025-11-30 13:35:00,-14308.427575,-14.308427575,-4772.950519,-4769.374330,-4766.102726,768000,768000,1.000000000,1,2025-11-30 13:35:00.000000,2025-11-30 13:35:59.999922,1,BAYxx_xxxx_20251130_132627_000.7z
2025-11-30 13:36:00,-14265.973686,-14.265973686,-4761.329241,-4755.961892,-4748.682553,729734,768000,0.950174479,0,2025-11-30 13:36:00.000000,2025-11-30 13:36:59.999922,2,BAYxx_xxxx_20251130_132627_000.7z;BAYxx_xxxx_20251130_133630_000.7z
2025-11-30 13:37:00,-14105.457062,-14.105457062,-4711.024599,-4697.834373,-4696.598090,768000,768000,1.000000000,1,2025-11-30 13:37:00.000000,2025-11-30 13:37:59.999922,1,BAYxx_xxxx_20251130_133630_000.7z
2025-11-30 13:38:00,-10596.164774,-10.596164774,-3542.553782,-3521.115980,-3532.495011,768000,768000,1.000000000,1,2025-11-30 13:38:00.000000,2025-11-30 13:38:59.999922,1,BAYxx_xxxx_20251130_133630_000.7z
2025-11-30 13:39:00,-3.877226,-0.003877226,0.236059,-2.653466,-1.459819,768000,768000,1.000000000,1,2025-11-30 13:39:00.000000,2025-11-30 13:39:59.999922,1,BAYxx_xxxx_20251130_133630_000.7z
2025-11-30 13:40:00,-3511.712545,-3.511712545,-1172.348924,-1167.410476,-1171.953145,768000,768000,1.000000000,1,2025-11-30 13:40:00.000000,2025-11-30 13:40:59.999922,1,BAYxx_xxxx_20251130_133630_000.7z
2025-11-30 13:41:00,-11924.476764,-11.924476764,-3981.173462,-3978.330523,-3964.972778,768000,768000,1.000000000,1,2025-11-30 13:41:00.000000,2025-11-30 13:41:59.999922,1,BAYxx_xxxx_20251130_133630_000.7z
2025-11-30 13:42:00,-11893.133180,-11.893133180,-3972.665190,-3965.064892,-3955.403099,768000,768000,1.000000000,1,2025-11-30 13:42:00.000000,2025-11-30 13:42:59.999922,1,BAYxx_xxxx_20251130_133630_000.7z
2025-11-30 13:43:00,-11802.075133,-11.802075133,-3936.537370,-3934.608266,-3930.929498,768000,768000,1.000000000,1,2025-11-30 13:43:00.000000,2025-11-30 13:43:59.999922,1,BAYxx_xxxx_20251130_133630_000.7z
2025-11-30 13:44:00,-12223.295293,-12.223295293,-4084.438012,-4071.770005,-4067.087276,768000,768000,1.000000000,1,2025-11-30 13:44:00.000000,2025-11-30 13:44:59.999922,1,BAYxx_xxxx_20251130_133630_000.7z
2025-11-30 13:45:00,-13461.067668,-13.461067668,-4499.004186,-4481.608378,-4480.455104,768000,768000,1.000000000,1,2025-11-30 13:45:00.000000,2025-11-30 13:45:59.999922,1,BAYxx_xxxx_20251130_133630_000.7z
2025-11-30 13:46:00,-13469.784616,-13.469784616,-4501.217423,-4484.529448,-4484.037745,729636,768000,0.950046875,0,2025-11-30 13:46:00.000000,2025-11-30 13:46:59.999922,2,BAYxx_xxxx_20251130_133630_000.7z;BAYxx_xxxx_20251130_134633_000.7z
2025-11-30 13:47:00,-13439.403535,-13.439403535,-4487.473894,-4478.310369,-4473.619272,768000,768000,1.000000000,1,2025-11-30 13:47:00.000000,2025-11-30 13:47:59.999922,1,BAYxx_xxxx_20251130_134633_000.7z
2025-11-30 13:48:00,-4276.757090,-4.276757090,-1431.259969,-1420.746060,-1424.751062,768000,768000,1.000000000,1,2025-11-30 13:48:00.000000,2025-11-30 13:48:59.999922,1,BAYxx_xxxx_20251130_134633_000.7z
2025-11-30 13:49:00,-2.881232,-0.002881232,1.069533,2.031110,-5.981875,768000,768000,1.000000000,1,2025-11-30 13:49:00.000000,2025-11-30 13:49:59.999922,1,BAYxx_xxxx_20251130_134633_000.7z
2025-11-30 13:50:00,-8312.552345,-8.312552345,-2774.152696,-2766.357837,-2772.041812,768000,768000,1.000000000,1,2025-11-30 13:50:00.000000,2025-11-30 13:50:59.999922,1,BAYxx_xxxx_20251130_134633_000.7z
2025-11-30 13:51:00,-11418.457176,-11.418457176,-3817.547288,-3802.969027,-3797.940860,768000,768000,1.000000000,1,2025-11-30 13:51:00.000000,2025-11-30 13:51:59.999922,1,BAYxx_xxxx_20251130_134633_000.7z
2025-11-30 13:52:00,-11370.372897,-11.370372897,-3800.990927,-3787.024661,-3782.357309,768000,768000,1.000000000,1,2025-11-30 13:52:00.000000,2025-11-30 13:52:59.999922,1,BAYxx_xxxx_20251130_134633_000.7z
2025-11-30 13:53:00,-11372.854686,-11.372854686,-3807.425915,-3790.652854,-3774.775916,768000,768000,1.000000000,1,2025-11-30 13:53:00.000000,2025-11-30 13:53:59.999922,1,BAYxx_xxxx_20251130_134633_000.7z
2025-11-30 13:54:00,-11298.112601,-11.298112601,-3781.935901,-3760.928085,-3755.248614,768000,768000,1.000000000,1,2025-11-30 13:54:00.000000,2025-11-30 13:54:59.999922,1,BAYxx_xxxx_20251130_134633_000.7z
2025-11-30 13:55:00,-11214.705425,-11.214705425,-3756.216520,-3726.816549,-3731.672356,768000,768000,1.000000000,1,2025-11-30 13:55:00.000000,2025-11-30 13:55:59.999922,1,BAYxx_xxxx_20251130_134633_000.7z
2025-11-30 13:56:00,-11149.186227,-11.149186227,-3733.196336,-3705.065799,-3710.924092,678428,768000,0.883369792,0,2025-11-30 13:56:00.000000,2025-11-30 13:56:59.999922,2,BAYxx_xxxx_20251130_134633_000.7z;BAYxx_xxxx_20251130_135640_000.7z
2025-11-30 13:57:00,-11094.833324,-11.094833324,-3711.975270,-3691.007794,-3691.850260,768000,768000,1.000000000,1,2025-11-30 13:57:00.000000,2025-11-30 13:57:59.999922,1,BAYxx_xxxx_20251130_135640_000.7z
2025-11-30 13:58:00,-11027.935980,-11.027935980,-3683.789845,-3672.633684,-3671.512452,768000,768000,1.000000000,1,2025-11-30 13:58:00.000000,2025-11-30 13:58:59.999922,1,BAYxx_xxxx_20251130_135640_000.7z
2025-11-30 13:59:00,-10998.997783,-10.998997783,-3688.558869,-3659.558566,-3650.880348,768000,768000,1.000000000,1,2025-11-30 13:59:00.000000,2025-11-30 13:59:59.999922,1,BAYxx_xxxx_20251130_135640_000.7z
2025-11-30 14:00:00,-10940.497756,-10.940497756,-3660.722210,-3639.304680,-3640.470866,768000,768000,1.000000000,1,2025-11-30 14:00:00.000000,2025-11-30 14:00:59.999922,1,BAYxx_xxxx_20251130_135640_000.7z
2025-11-30 14:01:00,-10863.337111,-10.863337111,-3634.634778,-3613.898368,-3614.803965,768000,768000,1.000000000,1,2025-11-30 14:01:00.000000,2025-11-30 14:01:59.999922,1,BAYxx_xxxx_20251130_135640_000.7z
2025-11-30 14:02:00,-10809.102369,-10.809102369,-3618.284240,-3594.744061,-3596.074068,768000,768000,1.000000000,1,2025-11-30 14:02:00.000000,2025-11-30 14:02:59.999922,1,BAYxx_xxxx_20251130_135640_000.7z
2025-11-30 14:03:00,-10726.722799,-10.726722799,-3598.207814,-3564.797546,-3563.717439,768000,768000,1.000000000,1,2025-11-30 14:03:00.000000,2025-11-30 14:03:59.999922,1,BAYxx_xxxx_20251130_135640_000.7z
2025-11-30 14:04:00,-10674.585159,-10.674585159,-3566.540276,-3556.905667,-3551.139216,768000,768000,1.000000000,1,2025-11-30 14:04:00.000000,2025-11-30 14:04:59.999922,1,BAYxx_xxxx_20251130_135640_000.7z
2025-11-30 14:05:00,-10649.019467,-10.649019467,-3560.898901,-3547.262729,-3540.857838,768000,768000,1.000000000,1,2025-11-30 14:05:00.000000,2025-11-30 14:05:59.999922,1,BAYxx_xxxx_20251130_135640_000.7z
2025-11-30 14:06:00,-10600.727294,-10.600727294,-3543.621997,-3529.726555,-3527.378742,601720,768000,0.783489583,0,2025-11-30 14:06:00.000000,2025-11-30 14:06:59.999922,2,BAYxx_xxxx_20251130_135640_000.7z;BAYxx_xxxx_20251130_140653_000.7z
2025-11-30 14:07:00,-10562.822557,-10.562822557,-3532.991451,-3517.506660,-3512.324446,768000,768000,1.000000000,1,2025-11-30 14:07:00.000000,2025-11-30 14:07:59.999922,1,BAYxx_xxxx_20251130_140653_000.7z
2025-11-30 14:08:00,-10560.624083,-10.560624083,-3531.405582,-3516.295947,-3512.922554,768000,768000,1.000000000,1,2025-11-30 14:08:00.000000,2025-11-30 14:08:59.999922,1,BAYxx_xxxx_20251130_140653_000.7z
2025-11-30 14:09:00,-10476.475418,-10.476475418,-3500.906380,-3491.589344,-3483.979693,768000,768000,1.000000000,1,2025-11-30 14:09:00.000000,2025-11-30 14:09:59.999922,1,BAYxx_xxxx_20251130_140653_000.7z
2025-11-30 14:10:00,-10379.859549,-10.379859549,-3479.086802,-3449.914985,-3450.857762,768000,768000,1.000000000,1,2025-11-30 14:10:00.000000,2025-11-30 14:10:59.999922,1,BAYxx_xxxx_20251130_140653_000.7z
2025-11-30 14:11:00,-10298.483299,-10.298483299,-3445.826127,-3427.829573,-3424.827599,768000,768000,1.000000000,1,2025-11-30 14:11:00.000000,2025-11-30 14:11:59.999922,1,BAYxx_xxxx_20251130_140653_000.7z
2025-11-30 14:12:00,-10292.035720,-10.292035720,-3438.742272,-3426.453430,-3426.840018,768000,768000,1.000000000,1,2025-11-30 14:12:00.000000,2025-11-30 14:12:59.999922,1,BAYxx_xxxx_20251130_140653_000.7z
2025-11-30 14:13:00,-10269.876197,-10.269876197,-3437.105821,-3417.309791,-3415.460584,768000,768000,1.000000000,1,2025-11-30 14:13:00.000000,2025-11-30 14:13:59.999922,1,BAYxx_xxxx_20251130_140653_000.7z
2025-11-30 14:14:00,-10192.103338,-10.192103338,-3408.906402,-3388.492789,-3394.704147,768000,768000,1.000000000,1,2025-11-30 14:14:00.000000,2025-11-30 14:14:59.999922,1,BAYxx_xxxx_20251130_140653_000.7z
2025-11-30 14:15:00,-10129.415366,-10.129415366,-3398.710586,-3368.019136,-3362.685643,768000,768000,1.000000000,1,2025-11-30 14:15:00.000000,2025-11-30 14:15:59.999922,1,BAYxx_xxxx_20251130_140653_000.7z
2025-11-30 14:16:00,-10073.401652,-10.073401652,-3365.698651,-3358.778518,-3348.924483,729612,768000,0.950015625,0,2025-11-30 14:16:00.000000,2025-11-30 14:16:59.999922,2,BAYxx_xxxx_20251130_140653_000.7z;BAYxx_xxxx_20251130_141656_000.7z
2025-11-30 14:17:00,-10031.698112,-10.031698112,-3358.640778,-3336.565823,-3336.491510,768000,768000,1.000000000,1,2025-11-30 14:17:00.000000,2025-11-30 14:17:59.999922,1,BAYxx_xxxx_20251130_141656_000.7z
2025-11-30 14:18:00,-9907.693701,-9.907693701,-3318.052016,-3295.341211,-3294.300474,768000,768000,1.000000000,1,2025-11-30 14:18:00.000000,2025-11-30 14:18:59.999922,1,BAYxx_xxxx_20251130_141656_000.7z
2025-11-30 14:19:00,-9819.887539,-9.819887539,-3289.628222,-3266.881382,-3263.377935,768000,768000,1.000000000,1,2025-11-30 14:19:00.000000,2025-11-30 14:19:59.999922,1,BAYxx_xxxx_20251130_141656_000.7z
2025-11-30 14:20:00,-9905.273042,-9.905273042,-3311.008884,-3300.085377,-3294.178781,768000,768000,1.000000000,1,2025-11-30 14:20:00.000000,2025-11-30 14:20:59.999922,1,BAYxx_xxxx_20251130_141656_000.7z
2025-11-30 14:21:00,-10107.799030,-10.107799030,-3378.404854,-3367.857743,-3361.536433,768000,768000,1.000000000,1,2025-11-30 14:21:00.000000,2025-11-30 14:21:59.999922,1,BAYxx_xxxx_20251130_141656_000.7z
2025-11-30 14:22:00,-10393.529161,-10.393529161,-3473.490908,-3464.651024,-3455.387229,768000,768000,1.000000000,1,2025-11-30 14:22:00.000000,2025-11-30 14:22:59.999922,1,BAYxx_xxxx_20251130_141656_000.7z
2025-11-30 14:23:00,-10535.704962,-10.535704962,-3521.844441,-3509.563708,-3504.296813,768000,768000,1.000000000,1,2025-11-30 14:23:00.000000,2025-11-30 14:23:59.999922,1,BAYxx_xxxx_20251130_141656_000.7z
2025-11-30 14:24:00,-10426.380556,-10.426380556,-3485.906798,-3465.655455,-3474.818304,768000,768000,1.000000000,1,2025-11-30 14:24:00.000000,2025-11-30 14:24:59.999922,1,BAYxx_xxxx_20251130_141656_000.7z
2025-11-30 14:25:00,-10269.549539,-10.269549539,-3443.157204,-3415.847982,-3410.544353,768000,768000,1.000000000,1,2025-11-30 14:25:00.000000,2025-11-30 14:25:59.999922,1,BAYxx_xxxx_20251130_141656_000.7z
2025-11-30 14:26:00,-10189.275337,-10.189275337,-3408.982517,-3391.386825,-3388.905996,716874,768000,0.933429687,0,2025-11-30 14:26:00.000000,2025-11-30 14:26:56.005703,1,BAYxx_xxxx_20251130_141656_000.7z
2025-11-30 14:27:00,-10081.368935,-10.081368935,-3365.428563,-3357.717202,-3358.223170,742400,768000,0.966666667,0,2025-11-30 14:27:02.000000,2025-11-30 14:27:59.999922,1,BAYxx_xxxx_20251130_142702_000.7z
2025-11-30 14:28:00,-10003.527452,-10.003527452,-3342.395577,-3333.830075,-3327.301800,768000,768000,1.000000000,1,2025-11-30 14:28:00.000000,2025-11-30 14:28:59.999922,1,BAYxx_xxxx_20251130_142702_000.7z
2025-11-30 14:29:00,-9910.806864,-9.910806864,-3319.315495,-3297.287999,-3294.203369,768000,768000,1.000000000,1,2025-11-30 14:29:00.000000,2025-11-30 14:29:59.999922,1,BAYxx_xxxx_20251130_142702_000.7z
2025-11-30 14:30:00,-9853.433984,-9.853433984,-3289.206568,-3280.401418,-3283.825998,768000,768000,1.000000000,1,2025-11-30 14:30:00.000000,2025-11-30 14:30:59.999922,1,BAYxx_xxxx_20251130_142702_000.7z
2025-11-30 14:31:00,-9722.126339,-9.722126339,-3247.374630,-3238.289255,-3236.462454,768000,768000,1.000000000,1,2025-11-30 14:31:00.000000,2025-11-30 14:31:59.999922,1,BAYxx_xxxx_20251130_142702_000.7z
2025-11-30 14:32:00,-9684.076109,-9.684076109,-3235.622485,-3224.244480,-3224.209144,768000,768000,1.000000000,1,2025-11-30 14:32:00.000000,2025-11-30 14:32:59.999922,1,BAYxx_xxxx_20251130_142702_000.7z
2025-11-30 14:33:00,-9601.817443,-9.601817443,-3203.032785,-3205.132085,-3193.652573,768000,768000,1.000000000,1,2025-11-30 14:33:00.000000,2025-11-30 14:33:59.999922,1,BAYxx_xxxx_20251130_142702_000.7z
2025-11-30 14:34:00,-9462.200771,-9.462200771,-3155.637583,-3158.106168,-3148.457020,768000,768000,1.000000000,1,2025-11-30 14:34:00.000000,2025-11-30 14:34:59.999922,1,BAYxx_xxxx_20251130_142702_000.7z
2025-11-30 14:35:00,-9403.980093,-9.403980093,-3142.127197,-3137.588765,-3124.264130,768000,768000,1.000000000,1,2025-11-30 14:35:00.000000,2025-11-30 14:35:59.999922,1,BAYxx_xxxx_20251130_142702_000.7z
2025-11-30 14:36:00,-9378.049407,-9.378049407,-3141.168925,-3119.121964,-3117.758519,768000,768000,1.000000000,1,2025-11-30 14:36:00.000000,2025-11-30 14:36:59.999922,1,BAYxx_xxxx_20251130_142702_000.7z
2025-11-30 14:37:00,-9353.464064,-9.353464064,-3127.695034,-3117.528530,-3108.240500,678431,768000,0.883373698,0,2025-11-30 14:37:00.000000,2025-11-30 14:37:59.999922,2,BAYxx_xxxx_20251130_142702_000.7z;BAYxx_xxxx_20251130_143709_000.7z
2025-11-30 14:38:00,-9308.689613,-9.308689613,-3110.081421,-3103.793633,-3094.814558,768000,768000,1.000000000,1,2025-11-30 14:38:00.000000,2025-11-30 14:38:59.999922,1,BAYxx_xxxx_20251130_143709_000.7z
2025-11-30 14:39:00,-9195.295082,-9.195295082,-3070.012958,-3065.921620,-3059.360504,768000,768000,1.000000000,1,2025-11-30 14:39:00.000000,2025-11-30 14:39:59.999922,1,BAYxx_xxxx_20251130_143709_000.7z
2025-11-30 14:40:00,-9126.736216,-9.126736216,-3051.249468,-3044.160628,-3031.326121,768000,768000,1.000000000,1,2025-11-30 14:40:00.000000,2025-11-30 14:40:59.999922,1,BAYxx_xxxx_20251130_143709_000.7z
2025-11-30 14:41:00,-9084.639859,-9.084639859,-3037.437320,-3028.544599,-3018.657941,768000,768000,1.000000000,1,2025-11-30 14:41:00.000000,2025-11-30 14:41:59.999922,1,BAYxx_xxxx_20251130_143709_000.7z
2025-11-30 14:42:00,-8974.926547,-8.974926547,-2995.890651,-2991.516866,-2987.519030,768000,768000,1.000000000,1,2025-11-30 14:42:00.000000,2025-11-30 14:42:59.999922,1,BAYxx_xxxx_20251130_143709_000.7z
2025-11-30 14:43:00,-8898.834331,-8.898834331,-2976.689655,-2968.197200,-2953.947476,768000,768000,1.000000000,1,2025-11-30 14:43:00.000000,2025-11-30 14:43:59.999922,1,BAYxx_xxxx_20251130_143709_000.7z
2025-11-30 14:44:00,-8806.732195,-8.806732195,-2944.826038,-2933.174859,-2928.731298,768000,768000,1.000000000,1,2025-11-30 14:44:00.000000,2025-11-30 14:44:59.999922,1,BAYxx_xxxx_20251130_143709_000.7z
2025-11-30 14:45:00,-8736.169522,-8.736169522,-2922.716529,-2913.457519,-2899.995474,768000,768000,1.000000000,1,2025-11-30 14:45:00.000000,2025-11-30 14:45:59.999922,1,BAYxx_xxxx_20251130_143709_000.7z
2025-11-30 14:46:00,-8687.326649,-8.687326649,-2909.545870,-2891.642993,-2886.137786,768000,768000,1.000000000,1,2025-11-30 14:46:00.000000,2025-11-30 14:46:59.999922,1,BAYxx_xxxx_20251130_143709_000.7z
2025-11-30 14:47:00,-8641.369065,-8.641369065,-2893.849373,-2872.560974,-2874.958718,601609,768000,0.783345052,0,2025-11-30 14:47:00.000000,2025-11-30 14:47:59.999922,2,BAYxx_xxxx_20251130_143709_000.7z;BAYxx_xxxx_20251130_144722_000.7z
2025-11-30 14:48:00,-8589.283915,-8.589283915,-2874.024378,-2859.803237,-2855.456300,768000,768000,1.000000000,1,2025-11-30 14:48:00.000000,2025-11-30 14:48:59.999922,1,BAYxx_xxxx_20251130_144722_000.7z
2025-11-30 14:49:00,-8603.595103,-8.603595103,-2882.542386,-2860.535611,-2860.517106,768000,768000,1.000000000,1,2025-11-30 14:49:00.000000,2025-11-30 14:49:59.999922,1,BAYxx_xxxx_20251130_144722_000.7z
2025-11-30 14:50:00,-8574.006465,-8.574006465,-2870.239935,-2849.966043,-2853.800487,768000,768000,1.000000000,1,2025-11-30 14:50:00.000000,2025-11-30 14:50:59.999922,1,BAYxx_xxxx_20251130_144722_000.7z
2025-11-30 14:51:00,-8488.728908,-8.488728908,-2839.314327,-2825.415576,-2823.999005,768000,768000,1.000000000,1,2025-11-30 14:51:00.000000,2025-11-30 14:51:59.999922,1,BAYxx_xxxx_20251130_144722_000.7z
2025-11-30 14:52:00,-8375.784862,-8.375784862,-2797.186718,-2789.492856,-2789.105288,768000,768000,1.000000000,1,2025-11-30 14:52:00.000000,2025-11-30 14:52:59.999922,1,BAYxx_xxxx_20251130_144722_000.7z
2025-11-30 14:53:00,-8271.698683,-8.271698683,-2761.960283,-2759.363109,-2750.375290,768000,768000,1.000000000,1,2025-11-30 14:53:00.000000,2025-11-30 14:53:59.999922,1,BAYxx_xxxx_20251130_144722_000.7z
2025-11-30 14:54:00,-8151.110646,-8.151110646,-2724.513746,-2713.005714,-2713.591185,768000,768000,1.000000000,1,2025-11-30 14:54:00.000000,2025-11-30 14:54:59.999922,1,BAYxx_xxxx_20251130_144722_000.7z
2025-11-30 14:55:00,-8078.366033,-8.078366033,-2708.831921,-2685.873001,-2683.661111,768000,768000,1.000000000,1,2025-11-30 14:55:00.000000,2025-11-30 14:55:59.999922,1,BAYxx_xxxx_20251130_144722_000.7z
2025-11-30 14:56:00,-7989.382087,-7.989382087,-2673.936028,-2660.915172,-2654.530888,768000,768000,1.000000000,1,2025-11-30 14:56:00.000000,2025-11-30 14:56:59.999922,1,BAYxx_xxxx_20251130_144722_000.7z
2025-11-30 14:57:00,-7901.461454,-7.901461454,-2647.483891,-2628.330791,-2625.646772,716817,768000,0.933355469,0,2025-11-30 14:57:00.000000,2025-11-30 14:57:59.999922,2,BAYxx_xxxx_20251130_144722_000.7z;BAYxx_xxxx_20251130_145726_000.7z
2025-11-30 14:58:00,-7839.610945,-7.839610945,-2620.709787,-2611.619518,-2607.281640,768000,768000,1.000000000,1,2025-11-30 14:58:00.000000,2025-11-30 14:58:59.999922,1,BAYxx_xxxx_20251130_145726_000.7z
2025-11-30 14:59:00,-7814.066128,-7.814066128,-2612.405412,-2606.627967,-2595.032748,768000,768000,1.000000000,1,2025-11-30 14:59:00.000000,2025-11-30 14:59:59.999922,1,BAYxx_xxxx_20251130_145726_000.7z
2025-11-30 15:00:00,-7755.743196,-7.755743196,-2596.631213,-2575.478761,-2583.633222,768000,768000,1.000000000,1,2025-11-30 15:00:00.000000,2025-11-30 15:00:59.999922,1,BAYxx_xxxx_20251130_145726_000.7z
2025-11-30 15:01:00,-7639.971867,-7.639971867,-2556.550326,-2541.127085,-2542.294455,768000,768000,1.000000000,1,2025-11-30 15:01:00.000000,2025-11-30 15:01:59.999922,1,BAYxx_xxxx_20251130_145726_000.7z
2025-11-30 15:02:00,-7296.493450,-7.296493450,-2435.560783,-2433.793858,-2427.138808,768000,768000,1.000000000,1,2025-11-30 15:02:00.000000,2025-11-30 15:02:59.999922,1,BAYxx_xxxx_20251130_145726_000.7z
2025-11-30 15:03:00,-6882.217201,-6.882217201,-2300.524026,-2293.536589,-2288.156586,768000,768000,1.000000000,1,2025-11-30 15:03:00.000000,2025-11-30 15:03:59.999922,1,BAYxx_xxxx_20251130_145726_000.7z
2025-11-30 15:04:00,-6648.248271,-6.648248271,-2221.552291,-2214.884643,-2211.811337,768000,768000,1.000000000,1,2025-11-30 15:04:00.000000,2025-11-30 15:04:59.999922,1,BAYxx_xxxx_20251130_145726_000.7z
2025-11-30 15:05:00,-6463.976192,-6.463976192,-2164.629097,-2151.401880,-2147.945215,768000,768000,1.000000000,1,2025-11-30 15:05:00.000000,2025-11-30 15:05:59.999922,1,BAYxx_xxxx_20251130_145726_000.7z
2025-11-30 15:06:00,-6320.382456,-6.320382456,-2109.617468,-2108.529046,-2102.235943,768000,768000,1.000000000,1,2025-11-30 15:06:00.000000,2025-11-30 15:06:59.999922,1,BAYxx_xxxx_20251130_145726_000.7z
2025-11-30 15:07:00,-6243.935955,-6.243935955,-2088.283344,-2078.244555,-2077.408055,729655,768000,0.950071615,0,2025-11-30 15:07:00.000000,2025-11-30 15:07:59.999922,2,BAYxx_xxxx_20251130_145726_000.7z;BAYxx_xxxx_20251130_150729_000.7z
2025-11-30 15:08:00,-6109.182381,-6.109182381,-2040.400521,-2034.379122,-2034.402737,768000,768000,1.000000000,1,2025-11-30 15:08:00.000000,2025-11-30 15:08:59.999922,1,BAYxx_xxxx_20251130_150729_000.7z
2025-11-30 15:09:00,-5929.350369,-5.929350369,-1980.920159,-1971.169698,-1977.260512,768000,768000,1.000000000,1,2025-11-30 15:09:00.000000,2025-11-30 15:09:59.999922,1,BAYxx_xxxx_20251130_150729_000.7z
2025-11-30 15:10:00,-5686.776921,-5.686776921,-1905.186754,-1889.640983,-1891.949184,768000,768000,1.000000000,1,2025-11-30 15:10:00.000000,2025-11-30 15:10:59.999922,1,BAYxx_xxxx_20251130_150729_000.7z
2025-11-30 15:11:00,-5469.604528,-5.469604528,-1826.405845,-1823.449878,-1819.748806,768000,768000,1.000000000,1,2025-11-30 15:11:00.000000,2025-11-30 15:11:59.999922,1,BAYxx_xxxx_20251130_150729_000.7z
2025-11-30 15:12:00,-5233.304780,-5.233304780,-1753.425921,-1743.241393,-1736.637467,768000,768000,1.000000000,1,2025-11-30 15:12:00.000000,2025-11-30 15:12:59.999922,1,BAYxx_xxxx_20251130_150729_000.7z
2025-11-30 15:13:00,-5149.383179,-5.149383179,-1719.347708,-1713.334581,-1716.700890,768000,768000,1.000000000,1,2025-11-30 15:13:00.000000,2025-11-30 15:13:59.999922,1,BAYxx_xxxx_20251130_150729_000.7z
2025-11-30 15:14:00,-5022.353028,-5.022353028,-1676.597836,-1671.792980,-1673.962212,768000,768000,1.000000000,1,2025-11-30 15:14:00.000000,2025-11-30 15:14:59.999922,1,BAYxx_xxxx_20251130_150729_000.7z
2025-11-30 15:15:00,-5009.262418,-5.009262418,-1672.882834,-1667.591438,-1668.788145,768000,768000,1.000000000,1,2025-11-30 15:15:00.000000,2025-11-30 15:15:59.999922,1,BAYxx_xxxx_20251130_150729_000.7z
2025-11-30 15:16:00,-4829.746475,-4.829746475,-1614.632376,-1605.960132,-1609.153966,768000,768000,1.000000000,1,2025-11-30 15:16:00.000000,2025-11-30 15:16:59.999922,1,BAYxx_xxxx_20251130_150729_000.7z
2025-11-30 15:17:00,-4697.621259,-4.697621259,-1568.829678,-1562.946367,-1565.845214,627312,768000,0.816812500,0,2025-11-30 15:17:00.000000,2025-11-30 15:17:59.999922,2,BAYxx_xxxx_20251130_150729_000.7z;BAYxx_xxxx_20251130_151740_000.7z
2025-11-30 15:18:00,-4538.250136,-4.538250136,-1509.140366,-1513.065119,-1516.044651,768000,768000,1.000000000,1,2025-11-30 15:18:00.000000,2025-11-30 15:18:59.999922,1,BAYxx_xxxx_20251130_151740_000.7z
2025-11-30 15:19:00,-4367.699276,-4.367699276,-1457.368362,-1455.497862,-1454.833052,768000,768000,1.000000000,1,2025-11-30 15:19:00.000000,2025-11-30 15:19:59.999922,1,BAYxx_xxxx_20251130_151740_000.7z
2025-11-30 15:20:00,-4204.198807,-4.204198807,-1404.970278,-1401.024325,-1398.204204,768000,768000,1.000000000,1,2025-11-30 15:20:00.000000,2025-11-30 15:20:59.999922,1,BAYxx_xxxx_20251130_151740_000.7z
2025-11-30 15:21:00,-4033.188878,-4.033188878,-1346.310841,-1340.918915,-1345.959122,768000,768000,1.000000000,1,2025-11-30 15:21:00.000000,2025-11-30 15:21:59.999922,1,BAYxx_xxxx_20251130_151740_000.7z
2025-11-30 15:22:00,-3822.003403,-3.822003403,-1275.863614,-1277.387746,-1268.752043,768000,768000,1.000000000,1,2025-11-30 15:22:00.000000,2025-11-30 15:22:59.999922,1,BAYxx_xxxx_20251130_151740_000.7z
2025-11-30 15:23:00,-3650.544242,-3.650544242,-1214.314735,-1221.173280,-1215.056227,768000,768000,1.000000000,1,2025-11-30 15:23:00.000000,2025-11-30 15:23:59.999922,1,BAYxx_xxxx_20251130_151740_000.7z
2025-11-30 15:24:00,-3525.167534,-3.525167534,-1181.398983,-1165.948433,-1177.820118,768000,768000,1.000000000,1,2025-11-30 15:24:00.000000,2025-11-30 15:24:59.999922,1,BAYxx_xxxx_20251130_151740_000.7z
2025-11-30 15:25:00,-3362.985311,-3.362985311,-1124.070631,-1118.769037,-1120.145643,768000,768000,1.000000000,1,2025-11-30 15:25:00.000000,2025-11-30 15:25:59.999922,1,BAYxx_xxxx_20251130_151740_000.7z
2025-11-30 15:26:00,-3198.613416,-3.198613416,-1066.834825,-1065.993170,-1065.785422,768000,768000,1.000000000,1,2025-11-30 15:26:00.000000,2025-11-30 15:26:59.999922,1,BAYxx_xxxx_20251130_151740_000.7z
2025-11-30 15:27:00,-3098.773733,-3.098773733,-1039.203294,-1027.323064,-1032.247375,691225,768000,0.900032552,0,2025-11-30 15:27:00.000000,2025-11-30 15:27:59.999922,2,BAYxx_xxxx_20251130_151740_000.7z;BAYxx_xxxx_20251130_152746_000.7z
2025-11-30 15:28:00,-2953.793774,-2.953793774,-989.390866,-980.813697,-983.589211,768000,768000,1.000000000,1,2025-11-30 15:28:00.000000,2025-11-30 15:28:59.999922,1,BAYxx_xxxx_20251130_152746_000.7z
2025-11-30 15:29:00,-2763.644754,-2.763644754,-924.363872,-919.309870,-919.971013,768000,768000,1.000000000,1,2025-11-30 15:29:00.000000,2025-11-30 15:29:59.999922,1,BAYxx_xxxx_20251130_152746_000.7z
2025-11-30 15:30:00,-2625.085742,-2.625085742,-876.386164,-872.326285,-876.373292,768000,768000,1.000000000,1,2025-11-30 15:30:00.000000,2025-11-30 15:30:59.999922,1,BAYxx_xxxx_20251130_152746_000.7z
2025-11-30 15:31:00,-2535.924666,-2.535924666,-853.312982,-838.101358,-844.510326,768000,768000,1.000000000,1,2025-11-30 15:31:00.000000,2025-11-30 15:31:59.999922,1,BAYxx_xxxx_20251130_152746_000.7z
2025-11-30 15:32:00,-2391.844527,-2.391844527,-799.246647,-794.312566,-798.285314,768000,768000,1.000000000,1,2025-11-30 15:32:00.000000,2025-11-30 15:32:59.999922,1,BAYxx_xxxx_20251130_152746_000.7z
2025-11-30 15:33:00,-2218.456672,-2.218456672,-744.390671,-733.547462,-740.518538,768000,768000,1.000000000,1,2025-11-30 15:33:00.000000,2025-11-30 15:33:59.999922,1,BAYxx_xxxx_20251130_152746_000.7z
2025-11-30 15:34:00,-2110.820989,-2.110820989,-713.515340,-697.864289,-699.441359,768000,768000,1.000000000,1,2025-11-30 15:34:00.000000,2025-11-30 15:34:59.999922,1,BAYxx_xxxx_20251130_152746_000.7z
2025-11-30 15:35:00,-2016.704253,-2.016704253,-676.583709,-669.424767,-670.695777,768000,768000,1.000000000,1,2025-11-30 15:35:00.000000,2025-11-30 15:35:59.999922,1,BAYxx_xxxx_20251130_152746_000.7z
2025-11-30 15:36:00,-1927.627840,-1.927627840,-646.139830,-640.035702,-641.452308,768000,768000,1.000000000,1,2025-11-30 15:36:00.000000,2025-11-30 15:36:59.999922,1,BAYxx_xxxx_20251130_152746_000.7z
2025-11-30 15:37:00,-1813.835779,-1.813835779,-608.749917,-602.440399,-602.645462,716903,768000,0.933467448,0,2025-11-30 15:37:00.000000,2025-11-30 15:37:59.999922,2,BAYxx_xxxx_20251130_152746_000.7z;BAYxx_xxxx_20251130_153750_000.7z
2025-11-30 15:38:00,-1771.214641,-1.771214641,-598.437093,-585.741874,-587.035675,768000,768000,1.000000000,1,2025-11-30 15:38:00.000000,2025-11-30 15:38:59.999922,1,BAYxx_xxxx_20251130_153750_000.7z
2025-11-30 15:39:00,-1775.440002,-1.775440002,-594.628693,-594.519966,-586.291344,768000,768000,1.000000000,1,2025-11-30 15:39:00.000000,2025-11-30 15:39:59.999922,1,BAYxx_xxxx_20251130_153750_000.7z
2025-11-30 15:40:00,-1770.314148,-1.770314148,-596.075672,-586.793325,-587.445151,768000,768000,1.000000000,1,2025-11-30 15:40:00.000000,2025-11-30 15:40:59.999922,1,BAYxx_xxxx_20251130_153750_000.7z
2025-11-30 15:41:00,-1789.301628,-1.789301628,-598.831095,-593.851016,-596.619517,768000,768000,1.000000000,1,2025-11-30 15:41:00.000000,2025-11-30 15:41:59.999922,1,BAYxx_xxxx_20251130_153750_000.7z
2025-11-30 15:42:00,-1796.226844,-1.796226844,-602.542780,-595.397802,-598.286262,768000,768000,1.000000000,1,2025-11-30 15:42:00.000000,2025-11-30 15:42:59.999922,1,BAYxx_xxxx_20251130_153750_000.7z
2025-11-30 15:43:00,-1796.241951,-1.796241951,-598.237289,-596.096590,-601.908071,768000,768000,1.000000000,1,2025-11-30 15:43:00.000000,2025-11-30 15:43:59.999922,1,BAYxx_xxxx_20251130_153750_000.7z
2025-11-30 15:44:00,-1809.009917,-1.809009917,-602.584632,-603.078769,-603.346516,768000,768000,1.000000000,1,2025-11-30 15:44:00.000000,2025-11-30 15:44:59.999922,1,BAYxx_xxxx_20251130_153750_000.7z
2025-11-30 15:45:00,-1828.608584,-1.828608584,-606.787560,-613.523180,-608.297844,768000,768000,1.000000000,1,2025-11-30 15:45:00.000000,2025-11-30 15:45:59.999922,1,BAYxx_xxxx_20251130_153750_000.7z
2025-11-30 15:46:00,-1830.443861,-1.830443861,-609.129231,-605.296901,-616.017728,768000,768000,1.000000000,1,2025-11-30 15:46:00.000000,2025-11-30 15:46:59.999922,1,BAYxx_xxxx_20251130_153750_000.7z
2025-11-30 15:47:00,-1834.156741,-1.834156741,-606.592600,-612.832405,-614.731736,640096,768000,0.833458333,0,2025-11-30 15:47:00.000000,2025-11-30 15:47:50.007422,1,BAYxx_xxxx_20251130_153750_000.7z
2025-11-30 15:48:00,-1835.010798,-1.835010798,-611.987782,-612.129315,-610.893701,742400,768000,0.966666667,0,2025-11-30 15:48:02.000000,2025-11-30 15:48:59.999922,1,BAYxx_xxxx_20251130_154802_000.7z
2025-11-30 15:49:00,-1845.631539,-1.845631539,-614.833591,-616.902687,-613.895261,768000,768000,1.000000000,1,2025-11-30 15:49:00.000000,2025-11-30 15:49:59.999922,1,BAYxx_xxxx_20251130_154802_000.7z
2025-11-30 15:50:00,-1846.995440,-1.846995440,-622.055000,-612.227005,-612.713435,768000,768000,1.000000000,1,2025-11-30 15:50:00.000000,2025-11-30 15:50:59.999922,1,BAYxx_xxxx_20251130_154802_000.7z
2025-11-30 15:51:00,-1840.249979,-1.840249979,-616.405663,-610.889395,-612.954920,768000,768000,1.000000000,1,2025-11-30 15:51:00.000000,2025-11-30 15:51:59.999922,1,BAYxx_xxxx_20251130_154802_000.7z
2025-11-30 15:52:00,-1836.652308,-1.836652308,-611.392066,-612.651287,-612.608955,768000,768000,1.000000000,1,2025-11-30 15:52:00.000000,2025-11-30 15:52:59.999922,1,BAYxx_xxxx_20251130_154802_000.7z
2025-11-30 15:53:00,-1834.620552,-1.834620552,-617.481541,-608.588098,-608.550913,768000,768000,1.000000000,1,2025-11-30 15:53:00.000000,2025-11-30 15:53:59.999922,1,BAYxx_xxxx_20251130_154802_000.7z
2025-11-30 15:54:00,-1838.520401,-1.838520401,-621.033861,-607.421571,-610.064968,768000,768000,1.000000000,1,2025-11-30 15:54:00.000000,2025-11-30 15:54:59.999922,1,BAYxx_xxxx_20251130_154802_000.7z
2025-11-30 15:55:00,-1817.930452,-1.817930452,-610.757836,-601.286014,-605.886603,768000,768000,1.000000000,1,2025-11-30 15:55:00.000000,2025-11-30 15:55:59.999922,1,BAYxx_xxxx_20251130_154802_000.7z
2025-11-30 15:56:00,-1813.615985,-1.813615985,-607.792865,-602.343935,-603.479185,768000,768000,1.000000000,1,2025-11-30 15:56:00.000000,2025-11-30 15:56:59.999922,1,BAYxx_xxxx_20251130_154802_000.7z
2025-11-30 15:57:00,-1811.975035,-1.811975035,-609.341309,-598.380992,-604.252733,768000,768000,1.000000000,1,2025-11-30 15:57:00.000000,2025-11-30 15:57:59.999922,1,BAYxx_xxxx_20251130_154802_000.7z
2025-11-30 15:58:00,-1789.357048,-1.789357048,-600.403295,-592.356953,-596.596799,729611,768000,0.950014323,0,2025-11-30 15:58:00.000000,2025-11-30 15:58:59.999922,2,BAYxx_xxxx_20251130_154802_000.7z;BAYxx_xxxx_20251130_155805_000.7z
2025-11-30 15:59:00,-1778.403459,-1.778403459,-601.841077,-584.870449,-591.691933,768000,768000,1.000000000,1,2025-11-30 15:59:00.000000,2025-11-30 15:59:59.999922,1,BAYxx_xxxx_20251130_155805_000.7z
2025-11-30 16:00:00,-1776.498561,-1.776498561,-600.174769,-585.841274,-590.482518,768000,768000,1.000000000,1,2025-11-30 16:00:00.000000,2025-11-30 16:00:59.999922,1,BAYxx_xxxx_20251130_155805_000.7z
2025-11-30 16:01:00,-1758.192772,-1.758192772,-593.409293,-582.488719,-582.294760,768000,768000,1.000000000,1,2025-11-30 16:01:00.000000,2025-11-30 16:01:59.999922,1,BAYxx_xxxx_20251130_155805_000.7z
2025-11-30 16:02:00,-1746.454975,-1.746454975,-589.838019,-574.029054,-582.587902,768000,768000,1.000000000,1,2025-11-30 16:02:00.000000,2025-11-30 16:02:59.999922,1,BAYxx_xxxx_20251130_155805_000.7z
2025-11-30 16:03:00,-1721.033477,-1.721033477,-579.284167,-574.574320,-567.174991,768000,768000,1.000000000,1,2025-11-30 16:03:00.000000,2025-11-30 16:03:59.999922,1,BAYxx_xxxx_20251130_155805_000.7z
2025-11-30 16:04:00,-1698.055287,-1.698055287,-569.377249,-565.832107,-562.845932,768000,768000,1.000000000,1,2025-11-30 16:04:00.000000,2025-11-30 16:04:59.999922,1,BAYxx_xxxx_20251130_155805_000.7z
2025-11-30 16:05:00,-1676.549822,-1.676549822,-562.822112,-556.594881,-557.132829,768000,768000,1.000000000,1,2025-11-30 16:05:00.000000,2025-11-30 16:05:59.999922,1,BAYxx_xxxx_20251130_155805_000.7z
2025-11-30 16:06:00,-1643.155629,-1.643155629,-552.812044,-544.139599,-546.203987,768000,768000,1.000000000,1,2025-11-30 16:06:00.000000,2025-11-30 16:06:59.999922,1,BAYxx_xxxx_20251130_155805_000.7z
2025-11-30 16:07:00,-1632.451308,-1.632451308,-549.047720,-542.296841,-541.106746,768000,768000,1.000000000,1,2025-11-30 16:07:00.000000,2025-11-30 16:07:59.999922,1,BAYxx_xxxx_20251130_155805_000.7z
2025-11-30 16:08:00,-1619.970583,-1.619970583,-541.955854,-538.236618,-539.778110,627272,768000,0.816760417,0,2025-11-30 16:08:00.000000,2025-11-30 16:08:59.999922,2,BAYxx_xxxx_20251130_155805_000.7z;BAYxx_xxxx_20251130_160816_000.7z
2025-11-30 16:09:00,-1594.565118,-1.594565118,-533.409871,-527.125925,-534.029323,768000,768000,1.000000000,1,2025-11-30 16:09:00.000000,2025-11-30 16:09:59.999922,1,BAYxx_xxxx_20251130_160816_000.7z
2025-11-30 16:10:00,-1575.351672,-1.575351672,-527.215641,-524.395636,-523.740395,768000,768000,1.000000000,1,2025-11-30 16:10:00.000000,2025-11-30 16:10:59.999922,1,BAYxx_xxxx_20251130_160816_000.7z
2025-11-30 16:11:00,-1546.077919,-1.546077919,-515.556911,-512.920676,-517.600332,768000,768000,1.000000000,1,2025-11-30 16:11:00.000000,2025-11-30 16:11:59.999922,1,BAYxx_xxxx_20251130_160816_000.7z
2025-11-30 16:12:00,-1544.784058,-1.544784058,-518.785005,-512.594030,-513.405022,768000,768000,1.000000000,1,2025-11-30 16:12:00.000000,2025-11-30 16:12:59.999922,1,BAYxx_xxxx_20251130_160816_000.7z
2025-11-30 16:13:00,-1516.025932,-1.516025932,-505.540043,-504.705900,-505.779989,768000,768000,1.000000000,1,2025-11-30 16:13:00.000000,2025-11-30 16:13:59.999922,1,BAYxx_xxxx_20251130_160816_000.7z
2025-11-30 16:14:00,-1489.593113,-1.489593113,-499.898960,-493.721275,-495.972878,768000,768000,1.000000000,1,2025-11-30 16:14:00.000000,2025-11-30 16:14:59.999922,1,BAYxx_xxxx_20251130_160816_000.7z
2025-11-30 16:15:00,-1482.848099,-1.482848099,-494.218020,-495.525925,-493.104154,768000,768000,1.000000000,1,2025-11-30 16:15:00.000000,2025-11-30 16:15:59.999922,1,BAYxx_xxxx_20251130_160816_000.7z
2025-11-30 16:16:00,-1458.282458,-1.458282458,-488.034035,-481.311110,-488.937313,768000,768000,1.000000000,1,2025-11-30 16:16:00.000000,2025-11-30 16:16:59.999922,1,BAYxx_xxxx_20251130_160816_000.7z
2025-11-30 16:17:00,-1425.680484,-1.425680484,-478.290845,-471.680915,-475.708724,768000,768000,1.000000000,1,2025-11-30 16:17:00.000000,2025-11-30 16:17:59.999922,1,BAYxx_xxxx_20251130_160816_000.7z
2025-11-30 16:18:00,-1387.969207,-1.387969207,-466.846482,-455.850707,-465.272018,716923,768000,0.933493490,0,2025-11-30 16:18:00.000000,2025-11-30 16:18:59.999922,2,BAYxx_xxxx_20251130_160816_000.7z;BAYxx_xxxx_20251130_161820_000.7z
2025-11-30 16:19:00,-1362.654923,-1.362654923,-462.314736,-451.998948,-448.341238,768000,768000,1.000000000,1,2025-11-30 16:19:00.000000,2025-11-30 16:19:59.999922,1,BAYxx_xxxx_20251130_161820_000.7z
2025-11-30 16:20:00,-1335.208254,-1.335208254,-449.071342,-439.032604,-447.104308,768000,768000,1.000000000,1,2025-11-30 16:20:00.000000,2025-11-30 16:20:59.999922,1,BAYxx_xxxx_20251130_161820_000.7z
2025-11-30 16:21:00,-1290.106591,-1.290106591,-430.812674,-427.564081,-431.729836,768000,768000,1.000000000,1,2025-11-30 16:21:00.000000,2025-11-30 16:21:59.999922,1,BAYxx_xxxx_20251130_161820_000.7z
2025-11-30 16:22:00,-1254.015775,-1.254015775,-421.348116,-416.605892,-416.061767,768000,768000,1.000000000,1,2025-11-30 16:22:00.000000,2025-11-30 16:22:59.999922,1,BAYxx_xxxx_20251130_161820_000.7z
2025-11-30 16:23:00,-1212.114073,-1.212114073,-411.559399,-398.067991,-402.486683,768000,768000,1.000000000,1,2025-11-30 16:23:00.000000,2025-11-30 16:23:59.999922,1,BAYxx_xxxx_20251130_161820_000.7z
2025-11-30 16:24:00,-1168.060039,-1.168060039,-392.632201,-385.769310,-389.658527,768000,768000,1.000000000,1,2025-11-30 16:24:00.000000,2025-11-30 16:24:59.999922,1,BAYxx_xxxx_20251130_161820_000.7z
2025-11-30 16:25:00,-1140.238080,-1.140238080,-382.992433,-377.593637,-379.652009,768000,768000,1.000000000,1,2025-11-30 16:25:00.000000,2025-11-30 16:25:59.999922,1,BAYxx_xxxx_20251130_161820_000.7z
2025-11-30 16:26:00,-1101.414356,-1.101414356,-371.709330,-364.945243,-364.759783,768000,768000,1.000000000,1,2025-11-30 16:26:00.000000,2025-11-30 16:26:59.999922,1,BAYxx_xxxx_20251130_161820_000.7z
2025-11-30 16:27:00,-1059.422847,-1.059422847,-357.012149,-347.594026,-354.816672,768000,768000,1.000000000,1,2025-11-30 16:27:00.000000,2025-11-30 16:27:59.999922,1,BAYxx_xxxx_20251130_161820_000.7z
2025-11-30 16:28:00,-1006.708047,-1.006708047,-344.160503,-329.519427,-333.028117,716932,768000,0.933505208,0,2025-11-30 16:28:00.000000,2025-11-30 16:28:59.999922,2,BAYxx_xxxx_20251130_161820_000.7z;BAYxx_xxxx_20251130_162824_000.7z
2025-11-30 16:29:00,-885.646877,-0.885646877,-307.736188,-284.518617,-293.392072,768000,768000,1.000000000,1,2025-11-30 16:29:00.000000,2025-11-30 16:29:59.999922,1,BAYxx_xxxx_20251130_162824_000.7z
2025-11-30 16:30:00,-771.345731,-0.771345731,-265.798284,-251.293537,-254.253910,768000,768000,1.000000000,1,2025-11-30 16:30:00.000000,2025-11-30 16:30:59.999922,1,BAYxx_xxxx_20251130_162824_000.7z
2025-11-30 16:31:00,-746.712833,-0.746712833,-257.513299,-244.793787,-244.405748,768000,768000,1.000000000,1,2025-11-30 16:31:00.000000,2025-11-30 16:31:59.999922,1,BAYxx_xxxx_20251130_162824_000.7z
2025-11-30 16:32:00,-784.888727,-0.784888727,-264.318953,-261.672886,-258.896888,768000,768000,1.000000000,1,2025-11-30 16:32:00.000000,2025-11-30 16:32:59.999922,1,BAYxx_xxxx_20251130_162824_000.7z
2025-11-30 16:33:00,-781.005365,-0.781005365,-264.952329,-255.232204,-260.820831,768000,768000,1.000000000,1,2025-11-30 16:33:00.000000,2025-11-30 16:33:59.999922,1,BAYxx_xxxx_20251130_162824_000.7z
2025-11-30 16:34:00,-732.388763,-0.732388763,-248.029254,-239.911256,-244.448253,768000,768000,1.000000000,1,2025-11-30 16:34:00.000000,2025-11-30 16:34:59.999922,1,BAYxx_xxxx_20251130_162824_000.7z
2025-11-30 16:35:00,-691.444794,-0.691444794,-233.637795,-226.879921,-230.927078,768000,768000,1.000000000,1,2025-11-30 16:35:00.000000,2025-11-30 16:35:59.999922,1,BAYxx_xxxx_20251130_162824_000.7z
2025-11-30 16:36:00,-649.433727,-0.649433727,-217.930541,-214.898548,-216.604638,768000,768000,1.000000000,1,2025-11-30 16:36:00.000000,2025-11-30 16:36:59.999922,1,BAYxx_xxxx_20251130_162824_000.7z
2025-11-30 16:37:00,-609.153614,-0.609153614,-205.754565,-202.074092,-201.324958,768000,768000,1.000000000,1,2025-11-30 16:37:00.000000,2025-11-30 16:37:59.999922,1,BAYxx_xxxx_20251130_162824_000.7z
2025-11-30 16:38:00,-536.008201,-0.536008201,-180.111620,-179.909690,-175.986892,691255,768000,0.900071615,0,2025-11-30 16:38:00.000000,2025-11-30 16:38:59.999922,2,BAYxx_xxxx_20251130_162824_000.7z;BAYxx_xxxx_20251130_163830_000.7z
2025-11-30 16:39:00,-463.237037,-0.463237037,-162.635666,-151.945690,-148.655681,768000,768000,1.000000000,1,2025-11-30 16:39:00.000000,2025-11-30 16:39:59.999922,1,BAYxx_xxxx_20251130_163830_000.7z
2025-11-30 16:40:00,-377.473164,-0.377473164,-131.110460,-120.181689,-126.181015,768000,768000,1.000000000,1,2025-11-30 16:40:00.000000,2025-11-30 16:40:59.999922,1,BAYxx_xxxx_20251130_163830_000.7z
2025-11-30 16:41:00,-355.923683,-0.355923683,-121.078507,-115.132442,-119.712734,768000,768000,1.000000000,1,2025-11-30 16:41:00.000000,2025-11-30 16:41:59.999922,1,BAYxx_xxxx_20251130_163830_000.7z
2025-11-30 16:42:00,-317.478617,-0.317478617,-107.499099,-103.183168,-106.796350,768000,768000,1.000000000,1,2025-11-30 16:42:00.000000,2025-11-30 16:42:59.999922,1,BAYxx_xxxx_20251130_163830_000.7z
2025-11-30 16:43:00,-270.660566,-0.270660566,-91.329759,-88.988694,-90.342113,768000,768000,1.000000000,1,2025-11-30 16:43:00.000000,2025-11-30 16:43:59.999922,1,BAYxx_xxxx_20251130_163830_000.7z
2025-11-30 16:44:00,-229.121157,-0.229121157,-78.820492,-74.698013,-75.602652,768000,768000,1.000000000,1,2025-11-30 16:44:00.000000,2025-11-30 16:44:59.999922,1,BAYxx_xxxx_20251130_163830_000.7z
2025-11-30 16:45:00,-230.113528,-0.230113528,-77.883724,-76.112003,-76.117801,768000,768000,1.000000000,1,2025-11-30 16:45:00.000000,2025-11-30 16:45:59.999922,1,BAYxx_xxxx_20251130_163830_000.7z
2025-11-30 16:46:00,-291.396723,-0.291396723,-100.880083,-95.421734,-95.094906,768000,768000,1.000000000,1,2025-11-30 16:46:00.000000,2025-11-30 16:46:59.999922,1,BAYxx_xxxx_20251130_163830_000.7z
2025-11-30 16:47:00,-264.441721,-0.264441721,-91.781791,-86.298264,-86.361666,768000,768000,1.000000000,1,2025-11-30 16:47:00.000000,2025-11-30 16:47:59.999922,1,BAYxx_xxxx_20251130_163830_000.7z
2025-11-30 16:48:00,-256.460849,-0.256460849,-88.911182,-82.892375,-84.657292,742487,768000,0.966779948,0,2025-11-30 16:48:00.000000,2025-11-30 16:48:59.999922,2,BAYxx_xxxx_20251130_163830_000.7z;BAYxx_xxxx_20251130_164832_000.7z
2025-11-30 16:49:00,-237.801158,-0.237801158,-78.964670,-79.573063,-79.263425,768000,768000,1.000000000,1,2025-11-30 16:49:00.000000,2025-11-30 16:49:59.999922,1,BAYxx_xxxx_20251130_164832_000.7z
2025-11-30 16:50:00,-202.467101,-0.202467101,-67.001158,-67.644201,-67.821743,768000,768000,1.000000000,1,2025-11-30 16:50:00.000000,2025-11-30 16:50:59.999922,1,BAYxx_xxxx_20251130_164832_000.7z
2025-11-30 16:51:00,-176.473040,-0.176473040,-60.890761,-60.364423,-55.217856,768000,768000,1.000000000,1,2025-11-30 16:51:00.000000,2025-11-30 16:51:59.999922,1,BAYxx_xxxx_20251130_164832_000.7z
2025-11-30 16:52:00,-141.938243,-0.141938243,-42.945584,-50.384533,-48.608126,768000,768000,1.000000000,1,2025-11-30 16:52:00.000000,2025-11-30 16:52:59.999922,1,BAYxx_xxxx_20251130_164832_000.7z
2025-11-30 16:53:00,-120.399811,-0.120399811,-38.931040,-42.957688,-38.511083,768000,768000,1.000000000,1,2025-11-30 16:53:00.000000,2025-11-30 16:53:59.999922,1,BAYxx_xxxx_20251130_164832_000.7z
2025-11-30 16:54:00,-80.395385,-0.080395385,-25.820669,-27.683327,-26.891388,768000,768000,1.000000000,1,2025-11-30 16:54:00.000000,2025-11-30 16:54:59.999922,1,BAYxx_xxxx_20251130_164832_000.7z
2025-11-30 16:55:00,-60.648618,-0.060648618,-19.760849,-18.940379,-21.947390,768000,768000,1.000000000,1,2025-11-30 16:55:00.000000,2025-11-30 16:55:59.999922,1,BAYxx_xxxx_20251130_164832_000.7z
2025-11-30 16:56:00,-22.170668,-0.022170668,-5.075436,-7.734815,-9.360417,768000,768000,1.000000000,1,2025-11-30 16:56:00.000000,2025-11-30 16:56:59.999922,1,BAYxx_xxxx_20251130_164832_000.7z
2025-11-30 16:57:00,-11.186286,-0.011186286,-5.187411,-1.303052,-4.695824,768000,768000,1.000000000,1,2025-11-30 16:57:00.000000,2025-11-30 16:57:59.999922,1,BAYxx_xxxx_20251130_164832_000.7z
2025-11-30 16:58:00,5.139718,0.005139718,0.414680,5.081279,-0.356241,729640,768000,0.950052083,0,2025-11-30 16:58:00.000000,2025-11-30 16:58:59.999922,2,BAYxx_xxxx_20251130_164832_000.7z;BAYxx_xxxx_20251130_165835_000.7z
2025-11-30 16:59:00,-9.597364,-0.009597364,-9.104685,2.703826,-3.196505,768000,768000,1.000000000,1,2025-11-30 16:59:00.000000,2025-11-30 16:59:59.999922,1,BAYxx_xxxx_20251130_165835_000.7z
2025-11-30 17:00:00,-2.853661,-0.002853661,-1.755103,0.938308,-2.036866,768000,768000,1.000000000,1,2025-11-30 17:00:00.000000,2025-11-30 17:00:59.999922,1,BAYxx_xxxx_20251130_165835_000.7z
2025-11-30 17:01:00,-1.796419,-0.001796419,3.716141,-0.485082,-5.027478,768000,768000,1.000000000,1,2025-11-30 17:01:00.000000,2025-11-30 17:01:59.999922,1,BAYxx_xxxx_20251130_165835_000.7z
2025-11-30 17:02:00,-11.376310,-0.011376310,-0.046891,-3.141684,-8.187736,768000,768000,1.000000000,1,2025-11-30 17:02:00.000000,2025-11-30 17:02:59.999922,1,BAYxx_xxxx_20251130_165835_000.7z
2025-11-30 17:03:00,0.027935,0.000027935,1.521638,1.035212,-2.528915,768000,768000,1.000000000,1,2025-11-30 17:03:00.000000,2025-11-30 17:03:59.999922,1,BAYxx_xxxx_20251130_165835_000.7z
2025-11-30 17:04:00,-5.776569,-0.005776569,0.663436,-2.815304,-3.624701,768000,768000,1.000000000,1,2025-11-30 17:04:00.000000,2025-11-30 17:04:59.999922,1,BAYxx_xxxx_20251130_165835_000.7z
2025-11-30 17:05:00,-10.988764,-0.010988764,-2.978535,-1.815235,-6.194995,768000,768000,1.000000000,1,2025-11-30 17:05:00.000000,2025-11-30 17:05:59.999922,1,BAYxx_xxxx_20251130_165835_000.7z
2025-11-30 17:06:00,-12.019047,-0.012019047,-0.468419,-3.973208,-7.577421,768000,768000,1.000000000,1,2025-11-30 17:06:00.000000,2025-11-30 17:06:59.999922,1,BAYxx_xxxx_20251130_165835_000.7z
2025-11-30 17:07:00,0.012088,0.000012088,5.554459,0.915385,-6.457757,768000,768000,1.000000000,1,2025-11-30 17:07:00.000000,2025-11-30 17:07:59.999922,1,BAYxx_xxxx_20251130_165835_000.7z
2025-11-30 17:08:00,-9.532082,-0.009532082,0.897949,-3.477058,-6.952973,691260,768000,0.900078125,0,2025-11-30 17:08:00.000000,2025-11-30 17:08:59.999922,2,BAYxx_xxxx_20251130_165835_000.7z;BAYxx_xxxx_20251130_170841_000.7z
2025-11-30 17:09:00,-8.310231,-0.008310231,0.462539,-3.784630,-4.988140,768000,768000,1.000000000,1,2025-11-30 17:09:00.000000,2025-11-30 17:09:59.999922,1,BAYxx_xxxx_20251130_170841_000.7z
2025-11-30 17:10:00,-2.043634,-0.002043634,1.521028,-0.478954,-3.085708,768000,768000,1.000000000,1,2025-11-30 17:10:00.000000,2025-11-30 17:10:59.999922,1,BAYxx_xxxx_20251130_170841_000.7z
2025-11-30 17:11:00,-8.053626,-0.008053626,1.616745,-3.021266,-6.649105,768000,768000,1.000000000,1,2025-11-30 17:11:00.000000,2025-11-30 17:11:59.999922,1,BAYxx_xxxx_20251130_170841_000.7z
2025-11-30 17:12:00,-10.880947,-0.010880947,-2.510187,-4.629022,-3.741738,768000,768000,1.000000000,1,2025-11-30 17:12:00.000000,2025-11-30 17:12:59.999922,1,BAYxx_xxxx_20251130_170841_000.7z
2025-11-30 17:13:00,-8.252532,-0.008252532,0.974338,-4.485942,-4.740928,768000,768000,1.000000000,1,2025-11-30 17:13:00.000000,2025-11-30 17:13:59.999922,1,BAYxx_xxxx_20251130_170841_000.7z
2025-11-30 17:14:00,-7.922757,-0.007922757,-0.962279,-2.483339,-4.477140,768000,768000,1.000000000,1,2025-11-30 17:14:00.000000,2025-11-30 17:14:59.999922,1,BAYxx_xxxx_20251130_170841_000.7z
2025-11-30 17:15:00,-16.952092,-0.016952092,-3.443564,-3.488657,-10.019871,768000,768000,1.000000000,1,2025-11-30 17:15:00.000000,2025-11-30 17:15:59.999922,1,BAYxx_xxxx_20251130_170841_000.7z
2025-11-30 17:16:00,-6.743612,-0.006743612,1.750549,-0.207544,-8.286617,768000,768000,1.000000000,1,2025-11-30 17:16:00.000000,2025-11-30 17:16:59.999922,1,BAYxx_xxxx_20251130_170841_000.7z
2025-11-30 17:17:00,-13.713072,-0.013713072,-0.394922,-5.782612,-7.535539,768000,768000,1.000000000,1,2025-11-30 17:17:00.000000,2025-11-30 17:17:59.999922,1,BAYxx_xxxx_20251130_170841_000.7z
2025-11-30 17:18:00,-22.317186,-0.022317186,-1.526298,-8.217200,-12.573687,652819,768000,0.850024740,0,2025-11-30 17:18:00.000000,2025-11-30 17:18:59.999922,2,BAYxx_xxxx_20251130_170841_000.7z;BAYxx_xxxx_20251130_171850_000.7z
2025-11-30 17:19:00,-11.627972,-0.011627972,-1.028744,-0.538769,-10.060459,768000,768000,1.000000000,1,2025-11-30 17:19:00.000000,2025-11-30 17:19:59.999922,1,BAYxx_xxxx_20251130_171850_000.7z
2025-11-30 17:20:00,-5.455774,-0.005455774,0.681792,-1.787584,-4.349982,768000,768000,1.000000000,1,2025-11-30 17:20:00.000000,2025-11-30 17:20:59.999922,1,BAYxx_xxxx_20251130_171850_000.7z
2025-11-30 17:21:00,-15.594264,-0.015594264,-2.661850,-5.520303,-7.412111,768000,768000,1.000000000,1,2025-11-30 17:21:00.000000,2025-11-30 17:21:59.999922,1,BAYxx_xxxx_20251130_171850_000.7z
2025-11-30 17:22:00,-10.796025,-0.010796025,-3.957440,-2.324417,-4.514168,768000,768000,1.000000000,1,2025-11-30 17:22:00.000000,2025-11-30 17:22:59.999922,1,BAYxx_xxxx_20251130_171850_000.7z
2025-11-30 17:23:00,-5.060619,-0.005060619,6.054300,-2.572298,-8.542621,768000,768000,1.000000000,1,2025-11-30 17:23:00.000000,2025-11-30 17:23:59.999922,1,BAYxx_xxxx_20251130_171850_000.7z
2025-11-30 17:24:00,-4.867096,-0.004867096,2.311949,-0.842337,-6.336708,768000,768000,1.000000000,1,2025-11-30 17:24:00.000000,2025-11-30 17:24:59.999922,1,BAYxx_xxxx_20251130_171850_000.7z
2025-11-30 17:25:00,-10.547035,-0.010547035,-3.893681,-2.619065,-4.034289,768000,768000,1.000000000,1,2025-11-30 17:25:00.000000,2025-11-30 17:25:59.999922,1,BAYxx_xxxx_20251130_171850_000.7z
2025-11-30 17:26:00,-6.828174,-0.006828174,-2.044549,-0.400461,-4.383163,768000,768000,1.000000000,1,2025-11-30 17:26:00.000000,2025-11-30 17:26:59.999922,1,BAYxx_xxxx_20251130_171850_000.7z
2025-11-30 17:27:00,-8.391589,-0.008391589,1.315244,-3.058152,-6.648681,768000,768000,1.000000000,1,2025-11-30 17:27:00.000000,2025-11-30 17:27:59.999922,1,BAYxx_xxxx_20251130_171850_000.7z
2025-11-30 17:28:00,-7.349148,-0.007349148,4.014690,-6.680409,-4.683429,729623,768000,0.950029948,0,2025-11-30 17:28:00.000000,2025-11-30 17:28:59.999922,2,BAYxx_xxxx_20251130_171850_000.7z;BAYxx_xxxx_20251130_172853_000.7z
2025-11-30 17:29:00,-16.232394,-0.016232394,-8.330788,-1.406456,-6.495150,768000,768000,1.000000000,1,2025-11-30 17:29:00.000000,2025-11-30 17:29:59.999922,1,BAYxx_xxxx_20251130_172853_000.7z
2025-11-30 17:30:00,0.891464,0.000891464,-4.323444,7.746342,-2.531435,768000,768000,1.000000000,1,2025-11-30 17:30:00.000000,2025-11-30 17:30:59.999922,1,BAYxx_xxxx_20251130_172853_000.7z
2025-11-30 17:31:00,0.014132,0.000014132,3.795439,0.961664,-4.742971,768000,768000,1.000000000,1,2025-11-30 17:31:00.000000,2025-11-30 17:31:59.999922,1,BAYxx_xxxx_20251130_172853_000.7z
2025-11-30 17:32:00,-5.519198,-0.005519198,4.002897,-5.552808,-3.969288,768000,768000,1.000000000,1,2025-11-30 17:32:00.000000,2025-11-30 17:32:59.999922,1,BAYxx_xxxx_20251130_172853_000.7z
2025-11-30 17:33:00,-0.468050,-0.000468050,5.857273,-1.129796,-5.195527,768000,768000,1.000000000,1,2025-11-30 17:33:00.000000,2025-11-30 17:33:59.999922,1,BAYxx_xxxx_20251130_172853_000.7z
2025-11-30 17:34:00,-4.853636,-0.004853636,-0.089808,-1.989581,-2.774247,768000,768000,1.000000000,1,2025-11-30 17:34:00.000000,2025-11-30 17:34:59.999922,1,BAYxx_xxxx_20251130_172853_000.7z
2025-11-30 17:35:00,-0.607620,-0.000607620,2.405140,0.483608,-3.496369,768000,768000,1.000000000,1,2025-11-30 17:35:00.000000,2025-11-30 17:35:59.999922,1,BAYxx_xxxx_20251130_172853_000.7z
2025-11-30 17:36:00,-8.748732,-0.008748732,1.292446,-4.729799,-5.311378,768000,768000,1.000000000,1,2025-11-30 17:36:00.000000,2025-11-30 17:36:59.999922,1,BAYxx_xxxx_20251130_172853_000.7z
2025-11-30 17:37:00,-2.799836,-0.002799836,0.586860,0.974279,-4.360975,768000,768000,1.000000000,1,2025-11-30 17:37:00.000000,2025-11-30 17:37:59.999922,1,BAYxx_xxxx_20251130_172853_000.7z
2025-11-30 17:38:00,-4.503527,-0.004503527,4.037298,-6.259049,-2.281777,678539,768000,0.883514323,0,2025-11-30 17:38:00.000000,2025-11-30 17:38:53.010781,1,BAYxx_xxxx_20251130_172853_000.7z
2025-11-30 17:39:00,-3.677679,-0.003677679,7.248244,-4.732734,-6.193189,742400,768000,0.966666667,0,2025-11-30 17:39:02.000000,2025-11-30 17:39:59.999922,1,BAYxx_xxxx_20251130_173902_000.7z
2025-11-30 17:40:00,-11.664006,-0.011664006,-1.842897,-5.594507,-4.226602,768000,768000,1.000000000,1,2025-11-30 17:40:00.000000,2025-11-30 17:40:59.999922,1,BAYxx_xxxx_20251130_173902_000.7z
2025-11-30 17:41:00,-9.593162,-0.009593162,0.365661,-4.326798,-5.632025,768000,768000,1.000000000,1,2025-11-30 17:41:00.000000,2025-11-30 17:41:59.999922,1,BAYxx_xxxx_20251130_173902_000.7z
2025-11-30 17:42:00,-9.735793,-0.009735793,2.166129,-4.044693,-7.857230,768000,768000,1.000000000,1,2025-11-30 17:42:00.000000,2025-11-30 17:42:59.999922,1,BAYxx_xxxx_20251130_173902_000.7z
2025-11-30 17:43:00,-11.663670,-0.011663670,-0.877042,-2.590748,-8.195880,768000,768000,1.000000000,1,2025-11-30 17:43:00.000000,2025-11-30 17:43:59.999922,1,BAYxx_xxxx_20251130_173902_000.7z
2025-11-30 17:44:00,-4.385020,-0.004385020,2.258085,-1.530414,-5.112691,768000,768000,1.000000000,1,2025-11-30 17:44:00.000000,2025-11-30 17:44:59.999922,1,BAYxx_xxxx_20251130_173902_000.7z
2025-11-30 17:45:00,-7.025101,-0.007025101,0.542363,-2.195203,-5.372261,768000,768000,1.000000000,1,2025-11-30 17:45:00.000000,2025-11-30 17:45:59.999922,1,BAYxx_xxxx_20251130_173902_000.7z
2025-11-30 17:46:00,-9.655843,-0.009655843,1.282728,-6.829222,-4.109349,768000,768000,1.000000000,1,2025-11-30 17:46:00.000000,2025-11-30 17:46:59.999922,1,BAYxx_xxxx_20251130_173902_000.7z
2025-11-30 17:47:00,-6.208133,-0.006208133,0.159833,-4.609238,-1.758727,768000,768000,1.000000000,1,2025-11-30 17:47:00.000000,2025-11-30 17:47:59.999922,1,BAYxx_xxxx_20251130_173902_000.7z
2025-11-30 17:48:00,-4.741659,-0.004741659,3.310195,-2.936948,-5.114906,768000,768000,1.000000000,1,2025-11-30 17:48:00.000000,2025-11-30 17:48:59.999922,1,BAYxx_xxxx_20251130_173902_000.7z
2025-11-30 17:49:00,-15.550931,-0.015550931,-4.056421,-3.564865,-7.929645,678418,768000,0.883356771,0,2025-11-30 17:49:00.000000,2025-11-30 17:49:59.999922,2,BAYxx_xxxx_20251130_173902_000.7z;BAYxx_xxxx_20251130_174909_000.7z
2025-11-30 17:50:00,-13.999702,-0.013999702,-0.414689,-9.164216,-4.420797,768000,768000,1.000000000,1,2025-11-30 17:50:00.000000,2025-11-30 17:50:59.999922,1,BAYxx_xxxx_20251130_174909_000.7z
2025-11-30 17:51:00,-10.451113,-0.010451113,0.309212,-1.958231,-8.802094,768000,768000,1.000000000,1,2025-11-30 17:51:00.000000,2025-11-30 17:51:59.999922,1,BAYxx_xxxx_20251130_174909_000.7z
2025-11-30 17:52:00,-21.300479,-0.021300479,-11.840302,-5.569882,-3.890295,768000,768000,1.000000000,1,2025-11-30 17:52:00.000000,2025-11-30 17:52:59.999922,1,BAYxx_xxxx_20251130_174909_000.7z
2025-11-30 17:53:00,-11.747341,-0.011747341,-0.875276,-4.930694,-5.941371,768000,768000,1.000000000,1,2025-11-30 17:53:00.000000,2025-11-30 17:53:59.999922,1,BAYxx_xxxx_20251130_174909_000.7z
2025-11-30 17:54:00,-19.377634,-0.019377634,-1.048207,-8.446674,-9.882753,768000,768000,1.000000000,1,2025-11-30 17:54:00.000000,2025-11-30 17:54:59.999922,1,BAYxx_xxxx_20251130_174909_000.7z
2025-11-30 17:55:00,-0.854563,-0.000854563,-1.478608,7.181180,-6.557135,768000,768000,1.000000000,1,2025-11-30 17:55:00.000000,2025-11-30 17:55:59.999922,1,BAYxx_xxxx_20251130_174909_000.7z
2025-11-30 17:56:00,-18.686727,-0.018686727,-0.240886,-8.609589,-9.836252,768000,768000,1.000000000,1,2025-11-30 17:56:00.000000,2025-11-30 17:56:59.999922,1,BAYxx_xxxx_20251130_174909_000.7z
2025-11-30 17:57:00,-4.015422,-0.004015422,1.306995,-1.589868,-3.732549,768000,768000,1.000000000,1,2025-11-30 17:57:00.000000,2025-11-30 17:57:59.999922,1,BAYxx_xxxx_20251130_174909_000.7z
2025-11-30 17:58:00,-8.144711,-0.008144711,0.887884,-2.980634,-6.051961,768000,768000,1.000000000,1,2025-11-30 17:58:00.000000,2025-11-30 17:58:59.999922,1,BAYxx_xxxx_20251130_174909_000.7z
2025-11-30 17:59:00,-7.128883,-0.007128883,-2.274659,0.808626,-5.662850,729627,768000,0.950035156,0,2025-11-30 17:59:00.000000,2025-11-30 17:59:59.999922,2,BAYxx_xxxx_20251130_174909_000.7z;BAYxx_xxxx_20251130_175912_000.7z
2025-11-30 18:00:00,-19.804438,-0.019804438,-4.338895,-5.758442,-9.707101,768000,768000,1.000000000,1,2025-11-30 18:00:00.000000,2025-11-30 18:00:59.999922,1,BAYxx_xxxx_20251130_175912_000.7z
2025-11-30 18:01:00,-9.357380,-0.009357380,-1.869547,-2.188751,-5.299083,768000,768000,1.000000000,1,2025-11-30 18:01:00.000000,2025-11-30 18:01:59.999922,1,BAYxx_xxxx_20251130_175912_000.7z
2025-11-30 18:02:00,-9.107448,-0.009107448,1.128507,-1.817578,-8.418377,768000,768000,1.000000000,1,2025-11-30 18:02:00.000000,2025-11-30 18:02:59.999922,1,BAYxx_xxxx_20251130_175912_000.7z
2025-11-30 18:03:00,-11.232989,-0.011232989,-1.355428,-5.688301,-4.189260,768000,768000,1.000000000,1,2025-11-30 18:03:00.000000,2025-11-30 18:03:59.999922,1,BAYxx_xxxx_20251130_175912_000.7z
2025-11-30 18:04:00,-9.774109,-0.009774109,-1.767634,-4.183681,-3.822794,768000,768000,1.000000000,1,2025-11-30 18:04:00.000000,2025-11-30 18:04:59.999922,1,BAYxx_xxxx_20251130_175912_000.7z
2025-11-30 18:05:00,-9.111670,-0.009111670,4.351060,-4.558927,-8.903803,768000,768000,1.000000000,1,2025-11-30 18:05:00.000000,2025-11-30 18:05:59.999922,1,BAYxx_xxxx_20251130_175912_000.7z
2025-11-30 18:06:00,-12.234915,-0.012234915,-0.056843,-6.771196,-5.406876,768000,768000,1.000000000,1,2025-11-30 18:06:00.000000,2025-11-30 18:06:59.999922,1,BAYxx_xxxx_20251130_175912_000.7z
2025-11-30 18:07:00,-5.085033,-0.005085033,4.858633,-5.017034,-4.926632,768000,768000,1.000000000,1,2025-11-30 18:07:00.000000,2025-11-30 18:07:59.999922,1,BAYxx_xxxx_20251130_175912_000.7z
2025-11-30 18:08:00,-8.142236,-0.008142236,0.163295,-2.509093,-5.796439,768000,768000,1.000000000,1,2025-11-30 18:08:00.000000,2025-11-30 18:08:59.999922,1,BAYxx_xxxx_20251130_175912_000.7z
2025-11-30 18:09:00,-8.910826,-0.008910826,6.802418,-6.915849,-8.797395,729671,768000,0.950092448,0,2025-11-30 18:09:00.000000,2025-11-30 18:09:59.999922,2,BAYxx_xxxx_20251130_175912_000.7z;BAYxx_xxxx_20251130_180915_000.7z
2025-11-30 18:10:00,-3.782063,-0.003782063,1.255371,-0.572371,-4.465063,768000,768000,1.000000000,1,2025-11-30 18:10:00.000000,2025-11-30 18:10:59.999922,1,BAYxx_xxxx_20251130_180915_000.7z
2025-11-30 18:11:00,-7.461322,-0.007461322,-1.125956,-1.822720,-4.512646,768000,768000,1.000000000,1,2025-11-30 18:11:00.000000,2025-11-30 18:11:59.999922,1,BAYxx_xxxx_20251130_180915_000.7z
2025-11-30 18:12:00,-12.785197,-0.012785197,-0.393117,-5.377710,-7.014370,768000,768000,1.000000000,1,2025-11-30 18:12:00.000000,2025-11-30 18:12:59.999922,1,BAYxx_xxxx_20251130_180915_000.7z
2025-11-30 18:13:00,-20.141274,-0.020141274,1.082987,-9.867740,-11.356520,768000,768000,1.000000000,1,2025-11-30 18:13:00.000000,2025-11-30 18:13:59.999922,1,BAYxx_xxxx_20251130_180915_000.7z
2025-11-30 18:14:00,-7.773946,-0.007773946,2.604198,-5.423833,-4.954311,768000,768000,1.000000000,1,2025-11-30 18:14:00.000000,2025-11-30 18:14:59.999922,1,BAYxx_xxxx_20251130_180915_000.7z
2025-11-30 18:15:00,-11.971571,-0.011971571,-1.517118,-2.776508,-7.677944,768000,768000,1.000000000,1,2025-11-30 18:15:00.000000,2025-11-30 18:15:59.999922,1,BAYxx_xxxx_20251130_180915_000.7z
2025-11-30 18:16:00,-13.759207,-0.013759207,-1.256057,-6.877451,-5.625700,768000,768000,1.000000000,1,2025-11-30 18:16:00.000000,2025-11-30 18:16:59.999922,1,BAYxx_xxxx_20251130_180915_000.7z
2025-11-30 18:17:00,0.277761,0.000277761,2.085836,-0.883705,-0.924370,768000,768000,1.000000000,1,2025-11-30 18:17:00.000000,2025-11-30 18:17:59.999922,1,BAYxx_xxxx_20251130_180915_000.7z
2025-11-30 18:18:00,-6.002921,-0.006002921,2.043785,-2.923606,-5.123100,768000,768000,1.000000000,1,2025-11-30 18:18:00.000000,2025-11-30 18:18:59.999922,1,BAYxx_xxxx_20251130_180915_000.7z
2025-11-30 18:19:00,8.825938,0.008825938,-1.529642,5.542605,4.812975,601646,768000,0.783393229,0,2025-11-30 18:19:00.000000,2025-11-30 18:19:59.999922,2,BAYxx_xxxx_20251130_180915_000.7z;BAYxx_xxxx_20251130_181928_000.7z
2025-11-30 18:20:00,-10.884079,-0.010884079,-1.876965,-1.273930,-7.733184,768000,768000,1.000000000,1,2025-11-30 18:20:00.000000,2025-11-30 18:20:59.999922,1,BAYxx_xxxx_20251130_181928_000.7z
2025-11-30 18:21:00,-13.067836,-0.013067836,-3.682795,-0.764687,-8.620354,768000,768000,1.000000000,1,2025-11-30 18:21:00.000000,2025-11-30 18:21:59.999922,1,BAYxx_xxxx_20251130_181928_000.7z
2025-11-30 18:22:00,-6.062400,-0.006062400,-0.273291,-0.343488,-5.445621,768000,768000,1.000000000,1,2025-11-30 18:22:00.000000,2025-11-30 18:22:59.999922,1,BAYxx_xxxx_20251130_181928_000.7z
2025-11-30 18:23:00,-6.110338,-0.006110338,-0.232731,-0.572219,-5.305388,768000,768000,1.000000000,1,2025-11-30 18:23:00.000000,2025-11-30 18:23:59.999922,1,BAYxx_xxxx_20251130_181928_000.7z
2025-11-30 18:24:00,-4.081136,-0.004081136,4.144285,-0.561178,-7.664243,768000,768000,1.000000000,1,2025-11-30 18:24:00.000000,2025-11-30 18:24:59.999922,1,BAYxx_xxxx_20251130_181928_000.7z
2025-11-30 18:25:00,-7.902014,-0.007902014,-0.635753,-4.400842,-2.865419,768000,768000,1.000000000,1,2025-11-30 18:25:00.000000,2025-11-30 18:25:59.999922,1,BAYxx_xxxx_20251130_181928_000.7z
2025-11-30 18:26:00,-4.597445,-0.004597445,-2.242881,-2.150429,-0.204135,768000,768000,1.000000000,1,2025-11-30 18:26:00.000000,2025-11-30 18:26:59.999922,1,BAYxx_xxxx_20251130_181928_000.7z
2025-11-30 18:27:00,-5.300013,-0.005300013,1.592663,-2.239212,-4.653465,768000,768000,1.000000000,1,2025-11-30 18:27:00.000000,2025-11-30 18:27:59.999922,1,BAYxx_xxxx_20251130_181928_000.7z
2025-11-30 18:28:00,-7.171353,-0.007171353,0.567730,-2.448437,-5.290646,768000,768000,1.000000000,1,2025-11-30 18:28:00.000000,2025-11-30 18:28:59.999922,1,BAYxx_xxxx_20251130_181928_000.7z
2025-11-30 18:29:00,1.805335,0.001805335,2.556744,0.961734,-1.713143,716941,768000,0.933516927,0,2025-11-30 18:29:00.000000,2025-11-30 18:29:59.999922,2,BAYxx_xxxx_20251130_181928_000.7z;BAYxx_xxxx_20251130_182932_000.7z
2025-11-30 18:30:00,-6.584750,-0.006584750,0.079064,-1.557388,-5.106426,768000,768000,1.000000000,1,2025-11-30 18:30:00.000000,2025-11-30 18:30:59.999922,1,BAYxx_xxxx_20251130_182932_000.7z
2025-11-30 18:31:00,-14.261557,-0.014261557,-4.570012,-1.305300,-8.386245,768000,768000,1.000000000,1,2025-11-30 18:31:00.000000,2025-11-30 18:31:59.999922,1,BAYxx_xxxx_20251130_182932_000.7z
2025-11-30 18:32:00,-2.153727,-0.002153727,5.941394,-3.024548,-5.070573,768000,768000,1.000000000,1,2025-11-30 18:32:00.000000,2025-11-30 18:32:59.999922,1,BAYxx_xxxx_20251130_182932_000.7z
2025-11-30 18:33:00,-11.920831,-0.011920831,-2.352784,-1.173674,-8.394373,768000,768000,1.000000000,1,2025-11-30 18:33:00.000000,2025-11-30 18:33:59.999922,1,BAYxx_xxxx_20251130_182932_000.7z
2025-11-30 18:34:00,-13.215033,-0.013215033,-2.602725,-2.773788,-7.838521,768000,768000,1.000000000,1,2025-11-30 18:34:00.000000,2025-11-30 18:34:59.999922,1,BAYxx_xxxx_20251130_182932_000.7z
2025-11-30 18:35:00,-14.223164,-0.014223164,-1.080326,-6.206554,-6.936284,768000,768000,1.000000000,1,2025-11-30 18:35:00.000000,2025-11-30 18:35:59.999922,1,BAYxx_xxxx_20251130_182932_000.7z
2025-11-30 18:36:00,-6.239044,-0.006239044,2.047011,-3.552109,-4.733947,768000,768000,1.000000000,1,2025-11-30 18:36:00.000000,2025-11-30 18:36:59.999922,1,BAYxx_xxxx_20251130_182932_000.7z
2025-11-30 18:37:00,-4.226448,-0.004226448,4.781494,-3.790063,-5.217880,768000,768000,1.000000000,1,2025-11-30 18:37:00.000000,2025-11-30 18:37:59.999922,1,BAYxx_xxxx_20251130_182932_000.7z
2025-11-30 18:38:00,-8.605790,-0.008605790,-3.092023,-0.479971,-5.033796,768000,768000,1.000000000,1,2025-11-30 18:38:00.000000,2025-11-30 18:38:59.999922,1,BAYxx_xxxx_20251130_182932_000.7z
2025-11-30 18:39:00,-13.422105,-0.013422105,-1.075792,-8.845867,-3.500445,652803,768000,0.850003906,0,2025-11-30 18:39:00.000000,2025-11-30 18:39:59.999922,2,BAYxx_xxxx_20251130_182932_000.7z;BAYxx_xxxx_20251130_183941_000.7z
2025-11-30 18:40:00,-16.950225,-0.016950225,-4.569351,-6.285401,-6.095474,768000,768000,1.000000000,1,2025-11-30 18:40:00.000000,2025-11-30 18:40:59.999922,1,BAYxx_xxxx_20251130_183941_000.7z
2025-11-30 18:41:00,-18.406758,-0.018406758,-6.694893,-5.057047,-6.654819,768000,768000,1.000000000,1,2025-11-30 18:41:00.000000,2025-11-30 18:41:59.999922,1,BAYxx_xxxx_20251130_183941_000.7z
2025-11-30 18:42:00,0.925378,0.000925378,6.392958,-4.361629,-1.105952,768000,768000,1.000000000,1,2025-11-30 18:42:00.000000,2025-11-30 18:42:59.999922,1,BAYxx_xxxx_20251130_183941_000.7z
2025-11-30 18:43:00,-7.921629,-0.007921629,-0.671418,-5.108974,-2.141236,768000,768000,1.000000000,1,2025-11-30 18:43:00.000000,2025-11-30 18:43:59.999922,1,BAYxx_xxxx_20251130_183941_000.7z
2025-11-30 18:44:00,-6.617790,-0.006617790,-0.331367,-1.733158,-4.553265,768000,768000,1.000000000,1,2025-11-30 18:44:00.000000,2025-11-30 18:44:59.999922,1,BAYxx_xxxx_20251130_183941_000.7z
2025-11-30 18:45:00,-3.986199,-0.003986199,3.785723,-4.820230,-2.951692,768000,768000,1.000000000,1,2025-11-30 18:45:00.000000,2025-11-30 18:45:59.999922,1,BAYxx_xxxx_20251130_183941_000.7z
2025-11-30 18:46:00,-11.142931,-0.011142931,-3.289329,-1.121995,-6.731607,768000,768000,1.000000000,1,2025-11-30 18:46:00.000000,2025-11-30 18:46:59.999922,1,BAYxx_xxxx_20251130_183941_000.7z
2025-11-30 18:47:00,-10.496705,-0.010496705,-1.470290,-5.186920,-3.839496,768000,768000,1.000000000,1,2025-11-30 18:47:00.000000,2025-11-30 18:47:59.999922,1,BAYxx_xxxx_20251130_183941_000.7z
2025-11-30 18:48:00,-1.530684,-0.001530684,1.713152,-0.180214,-3.063622,768000,768000,1.000000000,1,2025-11-30 18:48:00.000000,2025-11-30 18:48:59.999922,1,BAYxx_xxxx_20251130_183941_000.7z
2025-11-30 18:49:00,-5.956857,-0.005956857,1.172707,-1.134659,-5.994904,691241,768000,0.900053385,0,2025-11-30 18:49:00.000000,2025-11-30 18:49:59.999922,2,BAYxx_xxxx_20251130_183941_000.7z;BAYxx_xxxx_20251130_184947_000.7z
2025-11-30 18:50:00,-1.706620,-0.001706620,4.754747,-1.583714,-4.877653,768000,768000,1.000000000,1,2025-11-30 18:50:00.000000,2025-11-30 18:50:59.999922,1,BAYxx_xxxx_20251130_184947_000.7z
2025-11-30 18:51:00,-6.033234,-0.006033234,0.569655,-2.124743,-4.478147,768000,768000,1.000000000,1,2025-11-30 18:51:00.000000,2025-11-30 18:51:59.999922,1,BAYxx_xxxx_20251130_184947_000.7z
2025-11-30 18:52:00,-4.670088,-0.004670088,0.391659,-5.197612,0.135865,768000,768000,1.000000000,1,2025-11-30 18:52:00.000000,2025-11-30 18:52:59.999922,1,BAYxx_xxxx_20251130_184947_000.7z
2025-11-30 18:53:00,-11.368525,-0.011368525,-1.608452,-4.234966,-5.525108,768000,768000,1.000000000,1,2025-11-30 18:53:00.000000,2025-11-30 18:53:59.999922,1,BAYxx_xxxx_20251130_184947_000.7z
2025-11-30 18:54:00,-7.076326,-0.007076326,-0.821230,1.899625,-8.154722,768000,768000,1.000000000,1,2025-11-30 18:54:00.000000,2025-11-30 18:54:59.999922,1,BAYxx_xxxx_20251130_184947_000.7z
2025-11-30 18:55:00,-2.990698,-0.002990698,-0.078528,3.110457,-6.022627,768000,768000,1.000000000,1,2025-11-30 18:55:00.000000,2025-11-30 18:55:59.999922,1,BAYxx_xxxx_20251130_184947_000.7z
2025-11-30 18:56:00,-15.881147,-0.015881147,-0.544370,-11.191608,-4.145169,768000,768000,1.000000000,1,2025-11-30 18:56:00.000000,2025-11-30 18:56:59.999922,1,BAYxx_xxxx_20251130_184947_000.7z
2025-11-30 18:57:00,-8.931906,-0.008931906,0.188588,-4.541351,-4.579143,768000,768000,1.000000000,1,2025-11-30 18:57:00.000000,2025-11-30 18:57:59.999922,1,BAYxx_xxxx_20251130_184947_000.7z
2025-11-30 18:58:00,-6.589502,-0.006589502,-0.004786,-2.917820,-3.666895,768000,768000,1.000000000,1,2025-11-30 18:58:00.000000,2025-11-30 18:58:59.999922,1,BAYxx_xxxx_20251130_184947_000.7z
2025-11-30 18:59:00,-7.560971,-0.007560971,-0.562082,-3.101788,-3.897101,716863,768000,0.933415365,0,2025-11-30 18:59:00.000000,2025-11-30 18:59:59.999922,2,BAYxx_xxxx_20251130_184947_000.7z;BAYxx_xxxx_20251130_185951_000.7z
2025-11-30 19:00:00,-2.923037,-0.002923037,4.948532,-2.962707,-4.908862,768000,768000,1.000000000,1,2025-11-30 19:00:00.000000,2025-11-30 19:00:59.999922,1,BAYxx_xxxx_20251130_185951_000.7z
2025-11-30 19:01:00,-9.347922,-0.009347922,-2.237921,-4.600916,-2.509085,768000,768000,1.000000000,1,2025-11-30 19:01:00.000000,2025-11-30 19:01:59.999922,1,BAYxx_xxxx_20251130_185951_000.7z
2025-11-30 19:02:00,-5.776868,-0.005776868,0.501760,1.068680,-7.347308,768000,768000,1.000000000,1,2025-11-30 19:02:00.000000,2025-11-30 19:02:59.999922,1,BAYxx_xxxx_20251130_185951_000.7z
2025-11-30 19:03:00,-2.263241,-0.002263241,4.128699,-3.463897,-2.928043,768000,768000,1.000000000,1,2025-11-30 19:03:00.000000,2025-11-30 19:03:59.999922,1,BAYxx_xxxx_20251130_185951_000.7z
2025-11-30 19:04:00,-4.470561,-0.004470561,1.793153,-1.366687,-4.897027,768000,768000,1.000000000,1,2025-11-30 19:04:00.000000,2025-11-30 19:04:59.999922,1,BAYxx_xxxx_20251130_185951_000.7z
2025-11-30 19:05:00,-5.414098,-0.005414098,2.067771,-1.593304,-5.888565,768000,768000,1.000000000,1,2025-11-30 19:05:00.000000,2025-11-30 19:05:59.999922,1,BAYxx_xxxx_20251130_185951_000.7z
2025-11-30 19:06:00,-10.589838,-0.010589838,-5.641272,-3.035137,-1.913429,768000,768000,1.000000000,1,2025-11-30 19:06:00.000000,2025-11-30 19:06:59.999922,1,BAYxx_xxxx_20251130_185951_000.7z
2025-11-30 19:07:00,-12.105618,-0.012105618,-1.566452,-4.355006,-6.184159,768000,768000,1.000000000,1,2025-11-30 19:07:00.000000,2025-11-30 19:07:59.999922,1,BAYxx_xxxx_20251130_185951_000.7z
2025-11-30 19:08:00,-10.055503,-0.010055503,-1.818737,-2.542589,-5.694177,768000,768000,1.000000000,1,2025-11-30 19:08:00.000000,2025-11-30 19:08:59.999922,1,BAYxx_xxxx_20251130_185951_000.7z
2025-11-30 19:09:00,-6.134697,-0.006134697,0.485930,-0.570568,-6.050060,716886,768000,0.933445312,0,2025-11-30 19:09:00.000000,2025-11-30 19:09:59.999922,2,BAYxx_xxxx_20251130_185951_000.7z;BAYxx_xxxx_20251130_190955_000.7z
2025-11-30 19:10:00,-19.187233,-0.019187233,-8.966400,-4.700293,-5.520540,768000,768000,1.000000000,1,2025-11-30 19:10:00.000000,2025-11-30 19:10:59.999922,1,BAYxx_xxxx_20251130_190955_000.7z
2025-11-30 19:11:00,-12.515117,-0.012515117,-3.671942,-5.387230,-3.455945,768000,768000,1.000000000,1,2025-11-30 19:11:00.000000,2025-11-30 19:11:59.999922,1,BAYxx_xxxx_20251130_190955_000.7z
2025-11-30 19:12:00,1.273849,0.001273849,0.396838,4.083916,-3.206905,768000,768000,1.000000000,1,2025-11-30 19:12:00.000000,2025-11-30 19:12:59.999922,1,BAYxx_xxxx_20251130_190955_000.7z
2025-11-30 19:13:00,-13.048409,-0.013048409,-0.574933,-4.033644,-8.439832,768000,768000,1.000000000,1,2025-11-30 19:13:00.000000,2025-11-30 19:13:59.999922,1,BAYxx_xxxx_20251130_190955_000.7z
2025-11-30 19:14:00,-9.818887,-0.009818887,3.123708,-6.055294,-6.887301,768000,768000,1.000000000,1,2025-11-30 19:14:00.000000,2025-11-30 19:14:59.999922,1,BAYxx_xxxx_20251130_190955_000.7z
2025-11-30 19:15:00,-4.554655,-0.004554655,0.030264,-0.625850,-3.959070,768000,768000,1.000000000,1,2025-11-30 19:15:00.000000,2025-11-30 19:15:59.999922,1,BAYxx_xxxx_20251130_190955_000.7z
2025-11-30 19:16:00,-6.308466,-0.006308466,2.505445,-3.473270,-5.340641,768000,768000,1.000000000,1,2025-11-30 19:16:00.000000,2025-11-30 19:16:59.999922,1,BAYxx_xxxx_20251130_190955_000.7z
2025-11-30 19:17:00,-2.424407,-0.002424407,3.440580,0.308967,-6.173953,768000,768000,1.000000000,1,2025-11-30 19:17:00.000000,2025-11-30 19:17:59.999922,1,BAYxx_xxxx_20251130_190955_000.7z
2025-11-30 19:18:00,-3.363094,-0.003363094,2.240379,-0.410743,-5.192730,768000,768000,1.000000000,1,2025-11-30 19:18:00.000000,2025-11-30 19:18:59.999922,1,BAYxx_xxxx_20251130_190955_000.7z
2025-11-30 19:19:00,-8.796660,-0.008796660,0.059854,-5.785704,-3.070810,704008,768000,0.916677083,0,2025-11-30 19:19:00.000000,2025-11-30 19:19:55.000547,1,BAYxx_xxxx_20251130_190955_000.7z
2025-11-30 19:20:00,-2.987504,-0.002987504,0.161661,1.315657,-4.464823,665600,768000,0.866666667,0,2025-11-30 19:20:08.000000,2025-11-30 19:20:59.999922,1,BAYxx_xxxx_20251130_192008_000.7z
2025-11-30 19:21:00,-6.856975,-0.006856975,2.466274,-2.785630,-6.537619,768000,768000,1.000000000,1,2025-11-30 19:21:00.000000,2025-11-30 19:21:59.999922,1,BAYxx_xxxx_20251130_192008_000.7z
2025-11-30 19:22:00,-11.345808,-0.011345808,-6.108908,1.154804,-6.391705,768000,768000,1.000000000,1,2025-11-30 19:22:00.000000,2025-11-30 19:22:59.999922,1,BAYxx_xxxx_20251130_192008_000.7z
2025-11-30 19:23:00,-0.734676,-0.000734676,0.271928,2.975564,-3.982169,768000,768000,1.000000000,1,2025-11-30 19:23:00.000000,2025-11-30 19:23:59.999922,1,BAYxx_xxxx_20251130_192008_000.7z
2025-11-30 19:24:00,-2.964720,-0.002964720,2.732022,1.052495,-6.749237,768000,768000,1.000000000,1,2025-11-30 19:24:00.000000,2025-11-30 19:24:59.999922,1,BAYxx_xxxx_20251130_192008_000.7z
2025-11-30 19:25:00,-5.398961,-0.005398961,0.199817,-1.281604,-4.317174,768000,768000,1.000000000,1,2025-11-30 19:25:00.000000,2025-11-30 19:25:59.999922,1,BAYxx_xxxx_20251130_192008_000.7z
2025-11-30 19:26:00,-4.074780,-0.004074780,3.153461,-2.479942,-4.748299,768000,768000,1.000000000,1,2025-11-30 19:26:00.000000,2025-11-30 19:26:59.999922,1,BAYxx_xxxx_20251130_192008_000.7z
2025-11-30 19:27:00,-5.861970,-0.005861970,3.717518,-5.659439,-3.920049,768000,768000,1.000000000,1,2025-11-30 19:27:00.000000,2025-11-30 19:27:59.999922,1,BAYxx_xxxx_20251130_192008_000.7z
2025-11-30 19:28:00,-9.442250,-0.009442250,-1.239354,-2.564816,-5.638079,768000,768000,1.000000000,1,2025-11-30 19:28:00.000000,2025-11-30 19:28:59.999922,1,BAYxx_xxxx_20251130_192008_000.7z
2025-11-30 19:29:00,1.788945,0.001788945,2.679678,2.778307,-3.669041,768000,768000,1.000000000,1,2025-11-30 19:29:00.000000,2025-11-30 19:29:59.999922,1,BAYxx_xxxx_20251130_192008_000.7z
2025-11-30 19:30:00,-12.603034,-0.012603034,-1.098109,-6.531901,-4.973025,716849,768000,0.933397135,0,2025-11-30 19:30:00.000000,2025-11-30 19:30:59.999922,2,BAYxx_xxxx_20251130_192008_000.7z;BAYxx_xxxx_20251130_193012_000.7z
2025-11-30 19:31:00,-0.711176,-0.000711176,4.362870,-3.998461,-1.075585,768000,768000,1.000000000,1,2025-11-30 19:31:00.000000,2025-11-30 19:31:59.999922,1,BAYxx_xxxx_20251130_193012_000.7z
2025-11-30 19:32:00,-1.930468,-0.001930468,9.474071,-8.708844,-2.695695,768000,768000,1.000000000,1,2025-11-30 19:32:00.000000,2025-11-30 19:32:59.999922,1,BAYxx_xxxx_20251130_193012_000.7z
2025-11-30 19:33:00,-9.103249,-0.009103249,4.111316,-7.367450,-5.847114,768000,768000,1.000000000,1,2025-11-30 19:33:00.000000,2025-11-30 19:33:59.999922,1,BAYxx_xxxx_20251130_193012_000.7z
2025-11-30 19:34:00,-12.881293,-0.012881293,-1.882736,-5.724334,-5.274222,768000,768000,1.000000000,1,2025-11-30 19:34:00.000000,2025-11-30 19:34:59.999922,1,BAYxx_xxxx_20251130_193012_000.7z
2025-11-30 19:35:00,-3.973153,-0.003973153,9.354857,-5.203633,-8.124377,768000,768000,1.000000000,1,2025-11-30 19:35:00.000000,2025-11-30 19:35:59.999922,1,BAYxx_xxxx_20251130_193012_000.7z
2025-11-30 19:36:00,-19.653431,-0.019653431,1.526183,-9.011924,-12.167690,768000,768000,1.000000000,1,2025-11-30 19:36:00.000000,2025-11-30 19:36:59.999922,1,BAYxx_xxxx_20251130_193012_000.7z
2025-11-30 19:37:00,-7.267971,-0.007267971,2.069174,-3.229269,-6.107876,768000,768000,1.000000000,1,2025-11-30 19:37:00.000000,2025-11-30 19:37:59.999922,1,BAYxx_xxxx_20251130_193012_000.7z
2025-11-30 19:38:00,-9.606123,-0.009606123,0.313534,-3.452236,-6.467420,768000,768000,1.000000000,1,2025-11-30 19:38:00.000000,2025-11-30 19:38:59.999922,1,BAYxx_xxxx_20251130_193012_000.7z
2025-11-30 19:39:00,-11.568450,-0.011568450,1.269774,-5.981730,-6.856494,768000,768000,1.000000000,1,2025-11-30 19:39:00.000000,2025-11-30 19:39:59.999922,1,BAYxx_xxxx_20251130_193012_000.7z
2025-11-30 19:40:00,-0.284508,-0.000284508,8.327282,-1.345900,-7.265890,729651,768000,0.950066406,0,2025-11-30 19:40:00.000000,2025-11-30 19:40:59.999922,2,BAYxx_xxxx_20251130_193012_000.7z;BAYxx_xxxx_20251130_194015_000.7z
2025-11-30 19:41:00,8.872772,0.008872772,1.415964,3.540293,3.916515,768000,768000,1.000000000,1,2025-11-30 19:41:00.000000,2025-11-30 19:41:59.999922,1,BAYxx_xxxx_20251130_194015_000.7z
2025-11-30 19:42:00,-13.527896,-0.013527896,3.199967,-5.251956,-11.475907,768000,768000,1.000000000,1,2025-11-30 19:42:00.000000,2025-11-30 19:42:59.999922,1,BAYxx_xxxx_20251130_194015_000.7z
2025-11-30 19:43:00,-12.268907,-0.012268907,-7.043138,-1.021351,-4.204418,768000,768000,1.000000000,1,2025-11-30 19:43:00.000000,2025-11-30 19:43:59.999922,1,BAYxx_xxxx_20251130_194015_000.7z
2025-11-30 19:44:00,-0.175608,-0.000175608,7.361425,-2.064163,-5.472870,768000,768000,1.000000000,1,2025-11-30 19:44:00.000000,2025-11-30 19:44:59.999922,1,BAYxx_xxxx_20251130_194015_000.7z
2025-11-30 19:45:00,-9.818680,-0.009818680,-0.702568,-5.181966,-3.934146,768000,768000,1.000000000,1,2025-11-30 19:45:00.000000,2025-11-30 19:45:59.999922,1,BAYxx_xxxx_20251130_194015_000.7z
2025-11-30 19:46:00,-5.226698,-0.005226698,0.870693,0.334069,-6.431460,768000,768000,1.000000000,1,2025-11-30 19:46:00.000000,2025-11-30 19:46:59.999922,1,BAYxx_xxxx_20251130_194015_000.7z
2025-11-30 19:47:00,-12.085033,-0.012085033,-0.645242,-8.014578,-3.425212,768000,768000,1.000000000,1,2025-11-30 19:47:00.000000,2025-11-30 19:47:59.999922,1,BAYxx_xxxx_20251130_194015_000.7z
2025-11-30 19:48:00,-7.311772,-0.007311772,-0.337941,-3.412430,-3.561400,768000,768000,1.000000000,1,2025-11-30 19:48:00.000000,2025-11-30 19:48:59.999922,1,BAYxx_xxxx_20251130_194015_000.7z
2025-11-30 19:49:00,-5.352244,-0.005352244,2.781866,-1.141410,-6.992701,768000,768000,1.000000000,1,2025-11-30 19:49:00.000000,2025-11-30 19:49:59.999922,1,BAYxx_xxxx_20251130_194015_000.7z
2025-11-30 19:50:00,-9.201382,-0.009201382,0.052273,-3.543029,-5.710627,601686,768000,0.783445313,0,2025-11-30 19:50:00.000000,2025-11-30 19:50:59.999922,2,BAYxx_xxxx_20251130_194015_000.7z;BAYxx_xxxx_20251130_195028_000.7z
2025-11-30 19:51:00,0.225114,0.000225114,2.392141,-0.514923,-1.652103,768000,768000,1.000000000,1,2025-11-30 19:51:00.000000,2025-11-30 19:51:59.999922,1,BAYxx_xxxx_20251130_195028_000.7z
2025-11-30 19:52:00,-12.477419,-0.012477419,4.459773,-9.376698,-7.560494,768000,768000,1.000000000,1,2025-11-30 19:52:00.000000,2025-11-30 19:52:59.999922,1,BAYxx_xxxx_20251130_195028_000.7z
2025-11-30 19:53:00,-11.082821,-0.011082821,-3.282953,0.145148,-7.945016,768000,768000,1.000000000,1,2025-11-30 19:53:00.000000,2025-11-30 19:53:59.999922,1,BAYxx_xxxx_20251130_195028_000.7z
2025-11-30 19:54:00,-4.754071,-0.004754071,1.874947,-4.155410,-2.473608,768000,768000,1.000000000,1,2025-11-30 19:54:00.000000,2025-11-30 19:54:59.999922,1,BAYxx_xxxx_20251130_195028_000.7z
2025-11-30 19:55:00,-6.394908,-0.006394908,2.493217,-1.843915,-7.044210,768000,768000,1.000000000,1,2025-11-30 19:55:00.000000,2025-11-30 19:55:59.999922,1,BAYxx_xxxx_20251130_195028_000.7z
2025-11-30 19:56:00,-6.843736,-0.006843736,3.367360,-4.760267,-5.450829,768000,768000,1.000000000,1,2025-11-30 19:56:00.000000,2025-11-30 19:56:59.999922,1,BAYxx_xxxx_20251130_195028_000.7z
2025-11-30 19:57:00,-12.672362,-0.012672362,-0.318260,-5.554747,-6.799355,768000,768000,1.000000000,1,2025-11-30 19:57:00.000000,2025-11-30 19:57:59.999922,1,BAYxx_xxxx_20251130_195028_000.7z
2025-11-30 19:58:00,-1.543012,-0.001543012,2.099935,1.395703,-5.038650,768000,768000,1.000000000,1,2025-11-30 19:58:00.000000,2025-11-30 19:58:59.999922,1,BAYxx_xxxx_20251130_195028_000.7z
2025-11-30 19:59:00,-18.050625,-0.018050625,-2.955291,-6.826614,-8.268720,768000,768000,1.000000000,1,2025-11-30 19:59:00.000000,2025-11-30 19:59:59.999922,1,BAYxx_xxxx_20251130_195028_000.7z
2025-11-30 20:00:00,-5.104778,-0.005104778,5.626836,-5.202281,-5.529334,716808,768000,0.933343750,0,2025-11-30 20:00:00.000000,2025-11-30 20:00:59.999922,2,BAYxx_xxxx_20251130_195028_000.7z;BAYxx_xxxx_20251130_200032_000.7z
2025-11-30 20:01:00,-4.990706,-0.004990706,2.039017,-6.749703,-0.280020,768000,768000,1.000000000,1,2025-11-30 20:01:00.000000,2025-11-30 20:01:59.999922,1,BAYxx_xxxx_20251130_200032_000.7z
2025-11-30 20:02:00,-19.779160,-0.019779160,-7.948443,-4.647860,-7.182857,768000,768000,1.000000000,1,2025-11-30 20:02:00.000000,2025-11-30 20:02:59.999922,1,BAYxx_xxxx_20251130_200032_000.7z
2025-11-30 20:03:00,-7.497801,-0.007497801,1.032069,-3.034989,-5.494882,768000,768000,1.000000000,1,2025-11-30 20:03:00.000000,2025-11-30 20:03:59.999922,1,BAYxx_xxxx_20251130_200032_000.7z
2025-11-30 20:04:00,-11.766112,-0.011766112,-1.918099,-3.502248,-6.345765,768000,768000,1.000000000,1,2025-11-30 20:04:00.000000,2025-11-30 20:04:59.999922,1,BAYxx_xxxx_20251130_200032_000.7z
2025-11-30 20:05:00,-5.838323,-0.005838323,-5.350212,4.397302,-4.885412,768000,768000,1.000000000,1,2025-11-30 20:05:00.000000,2025-11-30 20:05:59.999922,1,BAYxx_xxxx_20251130_200032_000.7z
2025-11-30 20:06:00,-7.872903,-0.007872903,-0.025638,-4.797004,-3.050262,768000,768000,1.000000000,1,2025-11-30 20:06:00.000000,2025-11-30 20:06:59.999922,1,BAYxx_xxxx_20251130_200032_000.7z
2025-11-30 20:07:00,-20.998683,-0.020998683,-6.185348,-2.763770,-12.049565,768000,768000,1.000000000,1,2025-11-30 20:07:00.000000,2025-11-30 20:07:59.999922,1,BAYxx_xxxx_20251130_200032_000.7z
2025-11-30 20:08:00,-7.299188,-0.007299188,5.142001,-1.557582,-10.883607,768000,768000,1.000000000,1,2025-11-30 20:08:00.000000,2025-11-30 20:08:59.999922,1,BAYxx_xxxx_20251130_200032_000.7z
2025-11-30 20:09:00,-12.657255,-0.012657255,1.394972,-4.354221,-9.698006,768000,768000,1.000000000,1,2025-11-30 20:09:00.000000,2025-11-30 20:09:59.999922,1,BAYxx_xxxx_20251130_200032_000.7z
2025-11-30 20:10:00,-11.604452,-0.011604452,4.037854,-12.646152,-2.996154,716802,768000,0.933335937,0,2025-11-30 20:10:00.000000,2025-11-30 20:10:59.999922,2,BAYxx_xxxx_20251130_200032_000.7z;BAYxx_xxxx_20251130_201036_000.7z
2025-11-30 20:11:00,-0.929866,-0.000929866,-1.894320,2.298459,-1.334005,768000,768000,1.000000000,1,2025-11-30 20:11:00.000000,2025-11-30 20:11:59.999922,1,BAYxx_xxxx_20251130_201036_000.7z
2025-11-30 20:12:00,-14.708167,-0.014708167,-6.338094,-3.123329,-5.246744,768000,768000,1.000000000,1,2025-11-30 20:12:00.000000,2025-11-30 20:12:59.999922,1,BAYxx_xxxx_20251130_201036_000.7z
2025-11-30 20:13:00,-5.287693,-0.005287693,4.682984,-8.352761,-1.617916,768000,768000,1.000000000,1,2025-11-30 20:13:00.000000,2025-11-30 20:13:59.999922,1,BAYxx_xxxx_20251130_201036_000.7z
2025-11-30 20:14:00,-23.961475,-0.023961475,-5.800639,-9.665624,-8.495212,768000,768000,1.000000000,1,2025-11-30 20:14:00.000000,2025-11-30 20:14:59.999922,1,BAYxx_xxxx_20251130_201036_000.7z
2025-11-30 20:15:00,-15.142297,-0.015142297,-2.429801,-5.509951,-7.202545,768000,768000,1.000000000,1,2025-11-30 20:15:00.000000,2025-11-30 20:15:59.999922,1,BAYxx_xxxx_20251130_201036_000.7z
2025-11-30 20:16:00,-14.662577,-0.014662577,-0.463092,-9.818831,-4.380653,768000,768000,1.000000000,1,2025-11-30 20:16:00.000000,2025-11-30 20:16:59.999922,1,BAYxx_xxxx_20251130_201036_000.7z
2025-11-30 20:17:00,-7.493866,-0.007493866,1.572897,-1.248315,-7.818447,768000,768000,1.000000000,1,2025-11-30 20:17:00.000000,2025-11-30 20:17:59.999922,1,BAYxx_xxxx_20251130_201036_000.7z
2025-11-30 20:18:00,-7.567312,-0.007567312,-0.456995,-1.982524,-5.127793,768000,768000,1.000000000,1,2025-11-30 20:18:00.000000,2025-11-30 20:18:59.999922,1,BAYxx_xxxx_20251130_201036_000.7z
2025-11-30 20:19:00,-15.267004,-0.015267004,-5.513345,-4.191218,-5.562441,768000,768000,1.000000000,1,2025-11-30 20:19:00.000000,2025-11-30 20:19:59.999922,1,BAYxx_xxxx_20251130_201036_000.7z
2025-11-30 20:20:00,-5.014079,-0.005014079,1.967797,-3.996934,-2.984942,614463,768000,0.800082031,0,2025-11-30 20:20:00.000000,2025-11-30 20:20:59.999922,2,BAYxx_xxxx_20251130_201036_000.7z;BAYxx_xxxx_20251130_202048_000.7z
2025-11-30 20:21:00,-13.803422,-0.013803422,1.196204,-4.577100,-10.422526,768000,768000,1.000000000,1,2025-11-30 20:21:00.000000,2025-11-30 20:21:59.999922,1,BAYxx_xxxx_20251130_202048_000.7z
2025-11-30 20:22:00,2.023174,0.002023174,5.905307,5.904566,-9.786698,768000,768000,1.000000000,1,2025-11-30 20:22:00.000000,2025-11-30 20:22:59.999922,1,BAYxx_xxxx_20251130_202048_000.7z
2025-11-30 20:23:00,-6.091173,-0.006091173,3.398049,-3.601335,-5.887887,768000,768000,1.000000000,1,2025-11-30 20:23:00.000000,2025-11-30 20:23:59.999922,1,BAYxx_xxxx_20251130_202048_000.7z
2025-11-30 20:24:00,-5.569896,-0.005569896,1.617486,-7.757600,0.570218,768000,768000,1.000000000,1,2025-11-30 20:24:00.000000,2025-11-30 20:24:59.999922,1,BAYxx_xxxx_20251130_202048_000.7z
2025-11-30 20:25:00,-7.632655,-0.007632655,0.482926,-2.542840,-5.572741,768000,768000,1.000000000,1,2025-11-30 20:25:00.000000,2025-11-30 20:25:59.999922,1,BAYxx_xxxx_20251130_202048_000.7z
2025-11-30 20:26:00,-9.504570,-0.009504570,-0.016136,-3.560639,-5.927795,768000,768000,1.000000000,1,2025-11-30 20:26:00.000000,2025-11-30 20:26:59.999922,1,BAYxx_xxxx_20251130_202048_000.7z
2025-11-30 20:27:00,-9.208945,-0.009208945,0.358289,-1.884445,-7.682789,768000,768000,1.000000000,1,2025-11-30 20:27:00.000000,2025-11-30 20:27:59.999922,1,BAYxx_xxxx_20251130_202048_000.7z
2025-11-30 20:28:00,2.871370,0.002871370,5.121111,-1.433761,-0.815980,768000,768000,1.000000000,1,2025-11-30 20:28:00.000000,2025-11-30 20:28:59.999922,1,BAYxx_xxxx_20251130_202048_000.7z
2025-11-30 20:29:00,-12.512362,-0.012512362,-0.920621,-4.039625,-7.552116,768000,768000,1.000000000,1,2025-11-30 20:29:00.000000,2025-11-30 20:29:59.999922,1,BAYxx_xxxx_20251130_202048_000.7z
2025-11-30 20:30:00,-5.122662,-0.005122662,1.444811,-1.144777,-5.422695,614458,768000,0.800075521,0,2025-11-30 20:30:00.000000,2025-11-30 20:30:48.004453,1,BAYxx_xxxx_20251130_202048_000.7z
2025-11-30 20:31:00,-3.551173,-0.003551173,-0.293775,1.983866,-5.241265,729600,768000,0.950000000,0,2025-11-30 20:31:03.000000,2025-11-30 20:31:59.999922,1,BAYxx_xxxx_20251130_203103_000.7z
2025-11-30 20:32:00,0.198944,0.000198944,3.444716,-1.706390,-1.539382,768000,768000,1.000000000,1,2025-11-30 20:32:00.000000,2025-11-30 20:32:59.999922,1,BAYxx_xxxx_20251130_203103_000.7z
2025-11-30 20:33:00,-10.223201,-0.010223201,-1.012282,-3.286108,-5.924811,768000,768000,1.000000000,1,2025-11-30 20:33:00.000000,2025-11-30 20:33:59.999922,1,BAYxx_xxxx_20251130_203103_000.7z
2025-11-30 20:34:00,-6.745895,-0.006745895,2.478373,-5.333532,-3.890737,768000,768000,1.000000000,1,2025-11-30 20:34:00.000000,2025-11-30 20:34:59.999922,1,BAYxx_xxxx_20251130_203103_000.7z
2025-11-30 20:35:00,-9.577169,-0.009577169,0.650769,-2.751119,-7.476819,768000,768000,1.000000000,1,2025-11-30 20:35:00.000000,2025-11-30 20:35:59.999922,1,BAYxx_xxxx_20251130_203103_000.7z
2025-11-30 20:36:00,-0.747916,-0.000747916,8.062412,-4.023780,-4.786549,768000,768000,1.000000000,1,2025-11-30 20:36:00.000000,2025-11-30 20:36:59.999922,1,BAYxx_xxxx_20251130_203103_000.7z
2025-11-30 20:37:00,-5.334870,-0.005334870,4.086616,-3.103105,-6.318381,768000,768000,1.000000000,1,2025-11-30 20:37:00.000000,2025-11-30 20:37:59.999922,1,BAYxx_xxxx_20251130_203103_000.7z
2025-11-30 20:38:00,-7.927324,-0.007927324,4.410030,-5.130915,-7.206439,768000,768000,1.000000000,1,2025-11-30 20:38:00.000000,2025-11-30 20:38:59.999922,1,BAYxx_xxxx_20251130_203103_000.7z
2025-11-30 20:39:00,-19.686687,-0.019686687,-6.835797,-9.792748,-3.058142,768000,768000,1.000000000,1,2025-11-30 20:39:00.000000,2025-11-30 20:39:59.999922,1,BAYxx_xxxx_20251130_203103_000.7z
2025-11-30 20:40:00,-10.425546,-0.010425546,-1.547236,-2.803188,-6.075122,768000,768000,1.000000000,1,2025-11-30 20:40:00.000000,2025-11-30 20:40:59.999922,1,BAYxx_xxxx_20251130_203103_000.7z
2025-11-30 20:41:00,-23.481770,-0.023481770,-13.704997,-4.673203,-5.103570,742420,768000,0.966692708,0,2025-11-30 20:41:00.000000,2025-11-30 20:41:59.999922,2,BAYxx_xxxx_20251130_203103_000.7z;BAYxx_xxxx_20251130_204105_000.7z
2025-11-30 20:42:00,-3.104820,-0.003104820,0.285851,0.625629,-4.016300,768000,768000,1.000000000,1,2025-11-30 20:42:00.000000,2025-11-30 20:42:59.999922,1,BAYxx_xxxx_20251130_204105_000.7z
2025-11-30 20:43:00,-16.601188,-0.016601188,-4.338440,-2.830714,-9.432033,768000,768000,1.000000000,1,2025-11-30 20:43:00.000000,2025-11-30 20:43:59.999922,1,BAYxx_xxxx_20251130_204105_000.7z
2025-11-30 20:44:00,-7.626521,-0.007626521,1.917195,-2.607423,-6.936293,768000,768000,1.000000000,1,2025-11-30 20:44:00.000000,2025-11-30 20:44:59.999922,1,BAYxx_xxxx_20251130_204105_000.7z
2025-11-30 20:45:00,-4.811457,-0.004811457,2.785774,-0.639768,-6.957463,768000,768000,1.000000000,1,2025-11-30 20:45:00.000000,2025-11-30 20:45:59.999922,1,BAYxx_xxxx_20251130_204105_000.7z
2025-11-30 20:46:00,-10.542109,-0.010542109,-1.109435,-3.821766,-5.610908,768000,768000,1.000000000,1,2025-11-30 20:46:00.000000,2025-11-30 20:46:59.999922,1,BAYxx_xxxx_20251130_204105_000.7z
2025-11-30 20:47:00,-5.957450,-0.005957450,3.952155,-3.831400,-6.078205,768000,768000,1.000000000,1,2025-11-30 20:47:00.000000,2025-11-30 20:47:59.999922,1,BAYxx_xxxx_20251130_204105_000.7z
2025-11-30 20:48:00,-11.938276,-0.011938276,-4.020526,-2.605763,-5.311987,768000,768000,1.000000000,1,2025-11-30 20:48:00.000000,2025-11-30 20:48:59.999922,1,BAYxx_xxxx_20251130_204105_000.7z
2025-11-30 20:49:00,-12.066810,-0.012066810,-1.507720,-0.693188,-9.865902,768000,768000,1.000000000,1,2025-11-30 20:49:00.000000,2025-11-30 20:49:59.999922,1,BAYxx_xxxx_20251130_204105_000.7z
2025-11-30 20:50:00,-5.844921,-0.005844921,-0.037898,-0.475513,-5.331511,768000,768000,1.000000000,1,2025-11-30 20:50:00.000000,2025-11-30 20:50:59.999922,1,BAYxx_xxxx_20251130_204105_000.7z
2025-11-30 20:51:00,-12.444755,-0.012444755,1.338655,-9.425974,-4.357435,716805,768000,0.933339844,0,2025-11-30 20:51:00.000000,2025-11-30 20:51:59.999922,2,BAYxx_xxxx_20251130_204105_000.7z;BAYxx_xxxx_20251130_205109_000.7z
2025-11-30 20:52:00,-4.386448,-0.004386448,0.448949,-0.516322,-4.319075,768000,768000,1.000000000,1,2025-11-30 20:52:00.000000,2025-11-30 20:52:59.999922,1,BAYxx_xxxx_20251130_205109_000.7z
2025-11-30 20:53:00,-15.688264,-0.015688264,-1.889556,-3.031620,-10.767087,768000,768000,1.000000000,1,2025-11-30 20:53:00.000000,2025-11-30 20:53:59.999922,1,BAYxx_xxxx_20251130_205109_000.7z
2025-11-30 20:54:00,-3.171076,-0.003171076,0.458604,-0.651187,-2.978493,768000,768000,1.000000000,1,2025-11-30 20:54:00.000000,2025-11-30 20:54:59.999922,1,BAYxx_xxxx_20251130_205109_000.7z
2025-11-30 20:55:00,-4.060812,-0.004060812,2.528758,-1.458837,-5.130733,768000,768000,1.000000000,1,2025-11-30 20:55:00.000000,2025-11-30 20:55:59.999922,1,BAYxx_xxxx_20251130_205109_000.7z
2025-11-30 20:56:00,-8.475830,-0.008475830,-0.700407,-2.801896,-4.973528,768000,768000,1.000000000,1,2025-11-30 20:56:00.000000,2025-11-30 20:56:59.999922,1,BAYxx_xxxx_20251130_205109_000.7z
2025-11-30 20:57:00,-13.147264,-0.013147264,-0.322773,-6.542753,-6.281738,768000,768000,1.000000000,1,2025-11-30 20:57:00.000000,2025-11-30 20:57:59.999922,1,BAYxx_xxxx_20251130_205109_000.7z
2025-11-30 20:58:00,-10.827824,-0.010827824,-0.674380,-4.345782,-5.807662,768000,768000,1.000000000,1,2025-11-30 20:58:00.000000,2025-11-30 20:58:59.999922,1,BAYxx_xxxx_20251130_205109_000.7z
2025-11-30 20:59:00,-7.803109,-0.007803109,1.520812,-5.099954,-4.223967,768000,768000,1.000000000,1,2025-11-30 20:59:00.000000,2025-11-30 20:59:59.999922,1,BAYxx_xxxx_20251130_205109_000.7z
2025-11-30 21:00:00,-3.478926,-0.003478926,1.366457,3.030314,-7.875697,768000,768000,1.000000000,1,2025-11-30 21:00:00.000000,2025-11-30 21:00:59.999922,1,BAYxx_xxxx_20251130_205109_000.7z
2025-11-30 21:01:00,-12.537757,-0.012537757,-0.037497,-8.452710,-4.047551,652876,768000,0.850098958,0,2025-11-30 21:01:00.000000,2025-11-30 21:01:59.999922,2,BAYxx_xxxx_20251130_205109_000.7z;BAYxx_xxxx_20251130_210118_000.7z
2025-11-30 21:02:00,-5.589713,-0.005589713,-0.570623,-1.623916,-3.395175,768000,768000,1.000000000,1,2025-11-30 21:02:00.000000,2025-11-30 21:02:59.999922,1,BAYxx_xxxx_20251130_210118_000.7z
2025-11-30 21:03:00,-3.847560,-0.003847560,-4.860043,-1.638934,2.651417,768000,768000,1.000000000,1,2025-11-30 21:03:00.000000,2025-11-30 21:03:59.999922,1,BAYxx_xxxx_20251130_210118_000.7z
2025-11-30 21:04:00,-7.332638,-0.007332638,-6.333929,2.604924,-3.603633,768000,768000,1.000000000,1,2025-11-30 21:04:00.000000,2025-11-30 21:04:59.999922,1,BAYxx_xxxx_20251130_210118_000.7z
2025-11-30 21:05:00,-3.287105,-0.003287105,1.459982,-3.275013,-1.472075,768000,768000,1.000000000,1,2025-11-30 21:05:00.000000,2025-11-30 21:05:59.999922,1,BAYxx_xxxx_20251130_210118_000.7z
2025-11-30 21:06:00,-7.015643,-0.007015643,0.253166,1.642481,-8.911290,768000,768000,1.000000000,1,2025-11-30 21:06:00.000000,2025-11-30 21:06:59.999922,1,BAYxx_xxxx_20251130_210118_000.7z
2025-11-30 21:07:00,-5.437107,-0.005437107,3.860957,-2.957461,-6.340604,768000,768000,1.000000000,1,2025-11-30 21:07:00.000000,2025-11-30 21:07:59.999922,1,BAYxx_xxxx_20251130_210118_000.7z
2025-11-30 21:08:00,-4.443631,-0.004443631,4.251153,-3.435256,-5.259529,768000,768000,1.000000000,1,2025-11-30 21:08:00.000000,2025-11-30 21:08:59.999922,1,BAYxx_xxxx_20251130_210118_000.7z
2025-11-30 21:09:00,-16.072513,-0.016072513,-5.153476,-1.502477,-9.416560,768000,768000,1.000000000,1,2025-11-30 21:09:00.000000,2025-11-30 21:09:59.999922,1,BAYxx_xxxx_20251130_210118_000.7z
2025-11-30 21:10:00,-12.237735,-0.012237735,-3.465011,-4.797174,-3.975550,768000,768000,1.000000000,1,2025-11-30 21:10:00.000000,2025-11-30 21:10:59.999922,1,BAYxx_xxxx_20251130_210118_000.7z
2025-11-30 21:11:00,-13.773600,-0.013773600,-6.709806,-5.538041,-1.525753,678468,768000,0.883421875,0,2025-11-30 21:11:00.000000,2025-11-30 21:11:59.999922,2,BAYxx_xxxx_20251130_210118_000.7z;BAYxx_xxxx_20251130_211125_000.7z
2025-11-30 21:12:00,-6.096314,-0.006096314,0.011865,2.002323,-8.110502,768000,768000,1.000000000,1,2025-11-30 21:12:00.000000,2025-11-30 21:12:59.999922,1,BAYxx_xxxx_20251130_211125_000.7z
2025-11-30 21:13:00,-3.054422,-0.003054422,1.366181,-0.612861,-3.807742,768000,768000,1.000000000,1,2025-11-30 21:13:00.000000,2025-11-30 21:13:59.999922,1,BAYxx_xxxx_20251130_211125_000.7z
2025-11-30 21:14:00,1.808086,0.001808086,4.331399,1.151054,-3.674366,768000,768000,1.000000000,1,2025-11-30 21:14:00.000000,2025-11-30 21:14:59.999922,1,BAYxx_xxxx_20251130_211125_000.7z
2025-11-30 21:15:00,-14.785327,-0.014785327,-6.129335,-2.433320,-6.222672,768000,768000,1.000000000,1,2025-11-30 21:15:00.000000,2025-11-30 21:15:59.999922,1,BAYxx_xxxx_20251130_211125_000.7z
2025-11-30 21:16:00,-7.079939,-0.007079939,-0.190999,-1.894501,-4.994439,768000,768000,1.000000000,1,2025-11-30 21:16:00.000000,2025-11-30 21:16:59.999922,1,BAYxx_xxxx_20251130_211125_000.7z
2025-11-30 21:17:00,-15.457245,-0.015457245,0.117184,-6.848671,-8.725758,768000,768000,1.000000000,1,2025-11-30 21:17:00.000000,2025-11-30 21:17:59.999922,1,BAYxx_xxxx_20251130_211125_000.7z
2025-11-30 21:18:00,-15.003249,-0.015003249,-2.880585,-5.070062,-7.052602,768000,768000,1.000000000,1,2025-11-30 21:18:00.000000,2025-11-30 21:18:59.999922,1,BAYxx_xxxx_20251130_211125_000.7z
2025-11-30 21:19:00,-5.317866,-0.005317866,-0.269167,-1.075838,-3.972861,768000,768000,1.000000000,1,2025-11-30 21:19:00.000000,2025-11-30 21:19:59.999922,1,BAYxx_xxxx_20251130_211125_000.7z
2025-11-30 21:20:00,-4.223791,-0.004223791,0.405601,1.072018,-5.701410,768000,768000,1.000000000,1,2025-11-30 21:20:00.000000,2025-11-30 21:20:59.999922,1,BAYxx_xxxx_20251130_211125_000.7z
2025-11-30 21:21:00,-4.298779,-0.004298779,3.400381,-2.785878,-4.913282,729741,768000,0.950183594,0,2025-11-30 21:21:00.000000,2025-11-30 21:21:59.999922,2,BAYxx_xxxx_20251130_211125_000.7z;BAYxx_xxxx_20251130_212128_000.7z
2025-11-30 21:22:00,-9.966921,-0.009966921,-0.166714,-3.721332,-6.078875,768000,768000,1.000000000,1,2025-11-30 21:22:00.000000,2025-11-30 21:22:59.999922,1,BAYxx_xxxx_20251130_212128_000.7z
2025-11-30 21:23:00,-15.368839,-0.015368839,-0.343085,-4.232183,-10.793571,768000,768000,1.000000000,1,2025-11-30 21:23:00.000000,2025-11-30 21:23:59.999922,1,BAYxx_xxxx_20251130_212128_000.7z
2025-11-30 21:24:00,-8.054821,-0.008054821,-3.711236,2.464435,-6.808020,768000,768000,1.000000000,1,2025-11-30 21:24:00.000000,2025-11-30 21:24:59.999922,1,BAYxx_xxxx_20251130_212128_000.7z
2025-11-30 21:25:00,-1.754635,-0.001754635,5.252335,-1.894123,-5.112847,768000,768000,1.000000000,1,2025-11-30 21:25:00.000000,2025-11-30 21:25:59.999922,1,BAYxx_xxxx_20251130_212128_000.7z
2025-11-30 21:26:00,-8.128834,-0.008128834,0.925712,-4.721533,-4.333013,768000,768000,1.000000000,1,2025-11-30 21:26:00.000000,2025-11-30 21:26:59.999922,1,BAYxx_xxxx_20251130_212128_000.7z
2025-11-30 21:27:00,4.045281,0.004045281,0.947660,7.123285,-4.025664,768000,768000,1.000000000,1,2025-11-30 21:27:00.000000,2025-11-30 21:27:59.999922,1,BAYxx_xxxx_20251130_212128_000.7z
2025-11-30 21:28:00,-9.899212,-0.009899212,0.159116,-5.191131,-4.867197,768000,768000,1.000000000,1,2025-11-30 21:28:00.000000,2025-11-30 21:28:59.999922,1,BAYxx_xxxx_20251130_212128_000.7z
2025-11-30 21:29:00,-6.311128,-0.006311128,0.076355,-0.742455,-5.645028,768000,768000,1.000000000,1,2025-11-30 21:29:00.000000,2025-11-30 21:29:59.999922,1,BAYxx_xxxx_20251130_212128_000.7z
2025-11-30 21:30:00,2.368447,0.002368447,5.304201,-1.023665,-1.912089,768000,768000,1.000000000,1,2025-11-30 21:30:00.000000,2025-11-30 21:30:59.999922,1,BAYxx_xxxx_20251130_212128_000.7z
2025-11-30 21:31:00,-10.419307,-0.010419307,1.891176,-1.377248,-10.933235,729745,768000,0.950188802,0,2025-11-30 21:31:00.000000,2025-11-30 21:31:59.999922,2,BAYxx_xxxx_20251130_212128_000.7z;BAYxx_xxxx_20251130_213131_000.7z
2025-11-30 21:32:00,-6.314676,-0.006314676,1.217862,-1.997677,-5.534861,768000,768000,1.000000000,1,2025-11-30 21:32:00.000000,2025-11-30 21:32:59.999922,1,BAYxx_xxxx_20251130_213131_000.7z
2025-11-30 21:33:00,-0.337547,-0.000337547,5.799344,1.021201,-7.158092,768000,768000,1.000000000,1,2025-11-30 21:33:00.000000,2025-11-30 21:33:59.999922,1,BAYxx_xxxx_20251130_213131_000.7z
2025-11-30 21:34:00,-1.567995,-0.001567995,4.853666,-2.000004,-4.421658,768000,768000,1.000000000,1,2025-11-30 21:34:00.000000,2025-11-30 21:34:59.999922,1,BAYxx_xxxx_20251130_213131_000.7z
2025-11-30 21:35:00,-9.783767,-0.009783767,-2.986140,-1.703884,-5.093744,768000,768000,1.000000000,1,2025-11-30 21:35:00.000000,2025-11-30 21:35:59.999922,1,BAYxx_xxxx_20251130_213131_000.7z
2025-11-30 21:36:00,-8.813660,-0.008813660,-0.495983,-3.171086,-5.146591,768000,768000,1.000000000,1,2025-11-30 21:36:00.000000,2025-11-30 21:36:59.999922,1,BAYxx_xxxx_20251130_213131_000.7z
2025-11-30 21:37:00,-7.607724,-0.007607724,0.244059,1.311246,-9.163028,768000,768000,1.000000000,1,2025-11-30 21:37:00.000000,2025-11-30 21:37:59.999922,1,BAYxx_xxxx_20251130_213131_000.7z
2025-11-30 21:38:00,-8.286981,-0.008286981,-0.597475,-1.872397,-5.817109,768000,768000,1.000000000,1,2025-11-30 21:38:00.000000,2025-11-30 21:38:59.999922,1,BAYxx_xxxx_20251130_213131_000.7z
2025-11-30 21:39:00,-1.282566,-0.001282566,2.856173,-2.571257,-1.567483,768000,768000,1.000000000,1,2025-11-30 21:39:00.000000,2025-11-30 21:39:59.999922,1,BAYxx_xxxx_20251130_213131_000.7z
2025-11-30 21:40:00,-1.953704,-0.001953704,2.832647,-1.217429,-3.568922,768000,768000,1.000000000,1,2025-11-30 21:40:00.000000,2025-11-30 21:40:59.999922,1,BAYxx_xxxx_20251130_213131_000.7z
2025-11-30 21:41:00,-13.594673,-0.013594673,-2.487043,-6.961895,-4.145735,691207,768000,0.900009115,0,2025-11-30 21:41:00.000000,2025-11-30 21:41:59.999922,2,BAYxx_xxxx_20251130_213131_000.7z;BAYxx_xxxx_20251130_214137_000.7z
2025-11-30 21:42:00,-13.227484,-0.013227484,-3.572382,-2.753804,-6.901298,768000,768000,1.000000000,1,2025-11-30 21:42:00.000000,2025-11-30 21:42:59.999922,1,BAYxx_xxxx_20251130_214137_000.7z
2025-11-30 21:43:00,1.918672,0.001918672,11.848206,-5.138337,-4.791197,768000,768000,1.000000000,1,2025-11-30 21:43:00.000000,2025-11-30 21:43:59.999922,1,BAYxx_xxxx_20251130_214137_000.7z
2025-11-30 21:44:00,-7.942107,-0.007942107,0.092673,-3.938785,-4.095995,768000,768000,1.000000000,1,2025-11-30 21:44:00.000000,2025-11-30 21:44:59.999922,1,BAYxx_xxxx_20251130_214137_000.7z
2025-11-30 21:45:00,8.128826,0.008128826,4.896595,3.969579,-0.737347,768000,768000,1.000000000,1,2025-11-30 21:45:00.000000,2025-11-30 21:45:59.999922,1,BAYxx_xxxx_20251130_214137_000.7z
2025-11-30 21:46:00,-15.397794,-0.015397794,-5.419377,-3.148757,-6.829661,768000,768000,1.000000000,1,2025-11-30 21:46:00.000000,2025-11-30 21:46:59.999922,1,BAYxx_xxxx_20251130_214137_000.7z
2025-11-30 21:47:00,-2.406369,-0.002406369,2.857029,-7.026014,1.762615,768000,768000,1.000000000,1,2025-11-30 21:47:00.000000,2025-11-30 21:47:59.999922,1,BAYxx_xxxx_20251130_214137_000.7z
2025-11-30 21:48:00,-7.846219,-0.007846219,-1.706619,-3.641048,-2.498552,768000,768000,1.000000000,1,2025-11-30 21:48:00.000000,2025-11-30 21:48:59.999922,1,BAYxx_xxxx_20251130_214137_000.7z
2025-11-30 21:49:00,-6.607819,-0.006607819,3.806156,-2.825752,-7.588222,768000,768000,1.000000000,1,2025-11-30 21:49:00.000000,2025-11-30 21:49:59.999922,1,BAYxx_xxxx_20251130_214137_000.7z
2025-11-30 21:50:00,-5.831041,-0.005831041,3.465237,-4.586042,-4.710236,768000,768000,1.000000000,1,2025-11-30 21:50:00.000000,2025-11-30 21:50:59.999922,1,BAYxx_xxxx_20251130_214137_000.7z
2025-11-30 21:51:00,-13.523967,-0.013523967,-2.172143,-6.660463,-4.691361,627232,768000,0.816708333,0,2025-11-30 21:51:00.000000,2025-11-30 21:51:59.999922,2,BAYxx_xxxx_20251130_214137_000.7z;BAYxx_xxxx_20251130_215148_000.7z
2025-11-30 21:52:00,-15.335506,-0.015335506,-3.415044,-6.060133,-5.860329,768000,768000,1.000000000,1,2025-11-30 21:52:00.000000,2025-11-30 21:52:59.999922,1,BAYxx_xxxx_20251130_215148_000.7z
2025-11-30 21:53:00,-11.126597,-0.011126597,-5.362664,-3.217426,-2.546507,768000,768000,1.000000000,1,2025-11-30 21:53:00.000000,2025-11-30 21:53:59.999922,1,BAYxx_xxxx_20251130_215148_000.7z
2025-11-30 21:54:00,-8.431983,-0.008431983,-0.072594,-4.580686,-3.778703,768000,768000,1.000000000,1,2025-11-30 21:54:00.000000,2025-11-30 21:54:59.999922,1,BAYxx_xxxx_20251130_215148_000.7z
2025-11-30 21:55:00,0.394626,0.000394626,8.627353,-2.838216,-5.394510,768000,768000,1.000000000,1,2025-11-30 21:55:00.000000,2025-11-30 21:55:59.999922,1,BAYxx_xxxx_20251130_215148_000.7z
2025-11-30 21:56:00,-5.079427,-0.005079427,4.021277,-3.847245,-5.253460,768000,768000,1.000000000,1,2025-11-30 21:56:00.000000,2025-11-30 21:56:59.999922,1,BAYxx_xxxx_20251130_215148_000.7z
2025-11-30 21:57:00,-8.229841,-0.008229841,-2.369506,1.118532,-6.978867,768000,768000,1.000000000,1,2025-11-30 21:57:00.000000,2025-11-30 21:57:59.999922,1,BAYxx_xxxx_20251130_215148_000.7z
2025-11-30 21:58:00,-2.849498,-0.002849498,2.742172,-1.577353,-4.014317,768000,768000,1.000000000,1,2025-11-30 21:58:00.000000,2025-11-30 21:58:59.999922,1,BAYxx_xxxx_20251130_215148_000.7z
2025-11-30 21:59:00,-6.755590,-0.006755590,1.649565,-3.130608,-5.274547,768000,768000,1.000000000,1,2025-11-30 21:59:00.000000,2025-11-30 21:59:59.999922,1,BAYxx_xxxx_20251130_215148_000.7z
2025-11-30 22:00:00,-8.126112,-0.008126112,-3.525670,-2.517992,-2.082450,768000,768000,1.000000000,1,2025-11-30 22:00:00.000000,2025-11-30 22:00:59.999922,1,BAYxx_xxxx_20251130_215148_000.7z
2025-11-30 22:01:00,5.081022,0.005081022,2.901871,1.972608,0.206544,729613,768000,0.950016927,0,2025-11-30 22:01:00.000000,2025-11-30 22:01:59.999922,2,BAYxx_xxxx_20251130_215148_000.7z;BAYxx_xxxx_20251130_220151_000.7z
2025-11-30 22:02:00,-7.693258,-0.007693258,0.973796,-3.323305,-5.343749,768000,768000,1.000000000,1,2025-11-30 22:02:00.000000,2025-11-30 22:02:59.999922,1,BAYxx_xxxx_20251130_220151_000.7z
2025-11-30 22:03:00,-1.086206,-0.001086206,3.788422,-0.636214,-4.238414,768000,768000,1.000000000,1,2025-11-30 22:03:00.000000,2025-11-30 22:03:59.999922,1,BAYxx_xxxx_20251130_220151_000.7z
2025-11-30 22:04:00,0.232372,0.000232372,8.025727,-2.458250,-5.335105,768000,768000,1.000000000,1,2025-11-30 22:04:00.000000,2025-11-30 22:04:59.999922,1,BAYxx_xxxx_20251130_220151_000.7z
2025-11-30 22:05:00,-9.394654,-0.009394654,-1.673086,-1.722226,-5.999342,768000,768000,1.000000000,1,2025-11-30 22:05:00.000000,2025-11-30 22:05:59.999922,1,BAYxx_xxxx_20251130_220151_000.7z
2025-11-30 22:06:00,-9.828367,-0.009828367,1.141780,-5.493459,-5.476688,768000,768000,1.000000000,1,2025-11-30 22:06:00.000000,2025-11-30 22:06:59.999922,1,BAYxx_xxxx_20251130_220151_000.7z
2025-11-30 22:07:00,-6.362486,-0.006362486,1.925367,-2.553037,-5.734815,768000,768000,1.000000000,1,2025-11-30 22:07:00.000000,2025-11-30 22:07:59.999922,1,BAYxx_xxxx_20251130_220151_000.7z
2025-11-30 22:08:00,0.099414,0.000099414,6.216326,-1.533215,-4.583698,768000,768000,1.000000000,1,2025-11-30 22:08:00.000000,2025-11-30 22:08:59.999922,1,BAYxx_xxxx_20251130_220151_000.7z
2025-11-30 22:09:00,-5.764062,-0.005764062,1.806414,-2.925223,-4.645253,768000,768000,1.000000000,1,2025-11-30 22:09:00.000000,2025-11-30 22:09:59.999922,1,BAYxx_xxxx_20251130_220151_000.7z
2025-11-30 22:10:00,-7.190311,-0.007190311,2.059720,-6.392510,-2.857521,768000,768000,1.000000000,1,2025-11-30 22:10:00.000000,2025-11-30 22:10:59.999922,1,BAYxx_xxxx_20251130_220151_000.7z
2025-11-30 22:11:00,-17.358371,-0.017358371,-1.998781,-15.303500,-0.056089,691263,768000,0.900082031,0,2025-11-30 22:11:00.000000,2025-11-30 22:11:59.999922,2,BAYxx_xxxx_20251130_220151_000.7z;BAYxx_xxxx_20251130_221157_000.7z
2025-11-30 22:12:00,-4.400239,-0.004400239,0.773671,-3.466799,-1.707111,768000,768000,1.000000000,1,2025-11-30 22:12:00.000000,2025-11-30 22:12:59.999922,1,BAYxx_xxxx_20251130_221157_000.7z
2025-11-30 22:13:00,0.501462,0.000501462,2.677148,2.607241,-4.782927,768000,768000,1.000000000,1,2025-11-30 22:13:00.000000,2025-11-30 22:13:59.999922,1,BAYxx_xxxx_20251130_221157_000.7z
2025-11-30 22:14:00,-3.479269,-0.003479269,6.540513,-7.707743,-2.312039,768000,768000,1.000000000,1,2025-11-30 22:14:00.000000,2025-11-30 22:14:59.999922,1,BAYxx_xxxx_20251130_221157_000.7z
2025-11-30 22:15:00,-14.062213,-0.014062213,0.871534,-5.147368,-9.786380,768000,768000,1.000000000,1,2025-11-30 22:15:00.000000,2025-11-30 22:15:59.999922,1,BAYxx_xxxx_20251130_221157_000.7z
2025-11-30 22:16:00,-2.109958,-0.002109958,3.161926,-1.661630,-3.610254,768000,768000,1.000000000,1,2025-11-30 22:16:00.000000,2025-11-30 22:16:59.999922,1,BAYxx_xxxx_20251130_221157_000.7z
2025-11-30 22:17:00,-5.601313,-0.005601313,-0.435654,-1.191707,-3.973953,768000,768000,1.000000000,1,2025-11-30 22:17:00.000000,2025-11-30 22:17:59.999922,1,BAYxx_xxxx_20251130_221157_000.7z
2025-11-30 22:18:00,-17.751714,-0.017751714,0.902152,-7.851638,-10.802229,768000,768000,1.000000000,1,2025-11-30 22:18:00.000000,2025-11-30 22:18:59.999922,1,BAYxx_xxxx_20251130_221157_000.7z
2025-11-30 22:19:00,-4.167139,-0.004167139,7.265841,-4.680874,-6.752106,768000,768000,1.000000000,1,2025-11-30 22:19:00.000000,2025-11-30 22:19:59.999922,1,BAYxx_xxxx_20251130_221157_000.7z
2025-11-30 22:20:00,-9.691042,-0.009691042,-0.870576,-3.620952,-5.199513,768000,768000,1.000000000,1,2025-11-30 22:20:00.000000,2025-11-30 22:20:59.999922,1,BAYxx_xxxx_20251130_221157_000.7z
2025-11-30 22:21:00,-8.083138,-0.008083138,0.205878,-1.913213,-6.375803,729650,768000,0.950065104,0,2025-11-30 22:21:00.000000,2025-11-30 22:21:57.003828,1,BAYxx_xxxx_20251130_221157_000.7z
2025-11-30 22:22:00,-5.037926,-0.005037926,-3.604530,2.347596,-3.780992,742400,768000,0.966666667,0,2025-11-30 22:22:02.000000,2025-11-30 22:22:59.999922,1,BAYxx_xxxx_20251130_222202_000.7z
2025-11-30 22:23:00,-7.198470,-0.007198470,-2.988162,1.570433,-5.780741,768000,768000,1.000000000,1,2025-11-30 22:23:00.000000,2025-11-30 22:23:59.999922,1,BAYxx_xxxx_20251130_222202_000.7z
2025-11-30 22:24:00,-13.032602,-0.013032602,-0.970210,-5.957557,-6.104835,768000,768000,1.000000000,1,2025-11-30 22:24:00.000000,2025-11-30 22:24:59.999922,1,BAYxx_xxxx_20251130_222202_000.7z
2025-11-30 22:25:00,-10.695589,-0.010695589,-0.945807,-4.344551,-5.405231,768000,768000,1.000000000,1,2025-11-30 22:25:00.000000,2025-11-30 22:25:59.999922,1,BAYxx_xxxx_20251130_222202_000.7z
2025-11-30 22:26:00,0.467265,0.000467265,3.685446,-2.085335,-1.132847,768000,768000,1.000000000,1,2025-11-30 22:26:00.000000,2025-11-30 22:26:59.999922,1,BAYxx_xxxx_20251130_222202_000.7z
2025-11-30 22:27:00,-9.733562,-0.009733562,-0.565972,-4.414436,-4.753154,768000,768000,1.000000000,1,2025-11-30 22:27:00.000000,2025-11-30 22:27:59.999922,1,BAYxx_xxxx_20251130_222202_000.7z
2025-11-30 22:28:00,-4.666318,-0.004666318,2.520619,-1.448502,-5.738435,768000,768000,1.000000000,1,2025-11-30 22:28:00.000000,2025-11-30 22:28:59.999922,1,BAYxx_xxxx_20251130_222202_000.7z
2025-11-30 22:29:00,-2.893302,-0.002893302,1.887853,-0.617126,-4.164029,768000,768000,1.000000000,1,2025-11-30 22:29:00.000000,2025-11-30 22:29:59.999922,1,BAYxx_xxxx_20251130_222202_000.7z
2025-11-30 22:30:00,-11.610138,-0.011610138,-1.488009,-3.873901,-6.248227,768000,768000,1.000000000,1,2025-11-30 22:30:00.000000,2025-11-30 22:30:59.999922,1,BAYxx_xxxx_20251130_222202_000.7z
2025-11-30 22:31:00,-4.650312,-0.004650312,-0.213502,-0.402718,-4.034092,768000,768000,1.000000000,1,2025-11-30 22:31:00.000000,2025-11-30 22:31:59.999922,1,BAYxx_xxxx_20251130_222202_000.7z
2025-11-30 22:32:00,-2.800564,-0.002800564,5.519841,-4.853827,-3.466579,716819,768000,0.933358073,0,2025-11-30 22:32:00.000000,2025-11-30 22:32:59.999922,2,BAYxx_xxxx_20251130_222202_000.7z;BAYxx_xxxx_20251130_223206_000.7z
2025-11-30 22:33:00,-8.339864,-0.008339864,1.853709,-2.169273,-8.024300,768000,768000,1.000000000,1,2025-11-30 22:33:00.000000,2025-11-30 22:33:59.999922,1,BAYxx_xxxx_20251130_223206_000.7z
2025-11-30 22:34:00,-3.633603,-0.003633603,1.695514,1.276598,-6.605715,768000,768000,1.000000000,1,2025-11-30 22:34:00.000000,2025-11-30 22:34:59.999922,1,BAYxx_xxxx_20251130_223206_000.7z
2025-11-30 22:35:00,8.599381,0.008599381,6.415931,0.042033,2.141417,768000,768000,1.000000000,1,2025-11-30 22:35:00.000000,2025-11-30 22:35:59.999922,1,BAYxx_xxxx_20251130_223206_000.7z
2025-11-30 22:36:00,-0.507475,-0.000507475,6.807583,-2.619840,-4.695218,768000,768000,1.000000000,1,2025-11-30 22:36:00.000000,2025-11-30 22:36:59.999922,1,BAYxx_xxxx_20251130_223206_000.7z
2025-11-30 22:37:00,-5.228519,-0.005228519,-5.582585,1.072361,-0.718295,768000,768000,1.000000000,1,2025-11-30 22:37:00.000000,2025-11-30 22:37:59.999922,1,BAYxx_xxxx_20251130_223206_000.7z
2025-11-30 22:38:00,-1.174236,-0.001174236,5.446241,2.210450,-8.830927,768000,768000,1.000000000,1,2025-11-30 22:38:00.000000,2025-11-30 22:38:59.999922,1,BAYxx_xxxx_20251130_223206_000.7z
2025-11-30 22:39:00,-2.075967,-0.002075967,-1.807492,7.049505,-7.317980,768000,768000,1.000000000,1,2025-11-30 22:39:00.000000,2025-11-30 22:39:59.999922,1,BAYxx_xxxx_20251130_223206_000.7z
2025-11-30 22:40:00,-13.086435,-0.013086435,-1.392342,-4.702034,-6.992059,768000,768000,1.000000000,1,2025-11-30 22:40:00.000000,2025-11-30 22:40:59.999922,1,BAYxx_xxxx_20251130_223206_000.7z
2025-11-30 22:41:00,-6.300408,-0.006300408,-0.801646,-3.578253,-1.920509,768000,768000,1.000000000,1,2025-11-30 22:41:00.000000,2025-11-30 22:41:59.999922,1,BAYxx_xxxx_20251130_223206_000.7z
2025-11-30 22:42:00,-11.349212,-0.011349212,-0.853508,-3.394987,-7.100717,729681,768000,0.950105469,0,2025-11-30 22:42:00.000000,2025-11-30 22:42:59.999922,2,BAYxx_xxxx_20251130_223206_000.7z;BAYxx_xxxx_20251130_224209_000.7z
2025-11-30 22:43:00,-11.799844,-0.011799844,-6.942898,-3.033661,-1.823285,768000,768000,1.000000000,1,2025-11-30 22:43:00.000000,2025-11-30 22:43:59.999922,1,BAYxx_xxxx_20251130_224209_000.7z
2025-11-30 22:44:00,0.251104,0.000251104,7.847170,-0.349784,-7.246281,768000,768000,1.000000000,1,2025-11-30 22:44:00.000000,2025-11-30 22:44:59.999922,1,BAYxx_xxxx_20251130_224209_000.7z
2025-11-30 22:45:00,-15.200574,-0.015200574,-2.672474,-5.124752,-7.403348,768000,768000,1.000000000,1,2025-11-30 22:45:00.000000,2025-11-30 22:45:59.999922,1,BAYxx_xxxx_20251130_224209_000.7z
2025-11-30 22:46:00,5.853359,0.005853359,4.683111,0.816296,0.353952,768000,768000,1.000000000,1,2025-11-30 22:46:00.000000,2025-11-30 22:46:59.999922,1,BAYxx_xxxx_20251130_224209_000.7z
2025-11-30 22:47:00,-16.456689,-0.016456689,-8.719154,-3.146707,-4.590828,768000,768000,1.000000000,1,2025-11-30 22:47:00.000000,2025-11-30 22:47:59.999922,1,BAYxx_xxxx_20251130_224209_000.7z
2025-11-30 22:48:00,-11.749458,-0.011749458,-3.578264,-2.668879,-5.502315,768000,768000,1.000000000,1,2025-11-30 22:48:00.000000,2025-11-30 22:48:59.999922,1,BAYxx_xxxx_20251130_224209_000.7z
2025-11-30 22:49:00,-4.904371,-0.004904371,5.432448,-5.847527,-4.489292,768000,768000,1.000000000,1,2025-11-30 22:49:00.000000,2025-11-30 22:49:59.999922,1,BAYxx_xxxx_20251130_224209_000.7z
2025-11-30 22:50:00,-4.976931,-0.004976931,2.147950,-2.201278,-4.923603,768000,768000,1.000000000,1,2025-11-30 22:50:00.000000,2025-11-30 22:50:59.999922,1,BAYxx_xxxx_20251130_224209_000.7z
2025-11-30 22:51:00,-10.124521,-0.010124521,0.527389,-2.383299,-8.268611,768000,768000,1.000000000,1,2025-11-30 22:51:00.000000,2025-11-30 22:51:59.999922,1,BAYxx_xxxx_20251130_224209_000.7z
2025-11-30 22:52:00,-4.642899,-0.004642899,3.900814,0.056739,-8.600452,627208,768000,0.816677083,0,2025-11-30 22:52:00.000000,2025-11-30 22:52:59.999922,2,BAYxx_xxxx_20251130_224209_000.7z;BAYxx_xxxx_20251130_225220_000.7z
2025-11-30 22:53:00,-6.396668,-0.006396668,1.172723,-5.463071,-2.106320,768000,768000,1.000000000,1,2025-11-30 22:53:00.000000,2025-11-30 22:53:59.999922,1,BAYxx_xxxx_20251130_225220_000.7z
2025-11-30 22:54:00,-1.549367,-0.001549367,0.554844,-6.273683,4.169472,768000,768000,1.000000000,1,2025-11-30 22:54:00.000000,2025-11-30 22:54:59.999922,1,BAYxx_xxxx_20251130_225220_000.7z
2025-11-30 22:55:00,-6.522750,-0.006522750,-4.862131,0.592491,-2.253109,768000,768000,1.000000000,1,2025-11-30 22:55:00.000000,2025-11-30 22:55:59.999922,1,BAYxx_xxxx_20251130_225220_000.7z
2025-11-30 22:56:00,-8.533144,-0.008533144,0.802589,-3.845333,-5.490400,768000,768000,1.000000000,1,2025-11-30 22:56:00.000000,2025-11-30 22:56:59.999922,1,BAYxx_xxxx_20251130_225220_000.7z
2025-11-30 22:57:00,-8.270648,-0.008270648,0.914963,-3.935637,-5.249974,768000,768000,1.000000000,1,2025-11-30 22:57:00.000000,2025-11-30 22:57:59.999922,1,BAYxx_xxxx_20251130_225220_000.7z
2025-11-30 22:58:00,-5.557131,-0.005557131,1.226778,-3.392096,-3.391813,768000,768000,1.000000000,1,2025-11-30 22:58:00.000000,2025-11-30 22:58:59.999922,1,BAYxx_xxxx_20251130_225220_000.7z
2025-11-30 22:59:00,-7.246620,-0.007246620,1.188349,-2.237866,-6.197103,768000,768000,1.000000000,1,2025-11-30 22:59:00.000000,2025-11-30 22:59:59.999922,1,BAYxx_xxxx_20251130_225220_000.7z
2025-11-30 23:00:00,-8.607930,-0.008607930,1.040223,-3.671806,-5.976347,768000,768000,1.000000000,1,2025-11-30 23:00:00.000000,2025-11-30 23:00:59.999922,1,BAYxx_xxxx_20251130_225220_000.7z
2025-11-30 23:01:00,-2.084430,-0.002084430,5.109123,-3.425394,-3.768159,768000,768000,1.000000000,1,2025-11-30 23:01:00.000000,2025-11-30 23:01:59.999922,1,BAYxx_xxxx_20251130_225220_000.7z
2025-11-30 23:02:00,-18.924723,-0.018924723,-2.442672,-7.465528,-9.016523,716867,768000,0.933420573,0,2025-11-30 23:02:00.000000,2025-11-30 23:02:59.999922,2,BAYxx_xxxx_20251130_225220_000.7z;BAYxx_xxxx_20251130_230224_000.7z
2025-11-30 23:03:00,-8.314348,-0.008314348,-1.227870,-1.894109,-5.192369,768000,768000,1.000000000,1,2025-11-30 23:03:00.000000,2025-11-30 23:03:59.999922,1,BAYxx_xxxx_20251130_230224_000.7z
2025-11-30 23:04:00,-16.996265,-0.016996265,-3.324295,-3.428122,-10.243849,768000,768000,1.000000000,1,2025-11-30 23:04:00.000000,2025-11-30 23:04:59.999922,1,BAYxx_xxxx_20251130_230224_000.7z
2025-11-30 23:05:00,-2.109723,-0.002109723,4.319268,-1.280501,-5.148490,768000,768000,1.000000000,1,2025-11-30 23:05:00.000000,2025-11-30 23:05:59.999922,1,BAYxx_xxxx_20251130_230224_000.7z
2025-11-30 23:06:00,-6.558147,-0.006558147,-0.833344,1.229026,-6.953830,768000,768000,1.000000000,1,2025-11-30 23:06:00.000000,2025-11-30 23:06:59.999922,1,BAYxx_xxxx_20251130_230224_000.7z
2025-11-30 23:07:00,-3.804368,-0.003804368,5.843772,-1.621414,-8.026726,768000,768000,1.000000000,1,2025-11-30 23:07:00.000000,2025-11-30 23:07:59.999922,1,BAYxx_xxxx_20251130_230224_000.7z
2025-11-30 23:08:00,-5.592283,-0.005592283,1.129579,-1.342384,-5.379478,768000,768000,1.000000000,1,2025-11-30 23:08:00.000000,2025-11-30 23:08:59.999922,1,BAYxx_xxxx_20251130_230224_000.7z
2025-11-30 23:09:00,-11.122922,-0.011122922,-2.226294,-3.097841,-5.798788,768000,768000,1.000000000,1,2025-11-30 23:09:00.000000,2025-11-30 23:09:59.999922,1,BAYxx_xxxx_20251130_230224_000.7z
2025-11-30 23:10:00,-14.270211,-0.014270211,-6.311341,-2.523598,-5.435271,768000,768000,1.000000000,1,2025-11-30 23:10:00.000000,2025-11-30 23:10:59.999922,1,BAYxx_xxxx_20251130_230224_000.7z
2025-11-30 23:11:00,-9.518521,-0.009518521,-0.507613,-2.726053,-6.284856,768000,768000,1.000000000,1,2025-11-30 23:11:00.000000,2025-11-30 23:11:59.999922,1,BAYxx_xxxx_20251130_230224_000.7z
2025-11-30 23:12:00,-5.844783,-0.005844783,4.027620,-0.461060,-9.411343,729630,768000,0.950039063,0,2025-11-30 23:12:00.000000,2025-11-30 23:12:59.999922,2,BAYxx_xxxx_20251130_230224_000.7z;BAYxx_xxxx_20251130_231227_000.7z
2025-11-30 23:13:00,-12.240603,-0.012240603,-0.555052,-6.587854,-5.097698,768000,768000,1.000000000,1,2025-11-30 23:13:00.000000,2025-11-30 23:13:59.999922,1,BAYxx_xxxx_20251130_231227_000.7z
2025-11-30 23:14:00,-11.877467,-0.011877467,-1.375676,-4.154111,-6.347680,768000,768000,1.000000000,1,2025-11-30 23:14:00.000000,2025-11-30 23:14:59.999922,1,BAYxx_xxxx_20251130_231227_000.7z
2025-11-30 23:15:00,-6.349866,-0.006349866,1.720032,-3.926541,-4.143358,768000,768000,1.000000000,1,2025-11-30 23:15:00.000000,2025-11-30 23:15:59.999922,1,BAYxx_xxxx_20251130_231227_000.7z
2025-11-30 23:16:00,-6.293614,-0.006293614,1.788994,-2.575210,-5.507398,768000,768000,1.000000000,1,2025-11-30 23:16:00.000000,2025-11-30 23:16:59.999922,1,BAYxx_xxxx_20251130_231227_000.7z
2025-11-30 23:17:00,-6.062433,-0.006062433,3.813744,-4.720646,-5.155531,768000,768000,1.000000000,1,2025-11-30 23:17:00.000000,2025-11-30 23:17:59.999922,1,BAYxx_xxxx_20251130_231227_000.7z
2025-11-30 23:18:00,-3.262119,-0.003262119,5.998815,0.385354,-9.646287,768000,768000,1.000000000,1,2025-11-30 23:18:00.000000,2025-11-30 23:18:59.999922,1,BAYxx_xxxx_20251130_231227_000.7z
2025-11-30 23:19:00,-12.584230,-0.012584230,-0.332142,-3.890534,-8.361554,768000,768000,1.000000000,1,2025-11-30 23:19:00.000000,2025-11-30 23:19:59.999922,1,BAYxx_xxxx_20251130_231227_000.7z
2025-11-30 23:20:00,-5.411454,-0.005411454,-5.101723,0.245813,-0.555543,768000,768000,1.000000000,1,2025-11-30 23:20:00.000000,2025-11-30 23:20:59.999922,1,BAYxx_xxxx_20251130_231227_000.7z
2025-11-30 23:21:00,-7.412776,-0.007412776,0.573315,-4.894115,-3.091976,768000,768000,1.000000000,1,2025-11-30 23:21:00.000000,2025-11-30 23:21:59.999922,1,BAYxx_xxxx_20251130_231227_000.7z
2025-11-30 23:22:00,-14.971910,-0.014971910,-1.154660,-3.315767,-10.501482,601708,768000,0.783473958,0,2025-11-30 23:22:00.000000,2025-11-30 23:22:59.999922,2,BAYxx_xxxx_20251130_231227_000.7z;BAYxx_xxxx_20251130_232240_000.7z
2025-11-30 23:23:00,-18.966648,-0.018966648,-5.121744,-7.400838,-6.444066,768000,768000,1.000000000,1,2025-11-30 23:23:00.000000,2025-11-30 23:23:59.999922,1,BAYxx_xxxx_20251130_232240_000.7z
2025-11-30 23:24:00,-2.167720,-0.002167720,-0.358634,3.968754,-5.777840,768000,768000,1.000000000,1,2025-11-30 23:24:00.000000,2025-11-30 23:24:59.999922,1,BAYxx_xxxx_20251130_232240_000.7z
2025-11-30 23:25:00,-11.201992,-0.011201992,-2.554345,-0.881847,-7.765801,768000,768000,1.000000000,1,2025-11-30 23:25:00.000000,2025-11-30 23:25:59.999922,1,BAYxx_xxxx_20251130_232240_000.7z
2025-11-30 23:26:00,-12.864965,-0.012864965,-2.041556,-0.705144,-10.118265,768000,768000,1.000000000,1,2025-11-30 23:26:00.000000,2025-11-30 23:26:59.999922,1,BAYxx_xxxx_20251130_232240_000.7z
2025-11-30 23:27:00,-10.241679,-0.010241679,-1.049203,-3.473504,-5.718972,768000,768000,1.000000000,1,2025-11-30 23:27:00.000000,2025-11-30 23:27:59.999922,1,BAYxx_xxxx_20251130_232240_000.7z
2025-11-30 23:28:00,-10.355138,-0.010355138,0.259614,-2.142126,-8.472626,768000,768000,1.000000000,1,2025-11-30 23:28:00.000000,2025-11-30 23:28:59.999922,1,BAYxx_xxxx_20251130_232240_000.7z
2025-11-30 23:29:00,-12.044241,-0.012044241,2.713288,-9.756044,-5.001484,768000,768000,1.000000000,1,2025-11-30 23:29:00.000000,2025-11-30 23:29:59.999922,1,BAYxx_xxxx_20251130_232240_000.7z
2025-11-30 23:30:00,-13.312458,-0.013312458,-2.328792,-3.442551,-7.541115,768000,768000,1.000000000,1,2025-11-30 23:30:00.000000,2025-11-30 23:30:59.999922,1,BAYxx_xxxx_20251130_232240_000.7z
2025-11-30 23:31:00,0.876352,0.000876352,4.231096,0.910282,-4.265026,768000,768000,1.000000000,1,2025-11-30 23:31:00.000000,2025-11-30 23:31:59.999922,1,BAYxx_xxxx_20251130_232240_000.7z
2025-11-30 23:32:00,4.028245,0.004028245,8.870061,0.850263,-5.692079,729741,768000,0.950183594,0,2025-11-30 23:32:00.000000,2025-11-30 23:32:59.999922,2,BAYxx_xxxx_20251130_232240_000.7z;BAYxx_xxxx_20251130_233243_000.7z
2025-11-30 23:33:00,-14.851325,-0.014851325,-1.701862,-5.448869,-7.700594,768000,768000,1.000000000,1,2025-11-30 23:33:00.000000,2025-11-30 23:33:59.999922,1,BAYxx_xxxx_20251130_233243_000.7z
2025-11-30 23:34:00,-8.229960,-0.008229960,3.251802,-1.013042,-10.468720,768000,768000,1.000000000,1,2025-11-30 23:34:00.000000,2025-11-30 23:34:59.999922,1,BAYxx_xxxx_20251130_233243_000.7z
2025-11-30 23:35:00,-9.071899,-0.009071899,-2.735725,-0.931104,-5.405069,768000,768000,1.000000000,1,2025-11-30 23:35:00.000000,2025-11-30 23:35:59.999922,1,BAYxx_xxxx_20251130_233243_000.7z
2025-11-30 23:36:00,-2.585409,-0.002585409,3.757267,-0.651797,-5.690878,768000,768000,1.000000000,1,2025-11-30 23:36:00.000000,2025-11-30 23:36:59.999922,1,BAYxx_xxxx_20251130_233243_000.7z
2025-11-30 23:37:00,-4.403655,-0.004403655,5.074902,-3.315685,-6.162872,768000,768000,1.000000000,1,2025-11-30 23:37:00.000000,2025-11-30 23:37:59.999922,1,BAYxx_xxxx_20251130_233243_000.7z
2025-11-30 23:38:00,-2.045575,-0.002045575,3.775544,-0.119993,-5.701126,768000,768000,1.000000000,1,2025-11-30 23:38:00.000000,2025-11-30 23:38:59.999922,1,BAYxx_xxxx_20251130_233243_000.7z
2025-11-30 23:39:00,-0.588345,-0.000588345,3.342058,0.232653,-4.163056,768000,768000,1.000000000,1,2025-11-30 23:39:00.000000,2025-11-30 23:39:59.999922,1,BAYxx_xxxx_20251130_233243_000.7z
2025-11-30 23:40:00,-1.746957,-0.001746957,1.719679,-0.265991,-3.200645,768000,768000,1.000000000,1,2025-11-30 23:40:00.000000,2025-11-30 23:40:59.999922,1,BAYxx_xxxx_20251130_233243_000.7z
2025-11-30 23:41:00,-3.601872,-0.003601872,6.117364,-3.967891,-5.751345,768000,768000,1.000000000,1,2025-11-30 23:41:00.000000,2025-11-30 23:41:59.999922,1,BAYxx_xxxx_20251130_233243_000.7z
2025-11-30 23:42:00,-1.853088,-0.001853088,3.644417,-1.818024,-3.679481,716825,768000,0.933365885,0,2025-11-30 23:42:00.000000,2025-11-30 23:42:59.999922,2,BAYxx_xxxx_20251130_233243_000.7z;BAYxx_xxxx_20251130_234247_000.7z
2025-11-30 23:43:00,-15.987358,-0.015987358,-1.884273,-7.123092,-6.979993,768000,768000,1.000000000,1,2025-11-30 23:43:00.000000,2025-11-30 23:43:59.999922,1,BAYxx_xxxx_20251130_234247_000.7z
2025-11-30 23:44:00,-7.141065,-0.007141065,-3.126325,-0.949980,-3.064760,768000,768000,1.000000000,1,2025-11-30 23:44:00.000000,2025-11-30 23:44:59.999922,1,BAYxx_xxxx_20251130_234247_000.7z
2025-11-30 23:45:00,-2.859207,-0.002859207,3.182020,-0.526731,-5.514496,768000,768000,1.000000000,1,2025-11-30 23:45:00.000000,2025-11-30 23:45:59.999922,1,BAYxx_xxxx_20251130_234247_000.7z
2025-11-30 23:46:00,-8.232170,-0.008232170,1.679809,-3.394034,-6.517945,768000,768000,1.000000000,1,2025-11-30 23:46:00.000000,2025-11-30 23:46:59.999922,1,BAYxx_xxxx_20251130_234247_000.7z
2025-11-30 23:47:00,-1.652146,-0.001652146,8.464347,-2.987859,-7.128634,768000,768000,1.000000000,1,2025-11-30 23:47:00.000000,2025-11-30 23:47:59.999922,1,BAYxx_xxxx_20251130_234247_000.7z
2025-11-30 23:48:00,-15.721849,-0.015721849,-4.398699,-4.431579,-6.891571,768000,768000,1.000000000,1,2025-11-30 23:48:00.000000,2025-11-30 23:48:59.999922,1,BAYxx_xxxx_20251130_234247_000.7z
2025-11-30 23:49:00,-11.440088,-0.011440088,-2.573528,-3.453339,-5.413221,768000,768000,1.000000000,1,2025-11-30 23:49:00.000000,2025-11-30 23:49:59.999922,1,BAYxx_xxxx_20251130_234247_000.7z
2025-11-30 23:50:00,3.094966,0.003094966,9.913022,-0.933212,-5.884844,768000,768000,1.000000000,1,2025-11-30 23:50:00.000000,2025-11-30 23:50:59.999922,1,BAYxx_xxxx_20251130_234247_000.7z
2025-11-30 23:51:00,-17.622831,-0.017622831,-4.703937,-7.104767,-5.814127,768000,768000,1.000000000,1,2025-11-30 23:51:00.000000,2025-11-30 23:51:59.999922,1,BAYxx_xxxx_20251130_234247_000.7z
2025-11-30 23:52:00,-9.055219,-0.009055219,-0.160332,-3.261418,-5.633468,640071,768000,0.833425781,0,2025-11-30 23:52:00.000000,2025-11-30 23:52:59.999922,2,BAYxx_xxxx_20251130_234247_000.7z;BAYxx_xxxx_20251130_235257_000.7z
2025-11-30 23:53:00,-7.760317,-0.007760317,-0.046580,-5.446105,-2.267631,768000,768000,1.000000000,1,2025-11-30 23:53:00.000000,2025-11-30 23:53:59.999922,1,BAYxx_xxxx_20251130_235257_000.7z
2025-11-30 23:54:00,4.411552,0.004411552,4.329259,5.871824,-5.789531,768000,768000,1.000000000,1,2025-11-30 23:54:00.000000,2025-11-30 23:54:59.999922,1,BAYxx_xxxx_20251130_235257_000.7z
2025-11-30 23:55:00,-19.002501,-0.019002501,-5.469401,-8.094552,-5.438548,768000,768000,1.000000000,1,2025-11-30 23:55:00.000000,2025-11-30 23:55:59.999922,1,BAYxx_xxxx_20251130_235257_000.7z
2025-11-30 23:56:00,-4.435739,-0.004435739,5.113955,-0.256543,-9.293150,768000,768000,1.000000000,1,2025-11-30 23:56:00.000000,2025-11-30 23:56:59.999922,1,BAYxx_xxxx_20251130_235257_000.7z
2025-11-30 23:57:00,-10.939550,-0.010939550,6.041642,-3.258418,-13.722774,768000,768000,1.000000000,1,2025-11-30 23:57:00.000000,2025-11-30 23:57:59.999922,1,BAYxx_xxxx_20251130_235257_000.7z
2025-11-30 23:58:00,-7.518933,-0.007518933,2.783152,-4.992729,-5.309356,768000,768000,1.000000000,1,2025-11-30 23:58:00.000000,2025-11-30 23:58:59.999922,1,BAYxx_xxxx_20251130_235257_000.7z
2025-11-30 23:59:00,-1.522236,-0.001522236,7.290659,-3.196095,-5.616800,768000,768000,1.000000000,1,2025-11-30 23:59:00.000000,2025-11-30 23:59:59.999922,1,BAYxx_xxxx_20251130_235257_000.7z
2025-12-01 00:00:00,-6.251047,-0.006251047,1.413104,-3.298925,-4.365226,768000,768000,1.000000000,1,2025-12-01 00:00:00.000000,2025-12-01 00:00:59.999922,1,BAYxx_xxxx_20251130_235257_000.7z
2025-12-01 00:01:00,-3.538677,-0.003538677,1.395465,-2.190697,-2.743445,768000,768000,1.000000000,1,2025-12-01 00:01:00.000000,2025-12-01 00:01:59.999922,1,BAYxx_xxxx_20251130_235257_000.7z
2025-12-01 00:02:00,-0.031543,-0.000031543,-0.594800,0.765439,-0.202182,729721,768000,0.950157552,0,2025-12-01 00:02:00.000000,2025-12-01 00:02:57.009375,1,BAYxx_xxxx_20251130_235257_000.7z
2025-12-01 00:03:00,0.816369,0.000816369,4.615533,2.855263,-6.654428,691200,768000,0.900000000,0,2025-12-01 00:03:06.000000,2025-12-01 00:03:59.999922,1,BAYxx_xxxx_20251201_000306_000.7z
2025-12-01 00:04:00,-10.614758,-0.010614758,1.033664,-5.350119,-6.298304,768000,768000,1.000000000,1,2025-12-01 00:04:00.000000,2025-12-01 00:04:59.999922,1,BAYxx_xxxx_20251201_000306_000.7z
2025-12-01 00:05:00,-11.624045,-0.011624045,0.071897,-6.010057,-5.685885,768000,768000,1.000000000,1,2025-12-01 00:05:00.000000,2025-12-01 00:05:59.999922,1,BAYxx_xxxx_20251201_000306_000.7z
2025-12-01 00:06:00,-8.345069,-0.008345069,1.605825,-7.649762,-2.301132,768000,768000,1.000000000,1,2025-12-01 00:06:00.000000,2025-12-01 00:06:59.999922,1,BAYxx_xxxx_20251201_000306_000.7z
2025-12-01 00:07:00,-13.194882,-0.013194882,-2.837477,-4.657531,-5.699874,768000,768000,1.000000000,1,2025-12-01 00:07:00.000000,2025-12-01 00:07:59.999922,1,BAYxx_xxxx_20251201_000306_000.7z
2025-12-01 00:08:00,-6.191176,-0.006191176,1.765640,-1.923479,-6.033337,768000,768000,1.000000000,1,2025-12-01 00:08:00.000000,2025-12-01 00:08:59.999922,1,BAYxx_xxxx_20251201_000306_000.7z
2025-12-01 00:09:00,-14.093823,-0.014093823,-2.749073,-4.372454,-6.972295,768000,768000,1.000000000,1,2025-12-01 00:09:00.000000,2025-12-01 00:09:59.999922,1,BAYxx_xxxx_20251201_000306_000.7z
2025-12-01 00:10:00,-13.027072,-0.013027072,-2.467409,-4.928893,-5.630770,768000,768000,1.000000000,1,2025-12-01 00:10:00.000000,2025-12-01 00:10:59.999922,1,BAYxx_xxxx_20251201_000306_000.7z
2025-12-01 00:11:00,-10.068239,-0.010068239,-0.545771,-4.165919,-5.356549,768000,768000,1.000000000,1,2025-12-01 00:11:00.000000,2025-12-01 00:11:59.999922,1,BAYxx_xxxx_20251201_000306_000.7z
2025-12-01 00:12:00,-9.502109,-0.009502109,-1.193161,-2.963292,-5.345656,768000,768000,1.000000000,1,2025-12-01 00:12:00.000000,2025-12-01 00:12:59.999922,1,BAYxx_xxxx_20251201_000306_000.7z
2025-12-01 00:13:00,-8.459212,-0.008459212,0.969944,-1.391671,-8.037485,716911,768000,0.933477865,0,2025-12-01 00:13:00.000000,2025-12-01 00:13:59.999922,2,BAYxx_xxxx_20251201_000306_000.7z;BAYxx_xxxx_20251201_001310_000.7z
2025-12-01 00:14:00,-7.254398,-0.007254398,5.861533,-5.245020,-7.870911,768000,768000,1.000000000,1,2025-12-01 00:14:00.000000,2025-12-01 00:14:59.999922,1,BAYxx_xxxx_20251201_001310_000.7z
2025-12-01 00:15:00,-1.962944,-0.001962944,4.309090,-0.965972,-5.306062,768000,768000,1.000000000,1,2025-12-01 00:15:00.000000,2025-12-01 00:15:59.999922,1,BAYxx_xxxx_20251201_001310_000.7z
2025-12-01 00:16:00,-3.297545,-0.003297545,4.743293,-3.313477,-4.727361,768000,768000,1.000000000,1,2025-12-01 00:16:00.000000,2025-12-01 00:16:59.999922,1,BAYxx_xxxx_20251201_001310_000.7z
2025-12-01 00:17:00,-6.462739,-0.006462739,1.700401,-2.810769,-5.352371,768000,768000,1.000000000,1,2025-12-01 00:17:00.000000,2025-12-01 00:17:59.999922,1,BAYxx_xxxx_20251201_001310_000.7z
2025-12-01 00:18:00,-8.723039,-0.008723039,0.338860,-4.318928,-4.742972,768000,768000,1.000000000,1,2025-12-01 00:18:00.000000,2025-12-01 00:18:59.999922,1,BAYxx_xxxx_20251201_001310_000.7z
2025-12-01 00:19:00,-0.365870,-0.000365870,4.000586,-1.800321,-2.566135,768000,768000,1.000000000,1,2025-12-01 00:19:00.000000,2025-12-01 00:19:59.999922,1,BAYxx_xxxx_20251201_001310_000.7z
2025-12-01 00:20:00,-7.252311,-0.007252311,-0.637082,-2.584236,-4.030993,768000,768000,1.000000000,1,2025-12-01 00:20:00.000000,2025-12-01 00:20:59.999922,1,BAYxx_xxxx_20251201_001310_000.7z
2025-12-01 00:21:00,-7.346961,-0.007346961,0.842655,-2.953783,-5.235834,768000,768000,1.000000000,1,2025-12-01 00:21:00.000000,2025-12-01 00:21:59.999922,1,BAYxx_xxxx_20251201_001310_000.7z
2025-12-01 00:22:00,-12.785549,-0.012785549,-1.879288,-7.494774,-3.411486,768000,768000,1.000000000,1,2025-12-01 00:22:00.000000,2025-12-01 00:22:59.999922,1,BAYxx_xxxx_20251201_001310_000.7z
2025-12-01 00:23:00,-13.457879,-0.013457879,-0.712709,-4.400074,-8.345096,691319,768000,0.900154948,0,2025-12-01 00:23:00.000000,2025-12-01 00:23:59.999922,2,BAYxx_xxxx_20251201_001310_000.7z;BAYxx_xxxx_20251201_002316_000.7z
2025-12-01 00:24:00,-14.999720,-0.014999720,-5.468284,-4.261419,-5.270017,768000,768000,1.000000000,1,2025-12-01 00:24:00.000000,2025-12-01 00:24:59.999922,1,BAYxx_xxxx_20251201_002316_000.7z
2025-12-01 00:25:00,-10.778390,-0.010778390,-2.144347,-0.639233,-7.994809,768000,768000,1.000000000,1,2025-12-01 00:25:00.000000,2025-12-01 00:25:59.999922,1,BAYxx_xxxx_20251201_002316_000.7z
2025-12-01 00:26:00,-5.813238,-0.005813238,-0.498253,0.490341,-5.805327,768000,768000,1.000000000,1,2025-12-01 00:26:00.000000,2025-12-01 00:26:59.999922,1,BAYxx_xxxx_20251201_002316_000.7z
2025-12-01 00:27:00,-8.025276,-0.008025276,0.811967,-3.093312,-5.743932,768000,768000,1.000000000,1,2025-12-01 00:27:00.000000,2025-12-01 00:27:59.999922,1,BAYxx_xxxx_20251201_002316_000.7z
2025-12-01 00:28:00,-6.669536,-0.006669536,-3.395184,-2.345671,-0.928681,768000,768000,1.000000000,1,2025-12-01 00:28:00.000000,2025-12-01 00:28:59.999922,1,BAYxx_xxxx_20251201_002316_000.7z
2025-12-01 00:29:00,-5.361681,-0.005361681,1.860425,-2.602409,-4.619697,768000,768000,1.000000000,1,2025-12-01 00:29:00.000000,2025-12-01 00:29:59.999922,1,BAYxx_xxxx_20251201_002316_000.7z
2025-12-01 00:30:00,-10.329314,-0.010329314,-0.897400,-2.840890,-6.591023,768000,768000,1.000000000,1,2025-12-01 00:30:00.000000,2025-12-01 00:30:59.999922,1,BAYxx_xxxx_20251201_002316_000.7z
2025-12-01 00:31:00,-4.473568,-0.004473568,2.013467,-1.474274,-5.012762,768000,768000,1.000000000,1,2025-12-01 00:31:00.000000,2025-12-01 00:31:59.999922,1,BAYxx_xxxx_20251201_002316_000.7z
2025-12-01 00:32:00,-8.853647,-0.008853647,-1.115717,-2.152900,-5.585029,768000,768000,1.000000000,1,2025-12-01 00:32:00.000000,2025-12-01 00:32:59.999922,1,BAYxx_xxxx_20251201_002316_000.7z
2025-12-01 00:33:00,-14.643987,-0.014643987,-1.293957,-3.749238,-9.600792,691334,768000,0.900174479,0,2025-12-01 00:33:00.000000,2025-12-01 00:33:59.999922,2,BAYxx_xxxx_20251201_002316_000.7z;BAYxx_xxxx_20251201_003322_000.7z
2025-12-01 00:34:00,-6.517486,-0.006517486,-0.379295,-0.737654,-5.400537,768000,768000,1.000000000,1,2025-12-01 00:34:00.000000,2025-12-01 00:34:59.999922,1,BAYxx_xxxx_20251201_003322_000.7z
2025-12-01 00:35:00,-1.522052,-0.001522052,4.605186,5.805676,-11.932915,768000,768000,1.000000000,1,2025-12-01 00:35:00.000000,2025-12-01 00:35:59.999922,1,BAYxx_xxxx_20251201_003322_000.7z
2025-12-01 00:36:00,-8.610978,-0.008610978,4.904674,-5.222785,-8.292867,768000,768000,1.000000000,1,2025-12-01 00:36:00.000000,2025-12-01 00:36:59.999922,1,BAYxx_xxxx_20251201_003322_000.7z
2025-12-01 00:37:00,-7.580641,-0.007580641,-0.059753,-3.604948,-3.915939,768000,768000,1.000000000,1,2025-12-01 00:37:00.000000,2025-12-01 00:37:59.999922,1,BAYxx_xxxx_20251201_003322_000.7z
2025-12-01 00:38:00,-9.444835,-0.009444835,0.059243,-4.120717,-5.383361,768000,768000,1.000000000,1,2025-12-01 00:38:00.000000,2025-12-01 00:38:59.999922,1,BAYxx_xxxx_20251201_003322_000.7z
2025-12-01 00:39:00,-13.066684,-0.013066684,-4.226264,-1.415483,-7.424936,768000,768000,1.000000000,1,2025-12-01 00:39:00.000000,2025-12-01 00:39:59.999922,1,BAYxx_xxxx_20251201_003322_000.7z
2025-12-01 00:40:00,-1.750387,-0.001750387,4.655069,-0.743917,-5.661539,768000,768000,1.000000000,1,2025-12-01 00:40:00.000000,2025-12-01 00:40:59.999922,1,BAYxx_xxxx_20251201_003322_000.7z
2025-12-01 00:41:00,9.813979,0.009813979,7.630987,5.145111,-2.962119,768000,768000,1.000000000,1,2025-12-01 00:41:00.000000,2025-12-01 00:41:59.999922,1,BAYxx_xxxx_20251201_003322_000.7z
2025-12-01 00:42:00,-8.706496,-0.008706496,0.689935,-4.128660,-5.267770,768000,768000,1.000000000,1,2025-12-01 00:42:00.000000,2025-12-01 00:42:59.999922,1,BAYxx_xxxx_20251201_003322_000.7z
2025-12-01 00:43:00,-6.495153,-0.006495153,0.398480,-3.195229,-3.698405,716918,768000,0.933486979,0,2025-12-01 00:43:00.000000,2025-12-01 00:43:59.999922,2,BAYxx_xxxx_20251201_003322_000.7z;BAYxx_xxxx_20251201_004326_000.7z
2025-12-01 00:44:00,-18.288541,-0.018288541,-0.676645,-8.161116,-9.450780,768000,768000,1.000000000,1,2025-12-01 00:44:00.000000,2025-12-01 00:44:59.999922,1,BAYxx_xxxx_20251201_004326_000.7z
2025-12-01 00:45:00,3.619534,0.003619534,6.180052,3.282017,-5.842535,768000,768000,1.000000000,1,2025-12-01 00:45:00.000000,2025-12-01 00:45:59.999922,1,BAYxx_xxxx_20251201_004326_000.7z
2025-12-01 00:46:00,-3.967869,-0.003967869,-2.379460,-2.798290,1.209881,768000,768000,1.000000000,1,2025-12-01 00:46:00.000000,2025-12-01 00:46:59.999922,1,BAYxx_xxxx_20251201_004326_000.7z
2025-12-01 00:47:00,-9.508431,-0.009508431,0.890503,-5.120939,-5.277994,768000,768000,1.000000000,1,2025-12-01 00:47:00.000000,2025-12-01 00:47:59.999922,1,BAYxx_xxxx_20251201_004326_000.7z
2025-12-01 00:48:00,6.229477,0.006229477,6.415282,2.614957,-2.800762,768000,768000,1.000000000,1,2025-12-01 00:48:00.000000,2025-12-01 00:48:59.999922,1,BAYxx_xxxx_20251201_004326_000.7z
2025-12-01 00:49:00,-5.228019,-0.005228019,3.691589,-3.496219,-5.423389,768000,768000,1.000000000,1,2025-12-01 00:49:00.000000,2025-12-01 00:49:59.999922,1,BAYxx_xxxx_20251201_004326_000.7z
2025-12-01 00:50:00,-7.779069,-0.007779069,-2.383763,-1.627896,-3.767409,768000,768000,1.000000000,1,2025-12-01 00:50:00.000000,2025-12-01 00:50:59.999922,1,BAYxx_xxxx_20251201_004326_000.7z
2025-12-01 00:51:00,-6.251972,-0.006251972,-3.062954,0.531303,-3.720321,768000,768000,1.000000000,1,2025-12-01 00:51:00.000000,2025-12-01 00:51:59.999922,1,BAYxx_xxxx_20251201_004326_000.7z
2025-12-01 00:52:00,-9.850913,-0.009850913,0.747629,-2.043838,-8.554704,768000,768000,1.000000000,1,2025-12-01 00:52:00.000000,2025-12-01 00:52:59.999922,1,BAYxx_xxxx_20251201_004326_000.7z
2025-12-01 00:53:00,-9.191164,-0.009191164,2.923758,-2.903127,-9.211795,729606,768000,0.950007812,0,2025-12-01 00:53:00.000000,2025-12-01 00:53:59.999922,2,BAYxx_xxxx_20251201_004326_000.7z;BAYxx_xxxx_20251201_005329_000.7z
2025-12-01 00:54:00,-2.467236,-0.002467236,1.558852,2.187948,-6.214037,768000,768000,1.000000000,1,2025-12-01 00:54:00.000000,2025-12-01 00:54:59.999922,1,BAYxx_xxxx_20251201_005329_000.7z
2025-12-01 00:55:00,-7.227449,-0.007227449,5.494633,-0.616854,-12.105228,768000,768000,1.000000000,1,2025-12-01 00:55:00.000000,2025-12-01 00:55:59.999922,1,BAYxx_xxxx_20251201_005329_000.7z
2025-12-01 00:56:00,-6.399025,-0.006399025,-2.698125,-3.464353,-0.236548,768000,768000,1.000000000,1,2025-12-01 00:56:00.000000,2025-12-01 00:56:59.999922,1,BAYxx_xxxx_20251201_005329_000.7z
2025-12-01 00:57:00,-5.650733,-0.005650733,2.827169,-3.791386,-4.686515,768000,768000,1.000000000,1,2025-12-01 00:57:00.000000,2025-12-01 00:57:59.999922,1,BAYxx_xxxx_20251201_005329_000.7z
2025-12-01 00:58:00,2.196695,0.002196695,2.849119,2.397314,-3.049738,768000,768000,1.000000000,1,2025-12-01 00:58:00.000000,2025-12-01 00:58:59.999922,1,BAYxx_xxxx_20251201_005329_000.7z
2025-12-01 00:59:00,-12.731777,-0.012731777,-4.202575,-0.413895,-8.115307,768000,768000,1.000000000,1,2025-12-01 00:59:00.000000,2025-12-01 00:59:59.999922,1,BAYxx_xxxx_20251201_005329_000.7z
2025-12-01 01:00:00,-0.179003,-0.000179003,0.351601,-2.495518,1.964914,768000,768000,1.000000000,1,2025-12-01 01:00:00.000000,2025-12-01 01:00:59.999922,1,BAYxx_xxxx_20251201_005329_000.7z
2025-12-01 01:01:00,-2.822812,-0.002822812,7.000667,-4.512233,-5.311247,768000,768000,1.000000000,1,2025-12-01 01:01:00.000000,2025-12-01 01:01:59.999922,1,BAYxx_xxxx_20251201_005329_000.7z
2025-12-01 01:02:00,-2.893369,-0.002893369,1.160439,-1.063386,-2.990423,768000,768000,1.000000000,1,2025-12-01 01:02:00.000000,2025-12-01 01:02:59.999922,1,BAYxx_xxxx_20251201_005329_000.7z
2025-12-01 01:03:00,-3.442072,-0.003442072,-0.280202,2.172466,-5.334336,627261,768000,0.816746094,0,2025-12-01 01:03:00.000000,2025-12-01 01:03:59.999922,2,BAYxx_xxxx_20251201_005329_000.7z;BAYxx_xxxx_20251201_010340_000.7z
2025-12-01 01:04:00,-8.449624,-0.008449624,-0.045334,-1.405930,-6.998361,768000,768000,1.000000000,1,2025-12-01 01:04:00.000000,2025-12-01 01:04:59.999922,1,BAYxx_xxxx_20251201_010340_000.7z
2025-12-01 01:05:00,-11.236516,-0.011236516,-2.844474,-2.647890,-5.744152,768000,768000,1.000000000,1,2025-12-01 01:05:00.000000,2025-12-01 01:05:59.999922,1,BAYxx_xxxx_20251201_010340_000.7z
2025-12-01 01:06:00,-5.512534,-0.005512534,8.103144,-3.388498,-10.227180,768000,768000,1.000000000,1,2025-12-01 01:06:00.000000,2025-12-01 01:06:59.999922,1,BAYxx_xxxx_20251201_010340_000.7z
2025-12-01 01:07:00,-9.560056,-0.009560056,0.113976,-4.615750,-5.058282,768000,768000,1.000000000,1,2025-12-01 01:07:00.000000,2025-12-01 01:07:59.999922,1,BAYxx_xxxx_20251201_010340_000.7z
2025-12-01 01:08:00,-11.802166,-0.011802166,-1.229829,-3.359995,-7.212343,768000,768000,1.000000000,1,2025-12-01 01:08:00.000000,2025-12-01 01:08:59.999922,1,BAYxx_xxxx_20251201_010340_000.7z
2025-12-01 01:09:00,-4.815751,-0.004815751,0.789796,-2.019170,-3.586376,768000,768000,1.000000000,1,2025-12-01 01:09:00.000000,2025-12-01 01:09:59.999922,1,BAYxx_xxxx_20251201_010340_000.7z
2025-12-01 01:10:00,-5.130879,-0.005130879,0.252185,-0.082337,-5.300727,768000,768000,1.000000000,1,2025-12-01 01:10:00.000000,2025-12-01 01:10:59.999922,1,BAYxx_xxxx_20251201_010340_000.7z
2025-12-01 01:11:00,-1.640232,-0.001640232,4.636544,-1.391100,-4.885676,768000,768000,1.000000000,1,2025-12-01 01:11:00.000000,2025-12-01 01:11:59.999922,1,BAYxx_xxxx_20251201_010340_000.7z
2025-12-01 01:12:00,-5.225930,-0.005225930,2.342451,-2.081916,-5.486466,768000,768000,1.000000000,1,2025-12-01 01:12:00.000000,2025-12-01 01:12:59.999922,1,BAYxx_xxxx_20251201_010340_000.7z
2025-12-01 01:13:00,-12.612581,-0.012612581,-3.326616,-4.459175,-4.826791,614450,768000,0.800065104,0,2025-12-01 01:13:00.000000,2025-12-01 01:13:59.999922,2,BAYxx_xxxx_20251201_010340_000.7z;BAYxx_xxxx_20251201_011352_000.7z
2025-12-01 01:14:00,-6.824917,-0.006824917,-3.899728,0.240327,-3.165517,768000,768000,1.000000000,1,2025-12-01 01:14:00.000000,2025-12-01 01:14:59.999922,1,BAYxx_xxxx_20251201_011352_000.7z
2025-12-01 01:15:00,-10.888007,-0.010888007,4.810420,-7.649868,-8.048559,768000,768000,1.000000000,1,2025-12-01 01:15:00.000000,2025-12-01 01:15:59.999922,1,BAYxx_xxxx_20251201_011352_000.7z
2025-12-01 01:16:00,4.643641,0.004643641,8.772812,-0.669142,-3.460029,768000,768000,1.000000000,1,2025-12-01 01:16:00.000000,2025-12-01 01:16:59.999922,1,BAYxx_xxxx_20251201_011352_000.7z
2025-12-01 01:17:00,-4.641661,-0.004641661,3.014049,-5.810449,-1.845261,768000,768000,1.000000000,1,2025-12-01 01:17:00.000000,2025-12-01 01:17:59.999922,1,BAYxx_xxxx_20251201_011352_000.7z
2025-12-01 01:18:00,-11.103462,-0.011103462,-0.908649,-2.237814,-7.956999,768000,768000,1.000000000,1,2025-12-01 01:18:00.000000,2025-12-01 01:18:59.999922,1,BAYxx_xxxx_20251201_011352_000.7z
2025-12-01 01:19:00,-3.490147,-0.003490147,0.092227,-0.399582,-3.182792,768000,768000,1.000000000,1,2025-12-01 01:19:00.000000,2025-12-01 01:19:59.999922,1,BAYxx_xxxx_20251201_011352_000.7z
2025-12-01 01:20:00,-8.800122,-0.008800122,2.863631,-3.512713,-8.151040,768000,768000,1.000000000,1,2025-12-01 01:20:00.000000,2025-12-01 01:20:59.999922,1,BAYxx_xxxx_20251201_011352_000.7z
2025-12-01 01:21:00,-5.147740,-0.005147740,-2.343886,3.590057,-6.393911,768000,768000,1.000000000,1,2025-12-01 01:21:00.000000,2025-12-01 01:21:59.999922,1,BAYxx_xxxx_20251201_011352_000.7z
2025-12-01 01:22:00,-5.703739,-0.005703739,5.321229,-8.214608,-2.810360,768000,768000,1.000000000,1,2025-12-01 01:22:00.000000,2025-12-01 01:22:59.999922,1,BAYxx_xxxx_20251201_011352_000.7z
2025-12-01 01:23:00,-4.916344,-0.004916344,6.037080,-5.593070,-5.360354,729735,768000,0.950175781,0,2025-12-01 01:23:00.000000,2025-12-01 01:23:59.999922,2,BAYxx_xxxx_20251201_011352_000.7z;BAYxx_xxxx_20251201_012355_000.7z
2025-12-01 01:24:00,-6.429196,-0.006429196,-0.185843,-2.666527,-3.576827,768000,768000,1.000000000,1,2025-12-01 01:24:00.000000,2025-12-01 01:24:59.999922,1,BAYxx_xxxx_20251201_012355_000.7z
2025-12-01 01:25:00,-6.670294,-0.006670294,-1.792447,-1.144219,-3.733628,768000,768000,1.000000000,1,2025-12-01 01:25:00.000000,2025-12-01 01:25:59.999922,1,BAYxx_xxxx_20251201_012355_000.7z
2025-12-01 01:26:00,-12.978083,-0.012978083,-2.678145,-5.075920,-5.224018,768000,768000,1.000000000,1,2025-12-01 01:26:00.000000,2025-12-01 01:26:59.999922,1,BAYxx_xxxx_20251201_012355_000.7z
2025-12-01 01:27:00,-1.856333,-0.001856333,1.513147,-0.258575,-3.110906,768000,768000,1.000000000,1,2025-12-01 01:27:00.000000,2025-12-01 01:27:59.999922,1,BAYxx_xxxx_20251201_012355_000.7z
2025-12-01 01:28:00,-8.750868,-0.008750868,3.163547,-5.722726,-6.191688,768000,768000,1.000000000,1,2025-12-01 01:28:00.000000,2025-12-01 01:28:59.999922,1,BAYxx_xxxx_20251201_012355_000.7z
2025-12-01 01:29:00,-10.468649,-0.010468649,-2.854493,-0.741448,-6.872708,768000,768000,1.000000000,1,2025-12-01 01:29:00.000000,2025-12-01 01:29:59.999922,1,BAYxx_xxxx_20251201_012355_000.7z
2025-12-01 01:30:00,-6.329692,-0.006329692,2.014580,-4.580122,-3.764151,768000,768000,1.000000000,1,2025-12-01 01:30:00.000000,2025-12-01 01:30:59.999922,1,BAYxx_xxxx_20251201_012355_000.7z
2025-12-01 01:31:00,-9.524258,-0.009524258,-1.666355,-3.506632,-4.351271,768000,768000,1.000000000,1,2025-12-01 01:31:00.000000,2025-12-01 01:31:59.999922,1,BAYxx_xxxx_20251201_012355_000.7z
2025-12-01 01:32:00,-17.733279,-0.017733279,1.685370,-7.027456,-12.391193,768000,768000,1.000000000,1,2025-12-01 01:32:00.000000,2025-12-01 01:32:59.999922,1,BAYxx_xxxx_20251201_012355_000.7z
