minute_start,active_power_w,active_power_kw,phase_a_power_w,phase_b_power_w,phase_c_power_w,sample_count,expected_samples,coverage_ratio,is_complete,first_sample_time,last_sample_time,source_archive_count,source_archives
2025-12-07 03:18:00,28354.118967,28.354118967,9238.359204,9335.944317,9779.815446,742405,768000,0.966673177,0,2025-12-07 03:18:00.000000,2025-12-07 03:18:59.999922,2,BAYxx_xxxx_20251207_030845_000.7z;BAYxx_xxxx_20251207_031847_000.7z
2025-12-07 03:19:00,29409.654797,29.409654797,9590.866330,9680.767164,10138.021303,768000,768000,1.000000000,1,2025-12-07 03:19:00.000000,2025-12-07 03:19:59.999922,1,BAYxx_xxxx_20251207_031847_000.7z
2025-12-07 03:20:00,18622.811873,18.622811873,6193.603616,6032.703800,6396.504456,768000,768000,1.000000000,1,2025-12-07 03:20:00.000000,2025-12-07 03:20:59.999922,1,BAYxx_xxxx_20251207_031847_000.7z
2025-12-07 03:21:00,3135.641405,3.135641405,1305.578483,808.714392,1021.348530,768000,768000,1.000000000,1,2025-12-07 03:21:00.000000,2025-12-07 03:21:59.999922,1,BAYxx_xxxx_20251207_031847_000.7z
2025-12-07 03:22:00,3133.855897,3.133855897,1308.644822,808.748594,1016.462480,768000,768000,1.000000000,1,2025-12-07 03:22:00.000000,2025-12-07 03:22:59.999922,1,BAYxx_xxxx_20251207_031847_000.7z
2025-12-07 03:23:00,3123.687812,3.123687812,1306.614951,805.298793,1011.774068,768000,768000,1.000000000,1,2025-12-07 03:23:00.000000,2025-12-07 03:23:59.999922,1,BAYxx_xxxx_20251207_031847_000.7z
2025-12-07 03:24:00,3120.112384,3.120112384,1307.063978,799.765594,1013.282812,768000,768000,1.000000000,1,2025-12-07 03:24:00.000000,2025-12-07 03:24:59.999922,1,BAYxx_xxxx_20251207_031847_000.7z
2025-12-07 03:25:00,3128.635961,3.128635961,1306.845353,802.480158,1019.310449,768000,768000,1.000000000,1,2025-12-07 03:25:00.000000,2025-12-07 03:25:59.999922,1,BAYxx_xxxx_20251207_031847_000.7z
2025-12-07 03:26:00,3138.954362,3.138954362,1313.131618,807.935402,1017.887343,768000,768000,1.000000000,1,2025-12-07 03:26:00.000000,2025-12-07 03:26:59.999922,1,BAYxx_xxxx_20251207_031847_000.7z
2025-12-07 03:27:00,3156.518582,3.156518582,1320.346757,805.383214,1030.788611,768000,768000,1.000000000,1,2025-12-07 03:27:00.000000,2025-12-07 03:27:59.999922,1,BAYxx_xxxx_20251207_031847_000.7z
2025-12-07 03:28:00,3145.436575,3.145436575,1309.638682,806.106345,1029.691548,704061,768000,0.916746094,0,2025-12-07 03:28:00.000000,2025-12-07 03:28:59.999922,2,BAYxx_xxxx_20251207_031847_000.7z;BAYxx_xxxx_20251207_032852_000.7z
2025-12-07 03:29:00,3143.707104,3.143707104,1308.658674,804.979929,1030.068500,768000,768000,1.000000000,1,2025-12-07 03:29:00.000000,2025-12-07 03:29:59.999922,1,BAYxx_xxxx_20251207_032852_000.7z
2025-12-07 03:30:00,3140.134551,3.140134551,1309.233590,809.207663,1021.693298,768000,768000,1.000000000,1,2025-12-07 03:30:00.000000,2025-12-07 03:30:59.999922,1,BAYxx_xxxx_20251207_032852_000.7z
2025-12-07 03:31:00,3139.963453,3.139963453,1313.158697,804.536382,1022.268373,768000,768000,1.000000000,1,2025-12-07 03:31:00.000000,2025-12-07 03:31:59.999922,1,BAYxx_xxxx_20251207_032852_000.7z
2025-12-07 03:32:00,3139.876199,3.139876199,1305.489541,809.787014,1024.599644,768000,768000,1.000000000,1,2025-12-07 03:32:00.000000,2025-12-07 03:32:59.999922,1,BAYxx_xxxx_20251207_032852_000.7z
2025-12-07 03:33:00,3130.620408,3.130620408,1301.483038,806.250531,1022.886840,768000,768000,1.000000000,1,2025-12-07 03:33:00.000000,2025-12-07 03:33:59.999922,1,BAYxx_xxxx_20251207_032852_000.7z
2025-12-07 03:34:00,3127.449314,3.127449314,1300.181028,808.955567,1018.312719,768000,768000,1.000000000,1,2025-12-07 03:34:00.000000,2025-12-07 03:34:59.999922,1,BAYxx_xxxx_20251207_032852_000.7z
2025-12-07 03:35:00,4590.426071,4.590426071,1782.893934,1297.220112,1510.312025,768000,768000,1.000000000,1,2025-12-07 03:35:00.000000,2025-12-07 03:35:59.999922,1,BAYxx_xxxx_20251207_032852_000.7z
2025-12-07 03:36:00,18048.853365,18.048853365,6003.188840,5857.387926,6188.276599,768000,768000,1.000000000,1,2025-12-07 03:36:00.000000,2025-12-07 03:36:59.999922,1,BAYxx_xxxx_20251207_032852_000.7z
2025-12-07 03:37:00,26773.248965,26.773248965,8763.272630,8795.771843,9214.204492,768000,768000,1.000000000,1,2025-12-07 03:37:00.000000,2025-12-07 03:37:59.999922,1,BAYxx_xxxx_20251207_032852_000.7z
2025-12-07 03:38:00,27439.747426,27.439747426,8946.922543,9033.332260,9459.492624,742533,768000,0.966839844,0,2025-12-07 03:38:00.000000,2025-12-07 03:38:59.999922,2,BAYxx_xxxx_20251207_032852_000.7z;BAYxx_xxxx_20251207_033854_000.7z
2025-12-07 03:39:00,28509.223380,28.509223380,9301.396697,9379.064731,9828.761952,768000,768000,1.000000000,1,2025-12-07 03:39:00.000000,2025-12-07 03:39:59.999922,1,BAYxx_xxxx_20251207_033854_000.7z
2025-12-07 03:40:00,29554.780152,29.554780152,9646.914597,9710.892054,10196.973502,768000,768000,1.000000000,1,2025-12-07 03:40:00.000000,2025-12-07 03:40:59.999922,1,BAYxx_xxxx_20251207_033854_000.7z
2025-12-07 03:41:00,18567.444793,18.567444793,6189.018432,6007.085082,6371.341279,768000,768000,1.000000000,1,2025-12-07 03:41:00.000000,2025-12-07 03:41:59.999922,1,BAYxx_xxxx_20251207_033854_000.7z
2025-12-07 03:42:00,3119.281416,3.119281416,1305.201404,799.738026,1014.341986,768000,768000,1.000000000,1,2025-12-07 03:42:00.000000,2025-12-07 03:42:59.999922,1,BAYxx_xxxx_20251207_033854_000.7z
2025-12-07 03:43:00,3144.070329,3.144070329,1308.216514,809.056691,1026.797124,768000,768000,1.000000000,1,2025-12-07 03:43:00.000000,2025-12-07 03:43:59.999922,1,BAYxx_xxxx_20251207_033854_000.7z
2025-12-07 03:44:00,3054.159772,3.054159772,1302.115959,804.249442,947.794371,768000,768000,1.000000000,1,2025-12-07 03:44:00.000000,2025-12-07 03:44:59.999922,1,BAYxx_xxxx_20251207_033854_000.7z
2025-12-07 03:45:00,3045.678805,3.045678805,1300.594346,818.331048,926.753411,768000,768000,1.000000000,1,2025-12-07 03:45:00.000000,2025-12-07 03:45:59.999922,1,BAYxx_xxxx_20251207_033854_000.7z
2025-12-07 03:46:00,3037.165125,3.037165125,1297.782249,810.691485,928.691391,768000,768000,1.000000000,1,2025-12-07 03:46:00.000000,2025-12-07 03:46:59.999922,1,BAYxx_xxxx_20251207_033854_000.7z
2025-12-07 03:47:00,3051.229175,3.051229175,1303.539588,814.859367,932.830220,768000,768000,1.000000000,1,2025-12-07 03:47:00.000000,2025-12-07 03:47:59.999922,1,BAYxx_xxxx_20251207_033854_000.7z
2025-12-07 03:48:00,3032.085400,3.032085400,1305.504996,805.756481,920.823923,716866,768000,0.933419271,0,2025-12-07 03:48:00.000000,2025-12-07 03:48:59.999922,2,BAYxx_xxxx_20251207_033854_000.7z;BAYxx_xxxx_20251207_034858_000.7z
2025-12-07 03:49:00,3069.078798,3.069078798,1312.649770,818.230391,938.198637,768000,768000,1.000000000,1,2025-12-07 03:49:00.000000,2025-12-07 03:49:59.999922,1,BAYxx_xxxx_20251207_034858_000.7z
2025-12-07 03:50:00,3030.249295,3.030249295,1300.461504,808.105898,921.681893,768000,768000,1.000000000,1,2025-12-07 03:50:00.000000,2025-12-07 03:50:59.999922,1,BAYxx_xxxx_20251207_034858_000.7z
2025-12-07 03:51:00,3034.639857,3.034639857,1303.615471,806.851456,924.172930,768000,768000,1.000000000,1,2025-12-07 03:51:00.000000,2025-12-07 03:51:59.999922,1,BAYxx_xxxx_20251207_034858_000.7z
2025-12-07 03:52:00,3047.357322,3.047357322,1309.122925,810.600184,927.634213,768000,768000,1.000000000,1,2025-12-07 03:52:00.000000,2025-12-07 03:52:59.999922,1,BAYxx_xxxx_20251207_034858_000.7z
2025-12-07 03:53:00,3407.183596,3.407183596,1422.650439,935.074039,1049.459118,768000,768000,1.000000000,1,2025-12-07 03:53:00.000000,2025-12-07 03:53:59.999922,1,BAYxx_xxxx_20251207_034858_000.7z
2025-12-07 03:54:00,4746.810398,4.746810398,1850.958935,1390.926473,1504.924990,768000,768000,1.000000000,1,2025-12-07 03:54:00.000000,2025-12-07 03:54:59.999922,1,BAYxx_xxxx_20251207_034858_000.7z
2025-12-07 03:55:00,24877.221888,24.877221888,8143.883866,8212.293538,8521.044483,768000,768000,1.000000000,1,2025-12-07 03:55:00.000000,2025-12-07 03:55:59.999922,1,BAYxx_xxxx_20251207_034858_000.7z
2025-12-07 03:56:00,26687.900843,26.687900843,8735.489011,8811.148997,9141.262835,768000,768000,1.000000000,1,2025-12-07 03:56:00.000000,2025-12-07 03:56:59.999922,1,BAYxx_xxxx_20251207_034858_000.7z
2025-12-07 03:57:00,27347.706177,27.347706177,8955.643879,9026.606562,9365.455737,768000,768000,1.000000000,1,2025-12-07 03:57:00.000000,2025-12-07 03:57:59.999922,1,BAYxx_xxxx_20251207_034858_000.7z
2025-12-07 03:58:00,28697.562355,28.697562355,9404.496303,9466.698655,9826.367397,742431,768000,0.966707031,0,2025-12-07 03:58:00.000000,2025-12-07 03:58:58.002344,1,BAYxx_xxxx_20251207_034858_000.7z
2025-12-07 03:59:00,29413.260244,29.413260244,9619.546980,9678.513572,10115.199692,742400,768000,0.966666667,0,2025-12-07 03:59:02.000000,2025-12-07 03:59:59.999922,1,BAYxx_xxxx_20251207_035902_000.7z
2025-12-07 04:00:00,14834.185751,14.834185751,5019.395051,4739.412453,5075.378247,768000,768000,1.000000000,1,2025-12-07 04:00:00.000000,2025-12-07 04:00:59.999922,1,BAYxx_xxxx_20251207_035902_000.7z
2025-12-07 04:01:00,3131.678411,3.131678411,1322.597252,794.409221,1014.671938,768000,768000,1.000000000,1,2025-12-07 04:01:00.000000,2025-12-07 04:01:59.999922,1,BAYxx_xxxx_20251207_035902_000.7z
2025-12-07 04:02:00,3141.929196,3.141929196,1309.455182,805.010679,1027.463335,768000,768000,1.000000000,1,2025-12-07 04:02:00.000000,2025-12-07 04:02:59.999922,1,BAYxx_xxxx_20251207_035902_000.7z
2025-12-07 04:03:00,3143.265591,3.143265591,1314.439598,809.427003,1019.398990,768000,768000,1.000000000,1,2025-12-07 04:03:00.000000,2025-12-07 04:03:59.999922,1,BAYxx_xxxx_20251207_035902_000.7z
2025-12-07 04:04:00,3133.364014,3.133364014,1308.415771,808.386026,1016.562217,768000,768000,1.000000000,1,2025-12-07 04:04:00.000000,2025-12-07 04:04:59.999922,1,BAYxx_xxxx_20251207_035902_000.7z
2025-12-07 04:05:00,3127.573238,3.127573238,1304.784967,805.119319,1017.668953,768000,768000,1.000000000,1,2025-12-07 04:05:00.000000,2025-12-07 04:05:59.999922,1,BAYxx_xxxx_20251207_035902_000.7z
2025-12-07 04:06:00,3153.808667,3.153808667,1311.252412,818.713563,1023.842692,768000,768000,1.000000000,1,2025-12-07 04:06:00.000000,2025-12-07 04:06:59.999922,1,BAYxx_xxxx_20251207_035902_000.7z
2025-12-07 04:07:00,3140.689046,3.140689046,1307.127632,807.375095,1026.186320,768000,768000,1.000000000,1,2025-12-07 04:07:00.000000,2025-12-07 04:07:59.999922,1,BAYxx_xxxx_20251207_035902_000.7z
2025-12-07 04:08:00,3156.911389,3.156911389,1317.076167,815.308063,1024.527158,768000,768000,1.000000000,1,2025-12-07 04:08:00.000000,2025-12-07 04:08:59.999922,1,BAYxx_xxxx_20251207_035902_000.7z
2025-12-07 04:09:00,3152.771451,3.152771451,1311.718525,811.740140,1029.312786,704078,768000,0.916768229,0,2025-12-07 04:09:00.000000,2025-12-07 04:09:59.999922,2,BAYxx_xxxx_20251207_035902_000.7z;BAYxx_xxxx_20251207_040907_000.7z
2025-12-07 04:10:00,3136.663930,3.136663930,1315.048147,807.348531,1014.267251,768000,768000,1.000000000,1,2025-12-07 04:10:00.000000,2025-12-07 04:10:59.999922,1,BAYxx_xxxx_20251207_040907_000.7z
2025-12-07 04:11:00,3121.924372,3.121924372,1304.567815,806.202603,1011.153955,768000,768000,1.000000000,1,2025-12-07 04:11:00.000000,2025-12-07 04:11:59.999922,1,BAYxx_xxxx_20251207_040907_000.7z
2025-12-07 04:12:00,4013.894550,4.013894550,1593.853454,1103.019298,1317.021798,768000,768000,1.000000000,1,2025-12-07 04:12:00.000000,2025-12-07 04:12:59.999922,1,BAYxx_xxxx_20251207_040907_000.7z
2025-12-07 04:13:00,10380.657136,10.380657136,3583.223999,3270.925873,3526.507264,768000,768000,1.000000000,1,2025-12-07 04:13:00.000000,2025-12-07 04:13:59.999922,1,BAYxx_xxxx_20251207_040907_000.7z
2025-12-07 04:14:00,26199.927498,26.199927498,8558.524690,8608.596132,9032.806675,768000,768000,1.000000000,1,2025-12-07 04:14:00.000000,2025-12-07 04:14:59.999922,1,BAYxx_xxxx_20251207_040907_000.7z
2025-12-07 04:15:00,26634.455305,26.634455305,8704.385968,8751.566694,9178.502643,768000,768000,1.000000000,1,2025-12-07 04:15:00.000000,2025-12-07 04:15:59.999922,1,BAYxx_xxxx_20251207_040907_000.7z
2025-12-07 04:16:00,27554.269146,27.554269146,9004.820682,9068.905272,9480.543192,768000,768000,1.000000000,1,2025-12-07 04:16:00.000000,2025-12-07 04:16:59.999922,1,BAYxx_xxxx_20251207_040907_000.7z
2025-12-07 04:17:00,29146.836804,29.146836804,9527.633355,9603.710208,10015.493240,768000,768000,1.000000000,1,2025-12-07 04:17:00.000000,2025-12-07 04:17:59.999922,1,BAYxx_xxxx_20251207_040907_000.7z
2025-12-07 04:18:00,10659.805361,10.659805361,3694.056185,3349.401638,3616.347538,768000,768000,1.000000000,1,2025-12-07 04:18:00.000000,2025-12-07 04:18:59.999922,1,BAYxx_xxxx_20251207_040907_000.7z
2025-12-07 04:19:00,3094.885847,3.094885847,1302.735633,791.134764,1001.015450,691319,768000,0.900154948,0,2025-12-07 04:19:00.000000,2025-12-07 04:19:59.999922,2,BAYxx_xxxx_20251207_040907_000.7z;BAYxx_xxxx_20251207_041913_000.7z
2025-12-07 04:20:00,3136.803989,3.136803989,1301.555651,819.700168,1015.548170,768000,768000,1.000000000,1,2025-12-07 04:20:00.000000,2025-12-07 04:20:59.999922,1,BAYxx_xxxx_20251207_041913_000.7z
2025-12-07 04:21:00,3157.390130,3.157390130,1319.173019,813.680695,1024.536417,768000,768000,1.000000000,1,2025-12-07 04:21:00.000000,2025-12-07 04:21:59.999922,1,BAYxx_xxxx_20251207_041913_000.7z
2025-12-07 04:22:00,3152.925176,3.152925176,1323.003573,809.327427,1020.594176,768000,768000,1.000000000,1,2025-12-07 04:22:00.000000,2025-12-07 04:22:59.999922,1,BAYxx_xxxx_20251207_041913_000.7z
2025-12-07 04:23:00,3127.652553,3.127652553,1307.188341,805.420086,1015.044125,768000,768000,1.000000000,1,2025-12-07 04:23:00.000000,2025-12-07 04:23:59.999922,1,BAYxx_xxxx_20251207_041913_000.7z
2025-12-07 04:24:00,3165.597848,3.165597848,1322.319156,821.958657,1021.320036,768000,768000,1.000000000,1,2025-12-07 04:24:00.000000,2025-12-07 04:24:59.999922,1,BAYxx_xxxx_20251207_041913_000.7z
2025-12-07 04:25:00,3153.789477,3.153789477,1314.866501,815.063495,1023.859480,768000,768000,1.000000000,1,2025-12-07 04:25:00.000000,2025-12-07 04:25:59.999922,1,BAYxx_xxxx_20251207_041913_000.7z
2025-12-07 04:26:00,3132.050322,3.132050322,1312.035629,803.304942,1016.709751,768000,768000,1.000000000,1,2025-12-07 04:26:00.000000,2025-12-07 04:26:59.999922,1,BAYxx_xxxx_20251207_041913_000.7z
2025-12-07 04:27:00,3151.022021,3.151022021,1316.059098,814.478318,1020.484605,768000,768000,1.000000000,1,2025-12-07 04:27:00.000000,2025-12-07 04:27:59.999922,1,BAYxx_xxxx_20251207_041913_000.7z
2025-12-07 04:28:00,3134.280176,3.134280176,1301.002537,813.007006,1020.270633,768000,768000,1.000000000,1,2025-12-07 04:28:00.000000,2025-12-07 04:28:59.999922,1,BAYxx_xxxx_20251207_041913_000.7z
2025-12-07 04:29:00,3917.003772,3.917003772,1574.028417,1082.561065,1260.414290,716892,768000,0.933453125,0,2025-12-07 04:29:00.000000,2025-12-07 04:29:59.999922,2,BAYxx_xxxx_20251207_041913_000.7z;BAYxx_xxxx_20251207_042917_000.7z
2025-12-07 04:30:00,8581.740668,8.581740668,3051.062711,2696.576674,2834.101284,768000,768000,1.000000000,1,2025-12-07 04:30:00.000000,2025-12-07 04:30:59.999922,1,BAYxx_xxxx_20251207_042917_000.7z
2025-12-07 04:31:00,25969.105960,25.969105960,8529.389162,8568.906379,8870.810419,768000,768000,1.000000000,1,2025-12-07 04:31:00.000000,2025-12-07 04:31:59.999922,1,BAYxx_xxxx_20251207_042917_000.7z
2025-12-07 04:32:00,26608.769985,26.608769985,8754.544469,8761.152949,9093.072567,768000,768000,1.000000000,1,2025-12-07 04:32:00.000000,2025-12-07 04:32:59.999922,1,BAYxx_xxxx_20251207_042917_000.7z
2025-12-07 04:33:00,27456.005950,27.456005950,9038.414832,9042.336387,9375.254732,768000,768000,1.000000000,1,2025-12-07 04:33:00.000000,2025-12-07 04:33:59.999922,1,BAYxx_xxxx_20251207_042917_000.7z
2025-12-07 04:34:00,29146.986536,29.146986536,9579.610558,9603.422983,9963.952996,768000,768000,1.000000000,1,2025-12-07 04:34:00.000000,2025-12-07 04:34:59.999922,1,BAYxx_xxxx_20251207_042917_000.7z
2025-12-07 04:35:00,27106.692930,27.106692930,8917.424867,8934.192939,9255.075124,768000,768000,1.000000000,1,2025-12-07 04:35:00.000000,2025-12-07 04:35:59.999922,1,BAYxx_xxxx_20251207_042917_000.7z
2025-12-07 04:36:00,3134.570815,3.134570815,1344.100469,838.812449,951.657897,768000,768000,1.000000000,1,2025-12-07 04:36:00.000000,2025-12-07 04:36:59.999922,1,BAYxx_xxxx_20251207_042917_000.7z
2025-12-07 04:37:00,3038.382636,3.038382636,1310.795642,804.967387,922.619606,768000,768000,1.000000000,1,2025-12-07 04:37:00.000000,2025-12-07 04:37:59.999922,1,BAYxx_xxxx_20251207_042917_000.7z
2025-12-07 04:38:00,3262.911571,3.262911571,1383.659868,879.304025,999.947679,768000,768000,1.000000000,1,2025-12-07 04:38:00.000000,2025-12-07 04:38:59.999922,1,BAYxx_xxxx_20251207_042917_000.7z
2025-12-07 04:39:00,4550.461137,4.550461137,1801.098395,1317.397047,1431.965694,716803,768000,0.933337240,0,2025-12-07 04:39:00.000000,2025-12-07 04:39:59.999922,2,BAYxx_xxxx_20251207_042917_000.7z;BAYxx_xxxx_20251207_043921_000.7z
2025-12-07 04:40:00,3056.980083,3.056980083,1320.549588,812.903614,923.526881,768000,768000,1.000000000,1,2025-12-07 04:40:00.000000,2025-12-07 04:40:59.999922,1,BAYxx_xxxx_20251207_043921_000.7z
2025-12-07 04:41:00,3051.892929,3.051892929,1322.985772,805.885963,923.021194,768000,768000,1.000000000,1,2025-12-07 04:41:00.000000,2025-12-07 04:41:59.999922,1,BAYxx_xxxx_20251207_043921_000.7z
2025-12-07 04:42:00,3032.279777,3.032279777,1311.818660,798.376815,922.084302,768000,768000,1.000000000,1,2025-12-07 04:42:00.000000,2025-12-07 04:42:59.999922,1,BAYxx_xxxx_20251207_043921_000.7z
2025-12-07 04:43:00,3047.617395,3.047617395,1310.302381,805.042733,932.272281,768000,768000,1.000000000,1,2025-12-07 04:43:00.000000,2025-12-07 04:43:59.999922,1,BAYxx_xxxx_20251207_043921_000.7z
2025-12-07 04:44:00,3080.486413,3.080486413,1323.565237,807.512923,949.408253,768000,768000,1.000000000,1,2025-12-07 04:44:00.000000,2025-12-07 04:44:59.999922,1,BAYxx_xxxx_20251207_043921_000.7z
2025-12-07 04:45:00,3143.080443,3.143080443,1310.707909,803.821111,1028.551423,768000,768000,1.000000000,1,2025-12-07 04:45:00.000000,2025-12-07 04:45:59.999922,1,BAYxx_xxxx_20251207_043921_000.7z
2025-12-07 04:46:00,3154.406153,3.154406153,1313.972947,810.068199,1030.365006,768000,768000,1.000000000,1,2025-12-07 04:46:00.000000,2025-12-07 04:46:59.999922,1,BAYxx_xxxx_20251207_043921_000.7z
2025-12-07 04:47:00,3144.764191,3.144764191,1314.476755,804.438890,1025.848545,768000,768000,1.000000000,1,2025-12-07 04:47:00.000000,2025-12-07 04:47:59.999922,1,BAYxx_xxxx_20251207_043921_000.7z
2025-12-07 04:48:00,4492.294610,4.492294610,1759.534373,1255.343910,1477.416327,768000,768000,1.000000000,1,2025-12-07 04:48:00.000000,2025-12-07 04:48:59.999922,1,BAYxx_xxxx_20251207_043921_000.7z
2025-12-07 04:49:00,15668.136561,15.668136561,5243.901706,5037.109347,5387.125508,704064,768000,0.916750000,0,2025-12-07 04:49:00.000000,2025-12-07 04:49:59.999922,2,BAYxx_xxxx_20251207_043921_000.7z;BAYxx_xxxx_20251207_044926_000.7z
2025-12-07 04:50:00,26380.374998,26.380374998,8598.168275,8650.323072,9131.883650,768000,768000,1.000000000,1,2025-12-07 04:50:00.000000,2025-12-07 04:50:59.999922,1,BAYxx_xxxx_20251207_044926_000.7z
2025-12-07 04:51:00,27313.161187,27.313161187,8901.845723,8976.383226,9434.932238,768000,768000,1.000000000,1,2025-12-07 04:51:00.000000,2025-12-07 04:51:59.999922,1,BAYxx_xxxx_20251207_044926_000.7z
2025-12-07 04:52:00,28407.023193,28.407023193,9238.104744,9341.507913,9827.410536,768000,768000,1.000000000,1,2025-12-07 04:52:00.000000,2025-12-07 04:52:59.999922,1,BAYxx_xxxx_20251207_044926_000.7z
2025-12-07 04:53:00,24332.478972,24.332478972,8004.628817,7932.207535,8395.642621,768000,768000,1.000000000,1,2025-12-07 04:53:00.000000,2025-12-07 04:53:59.999922,1,BAYxx_xxxx_20251207_044926_000.7z
2025-12-07 04:54:00,3146.059926,3.146059926,1316.793830,811.575997,1017.690099,768000,768000,1.000000000,1,2025-12-07 04:54:00.000000,2025-12-07 04:54:59.999922,1,BAYxx_xxxx_20251207_044926_000.7z
2025-12-07 04:55:00,3144.440766,3.144440766,1307.309256,812.815361,1024.316150,768000,768000,1.000000000,1,2025-12-07 04:55:00.000000,2025-12-07 04:55:59.999922,1,BAYxx_xxxx_20251207_044926_000.7z
2025-12-07 04:56:00,3526.146185,3.526146185,1428.669078,943.059061,1154.418046,768000,768000,1.000000000,1,2025-12-07 04:56:00.000000,2025-12-07 04:56:59.999922,1,BAYxx_xxxx_20251207_044926_000.7z
2025-12-07 04:57:00,5229.926805,5.229926805,1977.347270,1522.720309,1729.859226,768000,768000,1.000000000,1,2025-12-07 04:57:00.000000,2025-12-07 04:57:59.999922,1,BAYxx_xxxx_20251207_044926_000.7z
2025-12-07 04:58:00,27486.341038,27.486341038,8928.728837,9048.848654,9508.763547,768000,768000,1.000000000,1,2025-12-07 04:58:00.000000,2025-12-07 04:58:59.999922,1,BAYxx_xxxx_20251207_044926_000.7z
2025-12-07 04:59:00,28846.809331,28.846809331,9359.088351,9503.369566,9984.351413,716840,768000,0.933385417,0,2025-12-07 04:59:00.000000,2025-12-07 04:59:59.999922,2,BAYxx_xxxx_20251207_044926_000.7z;BAYxx_xxxx_20251207_045930_000.7z
2025-12-07 05:00:00,29332.203453,29.332203453,9538.164781,9646.173372,10147.865300,768000,768000,1.000000000,1,2025-12-07 05:00:00.000000,2025-12-07 05:00:59.999922,1,BAYxx_xxxx_20251207_045930_000.7z
2025-12-07 05:01:00,3588.023694,3.588023694,1448.518925,963.966384,1175.538385,768000,768000,1.000000000,1,2025-12-07 05:01:00.000000,2025-12-07 05:01:59.999922,1,BAYxx_xxxx_20251207_045930_000.7z
2025-12-07 05:02:00,3132.899712,3.132899712,1301.736788,805.509609,1025.653315,768000,768000,1.000000000,1,2025-12-07 05:02:00.000000,2025-12-07 05:02:59.999922,1,BAYxx_xxxx_20251207_045930_000.7z
2025-12-07 05:03:00,3133.190414,3.133190414,1308.111297,805.334606,1019.744511,768000,768000,1.000000000,1,2025-12-07 05:03:00.000000,2025-12-07 05:03:59.999922,1,BAYxx_xxxx_20251207_045930_000.7z
2025-12-07 05:04:00,3109.233902,3.109233902,1303.504607,794.120694,1011.608601,768000,768000,1.000000000,1,2025-12-07 05:04:00.000000,2025-12-07 05:04:59.999922,1,BAYxx_xxxx_20251207_045930_000.7z
2025-12-07 05:05:00,3123.125338,3.123125338,1312.597056,799.038120,1011.490162,768000,768000,1.000000000,1,2025-12-07 05:05:00.000000,2025-12-07 05:05:59.999922,1,BAYxx_xxxx_20251207_045930_000.7z
2025-12-07 05:06:00,3110.965375,3.110965375,1293.067003,803.418470,1014.479903,768000,768000,1.000000000,1,2025-12-07 05:06:00.000000,2025-12-07 05:06:59.999922,1,BAYxx_xxxx_20251207_045930_000.7z
2025-12-07 05:07:00,3137.034371,3.137034371,1306.216146,814.508659,1016.309566,768000,768000,1.000000000,1,2025-12-07 05:07:00.000000,2025-12-07 05:07:59.999922,1,BAYxx_xxxx_20251207_045930_000.7z
2025-12-07 05:08:00,3138.194369,3.138194369,1306.668354,811.997195,1019.528821,768000,768000,1.000000000,1,2025-12-07 05:08:00.000000,2025-12-07 05:08:59.999922,1,BAYxx_xxxx_20251207_045930_000.7z
2025-12-07 05:09:00,3136.494591,3.136494591,1300.169540,817.672699,1018.652351,704035,768000,0.916712240,0,2025-12-07 05:09:00.000000,2025-12-07 05:09:59.999922,2,BAYxx_xxxx_20251207_045930_000.7z;BAYxx_xxxx_20251207_050935_000.7z
2025-12-07 05:10:00,3135.399859,3.135399859,1300.631320,817.152281,1017.616258,768000,768000,1.000000000,1,2025-12-07 05:10:00.000000,2025-12-07 05:10:59.999922,1,BAYxx_xxxx_20251207_050935_000.7z
2025-12-07 05:11:00,3154.360212,3.154360212,1316.539431,816.868963,1020.951817,768000,768000,1.000000000,1,2025-12-07 05:11:00.000000,2025-12-07 05:11:59.999922,1,BAYxx_xxxx_20251207_050935_000.7z
2025-12-07 05:12:00,4679.598141,4.679598141,1809.100808,1335.977578,1534.519756,768000,768000,1.000000000,1,2025-12-07 05:12:00.000000,2025-12-07 05:12:59.999922,1,BAYxx_xxxx_20251207_050935_000.7z
2025-12-07 05:13:00,20160.952076,20.160952076,6658.844703,6559.645209,6942.462165,768000,768000,1.000000000,1,2025-12-07 05:13:00.000000,2025-12-07 05:13:59.999922,1,BAYxx_xxxx_20251207_050935_000.7z
2025-12-07 05:14:00,27088.817593,27.088817593,8847.829194,8890.766293,9350.222106,768000,768000,1.000000000,1,2025-12-07 05:14:00.000000,2025-12-07 05:14:59.999922,1,BAYxx_xxxx_20251207_050935_000.7z
2025-12-07 05:15:00,27430.955134,27.430955134,8966.517842,9041.175088,9423.262204,768000,768000,1.000000000,1,2025-12-07 05:15:00.000000,2025-12-07 05:15:59.999922,1,BAYxx_xxxx_20251207_050935_000.7z
2025-12-07 05:16:00,28746.220986,28.746220986,9386.652286,9496.763663,9862.805037,768000,768000,1.000000000,1,2025-12-07 05:16:00.000000,2025-12-07 05:16:59.999922,1,BAYxx_xxxx_20251207_050935_000.7z
2025-12-07 05:17:00,11341.697595,11.341697595,3955.540346,3605.285378,3780.871871,768000,768000,1.000000000,1,2025-12-07 05:17:00.000000,2025-12-07 05:17:59.999922,1,BAYxx_xxxx_20251207_050935_000.7z
2025-12-07 05:18:00,15201.729001,15.201729001,5136.196073,4941.073204,5124.459725,768000,768000,1.000000000,1,2025-12-07 05:18:00.000000,2025-12-07 05:18:59.999922,1,BAYxx_xxxx_20251207_050935_000.7z
2025-12-07 05:19:00,7211.517405,7.211517405,2654.489359,2211.336748,2345.691299,729667,768000,0.950087240,0,2025-12-07 05:19:00.000000,2025-12-07 05:19:59.999922,2,BAYxx_xxxx_20251207_050935_000.7z;BAYxx_xxxx_20251207_051938_000.7z
2025-12-07 05:20:00,15320.212492,15.320212492,5161.175010,4991.476369,5167.561113,768000,768000,1.000000000,1,2025-12-07 05:20:00.000000,2025-12-07 05:20:59.999922,1,BAYxx_xxxx_20251207_051938_000.7z
2025-12-07 05:21:00,3169.299775,3.169299775,1364.147974,845.845840,959.305960,768000,768000,1.000000000,1,2025-12-07 05:21:00.000000,2025-12-07 05:21:59.999922,1,BAYxx_xxxx_20251207_051938_000.7z
2025-12-07 05:22:00,3055.096119,3.055096119,1321.846158,811.473945,921.776017,768000,768000,1.000000000,1,2025-12-07 05:22:00.000000,2025-12-07 05:22:59.999922,1,BAYxx_xxxx_20251207_051938_000.7z
2025-12-07 05:23:00,3500.099346,3.500099346,1465.212895,958.776044,1076.110407,768000,768000,1.000000000,1,2025-12-07 05:23:00.000000,2025-12-07 05:23:59.999922,1,BAYxx_xxxx_20251207_051938_000.7z
2025-12-07 05:24:00,5598.969094,5.598969094,2127.699658,1675.355091,1795.914344,768000,768000,1.000000000,1,2025-12-07 05:24:00.000000,2025-12-07 05:24:59.999922,1,BAYxx_xxxx_20251207_051938_000.7z
2025-12-07 05:25:00,26366.612892,26.366612892,8666.175237,8690.028106,9010.409549,768000,768000,1.000000000,1,2025-12-07 05:25:00.000000,2025-12-07 05:25:59.999922,1,BAYxx_xxxx_20251207_051938_000.7z
2025-12-07 05:26:00,27179.568881,27.179568881,8904.230029,8956.993697,9318.345155,768000,768000,1.000000000,1,2025-12-07 05:26:00.000000,2025-12-07 05:26:59.999922,1,BAYxx_xxxx_20251207_051938_000.7z
2025-12-07 05:27:00,27910.158558,27.910158558,9127.989574,9191.535477,9590.633507,768000,768000,1.000000000,1,2025-12-07 05:27:00.000000,2025-12-07 05:27:59.999922,1,BAYxx_xxxx_20251207_051938_000.7z
2025-12-07 05:28:00,26302.332530,26.302332530,8638.354390,8635.835546,9028.142594,768000,768000,1.000000000,1,2025-12-07 05:28:00.000000,2025-12-07 05:28:59.999922,1,BAYxx_xxxx_20251207_051938_000.7z
2025-12-07 05:29:00,3152.363208,3.152363208,1358.536750,836.786861,957.039597,665701,768000,0.866798177,0,2025-12-07 05:29:00.000000,2025-12-07 05:29:59.999922,2,BAYxx_xxxx_20251207_051938_000.7z;BAYxx_xxxx_20251207_052946_000.7z
2025-12-07 05:30:00,3113.966994,3.113966994,1317.103021,801.228015,995.635958,768000,768000,1.000000000,1,2025-12-07 05:30:00.000000,2025-12-07 05:30:59.999922,1,BAYxx_xxxx_20251207_052946_000.7z
2025-12-07 05:31:00,3133.984155,3.133984155,1317.904610,803.184999,1012.894546,768000,768000,1.000000000,1,2025-12-07 05:31:00.000000,2025-12-07 05:31:59.999922,1,BAYxx_xxxx_20251207_052946_000.7z
2025-12-07 05:32:00,3156.998971,3.156998971,1324.839714,806.008085,1026.151171,768000,768000,1.000000000,1,2025-12-07 05:32:00.000000,2025-12-07 05:32:59.999922,1,BAYxx_xxxx_20251207_052946_000.7z
2025-12-07 05:33:00,3151.180007,3.151180007,1327.445932,807.223758,1016.510317,768000,768000,1.000000000,1,2025-12-07 05:33:00.000000,2025-12-07 05:33:59.999922,1,BAYxx_xxxx_20251207_052946_000.7z
2025-12-07 05:34:00,3143.474135,3.143474135,1327.024615,802.802392,1013.647128,768000,768000,1.000000000,1,2025-12-07 05:34:00.000000,2025-12-07 05:34:59.999922,1,BAYxx_xxxx_20251207_052946_000.7z
2025-12-07 05:35:00,3138.324221,3.138324221,1317.111833,805.976346,1015.236042,768000,768000,1.000000000,1,2025-12-07 05:35:00.000000,2025-12-07 05:35:59.999922,1,BAYxx_xxxx_20251207_052946_000.7z
2025-12-07 05:36:00,3129.968398,3.129968398,1314.006544,798.379733,1017.582120,768000,768000,1.000000000,1,2025-12-07 05:36:00.000000,2025-12-07 05:36:59.999922,1,BAYxx_xxxx_20251207_052946_000.7z
2025-12-07 05:37:00,3151.294221,3.151294221,1321.974740,803.795714,1025.523766,768000,768000,1.000000000,1,2025-12-07 05:37:00.000000,2025-12-07 05:37:59.999922,1,BAYxx_xxxx_20251207_052946_000.7z
2025-12-07 05:38:00,3159.545384,3.159545384,1324.993832,804.703095,1029.848456,768000,768000,1.000000000,1,2025-12-07 05:38:00.000000,2025-12-07 05:38:59.999922,1,BAYxx_xxxx_20251207_052946_000.7z
2025-12-07 05:39:00,3135.547906,3.135547906,1313.461940,802.924464,1019.161502,716835,768000,0.933378906,0,2025-12-07 05:39:00.000000,2025-12-07 05:39:59.999922,2,BAYxx_xxxx_20251207_052946_000.7z;BAYxx_xxxx_20251207_053950_000.7z
2025-12-07 05:40:00,3143.819396,3.143819396,1309.790249,803.256989,1030.772159,768000,768000,1.000000000,1,2025-12-07 05:40:00.000000,2025-12-07 05:40:59.999922,1,BAYxx_xxxx_20251207_053950_000.7z
2025-12-07 05:41:00,4803.546477,4.803546477,1853.117119,1363.336353,1587.093004,768000,768000,1.000000000,1,2025-12-07 05:41:00.000000,2025-12-07 05:41:59.999922,1,BAYxx_xxxx_20251207_053950_000.7z
2025-12-07 05:42:00,21596.807300,21.596807300,7057.439799,7084.867618,7454.499883,768000,768000,1.000000000,1,2025-12-07 05:42:00.000000,2025-12-07 05:42:59.999922,1,BAYxx_xxxx_20251207_053950_000.7z
2025-12-07 05:43:00,27311.494053,27.311494053,8879.584717,8998.947612,9432.961724,768000,768000,1.000000000,1,2025-12-07 05:43:00.000000,2025-12-07 05:43:59.999922,1,BAYxx_xxxx_20251207_053950_000.7z
2025-12-07 05:44:00,27439.137556,27.439137556,8918.136858,9033.283354,9487.717344,768000,768000,1.000000000,1,2025-12-07 05:44:00.000000,2025-12-07 05:44:59.999922,1,BAYxx_xxxx_20251207_053950_000.7z
2025-12-07 05:45:00,29035.047176,29.035047176,9468.163053,9529.235943,10037.648180,768000,768000,1.000000000,1,2025-12-07 05:45:00.000000,2025-12-07 05:45:59.999922,1,BAYxx_xxxx_20251207_053950_000.7z
2025-12-07 05:46:00,29895.843109,29.895843109,9766.461745,9794.762135,10334.619230,768000,768000,1.000000000,1,2025-12-07 05:46:00.000000,2025-12-07 05:46:59.999922,1,BAYxx_xxxx_20251207_053950_000.7z
2025-12-07 05:47:00,5328.823503,5.328823503,2015.073192,1533.056824,1780.693487,768000,768000,1.000000000,1,2025-12-07 05:47:00.000000,2025-12-07 05:47:59.999922,1,BAYxx_xxxx_20251207_053950_000.7z
2025-12-07 05:48:00,3131.660723,3.131660723,1310.419834,801.949844,1019.291045,768000,768000,1.000000000,1,2025-12-07 05:48:00.000000,2025-12-07 05:48:59.999922,1,BAYxx_xxxx_20251207_053950_000.7z
2025-12-07 05:49:00,3129.642029,3.129642029,1315.921936,797.408313,1016.311779,716893,768000,0.933454427,0,2025-12-07 05:49:00.000000,2025-12-07 05:49:59.999922,2,BAYxx_xxxx_20251207_053950_000.7z;BAYxx_xxxx_20251207_054954_000.7z
2025-12-07 05:50:00,3144.135986,3.144135986,1312.710766,808.872649,1022.552571,768000,768000,1.000000000,1,2025-12-07 05:50:00.000000,2025-12-07 05:50:59.999922,1,BAYxx_xxxx_20251207_054954_000.7z
2025-12-07 05:51:00,3150.033741,3.150033741,1317.812977,808.553416,1023.667348,768000,768000,1.000000000,1,2025-12-07 05:51:00.000000,2025-12-07 05:51:59.999922,1,BAYxx_xxxx_20251207_054954_000.7z
2025-12-07 05:52:00,3123.626598,3.123626598,1313.244555,795.218127,1015.163917,768000,768000,1.000000000,1,2025-12-07 05:52:00.000000,2025-12-07 05:52:59.999922,1,BAYxx_xxxx_20251207_054954_000.7z
2025-12-07 05:53:00,3132.797523,3.132797523,1316.631052,800.327636,1015.838835,768000,768000,1.000000000,1,2025-12-07 05:53:00.000000,2025-12-07 05:53:59.999922,1,BAYxx_xxxx_20251207_054954_000.7z
2025-12-07 05:54:00,3143.248166,3.143248166,1322.422657,801.276399,1019.549109,768000,768000,1.000000000,1,2025-12-07 05:54:00.000000,2025-12-07 05:54:59.999922,1,BAYxx_xxxx_20251207_054954_000.7z
2025-12-07 05:55:00,3151.778730,3.151778730,1320.749514,808.306280,1022.722936,768000,768000,1.000000000,1,2025-12-07 05:55:00.000000,2025-12-07 05:55:59.999922,1,BAYxx_xxxx_20251207_054954_000.7z
2025-12-07 05:56:00,3150.066465,3.150066465,1320.977504,806.442254,1022.646708,768000,768000,1.000000000,1,2025-12-07 05:56:00.000000,2025-12-07 05:56:59.999922,1,BAYxx_xxxx_20251207_054954_000.7z
2025-12-07 05:57:00,3122.193142,3.122193142,1312.555881,793.948968,1015.688293,768000,768000,1.000000000,1,2025-12-07 05:57:00.000000,2025-12-07 05:57:59.999922,1,BAYxx_xxxx_20251207_054954_000.7z
2025-12-07 05:58:00,3486.285212,3.486285212,1427.963590,918.168965,1140.152657,768000,768000,1.000000000,1,2025-12-07 05:58:00.000000,2025-12-07 05:58:59.999922,1,BAYxx_xxxx_20251207_054954_000.7z
2025-12-07 05:59:00,4781.512064,4.781512064,1853.977426,1350.130917,1577.403722,704006,768000,0.916674479,0,2025-12-07 05:59:00.000000,2025-12-07 05:59:59.999922,2,BAYxx_xxxx_20251207_054954_000.7z;BAYxx_xxxx_20251207_055959_000.7z
2025-12-07 06:00:00,24661.358363,24.661358363,8053.520026,8103.676557,8504.161780,768000,768000,1.000000000,1,2025-12-07 06:00:00.000000,2025-12-07 06:00:59.999922,1,BAYxx_xxxx_20251207_055959_000.7z
2025-12-07 06:01:00,27150.844770,27.150844770,8906.006636,8908.305128,9336.533006,768000,768000,1.000000000,1,2025-12-07 06:01:00.000000,2025-12-07 06:01:59.999922,1,BAYxx_xxxx_20251207_055959_000.7z
2025-12-07 06:02:00,24244.739668,24.244739668,8023.846055,7916.367286,8304.526327,768000,768000,1.000000000,1,2025-12-07 06:02:00.000000,2025-12-07 06:02:59.999922,1,BAYxx_xxxx_20251207_055959_000.7z
2025-12-07 06:03:00,3064.288852,3.064288852,1322.950964,801.122909,940.214979,768000,768000,1.000000000,1,2025-12-07 06:03:00.000000,2025-12-07 06:03:59.999922,1,BAYxx_xxxx_20251207_055959_000.7z
2025-12-07 06:04:00,3049.006771,3.049006771,1316.497455,800.719049,931.790266,768000,768000,1.000000000,1,2025-12-07 06:04:00.000000,2025-12-07 06:04:59.999922,1,BAYxx_xxxx_20251207_055959_000.7z
2025-12-07 06:05:00,3056.013224,3.056013224,1313.883039,809.309996,932.820189,768000,768000,1.000000000,1,2025-12-07 06:05:00.000000,2025-12-07 06:05:59.999922,1,BAYxx_xxxx_20251207_055959_000.7z
2025-12-07 06:06:00,3050.569850,3.050569850,1306.738687,804.466311,939.364851,768000,768000,1.000000000,1,2025-12-07 06:06:00.000000,2025-12-07 06:06:59.999922,1,BAYxx_xxxx_20251207_055959_000.7z
2025-12-07 06:07:00,3036.628435,3.036628435,1297.764220,803.146519,935.717696,768000,768000,1.000000000,1,2025-12-07 06:07:00.000000,2025-12-07 06:07:59.999922,1,BAYxx_xxxx_20251207_055959_000.7z
2025-12-07 06:08:00,3059.394973,3.059394973,1314.600217,804.784845,940.009911,768000,768000,1.000000000,1,2025-12-07 06:08:00.000000,2025-12-07 06:08:59.999922,1,BAYxx_xxxx_20251207_055959_000.7z
2025-12-07 06:09:00,3052.822169,3.052822169,1317.043626,802.149052,933.629490,755326,768000,0.983497396,0,2025-12-07 06:09:00.000000,2025-12-07 06:09:59.009766,1,BAYxx_xxxx_20251207_055959_000.7z
2025-12-07 06:10:00,3051.985341,3.051985341,1311.500563,808.512267,931.972510,716800,768000,0.933333333,0,2025-12-07 06:10:04.000000,2025-12-07 06:10:59.999922,1,BAYxx_xxxx_20251207_061004_000.7z
2025-12-07 06:11:00,3067.836740,3.067836740,1310.814131,811.087475,945.935135,768000,768000,1.000000000,1,2025-12-07 06:11:00.000000,2025-12-07 06:11:59.999922,1,BAYxx_xxxx_20251207_061004_000.7z
2025-12-07 06:12:00,4255.426699,4.255426699,1707.148141,1211.834524,1336.444035,768000,768000,1.000000000,1,2025-12-07 06:12:00.000000,2025-12-07 06:12:59.999922,1,BAYxx_xxxx_20251207_061004_000.7z
2025-12-07 06:13:00,14870.496125,14.870496125,5017.634974,4805.825567,5047.035585,768000,768000,1.000000000,1,2025-12-07 06:13:00.000000,2025-12-07 06:13:59.999922,1,BAYxx_xxxx_20251207_061004_000.7z
2025-12-07 06:14:00,26492.037177,26.492037177,8699.365307,8680.238472,9112.433398,768000,768000,1.000000000,1,2025-12-07 06:14:00.000000,2025-12-07 06:14:59.999922,1,BAYxx_xxxx_20251207_061004_000.7z
2025-12-07 06:15:00,27270.070941,27.270070941,8939.349059,8925.781327,9404.940554,768000,768000,1.000000000,1,2025-12-07 06:15:00.000000,2025-12-07 06:15:59.999922,1,BAYxx_xxxx_20251207_061004_000.7z
2025-12-07 06:16:00,28293.221456,28.293221456,9240.024892,9269.746127,9783.450437,768000,768000,1.000000000,1,2025-12-07 06:16:00.000000,2025-12-07 06:16:59.999922,1,BAYxx_xxxx_20251207_061004_000.7z
2025-12-07 06:17:00,29456.507973,29.456507973,9585.228669,9684.364541,10186.914763,768000,768000,1.000000000,1,2025-12-07 06:17:00.000000,2025-12-07 06:17:59.999922,1,BAYxx_xxxx_20251207_061004_000.7z
2025-12-07 06:18:00,11201.334794,11.201334794,3848.682333,3530.848990,3821.803471,768000,768000,1.000000000,1,2025-12-07 06:18:00.000000,2025-12-07 06:18:59.999922,1,BAYxx_xxxx_20251207_061004_000.7z
2025-12-07 06:19:00,3147.341318,3.147341318,1311.015855,808.820186,1027.505278,768000,768000,1.000000000,1,2025-12-07 06:19:00.000000,2025-12-07 06:19:59.999922,1,BAYxx_xxxx_20251207_061004_000.7z
2025-12-07 06:20:00,3132.161913,3.132161913,1306.303203,803.118650,1022.740060,691232,768000,0.900041667,0,2025-12-07 06:20:00.000000,2025-12-07 06:20:59.999922,2,BAYxx_xxxx_20251207_061004_000.7z;BAYxx_xxxx_20251207_062010_000.7z
2025-12-07 06:21:00,4219.867588,4.219867588,1660.506070,1168.887655,1390.473863,768000,768000,1.000000000,1,2025-12-07 06:21:00.000000,2025-12-07 06:21:59.999922,1,BAYxx_xxxx_20251207_062010_000.7z
2025-12-07 06:22:00,14178.056101,14.178056101,4773.886932,4532.239358,4871.929811,768000,768000,1.000000000,1,2025-12-07 06:22:00.000000,2025-12-07 06:22:59.999922,1,BAYxx_xxxx_20251207_062010_000.7z
2025-12-07 06:23:00,28937.792817,28.937792817,9433.864376,9498.547500,10005.380942,768000,768000,1.000000000,1,2025-12-07 06:23:00.000000,2025-12-07 06:23:59.999922,1,BAYxx_xxxx_20251207_062010_000.7z
2025-12-07 06:24:00,29378.338540,29.378338540,9555.145652,9662.886019,10160.306870,768000,768000,1.000000000,1,2025-12-07 06:24:00.000000,2025-12-07 06:24:59.999922,1,BAYxx_xxxx_20251207_062010_000.7z
2025-12-07 06:25:00,24189.981566,24.189981566,7903.284133,7948.726643,8337.970789,768000,768000,1.000000000,1,2025-12-07 06:25:00.000000,2025-12-07 06:25:59.999922,1,BAYxx_xxxx_20251207_062010_000.7z
2025-12-07 06:26:00,3139.186395,3.139186395,1303.909727,812.401858,1022.874809,768000,768000,1.000000000,1,2025-12-07 06:26:00.000000,2025-12-07 06:26:59.999922,1,BAYxx_xxxx_20251207_062010_000.7z
2025-12-07 06:27:00,3134.715749,3.134715749,1295.741945,813.284875,1025.688929,768000,768000,1.000000000,1,2025-12-07 06:27:00.000000,2025-12-07 06:27:59.999922,1,BAYxx_xxxx_20251207_062010_000.7z
2025-12-07 06:28:00,5945.485684,5.945485684,2225.351501,1750.113456,1970.020727,768000,768000,1.000000000,1,2025-12-07 06:28:00.000000,2025-12-07 06:28:59.999922,1,BAYxx_xxxx_20251207_062010_000.7z
2025-12-07 06:29:00,27069.891997,27.069891997,8800.613133,8954.264285,9315.014579,768000,768000,1.000000000,1,2025-12-07 06:29:00.000000,2025-12-07 06:29:59.999922,1,BAYxx_xxxx_20251207_062010_000.7z
2025-12-07 06:30:00,3465.382283,3.465382283,1425.155149,907.281122,1132.946013,691284,768000,0.900109375,0,2025-12-07 06:30:00.000000,2025-12-07 06:30:59.999922,2,BAYxx_xxxx_20251207_062010_000.7z;BAYxx_xxxx_20251207_063016_000.7z
2025-12-07 06:31:00,3157.526239,3.157526239,1315.583929,804.628062,1037.314249,768000,768000,1.000000000,1,2025-12-07 06:31:00.000000,2025-12-07 06:31:59.999922,1,BAYxx_xxxx_20251207_063016_000.7z
2025-12-07 06:32:00,3140.275599,3.140275599,1304.844483,807.654271,1027.776845,768000,768000,1.000000000,1,2025-12-07 06:32:00.000000,2025-12-07 06:32:59.999922,1,BAYxx_xxxx_20251207_063016_000.7z
2025-12-07 06:33:00,4040.085524,4.040085524,1600.410998,1109.555533,1330.118993,768000,768000,1.000000000,1,2025-12-07 06:33:00.000000,2025-12-07 06:33:59.999922,1,BAYxx_xxxx_20251207_063016_000.7z
2025-12-07 06:34:00,11208.788135,11.208788135,3809.471794,3553.200878,3846.115463,768000,768000,1.000000000,1,2025-12-07 06:34:00.000000,2025-12-07 06:34:59.999922,1,BAYxx_xxxx_20251207_063016_000.7z
2025-12-07 06:35:00,27144.168626,27.144168626,8789.638796,8939.854048,9414.675782,768000,768000,1.000000000,1,2025-12-07 06:35:00.000000,2025-12-07 06:35:59.999922,1,BAYxx_xxxx_20251207_063016_000.7z
2025-12-07 06:36:00,27899.424812,27.899424812,9037.850951,9184.412230,9677.161632,768000,768000,1.000000000,1,2025-12-07 06:36:00.000000,2025-12-07 06:36:59.999922,1,BAYxx_xxxx_20251207_063016_000.7z
2025-12-07 06:37:00,28622.893218,28.622893218,9284.510686,9399.935485,9938.447047,768000,768000,1.000000000,1,2025-12-07 06:37:00.000000,2025-12-07 06:37:59.999922,1,BAYxx_xxxx_20251207_063016_000.7z
2025-12-07 06:38:00,21703.692578,21.703692578,7144.221879,7065.615823,7493.854877,768000,768000,1.000000000,1,2025-12-07 06:38:00.000000,2025-12-07 06:38:59.999922,1,BAYxx_xxxx_20251207_063016_000.7z
2025-12-07 06:39:00,3163.259978,3.163259978,1315.617894,815.997101,1031.644983,768000,768000,1.000000000,1,2025-12-07 06:39:00.000000,2025-12-07 06:39:59.999922,1,BAYxx_xxxx_20251207_063016_000.7z
2025-12-07 06:40:00,3124.411958,3.124411958,1291.181747,804.958570,1028.271640,704063,768000,0.916748698,0,2025-12-07 06:40:00.000000,2025-12-07 06:40:59.999922,2,BAYxx_xxxx_20251207_063016_000.7z;BAYxx_xxxx_20251207_064021_000.7z
2025-12-07 06:41:00,3538.914388,3.538914388,1434.192849,938.983743,1165.737796,768000,768000,1.000000000,1,2025-12-07 06:41:00.000000,2025-12-07 06:41:59.999922,1,BAYxx_xxxx_20251207_064021_000.7z
2025-12-07 06:42:00,6020.801891,6.020801891,2218.044177,1786.520153,2016.237561,768000,768000,1.000000000,1,2025-12-07 06:42:00.000000,2025-12-07 06:42:59.999922,1,BAYxx_xxxx_20251207_064021_000.7z
2025-12-07 06:43:00,27785.830714,27.785830714,9012.284380,9174.157418,9599.388916,768000,768000,1.000000000,1,2025-12-07 06:43:00.000000,2025-12-07 06:43:59.999922,1,BAYxx_xxxx_20251207_064021_000.7z
2025-12-07 06:44:00,29174.469408,29.174469408,9472.992873,9593.048546,10108.427989,768000,768000,1.000000000,1,2025-12-07 06:44:00.000000,2025-12-07 06:44:59.999922,1,BAYxx_xxxx_20251207_064021_000.7z
2025-12-07 06:45:00,26281.685523,26.281685523,8593.055488,8600.266642,9088.363393,768000,768000,1.000000000,1,2025-12-07 06:45:00.000000,2025-12-07 06:45:59.999922,1,BAYxx_xxxx_20251207_064021_000.7z
2025-12-07 06:46:00,3102.233305,3.102233305,1325.521823,822.317646,954.393835,768000,768000,1.000000000,1,2025-12-07 06:46:00.000000,2025-12-07 06:46:59.999922,1,BAYxx_xxxx_20251207_064021_000.7z
2025-12-07 06:47:00,3055.857863,3.055857863,1307.601096,811.355619,936.901148,768000,768000,1.000000000,1,2025-12-07 06:47:00.000000,2025-12-07 06:47:59.999922,1,BAYxx_xxxx_20251207_064021_000.7z
2025-12-07 06:48:00,3014.821908,3.014821908,1287.800883,800.873077,926.147948,768000,768000,1.000000000,1,2025-12-07 06:48:00.000000,2025-12-07 06:48:59.999922,1,BAYxx_xxxx_20251207_064021_000.7z
2025-12-07 06:49:00,3045.064075,3.045064075,1298.027900,811.032171,936.004005,768000,768000,1.000000000,1,2025-12-07 06:49:00.000000,2025-12-07 06:49:59.999922,1,BAYxx_xxxx_20251207_064021_000.7z
2025-12-07 06:50:00,3037.237633,3.037237633,1293.599850,806.413794,937.223989,691251,768000,0.900066406,0,2025-12-07 06:50:00.000000,2025-12-07 06:50:59.999922,2,BAYxx_xxxx_20251207_064021_000.7z;BAYxx_xxxx_20251207_065027_000.7z
2025-12-07 06:51:00,3046.961157,3.046961157,1303.716235,803.345131,939.899791,768000,768000,1.000000000,1,2025-12-07 06:51:00.000000,2025-12-07 06:51:59.999922,1,BAYxx_xxxx_20251207_065027_000.7z
2025-12-07 06:52:00,3036.162032,3.036162032,1299.336961,797.973340,938.851731,768000,768000,1.000000000,1,2025-12-07 06:52:00.000000,2025-12-07 06:52:59.999922,1,BAYxx_xxxx_20251207_065027_000.7z
2025-12-07 06:53:00,3040.642162,3.040642162,1304.314042,798.345706,937.982414,768000,768000,1.000000000,1,2025-12-07 06:53:00.000000,2025-12-07 06:53:59.999922,1,BAYxx_xxxx_20251207_065027_000.7z
2025-12-07 06:54:00,3029.764738,3.029764738,1295.164664,799.264737,935.335337,768000,768000,1.000000000,1,2025-12-07 06:54:00.000000,2025-12-07 06:54:59.999922,1,BAYxx_xxxx_20251207_065027_000.7z
2025-12-07 06:55:00,3080.632290,3.080632290,1309.876503,820.015308,950.740480,768000,768000,1.000000000,1,2025-12-07 06:55:00.000000,2025-12-07 06:55:59.999922,1,BAYxx_xxxx_20251207_065027_000.7z
2025-12-07 06:56:00,3032.285969,3.032285969,1295.825526,809.343089,927.117353,768000,768000,1.000000000,1,2025-12-07 06:56:00.000000,2025-12-07 06:56:59.999922,1,BAYxx_xxxx_20251207_065027_000.7z
2025-12-07 06:57:00,4381.012895,4.381012895,1742.389658,1248.487023,1390.136215,768000,768000,1.000000000,1,2025-12-07 06:57:00.000000,2025-12-07 06:57:59.999922,1,BAYxx_xxxx_20251207_065027_000.7z
2025-12-07 06:58:00,16377.675393,16.377675393,5456.602864,5302.718017,5618.354512,768000,768000,1.000000000,1,2025-12-07 06:58:00.000000,2025-12-07 06:58:59.999922,1,BAYxx_xxxx_20251207_065027_000.7z
2025-12-07 06:59:00,26926.962281,26.926962281,8777.971261,8875.034225,9273.956795,768000,768000,1.000000000,1,2025-12-07 06:59:00.000000,2025-12-07 06:59:59.999922,1,BAYxx_xxxx_20251207_065027_000.7z
2025-12-07 07:00:00,27389.235704,27.389235704,8964.065389,8957.267577,9467.902738,691321,768000,0.900157552,0,2025-12-07 07:00:00.000000,2025-12-07 07:00:59.999922,2,BAYxx_xxxx_20251207_065027_000.7z;BAYxx_xxxx_20251207_070033_000.7z
2025-12-07 07:01:00,28481.024522,28.481024522,9301.167680,9286.013808,9893.843033,768000,768000,1.000000000,1,2025-12-07 07:01:00.000000,2025-12-07 07:01:59.999922,1,BAYxx_xxxx_20251207_070033_000.7z
2025-12-07 07:02:00,21694.093568,21.694093568,7173.528420,6991.989249,7528.575899,768000,768000,1.000000000,1,2025-12-07 07:02:00.000000,2025-12-07 07:02:59.999922,1,BAYxx_xxxx_20251207_070033_000.7z
2025-12-07 07:03:00,3107.807744,3.107807744,1306.508856,784.251875,1017.047013,768000,768000,1.000000000,1,2025-12-07 07:03:00.000000,2025-12-07 07:03:59.999922,1,BAYxx_xxxx_20251207_070033_000.7z
2025-12-07 07:04:00,3130.159520,3.130159520,1311.393232,792.623337,1026.142952,768000,768000,1.000000000,1,2025-12-07 07:04:00.000000,2025-12-07 07:04:59.999922,1,BAYxx_xxxx_20251207_070033_000.7z
2025-12-07 07:05:00,3728.053598,3.728053598,1506.184352,992.639739,1229.229507,768000,768000,1.000000000,1,2025-12-07 07:05:00.000000,2025-12-07 07:05:59.999922,1,BAYxx_xxxx_20251207_070033_000.7z
2025-12-07 07:06:00,7578.301618,7.578301618,2724.263950,2290.920485,2563.117183,768000,768000,1.000000000,1,2025-12-07 07:06:00.000000,2025-12-07 07:06:59.999922,1,BAYxx_xxxx_20251207_070033_000.7z
2025-12-07 07:07:00,28321.141502,28.321141502,9296.143430,9205.869897,9819.128176,768000,768000,1.000000000,1,2025-12-07 07:07:00.000000,2025-12-07 07:07:59.999922,1,BAYxx_xxxx_20251207_070033_000.7z
2025-12-07 07:08:00,29302.070047,29.302070047,9600.360650,9543.673972,10158.035425,768000,768000,1.000000000,1,2025-12-07 07:08:00.000000,2025-12-07 07:08:59.999922,1,BAYxx_xxxx_20251207_070033_000.7z
2025-12-07 07:09:00,23985.816315,23.985816315,7921.032305,7784.711405,8280.072605,768000,768000,1.000000000,1,2025-12-07 07:09:00.000000,2025-12-07 07:09:59.999922,1,BAYxx_xxxx_20251207_070033_000.7z
2025-12-07 07:10:00,3109.313951,3.109313951,1303.129248,790.142247,1016.042457,691310,768000,0.900143229,0,2025-12-07 07:10:00.000000,2025-12-07 07:10:59.999922,2,BAYxx_xxxx_20251207_070033_000.7z;BAYxx_xxxx_20251207_071039_000.7z
2025-12-07 07:11:00,3086.876175,3.086876175,1291.347730,785.178996,1010.349449,768000,768000,1.000000000,1,2025-12-07 07:11:00.000000,2025-12-07 07:11:59.999922,1,BAYxx_xxxx_20251207_071039_000.7z
2025-12-07 07:12:00,3119.403021,3.119403021,1307.229789,793.080001,1019.093231,768000,768000,1.000000000,1,2025-12-07 07:12:00.000000,2025-12-07 07:12:59.999922,1,BAYxx_xxxx_20251207_071039_000.7z
2025-12-07 07:13:00,3105.250586,3.105250586,1289.167691,797.046078,1019.036818,768000,768000,1.000000000,1,2025-12-07 07:13:00.000000,2025-12-07 07:13:59.999922,1,BAYxx_xxxx_20251207_071039_000.7z
2025-12-07 07:14:00,3093.562476,3.093562476,1291.802394,788.406508,1013.353574,768000,768000,1.000000000,1,2025-12-07 07:14:00.000000,2025-12-07 07:14:59.999922,1,BAYxx_xxxx_20251207_071039_000.7z
2025-12-07 07:15:00,3099.634756,3.099634756,1308.378906,784.367251,1006.888599,768000,768000,1.000000000,1,2025-12-07 07:15:00.000000,2025-12-07 07:15:59.999922,1,BAYxx_xxxx_20251207_071039_000.7z
2025-12-07 07:16:00,3092.439379,3.092439379,1295.942641,778.468208,1018.028530,768000,768000,1.000000000,1,2025-12-07 07:16:00.000000,2025-12-07 07:16:59.999922,1,BAYxx_xxxx_20251207_071039_000.7z
2025-12-07 07:17:00,3067.230200,3.067230200,1286.870194,775.827777,1004.532229,768000,768000,1.000000000,1,2025-12-07 07:17:00.000000,2025-12-07 07:17:59.999922,1,BAYxx_xxxx_20251207_071039_000.7z
2025-12-07 07:18:00,3063.505236,3.063505236,1300.233752,768.544207,994.727277,768000,768000,1.000000000,1,2025-12-07 07:18:00.000000,2025-12-07 07:18:59.999922,1,BAYxx_xxxx_20251207_071039_000.7z
2025-12-07 07:19:00,3078.578102,3.078578102,1301.899077,778.249831,998.429194,768000,768000,1.000000000,1,2025-12-07 07:19:00.000000,2025-12-07 07:19:59.999922,1,BAYxx_xxxx_20251207_071039_000.7z
2025-12-07 07:20:00,3073.330541,3.073330541,1293.765352,778.389931,1001.175257,691258,768000,0.900075521,0,2025-12-07 07:20:00.000000,2025-12-07 07:20:59.999922,2,BAYxx_xxxx_20251207_071039_000.7z;BAYxx_xxxx_20251207_072045_000.7z
2025-12-07 07:21:00,3045.570060,3.045570060,1278.105641,767.047362,1000.417057,768000,768000,1.000000000,1,2025-12-07 07:21:00.000000,2025-12-07 07:21:59.999922,1,BAYxx_xxxx_20251207_072045_000.7z
2025-12-07 07:22:00,3478.406562,3.478406562,1432.646223,909.909554,1135.850785,768000,768000,1.000000000,1,2025-12-07 07:22:00.000000,2025-12-07 07:22:59.999922,1,BAYxx_xxxx_20251207_072045_000.7z
2025-12-07 07:23:00,5107.740470,5.107740470,1958.776552,1456.206086,1692.757831,768000,768000,1.000000000,1,2025-12-07 07:23:00.000000,2025-12-07 07:23:59.999922,1,BAYxx_xxxx_20251207_072045_000.7z
2025-12-07 07:24:00,25648.261949,25.648261949,8378.285648,8360.984195,8908.992106,768000,768000,1.000000000,1,2025-12-07 07:24:00.000000,2025-12-07 07:24:59.999922,1,BAYxx_xxxx_20251207_072045_000.7z
2025-12-07 07:25:00,27155.014029,27.155014029,8847.860692,8892.263554,9414.889783,768000,768000,1.000000000,1,2025-12-07 07:25:00.000000,2025-12-07 07:25:59.999922,1,BAYxx_xxxx_20251207_072045_000.7z
2025-12-07 07:26:00,27753.347178,27.753347178,9095.526891,9062.201365,9595.618922,768000,768000,1.000000000,1,2025-12-07 07:26:00.000000,2025-12-07 07:26:59.999922,1,BAYxx_xxxx_20251207_072045_000.7z
2025-12-07 07:27:00,29211.315873,29.211315873,9531.168451,9591.017100,10089.130322,768000,768000,1.000000000,1,2025-12-07 07:27:00.000000,2025-12-07 07:27:59.999922,1,BAYxx_xxxx_20251207_072045_000.7z
2025-12-07 07:28:00,29925.851906,29.925851906,9729.743896,9808.784408,10387.323602,768000,768000,1.000000000,1,2025-12-07 07:28:00.000000,2025-12-07 07:28:59.999922,1,BAYxx_xxxx_20251207_072045_000.7z
2025-12-07 07:29:00,16713.154798,16.713154798,5589.846417,5323.324850,5799.983530,768000,768000,1.000000000,1,2025-12-07 07:29:00.000000,2025-12-07 07:29:59.999922,1,BAYxx_xxxx_20251207_072045_000.7z
2025-12-07 07:30:00,3052.753315,3.052753315,1281.173227,764.220485,1007.359603,716914,768000,0.933481771,0,2025-12-07 07:30:00.000000,2025-12-07 07:30:59.999922,2,BAYxx_xxxx_20251207_072045_000.7z;BAYxx_xxxx_20251207_073049_000.7z
2025-12-07 07:31:00,2981.755019,2.981755019,1270.898233,773.677926,937.178860,768000,768000,1.000000000,1,2025-12-07 07:31:00.000000,2025-12-07 07:31:59.999922,1,BAYxx_xxxx_20251207_073049_000.7z
2025-12-07 07:32:00,2960.990602,2.960990602,1270.383171,780.798622,909.808809,768000,768000,1.000000000,1,2025-12-07 07:32:00.000000,2025-12-07 07:32:59.999922,1,BAYxx_xxxx_20251207_073049_000.7z
2025-12-07 07:33:00,2959.742616,2.959742616,1276.667848,772.702690,910.372079,768000,768000,1.000000000,1,2025-12-07 07:33:00.000000,2025-12-07 07:33:59.999922,1,BAYxx_xxxx_20251207_073049_000.7z
2025-12-07 07:34:00,2976.644293,2.976644293,1292.516388,770.643532,913.484373,768000,768000,1.000000000,1,2025-12-07 07:34:00.000000,2025-12-07 07:34:59.999922,1,BAYxx_xxxx_20251207_073049_000.7z
2025-12-07 07:35:00,2961.351001,2.961351001,1280.206785,768.415098,912.729118,768000,768000,1.000000000,1,2025-12-07 07:35:00.000000,2025-12-07 07:35:59.999922,1,BAYxx_xxxx_20251207_073049_000.7z
2025-12-07 07:36:00,2957.688036,2.957688036,1278.282046,770.323038,909.082953,768000,768000,1.000000000,1,2025-12-07 07:36:00.000000,2025-12-07 07:36:59.999922,1,BAYxx_xxxx_20251207_073049_000.7z
2025-12-07 07:37:00,2963.960780,2.963960780,1285.594826,765.981136,912.384819,768000,768000,1.000000000,1,2025-12-07 07:37:00.000000,2025-12-07 07:37:59.999922,1,BAYxx_xxxx_20251207_073049_000.7z
2025-12-07 07:38:00,2964.432226,2.964432226,1280.154932,768.645351,915.631943,768000,768000,1.000000000,1,2025-12-07 07:38:00.000000,2025-12-07 07:38:59.999922,1,BAYxx_xxxx_20251207_073049_000.7z
2025-12-07 07:39:00,2949.969665,2.949969665,1274.543538,769.907995,905.518133,768000,768000,1.000000000,1,2025-12-07 07:39:00.000000,2025-12-07 07:39:59.999922,1,BAYxx_xxxx_20251207_073049_000.7z
2025-12-07 07:40:00,2942.289726,2.942289726,1268.767401,766.721706,906.800619,678470,768000,0.883424479,0,2025-12-07 07:40:00.000000,2025-12-07 07:40:59.999922,2,BAYxx_xxxx_20251207_073049_000.7z;BAYxx_xxxx_20251207_074056_000.7z
2025-12-07 07:41:00,3560.891984,3.560891984,1461.224252,976.165131,1123.502600,768000,768000,1.000000000,1,2025-12-07 07:41:00.000000,2025-12-07 07:41:59.999922,1,BAYxx_xxxx_20251207_074056_000.7z
2025-12-07 07:42:00,7668.872669,7.668872669,2732.132299,2384.176469,2552.563901,768000,768000,1.000000000,1,2025-12-07 07:42:00.000000,2025-12-07 07:42:59.999922,1,BAYxx_xxxx_20251207_074056_000.7z
2025-12-07 07:43:00,26428.110748,26.428110748,8587.240846,8695.675007,9145.194895,768000,768000,1.000000000,1,2025-12-07 07:43:00.000000,2025-12-07 07:43:59.999922,1,BAYxx_xxxx_20251207_074056_000.7z
2025-12-07 07:44:00,27182.829847,27.182829847,8887.905335,8906.483911,9388.440601,768000,768000,1.000000000,1,2025-12-07 07:44:00.000000,2025-12-07 07:44:59.999922,1,BAYxx_xxxx_20251207_074056_000.7z
2025-12-07 07:45:00,27972.614992,27.972614992,9138.079244,9145.298344,9689.237403,768000,768000,1.000000000,1,2025-12-07 07:45:00.000000,2025-12-07 07:45:59.999922,1,BAYxx_xxxx_20251207_074056_000.7z
2025-12-07 07:46:00,23459.087041,23.459087041,7761.511876,7601.718360,8095.856806,768000,768000,1.000000000,1,2025-12-07 07:46:00.000000,2025-12-07 07:46:59.999922,1,BAYxx_xxxx_20251207_074056_000.7z
2025-12-07 07:47:00,3021.412389,3.021412389,1269.947442,765.155361,986.309585,768000,768000,1.000000000,1,2025-12-07 07:47:00.000000,2025-12-07 07:47:59.999922,1,BAYxx_xxxx_20251207_074056_000.7z
2025-12-07 07:48:00,3010.525203,3.010525203,1282.516291,750.521788,977.487124,768000,768000,1.000000000,1,2025-12-07 07:48:00.000000,2025-12-07 07:48:59.999922,1,BAYxx_xxxx_20251207_074056_000.7z
2025-12-07 07:49:00,3517.736008,3.517736008,1436.141015,923.516959,1158.078034,768000,768000,1.000000000,1,2025-12-07 07:49:00.000000,2025-12-07 07:49:59.999922,1,BAYxx_xxxx_20251207_074056_000.7z
2025-12-07 07:50:00,5041.844761,5.041844761,1918.012238,1444.208467,1679.624057,716939,768000,0.933514323,0,2025-12-07 07:50:00.000000,2025-12-07 07:50:56.010781,1,BAYxx_xxxx_20251207_074056_000.7z
2025-12-07 07:51:00,23323.243035,23.323243035,7679.519390,7555.484248,8088.239397,742400,768000,0.966666667,0,2025-12-07 07:51:02.000000,2025-12-07 07:51:59.999922,1,BAYxx_xxxx_20251207_075102_000.7z
2025-12-07 07:52:00,2984.709879,2.984709879,1273.807388,736.959352,973.943138,768000,768000,1.000000000,1,2025-12-07 07:52:00.000000,2025-12-07 07:52:59.999922,1,BAYxx_xxxx_20251207_075102_000.7z
2025-12-07 07:53:00,3020.201099,3.020201099,1273.664060,755.476824,991.060214,768000,768000,1.000000000,1,2025-12-07 07:53:00.000000,2025-12-07 07:53:59.999922,1,BAYxx_xxxx_20251207_075102_000.7z
2025-12-07 07:54:00,3015.081982,3.015081982,1274.799859,747.217376,993.064747,768000,768000,1.000000000,1,2025-12-07 07:54:00.000000,2025-12-07 07:54:59.999922,1,BAYxx_xxxx_20251207_075102_000.7z
2025-12-07 07:55:00,3005.636348,3.005636348,1272.505806,745.923938,987.206605,768000,768000,1.000000000,1,2025-12-07 07:55:00.000000,2025-12-07 07:55:59.999922,1,BAYxx_xxxx_20251207_075102_000.7z
2025-12-07 07:56:00,2996.294435,2.996294435,1268.804520,747.299749,980.190166,768000,768000,1.000000000,1,2025-12-07 07:56:00.000000,2025-12-07 07:56:59.999922,1,BAYxx_xxxx_20251207_075102_000.7z
2025-12-07 07:57:00,2986.858250,2.986858250,1258.997252,745.496698,982.364300,768000,768000,1.000000000,1,2025-12-07 07:57:00.000000,2025-12-07 07:57:59.999922,1,BAYxx_xxxx_20251207_075102_000.7z
2025-12-07 07:58:00,2963.593121,2.963593121,1244.437699,745.706172,973.449250,768000,768000,1.000000000,1,2025-12-07 07:58:00.000000,2025-12-07 07:58:59.999922,1,BAYxx_xxxx_20251207_075102_000.7z
2025-12-07 07:59:00,2948.522311,2.948522311,1240.022518,736.825572,971.674221,768000,768000,1.000000000,1,2025-12-07 07:59:00.000000,2025-12-07 07:59:59.999922,1,BAYxx_xxxx_20251207_075102_000.7z
2025-12-07 08:00:00,2921.490950,2.921490950,1236.420607,723.544982,961.525361,768000,768000,1.000000000,1,2025-12-07 08:00:00.000000,2025-12-07 08:00:59.999922,1,BAYxx_xxxx_20251207_075102_000.7z
2025-12-07 08:01:00,4417.806227,4.417806227,1723.244317,1223.105585,1471.456325,716882,768000,0.933440104,0,2025-12-07 08:01:00.000000,2025-12-07 08:01:59.999922,2,BAYxx_xxxx_20251207_075102_000.7z;BAYxx_xxxx_20251207_080106_000.7z
2025-12-07 08:02:00,16964.154682,16.964154682,5644.303183,5440.292857,5879.558641,768000,768000,1.000000000,1,2025-12-07 08:02:00.000000,2025-12-07 08:02:59.999922,1,BAYxx_xxxx_20251207_080106_000.7z
2025-12-07 08:03:00,26893.056585,26.893056585,8785.352331,8756.735550,9350.968703,768000,768000,1.000000000,1,2025-12-07 08:03:00.000000,2025-12-07 08:03:59.999922,1,BAYxx_xxxx_20251207_080106_000.7z
2025-12-07 08:04:00,24418.293615,24.418293615,7994.600044,7925.031239,8498.662333,768000,768000,1.000000000,1,2025-12-07 08:04:00.000000,2025-12-07 08:04:59.999922,1,BAYxx_xxxx_20251207_080106_000.7z
2025-12-07 08:05:00,2994.061964,2.994061964,1255.930683,756.511336,981.619944,768000,768000,1.000000000,1,2025-12-07 08:05:00.000000,2025-12-07 08:05:59.999922,1,BAYxx_xxxx_20251207_080106_000.7z
2025-12-07 08:06:00,5484.363914,5.484363914,2087.673817,1574.876149,1821.813948,768000,768000,1.000000000,1,2025-12-07 08:06:00.000000,2025-12-07 08:06:59.999922,1,BAYxx_xxxx_20251207_080106_000.7z
2025-12-07 08:07:00,18686.071003,18.686071003,6268.337455,6020.597355,6397.136194,768000,768000,1.000000000,1,2025-12-07 08:07:00.000000,2025-12-07 08:07:59.999922,1,BAYxx_xxxx_20251207_080106_000.7z
2025-12-07 08:08:00,11794.221971,11.794221971,4041.827307,3703.804303,4048.590360,768000,768000,1.000000000,1,2025-12-07 08:08:00.000000,2025-12-07 08:08:59.999922,1,BAYxx_xxxx_20251207_080106_000.7z
2025-12-07 08:09:00,2922.872929,2.922872929,1246.668896,728.472555,947.731478,768000,768000,1.000000000,1,2025-12-07 08:09:00.000000,2025-12-07 08:09:59.999922,1,BAYxx_xxxx_20251207_080106_000.7z
2025-12-07 08:10:00,2928.598879,2.928598879,1243.775708,728.672705,956.150466,768000,768000,1.000000000,1,2025-12-07 08:10:00.000000,2025-12-07 08:10:59.999922,1,BAYxx_xxxx_20251207_080106_000.7z
2025-12-07 08:11:00,2921.405208,2.921405208,1240.796945,726.244041,954.364222,652881,768000,0.850105469,0,2025-12-07 08:11:00.000000,2025-12-07 08:11:59.999922,2,BAYxx_xxxx_20251207_080106_000.7z;BAYxx_xxxx_20251207_081115_000.7z
2025-12-07 08:12:00,2942.987258,2.942987258,1241.782911,734.780712,966.423635,768000,768000,1.000000000,1,2025-12-07 08:12:00.000000,2025-12-07 08:12:59.999922,1,BAYxx_xxxx_20251207_081115_000.7z
2025-12-07 08:13:00,2918.301463,2.918301463,1222.035652,733.769864,962.495947,768000,768000,1.000000000,1,2025-12-07 08:13:00.000000,2025-12-07 08:13:59.999922,1,BAYxx_xxxx_20251207_081115_000.7z
2025-12-07 08:14:00,3812.181956,3.812181956,1516.742959,1026.491984,1268.947013,768000,768000,1.000000000,1,2025-12-07 08:14:00.000000,2025-12-07 08:14:59.999922,1,BAYxx_xxxx_20251207_081115_000.7z
2025-12-07 08:15:00,10676.371289,10.676371289,3689.160731,3310.390935,3676.819624,768000,768000,1.000000000,1,2025-12-07 08:15:00.000000,2025-12-07 08:15:59.999922,1,BAYxx_xxxx_20251207_081115_000.7z
2025-12-07 08:16:00,26532.411132,26.532411132,8753.942400,8636.908237,9141.560495,768000,768000,1.000000000,1,2025-12-07 08:16:00.000000,2025-12-07 08:16:59.999922,1,BAYxx_xxxx_20251207_081115_000.7z
2025-12-07 08:17:00,21110.546810,21.110546810,7004.860391,6849.129117,7256.557302,768000,768000,1.000000000,1,2025-12-07 08:17:00.000000,2025-12-07 08:17:59.999922,1,BAYxx_xxxx_20251207_081115_000.7z
2025-12-07 08:18:00,2840.188338,2.840188338,1241.952101,726.727986,871.508251,768000,768000,1.000000000,1,2025-12-07 08:18:00.000000,2025-12-07 08:18:59.999922,1,BAYxx_xxxx_20251207_081115_000.7z
2025-12-07 08:19:00,2859.525414,2.859525414,1255.239461,728.259329,876.026623,768000,768000,1.000000000,1,2025-12-07 08:19:00.000000,2025-12-07 08:19:59.999922,1,BAYxx_xxxx_20251207_081115_000.7z
2025-12-07 08:20:00,2819.953860,2.819953860,1247.290484,716.413416,856.249960,768000,768000,1.000000000,1,2025-12-07 08:20:00.000000,2025-12-07 08:20:59.999922,1,BAYxx_xxxx_20251207_081115_000.7z
2025-12-07 08:21:00,4048.044383,4.048044383,1643.743320,1123.455065,1280.845999,704050,768000,0.916731771,0,2025-12-07 08:21:00.000000,2025-12-07 08:21:59.999922,2,BAYxx_xxxx_20251207_081115_000.7z;BAYxx_xxxx_20251207_082120_000.7z
2025-12-07 08:22:00,15329.884871,15.329884871,5156.213716,4929.120079,5244.551076,768000,768000,1.000000000,1,2025-12-07 08:22:00.000000,2025-12-07 08:22:59.999922,1,BAYxx_xxxx_20251207_082120_000.7z
2025-12-07 08:23:00,27409.222352,27.409222352,8977.325145,8948.574929,9483.322279,768000,768000,1.000000000,1,2025-12-07 08:23:00.000000,2025-12-07 08:23:59.999922,1,BAYxx_xxxx_20251207_082120_000.7z
2025-12-07 08:24:00,17249.169461,17.249169461,5789.236233,5577.983516,5881.949712,768000,768000,1.000000000,1,2025-12-07 08:24:00.000000,2025-12-07 08:24:59.999922,1,BAYxx_xxxx_20251207_082120_000.7z
2025-12-07 08:25:00,2815.278496,2.815278496,1216.459703,722.498125,876.320667,768000,768000,1.000000000,1,2025-12-07 08:25:00.000000,2025-12-07 08:25:59.999922,1,BAYxx_xxxx_20251207_082120_000.7z
2025-12-07 08:26:00,2816.772584,2.816772584,1215.279206,734.338219,867.155160,768000,768000,1.000000000,1,2025-12-07 08:26:00.000000,2025-12-07 08:26:59.999922,1,BAYxx_xxxx_20251207_082120_000.7z
2025-12-07 08:27:00,2819.944951,2.819944951,1220.793577,728.686729,870.464645,768000,768000,1.000000000,1,2025-12-07 08:27:00.000000,2025-12-07 08:27:59.999922,1,BAYxx_xxxx_20251207_082120_000.7z
2025-12-07 08:28:00,4371.746177,4.371746177,1729.261551,1251.205278,1391.279348,768000,768000,1.000000000,1,2025-12-07 08:28:00.000000,2025-12-07 08:28:59.999922,1,BAYxx_xxxx_20251207_082120_000.7z
2025-12-07 08:29:00,21063.095663,21.063095663,6924.334347,6893.813181,7244.948134,768000,768000,1.000000000,1,2025-12-07 08:29:00.000000,2025-12-07 08:29:59.999922,1,BAYxx_xxxx_20251207_082120_000.7z
2025-12-07 08:30:00,28196.068510,28.196068510,9254.066068,9242.694776,9699.307666,768000,768000,1.000000000,1,2025-12-07 08:30:00.000000,2025-12-07 08:30:59.999922,1,BAYxx_xxxx_20251207_082120_000.7z
2025-12-07 08:31:00,8385.336056,8.385336056,3009.733004,2572.037767,2803.565285,678474,768000,0.883429687,0,2025-12-07 08:31:00.000000,2025-12-07 08:31:59.999922,2,BAYxx_xxxx_20251207_082120_000.7z;BAYxx_xxxx_20251207_083127_000.7z
2025-12-07 08:32:00,2817.052709,2.817052709,1198.801728,678.122076,940.128905,768000,768000,1.000000000,1,2025-12-07 08:32:00.000000,2025-12-07 08:32:59.999922,1,BAYxx_xxxx_20251207_083127_000.7z
2025-12-07 08:33:00,2796.276656,2.796276656,1193.735805,668.941090,933.599760,768000,768000,1.000000000,1,2025-12-07 08:33:00.000000,2025-12-07 08:33:59.999922,1,BAYxx_xxxx_20251207_083127_000.7z
2025-12-07 08:34:00,3161.493426,3.161493426,1302.860353,806.798429,1051.834644,768000,768000,1.000000000,1,2025-12-07 08:34:00.000000,2025-12-07 08:34:59.999922,1,BAYxx_xxxx_20251207_083127_000.7z
2025-12-07 08:35:00,4520.231298,4.520231298,1758.473041,1260.225569,1501.532687,768000,768000,1.000000000,1,2025-12-07 08:35:00.000000,2025-12-07 08:35:59.999922,1,BAYxx_xxxx_20251207_083127_000.7z
2025-12-07 08:36:00,26958.263626,26.958263626,8887.006187,8719.239932,9352.017507,768000,768000,1.000000000,1,2025-12-07 08:36:00.000000,2025-12-07 08:36:59.999922,1,BAYxx_xxxx_20251207_083127_000.7z
2025-12-07 08:37:00,16999.968904,16.999968904,5683.261991,5411.807009,5904.899905,768000,768000,1.000000000,1,2025-12-07 08:37:00.000000,2025-12-07 08:37:59.999922,1,BAYxx_xxxx_20251207_083127_000.7z
2025-12-07 08:38:00,2815.526334,2.815526334,1190.377534,688.545705,936.603095,768000,768000,1.000000000,1,2025-12-07 08:38:00.000000,2025-12-07 08:38:59.999922,1,BAYxx_xxxx_20251207_083127_000.7z
2025-12-07 08:39:00,2808.638465,2.808638465,1181.019484,694.256078,933.362903,768000,768000,1.000000000,1,2025-12-07 08:39:00.000000,2025-12-07 08:39:59.999922,1,BAYxx_xxxx_20251207_083127_000.7z
2025-12-07 08:40:00,2772.095369,2.772095369,1171.298770,680.534922,920.261678,768000,768000,1.000000000,1,2025-12-07 08:40:00.000000,2025-12-07 08:40:59.999922,1,BAYxx_xxxx_20251207_083127_000.7z
2025-12-07 08:41:00,4364.047584,4.364047584,1698.515176,1206.777516,1458.754892,691298,768000,0.900127604,0,2025-12-07 08:41:00.000000,2025-12-07 08:41:59.999922,2,BAYxx_xxxx_20251207_083127_000.7z;BAYxx_xxxx_20251207_084133_000.7z
2025-12-07 08:42:00,19557.198998,19.557198998,6434.177767,6364.933950,6758.087281,768000,768000,1.000000000,1,2025-12-07 08:42:00.000000,2025-12-07 08:42:59.999922,1,BAYxx_xxxx_20251207_084133_000.7z
2025-12-07 08:43:00,28021.751651,28.021751651,9136.256264,9195.276792,9690.218595,768000,768000,1.000000000,1,2025-12-07 08:43:00.000000,2025-12-07 08:43:59.999922,1,BAYxx_xxxx_20251207_084133_000.7z
2025-12-07 08:44:00,8973.194036,8.973194036,3151.541591,2767.738150,3053.914295,768000,768000,1.000000000,1,2025-12-07 08:44:00.000000,2025-12-07 08:44:59.999922,1,BAYxx_xxxx_20251207_084133_000.7z
2025-12-07 08:45:00,2807.661781,2.807661781,1193.691186,695.948933,918.021662,768000,768000,1.000000000,1,2025-12-07 08:45:00.000000,2025-12-07 08:45:59.999922,1,BAYxx_xxxx_20251207_084133_000.7z
2025-12-07 08:46:00,2788.936591,2.788936591,1179.285527,686.608080,923.042985,768000,768000,1.000000000,1,2025-12-07 08:46:00.000000,2025-12-07 08:46:59.999922,1,BAYxx_xxxx_20251207_084133_000.7z
2025-12-07 08:47:00,3193.741717,3.193741717,1313.111866,820.034484,1060.595367,768000,768000,1.000000000,1,2025-12-07 08:47:00.000000,2025-12-07 08:47:59.999922,1,BAYxx_xxxx_20251207_084133_000.7z
2025-12-07 08:48:00,4942.593049,4.942593049,1881.994916,1406.810611,1653.787522,768000,768000,1.000000000,1,2025-12-07 08:48:00.000000,2025-12-07 08:48:59.999922,1,BAYxx_xxxx_20251207_084133_000.7z
2025-12-07 08:49:00,27516.602303,27.516602303,8955.760595,8998.223430,9562.618278,768000,768000,1.000000000,1,2025-12-07 08:49:00.000000,2025-12-07 08:49:59.999922,1,BAYxx_xxxx_20251207_084133_000.7z
2025-12-07 08:50:00,21784.278314,21.784278314,7158.568930,7096.598931,7529.110453,768000,768000,1.000000000,1,2025-12-07 08:50:00.000000,2025-12-07 08:50:59.999922,1,BAYxx_xxxx_20251207_084133_000.7z
2025-12-07 08:51:00,2750.406817,2.750406817,1167.898991,675.618746,906.889080,716889,768000,0.933449219,0,2025-12-07 08:51:00.000000,2025-12-07 08:51:59.999922,2,BAYxx_xxxx_20251207_084133_000.7z;BAYxx_xxxx_20251207_085137_000.7z
2025-12-07 08:52:00,2771.492263,2.771492263,1183.383408,686.029158,902.079697,768000,768000,1.000000000,1,2025-12-07 08:52:00.000000,2025-12-07 08:52:59.999922,1,BAYxx_xxxx_20251207_085137_000.7z
2025-12-07 08:53:00,2794.739668,2.794739668,1188.063400,692.234388,914.441879,768000,768000,1.000000000,1,2025-12-07 08:53:00.000000,2025-12-07 08:53:59.999922,1,BAYxx_xxxx_20251207_085137_000.7z
2025-12-07 08:54:00,4033.318774,4.033318774,1599.904676,1104.765288,1328.648811,768000,768000,1.000000000,1,2025-12-07 08:54:00.000000,2025-12-07 08:54:59.999922,1,BAYxx_xxxx_20251207_085137_000.7z
2025-12-07 08:55:00,16548.804140,16.548804140,5545.321254,5314.029677,5689.453209,768000,768000,1.000000000,1,2025-12-07 08:55:00.000000,2025-12-07 08:55:59.999922,1,BAYxx_xxxx_20251207_085137_000.7z
2025-12-07 08:56:00,28005.993706,28.005993706,9210.254506,9125.875243,9669.863957,768000,768000,1.000000000,1,2025-12-07 08:56:00.000000,2025-12-07 08:56:59.999922,1,BAYxx_xxxx_20251207_085137_000.7z
2025-12-07 08:57:00,22659.698165,22.659698165,7479.746212,7382.552395,7797.399558,768000,768000,1.000000000,1,2025-12-07 08:57:00.000000,2025-12-07 08:57:59.999922,1,BAYxx_xxxx_20251207_085137_000.7z
2025-12-07 08:58:00,2771.008508,2.771008508,1184.078783,679.363272,907.566453,768000,768000,1.000000000,1,2025-12-07 08:58:00.000000,2025-12-07 08:58:59.999922,1,BAYxx_xxxx_20251207_085137_000.7z
2025-12-07 08:59:00,2762.115824,2.762115824,1163.625797,683.523172,914.966856,768000,768000,1.000000000,1,2025-12-07 08:59:00.000000,2025-12-07 08:59:59.999922,1,BAYxx_xxxx_20251207_085137_000.7z
2025-12-07 09:00:00,2698.061151,2.698061151,1141.560943,664.095245,892.404963,768000,768000,1.000000000,1,2025-12-07 09:00:00.000000,2025-12-07 09:00:59.999922,1,BAYxx_xxxx_20251207_085137_000.7z
2025-12-07 09:01:00,2690.581733,2.690581733,1141.317812,665.048861,884.215061,640056,768000,0.833406250,0,2025-12-07 09:01:00.000000,2025-12-07 09:01:59.999922,2,BAYxx_xxxx_20251207_085137_000.7z;BAYxx_xxxx_20251207_090147_000.7z
2025-12-07 09:02:00,2613.137236,2.613137236,1144.220838,670.717987,798.198412,768000,768000,1.000000000,1,2025-12-07 09:02:00.000000,2025-12-07 09:02:59.999922,1,BAYxx_xxxx_20251207_090147_000.7z
2025-12-07 09:03:00,2608.474781,2.608474781,1162.727579,657.225223,788.521979,768000,768000,1.000000000,1,2025-12-07 09:03:00.000000,2025-12-07 09:03:59.999922,1,BAYxx_xxxx_20251207_090147_000.7z
2025-12-07 09:04:00,2584.259494,2.584259494,1155.246849,650.833934,778.178711,768000,768000,1.000000000,1,2025-12-07 09:04:00.000000,2025-12-07 09:04:59.999922,1,BAYxx_xxxx_20251207_090147_000.7z
2025-12-07 09:05:00,2579.894196,2.579894196,1159.005936,646.712727,774.175533,768000,768000,1.000000000,1,2025-12-07 09:05:00.000000,2025-12-07 09:05:59.999922,1,BAYxx_xxxx_20251207_090147_000.7z
2025-12-07 09:06:00,2563.930756,2.563930756,1151.345892,644.358064,768.226800,768000,768000,1.000000000,1,2025-12-07 09:06:00.000000,2025-12-07 09:06:59.999922,1,BAYxx_xxxx_20251207_090147_000.7z
2025-12-07 09:07:00,2563.263147,2.563263147,1150.465262,636.260398,776.537487,768000,768000,1.000000000,1,2025-12-07 09:07:00.000000,2025-12-07 09:07:59.999922,1,BAYxx_xxxx_20251207_090147_000.7z
2025-12-07 09:08:00,3996.311571,3.996311571,1609.445383,1121.994853,1264.871335,768000,768000,1.000000000,1,2025-12-07 09:08:00.000000,2025-12-07 09:08:59.999922,1,BAYxx_xxxx_20251207_090147_000.7z
2025-12-07 09:09:00,17770.781823,17.770781823,5945.181278,5831.475200,5994.125346,768000,768000,1.000000000,1,2025-12-07 09:09:00.000000,2025-12-07 09:09:59.999922,1,BAYxx_xxxx_20251207_090147_000.7z
2025-12-07 09:10:00,26533.330624,26.533330624,8714.973396,8730.179842,9088.177387,768000,768000,1.000000000,1,2025-12-07 09:10:00.000000,2025-12-07 09:10:59.999922,1,BAYxx_xxxx_20251207_090147_000.7z
2025-12-07 09:11:00,26350.901869,26.350901869,8717.362267,8628.549486,9004.990116,704074,768000,0.916763021,0,2025-12-07 09:11:00.000000,2025-12-07 09:11:59.999922,2,BAYxx_xxxx_20251207_090147_000.7z;BAYxx_xxxx_20251207_091152_000.7z
2025-12-07 09:12:00,2718.478278,2.718478278,1181.175085,700.724116,836.579077,768000,768000,1.000000000,1,2025-12-07 09:12:00.000000,2025-12-07 09:12:59.999922,1,BAYxx_xxxx_20251207_091152_000.7z
2025-12-07 09:13:00,2585.498407,2.585498407,1136.846231,655.222765,793.429410,768000,768000,1.000000000,1,2025-12-07 09:13:00.000000,2025-12-07 09:13:59.999922,1,BAYxx_xxxx_20251207_091152_000.7z
2025-12-07 09:14:00,2487.184726,2.487184726,1096.335680,634.270799,756.578248,768000,768000,1.000000000,1,2025-12-07 09:14:00.000000,2025-12-07 09:14:59.999922,1,BAYxx_xxxx_20251207_091152_000.7z
2025-12-07 09:15:00,2556.986805,2.556986805,1132.992560,651.206007,772.788237,768000,768000,1.000000000,1,2025-12-07 09:15:00.000000,2025-12-07 09:15:59.999922,1,BAYxx_xxxx_20251207_091152_000.7z
2025-12-07 09:16:00,2541.590069,2.541590069,1115.254364,650.505697,775.830008,768000,768000,1.000000000,1,2025-12-07 09:16:00.000000,2025-12-07 09:16:59.999922,1,BAYxx_xxxx_20251207_091152_000.7z
2025-12-07 09:17:00,2628.183477,2.628183477,1107.939693,651.496065,868.747719,768000,768000,1.000000000,1,2025-12-07 09:17:00.000000,2025-12-07 09:17:59.999922,1,BAYxx_xxxx_20251207_091152_000.7z
2025-12-07 09:18:00,2654.419347,2.654419347,1123.003316,659.363653,872.052378,768000,768000,1.000000000,1,2025-12-07 09:18:00.000000,2025-12-07 09:18:59.999922,1,BAYxx_xxxx_20251207_091152_000.7z
2025-12-07 09:19:00,2644.353888,2.644353888,1124.895756,651.526313,867.931819,768000,768000,1.000000000,1,2025-12-07 09:19:00.000000,2025-12-07 09:19:59.999922,1,BAYxx_xxxx_20251207_091152_000.7z
2025-12-07 09:20:00,2622.441108,2.622441108,1108.646549,645.865975,867.928584,768000,768000,1.000000000,1,2025-12-07 09:20:00.000000,2025-12-07 09:20:59.999922,1,BAYxx_xxxx_20251207_091152_000.7z
2025-12-07 09:21:00,2639.562442,2.639562442,1101.583869,653.975840,884.002733,691238,768000,0.900049479,0,2025-12-07 09:21:00.000000,2025-12-07 09:21:59.999922,2,BAYxx_xxxx_20251207_091152_000.7z;BAYxx_xxxx_20251207_092158_000.7z
2025-12-07 09:22:00,2664.175608,2.664175608,1124.352287,654.653127,885.170194,768000,768000,1.000000000,1,2025-12-07 09:22:00.000000,2025-12-07 09:22:59.999922,1,BAYxx_xxxx_20251207_092158_000.7z
2025-12-07 09:23:00,4082.910733,4.082910733,1609.109141,1123.102597,1350.698995,768000,768000,1.000000000,1,2025-12-07 09:23:00.000000,2025-12-07 09:23:59.999922,1,BAYxx_xxxx_20251207_092158_000.7z
2025-12-07 09:24:00,19605.010031,19.605010031,6483.240435,6370.164256,6751.605340,768000,768000,1.000000000,1,2025-12-07 09:24:00.000000,2025-12-07 09:24:59.999922,1,BAYxx_xxxx_20251207_092158_000.7z
2025-12-07 09:25:00,26175.809087,26.175809087,8548.637526,8582.183822,9044.987739,768000,768000,1.000000000,1,2025-12-07 09:25:00.000000,2025-12-07 09:25:59.999922,1,BAYxx_xxxx_20251207_092158_000.7z
2025-12-07 09:26:00,2856.925214,2.856925214,1193.456491,715.083234,948.385489,768000,768000,1.000000000,1,2025-12-07 09:26:00.000000,2025-12-07 09:26:59.999922,1,BAYxx_xxxx_20251207_092158_000.7z
2025-12-07 09:27:00,2664.740721,2.664740721,1144.691491,648.538334,871.510896,768000,768000,1.000000000,1,2025-12-07 09:27:00.000000,2025-12-07 09:27:59.999922,1,BAYxx_xxxx_20251207_092158_000.7z
2025-12-07 09:28:00,2665.966492,2.665966492,1139.196039,652.728016,874.042438,768000,768000,1.000000000,1,2025-12-07 09:28:00.000000,2025-12-07 09:28:59.999922,1,BAYxx_xxxx_20251207_092158_000.7z
2025-12-07 09:29:00,3532.892049,3.532892049,1412.128426,947.913777,1172.849847,768000,768000,1.000000000,1,2025-12-07 09:29:00.000000,2025-12-07 09:29:59.999922,1,BAYxx_xxxx_20251207_092158_000.7z
2025-12-07 09:30:00,11419.188582,11.419188582,3924.335165,3584.194773,3910.658644,768000,768000,1.000000000,1,2025-12-07 09:30:00.000000,2025-12-07 09:30:59.999922,1,BAYxx_xxxx_20251207_092158_000.7z
2025-12-07 09:31:00,27634.005069,27.634005069,9083.810750,8990.895962,9559.298357,742443,768000,0.966722656,0,2025-12-07 09:31:00.000000,2025-12-07 09:31:58.003281,1,BAYxx_xxxx_20251207_092158_000.7z
2025-12-07 09:32:00,12272.773420,12.272773420,4189.770224,3879.841425,4203.161770,691200,768000,0.900000000,0,2025-12-07 09:32:06.000000,2025-12-07 09:32:59.999922,1,BAYxx_xxxx_20251207_093206_000.7z
2025-12-07 09:33:00,2625.646036,2.625646036,1115.980247,634.082513,875.583277,768000,768000,1.000000000,1,2025-12-07 09:33:00.000000,2025-12-07 09:33:59.999922,1,BAYxx_xxxx_20251207_093206_000.7z
2025-12-07 09:34:00,2666.450371,2.666450371,1131.884468,655.836300,878.729604,768000,768000,1.000000000,1,2025-12-07 09:34:00.000000,2025-12-07 09:34:59.999922,1,BAYxx_xxxx_20251207_093206_000.7z
2025-12-07 09:35:00,2643.522498,2.643522498,1119.976827,646.550428,876.995243,768000,768000,1.000000000,1,2025-12-07 09:35:00.000000,2025-12-07 09:35:59.999922,1,BAYxx_xxxx_20251207_093206_000.7z
2025-12-07 09:36:00,2627.707588,2.627707588,1119.443422,638.602423,869.661743,768000,768000,1.000000000,1,2025-12-07 09:36:00.000000,2025-12-07 09:36:59.999922,1,BAYxx_xxxx_20251207_093206_000.7z
2025-12-07 09:37:00,2584.844481,2.584844481,1114.785200,623.371744,846.687538,768000,768000,1.000000000,1,2025-12-07 09:37:00.000000,2025-12-07 09:37:59.999922,1,BAYxx_xxxx_20251207_093206_000.7z
2025-12-07 09:38:00,2591.654713,2.591654713,1112.543812,627.389144,851.721756,768000,768000,1.000000000,1,2025-12-07 09:38:00.000000,2025-12-07 09:38:59.999922,1,BAYxx_xxxx_20251207_093206_000.7z
2025-12-07 09:39:00,2577.069558,2.577069558,1109.050641,619.399360,848.619557,768000,768000,1.000000000,1,2025-12-07 09:39:00.000000,2025-12-07 09:39:59.999922,1,BAYxx_xxxx_20251207_093206_000.7z
2025-12-07 09:40:00,2623.037836,2.623037836,1124.804003,638.952398,859.281435,768000,768000,1.000000000,1,2025-12-07 09:40:00.000000,2025-12-07 09:40:59.999922,1,BAYxx_xxxx_20251207_093206_000.7z
2025-12-07 09:41:00,2640.173879,2.640173879,1129.314941,632.821760,878.037178,768000,768000,1.000000000,1,2025-12-07 09:41:00.000000,2025-12-07 09:41:59.999922,1,BAYxx_xxxx_20251207_093206_000.7z
2025-12-07 09:42:00,2643.699695,2.643699695,1118.301062,646.943774,878.454860,678538,768000,0.883513021,0,2025-12-07 09:42:00.000000,2025-12-07 09:42:59.999922,2,BAYxx_xxxx_20251207_093206_000.7z;BAYxx_xxxx_20251207_094213_000.7z
2025-12-07 09:43:00,2580.892280,2.580892280,1101.798941,624.196788,854.896551,768000,768000,1.000000000,1,2025-12-07 09:43:00.000000,2025-12-07 09:43:59.999922,1,BAYxx_xxxx_20251207_094213_000.7z
2025-12-07 09:44:00,2607.959813,2.607959813,1105.370317,640.216871,862.372625,768000,768000,1.000000000,1,2025-12-07 09:44:00.000000,2025-12-07 09:44:59.999922,1,BAYxx_xxxx_20251207_094213_000.7z
2025-12-07 09:45:00,3754.445664,3.754445664,1472.766861,1030.463973,1251.214829,768000,768000,1.000000000,1,2025-12-07 09:45:00.000000,2025-12-07 09:45:59.999922,1,BAYxx_xxxx_20251207_094213_000.7z
2025-12-07 09:46:00,14975.818068,14.975818068,4997.688875,4871.261944,5106.867249,768000,768000,1.000000000,1,2025-12-07 09:46:00.000000,2025-12-07 09:46:59.999922,1,BAYxx_xxxx_20251207_094213_000.7z
2025-12-07 09:47:00,27133.875807,27.133875807,8931.202818,8878.532144,9324.140845,768000,768000,1.000000000,1,2025-12-07 09:47:00.000000,2025-12-07 09:47:59.999922,1,BAYxx_xxxx_20251207_094213_000.7z
2025-12-07 09:48:00,18379.839714,18.379839714,6212.642799,5921.477585,6245.719330,768000,768000,1.000000000,1,2025-12-07 09:48:00.000000,2025-12-07 09:48:59.999922,1,BAYxx_xxxx_20251207_094213_000.7z
2025-12-07 09:49:00,2519.014477,2.519014477,1113.143830,637.138770,768.731877,768000,768000,1.000000000,1,2025-12-07 09:49:00.000000,2025-12-07 09:49:59.999922,1,BAYxx_xxxx_20251207_094213_000.7z
2025-12-07 09:50:00,2512.267450,2.512267450,1105.992408,634.662570,771.612473,768000,768000,1.000000000,1,2025-12-07 09:50:00.000000,2025-12-07 09:50:59.999922,1,BAYxx_xxxx_20251207_094213_000.7z
2025-12-07 09:51:00,2526.160082,2.526160082,1111.702180,634.677212,779.780690,768000,768000,1.000000000,1,2025-12-07 09:51:00.000000,2025-12-07 09:51:59.999922,1,BAYxx_xxxx_20251207_094213_000.7z
2025-12-07 09:52:00,2549.440148,2.549440148,1139.992210,638.129530,771.318408,691259,768000,0.900076823,0,2025-12-07 09:52:00.000000,2025-12-07 09:52:59.999922,2,BAYxx_xxxx_20251207_094213_000.7z;BAYxx_xxxx_20251207_095219_000.7z
2025-12-07 09:53:00,2535.374500,2.535374500,1122.807440,632.789296,779.777764,768000,768000,1.000000000,1,2025-12-07 09:53:00.000000,2025-12-07 09:53:59.999922,1,BAYxx_xxxx_20251207_095219_000.7z
2025-12-07 09:54:00,2548.876989,2.548876989,1125.856680,633.322487,789.697821,768000,768000,1.000000000,1,2025-12-07 09:54:00.000000,2025-12-07 09:54:59.999922,1,BAYxx_xxxx_20251207_095219_000.7z
2025-12-07 09:55:00,2549.710359,2.549710359,1137.051513,619.709438,792.949409,768000,768000,1.000000000,1,2025-12-07 09:55:00.000000,2025-12-07 09:55:59.999922,1,BAYxx_xxxx_20251207_095219_000.7z
2025-12-07 09:56:00,2535.237167,2.535237167,1124.169332,627.336126,783.731709,768000,768000,1.000000000,1,2025-12-07 09:56:00.000000,2025-12-07 09:56:59.999922,1,BAYxx_xxxx_20251207_095219_000.7z
2025-12-07 09:57:00,2491.906710,2.491906710,1101.693950,621.969379,768.243381,768000,768000,1.000000000,1,2025-12-07 09:57:00.000000,2025-12-07 09:57:59.999922,1,BAYxx_xxxx_20251207_095219_000.7z
2025-12-07 09:58:00,2579.040121,2.579040121,1127.115371,653.217761,798.706989,768000,768000,1.000000000,1,2025-12-07 09:58:00.000000,2025-12-07 09:58:59.999922,1,BAYxx_xxxx_20251207_095219_000.7z
2025-12-07 09:59:00,4022.479237,4.022479237,1605.853812,1135.389329,1281.236097,768000,768000,1.000000000,1,2025-12-07 09:59:00.000000,2025-12-07 09:59:59.999922,1,BAYxx_xxxx_20251207_095219_000.7z
2025-12-07 10:00:00,23019.323219,23.019323219,7662.574127,7512.506049,7844.243043,768000,768000,1.000000000,1,2025-12-07 10:00:00.000000,2025-12-07 10:00:59.999922,1,BAYxx_xxxx_20251207_095219_000.7z
2025-12-07 10:01:00,27168.136208,27.168136208,8868.255252,8961.733397,9338.147559,768000,768000,1.000000000,1,2025-12-07 10:01:00.000000,2025-12-07 10:01:59.999922,1,BAYxx_xxxx_20251207_095219_000.7z
2025-12-07 10:02:00,3002.620487,3.002620487,1240.998506,787.074692,974.547289,652886,768000,0.850111979,0,2025-12-07 10:02:00.000000,2025-12-07 10:02:59.999922,2,BAYxx_xxxx_20251207_095219_000.7z;BAYxx_xxxx_20251207_100228_000.7z
2025-12-07 10:03:00,2525.743553,2.525743553,1064.373488,617.786719,843.583346,768000,768000,1.000000000,1,2025-12-07 10:03:00.000000,2025-12-07 10:03:59.999922,1,BAYxx_xxxx_20251207_100228_000.7z
2025-12-07 10:04:00,2543.512890,2.543512890,1091.977623,612.998297,838.536971,768000,768000,1.000000000,1,2025-12-07 10:04:00.000000,2025-12-07 10:04:59.999922,1,BAYxx_xxxx_20251207_100228_000.7z
2025-12-07 10:05:00,2543.322502,2.543322502,1095.590384,614.907683,832.824434,768000,768000,1.000000000,1,2025-12-07 10:05:00.000000,2025-12-07 10:05:59.999922,1,BAYxx_xxxx_20251207_100228_000.7z
2025-12-07 10:06:00,2560.706926,2.560706926,1085.869596,622.313999,852.523331,768000,768000,1.000000000,1,2025-12-07 10:06:00.000000,2025-12-07 10:06:59.999922,1,BAYxx_xxxx_20251207_100228_000.7z
2025-12-07 10:07:00,2570.715997,2.570715997,1081.686358,631.892564,857.137075,768000,768000,1.000000000,1,2025-12-07 10:07:00.000000,2025-12-07 10:07:59.999922,1,BAYxx_xxxx_20251207_100228_000.7z
2025-12-07 10:08:00,2553.078300,2.553078300,1086.207659,622.144942,844.725699,768000,768000,1.000000000,1,2025-12-07 10:08:00.000000,2025-12-07 10:08:59.999922,1,BAYxx_xxxx_20251207_100228_000.7z
2025-12-07 10:09:00,2550.821844,2.550821844,1092.036925,622.372465,836.412455,768000,768000,1.000000000,1,2025-12-07 10:09:00.000000,2025-12-07 10:09:59.999922,1,BAYxx_xxxx_20251207_100228_000.7z
2025-12-07 10:10:00,2569.055452,2.569055452,1086.248300,629.442913,853.364239,768000,768000,1.000000000,1,2025-12-07 10:10:00.000000,2025-12-07 10:10:59.999922,1,BAYxx_xxxx_20251207_100228_000.7z
2025-12-07 10:11:00,2573.571059,2.573571059,1084.316058,634.179876,855.075124,768000,768000,1.000000000,1,2025-12-07 10:11:00.000000,2025-12-07 10:11:59.999922,1,BAYxx_xxxx_20251207_100228_000.7z
2025-12-07 10:12:00,2576.033311,2.576033311,1100.731332,625.287816,850.014164,691305,768000,0.900136719,0,2025-12-07 10:12:00.000000,2025-12-07 10:12:59.999922,2,BAYxx_xxxx_20251207_100228_000.7z;BAYxx_xxxx_20251207_101234_000.7z
2025-12-07 10:13:00,2561.156227,2.561156227,1094.858373,623.729248,842.568606,768000,768000,1.000000000,1,2025-12-07 10:13:00.000000,2025-12-07 10:13:59.999922,1,BAYxx_xxxx_20251207_101234_000.7z
2025-12-07 10:14:00,3764.954695,3.764954695,1468.079916,1031.154149,1265.720631,768000,768000,1.000000000,1,2025-12-07 10:14:00.000000,2025-12-07 10:14:59.999922,1,BAYxx_xxxx_20251207_101234_000.7z
2025-12-07 10:15:00,17852.398531,17.852398531,5896.444886,5753.073481,6202.880164,768000,768000,1.000000000,1,2025-12-07 10:15:00.000000,2025-12-07 10:15:59.999922,1,BAYxx_xxxx_20251207_101234_000.7z
2025-12-07 10:16:00,26979.149171,26.979149171,8771.396153,8847.313822,9360.439196,768000,768000,1.000000000,1,2025-12-07 10:16:00.000000,2025-12-07 10:16:59.999922,1,BAYxx_xxxx_20251207_101234_000.7z
2025-12-07 10:17:00,18989.680419,18.989680419,6301.586795,6142.941052,6545.152571,768000,768000,1.000000000,1,2025-12-07 10:17:00.000000,2025-12-07 10:17:59.999922,1,BAYxx_xxxx_20251207_101234_000.7z
2025-12-07 10:18:00,2467.478079,2.467478079,1074.759866,585.916435,806.801778,768000,768000,1.000000000,1,2025-12-07 10:18:00.000000,2025-12-07 10:18:59.999922,1,BAYxx_xxxx_20251207_101234_000.7z
2025-12-07 10:19:00,2525.594785,2.525594785,1085.713848,609.357310,830.523627,768000,768000,1.000000000,1,2025-12-07 10:19:00.000000,2025-12-07 10:19:59.999922,1,BAYxx_xxxx_20251207_101234_000.7z
2025-12-07 10:20:00,2512.199272,2.512199272,1082.957193,595.355197,833.886881,768000,768000,1.000000000,1,2025-12-07 10:20:00.000000,2025-12-07 10:20:59.999922,1,BAYxx_xxxx_20251207_101234_000.7z
2025-12-07 10:21:00,2533.889593,2.533889593,1085.864143,604.511164,843.514286,768000,768000,1.000000000,1,2025-12-07 10:21:00.000000,2025-12-07 10:21:59.999922,1,BAYxx_xxxx_20251207_101234_000.7z
2025-12-07 10:22:00,2498.796241,2.498796241,1068.284810,603.288063,827.223367,691254,768000,0.900070313,0,2025-12-07 10:22:00.000000,2025-12-07 10:22:59.999922,2,BAYxx_xxxx_20251207_101234_000.7z;BAYxx_xxxx_20251207_102240_000.7z
2025-12-07 10:23:00,2546.402914,2.546402914,1093.396250,607.191769,845.814895,768000,768000,1.000000000,1,2025-12-07 10:23:00.000000,2025-12-07 10:23:59.999922,1,BAYxx_xxxx_20251207_102240_000.7z
2025-12-07 10:24:00,2521.772711,2.521772711,1082.610779,598.675463,840.486469,768000,768000,1.000000000,1,2025-12-07 10:24:00.000000,2025-12-07 10:24:59.999922,1,BAYxx_xxxx_20251207_102240_000.7z
2025-12-07 10:25:00,2524.219393,2.524219393,1088.725659,595.044164,840.449570,768000,768000,1.000000000,1,2025-12-07 10:25:00.000000,2025-12-07 10:25:59.999922,1,BAYxx_xxxx_20251207_102240_000.7z
2025-12-07 10:26:00,2536.566951,2.536566951,1091.154847,600.069815,845.342289,768000,768000,1.000000000,1,2025-12-07 10:26:00.000000,2025-12-07 10:26:59.999922,1,BAYxx_xxxx_20251207_102240_000.7z
2025-12-07 10:27:00,2504.375073,2.504375073,1073.999525,591.985258,838.390290,768000,768000,1.000000000,1,2025-12-07 10:27:00.000000,2025-12-07 10:27:59.999922,1,BAYxx_xxxx_20251207_102240_000.7z
2025-12-07 10:28:00,2537.107076,2.537107076,1081.579271,611.960845,843.566961,768000,768000,1.000000000,1,2025-12-07 10:28:00.000000,2025-12-07 10:28:59.999922,1,BAYxx_xxxx_20251207_102240_000.7z
2025-12-07 10:29:00,3315.011976,3.315011976,1335.962821,886.576109,1092.473046,768000,768000,1.000000000,1,2025-12-07 10:29:00.000000,2025-12-07 10:29:59.999922,1,BAYxx_xxxx_20251207_102240_000.7z
2025-12-07 10:30:00,9573.602395,9.573602395,3282.125367,3042.959922,3248.517106,768000,768000,1.000000000,1,2025-12-07 10:30:00.000000,2025-12-07 10:30:59.999922,1,BAYxx_xxxx_20251207_102240_000.7z
2025-12-07 10:31:00,26116.292701,26.116292701,8421.685552,8733.292231,8961.314918,768000,768000,1.000000000,1,2025-12-07 10:31:00.000000,2025-12-07 10:31:59.999922,1,BAYxx_xxxx_20251207_102240_000.7z
2025-12-07 10:32:00,21337.080537,21.337080537,6973.144022,7033.858473,7330.078041,614439,768000,0.800050781,0,2025-12-07 10:32:00.000000,2025-12-07 10:32:59.999922,2,BAYxx_xxxx_20251207_102240_000.7z;BAYxx_xxxx_20251207_103252_000.7z
2025-12-07 10:33:00,1776.948361,1.776948361,870.384002,388.792614,517.771745,768000,768000,1.000000000,1,2025-12-07 10:33:00.000000,2025-12-07 10:33:59.999922,1,BAYxx_xxxx_20251207_103252_000.7z
2025-12-07 10:34:00,1814.226582,1.814226582,879.543777,410.579432,524.103373,768000,768000,1.000000000,1,2025-12-07 10:34:00.000000,2025-12-07 10:34:59.999922,1,BAYxx_xxxx_20251207_103252_000.7z
2025-12-07 10:35:00,1889.899482,1.889899482,888.349911,433.825120,567.724451,768000,768000,1.000000000,1,2025-12-07 10:35:00.000000,2025-12-07 10:35:59.999922,1,BAYxx_xxxx_20251207_103252_000.7z
2025-12-07 10:36:00,3070.692542,3.070692542,1269.952999,831.790899,968.948645,768000,768000,1.000000000,1,2025-12-07 10:36:00.000000,2025-12-07 10:36:59.999922,1,BAYxx_xxxx_20251207_103252_000.7z
2025-12-07 10:37:00,15482.322499,15.482322499,5239.756771,4983.364269,5259.201460,768000,768000,1.000000000,1,2025-12-07 10:37:00.000000,2025-12-07 10:37:59.999922,1,BAYxx_xxxx_20251207_103252_000.7z
2025-12-07 10:38:00,23468.264346,23.468264346,7766.774354,7651.686798,8049.803194,768000,768000,1.000000000,1,2025-12-07 10:38:00.000000,2025-12-07 10:38:59.999922,1,BAYxx_xxxx_20251207_103252_000.7z
2025-12-07 10:39:00,2078.991612,2.078991612,973.946321,486.025505,619.019786,768000,768000,1.000000000,1,2025-12-07 10:39:00.000000,2025-12-07 10:39:59.999922,1,BAYxx_xxxx_20251207_103252_000.7z
2025-12-07 10:40:00,2128.661666,2.128661666,980.710124,508.135702,639.815840,768000,768000,1.000000000,1,2025-12-07 10:40:00.000000,2025-12-07 10:40:59.999922,1,BAYxx_xxxx_20251207_103252_000.7z
2025-12-07 10:41:00,2178.521606,2.178521606,1010.760567,518.777935,648.983104,768000,768000,1.000000000,1,2025-12-07 10:41:00.000000,2025-12-07 10:41:59.999922,1,BAYxx_xxxx_20251207_103252_000.7z
2025-12-07 10:42:00,2239.401300,2.239401300,1018.241630,537.880867,683.278802,678442,768000,0.883388021,0,2025-12-07 10:42:00.000000,2025-12-07 10:42:59.999922,2,BAYxx_xxxx_20251207_103252_000.7z;BAYxx_xxxx_20251207_104259_000.7z
2025-12-07 10:43:00,2247.985219,2.247985219,1025.901281,542.549250,679.534687,768000,768000,1.000000000,1,2025-12-07 10:43:00.000000,2025-12-07 10:43:59.999922,1,BAYxx_xxxx_20251207_104259_000.7z
2025-12-07 10:44:00,2295.110483,2.295110483,1041.820554,557.016213,696.273715,768000,768000,1.000000000,1,2025-12-07 10:44:00.000000,2025-12-07 10:44:59.999922,1,BAYxx_xxxx_20251207_104259_000.7z
2025-12-07 10:45:00,2330.989345,2.330989345,1052.086487,571.317552,707.585306,768000,768000,1.000000000,1,2025-12-07 10:45:00.000000,2025-12-07 10:45:59.999922,1,BAYxx_xxxx_20251207_104259_000.7z
2025-12-07 10:46:00,2378.807551,2.378807551,1058.622433,589.145567,731.039552,768000,768000,1.000000000,1,2025-12-07 10:46:00.000000,2025-12-07 10:46:59.999922,1,BAYxx_xxxx_20251207_104259_000.7z
2025-12-07 10:47:00,2390.400058,2.390400058,1048.697328,594.427008,747.275721,768000,768000,1.000000000,1,2025-12-07 10:47:00.000000,2025-12-07 10:47:59.999922,1,BAYxx_xxxx_20251207_104259_000.7z
2025-12-07 10:48:00,2460.670780,2.460670780,1054.275232,588.934580,817.460968,768000,768000,1.000000000,1,2025-12-07 10:48:00.000000,2025-12-07 10:48:59.999922,1,BAYxx_xxxx_20251207_104259_000.7z
2025-12-07 10:49:00,2452.700591,2.452700591,1073.321211,577.537686,801.841694,768000,768000,1.000000000,1,2025-12-07 10:49:00.000000,2025-12-07 10:49:59.999922,1,BAYxx_xxxx_20251207_104259_000.7z
2025-12-07 10:50:00,2993.246041,2.993246041,1230.668672,768.881575,993.695794,768000,768000,1.000000000,1,2025-12-07 10:50:00.000000,2025-12-07 10:50:59.999922,1,BAYxx_xxxx_20251207_104259_000.7z
2025-12-07 10:51:00,6427.521571,6.427521571,2311.854078,1936.839568,2178.827924,768000,768000,1.000000000,1,2025-12-07 10:51:00.000000,2025-12-07 10:51:59.999922,1,BAYxx_xxxx_20251207_104259_000.7z
2025-12-07 10:52:00,26817.249593,26.817249593,8774.998004,8734.099436,9308.152153,755215,768000,0.983352865,0,2025-12-07 10:52:00.000000,2025-12-07 10:52:59.001094,1,BAYxx_xxxx_20251207_104259_000.7z
2025-12-07 10:53:00,27737.485892,27.737485892,9131.259794,8991.617326,9614.608773,588800,768000,0.766666667,0,2025-12-07 10:53:14.000000,2025-12-07 10:53:59.999922,1,BAYxx_xxxx_20251207_105314_000.7z
2025-12-07 10:54:00,13281.427008,13.281427008,4529.508459,4186.227616,4565.690933,768000,768000,1.000000000,1,2025-12-07 10:54:00.000000,2025-12-07 10:54:59.999922,1,BAYxx_xxxx_20251207_105314_000.7z
2025-12-07 10:55:00,2299.238030,2.299238030,1014.987241,525.094614,759.156176,768000,768000,1.000000000,1,2025-12-07 10:55:00.000000,2025-12-07 10:55:59.999922,1,BAYxx_xxxx_20251207_105314_000.7z
2025-12-07 10:56:00,2298.600672,2.298600672,1005.119526,534.040739,759.440407,768000,768000,1.000000000,1,2025-12-07 10:56:00.000000,2025-12-07 10:56:59.999922,1,BAYxx_xxxx_20251207_105314_000.7z
2025-12-07 10:57:00,2260.457033,2.260457033,990.939172,523.915401,745.602460,768000,768000,1.000000000,1,2025-12-07 10:57:00.000000,2025-12-07 10:57:59.999922,1,BAYxx_xxxx_20251207_105314_000.7z
2025-12-07 10:58:00,2229.662194,2.229662194,1007.295723,502.226872,720.139599,768000,768000,1.000000000,1,2025-12-07 10:58:00.000000,2025-12-07 10:58:59.999922,1,BAYxx_xxxx_20251207_105314_000.7z
2025-12-07 10:59:00,2149.972975,2.149972975,978.140559,473.092848,698.739568,768000,768000,1.000000000,1,2025-12-07 10:59:00.000000,2025-12-07 10:59:59.999922,1,BAYxx_xxxx_20251207_105314_000.7z
2025-12-07 11:00:00,2134.344600,2.134344600,956.808624,465.022554,712.513422,768000,768000,1.000000000,1,2025-12-07 11:00:00.000000,2025-12-07 11:00:59.999922,1,BAYxx_xxxx_20251207_105314_000.7z
2025-12-07 11:01:00,2143.048385,2.143048385,958.392187,476.173943,708.482255,768000,768000,1.000000000,1,2025-12-07 11:01:00.000000,2025-12-07 11:01:59.999922,1,BAYxx_xxxx_20251207_105314_000.7z
2025-12-07 11:02:00,2144.027091,2.144027091,963.449817,469.610598,710.966676,768000,768000,1.000000000,1,2025-12-07 11:02:00.000000,2025-12-07 11:02:59.999922,1,BAYxx_xxxx_20251207_105314_000.7z
2025-12-07 11:03:00,2188.684568,2.188684568,969.274053,492.533237,726.877278,704069,768000,0.916756510,0,2025-12-07 11:03:00.000000,2025-12-07 11:03:59.999922,2,BAYxx_xxxx_20251207_105314_000.7z;BAYxx_xxxx_20251207_110319_000.7z
2025-12-07 11:04:00,2214.097576,2.214097576,983.348244,492.932966,737.816366,768000,768000,1.000000000,1,2025-12-07 11:04:00.000000,2025-12-07 11:04:59.999922,1,BAYxx_xxxx_20251207_110319_000.7z
2025-12-07 11:05:00,2242.658482,2.242658482,991.271976,503.750186,747.636320,768000,768000,1.000000000,1,2025-12-07 11:05:00.000000,2025-12-07 11:05:59.999922,1,BAYxx_xxxx_20251207_110319_000.7z
2025-12-07 11:06:00,3300.965664,3.300965664,1343.393720,855.639325,1101.932618,768000,768000,1.000000000,1,2025-12-07 11:06:00.000000,2025-12-07 11:06:59.999922,1,BAYxx_xxxx_20251207_110319_000.7z
2025-12-07 11:07:00,13263.476436,13.263476436,4451.958072,4256.048001,4555.470363,768000,768000,1.000000000,1,2025-12-07 11:07:00.000000,2025-12-07 11:07:59.999922,1,BAYxx_xxxx_20251207_110319_000.7z
2025-12-07 11:08:00,27024.850412,27.024850412,8746.728458,8921.185531,9356.936423,768000,768000,1.000000000,1,2025-12-07 11:08:00.000000,2025-12-07 11:08:59.999922,1,BAYxx_xxxx_20251207_110319_000.7z
2025-12-07 11:09:00,7186.602526,7.186602526,2560.541473,2183.348637,2442.712417,768000,768000,1.000000000,1,2025-12-07 11:09:00.000000,2025-12-07 11:09:59.999922,1,BAYxx_xxxx_20251207_110319_000.7z
2025-12-07 11:10:00,2433.971671,2.433971671,1063.072952,569.612266,801.286453,768000,768000,1.000000000,1,2025-12-07 11:10:00.000000,2025-12-07 11:10:59.999922,1,BAYxx_xxxx_20251207_110319_000.7z
2025-12-07 11:11:00,2438.317394,2.438317394,1059.856592,572.988080,805.472722,768000,768000,1.000000000,1,2025-12-07 11:11:00.000000,2025-12-07 11:11:59.999922,1,BAYxx_xxxx_20251207_110319_000.7z
2025-12-07 11:12:00,2943.602776,2.943602776,1218.204810,734.018394,991.379572,768000,768000,1.000000000,1,2025-12-07 11:12:00.000000,2025-12-07 11:12:59.999922,1,BAYxx_xxxx_20251207_110319_000.7z
2025-12-07 11:13:00,4092.443103,4.092443103,1577.436189,1129.157498,1385.849416,652919,768000,0.850154948,0,2025-12-07 11:13:00.000000,2025-12-07 11:13:59.999922,2,BAYxx_xxxx_20251207_110319_000.7z;BAYxx_xxxx_20251207_111328_000.7z
2025-12-07 11:14:00,27092.966487,27.092966487,8783.854404,8932.625479,9376.486603,768000,768000,1.000000000,1,2025-12-07 11:14:00.000000,2025-12-07 11:14:59.999922,1,BAYxx_xxxx_20251207_111328_000.7z
2025-12-07 11:15:00,15700.982074,15.700982074,5243.017804,5021.073151,5436.891120,768000,768000,1.000000000,1,2025-12-07 11:15:00.000000,2025-12-07 11:15:59.999922,1,BAYxx_xxxx_20251207_111328_000.7z
2025-12-07 11:16:00,2463.310688,2.463310688,1067.871273,569.386678,826.052736,768000,768000,1.000000000,1,2025-12-07 11:16:00.000000,2025-12-07 11:16:59.999922,1,BAYxx_xxxx_20251207_111328_000.7z
2025-12-07 11:17:00,2456.052149,2.456052149,1058.600033,565.381623,832.070493,768000,768000,1.000000000,1,2025-12-07 11:17:00.000000,2025-12-07 11:17:59.999922,1,BAYxx_xxxx_20251207_111328_000.7z
2025-12-07 11:18:00,2379.989602,2.379989602,1053.837456,569.501506,756.650640,768000,768000,1.000000000,1,2025-12-07 11:18:00.000000,2025-12-07 11:18:59.999922,1,BAYxx_xxxx_20251207_111328_000.7z
2025-12-07 11:19:00,2346.583513,2.346583513,1052.187664,562.153287,732.242561,768000,768000,1.000000000,1,2025-12-07 11:19:00.000000,2025-12-07 11:19:59.999922,1,BAYxx_xxxx_20251207_111328_000.7z
2025-12-07 11:20:00,2290.943230,2.290943230,1038.880765,552.702334,699.360131,768000,768000,1.000000000,1,2025-12-07 11:20:00.000000,2025-12-07 11:20:59.999922,1,BAYxx_xxxx_20251207_111328_000.7z
2025-12-07 11:21:00,2291.151130,2.291151130,1042.581917,547.490635,701.078578,768000,768000,1.000000000,1,2025-12-07 11:21:00.000000,2025-12-07 11:21:59.999922,1,BAYxx_xxxx_20251207_111328_000.7z
2025-12-07 11:22:00,2209.244971,2.209244971,1013.935882,528.502414,666.806675,768000,768000,1.000000000,1,2025-12-07 11:22:00.000000,2025-12-07 11:22:59.999922,1,BAYxx_xxxx_20251207_111328_000.7z
2025-12-07 11:23:00,2147.997540,2.147997540,988.943055,507.918249,651.136235,640103,768000,0.833467448,0,2025-12-07 11:23:00.000000,2025-12-07 11:23:59.999922,2,BAYxx_xxxx_20251207_111328_000.7z;BAYxx_xxxx_20251207_112338_000.7z
2025-12-07 11:24:00,2052.211271,2.052211271,962.923027,464.726044,624.562200,768000,768000,1.000000000,1,2025-12-07 11:24:00.000000,2025-12-07 11:24:59.999922,1,BAYxx_xxxx_20251207_112338_000.7z
2025-12-07 11:25:00,2298.224310,2.298224310,1036.761301,544.597420,716.865590,768000,768000,1.000000000,1,2025-12-07 11:25:00.000000,2025-12-07 11:25:59.999922,1,BAYxx_xxxx_20251207_112338_000.7z
2025-12-07 11:26:00,3943.935216,3.943935216,1566.148090,1113.282935,1264.504191,768000,768000,1.000000000,1,2025-12-07 11:26:00.000000,2025-12-07 11:26:59.999922,1,BAYxx_xxxx_20251207_112338_000.7z
2025-12-07 11:27:00,25879.038915,25.879038915,8468.751190,8542.028653,8868.259072,768000,768000,1.000000000,1,2025-12-07 11:27:00.000000,2025-12-07 11:27:59.999922,1,BAYxx_xxxx_20251207_112338_000.7z
2025-12-07 11:28:00,26629.207837,26.629207837,8765.317186,8764.849904,9099.040748,768000,768000,1.000000000,1,2025-12-07 11:28:00.000000,2025-12-07 11:28:59.999922,1,BAYxx_xxxx_20251207_112338_000.7z
2025-12-07 11:29:00,2240.847112,2.240847112,1032.900038,540.423961,667.523113,768000,768000,1.000000000,1,2025-12-07 11:29:00.000000,2025-12-07 11:29:59.999922,1,BAYxx_xxxx_20251207_112338_000.7z
2025-12-07 11:30:00,2046.198538,2.046198538,955.241117,477.288196,613.669225,768000,768000,1.000000000,1,2025-12-07 11:30:00.000000,2025-12-07 11:30:59.999922,1,BAYxx_xxxx_20251207_112338_000.7z
2025-12-07 11:31:00,2039.041615,2.039041615,970.308991,470.009304,598.723320,768000,768000,1.000000000,1,2025-12-07 11:31:00.000000,2025-12-07 11:31:59.999922,1,BAYxx_xxxx_20251207_112338_000.7z
2025-12-07 11:32:00,2920.279796,2.920279796,1263.441440,764.612286,892.226070,768000,768000,1.000000000,1,2025-12-07 11:32:00.000000,2025-12-07 11:32:59.999922,1,BAYxx_xxxx_20251207_112338_000.7z
2025-12-07 11:33:00,8033.260574,8.033260574,2871.793970,2474.191173,2687.275431,640054,768000,0.833403646,0,2025-12-07 11:33:00.000000,2025-12-07 11:33:59.999922,2,BAYxx_xxxx_20251207_112338_000.7z;BAYxx_xxxx_20251207_113348_000.7z
2025-12-07 11:34:00,27971.198525,27.971198525,9192.436389,9175.133286,9603.628850,768000,768000,1.000000000,1,2025-12-07 11:34:00.000000,2025-12-07 11:34:59.999922,1,BAYxx_xxxx_20251207_113348_000.7z
2025-12-07 11:35:00,10980.836868,10.980836868,3768.119923,3465.058770,3747.658175,768000,768000,1.000000000,1,2025-12-07 11:35:00.000000,2025-12-07 11:35:59.999922,1,BAYxx_xxxx_20251207_113348_000.7z
2025-12-07 11:36:00,2217.793928,2.217793928,981.581875,503.004931,733.207122,768000,768000,1.000000000,1,2025-12-07 11:36:00.000000,2025-12-07 11:36:59.999922,1,BAYxx_xxxx_20251207_113348_000.7z
2025-12-07 11:37:00,2228.344556,2.228344556,978.197266,511.630778,738.516512,768000,768000,1.000000000,1,2025-12-07 11:37:00.000000,2025-12-07 11:37:59.999922,1,BAYxx_xxxx_20251207_113348_000.7z
2025-12-07 11:38:00,2168.856149,2.168856149,974.993444,476.403493,717.459212,768000,768000,1.000000000,1,2025-12-07 11:38:00.000000,2025-12-07 11:38:59.999922,1,BAYxx_xxxx_20251207_113348_000.7z
2025-12-07 11:39:00,2260.273591,2.260273591,1003.914993,513.010051,743.348547,768000,768000,1.000000000,1,2025-12-07 11:39:00.000000,2025-12-07 11:39:59.999922,1,BAYxx_xxxx_20251207_113348_000.7z
2025-12-07 11:40:00,2335.696378,2.335696378,1031.204986,534.307890,770.183501,768000,768000,1.000000000,1,2025-12-07 11:40:00.000000,2025-12-07 11:40:59.999922,1,BAYxx_xxxx_20251207_113348_000.7z
2025-12-07 11:41:00,2354.820435,2.354820435,1032.755263,544.787648,777.277524,768000,768000,1.000000000,1,2025-12-07 11:41:00.000000,2025-12-07 11:41:59.999922,1,BAYxx_xxxx_20251207_113348_000.7z
2025-12-07 11:42:00,2404.713905,2.404713905,1040.064826,566.839019,797.810060,768000,768000,1.000000000,1,2025-12-07 11:42:00.000000,2025-12-07 11:42:59.999922,1,BAYxx_xxxx_20251207_113348_000.7z
2025-12-07 11:43:00,2398.995844,2.398995844,1042.318557,561.857202,794.820085,678446,768000,0.883393229,0,2025-12-07 11:43:00.000000,2025-12-07 11:43:59.999922,2,BAYxx_xxxx_20251207_113348_000.7z;BAYxx_xxxx_20251207_114355_000.7z
2025-12-07 11:44:00,2446.485995,2.446485995,1076.681592,568.108961,801.695442,768000,768000,1.000000000,1,2025-12-07 11:44:00.000000,2025-12-07 11:44:59.999922,1,BAYxx_xxxx_20251207_114355_000.7z
2025-12-07 11:45:00,2450.370537,2.450370537,1069.154234,576.864886,804.351417,768000,768000,1.000000000,1,2025-12-07 11:45:00.000000,2025-12-07 11:45:59.999922,1,BAYxx_xxxx_20251207_114355_000.7z
2025-12-07 11:46:00,3290.468347,3.290468347,1350.958947,845.654879,1093.854520,768000,768000,1.000000000,1,2025-12-07 11:46:00.000000,2025-12-07 11:46:59.999922,1,BAYxx_xxxx_20251207_114355_000.7z
2025-12-07 11:47:00,10471.537222,10.471537222,3613.855210,3278.501697,3579.180315,768000,768000,1.000000000,1,2025-12-07 11:47:00.000000,2025-12-07 11:47:59.999922,1,BAYxx_xxxx_20251207_114355_000.7z
2025-12-07 11:48:00,26922.667284,26.922667284,8722.679407,8868.545040,9331.442837,768000,768000,1.000000000,1,2025-12-07 11:48:00.000000,2025-12-07 11:48:59.999922,1,BAYxx_xxxx_20251207_114355_000.7z
2025-12-07 11:49:00,7587.892272,7.587892272,2705.973576,2297.082022,2584.836674,768000,768000,1.000000000,1,2025-12-07 11:49:00.000000,2025-12-07 11:49:59.999922,1,BAYxx_xxxx_20251207_114355_000.7z
2025-12-07 11:50:00,2343.721646,2.343721646,1041.687954,535.265567,766.768125,768000,768000,1.000000000,1,2025-12-07 11:50:00.000000,2025-12-07 11:50:59.999922,1,BAYxx_xxxx_20251207_114355_000.7z
2025-12-07 11:51:00,2278.345405,2.278345405,1013.583531,507.927790,756.834084,768000,768000,1.000000000,1,2025-12-07 11:51:00.000000,2025-12-07 11:51:59.999922,1,BAYxx_xxxx_20251207_114355_000.7z
2025-12-07 11:52:00,2636.566947,2.636566947,1122.279414,629.643878,884.643656,768000,768000,1.000000000,1,2025-12-07 11:52:00.000000,2025-12-07 11:52:59.999922,1,BAYxx_xxxx_20251207_114355_000.7z
2025-12-07 11:53:00,3696.476293,3.696476293,1463.415836,1002.862876,1230.197580,704066,768000,0.916752604,0,2025-12-07 11:53:00.000000,2025-12-07 11:53:55.005078,1,BAYxx_xxxx_20251207_114355_000.7z
2025-12-07 11:54:00,26597.353797,26.597353797,8713.927475,8712.512423,9170.913899,768000,768000,1.000000000,1,2025-12-07 11:54:00.000000,2025-12-07 11:54:59.999922,1,BAYxx_xxxx_20251207_115400_000.7z
2025-12-07 11:55:00,24626.643148,24.626643148,8101.675810,8017.214664,8507.752674,768000,768000,1.000000000,1,2025-12-07 11:55:00.000000,2025-12-07 11:55:59.999922,1,BAYxx_xxxx_20251207_115400_000.7z
2025-12-07 11:56:00,2095.202607,2.095202607,960.331707,449.099282,685.771618,768000,768000,1.000000000,1,2025-12-07 11:56:00.000000,2025-12-07 11:56:59.999922,1,BAYxx_xxxx_20251207_115400_000.7z
2025-12-07 11:57:00,2055.122029,2.055122029,935.543849,440.152382,679.425799,768000,768000,1.000000000,1,2025-12-07 11:57:00.000000,2025-12-07 11:57:59.999922,1,BAYxx_xxxx_20251207_115400_000.7z
2025-12-07 11:58:00,1986.210258,1.986210258,904.078346,419.376975,662.754937,768000,768000,1.000000000,1,2025-12-07 11:58:00.000000,2025-12-07 11:58:59.999922,1,BAYxx_xxxx_20251207_115400_000.7z
2025-12-07 11:59:00,2037.992759,2.037992759,923.522038,436.044564,678.426157,768000,768000,1.000000000,1,2025-12-07 11:59:00.000000,2025-12-07 11:59:59.999922,1,BAYxx_xxxx_20251207_115400_000.7z
2025-12-07 12:00:00,2022.653108,2.022653108,934.326463,425.112776,663.213869,768000,768000,1.000000000,1,2025-12-07 12:00:00.000000,2025-12-07 12:00:59.999922,1,BAYxx_xxxx_20251207_115400_000.7z
2025-12-07 12:01:00,2058.523619,2.058523619,944.119140,435.782619,678.621860,768000,768000,1.000000000,1,2025-12-07 12:01:00.000000,2025-12-07 12:01:59.999922,1,BAYxx_xxxx_20251207_115400_000.7z
2025-12-07 12:02:00,2056.638904,2.056638904,934.591509,441.717815,680.329579,768000,768000,1.000000000,1,2025-12-07 12:02:00.000000,2025-12-07 12:02:59.999922,1,BAYxx_xxxx_20251207_115400_000.7z
2025-12-07 12:03:00,2012.972053,2.012972053,926.546127,441.792613,644.633312,768000,768000,1.000000000,1,2025-12-07 12:03:00.000000,2025-12-07 12:03:59.999922,1,BAYxx_xxxx_20251207_115400_000.7z
2025-12-07 12:04:00,2002.226855,2.002226855,965.764908,446.086961,590.374985,652903,768000,0.850134115,0,2025-12-07 12:04:00.000000,2025-12-07 12:04:59.999922,2,BAYxx_xxxx_20251207_115400_000.7z;BAYxx_xxxx_20251207_120409_000.7z
2025-12-07 12:05:00,2008.050350,2.008050350,969.633576,445.154265,593.262509,768000,768000,1.000000000,1,2025-12-07 12:05:00.000000,2025-12-07 12:05:59.999922,1,BAYxx_xxxx_20251207_120409_000.7z
2025-12-07 12:06:00,2044.980814,2.044980814,980.113139,458.337047,606.530629,768000,768000,1.000000000,1,2025-12-07 12:06:00.000000,2025-12-07 12:06:59.999922,1,BAYxx_xxxx_20251207_120409_000.7z
2025-12-07 12:07:00,3599.025765,3.599025765,1479.330541,979.073672,1140.621552,768000,768000,1.000000000,1,2025-12-07 12:07:00.000000,2025-12-07 12:07:59.999922,1,BAYxx_xxxx_20251207_120409_000.7z
2025-12-07 12:08:00,21107.055879,21.107055879,7051.059442,6830.808192,7225.188245,768000,768000,1.000000000,1,2025-12-07 12:08:00.000000,2025-12-07 12:08:59.999922,1,BAYxx_xxxx_20251207_120409_000.7z
2025-12-07 12:09:00,24918.117979,24.918117979,8245.232355,8130.825864,8542.059760,768000,768000,1.000000000,1,2025-12-07 12:09:00.000000,2025-12-07 12:09:59.999922,1,BAYxx_xxxx_20251207_120409_000.7z
2025-12-07 12:10:00,2226.040234,2.226040234,1015.181492,528.356165,682.502577,768000,768000,1.000000000,1,2025-12-07 12:10:00.000000,2025-12-07 12:10:59.999922,1,BAYxx_xxxx_20251207_120409_000.7z
2025-12-07 12:11:00,2139.110596,2.139110596,999.104011,497.468097,642.538488,768000,768000,1.000000000,1,2025-12-07 12:11:00.000000,2025-12-07 12:11:59.999922,1,BAYxx_xxxx_20251207_120409_000.7z
2025-12-07 12:12:00,2217.613379,2.217613379,1026.867511,530.944546,659.801322,768000,768000,1.000000000,1,2025-12-07 12:12:00.000000,2025-12-07 12:12:59.999922,1,BAYxx_xxxx_20251207_120409_000.7z
2025-12-07 12:13:00,2230.434745,2.230434745,1019.933956,531.829086,678.671704,768000,768000,1.000000000,1,2025-12-07 12:13:00.000000,2025-12-07 12:13:59.999922,1,BAYxx_xxxx_20251207_120409_000.7z
2025-12-07 12:14:00,2230.221032,2.230221032,1016.252248,537.988572,675.980213,716804,768000,0.933338542,0,2025-12-07 12:14:00.000000,2025-12-07 12:14:59.999922,2,BAYxx_xxxx_20251207_120409_000.7z;BAYxx_xxxx_20251207_121413_000.7z
2025-12-07 12:15:00,2254.799251,2.254799251,1035.786905,547.264866,671.747479,768000,768000,1.000000000,1,2025-12-07 12:15:00.000000,2025-12-07 12:15:59.999922,1,BAYxx_xxxx_20251207_121413_000.7z
2025-12-07 12:16:00,2280.194011,2.280194011,1067.121481,547.086122,665.986408,768000,768000,1.000000000,1,2025-12-07 12:16:00.000000,2025-12-07 12:16:59.999922,1,BAYxx_xxxx_20251207_121413_000.7z
2025-12-07 12:17:00,2307.791362,2.307791362,1060.254831,561.776235,685.760296,768000,768000,1.000000000,1,2025-12-07 12:17:00.000000,2025-12-07 12:17:59.999922,1,BAYxx_xxxx_20251207_121413_000.7z
2025-12-07 12:18:00,2355.666443,2.355666443,1059.566201,565.018055,731.082188,768000,768000,1.000000000,1,2025-12-07 12:18:00.000000,2025-12-07 12:18:59.999922,1,BAYxx_xxxx_20251207_121413_000.7z
2025-12-07 12:19:00,2483.893642,2.483893642,1074.473218,589.822174,819.598250,768000,768000,1.000000000,1,2025-12-07 12:19:00.000000,2025-12-07 12:19:59.999922,1,BAYxx_xxxx_20251207_121413_000.7z
2025-12-07 12:20:00,2424.119541,2.424119541,1059.900003,567.285329,796.934209,768000,768000,1.000000000,1,2025-12-07 12:20:00.000000,2025-12-07 12:20:59.999922,1,BAYxx_xxxx_20251207_121413_000.7z
2025-12-07 12:21:00,3933.090083,3.933090083,1547.176832,1079.172166,1306.741084,768000,768000,1.000000000,1,2025-12-07 12:21:00.000000,2025-12-07 12:21:59.999922,1,BAYxx_xxxx_20251207_121413_000.7z
2025-12-07 12:22:00,21289.380414,21.289380414,7029.104738,6919.799853,7340.475823,768000,768000,1.000000000,1,2025-12-07 12:22:00.000000,2025-12-07 12:22:59.999922,1,BAYxx_xxxx_20251207_121413_000.7z
2025-12-07 12:23:00,27569.536691,27.569536691,9043.241063,8981.449575,9544.846053,768000,768000,1.000000000,1,2025-12-07 12:23:00.000000,2025-12-07 12:23:59.999922,1,BAYxx_xxxx_20251207_121413_000.7z
2025-12-07 12:24:00,4318.126531,4.318126531,1663.658057,1203.795012,1450.673462,704033,768000,0.916709635,0,2025-12-07 12:24:00.000000,2025-12-07 12:24:59.999922,2,BAYxx_xxxx_20251207_121413_000.7z;BAYxx_xxxx_20251207_122418_000.7z
2025-12-07 12:25:00,2204.381546,2.204381546,996.591140,484.759345,723.031061,768000,768000,1.000000000,1,2025-12-07 12:25:00.000000,2025-12-07 12:25:59.999922,1,BAYxx_xxxx_20251207_122418_000.7z
2025-12-07 12:26:00,2227.353650,2.227353650,1002.775759,491.781214,732.796678,768000,768000,1.000000000,1,2025-12-07 12:26:00.000000,2025-12-07 12:26:59.999922,1,BAYxx_xxxx_20251207_122418_000.7z
2025-12-07 12:27:00,2340.874735,2.340874735,1031.650087,538.532982,770.691667,768000,768000,1.000000000,1,2025-12-07 12:27:00.000000,2025-12-07 12:27:59.999922,1,BAYxx_xxxx_20251207_122418_000.7z
2025-12-07 12:28:00,2395.882579,2.395882579,1046.467531,565.610202,783.804845,768000,768000,1.000000000,1,2025-12-07 12:28:00.000000,2025-12-07 12:28:59.999922,1,BAYxx_xxxx_20251207_122418_000.7z
2025-12-07 12:29:00,2465.785514,2.465785514,1060.947952,587.210629,817.626933,768000,768000,1.000000000,1,2025-12-07 12:29:00.000000,2025-12-07 12:29:59.999922,1,BAYxx_xxxx_20251207_122418_000.7z
2025-12-07 12:30:00,2476.989869,2.476989869,1072.206758,585.891578,818.891533,768000,768000,1.000000000,1,2025-12-07 12:30:00.000000,2025-12-07 12:30:59.999922,1,BAYxx_xxxx_20251207_122418_000.7z
2025-12-07 12:31:00,2496.055927,2.496055927,1082.671331,591.279720,822.104876,768000,768000,1.000000000,1,2025-12-07 12:31:00.000000,2025-12-07 12:31:59.999922,1,BAYxx_xxxx_20251207_122418_000.7z
2025-12-07 12:32:00,2107.740108,2.107740108,952.695136,466.014994,689.029978,768000,768000,1.000000000,1,2025-12-07 12:32:00.000000,2025-12-07 12:32:59.999922,1,BAYxx_xxxx_20251207_122418_000.7z
2025-12-07 12:33:00,1946.194524,1.946194524,905.094595,404.689513,636.410415,768000,768000,1.000000000,1,2025-12-07 12:33:00.000000,2025-12-07 12:33:59.999922,1,BAYxx_xxxx_20251207_122418_000.7z
2025-12-07 12:34:00,1982.035612,1.982035612,921.517948,413.677228,646.840436,691223,768000,0.900029948,0,2025-12-07 12:34:00.000000,2025-12-07 12:34:59.999922,2,BAYxx_xxxx_20251207_122418_000.7z;BAYxx_xxxx_20251207_123424_000.7z
2025-12-07 12:35:00,2006.999694,2.006999694,936.256691,422.794266,647.948738,768000,768000,1.000000000,1,2025-12-07 12:35:00.000000,2025-12-07 12:35:59.999922,1,BAYxx_xxxx_20251207_123424_000.7z
2025-12-07 12:36:00,2065.196426,2.065196426,940.546981,453.811794,670.837651,768000,768000,1.000000000,1,2025-12-07 12:36:00.000000,2025-12-07 12:36:59.999922,1,BAYxx_xxxx_20251207_123424_000.7z
2025-12-07 12:37:00,2104.246014,2.104246014,967.635949,461.885880,674.724184,768000,768000,1.000000000,1,2025-12-07 12:37:00.000000,2025-12-07 12:37:59.999922,1,BAYxx_xxxx_20251207_123424_000.7z
2025-12-07 12:38:00,2767.534870,2.767534870,1177.068667,685.472303,904.993900,768000,768000,1.000000000,1,2025-12-07 12:38:00.000000,2025-12-07 12:38:59.999922,1,BAYxx_xxxx_20251207_123424_000.7z
2025-12-07 12:39:00,7599.719564,7.599719564,2707.396301,2310.700450,2581.622813,768000,768000,1.000000000,1,2025-12-07 12:39:00.000000,2025-12-07 12:39:59.999922,1,BAYxx_xxxx_20251207_123424_000.7z
2025-12-07 12:40:00,26960.015143,26.960015143,8802.824962,8841.278522,9315.911659,768000,768000,1.000000000,1,2025-12-07 12:40:00.000000,2025-12-07 12:40:59.999922,1,BAYxx_xxxx_20251207_123424_000.7z
2025-12-07 12:41:00,28076.811389,28.076811389,9185.134469,9229.627407,9662.049512,768000,768000,1.000000000,1,2025-12-07 12:41:00.000000,2025-12-07 12:41:59.999922,1,BAYxx_xxxx_20251207_123424_000.7z
2025-12-07 12:42:00,3592.040954,3.592040954,1432.469740,966.693165,1192.878049,768000,768000,1.000000000,1,2025-12-07 12:42:00.000000,2025-12-07 12:42:59.999922,1,BAYxx_xxxx_20251207_123424_000.7z
2025-12-07 12:43:00,2201.850957,2.201850957,1000.095089,488.419156,713.336712,768000,768000,1.000000000,1,2025-12-07 12:43:00.000000,2025-12-07 12:43:59.999922,1,BAYxx_xxxx_20251207_123424_000.7z
2025-12-07 12:44:00,2225.340145,2.225340145,1011.749619,491.062381,722.528144,678425,768000,0.883365885,0,2025-12-07 12:44:00.000000,2025-12-07 12:44:59.999922,2,BAYxx_xxxx_20251207_123424_000.7z;BAYxx_xxxx_20251207_124431_000.7z
2025-12-07 12:45:00,2235.528559,2.235528559,993.413566,502.149091,739.965902,768000,768000,1.000000000,1,2025-12-07 12:45:00.000000,2025-12-07 12:45:59.999922,1,BAYxx_xxxx_20251207_124431_000.7z
2025-12-07 12:46:00,2274.827989,2.274827989,1009.054193,510.300087,755.473709,768000,768000,1.000000000,1,2025-12-07 12:46:00.000000,2025-12-07 12:46:59.999922,1,BAYxx_xxxx_20251207_124431_000.7z
2025-12-07 12:47:00,2290.174222,2.290174222,1005.515753,524.191345,760.467124,768000,768000,1.000000000,1,2025-12-07 12:47:00.000000,2025-12-07 12:47:59.999922,1,BAYxx_xxxx_20251207_124431_000.7z
2025-12-07 12:48:00,2265.655919,2.265655919,1007.555116,513.469178,744.631625,768000,768000,1.000000000,1,2025-12-07 12:48:00.000000,2025-12-07 12:48:59.999922,1,BAYxx_xxxx_20251207_124431_000.7z
2025-12-07 12:49:00,2187.162033,2.187162033,1013.358076,508.827814,664.976143,768000,768000,1.000000000,1,2025-12-07 12:49:00.000000,2025-12-07 12:49:59.999922,1,BAYxx_xxxx_20251207_124431_000.7z
2025-12-07 12:50:00,2190.667564,2.190667564,1018.631701,515.631844,656.404019,768000,768000,1.000000000,1,2025-12-07 12:50:00.000000,2025-12-07 12:50:59.999922,1,BAYxx_xxxx_20251207_124431_000.7z
2025-12-07 12:51:00,2196.245196,2.196245196,1023.345008,512.085163,660.815024,768000,768000,1.000000000,1,2025-12-07 12:51:00.000000,2025-12-07 12:51:59.999922,1,BAYxx_xxxx_20251207_124431_000.7z
2025-12-07 12:52:00,2214.330363,2.214330363,1033.244542,520.948465,660.137355,768000,768000,1.000000000,1,2025-12-07 12:52:00.000000,2025-12-07 12:52:59.999922,1,BAYxx_xxxx_20251207_124431_000.7z
2025-12-07 12:53:00,2226.454726,2.226454726,1032.360684,529.142571,664.951472,768000,768000,1.000000000,1,2025-12-07 12:53:00.000000,2025-12-07 12:53:59.999922,1,BAYxx_xxxx_20251207_124431_000.7z
2025-12-07 12:54:00,2233.673063,2.233673063,1024.812718,532.847763,676.012582,665638,768000,0.866716146,0,2025-12-07 12:54:00.000000,2025-12-07 12:54:59.999922,2,BAYxx_xxxx_20251207_124431_000.7z;BAYxx_xxxx_20251207_125439_000.7z
2025-12-07 12:55:00,2302.765692,2.302765692,1060.371029,550.682387,691.712275,768000,768000,1.000000000,1,2025-12-07 12:55:00.000000,2025-12-07 12:55:59.999922,1,BAYxx_xxxx_20251207_125439_000.7z
2025-12-07 12:56:00,2357.499181,2.357499181,1083.689270,579.231558,694.578353,768000,768000,1.000000000,1,2025-12-07 12:56:00.000000,2025-12-07 12:56:59.999922,1,BAYxx_xxxx_20251207_125439_000.7z
2025-12-07 12:57:00,2376.523924,2.376523924,1092.168729,582.607425,701.747770,768000,768000,1.000000000,1,2025-12-07 12:57:00.000000,2025-12-07 12:57:59.999922,1,BAYxx_xxxx_20251207_125439_000.7z
2025-12-07 12:58:00,2406.509878,2.406509878,1107.739933,591.076547,707.693399,768000,768000,1.000000000,1,2025-12-07 12:58:00.000000,2025-12-07 12:58:59.999922,1,BAYxx_xxxx_20251207_125439_000.7z
2025-12-07 12:59:00,3840.859130,3.840859130,1574.229112,1071.195310,1195.434709,768000,768000,1.000000000,1,2025-12-07 12:59:00.000000,2025-12-07 12:59:59.999922,1,BAYxx_xxxx_20251207_125439_000.7z
2025-12-07 13:00:00,19361.825458,19.361825458,6528.389268,6269.452844,6563.983346,768000,768000,1.000000000,1,2025-12-07 13:00:00.000000,2025-12-07 13:00:59.999922,1,BAYxx_xxxx_20251207_125439_000.7z
2025-12-07 13:01:00,24190.260504,24.190260504,8049.014806,7913.104532,8228.141166,768000,768000,1.000000000,1,2025-12-07 13:01:00.000000,2025-12-07 13:01:59.999922,1,BAYxx_xxxx_20251207_125439_000.7z
2025-12-07 13:02:00,2197.706711,2.197706711,1033.736865,513.869860,650.099986,768000,768000,1.000000000,1,2025-12-07 13:02:00.000000,2025-12-07 13:02:59.999922,1,BAYxx_xxxx_20251207_125439_000.7z
2025-12-07 13:03:00,1907.483937,1.907483937,924.249659,427.452068,555.782211,768000,768000,1.000000000,1,2025-12-07 13:03:00.000000,2025-12-07 13:03:59.999922,1,BAYxx_xxxx_20251207_125439_000.7z
2025-12-07 13:04:00,1968.939156,1.968939156,905.454121,419.900166,643.584869,601721,768000,0.783490885,0,2025-12-07 13:04:00.000000,2025-12-07 13:04:59.999922,2,BAYxx_xxxx_20251207_125439_000.7z;BAYxx_xxxx_20251207_130452_000.7z
2025-12-07 13:05:00,1981.292681,1.981292681,910.838816,431.481974,638.971891,768000,768000,1.000000000,1,2025-12-07 13:05:00.000000,2025-12-07 13:05:59.999922,1,BAYxx_xxxx_20251207_130452_000.7z
2025-12-07 13:06:00,2028.421927,2.028421927,920.571262,445.590794,662.259871,768000,768000,1.000000000,1,2025-12-07 13:06:00.000000,2025-12-07 13:06:59.999922,1,BAYxx_xxxx_20251207_130452_000.7z
2025-12-07 13:07:00,2035.286609,2.035286609,928.907483,449.075830,657.303296,768000,768000,1.000000000,1,2025-12-07 13:07:00.000000,2025-12-07 13:07:59.999922,1,BAYxx_xxxx_20251207_130452_000.7z
2025-12-07 13:08:00,2049.250928,2.049250928,941.453542,445.650031,662.147355,768000,768000,1.000000000,1,2025-12-07 13:08:00.000000,2025-12-07 13:08:59.999922,1,BAYxx_xxxx_20251207_130452_000.7z
2025-12-07 13:09:00,2045.036379,2.045036379,934.358818,453.728549,656.949011,768000,768000,1.000000000,1,2025-12-07 13:09:00.000000,2025-12-07 13:09:59.999922,1,BAYxx_xxxx_20251207_130452_000.7z
2025-12-07 13:10:00,2096.029124,2.096029124,948.332927,479.651807,668.044389,768000,768000,1.000000000,1,2025-12-07 13:10:00.000000,2025-12-07 13:10:59.999922,1,BAYxx_xxxx_20251207_130452_000.7z
2025-12-07 13:11:00,2063.919895,2.063919895,940.760946,462.950667,660.208283,768000,768000,1.000000000,1,2025-12-07 13:11:00.000000,2025-12-07 13:11:59.999922,1,BAYxx_xxxx_20251207_130452_000.7z
2025-12-07 13:12:00,2070.315076,2.070315076,940.010468,460.983929,669.320678,768000,768000,1.000000000,1,2025-12-07 13:12:00.000000,2025-12-07 13:12:59.999922,1,BAYxx_xxxx_20251207_130452_000.7z
2025-12-07 13:13:00,2347.037788,2.347037788,1029.960243,552.954142,764.123403,768000,768000,1.000000000,1,2025-12-07 13:13:00.000000,2025-12-07 13:13:59.999922,1,BAYxx_xxxx_20251207_130452_000.7z
2025-12-07 13:14:00,3682.983236,3.682983236,1477.742750,992.899072,1212.341414,665650,768000,0.866731771,0,2025-12-07 13:14:00.000000,2025-12-07 13:14:52.003828,1,BAYxx_xxxx_20251207_130452_000.7z
2025-12-07 13:15:00,21803.263728,21.803263728,7240.733590,7033.971871,7528.558268,716800,768000,0.933333333,0,2025-12-07 13:15:04.000000,2025-12-07 13:15:59.999922,1,BAYxx_xxxx_20251207_131504_000.7z
2025-12-07 13:16:00,27546.104053,27.546104053,9054.294037,8985.753549,9506.056468,768000,768000,1.000000000,1,2025-12-07 13:16:00.000000,2025-12-07 13:16:59.999922,1,BAYxx_xxxx_20251207_131504_000.7z
2025-12-07 13:17:00,4725.589665,4.725589665,1797.413455,1335.813893,1592.362317,768000,768000,1.000000000,1,2025-12-07 13:17:00.000000,2025-12-07 13:17:59.999922,1,BAYxx_xxxx_20251207_131504_000.7z
2025-12-07 13:18:00,2237.252557,2.237252557,998.940711,514.245614,724.066232,768000,768000,1.000000000,1,2025-12-07 13:18:00.000000,2025-12-07 13:18:59.999922,1,BAYxx_xxxx_20251207_131504_000.7z
2025-12-07 13:19:00,2272.723510,2.272723510,1013.401596,526.529483,732.792431,768000,768000,1.000000000,1,2025-12-07 13:19:00.000000,2025-12-07 13:19:59.999922,1,BAYxx_xxxx_20251207_131504_000.7z
2025-12-07 13:20:00,2269.311899,2.269311899,1024.703966,523.145776,721.462157,768000,768000,1.000000000,1,2025-12-07 13:20:00.000000,2025-12-07 13:20:59.999922,1,BAYxx_xxxx_20251207_131504_000.7z
2025-12-07 13:21:00,2313.924671,2.313924671,1038.403590,534.199262,741.321819,768000,768000,1.000000000,1,2025-12-07 13:21:00.000000,2025-12-07 13:21:59.999922,1,BAYxx_xxxx_20251207_131504_000.7z
2025-12-07 13:22:00,2305.485314,2.305485314,1035.252894,525.155200,745.077221,768000,768000,1.000000000,1,2025-12-07 13:22:00.000000,2025-12-07 13:22:59.999922,1,BAYxx_xxxx_20251207_131504_000.7z
2025-12-07 13:23:00,2339.982190,2.339982190,1039.746923,548.333149,751.902118,768000,768000,1.000000000,1,2025-12-07 13:23:00.000000,2025-12-07 13:23:59.999922,1,BAYxx_xxxx_20251207_131504_000.7z
2025-12-07 13:24:00,2344.180688,2.344180688,1046.863944,549.836744,747.480000,768000,768000,1.000000000,1,2025-12-07 13:24:00.000000,2025-12-07 13:24:59.999922,1,BAYxx_xxxx_20251207_131504_000.7z
2025-12-07 13:25:00,2343.314590,2.343314590,1043.345104,551.207907,748.761579,640124,768000,0.833494792,0,2025-12-07 13:25:00.000000,2025-12-07 13:25:59.999922,2,BAYxx_xxxx_20251207_131504_000.7z;BAYxx_xxxx_20251207_132514_000.7z
2025-12-07 13:26:00,2310.784175,2.310784175,1018.874726,542.921307,748.988142,768000,768000,1.000000000,1,2025-12-07 13:26:00.000000,2025-12-07 13:26:59.999922,1,BAYxx_xxxx_20251207_132514_000.7z
2025-12-07 13:27:00,2298.441337,2.298441337,1018.644300,521.293317,758.503720,768000,768000,1.000000000,1,2025-12-07 13:27:00.000000,2025-12-07 13:27:59.999922,1,BAYxx_xxxx_20251207_132514_000.7z
2025-12-07 13:28:00,2216.087127,2.216087127,985.235141,513.448929,717.403057,768000,768000,1.000000000,1,2025-12-07 13:28:00.000000,2025-12-07 13:28:59.999922,1,BAYxx_xxxx_20251207_132514_000.7z
2025-12-07 13:29:00,2405.008249,2.405008249,1041.904572,574.853996,788.249681,768000,768000,1.000000000,1,2025-12-07 13:29:00.000000,2025-12-07 13:29:59.999922,1,BAYxx_xxxx_20251207_132514_000.7z
2025-12-07 13:30:00,3737.299521,3.737299521,1476.172606,1026.550713,1234.576202,768000,768000,1.000000000,1,2025-12-07 13:30:00.000000,2025-12-07 13:30:59.999922,1,BAYxx_xxxx_20251207_132514_000.7z
2025-12-07 13:31:00,26249.603280,26.249603280,8519.862875,8626.489691,9103.250713,768000,768000,1.000000000,1,2025-12-07 13:31:00.000000,2025-12-07 13:31:59.999922,1,BAYxx_xxxx_20251207_132514_000.7z
2025-12-07 13:32:00,26321.942087,26.321942087,8605.141053,8602.800863,9114.000171,768000,768000,1.000000000,1,2025-12-07 13:32:00.000000,2025-12-07 13:32:59.999922,1,BAYxx_xxxx_20251207_132514_000.7z
2025-12-07 13:33:00,2250.129727,2.250129727,1000.648681,520.140466,729.340579,768000,768000,1.000000000,1,2025-12-07 13:33:00.000000,2025-12-07 13:33:59.999922,1,BAYxx_xxxx_20251207_132514_000.7z
2025-12-07 13:34:00,2049.455802,2.049455802,947.291415,481.575899,620.588488,768000,768000,1.000000000,1,2025-12-07 13:34:00.000000,2025-12-07 13:34:59.999922,1,BAYxx_xxxx_20251207_132514_000.7z
2025-12-07 13:35:00,2027.136791,2.027136791,942.166593,490.449809,594.520390,601676,768000,0.783432292,0,2025-12-07 13:35:00.000000,2025-12-07 13:35:59.999922,2,BAYxx_xxxx_20251207_132514_000.7z;BAYxx_xxxx_20251207_133527_000.7z
2025-12-07 13:36:00,2016.668503,2.016668503,940.961242,484.329010,591.378251,768000,768000,1.000000000,1,2025-12-07 13:36:00.000000,2025-12-07 13:36:59.999922,1,BAYxx_xxxx_20251207_133527_000.7z
2025-12-07 13:37:00,2020.668131,2.020668131,942.110681,479.937033,598.620417,768000,768000,1.000000000,1,2025-12-07 13:37:00.000000,2025-12-07 13:37:59.999922,1,BAYxx_xxxx_20251207_133527_000.7z
2025-12-07 13:38:00,2029.757978,2.029757978,952.657034,479.004338,598.096607,768000,768000,1.000000000,1,2025-12-07 13:38:00.000000,2025-12-07 13:38:59.999922,1,BAYxx_xxxx_20251207_133527_000.7z
2025-12-07 13:39:00,2073.248193,2.073248193,975.331462,483.783859,614.132871,768000,768000,1.000000000,1,2025-12-07 13:39:00.000000,2025-12-07 13:39:59.999922,1,BAYxx_xxxx_20251207_133527_000.7z
2025-12-07 13:40:00,2084.047707,2.084047707,981.138595,494.733588,608.175524,768000,768000,1.000000000,1,2025-12-07 13:40:00.000000,2025-12-07 13:40:59.999922,1,BAYxx_xxxx_20251207_133527_000.7z
2025-12-07 13:41:00,2139.278775,2.139278775,991.573736,522.429373,625.275666,768000,768000,1.000000000,1,2025-12-07 13:41:00.000000,2025-12-07 13:41:59.999922,1,BAYxx_xxxx_20251207_133527_000.7z
2025-12-07 13:42:00,2207.486789,2.207486789,1014.204481,547.180675,646.101633,768000,768000,1.000000000,1,2025-12-07 13:42:00.000000,2025-12-07 13:42:59.999922,1,BAYxx_xxxx_20251207_133527_000.7z
2025-12-07 13:43:00,2212.287595,2.212287595,1019.848581,538.413669,654.025344,768000,768000,1.000000000,1,2025-12-07 13:43:00.000000,2025-12-07 13:43:59.999922,1,BAYxx_xxxx_20251207_133527_000.7z
2025-12-07 13:44:00,2162.487589,2.162487589,1010.891807,521.787909,629.807873,768000,768000,1.000000000,1,2025-12-07 13:44:00.000000,2025-12-07 13:44:59.999922,1,BAYxx_xxxx_20251207_133527_000.7z
2025-12-07 13:45:00,3681.088881,3.681088881,1507.493582,1032.100137,1141.495163,652930,768000,0.850169271,0,2025-12-07 13:45:00.000000,2025-12-07 13:45:59.999922,2,BAYxx_xxxx_20251207_133527_000.7z;BAYxx_xxxx_20251207_134536_000.7z
2025-12-07 13:46:00,18159.856707,18.159856707,6080.689113,5899.550588,6179.617006,768000,768000,1.000000000,1,2025-12-07 13:46:00.000000,2025-12-07 13:46:59.999922,1,BAYxx_xxxx_20251207_134536_000.7z
2025-12-07 13:47:00,7925.787238,7.925787238,2836.040202,2475.916991,2613.830045,768000,768000,1.000000000,1,2025-12-07 13:47:00.000000,2025-12-07 13:47:59.999922,1,BAYxx_xxxx_20251207_134536_000.7z
2025-12-07 13:48:00,2200.255559,2.200255559,1008.744025,534.743668,656.767867,768000,768000,1.000000000,1,2025-12-07 13:48:00.000000,2025-12-07 13:48:59.999922,1,BAYxx_xxxx_20251207_134536_000.7z
2025-12-07 13:49:00,2273.283833,2.273283833,1028.127171,537.690280,707.466381,768000,768000,1.000000000,1,2025-12-07 13:49:00.000000,2025-12-07 13:49:59.999922,1,BAYxx_xxxx_20251207_134536_000.7z
2025-12-07 13:50:00,2874.170178,2.874170178,1204.093295,740.793711,929.283172,768000,768000,1.000000000,1,2025-12-07 13:50:00.000000,2025-12-07 13:50:59.999922,1,BAYxx_xxxx_20251207_134536_000.7z
2025-12-07 13:51:00,6537.636727,6.537636727,2375.570640,1970.964134,2191.101952,768000,768000,1.000000000,1,2025-12-07 13:51:00.000000,2025-12-07 13:51:59.999922,1,BAYxx_xxxx_20251207_134536_000.7z
2025-12-07 13:52:00,27421.884120,27.421884120,9047.124032,8952.806597,9421.953491,768000,768000,1.000000000,1,2025-12-07 13:52:00.000000,2025-12-07 13:52:59.999922,1,BAYxx_xxxx_20251207_134536_000.7z
2025-12-07 13:53:00,12853.000457,12.853000457,4362.937497,4084.386592,4405.676368,768000,768000,1.000000000,1,2025-12-07 13:53:00.000000,2025-12-07 13:53:59.999922,1,BAYxx_xxxx_20251207_134536_000.7z
2025-12-07 13:54:00,2248.935697,2.248935697,1017.106975,513.104434,718.724287,768000,768000,1.000000000,1,2025-12-07 13:54:00.000000,2025-12-07 13:54:59.999922,1,BAYxx_xxxx_20251207_134536_000.7z
2025-12-07 13:55:00,2283.644465,2.283644465,1020.876444,533.344123,729.423898,614505,768000,0.800136719,0,2025-12-07 13:55:00.000000,2025-12-07 13:55:59.999922,2,BAYxx_xxxx_20251207_134536_000.7z;BAYxx_xxxx_20251207_135548_000.7z
2025-12-07 13:56:00,2288.580010,2.288580010,1014.944563,535.251886,738.383561,768000,768000,1.000000000,1,2025-12-07 13:56:00.000000,2025-12-07 13:56:59.999922,1,BAYxx_xxxx_20251207_135548_000.7z
2025-12-07 13:57:00,2261.913264,2.261913264,1003.783537,529.675703,728.454024,768000,768000,1.000000000,1,2025-12-07 13:57:00.000000,2025-12-07 13:57:59.999922,1,BAYxx_xxxx_20251207_135548_000.7z
2025-12-07 13:58:00,2226.128328,2.226128328,997.166683,509.368682,719.592963,768000,768000,1.000000000,1,2025-12-07 13:58:00.000000,2025-12-07 13:58:59.999922,1,BAYxx_xxxx_20251207_135548_000.7z
2025-12-07 13:59:00,2204.963437,2.204963437,1006.698397,502.689727,695.575313,768000,768000,1.000000000,1,2025-12-07 13:59:00.000000,2025-12-07 13:59:59.999922,1,BAYxx_xxxx_20251207_135548_000.7z
2025-12-07 14:00:00,2095.190227,2.095190227,980.225483,462.276211,652.688533,768000,768000,1.000000000,1,2025-12-07 14:00:00.000000,2025-12-07 14:00:59.999922,1,BAYxx_xxxx_20251207_135548_000.7z
2025-12-07 14:01:00,2110.140041,2.110140041,975.650280,469.001927,665.487834,768000,768000,1.000000000,1,2025-12-07 14:01:00.000000,2025-12-07 14:01:59.999922,1,BAYxx_xxxx_20251207_135548_000.7z
2025-12-07 14:02:00,2077.994855,2.077994855,960.972967,465.522869,651.499019,768000,768000,1.000000000,1,2025-12-07 14:02:00.000000,2025-12-07 14:02:59.999922,1,BAYxx_xxxx_20251207_135548_000.7z
2025-12-07 14:03:00,2068.144146,2.068144146,956.904408,464.910574,646.329165,768000,768000,1.000000000,1,2025-12-07 14:03:00.000000,2025-12-07 14:03:59.999922,1,BAYxx_xxxx_20251207_135548_000.7z
2025-12-07 14:04:00,2614.398866,2.614398866,1129.937662,652.209502,832.251702,768000,768000,1.000000000,1,2025-12-07 14:04:00.000000,2025-12-07 14:04:59.999922,1,BAYxx_xxxx_20251207_135548_000.7z
2025-12-07 14:05:00,4063.407136,4.063407136,1588.728949,1139.357514,1335.320673,652878,768000,0.850101563,0,2025-12-07 14:05:00.000000,2025-12-07 14:05:59.999922,2,BAYxx_xxxx_20251207_135548_000.7z;BAYxx_xxxx_20251207_140557_000.7z
2025-12-07 14:06:00,26501.990523,26.501990523,8736.146859,8655.551223,9110.292441,768000,768000,1.000000000,1,2025-12-07 14:06:00.000000,2025-12-07 14:06:59.999922,1,BAYxx_xxxx_20251207_140557_000.7z
2025-12-07 14:07:00,7171.913182,7.171913182,2566.098018,2173.424503,2432.390661,768000,768000,1.000000000,1,2025-12-07 14:07:00.000000,2025-12-07 14:07:59.999922,1,BAYxx_xxxx_20251207_140557_000.7z
2025-12-07 14:08:00,1977.531707,1.977531707,919.358863,430.114677,628.058166,768000,768000,1.000000000,1,2025-12-07 14:08:00.000000,2025-12-07 14:08:59.999922,1,BAYxx_xxxx_20251207_140557_000.7z
2025-12-07 14:09:00,1985.190327,1.985190327,906.896889,430.913380,647.380057,768000,768000,1.000000000,1,2025-12-07 14:09:00.000000,2025-12-07 14:09:59.999922,1,BAYxx_xxxx_20251207_140557_000.7z
2025-12-07 14:10:00,2581.736887,2.581736887,1107.306424,627.546265,846.884198,768000,768000,1.000000000,1,2025-12-07 14:10:00.000000,2025-12-07 14:10:59.999922,1,BAYxx_xxxx_20251207_140557_000.7z
2025-12-07 14:11:00,6791.700134,6.791700134,2448.308046,2059.479506,2283.912582,768000,768000,1.000000000,1,2025-12-07 14:11:00.000000,2025-12-07 14:11:59.999922,1,BAYxx_xxxx_20251207_140557_000.7z
2025-12-07 14:12:00,28249.834776,28.249834776,9256.652547,9294.856121,9698.326108,768000,768000,1.000000000,1,2025-12-07 14:12:00.000000,2025-12-07 14:12:59.999922,1,BAYxx_xxxx_20251207_140557_000.7z
2025-12-07 14:13:00,6676.197593,6.676197593,2403.516126,2006.953850,2265.727617,768000,768000,1.000000000,1,2025-12-07 14:13:00.000000,2025-12-07 14:13:59.999922,1,BAYxx_xxxx_20251207_140557_000.7z
2025-12-07 14:14:00,2398.770042,2.398770042,1048.075072,566.003711,784.691260,768000,768000,1.000000000,1,2025-12-07 14:14:00.000000,2025-12-07 14:14:59.999922,1,BAYxx_xxxx_20251207_140557_000.7z
2025-12-07 14:15:00,2143.837330,2.143837330,978.311395,476.280920,689.245015,729650,768000,0.950065104,0,2025-12-07 14:15:00.000000,2025-12-07 14:15:57.003828,1,BAYxx_xxxx_20251207_140557_000.7z
2025-12-07 14:16:00,2127.591927,2.127591927,965.908478,484.419255,677.264193,627200,768000,0.816666667,0,2025-12-07 14:16:11.000000,2025-12-07 14:16:59.999922,1,BAYxx_xxxx_20251207_141611_000.7z
2025-12-07 14:17:00,2145.411238,2.145411238,966.711726,490.242182,688.457330,768000,768000,1.000000000,1,2025-12-07 14:17:00.000000,2025-12-07 14:17:59.999922,1,BAYxx_xxxx_20251207_141611_000.7z
2025-12-07 14:18:00,2133.796394,2.133796394,954.366478,481.448094,697.981822,768000,768000,1.000000000,1,2025-12-07 14:18:00.000000,2025-12-07 14:18:59.999922,1,BAYxx_xxxx_20251207_141611_000.7z
2025-12-07 14:19:00,2131.686001,2.131686001,953.734837,486.438620,691.512544,768000,768000,1.000000000,1,2025-12-07 14:19:00.000000,2025-12-07 14:19:59.999922,1,BAYxx_xxxx_20251207_141611_000.7z
2025-12-07 14:20:00,2089.829564,2.089829564,989.837166,496.214022,603.778376,768000,768000,1.000000000,1,2025-12-07 14:20:00.000000,2025-12-07 14:20:59.999922,1,BAYxx_xxxx_20251207_141611_000.7z
2025-12-07 14:21:00,2075.063758,2.075063758,979.266612,489.929106,605.868039,768000,768000,1.000000000,1,2025-12-07 14:21:00.000000,2025-12-07 14:21:59.999922,1,BAYxx_xxxx_20251207_141611_000.7z
2025-12-07 14:22:00,2081.763445,2.081763445,983.350082,487.694161,610.719202,768000,768000,1.000000000,1,2025-12-07 14:22:00.000000,2025-12-07 14:22:59.999922,1,BAYxx_xxxx_20251207_141611_000.7z
2025-12-07 14:23:00,2097.755991,2.097755991,992.575168,494.911134,610.269689,768000,768000,1.000000000,1,2025-12-07 14:23:00.000000,2025-12-07 14:23:59.999922,1,BAYxx_xxxx_20251207_141611_000.7z
2025-12-07 14:24:00,2100.806605,2.100806605,1000.202105,485.861561,614.742939,768000,768000,1.000000000,1,2025-12-07 14:24:00.000000,2025-12-07 14:24:59.999922,1,BAYxx_xxxx_20251207_141611_000.7z
2025-12-07 14:25:00,3158.755622,3.158755622,1362.863745,845.936104,949.955773,768000,768000,1.000000000,1,2025-12-07 14:25:00.000000,2025-12-07 14:25:59.999922,1,BAYxx_xxxx_20251207_141611_000.7z
2025-12-07 14:26:00,13367.468983,13.367468983,4594.873236,4267.377237,4505.218510,691214,768000,0.900018229,0,2025-12-07 14:26:00.000000,2025-12-07 14:26:59.999922,2,BAYxx_xxxx_20251207_141611_000.7z;BAYxx_xxxx_20251207_142617_000.7z
2025-12-07 14:27:00,25298.330197,25.298330197,8396.187713,8231.038443,8671.104042,768000,768000,1.000000000,1,2025-12-07 14:27:00.000000,2025-12-07 14:27:59.999922,1,BAYxx_xxxx_20251207_142617_000.7z
2025-12-07 14:28:00,2076.639893,2.076639893,975.097378,491.617409,609.925106,768000,768000,1.000000000,1,2025-12-07 14:28:00.000000,2025-12-07 14:28:59.999922,1,BAYxx_xxxx_20251207_142617_000.7z
2025-12-07 14:29:00,2043.947289,2.043947289,967.413896,475.403588,601.129805,768000,768000,1.000000000,1,2025-12-07 14:29:00.000000,2025-12-07 14:29:59.999922,1,BAYxx_xxxx_20251207_142617_000.7z
2025-12-07 14:30:00,2041.255798,2.041255798,967.122637,480.609819,593.523342,768000,768000,1.000000000,1,2025-12-07 14:30:00.000000,2025-12-07 14:30:59.999922,1,BAYxx_xxxx_20251207_142617_000.7z
2025-12-07 14:31:00,3100.840488,3.100840488,1312.515276,825.222721,963.102491,768000,768000,1.000000000,1,2025-12-07 14:31:00.000000,2025-12-07 14:31:59.999922,1,BAYxx_xxxx_20251207_142617_000.7z
2025-12-07 14:32:00,14244.765704,14.244765704,4820.921179,4572.185399,4851.659127,768000,768000,1.000000000,1,2025-12-07 14:32:00.000000,2025-12-07 14:32:59.999922,1,BAYxx_xxxx_20251207_142617_000.7z
2025-12-07 14:33:00,27823.707034,27.823707034,9143.347366,9080.492280,9599.867388,768000,768000,1.000000000,1,2025-12-07 14:33:00.000000,2025-12-07 14:33:59.999922,1,BAYxx_xxxx_20251207_142617_000.7z
2025-12-07 14:34:00,10325.862552,10.325862552,3608.848374,3226.071847,3490.942332,768000,768000,1.000000000,1,2025-12-07 14:34:00.000000,2025-12-07 14:34:59.999922,1,BAYxx_xxxx_20251207_142617_000.7z
2025-12-07 14:35:00,2379.818927,2.379818927,1071.473400,540.694217,767.651311,768000,768000,1.000000000,1,2025-12-07 14:35:00.000000,2025-12-07 14:35:59.999922,1,BAYxx_xxxx_20251207_142617_000.7z
2025-12-07 14:36:00,2417.818974,2.417818974,1075.875558,557.425927,784.517489,627249,768000,0.816730469,0,2025-12-07 14:36:00.000000,2025-12-07 14:36:59.999922,2,BAYxx_xxxx_20251207_142617_000.7z;BAYxx_xxxx_20251207_143628_000.7z
2025-12-07 14:37:00,2392.163798,2.392163798,1060.490812,556.122691,775.550295,768000,768000,1.000000000,1,2025-12-07 14:37:00.000000,2025-12-07 14:37:59.999922,1,BAYxx_xxxx_20251207_143628_000.7z
2025-12-07 14:38:00,2453.202887,2.453202887,1073.673581,580.670409,798.858896,768000,768000,1.000000000,1,2025-12-07 14:38:00.000000,2025-12-07 14:38:59.999922,1,BAYxx_xxxx_20251207_143628_000.7z
2025-12-07 14:39:00,2451.976268,2.451976268,1082.509383,574.609774,794.857112,768000,768000,1.000000000,1,2025-12-07 14:39:00.000000,2025-12-07 14:39:59.999922,1,BAYxx_xxxx_20251207_143628_000.7z
2025-12-07 14:40:00,2521.107590,2.521107590,1097.903761,596.289916,826.913913,768000,768000,1.000000000,1,2025-12-07 14:40:00.000000,2025-12-07 14:40:59.999922,1,BAYxx_xxxx_20251207_143628_000.7z
2025-12-07 14:41:00,2520.146130,2.520146130,1102.530984,602.116590,815.498556,768000,768000,1.000000000,1,2025-12-07 14:41:00.000000,2025-12-07 14:41:59.999922,1,BAYxx_xxxx_20251207_143628_000.7z
2025-12-07 14:42:00,2547.096907,2.547096907,1110.919109,597.670469,838.507328,768000,768000,1.000000000,1,2025-12-07 14:42:00.000000,2025-12-07 14:42:59.999922,1,BAYxx_xxxx_20251207_143628_000.7z
2025-12-07 14:43:00,2538.433571,2.538433571,1110.832664,602.309955,825.290952,768000,768000,1.000000000,1,2025-12-07 14:43:00.000000,2025-12-07 14:43:59.999922,1,BAYxx_xxxx_20251207_143628_000.7z
2025-12-07 14:44:00,2526.908932,2.526908932,1109.964794,596.241514,820.702625,768000,768000,1.000000000,1,2025-12-07 14:44:00.000000,2025-12-07 14:44:59.999922,1,BAYxx_xxxx_20251207_143628_000.7z
2025-12-07 14:45:00,2509.670336,2.509670336,1108.718339,594.572015,806.379981,768000,768000,1.000000000,1,2025-12-07 14:45:00.000000,2025-12-07 14:45:59.999922,1,BAYxx_xxxx_20251207_143628_000.7z
2025-12-07 14:46:00,3515.312589,3.515312589,1437.244536,930.693710,1147.374343,665605,768000,0.866673177,0,2025-12-07 14:46:00.000000,2025-12-07 14:46:59.999922,2,BAYxx_xxxx_20251207_143628_000.7z;BAYxx_xxxx_20251207_144636_000.7z
2025-12-07 14:47:00,11122.598699,11.122598699,3805.965151,3481.789304,3834.844244,768000,768000,1.000000000,1,2025-12-07 14:47:00.000000,2025-12-07 14:47:59.999922,1,BAYxx_xxxx_20251207_144636_000.7z
2025-12-07 14:48:00,24735.788382,24.735788382,8128.439093,8021.272446,8586.076843,768000,768000,1.000000000,1,2025-12-07 14:48:00.000000,2025-12-07 14:48:59.999922,1,BAYxx_xxxx_20251207_144636_000.7z
2025-12-07 14:49:00,2494.162852,2.494162852,1094.847576,584.551513,814.763763,768000,768000,1.000000000,1,2025-12-07 14:49:00.000000,2025-12-07 14:49:59.999922,1,BAYxx_xxxx_20251207_144636_000.7z
2025-12-07 14:50:00,2500.674532,2.500674532,1102.668607,586.622854,811.383070,768000,768000,1.000000000,1,2025-12-07 14:50:00.000000,2025-12-07 14:50:59.999922,1,BAYxx_xxxx_20251207_144636_000.7z
2025-12-07 14:51:00,2516.610576,2.516610576,1095.379619,595.541594,825.689363,768000,768000,1.000000000,1,2025-12-07 14:51:00.000000,2025-12-07 14:51:59.999922,1,BAYxx_xxxx_20251207_144636_000.7z
2025-12-07 14:52:00,3506.877931,3.506877931,1422.017899,927.152917,1157.707115,768000,768000,1.000000000,1,2025-12-07 14:52:00.000000,2025-12-07 14:52:59.999922,1,BAYxx_xxxx_20251207_144636_000.7z
2025-12-07 14:53:00,13688.077442,13.688077442,4667.748398,4315.460136,4704.868908,768000,768000,1.000000000,1,2025-12-07 14:53:00.000000,2025-12-07 14:53:59.999922,1,BAYxx_xxxx_20251207_144636_000.7z
2025-12-07 14:54:00,28298.208439,28.298208439,9304.440245,9245.671255,9748.096939,768000,768000,1.000000000,1,2025-12-07 14:54:00.000000,2025-12-07 14:54:59.999922,1,BAYxx_xxxx_20251207_144636_000.7z
2025-12-07 14:55:00,6078.834628,6.078834628,2264.662850,1771.325502,2042.846275,768000,768000,1.000000000,1,2025-12-07 14:55:00.000000,2025-12-07 14:55:59.999922,1,BAYxx_xxxx_20251207_144636_000.7z
2025-12-07 14:56:00,2557.532861,2.557532861,1140.843411,603.504053,813.185397,652840,768000,0.850052083,0,2025-12-07 14:56:00.000000,2025-12-07 14:56:59.999922,2,BAYxx_xxxx_20251207_144636_000.7z;BAYxx_xxxx_20251207_145645_000.7z
2025-12-07 14:57:00,2563.449240,2.563449240,1131.447134,609.715577,822.286530,768000,768000,1.000000000,1,2025-12-07 14:57:00.000000,2025-12-07 14:57:59.999922,1,BAYxx_xxxx_20251207_145645_000.7z
2025-12-07 14:58:00,2608.051800,2.608051800,1137.225579,624.462798,846.363423,768000,768000,1.000000000,1,2025-12-07 14:58:00.000000,2025-12-07 14:58:59.999922,1,BAYxx_xxxx_20251207_145645_000.7z
2025-12-07 14:59:00,2638.338773,2.638338773,1154.121746,636.718610,847.498416,768000,768000,1.000000000,1,2025-12-07 14:59:00.000000,2025-12-07 14:59:59.999922,1,BAYxx_xxxx_20251207_145645_000.7z
2025-12-07 15:00:00,2643.866876,2.643866876,1165.715984,630.044190,848.106702,768000,768000,1.000000000,1,2025-12-07 15:00:00.000000,2025-12-07 15:00:59.999922,1,BAYxx_xxxx_20251207_145645_000.7z
2025-12-07 15:01:00,2650.267579,2.650267579,1163.432329,632.885671,853.949580,768000,768000,1.000000000,1,2025-12-07 15:01:00.000000,2025-12-07 15:01:59.999922,1,BAYxx_xxxx_20251207_145645_000.7z
2025-12-07 15:02:00,2649.456698,2.649456698,1139.018203,625.746197,884.692298,768000,768000,1.000000000,1,2025-12-07 15:02:00.000000,2025-12-07 15:02:59.999922,1,BAYxx_xxxx_20251207_145645_000.7z
2025-12-07 15:03:00,2617.937532,2.617937532,1129.088260,624.175460,864.673812,768000,768000,1.000000000,1,2025-12-07 15:03:00.000000,2025-12-07 15:03:59.999922,1,BAYxx_xxxx_20251207_145645_000.7z
2025-12-07 15:04:00,2585.740607,2.585740607,1140.577509,609.694826,835.468272,768000,768000,1.000000000,1,2025-12-07 15:04:00.000000,2025-12-07 15:04:59.999922,1,BAYxx_xxxx_20251207_145645_000.7z
2025-12-07 15:05:00,2504.975340,2.504975340,1129.247949,613.273276,762.454115,768000,768000,1.000000000,1,2025-12-07 15:05:00.000000,2025-12-07 15:05:59.999922,1,BAYxx_xxxx_20251207_145645_000.7z
2025-12-07 15:06:00,2480.996592,2.480996592,1118.932936,607.634308,754.429349,640066,768000,0.833419271,0,2025-12-07 15:06:00.000000,2025-12-07 15:06:59.999922,2,BAYxx_xxxx_20251207_145645_000.7z;BAYxx_xxxx_20251207_150655_000.7z
2025-12-07 15:07:00,3646.491184,3.646491184,1499.577203,1004.131120,1142.782862,768000,768000,1.000000000,1,2025-12-07 15:07:00.000000,2025-12-07 15:07:59.999922,1,BAYxx_xxxx_20251207_150655_000.7z
2025-12-07 15:08:00,15671.664743,15.671664743,5308.489933,5051.261490,5311.913319,768000,768000,1.000000000,1,2025-12-07 15:08:00.000000,2025-12-07 15:08:59.999922,1,BAYxx_xxxx_20251207_150655_000.7z
2025-12-07 15:09:00,27054.691605,27.054691605,8876.999620,8933.098364,9244.593621,768000,768000,1.000000000,1,2025-12-07 15:09:00.000000,2025-12-07 15:09:59.999922,1,BAYxx_xxxx_20251207_150655_000.7z
2025-12-07 15:10:00,2706.566417,2.706566417,1197.972025,696.543984,812.050408,768000,768000,1.000000000,1,2025-12-07 15:10:00.000000,2025-12-07 15:10:59.999922,1,BAYxx_xxxx_20251207_150655_000.7z
2025-12-07 15:11:00,2552.794142,2.552794142,1134.264028,649.127875,769.402239,768000,768000,1.000000000,1,2025-12-07 15:11:00.000000,2025-12-07 15:11:59.999922,1,BAYxx_xxxx_20251207_150655_000.7z
2025-12-07 15:12:00,2582.955397,2.582955397,1150.958572,652.350551,779.646274,768000,768000,1.000000000,1,2025-12-07 15:12:00.000000,2025-12-07 15:12:59.999922,1,BAYxx_xxxx_20251207_150655_000.7z
2025-12-07 15:13:00,2582.105123,2.582105123,1148.115597,649.796962,784.192564,768000,768000,1.000000000,1,2025-12-07 15:13:00.000000,2025-12-07 15:13:59.999922,1,BAYxx_xxxx_20251207_150655_000.7z
2025-12-07 15:14:00,2557.595936,2.557595936,1137.137805,648.259234,772.198897,768000,768000,1.000000000,1,2025-12-07 15:14:00.000000,2025-12-07 15:14:59.999922,1,BAYxx_xxxx_20251207_150655_000.7z
2025-12-07 15:15:00,2605.783873,2.605783873,1177.688648,651.297307,776.797917,768000,768000,1.000000000,1,2025-12-07 15:15:00.000000,2025-12-07 15:15:59.999922,1,BAYxx_xxxx_20251207_150655_000.7z
2025-12-07 15:16:00,2592.530196,2.592530196,1159.503904,650.672207,782.354085,704049,768000,0.916730469,0,2025-12-07 15:16:00.000000,2025-12-07 15:16:55.003750,1,BAYxx_xxxx_20251207_150655_000.7z
2025-12-07 15:17:00,2582.538513,2.582538513,1152.148791,644.110536,786.279185,755200,768000,0.983333333,0,2025-12-07 15:17:01.000000,2025-12-07 15:17:59.999922,1,BAYxx_xxxx_20251207_151701_000.7z
2025-12-07 15:18:00,2582.141606,2.582141606,1150.572149,647.259966,784.309491,768000,768000,1.000000000,1,2025-12-07 15:18:00.000000,2025-12-07 15:18:59.999922,1,BAYxx_xxxx_20251207_151701_000.7z
2025-12-07 15:19:00,2567.484004,2.567484004,1159.822774,640.358279,767.302951,768000,768000,1.000000000,1,2025-12-07 15:19:00.000000,2025-12-07 15:19:59.999922,1,BAYxx_xxxx_20251207_151701_000.7z
2025-12-07 15:20:00,2641.042374,2.641042374,1168.411672,642.823600,829.807102,768000,768000,1.000000000,1,2025-12-07 15:20:00.000000,2025-12-07 15:20:59.999922,1,BAYxx_xxxx_20251207_151701_000.7z
2025-12-07 15:21:00,4124.837638,4.124837638,1635.878594,1124.429104,1364.529941,768000,768000,1.000000000,1,2025-12-07 15:21:00.000000,2025-12-07 15:21:59.999922,1,BAYxx_xxxx_20251207_151701_000.7z
2025-12-07 15:22:00,20840.792349,20.840792349,6961.083316,6691.222170,7188.486863,768000,768000,1.000000000,1,2025-12-07 15:22:00.000000,2025-12-07 15:22:59.999922,1,BAYxx_xxxx_20251207_151701_000.7z
2025-12-07 15:23:00,27907.562635,27.907562635,9159.814925,9133.201823,9614.545886,768000,768000,1.000000000,1,2025-12-07 15:23:00.000000,2025-12-07 15:23:59.999922,1,BAYxx_xxxx_20251207_151701_000.7z
2025-12-07 15:24:00,3853.068940,3.853068940,1548.303770,1034.358436,1270.406735,768000,768000,1.000000000,1,2025-12-07 15:24:00.000000,2025-12-07 15:24:59.999922,1,BAYxx_xxxx_20251207_151701_000.7z
2025-12-07 15:25:00,2694.118747,2.694118747,1163.106497,653.149601,877.862649,768000,768000,1.000000000,1,2025-12-07 15:25:00.000000,2025-12-07 15:25:59.999922,1,BAYxx_xxxx_20251207_151701_000.7z
2025-12-07 15:26:00,2721.417935,2.721417935,1169.424884,663.277163,888.715888,768000,768000,1.000000000,1,2025-12-07 15:26:00.000000,2025-12-07 15:26:59.999922,1,BAYxx_xxxx_20251207_151701_000.7z
2025-12-07 15:27:00,3188.927137,3.188927137,1333.340853,815.314653,1040.271631,627234,768000,0.816710938,0,2025-12-07 15:27:00.000000,2025-12-07 15:27:59.999922,2,BAYxx_xxxx_20251207_151701_000.7z;BAYxx_xxxx_20251207_152712_000.7z
2025-12-07 15:28:00,4644.667108,4.644667108,1806.430962,1292.375123,1545.861023,768000,768000,1.000000000,1,2025-12-07 15:28:00.000000,2025-12-07 15:28:59.999922,1,BAYxx_xxxx_20251207_152712_000.7z
2025-12-07 15:29:00,28278.566852,28.278566852,9280.116997,9159.916882,9838.532973,768000,768000,1.000000000,1,2025-12-07 15:29:00.000000,2025-12-07 15:29:59.999922,1,BAYxx_xxxx_20251207_152712_000.7z
2025-12-07 15:30:00,24650.320339,24.650320339,8135.552662,8016.300534,8498.467142,768000,768000,1.000000000,1,2025-12-07 15:30:00.000000,2025-12-07 15:30:59.999922,1,BAYxx_xxxx_20251207_152712_000.7z
2025-12-07 15:31:00,2688.056030,2.688056030,1154.845830,652.562334,880.647866,768000,768000,1.000000000,1,2025-12-07 15:31:00.000000,2025-12-07 15:31:59.999922,1,BAYxx_xxxx_20251207_152712_000.7z
2025-12-07 15:32:00,2671.239149,2.671239149,1152.239329,643.022702,875.977118,768000,768000,1.000000000,1,2025-12-07 15:32:00.000000,2025-12-07 15:32:59.999922,1,BAYxx_xxxx_20251207_152712_000.7z
2025-12-07 15:33:00,2691.816977,2.691816977,1159.307420,646.674614,885.834943,768000,768000,1.000000000,1,2025-12-07 15:33:00.000000,2025-12-07 15:33:59.999922,1,BAYxx_xxxx_20251207_152712_000.7z
2025-12-07 15:34:00,2674.982902,2.674982902,1156.878880,640.899265,877.204757,768000,768000,1.000000000,1,2025-12-07 15:34:00.000000,2025-12-07 15:34:59.999922,1,BAYxx_xxxx_20251207_152712_000.7z
2025-12-07 15:35:00,2653.832506,2.653832506,1154.486225,633.970171,865.376109,768000,768000,1.000000000,1,2025-12-07 15:35:00.000000,2025-12-07 15:35:59.999922,1,BAYxx_xxxx_20251207_152712_000.7z
2025-12-07 15:36:00,2712.710813,2.712710813,1164.458248,657.107975,891.144590,768000,768000,1.000000000,1,2025-12-07 15:36:00.000000,2025-12-07 15:36:59.999922,1,BAYxx_xxxx_20251207_152712_000.7z
2025-12-07 15:37:00,2675.676756,2.675676756,1145.528319,650.948018,879.200418,652934,768000,0.850174479,0,2025-12-07 15:37:00.000000,2025-12-07 15:37:59.999922,2,BAYxx_xxxx_20251207_152712_000.7z;BAYxx_xxxx_20251207_153721_000.7z
2025-12-07 15:38:00,2684.214230,2.684214230,1139.974344,661.119365,883.120522,768000,768000,1.000000000,1,2025-12-07 15:38:00.000000,2025-12-07 15:38:59.999922,1,BAYxx_xxxx_20251207_153721_000.7z
2025-12-07 15:39:00,2694.103564,2.694103564,1146.988272,660.795155,886.320137,768000,768000,1.000000000,1,2025-12-07 15:39:00.000000,2025-12-07 15:39:59.999922,1,BAYxx_xxxx_20251207_153721_000.7z
2025-12-07 15:40:00,2707.452624,2.707452624,1162.158756,656.907055,888.386813,768000,768000,1.000000000,1,2025-12-07 15:40:00.000000,2025-12-07 15:40:59.999922,1,BAYxx_xxxx_20251207_153721_000.7z
2025-12-07 15:41:00,2729.600534,2.729600534,1162.694943,664.211075,902.694517,768000,768000,1.000000000,1,2025-12-07 15:41:00.000000,2025-12-07 15:41:59.999922,1,BAYxx_xxxx_20251207_153721_000.7z
2025-12-07 15:42:00,2724.696605,2.724696605,1181.419843,660.916446,882.360316,768000,768000,1.000000000,1,2025-12-07 15:42:00.000000,2025-12-07 15:42:59.999922,1,BAYxx_xxxx_20251207_153721_000.7z
2025-12-07 15:43:00,3047.733923,3.047733923,1284.139848,769.374015,994.220060,768000,768000,1.000000000,1,2025-12-07 15:43:00.000000,2025-12-07 15:43:59.999922,1,BAYxx_xxxx_20251207_153721_000.7z
2025-12-07 15:44:00,4354.760327,4.354760327,1710.526825,1211.908531,1432.324970,768000,768000,1.000000000,1,2025-12-07 15:44:00.000000,2025-12-07 15:44:59.999922,1,BAYxx_xxxx_20251207_153721_000.7z
2025-12-07 15:45:00,27061.264244,27.061264244,8795.899420,8863.480442,9401.884381,768000,768000,1.000000000,1,2025-12-07 15:45:00.000000,2025-12-07 15:45:59.999922,1,BAYxx_xxxx_20251207_153721_000.7z
2025-12-07 15:46:00,7854.342921,7.854342921,2776.358541,2399.809776,2678.174604,768000,768000,1.000000000,1,2025-12-07 15:46:00.000000,2025-12-07 15:46:59.999922,1,BAYxx_xxxx_20251207_153721_000.7z
2025-12-07 15:47:00,2736.311030,2.736311030,1162.114302,672.431425,901.765303,652906,768000,0.850138021,0,2025-12-07 15:47:00.000000,2025-12-07 15:47:59.999922,2,BAYxx_xxxx_20251207_153721_000.7z;BAYxx_xxxx_20251207_154730_000.7z
2025-12-07 15:48:00,2738.594575,2.738594575,1156.441765,673.983909,908.168901,768000,768000,1.000000000,1,2025-12-07 15:48:00.000000,2025-12-07 15:48:59.999922,1,BAYxx_xxxx_20251207_154730_000.7z
2025-12-07 15:49:00,3007.679459,3.007679459,1258.166421,754.121387,995.391650,768000,768000,1.000000000,1,2025-12-07 15:49:00.000000,2025-12-07 15:49:59.999922,1,BAYxx_xxxx_20251207_154730_000.7z
2025-12-07 15:50:00,4288.122354,4.288122354,1679.080234,1207.573138,1401.468982,768000,768000,1.000000000,1,2025-12-07 15:50:00.000000,2025-12-07 15:50:59.999922,1,BAYxx_xxxx_20251207_154730_000.7z
2025-12-07 15:51:00,27533.715107,27.533715107,8943.558941,9100.186766,9489.969400,768000,768000,1.000000000,1,2025-12-07 15:51:00.000000,2025-12-07 15:51:59.999922,1,BAYxx_xxxx_20251207_154730_000.7z
2025-12-07 15:52:00,6506.982936,6.506982936,2366.690876,1994.149095,2146.142966,768000,768000,1.000000000,1,2025-12-07 15:52:00.000000,2025-12-07 15:52:59.999922,1,BAYxx_xxxx_20251207_154730_000.7z
2025-12-07 15:53:00,2692.990036,2.692990036,1186.778147,677.706775,828.505114,768000,768000,1.000000000,1,2025-12-07 15:53:00.000000,2025-12-07 15:53:59.999922,1,BAYxx_xxxx_20251207_154730_000.7z
2025-12-07 15:54:00,2671.578635,2.671578635,1189.212179,675.482857,806.883599,768000,768000,1.000000000,1,2025-12-07 15:54:00.000000,2025-12-07 15:54:59.999922,1,BAYxx_xxxx_20251207_154730_000.7z
2025-12-07 15:55:00,2686.886820,2.686886820,1184.714665,682.081179,820.090976,768000,768000,1.000000000,1,2025-12-07 15:55:00.000000,2025-12-07 15:55:59.999922,1,BAYxx_xxxx_20251207_154730_000.7z
2025-12-07 15:56:00,2717.879959,2.717879959,1192.696604,697.507009,827.676346,768000,768000,1.000000000,1,2025-12-07 15:56:00.000000,2025-12-07 15:56:59.999922,1,BAYxx_xxxx_20251207_154730_000.7z
2025-12-07 15:57:00,2707.529303,2.707529303,1183.093864,697.492271,826.943168,627222,768000,0.816695313,0,2025-12-07 15:57:00.000000,2025-12-07 15:57:59.999922,2,BAYxx_xxxx_20251207_154730_000.7z;BAYxx_xxxx_20251207_155741_000.7z
2025-12-07 15:58:00,2746.788634,2.746788634,1206.408687,700.611944,839.768003,768000,768000,1.000000000,1,2025-12-07 15:58:00.000000,2025-12-07 15:58:59.999922,1,BAYxx_xxxx_20251207_155741_000.7z
2025-12-07 15:59:00,2724.169967,2.724169967,1200.453882,697.647743,826.068342,768000,768000,1.000000000,1,2025-12-07 15:59:00.000000,2025-12-07 15:59:59.999922,1,BAYxx_xxxx_20251207_155741_000.7z
2025-12-07 16:00:00,2733.791835,2.733791835,1205.098156,696.026764,832.666916,768000,768000,1.000000000,1,2025-12-07 16:00:00.000000,2025-12-07 16:00:59.999922,1,BAYxx_xxxx_20251207_155741_000.7z
2025-12-07 16:01:00,2762.252513,2.762252513,1206.156905,701.913272,854.182335,768000,768000,1.000000000,1,2025-12-07 16:01:00.000000,2025-12-07 16:01:59.999922,1,BAYxx_xxxx_20251207_155741_000.7z
2025-12-07 16:02:00,3539.060797,3.539060797,1447.271931,972.318785,1119.470081,768000,768000,1.000000000,1,2025-12-07 16:02:00.000000,2025-12-07 16:02:59.999922,1,BAYxx_xxxx_20251207_155741_000.7z
2025-12-07 16:03:00,10884.754596,10.884754596,3755.824491,3445.617610,3683.312495,768000,768000,1.000000000,1,2025-12-07 16:03:00.000000,2025-12-07 16:03:59.999922,1,BAYxx_xxxx_20251207_155741_000.7z
2025-12-07 16:04:00,27101.691192,27.101691192,8834.077483,8880.723256,9386.890453,768000,768000,1.000000000,1,2025-12-07 16:04:00.000000,2025-12-07 16:04:59.999922,1,BAYxx_xxxx_20251207_155741_000.7z
2025-12-07 16:05:00,3024.868584,3.024868584,1286.421903,783.066653,955.380028,768000,768000,1.000000000,1,2025-12-07 16:05:00.000000,2025-12-07 16:05:59.999922,1,BAYxx_xxxx_20251207_155741_000.7z
2025-12-07 16:06:00,2858.436737,2.858436737,1204.120839,717.095918,937.219980,768000,768000,1.000000000,1,2025-12-07 16:06:00.000000,2025-12-07 16:06:59.999922,1,BAYxx_xxxx_20251207_155741_000.7z
2025-12-07 16:07:00,2814.161586,2.814161586,1166.092336,716.524031,931.545219,652921,768000,0.850157552,0,2025-12-07 16:07:00.000000,2025-12-07 16:07:59.999922,2,BAYxx_xxxx_20251207_155741_000.7z;BAYxx_xxxx_20251207_160750_000.7z
2025-12-07 16:08:00,3410.197528,3.410197528,1389.329118,900.388676,1120.479734,768000,768000,1.000000000,1,2025-12-07 16:08:00.000000,2025-12-07 16:08:59.999922,1,BAYxx_xxxx_20251207_160750_000.7z
2025-12-07 16:09:00,7900.072964,7.900072964,2825.526812,2375.799773,2698.746379,768000,768000,1.000000000,1,2025-12-07 16:09:00.000000,2025-12-07 16:09:59.999922,1,BAYxx_xxxx_20251207_160750_000.7z
2025-12-07 16:10:00,28719.736203,28.719736203,9505.428909,9266.822350,9947.484945,768000,768000,1.000000000,1,2025-12-07 16:10:00.000000,2025-12-07 16:10:59.999922,1,BAYxx_xxxx_20251207_160750_000.7z
2025-12-07 16:11:00,8120.858444,8.120858444,2890.270021,2460.161384,2770.427040,768000,768000,1.000000000,1,2025-12-07 16:11:00.000000,2025-12-07 16:11:59.999922,1,BAYxx_xxxx_20251207_160750_000.7z
2025-12-07 16:12:00,2857.693007,2.857693007,1206.672710,708.754172,942.266125,768000,768000,1.000000000,1,2025-12-07 16:12:00.000000,2025-12-07 16:12:59.999922,1,BAYxx_xxxx_20251207_160750_000.7z
2025-12-07 16:13:00,2862.250461,2.862250461,1213.764227,702.545643,945.940590,768000,768000,1.000000000,1,2025-12-07 16:13:00.000000,2025-12-07 16:13:59.999922,1,BAYxx_xxxx_20251207_160750_000.7z
2025-12-07 16:14:00,2859.312336,2.859312336,1208.718191,714.350621,936.243525,768000,768000,1.000000000,1,2025-12-07 16:14:00.000000,2025-12-07 16:14:59.999922,1,BAYxx_xxxx_20251207_160750_000.7z
2025-12-07 16:15:00,2923.412621,2.923412621,1227.149771,738.894292,957.368558,768000,768000,1.000000000,1,2025-12-07 16:15:00.000000,2025-12-07 16:15:59.999922,1,BAYxx_xxxx_20251207_160750_000.7z
2025-12-07 16:16:00,2919.262395,2.919262395,1212.625918,743.790194,962.846283,768000,768000,1.000000000,1,2025-12-07 16:16:00.000000,2025-12-07 16:16:59.999922,1,BAYxx_xxxx_20251207_160750_000.7z
2025-12-07 16:17:00,2877.665560,2.877665560,1208.001152,724.893271,944.771137,640053,768000,0.833402344,0,2025-12-07 16:17:00.000000,2025-12-07 16:17:50.004062,1,BAYxx_xxxx_20251207_160750_000.7z
2025-12-07 16:18:00,2860.595455,2.860595455,1201.453996,719.187177,939.954281,755200,768000,0.983333333,0,2025-12-07 16:18:01.000000,2025-12-07 16:18:59.999922,1,BAYxx_xxxx_20251207_161801_000.7z
2025-12-07 16:19:00,2900.018757,2.900018757,1192.435159,742.976803,964.606795,768000,768000,1.000000000,1,2025-12-07 16:19:00.000000,2025-12-07 16:19:59.999922,1,BAYxx_xxxx_20251207_161801_000.7z
2025-12-07 16:20:00,2890.303128,2.890303128,1198.320343,721.708935,970.273850,768000,768000,1.000000000,1,2025-12-07 16:20:00.000000,2025-12-07 16:20:59.999922,1,BAYxx_xxxx_20251207_161801_000.7z
2025-12-07 16:21:00,2943.416779,2.943416779,1211.572585,750.682167,981.162027,768000,768000,1.000000000,1,2025-12-07 16:21:00.000000,2025-12-07 16:21:59.999922,1,BAYxx_xxxx_20251207_161801_000.7z
2025-12-07 16:22:00,3926.263363,3.926263363,1566.949760,1061.448152,1297.865451,768000,768000,1.000000000,1,2025-12-07 16:22:00.000000,2025-12-07 16:22:59.999922,1,BAYxx_xxxx_20251207_161801_000.7z
2025-12-07 16:23:00,13022.507696,13.022507696,4436.591314,4088.156141,4497.760242,768000,768000,1.000000000,1,2025-12-07 16:23:00.000000,2025-12-07 16:23:59.999922,1,BAYxx_xxxx_20251207_161801_000.7z
2025-12-07 16:24:00,26378.128910,26.378128910,8658.556304,8596.017198,9123.555409,768000,768000,1.000000000,1,2025-12-07 16:24:00.000000,2025-12-07 16:24:59.999922,1,BAYxx_xxxx_20251207_161801_000.7z
2025-12-07 16:25:00,3145.481504,3.145481504,1312.432605,799.177749,1033.871150,768000,768000,1.000000000,1,2025-12-07 16:25:00.000000,2025-12-07 16:25:59.999922,1,BAYxx_xxxx_20251207_161801_000.7z
2025-12-07 16:26:00,2996.794413,2.996794413,1261.478375,748.513477,986.802560,768000,768000,1.000000000,1,2025-12-07 16:26:00.000000,2025-12-07 16:26:59.999922,1,BAYxx_xxxx_20251207_161801_000.7z
2025-12-07 16:27:00,2984.891820,2.984891820,1260.755420,751.655294,972.481106,768000,768000,1.000000000,1,2025-12-07 16:27:00.000000,2025-12-07 16:27:59.999922,1,BAYxx_xxxx_20251207_161801_000.7z
2025-12-07 16:28:00,3845.533152,3.845533152,1529.666503,1041.075606,1274.791044,665664,768000,0.866750000,0,2025-12-07 16:28:00.000000,2025-12-07 16:28:59.999922,2,BAYxx_xxxx_20251207_161801_000.7z;BAYxx_xxxx_20251207_162809_000.7z
2025-12-07 16:29:00,12025.015223,12.025015223,4128.269673,3774.605495,4122.140055,768000,768000,1.000000000,1,2025-12-07 16:29:00.000000,2025-12-07 16:29:59.999922,1,BAYxx_xxxx_20251207_162809_000.7z
2025-12-07 16:30:00,28619.179719,28.619179719,9397.789373,9262.671913,9958.718433,768000,768000,1.000000000,1,2025-12-07 16:30:00.000000,2025-12-07 16:30:59.999922,1,BAYxx_xxxx_20251207_162809_000.7z
2025-12-07 16:31:00,5371.291268,5.371291268,2026.741097,1542.590033,1801.960138,768000,768000,1.000000000,1,2025-12-07 16:31:00.000000,2025-12-07 16:31:59.999922,1,BAYxx_xxxx_20251207_162809_000.7z
2025-12-07 16:32:00,2984.636352,2.984636352,1258.520816,745.436387,980.679150,768000,768000,1.000000000,1,2025-12-07 16:32:00.000000,2025-12-07 16:32:59.999922,1,BAYxx_xxxx_20251207_162809_000.7z
2025-12-07 16:33:00,2991.615588,2.991615588,1244.478659,749.425206,997.711723,768000,768000,1.000000000,1,2025-12-07 16:33:00.000000,2025-12-07 16:33:59.999922,1,BAYxx_xxxx_20251207_162809_000.7z
2025-12-07 16:34:00,3027.115351,3.027115351,1263.461019,754.960635,1008.693697,768000,768000,1.000000000,1,2025-12-07 16:34:00.000000,2025-12-07 16:34:59.999922,1,BAYxx_xxxx_20251207_162809_000.7z
2025-12-07 16:35:00,3016.745765,3.016745765,1263.080700,774.128200,979.536865,768000,768000,1.000000000,1,2025-12-07 16:35:00.000000,2025-12-07 16:35:59.999922,1,BAYxx_xxxx_20251207_162809_000.7z
2025-12-07 16:36:00,2947.708535,2.947708535,1265.605250,776.799917,905.303368,768000,768000,1.000000000,1,2025-12-07 16:36:00.000000,2025-12-07 16:36:59.999922,1,BAYxx_xxxx_20251207_162809_000.7z
2025-12-07 16:37:00,2953.244527,2.953244527,1267.020952,774.583119,911.640456,768000,768000,1.000000000,1,2025-12-07 16:37:00.000000,2025-12-07 16:37:59.999922,1,BAYxx_xxxx_20251207_162809_000.7z
2025-12-07 16:38:00,2867.080915,2.867080915,1227.050860,746.387717,893.642338,524894,768000,0.683455729,0,2025-12-07 16:38:00.000000,2025-12-07 16:38:59.999922,2,BAYxx_xxxx_20251207_162809_000.7z;BAYxx_xxxx_20251207_163828_000.7z
2025-12-07 16:39:00,2970.336259,2.970336259,1267.833917,780.292998,922.209344,768000,768000,1.000000000,1,2025-12-07 16:39:00.000000,2025-12-07 16:39:59.999922,1,BAYxx_xxxx_20251207_163828_000.7z
2025-12-07 16:40:00,2959.391298,2.959391298,1268.326539,774.874411,916.190348,768000,768000,1.000000000,1,2025-12-07 16:40:00.000000,2025-12-07 16:40:59.999922,1,BAYxx_xxxx_20251207_163828_000.7z
2025-12-07 16:41:00,2947.625833,2.947625833,1266.226635,773.724107,907.675091,768000,768000,1.000000000,1,2025-12-07 16:41:00.000000,2025-12-07 16:41:59.999922,1,BAYxx_xxxx_20251207_163828_000.7z
2025-12-07 16:42:00,3894.829534,3.894829534,1576.961141,1094.652288,1223.216105,768000,768000,1.000000000,1,2025-12-07 16:42:00.000000,2025-12-07 16:42:59.999922,1,BAYxx_xxxx_20251207_163828_000.7z
2025-12-07 16:43:00,12614.183141,12.614183141,4303.818695,4053.322288,4257.042158,768000,768000,1.000000000,1,2025-12-07 16:43:00.000000,2025-12-07 16:43:59.999922,1,BAYxx_xxxx_20251207_163828_000.7z
2025-12-07 16:44:00,27820.905629,27.820905629,9108.256245,9157.465205,9555.184179,768000,768000,1.000000000,1,2025-12-07 16:44:00.000000,2025-12-07 16:44:59.999922,1,BAYxx_xxxx_20251207_163828_000.7z
2025-12-07 16:45:00,6815.937704,6.815937704,2507.945814,2071.056194,2236.935696,768000,768000,1.000000000,1,2025-12-07 16:45:00.000000,2025-12-07 16:45:59.999922,1,BAYxx_xxxx_20251207_163828_000.7z
2025-12-07 16:46:00,2979.410387,2.979410387,1290.108103,778.888227,910.414056,768000,768000,1.000000000,1,2025-12-07 16:46:00.000000,2025-12-07 16:46:59.999922,1,BAYxx_xxxx_20251207_163828_000.7z
2025-12-07 16:47:00,2941.996763,2.941996763,1269.460048,771.993739,900.542976,768000,768000,1.000000000,1,2025-12-07 16:47:00.000000,2025-12-07 16:47:59.999922,1,BAYxx_xxxx_20251207_163828_000.7z
2025-12-07 16:48:00,3280.884267,3.280884267,1380.256953,890.538426,1010.088888,576028,768000,0.750036458,0,2025-12-07 16:48:00.000000,2025-12-07 16:48:59.999922,2,BAYxx_xxxx_20251207_163828_000.7z;BAYxx_xxxx_20251207_164843_000.7z
2025-12-07 16:49:00,5055.375459,5.055375459,1977.109358,1472.480411,1605.785690,768000,768000,1.000000000,1,2025-12-07 16:49:00.000000,2025-12-07 16:49:59.999922,1,BAYxx_xxxx_20251207_164843_000.7z
2025-12-07 16:50:00,28086.239177,28.086239177,9351.867634,9125.620774,9608.750770,768000,768000,1.000000000,1,2025-12-07 16:50:00.000000,2025-12-07 16:50:59.999922,1,BAYxx_xxxx_20251207_164843_000.7z
2025-12-07 16:51:00,3865.861776,3.865861776,1549.160789,1051.839449,1264.861537,768000,768000,1.000000000,1,2025-12-07 16:51:00.000000,2025-12-07 16:51:59.999922,1,BAYxx_xxxx_20251207_164843_000.7z
2025-12-07 16:52:00,3066.702349,3.066702349,1295.182997,783.530990,987.988363,768000,768000,1.000000000,1,2025-12-07 16:52:00.000000,2025-12-07 16:52:59.999922,1,BAYxx_xxxx_20251207_164843_000.7z
2025-12-07 16:53:00,3104.869094,3.104869094,1318.357090,791.461812,995.050192,768000,768000,1.000000000,1,2025-12-07 16:53:00.000000,2025-12-07 16:53:59.999922,1,BAYxx_xxxx_20251207_164843_000.7z
2025-12-07 16:54:00,3084.602478,3.084602478,1303.994872,794.477191,986.130415,768000,768000,1.000000000,1,2025-12-07 16:54:00.000000,2025-12-07 16:54:59.999922,1,BAYxx_xxxx_20251207_164843_000.7z
2025-12-07 16:55:00,3080.152488,3.080152488,1298.606034,792.121620,989.424833,768000,768000,1.000000000,1,2025-12-07 16:55:00.000000,2025-12-07 16:55:59.999922,1,BAYxx_xxxx_20251207_164843_000.7z
2025-12-07 16:56:00,3088.197185,3.088197185,1301.508552,789.043260,997.645373,768000,768000,1.000000000,1,2025-12-07 16:56:00.000000,2025-12-07 16:56:59.999922,1,BAYxx_xxxx_20251207_164843_000.7z
2025-12-07 16:57:00,3091.069464,3.091069464,1308.773526,789.270723,993.025216,768000,768000,1.000000000,1,2025-12-07 16:57:00.000000,2025-12-07 16:57:59.999922,1,BAYxx_xxxx_20251207_164843_000.7z
2025-12-07 16:58:00,3085.272329,3.085272329,1309.371799,781.961898,993.938632,563252,768000,0.733401042,0,2025-12-07 16:58:00.000000,2025-12-07 16:58:59.999922,2,BAYxx_xxxx_20251207_164843_000.7z;BAYxx_xxxx_20251207_165859_000.7z
2025-12-07 16:59:00,3056.024246,3.056024246,1303.848698,771.949967,980.225581,768000,768000,1.000000000,1,2025-12-07 16:59:00.000000,2025-12-07 16:59:59.999922,1,BAYxx_xxxx_20251207_165859_000.7z
2025-12-07 17:00:00,3013.323395,3.013323395,1274.513970,770.654577,968.154847,768000,768000,1.000000000,1,2025-12-07 17:00:00.000000,2025-12-07 17:00:59.999922,1,BAYxx_xxxx_20251207_165859_000.7z
2025-12-07 17:01:00,4005.734928,4.005734928,1607.502856,1090.287415,1307.944658,768000,768000,1.000000000,1,2025-12-07 17:01:00.000000,2025-12-07 17:01:59.999922,1,BAYxx_xxxx_20251207_165859_000.7z
2025-12-07 17:02:00,12175.732114,12.175732114,4160.806777,3821.798271,4193.127066,768000,768000,1.000000000,1,2025-12-07 17:02:00.000000,2025-12-07 17:02:59.999922,1,BAYxx_xxxx_20251207_165859_000.7z
2025-12-07 17:03:00,27466.593105,27.466593105,8819.843132,9015.761915,9630.988057,768000,768000,1.000000000,1,2025-12-07 17:03:00.000000,2025-12-07 17:03:59.999922,1,BAYxx_xxxx_20251207_165859_000.7z
2025-12-07 17:04:00,12799.171396,12.799171396,4288.017445,4093.863478,4417.290474,768000,768000,1.000000000,1,2025-12-07 17:04:00.000000,2025-12-07 17:04:59.999922,1,BAYxx_xxxx_20251207_165859_000.7z
2025-12-07 17:05:00,3050.392310,3.050392310,1288.233938,769.298277,992.860095,768000,768000,1.000000000,1,2025-12-07 17:05:00.000000,2025-12-07 17:05:59.999922,1,BAYxx_xxxx_20251207_165859_000.7z
2025-12-07 17:06:00,3026.478177,3.026478177,1277.331026,763.502688,985.644462,768000,768000,1.000000000,1,2025-12-07 17:06:00.000000,2025-12-07 17:06:59.999922,1,BAYxx_xxxx_20251207_165859_000.7z
2025-12-07 17:07:00,3054.650132,3.054650132,1275.673253,775.455840,1003.521039,768000,768000,1.000000000,1,2025-12-07 17:07:00.000000,2025-12-07 17:07:59.999922,1,BAYxx_xxxx_20251207_165859_000.7z
2025-12-07 17:08:00,3038.706661,3.038706661,1267.414129,779.454709,991.837822,755277,768000,0.983433594,0,2025-12-07 17:08:00.000000,2025-12-07 17:08:59.005938,1,BAYxx_xxxx_20251207_165859_000.7z
2025-12-07 17:09:00,3095.918783,3.095918783,1294.833449,799.389929,1001.695405,601600,768000,0.783333333,0,2025-12-07 17:09:13.000000,2025-12-07 17:09:59.999922,1,BAYxx_xxxx_20251207_170913_000.7z
2025-12-07 17:10:00,3090.052472,3.090052472,1285.805844,800.889498,1003.357129,768000,768000,1.000000000,1,2025-12-07 17:10:00.000000,2025-12-07 17:10:59.999922,1,BAYxx_xxxx_20251207_170913_000.7z
2025-12-07 17:11:00,3082.866777,3.082866777,1274.805737,794.649041,1013.411998,768000,768000,1.000000000,1,2025-12-07 17:11:00.000000,2025-12-07 17:11:59.999922,1,BAYxx_xxxx_20251207_170913_000.7z
2025-12-07 17:12:00,3090.338009,3.090338009,1282.579923,792.868997,1014.889089,768000,768000,1.000000000,1,2025-12-07 17:12:00.000000,2025-12-07 17:12:59.999922,1,BAYxx_xxxx_20251207_170913_000.7z
2025-12-07 17:13:00,3085.562901,3.085562901,1279.737302,793.984455,1011.841143,768000,768000,1.000000000,1,2025-12-07 17:13:00.000000,2025-12-07 17:13:59.999922,1,BAYxx_xxxx_20251207_170913_000.7z
2025-12-07 17:14:00,3057.976544,3.057976544,1290.352094,778.450615,989.173835,768000,768000,1.000000000,1,2025-12-07 17:14:00.000000,2025-12-07 17:14:59.999922,1,BAYxx_xxxx_20251207_170913_000.7z
2025-12-07 17:15:00,3840.781856,3.840781856,1545.143099,1035.969196,1259.669562,768000,768000,1.000000000,1,2025-12-07 17:15:00.000000,2025-12-07 17:15:59.999922,1,BAYxx_xxxx_20251207_170913_000.7z
2025-12-07 17:16:00,9715.517640,9.715517640,3382.345261,3009.592557,3323.579823,768000,768000,1.000000000,1,2025-12-07 17:16:00.000000,2025-12-07 17:16:59.999922,1,BAYxx_xxxx_20251207_170913_000.7z
2025-12-07 17:17:00,27775.101851,27.775101851,9065.041777,8993.061108,9716.998966,768000,768000,1.000000000,1,2025-12-07 17:17:00.000000,2025-12-07 17:17:59.999922,1,BAYxx_xxxx_20251207_170913_000.7z
2025-12-07 17:18:00,20793.157847,20.793157847,6795.672519,6688.566834,7308.918494,768000,768000,1.000000000,1,2025-12-07 17:18:00.000000,2025-12-07 17:18:59.999922,1,BAYxx_xxxx_20251207_170913_000.7z
2025-12-07 17:19:00,3083.998311,3.083998311,1290.234761,778.054842,1015.708708,614524,768000,0.800161458,0,2025-12-07 17:19:00.000000,2025-12-07 17:19:59.999922,2,BAYxx_xxxx_20251207_170913_000.7z;BAYxx_xxxx_20251207_171925_000.7z
2025-12-07 17:20:00,3072.491452,3.072491452,1286.712829,781.815366,1003.963257,768000,768000,1.000000000,1,2025-12-07 17:20:00.000000,2025-12-07 17:20:59.999922,1,BAYxx_xxxx_20251207_171925_000.7z
2025-12-07 17:21:00,3029.186728,3.029186728,1294.260104,776.939029,957.987595,768000,768000,1.000000000,1,2025-12-07 17:21:00.000000,2025-12-07 17:21:59.999922,1,BAYxx_xxxx_20251207_171925_000.7z
2025-12-07 17:22:00,2932.981764,2.932981764,1278.767296,763.253972,890.960496,768000,768000,1.000000000,1,2025-12-07 17:22:00.000000,2025-12-07 17:22:59.999922,1,BAYxx_xxxx_20251207_171925_000.7z
2025-12-07 17:23:00,2969.866439,2.969866439,1285.644488,775.808826,908.413125,768000,768000,1.000000000,1,2025-12-07 17:23:00.000000,2025-12-07 17:23:59.999922,1,BAYxx_xxxx_20251207_171925_000.7z
2025-12-07 17:24:00,2964.973347,2.964973347,1287.622918,773.670222,903.680207,768000,768000,1.000000000,1,2025-12-07 17:24:00.000000,2025-12-07 17:24:59.999922,1,BAYxx_xxxx_20251207_171925_000.7z
2025-12-07 17:25:00,2973.152965,2.973152965,1294.190613,776.472044,902.490308,768000,768000,1.000000000,1,2025-12-07 17:25:00.000000,2025-12-07 17:25:59.999922,1,BAYxx_xxxx_20251207_171925_000.7z
2025-12-07 17:26:00,2957.391067,2.957391067,1283.766344,766.471367,907.153357,768000,768000,1.000000000,1,2025-12-07 17:26:00.000000,2025-12-07 17:26:59.999922,1,BAYxx_xxxx_20251207_171925_000.7z
2025-12-07 17:27:00,2995.473545,2.995473545,1297.859222,784.881023,912.733301,768000,768000,1.000000000,1,2025-12-07 17:27:00.000000,2025-12-07 17:27:59.999922,1,BAYxx_xxxx_20251207_171925_000.7z
2025-12-07 17:28:00,2974.561025,2.974561025,1284.336898,775.568530,914.655597,768000,768000,1.000000000,1,2025-12-07 17:28:00.000000,2025-12-07 17:28:59.999922,1,BAYxx_xxxx_20251207_171925_000.7z
2025-12-07 17:29:00,2991.123395,2.991123395,1273.070180,794.927145,923.126070,524897,768000,0.683459635,0,2025-12-07 17:29:00.000000,2025-12-07 17:29:59.999922,2,BAYxx_xxxx_20251207_171925_000.7z;BAYxx_xxxx_20251207_172944_000.7z
2025-12-07 17:30:00,4430.470041,4.430470041,1734.404888,1275.771749,1420.293404,768000,768000,1.000000000,1,2025-12-07 17:30:00.000000,2025-12-07 17:30:59.999922,1,BAYxx_xxxx_20251207_172944_000.7z
2025-12-07 17:31:00,20553.021510,20.553021510,6764.700871,6733.594924,7054.725714,768000,768000,1.000000000,1,2025-12-07 17:31:00.000000,2025-12-07 17:31:59.999922,1,BAYxx_xxxx_20251207_172944_000.7z
2025-12-07 17:32:00,27843.362397,27.843362397,9110.390822,9152.373715,9580.597860,768000,768000,1.000000000,1,2025-12-07 17:32:00.000000,2025-12-07 17:32:59.999922,1,BAYxx_xxxx_20251207_172944_000.7z
2025-12-07 17:33:00,4594.375590,4.594375590,1785.412663,1331.319675,1477.643253,768000,768000,1.000000000,1,2025-12-07 17:33:00.000000,2025-12-07 17:33:59.999922,1,BAYxx_xxxx_20251207_172944_000.7z
2025-12-07 17:34:00,2961.302228,2.961302228,1269.915976,779.184807,912.201445,768000,768000,1.000000000,1,2025-12-07 17:34:00.000000,2025-12-07 17:34:59.999922,1,BAYxx_xxxx_20251207_172944_000.7z
2025-12-07 17:35:00,2986.906444,2.986906444,1282.405210,787.532229,916.969006,768000,768000,1.000000000,1,2025-12-07 17:35:00.000000,2025-12-07 17:35:59.999922,1,BAYxx_xxxx_20251207_172944_000.7z
2025-12-07 17:36:00,3786.757092,3.786757092,1533.785306,1034.637499,1218.334287,768000,768000,1.000000000,1,2025-12-07 17:36:00.000000,2025-12-07 17:36:59.999922,1,BAYxx_xxxx_20251207_172944_000.7z
2025-12-07 17:37:00,9744.093143,9.744093143,3387.667027,3032.786754,3323.639362,768000,768000,1.000000000,1,2025-12-07 17:37:00.000000,2025-12-07 17:37:59.999922,1,BAYxx_xxxx_20251207_172944_000.7z
2025-12-07 17:38:00,28821.713800,28.821713800,9385.116510,9409.403472,10027.193818,768000,768000,1.000000000,1,2025-12-07 17:38:00.000000,2025-12-07 17:38:59.999922,1,BAYxx_xxxx_20251207_172944_000.7z
2025-12-07 17:39:00,28638.332057,28.638332057,9406.603060,9250.032726,9981.696272,627221,768000,0.816694010,0,2025-12-07 17:39:00.000000,2025-12-07 17:39:59.999922,2,BAYxx_xxxx_20251207_172944_000.7z;BAYxx_xxxx_20251207_173955_000.7z
2025-12-07 17:40:00,28986.494137,28.986494137,9427.078177,9383.090312,10176.325648,768000,768000,1.000000000,1,2025-12-07 17:40:00.000000,2025-12-07 17:40:59.999922,1,BAYxx_xxxx_20251207_173955_000.7z
2025-12-07 17:41:00,3225.372614,3.225372614,1342.704039,833.680229,1048.988345,768000,768000,1.000000000,1,2025-12-07 17:41:00.000000,2025-12-07 17:41:59.999922,1,BAYxx_xxxx_20251207_173955_000.7z
2025-12-07 17:42:00,3068.474243,3.068474243,1300.331337,774.679227,993.463679,768000,768000,1.000000000,1,2025-12-07 17:42:00.000000,2025-12-07 17:42:59.999922,1,BAYxx_xxxx_20251207_173955_000.7z
2025-12-07 17:43:00,3048.877670,3.048877670,1298.372144,769.811195,980.694331,768000,768000,1.000000000,1,2025-12-07 17:43:00.000000,2025-12-07 17:43:59.999922,1,BAYxx_xxxx_20251207_173955_000.7z
2025-12-07 17:44:00,3034.624801,3.034624801,1280.490915,771.349008,982.784878,768000,768000,1.000000000,1,2025-12-07 17:44:00.000000,2025-12-07 17:44:59.999922,1,BAYxx_xxxx_20251207_173955_000.7z
2025-12-07 17:45:00,3091.514538,3.091514538,1311.974783,780.754405,998.785350,768000,768000,1.000000000,1,2025-12-07 17:45:00.000000,2025-12-07 17:45:59.999922,1,BAYxx_xxxx_20251207_173955_000.7z
2025-12-07 17:46:00,3070.284966,3.070284966,1302.211787,776.300100,991.773079,768000,768000,1.000000000,1,2025-12-07 17:46:00.000000,2025-12-07 17:46:59.999922,1,BAYxx_xxxx_20251207_173955_000.7z
2025-12-07 17:47:00,3073.130021,3.073130021,1301.814943,782.957208,988.357870,768000,768000,1.000000000,1,2025-12-07 17:47:00.000000,2025-12-07 17:47:59.999922,1,BAYxx_xxxx_20251207_173955_000.7z
2025-12-07 17:48:00,3054.182536,3.054182536,1303.651347,773.574542,976.956647,768000,768000,1.000000000,1,2025-12-07 17:48:00.000000,2025-12-07 17:48:59.999922,1,BAYxx_xxxx_20251207_173955_000.7z
2025-12-07 17:49:00,3078.411603,3.078411603,1310.226945,775.287975,992.896684,704135,768000,0.916842448,0,2025-12-07 17:49:00.000000,2025-12-07 17:49:55.010469,1,BAYxx_xxxx_20251207_173955_000.7z
2025-12-07 17:50:00,3054.082260,3.054082260,1274.259734,783.865452,995.957073,691200,768000,0.900000000,0,2025-12-07 17:50:06.000000,2025-12-07 17:50:59.999922,1,BAYxx_xxxx_20251207_175006_000.7z
2025-12-07 17:51:00,3079.508581,3.079508581,1299.867137,775.708450,1003.932993,768000,768000,1.000000000,1,2025-12-07 17:51:00.000000,2025-12-07 17:51:59.999922,1,BAYxx_xxxx_20251207_175006_000.7z
2025-12-07 17:52:00,3427.144840,3.427144840,1421.559380,890.283424,1115.302036,768000,768000,1.000000000,1,2025-12-07 17:52:00.000000,2025-12-07 17:52:59.999922,1,BAYxx_xxxx_20251207_175006_000.7z
2025-12-07 17:53:00,5012.966854,5.012966854,1913.004936,1438.148156,1661.813763,768000,768000,1.000000000,1,2025-12-07 17:53:00.000000,2025-12-07 17:53:59.999922,1,BAYxx_xxxx_20251207_175006_000.7z
2025-12-07 17:54:00,26917.332949,26.917332949,8827.614765,8809.241856,9280.476328,768000,768000,1.000000000,1,2025-12-07 17:54:00.000000,2025-12-07 17:54:59.999922,1,BAYxx_xxxx_20251207_175006_000.7z
2025-12-07 17:55:00,14379.154222,14.379154222,4849.763362,4564.157352,4965.233508,768000,768000,1.000000000,1,2025-12-07 17:55:00.000000,2025-12-07 17:55:59.999922,1,BAYxx_xxxx_20251207_175006_000.7z
2025-12-07 17:56:00,3060.688530,3.060688530,1289.061225,773.849472,997.777833,768000,768000,1.000000000,1,2025-12-07 17:56:00.000000,2025-12-07 17:56:59.999922,1,BAYxx_xxxx_20251207_175006_000.7z
2025-12-07 17:57:00,3059.939271,3.059939271,1298.600769,764.151976,997.186527,768000,768000,1.000000000,1,2025-12-07 17:57:00.000000,2025-12-07 17:57:59.999922,1,BAYxx_xxxx_20251207_175006_000.7z
2025-12-07 17:58:00,3244.277641,3.244277641,1369.893971,818.959298,1055.424372,768000,768000,1.000000000,1,2025-12-07 17:58:00.000000,2025-12-07 17:58:59.999922,1,BAYxx_xxxx_20251207_175006_000.7z
2025-12-07 17:59:00,4581.009641,4.581009641,1797.112434,1263.746330,1520.150878,768000,768000,1.000000000,1,2025-12-07 17:59:00.000000,2025-12-07 17:59:59.999922,1,BAYxx_xxxx_20251207_175006_000.7z
2025-12-07 18:00:00,25375.323322,25.375323322,8421.603349,8191.038536,8762.681437,614535,768000,0.800175781,0,2025-12-07 18:00:00.000000,2025-12-07 18:00:59.999922,2,BAYxx_xxxx_20251207_175006_000.7z;BAYxx_xxxx_20251207_180018_000.7z
2025-12-07 18:01:00,25400.567412,25.400567412,8420.109571,8195.504493,8784.953348,768000,768000,1.000000000,1,2025-12-07 18:01:00.000000,2025-12-07 18:01:59.999922,1,BAYxx_xxxx_20251207_180018_000.7z
2025-12-07 18:02:00,3143.996025,3.143996025,1331.336480,785.439831,1027.219713,768000,768000,1.000000000,1,2025-12-07 18:02:00.000000,2025-12-07 18:02:59.999922,1,BAYxx_xxxx_20251207_180018_000.7z
2025-12-07 18:03:00,3062.055541,3.062055541,1302.350029,764.262070,995.443441,768000,768000,1.000000000,1,2025-12-07 18:03:00.000000,2025-12-07 18:03:59.999922,1,BAYxx_xxxx_20251207_180018_000.7z
2025-12-07 18:04:00,3068.741715,3.068741715,1305.218530,760.203282,1003.319903,768000,768000,1.000000000,1,2025-12-07 18:04:00.000000,2025-12-07 18:04:59.999922,1,BAYxx_xxxx_20251207_180018_000.7z
2025-12-07 18:05:00,3069.133097,3.069133097,1296.304723,757.686197,1015.142178,768000,768000,1.000000000,1,2025-12-07 18:05:00.000000,2025-12-07 18:05:59.999922,1,BAYxx_xxxx_20251207_180018_000.7z
2025-12-07 18:06:00,3014.493972,3.014493972,1291.218347,758.641618,964.634007,768000,768000,1.000000000,1,2025-12-07 18:06:00.000000,2025-12-07 18:06:59.999922,1,BAYxx_xxxx_20251207_180018_000.7z
2025-12-07 18:07:00,2978.027854,2.978027854,1299.659303,774.363678,904.004874,768000,768000,1.000000000,1,2025-12-07 18:07:00.000000,2025-12-07 18:07:59.999922,1,BAYxx_xxxx_20251207_180018_000.7z
2025-12-07 18:08:00,2995.654209,2.995654209,1310.651358,773.036391,911.966459,768000,768000,1.000000000,1,2025-12-07 18:08:00.000000,2025-12-07 18:08:59.999922,1,BAYxx_xxxx_20251207_180018_000.7z
2025-12-07 18:09:00,2957.452845,2.957452845,1304.335956,748.474216,904.642674,768000,768000,1.000000000,1,2025-12-07 18:09:00.000000,2025-12-07 18:09:59.999922,1,BAYxx_xxxx_20251207_180018_000.7z
2025-12-07 18:10:00,2949.049232,2.949049232,1306.631345,752.846814,889.571073,550453,768000,0.716735677,0,2025-12-07 18:10:00.000000,2025-12-07 18:10:59.999922,2,BAYxx_xxxx_20251207_180018_000.7z;BAYxx_xxxx_20251207_181035_000.7z
2025-12-07 18:11:00,2986.668290,2.986668290,1309.146344,772.095531,905.426415,768000,768000,1.000000000,1,2025-12-07 18:11:00.000000,2025-12-07 18:11:59.999922,1,BAYxx_xxxx_20251207_181035_000.7z
2025-12-07 18:12:00,2950.115796,2.950115796,1300.741547,747.832921,901.541328,768000,768000,1.000000000,1,2025-12-07 18:12:00.000000,2025-12-07 18:12:59.999922,1,BAYxx_xxxx_20251207_181035_000.7z
2025-12-07 18:13:00,4486.419661,4.486419661,1815.221895,1260.305724,1410.892042,768000,768000,1.000000000,1,2025-12-07 18:13:00.000000,2025-12-07 18:13:59.999922,1,BAYxx_xxxx_20251207_181035_000.7z
2025-12-07 18:14:00,20405.426545,20.405426545,6874.959796,6605.754402,6924.712347,768000,768000,1.000000000,1,2025-12-07 18:14:00.000000,2025-12-07 18:14:59.999922,1,BAYxx_xxxx_20251207_181035_000.7z
2025-12-07 18:15:00,26326.415279,26.326415279,8757.532270,8545.967285,9022.915724,768000,768000,1.000000000,1,2025-12-07 18:15:00.000000,2025-12-07 18:15:59.999922,1,BAYxx_xxxx_20251207_181035_000.7z
2025-12-07 18:16:00,3154.824636,3.154824636,1367.442715,819.447027,967.934894,768000,768000,1.000000000,1,2025-12-07 18:16:00.000000,2025-12-07 18:16:59.999922,1,BAYxx_xxxx_20251207_181035_000.7z
2025-12-07 18:17:00,2963.976638,2.963976638,1316.252854,754.970212,892.753572,768000,768000,1.000000000,1,2025-12-07 18:17:00.000000,2025-12-07 18:17:59.999922,1,BAYxx_xxxx_20251207_181035_000.7z
2025-12-07 18:18:00,2971.322810,2.971322810,1323.002353,758.459980,889.860477,768000,768000,1.000000000,1,2025-12-07 18:18:00.000000,2025-12-07 18:18:59.999922,1,BAYxx_xxxx_20251207_181035_000.7z
2025-12-07 18:19:00,2964.544669,2.964544669,1306.840946,757.505696,900.198027,768000,768000,1.000000000,1,2025-12-07 18:19:00.000000,2025-12-07 18:19:59.999922,1,BAYxx_xxxx_20251207_181035_000.7z
2025-12-07 18:20:00,2919.687890,2.919687890,1283.600037,739.483450,896.604402,537676,768000,0.700098958,0,2025-12-07 18:20:00.000000,2025-12-07 18:20:59.999922,2,BAYxx_xxxx_20251207_181035_000.7z;BAYxx_xxxx_20251207_182053_000.7z
2025-12-07 18:21:00,2993.707159,2.993707159,1320.704516,762.300753,910.701890,768000,768000,1.000000000,1,2025-12-07 18:21:00.000000,2025-12-07 18:21:59.999922,1,BAYxx_xxxx_20251207_182053_000.7z
2025-12-07 18:22:00,3080.218850,3.080218850,1329.439860,765.326577,985.452414,768000,768000,1.000000000,1,2025-12-07 18:22:00.000000,2025-12-07 18:22:59.999922,1,BAYxx_xxxx_20251207_182053_000.7z
2025-12-07 18:23:00,3054.192546,3.054192546,1310.881571,765.120442,978.190533,768000,768000,1.000000000,1,2025-12-07 18:23:00.000000,2025-12-07 18:23:59.999922,1,BAYxx_xxxx_20251207_182053_000.7z
2025-12-07 18:24:00,3053.196635,3.053196635,1310.246721,751.225838,991.724076,768000,768000,1.000000000,1,2025-12-07 18:24:00.000000,2025-12-07 18:24:59.999922,1,BAYxx_xxxx_20251207_182053_000.7z
2025-12-07 18:25:00,3043.690087,3.043690087,1302.363381,758.042336,983.284370,768000,768000,1.000000000,1,2025-12-07 18:25:00.000000,2025-12-07 18:25:59.999922,1,BAYxx_xxxx_20251207_182053_000.7z
2025-12-07 18:26:00,3046.173650,3.046173650,1303.237283,766.176351,976.760016,768000,768000,1.000000000,1,2025-12-07 18:26:00.000000,2025-12-07 18:26:59.999922,1,BAYxx_xxxx_20251207_182053_000.7z
2025-12-07 18:27:00,3079.943958,3.079943958,1316.692652,774.290702,988.960604,768000,768000,1.000000000,1,2025-12-07 18:27:00.000000,2025-12-07 18:27:59.999922,1,BAYxx_xxxx_20251207_182053_000.7z
2025-12-07 18:28:00,4685.951762,4.685951762,1836.696770,1321.167121,1528.087871,768000,768000,1.000000000,1,2025-12-07 18:28:00.000000,2025-12-07 18:28:59.999922,1,BAYxx_xxxx_20251207_182053_000.7z
2025-12-07 18:29:00,22303.388485,22.303388485,7437.013592,7194.881331,7671.493562,768000,768000,1.000000000,1,2025-12-07 18:29:00.000000,2025-12-07 18:29:59.999922,1,BAYxx_xxxx_20251207_182053_000.7z
2025-12-07 18:30:00,27673.873271,27.673873271,9181.039433,8956.629604,9536.204234,678504,768000,0.883468750,0,2025-12-07 18:30:00.000000,2025-12-07 18:30:53.008047,1,BAYxx_xxxx_20251207_182053_000.7z
2025-12-07 18:31:00,12338.980047,12.338980047,4267.939657,3867.492832,4203.547558,716800,768000,0.933333333,0,2025-12-07 18:31:04.000000,2025-12-07 18:31:59.999922,1,BAYxx_xxxx_20251207_183104_000.7z
2025-12-07 18:32:00,3065.801102,3.065801102,1309.278743,774.694700,981.827659,768000,768000,1.000000000,1,2025-12-07 18:32:00.000000,2025-12-07 18:32:59.999922,1,BAYxx_xxxx_20251207_183104_000.7z
2025-12-07 18:33:00,3077.746098,3.077746098,1314.891720,776.699359,986.155019,768000,768000,1.000000000,1,2025-12-07 18:33:00.000000,2025-12-07 18:33:59.999922,1,BAYxx_xxxx_20251207_183104_000.7z
2025-12-07 18:34:00,3062.747852,3.062747852,1301.268030,773.186876,988.292947,768000,768000,1.000000000,1,2025-12-07 18:34:00.000000,2025-12-07 18:34:59.999922,1,BAYxx_xxxx_20251207_183104_000.7z
2025-12-07 18:35:00,2995.234421,2.995234421,1271.256732,755.234506,968.743183,768000,768000,1.000000000,1,2025-12-07 18:35:00.000000,2025-12-07 18:35:59.999922,1,BAYxx_xxxx_20251207_183104_000.7z
2025-12-07 18:36:00,3055.760487,3.055760487,1310.306331,768.184258,977.269898,768000,768000,1.000000000,1,2025-12-07 18:36:00.000000,2025-12-07 18:36:59.999922,1,BAYxx_xxxx_20251207_183104_000.7z
2025-12-07 18:37:00,3051.178456,3.051178456,1303.444474,765.960937,981.773045,768000,768000,1.000000000,1,2025-12-07 18:37:00.000000,2025-12-07 18:37:59.999922,1,BAYxx_xxxx_20251207_183104_000.7z
2025-12-07 18:38:00,3065.457180,3.065457180,1292.409735,772.506141,1000.541304,768000,768000,1.000000000,1,2025-12-07 18:38:00.000000,2025-12-07 18:38:59.999922,1,BAYxx_xxxx_20251207_183104_000.7z
2025-12-07 18:39:00,3087.283674,3.087283674,1306.719554,775.079431,1005.484689,768000,768000,1.000000000,1,2025-12-07 18:39:00.000000,2025-12-07 18:39:59.999922,1,BAYxx_xxxx_20251207_183104_000.7z
2025-12-07 18:40:00,3063.215062,3.063215062,1311.934694,766.563162,984.717206,768000,768000,1.000000000,1,2025-12-07 18:40:00.000000,2025-12-07 18:40:59.999922,1,BAYxx_xxxx_20251207_183104_000.7z
2025-12-07 18:41:00,3078.340460,3.078340460,1311.810023,775.711686,990.818751,499245,768000,0.650058594,0,2025-12-07 18:41:00.000000,2025-12-07 18:41:59.999922,2,BAYxx_xxxx_20251207_183104_000.7z;BAYxx_xxxx_20251207_184125_000.7z
2025-12-07 18:42:00,3786.042848,3.786042848,1538.706943,1015.949757,1231.386149,768000,768000,1.000000000,1,2025-12-07 18:42:00.000000,2025-12-07 18:42:59.999922,1,BAYxx_xxxx_20251207_184125_000.7z
2025-12-07 18:43:00,9663.213836,9.663213836,3388.165932,2993.635549,3281.412355,768000,768000,1.000000000,1,2025-12-07 18:43:00.000000,2025-12-07 18:43:59.999922,1,BAYxx_xxxx_20251207_184125_000.7z
2025-12-07 18:44:00,27347.840037,27.347840037,9045.132760,8894.988771,9407.718506,768000,768000,1.000000000,1,2025-12-07 18:44:00.000000,2025-12-07 18:44:59.999922,1,BAYxx_xxxx_20251207_184125_000.7z
2025-12-07 18:45:00,10203.053692,10.203053692,3580.995308,3173.292403,3448.765981,768000,768000,1.000000000,1,2025-12-07 18:45:00.000000,2025-12-07 18:45:59.999922,1,BAYxx_xxxx_20251207_184125_000.7z
2025-12-07 18:46:00,3044.393992,3.044393992,1293.547469,772.630064,978.216458,768000,768000,1.000000000,1,2025-12-07 18:46:00.000000,2025-12-07 18:46:59.999922,1,BAYxx_xxxx_20251207_184125_000.7z
2025-12-07 18:47:00,3056.348628,3.056348628,1292.370654,775.932003,988.045971,768000,768000,1.000000000,1,2025-12-07 18:47:00.000000,2025-12-07 18:47:59.999922,1,BAYxx_xxxx_20251207_184125_000.7z
2025-12-07 18:48:00,3209.674333,3.209674333,1361.599336,812.964778,1035.110218,768000,768000,1.000000000,1,2025-12-07 18:48:00.000000,2025-12-07 18:48:59.999922,1,BAYxx_xxxx_20251207_184125_000.7z
2025-12-07 18:49:00,4643.855928,4.643855928,1839.855425,1289.235432,1514.765072,768000,768000,1.000000000,1,2025-12-07 18:49:00.000000,2025-12-07 18:49:59.999922,1,BAYxx_xxxx_20251207_184125_000.7z
2025-12-07 18:50:00,24057.087171,24.057087171,8008.126031,7725.867066,8323.094073,768000,768000,1.000000000,1,2025-12-07 18:50:00.000000,2025-12-07 18:50:59.999922,1,BAYxx_xxxx_20251207_184125_000.7z
2025-12-07 18:51:00,28385.137288,28.385137288,9395.752426,9176.582574,9812.802288,691207,768000,0.900009115,0,2025-12-07 18:51:00.000000,2025-12-07 18:51:59.999922,2,BAYxx_xxxx_20251207_184125_000.7z;BAYxx_xxxx_20251207_185131_000.7z
2025-12-07 18:52:00,5513.595321,5.513595321,2123.596323,1607.171650,1782.827349,768000,768000,1.000000000,1,2025-12-07 18:52:00.000000,2025-12-07 18:52:59.999922,1,BAYxx_xxxx_20251207_185131_000.7z
2025-12-07 18:53:00,2992.471427,2.992471427,1321.779720,766.296741,904.394966,768000,768000,1.000000000,1,2025-12-07 18:53:00.000000,2025-12-07 18:53:59.999922,1,BAYxx_xxxx_20251207_185131_000.7z
2025-12-07 18:54:00,2974.420602,2.974420602,1310.546088,766.037261,897.837253,768000,768000,1.000000000,1,2025-12-07 18:54:00.000000,2025-12-07 18:54:59.999922,1,BAYxx_xxxx_20251207_185131_000.7z
2025-12-07 18:55:00,2958.680617,2.958680617,1297.550034,768.872032,892.258551,768000,768000,1.000000000,1,2025-12-07 18:55:00.000000,2025-12-07 18:55:59.999922,1,BAYxx_xxxx_20251207_185131_000.7z
2025-12-07 18:56:00,2971.748374,2.971748374,1305.299359,766.435818,900.013198,768000,768000,1.000000000,1,2025-12-07 18:56:00.000000,2025-12-07 18:56:59.999922,1,BAYxx_xxxx_20251207_185131_000.7z
2025-12-07 18:57:00,2985.540113,2.985540113,1308.039661,777.083273,900.417178,768000,768000,1.000000000,1,2025-12-07 18:57:00.000000,2025-12-07 18:57:59.999922,1,BAYxx_xxxx_20251207_185131_000.7z
2025-12-07 18:58:00,2963.120117,2.963120117,1303.058490,772.560563,887.501064,768000,768000,1.000000000,1,2025-12-07 18:58:00.000000,2025-12-07 18:58:59.999922,1,BAYxx_xxxx_20251207_185131_000.7z
2025-12-07 18:59:00,3010.810650,3.010810650,1300.547671,805.811231,904.451749,768000,768000,1.000000000,1,2025-12-07 18:59:00.000000,2025-12-07 18:59:59.999922,1,BAYxx_xxxx_20251207_185131_000.7z
2025-12-07 19:00:00,2978.360111,2.978360111,1308.339320,780.623723,889.397068,768000,768000,1.000000000,1,2025-12-07 19:00:00.000000,2025-12-07 19:00:59.999922,1,BAYxx_xxxx_20251207_185131_000.7z
2025-12-07 19:01:00,2978.649262,2.978649262,1310.837775,784.832071,882.979416,499335,768000,0.650175781,0,2025-12-07 19:01:00.000000,2025-12-07 19:01:59.999922,2,BAYxx_xxxx_20251207_185131_000.7z;BAYxx_xxxx_20251207_190152_000.7z
2025-12-07 19:02:00,3969.653183,3.969653183,1614.219388,1131.132096,1224.301699,768000,768000,1.000000000,1,2025-12-07 19:02:00.000000,2025-12-07 19:02:59.999922,1,BAYxx_xxxx_20251207_190152_000.7z
2025-12-07 19:03:00,13152.808805,13.152808805,4542.609875,4155.985768,4454.213162,768000,768000,1.000000000,1,2025-12-07 19:03:00.000000,2025-12-07 19:03:59.999922,1,BAYxx_xxxx_20251207_190152_000.7z
2025-12-07 19:04:00,27144.797524,27.144797524,8977.442296,8757.589761,9409.765467,768000,768000,1.000000000,1,2025-12-07 19:04:00.000000,2025-12-07 19:04:59.999922,1,BAYxx_xxxx_20251207_190152_000.7z
2025-12-07 19:05:00,10653.881823,10.653881823,3774.266978,3305.091200,3574.523645,768000,768000,1.000000000,1,2025-12-07 19:05:00.000000,2025-12-07 19:05:59.999922,1,BAYxx_xxxx_20251207_190152_000.7z
2025-12-07 19:06:00,3001.420811,3.001420811,1323.639611,771.106397,906.674803,768000,768000,1.000000000,1,2025-12-07 19:06:00.000000,2025-12-07 19:06:59.999922,1,BAYxx_xxxx_20251207_190152_000.7z
2025-12-07 19:07:00,3035.311748,3.035311748,1304.456149,766.231634,964.623965,768000,768000,1.000000000,1,2025-12-07 19:07:00.000000,2025-12-07 19:07:59.999922,1,BAYxx_xxxx_20251207_190152_000.7z
2025-12-07 19:08:00,3485.151699,3.485151699,1443.661521,903.745098,1137.745080,768000,768000,1.000000000,1,2025-12-07 19:08:00.000000,2025-12-07 19:08:59.999922,1,BAYxx_xxxx_20251207_190152_000.7z
2025-12-07 19:09:00,5341.634234,5.341634234,2045.289466,1520.524377,1775.820392,768000,768000,1.000000000,1,2025-12-07 19:09:00.000000,2025-12-07 19:09:59.999922,1,BAYxx_xxxx_20251207_190152_000.7z
2025-12-07 19:10:00,27442.133230,27.442133230,9120.811302,8872.352811,9448.969118,768000,768000,1.000000000,1,2025-12-07 19:10:00.000000,2025-12-07 19:10:59.999922,1,BAYxx_xxxx_20251207_190152_000.7z
2025-12-07 19:11:00,28408.478962,28.408478962,9356.698226,9262.150703,9789.630033,665683,768000,0.866774740,0,2025-12-07 19:11:00.000000,2025-12-07 19:11:52.006406,1,BAYxx_xxxx_20251207_190152_000.7z
2025-12-07 19:12:00,28857.882065,28.857882065,9500.652410,9400.735175,9956.494480,716800,768000,0.933333333,0,2025-12-07 19:12:04.000000,2025-12-07 19:12:59.999922,1,BAYxx_xxxx_20251207_191204_000.7z
2025-12-07 19:13:00,21399.094786,21.399094786,7129.248009,6894.233556,7375.613220,768000,768000,1.000000000,1,2025-12-07 19:13:00.000000,2025-12-07 19:13:59.999922,1,BAYxx_xxxx_20251207_191204_000.7z
2025-12-07 19:14:00,3067.792923,3.067792923,1315.578655,768.397910,983.816357,768000,768000,1.000000000,1,2025-12-07 19:14:00.000000,2025-12-07 19:14:59.999922,1,BAYxx_xxxx_20251207_191204_000.7z
2025-12-07 19:15:00,3068.583045,3.068583045,1294.064187,784.519963,989.998894,768000,768000,1.000000000,1,2025-12-07 19:15:00.000000,2025-12-07 19:15:59.999922,1,BAYxx_xxxx_20251207_191204_000.7z
2025-12-07 19:16:00,3014.040055,3.014040055,1276.343345,765.179347,972.517364,768000,768000,1.000000000,1,2025-12-07 19:16:00.000000,2025-12-07 19:16:59.999922,1,BAYxx_xxxx_20251207_191204_000.7z
2025-12-07 19:17:00,3068.801940,3.068801940,1298.935710,772.114214,997.752016,768000,768000,1.000000000,1,2025-12-07 19:17:00.000000,2025-12-07 19:17:59.999922,1,BAYxx_xxxx_20251207_191204_000.7z
2025-12-07 19:18:00,3042.130019,3.042130019,1286.894151,766.523428,988.712440,768000,768000,1.000000000,1,2025-12-07 19:18:00.000000,2025-12-07 19:18:59.999922,1,BAYxx_xxxx_20251207_191204_000.7z
2025-12-07 19:19:00,3065.928597,3.065928597,1300.539483,774.795565,990.593549,768000,768000,1.000000000,1,2025-12-07 19:19:00.000000,2025-12-07 19:19:59.999922,1,BAYxx_xxxx_20251207_191204_000.7z
2025-12-07 19:20:00,3064.698432,3.064698432,1304.115965,779.405317,981.177150,768000,768000,1.000000000,1,2025-12-07 19:20:00.000000,2025-12-07 19:20:59.999922,1,BAYxx_xxxx_20251207_191204_000.7z
2025-12-07 19:21:00,3081.615275,3.081615275,1284.901081,787.442481,1009.271713,768000,768000,1.000000000,1,2025-12-07 19:21:00.000000,2025-12-07 19:21:59.999922,1,BAYxx_xxxx_20251207_191204_000.7z
2025-12-07 19:22:00,3077.412848,3.077412848,1304.563550,766.028470,1006.820828,563250,768000,0.733398438,0,2025-12-07 19:22:00.000000,2025-12-07 19:22:59.999922,2,BAYxx_xxxx_20251207_191204_000.7z;BAYxx_xxxx_20251207_192220_000.7z
2025-12-07 19:23:00,3072.553632,3.072553632,1310.676751,760.771233,1001.105648,768000,768000,1.000000000,1,2025-12-07 19:23:00.000000,2025-12-07 19:23:59.999922,1,BAYxx_xxxx_20251207_192220_000.7z
2025-12-07 19:24:00,3080.418230,3.080418230,1322.690160,766.891696,990.836374,768000,768000,1.000000000,1,2025-12-07 19:24:00.000000,2025-12-07 19:24:59.999922,1,BAYxx_xxxx_20251207_192220_000.7z
2025-12-07 19:25:00,3063.923365,3.063923365,1311.285815,761.695648,990.941903,768000,768000,1.000000000,1,2025-12-07 19:25:00.000000,2025-12-07 19:25:59.999922,1,BAYxx_xxxx_20251207_192220_000.7z
2025-12-07 19:26:00,3030.250321,3.030250321,1278.944953,762.545048,988.760320,768000,768000,1.000000000,1,2025-12-07 19:26:00.000000,2025-12-07 19:26:59.999922,1,BAYxx_xxxx_20251207_192220_000.7z
2025-12-07 19:27:00,3900.251222,3.900251222,1567.317364,1051.498324,1281.435534,768000,768000,1.000000000,1,2025-12-07 19:27:00.000000,2025-12-07 19:27:59.999922,1,BAYxx_xxxx_20251207_192220_000.7z
2025-12-07 19:28:00,10714.794866,10.714794866,3748.575688,3312.862909,3653.356268,768000,768000,1.000000000,1,2025-12-07 19:28:00.000000,2025-12-07 19:28:59.999922,1,BAYxx_xxxx_20251207_192220_000.7z
2025-12-07 19:29:00,27688.567811,27.688567811,9193.981595,8936.535646,9558.050570,768000,768000,1.000000000,1,2025-12-07 19:29:00.000000,2025-12-07 19:29:59.999922,1,BAYxx_xxxx_20251207_192220_000.7z
2025-12-07 19:30:00,15097.372173,15.097372173,5174.076708,4716.022211,5207.273254,768000,768000,1.000000000,1,2025-12-07 19:30:00.000000,2025-12-07 19:30:59.999922,1,BAYxx_xxxx_20251207_192220_000.7z
2025-12-07 19:31:00,3055.257710,3.055257710,1303.898307,761.876179,989.483224,768000,768000,1.000000000,1,2025-12-07 19:31:00.000000,2025-12-07 19:31:59.999922,1,BAYxx_xxxx_20251207_192220_000.7z
2025-12-07 19:32:00,3081.283799,3.081283799,1310.902478,774.314000,996.067321,563228,768000,0.733369792,0,2025-12-07 19:32:00.000000,2025-12-07 19:32:59.999922,2,BAYxx_xxxx_20251207_192220_000.7z;BAYxx_xxxx_20251207_193236_000.7z
2025-12-07 19:33:00,3025.187745,3.025187745,1292.012976,757.149767,976.025003,768000,768000,1.000000000,1,2025-12-07 19:33:00.000000,2025-12-07 19:33:59.999922,1,BAYxx_xxxx_20251207_193236_000.7z
2025-12-07 19:34:00,3057.955175,3.057955175,1297.727698,761.871425,998.356052,768000,768000,1.000000000,1,2025-12-07 19:34:00.000000,2025-12-07 19:34:59.999922,1,BAYxx_xxxx_20251207_193236_000.7z
2025-12-07 19:35:00,3000.614623,3.000614623,1268.070070,750.915605,981.628949,768000,768000,1.000000000,1,2025-12-07 19:35:00.000000,2025-12-07 19:35:59.999922,1,BAYxx_xxxx_20251207_193236_000.7z
2025-12-07 19:36:00,3063.754822,3.063754822,1283.999606,777.686101,1002.069115,768000,768000,1.000000000,1,2025-12-07 19:36:00.000000,2025-12-07 19:36:59.999922,1,BAYxx_xxxx_20251207_193236_000.7z
2025-12-07 19:37:00,2991.817031,2.991817031,1283.389915,760.154715,948.272401,768000,768000,1.000000000,1,2025-12-07 19:37:00.000000,2025-12-07 19:37:59.999922,1,BAYxx_xxxx_20251207_193236_000.7z
2025-12-07 19:38:00,2967.156751,2.967156751,1283.405479,768.510865,915.240407,768000,768000,1.000000000,1,2025-12-07 19:38:00.000000,2025-12-07 19:38:59.999922,1,BAYxx_xxxx_20251207_193236_000.7z
2025-12-07 19:39:00,2930.475281,2.930475281,1279.915368,756.905928,893.653985,768000,768000,1.000000000,1,2025-12-07 19:39:00.000000,2025-12-07 19:39:59.999922,1,BAYxx_xxxx_20251207_193236_000.7z
2025-12-07 19:40:00,2957.435857,2.957435857,1294.431479,763.532864,899.471515,768000,768000,1.000000000,1,2025-12-07 19:40:00.000000,2025-12-07 19:40:59.999922,1,BAYxx_xxxx_20251207_193236_000.7z
2025-12-07 19:41:00,3645.070593,3.645070593,1521.386504,987.381026,1136.303063,768000,768000,1.000000000,1,2025-12-07 19:41:00.000000,2025-12-07 19:41:59.999922,1,BAYxx_xxxx_20251207_193236_000.7z
2025-12-07 19:42:00,4591.909889,4.591909889,1837.497107,1300.877147,1453.535635,550537,768000,0.716845052,0,2025-12-07 19:42:00.000000,2025-12-07 19:42:59.999922,2,BAYxx_xxxx_20251207_193236_000.7z;BAYxx_xxxx_20251207_194253_000.7z
2025-12-07 19:43:00,23941.393898,23.941393898,7992.829047,7684.456974,8264.107877,768000,768000,1.000000000,1,2025-12-07 19:43:00.000000,2025-12-07 19:43:59.999922,1,BAYxx_xxxx_20251207_194253_000.7z
2025-12-07 19:44:00,15536.751741,15.536751741,5317.363925,4905.726428,5313.661388,768000,768000,1.000000000,1,2025-12-07 19:44:00.000000,2025-12-07 19:44:59.999922,1,BAYxx_xxxx_20251207_194253_000.7z
2025-12-07 19:45:00,2877.047126,2.877047126,1266.191396,731.698534,879.157196,768000,768000,1.000000000,1,2025-12-07 19:45:00.000000,2025-12-07 19:45:59.999922,1,BAYxx_xxxx_20251207_194253_000.7z
2025-12-07 19:46:00,2959.232612,2.959232612,1286.713089,758.772023,913.747499,768000,768000,1.000000000,1,2025-12-07 19:46:00.000000,2025-12-07 19:46:59.999922,1,BAYxx_xxxx_20251207_194253_000.7z
2025-12-07 19:47:00,2971.676122,2.971676122,1284.897428,769.138356,917.640338,768000,768000,1.000000000,1,2025-12-07 19:47:00.000000,2025-12-07 19:47:59.999922,1,BAYxx_xxxx_20251207_194253_000.7z
2025-12-07 19:48:00,4647.132268,4.647132268,1834.624936,1324.576409,1487.930923,768000,768000,1.000000000,1,2025-12-07 19:48:00.000000,2025-12-07 19:48:59.999922,1,BAYxx_xxxx_20251207_194253_000.7z
2025-12-07 19:49:00,23342.372210,23.342372210,7689.315079,7554.747843,8098.309288,768000,768000,1.000000000,1,2025-12-07 19:49:00.000000,2025-12-07 19:49:59.999922,1,BAYxx_xxxx_20251207_194253_000.7z
2025-12-07 19:50:00,28334.713001,28.334713001,9268.600482,9219.790055,9846.322464,768000,768000,1.000000000,1,2025-12-07 19:50:00.000000,2025-12-07 19:50:59.999922,1,BAYxx_xxxx_20251207_194253_000.7z
2025-12-07 19:51:00,3249.692674,3.249692674,1371.575330,871.008125,1007.109219,768000,768000,1.000000000,1,2025-12-07 19:51:00.000000,2025-12-07 19:51:59.999922,1,BAYxx_xxxx_20251207_194253_000.7z
2025-12-07 19:52:00,3000.080532,3.000080532,1283.005440,774.672128,942.402965,678413,768000,0.883350260,0,2025-12-07 19:52:00.000000,2025-12-07 19:52:53.000938,1,BAYxx_xxxx_20251207_194253_000.7z
2025-12-07 19:53:00,3028.870909,3.028870909,1284.867329,747.500250,996.503330,704000,768000,0.916666667,0,2025-12-07 19:53:05.000000,2025-12-07 19:53:59.999922,1,BAYxx_xxxx_20251207_195305_000.7z
2025-12-07 19:54:00,3030.083527,3.030083527,1271.768243,752.820947,1005.494337,768000,768000,1.000000000,1,2025-12-07 19:54:00.000000,2025-12-07 19:54:59.999922,1,BAYxx_xxxx_20251207_195305_000.7z
2025-12-07 19:55:00,3103.831138,3.103831138,1295.447499,788.097540,1020.286100,768000,768000,1.000000000,1,2025-12-07 19:55:00.000000,2025-12-07 19:55:59.999922,1,BAYxx_xxxx_20251207_195305_000.7z
2025-12-07 19:56:00,3072.033272,3.072033272,1289.425636,775.770311,1006.837324,768000,768000,1.000000000,1,2025-12-07 19:56:00.000000,2025-12-07 19:56:59.999922,1,BAYxx_xxxx_20251207_195305_000.7z
2025-12-07 19:57:00,3052.596818,3.052596818,1279.333130,771.437574,1001.826114,768000,768000,1.000000000,1,2025-12-07 19:57:00.000000,2025-12-07 19:57:59.999922,1,BAYxx_xxxx_20251207_195305_000.7z
2025-12-07 19:58:00,3069.034641,3.069034641,1281.603157,778.566085,1008.865399,768000,768000,1.000000000,1,2025-12-07 19:58:00.000000,2025-12-07 19:58:59.999922,1,BAYxx_xxxx_20251207_195305_000.7z
2025-12-07 19:59:00,3015.982177,3.015982177,1268.557839,756.882604,990.541734,768000,768000,1.000000000,1,2025-12-07 19:59:00.000000,2025-12-07 19:59:59.999922,1,BAYxx_xxxx_20251207_195305_000.7z
2025-12-07 20:00:00,3059.294684,3.059294684,1301.575916,764.717869,993.000899,768000,768000,1.000000000,1,2025-12-07 20:00:00.000000,2025-12-07 20:00:59.999922,1,BAYxx_xxxx_20251207_195305_000.7z
2025-12-07 20:01:00,3083.328945,3.083328945,1312.629276,772.054498,998.645171,768000,768000,1.000000000,1,2025-12-07 20:01:00.000000,2025-12-07 20:01:59.999922,1,BAYxx_xxxx_20251207_195305_000.7z
2025-12-07 20:02:00,4485.823826,4.485823826,1778.084849,1229.552582,1478.186394,768000,768000,1.000000000,1,2025-12-07 20:02:00.000000,2025-12-07 20:02:59.999922,1,BAYxx_xxxx_20251207_195305_000.7z
2025-12-07 20:03:00,17077.496454,17.077496454,5681.845225,5427.691350,5967.959880,601635,768000,0.783378906,0,2025-12-07 20:03:00.000000,2025-12-07 20:03:59.999922,2,BAYxx_xxxx_20251207_195305_000.7z;BAYxx_xxxx_20251207_200318_000.7z
2025-12-07 20:04:00,27478.728871,27.478728871,8983.737622,8868.026949,9626.964300,768000,768000,1.000000000,1,2025-12-07 20:04:00.000000,2025-12-07 20:04:59.999922,1,BAYxx_xxxx_20251207_200318_000.7z
2025-12-07 20:05:00,10439.849167,10.439849167,3666.074274,3198.217091,3575.557802,768000,768000,1.000000000,1,2025-12-07 20:05:00.000000,2025-12-07 20:05:59.999922,1,BAYxx_xxxx_20251207_200318_000.7z
2025-12-07 20:06:00,3048.006567,3.048006567,1296.445306,750.162491,1001.398770,768000,768000,1.000000000,1,2025-12-07 20:06:00.000000,2025-12-07 20:06:59.999922,1,BAYxx_xxxx_20251207_200318_000.7z
2025-12-07 20:07:00,3086.769966,3.086769966,1301.988427,771.775408,1013.006132,768000,768000,1.000000000,1,2025-12-07 20:07:00.000000,2025-12-07 20:07:59.999922,1,BAYxx_xxxx_20251207_200318_000.7z
2025-12-07 20:08:00,3364.972161,3.364972161,1387.317386,867.865973,1109.788802,768000,768000,1.000000000,1,2025-12-07 20:08:00.000000,2025-12-07 20:08:59.999922,1,BAYxx_xxxx_20251207_200318_000.7z
2025-12-07 20:09:00,5042.747746,5.042747746,1949.128713,1429.367863,1664.251170,768000,768000,1.000000000,1,2025-12-07 20:09:00.000000,2025-12-07 20:09:59.999922,1,BAYxx_xxxx_20251207_200318_000.7z
2025-12-07 20:10:00,27578.213775,27.578213775,9062.031709,8932.839306,9583.342760,768000,768000,1.000000000,1,2025-12-07 20:10:00.000000,2025-12-07 20:10:59.999922,1,BAYxx_xxxx_20251207_200318_000.7z
2025-12-07 20:11:00,28555.314913,28.555314913,9365.774486,9202.789496,9986.750931,768000,768000,1.000000000,1,2025-12-07 20:11:00.000000,2025-12-07 20:11:59.999922,1,BAYxx_xxxx_20251207_200318_000.7z
2025-12-07 20:12:00,3877.240492,3.877240492,1565.637150,1031.331772,1280.271571,768000,768000,1.000000000,1,2025-12-07 20:12:00.000000,2025-12-07 20:12:59.999922,1,BAYxx_xxxx_20251207_200318_000.7z
