minute_start,active_power_w,active_power_kw,phase_a_power_w,phase_b_power_w,phase_c_power_w,sample_count,expected_samples,coverage_ratio,is_complete,first_sample_time,last_sample_time,source_archive_count,source_archives
2026-01-04 16:40:00,11.413453,0.011413453,3.161943,1.043168,7.208342,691333,768000,0.900173177,0,2026-01-04 16:40:00.000000,2026-01-04 16:40:59.999922,2,BAY01_1777_20260104_163010_000.7z;BAY01_1778_20260104_164016_000.7z
2026-01-04 16:41:00,11.386364,0.011386364,3.122552,1.041456,7.222356,768000,768000,1.000000000,1,2026-01-04 16:41:00.000000,2026-01-04 16:41:59.999922,1,BAY01_1778_20260104_164016_000.7z
2026-01-04 16:42:00,11.498375,0.011498375,3.316517,1.625080,6.556777,768000,768000,1.000000000,1,2026-01-04 16:42:00.000000,2026-01-04 16:42:59.999922,1,BAY01_1778_20260104_164016_000.7z
2026-01-04 16:43:00,11.544653,0.011544653,3.819997,3.689193,4.035463,768000,768000,1.000000000,1,2026-01-04 16:43:00.000000,2026-01-04 16:43:59.999922,1,BAY01_1778_20260104_164016_000.7z
2026-01-04 16:44:00,11.579020,0.011579020,3.871596,3.768234,3.939190,768000,768000,1.000000000,1,2026-01-04 16:44:00.000000,2026-01-04 16:44:59.999922,1,BAY01_1778_20260104_164016_000.7z
2026-01-04 16:45:00,11.593611,0.011593611,3.868609,3.765607,3.959395,768000,768000,1.000000000,1,2026-01-04 16:45:00.000000,2026-01-04 16:45:59.999922,1,BAY01_1778_20260104_164016_000.7z
2026-01-04 16:46:00,11.560960,0.011560960,3.846029,3.690399,4.024532,768000,768000,1.000000000,1,2026-01-04 16:46:00.000000,2026-01-04 16:46:59.999922,1,BAY01_1778_20260104_164016_000.7z
2026-01-04 16:47:00,11.596765,0.011596765,3.807164,3.788811,4.000789,768000,768000,1.000000000,1,2026-01-04 16:47:00.000000,2026-01-04 16:47:59.999922,1,BAY01_1778_20260104_164016_000.7z
2026-01-04 16:48:00,11.673349,0.011673349,3.831251,3.827256,4.014842,768000,768000,1.000000000,1,2026-01-04 16:48:00.000000,2026-01-04 16:48:59.999922,1,BAY01_1778_20260104_164016_000.7z
2026-01-04 16:49:00,11.668716,0.011668716,3.919819,3.711045,4.037851,768000,768000,1.000000000,1,2026-01-04 16:49:00.000000,2026-01-04 16:49:59.999922,1,BAY01_1778_20260104_164016_000.7z
2026-01-04 16:50:00,11.443172,0.011443172,3.836241,3.666527,3.940404,678418,768000,0.883356771,0,2026-01-04 16:50:00.000000,2026-01-04 16:50:59.999922,2,BAY01_1778_20260104_164016_000.7z;BAY01_1779_20260104_165023_000.7z
2026-01-04 16:51:00,11.445370,0.011445370,3.756927,3.702784,3.985659,768000,768000,1.000000000,1,2026-01-04 16:51:00.000000,2026-01-04 16:51:59.999922,1,BAY01_1779_20260104_165023_000.7z
2026-01-04 16:52:00,11.564430,0.011564430,3.810399,3.729501,4.024530,768000,768000,1.000000000,1,2026-01-04 16:52:00.000000,2026-01-04 16:52:59.999922,1,BAY01_1779_20260104_165023_000.7z
2026-01-04 16:53:00,11.296778,0.011296778,3.695056,3.290703,4.311019,768000,768000,1.000000000,1,2026-01-04 16:53:00.000000,2026-01-04 16:53:59.999922,1,BAY01_1779_20260104_165023_000.7z
2026-01-04 16:54:00,10.322108,0.010322108,3.465970,1.949398,4.906740,768000,768000,1.000000000,1,2026-01-04 16:54:00.000000,2026-01-04 16:54:59.999922,1,BAY01_1779_20260104_165023_000.7z
2026-01-04 16:55:00,10.351067,0.010351067,3.463841,1.914281,4.972945,768000,768000,1.000000000,1,2026-01-04 16:55:00.000000,2026-01-04 16:55:59.999922,1,BAY01_1779_20260104_165023_000.7z
2026-01-04 16:56:00,10.370040,0.010370040,3.372332,2.001500,4.996207,768000,768000,1.000000000,1,2026-01-04 16:56:00.000000,2026-01-04 16:56:59.999922,1,BAY01_1779_20260104_165023_000.7z
2026-01-04 16:57:00,10.342051,0.010342051,3.442299,1.915318,4.984434,768000,768000,1.000000000,1,2026-01-04 16:57:00.000000,2026-01-04 16:57:59.999922,1,BAY01_1779_20260104_165023_000.7z
2026-01-04 16:58:00,10.364175,0.010364175,3.438503,1.915487,5.010185,768000,768000,1.000000000,1,2026-01-04 16:58:00.000000,2026-01-04 16:58:59.999922,1,BAY01_1779_20260104_165023_000.7z
2026-01-04 16:59:00,10.441200,0.010441200,3.480166,1.984702,4.976333,768000,768000,1.000000000,1,2026-01-04 16:59:00.000000,2026-01-04 16:59:59.999922,1,BAY01_1779_20260104_165023_000.7z
2026-01-04 17:00:00,10.332596,0.010332596,3.417051,1.978025,4.937520,678510,768000,0.883476562,0,2026-01-04 17:00:00.000000,2026-01-04 17:00:59.999922,2,BAY01_1779_20260104_165023_000.7z;BAY01_1780_20260104_170030_000.7z
2026-01-04 17:01:00,10.290457,0.010290457,3.426281,1.924872,4.939304,768000,768000,1.000000000,1,2026-01-04 17:01:00.000000,2026-01-04 17:01:59.999922,1,BAY01_1780_20260104_170030_000.7z
2026-01-04 17:02:00,10.348399,0.010348399,3.404285,1.920067,5.024046,768000,768000,1.000000000,1,2026-01-04 17:02:00.000000,2026-01-04 17:02:59.999922,1,BAY01_1780_20260104_170030_000.7z
2026-01-04 17:03:00,10.424075,0.010424075,3.444593,1.904208,5.075273,768000,768000,1.000000000,1,2026-01-04 17:03:00.000000,2026-01-04 17:03:59.999922,1,BAY01_1780_20260104_170030_000.7z
2026-01-04 17:04:00,10.418996,0.010418996,3.471387,1.877297,5.070311,768000,768000,1.000000000,1,2026-01-04 17:04:00.000000,2026-01-04 17:04:59.999922,1,BAY01_1780_20260104_170030_000.7z
2026-01-04 17:05:00,10.357924,0.010357924,3.413707,1.929441,5.014776,768000,768000,1.000000000,1,2026-01-04 17:05:00.000000,2026-01-04 17:05:59.999922,1,BAY01_1780_20260104_170030_000.7z
2026-01-04 17:06:00,10.373613,0.010373613,3.389368,2.019343,4.964901,768000,768000,1.000000000,1,2026-01-04 17:06:00.000000,2026-01-04 17:06:59.999922,1,BAY01_1780_20260104_170030_000.7z
2026-01-04 17:07:00,10.719654,0.010719654,3.710087,1.991559,5.018008,768000,768000,1.000000000,1,2026-01-04 17:07:00.000000,2026-01-04 17:07:59.999922,1,BAY01_1780_20260104_170030_000.7z
2026-01-04 17:08:00,5260.614297,5.260614297,5253.650993,1.965647,4.997658,768000,768000,1.000000000,1,2026-01-04 17:08:00.000000,2026-01-04 17:08:59.999922,1,BAY01_1780_20260104_170030_000.7z
2026-01-04 17:09:00,7144.024592,7.144024592,7137.124286,1.906638,4.993668,768000,768000,1.000000000,1,2026-01-04 17:09:00.000000,2026-01-04 17:09:59.999922,1,BAY01_1780_20260104_170030_000.7z
2026-01-04 17:10:00,7153.896854,7.153896854,7146.938287,1.949740,5.008827,678490,768000,0.883450521,0,2026-01-04 17:10:00.000000,2026-01-04 17:10:59.999922,2,BAY01_1780_20260104_170030_000.7z;BAY01_1781_20260104_171037_000.7z
2026-01-04 17:11:00,7161.948477,7.161948477,7155.081560,1.829245,5.037672,768000,768000,1.000000000,1,2026-01-04 17:11:00.000000,2026-01-04 17:11:59.999922,1,BAY01_1781_20260104_171037_000.7z
2026-01-04 17:12:00,7169.289048,7.169289048,7162.360252,1.845400,5.083396,768000,768000,1.000000000,1,2026-01-04 17:12:00.000000,2026-01-04 17:12:59.999922,1,BAY01_1781_20260104_171037_000.7z
2026-01-04 17:13:00,7175.666642,7.175666642,7168.709765,1.925522,5.031356,768000,768000,1.000000000,1,2026-01-04 17:13:00.000000,2026-01-04 17:13:59.999922,1,BAY01_1781_20260104_171037_000.7z
2026-01-04 17:14:00,7174.485075,7.174485075,7167.660505,1.870320,4.954250,768000,768000,1.000000000,1,2026-01-04 17:14:00.000000,2026-01-04 17:14:59.999922,1,BAY01_1781_20260104_171037_000.7z
2026-01-04 17:15:00,7175.111296,7.175111296,7168.208612,1.879222,5.023461,768000,768000,1.000000000,1,2026-01-04 17:15:00.000000,2026-01-04 17:15:59.999922,1,BAY01_1781_20260104_171037_000.7z
2026-01-04 17:16:00,7181.747667,7.181747667,7174.848008,1.849178,5.050481,768000,768000,1.000000000,1,2026-01-04 17:16:00.000000,2026-01-04 17:16:59.999922,1,BAY01_1781_20260104_171037_000.7z
2026-01-04 17:17:00,7187.525166,7.187525166,7180.568779,1.960310,4.996076,768000,768000,1.000000000,1,2026-01-04 17:17:00.000000,2026-01-04 17:17:59.999922,1,BAY01_1781_20260104_171037_000.7z
2026-01-04 17:18:00,7192.402340,7.192402340,7185.398183,1.884127,5.120030,768000,768000,1.000000000,1,2026-01-04 17:18:00.000000,2026-01-04 17:18:59.999922,1,BAY01_1781_20260104_171037_000.7z
2026-01-04 17:19:00,7198.703905,7.198703905,7191.752696,1.948212,5.002998,768000,768000,1.000000000,1,2026-01-04 17:19:00.000000,2026-01-04 17:19:59.999922,1,BAY01_1781_20260104_171037_000.7z
2026-01-04 17:20:00,7203.136916,7.203136916,7196.227082,1.853406,5.056428,691315,768000,0.900149740,0,2026-01-04 17:20:00.000000,2026-01-04 17:20:59.999922,2,BAY01_1781_20260104_171037_000.7z;BAY01_1782_20260104_172043_000.7z
2026-01-04 17:21:00,7205.290374,7.205290374,7198.455467,1.850170,4.984738,768000,768000,1.000000000,1,2026-01-04 17:21:00.000000,2026-01-04 17:21:59.999922,1,BAY01_1782_20260104_172043_000.7z
2026-01-04 17:22:00,7212.151565,7.212151565,7205.185783,1.883635,5.082147,768000,768000,1.000000000,1,2026-01-04 17:22:00.000000,2026-01-04 17:22:59.999922,1,BAY01_1782_20260104_172043_000.7z
2026-01-04 17:23:00,7216.684658,7.216684658,7209.750154,1.879725,5.054778,768000,768000,1.000000000,1,2026-01-04 17:23:00.000000,2026-01-04 17:23:59.999922,1,BAY01_1782_20260104_172043_000.7z
2026-01-04 17:24:00,7219.187641,7.219187641,7212.311100,1.914419,4.962121,768000,768000,1.000000000,1,2026-01-04 17:24:00.000000,2026-01-04 17:24:59.999922,1,BAY01_1782_20260104_172043_000.7z
2026-01-04 17:25:00,7212.696593,7.212696593,7205.756095,1.930394,5.010104,768000,768000,1.000000000,1,2026-01-04 17:25:00.000000,2026-01-04 17:25:59.999922,1,BAY01_1782_20260104_172043_000.7z
2026-01-04 17:26:00,7211.596880,7.211596880,7204.651241,1.854956,5.090684,768000,768000,1.000000000,1,2026-01-04 17:26:00.000000,2026-01-04 17:26:59.999922,1,BAY01_1782_20260104_172043_000.7z
2026-01-04 17:27:00,7213.878898,7.213878898,7206.892003,1.894123,5.092772,768000,768000,1.000000000,1,2026-01-04 17:27:00.000000,2026-01-04 17:27:59.999922,1,BAY01_1782_20260104_172043_000.7z
2026-01-04 17:28:00,7216.272543,7.216272543,7209.243269,1.927059,5.102215,768000,768000,1.000000000,1,2026-01-04 17:28:00.000000,2026-01-04 17:28:59.999922,1,BAY01_1782_20260104_172043_000.7z
2026-01-04 17:29:00,7219.342585,7.219342585,7212.422760,1.834826,5.084999,768000,768000,1.000000000,1,2026-01-04 17:29:00.000000,2026-01-04 17:29:59.999922,1,BAY01_1782_20260104_172043_000.7z
2026-01-04 17:30:00,7221.553682,7.221553682,7214.595262,1.882336,5.076084,665606,768000,0.866674479,0,2026-01-04 17:30:00.000000,2026-01-04 17:30:59.999922,2,BAY01_1782_20260104_172043_000.7z;BAY01_1783_20260104_173051_000.7z
2026-01-04 17:31:00,7221.845840,7.221845840,7214.929587,1.840946,5.075307,768000,768000,1.000000000,1,2026-01-04 17:31:00.000000,2026-01-04 17:31:59.999922,1,BAY01_1783_20260104_173051_000.7z
2026-01-04 17:32:00,7226.442708,7.226442708,7219.486281,1.948091,5.008337,768000,768000,1.000000000,1,2026-01-04 17:32:00.000000,2026-01-04 17:32:59.999922,1,BAY01_1783_20260104_173051_000.7z
2026-01-04 17:33:00,7232.480273,7.232480273,7225.485822,1.871353,5.123099,768000,768000,1.000000000,1,2026-01-04 17:33:00.000000,2026-01-04 17:33:59.999922,1,BAY01_1783_20260104_173051_000.7z
2026-01-04 17:34:00,7236.435182,7.236435182,7229.491566,1.876004,5.067613,768000,768000,1.000000000,1,2026-01-04 17:34:00.000000,2026-01-04 17:34:59.999922,1,BAY01_1783_20260104_173051_000.7z
2026-01-04 17:35:00,7239.816968,7.239816968,7232.907198,1.870740,5.039030,768000,768000,1.000000000,1,2026-01-04 17:35:00.000000,2026-01-04 17:35:59.999922,1,BAY01_1783_20260104_173051_000.7z
2026-01-04 17:36:00,7241.196296,7.241196296,7234.224933,1.879527,5.091836,768000,768000,1.000000000,1,2026-01-04 17:36:00.000000,2026-01-04 17:36:59.999922,1,BAY01_1783_20260104_173051_000.7z
2026-01-04 17:37:00,7243.478937,7.243478937,7236.500632,1.889541,5.088763,768000,768000,1.000000000,1,2026-01-04 17:37:00.000000,2026-01-04 17:37:59.999922,1,BAY01_1783_20260104_173051_000.7z
2026-01-04 17:38:00,7245.359885,7.245359885,7238.351473,1.917878,5.090534,768000,768000,1.000000000,1,2026-01-04 17:38:00.000000,2026-01-04 17:38:59.999922,1,BAY01_1783_20260104_173051_000.7z
2026-01-04 17:39:00,7245.405320,7.245405320,7238.500837,1.854211,5.050272,768000,768000,1.000000000,1,2026-01-04 17:39:00.000000,2026-01-04 17:39:59.999922,1,BAY01_1783_20260104_173051_000.7z
2026-01-04 17:40:00,7249.557005,7.249557005,7242.623125,1.936854,4.997026,665731,768000,0.866837240,0,2026-01-04 17:40:00.000000,2026-01-04 17:40:59.999922,2,BAY01_1783_20260104_173051_000.7z;BAY01_1784_20260104_174059_000.7z
2026-01-04 17:41:00,7246.093229,7.246093229,7239.214577,1.910721,4.967931,768000,768000,1.000000000,1,2026-01-04 17:41:00.000000,2026-01-04 17:41:59.999922,1,BAY01_1784_20260104_174059_000.7z
2026-01-04 17:42:00,7253.775028,7.253775028,7246.814040,1.874261,5.086728,768000,768000,1.000000000,1,2026-01-04 17:42:00.000000,2026-01-04 17:42:59.999922,1,BAY01_1784_20260104_174059_000.7z
2026-01-04 17:43:00,7257.269870,7.257269870,7250.251726,1.874966,5.143178,768000,768000,1.000000000,1,2026-01-04 17:43:00.000000,2026-01-04 17:43:59.999922,1,BAY01_1784_20260104_174059_000.7z
2026-01-04 17:44:00,7250.107946,7.250107946,7243.144908,1.989482,4.973555,768000,768000,1.000000000,1,2026-01-04 17:44:00.000000,2026-01-04 17:44:59.999922,1,BAY01_1784_20260104_174059_000.7z
2026-01-04 17:45:00,7255.259399,7.255259399,7248.342790,1.840466,5.076144,768000,768000,1.000000000,1,2026-01-04 17:45:00.000000,2026-01-04 17:45:59.999922,1,BAY01_1784_20260104_174059_000.7z
2026-01-04 17:46:00,7259.352976,7.259352976,7252.403698,1.942947,5.006332,768000,768000,1.000000000,1,2026-01-04 17:46:00.000000,2026-01-04 17:46:59.999922,1,BAY01_1784_20260104_174059_000.7z
2026-01-04 17:47:00,7244.793399,7.244793399,7237.891568,1.888969,5.012862,768000,768000,1.000000000,1,2026-01-04 17:47:00.000000,2026-01-04 17:47:59.999922,1,BAY01_1784_20260104_174059_000.7z
2026-01-04 17:48:00,7250.741843,7.250741843,7243.722214,1.930252,5.089376,768000,768000,1.000000000,1,2026-01-04 17:48:00.000000,2026-01-04 17:48:59.999922,1,BAY01_1784_20260104_174059_000.7z
2026-01-04 17:49:00,7243.269513,7.243269513,7236.379366,1.875800,5.014348,768000,768000,1.000000000,1,2026-01-04 17:49:00.000000,2026-01-04 17:49:59.999922,1,BAY01_1784_20260104_174059_000.7z
2026-01-04 17:50:00,7253.650211,7.253650211,7246.672593,1.888706,5.088912,755277,768000,0.983433594,0,2026-01-04 17:50:00.000000,2026-01-04 17:50:59.005938,1,BAY01_1784_20260104_174059_000.7z
2026-01-04 17:51:00,7244.320440,7.244320440,7237.403834,1.884707,5.031899,691200,768000,0.900000000,0,2026-01-04 17:51:06.000000,2026-01-04 17:51:59.999922,1,BAY01_1785_20260104_175106_000.7z
2026-01-04 17:52:00,7252.736720,7.252736720,7245.802042,1.892054,5.042624,768000,768000,1.000000000,1,2026-01-04 17:52:00.000000,2026-01-04 17:52:59.999922,1,BAY01_1785_20260104_175106_000.7z
2026-01-04 17:53:00,7254.193825,7.254193825,7247.245637,1.903278,5.044910,768000,768000,1.000000000,1,2026-01-04 17:53:00.000000,2026-01-04 17:53:59.999922,1,BAY01_1785_20260104_175106_000.7z
2026-01-04 17:54:00,7264.423140,7.264423140,7257.492942,1.845140,5.085058,768000,768000,1.000000000,1,2026-01-04 17:54:00.000000,2026-01-04 17:54:59.999922,1,BAY01_1785_20260104_175106_000.7z
2026-01-04 17:55:00,7254.675502,7.254675502,7247.721549,1.944509,5.009444,768000,768000,1.000000000,1,2026-01-04 17:55:00.000000,2026-01-04 17:55:59.999922,1,BAY01_1785_20260104_175106_000.7z
2026-01-04 17:56:00,7265.763689,7.265763689,7258.795245,1.909611,5.058833,768000,768000,1.000000000,1,2026-01-04 17:56:00.000000,2026-01-04 17:56:59.999922,1,BAY01_1785_20260104_175106_000.7z
2026-01-04 17:57:00,7258.317356,7.258317356,7251.375866,1.888468,5.053021,768000,768000,1.000000000,1,2026-01-04 17:57:00.000000,2026-01-04 17:57:59.999922,1,BAY01_1785_20260104_175106_000.7z
2026-01-04 17:58:00,7265.679499,7.265679499,7258.653344,1.897485,5.128669,768000,768000,1.000000000,1,2026-01-04 17:58:00.000000,2026-01-04 17:58:59.999922,1,BAY01_1785_20260104_175106_000.7z
2026-01-04 17:59:00,7262.481072,7.262481072,7255.472675,1.926171,5.082226,768000,768000,1.000000000,1,2026-01-04 17:59:00.000000,2026-01-04 17:59:59.999922,1,BAY01_1785_20260104_175106_000.7z
2026-01-04 18:00:00,7265.591293,7.265591293,7258.656409,1.885864,5.049020,768000,768000,1.000000000,1,2026-01-04 18:00:00.000000,2026-01-04 18:00:59.999922,1,BAY01_1785_20260104_175106_000.7z
2026-01-04 18:01:00,7265.203755,7.265203755,7258.293048,1.880697,5.030010,678422,768000,0.883361979,0,2026-01-04 18:01:00.000000,2026-01-04 18:01:59.999922,2,BAY01_1785_20260104_175106_000.7z;BAY01_1786_20260104_180113_000.7z
2026-01-04 18:02:00,7263.709813,7.263709813,7256.776708,1.943369,4.989736,768000,768000,1.000000000,1,2026-01-04 18:02:00.000000,2026-01-04 18:02:59.999922,1,BAY01_1786_20260104_180113_000.7z
2026-01-04 18:03:00,7272.728207,7.272728207,7265.735413,1.942360,5.050434,768000,768000,1.000000000,1,2026-01-04 18:03:00.000000,2026-01-04 18:03:59.999922,1,BAY01_1786_20260104_180113_000.7z
2026-01-04 18:04:00,7271.618977,7.271618977,7264.551793,1.923682,5.143501,768000,768000,1.000000000,1,2026-01-04 18:04:00.000000,2026-01-04 18:04:59.999922,1,BAY01_1786_20260104_180113_000.7z
2026-01-04 18:05:00,7273.726404,7.273726404,7266.764668,1.923984,5.037752,768000,768000,1.000000000,1,2026-01-04 18:05:00.000000,2026-01-04 18:05:59.999922,1,BAY01_1786_20260104_180113_000.7z
2026-01-04 18:06:00,7276.880575,7.276880575,7269.947813,1.869756,5.063006,768000,768000,1.000000000,1,2026-01-04 18:06:00.000000,2026-01-04 18:06:59.999922,1,BAY01_1786_20260104_180113_000.7z
2026-01-04 18:07:00,7270.804963,7.270804963,7263.842349,1.964153,4.998461,768000,768000,1.000000000,1,2026-01-04 18:07:00.000000,2026-01-04 18:07:59.999922,1,BAY01_1786_20260104_180113_000.7z
2026-01-04 18:08:00,7279.427880,7.279427880,7272.464167,1.986765,4.976948,768000,768000,1.000000000,1,2026-01-04 18:08:00.000000,2026-01-04 18:08:59.999922,1,BAY01_1786_20260104_180113_000.7z
2026-01-04 18:09:00,7270.931152,7.270931152,7263.948630,1.945799,5.036723,768000,768000,1.000000000,1,2026-01-04 18:09:00.000000,2026-01-04 18:09:59.999922,1,BAY01_1786_20260104_180113_000.7z
2026-01-04 18:10:00,7278.929886,7.278929886,7272.016985,1.919230,4.993671,768000,768000,1.000000000,1,2026-01-04 18:10:00.000000,2026-01-04 18:10:59.999922,1,BAY01_1786_20260104_180113_000.7z
2026-01-04 18:11:00,7285.959986,7.285959986,7279.054366,1.916239,4.989381,691264,768000,0.900083333,0,2026-01-04 18:11:00.000000,2026-01-04 18:11:59.999922,2,BAY01_1786_20260104_180113_000.7z;BAY01_1787_20260104_181119_000.7z
2026-01-04 18:12:00,7277.669769,7.277669769,7270.729826,1.856564,5.083379,768000,768000,1.000000000,1,2026-01-04 18:12:00.000000,2026-01-04 18:12:59.999922,1,BAY01_1787_20260104_181119_000.7z
2026-01-04 18:13:00,7280.826744,7.280826744,7276.528172,0.355379,3.943194,768000,768000,1.000000000,1,2026-01-04 18:13:00.000000,2026-01-04 18:13:59.999922,1,BAY01_1787_20260104_181119_000.7z
2026-01-04 18:14:00,7286.918925,7.286918925,7283.559975,-0.244535,3.603485,768000,768000,1.000000000,1,2026-01-04 18:14:00.000000,2026-01-04 18:14:59.999922,1,BAY01_1787_20260104_181119_000.7z
2026-01-04 18:15:00,7279.159888,7.279159888,7275.882349,-0.257993,3.535533,768000,768000,1.000000000,1,2026-01-04 18:15:00.000000,2026-01-04 18:15:59.999922,1,BAY01_1787_20260104_181119_000.7z
2026-01-04 18:16:00,7284.701718,7.284701718,7281.349658,-0.265657,3.617717,768000,768000,1.000000000,1,2026-01-04 18:16:00.000000,2026-01-04 18:16:59.999922,1,BAY01_1787_20260104_181119_000.7z
2026-01-04 18:17:00,7290.222693,7.290222693,7286.930346,-0.218161,3.510508,768000,768000,1.000000000,1,2026-01-04 18:17:00.000000,2026-01-04 18:17:59.999922,1,BAY01_1787_20260104_181119_000.7z
2026-01-04 18:18:00,7281.869075,7.281869075,7278.575157,-0.270780,3.564697,768000,768000,1.000000000,1,2026-01-04 18:18:00.000000,2026-01-04 18:18:59.999922,1,BAY01_1787_20260104_181119_000.7z
2026-01-04 18:19:00,7285.827212,7.285827212,7282.495285,-0.224427,3.556355,768000,768000,1.000000000,1,2026-01-04 18:19:00.000000,2026-01-04 18:19:59.999922,1,BAY01_1787_20260104_181119_000.7z
2026-01-04 18:20:00,7284.837428,7.284837428,7281.517046,-0.226430,3.546813,768000,768000,1.000000000,1,2026-01-04 18:20:00.000000,2026-01-04 18:20:59.999922,1,BAY01_1787_20260104_181119_000.7z
2026-01-04 18:21:00,7280.580998,7.280580998,7277.260045,-0.229125,3.550078,678537,768000,0.883511719,0,2026-01-04 18:21:00.000000,2026-01-04 18:21:59.999922,2,BAY01_1787_20260104_181119_000.7z;BAY01_1788_20260104_182126_000.7z
2026-01-04 18:22:00,7289.925435,7.289925435,7286.656911,-0.203444,3.471967,768000,768000,1.000000000,1,2026-01-04 18:22:00.000000,2026-01-04 18:22:59.999922,1,BAY01_1788_20260104_182126_000.7z
2026-01-04 18:23:00,7287.755804,7.287755804,7284.426008,-0.236634,3.566431,768000,768000,1.000000000,1,2026-01-04 18:23:00.000000,2026-01-04 18:23:59.999922,1,BAY01_1788_20260104_182126_000.7z
2026-01-04 18:24:00,7288.201580,7.288201580,7284.867241,-0.153769,3.488108,768000,768000,1.000000000,1,2026-01-04 18:24:00.000000,2026-01-04 18:24:59.999922,1,BAY01_1788_20260104_182126_000.7z
2026-01-04 18:25:00,7288.308393,7.288308393,7284.922686,-0.194578,3.580286,768000,768000,1.000000000,1,2026-01-04 18:25:00.000000,2026-01-04 18:25:59.999922,1,BAY01_1788_20260104_182126_000.7z
2026-01-04 18:26:00,7288.254927,7.288254927,7284.903540,-0.228517,3.579904,768000,768000,1.000000000,1,2026-01-04 18:26:00.000000,2026-01-04 18:26:59.999922,1,BAY01_1788_20260104_182126_000.7z
2026-01-04 18:27:00,7295.130813,7.295130813,7291.789532,-0.262232,3.603512,768000,768000,1.000000000,1,2026-01-04 18:27:00.000000,2026-01-04 18:27:59.999922,1,BAY01_1788_20260104_182126_000.7z
2026-01-04 18:28:00,7286.809834,7.286809834,7283.402408,-0.200647,3.608074,768000,768000,1.000000000,1,2026-01-04 18:28:00.000000,2026-01-04 18:28:59.999922,1,BAY01_1788_20260104_182126_000.7z
2026-01-04 18:29:00,7292.075382,7.292075382,7288.757102,-0.255505,3.573785,768000,768000,1.000000000,1,2026-01-04 18:29:00.000000,2026-01-04 18:29:59.999922,1,BAY01_1788_20260104_182126_000.7z
2026-01-04 18:30:00,7294.229121,7.294229121,7290.852216,-0.227267,3.604172,768000,768000,1.000000000,1,2026-01-04 18:30:00.000000,2026-01-04 18:30:59.999922,1,BAY01_1788_20260104_182126_000.7z
2026-01-04 18:31:00,7275.129050,7.275129050,7271.893027,-0.260580,3.496603,691221,768000,0.900027344,0,2026-01-04 18:31:00.000000,2026-01-04 18:31:59.999922,2,BAY01_1788_20260104_182126_000.7z;BAY01_1789_20260104_183132_000.7z
2026-01-04 18:32:00,7278.386213,7.278386213,7275.090998,-0.227809,3.523024,768000,768000,1.000000000,1,2026-01-04 18:32:00.000000,2026-01-04 18:32:59.999922,1,BAY01_1789_20260104_183132_000.7z
2026-01-04 18:33:00,7279.675303,7.279675303,7276.343922,-0.189188,3.520569,768000,768000,1.000000000,1,2026-01-04 18:33:00.000000,2026-01-04 18:33:59.999922,1,BAY01_1789_20260104_183132_000.7z
2026-01-04 18:34:00,7284.001217,7.284001217,7280.683524,-0.222669,3.540362,768000,768000,1.000000000,1,2026-01-04 18:34:00.000000,2026-01-04 18:34:59.999922,1,BAY01_1789_20260104_183132_000.7z
2026-01-04 18:35:00,7288.297194,7.288297194,7285.422973,-0.806022,3.680243,768000,768000,1.000000000,1,2026-01-04 18:35:00.000000,2026-01-04 18:35:59.999922,1,BAY01_1789_20260104_183132_000.7z
2026-01-04 18:36:00,7280.483159,7.280483159,7277.175293,-0.265029,3.572895,768000,768000,1.000000000,1,2026-01-04 18:36:00.000000,2026-01-04 18:36:59.999922,1,BAY01_1789_20260104_183132_000.7z
2026-01-04 18:37:00,7281.088754,7.281088754,7277.798657,-0.221662,3.511759,768000,768000,1.000000000,1,2026-01-04 18:37:00.000000,2026-01-04 18:37:59.999922,1,BAY01_1789_20260104_183132_000.7z
2026-01-04 18:38:00,7289.503787,7.289503787,7286.126100,-0.123891,3.501577,768000,768000,1.000000000,1,2026-01-04 18:38:00.000000,2026-01-04 18:38:59.999922,1,BAY01_1789_20260104_183132_000.7z
2026-01-04 18:39:00,7290.360962,7.290360962,7287.006625,-0.208189,3.562527,768000,768000,1.000000000,1,2026-01-04 18:39:00.000000,2026-01-04 18:39:59.999922,1,BAY01_1789_20260104_183132_000.7z
2026-01-04 18:40:00,7276.905320,7.276905320,7273.585074,-0.170841,3.491087,768000,768000,1.000000000,1,2026-01-04 18:40:00.000000,2026-01-04 18:40:59.999922,1,BAY01_1789_20260104_183132_000.7z
2026-01-04 18:41:00,7279.937815,7.279937815,7276.539886,-0.154261,3.552190,678421,768000,0.883360677,0,2026-01-04 18:41:00.000000,2026-01-04 18:41:59.999922,2,BAY01_1789_20260104_183132_000.7z;BAY01_1790_20260104_184139_000.7z
2026-01-04 18:42:00,7283.678401,7.283678401,7280.355533,-0.278888,3.601756,768000,768000,1.000000000,1,2026-01-04 18:42:00.000000,2026-01-04 18:42:59.999922,1,BAY01_1790_20260104_184139_000.7z
2026-01-04 18:43:00,7290.638174,7.290638174,7287.230698,-0.134160,3.541636,768000,768000,1.000000000,1,2026-01-04 18:43:00.000000,2026-01-04 18:43:59.999922,1,BAY01_1790_20260104_184139_000.7z
2026-01-04 18:44:00,7281.257545,7.281257545,7277.837501,-0.164139,3.584183,768000,768000,1.000000000,1,2026-01-04 18:44:00.000000,2026-01-04 18:44:59.999922,1,BAY01_1790_20260104_184139_000.7z
2026-01-04 18:45:00,7283.663617,7.283663617,7280.282959,-0.232588,3.613247,768000,768000,1.000000000,1,2026-01-04 18:45:00.000000,2026-01-04 18:45:59.999922,1,BAY01_1790_20260104_184139_000.7z
2026-01-04 18:46:00,7285.368265,7.285368265,7281.987208,-0.169787,3.550844,768000,768000,1.000000000,1,2026-01-04 18:46:00.000000,2026-01-04 18:46:59.999922,1,BAY01_1790_20260104_184139_000.7z
2026-01-04 18:47:00,7289.901733,7.289901733,7286.536746,-0.177247,3.542233,768000,768000,1.000000000,1,2026-01-04 18:47:00.000000,2026-01-04 18:47:59.999922,1,BAY01_1790_20260104_184139_000.7z
2026-01-04 18:48:00,7284.675573,7.284675573,7281.254221,-0.153120,3.574473,768000,768000,1.000000000,1,2026-01-04 18:48:00.000000,2026-01-04 18:48:59.999922,1,BAY01_1790_20260104_184139_000.7z
2026-01-04 18:49:00,7282.959847,7.282959847,7279.510911,-0.113589,3.562525,768000,768000,1.000000000,1,2026-01-04 18:49:00.000000,2026-01-04 18:49:59.999922,1,BAY01_1790_20260104_184139_000.7z
2026-01-04 18:50:00,7283.653813,7.283653813,7280.345631,-0.201771,3.509953,768000,768000,1.000000000,1,2026-01-04 18:50:00.000000,2026-01-04 18:50:59.999922,1,BAY01_1790_20260104_184139_000.7z
2026-01-04 18:51:00,7285.129629,7.285129629,7281.747555,-0.154414,3.536488,691225,768000,0.900032552,0,2026-01-04 18:51:00.000000,2026-01-04 18:51:59.999922,2,BAY01_1790_20260104_184139_000.7z;BAY01_1791_20260104_185145_000.7z
2026-01-04 18:52:00,7290.533608,7.290533608,7287.234404,-0.249863,3.549067,768000,768000,1.000000000,1,2026-01-04 18:52:00.000000,2026-01-04 18:52:59.999922,1,BAY01_1791_20260104_185145_000.7z
2026-01-04 18:53:00,7287.305032,7.287305032,7283.866988,-0.142533,3.580578,768000,768000,1.000000000,1,2026-01-04 18:53:00.000000,2026-01-04 18:53:59.999922,1,BAY01_1791_20260104_185145_000.7z
2026-01-04 18:54:00,7282.715577,7.282715577,7279.322482,-0.142530,3.535625,768000,768000,1.000000000,1,2026-01-04 18:54:00.000000,2026-01-04 18:54:59.999922,1,BAY01_1791_20260104_185145_000.7z
2026-01-04 18:55:00,7281.626718,7.281626718,7278.202839,-0.187002,3.610881,768000,768000,1.000000000,1,2026-01-04 18:55:00.000000,2026-01-04 18:55:59.999922,1,BAY01_1791_20260104_185145_000.7z
2026-01-04 18:56:00,7285.997633,7.285997633,7282.688923,-0.210719,3.519429,768000,768000,1.000000000,1,2026-01-04 18:56:00.000000,2026-01-04 18:56:59.999922,1,BAY01_1791_20260104_185145_000.7z
2026-01-04 18:57:00,7288.652175,7.288652175,7285.334466,-0.194957,3.512666,768000,768000,1.000000000,1,2026-01-04 18:57:00.000000,2026-01-04 18:57:59.999922,1,BAY01_1791_20260104_185145_000.7z
2026-01-04 18:58:00,7290.356320,7.290356320,7286.893746,-0.089637,3.552211,768000,768000,1.000000000,1,2026-01-04 18:58:00.000000,2026-01-04 18:58:59.999922,1,BAY01_1791_20260104_185145_000.7z
2026-01-04 18:59:00,7289.116200,7.289116200,7285.723412,-0.219116,3.611904,768000,768000,1.000000000,1,2026-01-04 18:59:00.000000,2026-01-04 18:59:59.999922,1,BAY01_1791_20260104_185145_000.7z
2026-01-04 19:00:00,7291.438062,7.291438062,7288.101253,-0.195211,3.532020,768000,768000,1.000000000,1,2026-01-04 19:00:00.000000,2026-01-04 19:00:59.999922,1,BAY01_1791_20260104_185145_000.7z
2026-01-04 19:01:00,7293.122798,7.293122798,7289.822429,-0.264084,3.564452,678465,768000,0.883417969,0,2026-01-04 19:01:00.000000,2026-01-04 19:01:59.999922,2,BAY01_1791_20260104_185145_000.7z;BAY01_1792_20260104_190152_000.7z
2026-01-04 19:02:00,7281.821205,7.281821205,7278.409900,-0.130822,3.542127,768000,768000,1.000000000,1,2026-01-04 19:02:00.000000,2026-01-04 19:02:59.999922,1,BAY01_1792_20260104_190152_000.7z
2026-01-04 19:03:00,7290.679203,7.290679203,7286.427032,0.729222,3.522949,768000,768000,1.000000000,1,2026-01-04 19:03:00.000000,2026-01-04 19:03:59.999922,1,BAY01_1792_20260104_190152_000.7z
2026-01-04 19:04:00,7289.271787,7.289271787,7284.669592,1.018291,3.583904,768000,768000,1.000000000,1,2026-01-04 19:04:00.000000,2026-01-04 19:04:59.999922,1,BAY01_1792_20260104_190152_000.7z
2026-01-04 19:05:00,7291.818625,7.291818625,7287.343560,0.887828,3.587236,768000,768000,1.000000000,1,2026-01-04 19:05:00.000000,2026-01-04 19:05:59.999922,1,BAY01_1792_20260104_190152_000.7z
2026-01-04 19:06:00,7295.821936,7.295821936,7291.484482,0.783428,3.554026,768000,768000,1.000000000,1,2026-01-04 19:06:00.000000,2026-01-04 19:06:59.999922,1,BAY01_1792_20260104_190152_000.7z
2026-01-04 19:07:00,7290.971289,7.290971289,7286.718021,0.740897,3.512371,768000,768000,1.000000000,1,2026-01-04 19:07:00.000000,2026-01-04 19:07:59.999922,1,BAY01_1792_20260104_190152_000.7z
2026-01-04 19:08:00,7286.809702,7.286809702,7282.983236,0.268265,3.558201,768000,768000,1.000000000,1,2026-01-04 19:08:00.000000,2026-01-04 19:08:59.999922,1,BAY01_1792_20260104_190152_000.7z
2026-01-04 19:09:00,7290.976263,7.290976263,7287.251119,0.126742,3.598402,768000,768000,1.000000000,1,2026-01-04 19:09:00.000000,2026-01-04 19:09:59.999922,1,BAY01_1792_20260104_190152_000.7z
2026-01-04 19:10:00,7290.269341,7.290269341,7286.567573,0.182324,3.519444,768000,768000,1.000000000,1,2026-01-04 19:10:00.000000,2026-01-04 19:10:59.999922,1,BAY01_1792_20260104_190152_000.7z
2026-01-04 19:11:00,7293.696754,7.293696754,7290.015239,0.114675,3.566841,678493,768000,0.883454427,0,2026-01-04 19:11:00.000000,2026-01-04 19:11:59.999922,2,BAY01_1792_20260104_190152_000.7z;BAY01_1793_20260104_191159_000.7z
2026-01-04 19:12:00,7296.353296,7.296353296,7292.639219,0.152364,3.561713,768000,768000,1.000000000,1,2026-01-04 19:12:00.000000,2026-01-04 19:12:59.999922,1,BAY01_1793_20260104_191159_000.7z
2026-01-04 19:13:00,7292.166933,7.292166933,7288.687041,-0.125719,3.605611,768000,768000,1.000000000,1,2026-01-04 19:13:00.000000,2026-01-04 19:13:59.999922,1,BAY01_1793_20260104_191159_000.7z
2026-01-04 19:14:00,7298.245195,7.298245195,7294.946674,-0.201635,3.500156,768000,768000,1.000000000,1,2026-01-04 19:14:00.000000,2026-01-04 19:14:59.999922,1,BAY01_1793_20260104_191159_000.7z
2026-01-04 19:15:00,7299.984356,7.299984356,7296.716795,-0.245304,3.512864,768000,768000,1.000000000,1,2026-01-04 19:15:00.000000,2026-01-04 19:15:59.999922,1,BAY01_1793_20260104_191159_000.7z
2026-01-04 19:16:00,7293.961270,7.293961270,7290.597308,-0.230643,3.594606,768000,768000,1.000000000,1,2026-01-04 19:16:00.000000,2026-01-04 19:16:59.999922,1,BAY01_1793_20260104_191159_000.7z
2026-01-04 19:17:00,7290.358385,7.290358385,7287.124840,-0.255668,3.489213,768000,768000,1.000000000,1,2026-01-04 19:17:00.000000,2026-01-04 19:17:59.999922,1,BAY01_1793_20260104_191159_000.7z
2026-01-04 19:18:00,7294.825404,7.294825404,7291.494361,-0.260971,3.592015,768000,768000,1.000000000,1,2026-01-04 19:18:00.000000,2026-01-04 19:18:59.999922,1,BAY01_1793_20260104_191159_000.7z
2026-01-04 19:19:00,7294.852811,7.294852811,7291.433533,-0.239782,3.659060,768000,768000,1.000000000,1,2026-01-04 19:19:00.000000,2026-01-04 19:19:59.999922,1,BAY01_1793_20260104_191159_000.7z
2026-01-04 19:20:00,7297.312323,7.297312323,7294.068453,-0.295227,3.539097,768000,768000,1.000000000,1,2026-01-04 19:20:00.000000,2026-01-04 19:20:59.999922,1,BAY01_1793_20260104_191159_000.7z
2026-01-04 19:21:00,7302.271860,7.302271860,7299.018931,-0.261105,3.514035,755238,768000,0.983382813,0,2026-01-04 19:21:00.000000,2026-01-04 19:21:59.002891,1,BAY01_1793_20260104_191159_000.7z
2026-01-04 19:22:00,7293.441239,7.293441239,7290.143408,-0.256787,3.554619,691200,768000,0.900000000,0,2026-01-04 19:22:06.000000,2026-01-04 19:22:59.999922,1,BAY01_1794_20260104_192206_000.7z
2026-01-04 19:23:00,7287.767881,7.287767881,7284.393846,-0.185456,3.559492,768000,768000,1.000000000,1,2026-01-04 19:23:00.000000,2026-01-04 19:23:59.999922,1,BAY01_1794_20260104_192206_000.7z
2026-01-04 19:24:00,7291.185873,7.291185873,7287.812225,-0.268549,3.642197,768000,768000,1.000000000,1,2026-01-04 19:24:00.000000,2026-01-04 19:24:59.999922,1,BAY01_1794_20260104_192206_000.7z
2026-01-04 19:25:00,7292.999473,7.292999473,7289.730131,-0.265712,3.535055,768000,768000,1.000000000,1,2026-01-04 19:25:00.000000,2026-01-04 19:25:59.999922,1,BAY01_1794_20260104_192206_000.7z
2026-01-04 19:26:00,7288.893140,7.288893140,7285.448242,-0.294342,3.739240,768000,768000,1.000000000,1,2026-01-04 19:26:00.000000,2026-01-04 19:26:59.999922,1,BAY01_1794_20260104_192206_000.7z
2026-01-04 19:27:00,7296.486365,7.296486365,7293.130782,-0.221845,3.577428,768000,768000,1.000000000,1,2026-01-04 19:27:00.000000,2026-01-04 19:27:59.999922,1,BAY01_1794_20260104_192206_000.7z
2026-01-04 19:28:00,7302.237255,7.302237255,7298.846563,-0.120473,3.511165,768000,768000,1.000000000,1,2026-01-04 19:28:00.000000,2026-01-04 19:28:59.999922,1,BAY01_1794_20260104_192206_000.7z
2026-01-04 19:29:00,7301.762198,7.301762198,7298.417004,-0.208204,3.553397,768000,768000,1.000000000,1,2026-01-04 19:29:00.000000,2026-01-04 19:29:59.999922,1,BAY01_1794_20260104_192206_000.7z
2026-01-04 19:30:00,7301.053507,7.301053507,7297.723755,-0.276004,3.605757,768000,768000,1.000000000,1,2026-01-04 19:30:00.000000,2026-01-04 19:30:59.999922,1,BAY01_1794_20260104_192206_000.7z
2026-01-04 19:31:00,7303.677624,7.303677624,7300.321550,-0.243554,3.599629,768000,768000,1.000000000,1,2026-01-04 19:31:00.000000,2026-01-04 19:31:59.999922,1,BAY01_1794_20260104_192206_000.7z
2026-01-04 19:32:00,7292.111847,7.292111847,7288.890261,-0.327125,3.548710,665645,768000,0.866725260,0,2026-01-04 19:32:00.000000,2026-01-04 19:32:59.999922,2,BAY01_1794_20260104_192206_000.7z;BAY01_1795_20260104_193214_000.7z
2026-01-04 19:33:00,7291.983588,7.291983588,7288.184415,0.039322,3.759851,768000,768000,1.000000000,1,2026-01-04 19:33:00.000000,2026-01-04 19:33:59.999922,1,BAY01_1795_20260104_193214_000.7z
2026-01-04 19:34:00,7290.838498,7.290838498,7284.600364,1.406496,4.831637,768000,768000,1.000000000,1,2026-01-04 19:34:00.000000,2026-01-04 19:34:59.999922,1,BAY01_1795_20260104_193214_000.7z
2026-01-04 19:35:00,7285.997901,7.285997901,7279.046036,1.882589,5.069275,768000,768000,1.000000000,1,2026-01-04 19:35:00.000000,2026-01-04 19:35:59.999922,1,BAY01_1795_20260104_193214_000.7z
2026-01-04 19:36:00,7287.751070,7.287751070,7280.767525,1.908828,5.074717,768000,768000,1.000000000,1,2026-01-04 19:36:00.000000,2026-01-04 19:36:59.999922,1,BAY01_1795_20260104_193214_000.7z
2026-01-04 19:37:00,7287.797106,7.287797106,7280.828731,1.871648,5.096727,768000,768000,1.000000000,1,2026-01-04 19:37:00.000000,2026-01-04 19:37:59.999922,1,BAY01_1795_20260104_193214_000.7z
2026-01-04 19:38:00,7288.133071,7.288133071,7281.183262,1.892357,5.057451,768000,768000,1.000000000,1,2026-01-04 19:38:00.000000,2026-01-04 19:38:59.999922,1,BAY01_1795_20260104_193214_000.7z
2026-01-04 19:39:00,7285.134850,7.285134850,7278.169271,1.946773,5.018806,768000,768000,1.000000000,1,2026-01-04 19:39:00.000000,2026-01-04 19:39:59.999922,1,BAY01_1795_20260104_193214_000.7z
2026-01-04 19:40:00,7290.304416,7.290304416,7283.346894,1.928254,5.029268,768000,768000,1.000000000,1,2026-01-04 19:40:00.000000,2026-01-04 19:40:59.999922,1,BAY01_1795_20260104_193214_000.7z
2026-01-04 19:41:00,7288.804717,7.288804717,7281.916380,1.864188,5.024149,768000,768000,1.000000000,1,2026-01-04 19:41:00.000000,2026-01-04 19:41:59.999922,1,BAY01_1795_20260104_193214_000.7z
2026-01-04 19:42:00,7283.304776,7.283304776,7276.420793,1.822236,5.061748,665710,768000,0.866809896,0,2026-01-04 19:42:00.000000,2026-01-04 19:42:59.999922,2,BAY01_1795_20260104_193214_000.7z;BAY01_1796_20260104_194222_000.7z
2026-01-04 19:43:00,7284.011394,7.284011394,7277.086818,1.861449,5.063127,768000,768000,1.000000000,1,2026-01-04 19:43:00.000000,2026-01-04 19:43:59.999922,1,BAY01_1796_20260104_194222_000.7z
2026-01-04 19:44:00,7282.363798,7.282363798,7275.369207,1.983357,5.011235,768000,768000,1.000000000,1,2026-01-04 19:44:00.000000,2026-01-04 19:44:59.999922,1,BAY01_1796_20260104_194222_000.7z
2026-01-04 19:45:00,6605.128669,6.605128669,6598.102255,1.919152,5.107262,768000,768000,1.000000000,1,2026-01-04 19:45:00.000000,2026-01-04 19:45:59.999922,1,BAY01_1796_20260104_194222_000.7z
2026-01-04 19:46:00,7294.253361,7.294253361,7287.299049,1.888143,5.066168,768000,768000,1.000000000,1,2026-01-04 19:46:00.000000,2026-01-04 19:46:59.999922,1,BAY01_1796_20260104_194222_000.7z
2026-01-04 19:47:00,7298.297144,7.298297144,7291.418725,1.851856,5.026562,768000,768000,1.000000000,1,2026-01-04 19:47:00.000000,2026-01-04 19:47:59.999922,1,BAY01_1796_20260104_194222_000.7z
2026-01-04 19:48:00,7299.072771,7.299072771,7292.146353,1.924277,5.002140,768000,768000,1.000000000,1,2026-01-04 19:48:00.000000,2026-01-04 19:48:59.999922,1,BAY01_1796_20260104_194222_000.7z
2026-01-04 19:49:00,7297.834052,7.297834052,7290.822793,1.923468,5.087791,768000,768000,1.000000000,1,2026-01-04 19:49:00.000000,2026-01-04 19:49:59.999922,1,BAY01_1796_20260104_194222_000.7z
2026-01-04 19:50:00,7292.126840,7.292126840,7285.110395,1.927936,5.088508,768000,768000,1.000000000,1,2026-01-04 19:50:00.000000,2026-01-04 19:50:59.999922,1,BAY01_1796_20260104_194222_000.7z
2026-01-04 19:51:00,7289.541401,7.289541401,7282.647764,1.873140,5.020497,768000,768000,1.000000000,1,2026-01-04 19:51:00.000000,2026-01-04 19:51:59.999922,1,BAY01_1796_20260104_194222_000.7z
2026-01-04 19:52:00,7286.085810,7.286085810,7279.239808,1.866206,4.979796,665706,768000,0.866804687,0,2026-01-04 19:52:00.000000,2026-01-04 19:52:59.999922,2,BAY01_1796_20260104_194222_000.7z;BAY01_1797_20260104_195230_000.7z
2026-01-04 19:53:00,7282.817377,7.282817377,7275.974060,1.844218,4.999099,768000,768000,1.000000000,1,2026-01-04 19:53:00.000000,2026-01-04 19:53:59.999922,1,BAY01_1797_20260104_195230_000.7z
2026-01-04 19:54:00,6297.534866,6.297534866,6290.586270,1.913528,5.035069,768000,768000,1.000000000,1,2026-01-04 19:54:00.000000,2026-01-04 19:54:59.999922,1,BAY01_1797_20260104_195230_000.7z
2026-01-04 19:55:00,5415.092391,5.415092391,5408.162835,1.879453,5.050104,768000,768000,1.000000000,1,2026-01-04 19:55:00.000000,2026-01-04 19:55:59.999922,1,BAY01_1797_20260104_195230_000.7z
2026-01-04 19:56:00,5456.113791,5.456113791,5449.214330,1.865543,5.033918,768000,768000,1.000000000,1,2026-01-04 19:56:00.000000,2026-01-04 19:56:59.999922,1,BAY01_1797_20260104_195230_000.7z
2026-01-04 19:57:00,5409.165711,5.409165711,5402.203398,1.964627,4.997687,768000,768000,1.000000000,1,2026-01-04 19:57:00.000000,2026-01-04 19:57:59.999922,1,BAY01_1797_20260104_195230_000.7z
2026-01-04 19:58:00,4973.740098,4.973740098,4966.864731,1.907266,4.968100,768000,768000,1.000000000,1,2026-01-04 19:58:00.000000,2026-01-04 19:58:59.999922,1,BAY01_1797_20260104_195230_000.7z
2026-01-04 19:59:00,11.382236,0.011382236,4.376919,2.003364,5.001952,768000,768000,1.000000000,1,2026-01-04 19:59:00.000000,2026-01-04 19:59:59.999922,1,BAY01_1797_20260104_195230_000.7z
2026-01-04 20:00:00,11.388117,0.011388117,4.353526,2.002537,5.032054,768000,768000,1.000000000,1,2026-01-04 20:00:00.000000,2026-01-04 20:00:59.999922,1,BAY01_1797_20260104_195230_000.7z
2026-01-04 20:01:00,11.317375,0.011317375,4.350543,1.943400,5.023432,768000,768000,1.000000000,1,2026-01-04 20:01:00.000000,2026-01-04 20:01:59.999922,1,BAY01_1797_20260104_195230_000.7z
2026-01-04 20:02:00,11.268621,0.011268621,4.404138,1.876926,4.987556,691232,768000,0.900041667,0,2026-01-04 20:02:00.000000,2026-01-04 20:02:59.999922,2,BAY01_1797_20260104_195230_000.7z;BAY01_1798_20260104_200236_000.7z
2026-01-04 20:03:00,11.214919,0.011214919,4.365744,1.924348,4.924826,768000,768000,1.000000000,1,2026-01-04 20:03:00.000000,2026-01-04 20:03:59.999922,1,BAY01_1798_20260104_200236_000.7z
2026-01-04 20:04:00,11.247696,0.011247696,4.376552,1.885905,4.985238,768000,768000,1.000000000,1,2026-01-04 20:04:00.000000,2026-01-04 20:04:59.999922,1,BAY01_1798_20260104_200236_000.7z
2026-01-04 20:05:00,11.015542,0.011015542,4.051016,1.968543,4.995983,768000,768000,1.000000000,1,2026-01-04 20:05:00.000000,2026-01-04 20:05:59.999922,1,BAY01_1798_20260104_200236_000.7z
2026-01-04 20:06:00,10.833269,0.010833269,3.926766,1.903605,5.002898,768000,768000,1.000000000,1,2026-01-04 20:06:00.000000,2026-01-04 20:06:59.999922,1,BAY01_1798_20260104_200236_000.7z
2026-01-04 20:07:00,10.744214,0.010744214,3.870651,1.899829,4.973734,768000,768000,1.000000000,1,2026-01-04 20:07:00.000000,2026-01-04 20:07:59.999922,1,BAY01_1798_20260104_200236_000.7z
2026-01-04 20:08:00,10.732328,0.010732328,3.892799,1.915117,4.924412,768000,768000,1.000000000,1,2026-01-04 20:08:00.000000,2026-01-04 20:08:59.999922,1,BAY01_1798_20260104_200236_000.7z
2026-01-04 20:09:00,10.809090,0.010809090,3.899818,1.925891,4.983381,768000,768000,1.000000000,1,2026-01-04 20:09:00.000000,2026-01-04 20:09:59.999922,1,BAY01_1798_20260104_200236_000.7z
2026-01-04 20:10:00,10.545815,0.010545815,3.637380,1.863073,5.045363,768000,768000,1.000000000,1,2026-01-04 20:10:00.000000,2026-01-04 20:10:59.999922,1,BAY01_1798_20260104_200236_000.7z
2026-01-04 20:11:00,10.401183,0.010401183,3.505903,1.886638,5.008641,768000,768000,1.000000000,1,2026-01-04 20:11:00.000000,2026-01-04 20:11:59.999922,1,BAY01_1798_20260104_200236_000.7z
2026-01-04 20:12:00,10.322124,0.010322124,3.437851,1.911689,4.972584,678407,768000,0.883342448,0,2026-01-04 20:12:00.000000,2026-01-04 20:12:59.999922,2,BAY01_1798_20260104_200236_000.7z;BAY01_1799_20260104_201243_000.7z
2026-01-04 20:13:00,10.333726,0.010333726,3.408307,1.889372,5.036048,768000,768000,1.000000000,1,2026-01-04 20:13:00.000000,2026-01-04 20:13:59.999922,1,BAY01_1799_20260104_201243_000.7z
2026-01-04 20:14:00,10.356466,0.010356466,3.349819,1.953254,5.053392,768000,768000,1.000000000,1,2026-01-04 20:14:00.000000,2026-01-04 20:14:59.999922,1,BAY01_1799_20260104_201243_000.7z
2026-01-04 20:15:00,10.411232,0.010411232,3.477942,1.869847,5.063444,768000,768000,1.000000000,1,2026-01-04 20:15:00.000000,2026-01-04 20:15:59.999922,1,BAY01_1799_20260104_201243_000.7z
2026-01-04 20:16:00,10.499687,0.010499687,3.538682,1.917058,5.043947,768000,768000,1.000000000,1,2026-01-04 20:16:00.000000,2026-01-04 20:16:59.999922,1,BAY01_1799_20260104_201243_000.7z
2026-01-04 20:17:00,10.375704,0.010375704,3.454311,1.985071,4.936322,768000,768000,1.000000000,1,2026-01-04 20:17:00.000000,2026-01-04 20:17:59.999922,1,BAY01_1799_20260104_201243_000.7z
2026-01-04 20:18:00,10.375520,0.010375520,3.439870,1.955712,4.979938,768000,768000,1.000000000,1,2026-01-04 20:18:00.000000,2026-01-04 20:18:59.999922,1,BAY01_1799_20260104_201243_000.7z
2026-01-04 20:19:00,10.422579,0.010422579,3.487125,1.919007,5.016446,768000,768000,1.000000000,1,2026-01-04 20:19:00.000000,2026-01-04 20:19:59.999922,1,BAY01_1799_20260104_201243_000.7z
2026-01-04 20:20:00,10.383689,0.010383689,3.452993,1.875787,5.054909,768000,768000,1.000000000,1,2026-01-04 20:20:00.000000,2026-01-04 20:20:59.999922,1,BAY01_1799_20260104_201243_000.7z
2026-01-04 20:21:00,10.394627,0.010394627,3.532828,1.896269,4.965529,768000,768000,1.000000000,1,2026-01-04 20:21:00.000000,2026-01-04 20:21:59.999922,1,BAY01_1799_20260104_201243_000.7z
2026-01-04 20:22:00,10.304195,0.010304195,3.393235,1.938128,4.972832,678533,768000,0.883506510,0,2026-01-04 20:22:00.000000,2026-01-04 20:22:59.999922,2,BAY01_1799_20260104_201243_000.7z;BAY01_1800_20260104_202250_000.7z
2026-01-04 20:23:00,10.264107,0.010264107,3.413747,1.917635,4.932726,768000,768000,1.000000000,1,2026-01-04 20:23:00.000000,2026-01-04 20:23:59.999922,1,BAY01_1800_20260104_202250_000.7z
2026-01-04 20:24:00,10.304150,0.010304150,3.403691,1.984872,4.915587,768000,768000,1.000000000,1,2026-01-04 20:24:00.000000,2026-01-04 20:24:59.999922,1,BAY01_1800_20260104_202250_000.7z
2026-01-04 20:25:00,10.387042,0.010387042,3.449977,1.895836,5.041229,768000,768000,1.000000000,1,2026-01-04 20:25:00.000000,2026-01-04 20:25:59.999922,1,BAY01_1800_20260104_202250_000.7z
2026-01-04 20:26:00,10.404767,0.010404767,3.461014,1.869062,5.074690,768000,768000,1.000000000,1,2026-01-04 20:26:00.000000,2026-01-04 20:26:59.999922,1,BAY01_1800_20260104_202250_000.7z
2026-01-04 20:27:00,10.357039,0.010357039,3.453725,1.885485,5.017829,768000,768000,1.000000000,1,2026-01-04 20:27:00.000000,2026-01-04 20:27:59.999922,1,BAY01_1800_20260104_202250_000.7z
2026-01-04 20:28:00,10.380494,0.010380494,3.420252,1.942805,5.017436,768000,768000,1.000000000,1,2026-01-04 20:28:00.000000,2026-01-04 20:28:59.999922,1,BAY01_1800_20260104_202250_000.7z
2026-01-04 20:29:00,10.398775,0.010398775,3.428774,1.914100,5.055901,768000,768000,1.000000000,1,2026-01-04 20:29:00.000000,2026-01-04 20:29:59.999922,1,BAY01_1800_20260104_202250_000.7z
2026-01-04 20:30:00,10.373298,0.010373298,3.471505,1.900100,5.001693,768000,768000,1.000000000,1,2026-01-04 20:30:00.000000,2026-01-04 20:30:59.999922,1,BAY01_1800_20260104_202250_000.7z
2026-01-04 20:31:00,10.434158,0.010434158,3.496444,1.922878,5.014837,768000,768000,1.000000000,1,2026-01-04 20:31:00.000000,2026-01-04 20:31:59.999922,1,BAY01_1800_20260104_202250_000.7z
2026-01-04 20:32:00,10.333787,0.010333787,3.361670,1.926001,5.046116,704016,768000,0.916687500,0,2026-01-04 20:32:00.000000,2026-01-04 20:32:59.999922,2,BAY01_1800_20260104_202250_000.7z;BAY01_1801_20260104_203255_000.7z
2026-01-04 20:33:00,10.315374,0.010315374,3.398639,1.941359,4.975376,768000,768000,1.000000000,1,2026-01-04 20:33:00.000000,2026-01-04 20:33:59.999922,1,BAY01_1801_20260104_203255_000.7z
2026-01-04 20:34:00,10.341604,0.010341604,3.430970,1.904327,5.006307,768000,768000,1.000000000,1,2026-01-04 20:34:00.000000,2026-01-04 20:34:59.999922,1,BAY01_1801_20260104_203255_000.7z
2026-01-04 20:35:00,10.409506,0.010409506,3.471979,1.870493,5.067035,768000,768000,1.000000000,1,2026-01-04 20:35:00.000000,2026-01-04 20:35:59.999922,1,BAY01_1801_20260104_203255_000.7z
2026-01-04 20:36:00,10.384246,0.010384246,3.406934,1.938862,5.038451,768000,768000,1.000000000,1,2026-01-04 20:36:00.000000,2026-01-04 20:36:59.999922,1,BAY01_1801_20260104_203255_000.7z
2026-01-04 20:37:00,10.339805,0.010339805,3.390320,1.949136,5.000349,768000,768000,1.000000000,1,2026-01-04 20:37:00.000000,2026-01-04 20:37:59.999922,1,BAY01_1801_20260104_203255_000.7z
2026-01-04 20:38:00,10.374979,0.010374979,3.408726,1.918864,5.047389,768000,768000,1.000000000,1,2026-01-04 20:38:00.000000,2026-01-04 20:38:59.999922,1,BAY01_1801_20260104_203255_000.7z
2026-01-04 20:39:00,10.413952,0.010413952,3.399187,2.016784,4.997981,768000,768000,1.000000000,1,2026-01-04 20:39:00.000000,2026-01-04 20:39:59.999922,1,BAY01_1801_20260104_203255_000.7z
2026-01-04 20:40:00,10.402247,0.010402247,3.409750,1.919883,5.072614,768000,768000,1.000000000,1,2026-01-04 20:40:00.000000,2026-01-04 20:40:59.999922,1,BAY01_1801_20260104_203255_000.7z
2026-01-04 20:41:00,10.380159,0.010380159,3.483078,1.915392,4.981688,768000,768000,1.000000000,1,2026-01-04 20:41:00.000000,2026-01-04 20:41:59.999922,1,BAY01_1801_20260104_203255_000.7z
2026-01-04 20:42:00,10.355900,0.010355900,3.454752,1.882127,5.019021,704043,768000,0.916722656,0,2026-01-04 20:42:00.000000,2026-01-04 20:42:55.003281,1,BAY01_1801_20260104_203255_000.7z
2026-01-04 20:43:00,10.264767,0.010264767,3.365520,1.918772,4.980475,742400,768000,0.966666667,0,2026-01-04 20:43:02.000000,2026-01-04 20:43:59.999922,1,BAY01_1802_20260104_204302_000.7z
2026-01-04 20:44:00,10.203033,0.010203033,3.411673,1.808187,4.983173,768000,768000,1.000000000,1,2026-01-04 20:44:00.000000,2026-01-04 20:44:59.999922,1,BAY01_1802_20260104_204302_000.7z
2026-01-04 20:45:00,10.341815,0.010341815,3.506623,1.885838,4.949355,768000,768000,1.000000000,1,2026-01-04 20:45:00.000000,2026-01-04 20:45:59.999922,1,BAY01_1802_20260104_204302_000.7z
2026-01-04 20:46:00,10.369660,0.010369660,3.470831,1.905228,4.993602,768000,768000,1.000000000,1,2026-01-04 20:46:00.000000,2026-01-04 20:46:59.999922,1,BAY01_1802_20260104_204302_000.7z
2026-01-04 20:47:00,10.343074,0.010343074,3.404122,1.957411,4.981541,768000,768000,1.000000000,1,2026-01-04 20:47:00.000000,2026-01-04 20:47:59.999922,1,BAY01_1802_20260104_204302_000.7z
2026-01-04 20:48:00,10.348313,0.010348313,3.435971,1.913498,4.998844,768000,768000,1.000000000,1,2026-01-04 20:48:00.000000,2026-01-04 20:48:59.999922,1,BAY01_1802_20260104_204302_000.7z
2026-01-04 20:49:00,10.346517,0.010346517,3.463405,1.889568,4.993544,768000,768000,1.000000000,1,2026-01-04 20:49:00.000000,2026-01-04 20:49:59.999922,1,BAY01_1802_20260104_204302_000.7z
2026-01-04 20:50:00,10.384373,0.010384373,3.448261,1.932870,5.003242,768000,768000,1.000000000,1,2026-01-04 20:50:00.000000,2026-01-04 20:50:59.999922,1,BAY01_1802_20260104_204302_000.7z
2026-01-04 20:51:00,10.313159,0.010313159,3.420264,1.947961,4.944935,768000,768000,1.000000000,1,2026-01-04 20:51:00.000000,2026-01-04 20:51:59.999922,1,BAY01_1802_20260104_204302_000.7z
2026-01-04 20:52:00,10.340757,0.010340757,3.416411,1.876146,5.048200,768000,768000,1.000000000,1,2026-01-04 20:52:00.000000,2026-01-04 20:52:59.999922,1,BAY01_1802_20260104_204302_000.7z
2026-01-04 20:53:00,10.256910,0.010256910,3.305979,1.940939,5.009992,716819,768000,0.933358073,0,2026-01-04 20:53:00.000000,2026-01-04 20:53:59.999922,2,BAY01_1802_20260104_204302_000.7z;BAY01_1803_20260104_205306_000.7z
2026-01-04 20:54:00,10.280151,0.010280151,3.301742,1.879801,5.098608,768000,768000,1.000000000,1,2026-01-04 20:54:00.000000,2026-01-04 20:54:59.999922,1,BAY01_1803_20260104_205306_000.7z
2026-01-04 20:55:00,10.280796,0.010280796,3.374399,1.943136,4.963261,768000,768000,1.000000000,1,2026-01-04 20:55:00.000000,2026-01-04 20:55:59.999922,1,BAY01_1803_20260104_205306_000.7z
2026-01-04 20:56:00,10.306367,0.010306367,3.412626,1.861045,5.032695,768000,768000,1.000000000,1,2026-01-04 20:56:00.000000,2026-01-04 20:56:59.999922,1,BAY01_1803_20260104_205306_000.7z
2026-01-04 20:57:00,10.332365,0.010332365,3.501250,1.884439,4.946676,768000,768000,1.000000000,1,2026-01-04 20:57:00.000000,2026-01-04 20:57:59.999922,1,BAY01_1803_20260104_205306_000.7z
2026-01-04 20:58:00,10.421077,0.010421077,3.496138,1.936737,4.988202,768000,768000,1.000000000,1,2026-01-04 20:58:00.000000,2026-01-04 20:58:59.999922,1,BAY01_1803_20260104_205306_000.7z
2026-01-04 20:59:00,10.379190,0.010379190,3.427850,1.989518,4.961822,768000,768000,1.000000000,1,2026-01-04 20:59:00.000000,2026-01-04 20:59:59.999922,1,BAY01_1803_20260104_205306_000.7z
2026-01-04 21:00:00,10.397133,0.010397133,3.422600,1.899145,5.075389,768000,768000,1.000000000,1,2026-01-04 21:00:00.000000,2026-01-04 21:00:59.999922,1,BAY01_1803_20260104_205306_000.7z
2026-01-04 21:01:00,10.378070,0.010378070,3.421557,1.978253,4.978260,768000,768000,1.000000000,1,2026-01-04 21:01:00.000000,2026-01-04 21:01:59.999922,1,BAY01_1803_20260104_205306_000.7z
2026-01-04 21:02:00,10.416399,0.010416399,3.452581,1.940966,5.022852,768000,768000,1.000000000,1,2026-01-04 21:02:00.000000,2026-01-04 21:02:59.999922,1,BAY01_1803_20260104_205306_000.7z
2026-01-04 21:03:00,10.331252,0.010331252,3.462751,1.906915,4.961587,704136,768000,0.916843750,0,2026-01-04 21:03:00.000000,2026-01-04 21:03:59.999922,2,BAY01_1803_20260104_205306_000.7z;BAY01_1804_20260104_210311_000.7z
2026-01-04 21:04:00,10.300914,0.010300914,3.353744,1.911573,5.035596,768000,768000,1.000000000,1,2026-01-04 21:04:00.000000,2026-01-04 21:04:59.999922,1,BAY01_1804_20260104_210311_000.7z
2026-01-04 21:05:00,10.423771,0.010423771,3.419756,1.933688,5.070327,768000,768000,1.000000000,1,2026-01-04 21:05:00.000000,2026-01-04 21:05:59.999922,1,BAY01_1804_20260104_210311_000.7z
2026-01-04 21:06:00,10.474006,0.010474006,3.505081,1.963468,5.005457,768000,768000,1.000000000,1,2026-01-04 21:06:00.000000,2026-01-04 21:06:59.999922,1,BAY01_1804_20260104_210311_000.7z
2026-01-04 21:07:00,10.489138,0.010489138,3.499625,2.004836,4.984677,768000,768000,1.000000000,1,2026-01-04 21:07:00.000000,2026-01-04 21:07:59.999922,1,BAY01_1804_20260104_210311_000.7z
2026-01-04 21:08:00,10.343952,0.010343952,3.391916,1.899040,5.052996,768000,768000,1.000000000,1,2026-01-04 21:08:00.000000,2026-01-04 21:08:59.999922,1,BAY01_1804_20260104_210311_000.7z
2026-01-04 21:09:00,10.424279,0.010424279,3.469268,1.986155,4.968856,768000,768000,1.000000000,1,2026-01-04 21:09:00.000000,2026-01-04 21:09:59.999922,1,BAY01_1804_20260104_210311_000.7z
2026-01-04 21:10:00,10.375300,0.010375300,3.404821,1.977676,4.992803,768000,768000,1.000000000,1,2026-01-04 21:10:00.000000,2026-01-04 21:10:59.999922,1,BAY01_1804_20260104_210311_000.7z
2026-01-04 21:11:00,10.309253,0.010309253,3.391655,1.866655,5.050943,768000,768000,1.000000000,1,2026-01-04 21:11:00.000000,2026-01-04 21:11:59.999922,1,BAY01_1804_20260104_210311_000.7z
2026-01-04 21:12:00,10.392145,0.010392145,3.463865,1.958794,4.969487,768000,768000,1.000000000,1,2026-01-04 21:12:00.000000,2026-01-04 21:12:59.999922,1,BAY01_1804_20260104_210311_000.7z
2026-01-04 21:13:00,10.298386,0.010298386,3.386943,1.836482,5.074961,691218,768000,0.900023438,0,2026-01-04 21:13:00.000000,2026-01-04 21:13:59.999922,2,BAY01_1804_20260104_210311_000.7z;BAY01_1805_20260104_211317_000.7z
2026-01-04 21:14:00,10.218414,0.010218414,3.440272,1.765099,5.013042,768000,768000,1.000000000,1,2026-01-04 21:14:00.000000,2026-01-04 21:14:59.999922,1,BAY01_1805_20260104_211317_000.7z
2026-01-04 21:15:00,10.299970,0.010299970,3.475485,1.909358,4.915127,768000,768000,1.000000000,1,2026-01-04 21:15:00.000000,2026-01-04 21:15:59.999922,1,BAY01_1805_20260104_211317_000.7z
2026-01-04 21:16:00,10.333718,0.010333718,3.438744,1.859594,5.035380,768000,768000,1.000000000,1,2026-01-04 21:16:00.000000,2026-01-04 21:16:59.999922,1,BAY01_1805_20260104_211317_000.7z
2026-01-04 21:17:00,10.355007,0.010355007,3.416295,1.921317,5.017395,768000,768000,1.000000000,1,2026-01-04 21:17:00.000000,2026-01-04 21:17:59.999922,1,BAY01_1805_20260104_211317_000.7z
2026-01-04 21:18:00,10.329048,0.010329048,3.420809,1.948769,4.959470,768000,768000,1.000000000,1,2026-01-04 21:18:00.000000,2026-01-04 21:18:59.999922,1,BAY01_1805_20260104_211317_000.7z
2026-01-04 21:19:00,10.289362,0.010289362,3.369505,1.922188,4.997669,768000,768000,1.000000000,1,2026-01-04 21:19:00.000000,2026-01-04 21:19:59.999922,1,BAY01_1805_20260104_211317_000.7z
2026-01-04 21:20:00,10.329213,0.010329213,3.402973,1.898994,5.027246,768000,768000,1.000000000,1,2026-01-04 21:20:00.000000,2026-01-04 21:20:59.999922,1,BAY01_1805_20260104_211317_000.7z
2026-01-04 21:21:00,10.337025,0.010337025,3.411139,1.868734,5.057151,768000,768000,1.000000000,1,2026-01-04 21:21:00.000000,2026-01-04 21:21:59.999922,1,BAY01_1805_20260104_211317_000.7z
2026-01-04 21:22:00,10.369904,0.010369904,3.451813,1.883613,5.034478,768000,768000,1.000000000,1,2026-01-04 21:22:00.000000,2026-01-04 21:22:59.999922,1,BAY01_1805_20260104_211317_000.7z
2026-01-04 21:23:00,10.262516,0.010262516,3.442131,1.869185,4.951200,678423,768000,0.883363281,0,2026-01-04 21:23:00.000000,2026-01-04 21:23:59.999922,2,BAY01_1805_20260104_211317_000.7z;BAY01_1806_20260104_212324_000.7z
2026-01-04 21:24:00,10.219084,0.010219084,3.343244,1.878784,4.997057,768000,768000,1.000000000,1,2026-01-04 21:24:00.000000,2026-01-04 21:24:59.999922,1,BAY01_1806_20260104_212324_000.7z
2026-01-04 21:25:00,10.275587,0.010275587,3.343908,1.855494,5.076185,768000,768000,1.000000000,1,2026-01-04 21:25:00.000000,2026-01-04 21:25:59.999922,1,BAY01_1806_20260104_212324_000.7z
2026-01-04 21:26:00,10.326198,0.010326198,3.341145,1.883795,5.101258,768000,768000,1.000000000,1,2026-01-04 21:26:00.000000,2026-01-04 21:26:59.999922,1,BAY01_1806_20260104_212324_000.7z
2026-01-04 21:27:00,10.351582,0.010351582,3.477014,1.901265,4.973303,768000,768000,1.000000000,1,2026-01-04 21:27:00.000000,2026-01-04 21:27:59.999922,1,BAY01_1806_20260104_212324_000.7z
2026-01-04 21:28:00,10.289192,0.010289192,3.337210,1.917272,5.034710,768000,768000,1.000000000,1,2026-01-04 21:28:00.000000,2026-01-04 21:28:59.999922,1,BAY01_1806_20260104_212324_000.7z
2026-01-04 21:29:00,10.317754,0.010317754,3.410390,1.929417,4.977948,768000,768000,1.000000000,1,2026-01-04 21:29:00.000000,2026-01-04 21:29:59.999922,1,BAY01_1806_20260104_212324_000.7z
2026-01-04 21:30:00,10.337680,0.010337680,3.377209,1.952466,5.008005,768000,768000,1.000000000,1,2026-01-04 21:30:00.000000,2026-01-04 21:30:59.999922,1,BAY01_1806_20260104_212324_000.7z
2026-01-04 21:31:00,10.335141,0.010335141,3.402850,1.851454,5.080838,768000,768000,1.000000000,1,2026-01-04 21:31:00.000000,2026-01-04 21:31:59.999922,1,BAY01_1806_20260104_212324_000.7z
2026-01-04 21:32:00,10.347064,0.010347064,3.489950,1.895823,4.961290,768000,768000,1.000000000,1,2026-01-04 21:32:00.000000,2026-01-04 21:32:59.999922,1,BAY01_1806_20260104_212324_000.7z
2026-01-04 21:33:00,10.291564,0.010291564,3.405385,1.937312,4.948867,716823,768000,0.933363281,0,2026-01-04 21:33:00.000000,2026-01-04 21:33:59.999922,2,BAY01_1806_20260104_212324_000.7z;BAY01_1807_20260104_213328_000.7z
2026-01-04 21:34:00,10.219755,0.010219755,3.391045,1.830634,4.998076,768000,768000,1.000000000,1,2026-01-04 21:34:00.000000,2026-01-04 21:34:59.999922,1,BAY01_1807_20260104_213328_000.7z
2026-01-04 21:35:00,10.299963,0.010299963,3.359973,1.955660,4.984329,768000,768000,1.000000000,1,2026-01-04 21:35:00.000000,2026-01-04 21:35:59.999922,1,BAY01_1807_20260104_213328_000.7z
2026-01-04 21:36:00,10.342243,0.010342243,3.419892,1.939624,4.982727,768000,768000,1.000000000,1,2026-01-04 21:36:00.000000,2026-01-04 21:36:59.999922,1,BAY01_1807_20260104_213328_000.7z
2026-01-04 21:37:00,10.350414,0.010350414,3.440079,1.900917,5.009419,768000,768000,1.000000000,1,2026-01-04 21:37:00.000000,2026-01-04 21:37:59.999922,1,BAY01_1807_20260104_213328_000.7z
2026-01-04 21:38:00,10.318423,0.010318423,3.396999,1.926994,4.994431,768000,768000,1.000000000,1,2026-01-04 21:38:00.000000,2026-01-04 21:38:59.999922,1,BAY01_1807_20260104_213328_000.7z
2026-01-04 21:39:00,10.303576,0.010303576,3.432029,1.869460,5.002086,768000,768000,1.000000000,1,2026-01-04 21:39:00.000000,2026-01-04 21:39:59.999922,1,BAY01_1807_20260104_213328_000.7z
2026-01-04 21:40:00,10.395669,0.010395669,3.502307,1.939134,4.954228,768000,768000,1.000000000,1,2026-01-04 21:40:00.000000,2026-01-04 21:40:59.999922,1,BAY01_1807_20260104_213328_000.7z
2026-01-04 21:41:00,10.365177,0.010365177,3.358365,1.951397,5.055415,768000,768000,1.000000000,1,2026-01-04 21:41:00.000000,2026-01-04 21:41:59.999922,1,BAY01_1807_20260104_213328_000.7z
2026-01-04 21:42:00,10.330759,0.010330759,3.426840,1.861105,5.042814,768000,768000,1.000000000,1,2026-01-04 21:42:00.000000,2026-01-04 21:42:59.999922,1,BAY01_1807_20260104_213328_000.7z
2026-01-04 21:43:00,10.299797,0.010299797,3.368530,1.878562,5.052705,716916,768000,0.933484375,0,2026-01-04 21:43:00.000000,2026-01-04 21:43:59.999922,2,BAY01_1807_20260104_213328_000.7z;BAY01_1808_20260104_214332_000.7z
2026-01-04 21:44:00,10.194798,0.010194798,3.333602,1.901783,4.959413,768000,768000,1.000000000,1,2026-01-04 21:44:00.000000,2026-01-04 21:44:59.999922,1,BAY01_1808_20260104_214332_000.7z
2026-01-04 21:45:00,10.270878,0.010270878,3.416742,1.926651,4.927485,768000,768000,1.000000000,1,2026-01-04 21:45:00.000000,2026-01-04 21:45:59.999922,1,BAY01_1808_20260104_214332_000.7z
2026-01-04 21:46:00,10.313402,0.010313402,3.450756,1.857929,5.004716,768000,768000,1.000000000,1,2026-01-04 21:46:00.000000,2026-01-04 21:46:59.999922,1,BAY01_1808_20260104_214332_000.7z
2026-01-04 21:47:00,10.335074,0.010335074,3.441423,1.867023,5.026628,768000,768000,1.000000000,1,2026-01-04 21:47:00.000000,2026-01-04 21:47:59.999922,1,BAY01_1808_20260104_214332_000.7z
2026-01-04 21:48:00,10.319126,0.010319126,3.446220,1.835514,5.037391,768000,768000,1.000000000,1,2026-01-04 21:48:00.000000,2026-01-04 21:48:59.999922,1,BAY01_1808_20260104_214332_000.7z
2026-01-04 21:49:00,10.261600,0.010261600,3.396436,1.908478,4.956687,768000,768000,1.000000000,1,2026-01-04 21:49:00.000000,2026-01-04 21:49:59.999922,1,BAY01_1808_20260104_214332_000.7z
2026-01-04 21:50:00,10.320099,0.010320099,3.434664,1.914492,4.970943,768000,768000,1.000000000,1,2026-01-04 21:50:00.000000,2026-01-04 21:50:59.999922,1,BAY01_1808_20260104_214332_000.7z
2026-01-04 21:51:00,10.362659,0.010362659,3.455013,1.840065,5.067581,768000,768000,1.000000000,1,2026-01-04 21:51:00.000000,2026-01-04 21:51:59.999922,1,BAY01_1808_20260104_214332_000.7z
2026-01-04 21:52:00,10.350731,0.010350731,3.464346,1.863484,5.022901,768000,768000,1.000000000,1,2026-01-04 21:52:00.000000,2026-01-04 21:52:59.999922,1,BAY01_1808_20260104_214332_000.7z
2026-01-04 21:53:00,10.345148,0.010345148,3.402902,1.917468,5.024779,678450,768000,0.883398438,0,2026-01-04 21:53:00.000000,2026-01-04 21:53:59.999922,2,BAY01_1808_20260104_214332_000.7z;BAY01_1809_20260104_215339_000.7z
2026-01-04 21:54:00,10.226254,0.010226254,3.360230,1.918995,4.947030,768000,768000,1.000000000,1,2026-01-04 21:54:00.000000,2026-01-04 21:54:59.999922,1,BAY01_1809_20260104_215339_000.7z
2026-01-04 21:55:00,10.270539,0.010270539,3.394035,1.882529,4.993974,768000,768000,1.000000000,1,2026-01-04 21:55:00.000000,2026-01-04 21:55:59.999922,1,BAY01_1809_20260104_215339_000.7z
2026-01-04 21:56:00,10.378941,0.010378941,3.457749,1.885138,5.036054,768000,768000,1.000000000,1,2026-01-04 21:56:00.000000,2026-01-04 21:56:59.999922,1,BAY01_1809_20260104_215339_000.7z
2026-01-04 21:57:00,10.362586,0.010362586,3.476535,1.944984,4.941067,768000,768000,1.000000000,1,2026-01-04 21:57:00.000000,2026-01-04 21:57:59.999922,1,BAY01_1809_20260104_215339_000.7z
2026-01-04 21:58:00,10.293871,0.010293871,3.430740,1.902579,4.960552,768000,768000,1.000000000,1,2026-01-04 21:58:00.000000,2026-01-04 21:58:59.999922,1,BAY01_1809_20260104_215339_000.7z
2026-01-04 21:59:00,10.278281,0.010278281,3.391666,1.836925,5.049691,768000,768000,1.000000000,1,2026-01-04 21:59:00.000000,2026-01-04 21:59:59.999922,1,BAY01_1809_20260104_215339_000.7z
2026-01-04 22:00:00,10.321877,0.010321877,3.418425,1.872240,5.031212,768000,768000,1.000000000,1,2026-01-04 22:00:00.000000,2026-01-04 22:00:59.999922,1,BAY01_1809_20260104_215339_000.7z
2026-01-04 22:01:00,10.382501,0.010382501,3.464987,1.891586,5.025928,768000,768000,1.000000000,1,2026-01-04 22:01:00.000000,2026-01-04 22:01:59.999922,1,BAY01_1809_20260104_215339_000.7z
2026-01-04 22:02:00,10.329801,0.010329801,3.501177,1.857180,4.971444,768000,768000,1.000000000,1,2026-01-04 22:02:00.000000,2026-01-04 22:02:59.999922,1,BAY01_1809_20260104_215339_000.7z
2026-01-04 22:03:00,10.287054,0.010287054,3.389653,1.925810,4.971591,691246,768000,0.900059896,0,2026-01-04 22:03:00.000000,2026-01-04 22:03:59.999922,2,BAY01_1809_20260104_215339_000.7z;BAY01_1810_20260104_220345_000.7z
2026-01-04 22:04:00,10.207901,0.010207901,3.347564,1.823437,5.036900,768000,768000,1.000000000,1,2026-01-04 22:04:00.000000,2026-01-04 22:04:59.999922,1,BAY01_1810_20260104_220345_000.7z
2026-01-04 22:05:00,10.276798,0.010276798,3.403388,1.823359,5.050050,768000,768000,1.000000000,1,2026-01-04 22:05:00.000000,2026-01-04 22:05:59.999922,1,BAY01_1810_20260104_220345_000.7z
2026-01-04 22:06:00,10.325635,0.010325635,3.465338,1.847156,5.013141,768000,768000,1.000000000,1,2026-01-04 22:06:00.000000,2026-01-04 22:06:59.999922,1,BAY01_1810_20260104_220345_000.7z
2026-01-04 22:07:00,10.322891,0.010322891,3.452908,1.824111,5.045871,768000,768000,1.000000000,1,2026-01-04 22:07:00.000000,2026-01-04 22:07:59.999922,1,BAY01_1810_20260104_220345_000.7z
2026-01-04 22:08:00,10.282986,0.010282986,3.415292,1.811795,5.055899,768000,768000,1.000000000,1,2026-01-04 22:08:00.000000,2026-01-04 22:08:59.999922,1,BAY01_1810_20260104_220345_000.7z
2026-01-04 22:09:00,10.329511,0.010329511,3.417570,1.892452,5.019489,768000,768000,1.000000000,1,2026-01-04 22:09:00.000000,2026-01-04 22:09:59.999922,1,BAY01_1810_20260104_220345_000.7z
2026-01-04 22:10:00,10.321585,0.010321585,3.394732,1.878344,5.048509,768000,768000,1.000000000,1,2026-01-04 22:10:00.000000,2026-01-04 22:10:59.999922,1,BAY01_1810_20260104_220345_000.7z
2026-01-04 22:11:00,10.337697,0.010337697,3.363207,1.909715,5.064775,768000,768000,1.000000000,1,2026-01-04 22:11:00.000000,2026-01-04 22:11:59.999922,1,BAY01_1810_20260104_220345_000.7z
2026-01-04 22:12:00,10.318089,0.010318089,3.367104,1.890617,5.060368,768000,768000,1.000000000,1,2026-01-04 22:12:00.000000,2026-01-04 22:12:59.999922,1,BAY01_1810_20260104_220345_000.7z
2026-01-04 22:13:00,10.360126,0.010360126,3.449088,1.860264,5.050774,704072,768000,0.916760417,0,2026-01-04 22:13:00.000000,2026-01-04 22:13:59.999922,2,BAY01_1810_20260104_220345_000.7z;BAY01_1811_20260104_221350_000.7z
2026-01-04 22:14:00,10.201163,0.010201163,3.400014,1.757347,5.043802,768000,768000,1.000000000,1,2026-01-04 22:14:00.000000,2026-01-04 22:14:59.999922,1,BAY01_1811_20260104_221350_000.7z
2026-01-04 22:15:00,10.253901,0.010253901,3.437309,1.839189,4.977403,768000,768000,1.000000000,1,2026-01-04 22:15:00.000000,2026-01-04 22:15:59.999922,1,BAY01_1811_20260104_221350_000.7z
2026-01-04 22:16:00,10.600967,0.010600967,3.520583,2.313049,4.767335,768000,768000,1.000000000,1,2026-01-04 22:16:00.000000,2026-01-04 22:16:59.999922,1,BAY01_1811_20260104_221350_000.7z
2026-01-04 22:17:00,11.418507,0.011418507,3.889709,3.463844,4.064954,768000,768000,1.000000000,1,2026-01-04 22:17:00.000000,2026-01-04 22:17:59.999922,1,BAY01_1811_20260104_221350_000.7z
2026-01-04 22:18:00,11.419905,0.011419905,3.910223,3.459761,4.049921,768000,768000,1.000000000,1,2026-01-04 22:18:00.000000,2026-01-04 22:18:59.999922,1,BAY01_1811_20260104_221350_000.7z
2026-01-04 22:19:00,11.401352,0.011401352,3.861209,3.516424,4.023719,768000,768000,1.000000000,1,2026-01-04 22:19:00.000000,2026-01-04 22:19:59.999922,1,BAY01_1811_20260104_221350_000.7z
2026-01-04 22:20:00,11.443733,0.011443733,3.865735,3.589941,3.988058,768000,768000,1.000000000,1,2026-01-04 22:20:00.000000,2026-01-04 22:20:59.999922,1,BAY01_1811_20260104_221350_000.7z
2026-01-04 22:21:00,11.460329,0.011460329,3.894073,3.502752,4.063504,768000,768000,1.000000000,1,2026-01-04 22:21:00.000000,2026-01-04 22:21:59.999922,1,BAY01_1811_20260104_221350_000.7z
2026-01-04 22:22:00,11.406625,0.011406625,3.834267,3.515140,4.057218,768000,768000,1.000000000,1,2026-01-04 22:22:00.000000,2026-01-04 22:22:59.999922,1,BAY01_1811_20260104_221350_000.7z
2026-01-04 22:23:00,11.442284,0.011442284,3.895945,3.543797,4.002542,704050,768000,0.916731771,0,2026-01-04 22:23:00.000000,2026-01-04 22:23:59.999922,2,BAY01_1811_20260104_221350_000.7z;BAY01_1812_20260104_222355_000.7z
2026-01-04 22:24:00,11.304959,0.011304959,3.780073,3.582771,3.942116,768000,768000,1.000000000,1,2026-01-04 22:24:00.000000,2026-01-04 22:24:59.999922,1,BAY01_1812_20260104_222355_000.7z
2026-01-04 22:25:00,11.361874,0.011361874,3.813596,3.486354,4.061924,768000,768000,1.000000000,1,2026-01-04 22:25:00.000000,2026-01-04 22:25:59.999922,1,BAY01_1812_20260104_222355_000.7z
2026-01-04 22:26:00,11.456927,0.011456927,3.862168,3.498146,4.096614,768000,768000,1.000000000,1,2026-01-04 22:26:00.000000,2026-01-04 22:26:59.999922,1,BAY01_1812_20260104_222355_000.7z
2026-01-04 22:27:00,11.412509,0.011412509,3.827985,3.517019,4.067504,768000,768000,1.000000000,1,2026-01-04 22:27:00.000000,2026-01-04 22:27:59.999922,1,BAY01_1812_20260104_222355_000.7z
2026-01-04 22:28:00,11.421167,0.011421167,3.940188,3.495092,3.985887,768000,768000,1.000000000,1,2026-01-04 22:28:00.000000,2026-01-04 22:28:59.999922,1,BAY01_1812_20260104_222355_000.7z
2026-01-04 22:29:00,11.442730,0.011442730,3.886374,3.538252,4.018105,768000,768000,1.000000000,1,2026-01-04 22:29:00.000000,2026-01-04 22:29:59.999922,1,BAY01_1812_20260104_222355_000.7z
2026-01-04 22:30:00,11.430719,0.011430719,3.923440,3.500406,4.006873,768000,768000,1.000000000,1,2026-01-04 22:30:00.000000,2026-01-04 22:30:59.999922,1,BAY01_1812_20260104_222355_000.7z
2026-01-04 22:31:00,11.457706,0.011457706,3.831194,3.531654,4.094858,768000,768000,1.000000000,1,2026-01-04 22:31:00.000000,2026-01-04 22:31:59.999922,1,BAY01_1812_20260104_222355_000.7z
2026-01-04 22:32:00,11.398456,0.011398456,3.857004,3.464967,4.076485,768000,768000,1.000000000,1,2026-01-04 22:32:00.000000,2026-01-04 22:32:59.999922,1,BAY01_1812_20260104_222355_000.7z
2026-01-04 22:33:00,12.601238,0.012601238,5.642159,2.822289,4.136790,716889,768000,0.933449219,0,2026-01-04 22:33:00.000000,2026-01-04 22:33:59.999922,2,BAY01_1812_20260104_222355_000.7z;BAY01_1813_20260104_223359_000.7z
2026-01-04 22:34:00,14.058542,0.014058542,8.123327,1.638321,4.296894,768000,768000,1.000000000,1,2026-01-04 22:34:00.000000,2026-01-04 22:34:59.999922,1,BAY01_1813_20260104_223359_000.7z
2026-01-04 22:35:00,14.070648,0.014070648,7.931329,1.801398,4.337922,768000,768000,1.000000000,1,2026-01-04 22:35:00.000000,2026-01-04 22:35:59.999922,1,BAY01_1813_20260104_223359_000.7z
2026-01-04 22:36:00,14.185711,0.014185711,7.948112,1.859721,4.377878,768000,768000,1.000000000,1,2026-01-04 22:36:00.000000,2026-01-04 22:36:59.999922,1,BAY01_1813_20260104_223359_000.7z
2026-01-04 22:37:00,14.163235,0.014163235,8.032906,1.857048,4.273282,768000,768000,1.000000000,1,2026-01-04 22:37:00.000000,2026-01-04 22:37:59.999922,1,BAY01_1813_20260104_223359_000.7z
2026-01-04 22:38:00,14.143589,0.014143589,7.987019,1.827801,4.328769,768000,768000,1.000000000,1,2026-01-04 22:38:00.000000,2026-01-04 22:38:59.999922,1,BAY01_1813_20260104_223359_000.7z
2026-01-04 22:39:00,14.090226,0.014090226,7.938444,1.874771,4.277011,768000,768000,1.000000000,1,2026-01-04 22:39:00.000000,2026-01-04 22:39:59.999922,1,BAY01_1813_20260104_223359_000.7z
2026-01-04 22:40:00,14.154188,0.014154188,8.036262,1.829127,4.288799,768000,768000,1.000000000,1,2026-01-04 22:40:00.000000,2026-01-04 22:40:59.999922,1,BAY01_1813_20260104_223359_000.7z
2026-01-04 22:41:00,14.216369,0.014216369,8.016064,1.866315,4.333990,768000,768000,1.000000000,1,2026-01-04 22:41:00.000000,2026-01-04 22:41:59.999922,1,BAY01_1813_20260104_223359_000.7z
2026-01-04 22:42:00,14.145532,0.014145532,8.058881,1.827375,4.259276,768000,768000,1.000000000,1,2026-01-04 22:42:00.000000,2026-01-04 22:42:59.999922,1,BAY01_1813_20260104_223359_000.7z
2026-01-04 22:43:00,14.172918,0.014172918,8.038958,1.804070,4.329889,755246,768000,0.983393229,0,2026-01-04 22:43:00.000000,2026-01-04 22:43:59.003516,1,BAY01_1813_20260104_223359_000.7z
2026-01-04 22:44:00,14.070109,0.014070109,7.941630,1.778262,4.350218,691200,768000,0.900000000,0,2026-01-04 22:44:06.000000,2026-01-04 22:44:59.999922,1,BAY01_1814_20260104_224406_000.7z
2026-01-04 22:45:00,14.086605,0.014086605,8.032701,1.830270,4.223634,768000,768000,1.000000000,1,2026-01-04 22:45:00.000000,2026-01-04 22:45:59.999922,1,BAY01_1814_20260104_224406_000.7z
2026-01-04 22:46:00,14.199832,0.014199832,7.921232,1.954936,4.323664,768000,768000,1.000000000,1,2026-01-04 22:46:00.000000,2026-01-04 22:46:59.999922,1,BAY01_1814_20260104_224406_000.7z
2026-01-04 22:47:00,14.174093,0.014174093,7.956907,1.821225,4.395961,768000,768000,1.000000000,1,2026-01-04 22:47:00.000000,2026-01-04 22:47:59.999922,1,BAY01_1814_20260104_224406_000.7z
2026-01-04 22:48:00,14.176951,0.014176951,8.057425,1.791277,4.328249,768000,768000,1.000000000,1,2026-01-04 22:48:00.000000,2026-01-04 22:48:59.999922,1,BAY01_1814_20260104_224406_000.7z
2026-01-04 22:49:00,14.133549,0.014133549,8.021061,1.766102,4.346385,768000,768000,1.000000000,1,2026-01-04 22:49:00.000000,2026-01-04 22:49:59.999922,1,BAY01_1814_20260104_224406_000.7z
2026-01-04 22:50:00,14.169363,0.014169363,8.027698,1.888681,4.252984,768000,768000,1.000000000,1,2026-01-04 22:50:00.000000,2026-01-04 22:50:59.999922,1,BAY01_1814_20260104_224406_000.7z
2026-01-04 22:51:00,14.164359,0.014164359,7.973768,1.910862,4.279729,768000,768000,1.000000000,1,2026-01-04 22:51:00.000000,2026-01-04 22:51:59.999922,1,BAY01_1814_20260104_224406_000.7z
2026-01-04 22:52:00,14.160086,0.014160086,7.963662,1.838678,4.357746,768000,768000,1.000000000,1,2026-01-04 22:52:00.000000,2026-01-04 22:52:59.999922,1,BAY01_1814_20260104_224406_000.7z
2026-01-04 22:53:00,14.191984,0.014191984,8.055966,1.871224,4.264795,768000,768000,1.000000000,1,2026-01-04 22:53:00.000000,2026-01-04 22:53:59.999922,1,BAY01_1814_20260104_224406_000.7z
2026-01-04 22:54:00,14.117070,0.014117070,7.982003,1.802835,4.332232,691209,768000,0.900011719,0,2026-01-04 22:54:00.000000,2026-01-04 22:54:59.999922,2,BAY01_1814_20260104_224406_000.7z;BAY01_1815_20260104_225412_000.7z
2026-01-04 22:55:00,14.037697,0.014037697,7.902026,1.840767,4.294904,768000,768000,1.000000000,1,2026-01-04 22:55:00.000000,2026-01-04 22:55:59.999922,1,BAY01_1815_20260104_225412_000.7z
2026-01-04 22:56:00,14.143139,0.014143139,7.932777,1.926928,4.283434,768000,768000,1.000000000,1,2026-01-04 22:56:00.000000,2026-01-04 22:56:59.999922,1,BAY01_1815_20260104_225412_000.7z
2026-01-04 22:57:00,14.158238,0.014158238,7.945072,1.859195,4.353971,768000,768000,1.000000000,1,2026-01-04 22:57:00.000000,2026-01-04 22:57:59.999922,1,BAY01_1815_20260104_225412_000.7z
2026-01-04 22:58:00,14.202210,0.014202210,8.037337,1.797562,4.367311,768000,768000,1.000000000,1,2026-01-04 22:58:00.000000,2026-01-04 22:58:59.999922,1,BAY01_1815_20260104_225412_000.7z
2026-01-04 22:59:00,14.130159,0.014130159,7.998200,1.817716,4.314243,768000,768000,1.000000000,1,2026-01-04 22:59:00.000000,2026-01-04 22:59:59.999922,1,BAY01_1815_20260104_225412_000.7z
2026-01-04 23:00:00,14.132147,0.014132147,8.054603,1.853652,4.223892,768000,768000,1.000000000,1,2026-01-04 23:00:00.000000,2026-01-04 23:00:59.999922,1,BAY01_1815_20260104_225412_000.7z
2026-01-04 23:01:00,14.154477,0.014154477,7.933776,1.923320,4.297381,768000,768000,1.000000000,1,2026-01-04 23:01:00.000000,2026-01-04 23:01:59.999922,1,BAY01_1815_20260104_225412_000.7z
2026-01-04 23:02:00,14.205815,0.014205815,7.922379,1.854187,4.429248,768000,768000,1.000000000,1,2026-01-04 23:02:00.000000,2026-01-04 23:02:59.999922,1,BAY01_1815_20260104_225412_000.7z
2026-01-04 23:03:00,14.185481,0.014185481,8.050989,1.810397,4.324095,768000,768000,1.000000000,1,2026-01-04 23:03:00.000000,2026-01-04 23:03:59.999922,1,BAY01_1815_20260104_225412_000.7z
2026-01-04 23:04:00,14.094853,0.014094853,7.903907,1.848483,4.342462,691228,768000,0.900036458,0,2026-01-04 23:04:00.000000,2026-01-04 23:04:59.999922,2,BAY01_1815_20260104_225412_000.7z;BAY01_1816_20260104_230418_000.7z
2026-01-04 23:05:00,14.041876,0.014041876,8.001908,1.790210,4.249758,768000,768000,1.000000000,1,2026-01-04 23:05:00.000000,2026-01-04 23:05:59.999922,1,BAY01_1816_20260104_230418_000.7z
2026-01-04 23:06:00,14.191773,0.014191773,7.966588,1.948153,4.277033,768000,768000,1.000000000,1,2026-01-04 23:06:00.000000,2026-01-04 23:06:59.999922,1,BAY01_1816_20260104_230418_000.7z
2026-01-04 23:07:00,14.174255,0.014174255,8.028522,1.765879,4.379854,768000,768000,1.000000000,1,2026-01-04 23:07:00.000000,2026-01-04 23:07:59.999922,1,BAY01_1816_20260104_230418_000.7z
2026-01-04 23:08:00,14.155635,0.014155635,7.994593,1.869117,4.291925,768000,768000,1.000000000,1,2026-01-04 23:08:00.000000,2026-01-04 23:08:59.999922,1,BAY01_1816_20260104_230418_000.7z
2026-01-04 23:09:00,14.123798,0.014123798,8.040618,1.785117,4.298063,768000,768000,1.000000000,1,2026-01-04 23:09:00.000000,2026-01-04 23:09:59.999922,1,BAY01_1816_20260104_230418_000.7z
2026-01-04 23:10:00,14.185604,0.014185604,8.047871,1.820746,4.316987,768000,768000,1.000000000,1,2026-01-04 23:10:00.000000,2026-01-04 23:10:59.999922,1,BAY01_1816_20260104_230418_000.7z
2026-01-04 23:11:00,14.163193,0.014163193,7.996691,1.874032,4.292470,768000,768000,1.000000000,1,2026-01-04 23:11:00.000000,2026-01-04 23:11:59.999922,1,BAY01_1816_20260104_230418_000.7z
2026-01-04 23:12:00,14.203530,0.014203530,7.949439,1.854240,4.399851,768000,768000,1.000000000,1,2026-01-04 23:12:00.000000,2026-01-04 23:12:59.999922,1,BAY01_1816_20260104_230418_000.7z
2026-01-04 23:13:00,14.147974,0.014147974,7.960757,1.902080,4.285136,768000,768000,1.000000000,1,2026-01-04 23:13:00.000000,2026-01-04 23:13:59.999922,1,BAY01_1816_20260104_230418_000.7z
2026-01-04 23:14:00,14.107181,0.014107181,8.004765,1.771393,4.331023,691297,768000,0.900126302,0,2026-01-04 23:14:00.000000,2026-01-04 23:14:59.999922,2,BAY01_1816_20260104_230418_000.7z;BAY01_1817_20260104_231424_000.7z
2026-01-04 23:15:00,14.076684,0.014076684,8.001060,1.762363,4.313261,768000,768000,1.000000000,1,2026-01-04 23:15:00.000000,2026-01-04 23:15:59.999922,1,BAY01_1817_20260104_231424_000.7z
2026-01-04 23:16:00,14.141990,0.014141990,7.966099,1.917510,4.258382,768000,768000,1.000000000,1,2026-01-04 23:16:00.000000,2026-01-04 23:16:59.999922,1,BAY01_1817_20260104_231424_000.7z
2026-01-04 23:17:00,14.159528,0.014159528,7.983000,1.825050,4.351479,768000,768000,1.000000000,1,2026-01-04 23:17:00.000000,2026-01-04 23:17:59.999922,1,BAY01_1817_20260104_231424_000.7z
2026-01-04 23:18:00,14.164647,0.014164647,8.037513,1.859597,4.267537,768000,768000,1.000000000,1,2026-01-04 23:18:00.000000,2026-01-04 23:18:59.999922,1,BAY01_1817_20260104_231424_000.7z
2026-01-04 23:19:00,14.128852,0.014128852,7.982279,1.823134,4.323439,768000,768000,1.000000000,1,2026-01-04 23:19:00.000000,2026-01-04 23:19:59.999922,1,BAY01_1817_20260104_231424_000.7z
2026-01-04 23:20:00,14.123124,0.014123124,7.992505,1.841571,4.289048,768000,768000,1.000000000,1,2026-01-04 23:20:00.000000,2026-01-04 23:20:59.999922,1,BAY01_1817_20260104_231424_000.7z
2026-01-04 23:21:00,14.154466,0.014154466,7.996524,1.814590,4.343353,768000,768000,1.000000000,1,2026-01-04 23:21:00.000000,2026-01-04 23:21:59.999922,1,BAY01_1817_20260104_231424_000.7z
2026-01-04 23:22:00,14.158698,0.014158698,7.968311,1.862128,4.328259,768000,768000,1.000000000,1,2026-01-04 23:22:00.000000,2026-01-04 23:22:59.999922,1,BAY01_1817_20260104_231424_000.7z
2026-01-04 23:23:00,14.155444,0.014155444,7.958214,1.923614,4.273616,768000,768000,1.000000000,1,2026-01-04 23:23:00.000000,2026-01-04 23:23:59.999922,1,BAY01_1817_20260104_231424_000.7z
2026-01-04 23:24:00,14.109371,0.014109371,8.047656,1.747361,4.314354,691341,768000,0.900183594,0,2026-01-04 23:24:00.000000,2026-01-04 23:24:59.999922,2,BAY01_1817_20260104_231424_000.7z;BAY01_1818_20260104_232430_000.7z
2026-01-04 23:25:00,14.039407,0.014039407,7.951720,1.839945,4.247742,768000,768000,1.000000000,1,2026-01-04 23:25:00.000000,2026-01-04 23:25:59.999922,1,BAY01_1818_20260104_232430_000.7z
2026-01-04 23:26:00,14.110256,0.014110256,7.924970,1.879891,4.305394,768000,768000,1.000000000,1,2026-01-04 23:26:00.000000,2026-01-04 23:26:59.999922,1,BAY01_1818_20260104_232430_000.7z
2026-01-04 23:27:00,14.216319,0.014216319,7.971802,1.847958,4.396558,768000,768000,1.000000000,1,2026-01-04 23:27:00.000000,2026-01-04 23:27:59.999922,1,BAY01_1818_20260104_232430_000.7z
2026-01-04 23:28:00,14.141876,0.014141876,8.006403,1.793309,4.342164,768000,768000,1.000000000,1,2026-01-04 23:28:00.000000,2026-01-04 23:28:59.999922,1,BAY01_1818_20260104_232430_000.7z
2026-01-04 23:29:00,14.130528,0.014130528,8.024473,1.805820,4.300235,768000,768000,1.000000000,1,2026-01-04 23:29:00.000000,2026-01-04 23:29:59.999922,1,BAY01_1818_20260104_232430_000.7z
2026-01-04 23:30:00,14.113234,0.014113234,7.954751,1.819687,4.338796,768000,768000,1.000000000,1,2026-01-04 23:30:00.000000,2026-01-04 23:30:59.999922,1,BAY01_1818_20260104_232430_000.7z
2026-01-04 23:31:00,14.163692,0.014163692,7.939697,1.920968,4.303028,768000,768000,1.000000000,1,2026-01-04 23:31:00.000000,2026-01-04 23:31:59.999922,1,BAY01_1818_20260104_232430_000.7z
2026-01-04 23:32:00,14.204061,0.014204061,8.019077,1.810753,4.374230,768000,768000,1.000000000,1,2026-01-04 23:32:00.000000,2026-01-04 23:32:59.999922,1,BAY01_1818_20260104_232430_000.7z
2026-01-04 23:33:00,14.144997,0.014144997,8.024181,1.816971,4.303844,768000,768000,1.000000000,1,2026-01-04 23:33:00.000000,2026-01-04 23:33:59.999922,1,BAY01_1818_20260104_232430_000.7z
2026-01-04 23:34:00,14.087481,0.014087481,7.974252,1.851837,4.261392,640095,768000,0.833457031,0,2026-01-04 23:34:00.000000,2026-01-04 23:34:59.999922,2,BAY01_1818_20260104_232430_000.7z;BAY01_1819_20260104_233440_000.7z
2026-01-04 23:35:00,14.065466,0.014065466,7.906935,1.873919,4.284612,768000,768000,1.000000000,1,2026-01-04 23:35:00.000000,2026-01-04 23:35:59.999922,1,BAY01_1819_20260104_233440_000.7z
2026-01-04 23:36:00,14.076627,0.014076627,7.922682,1.838938,4.315007,768000,768000,1.000000000,1,2026-01-04 23:36:00.000000,2026-01-04 23:36:59.999922,1,BAY01_1819_20260104_233440_000.7z
2026-01-04 23:37:00,14.209482,0.014209482,7.977126,1.924319,4.308037,768000,768000,1.000000000,1,2026-01-04 23:37:00.000000,2026-01-04 23:37:59.999922,1,BAY01_1819_20260104_233440_000.7z
2026-01-04 23:38:00,14.163686,0.014163686,8.102822,1.828373,4.232491,768000,768000,1.000000000,1,2026-01-04 23:38:00.000000,2026-01-04 23:38:59.999922,1,BAY01_1819_20260104_233440_000.7z
2026-01-04 23:39:00,14.119463,0.014119463,8.020824,1.785803,4.312836,768000,768000,1.000000000,1,2026-01-04 23:39:00.000000,2026-01-04 23:39:59.999922,1,BAY01_1819_20260104_233440_000.7z
2026-01-04 23:40:00,14.144008,0.014144008,7.967091,1.830265,4.346652,768000,768000,1.000000000,1,2026-01-04 23:40:00.000000,2026-01-04 23:40:59.999922,1,BAY01_1819_20260104_233440_000.7z
2026-01-04 23:41:00,14.148663,0.014148663,7.960294,1.922693,4.265677,768000,768000,1.000000000,1,2026-01-04 23:41:00.000000,2026-01-04 23:41:59.999922,1,BAY01_1819_20260104_233440_000.7z
2026-01-04 23:42:00,14.177508,0.014177508,8.020521,1.873383,4.283604,768000,768000,1.000000000,1,2026-01-04 23:42:00.000000,2026-01-04 23:42:59.999922,1,BAY01_1819_20260104_233440_000.7z
2026-01-04 23:43:00,14.170270,0.014170270,8.020699,1.796457,4.353114,768000,768000,1.000000000,1,2026-01-04 23:43:00.000000,2026-01-04 23:43:59.999922,1,BAY01_1819_20260104_233440_000.7z
2026-01-04 23:44:00,14.132342,0.014132342,7.883460,1.878655,4.370227,678440,768000,0.883385417,0,2026-01-04 23:44:00.000000,2026-01-04 23:44:59.999922,2,BAY01_1819_20260104_233440_000.7z;BAY01_1820_20260104_234447_000.7z
2026-01-04 23:45:00,14.018716,0.014018716,7.972579,1.798856,4.247280,768000,768000,1.000000000,1,2026-01-04 23:45:00.000000,2026-01-04 23:45:59.999922,1,BAY01_1820_20260104_234447_000.7z
2026-01-04 23:46:00,14.064558,0.014064558,7.906235,1.884746,4.273577,768000,768000,1.000000000,1,2026-01-04 23:46:00.000000,2026-01-04 23:46:59.999922,1,BAY01_1820_20260104_234447_000.7z
2026-01-04 23:47:00,14.155272,0.014155272,7.981221,1.839656,4.334396,768000,768000,1.000000000,1,2026-01-04 23:47:00.000000,2026-01-04 23:47:59.999922,1,BAY01_1820_20260104_234447_000.7z
2026-01-04 23:48:00,14.162877,0.014162877,8.032262,1.831400,4.299214,768000,768000,1.000000000,1,2026-01-04 23:48:00.000000,2026-01-04 23:48:59.999922,1,BAY01_1820_20260104_234447_000.7z
2026-01-04 23:49:00,14.129181,0.014129181,8.025054,1.849979,4.254148,768000,768000,1.000000000,1,2026-01-04 23:49:00.000000,2026-01-04 23:49:59.999922,1,BAY01_1820_20260104_234447_000.7z
2026-01-04 23:50:00,14.089031,0.014089031,7.951699,1.894105,4.243227,768000,768000,1.000000000,1,2026-01-04 23:50:00.000000,2026-01-04 23:50:59.999922,1,BAY01_1820_20260104_234447_000.7z
2026-01-04 23:51:00,14.121036,0.014121036,7.973524,1.921678,4.225834,768000,768000,1.000000000,1,2026-01-04 23:51:00.000000,2026-01-04 23:51:59.999922,1,BAY01_1820_20260104_234447_000.7z
2026-01-04 23:52:00,14.168453,0.014168453,7.948901,1.896215,4.323337,768000,768000,1.000000000,1,2026-01-04 23:52:00.000000,2026-01-04 23:52:59.999922,1,BAY01_1820_20260104_234447_000.7z
2026-01-04 23:53:00,14.135255,0.014135255,7.915784,1.895709,4.323761,768000,768000,1.000000000,1,2026-01-04 23:53:00.000000,2026-01-04 23:53:59.999922,1,BAY01_1820_20260104_234447_000.7z
2026-01-04 23:54:00,14.138522,0.014138522,8.049891,1.962944,4.125687,691273,768000,0.900095052,0,2026-01-04 23:54:00.000000,2026-01-04 23:54:59.999922,2,BAY01_1820_20260104_234447_000.7z;BAY01_1821_20260104_235453_000.7z
2026-01-04 23:55:00,13.989379,0.013989379,7.945053,1.765893,4.278433,768000,768000,1.000000000,1,2026-01-04 23:55:00.000000,2026-01-04 23:55:59.999922,1,BAY01_1821_20260104_235453_000.7z
2026-01-04 23:56:00,14.054223,0.014054223,7.968276,1.844185,4.241762,768000,768000,1.000000000,1,2026-01-04 23:56:00.000000,2026-01-04 23:56:59.999922,1,BAY01_1821_20260104_235453_000.7z
2026-01-04 23:57:00,14.141987,0.014141987,7.942238,1.900961,4.298788,768000,768000,1.000000000,1,2026-01-04 23:57:00.000000,2026-01-04 23:57:59.999922,1,BAY01_1821_20260104_235453_000.7z
2026-01-04 23:58:00,14.097912,0.014097912,8.014723,1.840868,4.242321,768000,768000,1.000000000,1,2026-01-04 23:58:00.000000,2026-01-04 23:58:59.999922,1,BAY01_1821_20260104_235453_000.7z
2026-01-04 23:59:00,14.124886,0.014124886,8.035754,1.851331,4.237801,768000,768000,1.000000000,1,2026-01-04 23:59:00.000000,2026-01-04 23:59:59.999922,1,BAY01_1821_20260104_235453_000.7z
2026-01-05 00:00:00,14.102425,0.014102425,7.960525,1.846468,4.295432,768000,768000,1.000000000,1,2026-01-05 00:00:00.000000,2026-01-05 00:00:59.999922,1,BAY01_1821_20260104_235453_000.7z
2026-01-05 00:01:00,14.164469,0.014164469,8.005599,1.961443,4.197427,768000,768000,1.000000000,1,2026-01-05 00:01:00.000000,2026-01-05 00:01:59.999922,1,BAY01_1821_20260104_235453_000.7z
2026-01-05 00:02:00,14.136306,0.014136306,7.914934,1.874567,4.346805,768000,768000,1.000000000,1,2026-01-05 00:02:00.000000,2026-01-05 00:02:59.999922,1,BAY01_1821_20260104_235453_000.7z
2026-01-05 00:03:00,14.106224,0.014106224,7.900301,1.922157,4.283766,768000,768000,1.000000000,1,2026-01-05 00:03:00.000000,2026-01-05 00:03:59.999922,1,BAY01_1821_20260104_235453_000.7z
2026-01-05 00:04:00,14.215642,0.014215642,8.110985,1.829002,4.275655,691260,768000,0.900078125,0,2026-01-05 00:04:00.000000,2026-01-05 00:04:59.999922,2,BAY01_1821_20260104_235453_000.7z;BAY01_1822_20260105_000459_000.7z
2026-01-05 00:05:00,14.137279,0.014137279,7.931267,1.954510,4.251502,768000,768000,1.000000000,1,2026-01-05 00:05:00.000000,2026-01-05 00:05:59.999922,1,BAY01_1822_20260105_000459_000.7z
2026-01-05 00:06:00,14.159185,0.014159185,7.848424,2.065603,4.245159,768000,768000,1.000000000,1,2026-01-05 00:06:00.000000,2026-01-05 00:06:59.999922,1,BAY01_1822_20260105_000459_000.7z
2026-01-05 00:07:00,14.208716,0.014208716,7.903502,2.047886,4.257329,768000,768000,1.000000000,1,2026-01-05 00:07:00.000000,2026-01-05 00:07:59.999922,1,BAY01_1822_20260105_000459_000.7z
2026-01-05 00:08:00,14.194565,0.014194565,7.919018,2.058057,4.217490,768000,768000,1.000000000,1,2026-01-05 00:08:00.000000,2026-01-05 00:08:59.999922,1,BAY01_1822_20260105_000459_000.7z
2026-01-05 00:09:00,14.232187,0.014232187,8.009871,1.963487,4.258829,768000,768000,1.000000000,1,2026-01-05 00:09:00.000000,2026-01-05 00:09:59.999922,1,BAY01_1822_20260105_000459_000.7z
2026-01-05 00:10:00,14.194407,0.014194407,7.959738,1.986090,4.248580,768000,768000,1.000000000,1,2026-01-05 00:10:00.000000,2026-01-05 00:10:59.999922,1,BAY01_1822_20260105_000459_000.7z
2026-01-05 00:11:00,14.239172,0.014239172,7.972315,2.016409,4.250449,768000,768000,1.000000000,1,2026-01-05 00:11:00.000000,2026-01-05 00:11:59.999922,1,BAY01_1822_20260105_000459_000.7z
2026-01-05 00:12:00,14.277431,0.014277431,7.949556,2.038411,4.289464,768000,768000,1.000000000,1,2026-01-05 00:12:00.000000,2026-01-05 00:12:59.999922,1,BAY01_1822_20260105_000459_000.7z
2026-01-05 00:13:00,14.209497,0.014209497,7.978481,1.996342,4.234673,768000,768000,1.000000000,1,2026-01-05 00:13:00.000000,2026-01-05 00:13:59.999922,1,BAY01_1822_20260105_000459_000.7z
2026-01-05 00:14:00,14.215376,0.014215376,8.012817,1.981841,4.220718,755305,768000,0.983470052,0,2026-01-05 00:14:00.000000,2026-01-05 00:14:59.008125,1,BAY01_1822_20260105_000459_000.7z
2026-01-05 00:15:00,14.129479,0.014129479,7.891323,1.956377,4.281779,665600,768000,0.866666667,0,2026-01-05 00:15:08.000000,2026-01-05 00:15:59.999922,1,BAY01_1823_20260105_001508_000.7z
2026-01-05 00:16:00,14.104516,0.014104516,7.855520,2.025169,4.223827,768000,768000,1.000000000,1,2026-01-05 00:16:00.000000,2026-01-05 00:16:59.999922,1,BAY01_1823_20260105_001508_000.7z
2026-01-05 00:17:00,14.198965,0.014198965,7.867221,2.061569,4.270175,768000,768000,1.000000000,1,2026-01-05 00:17:00.000000,2026-01-05 00:17:59.999922,1,BAY01_1823_20260105_001508_000.7z
2026-01-05 00:18:00,14.228739,0.014228739,7.960129,2.043276,4.225334,768000,768000,1.000000000,1,2026-01-05 00:18:00.000000,2026-01-05 00:18:59.999922,1,BAY01_1823_20260105_001508_000.7z
2026-01-05 00:19:00,14.205341,0.014205341,7.958860,2.035564,4.210917,768000,768000,1.000000000,1,2026-01-05 00:19:00.000000,2026-01-05 00:19:59.999922,1,BAY01_1823_20260105_001508_000.7z
2026-01-05 00:20:00,14.179822,0.014179822,7.895889,1.997628,4.286305,768000,768000,1.000000000,1,2026-01-05 00:20:00.000000,2026-01-05 00:20:59.999922,1,BAY01_1823_20260105_001508_000.7z
2026-01-05 00:21:00,14.186976,0.014186976,7.891835,2.070460,4.224681,768000,768000,1.000000000,1,2026-01-05 00:21:00.000000,2026-01-05 00:21:59.999922,1,BAY01_1823_20260105_001508_000.7z
2026-01-05 00:22:00,14.242580,0.014242580,7.888122,2.099199,4.255259,768000,768000,1.000000000,1,2026-01-05 00:22:00.000000,2026-01-05 00:22:59.999922,1,BAY01_1823_20260105_001508_000.7z
2026-01-05 00:23:00,14.251683,0.014251683,7.959385,1.990324,4.301974,768000,768000,1.000000000,1,2026-01-05 00:23:00.000000,2026-01-05 00:23:59.999922,1,BAY01_1823_20260105_001508_000.7z
2026-01-05 00:24:00,14.194165,0.014194165,7.941374,2.034103,4.218688,768000,768000,1.000000000,1,2026-01-05 00:24:00.000000,2026-01-05 00:24:59.999922,1,BAY01_1823_20260105_001508_000.7z
2026-01-05 00:25:00,14.112689,0.014112689,7.867474,1.993059,4.252155,716841,768000,0.933386719,0,2026-01-05 00:25:00.000000,2026-01-05 00:25:59.999922,2,BAY01_1823_20260105_001508_000.7z;BAY01_1824_20260105_002512_000.7z
2026-01-05 00:26:00,14.122014,0.014122014,7.847419,1.991313,4.283282,768000,768000,1.000000000,1,2026-01-05 00:26:00.000000,2026-01-05 00:26:59.999922,1,BAY01_1824_20260105_002512_000.7z
2026-01-05 00:27:00,14.221845,0.014221845,7.941437,1.993649,4.286759,768000,768000,1.000000000,1,2026-01-05 00:27:00.000000,2026-01-05 00:27:59.999922,1,BAY01_1824_20260105_002512_000.7z
2026-01-05 00:28:00,14.218651,0.014218651,7.922745,2.036818,4.259087,768000,768000,1.000000000,1,2026-01-05 00:28:00.000000,2026-01-05 00:28:59.999922,1,BAY01_1824_20260105_002512_000.7z
2026-01-05 00:29:00,14.204790,0.014204790,7.959383,2.047381,4.198026,768000,768000,1.000000000,1,2026-01-05 00:29:00.000000,2026-01-05 00:29:59.999922,1,BAY01_1824_20260105_002512_000.7z
2026-01-05 00:30:00,14.173104,0.014173104,7.890012,2.023118,4.259974,768000,768000,1.000000000,1,2026-01-05 00:30:00.000000,2026-01-05 00:30:59.999922,1,BAY01_1824_20260105_002512_000.7z
2026-01-05 00:31:00,14.209154,0.014209154,7.961650,2.016429,4.231074,768000,768000,1.000000000,1,2026-01-05 00:31:00.000000,2026-01-05 00:31:59.999922,1,BAY01_1824_20260105_002512_000.7z
2026-01-05 00:32:00,14.234671,0.014234671,7.970835,2.038924,4.224912,768000,768000,1.000000000,1,2026-01-05 00:32:00.000000,2026-01-05 00:32:59.999922,1,BAY01_1824_20260105_002512_000.7z
2026-01-05 00:33:00,14.228809,0.014228809,7.933014,2.009111,4.286685,768000,768000,1.000000000,1,2026-01-05 00:33:00.000000,2026-01-05 00:33:59.999922,1,BAY01_1824_20260105_002512_000.7z
2026-01-05 00:34:00,14.195814,0.014195814,7.942298,1.945748,4.307768,768000,768000,1.000000000,1,2026-01-05 00:34:00.000000,2026-01-05 00:34:59.999922,1,BAY01_1824_20260105_002512_000.7z
2026-01-05 00:35:00,14.144114,0.014144114,7.916013,1.975567,4.252535,678522,768000,0.883492188,0,2026-01-05 00:35:00.000000,2026-01-05 00:35:59.999922,2,BAY01_1824_20260105_002512_000.7z;BAY01_1825_20260105_003519_000.7z
2026-01-05 00:36:00,14.106638,0.014106638,7.902114,1.926501,4.278023,768000,768000,1.000000000,1,2026-01-05 00:36:00.000000,2026-01-05 00:36:59.999922,1,BAY01_1825_20260105_003519_000.7z
2026-01-05 00:37:00,14.201335,0.014201335,7.952224,1.968083,4.281028,768000,768000,1.000000000,1,2026-01-05 00:37:00.000000,2026-01-05 00:37:59.999922,1,BAY01_1825_20260105_003519_000.7z
2026-01-05 00:38:00,14.217846,0.014217846,7.936150,2.015617,4.266079,768000,768000,1.000000000,1,2026-01-05 00:38:00.000000,2026-01-05 00:38:59.999922,1,BAY01_1825_20260105_003519_000.7z
2026-01-05 00:39:00,14.229817,0.014229817,7.989748,1.992345,4.247724,768000,768000,1.000000000,1,2026-01-05 00:39:00.000000,2026-01-05 00:39:59.999922,1,BAY01_1825_20260105_003519_000.7z
2026-01-05 00:40:00,14.221057,0.014221057,7.884962,2.074919,4.261176,768000,768000,1.000000000,1,2026-01-05 00:40:00.000000,2026-01-05 00:40:59.999922,1,BAY01_1825_20260105_003519_000.7z
2026-01-05 00:41:00,14.214307,0.014214307,8.008982,1.962240,4.243084,768000,768000,1.000000000,1,2026-01-05 00:41:00.000000,2026-01-05 00:41:59.999922,1,BAY01_1825_20260105_003519_000.7z
2026-01-05 00:42:00,14.244448,0.014244448,7.942358,2.058737,4.243352,768000,768000,1.000000000,1,2026-01-05 00:42:00.000000,2026-01-05 00:42:59.999922,1,BAY01_1825_20260105_003519_000.7z
2026-01-05 00:43:00,14.219372,0.014219372,7.885863,2.023488,4.310021,768000,768000,1.000000000,1,2026-01-05 00:43:00.000000,2026-01-05 00:43:59.999922,1,BAY01_1825_20260105_003519_000.7z
2026-01-05 00:44:00,14.246316,0.014246316,8.003242,1.954682,4.288392,768000,768000,1.000000000,1,2026-01-05 00:44:00.000000,2026-01-05 00:44:59.999922,1,BAY01_1825_20260105_003519_000.7z
2026-01-05 00:45:00,14.150879,0.014150879,7.888469,1.994490,4.267920,665623,768000,0.866696615,0,2026-01-05 00:45:00.000000,2026-01-05 00:45:59.999922,2,BAY01_1825_20260105_003519_000.7z;BAY01_1826_20260105_004527_000.7z
2026-01-05 00:46:00,14.126452,0.014126452,7.877780,1.977187,4.271485,768000,768000,1.000000000,1,2026-01-05 00:46:00.000000,2026-01-05 00:46:59.999922,1,BAY01_1826_20260105_004527_000.7z
2026-01-05 00:47:00,14.168722,0.014168722,7.876570,2.047454,4.244698,768000,768000,1.000000000,1,2026-01-05 00:47:00.000000,2026-01-05 00:47:59.999922,1,BAY01_1826_20260105_004527_000.7z
2026-01-05 00:48:00,14.220786,0.014220786,7.956409,1.953988,4.310390,768000,768000,1.000000000,1,2026-01-05 00:48:00.000000,2026-01-05 00:48:59.999922,1,BAY01_1826_20260105_004527_000.7z
2026-01-05 00:49:00,14.246260,0.014246260,8.050590,1.960701,4.234970,768000,768000,1.000000000,1,2026-01-05 00:49:00.000000,2026-01-05 00:49:59.999922,1,BAY01_1826_20260105_004527_000.7z
2026-01-05 00:50:00,14.202914,0.014202914,7.979820,2.000312,4.222782,768000,768000,1.000000000,1,2026-01-05 00:50:00.000000,2026-01-05 00:50:59.999922,1,BAY01_1826_20260105_004527_000.7z
2026-01-05 00:51:00,14.193733,0.014193733,7.947197,1.974329,4.272207,768000,768000,1.000000000,1,2026-01-05 00:51:00.000000,2026-01-05 00:51:59.999922,1,BAY01_1826_20260105_004527_000.7z
2026-01-05 00:52:00,14.244753,0.014244753,7.958395,2.022732,4.263626,768000,768000,1.000000000,1,2026-01-05 00:52:00.000000,2026-01-05 00:52:59.999922,1,BAY01_1826_20260105_004527_000.7z
2026-01-05 00:53:00,14.223713,0.014223713,7.974508,2.003528,4.245677,768000,768000,1.000000000,1,2026-01-05 00:53:00.000000,2026-01-05 00:53:59.999922,1,BAY01_1826_20260105_004527_000.7z
2026-01-05 00:54:00,14.230100,0.014230100,8.047399,2.016094,4.166607,768000,768000,1.000000000,1,2026-01-05 00:54:00.000000,2026-01-05 00:54:59.999922,1,BAY01_1826_20260105_004527_000.7z
2026-01-05 00:55:00,14.152098,0.014152098,7.851432,2.018347,4.282319,704123,768000,0.916826823,0,2026-01-05 00:55:00.000000,2026-01-05 00:55:59.999922,2,BAY01_1826_20260105_004527_000.7z;BAY01_1827_20260105_005532_000.7z
2026-01-05 00:56:00,14.122860,0.014122860,7.868260,1.990142,4.264457,768000,768000,1.000000000,1,2026-01-05 00:56:00.000000,2026-01-05 00:56:59.999922,1,BAY01_1827_20260105_005532_000.7z
2026-01-05 00:57:00,14.178289,0.014178289,7.888522,2.003632,4.286135,768000,768000,1.000000000,1,2026-01-05 00:57:00.000000,2026-01-05 00:57:59.999922,1,BAY01_1827_20260105_005532_000.7z
2026-01-05 00:58:00,14.205700,0.014205700,7.949860,1.961366,4.294474,768000,768000,1.000000000,1,2026-01-05 00:58:00.000000,2026-01-05 00:58:59.999922,1,BAY01_1827_20260105_005532_000.7z
2026-01-05 00:59:00,14.238382,0.014238382,8.020333,1.979706,4.238343,768000,768000,1.000000000,1,2026-01-05 00:59:00.000000,2026-01-05 00:59:59.999922,1,BAY01_1827_20260105_005532_000.7z
2026-01-05 01:00:00,14.195960,0.014195960,7.895522,2.003625,4.296813,768000,768000,1.000000000,1,2026-01-05 01:00:00.000000,2026-01-05 01:00:59.999922,1,BAY01_1827_20260105_005532_000.7z
2026-01-05 01:01:00,14.195702,0.014195702,7.960433,2.020756,4.214514,768000,768000,1.000000000,1,2026-01-05 01:01:00.000000,2026-01-05 01:01:59.999922,1,BAY01_1827_20260105_005532_000.7z
2026-01-05 01:02:00,14.246439,0.014246439,7.912201,2.049840,4.284398,768000,768000,1.000000000,1,2026-01-05 01:02:00.000000,2026-01-05 01:02:59.999922,1,BAY01_1827_20260105_005532_000.7z
2026-01-05 01:03:00,14.246562,0.014246562,7.990789,2.002335,4.253438,768000,768000,1.000000000,1,2026-01-05 01:03:00.000000,2026-01-05 01:03:59.999922,1,BAY01_1827_20260105_005532_000.7z
2026-01-05 01:04:00,14.195485,0.014195485,7.920361,2.086436,4.188688,768000,768000,1.000000000,1,2026-01-05 01:04:00.000000,2026-01-05 01:04:59.999922,1,BAY01_1827_20260105_005532_000.7z
2026-01-05 01:05:00,14.155797,0.014155797,7.960583,2.005597,4.189617,704108,768000,0.916807292,0,2026-01-05 01:05:00.000000,2026-01-05 01:05:59.999922,2,BAY01_1827_20260105_005532_000.7z;BAY01_1828_20260105_010537_000.7z
2026-01-05 01:06:00,14.124968,0.014124968,7.838477,2.002550,4.283941,768000,768000,1.000000000,1,2026-01-05 01:06:00.000000,2026-01-05 01:06:59.999922,1,BAY01_1828_20260105_010537_000.7z
2026-01-05 01:07:00,14.186098,0.014186098,7.833162,2.045963,4.306974,768000,768000,1.000000000,1,2026-01-05 01:07:00.000000,2026-01-05 01:07:59.999922,1,BAY01_1828_20260105_010537_000.7z
2026-01-05 01:08:00,14.257799,0.014257799,7.913595,1.986597,4.357607,768000,768000,1.000000000,1,2026-01-05 01:08:00.000000,2026-01-05 01:08:59.999922,1,BAY01_1828_20260105_010537_000.7z
2026-01-05 01:09:00,14.220085,0.014220085,7.953681,1.964501,4.301903,768000,768000,1.000000000,1,2026-01-05 01:09:00.000000,2026-01-05 01:09:59.999922,1,BAY01_1828_20260105_010537_000.7z
2026-01-05 01:10:00,14.196888,0.014196888,7.898293,1.980201,4.318394,768000,768000,1.000000000,1,2026-01-05 01:10:00.000000,2026-01-05 01:10:59.999922,1,BAY01_1828_20260105_010537_000.7z
2026-01-05 01:11:00,14.234995,0.014234995,7.905974,1.987833,4.341188,768000,768000,1.000000000,1,2026-01-05 01:11:00.000000,2026-01-05 01:11:59.999922,1,BAY01_1828_20260105_010537_000.7z
2026-01-05 01:12:00,14.245802,0.014245802,7.950105,2.028226,4.267472,768000,768000,1.000000000,1,2026-01-05 01:12:00.000000,2026-01-05 01:12:59.999922,1,BAY01_1828_20260105_010537_000.7z
2026-01-05 01:13:00,14.317643,0.014317643,7.951506,1.997966,4.368171,768000,768000,1.000000000,1,2026-01-05 01:13:00.000000,2026-01-05 01:13:59.999922,1,BAY01_1828_20260105_010537_000.7z
2026-01-05 01:14:00,14.191899,0.014191899,8.041898,1.966310,4.183691,768000,768000,1.000000000,1,2026-01-05 01:14:00.000000,2026-01-05 01:14:59.999922,1,BAY01_1828_20260105_010537_000.7z
2026-01-05 01:15:00,14.176038,0.014176038,7.864213,2.041074,4.270751,665732,768000,0.866838542,0,2026-01-05 01:15:00.000000,2026-01-05 01:15:59.999922,2,BAY01_1828_20260105_010537_000.7z;BAY01_1829_20260105_011545_000.7z
2026-01-05 01:16:00,14.136356,0.014136356,7.912052,2.004813,4.219491,768000,768000,1.000000000,1,2026-01-05 01:16:00.000000,2026-01-05 01:16:59.999922,1,BAY01_1829_20260105_011545_000.7z
2026-01-05 01:17:00,14.163219,0.014163219,7.920606,1.956448,4.286164,768000,768000,1.000000000,1,2026-01-05 01:17:00.000000,2026-01-05 01:17:59.999922,1,BAY01_1829_20260105_011545_000.7z
2026-01-05 01:18:00,14.262234,0.014262234,7.920160,2.040527,4.301547,768000,768000,1.000000000,1,2026-01-05 01:18:00.000000,2026-01-05 01:18:59.999922,1,BAY01_1829_20260105_011545_000.7z
2026-01-05 01:19:00,14.231008,0.014231008,7.926570,2.004243,4.300195,768000,768000,1.000000000,1,2026-01-05 01:19:00.000000,2026-01-05 01:19:59.999922,1,BAY01_1829_20260105_011545_000.7z
2026-01-05 01:20:00,14.203004,0.014203004,7.920500,1.985736,4.296768,768000,768000,1.000000000,1,2026-01-05 01:20:00.000000,2026-01-05 01:20:59.999922,1,BAY01_1829_20260105_011545_000.7z
2026-01-05 01:21:00,14.208306,0.014208306,7.926442,1.975614,4.306250,768000,768000,1.000000000,1,2026-01-05 01:21:00.000000,2026-01-05 01:21:59.999922,1,BAY01_1829_20260105_011545_000.7z
2026-01-05 01:22:00,14.224014,0.014224014,7.903221,2.005039,4.315754,768000,768000,1.000000000,1,2026-01-05 01:22:00.000000,2026-01-05 01:22:59.999922,1,BAY01_1829_20260105_011545_000.7z
2026-01-05 01:23:00,14.233858,0.014233858,7.904658,2.043533,4.285667,768000,768000,1.000000000,1,2026-01-05 01:23:00.000000,2026-01-05 01:23:59.999922,1,BAY01_1829_20260105_011545_000.7z
2026-01-05 01:24:00,14.231694,0.014231694,7.953945,2.005388,4.272360,768000,768000,1.000000000,1,2026-01-05 01:24:00.000000,2026-01-05 01:24:59.999922,1,BAY01_1829_20260105_011545_000.7z
2026-01-05 01:25:00,14.219891,0.014219891,7.985012,1.988202,4.246676,678504,768000,0.883468750,0,2026-01-05 01:25:00.000000,2026-01-05 01:25:59.999922,2,BAY01_1829_20260105_011545_000.7z;BAY01_1830_20260105_012552_000.7z
2026-01-05 01:26:00,14.125480,0.014125480,7.856904,2.027253,4.241323,768000,768000,1.000000000,1,2026-01-05 01:26:00.000000,2026-01-05 01:26:59.999922,1,BAY01_1830_20260105_012552_000.7z
2026-01-05 01:27:00,14.150403,0.014150403,7.852653,2.054364,4.243387,768000,768000,1.000000000,1,2026-01-05 01:27:00.000000,2026-01-05 01:27:59.999922,1,BAY01_1830_20260105_012552_000.7z
2026-01-05 01:28:00,14.243292,0.014243292,7.931772,1.984827,4.326694,768000,768000,1.000000000,1,2026-01-05 01:28:00.000000,2026-01-05 01:28:59.999922,1,BAY01_1830_20260105_012552_000.7z
2026-01-05 01:29:00,14.208135,0.014208135,7.969417,2.001828,4.236889,768000,768000,1.000000000,1,2026-01-05 01:29:00.000000,2026-01-05 01:29:59.999922,1,BAY01_1830_20260105_012552_000.7z
2026-01-05 01:30:00,14.208127,0.014208127,7.910265,1.995631,4.302230,768000,768000,1.000000000,1,2026-01-05 01:30:00.000000,2026-01-05 01:30:59.999922,1,BAY01_1830_20260105_012552_000.7z
2026-01-05 01:31:00,14.205075,0.014205075,7.912334,2.073918,4.218823,768000,768000,1.000000000,1,2026-01-05 01:31:00.000000,2026-01-05 01:31:59.999922,1,BAY01_1830_20260105_012552_000.7z
2026-01-05 01:32:00,14.221415,0.014221415,7.913173,1.989760,4.318482,768000,768000,1.000000000,1,2026-01-05 01:32:00.000000,2026-01-05 01:32:59.999922,1,BAY01_1830_20260105_012552_000.7z
2026-01-05 01:33:00,14.226158,0.014226158,7.975873,2.001671,4.248614,768000,768000,1.000000000,1,2026-01-05 01:33:00.000000,2026-01-05 01:33:59.999922,1,BAY01_1830_20260105_012552_000.7z
2026-01-05 01:34:00,14.212768,0.014212768,7.887478,2.005866,4.319424,768000,768000,1.000000000,1,2026-01-05 01:34:00.000000,2026-01-05 01:34:59.999922,1,BAY01_1830_20260105_012552_000.7z
2026-01-05 01:35:00,14.236920,0.014236920,7.915432,2.038542,4.282945,665741,768000,0.866850260,0,2026-01-05 01:35:00.000000,2026-01-05 01:35:52.010938,1,BAY01_1830_20260105_012552_000.7z
2026-01-05 01:36:00,14.119541,0.014119541,7.839797,1.975188,4.304557,768000,768000,1.000000000,1,2026-01-05 01:36:00.000000,2026-01-05 01:36:59.999922,1,BAY01_1831_20260105_013600_000.7z
2026-01-05 01:37:00,14.138587,0.014138587,7.923862,1.990529,4.224195,768000,768000,1.000000000,1,2026-01-05 01:37:00.000000,2026-01-05 01:37:59.999922,1,BAY01_1831_20260105_013600_000.7z
2026-01-05 01:38:00,14.227718,0.014227718,7.878915,2.004245,4.344557,768000,768000,1.000000000,1,2026-01-05 01:38:00.000000,2026-01-05 01:38:59.999922,1,BAY01_1831_20260105_013600_000.7z
2026-01-05 01:39:00,14.187453,0.014187453,7.891087,2.065986,4.230381,768000,768000,1.000000000,1,2026-01-05 01:39:00.000000,2026-01-05 01:39:59.999922,1,BAY01_1831_20260105_013600_000.7z
2026-01-05 01:40:00,14.236946,0.014236946,8.033647,1.987689,4.215611,768000,768000,1.000000000,1,2026-01-05 01:40:00.000000,2026-01-05 01:40:59.999922,1,BAY01_1831_20260105_013600_000.7z
2026-01-05 01:41:00,14.190430,0.014190430,7.887191,2.006647,4.296592,768000,768000,1.000000000,1,2026-01-05 01:41:00.000000,2026-01-05 01:41:59.999922,1,BAY01_1831_20260105_013600_000.7z
2026-01-05 01:42:00,14.255647,0.014255647,7.918747,2.125320,4.211579,768000,768000,1.000000000,1,2026-01-05 01:42:00.000000,2026-01-05 01:42:59.999922,1,BAY01_1831_20260105_013600_000.7z
2026-01-05 01:43:00,14.248171,0.014248171,7.936736,2.032886,4.278549,768000,768000,1.000000000,1,2026-01-05 01:43:00.000000,2026-01-05 01:43:59.999922,1,BAY01_1831_20260105_013600_000.7z
2026-01-05 01:44:00,14.181626,0.014181626,7.897767,2.008554,4.275305,768000,768000,1.000000000,1,2026-01-05 01:44:00.000000,2026-01-05 01:44:59.999922,1,BAY01_1831_20260105_013600_000.7z
2026-01-05 01:45:00,14.227015,0.014227015,8.013039,1.967148,4.246828,768000,768000,1.000000000,1,2026-01-05 01:45:00.000000,2026-01-05 01:45:59.999922,1,BAY01_1831_20260105_013600_000.7z
2026-01-05 01:46:00,14.115730,0.014115730,7.916806,2.034982,4.163942,678417,768000,0.883355469,0,2026-01-05 01:46:00.000000,2026-01-05 01:46:59.999922,2,BAY01_1831_20260105_013600_000.7z;BAY01_1832_20260105_014607_000.7z
2026-01-05 01:47:00,14.118287,0.014118287,7.921224,1.938770,4.258293,768000,768000,1.000000000,1,2026-01-05 01:47:00.000000,2026-01-05 01:47:59.999922,1,BAY01_1832_20260105_014607_000.7z
2026-01-05 01:48:00,14.227336,0.014227336,7.923507,2.005421,4.298408,768000,768000,1.000000000,1,2026-01-05 01:48:00.000000,2026-01-05 01:48:59.999922,1,BAY01_1832_20260105_014607_000.7z
2026-01-05 01:49:00,14.189251,0.014189251,7.893564,1.996694,4.298993,768000,768000,1.000000000,1,2026-01-05 01:49:00.000000,2026-01-05 01:49:59.999922,1,BAY01_1832_20260105_014607_000.7z
2026-01-05 01:50:00,14.214055,0.014214055,7.984545,1.981600,4.247910,768000,768000,1.000000000,1,2026-01-05 01:50:00.000000,2026-01-05 01:50:59.999922,1,BAY01_1832_20260105_014607_000.7z
2026-01-05 01:51:00,14.192784,0.014192784,7.944099,2.039009,4.209676,768000,768000,1.000000000,1,2026-01-05 01:51:00.000000,2026-01-05 01:51:59.999922,1,BAY01_1832_20260105_014607_000.7z
2026-01-05 01:52:00,14.239142,0.014239142,7.989142,2.017637,4.232363,768000,768000,1.000000000,1,2026-01-05 01:52:00.000000,2026-01-05 01:52:59.999922,1,BAY01_1832_20260105_014607_000.7z
2026-01-05 01:53:00,14.220052,0.014220052,7.941269,2.007128,4.271655,768000,768000,1.000000000,1,2026-01-05 01:53:00.000000,2026-01-05 01:53:59.999922,1,BAY01_1832_20260105_014607_000.7z
2026-01-05 01:54:00,14.202421,0.014202421,7.934244,1.985489,4.282688,768000,768000,1.000000000,1,2026-01-05 01:54:00.000000,2026-01-05 01:54:59.999922,1,BAY01_1832_20260105_014607_000.7z
2026-01-05 01:55:00,14.213279,0.014213279,7.968885,1.957309,4.287086,768000,768000,1.000000000,1,2026-01-05 01:55:00.000000,2026-01-05 01:55:59.999922,1,BAY01_1832_20260105_014607_000.7z
2026-01-05 01:56:00,14.126161,0.014126161,7.888029,2.042287,4.195844,716824,768000,0.933364583,0,2026-01-05 01:56:00.000000,2026-01-05 01:56:59.999922,2,BAY01_1832_20260105_014607_000.7z;BAY01_1833_20260105_015611_000.7z
2026-01-05 01:57:00,14.110089,0.014110089,7.911353,2.003517,4.195218,768000,768000,1.000000000,1,2026-01-05 01:57:00.000000,2026-01-05 01:57:59.999922,1,BAY01_1833_20260105_015611_000.7z
2026-01-05 01:58:00,14.189677,0.014189677,7.956868,2.010705,4.222105,768000,768000,1.000000000,1,2026-01-05 01:58:00.000000,2026-01-05 01:58:59.999922,1,BAY01_1833_20260105_015611_000.7z
2026-01-05 01:59:00,14.230497,0.014230497,7.907517,2.063404,4.259577,768000,768000,1.000000000,1,2026-01-05 01:59:00.000000,2026-01-05 01:59:59.999922,1,BAY01_1833_20260105_015611_000.7z
2026-01-05 02:00:00,14.210696,0.014210696,7.993536,1.951742,4.265418,768000,768000,1.000000000,1,2026-01-05 02:00:00.000000,2026-01-05 02:00:59.999922,1,BAY01_1833_20260105_015611_000.7z
2026-01-05 02:01:00,14.201112,0.014201112,7.898579,2.032772,4.269761,768000,768000,1.000000000,1,2026-01-05 02:01:00.000000,2026-01-05 02:01:59.999922,1,BAY01_1833_20260105_015611_000.7z
2026-01-05 02:02:00,14.204256,0.014204256,7.884227,2.033209,4.286820,768000,768000,1.000000000,1,2026-01-05 02:02:00.000000,2026-01-05 02:02:59.999922,1,BAY01_1833_20260105_015611_000.7z
2026-01-05 02:03:00,14.225923,0.014225923,7.950498,2.068205,4.207221,768000,768000,1.000000000,1,2026-01-05 02:03:00.000000,2026-01-05 02:03:59.999922,1,BAY01_1833_20260105_015611_000.7z
2026-01-05 02:04:00,14.232941,0.014232941,8.029873,1.899214,4.303853,768000,768000,1.000000000,1,2026-01-05 02:04:00.000000,2026-01-05 02:04:59.999922,1,BAY01_1833_20260105_015611_000.7z
2026-01-05 02:05:00,14.220132,0.014220132,8.023944,1.997802,4.198387,768000,768000,1.000000000,1,2026-01-05 02:05:00.000000,2026-01-05 02:05:59.999922,1,BAY01_1833_20260105_015611_000.7z
2026-01-05 02:06:00,14.124512,0.014124512,7.896704,1.991075,4.236733,665696,768000,0.866791667,0,2026-01-05 02:06:00.000000,2026-01-05 02:06:59.999922,2,BAY01_1833_20260105_015611_000.7z;BAY01_1834_20260105_020619_000.7z
2026-01-05 02:07:00,14.106259,0.014106259,7.924665,1.916101,4.265493,768000,768000,1.000000000,1,2026-01-05 02:07:00.000000,2026-01-05 02:07:59.999922,1,BAY01_1834_20260105_020619_000.7z
2026-01-05 02:08:00,14.188278,0.014188278,7.972695,2.006315,4.209268,768000,768000,1.000000000,1,2026-01-05 02:08:00.000000,2026-01-05 02:08:59.999922,1,BAY01_1834_20260105_020619_000.7z
2026-01-05 02:09:00,14.248258,0.014248258,7.937916,1.970200,4.340141,768000,768000,1.000000000,1,2026-01-05 02:09:00.000000,2026-01-05 02:09:59.999922,1,BAY01_1834_20260105_020619_000.7z
2026-01-05 02:10:00,14.213457,0.014213457,7.987158,2.012977,4.213322,768000,768000,1.000000000,1,2026-01-05 02:10:00.000000,2026-01-05 02:10:59.999922,1,BAY01_1834_20260105_020619_000.7z
2026-01-05 02:11:00,14.213717,0.014213717,7.930764,2.046763,4.236191,768000,768000,1.000000000,1,2026-01-05 02:11:00.000000,2026-01-05 02:11:59.999922,1,BAY01_1834_20260105_020619_000.7z
2026-01-05 02:12:00,14.246994,0.014246994,7.964225,2.027997,4.254772,768000,768000,1.000000000,1,2026-01-05 02:12:00.000000,2026-01-05 02:12:59.999922,1,BAY01_1834_20260105_020619_000.7z
2026-01-05 02:13:00,14.205510,0.014205510,7.941550,1.986065,4.277895,768000,768000,1.000000000,1,2026-01-05 02:13:00.000000,2026-01-05 02:13:59.999922,1,BAY01_1834_20260105_020619_000.7z
2026-01-05 02:14:00,14.233720,0.014233720,7.957748,1.978565,4.297407,768000,768000,1.000000000,1,2026-01-05 02:14:00.000000,2026-01-05 02:14:59.999922,1,BAY01_1834_20260105_020619_000.7z
2026-01-05 02:15:00,14.212474,0.014212474,7.953966,1.976331,4.282177,768000,768000,1.000000000,1,2026-01-05 02:15:00.000000,2026-01-05 02:15:59.999922,1,BAY01_1834_20260105_020619_000.7z
2026-01-05 02:16:00,14.113508,0.014113508,7.929136,1.956279,4.228093,665731,768000,0.866837240,0,2026-01-05 02:16:00.000000,2026-01-05 02:16:59.999922,2,BAY01_1834_20260105_020619_000.7z;BAY01_1835_20260105_021627_000.7z
2026-01-05 02:17:00,14.106630,0.014106630,7.863231,1.974514,4.268884,768000,768000,1.000000000,1,2026-01-05 02:17:00.000000,2026-01-05 02:17:59.999922,1,BAY01_1835_20260105_021627_000.7z
2026-01-05 02:18:00,14.165083,0.014165083,7.905287,2.047906,4.211890,768000,768000,1.000000000,1,2026-01-05 02:18:00.000000,2026-01-05 02:18:59.999922,1,BAY01_1835_20260105_021627_000.7z
2026-01-05 02:19:00,14.252962,0.014252962,7.928361,1.968146,4.356455,768000,768000,1.000000000,1,2026-01-05 02:19:00.000000,2026-01-05 02:19:59.999922,1,BAY01_1835_20260105_021627_000.7z
2026-01-05 02:20:00,14.207211,0.014207211,7.961689,2.025226,4.220296,768000,768000,1.000000000,1,2026-01-05 02:20:00.000000,2026-01-05 02:20:59.999922,1,BAY01_1835_20260105_021627_000.7z
2026-01-05 02:21:00,14.179611,0.014179611,7.985786,1.993038,4.200787,768000,768000,1.000000000,1,2026-01-05 02:21:00.000000,2026-01-05 02:21:59.999922,1,BAY01_1835_20260105_021627_000.7z
2026-01-05 02:22:00,14.213132,0.014213132,7.923002,2.083148,4.206982,768000,768000,1.000000000,1,2026-01-05 02:22:00.000000,2026-01-05 02:22:59.999922,1,BAY01_1835_20260105_021627_000.7z
2026-01-05 02:23:00,14.212537,0.014212537,7.877325,2.060357,4.274855,768000,768000,1.000000000,1,2026-01-05 02:23:00.000000,2026-01-05 02:23:59.999922,1,BAY01_1835_20260105_021627_000.7z
2026-01-05 02:24:00,14.247231,0.014247231,7.894661,2.024059,4.328512,768000,768000,1.000000000,1,2026-01-05 02:24:00.000000,2026-01-05 02:24:59.999922,1,BAY01_1835_20260105_021627_000.7z
2026-01-05 02:25:00,14.225973,0.014225973,7.920287,2.026840,4.278845,768000,768000,1.000000000,1,2026-01-05 02:25:00.000000,2026-01-05 02:25:59.999922,1,BAY01_1835_20260105_021627_000.7z
2026-01-05 02:26:00,14.128243,0.014128243,7.886705,2.048927,4.192612,678423,768000,0.883363281,0,2026-01-05 02:26:00.000000,2026-01-05 02:26:59.999922,2,BAY01_1835_20260105_021627_000.7z;BAY01_1836_20260105_022634_000.7z
2026-01-05 02:27:00,14.089848,0.014089848,7.846511,1.978966,4.264370,768000,768000,1.000000000,1,2026-01-05 02:27:00.000000,2026-01-05 02:27:59.999922,1,BAY01_1836_20260105_022634_000.7z
2026-01-05 02:28:00,14.190876,0.014190876,7.975251,2.006427,4.209198,768000,768000,1.000000000,1,2026-01-05 02:28:00.000000,2026-01-05 02:28:59.999922,1,BAY01_1836_20260105_022634_000.7z
2026-01-05 02:29:00,14.215557,0.014215557,7.913269,1.997300,4.304988,768000,768000,1.000000000,1,2026-01-05 02:29:00.000000,2026-01-05 02:29:59.999922,1,BAY01_1836_20260105_022634_000.7z
2026-01-05 02:30:00,14.238379,0.014238379,7.937214,2.049964,4.251201,768000,768000,1.000000000,1,2026-01-05 02:30:00.000000,2026-01-05 02:30:59.999922,1,BAY01_1836_20260105_022634_000.7z
2026-01-05 02:31:00,14.184728,0.014184728,7.937621,1.949338,4.297769,768000,768000,1.000000000,1,2026-01-05 02:31:00.000000,2026-01-05 02:31:59.999922,1,BAY01_1836_20260105_022634_000.7z
2026-01-05 02:32:00,14.191766,0.014191766,7.952471,2.000578,4.238717,768000,768000,1.000000000,1,2026-01-05 02:32:00.000000,2026-01-05 02:32:59.999922,1,BAY01_1836_20260105_022634_000.7z
2026-01-05 02:33:00,14.268168,0.014268168,7.968553,2.066615,4.232999,768000,768000,1.000000000,1,2026-01-05 02:33:00.000000,2026-01-05 02:33:59.999922,1,BAY01_1836_20260105_022634_000.7z
2026-01-05 02:34:00,14.190205,0.014190205,7.972847,2.052988,4.164370,768000,768000,1.000000000,1,2026-01-05 02:34:00.000000,2026-01-05 02:34:59.999922,1,BAY01_1836_20260105_022634_000.7z
2026-01-05 02:35:00,14.231832,0.014231832,7.927248,2.017551,4.287034,768000,768000,1.000000000,1,2026-01-05 02:35:00.000000,2026-01-05 02:35:59.999922,1,BAY01_1836_20260105_022634_000.7z
2026-01-05 02:36:00,14.157818,0.014157818,7.885932,2.042844,4.229042,704143,768000,0.916852865,0,2026-01-05 02:36:00.000000,2026-01-05 02:36:59.999922,2,BAY01_1836_20260105_022634_000.7z;BAY01_1837_20260105_023639_000.7z
2026-01-05 02:37:00,14.138931,0.014138931,7.944112,2.008157,4.186662,768000,768000,1.000000000,1,2026-01-05 02:37:00.000000,2026-01-05 02:37:59.999922,1,BAY01_1837_20260105_023639_000.7z
2026-01-05 02:38:00,14.178078,0.014178078,7.955739,2.016389,4.205950,768000,768000,1.000000000,1,2026-01-05 02:38:00.000000,2026-01-05 02:38:59.999922,1,BAY01_1837_20260105_023639_000.7z
2026-01-05 02:39:00,14.191849,0.014191849,8.013453,1.956421,4.221975,768000,768000,1.000000000,1,2026-01-05 02:39:00.000000,2026-01-05 02:39:59.999922,1,BAY01_1837_20260105_023639_000.7z
2026-01-05 02:40:00,14.222290,0.014222290,7.945097,2.039669,4.237524,768000,768000,1.000000000,1,2026-01-05 02:40:00.000000,2026-01-05 02:40:59.999922,1,BAY01_1837_20260105_023639_000.7z
2026-01-05 02:41:00,14.199392,0.014199392,7.948582,1.991357,4.259453,768000,768000,1.000000000,1,2026-01-05 02:41:00.000000,2026-01-05 02:41:59.999922,1,BAY01_1837_20260105_023639_000.7z
2026-01-05 02:42:00,14.232252,0.014232252,7.989943,2.007717,4.234593,768000,768000,1.000000000,1,2026-01-05 02:42:00.000000,2026-01-05 02:42:59.999922,1,BAY01_1837_20260105_023639_000.7z
2026-01-05 02:43:00,14.229242,0.014229242,7.908970,2.069696,4.250576,768000,768000,1.000000000,1,2026-01-05 02:43:00.000000,2026-01-05 02:43:59.999922,1,BAY01_1837_20260105_023639_000.7z
2026-01-05 02:44:00,14.205567,0.014205567,7.916619,2.069464,4.219484,768000,768000,1.000000000,1,2026-01-05 02:44:00.000000,2026-01-05 02:44:59.999922,1,BAY01_1837_20260105_023639_000.7z
2026-01-05 02:45:00,14.214141,0.014214141,7.932053,1.981592,4.300496,768000,768000,1.000000000,1,2026-01-05 02:45:00.000000,2026-01-05 02:45:59.999922,1,BAY01_1837_20260105_023639_000.7z
2026-01-05 02:46:00,14.208439,0.014208439,7.941608,2.008755,4.258076,678436,768000,0.883380208,0,2026-01-05 02:46:00.000000,2026-01-05 02:46:59.999922,2,BAY01_1837_20260105_023639_000.7z;BAY01_1838_20260105_024646_000.7z
2026-01-05 02:47:00,14.096494,0.014096494,7.905941,1.966495,4.224058,768000,768000,1.000000000,1,2026-01-05 02:47:00.000000,2026-01-05 02:47:59.999922,1,BAY01_1838_20260105_024646_000.7z
2026-01-05 02:48:00,14.134475,0.014134475,7.870769,1.981421,4.282285,768000,768000,1.000000000,1,2026-01-05 02:48:00.000000,2026-01-05 02:48:59.999922,1,BAY01_1838_20260105_024646_000.7z
2026-01-05 02:49:00,14.219296,0.014219296,7.953943,2.008724,4.256629,768000,768000,1.000000000,1,2026-01-05 02:49:00.000000,2026-01-05 02:49:59.999922,1,BAY01_1838_20260105_024646_000.7z
2026-01-05 02:50:00,14.216130,0.014216130,7.928739,2.000001,4.287389,768000,768000,1.000000000,1,2026-01-05 02:50:00.000000,2026-01-05 02:50:59.999922,1,BAY01_1838_20260105_024646_000.7z
2026-01-05 02:51:00,14.229548,0.014229548,7.971556,2.007409,4.250583,768000,768000,1.000000000,1,2026-01-05 02:51:00.000000,2026-01-05 02:51:59.999922,1,BAY01_1838_20260105_024646_000.7z
2026-01-05 02:52:00,14.189513,0.014189513,7.927471,2.028701,4.233341,768000,768000,1.000000000,1,2026-01-05 02:52:00.000000,2026-01-05 02:52:59.999922,1,BAY01_1838_20260105_024646_000.7z
2026-01-05 02:53:00,14.203500,0.014203500,7.896835,2.067219,4.239445,768000,768000,1.000000000,1,2026-01-05 02:53:00.000000,2026-01-05 02:53:59.999922,1,BAY01_1838_20260105_024646_000.7z
2026-01-05 02:54:00,14.221956,0.014221956,7.829471,2.025571,4.366914,768000,768000,1.000000000,1,2026-01-05 02:54:00.000000,2026-01-05 02:54:59.999922,1,BAY01_1838_20260105_024646_000.7z
2026-01-05 02:55:00,14.234773,0.014234773,7.971431,2.037420,4.225923,768000,768000,1.000000000,1,2026-01-05 02:55:00.000000,2026-01-05 02:55:59.999922,1,BAY01_1838_20260105_024646_000.7z
2026-01-05 02:56:00,14.140545,0.014140545,7.853677,2.043898,4.242970,704105,768000,0.916803385,0,2026-01-05 02:56:00.000000,2026-01-05 02:56:59.999922,2,BAY01_1838_20260105_024646_000.7z;BAY01_1839_20260105_025651_000.7z
2026-01-05 02:57:00,14.101618,0.014101618,7.932784,1.903164,4.265670,768000,768000,1.000000000,1,2026-01-05 02:57:00.000000,2026-01-05 02:57:59.999922,1,BAY01_1839_20260105_025651_000.7z
2026-01-05 02:58:00,14.123607,0.014123607,7.858112,2.032215,4.233280,768000,768000,1.000000000,1,2026-01-05 02:58:00.000000,2026-01-05 02:58:59.999922,1,BAY01_1839_20260105_025651_000.7z
2026-01-05 02:59:00,14.242206,0.014242206,7.899166,1.994388,4.348652,768000,768000,1.000000000,1,2026-01-05 02:59:00.000000,2026-01-05 02:59:59.999922,1,BAY01_1839_20260105_025651_000.7z
2026-01-05 03:00:00,14.226238,0.014226238,8.014389,1.968503,4.243346,768000,768000,1.000000000,1,2026-01-05 03:00:00.000000,2026-01-05 03:00:59.999922,1,BAY01_1839_20260105_025651_000.7z
2026-01-05 03:01:00,14.193531,0.014193531,7.983121,1.999545,4.210865,768000,768000,1.000000000,1,2026-01-05 03:01:00.000000,2026-01-05 03:01:59.999922,1,BAY01_1839_20260105_025651_000.7z
2026-01-05 03:02:00,14.180304,0.014180304,7.878705,2.037890,4.263708,768000,768000,1.000000000,1,2026-01-05 03:02:00.000000,2026-01-05 03:02:59.999922,1,BAY01_1839_20260105_025651_000.7z
2026-01-05 03:03:00,14.203626,0.014203626,7.957526,2.018864,4.227236,768000,768000,1.000000000,1,2026-01-05 03:03:00.000000,2026-01-05 03:03:59.999922,1,BAY01_1839_20260105_025651_000.7z
2026-01-05 03:04:00,14.228427,0.014228427,7.933246,2.065927,4.229254,768000,768000,1.000000000,1,2026-01-05 03:04:00.000000,2026-01-05 03:04:59.999922,1,BAY01_1839_20260105_025651_000.7z
2026-01-05 03:05:00,14.197843,0.014197843,8.000091,1.958285,4.239467,768000,768000,1.000000000,1,2026-01-05 03:05:00.000000,2026-01-05 03:05:59.999922,1,BAY01_1839_20260105_025651_000.7z
2026-01-05 03:06:00,14.181167,0.014181167,7.952180,2.049344,4.179644,678539,768000,0.883514323,0,2026-01-05 03:06:00.000000,2026-01-05 03:06:59.999922,2,BAY01_1839_20260105_025651_000.7z;BAY01_1840_20260105_030658_000.7z
2026-01-05 03:07:00,14.087488,0.014087488,7.907653,1.969270,4.210565,768000,768000,1.000000000,1,2026-01-05 03:07:00.000000,2026-01-05 03:07:59.999922,1,BAY01_1840_20260105_030658_000.7z
2026-01-05 03:08:00,14.145913,0.014145913,7.878533,2.029963,4.237417,768000,768000,1.000000000,1,2026-01-05 03:08:00.000000,2026-01-05 03:08:59.999922,1,BAY01_1840_20260105_030658_000.7z
2026-01-05 03:09:00,14.253645,0.014253645,7.920997,2.060227,4.272421,768000,768000,1.000000000,1,2026-01-05 03:09:00.000000,2026-01-05 03:09:59.999922,1,BAY01_1840_20260105_030658_000.7z
2026-01-05 03:10:00,14.191142,0.014191142,7.959866,1.952071,4.279205,768000,768000,1.000000000,1,2026-01-05 03:10:00.000000,2026-01-05 03:10:59.999922,1,BAY01_1840_20260105_030658_000.7z
2026-01-05 03:11:00,14.209188,0.014209188,7.914149,2.007191,4.287848,768000,768000,1.000000000,1,2026-01-05 03:11:00.000000,2026-01-05 03:11:59.999922,1,BAY01_1840_20260105_030658_000.7z
2026-01-05 03:12:00,14.261192,0.014261192,7.957502,1.989632,4.314058,768000,768000,1.000000000,1,2026-01-05 03:12:00.000000,2026-01-05 03:12:59.999922,1,BAY01_1840_20260105_030658_000.7z
2026-01-05 03:13:00,13.096682,0.013096682,8.043851,1.206826,3.846004,768000,768000,1.000000000,1,2026-01-05 03:13:00.000000,2026-01-05 03:13:59.999922,1,BAY01_1840_20260105_030658_000.7z
2026-01-05 03:14:00,14.230420,0.014230420,7.993849,1.904957,4.331615,768000,768000,1.000000000,1,2026-01-05 03:14:00.000000,2026-01-05 03:14:59.999922,1,BAY01_1840_20260105_030658_000.7z
2026-01-05 03:15:00,14.175841,0.014175841,7.957533,1.983899,4.234409,768000,768000,1.000000000,1,2026-01-05 03:15:00.000000,2026-01-05 03:15:59.999922,1,BAY01_1840_20260105_030658_000.7z
2026-01-05 03:16:00,14.218224,0.014218224,7.923360,2.073500,4.221364,742426,768000,0.966700521,0,2026-01-05 03:16:00.000000,2026-01-05 03:16:58.001953,1,BAY01_1840_20260105_030658_000.7z
2026-01-05 03:17:00,14.081784,0.014081784,7.924198,1.925190,4.232396,716800,768000,0.933333333,0,2026-01-05 03:17:04.000000,2026-01-05 03:17:59.999922,1,BAY01_1841_20260105_031704_000.7z
2026-01-05 03:18:00,14.111303,0.014111303,7.927542,1.963629,4.220132,768000,768000,1.000000000,1,2026-01-05 03:18:00.000000,2026-01-05 03:18:59.999922,1,BAY01_1841_20260105_031704_000.7z
2026-01-05 03:19:00,14.256897,0.014256897,7.902284,2.068239,4.286374,768000,768000,1.000000000,1,2026-01-05 03:19:00.000000,2026-01-05 03:19:59.999922,1,BAY01_1841_20260105_031704_000.7z
2026-01-05 03:20:00,14.182080,0.014182080,7.938443,1.946670,4.296968,768000,768000,1.000000000,1,2026-01-05 03:20:00.000000,2026-01-05 03:20:59.999922,1,BAY01_1841_20260105_031704_000.7z
2026-01-05 03:21:00,14.243766,0.014243766,8.035994,1.988151,4.219621,768000,768000,1.000000000,1,2026-01-05 03:21:00.000000,2026-01-05 03:21:59.999922,1,BAY01_1841_20260105_031704_000.7z
2026-01-05 03:22:00,14.201123,0.014201123,7.961095,1.982038,4.257990,768000,768000,1.000000000,1,2026-01-05 03:22:00.000000,2026-01-05 03:22:59.999922,1,BAY01_1841_20260105_031704_000.7z
2026-01-05 03:23:00,14.257718,0.014257718,7.924541,2.072987,4.260190,768000,768000,1.000000000,1,2026-01-05 03:23:00.000000,2026-01-05 03:23:59.999922,1,BAY01_1841_20260105_031704_000.7z
2026-01-05 03:24:00,14.210305,0.014210305,7.939709,2.063832,4.206763,768000,768000,1.000000000,1,2026-01-05 03:24:00.000000,2026-01-05 03:24:59.999922,1,BAY01_1841_20260105_031704_000.7z
2026-01-05 03:25:00,14.183664,0.014183664,7.891440,2.015356,4.276868,768000,768000,1.000000000,1,2026-01-05 03:25:00.000000,2026-01-05 03:25:59.999922,1,BAY01_1841_20260105_031704_000.7z
2026-01-05 03:26:00,14.232875,0.014232875,7.977352,2.018714,4.236809,768000,768000,1.000000000,1,2026-01-05 03:26:00.000000,2026-01-05 03:26:59.999922,1,BAY01_1841_20260105_031704_000.7z
2026-01-05 03:27:00,14.097055,0.014097055,7.905372,2.031467,4.160216,665738,768000,0.866846354,0,2026-01-05 03:27:00.000000,2026-01-05 03:27:59.999922,2,BAY01_1841_20260105_031704_000.7z;BAY01_1842_20260105_032712_000.7z
2026-01-05 03:28:00,14.142465,0.014142465,7.891183,2.019306,4.231976,768000,768000,1.000000000,1,2026-01-05 03:28:00.000000,2026-01-05 03:28:59.999922,1,BAY01_1842_20260105_032712_000.7z
2026-01-05 03:29:00,14.206319,0.014206319,7.886263,2.013099,4.306956,768000,768000,1.000000000,1,2026-01-05 03:29:00.000000,2026-01-05 03:29:59.999922,1,BAY01_1842_20260105_032712_000.7z
2026-01-05 03:30:00,14.207748,0.014207748,7.937349,1.976113,4.294286,768000,768000,1.000000000,1,2026-01-05 03:30:00.000000,2026-01-05 03:30:59.999922,1,BAY01_1842_20260105_032712_000.7z
2026-01-05 03:31:00,14.220651,0.014220651,7.954171,1.977365,4.289115,768000,768000,1.000000000,1,2026-01-05 03:31:00.000000,2026-01-05 03:31:59.999922,1,BAY01_1842_20260105_032712_000.7z
2026-01-05 03:32:00,14.220317,0.014220317,7.969403,2.019879,4.231036,768000,768000,1.000000000,1,2026-01-05 03:32:00.000000,2026-01-05 03:32:59.999922,1,BAY01_1842_20260105_032712_000.7z
2026-01-05 03:33:00,14.192712,0.014192712,7.898753,2.032409,4.261550,768000,768000,1.000000000,1,2026-01-05 03:33:00.000000,2026-01-05 03:33:59.999922,1,BAY01_1842_20260105_032712_000.7z
2026-01-05 03:34:00,14.197334,0.014197334,7.888460,2.011087,4.297787,768000,768000,1.000000000,1,2026-01-05 03:34:00.000000,2026-01-05 03:34:59.999922,1,BAY01_1842_20260105_032712_000.7z
2026-01-05 03:35:00,14.214849,0.014214849,7.978346,1.955220,4.281283,768000,768000,1.000000000,1,2026-01-05 03:35:00.000000,2026-01-05 03:35:59.999922,1,BAY01_1842_20260105_032712_000.7z
2026-01-05 03:36:00,14.215744,0.014215744,7.997779,2.005353,4.212613,768000,768000,1.000000000,1,2026-01-05 03:36:00.000000,2026-01-05 03:36:59.999922,1,BAY01_1842_20260105_032712_000.7z
2026-01-05 03:37:00,14.132371,0.014132371,7.871604,2.007932,4.252834,678486,768000,0.883445313,0,2026-01-05 03:37:00.000000,2026-01-05 03:37:59.999922,2,BAY01_1842_20260105_032712_000.7z;BAY01_1843_20260105_033719_000.7z
2026-01-05 03:38:00,14.092932,0.014092932,7.933874,1.956020,4.203038,768000,768000,1.000000000,1,2026-01-05 03:38:00.000000,2026-01-05 03:38:59.999922,1,BAY01_1843_20260105_033719_000.7z
2026-01-05 03:39:00,14.183228,0.014183228,7.891034,2.015356,4.276838,768000,768000,1.000000000,1,2026-01-05 03:39:00.000000,2026-01-05 03:39:59.999922,1,BAY01_1843_20260105_033719_000.7z
2026-01-05 03:40:00,14.215928,0.014215928,7.914674,2.019112,4.282142,768000,768000,1.000000000,1,2026-01-05 03:40:00.000000,2026-01-05 03:40:59.999922,1,BAY01_1843_20260105_033719_000.7z
2026-01-05 03:41:00,14.214278,0.014214278,7.952620,1.955483,4.306174,768000,768000,1.000000000,1,2026-01-05 03:41:00.000000,2026-01-05 03:41:59.999922,1,BAY01_1843_20260105_033719_000.7z
2026-01-05 03:42:00,14.186404,0.014186404,7.964085,1.944812,4.277506,768000,768000,1.000000000,1,2026-01-05 03:42:00.000000,2026-01-05 03:42:59.999922,1,BAY01_1843_20260105_033719_000.7z
2026-01-05 03:43:00,14.196730,0.014196730,7.980854,1.997103,4.218773,768000,768000,1.000000000,1,2026-01-05 03:43:00.000000,2026-01-05 03:43:59.999922,1,BAY01_1843_20260105_033719_000.7z
2026-01-05 03:44:00,14.213739,0.014213739,7.898460,2.033251,4.282029,768000,768000,1.000000000,1,2026-01-05 03:44:00.000000,2026-01-05 03:44:59.999922,1,BAY01_1843_20260105_033719_000.7z
2026-01-05 03:45:00,14.257099,0.014257099,7.963808,1.959872,4.333418,768000,768000,1.000000000,1,2026-01-05 03:45:00.000000,2026-01-05 03:45:59.999922,1,BAY01_1843_20260105_033719_000.7z
2026-01-05 03:46:00,14.221782,0.014221782,7.926422,2.025155,4.270204,768000,768000,1.000000000,1,2026-01-05 03:46:00.000000,2026-01-05 03:46:59.999922,1,BAY01_1843_20260105_033719_000.7z
2026-01-05 03:47:00,14.105734,0.014105734,7.884798,1.951628,4.269308,665725,768000,0.866829427,0,2026-01-05 03:47:00.000000,2026-01-05 03:47:59.999922,2,BAY01_1843_20260105_033719_000.7z;BAY01_1844_20260105_034727_000.7z
2026-01-05 03:48:00,14.109240,0.014109240,7.939036,1.959995,4.210208,768000,768000,1.000000000,1,2026-01-05 03:48:00.000000,2026-01-05 03:48:59.999922,1,BAY01_1844_20260105_034727_000.7z
2026-01-05 03:49:00,14.200713,0.014200713,7.906621,2.055473,4.238619,768000,768000,1.000000000,1,2026-01-05 03:49:00.000000,2026-01-05 03:49:59.999922,1,BAY01_1844_20260105_034727_000.7z
2026-01-05 03:50:00,14.239695,0.014239695,7.871908,2.036681,4.331107,768000,768000,1.000000000,1,2026-01-05 03:50:00.000000,2026-01-05 03:50:59.999922,1,BAY01_1844_20260105_034727_000.7z
2026-01-05 03:51:00,14.206721,0.014206721,7.920554,2.053411,4.232756,768000,768000,1.000000000,1,2026-01-05 03:51:00.000000,2026-01-05 03:51:59.999922,1,BAY01_1844_20260105_034727_000.7z
2026-01-05 03:52:00,14.185468,0.014185468,7.919814,2.046693,4.218961,768000,768000,1.000000000,1,2026-01-05 03:52:00.000000,2026-01-05 03:52:59.999922,1,BAY01_1844_20260105_034727_000.7z
2026-01-05 03:53:00,14.180831,0.014180831,7.911764,1.982133,4.286933,768000,768000,1.000000000,1,2026-01-05 03:53:00.000000,2026-01-05 03:53:59.999922,1,BAY01_1844_20260105_034727_000.7z
2026-01-05 03:54:00,14.228145,0.014228145,7.964611,2.000295,4.263239,768000,768000,1.000000000,1,2026-01-05 03:54:00.000000,2026-01-05 03:54:59.999922,1,BAY01_1844_20260105_034727_000.7z
2026-01-05 03:55:00,14.245667,0.014245667,7.891403,2.012561,4.341702,768000,768000,1.000000000,1,2026-01-05 03:55:00.000000,2026-01-05 03:55:59.999922,1,BAY01_1844_20260105_034727_000.7z
2026-01-05 03:56:00,14.214588,0.014214588,8.010491,1.954165,4.249932,768000,768000,1.000000000,1,2026-01-05 03:56:00.000000,2026-01-05 03:56:59.999922,1,BAY01_1844_20260105_034727_000.7z
2026-01-05 03:57:00,14.139094,0.014139094,7.964747,1.973967,4.200380,691287,768000,0.900113281,0,2026-01-05 03:57:00.000000,2026-01-05 03:57:59.999922,2,BAY01_1844_20260105_034727_000.7z;BAY01_1845_20260105_035733_000.7z
2026-01-05 03:58:00,14.128320,0.014128320,7.885635,1.987367,4.255318,768000,768000,1.000000000,1,2026-01-05 03:58:00.000000,2026-01-05 03:58:59.999922,1,BAY01_1845_20260105_035733_000.7z
2026-01-05 03:59:00,14.166283,0.014166283,7.938852,2.011340,4.216091,768000,768000,1.000000000,1,2026-01-05 03:59:00.000000,2026-01-05 03:59:59.999922,1,BAY01_1845_20260105_035733_000.7z
2026-01-05 04:00:00,14.270732,0.014270732,7.927046,2.008663,4.335022,768000,768000,1.000000000,1,2026-01-05 04:00:00.000000,2026-01-05 04:00:59.999922,1,BAY01_1845_20260105_035733_000.7z
2026-01-05 04:01:00,14.215024,0.014215024,7.935855,1.987501,4.291668,768000,768000,1.000000000,1,2026-01-05 04:01:00.000000,2026-01-05 04:01:59.999922,1,BAY01_1845_20260105_035733_000.7z
2026-01-05 04:02:00,14.170840,0.014170840,7.925849,1.968110,4.276881,768000,768000,1.000000000,1,2026-01-05 04:02:00.000000,2026-01-05 04:02:59.999922,1,BAY01_1845_20260105_035733_000.7z
2026-01-05 04:03:00,14.194669,0.014194669,7.898379,2.027858,4.268432,768000,768000,1.000000000,1,2026-01-05 04:03:00.000000,2026-01-05 04:03:59.999922,1,BAY01_1845_20260105_035733_000.7z
2026-01-05 04:04:00,14.173955,0.014173955,7.892526,1.957419,4.324010,768000,768000,1.000000000,1,2026-01-05 04:04:00.000000,2026-01-05 04:04:59.999922,1,BAY01_1845_20260105_035733_000.7z
2026-01-05 04:05:00,14.227694,0.014227694,7.931703,1.964919,4.331072,768000,768000,1.000000000,1,2026-01-05 04:05:00.000000,2026-01-05 04:05:59.999922,1,BAY01_1845_20260105_035733_000.7z
2026-01-05 04:06:00,14.236280,0.014236280,7.993064,1.993281,4.249935,768000,768000,1.000000000,1,2026-01-05 04:06:00.000000,2026-01-05 04:06:59.999922,1,BAY01_1845_20260105_035733_000.7z
2026-01-05 04:07:00,14.110454,0.014110454,7.942140,1.966799,4.201516,640029,768000,0.833371094,0,2026-01-05 04:07:00.000000,2026-01-05 04:07:59.999922,2,BAY01_1845_20260105_035733_000.7z;BAY01_1846_20260105_040743_000.7z
2026-01-05 04:08:00,14.101932,0.014101932,7.922266,2.002392,4.177274,768000,768000,1.000000000,1,2026-01-05 04:08:00.000000,2026-01-05 04:08:59.999922,1,BAY01_1846_20260105_040743_000.7z
2026-01-05 04:09:00,14.134536,0.014134536,7.873919,2.038646,4.221970,768000,768000,1.000000000,1,2026-01-05 04:09:00.000000,2026-01-05 04:09:59.999922,1,BAY01_1846_20260105_040743_000.7z
2026-01-05 04:10:00,14.202418,0.014202418,7.930610,2.045712,4.226097,768000,768000,1.000000000,1,2026-01-05 04:10:00.000000,2026-01-05 04:10:59.999922,1,BAY01_1846_20260105_040743_000.7z
2026-01-05 04:11:00,14.224837,0.014224837,7.973604,2.045435,4.205798,768000,768000,1.000000000,1,2026-01-05 04:11:00.000000,2026-01-05 04:11:59.999922,1,BAY01_1846_20260105_040743_000.7z
2026-01-05 04:12:00,14.218164,0.014218164,7.924876,2.037969,4.255319,768000,768000,1.000000000,1,2026-01-05 04:12:00.000000,2026-01-05 04:12:59.999922,1,BAY01_1846_20260105_040743_000.7z
2026-01-05 04:13:00,14.189335,0.014189335,7.973481,1.999157,4.216697,768000,768000,1.000000000,1,2026-01-05 04:13:00.000000,2026-01-05 04:13:59.999922,1,BAY01_1846_20260105_040743_000.7z
2026-01-05 04:14:00,14.210685,0.014210685,7.952508,2.053413,4.204765,768000,768000,1.000000000,1,2026-01-05 04:14:00.000000,2026-01-05 04:14:59.999922,1,BAY01_1846_20260105_040743_000.7z
2026-01-05 04:15:00,14.189857,0.014189857,7.912366,1.977877,4.299614,768000,768000,1.000000000,1,2026-01-05 04:15:00.000000,2026-01-05 04:15:59.999922,1,BAY01_1846_20260105_040743_000.7z
2026-01-05 04:16:00,14.246709,0.014246709,7.961430,2.000092,4.285188,768000,768000,1.000000000,1,2026-01-05 04:16:00.000000,2026-01-05 04:16:59.999922,1,BAY01_1846_20260105_040743_000.7z
2026-01-05 04:17:00,14.161537,0.014161537,7.911768,1.945183,4.304586,704039,768000,0.916717448,0,2026-01-05 04:17:00.000000,2026-01-05 04:17:59.999922,2,BAY01_1846_20260105_040743_000.7z;BAY01_1847_20260105_041748_000.7z
2026-01-05 04:18:00,14.093209,0.014093209,7.930878,1.942714,4.219618,768000,768000,1.000000000,1,2026-01-05 04:18:00.000000,2026-01-05 04:18:59.999922,1,BAY01_1847_20260105_041748_000.7z
2026-01-05 04:19:00,14.154825,0.014154825,7.917551,1.977125,4.260148,768000,768000,1.000000000,1,2026-01-05 04:19:00.000000,2026-01-05 04:19:59.999922,1,BAY01_1847_20260105_041748_000.7z
2026-01-05 04:20:00,14.183825,0.014183825,7.932169,2.032901,4.218755,768000,768000,1.000000000,1,2026-01-05 04:20:00.000000,2026-01-05 04:20:59.999922,1,BAY01_1847_20260105_041748_000.7z
2026-01-05 04:21:00,14.241893,0.014241893,8.013542,1.953415,4.274937,768000,768000,1.000000000,1,2026-01-05 04:21:00.000000,2026-01-05 04:21:59.999922,1,BAY01_1847_20260105_041748_000.7z
2026-01-05 04:22:00,14.182876,0.014182876,7.906267,2.024421,4.252189,768000,768000,1.000000000,1,2026-01-05 04:22:00.000000,2026-01-05 04:22:59.999922,1,BAY01_1847_20260105_041748_000.7z
2026-01-05 04:23:00,14.211510,0.014211510,7.906292,2.034146,4.271072,768000,768000,1.000000000,1,2026-01-05 04:23:00.000000,2026-01-05 04:23:59.999922,1,BAY01_1847_20260105_041748_000.7z
2026-01-05 04:24:00,14.226579,0.014226579,7.985352,1.989777,4.251451,768000,768000,1.000000000,1,2026-01-05 04:24:00.000000,2026-01-05 04:24:59.999922,1,BAY01_1847_20260105_041748_000.7z
2026-01-05 04:25:00,14.225477,0.014225477,7.946079,2.047313,4.232086,768000,768000,1.000000000,1,2026-01-05 04:25:00.000000,2026-01-05 04:25:59.999922,1,BAY01_1847_20260105_041748_000.7z
2026-01-05 04:26:00,14.211874,0.014211874,7.979315,2.028262,4.204297,768000,768000,1.000000000,1,2026-01-05 04:26:00.000000,2026-01-05 04:26:59.999922,1,BAY01_1847_20260105_041748_000.7z
2026-01-05 04:27:00,14.174034,0.014174034,7.884372,2.031712,4.257950,704072,768000,0.916760417,0,2026-01-05 04:27:00.000000,2026-01-05 04:27:59.999922,2,BAY01_1847_20260105_041748_000.7z;BAY01_1848_20260105_042753_000.7z
2026-01-05 04:28:00,14.092348,0.014092348,7.908641,1.984434,4.199273,768000,768000,1.000000000,1,2026-01-05 04:28:00.000000,2026-01-05 04:28:59.999922,1,BAY01_1848_20260105_042753_000.7z
2026-01-05 04:29:00,14.147905,0.014147905,7.925965,2.029005,4.192935,768000,768000,1.000000000,1,2026-01-05 04:29:00.000000,2026-01-05 04:29:59.999922,1,BAY01_1848_20260105_042753_000.7z
2026-01-05 04:30:00,14.248982,0.014248982,8.003820,1.981444,4.263718,768000,768000,1.000000000,1,2026-01-05 04:30:00.000000,2026-01-05 04:30:59.999922,1,BAY01_1848_20260105_042753_000.7z
2026-01-05 04:31:00,14.222407,0.014222407,8.167492,2.098279,3.956637,768000,768000,1.000000000,1,2026-01-05 04:31:00.000000,2026-01-05 04:31:59.999922,1,BAY01_1848_20260105_042753_000.7z
2026-01-05 04:32:00,14.187698,0.014187698,7.963195,1.949594,4.274909,768000,768000,1.000000000,1,2026-01-05 04:32:00.000000,2026-01-05 04:32:59.999922,1,BAY01_1848_20260105_042753_000.7z
2026-01-05 04:33:00,14.178975,0.014178975,7.986439,1.990541,4.201994,768000,768000,1.000000000,1,2026-01-05 04:33:00.000000,2026-01-05 04:33:59.999922,1,BAY01_1848_20260105_042753_000.7z
2026-01-05 04:34:00,14.216844,0.014216844,7.938950,1.959163,4.318730,768000,768000,1.000000000,1,2026-01-05 04:34:00.000000,2026-01-05 04:34:59.999922,1,BAY01_1848_20260105_042753_000.7z
2026-01-05 04:35:00,14.245561,0.014245561,7.922636,2.056257,4.266668,768000,768000,1.000000000,1,2026-01-05 04:35:00.000000,2026-01-05 04:35:59.999922,1,BAY01_1848_20260105_042753_000.7z
2026-01-05 04:36:00,14.210156,0.014210156,7.946296,2.046290,4.217570,768000,768000,1.000000000,1,2026-01-05 04:36:00.000000,2026-01-05 04:36:59.999922,1,BAY01_1848_20260105_042753_000.7z
2026-01-05 04:37:00,14.179329,0.014179329,7.955043,2.022919,4.201367,716858,768000,0.933408854,0,2026-01-05 04:37:00.000000,2026-01-05 04:37:59.999922,2,BAY01_1848_20260105_042753_000.7z;BAY01_1849_20260105_043757_000.7z
2026-01-05 04:38:00,14.081845,0.014081845,7.861289,1.962045,4.258511,768000,768000,1.000000000,1,2026-01-05 04:38:00.000000,2026-01-05 04:38:59.999922,1,BAY01_1849_20260105_043757_000.7z
2026-01-05 04:39:00,13.274754,0.013274754,6.633557,2.469056,4.172141,768000,768000,1.000000000,1,2026-01-05 04:39:00.000000,2026-01-05 04:39:59.999922,1,BAY01_1849_20260105_043757_000.7z
2026-01-05 04:40:00,11.566298,0.011566298,3.835976,3.710656,4.019666,768000,768000,1.000000000,1,2026-01-05 04:40:00.000000,2026-01-05 04:40:59.999922,1,BAY01_1849_20260105_043757_000.7z
2026-01-05 04:41:00,11.529120,0.011529120,3.873108,3.691562,3.964449,768000,768000,1.000000000,1,2026-01-05 04:41:00.000000,2026-01-05 04:41:59.999922,1,BAY01_1849_20260105_043757_000.7z
2026-01-05 04:42:00,11.527412,0.011527412,3.908762,3.656371,3.962278,768000,768000,1.000000000,1,2026-01-05 04:42:00.000000,2026-01-05 04:42:59.999922,1,BAY01_1849_20260105_043757_000.7z
2026-01-05 04:43:00,11.505627,0.011505627,3.839529,3.654226,4.011872,768000,768000,1.000000000,1,2026-01-05 04:43:00.000000,2026-01-05 04:43:59.999922,1,BAY01_1849_20260105_043757_000.7z
2026-01-05 04:44:00,11.537168,0.011537168,3.821727,3.694122,4.021319,768000,768000,1.000000000,1,2026-01-05 04:44:00.000000,2026-01-05 04:44:59.999922,1,BAY01_1849_20260105_043757_000.7z
2026-01-05 04:45:00,11.559185,0.011559185,3.821250,3.665215,4.072720,768000,768000,1.000000000,1,2026-01-05 04:45:00.000000,2026-01-05 04:45:59.999922,1,BAY01_1849_20260105_043757_000.7z
2026-01-05 04:46:00,11.520915,0.011520915,3.837468,3.664852,4.018596,768000,768000,1.000000000,1,2026-01-05 04:46:00.000000,2026-01-05 04:46:59.999922,1,BAY01_1849_20260105_043757_000.7z
2026-01-05 04:47:00,11.519438,0.011519438,3.856043,3.672112,3.991283,729736,768000,0.950177083,0,2026-01-05 04:47:00.000000,2026-01-05 04:47:57.010547,1,BAY01_1849_20260105_043757_000.7z
2026-01-05 04:48:00,11.416234,0.011416234,3.808973,3.653418,3.953843,742400,768000,0.966666667,0,2026-01-05 04:48:02.000000,2026-01-05 04:48:59.999922,1,BAY01_1850_20260105_044802_000.7z
2026-01-05 04:49:00,11.442067,0.011442067,3.797026,3.692929,3.952113,768000,768000,1.000000000,1,2026-01-05 04:49:00.000000,2026-01-05 04:49:59.999922,1,BAY01_1850_20260105_044802_000.7z
2026-01-05 04:50:00,11.544239,0.011544239,3.820741,3.725098,3.998400,768000,768000,1.000000000,1,2026-01-05 04:50:00.000000,2026-01-05 04:50:59.999922,1,BAY01_1850_20260105_044802_000.7z
2026-01-05 04:51:00,11.506376,0.011506376,3.861802,3.684526,3.960048,768000,768000,1.000000000,1,2026-01-05 04:51:00.000000,2026-01-05 04:51:59.999922,1,BAY01_1850_20260105_044802_000.7z
2026-01-05 04:52:00,11.527821,0.011527821,3.875394,3.689237,3.963190,768000,768000,1.000000000,1,2026-01-05 04:52:00.000000,2026-01-05 04:52:59.999922,1,BAY01_1850_20260105_044802_000.7z
2026-01-05 04:53:00,11.538075,0.011538075,3.850320,3.736340,3.951415,768000,768000,1.000000000,1,2026-01-05 04:53:00.000000,2026-01-05 04:53:59.999922,1,BAY01_1850_20260105_044802_000.7z
2026-01-05 04:54:00,11.497651,0.011497651,3.838619,3.721339,3.937693,768000,768000,1.000000000,1,2026-01-05 04:54:00.000000,2026-01-05 04:54:59.999922,1,BAY01_1850_20260105_044802_000.7z
2026-01-05 04:55:00,11.563758,0.011563758,3.885887,3.660740,4.017131,768000,768000,1.000000000,1,2026-01-05 04:55:00.000000,2026-01-05 04:55:59.999922,1,BAY01_1850_20260105_044802_000.7z
2026-01-05 04:56:00,11.498702,0.011498702,3.865405,3.641601,3.991697,768000,768000,1.000000000,1,2026-01-05 04:56:00.000000,2026-01-05 04:56:59.999922,1,BAY01_1850_20260105_044802_000.7z
2026-01-05 04:57:00,11.526893,0.011526893,3.896181,3.637534,3.993178,768000,768000,1.000000000,1,2026-01-05 04:57:00.000000,2026-01-05 04:57:59.999922,1,BAY01_1850_20260105_044802_000.7z
2026-01-05 04:58:00,11.442401,0.011442401,3.849592,3.619292,3.973517,704120,768000,0.916822917,0,2026-01-05 04:58:00.000000,2026-01-05 04:58:59.999922,2,BAY01_1850_20260105_044802_000.7z;BAY01_1851_20260105_045807_000.7z
2026-01-05 04:59:00,11.417160,0.011417160,3.844543,3.605968,3.966649,768000,768000,1.000000000,1,2026-01-05 04:59:00.000000,2026-01-05 04:59:59.999922,1,BAY01_1851_20260105_045807_000.7z
2026-01-05 05:00:00,11.541924,0.011541924,3.826808,3.744173,3.970943,768000,768000,1.000000000,1,2026-01-05 05:00:00.000000,2026-01-05 05:00:59.999922,1,BAY01_1851_20260105_045807_000.7z
2026-01-05 05:01:00,11.241374,0.011241374,3.842650,3.405429,3.993296,768000,768000,1.000000000,1,2026-01-05 05:01:00.000000,2026-01-05 05:01:59.999922,1,BAY01_1851_20260105_045807_000.7z
2026-01-05 05:02:00,11.565511,0.011565511,3.902193,3.671651,3.991666,768000,768000,1.000000000,1,2026-01-05 05:02:00.000000,2026-01-05 05:02:59.999922,1,BAY01_1851_20260105_045807_000.7z
2026-01-05 05:03:00,11.494625,0.011494625,3.848920,3.693853,3.951852,768000,768000,1.000000000,1,2026-01-05 05:03:00.000000,2026-01-05 05:03:59.999922,1,BAY01_1851_20260105_045807_000.7z
2026-01-05 05:04:00,11.484781,0.011484781,3.760268,3.717688,4.006825,768000,768000,1.000000000,1,2026-01-05 05:04:00.000000,2026-01-05 05:04:59.999922,1,BAY01_1851_20260105_045807_000.7z
2026-01-05 05:05:00,11.549084,0.011549084,3.847392,3.699792,4.001900,768000,768000,1.000000000,1,2026-01-05 05:05:00.000000,2026-01-05 05:05:59.999922,1,BAY01_1851_20260105_045807_000.7z
2026-01-05 05:06:00,11.497193,0.011497193,3.854379,3.642252,4.000562,768000,768000,1.000000000,1,2026-01-05 05:06:00.000000,2026-01-05 05:06:59.999922,1,BAY01_1851_20260105_045807_000.7z
2026-01-05 05:07:00,11.557787,0.011557787,3.921998,3.658258,3.977531,768000,768000,1.000000000,1,2026-01-05 05:07:00.000000,2026-01-05 05:07:59.999922,1,BAY01_1851_20260105_045807_000.7z
2026-01-05 05:08:00,11.412665,0.011412665,3.840736,3.608400,3.963529,678456,768000,0.883406250,0,2026-01-05 05:08:00.000000,2026-01-05 05:08:59.999922,2,BAY01_1851_20260105_045807_000.7z;BAY01_1852_20260105_050814_000.7z
2026-01-05 05:09:00,11.423485,0.011423485,3.767489,3.674528,3.981468,768000,768000,1.000000000,1,2026-01-05 05:09:00.000000,2026-01-05 05:09:59.999922,1,BAY01_1852_20260105_050814_000.7z
2026-01-05 05:10:00,11.527841,0.011527841,3.877259,3.709162,3.941420,768000,768000,1.000000000,1,2026-01-05 05:10:00.000000,2026-01-05 05:10:59.999922,1,BAY01_1852_20260105_050814_000.7z
2026-01-05 05:11:00,11.531500,0.011531500,3.870451,3.705123,3.955926,768000,768000,1.000000000,1,2026-01-05 05:11:00.000000,2026-01-05 05:11:59.999922,1,BAY01_1852_20260105_050814_000.7z
2026-01-05 05:12:00,11.528686,0.011528686,3.864158,3.643386,4.021142,768000,768000,1.000000000,1,2026-01-05 05:12:00.000000,2026-01-05 05:12:59.999922,1,BAY01_1852_20260105_050814_000.7z
2026-01-05 05:13:00,11.544356,0.011544356,3.850427,3.656229,4.037701,768000,768000,1.000000000,1,2026-01-05 05:13:00.000000,2026-01-05 05:13:59.999922,1,BAY01_1852_20260105_050814_000.7z
2026-01-05 05:14:00,11.480050,0.011480050,3.757111,3.749294,3.973644,768000,768000,1.000000000,1,2026-01-05 05:14:00.000000,2026-01-05 05:14:59.999922,1,BAY01_1852_20260105_050814_000.7z
2026-01-05 05:15:00,11.549476,0.011549476,3.805245,3.763669,3.980562,768000,768000,1.000000000,1,2026-01-05 05:15:00.000000,2026-01-05 05:15:59.999922,1,BAY01_1852_20260105_050814_000.7z
2026-01-05 05:16:00,11.531624,0.011531624,3.830687,3.658796,4.042141,768000,768000,1.000000000,1,2026-01-05 05:16:00.000000,2026-01-05 05:16:59.999922,1,BAY01_1852_20260105_050814_000.7z
2026-01-05 05:17:00,11.510791,0.011510791,3.895652,3.666427,3.948712,768000,768000,1.000000000,1,2026-01-05 05:17:00.000000,2026-01-05 05:17:59.999922,1,BAY01_1852_20260105_050814_000.7z
2026-01-05 05:18:00,11.426038,0.011426038,3.830654,3.606491,3.988893,704116,768000,0.916817708,0,2026-01-05 05:18:00.000000,2026-01-05 05:18:59.999922,2,BAY01_1852_20260105_050814_000.7z;BAY01_1853_20260105_051819_000.7z
2026-01-05 05:19:00,11.404339,0.011404339,3.844254,3.601456,3.958629,768000,768000,1.000000000,1,2026-01-05 05:19:00.000000,2026-01-05 05:19:59.999922,1,BAY01_1853_20260105_051819_000.7z
2026-01-05 05:20:00,11.528931,0.011528931,3.843391,3.679298,4.006241,768000,768000,1.000000000,1,2026-01-05 05:20:00.000000,2026-01-05 05:20:59.999922,1,BAY01_1853_20260105_051819_000.7z
2026-01-05 05:21:00,11.528854,0.011528854,3.877985,3.669474,3.981395,768000,768000,1.000000000,1,2026-01-05 05:21:00.000000,2026-01-05 05:21:59.999922,1,BAY01_1853_20260105_051819_000.7z
2026-01-05 05:22:00,11.520205,0.011520205,3.898686,3.663804,3.957715,768000,768000,1.000000000,1,2026-01-05 05:22:00.000000,2026-01-05 05:22:59.999922,1,BAY01_1853_20260105_051819_000.7z
2026-01-05 05:23:00,11.478329,0.011478329,3.838131,3.628821,4.011377,768000,768000,1.000000000,1,2026-01-05 05:23:00.000000,2026-01-05 05:23:59.999922,1,BAY01_1853_20260105_051819_000.7z
2026-01-05 05:24:00,11.478446,0.011478446,3.886717,3.626382,3.965347,768000,768000,1.000000000,1,2026-01-05 05:24:00.000000,2026-01-05 05:24:59.999922,1,BAY01_1853_20260105_051819_000.7z
2026-01-05 05:25:00,11.537967,0.011537967,3.827638,3.722287,3.988042,768000,768000,1.000000000,1,2026-01-05 05:25:00.000000,2026-01-05 05:25:59.999922,1,BAY01_1853_20260105_051819_000.7z
2026-01-05 05:26:00,11.553400,0.011553400,3.857754,3.640989,4.054658,768000,768000,1.000000000,1,2026-01-05 05:26:00.000000,2026-01-05 05:26:59.999922,1,BAY01_1853_20260105_051819_000.7z
2026-01-05 05:27:00,11.508387,0.011508387,3.844213,3.663619,4.000556,768000,768000,1.000000000,1,2026-01-05 05:27:00.000000,2026-01-05 05:27:59.999922,1,BAY01_1853_20260105_051819_000.7z
2026-01-05 05:28:00,11.447740,0.011447740,3.823094,3.657727,3.966919,665668,768000,0.866755208,0,2026-01-05 05:28:00.000000,2026-01-05 05:28:59.999922,2,BAY01_1853_20260105_051819_000.7z;BAY01_1854_20260105_052827_000.7z
2026-01-05 05:29:00,11.422700,0.011422700,3.835346,3.680880,3.906474,768000,768000,1.000000000,1,2026-01-05 05:29:00.000000,2026-01-05 05:29:59.999922,1,BAY01_1854_20260105_052827_000.7z
2026-01-05 05:30:00,11.466239,0.011466239,3.866706,3.635557,3.963976,768000,768000,1.000000000,1,2026-01-05 05:30:00.000000,2026-01-05 05:30:59.999922,1,BAY01_1854_20260105_052827_000.7z
2026-01-05 05:31:00,11.554768,0.011554768,3.856359,3.695783,4.002627,768000,768000,1.000000000,1,2026-01-05 05:31:00.000000,2026-01-05 05:31:59.999922,1,BAY01_1854_20260105_052827_000.7z
2026-01-05 05:32:00,11.513366,0.011513366,3.890373,3.644324,3.978669,768000,768000,1.000000000,1,2026-01-05 05:32:00.000000,2026-01-05 05:32:59.999922,1,BAY01_1854_20260105_052827_000.7z
2026-01-05 05:33:00,11.480144,0.011480144,3.880202,3.663623,3.936319,768000,768000,1.000000000,1,2026-01-05 05:33:00.000000,2026-01-05 05:33:59.999922,1,BAY01_1854_20260105_052827_000.7z
2026-01-05 05:34:00,11.470615,0.011470615,3.831921,3.673845,3.964849,768000,768000,1.000000000,1,2026-01-05 05:34:00.000000,2026-01-05 05:34:59.999922,1,BAY01_1854_20260105_052827_000.7z
2026-01-05 05:35:00,11.503445,0.011503445,3.838096,3.727604,3.937744,768000,768000,1.000000000,1,2026-01-05 05:35:00.000000,2026-01-05 05:35:59.999922,1,BAY01_1854_20260105_052827_000.7z
2026-01-05 05:36:00,11.540175,0.011540175,3.812679,3.700977,4.026518,768000,768000,1.000000000,1,2026-01-05 05:36:00.000000,2026-01-05 05:36:59.999922,1,BAY01_1854_20260105_052827_000.7z
2026-01-05 05:37:00,11.530144,0.011530144,3.868574,3.667771,3.993799,768000,768000,1.000000000,1,2026-01-05 05:37:00.000000,2026-01-05 05:37:59.999922,1,BAY01_1854_20260105_052827_000.7z
2026-01-05 05:38:00,11.444365,0.011444365,3.875595,3.628883,3.939887,704063,768000,0.916748698,0,2026-01-05 05:38:00.000000,2026-01-05 05:38:59.999922,2,BAY01_1854_20260105_052827_000.7z;BAY01_1855_20260105_053832_000.7z
2026-01-05 05:39:00,11.393463,0.011393463,3.826817,3.649526,3.917120,768000,768000,1.000000000,1,2026-01-05 05:39:00.000000,2026-01-05 05:39:59.999922,1,BAY01_1855_20260105_053832_000.7z
2026-01-05 05:40:00,11.457012,0.011457012,3.798763,3.669364,3.988885,768000,768000,1.000000000,1,2026-01-05 05:40:00.000000,2026-01-05 05:40:59.999922,1,BAY01_1855_20260105_053832_000.7z
2026-01-05 05:41:00,11.532092,0.011532092,3.870179,3.669732,3.992181,768000,768000,1.000000000,1,2026-01-05 05:41:00.000000,2026-01-05 05:41:59.999922,1,BAY01_1855_20260105_053832_000.7z
2026-01-05 05:42:00,11.502933,0.011502933,3.882649,3.681599,3.938685,768000,768000,1.000000000,1,2026-01-05 05:42:00.000000,2026-01-05 05:42:59.999922,1,BAY01_1855_20260105_053832_000.7z
2026-01-05 05:43:00,11.502710,0.011502710,3.831695,3.719708,3.951307,768000,768000,1.000000000,1,2026-01-05 05:43:00.000000,2026-01-05 05:43:59.999922,1,BAY01_1855_20260105_053832_000.7z
2026-01-05 05:44:00,11.471269,0.011471269,3.827583,3.699475,3.944211,768000,768000,1.000000000,1,2026-01-05 05:44:00.000000,2026-01-05 05:44:59.999922,1,BAY01_1855_20260105_053832_000.7z
2026-01-05 05:45:00,11.509179,0.011509179,3.827486,3.742932,3.938762,768000,768000,1.000000000,1,2026-01-05 05:45:00.000000,2026-01-05 05:45:59.999922,1,BAY01_1855_20260105_053832_000.7z
2026-01-05 05:46:00,11.520635,0.011520635,3.813809,3.707688,3.999138,768000,768000,1.000000000,1,2026-01-05 05:46:00.000000,2026-01-05 05:46:59.999922,1,BAY01_1855_20260105_053832_000.7z
2026-01-05 05:47:00,11.538216,0.011538216,3.817930,3.706277,4.014010,768000,768000,1.000000000,1,2026-01-05 05:47:00.000000,2026-01-05 05:47:59.999922,1,BAY01_1855_20260105_053832_000.7z
2026-01-05 05:48:00,11.445161,0.011445161,3.848112,3.599960,3.997089,665647,768000,0.866727865,0,2026-01-05 05:48:00.000000,2026-01-05 05:48:59.999922,2,BAY01_1855_20260105_053832_000.7z;BAY01_1856_20260105_054840_000.7z
2026-01-05 05:49:00,11.410673,0.011410673,3.799465,3.672544,3.938665,768000,768000,1.000000000,1,2026-01-05 05:49:00.000000,2026-01-05 05:49:59.999922,1,BAY01_1856_20260105_054840_000.7z
2026-01-05 05:50:00,11.467433,0.011467433,3.834975,3.718429,3.914028,768000,768000,1.000000000,1,2026-01-05 05:50:00.000000,2026-01-05 05:50:59.999922,1,BAY01_1856_20260105_054840_000.7z
2026-01-05 05:51:00,11.499284,0.011499284,3.826431,3.714841,3.958012,768000,768000,1.000000000,1,2026-01-05 05:51:00.000000,2026-01-05 05:51:59.999922,1,BAY01_1856_20260105_054840_000.7z
2026-01-05 05:52:00,11.551352,0.011551352,3.926119,3.689155,3.936078,768000,768000,1.000000000,1,2026-01-05 05:52:00.000000,2026-01-05 05:52:59.999922,1,BAY01_1856_20260105_054840_000.7z
2026-01-05 05:53:00,11.486829,0.011486829,3.810218,3.706493,3.970118,768000,768000,1.000000000,1,2026-01-05 05:53:00.000000,2026-01-05 05:53:59.999922,1,BAY01_1856_20260105_054840_000.7z
2026-01-05 05:54:00,11.464771,0.011464771,3.849421,3.629025,3.986325,768000,768000,1.000000000,1,2026-01-05 05:54:00.000000,2026-01-05 05:54:59.999922,1,BAY01_1856_20260105_054840_000.7z
2026-01-05 05:55:00,11.526996,0.011526996,3.841876,3.688401,3.996719,768000,768000,1.000000000,1,2026-01-05 05:55:00.000000,2026-01-05 05:55:59.999922,1,BAY01_1856_20260105_054840_000.7z
2026-01-05 05:56:00,11.546680,0.011546680,3.853435,3.703928,3.989317,768000,768000,1.000000000,1,2026-01-05 05:56:00.000000,2026-01-05 05:56:59.999922,1,BAY01_1856_20260105_054840_000.7z
2026-01-05 05:57:00,11.539472,0.011539472,3.926623,3.645395,3.967455,768000,768000,1.000000000,1,2026-01-05 05:57:00.000000,2026-01-05 05:57:59.999922,1,BAY01_1856_20260105_054840_000.7z
2026-01-05 05:58:00,11.451023,0.011451023,3.889078,3.591873,3.970072,652826,768000,0.850033854,0,2026-01-05 05:58:00.000000,2026-01-05 05:58:59.999922,2,BAY01_1856_20260105_054840_000.7z;BAY01_1857_20260105_055849_000.7z
2026-01-05 05:59:00,11.404645,0.011404645,3.830803,3.668630,3.905211,768000,768000,1.000000000,1,2026-01-05 05:59:00.000000,2026-01-05 05:59:59.999922,1,BAY01_1857_20260105_055849_000.7z
2026-01-05 06:00:00,11.475421,0.011475421,3.860231,3.656443,3.958747,768000,768000,1.000000000,1,2026-01-05 06:00:00.000000,2026-01-05 06:00:59.999922,1,BAY01_1857_20260105_055849_000.7z
2026-01-05 06:01:00,11.486371,0.011486371,3.854096,3.691285,3.940990,768000,768000,1.000000000,1,2026-01-05 06:01:00.000000,2026-01-05 06:01:59.999922,1,BAY01_1857_20260105_055849_000.7z
2026-01-05 06:02:00,11.518124,0.011518124,3.895635,3.621916,4.000572,768000,768000,1.000000000,1,2026-01-05 06:02:00.000000,2026-01-05 06:02:59.999922,1,BAY01_1857_20260105_055849_000.7z
2026-01-05 06:03:00,11.482503,0.011482503,3.832215,3.645563,4.004725,768000,768000,1.000000000,1,2026-01-05 06:03:00.000000,2026-01-05 06:03:59.999922,1,BAY01_1857_20260105_055849_000.7z
2026-01-05 06:04:00,11.482444,0.011482444,3.886308,3.602381,3.993755,768000,768000,1.000000000,1,2026-01-05 06:04:00.000000,2026-01-05 06:04:59.999922,1,BAY01_1857_20260105_055849_000.7z
2026-01-05 06:05:00,11.524531,0.011524531,3.860000,3.724233,3.940298,768000,768000,1.000000000,1,2026-01-05 06:05:00.000000,2026-01-05 06:05:59.999922,1,BAY01_1857_20260105_055849_000.7z
2026-01-05 06:06:00,11.493928,0.011493928,3.819240,3.653185,4.021503,768000,768000,1.000000000,1,2026-01-05 06:06:00.000000,2026-01-05 06:06:59.999922,1,BAY01_1857_20260105_055849_000.7z
2026-01-05 06:07:00,11.515046,0.011515046,3.909912,3.658641,3.946493,768000,768000,1.000000000,1,2026-01-05 06:07:00.000000,2026-01-05 06:07:59.999922,1,BAY01_1857_20260105_055849_000.7z
2026-01-05 06:08:00,11.467844,0.011467844,3.815933,3.639997,4.011914,704003,768000,0.916670573,0,2026-01-05 06:08:00.000000,2026-01-05 06:08:59.999922,2,BAY01_1857_20260105_055849_000.7z;BAY01_1858_20260105_060854_000.7z
2026-01-05 06:09:00,11.424978,0.011424978,3.868678,3.633338,3.922962,768000,768000,1.000000000,1,2026-01-05 06:09:00.000000,2026-01-05 06:09:59.999922,1,BAY01_1858_20260105_060854_000.7z
2026-01-05 06:10:00,11.434505,0.011434505,3.846886,3.678980,3.908640,768000,768000,1.000000000,1,2026-01-05 06:10:00.000000,2026-01-05 06:10:59.999922,1,BAY01_1858_20260105_060854_000.7z
2026-01-05 06:11:00,11.505067,0.011505067,3.870996,3.659337,3.974734,768000,768000,1.000000000,1,2026-01-05 06:11:00.000000,2026-01-05 06:11:59.999922,1,BAY01_1858_20260105_060854_000.7z
2026-01-05 06:12:00,11.519053,0.011519053,3.838185,3.688002,3.992866,768000,768000,1.000000000,1,2026-01-05 06:12:00.000000,2026-01-05 06:12:59.999922,1,BAY01_1858_20260105_060854_000.7z
2026-01-05 06:13:00,11.541072,0.011541072,3.907966,3.678430,3.954676,768000,768000,1.000000000,1,2026-01-05 06:13:00.000000,2026-01-05 06:13:59.999922,1,BAY01_1858_20260105_060854_000.7z
2026-01-05 06:14:00,11.463556,0.011463556,3.923478,3.628345,3.911733,768000,768000,1.000000000,1,2026-01-05 06:14:00.000000,2026-01-05 06:14:59.999922,1,BAY01_1858_20260105_060854_000.7z
2026-01-05 06:15:00,11.472510,0.011472510,3.814086,3.695885,3.962538,768000,768000,1.000000000,1,2026-01-05 06:15:00.000000,2026-01-05 06:15:59.999922,1,BAY01_1858_20260105_060854_000.7z
2026-01-05 06:16:00,11.483460,0.011483460,3.831646,3.626245,4.025568,768000,768000,1.000000000,1,2026-01-05 06:16:00.000000,2026-01-05 06:16:59.999922,1,BAY01_1858_20260105_060854_000.7z
2026-01-05 06:17:00,11.504493,0.011504493,3.844062,3.664272,3.996159,768000,768000,1.000000000,1,2026-01-05 06:17:00.000000,2026-01-05 06:17:59.999922,1,BAY01_1858_20260105_060854_000.7z
2026-01-05 06:18:00,11.488402,0.011488402,3.868024,3.702242,3.918137,691284,768000,0.900109375,0,2026-01-05 06:18:00.000000,2026-01-05 06:18:54.006484,1,BAY01_1858_20260105_060854_000.7z
2026-01-05 06:19:00,11.417960,0.011417960,3.849807,3.627236,3.940917,729600,768000,0.950000000,0,2026-01-05 06:19:03.000000,2026-01-05 06:19:59.999922,1,BAY01_1859_20260105_061903_000.7z
2026-01-05 06:20:00,11.396856,0.011396856,3.832183,3.619212,3.945462,768000,768000,1.000000000,1,2026-01-05 06:20:00.000000,2026-01-05 06:20:59.999922,1,BAY01_1859_20260105_061903_000.7z
2026-01-05 06:21:00,11.527922,0.011527922,3.856520,3.660541,4.010861,768000,768000,1.000000000,1,2026-01-05 06:21:00.000000,2026-01-05 06:21:59.999922,1,BAY01_1859_20260105_061903_000.7z
2026-01-05 06:22:00,11.484825,0.011484825,3.851626,3.646573,3.986625,768000,768000,1.000000000,1,2026-01-05 06:22:00.000000,2026-01-05 06:22:59.999922,1,BAY01_1859_20260105_061903_000.7z
2026-01-05 06:23:00,11.498603,0.011498603,3.899803,3.638409,3.960391,768000,768000,1.000000000,1,2026-01-05 06:23:00.000000,2026-01-05 06:23:59.999922,1,BAY01_1859_20260105_061903_000.7z
2026-01-05 06:24:00,11.466956,0.011466956,3.857770,3.678986,3.930200,768000,768000,1.000000000,1,2026-01-05 06:24:00.000000,2026-01-05 06:24:59.999922,1,BAY01_1859_20260105_061903_000.7z
2026-01-05 06:25:00,11.493650,0.011493650,3.859909,3.648248,3.985493,768000,768000,1.000000000,1,2026-01-05 06:25:00.000000,2026-01-05 06:25:59.999922,1,BAY01_1859_20260105_061903_000.7z
2026-01-05 06:26:00,11.544161,0.011544161,3.835608,3.714533,3.994019,768000,768000,1.000000000,1,2026-01-05 06:26:00.000000,2026-01-05 06:26:59.999922,1,BAY01_1859_20260105_061903_000.7z
2026-01-05 06:27:00,11.496486,0.011496486,3.843496,3.723303,3.929687,768000,768000,1.000000000,1,2026-01-05 06:27:00.000000,2026-01-05 06:27:59.999922,1,BAY01_1859_20260105_061903_000.7z
2026-01-05 06:28:00,11.500082,0.011500082,3.902815,3.640458,3.956809,768000,768000,1.000000000,1,2026-01-05 06:28:00.000000,2026-01-05 06:28:59.999922,1,BAY01_1859_20260105_061903_000.7z
2026-01-05 06:29:00,11.388170,0.011388170,3.770775,3.689244,3.928151,678493,768000,0.883454427,0,2026-01-05 06:29:00.000000,2026-01-05 06:29:59.999922,2,BAY01_1859_20260105_061903_000.7z;BAY01_1860_20260105_062910_000.7z
2026-01-05 06:30:00,11.381600,0.011381600,3.848318,3.645675,3.887607,768000,768000,1.000000000,1,2026-01-05 06:30:00.000000,2026-01-05 06:30:59.999922,1,BAY01_1860_20260105_062910_000.7z
2026-01-05 06:31:00,11.496567,0.011496567,3.859140,3.672671,3.964756,768000,768000,1.000000000,1,2026-01-05 06:31:00.000000,2026-01-05 06:31:59.999922,1,BAY01_1860_20260105_062910_000.7z
2026-01-05 06:32:00,11.483895,0.011483895,3.810500,3.666940,4.006455,768000,768000,1.000000000,1,2026-01-05 06:32:00.000000,2026-01-05 06:32:59.999922,1,BAY01_1860_20260105_062910_000.7z
2026-01-05 06:33:00,11.484109,0.011484109,3.907718,3.683469,3.892923,768000,768000,1.000000000,1,2026-01-05 06:33:00.000000,2026-01-05 06:33:59.999922,1,BAY01_1860_20260105_062910_000.7z
2026-01-05 06:34:00,11.442845,0.011442845,3.819608,3.626760,3.996477,768000,768000,1.000000000,1,2026-01-05 06:34:00.000000,2026-01-05 06:34:59.999922,1,BAY01_1860_20260105_062910_000.7z
2026-01-05 06:35:00,11.464965,0.011464965,3.840004,3.703136,3.921825,768000,768000,1.000000000,1,2026-01-05 06:35:00.000000,2026-01-05 06:35:59.999922,1,BAY01_1860_20260105_062910_000.7z
2026-01-05 06:36:00,11.507227,0.011507227,3.811699,3.740237,3.955291,768000,768000,1.000000000,1,2026-01-05 06:36:00.000000,2026-01-05 06:36:59.999922,1,BAY01_1860_20260105_062910_000.7z
2026-01-05 06:37:00,11.472801,0.011472801,3.825009,3.735628,3.912164,768000,768000,1.000000000,1,2026-01-05 06:37:00.000000,2026-01-05 06:37:59.999922,1,BAY01_1860_20260105_062910_000.7z
2026-01-05 06:38:00,11.481964,0.011481964,3.869515,3.702260,3.910189,768000,768000,1.000000000,1,2026-01-05 06:38:00.000000,2026-01-05 06:38:59.999922,1,BAY01_1860_20260105_062910_000.7z
2026-01-05 06:39:00,11.398416,0.011398416,3.812816,3.614303,3.971296,678528,768000,0.883500000,0,2026-01-05 06:39:00.000000,2026-01-05 06:39:59.999922,2,BAY01_1860_20260105_062910_000.7z;BAY01_1861_20260105_063917_000.7z
2026-01-05 06:40:00,11.374724,0.011374724,3.839555,3.592506,3.942662,768000,768000,1.000000000,1,2026-01-05 06:40:00.000000,2026-01-05 06:40:59.999922,1,BAY01_1861_20260105_063917_000.7z
2026-01-05 06:41:00,11.476663,0.011476663,3.810171,3.722423,3.944069,768000,768000,1.000000000,1,2026-01-05 06:41:00.000000,2026-01-05 06:41:59.999922,1,BAY01_1861_20260105_063917_000.7z
2026-01-05 06:42:00,11.447244,0.011447244,3.795307,3.687560,3.964376,768000,768000,1.000000000,1,2026-01-05 06:42:00.000000,2026-01-05 06:42:59.999922,1,BAY01_1861_20260105_063917_000.7z
2026-01-05 06:43:00,11.462969,0.011462969,3.823693,3.713602,3.925673,768000,768000,1.000000000,1,2026-01-05 06:43:00.000000,2026-01-05 06:43:59.999922,1,BAY01_1861_20260105_063917_000.7z
2026-01-05 06:44:00,11.461244,0.011461244,3.795379,3.691305,3.974559,768000,768000,1.000000000,1,2026-01-05 06:44:00.000000,2026-01-05 06:44:59.999922,1,BAY01_1861_20260105_063917_000.7z
2026-01-05 06:45:00,11.438334,0.011438334,3.866901,3.630725,3.940707,768000,768000,1.000000000,1,2026-01-05 06:45:00.000000,2026-01-05 06:45:59.999922,1,BAY01_1861_20260105_063917_000.7z
2026-01-05 06:46:00,11.507134,0.011507134,3.872331,3.666373,3.968430,768000,768000,1.000000000,1,2026-01-05 06:46:00.000000,2026-01-05 06:46:59.999922,1,BAY01_1861_20260105_063917_000.7z
2026-01-05 06:47:00,11.468585,0.011468585,3.815763,3.745920,3.906902,768000,768000,1.000000000,1,2026-01-05 06:47:00.000000,2026-01-05 06:47:59.999922,1,BAY01_1861_20260105_063917_000.7z
2026-01-05 06:48:00,11.546114,0.011546114,3.926598,3.669909,3.949608,768000,768000,1.000000000,1,2026-01-05 06:48:00.000000,2026-01-05 06:48:59.999922,1,BAY01_1861_20260105_063917_000.7z
2026-01-05 06:49:00,11.415369,0.011415369,3.789809,3.606691,4.018870,640104,768000,0.833468750,0,2026-01-05 06:49:00.000000,2026-01-05 06:49:59.999922,2,BAY01_1861_20260105_063917_000.7z;BAY01_1862_20260105_064927_000.7z
2026-01-05 06:50:00,11.379972,0.011379972,3.835605,3.641547,3.902820,768000,768000,1.000000000,1,2026-01-05 06:50:00.000000,2026-01-05 06:50:59.999922,1,BAY01_1862_20260105_064927_000.7z
2026-01-05 06:51:00,11.478308,0.011478308,3.794944,3.742403,3.940960,768000,768000,1.000000000,1,2026-01-05 06:51:00.000000,2026-01-05 06:51:59.999922,1,BAY01_1862_20260105_064927_000.7z
2026-01-05 06:52:00,11.478418,0.011478418,3.866157,3.706242,3.906019,768000,768000,1.000000000,1,2026-01-05 06:52:00.000000,2026-01-05 06:52:59.999922,1,BAY01_1862_20260105_064927_000.7z
2026-01-05 06:53:00,11.526664,0.011526664,3.890054,3.646211,3.990398,768000,768000,1.000000000,1,2026-01-05 06:53:00.000000,2026-01-05 06:53:59.999922,1,BAY01_1862_20260105_064927_000.7z
2026-01-05 06:54:00,11.476021,0.011476021,3.791858,3.668814,4.015348,768000,768000,1.000000000,1,2026-01-05 06:54:00.000000,2026-01-05 06:54:59.999922,1,BAY01_1862_20260105_064927_000.7z
2026-01-05 06:55:00,11.448824,0.011448824,3.865620,3.684437,3.898767,768000,768000,1.000000000,1,2026-01-05 06:55:00.000000,2026-01-05 06:55:59.999922,1,BAY01_1862_20260105_064927_000.7z
2026-01-05 06:56:00,11.551865,0.011551865,3.896405,3.713041,3.942418,768000,768000,1.000000000,1,2026-01-05 06:56:00.000000,2026-01-05 06:56:59.999922,1,BAY01_1862_20260105_064927_000.7z
2026-01-05 06:57:00,11.513468,0.011513468,3.874896,3.678936,3.959635,768000,768000,1.000000000,1,2026-01-05 06:57:00.000000,2026-01-05 06:57:59.999922,1,BAY01_1862_20260105_064927_000.7z
2026-01-05 06:58:00,11.508359,0.011508359,3.830165,3.717351,3.960843,768000,768000,1.000000000,1,2026-01-05 06:58:00.000000,2026-01-05 06:58:59.999922,1,BAY01_1862_20260105_064927_000.7z
2026-01-05 06:59:00,11.426810,0.011426810,3.803494,3.640169,3.983148,691219,768000,0.900024740,0,2026-01-05 06:59:00.000000,2026-01-05 06:59:59.999922,2,BAY01_1862_20260105_064927_000.7z;BAY01_1863_20260105_065933_000.7z
2026-01-05 07:00:00,11.386217,0.011386217,3.800084,3.611036,3.975097,768000,768000,1.000000000,1,2026-01-05 07:00:00.000000,2026-01-05 07:00:59.999922,1,BAY01_1863_20260105_065933_000.7z
2026-01-05 07:01:00,11.437863,0.011437863,3.846246,3.644470,3.947148,768000,768000,1.000000000,1,2026-01-05 07:01:00.000000,2026-01-05 07:01:59.999922,1,BAY01_1863_20260105_065933_000.7z
2026-01-05 07:02:00,11.481588,0.011481588,3.836002,3.682624,3.962961,768000,768000,1.000000000,1,2026-01-05 07:02:00.000000,2026-01-05 07:02:59.999922,1,BAY01_1863_20260105_065933_000.7z
2026-01-05 07:03:00,11.505520,0.011505520,3.874120,3.692812,3.938588,768000,768000,1.000000000,1,2026-01-05 07:03:00.000000,2026-01-05 07:03:59.999922,1,BAY01_1863_20260105_065933_000.7z
2026-01-05 07:04:00,11.482294,0.011482294,3.860275,3.684974,3.937044,768000,768000,1.000000000,1,2026-01-05 07:04:00.000000,2026-01-05 07:04:59.999922,1,BAY01_1863_20260105_065933_000.7z
2026-01-05 07:05:00,11.458368,0.011458368,3.807558,3.686627,3.964182,768000,768000,1.000000000,1,2026-01-05 07:05:00.000000,2026-01-05 07:05:59.999922,1,BAY01_1863_20260105_065933_000.7z
2026-01-05 07:06:00,11.488785,0.011488785,3.850361,3.662303,3.976121,768000,768000,1.000000000,1,2026-01-05 07:06:00.000000,2026-01-05 07:06:59.999922,1,BAY01_1863_20260105_065933_000.7z
2026-01-05 07:07:00,11.493506,0.011493506,3.826786,3.686716,3.980004,768000,768000,1.000000000,1,2026-01-05 07:07:00.000000,2026-01-05 07:07:59.999922,1,BAY01_1863_20260105_065933_000.7z
2026-01-05 07:08:00,11.460045,0.011460045,3.873084,3.609690,3.977271,768000,768000,1.000000000,1,2026-01-05 07:08:00.000000,2026-01-05 07:08:59.999922,1,BAY01_1863_20260105_065933_000.7z
2026-01-05 07:09:00,11.392992,0.011392992,3.817231,3.623033,3.952728,691265,768000,0.900084635,0,2026-01-05 07:09:00.000000,2026-01-05 07:09:59.999922,2,BAY01_1863_20260105_065933_000.7z;BAY01_1864_20260105_070939_000.7z
2026-01-05 07:10:00,11.358896,0.011358896,3.813823,3.660734,3.884339,768000,768000,1.000000000,1,2026-01-05 07:10:00.000000,2026-01-05 07:10:59.999922,1,BAY01_1864_20260105_070939_000.7z
2026-01-05 07:11:00,11.423810,0.011423810,3.784111,3.714039,3.925659,768000,768000,1.000000000,1,2026-01-05 07:11:00.000000,2026-01-05 07:11:59.999922,1,BAY01_1864_20260105_070939_000.7z
2026-01-05 07:12:00,11.551260,0.011551260,3.875329,3.695227,3.980704,768000,768000,1.000000000,1,2026-01-05 07:12:00.000000,2026-01-05 07:12:59.999922,1,BAY01_1864_20260105_070939_000.7z
2026-01-05 07:13:00,11.509516,0.011509516,3.856708,3.705460,3.947348,768000,768000,1.000000000,1,2026-01-05 07:13:00.000000,2026-01-05 07:13:59.999922,1,BAY01_1864_20260105_070939_000.7z
2026-01-05 07:14:00,11.453629,0.011453629,3.893922,3.669640,3.890068,768000,768000,1.000000000,1,2026-01-05 07:14:00.000000,2026-01-05 07:14:59.999922,1,BAY01_1864_20260105_070939_000.7z
2026-01-05 07:15:00,11.457875,0.011457875,3.792079,3.702110,3.963686,768000,768000,1.000000000,1,2026-01-05 07:15:00.000000,2026-01-05 07:15:59.999922,1,BAY01_1864_20260105_070939_000.7z
2026-01-05 07:16:00,11.496077,0.011496077,3.829137,3.724421,3.942519,768000,768000,1.000000000,1,2026-01-05 07:16:00.000000,2026-01-05 07:16:59.999922,1,BAY01_1864_20260105_070939_000.7z
2026-01-05 07:17:00,11.556769,0.011556769,3.828134,3.729884,3.998751,768000,768000,1.000000000,1,2026-01-05 07:17:00.000000,2026-01-05 07:17:59.999922,1,BAY01_1864_20260105_070939_000.7z
2026-01-05 07:18:00,11.517280,0.011517280,3.875304,3.701308,3.940668,768000,768000,1.000000000,1,2026-01-05 07:18:00.000000,2026-01-05 07:18:59.999922,1,BAY01_1864_20260105_070939_000.7z
2026-01-05 07:19:00,11.417440,0.011417440,3.804374,3.702105,3.910961,691297,768000,0.900126302,0,2026-01-05 07:19:00.000000,2026-01-05 07:19:59.999922,2,BAY01_1864_20260105_070939_000.7z;BAY01_1865_20260105_071945_000.7z
2026-01-05 07:20:00,11.434438,0.011434438,3.859198,3.609804,3.965436,768000,768000,1.000000000,1,2026-01-05 07:20:00.000000,2026-01-05 07:20:59.999922,1,BAY01_1865_20260105_071945_000.7z
2026-01-05 07:21:00,11.454363,0.011454363,3.843633,3.652804,3.957926,768000,768000,1.000000000,1,2026-01-05 07:21:00.000000,2026-01-05 07:21:59.999922,1,BAY01_1865_20260105_071945_000.7z
2026-01-05 07:22:00,11.557521,0.011557521,3.870573,3.661361,4.025588,768000,768000,1.000000000,1,2026-01-05 07:22:00.000000,2026-01-05 07:22:59.999922,1,BAY01_1865_20260105_071945_000.7z
2026-01-05 07:23:00,11.478291,0.011478291,3.888508,3.686424,3.903358,768000,768000,1.000000000,1,2026-01-05 07:23:00.000000,2026-01-05 07:23:59.999922,1,BAY01_1865_20260105_071945_000.7z
2026-01-05 07:24:00,11.474545,0.011474545,3.879234,3.652242,3.943069,768000,768000,1.000000000,1,2026-01-05 07:24:00.000000,2026-01-05 07:24:59.999922,1,BAY01_1865_20260105_071945_000.7z
2026-01-05 07:25:00,11.466433,0.011466433,3.824315,3.654378,3.987740,768000,768000,1.000000000,1,2026-01-05 07:25:00.000000,2026-01-05 07:25:59.999922,1,BAY01_1865_20260105_071945_000.7z
2026-01-05 07:26:00,11.503330,0.011503330,3.829342,3.666726,4.007263,768000,768000,1.000000000,1,2026-01-05 07:26:00.000000,2026-01-05 07:26:59.999922,1,BAY01_1865_20260105_071945_000.7z
2026-01-05 07:27:00,11.521275,0.011521275,3.892730,3.648076,3.980469,768000,768000,1.000000000,1,2026-01-05 07:27:00.000000,2026-01-05 07:27:59.999922,1,BAY01_1865_20260105_071945_000.7z
2026-01-05 07:28:00,10.984991,0.010984991,3.618971,2.913122,4.452898,768000,768000,1.000000000,1,2026-01-05 07:28:00.000000,2026-01-05 07:28:59.999922,1,BAY01_1865_20260105_071945_000.7z
2026-01-05 07:29:00,10.323063,0.010323063,3.387526,1.969987,4.965551,691211,768000,0.900014323,0,2026-01-05 07:29:00.000000,2026-01-05 07:29:59.999922,2,BAY01_1865_20260105_071945_000.7z;BAY01_1866_20260105_072951_000.7z
2026-01-05 07:30:00,10.276931,0.010276931,3.398111,1.940805,4.938016,768000,768000,1.000000000,1,2026-01-05 07:30:00.000000,2026-01-05 07:30:59.999922,1,BAY01_1866_20260105_072951_000.7z
2026-01-05 07:31:00,10.328271,0.010328271,3.371875,1.991427,4.964970,768000,768000,1.000000000,1,2026-01-05 07:31:00.000000,2026-01-05 07:31:59.999922,1,BAY01_1866_20260105_072951_000.7z
2026-01-05 07:32:00,10.429310,0.010429310,3.378398,2.055398,4.995515,768000,768000,1.000000000,1,2026-01-05 07:32:00.000000,2026-01-05 07:32:59.999922,1,BAY01_1866_20260105_072951_000.7z
2026-01-05 07:33:00,10.410279,0.010410279,3.435282,2.065283,4.909715,768000,768000,1.000000000,1,2026-01-05 07:33:00.000000,2026-01-05 07:33:59.999922,1,BAY01_1866_20260105_072951_000.7z
2026-01-05 07:34:00,10.379554,0.010379554,3.404674,2.033236,4.941643,768000,768000,1.000000000,1,2026-01-05 07:34:00.000000,2026-01-05 07:34:59.999922,1,BAY01_1866_20260105_072951_000.7z
2026-01-05 07:35:00,10.400962,0.010400962,3.441697,2.042417,4.916848,768000,768000,1.000000000,1,2026-01-05 07:35:00.000000,2026-01-05 07:35:59.999922,1,BAY01_1866_20260105_072951_000.7z
2026-01-05 07:36:00,10.438846,0.010438846,3.407262,2.125315,4.906269,768000,768000,1.000000000,1,2026-01-05 07:36:00.000000,2026-01-05 07:36:59.999922,1,BAY01_1866_20260105_072951_000.7z
2026-01-05 07:37:00,10.372819,0.010372819,3.359425,2.014720,4.998674,768000,768000,1.000000000,1,2026-01-05 07:37:00.000000,2026-01-05 07:37:59.999922,1,BAY01_1866_20260105_072951_000.7z
2026-01-05 07:38:00,10.395361,0.010395361,3.464223,2.031030,4.900108,768000,768000,1.000000000,1,2026-01-05 07:38:00.000000,2026-01-05 07:38:59.999922,1,BAY01_1866_20260105_072951_000.7z
2026-01-05 07:39:00,10.359356,0.010359356,3.392443,2.052644,4.914269,704141,768000,0.916850260,0,2026-01-05 07:39:00.000000,2026-01-05 07:39:59.999922,2,BAY01_1866_20260105_072951_000.7z;BAY01_1867_20260105_073956_000.7z
2026-01-05 07:40:00,10.271405,0.010271405,3.369097,2.018574,4.883735,768000,768000,1.000000000,1,2026-01-05 07:40:00.000000,2026-01-05 07:40:59.999922,1,BAY01_1867_20260105_073956_000.7z
2026-01-05 07:41:00,10.311784,0.010311784,3.400034,1.999908,4.911842,768000,768000,1.000000000,1,2026-01-05 07:41:00.000000,2026-01-05 07:41:59.999922,1,BAY01_1867_20260105_073956_000.7z
2026-01-05 07:42:00,10.388296,0.010388296,3.433419,2.057221,4.897656,768000,768000,1.000000000,1,2026-01-05 07:42:00.000000,2026-01-05 07:42:59.999922,1,BAY01_1867_20260105_073956_000.7z
2026-01-05 07:43:00,10.405097,0.010405097,3.403115,2.057506,4.944476,768000,768000,1.000000000,1,2026-01-05 07:43:00.000000,2026-01-05 07:43:59.999922,1,BAY01_1867_20260105_073956_000.7z
2026-01-05 07:44:00,10.344457,0.010344457,3.399023,2.085947,4.859486,768000,768000,1.000000000,1,2026-01-05 07:44:00.000000,2026-01-05 07:44:59.999922,1,BAY01_1867_20260105_073956_000.7z
2026-01-05 07:45:00,10.343634,0.010343634,3.364084,2.009002,4.970549,768000,768000,1.000000000,1,2026-01-05 07:45:00.000000,2026-01-05 07:45:59.999922,1,BAY01_1867_20260105_073956_000.7z
2026-01-05 07:46:00,10.447179,0.010447179,3.450924,2.057489,4.938766,768000,768000,1.000000000,1,2026-01-05 07:46:00.000000,2026-01-05 07:46:59.999922,1,BAY01_1867_20260105_073956_000.7z
2026-01-05 07:47:00,10.394145,0.010394145,3.348807,2.072448,4.972890,768000,768000,1.000000000,1,2026-01-05 07:47:00.000000,2026-01-05 07:47:59.999922,1,BAY01_1867_20260105_073956_000.7z
2026-01-05 07:48:00,10.387008,0.010387008,3.465449,1.980269,4.941290,768000,768000,1.000000000,1,2026-01-05 07:48:00.000000,2026-01-05 07:48:59.999922,1,BAY01_1867_20260105_073956_000.7z
2026-01-05 07:49:00,10.350020,0.010350020,3.352205,2.002676,4.995139,716901,768000,0.933464844,0,2026-01-05 07:49:00.000000,2026-01-05 07:49:56.007812,1,BAY01_1867_20260105_073956_000.7z
2026-01-05 07:50:00,10.251079,0.010251079,3.334277,2.001109,4.915693,742400,768000,0.966666667,0,2026-01-05 07:50:02.000000,2026-01-05 07:50:59.999922,1,BAY01_1868_20260105_075002_000.7z
2026-01-05 07:51:00,10.299328,0.010299328,3.313961,2.073846,4.911522,768000,768000,1.000000000,1,2026-01-05 07:51:00.000000,2026-01-05 07:51:59.999922,1,BAY01_1868_20260105_075002_000.7z
2026-01-05 07:52:00,10.381840,0.010381840,3.400581,2.053345,4.927915,768000,768000,1.000000000,1,2026-01-05 07:52:00.000000,2026-01-05 07:52:59.999922,1,BAY01_1868_20260105_075002_000.7z
2026-01-05 07:53:00,10.407307,0.010407307,3.429459,2.003129,4.974719,768000,768000,1.000000000,1,2026-01-05 07:53:00.000000,2026-01-05 07:53:59.999922,1,BAY01_1868_20260105_075002_000.7z
2026-01-05 07:54:00,737.682664,0.737682664,3.393427,729.311488,4.977750,768000,768000,1.000000000,1,2026-01-05 07:54:00.000000,2026-01-05 07:54:59.999922,1,BAY01_1868_20260105_075002_000.7z
2026-01-05 07:55:00,7083.582912,7.083582912,3.871991,7073.971483,5.739438,768000,768000,1.000000000,1,2026-01-05 07:55:00.000000,2026-01-05 07:55:59.999922,1,BAY01_1868_20260105_075002_000.7z
2026-01-05 07:56:00,7101.227522,7.101227522,3.915879,7091.581121,5.730523,768000,768000,1.000000000,1,2026-01-05 07:56:00.000000,2026-01-05 07:56:59.999922,1,BAY01_1868_20260105_075002_000.7z
2026-01-05 07:57:00,7090.193138,7.090193138,3.848169,7080.559945,5.785024,768000,768000,1.000000000,1,2026-01-05 07:57:00.000000,2026-01-05 07:57:59.999922,1,BAY01_1868_20260105_075002_000.7z
2026-01-05 07:58:00,7077.413512,7.077413512,3.829740,7067.851987,5.731785,768000,768000,1.000000000,1,2026-01-05 07:58:00.000000,2026-01-05 07:58:59.999922,1,BAY01_1868_20260105_075002_000.7z
2026-01-05 07:59:00,7051.012501,7.051012501,4.180593,7041.359601,5.472308,768000,768000,1.000000000,1,2026-01-05 07:59:00.000000,2026-01-05 07:59:59.999922,1,BAY01_1868_20260105_075002_000.7z
2026-01-05 08:00:00,7045.962053,7.045962053,5.846417,7035.884012,4.231624,678517,768000,0.883485677,0,2026-01-05 08:00:00.000000,2026-01-05 08:00:59.999922,2,BAY01_1868_20260105_075002_000.7z;BAY01_1869_20260105_080009_000.7z
2026-01-05 08:01:00,7110.235265,7.110235265,5.864293,7100.141103,4.229869,768000,768000,1.000000000,1,2026-01-05 08:01:00.000000,2026-01-05 08:01:59.999922,1,BAY01_1869_20260105_080009_000.7z
2026-01-05 08:02:00,7105.332865,7.105332865,5.886409,7095.160670,4.285785,768000,768000,1.000000000,1,2026-01-05 08:02:00.000000,2026-01-05 08:02:59.999922,1,BAY01_1869_20260105_080009_000.7z
2026-01-05 08:03:00,7098.457958,7.098457958,5.898785,7088.260978,4.298195,768000,768000,1.000000000,1,2026-01-05 08:03:00.000000,2026-01-05 08:03:59.999922,1,BAY01_1869_20260105_080009_000.7z
2026-01-05 08:04:00,7103.049042,7.103049042,5.827241,7092.889429,4.332372,768000,768000,1.000000000,1,2026-01-05 08:04:00.000000,2026-01-05 08:04:59.999922,1,BAY01_1869_20260105_080009_000.7z
2026-01-05 08:05:00,7148.612343,7.148612343,5.802492,7138.494249,4.315601,768000,768000,1.000000000,1,2026-01-05 08:05:00.000000,2026-01-05 08:05:59.999922,1,BAY01_1869_20260105_080009_000.7z
2026-01-05 08:06:00,7259.000305,7.259000305,5.817511,7248.817995,4.364799,768000,768000,1.000000000,1,2026-01-05 08:06:00.000000,2026-01-05 08:06:59.999922,1,BAY01_1869_20260105_080009_000.7z
2026-01-05 08:07:00,7259.840239,7.259840239,5.857790,7249.703126,4.279323,768000,768000,1.000000000,1,2026-01-05 08:07:00.000000,2026-01-05 08:07:59.999922,1,BAY01_1869_20260105_080009_000.7z
2026-01-05 08:08:00,7250.661972,7.250661972,5.894961,7240.455352,4.311659,768000,768000,1.000000000,1,2026-01-05 08:08:00.000000,2026-01-05 08:08:59.999922,1,BAY01_1869_20260105_080009_000.7z
2026-01-05 08:09:00,7251.128113,7.251128113,5.858235,7240.952254,4.317625,768000,768000,1.000000000,1,2026-01-05 08:09:00.000000,2026-01-05 08:09:59.999922,1,BAY01_1869_20260105_080009_000.7z
2026-01-05 08:10:00,7245.706826,7.245706826,5.780669,7235.585401,4.340755,704097,768000,0.916792969,0,2026-01-05 08:10:00.000000,2026-01-05 08:10:59.999922,2,BAY01_1869_20260105_080009_000.7z;BAY01_1870_20260105_081014_000.7z
2026-01-05 08:11:00,7252.267087,7.252267087,5.807122,7242.198626,4.261339,768000,768000,1.000000000,1,2026-01-05 08:11:00.000000,2026-01-05 08:11:59.999922,1,BAY01_1870_20260105_081014_000.7z
2026-01-05 08:12:00,7244.891199,7.244891199,5.767921,7234.162813,4.960466,768000,768000,1.000000000,1,2026-01-05 08:12:00.000000,2026-01-05 08:12:59.999922,1,BAY01_1870_20260105_081014_000.7z
2026-01-05 08:13:00,11935.675405,11.935675405,4.774052,7264.389777,4666.511576,768000,768000,1.000000000,1,2026-01-05 08:13:00.000000,2026-01-05 08:13:59.999922,1,BAY01_1870_20260105_081014_000.7z
2026-01-05 08:14:00,14540.310843,14.540310843,4.105419,7267.151739,7269.053685,768000,768000,1.000000000,1,2026-01-05 08:14:00.000000,2026-01-05 08:14:59.999922,1,BAY01_1870_20260105_081014_000.7z
2026-01-05 08:15:00,14522.158292,14.522158292,4.126875,7246.043619,7271.987798,768000,768000,1.000000000,1,2026-01-05 08:15:00.000000,2026-01-05 08:15:59.999922,1,BAY01_1870_20260105_081014_000.7z
2026-01-05 08:16:00,14521.857474,14.521857474,4.198448,7246.157465,7271.501562,768000,768000,1.000000000,1,2026-01-05 08:16:00.000000,2026-01-05 08:16:59.999922,1,BAY01_1870_20260105_081014_000.7z
2026-01-05 08:17:00,14517.572031,14.517572031,4.123810,7238.835788,7274.612433,768000,768000,1.000000000,1,2026-01-05 08:17:00.000000,2026-01-05 08:17:59.999922,1,BAY01_1870_20260105_081014_000.7z
2026-01-05 08:18:00,14511.480410,14.511480410,4.180771,7229.624287,7277.675352,768000,768000,1.000000000,1,2026-01-05 08:18:00.000000,2026-01-05 08:18:59.999922,1,BAY01_1870_20260105_081014_000.7z
2026-01-05 08:19:00,14522.628731,14.522628731,4.175988,7239.195213,7279.257530,768000,768000,1.000000000,1,2026-01-05 08:19:00.000000,2026-01-05 08:19:59.999922,1,BAY01_1870_20260105_081014_000.7z
2026-01-05 08:20:00,14517.704261,14.517704261,4.150926,7233.587320,7279.966015,678541,768000,0.883516927,0,2026-01-05 08:20:00.000000,2026-01-05 08:20:59.999922,2,BAY01_1870_20260105_081014_000.7z;BAY01_1871_20260105_082021_000.7z
2026-01-05 08:21:00,14518.938948,14.518938948,4.087349,7231.955822,7282.895777,768000,768000,1.000000000,1,2026-01-05 08:21:00.000000,2026-01-05 08:21:59.999922,1,BAY01_1871_20260105_082021_000.7z
2026-01-05 08:22:00,14519.216939,14.519216939,4.094726,7229.035659,7286.086554,768000,768000,1.000000000,1,2026-01-05 08:22:00.000000,2026-01-05 08:22:59.999922,1,BAY01_1871_20260105_082021_000.7z
2026-01-05 08:23:00,14517.828175,14.517828175,4.182899,7226.011804,7287.633472,768000,768000,1.000000000,1,2026-01-05 08:23:00.000000,2026-01-05 08:23:59.999922,1,BAY01_1871_20260105_082021_000.7z
2026-01-05 08:24:00,14511.694234,14.511694234,4.072611,7217.252939,7290.368685,768000,768000,1.000000000,1,2026-01-05 08:24:00.000000,2026-01-05 08:24:59.999922,1,BAY01_1871_20260105_082021_000.7z
2026-01-05 08:25:00,14508.923813,14.508923813,4.121555,7213.073272,7291.728986,768000,768000,1.000000000,1,2026-01-05 08:25:00.000000,2026-01-05 08:25:59.999922,1,BAY01_1871_20260105_082021_000.7z
2026-01-05 08:26:00,14520.770812,14.520770812,3.628256,7221.597086,7295.545470,768000,768000,1.000000000,1,2026-01-05 08:26:00.000000,2026-01-05 08:26:59.999922,1,BAY01_1871_20260105_082021_000.7z
2026-01-05 08:27:00,14522.800510,14.522800510,3.625189,7224.561398,7294.613922,768000,768000,1.000000000,1,2026-01-05 08:27:00.000000,2026-01-05 08:27:59.999922,1,BAY01_1871_20260105_082021_000.7z
2026-01-05 08:28:00,14531.119997,14.531119997,3.563473,7235.210754,7292.345770,768000,768000,1.000000000,1,2026-01-05 08:28:00.000000,2026-01-05 08:28:59.999922,1,BAY01_1871_20260105_082021_000.7z
2026-01-05 08:29:00,14536.016583,14.536016583,3.647773,7239.510892,7292.857918,768000,768000,1.000000000,1,2026-01-05 08:29:00.000000,2026-01-05 08:29:59.999922,1,BAY01_1871_20260105_082021_000.7z
2026-01-05 08:30:00,14532.772248,14.532772248,3.529427,7236.202397,7293.040424,704085,768000,0.916777344,0,2026-01-05 08:30:00.000000,2026-01-05 08:30:59.999922,2,BAY01_1871_20260105_082021_000.7z;BAY01_1872_20260105_083026_000.7z
2026-01-05 08:31:00,14531.709747,14.531709747,3.580189,7234.339534,7293.790023,768000,768000,1.000000000,1,2026-01-05 08:31:00.000000,2026-01-05 08:31:59.999922,1,BAY01_1872_20260105_083026_000.7z
2026-01-05 08:32:00,14532.525740,14.532525740,3.573547,7234.224216,7294.727977,768000,768000,1.000000000,1,2026-01-05 08:32:00.000000,2026-01-05 08:32:59.999922,1,BAY01_1872_20260105_083026_000.7z
2026-01-05 08:33:00,14525.007321,14.525007321,3.628016,7225.537662,7295.841643,768000,768000,1.000000000,1,2026-01-05 08:33:00.000000,2026-01-05 08:33:59.999922,1,BAY01_1872_20260105_083026_000.7z
2026-01-05 08:34:00,14524.695862,14.524695862,3.625389,7224.402655,7296.667818,768000,768000,1.000000000,1,2026-01-05 08:34:00.000000,2026-01-05 08:34:59.999922,1,BAY01_1872_20260105_083026_000.7z
2026-01-05 08:35:00,14527.732561,14.527732561,3.609832,7228.800671,7295.322058,768000,768000,1.000000000,1,2026-01-05 08:35:00.000000,2026-01-05 08:35:59.999922,1,BAY01_1872_20260105_083026_000.7z
2026-01-05 08:36:00,14400.653084,14.400653084,3.564529,7098.241236,7298.847318,768000,768000,1.000000000,1,2026-01-05 08:36:00.000000,2026-01-05 08:36:59.999922,1,BAY01_1872_20260105_083026_000.7z
2026-01-05 08:37:00,14329.424848,14.329424848,3.560399,7027.600798,7298.263651,768000,768000,1.000000000,1,2026-01-05 08:37:00.000000,2026-01-05 08:37:59.999922,1,BAY01_1872_20260105_083026_000.7z
2026-01-05 08:38:00,14352.186267,14.352186267,3.598012,7047.044103,7301.544151,768000,768000,1.000000000,1,2026-01-05 08:38:00.000000,2026-01-05 08:38:59.999922,1,BAY01_1872_20260105_083026_000.7z
2026-01-05 08:39:00,14362.061822,14.362061822,3.545504,7057.059413,7301.456906,768000,768000,1.000000000,1,2026-01-05 08:39:00.000000,2026-01-05 08:39:59.999922,1,BAY01_1872_20260105_083026_000.7z
2026-01-05 08:40:00,14403.642424,14.403642424,3.499188,7096.399056,7303.744180,691323,768000,0.900160156,0,2026-01-05 08:40:00.000000,2026-01-05 08:40:59.999922,2,BAY01_1872_20260105_083026_000.7z;BAY01_1873_20260105_084032_000.7z
2026-01-05 08:41:00,14482.254741,14.482254741,3.556205,7174.629568,7304.068968,768000,768000,1.000000000,1,2026-01-05 08:41:00.000000,2026-01-05 08:41:59.999922,1,BAY01_1873_20260105_084032_000.7z
2026-01-05 08:42:00,14480.900876,14.480900876,3.550748,7171.519521,7305.830606,768000,768000,1.000000000,1,2026-01-05 08:42:00.000000,2026-01-05 08:42:59.999922,1,BAY01_1873_20260105_084032_000.7z
2026-01-05 08:43:00,14482.855173,14.482855173,3.609117,7174.674603,7304.571453,768000,768000,1.000000000,1,2026-01-05 08:43:00.000000,2026-01-05 08:43:59.999922,1,BAY01_1873_20260105_084032_000.7z
2026-01-05 08:44:00,14483.463938,14.483463938,3.560872,7173.066125,7306.836941,768000,768000,1.000000000,1,2026-01-05 08:44:00.000000,2026-01-05 08:44:59.999922,1,BAY01_1873_20260105_084032_000.7z
2026-01-05 08:45:00,14479.732114,14.479732114,3.568707,7170.184015,7305.979393,768000,768000,1.000000000,1,2026-01-05 08:45:00.000000,2026-01-05 08:45:59.999922,1,BAY01_1873_20260105_084032_000.7z
2026-01-05 08:46:00,14471.511218,14.471511218,3.587549,7160.299749,7307.623921,768000,768000,1.000000000,1,2026-01-05 08:46:00.000000,2026-01-05 08:46:59.999922,1,BAY01_1873_20260105_084032_000.7z
2026-01-05 08:47:00,14451.042316,14.451042316,3.610417,7138.370756,7309.061144,768000,768000,1.000000000,1,2026-01-05 08:47:00.000000,2026-01-05 08:47:59.999922,1,BAY01_1873_20260105_084032_000.7z
2026-01-05 08:48:00,14460.170487,14.460170487,3.535161,7147.669516,7308.965809,768000,768000,1.000000000,1,2026-01-05 08:48:00.000000,2026-01-05 08:48:59.999922,1,BAY01_1873_20260105_084032_000.7z
2026-01-05 08:49:00,14373.275748,14.373275748,3.577566,7060.994497,7308.703685,768000,768000,1.000000000,1,2026-01-05 08:49:00.000000,2026-01-05 08:49:59.999922,1,BAY01_1873_20260105_084032_000.7z
2026-01-05 08:50:00,14363.085921,14.363085921,3.601183,7049.119462,7310.365276,691220,768000,0.900026042,0,2026-01-05 08:50:00.000000,2026-01-05 08:50:59.999922,2,BAY01_1873_20260105_084032_000.7z;BAY01_1874_20260105_085038_000.7z
2026-01-05 08:51:00,14348.897800,14.348897800,3.569901,7050.266710,7295.061189,768000,768000,1.000000000,1,2026-01-05 08:51:00.000000,2026-01-05 08:51:59.999922,1,BAY01_1874_20260105_085038_000.7z
2026-01-05 08:52:00,14357.476431,14.357476431,3.571135,7058.397416,7295.507879,768000,768000,1.000000000,1,2026-01-05 08:52:00.000000,2026-01-05 08:52:59.999922,1,BAY01_1874_20260105_085038_000.7z
2026-01-05 08:53:00,14374.588539,14.374588539,3.627715,7075.493345,7295.467479,768000,768000,1.000000000,1,2026-01-05 08:53:00.000000,2026-01-05 08:53:59.999922,1,BAY01_1874_20260105_085038_000.7z
2026-01-05 08:54:00,14374.313906,14.374313906,3.673667,7075.776997,7294.863241,768000,768000,1.000000000,1,2026-01-05 08:54:00.000000,2026-01-05 08:54:59.999922,1,BAY01_1874_20260105_085038_000.7z
2026-01-05 08:55:00,14385.245028,14.385245028,3.570655,7086.121687,7295.552685,768000,768000,1.000000000,1,2026-01-05 08:55:00.000000,2026-01-05 08:55:59.999922,1,BAY01_1874_20260105_085038_000.7z
2026-01-05 08:56:00,14396.169134,14.396169134,3.566924,7096.724380,7295.877830,768000,768000,1.000000000,1,2026-01-05 08:56:00.000000,2026-01-05 08:56:59.999922,1,BAY01_1874_20260105_085038_000.7z
2026-01-05 08:57:00,14403.005672,14.403005672,3.653924,7104.881856,7294.469892,768000,768000,1.000000000,1,2026-01-05 08:57:00.000000,2026-01-05 08:57:59.999922,1,BAY01_1874_20260105_085038_000.7z
2026-01-05 08:58:00,14409.447693,14.409447693,3.645558,7113.768918,7292.033217,768000,768000,1.000000000,1,2026-01-05 08:58:00.000000,2026-01-05 08:58:59.999922,1,BAY01_1874_20260105_085038_000.7z
2026-01-05 08:59:00,14251.736204,14.251736204,3.583310,6955.666064,7292.486830,768000,768000,1.000000000,1,2026-01-05 08:59:00.000000,2026-01-05 08:59:59.999922,1,BAY01_1874_20260105_085038_000.7z
2026-01-05 09:00:00,13849.523913,13.849523913,3.534455,6552.873538,7293.115921,704037,768000,0.916714844,0,2026-01-05 09:00:00.000000,2026-01-05 09:00:59.999922,2,BAY01_1874_20260105_085038_000.7z;BAY01_1875_20260105_090043_000.7z
2026-01-05 09:01:00,13487.940648,13.487940648,3.488940,6191.856361,7292.595348,768000,768000,1.000000000,1,2026-01-05 09:01:00.000000,2026-01-05 09:01:59.999922,1,BAY01_1875_20260105_090043_000.7z
2026-01-05 09:02:00,13153.135612,13.153135612,3.461349,5856.200495,7293.473769,768000,768000,1.000000000,1,2026-01-05 09:02:00.000000,2026-01-05 09:02:59.999922,1,BAY01_1875_20260105_090043_000.7z
2026-01-05 09:03:00,13049.346886,13.049346886,3.475663,5753.599995,7292.271228,768000,768000,1.000000000,1,2026-01-05 09:03:00.000000,2026-01-05 09:03:59.999922,1,BAY01_1875_20260105_090043_000.7z
2026-01-05 09:04:00,13057.095028,13.057095028,3.524103,5760.322014,7293.248911,768000,768000,1.000000000,1,2026-01-05 09:04:00.000000,2026-01-05 09:04:59.999922,1,BAY01_1875_20260105_090043_000.7z
2026-01-05 09:05:00,13053.449046,13.053449046,3.555861,5757.322252,7292.570932,768000,768000,1.000000000,1,2026-01-05 09:05:00.000000,2026-01-05 09:05:59.999922,1,BAY01_1875_20260105_090043_000.7z
2026-01-05 09:06:00,13072.451500,13.072451500,3.544238,5777.600956,7291.306305,768000,768000,1.000000000,1,2026-01-05 09:06:00.000000,2026-01-05 09:06:59.999922,1,BAY01_1875_20260105_090043_000.7z
2026-01-05 09:07:00,13067.265399,13.067265399,3.470394,5773.306432,7290.488573,768000,768000,1.000000000,1,2026-01-05 09:07:00.000000,2026-01-05 09:07:59.999922,1,BAY01_1875_20260105_090043_000.7z
2026-01-05 09:08:00,13069.895842,13.069895842,3.503505,5774.553627,7291.838709,768000,768000,1.000000000,1,2026-01-05 09:08:00.000000,2026-01-05 09:08:59.999922,1,BAY01_1875_20260105_090043_000.7z
2026-01-05 09:09:00,13073.600204,13.073600204,3.538157,5776.225585,7293.836463,768000,768000,1.000000000,1,2026-01-05 09:09:00.000000,2026-01-05 09:09:59.999922,1,BAY01_1875_20260105_090043_000.7z
2026-01-05 09:10:00,13094.976760,13.094976760,3.525850,5796.923277,7294.527633,704063,768000,0.916748698,0,2026-01-05 09:10:00.000000,2026-01-05 09:10:59.999922,2,BAY01_1875_20260105_090043_000.7z;BAY01_1876_20260105_091048_000.7z
2026-01-05 09:11:00,13090.667955,13.090667955,3.473616,5795.240813,7291.953527,768000,768000,1.000000000,1,2026-01-05 09:11:00.000000,2026-01-05 09:11:59.999922,1,BAY01_1876_20260105_091048_000.7z
2026-01-05 09:12:00,13095.431639,13.095431639,3.534726,5797.899325,7293.997588,768000,768000,1.000000000,1,2026-01-05 09:12:00.000000,2026-01-05 09:12:59.999922,1,BAY01_1876_20260105_091048_000.7z
2026-01-05 09:13:00,13099.779792,13.099779792,3.575178,5802.826385,7293.378228,768000,768000,1.000000000,1,2026-01-05 09:13:00.000000,2026-01-05 09:13:59.999922,1,BAY01_1876_20260105_091048_000.7z
2026-01-05 09:14:00,13109.427634,13.109427634,3.576365,5810.766918,7295.084352,768000,768000,1.000000000,1,2026-01-05 09:14:00.000000,2026-01-05 09:14:59.999922,1,BAY01_1876_20260105_091048_000.7z
2026-01-05 09:15:00,13118.083721,13.118083721,3.529923,5820.081846,7294.471952,768000,768000,1.000000000,1,2026-01-05 09:15:00.000000,2026-01-05 09:15:59.999922,1,BAY01_1876_20260105_091048_000.7z
2026-01-05 09:16:00,13128.930296,13.128930296,3.480218,5829.505776,7295.944302,768000,768000,1.000000000,1,2026-01-05 09:16:00.000000,2026-01-05 09:16:59.999922,1,BAY01_1876_20260105_091048_000.7z
2026-01-05 09:17:00,13126.453709,13.126453709,3.526235,5828.937249,7293.990225,768000,768000,1.000000000,1,2026-01-05 09:17:00.000000,2026-01-05 09:17:59.999922,1,BAY01_1876_20260105_091048_000.7z
2026-01-05 09:18:00,13140.380182,13.140380182,3.553869,5842.477832,7294.348481,768000,768000,1.000000000,1,2026-01-05 09:18:00.000000,2026-01-05 09:18:59.999922,1,BAY01_1876_20260105_091048_000.7z
2026-01-05 09:19:00,13127.403993,13.127403993,3.577256,5832.206921,7291.619815,768000,768000,1.000000000,1,2026-01-05 09:19:00.000000,2026-01-05 09:19:59.999922,1,BAY01_1876_20260105_091048_000.7z
2026-01-05 09:20:00,13146.606434,13.146606434,3.527983,5850.717960,7292.360491,716858,768000,0.933408854,0,2026-01-05 09:20:00.000000,2026-01-05 09:20:59.999922,2,BAY01_1876_20260105_091048_000.7z;BAY01_1877_20260105_092052_000.7z
2026-01-05 09:21:00,13145.615605,13.145615605,3.511136,5850.316590,7291.787879,768000,768000,1.000000000,1,2026-01-05 09:21:00.000000,2026-01-05 09:21:59.999922,1,BAY01_1877_20260105_092052_000.7z
2026-01-05 09:22:00,12687.457502,12.687457502,3.495456,5391.739248,7292.222798,768000,768000,1.000000000,1,2026-01-05 09:22:00.000000,2026-01-05 09:22:59.999922,1,BAY01_1877_20260105_092052_000.7z
2026-01-05 09:23:00,12641.643895,12.641643895,3.453193,5344.026440,7294.164263,768000,768000,1.000000000,1,2026-01-05 09:23:00.000000,2026-01-05 09:23:59.999922,1,BAY01_1877_20260105_092052_000.7z
2026-01-05 09:24:00,12645.439184,12.645439184,3.478962,5351.316589,7290.643633,768000,768000,1.000000000,1,2026-01-05 09:24:00.000000,2026-01-05 09:24:59.999922,1,BAY01_1877_20260105_092052_000.7z
2026-01-05 09:25:00,12646.043368,12.646043368,3.474382,5350.470474,7292.098511,768000,768000,1.000000000,1,2026-01-05 09:25:00.000000,2026-01-05 09:25:59.999922,1,BAY01_1877_20260105_092052_000.7z
2026-01-05 09:26:00,12651.142876,12.651142876,3.455279,5357.156131,7290.531467,768000,768000,1.000000000,1,2026-01-05 09:26:00.000000,2026-01-05 09:26:59.999922,1,BAY01_1877_20260105_092052_000.7z
2026-01-05 09:27:00,12657.727623,12.657727623,3.494321,5364.564262,7289.669041,768000,768000,1.000000000,1,2026-01-05 09:27:00.000000,2026-01-05 09:27:59.999922,1,BAY01_1877_20260105_092052_000.7z
2026-01-05 09:28:00,12658.798512,12.658798512,3.520714,5367.354664,7287.923134,768000,768000,1.000000000,1,2026-01-05 09:28:00.000000,2026-01-05 09:28:59.999922,1,BAY01_1877_20260105_092052_000.7z
2026-01-05 09:29:00,12663.307456,12.663307456,3.515093,5371.916553,7287.875809,768000,768000,1.000000000,1,2026-01-05 09:29:00.000000,2026-01-05 09:29:59.999922,1,BAY01_1877_20260105_092052_000.7z
