minute_start,active_power_w,active_power_kw,phase_a_power_w,phase_b_power_w,phase_c_power_w,sample_count,expected_samples,coverage_ratio,is_complete,first_sample_time,last_sample_time,source_archive_count,source_archives
2026-01-08 04:59:00,11.466863,0.011466863,3.901302,3.581811,3.983750,665629,768000,0.866704427,0,2026-01-08 04:59:00.000000,2026-01-08 04:59:59.999922,2,BAY01_2277_20260108_044916_000.7z;BAY01_2278_20260108_045924_000.7z
2026-01-08 05:00:00,11.437818,0.011437818,3.778790,3.683076,3.975952,768000,768000,1.000000000,1,2026-01-08 05:00:00.000000,2026-01-08 05:00:59.999922,1,BAY01_2278_20260108_045924_000.7z
2026-01-08 05:01:00,11.468924,0.011468924,3.831739,3.626170,4.011015,768000,768000,1.000000000,1,2026-01-08 05:01:00.000000,2026-01-08 05:01:59.999922,1,BAY01_2278_20260108_045924_000.7z
2026-01-08 05:02:00,11.525037,0.011525037,3.898728,3.642218,3.984092,768000,768000,1.000000000,1,2026-01-08 05:02:00.000000,2026-01-08 05:02:59.999922,1,BAY01_2278_20260108_045924_000.7z
2026-01-08 05:03:00,11.476277,0.011476277,3.787284,3.693530,3.995463,768000,768000,1.000000000,1,2026-01-08 05:03:00.000000,2026-01-08 05:03:59.999922,1,BAY01_2278_20260108_045924_000.7z
2026-01-08 05:04:00,11.539332,0.011539332,3.929007,3.587727,4.022598,768000,768000,1.000000000,1,2026-01-08 05:04:00.000000,2026-01-08 05:04:59.999922,1,BAY01_2278_20260108_045924_000.7z
2026-01-08 05:05:00,11.526438,0.011526438,3.830525,3.692298,4.003615,768000,768000,1.000000000,1,2026-01-08 05:05:00.000000,2026-01-08 05:05:59.999922,1,BAY01_2278_20260108_045924_000.7z
2026-01-08 05:06:00,11.478825,0.011478825,3.793850,3.656415,4.028560,768000,768000,1.000000000,1,2026-01-08 05:06:00.000000,2026-01-08 05:06:59.999922,1,BAY01_2278_20260108_045924_000.7z
2026-01-08 05:07:00,11.477889,0.011477889,3.880335,3.628847,3.968707,768000,768000,1.000000000,1,2026-01-08 05:07:00.000000,2026-01-08 05:07:59.999922,1,BAY01_2278_20260108_045924_000.7z
2026-01-08 05:08:00,11.481877,0.011481877,3.843329,3.614647,4.023901,768000,768000,1.000000000,1,2026-01-08 05:08:00.000000,2026-01-08 05:08:59.999922,1,BAY01_2278_20260108_045924_000.7z
2026-01-08 05:09:00,11.492262,0.011492262,3.850879,3.643705,3.997678,678447,768000,0.883394531,0,2026-01-08 05:09:00.000000,2026-01-08 05:09:59.999922,2,BAY01_2278_20260108_045924_000.7z;BAY01_2279_20260108_050931_000.7z
2026-01-08 05:10:00,11.512279,0.011512279,3.831913,3.670903,4.009463,768000,768000,1.000000000,1,2026-01-08 05:10:00.000000,2026-01-08 05:10:59.999922,1,BAY01_2279_20260108_050931_000.7z
2026-01-08 05:11:00,11.432355,0.011432355,3.813154,3.605084,4.014116,768000,768000,1.000000000,1,2026-01-08 05:11:00.000000,2026-01-08 05:11:59.999922,1,BAY01_2279_20260108_050931_000.7z
2026-01-08 05:12:00,11.482842,0.011482842,3.860801,3.633012,3.989029,768000,768000,1.000000000,1,2026-01-08 05:12:00.000000,2026-01-08 05:12:59.999922,1,BAY01_2279_20260108_050931_000.7z
2026-01-08 05:13:00,11.524590,0.011524590,3.895238,3.647217,3.982135,768000,768000,1.000000000,1,2026-01-08 05:13:00.000000,2026-01-08 05:13:59.999922,1,BAY01_2279_20260108_050931_000.7z
2026-01-08 05:14:00,11.610402,0.011610402,4.100191,4.035191,3.475020,768000,768000,1.000000000,1,2026-01-08 05:14:00.000000,2026-01-08 05:14:59.999922,1,BAY01_2279_20260108_050931_000.7z
2026-01-08 05:15:00,11.571232,0.011571232,3.855119,3.779046,3.937067,768000,768000,1.000000000,1,2026-01-08 05:15:00.000000,2026-01-08 05:15:59.999922,1,BAY01_2279_20260108_050931_000.7z
2026-01-08 05:16:00,11.499058,0.011499058,3.816518,3.709201,3.973338,768000,768000,1.000000000,1,2026-01-08 05:16:00.000000,2026-01-08 05:16:59.999922,1,BAY01_2279_20260108_050931_000.7z
2026-01-08 05:17:00,11.487848,0.011487848,3.806530,3.652778,4.028540,768000,768000,1.000000000,1,2026-01-08 05:17:00.000000,2026-01-08 05:17:59.999922,1,BAY01_2279_20260108_050931_000.7z
2026-01-08 05:18:00,11.500475,0.011500475,3.849222,3.631791,4.019463,768000,768000,1.000000000,1,2026-01-08 05:18:00.000000,2026-01-08 05:18:59.999922,1,BAY01_2279_20260108_050931_000.7z
2026-01-08 05:19:00,11.455826,0.011455826,3.854517,3.610172,3.991137,640124,768000,0.833494792,0,2026-01-08 05:19:00.000000,2026-01-08 05:19:59.999922,2,BAY01_2279_20260108_050931_000.7z;BAY01_2280_20260108_051941_000.7z
2026-01-08 05:20:00,11.523490,0.011523490,3.872805,3.660908,3.989776,768000,768000,1.000000000,1,2026-01-08 05:20:00.000000,2026-01-08 05:20:59.999922,1,BAY01_2280_20260108_051941_000.7z
2026-01-08 05:21:00,11.439618,0.011439618,3.822603,3.649586,3.967429,768000,768000,1.000000000,1,2026-01-08 05:21:00.000000,2026-01-08 05:21:59.999922,1,BAY01_2280_20260108_051941_000.7z
2026-01-08 05:22:00,11.486502,0.011486502,3.809564,3.658211,4.018727,768000,768000,1.000000000,1,2026-01-08 05:22:00.000000,2026-01-08 05:22:59.999922,1,BAY01_2280_20260108_051941_000.7z
2026-01-08 05:23:00,11.490866,0.011490866,3.790489,3.682695,4.017682,768000,768000,1.000000000,1,2026-01-08 05:23:00.000000,2026-01-08 05:23:59.999922,1,BAY01_2280_20260108_051941_000.7z
2026-01-08 05:24:00,11.489277,0.011489277,3.767602,3.713374,4.008301,768000,768000,1.000000000,1,2026-01-08 05:24:00.000000,2026-01-08 05:24:59.999922,1,BAY01_2280_20260108_051941_000.7z
2026-01-08 05:25:00,11.600247,0.011600247,3.847898,3.743205,4.009144,768000,768000,1.000000000,1,2026-01-08 05:25:00.000000,2026-01-08 05:25:59.999922,1,BAY01_2280_20260108_051941_000.7z
2026-01-08 05:26:00,11.502355,0.011502355,3.794323,3.666277,4.041754,768000,768000,1.000000000,1,2026-01-08 05:26:00.000000,2026-01-08 05:26:59.999922,1,BAY01_2280_20260108_051941_000.7z
2026-01-08 05:27:00,11.495871,0.011495871,3.818637,3.651072,4.026161,768000,768000,1.000000000,1,2026-01-08 05:27:00.000000,2026-01-08 05:27:59.999922,1,BAY01_2280_20260108_051941_000.7z
2026-01-08 05:28:00,11.493846,0.011493846,3.801230,3.662248,4.030369,768000,768000,1.000000000,1,2026-01-08 05:28:00.000000,2026-01-08 05:28:59.999922,1,BAY01_2280_20260108_051941_000.7z
2026-01-08 05:29:00,11.482883,0.011482883,3.862270,3.638708,3.981905,614530,768000,0.800169271,0,2026-01-08 05:29:00.000000,2026-01-08 05:29:59.999922,2,BAY01_2280_20260108_051941_000.7z;BAY01_2281_20260108_052953_000.7z
2026-01-08 05:30:00,11.513178,0.011513178,3.861860,3.677415,3.973904,768000,768000,1.000000000,1,2026-01-08 05:30:00.000000,2026-01-08 05:30:59.999922,1,BAY01_2281_20260108_052953_000.7z
2026-01-08 05:31:00,11.403293,0.011403293,3.810027,3.599991,3.993276,768000,768000,1.000000000,1,2026-01-08 05:31:00.000000,2026-01-08 05:31:59.999922,1,BAY01_2281_20260108_052953_000.7z
2026-01-08 05:32:00,11.485019,0.011485019,3.801491,3.682160,4.001368,768000,768000,1.000000000,1,2026-01-08 05:32:00.000000,2026-01-08 05:32:59.999922,1,BAY01_2281_20260108_052953_000.7z
2026-01-08 05:33:00,11.490027,0.011490027,3.859657,3.675580,3.954790,768000,768000,1.000000000,1,2026-01-08 05:33:00.000000,2026-01-08 05:33:59.999922,1,BAY01_2281_20260108_052953_000.7z
2026-01-08 05:34:00,11.502639,0.011502639,3.802889,3.640412,4.059337,768000,768000,1.000000000,1,2026-01-08 05:34:00.000000,2026-01-08 05:34:59.999922,1,BAY01_2281_20260108_052953_000.7z
2026-01-08 05:35:00,11.625213,0.011625213,3.846670,3.722692,4.055852,768000,768000,1.000000000,1,2026-01-08 05:35:00.000000,2026-01-08 05:35:59.999922,1,BAY01_2281_20260108_052953_000.7z
2026-01-08 05:36:00,11.489463,0.011489463,3.863504,3.674282,3.951676,768000,768000,1.000000000,1,2026-01-08 05:36:00.000000,2026-01-08 05:36:59.999922,1,BAY01_2281_20260108_052953_000.7z
2026-01-08 05:37:00,11.490315,0.011490315,3.879720,3.640373,3.970223,768000,768000,1.000000000,1,2026-01-08 05:37:00.000000,2026-01-08 05:37:59.999922,1,BAY01_2281_20260108_052953_000.7z
2026-01-08 05:38:00,11.489482,0.011489482,3.810899,3.637200,4.041382,768000,768000,1.000000000,1,2026-01-08 05:38:00.000000,2026-01-08 05:38:59.999922,1,BAY01_2281_20260108_052953_000.7z
2026-01-08 05:39:00,11.474056,0.011474056,3.884784,3.605564,3.983708,691218,768000,0.900023438,0,2026-01-08 05:39:00.000000,2026-01-08 05:39:59.999922,2,BAY01_2281_20260108_052953_000.7z;BAY01_2282_20260108_053959_000.7z
2026-01-08 05:40:00,11.491748,0.011491748,3.857598,3.598769,4.035381,768000,768000,1.000000000,1,2026-01-08 05:40:00.000000,2026-01-08 05:40:59.999922,1,BAY01_2282_20260108_053959_000.7z
2026-01-08 05:41:00,11.433502,0.011433502,3.821091,3.589753,4.022658,768000,768000,1.000000000,1,2026-01-08 05:41:00.000000,2026-01-08 05:41:59.999922,1,BAY01_2282_20260108_053959_000.7z
2026-01-08 05:42:00,11.485672,0.011485672,3.818231,3.645852,4.021589,768000,768000,1.000000000,1,2026-01-08 05:42:00.000000,2026-01-08 05:42:59.999922,1,BAY01_2282_20260108_053959_000.7z
2026-01-08 05:43:00,11.487652,0.011487652,3.852315,3.612408,4.022930,768000,768000,1.000000000,1,2026-01-08 05:43:00.000000,2026-01-08 05:43:59.999922,1,BAY01_2282_20260108_053959_000.7z
2026-01-08 05:44:00,11.489448,0.011489448,3.850255,3.633000,4.006192,768000,768000,1.000000000,1,2026-01-08 05:44:00.000000,2026-01-08 05:44:59.999922,1,BAY01_2282_20260108_053959_000.7z
2026-01-08 05:45:00,11.574198,0.011574198,3.890232,3.671987,4.011979,768000,768000,1.000000000,1,2026-01-08 05:45:00.000000,2026-01-08 05:45:59.999922,1,BAY01_2282_20260108_053959_000.7z
2026-01-08 05:46:00,11.505528,0.011505528,3.885149,3.688073,3.932306,768000,768000,1.000000000,1,2026-01-08 05:46:00.000000,2026-01-08 05:46:59.999922,1,BAY01_2282_20260108_053959_000.7z
2026-01-08 05:47:00,11.495119,0.011495119,3.826528,3.711566,3.957025,768000,768000,1.000000000,1,2026-01-08 05:47:00.000000,2026-01-08 05:47:59.999922,1,BAY01_2282_20260108_053959_000.7z
2026-01-08 05:48:00,11.484818,0.011484818,3.851766,3.643761,3.989290,768000,768000,1.000000000,1,2026-01-08 05:48:00.000000,2026-01-08 05:48:59.999922,1,BAY01_2282_20260108_053959_000.7z
2026-01-08 05:49:00,11.479287,0.011479287,3.793954,3.703776,3.981557,755227,768000,0.983368490,0,2026-01-08 05:49:00.000000,2026-01-08 05:49:59.002031,1,BAY01_2282_20260108_053959_000.7z
2026-01-08 05:50:00,11.481051,0.011481051,3.850789,3.599411,4.030851,665600,768000,0.866666667,0,2026-01-08 05:50:08.000000,2026-01-08 05:50:59.999922,1,BAY01_2283_20260108_055008_000.7z
2026-01-08 05:51:00,11.423225,0.011423225,3.819640,3.583356,4.020230,768000,768000,1.000000000,1,2026-01-08 05:51:00.000000,2026-01-08 05:51:59.999922,1,BAY01_2283_20260108_055008_000.7z
2026-01-08 05:52:00,11.488960,0.011488960,3.867760,3.656505,3.964694,768000,768000,1.000000000,1,2026-01-08 05:52:00.000000,2026-01-08 05:52:59.999922,1,BAY01_2283_20260108_055008_000.7z
2026-01-08 05:53:00,11.484985,0.011484985,3.854237,3.697751,3.932996,768000,768000,1.000000000,1,2026-01-08 05:53:00.000000,2026-01-08 05:53:59.999922,1,BAY01_2283_20260108_055008_000.7z
2026-01-08 05:54:00,11.477875,0.011477875,3.843440,3.686325,3.948110,768000,768000,1.000000000,1,2026-01-08 05:54:00.000000,2026-01-08 05:54:59.999922,1,BAY01_2283_20260108_055008_000.7z
2026-01-08 05:55:00,11.587623,0.011587623,3.828873,3.688670,4.070079,768000,768000,1.000000000,1,2026-01-08 05:55:00.000000,2026-01-08 05:55:59.999922,1,BAY01_2283_20260108_055008_000.7z
2026-01-08 05:56:00,11.478067,0.011478067,3.806323,3.639458,4.032287,768000,768000,1.000000000,1,2026-01-08 05:56:00.000000,2026-01-08 05:56:59.999922,1,BAY01_2283_20260108_055008_000.7z
2026-01-08 05:57:00,11.495341,0.011495341,3.871659,3.639353,3.984329,768000,768000,1.000000000,1,2026-01-08 05:57:00.000000,2026-01-08 05:57:59.999922,1,BAY01_2283_20260108_055008_000.7z
2026-01-08 05:58:00,11.487168,0.011487168,3.871980,3.648025,3.967163,768000,768000,1.000000000,1,2026-01-08 05:58:00.000000,2026-01-08 05:58:59.999922,1,BAY01_2283_20260108_055008_000.7z
2026-01-08 05:59:00,11.488812,0.011488812,3.822735,3.685042,3.981035,768000,768000,1.000000000,1,2026-01-08 05:59:00.000000,2026-01-08 05:59:59.999922,1,BAY01_2283_20260108_055008_000.7z
2026-01-08 06:00:00,11.551457,0.011551457,3.820508,3.705631,4.025317,704125,768000,0.916829427,0,2026-01-08 06:00:00.000000,2026-01-08 06:00:59.999922,2,BAY01_2283_20260108_055008_000.7z;BAY01_2284_20260108_060013_000.7z
2026-01-08 06:01:00,11.420212,0.011420212,3.803452,3.593232,4.023528,768000,768000,1.000000000,1,2026-01-08 06:01:00.000000,2026-01-08 06:01:59.999922,1,BAY01_2284_20260108_060013_000.7z
2026-01-08 06:02:00,11.500365,0.011500365,3.836454,3.631351,4.032559,768000,768000,1.000000000,1,2026-01-08 06:02:00.000000,2026-01-08 06:02:59.999922,1,BAY01_2284_20260108_060013_000.7z
2026-01-08 06:03:00,11.472675,0.011472675,3.827935,3.705236,3.939504,768000,768000,1.000000000,1,2026-01-08 06:03:00.000000,2026-01-08 06:03:59.999922,1,BAY01_2284_20260108_060013_000.7z
2026-01-08 06:04:00,11.455914,0.011455914,3.875892,3.592321,3.987701,768000,768000,1.000000000,1,2026-01-08 06:04:00.000000,2026-01-08 06:04:59.999922,1,BAY01_2284_20260108_060013_000.7z
2026-01-08 06:05:00,11.595262,0.011595262,3.838196,3.694749,4.062316,768000,768000,1.000000000,1,2026-01-08 06:05:00.000000,2026-01-08 06:05:59.999922,1,BAY01_2284_20260108_060013_000.7z
2026-01-08 06:06:00,11.480930,0.011480930,3.845047,3.599525,4.036358,768000,768000,1.000000000,1,2026-01-08 06:06:00.000000,2026-01-08 06:06:59.999922,1,BAY01_2284_20260108_060013_000.7z
2026-01-08 06:07:00,11.461108,0.011461108,3.833905,3.613765,4.013438,768000,768000,1.000000000,1,2026-01-08 06:07:00.000000,2026-01-08 06:07:59.999922,1,BAY01_2284_20260108_060013_000.7z
2026-01-08 06:08:00,11.535660,0.011535660,3.828379,3.639717,4.067565,768000,768000,1.000000000,1,2026-01-08 06:08:00.000000,2026-01-08 06:08:59.999922,1,BAY01_2284_20260108_060013_000.7z
2026-01-08 06:09:00,11.475665,0.011475665,3.797849,3.696717,3.981099,768000,768000,1.000000000,1,2026-01-08 06:09:00.000000,2026-01-08 06:09:59.999922,1,BAY01_2284_20260108_060013_000.7z
2026-01-08 06:10:00,11.560099,0.011560099,3.893355,3.689343,3.977401,588891,768000,0.766785156,0,2026-01-08 06:10:00.000000,2026-01-08 06:10:59.999922,2,BAY01_2284_20260108_060013_000.7z;BAY01_2285_20260108_061027_000.7z
2026-01-08 06:11:00,11.373818,0.011373818,3.836480,3.597302,3.940036,768000,768000,1.000000000,1,2026-01-08 06:11:00.000000,2026-01-08 06:11:59.999922,1,BAY01_2285_20260108_061027_000.7z
2026-01-08 06:12:00,11.456733,0.011456733,3.764226,3.574572,4.117934,768000,768000,1.000000000,1,2026-01-08 06:12:00.000000,2026-01-08 06:12:59.999922,1,BAY01_2285_20260108_061027_000.7z
2026-01-08 06:13:00,11.497839,0.011497839,3.844184,3.622168,4.031488,768000,768000,1.000000000,1,2026-01-08 06:13:00.000000,2026-01-08 06:13:59.999922,1,BAY01_2285_20260108_061027_000.7z
2026-01-08 06:14:00,11.463347,0.011463347,3.825932,3.671621,3.965794,768000,768000,1.000000000,1,2026-01-08 06:14:00.000000,2026-01-08 06:14:59.999922,1,BAY01_2285_20260108_061027_000.7z
2026-01-08 06:15:00,11.583936,0.011583936,3.914388,3.734670,3.934878,768000,768000,1.000000000,1,2026-01-08 06:15:00.000000,2026-01-08 06:15:59.999922,1,BAY01_2285_20260108_061027_000.7z
2026-01-08 06:16:00,11.474687,0.011474687,3.843784,3.599723,4.031179,768000,768000,1.000000000,1,2026-01-08 06:16:00.000000,2026-01-08 06:16:59.999922,1,BAY01_2285_20260108_061027_000.7z
2026-01-08 06:17:00,11.465074,0.011465074,3.836167,3.666106,3.962801,768000,768000,1.000000000,1,2026-01-08 06:17:00.000000,2026-01-08 06:17:59.999922,1,BAY01_2285_20260108_061027_000.7z
2026-01-08 06:18:00,11.388922,0.011388922,3.751655,3.657079,3.980188,768000,768000,1.000000000,1,2026-01-08 06:18:00.000000,2026-01-08 06:18:59.999922,1,BAY01_2285_20260108_061027_000.7z
2026-01-08 06:19:00,11.479622,0.011479622,3.879948,3.616799,3.982875,768000,768000,1.000000000,1,2026-01-08 06:19:00.000000,2026-01-08 06:19:59.999922,1,BAY01_2285_20260108_061027_000.7z
2026-01-08 06:20:00,11.551205,0.011551205,3.895293,3.640074,4.015838,601713,768000,0.783480469,0,2026-01-08 06:20:00.000000,2026-01-08 06:20:59.999922,2,BAY01_2285_20260108_061027_000.7z;BAY01_2286_20260108_062040_000.7z
2026-01-08 06:21:00,11.389452,0.011389452,3.770301,3.622781,3.996370,768000,768000,1.000000000,1,2026-01-08 06:21:00.000000,2026-01-08 06:21:59.999922,1,BAY01_2286_20260108_062040_000.7z
2026-01-08 06:22:00,11.428299,0.011428299,3.811134,3.660072,3.957093,768000,768000,1.000000000,1,2026-01-08 06:22:00.000000,2026-01-08 06:22:59.999922,1,BAY01_2286_20260108_062040_000.7z
2026-01-08 06:23:00,11.468135,0.011468135,3.788451,3.669683,4.010001,768000,768000,1.000000000,1,2026-01-08 06:23:00.000000,2026-01-08 06:23:59.999922,1,BAY01_2286_20260108_062040_000.7z
2026-01-08 06:24:00,11.468678,0.011468678,3.803240,3.652095,4.013344,768000,768000,1.000000000,1,2026-01-08 06:24:00.000000,2026-01-08 06:24:59.999922,1,BAY01_2286_20260108_062040_000.7z
2026-01-08 06:25:00,11.572188,0.011572188,3.871381,3.617968,4.082839,768000,768000,1.000000000,1,2026-01-08 06:25:00.000000,2026-01-08 06:25:59.999922,1,BAY01_2286_20260108_062040_000.7z
2026-01-08 06:26:00,11.486871,0.011486871,3.782750,3.693732,4.010389,768000,768000,1.000000000,1,2026-01-08 06:26:00.000000,2026-01-08 06:26:59.999922,1,BAY01_2286_20260108_062040_000.7z
2026-01-08 06:27:00,11.489802,0.011489802,3.815419,3.620923,4.053460,768000,768000,1.000000000,1,2026-01-08 06:27:00.000000,2026-01-08 06:27:59.999922,1,BAY01_2286_20260108_062040_000.7z
2026-01-08 06:28:00,11.469206,0.011469206,3.862243,3.640325,3.966639,768000,768000,1.000000000,1,2026-01-08 06:28:00.000000,2026-01-08 06:28:59.999922,1,BAY01_2286_20260108_062040_000.7z
2026-01-08 06:29:00,11.473638,0.011473638,3.777009,3.671107,4.025522,768000,768000,1.000000000,1,2026-01-08 06:29:00.000000,2026-01-08 06:29:59.999922,1,BAY01_2286_20260108_062040_000.7z
2026-01-08 06:30:00,11.514656,0.011514656,3.870385,3.581076,4.063195,652893,768000,0.850121094,0,2026-01-08 06:30:00.000000,2026-01-08 06:30:59.999922,2,BAY01_2286_20260108_062040_000.7z;BAY01_2287_20260108_063049_000.7z
2026-01-08 06:31:00,11.391510,0.011391510,3.832114,3.633937,3.925458,768000,768000,1.000000000,1,2026-01-08 06:31:00.000000,2026-01-08 06:31:59.999922,1,BAY01_2287_20260108_063049_000.7z
2026-01-08 06:32:00,11.370864,0.011370864,3.756678,3.642397,3.971789,768000,768000,1.000000000,1,2026-01-08 06:32:00.000000,2026-01-08 06:32:59.999922,1,BAY01_2287_20260108_063049_000.7z
2026-01-08 06:33:00,11.439829,0.011439829,3.796585,3.625578,4.017666,768000,768000,1.000000000,1,2026-01-08 06:33:00.000000,2026-01-08 06:33:59.999922,1,BAY01_2287_20260108_063049_000.7z
2026-01-08 06:34:00,11.437012,0.011437012,3.862790,3.565247,4.008975,768000,768000,1.000000000,1,2026-01-08 06:34:00.000000,2026-01-08 06:34:59.999922,1,BAY01_2287_20260108_063049_000.7z
2026-01-08 06:35:00,11.517479,0.011517479,3.858052,3.639546,4.019881,768000,768000,1.000000000,1,2026-01-08 06:35:00.000000,2026-01-08 06:35:59.999922,1,BAY01_2287_20260108_063049_000.7z
2026-01-08 06:36:00,11.522931,0.011522931,3.812457,3.690052,4.020422,768000,768000,1.000000000,1,2026-01-08 06:36:00.000000,2026-01-08 06:36:59.999922,1,BAY01_2287_20260108_063049_000.7z
2026-01-08 06:37:00,11.474062,0.011474062,3.800500,3.659666,4.013896,768000,768000,1.000000000,1,2026-01-08 06:37:00.000000,2026-01-08 06:37:59.999922,1,BAY01_2287_20260108_063049_000.7z
2026-01-08 06:38:00,11.506803,0.011506803,3.817516,3.642930,4.046357,768000,768000,1.000000000,1,2026-01-08 06:38:00.000000,2026-01-08 06:38:59.999922,1,BAY01_2287_20260108_063049_000.7z
2026-01-08 06:39:00,11.476508,0.011476508,3.819457,3.688383,3.968668,768000,768000,1.000000000,1,2026-01-08 06:39:00.000000,2026-01-08 06:39:59.999922,1,BAY01_2287_20260108_063049_000.7z
2026-01-08 06:40:00,11.485593,0.011485593,3.850007,3.575689,4.059897,640097,768000,0.833459635,0,2026-01-08 06:40:00.000000,2026-01-08 06:40:59.999922,2,BAY01_2287_20260108_063049_000.7z;BAY01_2288_20260108_064059_000.7z
2026-01-08 06:41:00,11.464501,0.011464501,3.801472,3.657304,4.005725,768000,768000,1.000000000,1,2026-01-08 06:41:00.000000,2026-01-08 06:41:59.999922,1,BAY01_2288_20260108_064059_000.7z
2026-01-08 06:42:00,11.391905,0.011391905,3.765851,3.611956,4.014098,768000,768000,1.000000000,1,2026-01-08 06:42:00.000000,2026-01-08 06:42:59.999922,1,BAY01_2288_20260108_064059_000.7z
2026-01-08 06:43:00,11.462359,0.011462359,3.839967,3.615142,4.007250,768000,768000,1.000000000,1,2026-01-08 06:43:00.000000,2026-01-08 06:43:59.999922,1,BAY01_2288_20260108_064059_000.7z
2026-01-08 06:44:00,11.480683,0.011480683,3.809928,3.623569,4.047186,768000,768000,1.000000000,1,2026-01-08 06:44:00.000000,2026-01-08 06:44:59.999922,1,BAY01_2288_20260108_064059_000.7z
2026-01-08 06:45:00,11.452805,0.011452805,3.774236,3.641007,4.037563,768000,768000,1.000000000,1,2026-01-08 06:45:00.000000,2026-01-08 06:45:59.999922,1,BAY01_2288_20260108_064059_000.7z
2026-01-08 06:46:00,11.546481,0.011546481,3.868770,3.660521,4.017189,768000,768000,1.000000000,1,2026-01-08 06:46:00.000000,2026-01-08 06:46:59.999922,1,BAY01_2288_20260108_064059_000.7z
2026-01-08 06:47:00,11.459995,0.011459995,3.851877,3.597002,4.011115,768000,768000,1.000000000,1,2026-01-08 06:47:00.000000,2026-01-08 06:47:59.999922,1,BAY01_2288_20260108_064059_000.7z
2026-01-08 06:48:00,11.489492,0.011489492,3.858355,3.672159,3.958979,768000,768000,1.000000000,1,2026-01-08 06:48:00.000000,2026-01-08 06:48:59.999922,1,BAY01_2288_20260108_064059_000.7z
2026-01-08 06:49:00,11.482410,0.011482410,3.799642,3.639084,4.043684,768000,768000,1.000000000,1,2026-01-08 06:49:00.000000,2026-01-08 06:49:59.999922,1,BAY01_2288_20260108_064059_000.7z
2026-01-08 06:50:00,11.520059,0.011520059,3.829998,3.676183,4.013879,755293,768000,0.983454427,0,2026-01-08 06:50:00.000000,2026-01-08 06:50:59.007188,1,BAY01_2288_20260108_064059_000.7z
2026-01-08 06:51:00,11.471465,0.011471465,3.781583,3.668058,4.021823,665600,768000,0.866666667,0,2026-01-08 06:51:08.000000,2026-01-08 06:51:59.999922,1,BAY01_2289_20260108_065108_000.7z
2026-01-08 06:52:00,11.407597,0.011407597,3.848976,3.575325,3.983296,768000,768000,1.000000000,1,2026-01-08 06:52:00.000000,2026-01-08 06:52:59.999922,1,BAY01_2289_20260108_065108_000.7z
2026-01-08 06:53:00,11.479937,0.011479937,3.840116,3.680503,3.959318,768000,768000,1.000000000,1,2026-01-08 06:53:00.000000,2026-01-08 06:53:59.999922,1,BAY01_2289_20260108_065108_000.7z
2026-01-08 06:54:00,11.449345,0.011449345,3.864149,3.616850,3.968347,768000,768000,1.000000000,1,2026-01-08 06:54:00.000000,2026-01-08 06:54:59.999922,1,BAY01_2289_20260108_065108_000.7z
2026-01-08 06:55:00,11.510287,0.011510287,3.814002,3.681289,4.014997,768000,768000,1.000000000,1,2026-01-08 06:55:00.000000,2026-01-08 06:55:59.999922,1,BAY01_2289_20260108_065108_000.7z
2026-01-08 06:56:00,11.566998,0.011566998,3.815254,3.714006,4.037737,768000,768000,1.000000000,1,2026-01-08 06:56:00.000000,2026-01-08 06:56:59.999922,1,BAY01_2289_20260108_065108_000.7z
2026-01-08 06:57:00,11.460798,0.011460798,3.833385,3.615988,4.011426,768000,768000,1.000000000,1,2026-01-08 06:57:00.000000,2026-01-08 06:57:59.999922,1,BAY01_2289_20260108_065108_000.7z
2026-01-08 06:58:00,11.517873,0.011517873,3.880537,3.666059,3.971277,768000,768000,1.000000000,1,2026-01-08 06:58:00.000000,2026-01-08 06:58:59.999922,1,BAY01_2289_20260108_065108_000.7z
2026-01-08 06:59:00,11.489227,0.011489227,3.837830,3.655472,3.995925,768000,768000,1.000000000,1,2026-01-08 06:59:00.000000,2026-01-08 06:59:59.999922,1,BAY01_2289_20260108_065108_000.7z
2026-01-08 07:00:00,11.500316,0.011500316,3.779684,3.652107,4.068524,768000,768000,1.000000000,1,2026-01-08 07:00:00.000000,2026-01-08 07:00:59.999922,1,BAY01_2289_20260108_065108_000.7z
2026-01-08 07:01:00,11.508226,0.011508226,3.881119,3.646715,3.980392,665664,768000,0.866750000,0,2026-01-08 07:01:00.000000,2026-01-08 07:01:59.999922,2,BAY01_2289_20260108_065108_000.7z;BAY01_2290_20260108_070116_000.7z
2026-01-08 07:02:00,11.367182,0.011367182,3.834731,3.571915,3.960536,768000,768000,1.000000000,1,2026-01-08 07:02:00.000000,2026-01-08 07:02:59.999922,1,BAY01_2290_20260108_070116_000.7z
2026-01-08 07:03:00,11.448408,0.011448408,3.890472,3.643507,3.914429,768000,768000,1.000000000,1,2026-01-08 07:03:00.000000,2026-01-08 07:03:59.999922,1,BAY01_2290_20260108_070116_000.7z
2026-01-08 07:04:00,11.475266,0.011475266,3.798359,3.695455,3.981453,768000,768000,1.000000000,1,2026-01-08 07:04:00.000000,2026-01-08 07:04:59.999922,1,BAY01_2290_20260108_070116_000.7z
2026-01-08 07:05:00,11.445478,0.011445478,3.858080,3.612113,3.975285,768000,768000,1.000000000,1,2026-01-08 07:05:00.000000,2026-01-08 07:05:59.999922,1,BAY01_2290_20260108_070116_000.7z
2026-01-08 07:06:00,11.581139,0.011581139,3.830159,3.693776,4.057203,768000,768000,1.000000000,1,2026-01-08 07:06:00.000000,2026-01-08 07:06:59.999922,1,BAY01_2290_20260108_070116_000.7z
2026-01-08 07:07:00,11.476012,0.011476012,3.783336,3.685259,4.007417,768000,768000,1.000000000,1,2026-01-08 07:07:00.000000,2026-01-08 07:07:59.999922,1,BAY01_2290_20260108_070116_000.7z
2026-01-08 07:08:00,11.459544,0.011459544,3.865856,3.647658,3.946029,768000,768000,1.000000000,1,2026-01-08 07:08:00.000000,2026-01-08 07:08:59.999922,1,BAY01_2290_20260108_070116_000.7z
2026-01-08 07:09:00,11.484421,0.011484421,3.846489,3.605806,4.032126,768000,768000,1.000000000,1,2026-01-08 07:09:00.000000,2026-01-08 07:09:59.999922,1,BAY01_2290_20260108_070116_000.7z
2026-01-08 07:10:00,11.515355,0.011515355,3.794708,3.679971,4.040676,768000,768000,1.000000000,1,2026-01-08 07:10:00.000000,2026-01-08 07:10:59.999922,1,BAY01_2290_20260108_070116_000.7z
2026-01-08 07:11:00,11.526389,0.011526389,3.907294,3.665119,3.953976,665735,768000,0.866842448,0,2026-01-08 07:11:00.000000,2026-01-08 07:11:59.999922,2,BAY01_2290_20260108_070116_000.7z;BAY01_2291_20260108_071124_000.7z
2026-01-08 07:12:00,11.385773,0.011385773,3.768647,3.642629,3.974497,768000,768000,1.000000000,1,2026-01-08 07:12:00.000000,2026-01-08 07:12:59.999922,1,BAY01_2291_20260108_071124_000.7z
2026-01-08 07:13:00,11.513112,0.011513112,3.841085,3.642028,4.029999,768000,768000,1.000000000,1,2026-01-08 07:13:00.000000,2026-01-08 07:13:59.999922,1,BAY01_2291_20260108_071124_000.7z
2026-01-08 07:14:00,11.526460,0.011526460,3.790952,3.704718,4.030790,768000,768000,1.000000000,1,2026-01-08 07:14:00.000000,2026-01-08 07:14:59.999922,1,BAY01_2291_20260108_071124_000.7z
2026-01-08 07:15:00,11.568349,0.011568349,3.850798,3.720438,3.997113,768000,768000,1.000000000,1,2026-01-08 07:15:00.000000,2026-01-08 07:15:59.999922,1,BAY01_2291_20260108_071124_000.7z
2026-01-08 07:16:00,11.562077,0.011562077,3.872245,3.696968,3.992864,768000,768000,1.000000000,1,2026-01-08 07:16:00.000000,2026-01-08 07:16:59.999922,1,BAY01_2291_20260108_071124_000.7z
2026-01-08 07:17:00,11.466121,0.011466121,3.807519,3.624325,4.034276,768000,768000,1.000000000,1,2026-01-08 07:17:00.000000,2026-01-08 07:17:59.999922,1,BAY01_2291_20260108_071124_000.7z
2026-01-08 07:18:00,11.465563,0.011465563,3.872484,3.645444,3.947635,768000,768000,1.000000000,1,2026-01-08 07:18:00.000000,2026-01-08 07:18:59.999922,1,BAY01_2291_20260108_071124_000.7z
2026-01-08 07:19:00,11.455375,0.011455375,3.829192,3.669811,3.956372,768000,768000,1.000000000,1,2026-01-08 07:19:00.000000,2026-01-08 07:19:59.999922,1,BAY01_2291_20260108_071124_000.7z
2026-01-08 07:20:00,11.511863,0.011511863,3.832564,3.625089,4.054210,768000,768000,1.000000000,1,2026-01-08 07:20:00.000000,2026-01-08 07:20:59.999922,1,BAY01_2291_20260108_071124_000.7z
2026-01-08 07:21:00,11.507666,0.011507666,3.839949,3.582616,4.085101,614440,768000,0.800052083,0,2026-01-08 07:21:00.000000,2026-01-08 07:21:59.999922,2,BAY01_2291_20260108_071124_000.7z;BAY01_2292_20260108_072136_000.7z
2026-01-08 07:22:00,11.385322,0.011385322,3.828997,3.620012,3.936314,768000,768000,1.000000000,1,2026-01-08 07:22:00.000000,2026-01-08 07:22:59.999922,1,BAY01_2292_20260108_072136_000.7z
2026-01-08 07:23:00,11.388178,0.011388178,3.837351,3.582613,3.968214,768000,768000,1.000000000,1,2026-01-08 07:23:00.000000,2026-01-08 07:23:59.999922,1,BAY01_2292_20260108_072136_000.7z
2026-01-08 07:24:00,11.478384,0.011478384,3.874576,3.665190,3.938618,768000,768000,1.000000000,1,2026-01-08 07:24:00.000000,2026-01-08 07:24:59.999922,1,BAY01_2292_20260108_072136_000.7z
2026-01-08 07:25:00,11.474702,0.011474702,3.808197,3.658100,4.008405,768000,768000,1.000000000,1,2026-01-08 07:25:00.000000,2026-01-08 07:25:59.999922,1,BAY01_2292_20260108_072136_000.7z
2026-01-08 07:26:00,11.561596,0.011561596,3.835984,3.730076,3.995536,768000,768000,1.000000000,1,2026-01-08 07:26:00.000000,2026-01-08 07:26:59.999922,1,BAY01_2292_20260108_072136_000.7z
2026-01-08 07:27:00,10.611940,0.010611940,4.931647,2.425183,3.255111,768000,768000,1.000000000,1,2026-01-08 07:27:00.000000,2026-01-08 07:27:59.999922,1,BAY01_2292_20260108_072136_000.7z
2026-01-08 07:28:00,9.656715,0.009656715,6.112439,0.984484,2.559792,768000,768000,1.000000000,1,2026-01-08 07:28:00.000000,2026-01-08 07:28:59.999922,1,BAY01_2292_20260108_072136_000.7z
2026-01-08 07:29:00,9.668337,0.009668337,6.150502,0.980955,2.536879,768000,768000,1.000000000,1,2026-01-08 07:29:00.000000,2026-01-08 07:29:59.999922,1,BAY01_2292_20260108_072136_000.7z
2026-01-08 07:30:00,9.662856,0.009662856,6.051531,1.058996,2.552329,768000,768000,1.000000000,1,2026-01-08 07:30:00.000000,2026-01-08 07:30:59.999922,1,BAY01_2292_20260108_072136_000.7z
2026-01-08 07:31:00,9.700726,0.009700726,6.141883,1.019941,2.538902,665619,768000,0.866691406,0,2026-01-08 07:31:00.000000,2026-01-08 07:31:59.999922,2,BAY01_2292_20260108_072136_000.7z;BAY01_2293_20260108_073144_000.7z
2026-01-08 07:32:00,983.602521,0.983602521,980.129680,1.003128,2.469713,768000,768000,1.000000000,1,2026-01-08 07:32:00.000000,2026-01-08 07:32:59.999922,1,BAY01_2293_20260108_073144_000.7z
2026-01-08 07:33:00,7310.156112,7.310156112,7306.651977,0.928624,2.575512,768000,768000,1.000000000,1,2026-01-08 07:33:00.000000,2026-01-08 07:33:59.999922,1,BAY01_2293_20260108_073144_000.7z
2026-01-08 07:34:00,7262.150023,7.262150023,7258.607230,0.913758,2.629034,768000,768000,1.000000000,1,2026-01-08 07:34:00.000000,2026-01-08 07:34:59.999922,1,BAY01_2293_20260108_073144_000.7z
2026-01-08 07:35:00,7254.809734,7.254809734,7251.232320,0.976700,2.600714,768000,768000,1.000000000,1,2026-01-08 07:35:00.000000,2026-01-08 07:35:59.999922,1,BAY01_2293_20260108_073144_000.7z
2026-01-08 07:36:00,7258.917079,7.258917079,7257.281201,-0.196406,1.832283,768000,768000,1.000000000,1,2026-01-08 07:36:00.000000,2026-01-08 07:36:59.999922,1,BAY01_2293_20260108_073144_000.7z
2026-01-08 07:37:00,7264.791296,7.264791296,7265.112522,-1.440286,1.119060,768000,768000,1.000000000,1,2026-01-08 07:37:00.000000,2026-01-08 07:37:59.999922,1,BAY01_2293_20260108_073144_000.7z
2026-01-08 07:38:00,7271.231901,7.271231901,7271.600247,-1.453136,1.084790,768000,768000,1.000000000,1,2026-01-08 07:38:00.000000,2026-01-08 07:38:59.999922,1,BAY01_2293_20260108_073144_000.7z
2026-01-08 07:39:00,7276.822815,7.276822815,7277.297847,-1.791760,1.316728,768000,768000,1.000000000,1,2026-01-08 07:39:00.000000,2026-01-08 07:39:59.999922,1,BAY01_2293_20260108_073144_000.7z
2026-01-08 07:40:00,7282.845806,7.282845806,7280.221316,1.665666,0.958824,768000,768000,1.000000000,1,2026-01-08 07:40:00.000000,2026-01-08 07:40:59.999922,1,BAY01_2293_20260108_073144_000.7z
2026-01-08 07:41:00,7286.308085,7.286308085,7283.284978,2.182146,0.840962,640039,768000,0.833384115,0,2026-01-08 07:41:00.000000,2026-01-08 07:41:59.999922,2,BAY01_2293_20260108_073144_000.7z;BAY01_2294_20260108_074154_000.7z
2026-01-08 07:42:00,7289.312672,7.289312672,7286.415801,2.109656,0.787216,768000,768000,1.000000000,1,2026-01-08 07:42:00.000000,2026-01-08 07:42:59.999922,1,BAY01_2294_20260108_074154_000.7z
2026-01-08 07:43:00,7294.118446,7.294118446,7291.325578,2.059376,0.733492,768000,768000,1.000000000,1,2026-01-08 07:43:00.000000,2026-01-08 07:43:59.999922,1,BAY01_2294_20260108_074154_000.7z
2026-01-08 07:44:00,7299.154195,7.299154195,7296.218990,2.121250,0.813955,768000,768000,1.000000000,1,2026-01-08 07:44:00.000000,2026-01-08 07:44:59.999922,1,BAY01_2294_20260108_074154_000.7z
2026-01-08 07:45:00,7296.661801,7.296661801,7293.846366,2.076324,0.739111,768000,768000,1.000000000,1,2026-01-08 07:45:00.000000,2026-01-08 07:45:59.999922,1,BAY01_2294_20260108_074154_000.7z
2026-01-08 07:46:00,7295.103818,7.295103818,7292.106638,2.173175,0.824005,768000,768000,1.000000000,1,2026-01-08 07:46:00.000000,2026-01-08 07:46:59.999922,1,BAY01_2294_20260108_074154_000.7z
2026-01-08 07:47:00,7264.770574,7.264770574,7261.875328,2.069626,0.825620,768000,768000,1.000000000,1,2026-01-08 07:47:00.000000,2026-01-08 07:47:59.999922,1,BAY01_2294_20260108_074154_000.7z
2026-01-08 07:48:00,7239.100720,7.239100720,7236.232901,2.123669,0.744150,768000,768000,1.000000000,1,2026-01-08 07:48:00.000000,2026-01-08 07:48:59.999922,1,BAY01_2294_20260108_074154_000.7z
2026-01-08 07:49:00,7269.599851,7.269599851,7266.702666,2.134990,0.762195,768000,768000,1.000000000,1,2026-01-08 07:49:00.000000,2026-01-08 07:49:59.999922,1,BAY01_2294_20260108_074154_000.7z
2026-01-08 07:50:00,7244.164363,7.244164363,7241.191094,2.140944,0.832325,768000,768000,1.000000000,1,2026-01-08 07:50:00.000000,2026-01-08 07:50:59.999922,1,BAY01_2294_20260108_074154_000.7z
2026-01-08 07:51:00,7247.521059,7.247521059,7244.536664,2.169517,0.814878,691217,768000,0.900022135,0,2026-01-08 07:51:00.000000,2026-01-08 07:51:54.001250,1,BAY01_2294_20260108_074154_000.7z
2026-01-08 07:52:00,7251.213850,7.251213850,7248.277217,2.095419,0.841213,768000,768000,1.000000000,1,2026-01-08 07:52:00.000000,2026-01-08 07:52:59.999922,1,BAY01_2295_20260108_075200_000.7z
2026-01-08 07:53:00,8327.228606,8.327228606,7275.655627,1050.652671,0.920308,768000,768000,1.000000000,1,2026-01-08 07:53:00.000000,2026-01-08 07:53:59.999922,1,BAY01_2295_20260108_075200_000.7z
2026-01-08 07:54:00,14481.828965,14.481828965,7310.963812,7169.150937,1.714217,768000,768000,1.000000000,1,2026-01-08 07:54:00.000000,2026-01-08 07:54:59.999922,1,BAY01_2295_20260108_075200_000.7z
2026-01-08 07:55:00,14462.880117,14.462880117,7307.773686,7153.391401,1.715029,768000,768000,1.000000000,1,2026-01-08 07:55:00.000000,2026-01-08 07:55:59.999922,1,BAY01_2295_20260108_075200_000.7z
2026-01-08 07:56:00,14451.135789,14.451135789,7310.625728,7138.805727,1.704334,768000,768000,1.000000000,1,2026-01-08 07:56:00.000000,2026-01-08 07:56:59.999922,1,BAY01_2295_20260108_075200_000.7z
2026-01-08 07:57:00,14438.261643,14.438261643,7311.638330,7124.981344,1.641970,768000,768000,1.000000000,1,2026-01-08 07:57:00.000000,2026-01-08 07:57:59.999922,1,BAY01_2295_20260108_075200_000.7z
2026-01-08 07:58:00,14413.640420,14.413640420,7313.966770,7098.022510,1.651139,768000,768000,1.000000000,1,2026-01-08 07:58:00.000000,2026-01-08 07:58:59.999922,1,BAY01_2295_20260108_075200_000.7z
2026-01-08 07:59:00,14404.127909,14.404127909,7316.527412,7085.869367,1.731130,768000,768000,1.000000000,1,2026-01-08 07:59:00.000000,2026-01-08 07:59:59.999922,1,BAY01_2295_20260108_075200_000.7z
2026-01-08 08:00:00,14398.643136,14.398643136,7321.558259,7075.368459,1.716417,768000,768000,1.000000000,1,2026-01-08 08:00:00.000000,2026-01-08 08:00:59.999922,1,BAY01_2295_20260108_075200_000.7z
2026-01-08 08:01:00,14392.107823,14.392107823,7321.676191,7068.666367,1.765265,768000,768000,1.000000000,1,2026-01-08 08:01:00.000000,2026-01-08 08:01:59.999922,1,BAY01_2295_20260108_075200_000.7z
2026-01-08 08:02:00,14368.544120,14.368544120,7322.386033,7044.471073,1.687014,588882,768000,0.766773438,0,2026-01-08 08:02:00.000000,2026-01-08 08:02:59.999922,2,BAY01_2295_20260108_075200_000.7z;BAY01_2296_20260108_080214_000.7z
2026-01-08 08:03:00,14359.588206,14.359588206,7317.719247,7040.180472,1.688487,768000,768000,1.000000000,1,2026-01-08 08:03:00.000000,2026-01-08 08:03:59.999922,1,BAY01_2296_20260108_080214_000.7z
2026-01-08 08:04:00,14369.302835,14.369302835,7319.419155,7048.198817,1.684863,768000,768000,1.000000000,1,2026-01-08 08:04:00.000000,2026-01-08 08:04:59.999922,1,BAY01_2296_20260108_080214_000.7z
2026-01-08 08:05:00,14190.109344,14.190109344,7257.023044,6931.491489,1.594811,768000,768000,1.000000000,1,2026-01-08 08:05:00.000000,2026-01-08 08:05:59.999922,1,BAY01_2296_20260108_080214_000.7z
2026-01-08 08:06:00,14459.402547,14.459402547,7243.610109,7213.945897,1.846540,768000,768000,1.000000000,1,2026-01-08 08:06:00.000000,2026-01-08 08:06:59.999922,1,BAY01_2296_20260108_080214_000.7z
2026-01-08 08:07:00,14400.892583,14.400892583,7253.003000,7146.116509,1.773074,768000,768000,1.000000000,1,2026-01-08 08:07:00.000000,2026-01-08 08:07:59.999922,1,BAY01_2296_20260108_080214_000.7z
2026-01-08 08:08:00,14395.720298,14.395720298,7253.701601,7140.269273,1.749425,768000,768000,1.000000000,1,2026-01-08 08:08:00.000000,2026-01-08 08:08:59.999922,1,BAY01_2296_20260108_080214_000.7z
2026-01-08 08:09:00,14400.262555,14.400262555,7253.995985,7144.581233,1.685337,768000,768000,1.000000000,1,2026-01-08 08:09:00.000000,2026-01-08 08:09:59.999922,1,BAY01_2296_20260108_080214_000.7z
2026-01-08 08:10:00,14397.201181,14.397201181,7256.039215,7139.454198,1.707768,768000,768000,1.000000000,1,2026-01-08 08:10:00.000000,2026-01-08 08:10:59.999922,1,BAY01_2296_20260108_080214_000.7z
2026-01-08 08:11:00,14395.257564,14.395257564,7255.687542,7137.744067,1.825955,768000,768000,1.000000000,1,2026-01-08 08:11:00.000000,2026-01-08 08:11:59.999922,1,BAY01_2296_20260108_080214_000.7z
2026-01-08 08:12:00,14381.912671,14.381912671,7258.237018,7121.948503,1.727150,640128,768000,0.833500000,0,2026-01-08 08:12:00.000000,2026-01-08 08:12:59.999922,2,BAY01_2296_20260108_080214_000.7z;BAY01_2297_20260108_081224_000.7z
2026-01-08 08:13:00,14390.375550,14.390375550,7257.640211,7130.992693,1.742646,768000,768000,1.000000000,1,2026-01-08 08:13:00.000000,2026-01-08 08:13:59.999922,1,BAY01_2297_20260108_081224_000.7z
2026-01-08 08:14:00,14398.983696,14.398983696,7259.279602,7137.967450,1.736644,768000,768000,1.000000000,1,2026-01-08 08:14:00.000000,2026-01-08 08:14:59.999922,1,BAY01_2297_20260108_081224_000.7z
2026-01-08 08:15:00,14403.542818,14.403542818,7260.548998,7141.201847,1.791973,768000,768000,1.000000000,1,2026-01-08 08:15:00.000000,2026-01-08 08:15:59.999922,1,BAY01_2297_20260108_081224_000.7z
2026-01-08 08:16:00,14407.148360,14.407148360,7261.417079,7143.938865,1.792417,768000,768000,1.000000000,1,2026-01-08 08:16:00.000000,2026-01-08 08:16:59.999922,1,BAY01_2297_20260108_081224_000.7z
2026-01-08 08:17:00,14412.046824,14.412046824,7259.595559,7150.697904,1.753361,768000,768000,1.000000000,1,2026-01-08 08:17:00.000000,2026-01-08 08:17:59.999922,1,BAY01_2297_20260108_081224_000.7z
2026-01-08 08:18:00,14419.419325,14.419419325,7260.022562,7157.583461,1.813302,768000,768000,1.000000000,1,2026-01-08 08:18:00.000000,2026-01-08 08:18:59.999922,1,BAY01_2297_20260108_081224_000.7z
2026-01-08 08:19:00,14417.011984,14.417011984,7260.576628,7154.084529,2.350827,768000,768000,1.000000000,1,2026-01-08 08:19:00.000000,2026-01-08 08:19:59.999922,1,BAY01_2297_20260108_081224_000.7z
2026-01-08 08:20:00,14413.493211,14.413493211,7263.479133,7146.663907,3.350171,768000,768000,1.000000000,1,2026-01-08 08:20:00.000000,2026-01-08 08:20:59.999922,1,BAY01_2297_20260108_081224_000.7z
2026-01-08 08:21:00,14424.113122,14.424113122,7262.829702,7157.870916,3.412504,768000,768000,1.000000000,1,2026-01-08 08:21:00.000000,2026-01-08 08:21:59.999922,1,BAY01_2297_20260108_081224_000.7z
2026-01-08 08:22:00,14410.183608,14.410183608,7265.272917,7141.579171,3.331520,627204,768000,0.816671875,0,2026-01-08 08:22:00.000000,2026-01-08 08:22:59.999922,2,BAY01_2297_20260108_081224_000.7z;BAY01_2298_20260108_082235_000.7z
2026-01-08 08:23:00,14425.477791,14.425477791,7263.726361,7158.317152,3.434278,768000,768000,1.000000000,1,2026-01-08 08:23:00.000000,2026-01-08 08:23:59.999922,1,BAY01_2298_20260108_082235_000.7z
2026-01-08 08:24:00,14428.193958,14.428193958,7264.906374,7159.936741,3.350843,768000,768000,1.000000000,1,2026-01-08 08:24:00.000000,2026-01-08 08:24:59.999922,1,BAY01_2298_20260108_082235_000.7z
2026-01-08 08:25:00,14427.851219,14.427851219,7264.584175,7159.850513,3.416531,768000,768000,1.000000000,1,2026-01-08 08:25:00.000000,2026-01-08 08:25:59.999922,1,BAY01_2298_20260108_082235_000.7z
2026-01-08 08:26:00,14292.228069,14.292228069,7267.255475,7021.533913,3.438681,768000,768000,1.000000000,1,2026-01-08 08:26:00.000000,2026-01-08 08:26:59.999922,1,BAY01_2298_20260108_082235_000.7z
2026-01-08 08:27:00,14295.303137,14.295303137,7266.465800,7025.330970,3.506366,768000,768000,1.000000000,1,2026-01-08 08:27:00.000000,2026-01-08 08:27:59.999922,1,BAY01_2298_20260108_082235_000.7z
2026-01-08 08:28:00,14320.882978,14.320882978,7272.586472,7044.590917,3.705588,768000,768000,1.000000000,1,2026-01-08 08:28:00.000000,2026-01-08 08:28:59.999922,1,BAY01_2298_20260108_082235_000.7z
2026-01-08 08:29:00,14327.812840,14.327812840,7269.781586,7054.299529,3.731725,768000,768000,1.000000000,1,2026-01-08 08:29:00.000000,2026-01-08 08:29:59.999922,1,BAY01_2298_20260108_082235_000.7z
2026-01-08 08:30:00,14342.194817,14.342194817,7271.291165,7067.166524,3.737128,768000,768000,1.000000000,1,2026-01-08 08:30:00.000000,2026-01-08 08:30:59.999922,1,BAY01_2298_20260108_082235_000.7z
2026-01-08 08:31:00,14361.436731,14.361436731,7273.007197,7084.683479,3.746054,768000,768000,1.000000000,1,2026-01-08 08:31:00.000000,2026-01-08 08:31:59.999922,1,BAY01_2298_20260108_082235_000.7z
2026-01-08 08:32:00,14370.653659,14.370653659,7273.992955,7092.957779,3.702925,665628,768000,0.866703125,0,2026-01-08 08:32:00.000000,2026-01-08 08:32:59.999922,2,BAY01_2298_20260108_082235_000.7z;BAY01_2299_20260108_083243_000.7z
2026-01-08 08:33:00,14372.232900,14.372232900,7272.017828,7096.494866,3.720206,768000,768000,1.000000000,1,2026-01-08 08:33:00.000000,2026-01-08 08:33:59.999922,1,BAY01_2299_20260108_083243_000.7z
2026-01-08 08:34:00,14351.625378,14.351625378,7261.482899,7086.517115,3.625365,768000,768000,1.000000000,1,2026-01-08 08:34:00.000000,2026-01-08 08:34:59.999922,1,BAY01_2299_20260108_083243_000.7z
2026-01-08 08:35:00,13533.997901,13.533997901,7262.096804,6268.244559,3.656538,768000,768000,1.000000000,1,2026-01-08 08:35:00.000000,2026-01-08 08:35:59.999922,1,BAY01_2299_20260108_083243_000.7z
2026-01-08 08:36:00,12890.511630,12.890511630,7263.667734,5623.318276,3.525621,768000,768000,1.000000000,1,2026-01-08 08:36:00.000000,2026-01-08 08:36:59.999922,1,BAY01_2299_20260108_083243_000.7z
2026-01-08 08:37:00,12897.509470,12.897509470,7263.280221,5630.679358,3.549891,768000,768000,1.000000000,1,2026-01-08 08:37:00.000000,2026-01-08 08:37:59.999922,1,BAY01_2299_20260108_083243_000.7z
2026-01-08 08:38:00,12902.843369,12.902843369,7263.006281,5636.295822,3.541266,768000,768000,1.000000000,1,2026-01-08 08:38:00.000000,2026-01-08 08:38:59.999922,1,BAY01_2299_20260108_083243_000.7z
2026-01-08 08:39:00,12907.028057,12.907028057,7263.406161,5640.115368,3.506528,768000,768000,1.000000000,1,2026-01-08 08:39:00.000000,2026-01-08 08:39:59.999922,1,BAY01_2299_20260108_083243_000.7z
2026-01-08 08:40:00,12914.560758,12.914560758,7262.160214,5648.832214,3.568330,768000,768000,1.000000000,1,2026-01-08 08:40:00.000000,2026-01-08 08:40:59.999922,1,BAY01_2299_20260108_083243_000.7z
2026-01-08 08:41:00,12923.810585,12.923810585,7262.198498,5658.092610,3.519477,768000,768000,1.000000000,1,2026-01-08 08:41:00.000000,2026-01-08 08:41:59.999922,1,BAY01_2299_20260108_083243_000.7z
2026-01-08 08:42:00,12920.753685,12.920753685,7262.371134,5654.776544,3.606007,652907,768000,0.850139323,0,2026-01-08 08:42:00.000000,2026-01-08 08:42:59.999922,2,BAY01_2299_20260108_083243_000.7z;BAY01_2300_20260108_084252_000.7z
2026-01-08 08:43:00,12937.295208,12.937295208,7263.349950,5670.392907,3.552351,768000,768000,1.000000000,1,2026-01-08 08:43:00.000000,2026-01-08 08:43:59.999922,1,BAY01_2300_20260108_084252_000.7z
2026-01-08 08:44:00,12954.484424,12.954484424,7264.538172,5686.037312,3.908940,768000,768000,1.000000000,1,2026-01-08 08:44:00.000000,2026-01-08 08:44:59.999922,1,BAY01_2300_20260108_084252_000.7z
2026-01-08 08:45:00,13288.456701,13.288456701,7262.422328,6021.644042,4.390331,768000,768000,1.000000000,1,2026-01-08 08:45:00.000000,2026-01-08 08:45:59.999922,1,BAY01_2300_20260108_084252_000.7z
2026-01-08 08:46:00,14361.208092,14.361208092,7262.952591,7093.627033,4.628468,768000,768000,1.000000000,1,2026-01-08 08:46:00.000000,2026-01-08 08:46:59.999922,1,BAY01_2300_20260108_084252_000.7z
2026-01-08 08:47:00,14381.693221,14.381693221,7264.078957,7113.112532,4.501731,768000,768000,1.000000000,1,2026-01-08 08:47:00.000000,2026-01-08 08:47:59.999922,1,BAY01_2300_20260108_084252_000.7z
2026-01-08 08:48:00,14381.763647,14.381763647,7265.446502,7111.774945,4.542200,768000,768000,1.000000000,1,2026-01-08 08:48:00.000000,2026-01-08 08:48:59.999922,1,BAY01_2300_20260108_084252_000.7z
2026-01-08 08:49:00,14382.289305,14.382289305,7264.150218,7113.580493,4.558594,768000,768000,1.000000000,1,2026-01-08 08:49:00.000000,2026-01-08 08:49:59.999922,1,BAY01_2300_20260108_084252_000.7z
2026-01-08 08:50:00,14025.604349,14.025604349,7264.642041,6756.841491,4.120817,768000,768000,1.000000000,1,2026-01-08 08:50:00.000000,2026-01-08 08:50:59.999922,1,BAY01_2300_20260108_084252_000.7z
2026-01-08 08:51:00,13639.424670,13.639424670,7265.596730,6369.829565,3.998375,768000,768000,1.000000000,1,2026-01-08 08:51:00.000000,2026-01-08 08:51:59.999922,1,BAY01_2300_20260108_084252_000.7z
2026-01-08 08:52:00,13315.117269,13.315117269,7267.771996,6043.274430,4.070843,665714,768000,0.866815104,0,2026-01-08 08:52:00.000000,2026-01-08 08:52:52.008828,1,BAY01_2300_20260108_084252_000.7z
2026-01-08 08:53:00,13055.400785,13.055400785,7266.309068,5785.181907,3.909811,691200,768000,0.900000000,0,2026-01-08 08:53:06.000000,2026-01-08 08:53:59.999922,1,BAY01_2301_20260108_085306_000.7z
2026-01-08 08:54:00,13007.083352,13.007083352,7265.454669,5737.748996,3.879687,768000,768000,1.000000000,1,2026-01-08 08:54:00.000000,2026-01-08 08:54:59.999922,1,BAY01_2301_20260108_085306_000.7z
2026-01-08 08:55:00,13027.498439,13.027498439,7264.462483,5759.373910,3.662046,768000,768000,1.000000000,1,2026-01-08 08:55:00.000000,2026-01-08 08:55:59.999922,1,BAY01_2301_20260108_085306_000.7z
2026-01-08 08:56:00,13026.812515,13.026812515,7264.274804,5758.925581,3.612129,768000,768000,1.000000000,1,2026-01-08 08:56:00.000000,2026-01-08 08:56:59.999922,1,BAY01_2301_20260108_085306_000.7z
2026-01-08 08:57:00,13034.734123,13.034734123,7265.576062,5765.620995,3.537065,768000,768000,1.000000000,1,2026-01-08 08:57:00.000000,2026-01-08 08:57:59.999922,1,BAY01_2301_20260108_085306_000.7z
2026-01-08 08:58:00,13033.368490,13.033368490,7264.106547,5765.716572,3.545370,768000,768000,1.000000000,1,2026-01-08 08:58:00.000000,2026-01-08 08:58:59.999922,1,BAY01_2301_20260108_085306_000.7z
2026-01-08 08:59:00,13039.323662,13.039323662,7263.377591,5772.404531,3.541540,768000,768000,1.000000000,1,2026-01-08 08:59:00.000000,2026-01-08 08:59:59.999922,1,BAY01_2301_20260108_085306_000.7z
2026-01-08 09:00:00,13056.792607,13.056792607,7263.741526,5789.487721,3.563360,768000,768000,1.000000000,1,2026-01-08 09:00:00.000000,2026-01-08 09:00:59.999922,1,BAY01_2301_20260108_085306_000.7z
2026-01-08 09:01:00,13055.268836,13.055268836,7263.097035,5788.582150,3.589651,768000,768000,1.000000000,1,2026-01-08 09:01:00.000000,2026-01-08 09:01:59.999922,1,BAY01_2301_20260108_085306_000.7z
2026-01-08 09:02:00,13069.621816,13.069621816,7264.241866,5801.801768,3.578182,768000,768000,1.000000000,1,2026-01-08 09:02:00.000000,2026-01-08 09:02:59.999922,1,BAY01_2301_20260108_085306_000.7z
2026-01-08 09:03:00,13063.093232,13.063093232,7262.593388,5797.002403,3.497441,640044,768000,0.833390625,0,2026-01-08 09:03:00.000000,2026-01-08 09:03:59.999922,2,BAY01_2301_20260108_085306_000.7z;BAY01_2302_20260108_090316_000.7z
2026-01-08 09:04:00,13070.665929,13.070665929,7263.880870,5803.313912,3.471147,768000,768000,1.000000000,1,2026-01-08 09:04:00.000000,2026-01-08 09:04:59.999922,1,BAY01_2302_20260108_090316_000.7z
2026-01-08 09:05:00,13088.146142,13.088146142,7264.831542,5819.742802,3.571798,768000,768000,1.000000000,1,2026-01-08 09:05:00.000000,2026-01-08 09:05:59.999922,1,BAY01_2302_20260108_090316_000.7z
2026-01-08 09:06:00,13097.832650,13.097832650,7266.282747,5827.969701,3.580202,768000,768000,1.000000000,1,2026-01-08 09:06:00.000000,2026-01-08 09:06:59.999922,1,BAY01_2302_20260108_090316_000.7z
2026-01-08 09:07:00,13092.305259,13.092305259,7265.269460,5823.402806,3.632992,768000,768000,1.000000000,1,2026-01-08 09:07:00.000000,2026-01-08 09:07:59.999922,1,BAY01_2302_20260108_090316_000.7z
2026-01-08 09:08:00,13102.693739,13.102693739,7265.053883,5834.027104,3.612751,768000,768000,1.000000000,1,2026-01-08 09:08:00.000000,2026-01-08 09:08:59.999922,1,BAY01_2302_20260108_090316_000.7z
2026-01-08 09:09:00,13108.366986,13.108366986,7264.394359,5840.389773,3.582854,768000,768000,1.000000000,1,2026-01-08 09:09:00.000000,2026-01-08 09:09:59.999922,1,BAY01_2302_20260108_090316_000.7z
2026-01-08 09:10:00,13110.736351,13.110736351,7265.637249,5841.547484,3.551618,768000,768000,1.000000000,1,2026-01-08 09:10:00.000000,2026-01-08 09:10:59.999922,1,BAY01_2302_20260108_090316_000.7z
2026-01-08 09:11:00,13121.883033,13.121883033,7265.397867,5852.979341,3.505825,768000,768000,1.000000000,1,2026-01-08 09:11:00.000000,2026-01-08 09:11:59.999922,1,BAY01_2302_20260108_090316_000.7z
2026-01-08 09:12:00,12895.012307,12.895012307,7264.533990,5626.951692,3.526626,768000,768000,1.000000000,1,2026-01-08 09:12:00.000000,2026-01-08 09:12:59.999922,1,BAY01_2302_20260108_090316_000.7z
2026-01-08 09:13:00,12615.170605,12.615170605,7264.581296,5347.021223,3.568086,640063,768000,0.833415365,0,2026-01-08 09:13:00.000000,2026-01-08 09:13:59.999922,2,BAY01_2302_20260108_090316_000.7z;BAY01_2303_20260108_091326_000.7z
2026-01-08 09:14:00,12613.811882,12.613811882,7264.119424,5346.138897,3.553561,768000,768000,1.000000000,1,2026-01-08 09:14:00.000000,2026-01-08 09:14:59.999922,1,BAY01_2303_20260108_091326_000.7z
2026-01-08 09:15:00,12621.868712,12.621868712,7265.722168,5352.581476,3.565068,768000,768000,1.000000000,1,2026-01-08 09:15:00.000000,2026-01-08 09:15:59.999922,1,BAY01_2303_20260108_091326_000.7z
2026-01-08 09:16:00,12617.322410,12.617322410,7263.225122,5350.554923,3.542365,768000,768000,1.000000000,1,2026-01-08 09:16:00.000000,2026-01-08 09:16:59.999922,1,BAY01_2303_20260108_091326_000.7z
2026-01-08 09:17:00,12623.502710,12.623502710,7264.599137,5355.356125,3.547447,768000,768000,1.000000000,1,2026-01-08 09:17:00.000000,2026-01-08 09:17:59.999922,1,BAY01_2303_20260108_091326_000.7z
2026-01-08 09:18:00,12629.335326,12.629335326,7263.151988,5362.676885,3.506454,768000,768000,1.000000000,1,2026-01-08 09:18:00.000000,2026-01-08 09:18:59.999922,1,BAY01_2303_20260108_091326_000.7z
2026-01-08 09:19:00,12632.129741,12.632129741,7264.731583,5363.814853,3.583304,768000,768000,1.000000000,1,2026-01-08 09:19:00.000000,2026-01-08 09:19:59.999922,1,BAY01_2303_20260108_091326_000.7z
2026-01-08 09:20:00,12638.172349,12.638172349,7264.193074,5370.407005,3.572270,768000,768000,1.000000000,1,2026-01-08 09:20:00.000000,2026-01-08 09:20:59.999922,1,BAY01_2303_20260108_091326_000.7z
2026-01-08 09:21:00,12639.584173,12.639584173,7264.071397,5371.964977,3.547799,768000,768000,1.000000000,1,2026-01-08 09:21:00.000000,2026-01-08 09:21:59.999922,1,BAY01_2303_20260108_091326_000.7z
2026-01-08 09:22:00,12646.819033,12.646819033,7265.376297,5377.738441,3.704295,768000,768000,1.000000000,1,2026-01-08 09:22:00.000000,2026-01-08 09:22:59.999922,1,BAY01_2303_20260108_091326_000.7z
2026-01-08 09:23:00,12658.811740,12.658811740,7266.372493,5388.898595,3.540653,652923,768000,0.850160156,0,2026-01-08 09:23:00.000000,2026-01-08 09:23:59.999922,2,BAY01_2303_20260108_091326_000.7z;BAY01_2304_20260108_092335_000.7z
2026-01-08 09:24:00,12669.085342,12.669085342,7265.497235,5399.665491,3.922616,768000,768000,1.000000000,1,2026-01-08 09:24:00.000000,2026-01-08 09:24:59.999922,1,BAY01_2304_20260108_092335_000.7z
2026-01-08 09:25:00,12674.413399,12.674413399,7266.757940,5403.099947,4.555513,768000,768000,1.000000000,1,2026-01-08 09:25:00.000000,2026-01-08 09:25:59.999922,1,BAY01_2304_20260108_092335_000.7z
2026-01-08 09:26:00,12677.194253,12.677194253,7267.313478,5403.616570,6.264205,768000,768000,1.000000000,1,2026-01-08 09:26:00.000000,2026-01-08 09:26:59.999922,1,BAY01_2304_20260108_092335_000.7z
2026-01-08 09:27:00,19239.152339,19.239152339,7267.418680,5406.398469,6565.335190,768000,768000,1.000000000,1,2026-01-08 09:27:00.000000,2026-01-08 09:27:59.999922,1,BAY01_2304_20260108_092335_000.7z
2026-01-08 09:28:00,20317.545871,20.317545871,7265.357702,5414.761109,7637.427060,768000,768000,1.000000000,1,2026-01-08 09:28:00.000000,2026-01-08 09:28:59.999922,1,BAY01_2304_20260108_092335_000.7z
2026-01-08 09:29:00,20332.789263,20.332789263,7264.394605,5415.206409,7653.188249,768000,768000,1.000000000,1,2026-01-08 09:29:00.000000,2026-01-08 09:29:59.999922,1,BAY01_2304_20260108_092335_000.7z
2026-01-08 09:30:00,20357.514348,20.357514348,7264.103921,5432.494250,7660.916176,768000,768000,1.000000000,1,2026-01-08 09:30:00.000000,2026-01-08 09:30:59.999922,1,BAY01_2304_20260108_092335_000.7z
2026-01-08 09:31:00,20347.864138,20.347864138,7263.843864,5435.337618,7648.682655,768000,768000,1.000000000,1,2026-01-08 09:31:00.000000,2026-01-08 09:31:59.999922,1,BAY01_2304_20260108_092335_000.7z
2026-01-08 09:32:00,20349.503936,20.349503936,7265.310047,5431.387999,7652.805889,768000,768000,1.000000000,1,2026-01-08 09:32:00.000000,2026-01-08 09:32:59.999922,1,BAY01_2304_20260108_092335_000.7z
2026-01-08 09:33:00,20355.815414,20.355815414,7264.236887,5439.996545,7651.581982,640055,768000,0.833404948,0,2026-01-08 09:33:00.000000,2026-01-08 09:33:59.999922,2,BAY01_2304_20260108_092335_000.7z;BAY01_2305_20260108_093345_000.7z
2026-01-08 09:34:00,20354.113128,20.354113128,7264.923771,5441.560112,7647.629246,768000,768000,1.000000000,1,2026-01-08 09:34:00.000000,2026-01-08 09:34:59.999922,1,BAY01_2305_20260108_093345_000.7z
2026-01-08 09:35:00,20096.783028,20.096783028,7265.026382,5200.479470,7631.277177,768000,768000,1.000000000,1,2026-01-08 09:35:00.000000,2026-01-08 09:35:59.999922,1,BAY01_2305_20260108_093345_000.7z
2026-01-08 09:36:00,19457.379234,19.457379234,7265.261456,4567.668217,7624.449561,768000,768000,1.000000000,1,2026-01-08 09:36:00.000000,2026-01-08 09:36:59.999922,1,BAY01_2305_20260108_093345_000.7z
2026-01-08 09:37:00,19481.872935,19.481872935,7266.463559,4575.558403,7639.850972,768000,768000,1.000000000,1,2026-01-08 09:37:00.000000,2026-01-08 09:37:59.999922,1,BAY01_2305_20260108_093345_000.7z
2026-01-08 09:38:00,19483.771572,19.483771572,7266.782834,4575.011176,7641.977562,768000,768000,1.000000000,1,2026-01-08 09:38:00.000000,2026-01-08 09:38:59.999922,1,BAY01_2305_20260108_093345_000.7z
2026-01-08 09:39:00,19482.100274,19.482100274,7266.694578,4579.644433,7635.761263,768000,768000,1.000000000,1,2026-01-08 09:39:00.000000,2026-01-08 09:39:59.999922,1,BAY01_2305_20260108_093345_000.7z
2026-01-08 09:40:00,19491.271878,19.491271878,7266.621896,4587.150784,7637.499198,768000,768000,1.000000000,1,2026-01-08 09:40:00.000000,2026-01-08 09:40:59.999922,1,BAY01_2305_20260108_093345_000.7z
2026-01-08 09:41:00,19492.894865,19.492894865,7265.719973,4585.563321,7641.611570,768000,768000,1.000000000,1,2026-01-08 09:41:00.000000,2026-01-08 09:41:59.999922,1,BAY01_2305_20260108_093345_000.7z
2026-01-08 09:42:00,19500.638773,19.500638773,7266.589103,4589.147303,7644.902367,768000,768000,1.000000000,1,2026-01-08 09:42:00.000000,2026-01-08 09:42:59.999922,1,BAY01_2305_20260108_093345_000.7z
2026-01-08 09:43:00,19506.934177,19.506934177,7265.826924,4594.831910,7646.275343,652837,768000,0.850048177,0,2026-01-08 09:43:00.000000,2026-01-08 09:43:59.999922,2,BAY01_2305_20260108_093345_000.7z;BAY01_2306_20260108_094354_000.7z
2026-01-08 09:44:00,19513.070474,19.513070474,7265.524148,4597.521384,7650.024943,768000,768000,1.000000000,1,2026-01-08 09:44:00.000000,2026-01-08 09:44:59.999922,1,BAY01_2306_20260108_094354_000.7z
2026-01-08 09:45:00,19514.922904,19.514922904,7266.644927,4604.303347,7643.974630,768000,768000,1.000000000,1,2026-01-08 09:45:00.000000,2026-01-08 09:45:59.999922,1,BAY01_2306_20260108_094354_000.7z
2026-01-08 09:46:00,19515.849873,19.515849873,7267.149393,4611.862976,7636.837504,768000,768000,1.000000000,1,2026-01-08 09:46:00.000000,2026-01-08 09:46:59.999922,1,BAY01_2306_20260108_094354_000.7z
2026-01-08 09:47:00,19532.930808,19.532930808,7266.842373,4617.184071,7648.904365,768000,768000,1.000000000,1,2026-01-08 09:47:00.000000,2026-01-08 09:47:59.999922,1,BAY01_2306_20260108_094354_000.7z
2026-01-08 09:48:00,19526.439502,19.526439502,7269.847145,4615.668462,7640.923895,768000,768000,1.000000000,1,2026-01-08 09:48:00.000000,2026-01-08 09:48:59.999922,1,BAY01_2306_20260108_094354_000.7z
2026-01-08 09:49:00,19530.342750,19.530342750,7268.138440,4619.673520,7642.530790,768000,768000,1.000000000,1,2026-01-08 09:49:00.000000,2026-01-08 09:49:59.999922,1,BAY01_2306_20260108_094354_000.7z
2026-01-08 09:50:00,19532.009975,19.532009975,7268.307475,4625.151233,7638.551267,768000,768000,1.000000000,1,2026-01-08 09:50:00.000000,2026-01-08 09:50:59.999922,1,BAY01_2306_20260108_094354_000.7z
2026-01-08 09:51:00,19526.760251,19.526760251,7269.895362,4626.828089,7630.036800,768000,768000,1.000000000,1,2026-01-08 09:51:00.000000,2026-01-08 09:51:59.999922,1,BAY01_2306_20260108_094354_000.7z
2026-01-08 09:52:00,19540.544224,19.540544224,7271.547408,4624.702293,7644.294523,768000,768000,1.000000000,1,2026-01-08 09:52:00.000000,2026-01-08 09:52:59.999922,1,BAY01_2306_20260108_094354_000.7z
2026-01-08 09:53:00,19558.908009,19.558908009,7269.723240,4631.336084,7657.848684,691202,768000,0.900002604,0,2026-01-08 09:53:00.000000,2026-01-08 09:53:54.000078,1,BAY01_2306_20260108_094354_000.7z
2026-01-08 09:54:00,19554.312342,19.554312342,7269.299895,4635.918583,7649.093863,665600,768000,0.866666667,0,2026-01-08 09:54:08.000000,2026-01-08 09:54:59.999922,1,BAY01_2307_20260108_095408_000.7z
2026-01-08 09:55:00,19555.498891,19.555498891,7270.460650,4636.187373,7648.850867,768000,768000,1.000000000,1,2026-01-08 09:55:00.000000,2026-01-08 09:55:59.999922,1,BAY01_2307_20260108_095408_000.7z
2026-01-08 09:56:00,19551.272996,19.551272996,7270.671349,4640.076416,7640.525232,768000,768000,1.000000000,1,2026-01-08 09:56:00.000000,2026-01-08 09:56:59.999922,1,BAY01_2307_20260108_095408_000.7z
2026-01-08 09:57:00,15403.307197,15.403307197,7271.740990,489.301606,7642.264601,768000,768000,1.000000000,1,2026-01-08 09:57:00.000000,2026-01-08 09:57:59.999922,1,BAY01_2307_20260108_095408_000.7z
2026-01-08 09:58:00,14902.412486,14.902412486,7270.265391,-3.097471,7635.244565,768000,768000,1.000000000,1,2026-01-08 09:58:00.000000,2026-01-08 09:58:59.999922,1,BAY01_2307_20260108_095408_000.7z
2026-01-08 09:59:00,14915.896891,14.915896891,7270.763588,-3.061628,7648.194930,768000,768000,1.000000000,1,2026-01-08 09:59:00.000000,2026-01-08 09:59:59.999922,1,BAY01_2307_20260108_095408_000.7z
2026-01-08 10:00:00,14930.838769,14.930838769,7269.246167,-2.951283,7664.543885,768000,768000,1.000000000,1,2026-01-08 10:00:00.000000,2026-01-08 10:00:59.999922,1,BAY01_2307_20260108_095408_000.7z
2026-01-08 10:01:00,14916.961007,14.916961007,7268.765810,-2.901338,7651.096534,768000,768000,1.000000000,1,2026-01-08 10:01:00.000000,2026-01-08 10:01:59.999922,1,BAY01_2307_20260108_095408_000.7z
2026-01-08 10:02:00,14914.601265,14.914601265,7268.679789,-2.912153,7648.833628,768000,768000,1.000000000,1,2026-01-08 10:02:00.000000,2026-01-08 10:02:59.999922,1,BAY01_2307_20260108_095408_000.7z
2026-01-08 10:03:00,14917.445222,14.917445222,7268.125960,-2.999008,7652.318271,768000,768000,1.000000000,1,2026-01-08 10:03:00.000000,2026-01-08 10:03:59.999922,1,BAY01_2307_20260108_095408_000.7z
2026-01-08 10:04:00,14921.761982,14.921761982,7269.324829,-3.428865,7655.866018,665723,768000,0.866826823,0,2026-01-08 10:04:00.000000,2026-01-08 10:04:59.999922,2,BAY01_2307_20260108_095408_000.7z;BAY01_2308_20260108_100416_000.7z
2026-01-08 10:05:00,14923.014487,14.923014487,7270.632087,-3.344031,7655.726432,768000,768000,1.000000000,1,2026-01-08 10:05:00.000000,2026-01-08 10:05:59.999922,1,BAY01_2308_20260108_100416_000.7z
2026-01-08 10:06:00,14920.219330,14.920219330,7269.959109,-3.321962,7653.582183,768000,768000,1.000000000,1,2026-01-08 10:06:00.000000,2026-01-08 10:06:59.999922,1,BAY01_2308_20260108_100416_000.7z
2026-01-08 10:07:00,14921.366634,14.921366634,7269.830637,-3.261565,7654.797562,768000,768000,1.000000000,1,2026-01-08 10:07:00.000000,2026-01-08 10:07:59.999922,1,BAY01_2308_20260108_100416_000.7z
2026-01-08 10:08:00,14918.413584,14.918413584,7269.174832,-3.407193,7652.645944,768000,768000,1.000000000,1,2026-01-08 10:08:00.000000,2026-01-08 10:08:59.999922,1,BAY01_2308_20260108_100416_000.7z
2026-01-08 10:09:00,14924.707751,14.924707751,7271.346002,-3.599362,7656.961112,768000,768000,1.000000000,1,2026-01-08 10:09:00.000000,2026-01-08 10:09:59.999922,1,BAY01_2308_20260108_100416_000.7z
2026-01-08 10:10:00,14903.309043,14.903309043,7272.218781,-3.656625,7634.746887,768000,768000,1.000000000,1,2026-01-08 10:10:00.000000,2026-01-08 10:10:59.999922,1,BAY01_2308_20260108_100416_000.7z
2026-01-08 10:11:00,14904.468515,14.904468515,7271.254141,-3.596364,7636.810738,768000,768000,1.000000000,1,2026-01-08 10:11:00.000000,2026-01-08 10:11:59.999922,1,BAY01_2308_20260108_100416_000.7z
2026-01-08 10:12:00,14897.107245,14.897107245,7272.610115,-3.503763,7628.000893,768000,768000,1.000000000,1,2026-01-08 10:12:00.000000,2026-01-08 10:12:59.999922,1,BAY01_2308_20260108_100416_000.7z
2026-01-08 10:13:00,14904.671184,14.904671184,7275.253308,-3.489681,7632.907557,768000,768000,1.000000000,1,2026-01-08 10:13:00.000000,2026-01-08 10:13:59.999922,1,BAY01_2308_20260108_100416_000.7z
2026-01-08 10:14:00,14908.182689,14.908182689,7274.701831,-3.607828,7637.088687,665638,768000,0.866716146,0,2026-01-08 10:14:00.000000,2026-01-08 10:14:59.999922,2,BAY01_2308_20260108_100416_000.7z;BAY01_2309_20260108_101424_000.7z
2026-01-08 10:15:00,14904.600263,14.904600263,7274.678570,-3.561374,7633.483068,768000,768000,1.000000000,1,2026-01-08 10:15:00.000000,2026-01-08 10:15:59.999922,1,BAY01_2309_20260108_101424_000.7z
2026-01-08 10:16:00,14899.110152,14.899110152,7274.650835,-3.383247,7627.842563,768000,768000,1.000000000,1,2026-01-08 10:16:00.000000,2026-01-08 10:16:59.999922,1,BAY01_2309_20260108_101424_000.7z
2026-01-08 10:17:00,14890.500171,14.890500171,7274.083023,-2.659713,7619.076860,768000,768000,1.000000000,1,2026-01-08 10:17:00.000000,2026-01-08 10:17:59.999922,1,BAY01_2309_20260108_101424_000.7z
2026-01-08 10:18:00,14912.536983,14.912536983,7274.065479,-2.570958,7641.042463,768000,768000,1.000000000,1,2026-01-08 10:18:00.000000,2026-01-08 10:18:59.999922,1,BAY01_2309_20260108_101424_000.7z
2026-01-08 10:19:00,14891.893207,14.891893207,7272.760852,-2.002175,7621.134530,768000,768000,1.000000000,1,2026-01-08 10:19:00.000000,2026-01-08 10:19:59.999922,1,BAY01_2309_20260108_101424_000.7z
2026-01-08 10:20:00,14904.215602,14.904215602,7271.672144,-1.292054,7633.835512,768000,768000,1.000000000,1,2026-01-08 10:20:00.000000,2026-01-08 10:20:59.999922,1,BAY01_2309_20260108_101424_000.7z
2026-01-08 10:21:00,14901.308563,14.901308563,7270.935124,-1.317058,7631.690498,768000,768000,1.000000000,1,2026-01-08 10:21:00.000000,2026-01-08 10:21:59.999922,1,BAY01_2309_20260108_101424_000.7z
2026-01-08 10:22:00,14870.043684,14.870043684,7273.447069,-1.326968,7597.923583,768000,768000,1.000000000,1,2026-01-08 10:22:00.000000,2026-01-08 10:22:59.999922,1,BAY01_2309_20260108_101424_000.7z
2026-01-08 10:23:00,14873.044195,14.873044195,7273.785426,-1.298977,7600.557746,768000,768000,1.000000000,1,2026-01-08 10:23:00.000000,2026-01-08 10:23:59.999922,1,BAY01_2309_20260108_101424_000.7z
2026-01-08 10:24:00,14887.911872,14.887911872,7274.244235,-1.306387,7614.974024,601616,768000,0.783354167,0,2026-01-08 10:24:00.000000,2026-01-08 10:24:59.999922,2,BAY01_2309_20260108_101424_000.7z;BAY01_2310_20260108_102437_000.7z
2026-01-08 10:25:00,14874.931002,14.874931002,7275.428334,-1.340203,7600.842872,768000,768000,1.000000000,1,2026-01-08 10:25:00.000000,2026-01-08 10:25:59.999922,1,BAY01_2310_20260108_102437_000.7z
2026-01-08 10:26:00,14875.568459,14.875568459,7274.433271,-1.331846,7602.467034,768000,768000,1.000000000,1,2026-01-08 10:26:00.000000,2026-01-08 10:26:59.999922,1,BAY01_2310_20260108_102437_000.7z
2026-01-08 10:27:00,14878.044529,14.878044529,7276.292833,-1.301347,7603.053043,768000,768000,1.000000000,1,2026-01-08 10:27:00.000000,2026-01-08 10:27:59.999922,1,BAY01_2310_20260108_102437_000.7z
2026-01-08 10:28:00,14875.376038,14.875376038,7275.702826,-1.263664,7600.936877,768000,768000,1.000000000,1,2026-01-08 10:28:00.000000,2026-01-08 10:28:59.999922,1,BAY01_2310_20260108_102437_000.7z
2026-01-08 10:29:00,14889.486074,14.889486074,7274.812221,-1.264635,7615.938488,768000,768000,1.000000000,1,2026-01-08 10:29:00.000000,2026-01-08 10:29:59.999922,1,BAY01_2310_20260108_102437_000.7z
2026-01-08 10:30:00,14884.574131,14.884574131,7274.556562,-1.265747,7611.283317,768000,768000,1.000000000,1,2026-01-08 10:30:00.000000,2026-01-08 10:30:59.999922,1,BAY01_2310_20260108_102437_000.7z
2026-01-08 10:31:00,14874.586992,14.874586992,7274.919607,-1.205451,7600.872836,768000,768000,1.000000000,1,2026-01-08 10:31:00.000000,2026-01-08 10:31:59.999922,1,BAY01_2310_20260108_102437_000.7z
2026-01-08 10:32:00,14868.512027,14.868512027,7275.364505,-1.258721,7594.406243,768000,768000,1.000000000,1,2026-01-08 10:32:00.000000,2026-01-08 10:32:59.999922,1,BAY01_2310_20260108_102437_000.7z
2026-01-08 10:33:00,14883.444879,14.883444879,7275.032831,-1.278528,7609.690575,768000,768000,1.000000000,1,2026-01-08 10:33:00.000000,2026-01-08 10:33:59.999922,1,BAY01_2310_20260108_102437_000.7z
2026-01-08 10:34:00,14893.101564,14.893101564,7275.618787,-1.277694,7618.760471,614493,768000,0.800121094,0,2026-01-08 10:34:00.000000,2026-01-08 10:34:59.999922,2,BAY01_2310_20260108_102437_000.7z;BAY01_2311_20260108_103449_000.7z
2026-01-08 10:35:00,14889.000591,14.889000591,7275.207434,-1.268270,7615.061427,768000,768000,1.000000000,1,2026-01-08 10:35:00.000000,2026-01-08 10:35:59.999922,1,BAY01_2311_20260108_103449_000.7z
2026-01-08 10:36:00,14894.272044,14.894272044,7276.052531,-1.231201,7619.450715,768000,768000,1.000000000,1,2026-01-08 10:36:00.000000,2026-01-08 10:36:59.999922,1,BAY01_2311_20260108_103449_000.7z
2026-01-08 10:37:00,14887.791942,14.887791942,7276.863011,-1.124985,7612.053916,768000,768000,1.000000000,1,2026-01-08 10:37:00.000000,2026-01-08 10:37:59.999922,1,BAY01_2311_20260108_103449_000.7z
2026-01-08 10:38:00,14884.438787,14.884438787,7278.230665,-1.109277,7607.317399,768000,768000,1.000000000,1,2026-01-08 10:38:00.000000,2026-01-08 10:38:59.999922,1,BAY01_2311_20260108_103449_000.7z
2026-01-08 10:39:00,14882.803918,14.882803918,7277.841259,-1.143244,7606.105902,768000,768000,1.000000000,1,2026-01-08 10:39:00.000000,2026-01-08 10:39:59.999922,1,BAY01_2311_20260108_103449_000.7z
2026-01-08 10:40:00,14882.388775,14.882388775,7278.137442,-1.091345,7605.342678,768000,768000,1.000000000,1,2026-01-08 10:40:00.000000,2026-01-08 10:40:59.999922,1,BAY01_2311_20260108_103449_000.7z
2026-01-08 10:41:00,14876.752759,14.876752759,7279.947963,-1.088260,7597.893056,768000,768000,1.000000000,1,2026-01-08 10:41:00.000000,2026-01-08 10:41:59.999922,1,BAY01_2311_20260108_103449_000.7z
2026-01-08 10:42:00,14879.885314,14.879885314,7279.680629,-0.999002,7601.203687,768000,768000,1.000000000,1,2026-01-08 10:42:00.000000,2026-01-08 10:42:59.999922,1,BAY01_2311_20260108_103449_000.7z
2026-01-08 10:43:00,14876.721752,14.876721752,7279.630743,-0.978285,7598.069294,768000,768000,1.000000000,1,2026-01-08 10:43:00.000000,2026-01-08 10:43:59.999922,1,BAY01_2311_20260108_103449_000.7z
2026-01-08 10:44:00,14882.168559,14.882168559,7279.973043,-1.042804,7603.238320,627271,768000,0.816759115,0,2026-01-08 10:44:00.000000,2026-01-08 10:44:49.005469,1,BAY01_2311_20260108_103449_000.7z
2026-01-08 10:45:00,14888.789077,14.888789077,7279.819566,-1.091090,7610.060601,652800,768000,0.850000000,0,2026-01-08 10:45:09.000000,2026-01-08 10:45:59.999922,1,BAY01_2312_20260108_104509_000.7z
2026-01-08 10:46:00,14888.334326,14.888334326,7279.228945,-1.068074,7610.173454,768000,768000,1.000000000,1,2026-01-08 10:46:00.000000,2026-01-08 10:46:59.999922,1,BAY01_2312_20260108_104509_000.7z
2026-01-08 10:47:00,14890.273128,14.890273128,7279.730815,-1.147965,7611.690278,768000,768000,1.000000000,1,2026-01-08 10:47:00.000000,2026-01-08 10:47:59.999922,1,BAY01_2312_20260108_104509_000.7z
2026-01-08 10:48:00,14894.773122,14.894773122,7279.732178,-1.125076,7616.166020,768000,768000,1.000000000,1,2026-01-08 10:48:00.000000,2026-01-08 10:48:59.999922,1,BAY01_2312_20260108_104509_000.7z
2026-01-08 10:49:00,14916.889205,14.916889205,7278.610825,-1.125008,7639.403388,768000,768000,1.000000000,1,2026-01-08 10:49:00.000000,2026-01-08 10:49:59.999922,1,BAY01_2312_20260108_104509_000.7z
2026-01-08 10:50:00,14902.614826,14.902614826,7278.858870,-1.117409,7624.873365,768000,768000,1.000000000,1,2026-01-08 10:50:00.000000,2026-01-08 10:50:59.999922,1,BAY01_2312_20260108_104509_000.7z
2026-01-08 10:51:00,14896.799315,14.896799315,7279.319544,-1.058071,7618.537843,768000,768000,1.000000000,1,2026-01-08 10:51:00.000000,2026-01-08 10:51:59.999922,1,BAY01_2312_20260108_104509_000.7z
2026-01-08 10:52:00,14920.869401,14.920869401,7280.090735,-1.141579,7641.920245,768000,768000,1.000000000,1,2026-01-08 10:52:00.000000,2026-01-08 10:52:59.999922,1,BAY01_2312_20260108_104509_000.7z
2026-01-08 10:53:00,14929.510846,14.929510846,7280.962032,-1.072376,7649.621191,768000,768000,1.000000000,1,2026-01-08 10:53:00.000000,2026-01-08 10:53:59.999922,1,BAY01_2312_20260108_104509_000.7z
2026-01-08 10:54:00,14915.080900,14.915080900,7282.211494,-1.087754,7633.957161,768000,768000,1.000000000,1,2026-01-08 10:54:00.000000,2026-01-08 10:54:59.999922,1,BAY01_2312_20260108_104509_000.7z
2026-01-08 10:55:00,14903.792612,14.903792612,7283.358341,-1.106731,7621.541002,652887,768000,0.850113281,0,2026-01-08 10:55:00.000000,2026-01-08 10:55:59.999922,2,BAY01_2312_20260108_104509_000.7z;BAY01_2313_20260108_105518_000.7z
2026-01-08 10:56:00,14909.507240,14.909507240,7286.216602,-1.136717,7624.427356,768000,768000,1.000000000,1,2026-01-08 10:56:00.000000,2026-01-08 10:56:59.999922,1,BAY01_2313_20260108_105518_000.7z
2026-01-08 10:57:00,14936.136149,14.936136149,7285.645744,-1.127048,7651.617453,768000,768000,1.000000000,1,2026-01-08 10:57:00.000000,2026-01-08 10:57:59.999922,1,BAY01_2313_20260108_105518_000.7z
2026-01-08 10:58:00,14935.017948,14.935017948,7285.286290,-1.028407,7650.760066,768000,768000,1.000000000,1,2026-01-08 10:58:00.000000,2026-01-08 10:58:59.999922,1,BAY01_2313_20260108_105518_000.7z
2026-01-08 10:59:00,14926.180452,14.926180452,7286.453479,-1.061658,7640.788631,768000,768000,1.000000000,1,2026-01-08 10:59:00.000000,2026-01-08 10:59:59.999922,1,BAY01_2313_20260108_105518_000.7z
2026-01-08 11:00:00,14909.079194,14.909079194,7289.780547,-1.052789,7620.351436,768000,768000,1.000000000,1,2026-01-08 11:00:00.000000,2026-01-08 11:00:59.999922,1,BAY01_2313_20260108_105518_000.7z
2026-01-08 11:01:00,14902.556435,14.902556435,7290.783460,-1.049745,7612.822720,768000,768000,1.000000000,1,2026-01-08 11:01:00.000000,2026-01-08 11:01:59.999922,1,BAY01_2313_20260108_105518_000.7z
2026-01-08 11:02:00,14908.415194,14.908415194,7290.823829,-1.163565,7618.754929,768000,768000,1.000000000,1,2026-01-08 11:02:00.000000,2026-01-08 11:02:59.999922,1,BAY01_2313_20260108_105518_000.7z
2026-01-08 11:03:00,14906.042401,14.906042401,7291.677669,-1.098717,7615.463449,768000,768000,1.000000000,1,2026-01-08 11:03:00.000000,2026-01-08 11:03:59.999922,1,BAY01_2313_20260108_105518_000.7z
2026-01-08 11:04:00,14911.532873,14.911532873,7293.254604,-1.116967,7619.395236,768000,768000,1.000000000,1,2026-01-08 11:04:00.000000,2026-01-08 11:04:59.999922,1,BAY01_2313_20260108_105518_000.7z
2026-01-08 11:05:00,14926.532880,14.926532880,7292.090987,-1.090804,7635.532697,576105,768000,0.750136719,0,2026-01-08 11:05:00.000000,2026-01-08 11:05:59.999922,2,BAY01_2313_20260108_105518_000.7z;BAY01_2314_20260108_110533_000.7z
2026-01-08 11:06:00,14917.441087,14.917441087,7292.799859,-1.174094,7625.815322,768000,768000,1.000000000,1,2026-01-08 11:06:00.000000,2026-01-08 11:06:59.999922,1,BAY01_2314_20260108_110533_000.7z
2026-01-08 11:07:00,14904.081636,14.904081636,7294.454253,-1.186585,7610.813967,768000,768000,1.000000000,1,2026-01-08 11:07:00.000000,2026-01-08 11:07:59.999922,1,BAY01_2314_20260108_110533_000.7z
2026-01-08 11:08:00,14905.101602,14.905101602,7295.467762,-1.161701,7610.795541,768000,768000,1.000000000,1,2026-01-08 11:08:00.000000,2026-01-08 11:08:59.999922,1,BAY01_2314_20260108_110533_000.7z
2026-01-08 11:09:00,14912.905095,14.912905095,7294.379293,-1.102119,7619.627922,768000,768000,1.000000000,1,2026-01-08 11:09:00.000000,2026-01-08 11:09:59.999922,1,BAY01_2314_20260108_110533_000.7z
2026-01-08 11:10:00,14941.593600,14.941593600,7294.003060,-1.121236,7648.711776,768000,768000,1.000000000,1,2026-01-08 11:10:00.000000,2026-01-08 11:10:59.999922,1,BAY01_2314_20260108_110533_000.7z
2026-01-08 11:11:00,14946.631825,14.946631825,7294.138855,-1.053149,7653.546119,768000,768000,1.000000000,1,2026-01-08 11:11:00.000000,2026-01-08 11:11:59.999922,1,BAY01_2314_20260108_110533_000.7z
2026-01-08 11:12:00,14944.758649,14.944758649,7295.374315,-1.032343,7650.416677,768000,768000,1.000000000,1,2026-01-08 11:12:00.000000,2026-01-08 11:12:59.999922,1,BAY01_2314_20260108_110533_000.7z
2026-01-08 11:13:00,14928.655173,14.928655173,7296.853470,-1.160583,7632.962286,768000,768000,1.000000000,1,2026-01-08 11:13:00.000000,2026-01-08 11:13:59.999922,1,BAY01_2314_20260108_110533_000.7z
2026-01-08 11:14:00,14917.539561,14.917539561,7293.206956,-1.106250,7625.438855,768000,768000,1.000000000,1,2026-01-08 11:14:00.000000,2026-01-08 11:14:59.999922,1,BAY01_2314_20260108_110533_000.7z
2026-01-08 11:15:00,14937.788916,14.937788916,7291.582337,-0.993737,7647.200317,652864,768000,0.850083333,0,2026-01-08 11:15:00.000000,2026-01-08 11:15:59.999922,2,BAY01_2314_20260108_110533_000.7z;BAY01_2315_20260108_111542_000.7z
2026-01-08 11:16:00,14952.988637,14.952988637,7294.304052,-1.123853,7659.808437,768000,768000,1.000000000,1,2026-01-08 11:16:00.000000,2026-01-08 11:16:59.999922,1,BAY01_2315_20260108_111542_000.7z
2026-01-08 11:17:00,14948.455857,14.948455857,7294.517504,-1.177892,7655.116244,768000,768000,1.000000000,1,2026-01-08 11:17:00.000000,2026-01-08 11:17:59.999922,1,BAY01_2315_20260108_111542_000.7z
2026-01-08 11:18:00,14835.716147,14.835716147,7295.886509,-1.097093,7540.926731,768000,768000,1.000000000,1,2026-01-08 11:18:00.000000,2026-01-08 11:18:59.999922,1,BAY01_2315_20260108_111542_000.7z
2026-01-08 11:19:00,10235.376045,10.235376045,7297.004666,-0.861735,2939.233113,768000,768000,1.000000000,1,2026-01-08 11:19:00.000000,2026-01-08 11:19:59.999922,1,BAY01_2315_20260108_111542_000.7z
2026-01-08 11:20:00,8846.649586,8.846649586,7300.086113,-0.781522,1547.344994,768000,768000,1.000000000,1,2026-01-08 11:20:00.000000,2026-01-08 11:20:59.999922,1,BAY01_2315_20260108_111542_000.7z
2026-01-08 11:21:00,8365.170002,8.365170002,7279.144139,-0.809192,1086.835054,768000,768000,1.000000000,1,2026-01-08 11:21:00.000000,2026-01-08 11:21:59.999922,1,BAY01_2315_20260108_111542_000.7z
2026-01-08 11:22:00,7490.762055,7.490762055,7243.285484,-0.745118,248.221690,768000,768000,1.000000000,1,2026-01-08 11:22:00.000000,2026-01-08 11:22:59.999922,1,BAY01_2315_20260108_111542_000.7z
2026-01-08 11:23:00,7249.505850,7.249505850,7242.843290,-0.696947,7.359507,768000,768000,1.000000000,1,2026-01-08 11:23:00.000000,2026-01-08 11:23:59.999922,1,BAY01_2315_20260108_111542_000.7z
2026-01-08 11:24:00,7253.343365,7.253343365,7246.666467,-0.685610,7.362508,768000,768000,1.000000000,1,2026-01-08 11:24:00.000000,2026-01-08 11:24:59.999922,1,BAY01_2315_20260108_111542_000.7z
2026-01-08 11:25:00,7256.847280,7.256847280,7250.293430,-0.766403,7.320254,550522,768000,0.716825521,0,2026-01-08 11:25:00.000000,2026-01-08 11:25:59.999922,2,BAY01_2315_20260108_111542_000.7z;BAY01_2316_20260108_112559_000.7z
2026-01-08 11:26:00,7257.147132,7.257147132,7250.554571,-0.734378,7.326939,768000,768000,1.000000000,1,2026-01-08 11:26:00.000000,2026-01-08 11:26:59.999922,1,BAY01_2316_20260108_112559_000.7z
2026-01-08 11:27:00,7257.312792,7.257312792,7250.728625,-0.727596,7.311763,768000,768000,1.000000000,1,2026-01-08 11:27:00.000000,2026-01-08 11:27:59.999922,1,BAY01_2316_20260108_112559_000.7z
2026-01-08 11:28:00,7259.327424,7.259327424,7252.794513,-0.721486,7.254396,768000,768000,1.000000000,1,2026-01-08 11:28:00.000000,2026-01-08 11:28:59.999922,1,BAY01_2316_20260108_112559_000.7z
2026-01-08 11:29:00,7262.057408,7.262057408,7255.904637,-0.765084,6.917856,768000,768000,1.000000000,1,2026-01-08 11:29:00.000000,2026-01-08 11:29:59.999922,1,BAY01_2316_20260108_112559_000.7z
2026-01-08 11:30:00,7262.983868,7.262983868,7256.827612,-0.736937,6.893193,768000,768000,1.000000000,1,2026-01-08 11:30:00.000000,2026-01-08 11:30:59.999922,1,BAY01_2316_20260108_112559_000.7z
2026-01-08 11:31:00,7264.882418,7.264882418,7258.695003,-0.719039,6.906453,768000,768000,1.000000000,1,2026-01-08 11:31:00.000000,2026-01-08 11:31:59.999922,1,BAY01_2316_20260108_112559_000.7z
2026-01-08 11:32:00,7266.781504,7.266781504,7260.614420,-0.691550,6.858634,768000,768000,1.000000000,1,2026-01-08 11:32:00.000000,2026-01-08 11:32:59.999922,1,BAY01_2316_20260108_112559_000.7z
2026-01-08 11:33:00,7268.415443,7.268415443,7262.301687,-0.706270,6.820026,768000,768000,1.000000000,1,2026-01-08 11:33:00.000000,2026-01-08 11:33:59.999922,1,BAY01_2316_20260108_112559_000.7z
2026-01-08 11:34:00,7270.849802,7.270849802,7264.937137,-0.619785,6.532450,768000,768000,1.000000000,1,2026-01-08 11:34:00.000000,2026-01-08 11:34:59.999922,1,BAY01_2316_20260108_112559_000.7z
2026-01-08 11:35:00,7272.220181,7.272220181,7266.384738,-0.745556,6.580999,755260,768000,0.983411458,0,2026-01-08 11:35:00.000000,2026-01-08 11:35:59.004609,1,BAY01_2316_20260108_112559_000.7z
2026-01-08 11:36:00,7272.762394,7.272762394,7267.073091,-0.784118,6.473421,665600,768000,0.866666667,0,2026-01-08 11:36:08.000000,2026-01-08 11:36:59.999922,1,BAY01_2317_20260108_113608_000.7z
2026-01-08 11:37:00,7273.628502,7.273628502,7267.916240,-0.805882,6.518144,768000,768000,1.000000000,1,2026-01-08 11:37:00.000000,2026-01-08 11:37:59.999922,1,BAY01_2317_20260108_113608_000.7z
2026-01-08 11:38:00,7275.982903,7.275982903,7270.102559,-0.667742,6.548086,768000,768000,1.000000000,1,2026-01-08 11:38:00.000000,2026-01-08 11:38:59.999922,1,BAY01_2317_20260108_113608_000.7z
2026-01-08 11:39:00,7278.499513,7.278499513,7272.699335,-0.698424,6.498602,768000,768000,1.000000000,1,2026-01-08 11:39:00.000000,2026-01-08 11:39:59.999922,1,BAY01_2317_20260108_113608_000.7z
2026-01-08 11:40:00,7277.246165,7.277246165,7271.417942,-0.675214,6.503438,768000,768000,1.000000000,1,2026-01-08 11:40:00.000000,2026-01-08 11:40:59.999922,1,BAY01_2317_20260108_113608_000.7z
2026-01-08 11:41:00,7278.653751,7.278653751,7272.852646,-0.755949,6.557054,768000,768000,1.000000000,1,2026-01-08 11:41:00.000000,2026-01-08 11:41:59.999922,1,BAY01_2317_20260108_113608_000.7z
2026-01-08 11:42:00,7280.238613,7.280238613,7274.474924,-0.733891,6.497580,768000,768000,1.000000000,1,2026-01-08 11:42:00.000000,2026-01-08 11:42:59.999922,1,BAY01_2317_20260108_113608_000.7z
2026-01-08 11:43:00,7282.372385,7.282372385,7276.601691,-0.728050,6.498744,768000,768000,1.000000000,1,2026-01-08 11:43:00.000000,2026-01-08 11:43:59.999922,1,BAY01_2317_20260108_113608_000.7z
2026-01-08 11:44:00,7280.504169,7.280504169,7274.540235,-0.631698,6.595632,768000,768000,1.000000000,1,2026-01-08 11:44:00.000000,2026-01-08 11:44:59.999922,1,BAY01_2317_20260108_113608_000.7z
2026-01-08 11:45:00,7279.280256,7.279280256,7273.506235,-0.771873,6.545894,768000,768000,1.000000000,1,2026-01-08 11:45:00.000000,2026-01-08 11:45:59.999922,1,BAY01_2317_20260108_113608_000.7z
2026-01-08 11:46:00,7280.596657,7.280596657,7274.799055,-0.711898,6.509501,576035,768000,0.750045573,0,2026-01-08 11:46:00.000000,2026-01-08 11:46:59.999922,2,BAY01_2317_20260108_113608_000.7z;BAY01_2318_20260108_114623_000.7z
2026-01-08 11:47:00,7281.765900,7.281765900,7276.008985,-0.833050,6.589965,768000,768000,1.000000000,1,2026-01-08 11:47:00.000000,2026-01-08 11:47:59.999922,1,BAY01_2318_20260108_114623_000.7z
2026-01-08 11:48:00,7281.406237,7.281406237,7275.619832,-0.755299,6.541704,768000,768000,1.000000000,1,2026-01-08 11:48:00.000000,2026-01-08 11:48:59.999922,1,BAY01_2318_20260108_114623_000.7z
2026-01-08 11:49:00,7280.737462,7.280737462,7274.791878,-0.701654,6.647237,768000,768000,1.000000000,1,2026-01-08 11:49:00.000000,2026-01-08 11:49:59.999922,1,BAY01_2318_20260108_114623_000.7z
2026-01-08 11:50:00,7278.427795,7.278427795,7272.594295,-0.738814,6.572314,768000,768000,1.000000000,1,2026-01-08 11:50:00.000000,2026-01-08 11:50:59.999922,1,BAY01_2318_20260108_114623_000.7z
2026-01-08 11:51:00,7279.564286,7.279564286,7273.706671,-0.735784,6.593399,768000,768000,1.000000000,1,2026-01-08 11:51:00.000000,2026-01-08 11:51:59.999922,1,BAY01_2318_20260108_114623_000.7z
2026-01-08 11:52:00,7280.045327,7.280045327,7274.269861,-0.760529,6.535995,768000,768000,1.000000000,1,2026-01-08 11:52:00.000000,2026-01-08 11:52:59.999922,1,BAY01_2318_20260108_114623_000.7z
2026-01-08 11:53:00,7281.224990,7.281224990,7275.398449,-0.687674,6.514214,768000,768000,1.000000000,1,2026-01-08 11:53:00.000000,2026-01-08 11:53:59.999922,1,BAY01_2318_20260108_114623_000.7z
2026-01-08 11:54:00,7280.256384,7.280256384,7272.333635,1.911103,6.011645,768000,768000,1.000000000,1,2026-01-08 11:54:00.000000,2026-01-08 11:54:59.999922,1,BAY01_2318_20260108_114623_000.7z
2026-01-08 11:55:00,7280.378643,7.280378643,7270.931510,4.039137,5.407996,768000,768000,1.000000000,1,2026-01-08 11:55:00.000000,2026-01-08 11:55:59.999922,1,BAY01_2318_20260108_114623_000.7z
2026-01-08 11:56:00,7280.571902,7.280571902,7271.077111,4.064068,5.430723,588909,768000,0.766808594,0,2026-01-08 11:56:00.000000,2026-01-08 11:56:59.999922,2,BAY01_2318_20260108_114623_000.7z;BAY01_2319_20260108_115637_000.7z
2026-01-08 11:57:00,7280.371701,7.280371701,7270.991471,3.986523,5.393707,768000,768000,1.000000000,1,2026-01-08 11:57:00.000000,2026-01-08 11:57:59.999922,1,BAY01_2319_20260108_115637_000.7z
2026-01-08 11:58:00,7279.921756,7.279921756,7270.588053,3.997763,5.335939,768000,768000,1.000000000,1,2026-01-08 11:58:00.000000,2026-01-08 11:58:59.999922,1,BAY01_2319_20260108_115637_000.7z
2026-01-08 11:59:00,7280.439108,7.280439108,7270.923289,4.040188,5.475631,768000,768000,1.000000000,1,2026-01-08 11:59:00.000000,2026-01-08 11:59:59.999922,1,BAY01_2319_20260108_115637_000.7z
2026-01-08 12:00:00,7280.903995,7.280903995,7271.389569,4.067527,5.446899,768000,768000,1.000000000,1,2026-01-08 12:00:00.000000,2026-01-08 12:00:59.999922,1,BAY01_2319_20260108_115637_000.7z
2026-01-08 12:01:00,7280.595590,7.280595590,7271.156717,4.058747,5.380127,768000,768000,1.000000000,1,2026-01-08 12:01:00.000000,2026-01-08 12:01:59.999922,1,BAY01_2319_20260108_115637_000.7z
2026-01-08 12:02:00,7281.839722,7.281839722,7272.358964,4.092632,5.388127,768000,768000,1.000000000,1,2026-01-08 12:02:00.000000,2026-01-08 12:02:59.999922,1,BAY01_2319_20260108_115637_000.7z
2026-01-08 12:03:00,7280.277056,7.280277056,7270.804978,4.523810,4.948268,768000,768000,1.000000000,1,2026-01-08 12:03:00.000000,2026-01-08 12:03:59.999922,1,BAY01_2319_20260108_115637_000.7z
2026-01-08 12:04:00,7279.633377,7.279633377,7270.154128,5.413264,4.065984,768000,768000,1.000000000,1,2026-01-08 12:04:00.000000,2026-01-08 12:04:59.999922,1,BAY01_2319_20260108_115637_000.7z
2026-01-08 12:05:00,7280.903783,7.280903783,7271.563529,5.254233,4.086022,768000,768000,1.000000000,1,2026-01-08 12:05:00.000000,2026-01-08 12:05:59.999922,1,BAY01_2319_20260108_115637_000.7z
2026-01-08 12:06:00,7287.403749,7.287403749,7278.050568,5.308530,4.044651,652877,768000,0.850100260,0,2026-01-08 12:06:00.000000,2026-01-08 12:06:59.999922,2,BAY01_2319_20260108_115637_000.7z;BAY01_2320_20260108_120646_000.7z
2026-01-08 12:07:00,7288.839700,7.288839700,7279.596779,5.185748,4.057173,768000,768000,1.000000000,1,2026-01-08 12:07:00.000000,2026-01-08 12:07:59.999922,1,BAY01_2320_20260108_120646_000.7z
2026-01-08 12:08:00,7288.479793,7.288479793,7279.180225,5.279200,4.020368,768000,768000,1.000000000,1,2026-01-08 12:08:00.000000,2026-01-08 12:08:59.999922,1,BAY01_2320_20260108_120646_000.7z
2026-01-08 12:09:00,7289.468890,7.289468890,7280.157449,5.276806,4.034636,768000,768000,1.000000000,1,2026-01-08 12:09:00.000000,2026-01-08 12:09:59.999922,1,BAY01_2320_20260108_120646_000.7z
2026-01-08 12:10:00,7287.334941,7.287334941,7278.024685,5.301931,4.008325,768000,768000,1.000000000,1,2026-01-08 12:10:00.000000,2026-01-08 12:10:59.999922,1,BAY01_2320_20260108_120646_000.7z
2026-01-08 12:11:00,7287.421883,7.287421883,7278.053696,5.301517,4.066669,768000,768000,1.000000000,1,2026-01-08 12:11:00.000000,2026-01-08 12:11:59.999922,1,BAY01_2320_20260108_120646_000.7z
2026-01-08 12:12:00,7288.596532,7.288596532,7279.219388,5.327907,4.049237,768000,768000,1.000000000,1,2026-01-08 12:12:00.000000,2026-01-08 12:12:59.999922,1,BAY01_2320_20260108_120646_000.7z
2026-01-08 12:13:00,7288.421227,7.288421227,7279.146195,5.275434,3.999598,768000,768000,1.000000000,1,2026-01-08 12:13:00.000000,2026-01-08 12:13:59.999922,1,BAY01_2320_20260108_120646_000.7z
2026-01-08 12:14:00,7289.164227,7.289164227,7279.740276,5.355552,4.068400,768000,768000,1.000000000,1,2026-01-08 12:14:00.000000,2026-01-08 12:14:59.999922,1,BAY01_2320_20260108_120646_000.7z
2026-01-08 12:15:00,7287.740456,7.287740456,7278.324023,5.340417,4.076015,768000,768000,1.000000000,1,2026-01-08 12:15:00.000000,2026-01-08 12:15:59.999922,1,BAY01_2320_20260108_120646_000.7z
2026-01-08 12:16:00,7289.398214,7.289398214,7280.070351,5.284602,4.043261,588883,768000,0.766774740,0,2026-01-08 12:16:00.000000,2026-01-08 12:16:46.006406,1,BAY01_2320_20260108_120646_000.7z
2026-01-08 12:17:00,7291.668357,7.291668357,7282.385178,5.223526,4.059654,768000,768000,1.000000000,1,2026-01-08 12:17:00.000000,2026-01-08 12:17:59.999922,1,BAY01_2321_20260108_121700_000.7z
2026-01-08 12:18:00,7288.798439,7.288798439,7279.456846,5.334651,4.006942,768000,768000,1.000000000,1,2026-01-08 12:18:00.000000,2026-01-08 12:18:59.999922,1,BAY01_2321_20260108_121700_000.7z
2026-01-08 12:19:00,7289.035891,7.289035891,7279.574736,5.325165,4.135990,768000,768000,1.000000000,1,2026-01-08 12:19:00.000000,2026-01-08 12:19:59.999922,1,BAY01_2321_20260108_121700_000.7z
2026-01-08 12:20:00,7289.217705,7.289217705,7279.924280,5.317803,3.975622,768000,768000,1.000000000,1,2026-01-08 12:20:00.000000,2026-01-08 12:20:59.999922,1,BAY01_2321_20260108_121700_000.7z
2026-01-08 12:21:00,7288.284420,7.288284420,7278.995920,5.256625,4.031876,768000,768000,1.000000000,1,2026-01-08 12:21:00.000000,2026-01-08 12:21:59.999922,1,BAY01_2321_20260108_121700_000.7z
2026-01-08 12:22:00,7287.967577,7.287967577,7278.663747,5.296165,4.007665,768000,768000,1.000000000,1,2026-01-08 12:22:00.000000,2026-01-08 12:22:59.999922,1,BAY01_2321_20260108_121700_000.7z
2026-01-08 12:23:00,7287.045529,7.287045529,7277.482914,5.708510,3.854104,768000,768000,1.000000000,1,2026-01-08 12:23:00.000000,2026-01-08 12:23:59.999922,1,BAY01_2321_20260108_121700_000.7z
2026-01-08 12:24:00,7287.608034,7.287608034,7277.562095,6.805507,3.240432,768000,768000,1.000000000,1,2026-01-08 12:24:00.000000,2026-01-08 12:24:59.999922,1,BAY01_2321_20260108_121700_000.7z
2026-01-08 12:25:00,7287.412062,7.287412062,7277.462669,6.659830,3.289562,768000,768000,1.000000000,1,2026-01-08 12:25:00.000000,2026-01-08 12:25:59.999922,1,BAY01_2321_20260108_121700_000.7z
2026-01-08 12:26:00,7286.527974,7.286527974,7276.564488,6.804223,3.159262,768000,768000,1.000000000,1,2026-01-08 12:26:00.000000,2026-01-08 12:26:59.999922,1,BAY01_2321_20260108_121700_000.7z
2026-01-08 12:27:00,7287.727521,7.287727521,7277.755497,6.825756,3.146268,640085,768000,0.833444010,0,2026-01-08 12:27:00.000000,2026-01-08 12:27:59.999922,2,BAY01_2321_20260108_121700_000.7z;BAY01_2322_20260108_122710_000.7z
2026-01-08 12:28:00,7288.591613,7.288591613,7278.798173,6.699678,3.093762,768000,768000,1.000000000,1,2026-01-08 12:28:00.000000,2026-01-08 12:28:59.999922,1,BAY01_2322_20260108_122710_000.7z
2026-01-08 12:29:00,7288.422511,7.288422511,7278.482635,6.666266,3.273611,768000,768000,1.000000000,1,2026-01-08 12:29:00.000000,2026-01-08 12:29:59.999922,1,BAY01_2322_20260108_122710_000.7z
2026-01-08 12:30:00,7288.588903,7.288588903,7278.601717,6.770477,3.216709,768000,768000,1.000000000,1,2026-01-08 12:30:00.000000,2026-01-08 12:30:59.999922,1,BAY01_2322_20260108_122710_000.7z
2026-01-08 12:31:00,7288.200528,7.288200528,7278.290613,6.680470,3.229445,768000,768000,1.000000000,1,2026-01-08 12:31:00.000000,2026-01-08 12:31:59.999922,1,BAY01_2322_20260108_122710_000.7z
2026-01-08 12:32:00,7288.037006,7.288037006,7278.041291,6.742740,3.252975,768000,768000,1.000000000,1,2026-01-08 12:32:00.000000,2026-01-08 12:32:59.999922,1,BAY01_2322_20260108_122710_000.7z
2026-01-08 12:33:00,7288.251918,7.288251918,7278.223109,6.772146,3.256663,768000,768000,1.000000000,1,2026-01-08 12:33:00.000000,2026-01-08 12:33:59.999922,1,BAY01_2322_20260108_122710_000.7z
2026-01-08 12:34:00,7289.234487,7.289234487,7279.245069,6.745748,3.243669,768000,768000,1.000000000,1,2026-01-08 12:34:00.000000,2026-01-08 12:34:59.999922,1,BAY01_2322_20260108_122710_000.7z
2026-01-08 12:35:00,7288.710340,7.288710340,7278.770510,6.822700,3.117130,768000,768000,1.000000000,1,2026-01-08 12:35:00.000000,2026-01-08 12:35:59.999922,1,BAY01_2322_20260108_122710_000.7z
2026-01-08 12:36:00,7289.094632,7.289094632,7279.177649,6.722777,3.194206,768000,768000,1.000000000,1,2026-01-08 12:36:00.000000,2026-01-08 12:36:59.999922,1,BAY01_2322_20260108_122710_000.7z
2026-01-08 12:37:00,7287.536036,7.287536036,7277.627757,6.722439,3.185840,588854,768000,0.766736979,0,2026-01-08 12:37:00.000000,2026-01-08 12:37:59.999922,2,BAY01_2322_20260108_122710_000.7z;BAY01_2323_20260108_123724_000.7z
2026-01-08 12:38:00,7288.120844,7.288120844,7278.195326,6.721690,3.203827,768000,768000,1.000000000,1,2026-01-08 12:38:00.000000,2026-01-08 12:38:59.999922,1,BAY01_2323_20260108_123724_000.7z
2026-01-08 12:39:00,7288.056043,7.288056043,7278.061550,6.748510,3.245983,768000,768000,1.000000000,1,2026-01-08 12:39:00.000000,2026-01-08 12:39:59.999922,1,BAY01_2323_20260108_123724_000.7z
2026-01-08 12:40:00,7288.122693,7.288122693,7278.175332,6.718953,3.228408,768000,768000,1.000000000,1,2026-01-08 12:40:00.000000,2026-01-08 12:40:59.999922,1,BAY01_2323_20260108_123724_000.7z
2026-01-08 12:41:00,7287.758221,7.287758221,7277.841173,6.744816,3.172232,768000,768000,1.000000000,1,2026-01-08 12:41:00.000000,2026-01-08 12:41:59.999922,1,BAY01_2323_20260108_123724_000.7z
2026-01-08 12:42:00,7288.271175,7.288271175,7278.381424,6.711547,3.178204,768000,768000,1.000000000,1,2026-01-08 12:42:00.000000,2026-01-08 12:42:59.999922,1,BAY01_2323_20260108_123724_000.7z
2026-01-08 12:43:00,7287.041927,7.287041927,7277.087055,6.801652,3.153219,768000,768000,1.000000000,1,2026-01-08 12:43:00.000000,2026-01-08 12:43:59.999922,1,BAY01_2323_20260108_123724_000.7z
2026-01-08 12:44:00,7286.992850,7.286992850,7276.960116,6.745150,3.287583,768000,768000,1.000000000,1,2026-01-08 12:44:00.000000,2026-01-08 12:44:59.999922,1,BAY01_2323_20260108_123724_000.7z
2026-01-08 12:45:00,7286.472954,7.286472954,7276.508627,6.750148,3.214180,768000,768000,1.000000000,1,2026-01-08 12:45:00.000000,2026-01-08 12:45:59.999922,1,BAY01_2323_20260108_123724_000.7z
2026-01-08 12:46:00,7285.686684,7.285686684,7275.769833,6.814009,3.102843,768000,768000,1.000000000,1,2026-01-08 12:46:00.000000,2026-01-08 12:46:59.999922,1,BAY01_2323_20260108_123724_000.7z
2026-01-08 12:47:00,7285.064427,7.285064427,7275.078031,6.752253,3.234143,640090,768000,0.833450521,0,2026-01-08 12:47:00.000000,2026-01-08 12:47:59.999922,2,BAY01_2323_20260108_123724_000.7z;BAY01_2324_20260108_124734_000.7z
2026-01-08 12:48:00,7285.606469,7.285606469,7275.681961,6.757117,3.167391,768000,768000,1.000000000,1,2026-01-08 12:48:00.000000,2026-01-08 12:48:59.999922,1,BAY01_2324_20260108_124734_000.7z
2026-01-08 12:49:00,7285.500633,7.285500633,7275.601746,6.754703,3.144185,768000,768000,1.000000000,1,2026-01-08 12:49:00.000000,2026-01-08 12:49:59.999922,1,BAY01_2324_20260108_124734_000.7z
2026-01-08 12:50:00,7286.908953,7.286908953,7276.937041,6.799855,3.172057,768000,768000,1.000000000,1,2026-01-08 12:50:00.000000,2026-01-08 12:50:59.999922,1,BAY01_2324_20260108_124734_000.7z
2026-01-08 12:51:00,7285.437816,7.285437816,7275.415734,6.807703,3.214380,768000,768000,1.000000000,1,2026-01-08 12:51:00.000000,2026-01-08 12:51:59.999922,1,BAY01_2324_20260108_124734_000.7z
2026-01-08 12:52:00,7286.881266,7.286881266,7276.936380,6.733545,3.211342,768000,768000,1.000000000,1,2026-01-08 12:52:00.000000,2026-01-08 12:52:59.999922,1,BAY01_2324_20260108_124734_000.7z
2026-01-08 12:53:00,7286.264552,7.286264552,7276.288644,6.787752,3.188155,768000,768000,1.000000000,1,2026-01-08 12:53:00.000000,2026-01-08 12:53:59.999922,1,BAY01_2324_20260108_124734_000.7z
2026-01-08 12:54:00,7285.389716,7.285389716,7275.418438,6.770468,3.200810,768000,768000,1.000000000,1,2026-01-08 12:54:00.000000,2026-01-08 12:54:59.999922,1,BAY01_2324_20260108_124734_000.7z
2026-01-08 12:55:00,7284.843709,7.284843709,7274.817681,6.843256,3.182771,768000,768000,1.000000000,1,2026-01-08 12:55:00.000000,2026-01-08 12:55:59.999922,1,BAY01_2324_20260108_124734_000.7z
2026-01-08 12:56:00,7285.536259,7.285536259,7275.534830,6.816505,3.184924,768000,768000,1.000000000,1,2026-01-08 12:56:00.000000,2026-01-08 12:56:59.999922,1,BAY01_2324_20260108_124734_000.7z
2026-01-08 12:57:00,7285.080368,7.285080368,7275.099813,6.799438,3.181117,640091,768000,0.833451823,0,2026-01-08 12:57:00.000000,2026-01-08 12:57:59.999922,2,BAY01_2324_20260108_124734_000.7z;BAY01_2325_20260108_125744_000.7z
2026-01-08 12:58:00,7284.590343,7.284590343,7274.601445,6.745551,3.243347,768000,768000,1.000000000,1,2026-01-08 12:58:00.000000,2026-01-08 12:58:59.999922,1,BAY01_2325_20260108_125744_000.7z
2026-01-08 12:59:00,7285.261366,7.285261366,7275.269802,6.748382,3.243182,768000,768000,1.000000000,1,2026-01-08 12:59:00.000000,2026-01-08 12:59:59.999922,1,BAY01_2325_20260108_125744_000.7z
2026-01-08 13:00:00,7285.488824,7.285488824,7275.529674,6.744163,3.214988,768000,768000,1.000000000,1,2026-01-08 13:00:00.000000,2026-01-08 13:00:59.999922,1,BAY01_2325_20260108_125744_000.7z
2026-01-08 13:01:00,7285.295109,7.285295109,7275.264306,6.835950,3.194853,768000,768000,1.000000000,1,2026-01-08 13:01:00.000000,2026-01-08 13:01:59.999922,1,BAY01_2325_20260108_125744_000.7z
2026-01-08 13:02:00,7285.423585,7.285423585,7275.431348,6.742139,3.250098,768000,768000,1.000000000,1,2026-01-08 13:02:00.000000,2026-01-08 13:02:59.999922,1,BAY01_2325_20260108_125744_000.7z
2026-01-08 13:03:00,7284.785612,7.284785612,7274.715257,6.807835,3.262520,768000,768000,1.000000000,1,2026-01-08 13:03:00.000000,2026-01-08 13:03:59.999922,1,BAY01_2325_20260108_125744_000.7z
2026-01-08 13:04:00,7285.213581,7.285213581,7275.241986,6.681849,3.289745,768000,768000,1.000000000,1,2026-01-08 13:04:00.000000,2026-01-08 13:04:59.999922,1,BAY01_2325_20260108_125744_000.7z
2026-01-08 13:05:00,7284.309003,7.284309003,7274.359376,6.676464,3.273163,768000,768000,1.000000000,1,2026-01-08 13:05:00.000000,2026-01-08 13:05:59.999922,1,BAY01_2325_20260108_125744_000.7z
2026-01-08 13:06:00,7285.160764,7.285160764,7275.137018,6.760390,3.263356,768000,768000,1.000000000,1,2026-01-08 13:06:00.000000,2026-01-08 13:06:59.999922,1,BAY01_2325_20260108_125744_000.7z
2026-01-08 13:07:00,7284.575651,7.284575651,7274.586831,6.727457,3.261363,576007,768000,0.750009115,0,2026-01-08 13:07:00.000000,2026-01-08 13:07:59.999922,2,BAY01_2325_20260108_125744_000.7z;BAY01_2326_20260108_130759_000.7z
2026-01-08 13:08:00,7285.346592,7.285346592,7275.461637,6.755881,3.129074,768000,768000,1.000000000,1,2026-01-08 13:08:00.000000,2026-01-08 13:08:59.999922,1,BAY01_2326_20260108_130759_000.7z
2026-01-08 13:09:00,7285.035077,7.285035077,7275.091884,6.702369,3.240823,768000,768000,1.000000000,1,2026-01-08 13:09:00.000000,2026-01-08 13:09:59.999922,1,BAY01_2326_20260108_130759_000.7z
2026-01-08 13:10:00,7287.484033,7.287484033,7277.465786,6.823017,3.195229,768000,768000,1.000000000,1,2026-01-08 13:10:00.000000,2026-01-08 13:10:59.999922,1,BAY01_2326_20260108_130759_000.7z
2026-01-08 13:11:00,7287.353196,7.287353196,7277.393136,6.728819,3.231241,768000,768000,1.000000000,1,2026-01-08 13:11:00.000000,2026-01-08 13:11:59.999922,1,BAY01_2326_20260108_130759_000.7z
2026-01-08 13:12:00,7286.859254,7.286859254,7276.889673,6.805395,3.164186,768000,768000,1.000000000,1,2026-01-08 13:12:00.000000,2026-01-08 13:12:59.999922,1,BAY01_2326_20260108_130759_000.7z
2026-01-08 13:13:00,7288.624730,7.288624730,7278.592652,6.838112,3.193967,768000,768000,1.000000000,1,2026-01-08 13:13:00.000000,2026-01-08 13:13:59.999922,1,BAY01_2326_20260108_130759_000.7z
2026-01-08 13:14:00,7288.321323,7.288321323,7278.336760,6.725650,3.258913,768000,768000,1.000000000,1,2026-01-08 13:14:00.000000,2026-01-08 13:14:59.999922,1,BAY01_2326_20260108_130759_000.7z
2026-01-08 13:15:00,7288.300993,7.288300993,7278.341385,6.779172,3.180436,768000,768000,1.000000000,1,2026-01-08 13:15:00.000000,2026-01-08 13:15:59.999922,1,BAY01_2326_20260108_130759_000.7z
2026-01-08 13:16:00,7287.673837,7.287673837,7277.777969,6.726566,3.169301,768000,768000,1.000000000,1,2026-01-08 13:16:00.000000,2026-01-08 13:16:59.999922,1,BAY01_2326_20260108_130759_000.7z
2026-01-08 13:17:00,7289.082137,7.289082137,7279.128128,6.770867,3.183143,755246,768000,0.983393229,0,2026-01-08 13:17:00.000000,2026-01-08 13:17:59.003516,1,BAY01_2326_20260108_130759_000.7z
2026-01-08 13:18:00,7288.683735,7.288683735,7278.703457,6.768998,3.211280,665600,768000,0.866666667,0,2026-01-08 13:18:08.000000,2026-01-08 13:18:59.999922,1,BAY01_2327_20260108_131808_000.7z
2026-01-08 13:19:00,7290.489740,7.290489740,7280.600464,6.774660,3.114616,768000,768000,1.000000000,1,2026-01-08 13:19:00.000000,2026-01-08 13:19:59.999922,1,BAY01_2327_20260108_131808_000.7z
2026-01-08 13:20:00,7290.419104,7.290419104,7280.502768,6.751990,3.164345,768000,768000,1.000000000,1,2026-01-08 13:20:00.000000,2026-01-08 13:20:59.999922,1,BAY01_2327_20260108_131808_000.7z
2026-01-08 13:21:00,7289.673845,7.289673845,7279.736014,6.714084,3.223747,768000,768000,1.000000000,1,2026-01-08 13:21:00.000000,2026-01-08 13:21:59.999922,1,BAY01_2327_20260108_131808_000.7z
2026-01-08 13:22:00,7290.222871,7.290222871,7280.246946,6.737394,3.238531,768000,768000,1.000000000,1,2026-01-08 13:22:00.000000,2026-01-08 13:22:59.999922,1,BAY01_2327_20260108_131808_000.7z
2026-01-08 13:23:00,7289.416121,7.289416121,7279.402401,6.758211,3.255509,768000,768000,1.000000000,1,2026-01-08 13:23:00.000000,2026-01-08 13:23:59.999922,1,BAY01_2327_20260108_131808_000.7z
2026-01-08 13:24:00,7290.782343,7.290782343,7280.779445,6.801052,3.201846,768000,768000,1.000000000,1,2026-01-08 13:24:00.000000,2026-01-08 13:24:59.999922,1,BAY01_2327_20260108_131808_000.7z
2026-01-08 13:25:00,7291.495762,7.291495762,7281.471775,6.762525,3.261463,768000,768000,1.000000000,1,2026-01-08 13:25:00.000000,2026-01-08 13:25:59.999922,1,BAY01_2327_20260108_131808_000.7z
2026-01-08 13:26:00,7290.955685,7.290955685,7281.052808,6.773072,3.129805,768000,768000,1.000000000,1,2026-01-08 13:26:00.000000,2026-01-08 13:26:59.999922,1,BAY01_2327_20260108_131808_000.7z
2026-01-08 13:27:00,7290.684283,7.290684283,7280.708964,6.803044,3.172276,768000,768000,1.000000000,1,2026-01-08 13:27:00.000000,2026-01-08 13:27:59.999922,1,BAY01_2327_20260108_131808_000.7z
2026-01-08 13:28:00,7290.581303,7.290581303,7280.581376,6.770838,3.229089,576114,768000,0.750148438,0,2026-01-08 13:28:00.000000,2026-01-08 13:28:59.999922,2,BAY01_2327_20260108_131808_000.7z;BAY01_2328_20260108_132823_000.7z
2026-01-08 13:29:00,7290.757816,7.290757816,7280.874109,6.758342,3.125365,768000,768000,1.000000000,1,2026-01-08 13:29:00.000000,2026-01-08 13:29:59.999922,1,BAY01_2328_20260108_132823_000.7z
2026-01-08 13:30:00,7290.293810,7.290293810,7280.236379,6.816320,3.241111,768000,768000,1.000000000,1,2026-01-08 13:30:00.000000,2026-01-08 13:30:59.999922,1,BAY01_2328_20260108_132823_000.7z
2026-01-08 13:31:00,7290.173279,7.290173279,7280.180089,6.785627,3.207564,768000,768000,1.000000000,1,2026-01-08 13:31:00.000000,2026-01-08 13:31:59.999922,1,BAY01_2328_20260108_132823_000.7z
2026-01-08 13:32:00,7288.635702,7.288635702,7278.703747,6.748744,3.183211,768000,768000,1.000000000,1,2026-01-08 13:32:00.000000,2026-01-08 13:32:59.999922,1,BAY01_2328_20260108_132823_000.7z
2026-01-08 13:33:00,7290.127695,7.290127695,7280.227928,6.757625,3.142142,768000,768000,1.000000000,1,2026-01-08 13:33:00.000000,2026-01-08 13:33:59.999922,1,BAY01_2328_20260108_132823_000.7z
2026-01-08 13:34:00,7288.868458,7.288868458,7278.866978,6.800826,3.200653,768000,768000,1.000000000,1,2026-01-08 13:34:00.000000,2026-01-08 13:34:59.999922,1,BAY01_2328_20260108_132823_000.7z
2026-01-08 13:35:00,7289.350283,7.289350283,7279.333890,6.875446,3.140947,768000,768000,1.000000000,1,2026-01-08 13:35:00.000000,2026-01-08 13:35:59.999922,1,BAY01_2328_20260108_132823_000.7z
2026-01-08 13:36:00,7288.163702,7.288163702,7278.236313,6.726365,3.201024,768000,768000,1.000000000,1,2026-01-08 13:36:00.000000,2026-01-08 13:36:59.999922,1,BAY01_2328_20260108_132823_000.7z
2026-01-08 13:37:00,7288.730873,7.288730873,7278.810856,6.727376,3.192642,768000,768000,1.000000000,1,2026-01-08 13:37:00.000000,2026-01-08 13:37:59.999922,1,BAY01_2328_20260108_132823_000.7z
2026-01-08 13:38:00,7289.309172,7.289309172,7279.364055,6.800775,3.144341,601667,768000,0.783420573,0,2026-01-08 13:38:00.000000,2026-01-08 13:38:59.999922,2,BAY01_2328_20260108_132823_000.7z;BAY01_2329_20260108_133836_000.7z
2026-01-08 13:39:00,7289.807436,7.289807436,7279.847745,6.796223,3.163468,768000,768000,1.000000000,1,2026-01-08 13:39:00.000000,2026-01-08 13:39:59.999922,1,BAY01_2329_20260108_133836_000.7z
2026-01-08 13:40:00,7289.869689,7.289869689,7279.908932,6.795771,3.164985,768000,768000,1.000000000,1,2026-01-08 13:40:00.000000,2026-01-08 13:40:59.999922,1,BAY01_2329_20260108_133836_000.7z
2026-01-08 13:41:00,7289.428067,7.289428067,7279.483967,6.730678,3.213422,768000,768000,1.000000000,1,2026-01-08 13:41:00.000000,2026-01-08 13:41:59.999922,1,BAY01_2329_20260108_133836_000.7z
2026-01-08 13:42:00,7291.417920,7.291417920,7281.487584,6.757352,3.172985,768000,768000,1.000000000,1,2026-01-08 13:42:00.000000,2026-01-08 13:42:59.999922,1,BAY01_2329_20260108_133836_000.7z
2026-01-08 13:43:00,7290.714711,7.290714711,7280.769272,6.737325,3.208114,768000,768000,1.000000000,1,2026-01-08 13:43:00.000000,2026-01-08 13:43:59.999922,1,BAY01_2329_20260108_133836_000.7z
2026-01-08 13:44:00,7290.587430,7.290587430,7280.615873,6.815964,3.155593,768000,768000,1.000000000,1,2026-01-08 13:44:00.000000,2026-01-08 13:44:59.999922,1,BAY01_2329_20260108_133836_000.7z
2026-01-08 13:45:00,7289.583481,7.289583481,7279.456050,6.823651,3.303781,768000,768000,1.000000000,1,2026-01-08 13:45:00.000000,2026-01-08 13:45:59.999922,1,BAY01_2329_20260108_133836_000.7z
2026-01-08 13:46:00,7289.818033,7.289818033,7279.895578,6.785277,3.137178,768000,768000,1.000000000,1,2026-01-08 13:46:00.000000,2026-01-08 13:46:59.999922,1,BAY01_2329_20260108_133836_000.7z
2026-01-08 13:47:00,7290.835847,7.290835847,7280.879120,6.827281,3.129446,768000,768000,1.000000000,1,2026-01-08 13:47:00.000000,2026-01-08 13:47:59.999922,1,BAY01_2329_20260108_133836_000.7z
2026-01-08 13:48:00,7290.664610,7.290664610,7280.656460,6.726896,3.281253,614461,768000,0.800079427,0,2026-01-08 13:48:00.000000,2026-01-08 13:48:59.999922,2,BAY01_2329_20260108_133836_000.7z;BAY01_2330_20260108_134848_000.7z
2026-01-08 13:49:00,7290.146263,7.290146263,7280.206819,6.797093,3.142351,768000,768000,1.000000000,1,2026-01-08 13:49:00.000000,2026-01-08 13:49:59.999922,1,BAY01_2330_20260108_134848_000.7z
2026-01-08 13:50:00,7289.940375,7.289940375,7279.922765,6.747861,3.269749,768000,768000,1.000000000,1,2026-01-08 13:50:00.000000,2026-01-08 13:50:59.999922,1,BAY01_2330_20260108_134848_000.7z
2026-01-08 13:51:00,7291.301286,7.291301286,7281.303662,6.829112,3.168513,768000,768000,1.000000000,1,2026-01-08 13:51:00.000000,2026-01-08 13:51:59.999922,1,BAY01_2330_20260108_134848_000.7z
2026-01-08 13:52:00,7291.860694,7.291860694,7281.877774,6.746906,3.236013,768000,768000,1.000000000,1,2026-01-08 13:52:00.000000,2026-01-08 13:52:59.999922,1,BAY01_2330_20260108_134848_000.7z
2026-01-08 13:53:00,7292.681142,7.292681142,7283.690493,5.410004,3.580645,768000,768000,1.000000000,1,2026-01-08 13:53:00.000000,2026-01-08 13:53:59.999922,1,BAY01_2330_20260108_134848_000.7z
2026-01-08 13:54:00,7292.345886,7.292345886,7284.479070,4.023411,3.843405,768000,768000,1.000000000,1,2026-01-08 13:54:00.000000,2026-01-08 13:54:59.999922,1,BAY01_2330_20260108_134848_000.7z
2026-01-08 13:55:00,7294.130780,7.294130780,7286.687192,3.456995,3.986593,768000,768000,1.000000000,1,2026-01-08 13:55:00.000000,2026-01-08 13:55:59.999922,1,BAY01_2330_20260108_134848_000.7z
2026-01-08 13:56:00,7291.490580,7.291490580,7284.329855,3.062123,4.098601,768000,768000,1.000000000,1,2026-01-08 13:56:00.000000,2026-01-08 13:56:59.999922,1,BAY01_2330_20260108_134848_000.7z
2026-01-08 13:57:00,7291.271511,7.291271511,7284.301026,2.882539,4.087946,768000,768000,1.000000000,1,2026-01-08 13:57:00.000000,2026-01-08 13:57:59.999922,1,BAY01_2330_20260108_134848_000.7z
2026-01-08 13:58:00,7291.086112,7.291086112,7284.176014,2.718524,4.191574,614505,768000,0.800136719,0,2026-01-08 13:58:00.000000,2026-01-08 13:58:48.008125,1,BAY01_2330_20260108_134848_000.7z
2026-01-08 13:59:00,7291.701061,7.291701061,7284.854799,2.675495,4.170766,729600,768000,0.950000000,0,2026-01-08 13:59:03.000000,2026-01-08 13:59:59.999922,1,BAY01_2331_20260108_135903_000.7z
2026-01-08 14:00:00,7293.091410,7.293091410,7286.391199,2.398942,4.301270,768000,768000,1.000000000,1,2026-01-08 14:00:00.000000,2026-01-08 14:00:59.999922,1,BAY01_2331_20260108_135903_000.7z
2026-01-08 14:01:00,7292.440152,7.292440152,7286.147229,1.939814,4.353108,768000,768000,1.000000000,1,2026-01-08 14:01:00.000000,2026-01-08 14:01:59.999922,1,BAY01_2331_20260108_135903_000.7z
2026-01-08 14:02:00,7293.832399,7.293832399,7287.553004,1.865351,4.414045,768000,768000,1.000000000,1,2026-01-08 14:02:00.000000,2026-01-08 14:02:59.999922,1,BAY01_2331_20260108_135903_000.7z
2026-01-08 14:03:00,7291.958207,7.291958207,7285.600981,2.002879,4.354347,768000,768000,1.000000000,1,2026-01-08 14:03:00.000000,2026-01-08 14:03:59.999922,1,BAY01_2331_20260108_135903_000.7z
2026-01-08 14:04:00,7293.000910,7.293000910,7286.720161,1.980481,4.300268,768000,768000,1.000000000,1,2026-01-08 14:04:00.000000,2026-01-08 14:04:59.999922,1,BAY01_2331_20260108_135903_000.7z
2026-01-08 14:05:00,7293.490370,7.293490370,7287.153215,2.001768,4.335388,768000,768000,1.000000000,1,2026-01-08 14:05:00.000000,2026-01-08 14:05:59.999922,1,BAY01_2331_20260108_135903_000.7z
2026-01-08 14:06:00,7293.380656,7.293380656,7287.107003,1.965727,4.307926,768000,768000,1.000000000,1,2026-01-08 14:06:00.000000,2026-01-08 14:06:59.999922,1,BAY01_2331_20260108_135903_000.7z
2026-01-08 14:07:00,7292.939829,7.292939829,7286.646118,1.956489,4.337222,768000,768000,1.000000000,1,2026-01-08 14:07:00.000000,2026-01-08 14:07:59.999922,1,BAY01_2331_20260108_135903_000.7z
2026-01-08 14:08:00,7293.073943,7.293073943,7286.819208,1.958729,4.296006,768000,768000,1.000000000,1,2026-01-08 14:08:00.000000,2026-01-08 14:08:59.999922,1,BAY01_2331_20260108_135903_000.7z
2026-01-08 14:09:00,7292.457510,7.292457510,7286.209390,1.860945,4.387175,665704,768000,0.866802083,0,2026-01-08 14:09:00.000000,2026-01-08 14:09:59.999922,2,BAY01_2331_20260108_135903_000.7z;BAY01_2332_20260108_140911_000.7z
2026-01-08 14:10:00,7293.409283,7.293409283,7287.107230,1.856808,4.445245,768000,768000,1.000000000,1,2026-01-08 14:10:00.000000,2026-01-08 14:10:59.999922,1,BAY01_2332_20260108_140911_000.7z
2026-01-08 14:11:00,7293.766979,7.293766979,7287.483251,1.992126,4.291602,768000,768000,1.000000000,1,2026-01-08 14:11:00.000000,2026-01-08 14:11:59.999922,1,BAY01_2332_20260108_140911_000.7z
2026-01-08 14:12:00,7294.241778,7.294241778,7288.003671,1.910719,4.327389,768000,768000,1.000000000,1,2026-01-08 14:12:00.000000,2026-01-08 14:12:59.999922,1,BAY01_2332_20260108_140911_000.7z
2026-01-08 14:13:00,7293.623820,7.293623820,7287.352903,1.969802,4.301115,768000,768000,1.000000000,1,2026-01-08 14:13:00.000000,2026-01-08 14:13:59.999922,1,BAY01_2332_20260108_140911_000.7z
2026-01-08 14:14:00,7294.349449,7.294349449,7288.066155,1.973002,4.310292,768000,768000,1.000000000,1,2026-01-08 14:14:00.000000,2026-01-08 14:14:59.999922,1,BAY01_2332_20260108_140911_000.7z
2026-01-08 14:15:00,7293.315294,7.293315294,7286.978231,1.942485,4.394579,768000,768000,1.000000000,1,2026-01-08 14:15:00.000000,2026-01-08 14:15:59.999922,1,BAY01_2332_20260108_140911_000.7z
2026-01-08 14:16:00,7294.744120,7.294744120,7288.493865,1.932488,4.317767,768000,768000,1.000000000,1,2026-01-08 14:16:00.000000,2026-01-08 14:16:59.999922,1,BAY01_2332_20260108_140911_000.7z
2026-01-08 14:17:00,7295.840613,7.295840613,7289.588514,1.942179,4.309921,768000,768000,1.000000000,1,2026-01-08 14:17:00.000000,2026-01-08 14:17:59.999922,1,BAY01_2332_20260108_140911_000.7z
2026-01-08 14:18:00,7294.322637,7.294322637,7288.062422,1.932310,4.327905,768000,768000,1.000000000,1,2026-01-08 14:18:00.000000,2026-01-08 14:18:59.999922,1,BAY01_2332_20260108_140911_000.7z
2026-01-08 14:19:00,7294.591322,7.294591322,7288.335346,1.909094,4.346883,640119,768000,0.833488281,0,2026-01-08 14:19:00.000000,2026-01-08 14:19:59.999922,2,BAY01_2332_20260108_140911_000.7z;BAY01_2333_20260108_141921_000.7z
2026-01-08 14:20:00,7295.106107,7.295106107,7288.809180,1.917519,4.379409,768000,768000,1.000000000,1,2026-01-08 14:20:00.000000,2026-01-08 14:20:59.999922,1,BAY01_2333_20260108_141921_000.7z
2026-01-08 14:21:00,7296.702444,7.296702444,7290.342013,2.017021,4.343410,768000,768000,1.000000000,1,2026-01-08 14:21:00.000000,2026-01-08 14:21:59.999922,1,BAY01_2333_20260108_141921_000.7z
2026-01-08 14:22:00,7296.503817,7.296503817,7290.251027,1.912842,4.339948,768000,768000,1.000000000,1,2026-01-08 14:22:00.000000,2026-01-08 14:22:59.999922,1,BAY01_2333_20260108_141921_000.7z
2026-01-08 14:23:00,7294.491991,7.294491991,7288.240422,1.930807,4.320763,768000,768000,1.000000000,1,2026-01-08 14:23:00.000000,2026-01-08 14:23:59.999922,1,BAY01_2333_20260108_141921_000.7z
2026-01-08 14:24:00,7295.372645,7.295372645,7289.057441,2.009660,4.305545,768000,768000,1.000000000,1,2026-01-08 14:24:00.000000,2026-01-08 14:24:59.999922,1,BAY01_2333_20260108_141921_000.7z
2026-01-08 14:25:00,7296.467250,7.296467250,7290.148813,1.954539,4.363898,768000,768000,1.000000000,1,2026-01-08 14:25:00.000000,2026-01-08 14:25:59.999922,1,BAY01_2333_20260108_141921_000.7z
2026-01-08 14:26:00,7296.364578,7.296364578,7290.032837,1.978713,4.353028,768000,768000,1.000000000,1,2026-01-08 14:26:00.000000,2026-01-08 14:26:59.999922,1,BAY01_2333_20260108_141921_000.7z
2026-01-08 14:27:00,7295.818172,7.295818172,7289.443519,1.985819,4.388835,768000,768000,1.000000000,1,2026-01-08 14:27:00.000000,2026-01-08 14:27:59.999922,1,BAY01_2333_20260108_141921_000.7z
2026-01-08 14:28:00,7296.339324,7.296339324,7290.054970,1.929279,4.355075,768000,768000,1.000000000,1,2026-01-08 14:28:00.000000,2026-01-08 14:28:59.999922,1,BAY01_2333_20260108_141921_000.7z
2026-01-08 14:29:00,7297.815424,7.297815424,7291.553661,1.927908,4.333855,601642,768000,0.783388021,0,2026-01-08 14:29:00.000000,2026-01-08 14:29:59.999922,2,BAY01_2333_20260108_141921_000.7z;BAY01_2334_20260108_142934_000.7z
2026-01-08 14:30:00,7297.090736,7.297090736,7290.764370,1.918718,4.407648,768000,768000,1.000000000,1,2026-01-08 14:30:00.000000,2026-01-08 14:30:59.999922,1,BAY01_2334_20260108_142934_000.7z
2026-01-08 14:31:00,7297.516980,7.297516980,7291.238399,1.962534,4.316046,768000,768000,1.000000000,1,2026-01-08 14:31:00.000000,2026-01-08 14:31:59.999922,1,BAY01_2334_20260108_142934_000.7z
2026-01-08 14:32:00,7298.008340,7.298008340,7291.747448,1.906233,4.354659,768000,768000,1.000000000,1,2026-01-08 14:32:00.000000,2026-01-08 14:32:59.999922,1,BAY01_2334_20260108_142934_000.7z
2026-01-08 14:33:00,7298.117657,7.298117657,7291.835826,1.974942,4.306888,768000,768000,1.000000000,1,2026-01-08 14:33:00.000000,2026-01-08 14:33:59.999922,1,BAY01_2334_20260108_142934_000.7z
2026-01-08 14:34:00,7298.230262,7.298230262,7292.032425,1.928576,4.269261,768000,768000,1.000000000,1,2026-01-08 14:34:00.000000,2026-01-08 14:34:59.999922,1,BAY01_2334_20260108_142934_000.7z
2026-01-08 14:35:00,7298.469530,7.298469530,7292.215107,1.937471,4.316952,768000,768000,1.000000000,1,2026-01-08 14:35:00.000000,2026-01-08 14:35:59.999922,1,BAY01_2334_20260108_142934_000.7z
2026-01-08 14:36:00,7297.292171,7.297292171,7290.964867,1.995450,4.331855,768000,768000,1.000000000,1,2026-01-08 14:36:00.000000,2026-01-08 14:36:59.999922,1,BAY01_2334_20260108_142934_000.7z
2026-01-08 14:37:00,7297.565673,7.297565673,7291.244785,1.953701,4.367187,768000,768000,1.000000000,1,2026-01-08 14:37:00.000000,2026-01-08 14:37:59.999922,1,BAY01_2334_20260108_142934_000.7z
2026-01-08 14:38:00,7297.677180,7.297677180,7291.375354,1.936089,4.365736,768000,768000,1.000000000,1,2026-01-08 14:38:00.000000,2026-01-08 14:38:59.999922,1,BAY01_2334_20260108_142934_000.7z
2026-01-08 14:39:00,7298.004775,7.298004775,7291.721015,1.972300,4.311459,601693,768000,0.783454427,0,2026-01-08 14:39:00.000000,2026-01-08 14:39:59.999922,2,BAY01_2334_20260108_142934_000.7z;BAY01_2335_20260108_143947_000.7z
2026-01-08 14:40:00,7298.114850,7.298114850,7291.926361,1.872336,4.316153,768000,768000,1.000000000,1,2026-01-08 14:40:00.000000,2026-01-08 14:40:59.999922,1,BAY01_2335_20260108_143947_000.7z
2026-01-08 14:41:00,7299.054840,7.299054840,7292.738828,1.906476,4.409536,768000,768000,1.000000000,1,2026-01-08 14:41:00.000000,2026-01-08 14:41:59.999922,1,BAY01_2335_20260108_143947_000.7z
2026-01-08 14:42:00,7299.722616,7.299722616,7293.481053,1.882201,4.359362,768000,768000,1.000000000,1,2026-01-08 14:42:00.000000,2026-01-08 14:42:59.999922,1,BAY01_2335_20260108_143947_000.7z
2026-01-08 14:43:00,7299.244690,7.299244690,7292.942148,1.960620,4.341922,768000,768000,1.000000000,1,2026-01-08 14:43:00.000000,2026-01-08 14:43:59.999922,1,BAY01_2335_20260108_143947_000.7z
2026-01-08 14:44:00,7299.375945,7.299375945,7293.125314,1.929159,4.321472,768000,768000,1.000000000,1,2026-01-08 14:44:00.000000,2026-01-08 14:44:59.999922,1,BAY01_2335_20260108_143947_000.7z
2026-01-08 14:45:00,7298.784773,7.298784773,7292.395625,2.036444,4.352704,768000,768000,1.000000000,1,2026-01-08 14:45:00.000000,2026-01-08 14:45:59.999922,1,BAY01_2335_20260108_143947_000.7z
2026-01-08 14:46:00,7299.976692,7.299976692,7293.640124,1.954378,4.382190,768000,768000,1.000000000,1,2026-01-08 14:46:00.000000,2026-01-08 14:46:59.999922,1,BAY01_2335_20260108_143947_000.7z
2026-01-08 14:47:00,7300.787229,7.300787229,7294.461381,1.930324,4.395524,768000,768000,1.000000000,1,2026-01-08 14:47:00.000000,2026-01-08 14:47:59.999922,1,BAY01_2335_20260108_143947_000.7z
2026-01-08 14:48:00,7299.709610,7.299709610,7293.368391,1.976564,4.364654,768000,768000,1.000000000,1,2026-01-08 14:48:00.000000,2026-01-08 14:48:59.999922,1,BAY01_2335_20260108_143947_000.7z
2026-01-08 14:49:00,7298.782436,7.298782436,7292.533746,1.964875,4.283815,601610,768000,0.783346354,0,2026-01-08 14:49:00.000000,2026-01-08 14:49:47.000703,1,BAY01_2335_20260108_143947_000.7z
2026-01-08 14:50:00,7299.772127,7.299772127,7293.574933,1.934131,4.263063,742400,768000,0.966666667,0,2026-01-08 14:50:02.000000,2026-01-08 14:50:59.999922,1,BAY01_2336_20260108_145002_000.7z
2026-01-08 14:51:00,7300.910493,7.300910493,7294.646922,1.826523,4.437048,768000,768000,1.000000000,1,2026-01-08 14:51:00.000000,2026-01-08 14:51:59.999922,1,BAY01_2336_20260108_145002_000.7z
2026-01-08 14:52:00,7300.239967,7.300239967,7293.982133,1.943709,4.314125,768000,768000,1.000000000,1,2026-01-08 14:52:00.000000,2026-01-08 14:52:59.999922,1,BAY01_2336_20260108_145002_000.7z
2026-01-08 14:53:00,7299.820410,7.299820410,7293.614172,1.925249,4.280989,768000,768000,1.000000000,1,2026-01-08 14:53:00.000000,2026-01-08 14:53:59.999922,1,BAY01_2336_20260108_145002_000.7z
2026-01-08 14:54:00,7300.242321,7.300242321,7293.895596,1.992041,4.354684,768000,768000,1.000000000,1,2026-01-08 14:54:00.000000,2026-01-08 14:54:59.999922,1,BAY01_2336_20260108_145002_000.7z
2026-01-08 14:55:00,7300.926923,7.300926923,7294.644015,1.951487,4.331422,768000,768000,1.000000000,1,2026-01-08 14:55:00.000000,2026-01-08 14:55:59.999922,1,BAY01_2336_20260108_145002_000.7z
2026-01-08 14:56:00,7300.792711,7.300792711,7294.430039,1.923122,4.439551,768000,768000,1.000000000,1,2026-01-08 14:56:00.000000,2026-01-08 14:56:59.999922,1,BAY01_2336_20260108_145002_000.7z
2026-01-08 14:57:00,7301.844695,7.301844695,7295.584988,1.891103,4.368604,768000,768000,1.000000000,1,2026-01-08 14:57:00.000000,2026-01-08 14:57:59.999922,1,BAY01_2336_20260108_145002_000.7z
2026-01-08 14:58:00,7301.084833,7.301084833,7294.773701,1.963783,4.347349,768000,768000,1.000000000,1,2026-01-08 14:58:00.000000,2026-01-08 14:58:59.999922,1,BAY01_2336_20260108_145002_000.7z
2026-01-08 14:59:00,7302.023947,7.302023947,7295.752359,1.962503,4.309085,768000,768000,1.000000000,1,2026-01-08 14:59:00.000000,2026-01-08 14:59:59.999922,1,BAY01_2336_20260108_145002_000.7z
2026-01-08 15:00:00,7302.247292,7.302247292,7296.013100,1.845968,4.388224,627213,768000,0.816683594,0,2026-01-08 15:00:00.000000,2026-01-08 15:00:59.999922,2,BAY01_2336_20260108_145002_000.7z;BAY01_2337_20260108_150013_000.7z
2026-01-08 15:01:00,7301.617393,7.301617393,7295.339499,1.937631,4.340263,768000,768000,1.000000000,1,2026-01-08 15:01:00.000000,2026-01-08 15:01:59.999922,1,BAY01_2337_20260108_150013_000.7z
2026-01-08 15:02:00,7301.538979,7.301538979,7295.259269,1.908106,4.371604,768000,768000,1.000000000,1,2026-01-08 15:02:00.000000,2026-01-08 15:02:59.999922,1,BAY01_2337_20260108_150013_000.7z
2026-01-08 15:03:00,7304.047756,7.304047756,7297.792374,1.889773,4.365610,768000,768000,1.000000000,1,2026-01-08 15:03:00.000000,2026-01-08 15:03:59.999922,1,BAY01_2337_20260108_150013_000.7z
2026-01-08 15:04:00,7303.725922,7.303725922,7297.400981,2.015399,4.309541,768000,768000,1.000000000,1,2026-01-08 15:04:00.000000,2026-01-08 15:04:59.999922,1,BAY01_2337_20260108_150013_000.7z
2026-01-08 15:05:00,7305.024142,7.305024142,7298.852433,1.830517,4.341192,768000,768000,1.000000000,1,2026-01-08 15:05:00.000000,2026-01-08 15:05:59.999922,1,BAY01_2337_20260108_150013_000.7z
2026-01-08 15:06:00,7303.515582,7.303515582,7297.161811,1.945590,4.408181,768000,768000,1.000000000,1,2026-01-08 15:06:00.000000,2026-01-08 15:06:59.999922,1,BAY01_2337_20260108_150013_000.7z
2026-01-08 15:07:00,7304.160010,7.304160010,7297.915930,1.877757,4.366323,768000,768000,1.000000000,1,2026-01-08 15:07:00.000000,2026-01-08 15:07:59.999922,1,BAY01_2337_20260108_150013_000.7z
2026-01-08 15:08:00,7303.247107,7.303247107,7296.906239,1.918304,4.422565,768000,768000,1.000000000,1,2026-01-08 15:08:00.000000,2026-01-08 15:08:59.999922,1,BAY01_2337_20260108_150013_000.7z
2026-01-08 15:09:00,7303.370604,7.303370604,7297.100937,1.945442,4.324225,768000,768000,1.000000000,1,2026-01-08 15:09:00.000000,2026-01-08 15:09:59.999922,1,BAY01_2337_20260108_150013_000.7z
2026-01-08 15:10:00,7303.665891,7.303665891,7297.508238,1.864208,4.293444,588816,768000,0.766687500,0,2026-01-08 15:10:00.000000,2026-01-08 15:10:59.999922,2,BAY01_2337_20260108_150013_000.7z;BAY01_2338_20260108_151027_000.7z
2026-01-08 15:11:00,7303.611519,7.303611519,7297.287349,1.921757,4.402413,768000,768000,1.000000000,1,2026-01-08 15:11:00.000000,2026-01-08 15:11:59.999922,1,BAY01_2338_20260108_151027_000.7z
2026-01-08 15:12:00,7305.916347,7.305916347,7299.748784,1.887898,4.279664,768000,768000,1.000000000,1,2026-01-08 15:12:00.000000,2026-01-08 15:12:59.999922,1,BAY01_2338_20260108_151027_000.7z
2026-01-08 15:13:00,7307.101650,7.307101650,7300.931373,1.876660,4.293616,768000,768000,1.000000000,1,2026-01-08 15:13:00.000000,2026-01-08 15:13:59.999922,1,BAY01_2338_20260108_151027_000.7z
2026-01-08 15:14:00,7308.024529,7.308024529,7301.740342,1.959179,4.325008,768000,768000,1.000000000,1,2026-01-08 15:14:00.000000,2026-01-08 15:14:59.999922,1,BAY01_2338_20260108_151027_000.7z
2026-01-08 15:15:00,7307.261218,7.307261218,7300.911923,1.844811,4.504484,768000,768000,1.000000000,1,2026-01-08 15:15:00.000000,2026-01-08 15:15:59.999922,1,BAY01_2338_20260108_151027_000.7z
2026-01-08 15:16:00,7307.347535,7.307347535,7301.042282,1.993930,4.311324,768000,768000,1.000000000,1,2026-01-08 15:16:00.000000,2026-01-08 15:16:59.999922,1,BAY01_2338_20260108_151027_000.7z
2026-01-08 15:17:00,7306.635627,7.306635627,7300.380920,1.924939,4.329768,768000,768000,1.000000000,1,2026-01-08 15:17:00.000000,2026-01-08 15:17:59.999922,1,BAY01_2338_20260108_151027_000.7z
2026-01-08 15:18:00,7307.099318,7.307099318,7300.775771,1.919411,4.404136,768000,768000,1.000000000,1,2026-01-08 15:18:00.000000,2026-01-08 15:18:59.999922,1,BAY01_2338_20260108_151027_000.7z
2026-01-08 15:19:00,7307.927146,7.307927146,7301.683440,1.871028,4.372677,768000,768000,1.000000000,1,2026-01-08 15:19:00.000000,2026-01-08 15:19:59.999922,1,BAY01_2338_20260108_151027_000.7z
2026-01-08 15:20:00,7308.277214,7.308277214,7302.036672,1.942292,4.298250,588872,768000,0.766760417,0,2026-01-08 15:20:00.000000,2026-01-08 15:20:59.999922,2,BAY01_2338_20260108_151027_000.7z;BAY01_2339_20260108_152041_000.7z
2026-01-08 15:21:00,7309.124184,7.309124184,7302.705266,2.028225,4.390693,768000,768000,1.000000000,1,2026-01-08 15:21:00.000000,2026-01-08 15:21:59.999922,1,BAY01_2339_20260108_152041_000.7z
2026-01-08 15:22:00,7309.883011,7.309883011,7303.677028,1.948765,4.257218,768000,768000,1.000000000,1,2026-01-08 15:22:00.000000,2026-01-08 15:22:59.999922,1,BAY01_2339_20260108_152041_000.7z
2026-01-08 15:23:00,7312.159617,7.312159617,7305.907610,1.885161,4.366845,768000,768000,1.000000000,1,2026-01-08 15:23:00.000000,2026-01-08 15:23:59.999922,1,BAY01_2339_20260108_152041_000.7z
2026-01-08 15:24:00,7312.288638,7.312288638,7306.084331,1.892027,4.312279,768000,768000,1.000000000,1,2026-01-08 15:24:00.000000,2026-01-08 15:24:59.999922,1,BAY01_2339_20260108_152041_000.7z
2026-01-08 15:25:00,7312.986925,7.312986925,7306.730900,1.915721,4.340304,768000,768000,1.000000000,1,2026-01-08 15:25:00.000000,2026-01-08 15:25:59.999922,1,BAY01_2339_20260108_152041_000.7z
2026-01-08 15:26:00,7312.888720,7.312888720,7306.553690,2.000992,4.334037,768000,768000,1.000000000,1,2026-01-08 15:26:00.000000,2026-01-08 15:26:59.999922,1,BAY01_2339_20260108_152041_000.7z
2026-01-08 15:27:00,7313.086395,7.313086395,7306.812547,1.923010,4.350837,768000,768000,1.000000000,1,2026-01-08 15:27:00.000000,2026-01-08 15:27:59.999922,1,BAY01_2339_20260108_152041_000.7z
2026-01-08 15:28:00,7314.490219,7.314490219,7307.842011,0.206439,6.441769,768000,768000,1.000000000,1,2026-01-08 15:28:00.000000,2026-01-08 15:28:59.999922,1,BAY01_2339_20260108_152041_000.7z
2026-01-08 15:29:00,7316.819521,7.316819521,7309.358119,0.054298,7.407103,768000,768000,1.000000000,1,2026-01-08 15:29:00.000000,2026-01-08 15:29:59.999922,1,BAY01_2339_20260108_152041_000.7z
2026-01-08 15:30:00,7316.565990,7.316565990,7308.732376,0.403560,7.430054,524802,768000,0.683335937,0,2026-01-08 15:30:00.000000,2026-01-08 15:30:41.000078,1,BAY01_2339_20260108_152041_000.7z
2026-01-08 15:31:00,7317.264337,7.317264337,7309.421939,0.442889,7.399509,768000,768000,1.000000000,1,2026-01-08 15:31:00.000000,2026-01-08 15:31:59.999922,1,BAY01_2340_20260108_153100_000.7z
2026-01-08 15:32:00,7318.660367,7.318660367,7310.858814,0.492532,7.309022,768000,768000,1.000000000,1,2026-01-08 15:32:00.000000,2026-01-08 15:32:59.999922,1,BAY01_2340_20260108_153100_000.7z
2026-01-08 15:33:00,7319.009647,7.319009647,7311.258247,0.441123,7.310277,768000,768000,1.000000000,1,2026-01-08 15:33:00.000000,2026-01-08 15:33:59.999922,1,BAY01_2340_20260108_153100_000.7z
2026-01-08 15:34:00,7319.071954,7.319071954,7311.525700,0.324618,7.221636,768000,768000,1.000000000,1,2026-01-08 15:34:00.000000,2026-01-08 15:34:59.999922,1,BAY01_2340_20260108_153100_000.7z
2026-01-08 15:35:00,7319.097468,7.319097468,7311.761862,-0.056948,7.392554,768000,768000,1.000000000,1,2026-01-08 15:35:00.000000,2026-01-08 15:35:59.999922,1,BAY01_2340_20260108_153100_000.7z
2026-01-08 15:36:00,7319.750056,7.319750056,7312.371051,-0.045138,7.424143,768000,768000,1.000000000,1,2026-01-08 15:36:00.000000,2026-01-08 15:36:59.999922,1,BAY01_2340_20260108_153100_000.7z
2026-01-08 15:37:00,7320.756685,7.320756685,7313.506315,-0.111060,7.361429,768000,768000,1.000000000,1,2026-01-08 15:37:00.000000,2026-01-08 15:37:59.999922,1,BAY01_2340_20260108_153100_000.7z
2026-01-08 15:38:00,7321.194039,7.321194039,7314.011269,-0.130716,7.313487,768000,768000,1.000000000,1,2026-01-08 15:38:00.000000,2026-01-08 15:38:59.999922,1,BAY01_2340_20260108_153100_000.7z
2026-01-08 15:39:00,7321.488863,7.321488863,7314.371969,-0.243029,7.359923,768000,768000,1.000000000,1,2026-01-08 15:39:00.000000,2026-01-08 15:39:59.999922,1,BAY01_2340_20260108_153100_000.7z
2026-01-08 15:40:00,7319.959085,7.319959085,7313.053205,-0.485151,7.391031,768000,768000,1.000000000,1,2026-01-08 15:40:00.000000,2026-01-08 15:40:59.999922,1,BAY01_2340_20260108_153100_000.7z
2026-01-08 15:41:00,7320.893927,7.320893927,7314.050440,-0.593769,7.437256,665684,768000,0.866776042,0,2026-01-08 15:41:00.000000,2026-01-08 15:41:59.999922,2,BAY01_2340_20260108_153100_000.7z;BAY01_2341_20260108_154108_000.7z
2026-01-08 15:42:00,7321.882850,7.321882850,7315.052512,-0.569957,7.400295,768000,768000,1.000000000,1,2026-01-08 15:42:00.000000,2026-01-08 15:42:59.999922,1,BAY01_2341_20260108_154108_000.7z
2026-01-08 15:43:00,7322.888799,7.322888799,7316.139530,-0.539940,7.289209,768000,768000,1.000000000,1,2026-01-08 15:43:00.000000,2026-01-08 15:43:59.999922,1,BAY01_2341_20260108_154108_000.7z
2026-01-08 15:44:00,7322.197334,7.322197334,7315.347655,-0.527362,7.377040,768000,768000,1.000000000,1,2026-01-08 15:44:00.000000,2026-01-08 15:44:59.999922,1,BAY01_2341_20260108_154108_000.7z
2026-01-08 15:45:00,7322.197945,7.322197945,7315.333209,-0.573448,7.438184,768000,768000,1.000000000,1,2026-01-08 15:45:00.000000,2026-01-08 15:45:59.999922,1,BAY01_2341_20260108_154108_000.7z
2026-01-08 15:46:00,7321.988922,7.321988922,7315.138812,-0.493451,7.343561,768000,768000,1.000000000,1,2026-01-08 15:46:00.000000,2026-01-08 15:46:59.999922,1,BAY01_2341_20260108_154108_000.7z
2026-01-08 15:47:00,7322.488560,7.322488560,7315.697933,-0.547088,7.337716,768000,768000,1.000000000,1,2026-01-08 15:47:00.000000,2026-01-08 15:47:59.999922,1,BAY01_2341_20260108_154108_000.7z
2026-01-08 15:48:00,7321.755595,7.321755595,7314.921526,-0.477229,7.311298,768000,768000,1.000000000,1,2026-01-08 15:48:00.000000,2026-01-08 15:48:59.999922,1,BAY01_2341_20260108_154108_000.7z
2026-01-08 15:49:00,7321.462427,7.321462427,7314.570219,-0.481170,7.373377,768000,768000,1.000000000,1,2026-01-08 15:49:00.000000,2026-01-08 15:49:59.999922,1,BAY01_2341_20260108_154108_000.7z
2026-01-08 15:50:00,7324.377457,7.324377457,7317.583031,-0.602843,7.397269,768000,768000,1.000000000,1,2026-01-08 15:50:00.000000,2026-01-08 15:50:59.999922,1,BAY01_2341_20260108_154108_000.7z
2026-01-08 15:51:00,7324.563872,7.324563872,7317.822379,-0.632362,7.373855,627338,768000,0.816846354,0,2026-01-08 15:51:00.000000,2026-01-08 15:51:59.999922,2,BAY01_2341_20260108_154108_000.7z;BAY01_2342_20260108_155119_000.7z
2026-01-08 15:52:00,7323.550638,7.323550638,7316.687213,-0.512645,7.376070,768000,768000,1.000000000,1,2026-01-08 15:52:00.000000,2026-01-08 15:52:59.999922,1,BAY01_2342_20260108_155119_000.7z
2026-01-08 15:53:00,7324.094374,7.324094374,7317.233197,-0.514212,7.375389,768000,768000,1.000000000,1,2026-01-08 15:53:00.000000,2026-01-08 15:53:59.999922,1,BAY01_2342_20260108_155119_000.7z
2026-01-08 15:54:00,7325.707157,7.325707157,7318.847100,-0.490275,7.350332,768000,768000,1.000000000,1,2026-01-08 15:54:00.000000,2026-01-08 15:54:59.999922,1,BAY01_2342_20260108_155119_000.7z
2026-01-08 15:55:00,7325.938122,7.325938122,7319.086787,-0.545947,7.397282,768000,768000,1.000000000,1,2026-01-08 15:55:00.000000,2026-01-08 15:55:59.999922,1,BAY01_2342_20260108_155119_000.7z
2026-01-08 15:56:00,7325.532992,7.325532992,7318.613441,-0.481762,7.401313,768000,768000,1.000000000,1,2026-01-08 15:56:00.000000,2026-01-08 15:56:59.999922,1,BAY01_2342_20260108_155119_000.7z
2026-01-08 15:57:00,7325.833521,7.325833521,7318.968126,-0.527810,7.393205,768000,768000,1.000000000,1,2026-01-08 15:57:00.000000,2026-01-08 15:57:59.999922,1,BAY01_2342_20260108_155119_000.7z
2026-01-08 15:58:00,7325.875087,7.325875087,7319.099999,-0.589335,7.364424,768000,768000,1.000000000,1,2026-01-08 15:58:00.000000,2026-01-08 15:58:59.999922,1,BAY01_2342_20260108_155119_000.7z
2026-01-08 15:59:00,7324.934407,7.324934407,7318.020670,-0.520719,7.434456,768000,768000,1.000000000,1,2026-01-08 15:59:00.000000,2026-01-08 15:59:59.999922,1,BAY01_2342_20260108_155119_000.7z
2026-01-08 16:00:00,7323.988266,7.323988266,7317.170580,-0.491536,7.309222,768000,768000,1.000000000,1,2026-01-08 16:00:00.000000,2026-01-08 16:00:59.999922,1,BAY01_2342_20260108_155119_000.7z
2026-01-08 16:01:00,7324.307571,7.324307571,7317.519111,-0.640838,7.429298,665704,768000,0.866802083,0,2026-01-08 16:01:00.000000,2026-01-08 16:01:59.999922,2,BAY01_2342_20260108_155119_000.7z;BAY01_2343_20260108_160127_000.7z
2026-01-08 16:02:00,7325.857113,7.325857113,7318.950564,-0.481681,7.388230,768000,768000,1.000000000,1,2026-01-08 16:02:00.000000,2026-01-08 16:02:59.999922,1,BAY01_2343_20260108_160127_000.7z
2026-01-08 16:03:00,7325.764744,7.325764744,7318.935211,-0.569806,7.399339,768000,768000,1.000000000,1,2026-01-08 16:03:00.000000,2026-01-08 16:03:59.999922,1,BAY01_2343_20260108_160127_000.7z
2026-01-08 16:04:00,7325.755156,7.325755156,7319.042080,-0.623583,7.336658,768000,768000,1.000000000,1,2026-01-08 16:04:00.000000,2026-01-08 16:04:59.999922,1,BAY01_2343_20260108_160127_000.7z
2026-01-08 16:05:00,7325.982530,7.325982530,7319.128512,-0.532679,7.386697,768000,768000,1.000000000,1,2026-01-08 16:05:00.000000,2026-01-08 16:05:59.999922,1,BAY01_2343_20260108_160127_000.7z
2026-01-08 16:06:00,7327.527247,7.327527247,7320.731803,-0.620868,7.416312,768000,768000,1.000000000,1,2026-01-08 16:06:00.000000,2026-01-08 16:06:59.999922,1,BAY01_2343_20260108_160127_000.7z
2026-01-08 16:07:00,7325.828640,7.325828640,7318.898250,-0.489965,7.420356,768000,768000,1.000000000,1,2026-01-08 16:07:00.000000,2026-01-08 16:07:59.999922,1,BAY01_2343_20260108_160127_000.7z
2026-01-08 16:08:00,7327.478832,7.327478832,7320.649202,-0.494056,7.323686,768000,768000,1.000000000,1,2026-01-08 16:08:00.000000,2026-01-08 16:08:59.999922,1,BAY01_2343_20260108_160127_000.7z
2026-01-08 16:09:00,7329.690565,7.329690565,7322.845959,-0.564850,7.409456,768000,768000,1.000000000,1,2026-01-08 16:09:00.000000,2026-01-08 16:09:59.999922,1,BAY01_2343_20260108_160127_000.7z
2026-01-08 16:10:00,7329.043391,7.329043391,7322.227621,-0.566747,7.382517,768000,768000,1.000000000,1,2026-01-08 16:10:00.000000,2026-01-08 16:10:59.999922,1,BAY01_2343_20260108_160127_000.7z
2026-01-08 16:11:00,7328.098633,7.328098633,7321.294228,-0.648797,7.453202,601641,768000,0.783386719,0,2026-01-08 16:11:00.000000,2026-01-08 16:11:59.999922,2,BAY01_2343_20260108_160127_000.7z;BAY01_2344_20260108_161140_000.7z
2026-01-08 16:12:00,7327.094115,7.327094115,7320.272101,-0.534000,7.356015,768000,768000,1.000000000,1,2026-01-08 16:12:00.000000,2026-01-08 16:12:59.999922,1,BAY01_2344_20260108_161140_000.7z
2026-01-08 16:13:00,7325.822554,7.325822554,7318.978826,-0.503054,7.346782,768000,768000,1.000000000,1,2026-01-08 16:13:00.000000,2026-01-08 16:13:59.999922,1,BAY01_2344_20260108_161140_000.7z
2026-01-08 16:14:00,7327.899217,7.327899217,7321.046661,-0.470187,7.322742,768000,768000,1.000000000,1,2026-01-08 16:14:00.000000,2026-01-08 16:14:59.999922,1,BAY01_2344_20260108_161140_000.7z
2026-01-08 16:15:00,7328.059616,7.328059616,7321.197404,-0.566113,7.428324,768000,768000,1.000000000,1,2026-01-08 16:15:00.000000,2026-01-08 16:15:59.999922,1,BAY01_2344_20260108_161140_000.7z
2026-01-08 16:16:00,7327.179157,7.327179157,7320.266453,-0.580362,7.493066,768000,768000,1.000000000,1,2026-01-08 16:16:00.000000,2026-01-08 16:16:59.999922,1,BAY01_2344_20260108_161140_000.7z
2026-01-08 16:17:00,7327.485352,7.327485352,7320.634295,-0.483090,7.334147,768000,768000,1.000000000,1,2026-01-08 16:17:00.000000,2026-01-08 16:17:59.999922,1,BAY01_2344_20260108_161140_000.7z
2026-01-08 16:18:00,7328.645450,7.328645450,7321.782556,-0.500399,7.363293,768000,768000,1.000000000,1,2026-01-08 16:18:00.000000,2026-01-08 16:18:59.999922,1,BAY01_2344_20260108_161140_000.7z
2026-01-08 16:19:00,7328.694177,7.328694177,7321.864366,-0.592694,7.422505,768000,768000,1.000000000,1,2026-01-08 16:19:00.000000,2026-01-08 16:19:59.999922,1,BAY01_2344_20260108_161140_000.7z
2026-01-08 16:20:00,7322.904033,7.322904033,7316.095822,-0.589961,7.398173,768000,768000,1.000000000,1,2026-01-08 16:20:00.000000,2026-01-08 16:20:59.999922,1,BAY01_2344_20260108_161140_000.7z
2026-01-08 16:21:00,7272.561830,7.272561830,7265.781395,-0.564876,7.345312,652843,768000,0.850055990,0,2026-01-08 16:21:00.000000,2026-01-08 16:21:59.999922,2,BAY01_2344_20260108_161140_000.7z;BAY01_2345_20260108_162149_000.7z
2026-01-08 16:22:00,7269.200061,7.269200061,7262.357421,-0.546700,7.389341,768000,768000,1.000000000,1,2026-01-08 16:22:00.000000,2026-01-08 16:22:59.999922,1,BAY01_2345_20260108_162149_000.7z
2026-01-08 16:23:00,7288.465188,7.288465188,7281.686666,-0.594513,7.373036,768000,768000,1.000000000,1,2026-01-08 16:23:00.000000,2026-01-08 16:23:59.999922,1,BAY01_2345_20260108_162149_000.7z
2026-01-08 16:24:00,7289.547494,7.289547494,7282.675768,-0.540990,7.412715,768000,768000,1.000000000,1,2026-01-08 16:24:00.000000,2026-01-08 16:24:59.999922,1,BAY01_2345_20260108_162149_000.7z
2026-01-08 16:25:00,7275.516967,7.275516967,7268.639702,-0.475737,7.353002,768000,768000,1.000000000,1,2026-01-08 16:25:00.000000,2026-01-08 16:25:59.999922,1,BAY01_2345_20260108_162149_000.7z
2026-01-08 16:26:00,7289.389240,7.289389240,7282.503004,-0.510622,7.396858,768000,768000,1.000000000,1,2026-01-08 16:26:00.000000,2026-01-08 16:26:59.999922,1,BAY01_2345_20260108_162149_000.7z
2026-01-08 16:27:00,7315.655978,7.315655978,7308.737031,-0.426888,7.345835,768000,768000,1.000000000,1,2026-01-08 16:27:00.000000,2026-01-08 16:27:59.999922,1,BAY01_2345_20260108_162149_000.7z
2026-01-08 16:28:00,569.731849,0.569731849,562.894233,-0.454306,7.291922,768000,768000,1.000000000,1,2026-01-08 16:28:00.000000,2026-01-08 16:28:59.999922,1,BAY01_2345_20260108_162149_000.7z
2026-01-08 16:29:00,14.696522,0.014696522,7.810493,-0.455613,7.341642,768000,768000,1.000000000,1,2026-01-08 16:29:00.000000,2026-01-08 16:29:59.999922,1,BAY01_2345_20260108_162149_000.7z
2026-01-08 16:30:00,14.650718,0.014650718,7.814233,-0.504141,7.340626,768000,768000,1.000000000,1,2026-01-08 16:30:00.000000,2026-01-08 16:30:59.999922,1,BAY01_2345_20260108_162149_000.7z
2026-01-08 16:31:00,14.638145,0.014638145,7.870783,-0.558166,7.325529,627324,768000,0.816828125,0,2026-01-08 16:31:00.000000,2026-01-08 16:31:49.009609,1,BAY01_2345_20260108_162149_000.7z
2026-01-08 16:32:00,14.690229,0.014690229,7.840735,-0.570264,7.419758,742400,768000,0.966666667,0,2026-01-08 16:32:02.000000,2026-01-08 16:32:59.999922,1,BAY01_2346_20260108_163202_000.7z
2026-01-08 16:33:00,14.608113,0.014608113,7.905821,-0.600139,7.302431,768000,768000,1.000000000,1,2026-01-08 16:33:00.000000,2026-01-08 16:33:59.999922,1,BAY01_2346_20260108_163202_000.7z
2026-01-08 16:34:00,14.535369,0.014535369,7.623305,-0.514639,7.426703,768000,768000,1.000000000,1,2026-01-08 16:34:00.000000,2026-01-08 16:34:59.999922,1,BAY01_2346_20260108_163202_000.7z
2026-01-08 16:35:00,14.224962,0.014224962,7.447170,-0.557336,7.335128,768000,768000,1.000000000,1,2026-01-08 16:35:00.000000,2026-01-08 16:35:59.999922,1,BAY01_2346_20260108_163202_000.7z
2026-01-08 16:36:00,14.239522,0.014239522,7.388838,-0.475907,7.326590,768000,768000,1.000000000,1,2026-01-08 16:36:00.000000,2026-01-08 16:36:59.999922,1,BAY01_2346_20260108_163202_000.7z
2026-01-08 16:37:00,14.257102,0.014257102,7.453738,-0.518961,7.322326,768000,768000,1.000000000,1,2026-01-08 16:37:00.000000,2026-01-08 16:37:59.999922,1,BAY01_2346_20260108_163202_000.7z
2026-01-08 16:38:00,14.228605,0.014228605,7.426293,-0.492190,7.294502,768000,768000,1.000000000,1,2026-01-08 16:38:00.000000,2026-01-08 16:38:59.999922,1,BAY01_2346_20260108_163202_000.7z
2026-01-08 16:39:00,14.045904,0.014045904,7.242699,-0.514571,7.317775,768000,768000,1.000000000,1,2026-01-08 16:39:00.000000,2026-01-08 16:39:59.999922,1,BAY01_2346_20260108_163202_000.7z
2026-01-08 16:40:00,13.774794,0.013774794,6.974568,-0.555983,7.356209,768000,768000,1.000000000,1,2026-01-08 16:40:00.000000,2026-01-08 16:40:59.999922,1,BAY01_2346_20260108_163202_000.7z
2026-01-08 16:41:00,13.801228,0.013801228,7.019927,-0.553016,7.334317,768000,768000,1.000000000,1,2026-01-08 16:41:00.000000,2026-01-08 16:41:59.999922,1,BAY01_2346_20260108_163202_000.7z
2026-01-08 16:42:00,13.833878,0.013833878,7.046396,-0.575699,7.363181,614545,768000,0.800188802,0,2026-01-08 16:42:00.000000,2026-01-08 16:42:59.999922,2,BAY01_2346_20260108_163202_000.7z;BAY01_2347_20260108_164214_000.7z
2026-01-08 16:43:00,13.738017,0.013738017,6.948169,-0.570331,7.360179,768000,768000,1.000000000,1,2026-01-08 16:43:00.000000,2026-01-08 16:43:59.999922,1,BAY01_2347_20260108_164214_000.7z
2026-01-08 16:44:00,13.770539,0.013770539,7.021110,-0.628198,7.377626,768000,768000,1.000000000,1,2026-01-08 16:44:00.000000,2026-01-08 16:44:59.999922,1,BAY01_2347_20260108_164214_000.7z
2026-01-08 16:45:00,13.807856,0.013807856,7.023760,-0.620380,7.404475,768000,768000,1.000000000,1,2026-01-08 16:45:00.000000,2026-01-08 16:45:59.999922,1,BAY01_2347_20260108_164214_000.7z
2026-01-08 16:46:00,13.908052,0.013908052,6.976401,-0.431759,7.363410,768000,768000,1.000000000,1,2026-01-08 16:46:00.000000,2026-01-08 16:46:59.999922,1,BAY01_2347_20260108_164214_000.7z
2026-01-08 16:47:00,14.038926,0.014038926,7.029606,-0.382405,7.391724,768000,768000,1.000000000,1,2026-01-08 16:47:00.000000,2026-01-08 16:47:59.999922,1,BAY01_2347_20260108_164214_000.7z
2026-01-08 16:48:00,14.064725,0.014064725,7.067772,-0.315047,7.312000,768000,768000,1.000000000,1,2026-01-08 16:48:00.000000,2026-01-08 16:48:59.999922,1,BAY01_2347_20260108_164214_000.7z
2026-01-08 16:49:00,13.914100,0.013914100,7.123862,-0.559742,7.349980,768000,768000,1.000000000,1,2026-01-08 16:49:00.000000,2026-01-08 16:49:59.999922,1,BAY01_2347_20260108_164214_000.7z
2026-01-08 16:50:00,13.827941,0.013827941,7.034793,-0.526759,7.319907,768000,768000,1.000000000,1,2026-01-08 16:50:00.000000,2026-01-08 16:50:59.999922,1,BAY01_2347_20260108_164214_000.7z
2026-01-08 16:51:00,13.827706,0.013827706,6.985450,-0.491472,7.333728,768000,768000,1.000000000,1,2026-01-08 16:51:00.000000,2026-01-08 16:51:59.999922,1,BAY01_2347_20260108_164214_000.7z
2026-01-08 16:52:00,13.916388,0.013916388,7.022945,-0.495008,7.388452,550471,768000,0.716759115,0,2026-01-08 16:52:00.000000,2026-01-08 16:52:59.999922,2,BAY01_2347_20260108_164214_000.7z;BAY01_2348_20260108_165231_000.7z
2026-01-08 16:53:00,13.795091,0.013795091,7.023644,-0.547725,7.319172,768000,768000,1.000000000,1,2026-01-08 16:53:00.000000,2026-01-08 16:53:59.999922,1,BAY01_2348_20260108_165231_000.7z
2026-01-08 16:54:00,13.836999,0.013836999,6.982429,-0.499425,7.353995,768000,768000,1.000000000,1,2026-01-08 16:54:00.000000,2026-01-08 16:54:59.999922,1,BAY01_2348_20260108_165231_000.7z
2026-01-08 16:55:00,13.887439,0.013887439,7.000447,-0.411681,7.298673,768000,768000,1.000000000,1,2026-01-08 16:55:00.000000,2026-01-08 16:55:59.999922,1,BAY01_2348_20260108_165231_000.7z
2026-01-08 16:56:00,13.886008,0.013886008,7.133655,-0.579524,7.331878,768000,768000,1.000000000,1,2026-01-08 16:56:00.000000,2026-01-08 16:56:59.999922,1,BAY01_2348_20260108_165231_000.7z
2026-01-08 16:57:00,13.969894,0.013969894,7.139365,-0.517058,7.347587,768000,768000,1.000000000,1,2026-01-08 16:57:00.000000,2026-01-08 16:57:59.999922,1,BAY01_2348_20260108_165231_000.7z
2026-01-08 16:58:00,14.552544,0.014552544,7.052651,-0.463487,7.963381,768000,768000,1.000000000,1,2026-01-08 16:58:00.000000,2026-01-08 16:58:59.999922,1,BAY01_2348_20260108_165231_000.7z
2026-01-08 16:59:00,14.737317,0.014737317,7.044455,-0.537198,8.230059,768000,768000,1.000000000,1,2026-01-08 16:59:00.000000,2026-01-08 16:59:59.999922,1,BAY01_2348_20260108_165231_000.7z
2026-01-08 17:00:00,14.737750,0.014737750,7.692238,1.677479,5.368033,768000,768000,1.000000000,1,2026-01-08 17:00:00.000000,2026-01-08 17:00:59.999922,1,BAY01_2348_20260108_165231_000.7z
2026-01-08 17:01:00,14.735188,0.014735188,7.809197,1.858150,5.067841,768000,768000,1.000000000,1,2026-01-08 17:01:00.000000,2026-01-08 17:01:59.999922,1,BAY01_2348_20260108_165231_000.7z
2026-01-08 17:02:00,14.812289,0.014812289,7.800265,1.931987,5.080036,601737,768000,0.783511719,0,2026-01-08 17:02:00.000000,2026-01-08 17:02:59.999922,2,BAY01_2348_20260108_165231_000.7z;BAY01_2349_20260108_170244_000.7z
2026-01-08 17:03:00,14.485536,0.014485536,7.719487,1.831687,4.934362,768000,768000,1.000000000,1,2026-01-08 17:03:00.000000,2026-01-08 17:03:59.999922,1,BAY01_2349_20260108_170244_000.7z
2026-01-08 17:04:00,14.216874,0.014216874,7.689680,1.826361,4.700834,768000,768000,1.000000000,1,2026-01-08 17:04:00.000000,2026-01-08 17:04:59.999922,1,BAY01_2349_20260108_170244_000.7z
2026-01-08 17:05:00,14.289179,0.014289179,7.767295,1.931547,4.590337,768000,768000,1.000000000,1,2026-01-08 17:05:00.000000,2026-01-08 17:05:59.999922,1,BAY01_2349_20260108_170244_000.7z
2026-01-08 17:06:00,14.263415,0.014263415,7.771485,1.841133,4.650796,768000,768000,1.000000000,1,2026-01-08 17:06:00.000000,2026-01-08 17:06:59.999922,1,BAY01_2349_20260108_170244_000.7z
2026-01-08 17:07:00,14.363771,0.014363771,7.793827,1.866033,4.703910,768000,768000,1.000000000,1,2026-01-08 17:07:00.000000,2026-01-08 17:07:59.999922,1,BAY01_2349_20260108_170244_000.7z
2026-01-08 17:08:00,14.092198,0.014092198,7.775733,1.902034,4.414431,768000,768000,1.000000000,1,2026-01-08 17:08:00.000000,2026-01-08 17:08:59.999922,1,BAY01_2349_20260108_170244_000.7z
2026-01-08 17:09:00,13.927247,0.013927247,7.854745,1.866946,4.205556,768000,768000,1.000000000,1,2026-01-08 17:09:00.000000,2026-01-08 17:09:59.999922,1,BAY01_2349_20260108_170244_000.7z
2026-01-08 17:10:00,13.901100,0.013901100,7.746324,1.897892,4.256884,768000,768000,1.000000000,1,2026-01-08 17:10:00.000000,2026-01-08 17:10:59.999922,1,BAY01_2349_20260108_170244_000.7z
2026-01-08 17:11:00,13.939013,0.013939013,7.752958,1.846563,4.339492,768000,768000,1.000000000,1,2026-01-08 17:11:00.000000,2026-01-08 17:11:59.999922,1,BAY01_2349_20260108_170244_000.7z
2026-01-08 17:12:00,13.965160,0.013965160,7.799980,1.852069,4.313112,652843,768000,0.850055990,0,2026-01-08 17:12:00.000000,2026-01-08 17:12:59.999922,2,BAY01_2349_20260108_170244_000.7z;BAY01_2350_20260108_171253_000.7z
2026-01-08 17:13:00,13.954826,0.013954826,7.806342,1.931223,4.217261,768000,768000,1.000000000,1,2026-01-08 17:13:00.000000,2026-01-08 17:13:59.999922,1,BAY01_2350_20260108_171253_000.7z
2026-01-08 17:14:00,13.889799,0.013889799,7.768412,1.888520,4.232868,768000,768000,1.000000000,1,2026-01-08 17:14:00.000000,2026-01-08 17:14:59.999922,1,BAY01_2350_20260108_171253_000.7z
2026-01-08 17:15:00,13.944601,0.013944601,7.757513,1.886665,4.300424,768000,768000,1.000000000,1,2026-01-08 17:15:00.000000,2026-01-08 17:15:59.999922,1,BAY01_2350_20260108_171253_000.7z
2026-01-08 17:16:00,13.933349,0.013933349,7.762410,1.896282,4.274656,768000,768000,1.000000000,1,2026-01-08 17:16:00.000000,2026-01-08 17:16:59.999922,1,BAY01_2350_20260108_171253_000.7z
2026-01-08 17:17:00,14.019457,0.014019457,7.821569,1.979688,4.218201,768000,768000,1.000000000,1,2026-01-08 17:17:00.000000,2026-01-08 17:17:59.999922,1,BAY01_2350_20260108_171253_000.7z
2026-01-08 17:18:00,13.944516,0.013944516,7.809620,1.847218,4.287677,768000,768000,1.000000000,1,2026-01-08 17:18:00.000000,2026-01-08 17:18:59.999922,1,BAY01_2350_20260108_171253_000.7z
2026-01-08 17:19:00,13.948798,0.013948798,7.841335,1.933920,4.173542,768000,768000,1.000000000,1,2026-01-08 17:19:00.000000,2026-01-08 17:19:59.999922,1,BAY01_2350_20260108_171253_000.7z
2026-01-08 17:20:00,13.947082,0.013947082,7.819355,1.862158,4.265569,768000,768000,1.000000000,1,2026-01-08 17:20:00.000000,2026-01-08 17:20:59.999922,1,BAY01_2350_20260108_171253_000.7z
2026-01-08 17:21:00,13.957748,0.013957748,7.839919,1.916178,4.201650,768000,768000,1.000000000,1,2026-01-08 17:21:00.000000,2026-01-08 17:21:59.999922,1,BAY01_2350_20260108_171253_000.7z
2026-01-08 17:22:00,14.030083,0.014030083,7.775940,1.966940,4.287203,678541,768000,0.883516927,0,2026-01-08 17:22:00.000000,2026-01-08 17:22:53.010938,1,BAY01_2350_20260108_171253_000.7z
2026-01-08 17:23:00,13.933422,0.013933422,7.760167,1.881697,4.291558,537600,768000,0.700000000,0,2026-01-08 17:23:18.000000,2026-01-08 17:23:59.999922,1,BAY01_2351_20260108_172318_000.7z
2026-01-08 17:24:00,13.943852,0.013943852,7.791606,1.937648,4.214597,768000,768000,1.000000000,1,2026-01-08 17:24:00.000000,2026-01-08 17:24:59.999922,1,BAY01_2351_20260108_172318_000.7z
2026-01-08 17:25:00,13.927790,0.013927790,7.802615,1.918857,4.206318,768000,768000,1.000000000,1,2026-01-08 17:25:00.000000,2026-01-08 17:25:59.999922,1,BAY01_2351_20260108_172318_000.7z
2026-01-08 17:26:00,13.960001,0.013960001,7.774962,1.880962,4.304077,768000,768000,1.000000000,1,2026-01-08 17:26:00.000000,2026-01-08 17:26:59.999922,1,BAY01_2351_20260108_172318_000.7z
2026-01-08 17:27:00,14.010876,0.014010876,7.888479,1.900036,4.222360,768000,768000,1.000000000,1,2026-01-08 17:27:00.000000,2026-01-08 17:27:59.999922,1,BAY01_2351_20260108_172318_000.7z
2026-01-08 17:28:00,14.015610,0.014015610,7.872154,1.857511,4.285945,768000,768000,1.000000000,1,2026-01-08 17:28:00.000000,2026-01-08 17:28:59.999922,1,BAY01_2351_20260108_172318_000.7z
2026-01-08 17:29:00,13.996299,0.013996299,7.896350,1.902196,4.197753,768000,768000,1.000000000,1,2026-01-08 17:29:00.000000,2026-01-08 17:29:59.999922,1,BAY01_2351_20260108_172318_000.7z
2026-01-08 17:30:00,13.990904,0.013990904,7.885458,1.843333,4.262113,768000,768000,1.000000000,1,2026-01-08 17:30:00.000000,2026-01-08 17:30:59.999922,1,BAY01_2351_20260108_172318_000.7z
2026-01-08 17:31:00,13.983348,0.013983348,7.907567,1.849932,4.225849,768000,768000,1.000000000,1,2026-01-08 17:31:00.000000,2026-01-08 17:31:59.999922,1,BAY01_2351_20260108_172318_000.7z
2026-01-08 17:32:00,14.037059,0.014037059,7.848458,1.943652,4.244949,768000,768000,1.000000000,1,2026-01-08 17:32:00.000000,2026-01-08 17:32:59.999922,1,BAY01_2351_20260108_172318_000.7z
2026-01-08 17:33:00,14.066861,0.014066861,7.858168,1.922721,4.285972,640083,768000,0.833441406,0,2026-01-08 17:33:00.000000,2026-01-08 17:33:59.999922,2,BAY01_2351_20260108_172318_000.7z;BAY01_2352_20260108_173328_000.7z
2026-01-08 17:34:00,13.931644,0.013931644,7.884129,1.768096,4.279419,768000,768000,1.000000000,1,2026-01-08 17:34:00.000000,2026-01-08 17:34:59.999922,1,BAY01_2352_20260108_173328_000.7z
2026-01-08 17:35:00,13.959635,0.013959635,7.853328,1.869175,4.237131,768000,768000,1.000000000,1,2026-01-08 17:35:00.000000,2026-01-08 17:35:59.999922,1,BAY01_2352_20260108_173328_000.7z
2026-01-08 17:36:00,14.000489,0.014000489,7.912929,1.854815,4.232745,768000,768000,1.000000000,1,2026-01-08 17:36:00.000000,2026-01-08 17:36:59.999922,1,BAY01_2352_20260108_173328_000.7z
2026-01-08 17:37:00,14.011599,0.014011599,7.813565,1.933272,4.264762,768000,768000,1.000000000,1,2026-01-08 17:37:00.000000,2026-01-08 17:37:59.999922,1,BAY01_2352_20260108_173328_000.7z
2026-01-08 17:38:00,14.036262,0.014036262,7.879487,1.843230,4.313546,768000,768000,1.000000000,1,2026-01-08 17:38:00.000000,2026-01-08 17:38:59.999922,1,BAY01_2352_20260108_173328_000.7z
2026-01-08 17:39:00,14.009491,0.014009491,7.934771,1.809007,4.265713,768000,768000,1.000000000,1,2026-01-08 17:39:00.000000,2026-01-08 17:39:59.999922,1,BAY01_2352_20260108_173328_000.7z
2026-01-08 17:40:00,13.995690,0.013995690,7.912680,1.829132,4.253879,768000,768000,1.000000000,1,2026-01-08 17:40:00.000000,2026-01-08 17:40:59.999922,1,BAY01_2352_20260108_173328_000.7z
2026-01-08 17:41:00,13.989029,0.013989029,7.836895,1.919986,4.232147,768000,768000,1.000000000,1,2026-01-08 17:41:00.000000,2026-01-08 17:41:59.999922,1,BAY01_2352_20260108_173328_000.7z
2026-01-08 17:42:00,14.028259,0.014028259,7.851799,1.841319,4.335141,768000,768000,1.000000000,1,2026-01-08 17:42:00.000000,2026-01-08 17:42:59.999922,1,BAY01_2352_20260108_173328_000.7z
2026-01-08 17:43:00,14.105665,0.014105665,7.851363,1.939541,4.314760,627277,768000,0.816766927,0,2026-01-08 17:43:00.000000,2026-01-08 17:43:59.999922,2,BAY01_2352_20260108_173328_000.7z;BAY01_2353_20260108_174339_000.7z
2026-01-08 17:44:00,13.922483,0.013922483,7.793830,1.841500,4.287153,768000,768000,1.000000000,1,2026-01-08 17:44:00.000000,2026-01-08 17:44:59.999922,1,BAY01_2353_20260108_174339_000.7z
2026-01-08 17:45:00,13.989522,0.013989522,7.805436,1.787275,4.396812,768000,768000,1.000000000,1,2026-01-08 17:45:00.000000,2026-01-08 17:45:59.999922,1,BAY01_2353_20260108_174339_000.7z
2026-01-08 17:46:00,14.031242,0.014031242,7.846385,1.948542,4.236315,768000,768000,1.000000000,1,2026-01-08 17:46:00.000000,2026-01-08 17:46:59.999922,1,BAY01_2353_20260108_174339_000.7z
2026-01-08 17:47:00,14.060956,0.014060956,7.863614,1.856294,4.341048,768000,768000,1.000000000,1,2026-01-08 17:47:00.000000,2026-01-08 17:47:59.999922,1,BAY01_2353_20260108_174339_000.7z
2026-01-08 17:48:00,14.106350,0.014106350,7.946355,1.845527,4.314468,768000,768000,1.000000000,1,2026-01-08 17:48:00.000000,2026-01-08 17:48:59.999922,1,BAY01_2353_20260108_174339_000.7z
2026-01-08 17:49:00,14.033485,0.014033485,7.863750,1.926565,4.243170,768000,768000,1.000000000,1,2026-01-08 17:49:00.000000,2026-01-08 17:49:59.999922,1,BAY01_2353_20260108_174339_000.7z
2026-01-08 17:50:00,14.027782,0.014027782,7.936619,1.887876,4.203287,768000,768000,1.000000000,1,2026-01-08 17:50:00.000000,2026-01-08 17:50:59.999922,1,BAY01_2353_20260108_174339_000.7z
2026-01-08 17:51:00,14.029538,0.014029538,7.866018,1.892544,4.270976,768000,768000,1.000000000,1,2026-01-08 17:51:00.000000,2026-01-08 17:51:59.999922,1,BAY01_2353_20260108_174339_000.7z
2026-01-08 17:52:00,14.089686,0.014089686,7.876490,1.913286,4.299910,768000,768000,1.000000000,1,2026-01-08 17:52:00.000000,2026-01-08 17:52:59.999922,1,BAY01_2353_20260108_174339_000.7z
2026-01-08 17:53:00,14.145696,0.014145696,8.007116,1.854233,4.284346,601696,768000,0.783458333,0,2026-01-08 17:53:00.000000,2026-01-08 17:53:59.999922,2,BAY01_2353_20260108_174339_000.7z;BAY01_2354_20260108_175352_000.7z
2026-01-08 17:54:00,13.964305,0.013964305,7.932821,1.825690,4.205794,768000,768000,1.000000000,1,2026-01-08 17:54:00.000000,2026-01-08 17:54:59.999922,1,BAY01_2354_20260108_175352_000.7z
2026-01-08 17:55:00,13.972524,0.013972524,7.939636,1.708213,4.324674,768000,768000,1.000000000,1,2026-01-08 17:55:00.000000,2026-01-08 17:55:59.999922,1,BAY01_2354_20260108_175352_000.7z
2026-01-08 17:56:00,14.062305,0.014062305,7.852240,1.877893,4.332171,768000,768000,1.000000000,1,2026-01-08 17:56:00.000000,2026-01-08 17:56:59.999922,1,BAY01_2354_20260108_175352_000.7z
2026-01-08 17:57:00,14.063532,0.014063532,7.874678,1.864211,4.324644,768000,768000,1.000000000,1,2026-01-08 17:57:00.000000,2026-01-08 17:57:59.999922,1,BAY01_2354_20260108_175352_000.7z
2026-01-08 17:58:00,14.127791,0.014127791,7.895345,1.958831,4.273615,768000,768000,1.000000000,1,2026-01-08 17:58:00.000000,2026-01-08 17:58:59.999922,1,BAY01_2354_20260108_175352_000.7z
2026-01-08 17:59:00,14.066699,0.014066699,7.852027,1.941649,4.273023,768000,768000,1.000000000,1,2026-01-08 17:59:00.000000,2026-01-08 17:59:59.999922,1,BAY01_2354_20260108_175352_000.7z
2026-01-08 18:00:00,14.058461,0.014058461,7.965795,1.795559,4.297107,768000,768000,1.000000000,1,2026-01-08 18:00:00.000000,2026-01-08 18:00:59.999922,1,BAY01_2354_20260108_175352_000.7z
2026-01-08 18:01:00,14.040119,0.014040119,7.959765,1.821549,4.258805,768000,768000,1.000000000,1,2026-01-08 18:01:00.000000,2026-01-08 18:01:59.999922,1,BAY01_2354_20260108_175352_000.7z
2026-01-08 18:02:00,14.072089,0.014072089,7.900420,1.855396,4.316273,768000,768000,1.000000000,1,2026-01-08 18:02:00.000000,2026-01-08 18:02:59.999922,1,BAY01_2354_20260108_175352_000.7z
2026-01-08 18:03:00,14.155923,0.014155923,8.127607,1.811314,4.217002,665640,768000,0.866718750,0,2026-01-08 18:03:00.000000,2026-01-08 18:03:52.003047,1,BAY01_2354_20260108_175352_000.7z
2026-01-08 18:04:00,13.937191,0.013937191,7.875068,1.847588,4.214535,716800,768000,0.933333333,0,2026-01-08 18:04:04.000000,2026-01-08 18:04:59.999922,1,BAY01_2355_20260108_180404_000.7z
2026-01-08 18:05:00,13.943361,0.013943361,7.844488,1.723641,4.375232,768000,768000,1.000000000,1,2026-01-08 18:05:00.000000,2026-01-08 18:05:59.999922,1,BAY01_2355_20260108_180404_000.7z
2026-01-08 18:06:00,14.013674,0.014013674,7.935415,1.764146,4.314113,768000,768000,1.000000000,1,2026-01-08 18:06:00.000000,2026-01-08 18:06:59.999922,1,BAY01_2355_20260108_180404_000.7z
2026-01-08 18:07:00,14.024617,0.014024617,7.940461,1.800745,4.283410,768000,768000,1.000000000,1,2026-01-08 18:07:00.000000,2026-01-08 18:07:59.999922,1,BAY01_2355_20260108_180404_000.7z
2026-01-08 18:08:00,14.077134,0.014077134,7.892823,1.859691,4.324619,768000,768000,1.000000000,1,2026-01-08 18:08:00.000000,2026-01-08 18:08:59.999922,1,BAY01_2355_20260108_180404_000.7z
2026-01-08 18:09:00,13.998214,0.013998214,7.960320,1.809181,4.228713,768000,768000,1.000000000,1,2026-01-08 18:09:00.000000,2026-01-08 18:09:59.999922,1,BAY01_2355_20260108_180404_000.7z
2026-01-08 18:10:00,13.992964,0.013992964,7.889319,1.877037,4.226609,768000,768000,1.000000000,1,2026-01-08 18:10:00.000000,2026-01-08 18:10:59.999922,1,BAY01_2355_20260108_180404_000.7z
2026-01-08 18:11:00,13.975059,0.013975059,7.864464,1.802832,4.307762,768000,768000,1.000000000,1,2026-01-08 18:11:00.000000,2026-01-08 18:11:59.999922,1,BAY01_2355_20260108_180404_000.7z
2026-01-08 18:12:00,14.036887,0.014036887,7.884847,1.879494,4.272546,768000,768000,1.000000000,1,2026-01-08 18:12:00.000000,2026-01-08 18:12:59.999922,1,BAY01_2355_20260108_180404_000.7z
2026-01-08 18:13:00,14.113756,0.014113756,8.002011,1.862504,4.249241,768000,768000,1.000000000,1,2026-01-08 18:13:00.000000,2026-01-08 18:13:59.999922,1,BAY01_2355_20260108_180404_000.7z
2026-01-08 18:14:00,13.550605,0.013550605,7.252185,1.999212,4.299208,563228,768000,0.733369792,0,2026-01-08 18:14:00.000000,2026-01-08 18:14:59.999922,2,BAY01_2355_20260108_180404_000.7z;BAY01_2356_20260108_181420_000.7z
2026-01-08 18:15:00,11.460143,0.011460143,3.844767,3.670901,3.944476,768000,768000,1.000000000,1,2026-01-08 18:15:00.000000,2026-01-08 18:15:59.999922,1,BAY01_2356_20260108_181420_000.7z
2026-01-08 18:16:00,11.509125,0.011509125,3.886912,3.687448,3.934766,768000,768000,1.000000000,1,2026-01-08 18:16:00.000000,2026-01-08 18:16:59.999922,1,BAY01_2356_20260108_181420_000.7z
2026-01-08 18:17:00,11.545271,0.011545271,3.873631,3.621650,4.049990,768000,768000,1.000000000,1,2026-01-08 18:17:00.000000,2026-01-08 18:17:59.999922,1,BAY01_2356_20260108_181420_000.7z
2026-01-08 18:18:00,11.624324,0.011624324,3.862575,3.653450,4.108298,768000,768000,1.000000000,1,2026-01-08 18:18:00.000000,2026-01-08 18:18:59.999922,1,BAY01_2356_20260108_181420_000.7z
2026-01-08 18:19:00,10.261832,0.010261832,5.578203,1.728838,2.954791,768000,768000,1.000000000,1,2026-01-08 18:19:00.000000,2026-01-08 18:19:59.999922,1,BAY01_2356_20260108_181420_000.7z
2026-01-08 18:20:00,10.068314,0.010068314,5.794596,1.443531,2.830187,768000,768000,1.000000000,1,2026-01-08 18:20:00.000000,2026-01-08 18:20:59.999922,1,BAY01_2356_20260108_181420_000.7z
2026-01-08 18:21:00,10.093037,0.010093037,5.847162,1.438821,2.807054,768000,768000,1.000000000,1,2026-01-08 18:21:00.000000,2026-01-08 18:21:59.999922,1,BAY01_2356_20260108_181420_000.7z
2026-01-08 18:22:00,10.107955,0.010107955,5.758169,1.451621,2.898165,768000,768000,1.000000000,1,2026-01-08 18:22:00.000000,2026-01-08 18:22:59.999922,1,BAY01_2356_20260108_181420_000.7z
2026-01-08 18:23:00,10.229218,0.010229218,5.860094,1.533226,2.835898,768000,768000,1.000000000,1,2026-01-08 18:23:00.000000,2026-01-08 18:23:59.999922,1,BAY01_2356_20260108_181420_000.7z
2026-01-08 18:24:00,10.054795,0.010054795,5.811852,1.430526,2.812417,614458,768000,0.800075521,0,2026-01-08 18:24:00.000000,2026-01-08 18:24:59.999922,2,BAY01_2356_20260108_181420_000.7z;BAY01_2357_20260108_182432_000.7z
2026-01-08 18:25:00,9.988794,0.009988794,5.885234,1.343554,2.760006,768000,768000,1.000000000,1,2026-01-08 18:25:00.000000,2026-01-08 18:25:59.999922,1,BAY01_2357_20260108_182432_000.7z
2026-01-08 18:26:00,10.008506,0.010008506,5.844305,1.290660,2.873541,768000,768000,1.000000000,1,2026-01-08 18:26:00.000000,2026-01-08 18:26:59.999922,1,BAY01_2357_20260108_182432_000.7z
2026-01-08 18:27:00,10.065920,0.010065920,5.907001,1.358406,2.800512,768000,768000,1.000000000,1,2026-01-08 18:27:00.000000,2026-01-08 18:27:59.999922,1,BAY01_2357_20260108_182432_000.7z
2026-01-08 18:28:00,10.163676,0.010163676,5.772147,1.463799,2.927730,768000,768000,1.000000000,1,2026-01-08 18:28:00.000000,2026-01-08 18:28:59.999922,1,BAY01_2357_20260108_182432_000.7z
2026-01-08 18:29:00,10.072409,0.010072409,5.869531,1.408910,2.793968,768000,768000,1.000000000,1,2026-01-08 18:29:00.000000,2026-01-08 18:29:59.999922,1,BAY01_2357_20260108_182432_000.7z
2026-01-08 18:30:00,10.030879,0.010030879,5.785365,1.347072,2.898443,768000,768000,1.000000000,1,2026-01-08 18:30:00.000000,2026-01-08 18:30:59.999922,1,BAY01_2357_20260108_182432_000.7z
2026-01-08 18:31:00,10.030327,0.010030327,5.802333,1.442739,2.785255,768000,768000,1.000000000,1,2026-01-08 18:31:00.000000,2026-01-08 18:31:59.999922,1,BAY01_2357_20260108_182432_000.7z
2026-01-08 18:32:00,10.051465,0.010051465,5.827237,1.349214,2.875014,768000,768000,1.000000000,1,2026-01-08 18:32:00.000000,2026-01-08 18:32:59.999922,1,BAY01_2357_20260108_182432_000.7z
2026-01-08 18:33:00,10.133829,0.010133829,5.905226,1.400211,2.828392,768000,768000,1.000000000,1,2026-01-08 18:33:00.000000,2026-01-08 18:33:59.999922,1,BAY01_2357_20260108_182432_000.7z
2026-01-08 18:34:00,10.066221,0.010066221,5.832426,1.358057,2.875738,640095,768000,0.833457031,0,2026-01-08 18:34:00.000000,2026-01-08 18:34:59.999922,2,BAY01_2357_20260108_182432_000.7z;BAY01_2358_20260108_183442_000.7z
2026-01-08 18:35:00,9.956132,0.009956132,5.826280,1.314033,2.815819,768000,768000,1.000000000,1,2026-01-08 18:35:00.000000,2026-01-08 18:35:59.999922,1,BAY01_2358_20260108_183442_000.7z
2026-01-08 18:36:00,9.987489,0.009987489,5.833946,1.310467,2.843076,768000,768000,1.000000000,1,2026-01-08 18:36:00.000000,2026-01-08 18:36:59.999922,1,BAY01_2358_20260108_183442_000.7z
2026-01-08 18:37:00,10.095311,0.010095311,5.792246,1.410638,2.892427,768000,768000,1.000000000,1,2026-01-08 18:37:00.000000,2026-01-08 18:37:59.999922,1,BAY01_2358_20260108_183442_000.7z
2026-01-08 18:38:00,10.112806,0.010112806,5.797988,1.494627,2.820191,768000,768000,1.000000000,1,2026-01-08 18:38:00.000000,2026-01-08 18:38:59.999922,1,BAY01_2358_20260108_183442_000.7z
2026-01-08 18:39:00,10.055603,0.010055603,5.823065,1.389000,2.843538,768000,768000,1.000000000,1,2026-01-08 18:39:00.000000,2026-01-08 18:39:59.999922,1,BAY01_2358_20260108_183442_000.7z
2026-01-08 18:40:00,10.015567,0.010015567,5.806766,1.373957,2.834844,768000,768000,1.000000000,1,2026-01-08 18:40:00.000000,2026-01-08 18:40:59.999922,1,BAY01_2358_20260108_183442_000.7z
2026-01-08 18:41:00,10.025496,0.010025496,5.816132,1.408048,2.801316,768000,768000,1.000000000,1,2026-01-08 18:41:00.000000,2026-01-08 18:41:59.999922,1,BAY01_2358_20260108_183442_000.7z
2026-01-08 18:42:00,10.048112,0.010048112,5.836759,1.339901,2.871453,768000,768000,1.000000000,1,2026-01-08 18:42:00.000000,2026-01-08 18:42:59.999922,1,BAY01_2358_20260108_183442_000.7z
2026-01-08 18:43:00,10.117851,0.010117851,5.847414,1.464827,2.805610,768000,768000,1.000000000,1,2026-01-08 18:43:00.000000,2026-01-08 18:43:59.999922,1,BAY01_2358_20260108_183442_000.7z
2026-01-08 18:44:00,10.087138,0.010087138,5.887993,1.382930,2.816215,614497,768000,0.800126302,0,2026-01-08 18:44:00.000000,2026-01-08 18:44:59.999922,2,BAY01_2358_20260108_183442_000.7z;BAY01_2359_20260108_184454_000.7z
2026-01-08 18:45:00,9.926838,0.009926838,5.803244,1.269963,2.853631,768000,768000,1.000000000,1,2026-01-08 18:45:00.000000,2026-01-08 18:45:59.999922,1,BAY01_2359_20260108_184454_000.7z
2026-01-08 18:46:00,9.922445,0.009922445,5.850382,1.326589,2.745475,768000,768000,1.000000000,1,2026-01-08 18:46:00.000000,2026-01-08 18:46:59.999922,1,BAY01_2359_20260108_184454_000.7z
2026-01-08 18:47:00,10.017961,0.010017961,5.882078,1.351775,2.784109,768000,768000,1.000000000,1,2026-01-08 18:47:00.000000,2026-01-08 18:47:59.999922,1,BAY01_2359_20260108_184454_000.7z
2026-01-08 18:48:00,10.096496,0.010096496,5.871258,1.367403,2.857836,768000,768000,1.000000000,1,2026-01-08 18:48:00.000000,2026-01-08 18:48:59.999922,1,BAY01_2359_20260108_184454_000.7z
2026-01-08 18:49:00,10.058739,0.010058739,5.922807,1.362448,2.773484,768000,768000,1.000000000,1,2026-01-08 18:49:00.000000,2026-01-08 18:49:59.999922,1,BAY01_2359_20260108_184454_000.7z
2026-01-08 18:50:00,10.013582,0.010013582,5.893724,1.325627,2.794231,768000,768000,1.000000000,1,2026-01-08 18:50:00.000000,2026-01-08 18:50:59.999922,1,BAY01_2359_20260108_184454_000.7z
2026-01-08 18:51:00,10.011365,0.010011365,5.867293,1.324165,2.819907,768000,768000,1.000000000,1,2026-01-08 18:51:00.000000,2026-01-08 18:51:59.999922,1,BAY01_2359_20260108_184454_000.7z
2026-01-08 18:52:00,10.061294,0.010061294,5.852389,1.397180,2.811724,768000,768000,1.000000000,1,2026-01-08 18:52:00.000000,2026-01-08 18:52:59.999922,1,BAY01_2359_20260108_184454_000.7z
2026-01-08 18:53:00,10.062956,0.010062956,5.811088,1.438040,2.813829,768000,768000,1.000000000,1,2026-01-08 18:53:00.000000,2026-01-08 18:53:59.999922,1,BAY01_2359_20260108_184454_000.7z
2026-01-08 18:54:00,10.050243,0.010050243,5.877815,1.381182,2.791246,691310,768000,0.900143229,0,2026-01-08 18:54:00.000000,2026-01-08 18:54:54.008516,1,BAY01_2359_20260108_184454_000.7z
2026-01-08 18:55:00,9.962424,0.009962424,5.924980,1.305135,2.732310,678400,768000,0.883333333,0,2026-01-08 18:55:07.000000,2026-01-08 18:55:59.999922,1,BAY01_2360_20260108_185507_000.7z
2026-01-08 18:56:00,9.949733,0.009949733,5.865390,1.292098,2.792245,768000,768000,1.000000000,1,2026-01-08 18:56:00.000000,2026-01-08 18:56:59.999922,1,BAY01_2360_20260108_185507_000.7z
2026-01-08 18:57:00,9.974934,0.009974934,5.847447,1.376462,2.751025,768000,768000,1.000000000,1,2026-01-08 18:57:00.000000,2026-01-08 18:57:59.999922,1,BAY01_2360_20260108_185507_000.7z
2026-01-08 18:58:00,10.036805,0.010036805,5.880196,1.281872,2.874738,768000,768000,1.000000000,1,2026-01-08 18:58:00.000000,2026-01-08 18:58:59.999922,1,BAY01_2360_20260108_185507_000.7z
2026-01-08 18:59:00,10.052563,0.010052563,5.885921,1.378585,2.788057,768000,768000,1.000000000,1,2026-01-08 18:59:00.000000,2026-01-08 18:59:59.999922,1,BAY01_2360_20260108_185507_000.7z
2026-01-08 19:00:00,9.982743,0.009982743,5.845180,1.301209,2.836354,768000,768000,1.000000000,1,2026-01-08 19:00:00.000000,2026-01-08 19:00:59.999922,1,BAY01_2360_20260108_185507_000.7z
2026-01-08 19:01:00,9.995414,0.009995414,5.883778,1.317071,2.794564,768000,768000,1.000000000,1,2026-01-08 19:01:00.000000,2026-01-08 19:01:59.999922,1,BAY01_2360_20260108_185507_000.7z
2026-01-08 19:02:00,10.022518,0.010022518,5.904455,1.303397,2.814667,768000,768000,1.000000000,1,2026-01-08 19:02:00.000000,2026-01-08 19:02:59.999922,1,BAY01_2360_20260108_185507_000.7z
2026-01-08 19:03:00,10.047252,0.010047252,5.789147,1.375194,2.882911,768000,768000,1.000000000,1,2026-01-08 19:03:00.000000,2026-01-08 19:03:59.999922,1,BAY01_2360_20260108_185507_000.7z
2026-01-08 19:04:00,10.037889,0.010037889,5.876518,1.430662,2.730709,768000,768000,1.000000000,1,2026-01-08 19:04:00.000000,2026-01-08 19:04:59.999922,1,BAY01_2360_20260108_185507_000.7z
2026-01-08 19:05:00,9.958396,0.009958396,5.854668,1.248350,2.855378,640136,768000,0.833510417,0,2026-01-08 19:05:00.000000,2026-01-08 19:05:59.999922,2,BAY01_2360_20260108_185507_000.7z;BAY01_2361_20260108_190517_000.7z
2026-01-08 19:06:00,9.950415,0.009950415,5.813381,1.330478,2.806556,768000,768000,1.000000000,1,2026-01-08 19:06:00.000000,2026-01-08 19:06:59.999922,1,BAY01_2361_20260108_190517_000.7z
2026-01-08 19:07:00,9.972285,0.009972285,5.905835,1.339379,2.727071,768000,768000,1.000000000,1,2026-01-08 19:07:00.000000,2026-01-08 19:07:59.999922,1,BAY01_2361_20260108_190517_000.7z
2026-01-08 19:08:00,10.059785,0.010059785,5.821504,1.371680,2.866601,768000,768000,1.000000000,1,2026-01-08 19:08:00.000000,2026-01-08 19:08:59.999922,1,BAY01_2361_20260108_190517_000.7z
2026-01-08 19:09:00,10.050618,0.010050618,5.880517,1.337849,2.832251,768000,768000,1.000000000,1,2026-01-08 19:09:00.000000,2026-01-08 19:09:59.999922,1,BAY01_2361_20260108_190517_000.7z
2026-01-08 19:10:00,10.009752,0.010009752,5.942913,1.275400,2.791438,768000,768000,1.000000000,1,2026-01-08 19:10:00.000000,2026-01-08 19:10:59.999922,1,BAY01_2361_20260108_190517_000.7z
2026-01-08 19:11:00,9.992805,0.009992805,5.896748,1.370953,2.725105,768000,768000,1.000000000,1,2026-01-08 19:11:00.000000,2026-01-08 19:11:59.999922,1,BAY01_2361_20260108_190517_000.7z
2026-01-08 19:12:00,10.022992,0.010022992,5.865118,1.377764,2.780110,768000,768000,1.000000000,1,2026-01-08 19:12:00.000000,2026-01-08 19:12:59.999922,1,BAY01_2361_20260108_190517_000.7z
2026-01-08 19:13:00,10.031436,0.010031436,5.861828,1.404019,2.765590,768000,768000,1.000000000,1,2026-01-08 19:13:00.000000,2026-01-08 19:13:59.999922,1,BAY01_2361_20260108_190517_000.7z
2026-01-08 19:14:00,10.036117,0.010036117,5.882237,1.325093,2.828787,768000,768000,1.000000000,1,2026-01-08 19:14:00.000000,2026-01-08 19:14:59.999922,1,BAY01_2361_20260108_190517_000.7z
2026-01-08 19:15:00,9.939056,0.009939056,5.794297,1.377690,2.767069,601706,768000,0.783471354,0,2026-01-08 19:15:00.000000,2026-01-08 19:15:59.999922,2,BAY01_2361_20260108_190517_000.7z;BAY01_2362_20260108_191530_000.7z
2026-01-08 19:16:00,9.914693,0.009914693,5.868349,1.247755,2.798589,768000,768000,1.000000000,1,2026-01-08 19:16:00.000000,2026-01-08 19:16:59.999922,1,BAY01_2362_20260108_191530_000.7z
2026-01-08 19:17:00,9.970635,0.009970635,5.911803,1.265080,2.793752,768000,768000,1.000000000,1,2026-01-08 19:17:00.000000,2026-01-08 19:17:59.999922,1,BAY01_2362_20260108_191530_000.7z
2026-01-08 19:18:00,10.003797,0.010003797,5.858803,1.394510,2.750484,768000,768000,1.000000000,1,2026-01-08 19:18:00.000000,2026-01-08 19:18:59.999922,1,BAY01_2362_20260108_191530_000.7z
2026-01-08 19:19:00,10.081990,0.010081990,5.907895,1.405484,2.768611,768000,768000,1.000000000,1,2026-01-08 19:19:00.000000,2026-01-08 19:19:59.999922,1,BAY01_2362_20260108_191530_000.7z
2026-01-08 19:20:00,9.974306,0.009974306,5.850389,1.376512,2.747406,768000,768000,1.000000000,1,2026-01-08 19:20:00.000000,2026-01-08 19:20:59.999922,1,BAY01_2362_20260108_191530_000.7z
2026-01-08 19:21:00,9.982276,0.009982276,5.927626,1.336217,2.718432,768000,768000,1.000000000,1,2026-01-08 19:21:00.000000,2026-01-08 19:21:59.999922,1,BAY01_2362_20260108_191530_000.7z
2026-01-08 19:22:00,9.966912,0.009966912,5.882722,1.371033,2.713156,768000,768000,1.000000000,1,2026-01-08 19:22:00.000000,2026-01-08 19:22:59.999922,1,BAY01_2362_20260108_191530_000.7z
2026-01-08 19:23:00,9.993733,0.009993733,5.896791,1.226909,2.870033,768000,768000,1.000000000,1,2026-01-08 19:23:00.000000,2026-01-08 19:23:59.999922,1,BAY01_2362_20260108_191530_000.7z
2026-01-08 19:24:00,10.073274,0.010073274,5.912485,1.391204,2.769584,768000,768000,1.000000000,1,2026-01-08 19:24:00.000000,2026-01-08 19:24:59.999922,1,BAY01_2362_20260108_191530_000.7z
2026-01-08 19:25:00,9.936993,0.009936993,5.933646,1.354160,2.649187,627329,768000,0.816834635,0,2026-01-08 19:25:00.000000,2026-01-08 19:25:59.999922,2,BAY01_2362_20260108_191530_000.7z;BAY01_2363_20260108_192541_000.7z
2026-01-08 19:26:00,9.903961,0.009903961,5.937939,1.255549,2.710472,768000,768000,1.000000000,1,2026-01-08 19:26:00.000000,2026-01-08 19:26:59.999922,1,BAY01_2363_20260108_192541_000.7z
2026-01-08 19:27:00,9.900010,0.009900010,5.791438,1.308523,2.800049,768000,768000,1.000000000,1,2026-01-08 19:27:00.000000,2026-01-08 19:27:59.999922,1,BAY01_2363_20260108_192541_000.7z
2026-01-08 19:28:00,9.974358,0.009974358,5.917002,1.298068,2.759288,768000,768000,1.000000000,1,2026-01-08 19:28:00.000000,2026-01-08 19:28:59.999922,1,BAY01_2363_20260108_192541_000.7z
2026-01-08 19:29:00,10.051257,0.010051257,5.880687,1.422086,2.748483,768000,768000,1.000000000,1,2026-01-08 19:29:00.000000,2026-01-08 19:29:59.999922,1,BAY01_2363_20260108_192541_000.7z
2026-01-08 19:30:00,9.949732,0.009949732,5.918641,1.246290,2.784801,768000,768000,1.000000000,1,2026-01-08 19:30:00.000000,2026-01-08 19:30:59.999922,1,BAY01_2363_20260108_192541_000.7z
2026-01-08 19:31:00,9.968639,0.009968639,5.913995,1.244451,2.810192,768000,768000,1.000000000,1,2026-01-08 19:31:00.000000,2026-01-08 19:31:59.999922,1,BAY01_2363_20260108_192541_000.7z
2026-01-08 19:32:00,9.954475,0.009954475,5.864954,1.265393,2.824129,768000,768000,1.000000000,1,2026-01-08 19:32:00.000000,2026-01-08 19:32:59.999922,1,BAY01_2363_20260108_192541_000.7z
2026-01-08 19:33:00,9.995170,0.009995170,5.859430,1.272337,2.863402,768000,768000,1.000000000,1,2026-01-08 19:33:00.000000,2026-01-08 19:33:59.999922,1,BAY01_2363_20260108_192541_000.7z
2026-01-08 19:34:00,10.048556,0.010048556,5.910317,1.325204,2.813034,768000,768000,1.000000000,1,2026-01-08 19:34:00.000000,2026-01-08 19:34:59.999922,1,BAY01_2363_20260108_192541_000.7z
2026-01-08 19:35:00,9.995987,0.009995987,5.795354,1.285272,2.915361,550506,768000,0.716804688,0,2026-01-08 19:35:00.000000,2026-01-08 19:35:59.999922,2,BAY01_2363_20260108_192541_000.7z;BAY01_2364_20260108_193558_000.7z
2026-01-08 19:36:00,9.873427,0.009873427,5.898588,1.278585,2.696254,768000,768000,1.000000000,1,2026-01-08 19:36:00.000000,2026-01-08 19:36:59.999922,1,BAY01_2364_20260108_193558_000.7z
2026-01-08 19:37:00,9.886070,0.009886070,5.856888,1.303383,2.725800,768000,768000,1.000000000,1,2026-01-08 19:37:00.000000,2026-01-08 19:37:59.999922,1,BAY01_2364_20260108_193558_000.7z
2026-01-08 19:38:00,9.957593,0.009957593,5.928143,1.273546,2.755904,768000,768000,1.000000000,1,2026-01-08 19:38:00.000000,2026-01-08 19:38:59.999922,1,BAY01_2364_20260108_193558_000.7z
2026-01-08 19:39:00,10.050786,0.010050786,5.958969,1.369425,2.722392,768000,768000,1.000000000,1,2026-01-08 19:39:00.000000,2026-01-08 19:39:59.999922,1,BAY01_2364_20260108_193558_000.7z
2026-01-08 19:40:00,9.947525,0.009947525,5.950950,1.322002,2.674573,768000,768000,1.000000000,1,2026-01-08 19:40:00.000000,2026-01-08 19:40:59.999922,1,BAY01_2364_20260108_193558_000.7z
2026-01-08 19:41:00,9.974879,0.009974879,5.893687,1.356177,2.725014,768000,768000,1.000000000,1,2026-01-08 19:41:00.000000,2026-01-08 19:41:59.999922,1,BAY01_2364_20260108_193558_000.7z
2026-01-08 19:42:00,9.959625,0.009959625,5.927527,1.267883,2.764215,768000,768000,1.000000000,1,2026-01-08 19:42:00.000000,2026-01-08 19:42:59.999922,1,BAY01_2364_20260108_193558_000.7z
2026-01-08 19:43:00,9.940624,0.009940624,5.905695,1.239298,2.795631,768000,768000,1.000000000,1,2026-01-08 19:43:00.000000,2026-01-08 19:43:59.999922,1,BAY01_2364_20260108_193558_000.7z
2026-01-08 19:44:00,10.065917,0.010065917,5.960908,1.319357,2.785652,768000,768000,1.000000000,1,2026-01-08 19:44:00.000000,2026-01-08 19:44:59.999922,1,BAY01_2364_20260108_193558_000.7z
2026-01-08 19:45:00,9.991742,0.009991742,5.897879,1.393815,2.700048,742446,768000,0.966726562,0,2026-01-08 19:45:00.000000,2026-01-08 19:45:58.003516,1,BAY01_2364_20260108_193558_000.7z
2026-01-08 19:46:00,9.881019,0.009881019,5.900632,1.174459,2.805928,678400,768000,0.883333333,0,2026-01-08 19:46:07.000000,2026-01-08 19:46:59.999922,1,BAY01_2365_20260108_194607_000.7z
2026-01-08 19:47:00,9.897844,0.009897844,5.852664,1.297437,2.747743,768000,768000,1.000000000,1,2026-01-08 19:47:00.000000,2026-01-08 19:47:59.999922,1,BAY01_2365_20260108_194607_000.7z
2026-01-08 19:48:00,9.894851,0.009894851,5.916098,1.260357,2.718395,768000,768000,1.000000000,1,2026-01-08 19:48:00.000000,2026-01-08 19:48:59.999922,1,BAY01_2365_20260108_194607_000.7z
2026-01-08 19:49:00,10.027161,0.010027161,5.935392,1.331619,2.760150,768000,768000,1.000000000,1,2026-01-08 19:49:00.000000,2026-01-08 19:49:59.999922,1,BAY01_2365_20260108_194607_000.7z
2026-01-08 19:50:00,9.968455,0.009968455,5.933012,1.323505,2.711938,768000,768000,1.000000000,1,2026-01-08 19:50:00.000000,2026-01-08 19:50:59.999922,1,BAY01_2365_20260108_194607_000.7z
2026-01-08 19:51:00,9.962754,0.009962754,5.975187,1.253305,2.734262,768000,768000,1.000000000,1,2026-01-08 19:51:00.000000,2026-01-08 19:51:59.999922,1,BAY01_2365_20260108_194607_000.7z
2026-01-08 19:52:00,9.942218,0.009942218,5.895482,1.324177,2.722560,768000,768000,1.000000000,1,2026-01-08 19:52:00.000000,2026-01-08 19:52:59.999922,1,BAY01_2365_20260108_194607_000.7z
2026-01-08 19:53:00,9.931272,0.009931272,5.943420,1.284826,2.703027,768000,768000,1.000000000,1,2026-01-08 19:53:00.000000,2026-01-08 19:53:59.999922,1,BAY01_2365_20260108_194607_000.7z
2026-01-08 19:54:00,10.034587,0.010034587,5.892497,1.289674,2.852416,768000,768000,1.000000000,1,2026-01-08 19:54:00.000000,2026-01-08 19:54:59.999922,1,BAY01_2365_20260108_194607_000.7z
2026-01-08 19:55:00,9.955642,0.009955642,5.895846,1.321863,2.737933,768000,768000,1.000000000,1,2026-01-08 19:55:00.000000,2026-01-08 19:55:59.999922,1,BAY01_2365_20260108_194607_000.7z
2026-01-08 19:56:00,9.900313,0.009900313,5.916082,1.305324,2.678907,524926,768000,0.683497396,0,2026-01-08 19:56:00.000000,2026-01-08 19:56:59.999922,2,BAY01_2365_20260108_194607_000.7z;BAY01_2366_20260108_195626_000.7z
2026-01-08 19:57:00,9.851963,0.009851963,5.858663,1.301322,2.691978,768000,768000,1.000000000,1,2026-01-08 19:57:00.000000,2026-01-08 19:57:59.999922,1,BAY01_2366_20260108_195626_000.7z
2026-01-08 19:58:00,9.895186,0.009895186,5.868119,1.302750,2.724317,768000,768000,1.000000000,1,2026-01-08 19:58:00.000000,2026-01-08 19:58:59.999922,1,BAY01_2366_20260108_195626_000.7z
2026-01-08 19:59:00,10.042262,0.010042262,5.948236,1.276806,2.817220,768000,768000,1.000000000,1,2026-01-08 19:59:00.000000,2026-01-08 19:59:59.999922,1,BAY01_2366_20260108_195626_000.7z
2026-01-08 20:00:00,9.643738,0.009643738,5.954321,0.939903,2.749515,768000,768000,1.000000000,1,2026-01-08 20:00:00.000000,2026-01-08 20:00:59.999922,1,BAY01_2366_20260108_195626_000.7z
2026-01-08 20:01:00,9.982924,0.009982924,5.977953,1.305156,2.699816,768000,768000,1.000000000,1,2026-01-08 20:01:00.000000,2026-01-08 20:01:59.999922,1,BAY01_2366_20260108_195626_000.7z
2026-01-08 20:02:00,9.914947,0.009914947,5.973356,1.275775,2.665815,768000,768000,1.000000000,1,2026-01-08 20:02:00.000000,2026-01-08 20:02:59.999922,1,BAY01_2366_20260108_195626_000.7z
2026-01-08 20:03:00,9.906884,0.009906884,5.933634,1.294602,2.678648,768000,768000,1.000000000,1,2026-01-08 20:03:00.000000,2026-01-08 20:03:59.999922,1,BAY01_2366_20260108_195626_000.7z
2026-01-08 20:04:00,9.970840,0.009970840,5.794834,1.308005,2.868002,768000,768000,1.000000000,1,2026-01-08 20:04:00.000000,2026-01-08 20:04:59.999922,1,BAY01_2366_20260108_195626_000.7z
2026-01-08 20:05:00,9.929178,0.009929178,5.928595,1.199623,2.800960,768000,768000,1.000000000,1,2026-01-08 20:05:00.000000,2026-01-08 20:05:59.999922,1,BAY01_2366_20260108_195626_000.7z
2026-01-08 20:06:00,9.892474,0.009892474,5.967512,1.227101,2.697861,652867,768000,0.850087240,0,2026-01-08 20:06:00.000000,2026-01-08 20:06:59.999922,2,BAY01_2366_20260108_195626_000.7z;BAY01_2367_20260108_200635_000.7z
2026-01-08 20:07:00,9.849006,0.009849006,5.916401,1.218612,2.713994,768000,768000,1.000000000,1,2026-01-08 20:07:00.000000,2026-01-08 20:07:59.999922,1,BAY01_2367_20260108_200635_000.7z
2026-01-08 20:08:00,9.858721,0.009858721,5.861507,1.256530,2.740684,768000,768000,1.000000000,1,2026-01-08 20:08:00.000000,2026-01-08 20:08:59.999922,1,BAY01_2367_20260108_200635_000.7z
2026-01-08 20:09:00,10.029357,0.010029357,5.966118,1.343904,2.719335,768000,768000,1.000000000,1,2026-01-08 20:09:00.000000,2026-01-08 20:09:59.999922,1,BAY01_2367_20260108_200635_000.7z
2026-01-08 20:10:00,9.930491,0.009930491,5.949688,1.253414,2.727390,768000,768000,1.000000000,1,2026-01-08 20:10:00.000000,2026-01-08 20:10:59.999922,1,BAY01_2367_20260108_200635_000.7z
2026-01-08 20:11:00,9.942924,0.009942924,5.943091,1.228871,2.770962,768000,768000,1.000000000,1,2026-01-08 20:11:00.000000,2026-01-08 20:11:59.999922,1,BAY01_2367_20260108_200635_000.7z
2026-01-08 20:12:00,9.914307,0.009914307,5.884022,1.225919,2.804366,768000,768000,1.000000000,1,2026-01-08 20:12:00.000000,2026-01-08 20:12:59.999922,1,BAY01_2367_20260108_200635_000.7z
2026-01-08 20:13:00,9.969861,0.009969861,5.866298,1.383169,2.720395,768000,768000,1.000000000,1,2026-01-08 20:13:00.000000,2026-01-08 20:13:59.999922,1,BAY01_2367_20260108_200635_000.7z
2026-01-08 20:14:00,10.045475,0.010045475,5.882392,1.363972,2.799110,768000,768000,1.000000000,1,2026-01-08 20:14:00.000000,2026-01-08 20:14:59.999922,1,BAY01_2367_20260108_200635_000.7z
2026-01-08 20:15:00,9.935740,0.009935740,5.955164,1.318723,2.661852,768000,768000,1.000000000,1,2026-01-08 20:15:00.000000,2026-01-08 20:15:59.999922,1,BAY01_2367_20260108_200635_000.7z
2026-01-08 20:16:00,9.889332,0.009889332,5.861175,1.252487,2.775670,563304,768000,0.733468750,0,2026-01-08 20:16:00.000000,2026-01-08 20:16:59.999922,2,BAY01_2367_20260108_200635_000.7z;BAY01_2368_20260108_201651_000.7z
2026-01-08 20:17:00,9.870921,0.009870921,5.861126,1.290114,2.719680,768000,768000,1.000000000,1,2026-01-08 20:17:00.000000,2026-01-08 20:17:59.999922,1,BAY01_2368_20260108_201651_000.7z
2026-01-08 20:18:00,9.846980,0.009846980,5.894966,1.204883,2.747131,768000,768000,1.000000000,1,2026-01-08 20:18:00.000000,2026-01-08 20:18:59.999922,1,BAY01_2368_20260108_201651_000.7z
2026-01-08 20:19:00,10.026517,0.010026517,5.863611,1.349744,2.813162,768000,768000,1.000000000,1,2026-01-08 20:19:00.000000,2026-01-08 20:19:59.999922,1,BAY01_2368_20260108_201651_000.7z
2026-01-08 20:20:00,9.951817,0.009951817,5.957634,1.335521,2.658663,768000,768000,1.000000000,1,2026-01-08 20:20:00.000000,2026-01-08 20:20:59.999922,1,BAY01_2368_20260108_201651_000.7z
2026-01-08 20:21:00,9.946002,0.009946002,5.969994,1.221016,2.754992,768000,768000,1.000000000,1,2026-01-08 20:21:00.000000,2026-01-08 20:21:59.999922,1,BAY01_2368_20260108_201651_000.7z
2026-01-08 20:22:00,9.913367,0.009913367,5.902110,1.212878,2.798379,768000,768000,1.000000000,1,2026-01-08 20:22:00.000000,2026-01-08 20:22:59.999922,1,BAY01_2368_20260108_201651_000.7z
2026-01-08 20:23:00,9.919524,0.009919524,5.901026,1.267862,2.750635,768000,768000,1.000000000,1,2026-01-08 20:23:00.000000,2026-01-08 20:23:59.999922,1,BAY01_2368_20260108_201651_000.7z
2026-01-08 20:24:00,9.981910,0.009981910,5.959495,1.271894,2.750522,768000,768000,1.000000000,1,2026-01-08 20:24:00.000000,2026-01-08 20:24:59.999922,1,BAY01_2368_20260108_201651_000.7z
2026-01-08 20:25:00,9.954477,0.009954477,5.987872,1.196950,2.769655,768000,768000,1.000000000,1,2026-01-08 20:25:00.000000,2026-01-08 20:25:59.999922,1,BAY01_2368_20260108_201651_000.7z
2026-01-08 20:26:00,9.905532,0.009905532,5.897422,1.319709,2.688401,652915,768000,0.850149740,0,2026-01-08 20:26:00.000000,2026-01-08 20:26:51.008906,1,BAY01_2368_20260108_201651_000.7z
2026-01-08 20:27:00,9.811659,0.009811659,5.891546,1.168171,2.751942,742400,768000,0.966666667,0,2026-01-08 20:27:02.000000,2026-01-08 20:27:59.999922,1,BAY01_2369_20260108_202702_000.7z
2026-01-08 20:28:00,9.847986,0.009847986,5.913273,1.161283,2.773429,768000,768000,1.000000000,1,2026-01-08 20:28:00.000000,2026-01-08 20:28:59.999922,1,BAY01_2369_20260108_202702_000.7z
2026-01-08 20:29:00,9.953807,0.009953807,5.951678,1.227674,2.774455,768000,768000,1.000000000,1,2026-01-08 20:29:00.000000,2026-01-08 20:29:59.999922,1,BAY01_2369_20260108_202702_000.7z
2026-01-08 20:30:00,9.973808,0.009973808,5.960901,1.282405,2.730502,768000,768000,1.000000000,1,2026-01-08 20:30:00.000000,2026-01-08 20:30:59.999922,1,BAY01_2369_20260108_202702_000.7z
2026-01-08 20:31:00,9.917098,0.009917098,5.984000,1.259270,2.673827,768000,768000,1.000000000,1,2026-01-08 20:31:00.000000,2026-01-08 20:31:59.999922,1,BAY01_2369_20260108_202702_000.7z
2026-01-08 20:32:00,9.883328,0.009883328,5.968038,1.207731,2.707560,768000,768000,1.000000000,1,2026-01-08 20:32:00.000000,2026-01-08 20:32:59.999922,1,BAY01_2369_20260108_202702_000.7z
2026-01-08 20:33:00,9.904553,0.009904553,5.965082,1.249265,2.690206,768000,768000,1.000000000,1,2026-01-08 20:33:00.000000,2026-01-08 20:33:59.999922,1,BAY01_2369_20260108_202702_000.7z
2026-01-08 20:34:00,9.928641,0.009928641,5.889446,1.260999,2.778196,768000,768000,1.000000000,1,2026-01-08 20:34:00.000000,2026-01-08 20:34:59.999922,1,BAY01_2369_20260108_202702_000.7z
2026-01-08 20:35:00,9.975504,0.009975504,5.985589,1.335074,2.654840,768000,768000,1.000000000,1,2026-01-08 20:35:00.000000,2026-01-08 20:35:59.999922,1,BAY01_2369_20260108_202702_000.7z
2026-01-08 20:36:00,9.912205,0.009912205,5.935103,1.289013,2.688089,768000,768000,1.000000000,1,2026-01-08 20:36:00.000000,2026-01-08 20:36:59.999922,1,BAY01_2369_20260108_202702_000.7z
2026-01-08 20:37:00,9.833278,0.009833278,5.881864,1.185420,2.765995,614468,768000,0.800088542,0,2026-01-08 20:37:00.000000,2026-01-08 20:37:59.999922,2,BAY01_2369_20260108_202702_000.7z;BAY01_2370_20260108_203714_000.7z
2026-01-08 20:38:00,9.840669,0.009840669,5.911687,1.235158,2.693824,768000,768000,1.000000000,1,2026-01-08 20:38:00.000000,2026-01-08 20:38:59.999922,1,BAY01_2370_20260108_203714_000.7z
2026-01-08 20:39:00,9.951034,0.009951034,5.895487,1.279401,2.776146,768000,768000,1.000000000,1,2026-01-08 20:39:00.000000,2026-01-08 20:39:59.999922,1,BAY01_2370_20260108_203714_000.7z
2026-01-08 20:40:00,9.986577,0.009986577,5.936238,1.309115,2.741224,768000,768000,1.000000000,1,2026-01-08 20:40:00.000000,2026-01-08 20:40:59.999922,1,BAY01_2370_20260108_203714_000.7z
2026-01-08 20:41:00,9.913714,0.009913714,5.901167,1.245784,2.766764,768000,768000,1.000000000,1,2026-01-08 20:41:00.000000,2026-01-08 20:41:59.999922,1,BAY01_2370_20260108_203714_000.7z
2026-01-08 20:42:00,9.916476,0.009916476,5.939514,1.231111,2.745851,768000,768000,1.000000000,1,2026-01-08 20:42:00.000000,2026-01-08 20:42:59.999922,1,BAY01_2370_20260108_203714_000.7z
2026-01-08 20:43:00,9.910728,0.009910728,5.904935,1.314247,2.691545,768000,768000,1.000000000,1,2026-01-08 20:43:00.000000,2026-01-08 20:43:59.999922,1,BAY01_2370_20260108_203714_000.7z
2026-01-08 20:44:00,9.965815,0.009965815,6.003581,1.207448,2.754786,768000,768000,1.000000000,1,2026-01-08 20:44:00.000000,2026-01-08 20:44:59.999922,1,BAY01_2370_20260108_203714_000.7z
2026-01-08 20:45:00,9.985014,0.009985014,5.964601,1.287156,2.733257,768000,768000,1.000000000,1,2026-01-08 20:45:00.000000,2026-01-08 20:45:59.999922,1,BAY01_2370_20260108_203714_000.7z
2026-01-08 20:46:00,9.906677,0.009906677,5.958193,1.189774,2.758710,768000,768000,1.000000000,1,2026-01-08 20:46:00.000000,2026-01-08 20:46:59.999922,1,BAY01_2370_20260108_203714_000.7z
2026-01-08 20:47:00,9.846422,0.009846422,5.929557,1.223701,2.693164,678501,768000,0.883464844,0,2026-01-08 20:47:00.000000,2026-01-08 20:47:59.999922,2,BAY01_2370_20260108_203714_000.7z;BAY01_2371_20260108_204721_000.7z
2026-01-08 20:48:00,9.866677,0.009866677,5.938781,1.229914,2.697983,768000,768000,1.000000000,1,2026-01-08 20:48:00.000000,2026-01-08 20:48:59.999922,1,BAY01_2371_20260108_204721_000.7z
2026-01-08 20:49:00,9.911233,0.009911233,5.886442,1.221587,2.803205,768000,768000,1.000000000,1,2026-01-08 20:49:00.000000,2026-01-08 20:49:59.999922,1,BAY01_2371_20260108_204721_000.7z
2026-01-08 20:50:00,9.987222,0.009987222,5.975051,1.321398,2.690773,768000,768000,1.000000000,1,2026-01-08 20:50:00.000000,2026-01-08 20:50:59.999922,1,BAY01_2371_20260108_204721_000.7z
2026-01-08 20:51:00,9.931654,0.009931654,5.975454,1.290916,2.665285,768000,768000,1.000000000,1,2026-01-08 20:51:00.000000,2026-01-08 20:51:59.999922,1,BAY01_2371_20260108_204721_000.7z
2026-01-08 20:52:00,9.911400,0.009911400,5.921078,1.295905,2.694417,768000,768000,1.000000000,1,2026-01-08 20:52:00.000000,2026-01-08 20:52:59.999922,1,BAY01_2371_20260108_204721_000.7z
2026-01-08 20:53:00,9.918311,0.009918311,5.958069,1.283521,2.676720,768000,768000,1.000000000,1,2026-01-08 20:53:00.000000,2026-01-08 20:53:59.999922,1,BAY01_2371_20260108_204721_000.7z
2026-01-08 20:54:00,9.938328,0.009938328,5.873436,1.287354,2.777538,768000,768000,1.000000000,1,2026-01-08 20:54:00.000000,2026-01-08 20:54:59.999922,1,BAY01_2371_20260108_204721_000.7z
2026-01-08 20:55:00,10.021694,0.010021694,6.039964,1.293761,2.687970,768000,768000,1.000000000,1,2026-01-08 20:55:00.000000,2026-01-08 20:55:59.999922,1,BAY01_2371_20260108_204721_000.7z
2026-01-08 20:56:00,9.920680,0.009920680,5.953715,1.223960,2.743004,768000,768000,1.000000000,1,2026-01-08 20:56:00.000000,2026-01-08 20:56:59.999922,1,BAY01_2371_20260108_204721_000.7z
2026-01-08 20:57:00,9.876539,0.009876539,5.930936,1.238313,2.707289,550497,768000,0.716792969,0,2026-01-08 20:57:00.000000,2026-01-08 20:57:59.999922,2,BAY01_2371_20260108_204721_000.7z;BAY01_2372_20260108_205738_000.7z
2026-01-08 20:58:00,9.846577,0.009846577,5.890078,1.199405,2.757094,768000,768000,1.000000000,1,2026-01-08 20:58:00.000000,2026-01-08 20:58:59.999922,1,BAY01_2372_20260108_205738_000.7z
2026-01-08 20:59:00,9.907220,0.009907220,5.920380,1.293577,2.693263,768000,768000,1.000000000,1,2026-01-08 20:59:00.000000,2026-01-08 20:59:59.999922,1,BAY01_2372_20260108_205738_000.7z
2026-01-08 21:00:00,10.003916,0.010003916,5.993644,1.245364,2.764908,768000,768000,1.000000000,1,2026-01-08 21:00:00.000000,2026-01-08 21:00:59.999922,1,BAY01_2372_20260108_205738_000.7z
2026-01-08 21:01:00,9.930198,0.009930198,5.964486,1.294051,2.671661,768000,768000,1.000000000,1,2026-01-08 21:01:00.000000,2026-01-08 21:01:59.999922,1,BAY01_2372_20260108_205738_000.7z
2026-01-08 21:02:00,9.931556,0.009931556,5.915654,1.265490,2.750412,768000,768000,1.000000000,1,2026-01-08 21:02:00.000000,2026-01-08 21:02:59.999922,1,BAY01_2372_20260108_205738_000.7z
2026-01-08 21:03:00,9.921154,0.009921154,5.945818,1.239398,2.735938,768000,768000,1.000000000,1,2026-01-08 21:03:00.000000,2026-01-08 21:03:59.999922,1,BAY01_2372_20260108_205738_000.7z
2026-01-08 21:04:00,9.892611,0.009892611,6.010901,1.183592,2.698118,768000,768000,1.000000000,1,2026-01-08 21:04:00.000000,2026-01-08 21:04:59.999922,1,BAY01_2372_20260108_205738_000.7z
2026-01-08 21:05:00,10.006502,0.010006502,5.982522,1.297055,2.726925,768000,768000,1.000000000,1,2026-01-08 21:05:00.000000,2026-01-08 21:05:59.999922,1,BAY01_2372_20260108_205738_000.7z
2026-01-08 21:06:00,9.894841,0.009894841,5.961919,1.240448,2.692474,768000,768000,1.000000000,1,2026-01-08 21:06:00.000000,2026-01-08 21:06:59.999922,1,BAY01_2372_20260108_205738_000.7z
2026-01-08 21:07:00,9.945385,0.009945385,5.969393,1.264352,2.711640,550420,768000,0.716692708,0,2026-01-08 21:07:00.000000,2026-01-08 21:07:59.999922,2,BAY01_2372_20260108_205738_000.7z;BAY01_2373_20260108_210755_000.7z
2026-01-08 21:08:00,9.837279,0.009837279,5.885444,1.265314,2.686521,768000,768000,1.000000000,1,2026-01-08 21:08:00.000000,2026-01-08 21:08:59.999922,1,BAY01_2373_20260108_210755_000.7z
2026-01-08 21:09:00,9.857385,0.009857385,5.926249,1.265765,2.665371,768000,768000,1.000000000,1,2026-01-08 21:09:00.000000,2026-01-08 21:09:59.999922,1,BAY01_2373_20260108_210755_000.7z
2026-01-08 21:10:00,10.004741,0.010004741,6.001256,1.235549,2.767935,768000,768000,1.000000000,1,2026-01-08 21:10:00.000000,2026-01-08 21:10:59.999922,1,BAY01_2373_20260108_210755_000.7z
2026-01-08 21:11:00,9.936592,0.009936592,5.927530,1.298855,2.710207,768000,768000,1.000000000,1,2026-01-08 21:11:00.000000,2026-01-08 21:11:59.999922,1,BAY01_2373_20260108_210755_000.7z
2026-01-08 21:12:00,9.918886,0.009918886,5.966538,1.188308,2.764041,768000,768000,1.000000000,1,2026-01-08 21:12:00.000000,2026-01-08 21:12:59.999922,1,BAY01_2373_20260108_210755_000.7z
2026-01-08 21:13:00,9.961352,0.009961352,5.995896,1.239885,2.725571,768000,768000,1.000000000,1,2026-01-08 21:13:00.000000,2026-01-08 21:13:59.999922,1,BAY01_2373_20260108_210755_000.7z
2026-01-08 21:14:00,9.903527,0.009903527,5.943404,1.251124,2.708999,768000,768000,1.000000000,1,2026-01-08 21:14:00.000000,2026-01-08 21:14:59.999922,1,BAY01_2373_20260108_210755_000.7z
2026-01-08 21:15:00,10.015635,0.010015635,6.011851,1.256045,2.747739,768000,768000,1.000000000,1,2026-01-08 21:15:00.000000,2026-01-08 21:15:59.999922,1,BAY01_2373_20260108_210755_000.7z
2026-01-08 21:16:00,9.945653,0.009945653,5.984771,1.267968,2.692915,768000,768000,1.000000000,1,2026-01-08 21:16:00.000000,2026-01-08 21:16:59.999922,1,BAY01_2373_20260108_210755_000.7z
2026-01-08 21:17:00,9.955048,0.009955048,5.945474,1.288379,2.721195,704071,768000,0.916759115,0,2026-01-08 21:17:00.000000,2026-01-08 21:17:55.005469,1,BAY01_2373_20260108_210755_000.7z
2026-01-08 21:18:00,9.839232,0.009839232,5.963290,1.231104,2.644838,627200,768000,0.816666667,0,2026-01-08 21:18:11.000000,2026-01-08 21:18:59.999922,1,BAY01_2374_20260108_211811_000.7z
2026-01-08 21:19:00,9.816012,0.009816012,5.895148,1.229137,2.691727,768000,768000,1.000000000,1,2026-01-08 21:19:00.000000,2026-01-08 21:19:59.999922,1,BAY01_2374_20260108_211811_000.7z
2026-01-08 21:20:00,10.030556,0.010030556,6.035052,1.273595,2.721909,768000,768000,1.000000000,1,2026-01-08 21:20:00.000000,2026-01-08 21:20:59.999922,1,BAY01_2374_20260108_211811_000.7z
2026-01-08 21:21:00,9.914458,0.009914458,5.991855,1.250794,2.671809,768000,768000,1.000000000,1,2026-01-08 21:21:00.000000,2026-01-08 21:21:59.999922,1,BAY01_2374_20260108_211811_000.7z
2026-01-08 21:22:00,9.944909,0.009944909,6.016957,1.207108,2.720843,768000,768000,1.000000000,1,2026-01-08 21:22:00.000000,2026-01-08 21:22:59.999922,1,BAY01_2374_20260108_211811_000.7z
2026-01-08 21:23:00,9.953492,0.009953492,5.921099,1.290648,2.741745,768000,768000,1.000000000,1,2026-01-08 21:23:00.000000,2026-01-08 21:23:59.999922,1,BAY01_2374_20260108_211811_000.7z
2026-01-08 21:24:00,9.906809,0.009906809,5.912680,1.292417,2.701713,768000,768000,1.000000000,1,2026-01-08 21:24:00.000000,2026-01-08 21:24:59.999922,1,BAY01_2374_20260108_211811_000.7z
2026-01-08 21:25:00,10.008279,0.010008279,5.979031,1.249369,2.779879,768000,768000,1.000000000,1,2026-01-08 21:25:00.000000,2026-01-08 21:25:59.999922,1,BAY01_2374_20260108_211811_000.7z
2026-01-08 21:26:00,9.913701,0.009913701,5.933955,1.239329,2.740416,768000,768000,1.000000000,1,2026-01-08 21:26:00.000000,2026-01-08 21:26:59.999922,1,BAY01_2374_20260108_211811_000.7z
2026-01-08 21:27:00,9.921710,0.009921710,5.994785,1.192713,2.734212,768000,768000,1.000000000,1,2026-01-08 21:27:00.000000,2026-01-08 21:27:59.999922,1,BAY01_2374_20260108_211811_000.7z
2026-01-08 21:28:00,9.853871,0.009853871,5.952324,1.278680,2.622867,652922,768000,0.850158854,0,2026-01-08 21:28:00.000000,2026-01-08 21:28:59.999922,2,BAY01_2374_20260108_211811_000.7z;BAY01_2375_20260108_212820_000.7z
2026-01-08 21:29:00,9.842530,0.009842530,5.934791,1.246015,2.661724,768000,768000,1.000000000,1,2026-01-08 21:29:00.000000,2026-01-08 21:29:59.999922,1,BAY01_2375_20260108_212820_000.7z
2026-01-08 21:30:00,9.954138,0.009954138,5.934598,1.317667,2.701874,768000,768000,1.000000000,1,2026-01-08 21:30:00.000000,2026-01-08 21:30:59.999922,1,BAY01_2375_20260108_212820_000.7z
2026-01-08 21:31:00,9.911020,0.009911020,5.901582,1.272086,2.737353,768000,768000,1.000000000,1,2026-01-08 21:31:00.000000,2026-01-08 21:31:59.999922,1,BAY01_2375_20260108_212820_000.7z
2026-01-08 21:32:00,9.948560,0.009948560,5.982699,1.203254,2.762608,768000,768000,1.000000000,1,2026-01-08 21:32:00.000000,2026-01-08 21:32:59.999922,1,BAY01_2375_20260108_212820_000.7z
2026-01-08 21:33:00,9.964344,0.009964344,5.900648,1.323916,2.739780,768000,768000,1.000000000,1,2026-01-08 21:33:00.000000,2026-01-08 21:33:59.999922,1,BAY01_2375_20260108_212820_000.7z
2026-01-08 21:34:00,9.918135,0.009918135,6.052529,1.252468,2.613137,768000,768000,1.000000000,1,2026-01-08 21:34:00.000000,2026-01-08 21:34:59.999922,1,BAY01_2375_20260108_212820_000.7z
2026-01-08 21:35:00,10.006025,0.010006025,5.933084,1.266771,2.806170,768000,768000,1.000000000,1,2026-01-08 21:35:00.000000,2026-01-08 21:35:59.999922,1,BAY01_2375_20260108_212820_000.7z
2026-01-08 21:36:00,9.911904,0.009911904,5.971413,1.264814,2.675678,768000,768000,1.000000000,1,2026-01-08 21:36:00.000000,2026-01-08 21:36:59.999922,1,BAY01_2375_20260108_212820_000.7z
2026-01-08 21:37:00,9.926831,0.009926831,5.918827,1.235910,2.772093,768000,768000,1.000000000,1,2026-01-08 21:37:00.000000,2026-01-08 21:37:59.999922,1,BAY01_2375_20260108_212820_000.7z
2026-01-08 21:38:00,9.911027,0.009911027,5.892376,1.282662,2.735989,588883,768000,0.766774740,0,2026-01-08 21:38:00.000000,2026-01-08 21:38:59.999922,2,BAY01_2375_20260108_212820_000.7z;BAY01_2376_20260108_213834_000.7z
2026-01-08 21:39:00,9.829601,0.009829601,5.986625,1.202225,2.640751,768000,768000,1.000000000,1,2026-01-08 21:39:00.000000,2026-01-08 21:39:59.999922,1,BAY01_2376_20260108_213834_000.7z
2026-01-08 21:40:00,9.938113,0.009938113,5.994593,1.267529,2.675992,768000,768000,1.000000000,1,2026-01-08 21:40:00.000000,2026-01-08 21:40:59.999922,1,BAY01_2376_20260108_213834_000.7z
2026-01-08 21:41:00,9.948217,0.009948217,6.034802,1.211783,2.701631,768000,768000,1.000000000,1,2026-01-08 21:41:00.000000,2026-01-08 21:41:59.999922,1,BAY01_2376_20260108_213834_000.7z
2026-01-08 21:42:00,9.927066,0.009927066,5.916348,1.292762,2.717956,768000,768000,1.000000000,1,2026-01-08 21:42:00.000000,2026-01-08 21:42:59.999922,1,BAY01_2376_20260108_213834_000.7z
2026-01-08 21:43:00,9.920507,0.009920507,5.938995,1.245268,2.736244,768000,768000,1.000000000,1,2026-01-08 21:43:00.000000,2026-01-08 21:43:59.999922,1,BAY01_2376_20260108_213834_000.7z
2026-01-08 21:44:00,9.947088,0.009947088,6.002447,1.274226,2.670414,768000,768000,1.000000000,1,2026-01-08 21:44:00.000000,2026-01-08 21:44:59.999922,1,BAY01_2376_20260108_213834_000.7z
2026-01-08 21:45:00,10.019657,0.010019657,6.036291,1.247711,2.735655,768000,768000,1.000000000,1,2026-01-08 21:45:00.000000,2026-01-08 21:45:59.999922,1,BAY01_2376_20260108_213834_000.7z
2026-01-08 21:46:00,9.938874,0.009938874,5.991127,1.277707,2.670041,768000,768000,1.000000000,1,2026-01-08 21:46:00.000000,2026-01-08 21:46:59.999922,1,BAY01_2376_20260108_213834_000.7z
2026-01-08 21:47:00,9.917821,0.009917821,5.933359,1.216421,2.768042,768000,768000,1.000000000,1,2026-01-08 21:47:00.000000,2026-01-08 21:47:59.999922,1,BAY01_2376_20260108_213834_000.7z
2026-01-08 21:48:00,9.876163,0.009876163,6.007203,1.196133,2.672827,665687,768000,0.866779948,0,2026-01-08 21:48:00.000000,2026-01-08 21:48:59.999922,2,BAY01_2376_20260108_213834_000.7z;BAY01_2377_20260108_214842_000.7z
2026-01-08 21:49:00,9.843454,0.009843454,5.931725,1.268207,2.643522,768000,768000,1.000000000,1,2026-01-08 21:49:00.000000,2026-01-08 21:49:59.999922,1,BAY01_2377_20260108_214842_000.7z
2026-01-08 21:50:00,9.959151,0.009959151,5.998923,1.210161,2.750067,768000,768000,1.000000000,1,2026-01-08 21:50:00.000000,2026-01-08 21:50:59.999922,1,BAY01_2377_20260108_214842_000.7z
2026-01-08 21:51:00,9.956259,0.009956259,6.046915,1.249757,2.659588,768000,768000,1.000000000,1,2026-01-08 21:51:00.000000,2026-01-08 21:51:59.999922,1,BAY01_2377_20260108_214842_000.7z
2026-01-08 21:52:00,9.907216,0.009907216,5.994063,1.274162,2.638991,768000,768000,1.000000000,1,2026-01-08 21:52:00.000000,2026-01-08 21:52:59.999922,1,BAY01_2377_20260108_214842_000.7z
2026-01-08 21:53:00,9.904248,0.009904248,6.003295,1.196852,2.704100,768000,768000,1.000000000,1,2026-01-08 21:53:00.000000,2026-01-08 21:53:59.999922,1,BAY01_2377_20260108_214842_000.7z
2026-01-08 21:54:00,9.900827,0.009900827,5.966729,1.260434,2.673665,768000,768000,1.000000000,1,2026-01-08 21:54:00.000000,2026-01-08 21:54:59.999922,1,BAY01_2377_20260108_214842_000.7z
2026-01-08 21:55:00,10.029227,0.010029227,5.976998,1.311793,2.740436,768000,768000,1.000000000,1,2026-01-08 21:55:00.000000,2026-01-08 21:55:59.999922,1,BAY01_2377_20260108_214842_000.7z
2026-01-08 21:56:00,9.965970,0.009965970,6.051650,1.257845,2.656476,768000,768000,1.000000000,1,2026-01-08 21:56:00.000000,2026-01-08 21:56:59.999922,1,BAY01_2377_20260108_214842_000.7z
2026-01-08 21:57:00,9.915037,0.009915037,5.960624,1.209118,2.745295,768000,768000,1.000000000,1,2026-01-08 21:57:00.000000,2026-01-08 21:57:59.999922,1,BAY01_2377_20260108_214842_000.7z
